/*--------------------------------*- C++ -*----------------------------------*\
  =========                 |
  \\      /  F ield         | OpenFOAM: The Open Source CFD Toolbox
   \\    /   O peration     | Website:  https://openfoam.org
    \\  /    A nd           | Version:  11
     \\/     M anipulation  |
\*---------------------------------------------------------------------------*/
FoamFile
{
    format      ascii;
    class       cellSet;
    location    "constant/polyMesh/sets";
    object      heatPipeCells;
}
// * * * * * * * * * * * * * * * * * * * * * * * * * * * * * * * * * * * * * //


123790
(
262147 
262148 
262149 
262150 
262151 
262152 
262153 
262182 
262183 
262184 
262185 
262186 
262187 
262188 
262189 
262190 
262191 
262192 
262193 
262194 
262195 
262210 
262211 
262213 
262215 
262218 
262220 
262222 
524367 
524368 
524369 
524370 
524371 
524372 
524373 
524374 
524375 
524376 
524377 
524378 
524379 
524380 
524395 
524396 
524397 
524398 
524399 
524400 
524401 
524402 
524403 
524404 
524405 
524406 
524407 
524408 
524409 
524410 
524411 
524412 
524413 
524414 
524415 
262280 
262282 
262284 
262286 
262287 
262289 
262290 
262291 
262293 
524437 
524438 
524439 
524440 
524441 
524442 
524443 
262301 
262302 
262303 
262304 
262305 
262306 
262307 
262322 
262323 
262324 
262325 
262326 
262327 
262328 
262329 
262330 
262333 
262334 
262336 
262337 
262340 
262341 
524486 
524487 
524488 
524489 
524490 
524491 
524492 
524493 
262350 
524494 
262351 
524495 
262352 
524496 
262353 
524497 
262354 
524498 
262355 
524499 
262356 
524521 
524522 
524523 
524524 
524525 
524526 
524527 
524528 
262385 
524529 
262386 
524530 
262387 
524531 
262388 
524532 
262389 
524533 
262390 
524534 
262391 
524535 
262392 
524536 
262393 
524537 
262394 
524538 
262395 
524539 
262396 
524540 
262397 
524541 
262398 
524542 
524543 
524544 
524545 
524546 
524547 
524548 
524549 
524550 
524551 
524552 
524553 
524554 
524555 
524556 
524557 
262414 
524558 
262415 
524559 
262416 
524560 
524561 
262418 
524562 
262421 
262423 
262425 
262483 
262485 
262487 
262490 
262492 
262494 
262496 
262504 
262505 
262506 
262507 
262508 
262509 
262510 
262525 
262526 
262527 
262528 
262529 
262530 
262531 
262532 
262533 
262536 
262537 
262539 
262540 
262543 
262544 
262546 
262553 
262554 
262555 
262556 
262557 
262558 
262559 
524724 
524725 
524726 
524727 
524728 
524729 
524730 
524731 
262588 
524732 
262589 
524733 
262590 
524734 
262591 
524735 
262592 
524736 
262593 
524737 
262594 
262595 
262596 
262597 
262598 
262599 
262600 
262601 
524752 
524753 
524754 
524755 
524756 
524757 
524758 
524759 
524760 
262617 
524761 
524762 
262619 
524763 
524764 
262621 
524765 
524766 
524767 
262624 
524768 
524769 
262626 
524770 
524771 
262628 
524772 
524794 
524795 
524796 
524797 
524798 
524799 
524800 
262686 
262690 
262693 
262694 
262695 
262697 
262699 
524843 
524844 
524845 
524846 
524847 
524848 
524849 
524850 
262707 
524851 
262708 
524852 
262709 
524853 
262710 
524854 
262711 
524855 
262712 
524856 
262713 
262728 
262729 
262730 
262731 
262732 
262733 
262734 
524878 
262735 
524879 
262736 
524880 
524881 
524882 
262739 
524883 
262740 
524884 
524885 
262742 
524886 
262743 
524887 
524888 
524889 
262746 
524890 
262747 
524891 
524892 
524893 
524894 
524895 
524896 
524897 
524898 
524899 
262756 
524900 
262757 
524901 
262758 
524902 
262759 
524903 
262760 
524904 
262761 
524905 
262762 
524906 
524907 
524908 
524909 
524910 
524911 
524912 
524913 
524914 
524915 
524916 
524917 
524918 
524919 
262791 
262792 
262793 
262794 
262795 
262796 
262797 
262798 
262799 
262800 
262801 
657 
262802 
658 
262803 
659 
262804 
262820 
262822 
262824 
262827 
262829 
685 
686 
262831 
687 
688 
689 
714 
715 
716 
717 
718 
719 
744 
262889 
745 
746 
747 
748 
262893 
749 
262896 
262898 
262899 
262900 
262902 
262910 
262911 
262912 
262913 
262914 
262915 
262916 
774 
775 
776 
777 
778 
779 
262931 
262932 
262933 
262934 
262935 
262936 
262937 
525081 
262938 
525082 
262939 
525083 
525084 
525085 
262942 
525086 
262943 
525087 
525088 
262945 
525089 
262946 
525090 
803 
525091 
804 
525092 
262949 
805 
525093 
262950 
806 
525094 
807 
808 
809 
262959 
262960 
262961 
262962 
262963 
262964 
262965 
525109 
525110 
525111 
525112 
525113 
525114 
525115 
525116 
525117 
525118 
525119 
525120 
525121 
834 
525122 
835 
525123 
836 
525124 
837 
525125 
838 
525126 
839 
525127 
525128 
525129 
262994 
262995 
262996 
262997 
262998 
262999 
263000 
263001 
263002 
263003 
263004 
263005 
263006 
263007 
525151 
864 
525152 
865 
525153 
866 
525154 
867 
525155 
868 
525156 
869 
525157 
263023 
263025 
263027 
263030 
263032 
263034 
895 
896 
897 
898 
899 
525200 
525201 
525202 
525203 
525204 
525205 
525206 
525207 
525208 
525209 
525210 
525211 
525212 
525213 
926 
927 
928 
929 
525235 
263092 
525236 
525237 
525238 
525239 
263096 
525240 
525241 
525242 
263099 
525243 
525244 
263101 
525245 
525246 
263103 
525247 
525248 
263105 
525249 
525250 
525251 
525252 
525253 
525254 
525255 
525256 
263113 
525257 
263114 
525258 
263115 
525259 
263116 
525260 
263117 
525261 
263118 
525262 
263119 
525263 
525264 
525265 
525266 
525267 
525268 
525269 
525270 
525271 
525272 
525273 
525274 
525275 
525276 
263134 
263135 
263136 
263137 
263138 
263139 
263140 
263141 
263142 
263145 
263146 
263148 
263149 
263152 
263153 
263162 
263163 
263164 
263165 
263166 
263167 
263168 
263197 
263198 
263199 
263200 
263201 
263202 
263203 
263204 
263205 
263206 
263207 
263208 
263209 
263210 
263226 
263228 
263230 
263233 
263235 
263237 
525438 
263295 
525439 
263296 
525440 
525441 
525442 
263299 
525443 
525444 
525445 
263302 
525446 
525447 
263304 
525448 
263305 
525449 
263306 
525450 
525451 
263308 
263316 
263317 
263318 
263319 
263320 
263321 
263322 
525466 
525467 
525468 
525469 
525470 
525471 
525472 
525473 
525474 
525475 
525476 
525477 
525478 
525479 
525480 
263337 
525481 
263338 
525482 
263339 
525483 
263340 
525484 
263341 
1197 
525485 
263342 
1198 
525486 
263343 
263344 
263345 
263348 
263349 
263351 
263352 
263355 
263356 
525508 
263365 
525509 
263366 
525510 
263367 
525511 
263368 
525512 
263369 
1225 
525513 
263370 
1226 
525514 
263371 
1227 
1228 
1229 
1254 
1255 
263400 
1256 
263401 
1257 
263402 
1258 
263403 
1259 
263404 
263405 
263406 
263407 
263408 
263409 
263410 
263411 
263412 
263413 
525557 
525558 
525559 
525560 
525561 
525562 
525563 
525564 
525565 
525566 
525567 
525568 
525569 
525570 
1284 
263429 
1285 
1286 
263431 
1287 
1288 
263433 
1289 
263436 
263438 
263440 
525592 
525593 
525594 
525595 
525596 
525597 
525598 
525599 
525600 
525601 
1314 
525602 
1315 
525603 
1316 
525604 
1317 
525605 
1318 
525606 
1319 
525607 
525608 
525609 
525610 
525611 
525612 
525613 
525614 
525615 
525616 
525617 
525618 
525619 
525620 
525621 
525622 
525623 
525624 
525625 
525626 
525627 
525628 
525629 
525630 
525631 
1344 
525632 
1345 
525633 
1346 
1347 
1348 
1349 
263498 
263502 
263504 
263505 
263507 
263509 
263511 
1374 
263519 
1375 
263520 
1376 
263521 
1377 
263522 
1378 
263523 
1379 
263524 
263525 
263540 
263541 
263542 
263543 
263544 
263545 
263546 
263547 
263548 
1404 
1405 
1406 
263551 
1407 
263552 
1408 
1409 
263554 
263555 
263558 
263559 
263568 
263569 
263570 
263571 
263572 
263573 
263574 
1435 
1436 
1437 
1438 
1439 
263603 
263604 
263605 
263606 
263607 
263608 
263609 
263610 
1466 
263611 
1467 
263612 
1468 
263613 
1469 
263614 
263615 
263616 
263632 
263634 
263636 
263639 
263640 
263641 
263643 
263644 
525795 
525796 
525797 
525798 
525799 
525800 
525801 
525802 
525803 
525804 
525805 
525806 
525807 
525808 
525823 
525824 
525825 
525826 
525827 
525828 
525829 
525830 
525831 
525832 
525833 
525834 
525835 
525836 
525837 
525838 
525839 
525840 
525841 
525842 
525843 
263701 
263705 
263708 
263709 
263710 
263711 
263712 
263713 
263714 
525865 
263722 
525866 
263723 
525867 
263724 
525868 
263725 
525869 
263726 
525870 
263727 
525871 
263728 
263743 
263744 
263745 
263746 
263747 
263748 
263749 
263750 
263751 
263754 
263755 
263757 
263758 
263761 
263762 
525914 
263771 
525915 
263772 
525916 
263773 
525917 
263774 
525918 
263775 
525919 
263776 
525920 
263777 
525921 
525922 
525923 
525924 
525925 
525926 
525927 
525949 
263806 
525950 
263807 
525951 
263808 
525952 
263809 
525953 
263810 
525954 
263811 
525955 
263812 
525956 
263813 
525957 
263814 
525958 
263815 
525959 
263816 
525960 
263817 
525961 
263818 
525962 
263819 
525963 
525964 
525965 
525966 
525967 
525968 
525969 
525970 
525971 
525972 
525973 
525974 
525975 
525976 
525977 
525978 
263835 
525979 
525980 
263837 
525981 
525982 
263839 
525983 
525984 
525985 
263842 
525986 
525987 
263844 
525988 
525989 
263846 
525990 
1737 
1738 
263904 
263908 
1765 
1766 
263911 
1767 
1768 
263913 
1769 
263915 
263917 
263925 
263926 
263927 
263928 
263929 
263930 
263931 
1794 
1795 
1796 
1797 
1798 
1799 
263946 
263947 
263948 
263949 
263950 
263951 
263952 
263953 
263954 
263957 
263958 
263960 
263961 
263964 
263965 
263967 
1824 
1825 
1826 
1827 
1828 
1829 
263974 
263975 
263976 
263977 
263978 
263979 
263980 
1854 
1855 
1856 
1857 
1858 
1859 
526152 
264009 
526153 
264010 
526154 
264011 
526155 
264012 
526156 
264013 
526157 
264014 
526158 
264015 
526159 
264016 
526160 
264017 
526161 
264018 
526162 
264019 
526163 
264020 
526164 
264021 
526165 
264022 
1884 
1885 
1886 
1887 
1888 
1889 
526180 
526181 
264038 
526182 
526183 
264040 
526184 
526185 
264042 
526186 
526187 
526188 
264045 
526189 
264046 
526190 
264047 
526191 
526192 
264049 
526193 
264050 
526194 
526195 
526196 
526197 
526198 
526199 
526200 
1914 
1915 
1916 
1917 
1918 
1919 
526222 
526223 
526224 
526225 
526226 
526227 
526228 
1944 
1945 
1946 
1947 
1948 
1949 
264107 
264111 
264113 
264114 
264116 
264118 
1975 
264120 
1976 
1977 
1978 
1979 
526271 
264128 
526272 
264129 
526273 
264130 
526274 
264131 
526275 
264132 
526276 
264133 
526277 
264134 
526278 
526279 
526280 
526281 
526282 
526283 
526284 
264149 
264150 
2006 
264151 
2007 
264152 
2008 
264153 
2009 
264154 
264155 
264156 
264157 
264160 
264161 
526306 
264163 
526307 
264164 
526308 
526309 
526310 
264167 
526311 
264168 
526312 
526313 
264170 
526314 
526315 
526316 
526317 
264174 
526318 
526319 
526320 
264177 
526321 
264178 
526322 
264179 
526323 
264180 
526324 
264181 
526325 
264182 
526326 
264183 
526327 
526328 
526329 
526330 
526331 
526332 
526333 
526334 
526335 
526336 
526337 
526338 
526339 
526340 
526341 
526342 
526343 
526344 
526345 
526346 
526347 
264212 
264213 
264214 
264215 
264216 
264217 
264218 
264219 
264220 
264221 
264222 
264223 
264224 
264225 
264241 
264243 
264245 
264247 
264248 
264250 
264252 
264253 
264310 
264314 
264317 
264319 
264321 
264323 
264331 
264332 
264333 
264334 
264335 
264336 
264337 
264352 
264353 
264354 
264355 
264356 
264357 
264358 
264359 
264360 
264363 
264364 
526509 
264366 
526510 
264367 
526511 
526512 
264369 
526513 
264370 
526514 
264371 
526515 
526516 
526517 
526518 
526519 
526520 
526521 
526522 
264380 
264381 
264382 
264383 
264384 
264385 
264386 
526537 
526538 
526539 
526540 
526541 
526542 
526543 
526544 
526545 
526546 
526547 
526548 
526549 
526550 
526551 
526552 
526553 
526554 
526555 
526556 
526557 
264415 
264416 
264417 
264418 
264419 
264420 
264421 
2277 
264422 
2278 
264423 
264424 
264425 
264426 
264427 
264428 
526579 
526580 
526581 
526582 
526583 
526584 
526585 
264444 
264446 
264448 
2305 
2306 
264451 
2307 
2308 
264453 
2309 
264455 
2334 
2335 
2336 
2337 
2338 
2339 
526628 
526629 
526630 
526631 
526632 
526633 
526634 
526635 
526636 
526637 
526638 
526639 
526640 
526641 
2364 
2365 
2366 
2367 
2368 
264513 
2369 
264515 
264517 
526663 
264520 
526664 
526665 
264522 
526666 
264523 
526667 
264524 
526668 
264525 
526669 
264526 
526670 
526671 
526672 
526673 
526674 
526675 
526676 
526677 
264534 
526678 
264535 
526679 
264536 
526680 
264537 
526681 
264538 
2394 
526682 
264539 
2395 
526683 
264540 
2396 
526684 
2397 
526685 
2398 
526686 
2399 
526687 
526688 
526689 
526690 
526691 
526692 
526693 
526694 
526695 
526696 
526697 
526698 
264555 
526699 
264556 
526700 
264557 
526701 
264558 
526702 
264559 
526703 
264560 
526704 
264561 
264562 
264563 
264566 
264567 
2424 
264569 
2425 
264570 
2426 
2427 
264572 
2428 
264573 
2429 
264574 
264577 
264583 
264584 
264585 
264586 
264587 
264588 
264589 
2454 
2455 
2456 
2457 
2458 
2459 
264618 
264619 
264620 
264621 
264622 
264623 
264624 
264625 
264626 
264627 
264628 
2484 
264629 
2485 
264630 
2486 
264631 
2487 
2488 
2489 
264647 
264649 
264651 
264654 
264655 
264656 
264658 
2515 
2516 
2517 
2518 
2519 
2546 
2547 
2548 
2549 
264716 
264720 
264722 
526866 
264723 
526867 
526868 
264725 
526869 
526870 
264727 
526871 
526872 
264729 
526873 
526874 
526875 
526876 
526877 
526878 
526879 
264737 
264738 
264739 
264740 
264741 
264742 
264743 
526894 
526895 
526896 
526897 
526898 
526899 
526900 
526901 
264758 
526902 
264759 
526903 
264760 
526904 
264761 
526905 
264762 
526906 
264763 
526907 
264764 
526908 
264765 
526909 
264766 
526910 
526911 
526912 
264769 
526913 
264770 
526914 
264772 
264773 
264776 
264777 
264786 
264787 
264788 
264789 
264790 
264791 
264792 
526936 
526937 
526938 
526939 
526940 
526941 
526942 
264821 
264822 
264823 
264824 
264825 
264826 
264827 
264828 
264829 
264830 
264831 
264832 
264833 
264834 
526985 
526986 
526987 
526988 
526989 
526990 
526991 
526992 
526993 
264850 
526994 
526995 
264852 
526996 
526997 
264854 
526998 
264857 
264859 
264861 
527020 
527021 
527022 
527023 
527024 
527025 
527026 
527027 
527028 
527029 
527030 
527031 
527032 
527033 
527034 
527035 
527036 
527037 
527038 
527039 
527040 
527041 
527042 
527043 
527044 
527045 
527046 
527047 
527048 
527049 
527050 
527051 
527052 
527053 
527054 
527055 
527056 
527057 
527058 
527059 
527060 
527061 
264919 
264921 
264923 
264925 
264926 
264928 
264929 
264930 
264931 
264932 
264940 
264941 
264942 
264943 
264944 
264945 
264946 
264961 
2817 
264962 
2818 
264963 
264964 
264965 
264966 
264967 
264968 
264969 
264972 
264973 
264975 
264976 
264979 
264980 
264989 
2845 
264990 
2846 
264991 
2847 
264992 
2848 
264993 
2849 
264994 
264995 
2874 
2875 
2876 
2877 
2878 
2879 
265024 
265025 
265026 
265027 
265028 
265029 
265030 
265031 
265032 
265033 
265034 
265035 
265036 
265037 
2904 
2905 
2906 
2907 
2908 
265053 
2909 
265055 
265057 
265060 
265061 
265062 
265064 
265065 
2934 
2935 
527223 
2936 
527224 
2937 
527225 
2938 
527226 
2939 
527227 
527228 
527229 
527230 
527231 
527232 
527233 
527234 
527235 
527236 
527251 
2964 
527252 
2965 
527253 
2966 
527254 
2967 
527255 
2968 
527256 
2969 
527257 
527258 
527259 
527260 
527261 
527262 
527263 
527264 
527265 
265122 
527266 
527267 
265124 
527268 
527269 
265126 
527270 
527271 
265129 
265131 
265132 
265133 
265134 
265135 
2994 
2995 
2996 
2997 
2998 
265143 
2999 
265144 
265145 
265146 
265147 
265148 
265149 
527293 
527294 
527295 
527296 
527297 
527298 
527299 
265164 
265165 
265166 
265167 
265168 
3024 
265169 
3025 
265170 
3026 
265171 
3027 
265172 
3028 
3029 
265175 
265176 
265178 
265179 
265182 
265183 
265189 
265192 
265193 
265194 
265195 
265196 
265197 
265198 
527342 
3055 
527343 
3056 
527344 
3057 
527345 
3058 
527346 
3059 
527347 
527348 
527349 
527350 
527351 
527352 
527353 
527354 
527355 
265227 
265228 
265229 
265230 
3086 
265231 
3087 
265232 
3088 
265233 
3089 
527377 
265234 
527378 
265235 
527379 
265236 
527380 
265237 
527381 
265238 
527382 
265239 
527383 
265240 
527384 
527385 
527386 
527387 
527388 
527389 
527390 
527391 
527392 
527393 
527394 
527395 
527396 
527397 
527398 
527399 
265256 
527400 
527401 
265258 
527402 
527403 
265260 
527404 
527405 
527406 
265263 
527407 
265264 
527408 
265265 
527409 
265266 
527410 
265267 
527411 
265268 
527412 
527413 
527414 
527415 
527416 
527417 
527418 
265325 
265329 
265332 
265334 
265336 
265338 
265346 
265347 
265348 
265349 
265350 
265351 
265352 
265367 
265368 
265369 
265370 
265371 
265372 
265373 
265374 
265375 
265378 
265379 
265381 
265382 
265385 
265386 
265395 
265396 
265397 
265398 
265399 
265400 
265401 
265430 
265431 
265432 
265433 
265434 
265435 
265436 
527580 
265437 
527581 
265438 
527582 
265439 
527583 
265440 
527584 
265441 
527585 
265442 
527586 
265443 
527587 
527588 
527589 
527590 
527591 
527592 
527593 
265459 
265461 
265463 
527608 
527609 
265466 
527610 
527611 
265468 
527612 
527613 
265470 
527614 
527615 
527616 
527617 
527618 
527619 
527620 
527621 
527622 
527623 
527624 
527625 
527626 
527627 
527628 
3357 
3358 
527650 
527651 
527652 
527653 
527654 
527655 
527656 
265528 
3385 
3386 
3387 
265532 
3388 
3389 
265535 
265537 
265539 
265541 
265549 
265550 
265551 
265552 
265553 
265554 
265555 
527699 
527700 
527701 
3414 
527702 
3415 
527703 
3416 
527704 
3417 
527705 
3418 
527706 
3419 
527707 
527708 
527709 
527710 
527711 
527712 
265570 
265571 
265572 
265573 
265574 
265575 
265576 
265577 
265578 
265581 
265582 
265584 
265585 
265588 
3444 
265589 
3445 
3446 
527734 
3447 
527735 
3448 
527736 
3449 
527737 
527738 
527739 
527740 
527741 
265598 
527742 
265599 
527743 
265600 
527744 
265601 
527745 
265602 
527746 
265603 
527747 
265604 
527748 
527749 
527750 
527751 
527752 
527753 
527754 
527755 
527756 
527757 
527758 
527759 
527760 
527761 
3474 
527762 
3475 
527763 
3476 
527764 
3477 
527765 
3478 
527766 
3479 
527767 
527768 
527769 
527770 
527771 
527772 
527773 
527774 
527775 
265633 
265634 
265635 
265636 
265637 
265638 
265639 
265640 
265641 
265642 
265643 
265644 
265645 
265646 
3504 
3505 
3506 
3507 
3508 
3509 
265662 
265664 
265666 
265669 
265671 
265673 
3534 
3535 
3536 
3537 
3538 
3539 
3564 
3565 
3566 
3567 
3568 
3569 
265731 
265735 
265738 
3595 
265740 
3596 
265741 
3597 
265742 
3598 
265743 
3599 
265744 
265752 
265753 
265754 
265755 
265756 
265757 
265758 
3626 
3627 
3628 
265773 
3629 
265774 
265775 
265776 
265777 
265778 
265779 
265780 
265781 
265784 
265785 
265787 
265788 
265791 
265792 
527937 
527938 
527939 
527940 
527941 
527942 
527943 
527944 
265801 
527945 
265802 
527946 
265803 
527947 
265804 
527948 
265805 
527949 
265806 
527950 
265807 
527965 
527966 
527967 
527968 
527969 
527970 
527971 
527972 
527973 
527974 
527975 
527976 
527977 
527978 
527979 
265836 
527980 
265837 
527981 
265838 
527982 
265839 
527983 
265840 
527984 
265841 
527985 
265842 
265843 
265844 
265845 
265846 
265847 
265848 
265849 
528007 
528008 
265865 
528009 
528010 
265867 
528011 
528012 
265869 
528013 
265872 
265873 
265874 
265876 
265877 
528056 
528057 
528058 
528059 
528060 
528061 
528062 
528063 
528064 
528065 
528066 
528067 
528068 
528069 
265934 
265938 
265941 
265943 
265945 
265947 
528091 
528092 
528093 
528094 
528095 
528096 
528097 
528098 
265955 
528099 
265956 
528100 
265957 
528101 
265958 
528102 
265959 
528103 
265960 
528104 
265961 
528105 
528106 
528107 
528108 
528109 
528110 
528111 
528112 
528113 
528114 
528115 
528116 
528117 
528118 
528119 
265976 
528120 
265977 
528121 
265978 
528122 
265979 
528123 
265980 
528124 
265981 
528125 
265982 
528126 
265983 
528127 
265984 
528128 
528129 
528130 
265987 
528131 
265988 
528132 
265990 
265991 
265994 
265995 
266004 
266005 
266006 
266007 
266008 
266009 
266010 
266039 
266040 
266041 
3897 
266042 
3898 
266043 
3899 
266044 
266045 
266046 
266047 
266048 
266049 
266050 
266051 
266052 
266068 
3925 
266070 
3926 
3927 
266072 
3928 
3929 
266075 
266077 
266079 
3954 
3955 
3956 
3957 
3958 
3959 
3984 
3985 
3986 
3987 
3988 
3989 
266137 
266139 
266141 
266144 
266146 
266148 
266150 
528294 
528295 
528296 
528297 
528298 
528299 
528300 
528301 
266158 
4014 
528302 
266159 
4015 
528303 
266160 
4016 
528304 
266161 
4017 
528305 
266162 
4018 
528306 
266163 
4019 
528307 
266164 
528322 
266179 
528323 
266180 
528324 
266181 
528325 
266182 
528326 
266183 
528327 
266184 
528328 
266185 
528329 
266186 
528330 
266187 
528331 
4044 
528332 
4045 
528333 
266190 
4046 
528334 
266191 
4047 
528335 
4048 
528336 
266193 
4049 
528337 
266194 
528338 
528339 
266196 
528340 
266197 
528341 
266198 
528342 
266207 
266208 
266209 
266210 
266211 
266212 
266213 
4074 
4075 
4076 
528364 
4077 
528365 
4078 
528366 
4079 
528367 
528368 
528369 
528370 
266242 
266243 
266244 
266245 
266246 
266247 
266248 
4104 
266249 
4105 
266250 
4106 
266251 
4107 
266252 
4108 
266253 
4109 
266254 
266255 
528413 
528414 
266271 
528415 
528416 
266273 
528417 
528418 
266275 
528419 
528420 
266277 
528421 
266278 
528422 
266279 
4135 
528423 
266280 
4136 
528424 
4137 
528425 
266282 
4138 
528426 
266283 
4139 
528448 
528449 
528450 
528451 
528452 
528453 
4166 
528454 
4167 
528455 
4168 
528456 
4169 
528457 
528458 
528459 
528460 
528461 
528462 
528463 
528464 
528465 
528466 
528467 
528468 
528469 
528470 
528471 
528472 
528473 
528474 
528475 
528476 
528477 
528478 
528479 
528480 
528481 
528482 
528483 
266340 
528484 
528485 
266342 
528486 
266343 
528487 
266344 
528488 
528489 
266346 
266347 
266349 
266350 
266351 
266353 
266361 
266362 
266363 
266364 
266365 
266366 
266367 
266382 
266383 
266384 
266385 
266386 
266387 
266388 
266389 
266390 
266393 
266394 
266396 
266397 
266400 
266401 
266410 
266411 
266412 
266413 
266414 
266415 
266416 
266445 
266446 
266447 
266448 
266449 
266450 
266451 
266452 
266453 
266454 
266455 
266456 
266457 
266458 
266474 
266476 
266478 
266481 
266483 
266485 
266486 
528651 
528652 
528653 
528654 
528655 
528656 
528657 
528658 
528659 
528660 
528661 
528662 
528663 
528664 
528679 
528680 
528681 
528682 
528683 
528684 
528685 
528686 
266543 
528687 
528688 
528689 
528690 
266547 
528691 
528692 
266549 
528693 
266550 
528694 
528695 
266552 
528696 
528697 
266554 
528698 
528699 
266556 
266564 
266565 
266566 
266567 
266568 
266569 
266570 
528721 
528722 
528723 
528724 
4437 
528725 
4438 
528726 
4439 
528727 
266585 
266586 
266587 
266588 
266589 
266590 
266591 
266592 
266593 
266596 
266597 
266599 
266600 
266603 
266604 
4465 
4466 
4467 
4468 
266613 
4469 
266614 
266615 
266616 
266617 
266618 
266619 
528770 
528771 
528772 
528773 
528774 
528775 
528776 
528777 
528778 
528779 
528780 
528781 
4494 
528782 
4495 
528783 
4496 
4497 
4498 
4499 
266648 
266649 
266650 
266651 
266652 
266653 
266654 
266655 
266656 
266657 
266658 
266659 
266660 
266661 
528805 
528806 
528807 
528808 
528809 
528810 
528811 
4524 
528812 
4525 
528813 
4526 
528814 
4527 
528815 
4528 
528816 
4529 
528817 
528818 
528819 
528820 
266677 
528821 
528822 
266679 
528823 
266680 
528824 
266681 
528825 
528826 
528827 
266684 
528828 
528829 
266686 
528830 
528831 
266688 
528832 
528833 
528834 
528835 
528836 
528837 
528838 
528839 
528840 
528841 
4554 
528842 
4555 
528843 
4556 
528844 
4557 
528845 
4558 
528846 
4559 
4584 
4585 
4586 
4587 
4588 
4589 
266746 
266750 
266753 
266755 
266756 
266757 
4614 
266759 
4615 
4616 
4617 
4618 
4619 
266767 
266768 
266769 
266770 
266771 
266772 
266773 
266788 
4644 
266789 
4645 
266790 
4646 
266791 
4647 
266792 
4648 
266793 
4649 
266794 
266795 
266796 
266799 
266800 
266802 
266803 
266806 
266807 
266816 
266817 
266818 
266819 
4675 
266820 
4676 
266821 
4677 
266822 
4678 
4679 
4706 
266851 
4707 
266852 
4708 
266853 
4709 
266854 
266855 
266856 
266857 
266858 
266859 
266860 
266861 
266862 
266863 
266864 
529008 
529009 
529010 
529011 
529012 
529013 
529014 
529015 
529016 
529017 
529018 
529019 
529020 
529021 
266880 
266882 
266884 
266887 
266889 
266891 
529036 
529037 
529038 
529039 
529040 
529041 
529042 
529043 
529044 
529045 
529046 
529047 
529048 
529049 
529050 
529051 
529052 
529053 
529054 
529055 
529056 
529078 
529079 
529080 
529081 
529082 
529083 
529084 
266949 
266953 
266956 
266958 
266960 
266962 
266970 
266971 
266972 
266973 
266974 
266975 
266976 
529127 
529128 
529129 
529130 
529131 
529132 
529133 
529134 
266991 
529135 
266992 
529136 
266993 
529137 
266994 
529138 
266995 
529139 
266996 
529140 
266997 
266998 
266999 
267002 
267003 
267005 
267006 
267009 
267010 
529162 
267019 
529163 
267020 
529164 
267021 
529165 
267022 
529166 
267023 
529167 
267024 
529168 
267025 
529169 
529170 
529171 
529172 
529173 
529174 
529175 
529176 
529177 
529178 
529179 
529180 
529181 
529182 
529183 
529184 
529185 
529186 
529187 
529188 
529189 
529190 
529191 
529192 
529193 
529194 
529195 
529196 
529197 
267054 
529198 
267055 
529199 
267056 
529200 
267057 
529201 
267058 
529202 
267059 
529203 
267060 
267061 
267062 
267063 
267064 
267065 
267066 
267067 
267083 
267085 
267087 
267090 
267091 
267092 
267093 
267094 
4977 
4978 
5005 
5006 
5007 
267152 
5008 
5009 
267156 
267159 
267161 
267163 
267165 
267173 
267174 
267175 
267176 
267177 
267178 
5034 
267179 
5035 
5036 
5037 
5038 
5039 
267194 
267195 
267196 
267197 
267198 
267199 
267200 
267201 
267202 
267205 
267206 
267208 
5064 
267209 
5065 
5066 
5067 
267212 
5068 
267213 
5069 
267220 
529365 
267222 
529366 
267223 
529367 
267224 
529368 
267225 
529369 
267226 
529370 
267227 
529371 
267228 
529372 
529373 
529374 
529375 
529376 
529377 
529378 
5094 
5095 
5096 
5097 
5098 
5099 
529393 
529394 
529395 
529396 
529397 
529398 
529399 
529400 
267257 
529401 
267258 
529402 
267259 
529403 
267260 
529404 
267261 
529405 
267262 
529406 
267263 
529407 
267264 
529408 
267265 
529409 
267266 
529410 
267267 
529411 
267268 
5124 
529412 
267269 
5125 
529413 
267270 
5126 
5127 
5128 
5129 
267286 
267288 
267290 
529435 
529436 
267293 
529437 
267294 
529438 
267295 
529439 
529440 
267297 
529441 
5154 
5155 
5156 
5157 
5158 
5159 
5184 
5185 
5186 
5187 
5188 
5189 
529484 
529485 
529486 
529487 
529488 
529489 
529490 
529491 
529492 
529493 
529494 
529495 
529496 
529497 
267355 
267359 
5215 
5216 
5217 
267362 
5218 
5219 
267364 
267366 
267368 
529519 
267376 
529520 
267377 
529521 
267378 
529522 
267379 
529523 
267380 
529524 
267381 
529525 
267382 
529526 
529527 
529528 
529529 
529530 
529531 
529532 
529533 
5246 
529534 
5247 
529535 
5248 
529536 
5249 
529537 
529538 
529539 
529540 
267397 
529541 
267398 
529542 
267399 
529543 
267400 
529544 
267401 
529545 
267402 
529546 
267403 
529547 
267404 
529548 
267405 
529549 
529550 
529551 
267408 
529552 
267409 
529553 
529554 
267411 
529555 
267412 
529556 
529557 
529558 
267415 
529559 
267416 
529560 
267425 
267426 
267427 
267428 
267429 
267430 
267431 
267460 
267461 
267462 
267463 
267464 
267465 
267466 
267467 
267468 
267469 
267470 
267471 
267472 
267473 
267489 
267491 
267493 
267496 
267497 
267498 
267500 
267558 
267562 
267564 
267565 
267567 
267568 
267569 
267571 
529722 
267579 
529723 
267580 
529724 
267581 
529725 
267582 
529726 
267583 
529727 
267584 
529728 
267585 
529729 
529730 
529731 
529732 
529733 
529734 
529735 
267600 
267601 
267602 
267603 
267604 
267605 
267606 
529750 
267607 
529751 
267608 
529752 
529753 
529754 
267611 
529755 
267612 
529756 
529757 
267614 
529758 
267615 
529759 
529760 
267617 
529761 
267618 
529762 
267619 
529763 
529764 
529765 
529766 
529767 
529768 
529769 
529770 
267628 
267629 
267630 
267631 
267632 
267633 
267634 
529792 
529793 
529794 
529795 
529796 
529797 
529798 
5517 
5518 
267663 
267664 
267665 
267666 
267667 
267668 
267669 
267670 
267671 
267672 
267673 
267674 
267675 
267676 
5545 
5546 
5547 
267692 
5548 
5549 
267694 
267696 
529841 
529842 
267699 
529843 
267700 
529844 
267701 
529845 
529846 
267703 
529847 
529848 
529849 
529850 
529851 
529852 
529853 
529854 
5574 
5575 
5576 
5577 
5578 
5579 
529876 
529877 
529878 
529879 
529880 
529881 
529882 
529883 
529884 
529885 
529886 
529887 
529888 
529889 
529890 
529891 
5604 
529892 
5605 
529893 
5606 
529894 
5607 
529895 
5608 
529896 
5609 
529897 
529898 
529899 
529900 
529901 
529902 
529903 
529904 
267761 
529905 
529906 
529907 
529908 
267765 
529909 
529910 
529911 
267768 
529912 
529913 
267770 
529914 
529915 
267772 
529916 
529917 
267774 
5634 
5635 
5636 
5637 
267782 
5638 
267783 
5639 
267784 
267785 
267786 
267787 
267788 
267803 
267804 
267805 
267806 
267807 
267808 
5664 
267809 
5665 
267810 
5666 
267811 
5667 
5668 
5669 
267814 
267815 
267817 
267818 
267820 
267821 
267822 
267825 
267828 
267831 
267832 
267833 
267834 
267835 
267836 
267837 
5694 
5695 
5696 
5697 
5698 
5699 
267866 
267867 
267868 
5724 
267869 
5725 
267870 
5726 
267871 
5727 
267872 
5728 
267873 
5729 
267874 
267875 
267876 
267877 
267878 
267879 
267895 
267897 
267899 
5755 
5756 
5757 
267902 
5758 
5759 
267904 
267906 
5786 
5787 
5788 
5789 
530079 
530080 
530081 
530082 
530083 
530084 
530085 
530086 
530087 
530088 
530089 
530090 
530091 
530092 
530107 
267964 
530108 
530109 
530110 
530111 
267968 
530112 
530113 
530114 
267971 
530115 
530116 
267973 
530117 
530118 
267975 
530119 
530120 
267977 
530121 
530122 
530123 
530124 
530125 
530126 
530127 
267985 
267986 
267987 
267988 
267989 
267990 
267991 
530149 
268006 
530150 
268007 
530151 
268008 
530152 
268009 
530153 
268010 
530154 
268011 
530155 
268012 
268013 
268014 
268017 
268018 
268020 
268021 
268023 
268024 
268025 
268032 
268034 
268035 
268036 
268037 
268038 
268039 
268040 
530198 
530199 
530200 
530201 
530202 
530203 
530204 
530205 
530206 
530207 
530208 
530209 
530210 
530211 
268069 
268070 
268071 
268072 
268073 
268074 
268075 
268076 
268077 
268078 
268079 
268080 
268081 
268082 
530233 
530234 
530235 
530236 
530237 
530238 
530239 
530240 
530241 
268098 
530242 
530243 
268100 
530244 
530245 
268102 
530246 
530247 
530248 
268105 
530249 
268106 
530250 
268107 
530251 
530252 
268109 
530253 
530254 
530255 
530256 
530257 
530258 
530259 
530260 
530261 
530262 
530263 
530264 
530265 
530266 
530267 
530268 
530269 
530270 
530271 
530272 
530273 
530274 
268167 
268171 
268172 
268174 
268176 
268178 
268180 
268188 
268189 
268190 
268191 
268192 
268193 
268194 
6057 
6058 
268209 
268210 
268211 
268212 
268213 
268214 
268215 
268216 
268217 
268220 
268221 
268223 
268224 
268227 
268228 
6085 
6086 
6087 
6088 
6089 
268237 
268238 
268239 
268240 
268241 
268242 
268243 
6114 
6115 
6116 
6117 
6118 
6119 
268272 
268273 
268274 
268275 
268276 
268277 
268278 
268279 
268280 
268281 
268282 
268283 
268284 
268285 
6144 
6145 
6146 
6147 
6148 
530436 
6149 
530437 
530438 
530439 
530440 
530441 
530442 
530443 
530444 
268301 
530445 
530446 
268303 
530447 
530448 
268305 
530449 
268307 
268308 
268309 
268310 
268311 
268312 
268313 
6174 
6175 
6176 
530464 
6177 
530465 
6178 
530466 
6179 
530467 
530468 
530469 
530470 
530471 
530472 
530473 
530474 
530475 
530476 
530477 
530478 
530479 
530480 
530481 
530482 
530483 
530484 
6204 
6205 
6206 
6207 
6208 
6209 
530506 
530507 
530508 
530509 
530510 
530511 
530512 
268370 
268374 
268377 
6234 
268379 
6235 
6236 
268381 
6237 
6238 
268383 
6239 
268391 
268392 
268393 
268394 
268395 
268396 
268397 
6264 
6265 
6266 
6267 
530555 
268412 
6268 
530556 
268413 
6269 
530557 
268414 
530558 
268415 
530559 
268416 
530560 
268417 
530561 
268418 
530562 
268419 
530563 
268420 
530564 
530565 
530566 
268423 
530567 
268424 
530568 
268426 
268427 
268430 
268431 
268433 
268437 
6295 
268440 
6296 
268441 
6297 
268442 
6298 
268443 
6299 
268444 
268445 
268446 
530590 
530591 
530592 
530593 
530594 
530595 
530596 
530597 
530598 
530599 
530600 
530601 
530602 
530603 
530604 
530605 
530606 
530607 
530608 
530609 
530610 
530611 
530612 
530613 
6326 
530614 
6327 
530615 
6328 
530616 
6329 
530617 
530618 
268475 
530619 
268476 
530620 
268477 
530621 
268478 
530622 
268479 
530623 
268480 
530624 
268481 
530625 
268482 
530626 
268483 
530627 
268484 
530628 
268485 
530629 
268486 
530630 
268487 
530631 
268488 
268504 
268506 
268508 
268511 
268513 
268515 
268573 
268575 
268577 
268579 
268580 
268582 
268583 
268584 
268586 
268594 
268595 
268596 
268597 
268598 
268599 
268600 
268615 
268616 
268617 
268618 
268619 
268620 
268621 
268622 
268623 
268626 
268627 
268629 
268630 
268633 
268634 
268643 
268644 
268645 
268646 
268647 
268648 
268649 
530793 
530794 
530795 
530796 
530797 
530798 
530799 
530800 
530801 
530802 
530803 
530804 
530805 
530806 
530821 
268678 
530822 
268679 
530823 
268680 
530824 
268681 
530825 
268682 
530826 
268683 
530827 
268684 
530828 
268685 
530829 
268686 
530830 
268687 
530831 
268688 
530832 
268689 
530833 
268690 
530834 
268691 
530835 
530836 
530837 
530838 
530839 
530840 
530841 
268707 
268709 
268711 
268714 
268716 
268718 
268719 
530863 
530864 
530865 
530866 
530867 
530868 
530869 
6597 
6598 
530912 
6625 
530913 
6626 
530914 
6627 
530915 
6628 
530916 
6629 
530917 
530918 
530919 
268776 
530920 
530921 
530922 
530923 
268780 
530924 
530925 
268783 
268785 
268787 
268789 
268797 
268798 
6654 
268799 
6655 
268800 
6656 
268801 
6657 
268802 
6658 
268803 
6659 
530947 
530948 
530949 
530950 
530951 
530952 
530953 
530954 
530955 
530956 
530957 
530958 
530959 
530960 
530961 
268818 
530962 
268819 
530963 
268820 
530964 
268821 
530965 
268822 
530966 
268823 
530967 
268824 
530968 
268825 
530969 
268826 
530970 
530971 
6684 
530972 
268829 
6685 
530973 
268830 
6686 
530974 
6687 
530975 
268832 
6688 
530976 
268833 
6689 
530977 
530978 
530979 
268836 
530980 
268837 
530981 
530982 
530983 
530984 
530985 
530986 
530987 
530988 
268846 
268847 
268848 
268849 
268850 
268851 
268852 
6714 
6715 
6716 
6717 
6718 
6719 
268881 
268882 
268883 
268884 
268885 
268886 
268887 
268888 
6744 
268889 
6745 
268890 
6746 
268891 
6747 
268892 
6748 
268893 
6749 
268894 
268910 
268912 
268914 
268917 
6774 
268919 
6775 
6776 
268921 
6777 
6778 
6779 
6804 
6805 
6806 
6807 
6808 
6809 
268979 
6835 
6836 
268981 
6837 
6838 
268983 
6839 
268985 
268986 
268988 
268990 
268992 
269000 
269001 
269002 
269003 
269004 
269005 
269006 
531150 
531151 
531152 
531153 
6866 
531154 
6867 
531155 
6868 
531156 
6869 
531157 
531158 
531159 
531160 
531161 
531162 
531163 
269021 
269022 
269023 
269024 
269025 
269026 
269027 
269028 
269029 
269032 
269033 
531178 
269035 
531179 
269036 
531180 
531181 
531182 
269039 
531183 
269040 
531184 
531185 
531186 
531187 
531188 
531189 
269046 
531190 
531191 
531192 
269049 
531193 
269050 
531194 
269051 
531195 
269052 
531196 
269053 
531197 
269054 
531198 
269055 
531220 
531221 
531222 
531223 
531224 
531225 
531226 
269084 
269085 
269086 
269087 
269088 
269089 
269090 
269091 
269092 
269093 
269094 
269095 
269096 
269097 
269113 
269115 
269117 
269120 
269122 
269124 
531269 
531270 
531271 
531272 
531273 
531274 
531275 
531276 
531277 
531278 
531279 
531280 
531281 
531282 
531304 
531305 
531306 
531307 
531308 
531309 
531310 
531311 
531312 
531313 
531314 
531315 
531316 
531317 
531318 
531319 
531320 
531321 
531322 
531323 
531324 
531325 
269182 
531326 
531327 
531328 
531329 
269186 
531330 
531331 
531332 
269189 
531333 
531334 
269191 
531335 
531336 
269193 
531337 
531338 
269195 
531339 
531340 
531341 
531342 
531343 
531344 
531345 
269203 
269204 
269205 
269206 
269207 
269208 
269209 
269224 
269225 
269226 
269227 
269228 
269229 
269230 
269231 
269232 
269235 
269236 
269238 
269239 
269241 
269242 
269243 
269249 
269252 
269253 
269254 
269255 
269256 
269257 
269258 
7137 
7138 
269287 
269288 
269289 
269290 
269291 
269292 
269293 
269294 
269295 
269296 
269297 
269298 
269299 
269300 
7165 
7166 
7167 
7168 
7169 
269316 
269317 
269318 
269320 
269321 
269323 
269325 
269327 
269328 
7194 
7195 
7196 
7197 
7198 
7199 
531507 
531508 
531509 
531510 
531511 
7224 
531512 
7225 
531513 
7226 
531514 
7227 
531515 
7228 
531516 
7229 
531517 
531518 
531519 
531520 
269385 
269386 
269387 
269389 
269391 
531535 
269392 
531536 
531537 
269394 
531538 
269395 
531539 
269396 
531540 
531541 
269398 
7254 
531542 
7255 
531543 
7256 
531544 
7257 
531545 
7258 
531546 
7259 
531547 
531548 
531549 
269406 
531550 
269407 
531551 
269408 
531552 
269409 
531553 
269410 
531554 
269411 
531555 
269412 
269427 
269428 
7284 
269429 
7285 
269430 
7286 
269431 
7287 
269432 
7288 
269433 
7289 
531577 
269434 
531578 
269435 
531579 
531580 
531581 
269438 
531582 
269439 
531583 
269441 
269442 
269445 
269446 
269455 
269456 
269457 
269458 
7314 
269459 
7315 
269460 
7316 
269461 
7317 
7318 
7319 
531626 
531627 
531628 
531629 
531630 
531631 
7344 
531632 
7345 
531633 
269490 
7346 
531634 
269491 
7347 
531635 
269492 
7348 
531636 
269493 
7349 
531637 
269494 
531638 
269495 
531639 
269496 
269497 
269498 
269499 
269500 
269501 
269502 
269503 
531661 
531662 
269519 
7375 
531663 
7376 
531664 
269521 
7377 
531665 
7378 
531666 
269523 
7379 
531667 
531668 
531669 
269526 
531670 
531671 
269528 
531672 
531673 
269530 
531674 
531675 
531676 
531677 
531678 
531679 
531680 
531681 
531682 
531683 
531684 
531685 
531686 
531687 
531688 
531689 
531690 
531691 
531692 
531693 
7406 
531694 
7407 
531695 
7408 
531696 
7409 
531697 
531698 
531699 
531700 
531701 
531702 
269588 
269592 
269595 
269597 
269599 
269601 
269609 
269610 
269611 
269612 
269613 
269614 
269615 
269630 
269631 
269632 
269633 
269634 
269635 
269636 
269637 
269638 
269641 
269642 
269644 
269645 
269648 
269649 
269658 
269659 
269660 
269661 
269662 
269663 
269664 
269693 
269694 
269695 
269696 
269697 
269698 
269699 
269700 
269701 
269702 
269703 
269704 
269705 
269706 
531864 
531865 
269722 
531866 
531867 
269724 
531868 
531869 
269726 
531870 
531871 
269728 
531872 
269729 
531873 
269730 
531874 
269731 
531875 
269732 
531876 
269733 
531877 
269734 
531892 
531893 
531894 
531895 
531896 
531897 
531898 
531899 
531900 
531901 
531902 
531903 
531904 
531905 
531906 
531907 
531908 
531909 
531910 
531911 
531912 
531934 
269791 
531935 
531936 
531937 
531938 
269795 
531939 
531940 
269798 
269800 
269801 
269802 
269804 
269812 
269813 
269814 
269815 
269816 
269817 
269818 
7677 
7678 
7679 
269833 
269834 
269835 
269836 
269837 
269838 
269839 
531983 
269840 
531984 
269841 
531985 
531986 
531987 
269844 
531988 
269845 
531989 
531990 
269847 
531991 
269848 
531992 
7705 
531993 
7706 
531994 
269851 
7707 
531995 
269852 
7708 
531996 
7709 
269861 
269862 
269863 
269864 
269865 
269866 
269867 
532018 
532019 
532020 
532021 
7734 
532022 
7735 
532023 
7736 
532024 
7737 
532025 
7738 
532026 
7739 
532027 
532028 
532029 
532030 
532031 
532032 
532033 
532034 
532035 
532036 
532037 
532038 
532039 
269896 
532040 
269897 
532041 
269898 
532042 
269899 
532043 
269900 
532044 
269901 
532045 
269902 
532046 
269903 
532047 
269904 
532048 
269905 
532049 
269906 
532050 
269907 
532051 
269908 
7764 
532052 
269909 
7765 
532053 
7766 
532054 
7767 
532055 
7768 
532056 
7769 
532057 
532058 
532059 
269925 
269927 
269929 
269930 
269931 
269932 
269933 
269934 
269936 
269937 
7794 
7795 
7796 
7797 
7798 
7799 
7824 
7825 
7826 
7827 
7828 
7829 
269994 
269998 
7854 
7855 
7856 
270001 
7857 
270002 
7858 
270003 
7859 
270005 
270007 
270015 
270016 
270017 
270018 
270019 
270020 
270021 
7884 
7885 
7886 
7887 
7888 
7889 
270036 
270037 
270038 
270039 
270040 
270041 
270042 
270043 
270044 
270047 
270048 
270050 
270051 
270054 
270055 
7915 
7916 
7917 
7918 
7919 
270064 
270065 
270066 
270067 
270068 
270069 
270070 
532221 
532222 
532223 
532224 
532225 
532226 
532227 
532228 
532229 
532230 
532231 
532232 
532233 
7946 
532234 
7947 
7948 
7949 
270099 
270100 
270101 
270102 
270103 
270104 
270105 
532249 
270106 
532250 
270107 
532251 
270108 
532252 
270109 
532253 
270110 
532254 
270111 
532255 
270112 
532256 
532257 
532258 
532259 
532260 
532261 
532262 
532263 
532264 
532265 
532266 
532267 
532268 
532269 
270128 
270130 
270132 
270135 
270136 
270137 
270138 
270139 
270140 
532291 
532292 
532293 
532294 
532295 
532296 
532297 
532340 
270197 
532341 
532342 
270199 
532343 
532344 
270201 
532345 
532346 
532347 
270204 
532348 
532349 
270206 
532350 
532351 
270208 
532352 
532353 
270210 
270218 
270219 
270220 
270221 
270222 
270223 
270224 
532375 
532376 
532377 
532378 
532379 
532380 
532381 
532382 
270239 
532383 
270240 
532384 
270241 
532385 
270242 
532386 
270243 
532387 
270244 
532388 
270245 
532389 
270246 
532390 
270247 
532391 
532392 
532393 
270250 
532394 
270251 
532395 
532396 
270253 
532397 
270254 
532398 
532399 
270256 
532400 
270257 
532401 
270258 
532402 
270259 
532403 
532404 
532405 
532406 
532407 
532408 
532409 
532410 
270267 
532411 
270268 
532412 
270269 
532413 
270270 
532414 
270271 
532415 
270272 
532416 
270273 
270302 
270303 
270304 
270305 
270306 
270307 
270308 
270309 
270310 
270311 
270312 
270313 
270314 
270315 
270331 
270333 
270335 
270338 
270340 
270342 
8217 
8218 
8219 
8245 
8246 
8247 
8248 
8249 
270400 
270404 
270407 
270409 
270410 
270411 
270412 
270413 
8274 
8275 
8276 
270421 
8277 
270422 
8278 
270423 
8279 
270424 
270425 
270426 
270427 
532578 
532579 
532580 
532581 
532582 
532583 
532584 
532585 
270442 
532586 
270443 
532587 
270444 
532588 
270445 
532589 
270446 
532590 
270447 
532591 
270448 
8304 
270449 
8305 
270450 
8306 
8307 
8308 
270453 
8309 
270454 
270456 
270457 
270460 
270461 
532606 
532607 
532608 
532609 
532610 
532611 
532612 
532613 
270470 
532614 
270471 
532615 
270472 
532616 
270473 
532617 
270474 
532618 
270475 
532619 
270476 
532620 
532621 
8334 
532622 
8335 
532623 
8336 
532624 
8337 
532625 
8338 
532626 
8339 
532648 
270505 
532649 
270506 
532650 
270507 
532651 
270508 
8364 
532652 
270509 
8365 
532653 
270510 
8366 
532654 
270511 
8367 
270512 
8368 
270513 
8369 
270514 
270515 
270516 
270517 
270518 
270534 
270536 
270538 
8394 
8395 
8396 
270541 
8397 
8398 
270543 
8399 
270545 
532697 
532698 
532699 
532700 
532701 
532702 
532703 
532704 
532705 
532706 
532707 
532708 
532709 
532710 
8424 
8425 
8426 
8427 
8428 
8429 
532732 
532733 
532734 
532735 
532736 
532737 
532738 
532739 
532740 
532741 
532742 
8455 
532743 
8456 
532744 
8457 
532745 
8458 
532746 
270603 
8459 
532747 
270604 
532748 
532749 
532750 
270607 
532751 
532752 
532753 
270610 
532754 
532755 
270612 
532756 
532757 
270614 
532758 
532759 
270616 
532760 
532761 
532762 
532763 
532764 
532765 
532766 
532767 
270624 
532768 
270625 
532769 
270626 
532770 
270627 
532771 
270628 
532772 
270629 
532773 
270630 
8486 
8487 
8488 
8489 
270645 
270646 
270647 
270648 
270649 
270650 
270651 
270652 
270653 
270656 
270657 
270659 
270660 
270663 
270664 
270666 
270673 
270674 
270675 
270676 
270677 
270678 
270679 
270708 
270709 
270710 
270711 
270712 
270713 
270714 
270715 
270716 
270717 
270718 
270719 
270720 
270721 
270737 
270739 
270741 
270744 
270746 
270748 
532935 
532936 
532937 
532938 
532939 
532940 
532941 
532942 
532943 
532944 
532945 
532946 
532947 
532948 
270806 
270810 
270812 
270813 
270815 
270817 
270819 
532963 
532964 
532965 
532966 
532967 
532968 
532969 
532970 
270827 
532971 
270828 
532972 
270829 
532973 
270830 
532974 
270831 
532975 
270832 
532976 
270833 
532977 
532978 
532979 
532980 
532981 
532982 
532983 
270848 
270849 
270850 
270851 
270852 
270853 
270854 
270855 
270856 
270859 
270860 
533005 
270862 
533006 
270863 
533007 
533008 
270865 
533009 
270866 
533010 
270867 
533011 
270876 
270877 
270878 
270879 
270880 
270881 
270882 
8757 
8758 
533054 
270911 
533055 
270912 
533056 
270913 
533057 
270914 
533058 
270915 
533059 
270916 
533060 
270917 
533061 
270918 
533062 
270919 
533063 
270920 
533064 
270921 
533065 
270922 
533066 
270923 
533067 
270924 
8785 
8786 
8787 
8788 
8789 
270940 
270942 
270944 
533089 
533090 
270947 
533091 
533092 
270949 
533093 
533094 
270951 
533095 
270952 
533096 
533097 
533098 
533099 
533100 
533101 
8814 
533102 
8815 
533103 
8816 
533104 
8817 
533105 
8818 
533106 
8819 
533107 
533108 
533109 
533110 
533111 
533112 
533113 
533114 
533115 
533116 
533117 
533118 
533119 
533120 
533121 
533122 
533123 
533124 
533125 
533126 
533127 
533128 
533129 
533130 
8844 
8845 
8846 
8847 
8848 
8849 
271009 
271011 
271013 
271016 
271018 
8874 
8875 
271020 
8876 
8877 
271022 
8878 
8879 
271030 
271031 
271032 
271033 
271034 
271035 
271036 
8904 
8905 
8906 
271051 
8907 
271052 
8908 
271053 
8909 
271054 
271055 
271056 
271057 
271058 
271059 
271062 
271063 
271065 
271066 
271069 
271070 
8934 
271079 
8935 
271080 
8936 
271081 
8937 
271082 
8938 
271083 
8939 
271084 
271085 
8964 
8965 
8966 
8967 
8968 
8969 
271114 
271115 
271116 
271117 
271118 
271119 
271120 
271121 
271122 
271123 
271124 
271125 
271126 
271127 
8995 
8996 
8997 
8998 
271143 
8999 
271145 
271147 
533292 
533293 
271150 
533294 
533295 
271152 
533296 
533297 
271154 
533298 
533299 
533300 
533301 
533302 
533303 
533304 
533305 
9026 
9027 
9028 
9029 
533320 
533321 
533322 
533323 
533324 
533325 
533326 
533327 
533328 
533329 
533330 
533331 
533332 
533333 
533334 
533335 
533336 
533337 
533338 
533339 
533340 
271212 
271213 
271216 
271218 
533362 
271219 
533363 
533364 
271221 
533365 
533366 
271223 
533367 
533368 
271225 
271233 
271234 
271235 
271236 
271237 
271238 
271239 
271254 
271255 
271256 
271257 
271258 
271259 
271260 
271261 
271262 
271265 
271266 
533411 
271268 
533412 
271269 
533413 
533414 
533415 
271272 
533416 
271273 
533417 
533418 
533419 
533420 
533421 
533422 
533423 
533424 
271282 
271283 
271284 
271285 
271286 
271287 
271288 
533446 
533447 
533448 
533449 
533450 
533451 
533452 
533453 
533454 
533455 
533456 
533457 
533458 
533459 
533460 
271317 
533461 
271318 
533462 
271319 
533463 
271320 
533464 
271321 
533465 
271322 
533466 
271323 
533467 
271324 
533468 
271325 
533469 
271326 
533470 
271327 
533471 
271328 
533472 
271329 
533473 
271330 
533474 
533475 
533476 
533477 
533478 
533479 
533480 
533481 
533482 
533483 
533484 
533485 
533486 
533487 
271346 
271348 
271350 
271353 
271354 
271355 
271357 
271415 
271417 
271419 
271421 
271422 
271424 
271426 
271428 
271436 
271437 
271438 
271439 
271440 
271441 
9297 
271442 
9298 
9299 
271457 
271458 
271459 
271460 
271461 
271462 
271463 
271464 
271465 
271468 
271469 
9325 
9326 
271471 
9327 
271472 
9328 
9329 
271475 
271476 
271485 
271486 
271487 
271488 
271489 
271490 
271491 
9354 
9355 
9356 
9357 
9358 
9359 
533649 
533650 
533651 
533652 
533653 
533654 
533655 
533656 
533657 
533658 
533659 
533660 
533661 
533662 
271520 
271521 
271522 
271523 
271524 
271525 
271526 
271527 
271528 
9384 
271529 
9385 
271530 
9386 
271531 
9387 
271532 
9388 
271533 
9389 
533677 
533678 
533679 
533680 
533681 
533682 
533683 
533684 
533685 
533686 
533687 
533688 
533689 
533690 
533691 
533692 
271549 
533693 
533694 
271551 
533695 
533696 
271553 
533697 
271556 
271558 
9414 
9415 
271560 
9416 
9417 
9418 
9419 
533719 
533720 
533721 
533722 
533723 
533724 
533725 
9444 
9445 
9446 
9447 
9448 
9449 
271618 
9474 
9475 
271620 
9476 
9477 
271622 
9478 
9479 
271624 
533768 
271625 
533769 
533770 
271627 
533771 
271628 
533772 
271629 
533773 
271630 
533774 
271631 
533775 
533776 
533777 
533778 
533779 
533780 
533781 
271639 
271640 
271641 
271642 
271643 
271644 
271645 
9504 
9505 
9506 
9507 
9508 
9509 
533803 
271660 
533804 
271661 
533805 
271662 
533806 
271663 
533807 
271664 
533808 
271665 
533809 
271666 
533810 
271667 
533811 
271668 
533812 
533813 
533814 
271671 
533815 
271672 
533816 
533817 
271674 
533818 
271675 
533819 
533820 
533821 
271678 
533822 
271679 
9535 
533823 
9536 
533824 
9537 
533825 
9538 
533826 
9539 
533827 
533828 
533829 
533830 
533831 
271688 
533832 
271689 
533833 
271690 
533834 
271691 
533835 
271692 
533836 
271693 
533837 
271694 
533838 
533839 
533840 
533841 
533842 
533843 
533844 
9566 
9567 
9568 
9569 
271723 
271724 
271725 
271726 
271727 
271728 
271729 
271730 
271731 
271732 
271733 
271734 
271735 
271736 
271752 
271754 
271756 
271759 
271760 
271761 
271763 
271764 
271821 
271823 
271825 
271827 
271828 
271830 
271832 
271834 
271842 
271843 
271844 
271845 
271846 
271847 
271848 
534006 
271863 
534007 
271864 
534008 
271865 
534009 
271866 
534010 
271867 
534011 
271868 
534012 
271869 
534013 
271870 
534014 
271871 
534015 
534016 
534017 
271874 
534018 
271875 
534019 
271877 
271878 
271880 
271881 
271882 
534034 
271891 
534035 
271892 
534036 
271893 
534037 
271894 
534038 
271895 
534039 
271896 
534040 
271897 
534041 
534042 
534043 
534044 
534045 
534046 
534047 
534048 
534049 
534050 
534051 
534052 
534053 
534054 
271926 
271927 
271928 
271929 
271930 
271931 
271932 
534076 
271933 
534077 
271934 
534078 
271935 
534079 
271936 
534080 
271937 
534081 
271938 
534082 
271939 
271955 
271957 
271959 
271962 
271963 
271964 
271965 
271966 
9837 
534125 
9838 
534126 
9839 
534127 
534128 
534129 
534130 
534131 
534132 
534133 
534134 
534135 
534136 
534137 
534138 
9865 
9866 
9867 
9868 
9869 
534160 
534161 
534162 
534163 
534164 
534165 
534166 
534167 
272024 
534168 
534169 
534170 
534171 
272028 
534172 
534173 
534174 
272031 
534175 
534176 
272033 
534177 
272034 
534178 
272035 
534179 
534180 
272037 
534181 
9894 
534182 
9895 
534183 
9896 
534184 
9897 
534185 
9898 
534186 
9899 
534187 
534188 
272045 
534189 
272046 
534190 
272047 
534191 
272048 
534192 
272049 
534193 
272050 
534194 
272051 
534195 
534196 
534197 
534198 
534199 
534200 
534201 
272066 
272067 
272068 
9924 
272069 
9925 
272070 
9926 
272071 
9927 
272072 
9928 
272073 
9929 
272074 
272077 
272078 
272080 
272081 
272084 
272085 
272094 
272095 
272096 
272097 
272098 
9954 
272099 
9955 
272100 
9956 
9957 
9958 
9959 
9984 
272129 
9985 
272130 
9986 
272131 
9987 
272132 
9988 
272133 
9989 
272134 
272135 
272136 
272137 
272138 
272139 
272140 
272141 
272142 
272158 
10014 
10015 
272160 
10016 
10017 
272162 
10018 
10019 
272165 
272166 
272167 
272169 
272170 
10044 
10045 
10046 
10047 
10048 
10049 
10075 
534363 
10076 
534364 
10077 
534365 
10078 
534366 
10079 
534367 
534368 
534369 
534370 
272227 
534371 
534372 
534373 
534374 
272231 
534375 
534376 
272234 
272236 
272238 
272240 
534391 
272248 
534392 
272249 
534393 
272250 
10106 
534394 
272251 
10107 
534395 
272252 
10108 
534396 
272253 
10109 
534397 
272254 
534398 
534399 
534400 
534401 
534402 
534403 
534404 
534405 
534406 
534407 
534408 
534409 
534410 
534411 
272269 
272270 
272271 
272272 
272273 
272274 
272275 
272276 
272277 
272280 
272281 
272283 
272284 
272287 
272288 
534433 
534434 
534435 
534436 
534437 
534438 
534439 
272297 
272298 
272299 
272300 
272301 
272302 
272303 
272332 
272333 
272334 
272335 
272336 
272337 
272338 
534482 
272339 
534483 
272340 
534484 
272341 
534485 
272342 
534486 
272343 
534487 
272344 
534488 
272345 
534489 
534490 
534491 
534492 
534493 
534494 
534495 
272361 
272363 
272365 
272368 
272370 
272372 
534517 
534518 
534519 
534520 
534521 
534522 
534523 
534524 
534525 
534526 
534527 
534528 
534529 
534530 
534531 
534532 
534533 
534534 
534535 
534536 
534537 
534538 
534539 
534540 
534541 
534542 
534543 
534544 
534545 
534546 
534547 
534548 
534549 
534550 
534551 
534552 
534553 
534554 
534555 
534556 
534557 
534558 
272430 
272434 
272437 
272439 
272441 
272443 
272451 
272452 
272453 
272454 
272455 
272456 
272457 
272472 
272473 
272474 
272475 
272476 
272477 
272478 
272479 
272480 
272483 
272484 
272486 
272487 
272489 
272490 
272491 
272500 
272501 
272502 
272503 
272504 
272505 
272506 
10377 
10378 
272535 
272536 
272537 
272538 
272539 
272540 
272541 
272542 
272543 
272544 
272545 
272546 
272547 
272548 
10405 
10406 
10407 
10408 
10409 
272564 
272566 
272568 
272571 
272573 
272575 
534720 
534721 
10434 
534722 
10435 
534723 
10436 
534724 
10437 
534725 
10438 
534726 
10439 
534727 
534728 
534729 
534730 
534731 
534732 
534733 
534748 
534749 
534750 
534751 
10464 
534752 
10465 
534753 
10466 
534754 
10467 
534755 
10468 
534756 
10469 
534757 
534758 
534759 
534760 
534761 
534762 
534763 
534764 
534765 
534766 
534767 
534768 
272633 
272634 
272637 
272638 
10494 
10495 
272640 
10496 
10497 
272642 
10498 
272643 
10499 
272644 
272645 
272646 
534790 
534791 
534792 
534793 
534794 
534795 
534796 
272654 
272655 
272656 
272657 
272658 
272659 
272660 
10524 
10525 
10526 
10527 
10528 
10529 
272675 
272676 
272677 
272678 
272679 
272680 
272681 
272682 
272683 
272686 
272687 
272689 
272690 
272693 
272694 
534839 
534840 
534841 
10554 
534842 
10555 
534843 
10556 
534844 
10557 
534845 
10558 
534846 
272703 
10559 
534847 
272704 
534848 
272705 
534849 
272706 
534850 
272707 
534851 
272708 
534852 
272709 
10584 
10585 
10586 
534874 
10587 
534875 
10588 
534876 
10589 
534877 
534878 
534879 
534880 
534881 
272738 
534882 
272739 
534883 
272740 
534884 
272741 
534885 
272742 
534886 
272743 
534887 
272744 
534888 
272745 
534889 
272746 
534890 
272747 
534891 
272748 
534892 
272749 
534893 
272750 
534894 
272751 
534895 
534896 
534897 
534898 
534899 
534900 
534901 
534902 
10615 
534903 
10616 
534904 
10617 
534905 
10618 
534906 
10619 
534907 
534908 
534909 
534910 
272767 
534911 
534912 
272769 
534913 
534914 
272771 
534915 
272773 
272774 
272775 
272776 
272777 
272778 
272779 
10646 
10647 
10648 
10649 
272836 
272840 
272843 
272845 
272847 
272849 
272857 
272858 
272859 
272860 
272861 
272862 
272863 
272878 
272879 
272880 
272881 
272882 
272883 
272884 
272885 
272886 
272889 
272890 
272892 
272893 
272896 
272897 
272906 
272907 
272908 
272909 
272910 
272911 
272912 
535077 
535078 
535079 
535080 
535081 
535082 
535083 
535084 
272941 
535085 
272942 
535086 
272943 
535087 
272944 
535088 
272945 
535089 
272946 
535090 
272947 
272948 
272949 
272950 
272951 
272952 
272953 
272954 
535105 
535106 
535107 
535108 
535109 
535110 
535111 
535112 
535113 
272970 
535114 
535115 
272972 
535116 
535117 
272974 
535118 
535119 
535120 
272977 
535121 
535122 
272979 
535123 
535124 
272981 
535125 
535147 
535148 
535149 
535150 
535151 
535152 
535153 
273039 
273043 
273046 
273048 
273050 
273052 
535196 
535197 
535198 
535199 
535200 
535201 
535202 
535203 
273060 
535204 
273061 
10917 
535205 
273062 
10918 
535206 
273063 
10919 
535207 
273064 
535208 
273065 
535209 
273066 
273081 
273082 
273083 
273084 
273085 
273086 
273087 
535231 
273088 
535232 
273089 
10945 
535233 
10946 
535234 
10947 
535235 
273092 
10948 
535236 
273093 
10949 
535237 
535238 
273095 
535239 
273096 
535240 
535241 
535242 
273099 
535243 
273100 
535244 
535245 
535246 
535247 
535248 
535249 
535250 
535251 
535252 
273109 
535253 
273110 
535254 
273111 
535255 
273112 
535256 
273113 
535257 
273114 
535258 
273115 
535259 
535260 
535261 
10974 
535262 
10975 
535263 
10976 
535264 
10977 
535265 
10978 
535266 
10979 
535267 
535268 
535269 
535270 
535271 
535272 
273144 
273145 
273146 
273147 
273148 
11004 
273149 
11005 
273150 
11006 
273151 
11007 
273152 
11008 
273153 
11009 
273154 
273155 
273156 
273157 
273173 
273175 
273177 
11034 
11035 
273180 
11036 
11037 
273182 
11038 
11039 
273184 
11064 
11065 
11066 
11067 
11068 
11069 
11094 
11095 
11096 
11097 
273242 
11098 
11099 
273246 
273248 
273249 
273251 
273253 
273255 
273263 
273264 
273265 
273266 
273267 
273268 
11124 
273269 
11125 
11126 
11127 
11128 
11129 
273284 
273285 
273286 
273287 
273288 
273289 
273290 
535434 
273291 
535435 
273292 
535436 
535437 
535438 
273295 
535439 
273296 
535440 
535441 
273298 
535442 
273299 
11155 
535443 
11156 
535444 
11157 
535445 
273302 
11158 
535446 
273303 
11159 
535447 
273312 
273313 
273314 
273315 
273316 
273317 
273318 
535462 
535463 
535464 
535465 
535466 
535467 
535468 
535469 
535470 
535471 
535472 
535473 
11186 
535474 
11187 
535475 
11188 
535476 
11189 
535477 
535478 
535479 
535480 
535481 
535482 
273347 
273348 
273349 
273350 
273351 
273352 
273353 
273354 
273355 
273356 
273357 
273358 
273359 
273360 
535504 
535505 
535506 
535507 
535508 
535509 
535510 
273376 
273377 
273378 
273379 
273380 
273381 
273383 
273385 
273387 
535553 
535554 
535555 
535556 
535557 
535558 
535559 
535560 
535561 
535562 
535563 
535564 
535565 
535566 
535588 
273445 
535589 
535590 
535591 
535592 
273449 
535593 
535594 
535595 
273452 
535596 
535597 
273454 
535598 
535599 
273456 
535600 
535601 
273458 
535602 
535603 
535604 
535605 
535606 
535607 
535608 
535609 
273466 
535610 
273467 
535611 
273468 
535612 
273469 
535613 
273470 
535614 
273471 
535615 
273472 
535616 
535617 
535618 
535619 
535620 
535621 
535622 
535623 
535624 
535625 
535626 
535627 
535628 
535629 
273487 
273488 
273489 
273490 
273491 
273492 
273493 
273494 
273495 
273498 
273499 
273501 
273502 
273505 
273506 
273513 
273515 
273516 
273517 
273518 
273519 
273520 
273521 
273550 
273551 
273552 
273553 
273554 
273555 
273556 
273557 
273558 
273559 
273560 
273561 
273562 
273563 
273579 
273581 
273583 
273586 
273588 
273590 
11457 
11458 
11485 
11486 
11487 
11488 
11489 
535791 
273648 
535792 
535793 
273650 
535794 
535795 
273652 
535796 
535797 
535798 
273655 
535799 
535800 
273657 
535801 
11514 
535802 
273659 
11515 
535803 
11516 
535804 
273661 
11517 
11518 
11519 
273669 
273670 
273671 
273672 
273673 
273674 
273675 
535819 
535820 
535821 
535822 
535823 
535824 
535825 
535826 
535827 
535828 
535829 
535830 
535831 
11544 
535832 
11545 
535833 
273690 
11546 
535834 
273691 
11547 
535835 
273692 
11548 
535836 
273693 
11549 
535837 
273694 
535838 
273695 
535839 
273696 
273697 
273698 
273701 
273702 
273704 
273705 
273708 
273709 
535861 
273718 
11574 
535862 
273719 
11575 
535863 
273720 
11576 
535864 
273721 
11577 
535865 
273722 
11578 
535866 
273723 
11579 
535867 
273724 
11604 
11605 
11606 
11607 
11608 
273753 
11609 
273754 
273755 
273756 
273757 
273758 
273759 
273760 
273761 
273762 
273763 
273764 
273765 
273766 
535910 
535911 
535912 
535913 
535914 
535915 
535916 
535917 
535918 
535919 
535920 
535921 
11634 
535922 
11635 
535923 
11636 
11637 
273782 
11638 
11639 
273784 
273786 
273789 
273791 
273793 
535945 
535946 
535947 
535948 
535949 
535950 
535951 
11664 
535952 
11665 
535953 
11666 
535954 
11667 
535955 
11668 
535956 
11669 
535957 
535958 
535959 
535960 
535961 
535962 
535963 
535964 
535965 
535966 
535967 
535968 
535969 
535970 
535971 
535972 
535973 
535974 
535975 
535976 
535977 
535978 
535979 
535980 
535981 
535982 
11695 
535983 
11696 
535984 
11697 
535985 
11698 
535986 
11699 
273851 
273855 
273857 
273858 
273860 
273862 
273864 
11726 
11727 
273872 
11728 
273873 
11729 
273874 
273875 
273876 
273877 
273878 
273893 
273894 
273895 
273896 
273897 
273898 
273899 
273900 
273901 
273904 
273905 
273907 
273908 
273911 
273912 
273913 
273921 
273922 
273923 
273924 
273925 
273926 
273927 
273956 
273957 
273958 
273959 
273960 
273961 
273962 
273963 
273964 
273965 
273966 
273967 
273968 
273969 
273985 
273987 
273989 
273992 
273994 
273996 
536148 
536149 
536150 
536151 
536152 
536153 
536154 
536155 
536156 
536157 
536158 
536159 
536160 
536161 
536176 
536177 
536178 
536179 
536180 
536181 
536182 
536183 
536184 
536185 
536186 
536187 
536188 
536189 
536190 
536191 
536192 
536193 
536194 
536195 
536196 
274054 
274058 
274060 
274061 
274062 
274063 
274064 
274065 
274067 
536218 
274075 
536219 
274076 
536220 
274077 
536221 
274078 
536222 
274079 
536223 
274080 
536224 
274081 
274096 
274097 
274098 
274099 
274100 
274101 
274102 
274103 
274104 
274107 
274108 
274110 
274111 
274114 
274115 
274118 
274122 
536267 
274124 
536268 
274125 
536269 
274126 
536270 
274127 
536271 
274128 
536272 
274129 
536273 
274130 
536274 
536275 
536276 
536277 
536278 
536279 
536280 
11997 
11998 
11999 
536302 
274159 
536303 
274160 
536304 
274161 
536305 
274162 
536306 
274163 
536307 
274164 
536308 
274165 
536309 
274166 
536310 
274167 
536311 
274168 
536312 
274169 
12025 
536313 
274170 
12026 
536314 
274171 
12027 
536315 
274172 
12028 
536316 
12029 
536317 
536318 
536319 
536320 
536321 
536322 
536323 
536324 
536325 
536326 
536327 
536328 
536329 
536330 
536331 
274188 
536332 
536333 
274190 
536334 
536335 
274192 
536336 
536337 
536338 
274195 
536339 
274196 
536340 
274197 
536341 
12054 
536342 
274199 
12055 
536343 
12056 
12057 
12058 
12059 
12084 
12085 
12086 
12087 
12088 
12089 
274257 
12114 
12115 
12116 
274261 
12117 
12118 
12119 
274264 
274265 
274266 
274268 
274270 
274278 
274279 
274280 
274281 
274282 
274283 
274284 
12144 
12145 
12146 
12147 
12148 
12149 
274299 
274300 
274301 
274302 
274303 
274304 
274305 
274306 
274307 
274310 
274311 
274313 
274314 
274317 
274318 
12174 
12175 
12176 
274321 
12177 
12178 
12179 
274327 
274328 
274329 
274330 
274331 
274332 
274333 
12204 
12205 
12206 
12207 
12208 
12209 
536505 
274362 
536506 
274363 
536507 
274364 
536508 
274365 
536509 
274366 
536510 
274367 
536511 
274368 
536512 
274369 
536513 
274370 
536514 
274371 
536515 
274372 
536516 
274373 
536517 
274374 
536518 
274375 
12235 
12236 
12237 
12238 
12239 
536533 
536534 
274391 
536535 
536536 
274393 
536537 
536538 
274395 
536539 
536540 
274397 
536541 
274398 
536542 
536543 
274400 
536544 
536545 
274402 
536546 
274403 
536547 
536548 
536549 
536550 
536551 
536552 
536553 
12266 
12267 
12268 
12269 
536575 
536576 
536577 
536578 
536579 
536580 
536581 
274460 
274464 
274467 
274469 
274470 
274471 
274473 
536624 
274481 
536625 
274482 
536626 
274483 
536627 
274484 
536628 
274485 
536629 
274486 
536630 
274487 
536631 
536632 
536633 
536634 
536635 
536636 
536637 
274502 
274503 
274504 
274505 
274506 
274507 
274508 
274509 
274510 
274513 
274514 
536659 
274516 
536660 
274517 
536661 
536662 
536663 
274520 
536664 
274521 
536665 
536666 
536667 
536668 
536669 
536670 
536671 
536672 
536673 
274530 
536674 
274531 
536675 
274532 
536676 
274533 
536677 
274534 
536678 
274535 
536679 
274536 
536680 
536681 
536682 
536683 
536684 
536685 
536686 
536687 
536688 
536689 
536690 
536691 
536692 
536693 
536694 
536695 
536696 
536697 
536698 
536699 
536700 
274565 
274566 
274567 
274568 
274569 
274570 
274571 
274572 
274573 
274574 
274575 
274576 
274577 
274578 
274594 
274596 
274598 
274601 
274603 
274605 
274606 
274663 
274667 
274669 
274670 
274672 
274674 
274676 
12537 
12538 
274684 
274685 
274686 
274687 
274688 
274689 
274690 
274705 
274706 
274707 
274708 
274709 
12565 
274710 
12566 
274711 
12567 
274712 
12568 
274713 
12569 
274716 
274717 
536862 
274719 
536863 
274720 
536864 
536865 
536866 
274723 
536867 
274724 
536868 
536869 
536870 
536871 
536872 
536873 
536874 
536875 
274733 
274734 
274735 
274736 
274737 
274738 
12594 
274739 
12595 
12596 
12597 
12598 
12599 
536890 
536891 
536892 
536893 
536894 
536895 
536896 
536897 
536898 
536899 
536900 
536901 
536902 
536903 
536904 
536905 
536906 
536907 
536908 
536909 
536910 
274768 
12624 
274769 
12625 
274770 
12626 
274771 
12627 
274772 
12628 
274773 
12629 
274774 
274775 
274776 
274777 
274778 
274779 
274780 
274781 
536932 
536933 
536934 
536935 
536936 
536937 
536938 
274797 
12654 
274799 
12655 
12656 
274801 
12657 
12658 
12659 
274804 
274806 
274808 
12684 
12685 
12686 
12687 
12688 
12689 
536981 
536982 
536983 
536984 
536985 
536986 
536987 
536988 
536989 
536990 
536991 
536992 
536993 
536994 
12714 
12715 
12716 
12717 
12718 
12719 
274866 
274870 
537016 
274873 
537017 
537018 
274875 
537019 
537020 
274877 
537021 
537022 
274879 
537023 
537024 
537025 
537026 
537027 
537028 
537029 
537030 
274887 
537031 
274888 
12744 
537032 
274889 
12745 
537033 
274890 
12746 
537034 
274891 
12747 
537035 
274892 
12748 
537036 
274893 
12749 
537037 
537038 
537039 
537040 
537041 
537042 
537043 
537044 
537045 
537046 
537047 
537048 
537049 
537050 
537051 
274908 
537052 
274909 
537053 
274910 
537054 
274911 
537055 
274912 
537056 
274913 
537057 
274914 
274915 
274916 
274919 
12775 
274920 
12776 
12777 
274922 
12778 
274923 
12779 
274926 
274927 
274936 
274937 
274938 
274939 
274940 
274941 
274942 
12806 
12807 
12808 
12809 
274971 
274972 
274973 
274974 
274975 
274976 
274977 
274978 
274979 
274980 
274981 
274982 
274983 
274984 
274999 
275000 
275002 
275004 
275007 
275009 
275011 
275069 
275071 
275073 
275075 
537219 
275076 
537220 
537221 
275078 
537222 
275079 
537223 
275080 
537224 
537225 
275082 
537226 
537227 
537228 
537229 
537230 
537231 
537232 
275090 
275091 
275092 
275093 
275094 
275095 
275096 
537247 
537248 
537249 
537250 
537251 
537252 
537253 
537254 
275111 
537255 
275112 
537256 
275113 
537257 
275114 
537258 
275115 
537259 
275116 
537260 
275117 
537261 
275118 
537262 
275119 
537263 
537264 
537265 
275122 
537266 
275123 
537267 
275125 
275126 
275129 
275130 
275137 
275139 
275140 
275141 
275142 
275143 
275144 
275145 
537289 
537290 
537291 
537292 
537293 
537294 
537295 
275174 
275175 
275176 
275177 
275178 
275179 
275180 
275181 
275182 
275183 
275184 
275185 
275186 
275187 
537338 
537339 
537340 
537341 
537342 
537343 
537344 
537345 
537346 
275203 
537347 
537348 
275205 
537349 
537350 
275207 
537351 
275208 
275210 
275212 
275214 
13077 
13078 
537373 
537374 
537375 
537376 
537377 
537378 
537379 
537380 
537381 
537382 
537383 
537384 
537385 
537386 
537387 
537388 
537389 
537390 
537391 
537392 
13105 
537393 
13106 
537394 
13107 
537395 
13108 
537396 
13109 
537397 
537398 
537399 
537400 
537401 
537402 
537403 
537404 
537405 
537406 
537407 
537408 
537409 
537410 
537411 
537412 
537413 
537414 
275272 
275274 
275276 
275278 
13134 
275279 
13135 
13136 
275281 
13137 
13138 
275283 
13139 
275285 
275293 
275294 
275295 
275296 
275297 
275298 
275299 
13164 
13165 
13166 
13167 
13168 
13169 
275314 
275315 
275316 
275317 
275318 
275319 
275320 
275321 
275322 
275325 
275326 
275328 
275329 
275332 
275333 
13194 
13195 
13196 
13197 
275342 
13198 
275343 
13199 
275344 
275345 
275346 
275347 
275348 
13224 
13225 
13226 
13227 
13228 
13229 
275377 
275378 
275379 
275380 
275381 
275382 
275383 
275384 
275385 
275386 
275387 
275388 
275389 
275390 
13254 
13255 
13256 
13257 
13258 
13259 
275406 
275408 
275410 
275413 
275415 
275417 
13284 
13285 
13286 
13287 
13288 
537576 
13289 
537577 
537578 
537579 
537580 
537581 
537582 
537583 
537584 
537585 
537586 
537587 
537588 
537589 
13315 
13316 
537604 
13317 
537605 
13318 
537606 
13319 
537607 
537608 
537609 
537610 
537611 
537612 
537613 
537614 
537615 
537616 
537617 
537618 
275475 
537619 
537620 
537621 
537622 
275479 
537623 
537624 
275482 
275484 
275486 
275488 
13346 
13347 
13348 
13349 
275496 
275497 
275498 
275499 
275500 
275501 
275502 
537646 
537647 
537648 
537649 
537650 
537651 
537652 
275517 
275518 
275519 
275520 
275521 
275522 
275523 
275524 
275525 
275528 
275529 
275531 
275532 
275535 
275536 
275545 
275546 
275547 
275548 
275549 
275550 
275551 
537695 
537696 
537697 
537698 
537699 
537700 
537701 
537702 
537703 
537704 
537705 
537706 
537707 
537708 
275580 
275581 
275582 
275583 
275584 
275585 
275586 
537730 
275587 
537731 
275588 
537732 
275589 
537733 
275590 
537734 
275591 
537735 
275592 
537736 
275593 
537737 
537738 
537739 
537740 
537741 
537742 
537743 
537744 
537745 
537746 
537747 
537748 
537749 
537750 
537751 
537752 
275609 
537753 
537754 
275611 
537755 
537756 
275613 
537757 
537758 
537759 
275616 
537760 
275617 
537761 
275618 
537762 
537763 
275620 
537764 
275621 
537765 
537766 
537767 
537768 
537769 
537770 
537771 
275678 
275682 
275685 
275687 
275689 
275691 
275699 
275700 
275701 
275702 
275703 
275704 
275705 
275720 
275721 
275722 
275723 
275724 
275725 
275726 
275727 
275728 
275731 
275732 
275734 
275735 
275738 
275739 
275748 
275749 
275750 
275751 
275752 
275753 
275754 
13617 
13618 
13619 
275783 
275784 
275785 
275786 
275787 
275788 
275789 
13645 
537933 
275790 
13646 
537934 
275791 
13647 
537935 
275792 
13648 
537936 
275793 
13649 
537937 
275794 
537938 
275795 
537939 
275796 
537940 
537941 
537942 
537943 
537944 
537945 
537946 
275812 
275814 
275816 
537961 
13674 
537962 
275819 
13675 
537963 
13676 
537964 
275821 
13677 
537965 
13678 
537966 
275823 
13679 
537967 
275824 
537968 
537969 
537970 
537971 
537972 
537973 
537974 
537975 
537976 
537977 
537978 
537979 
537980 
537981 
13704 
13705 
13706 
13707 
13708 
13709 
538003 
538004 
538005 
538006 
538007 
538008 
538009 
13734 
13735 
13736 
275881 
13737 
13738 
275883 
13739 
275885 
275887 
275888 
275890 
275892 
275894 
275902 
275903 
275904 
275905 
275906 
275907 
275908 
13764 
538052 
13765 
538053 
13766 
538054 
13767 
538055 
13768 
538056 
13769 
538057 
538058 
538059 
538060 
538061 
538062 
538063 
538064 
538065 
275923 
275924 
275925 
275926 
275927 
275928 
275929 
275930 
275931 
275934 
275935 
275937 
275938 
13794 
13795 
13796 
275941 
13797 
275942 
13798 
13799 
538087 
538088 
538089 
538090 
538091 
538092 
275949 
538093 
538094 
275951 
538095 
275952 
538096 
275953 
538097 
275954 
538098 
275955 
538099 
275956 
538100 
275957 
538101 
538102 
538103 
538104 
538105 
538106 
538107 
538108 
538109 
538110 
538111 
13824 
538112 
13825 
538113 
13826 
538114 
13827 
538115 
13828 
538116 
13829 
538117 
538118 
538119 
538120 
538121 
538122 
538123 
538124 
538125 
538126 
538127 
538128 
275986 
275987 
275988 
275989 
275990 
275991 
275992 
275993 
275994 
275995 
275996 
275997 
275998 
275999 
13855 
13856 
13857 
13858 
13859 
276015 
276017 
276019 
276022 
276024 
276026 
13886 
13887 
13888 
13889 
276084 
276088 
276091 
276093 
276094 
276095 
276097 
276105 
276106 
276107 
276108 
276109 
276110 
276111 
276126 
276127 
276128 
276129 
276130 
276131 
276132 
276133 
276134 
276137 
276138 
276140 
276141 
276144 
276145 
538290 
538291 
538292 
538293 
538294 
538295 
538296 
538297 
276154 
538298 
276155 
538299 
276156 
538300 
276157 
538301 
276158 
538302 
276159 
538303 
276160 
538318 
538319 
538320 
538321 
538322 
538323 
538324 
538325 
538326 
538327 
538328 
538329 
538330 
538331 
538332 
276189 
538333 
276190 
538334 
276191 
538335 
276192 
538336 
276193 
538337 
276194 
538338 
276195 
276196 
276197 
276198 
276199 
276200 
276201 
276202 
538360 
538361 
276218 
538362 
538363 
276220 
538364 
538365 
276222 
538366 
276225 
276227 
276229 
538409 
538410 
538411 
538412 
538413 
538414 
538415 
538416 
538417 
538418 
538419 
538420 
538421 
538422 
276287 
276291 
276293 
276294 
276296 
276298 
276300 
538444 
14157 
538445 
14158 
538446 
538447 
538448 
538449 
538450 
538451 
276308 
538452 
276309 
538453 
276310 
538454 
276311 
538455 
276312 
538456 
276313 
538457 
276314 
538458 
538459 
538460 
538461 
538462 
538463 
538464 
538465 
538466 
538467 
538468 
538469 
538470 
538471 
538472 
276329 
14185 
538473 
276330 
14186 
538474 
276331 
14187 
538475 
276332 
14188 
538476 
276333 
14189 
538477 
276334 
538478 
276335 
538479 
276336 
538480 
276337 
538481 
538482 
538483 
276340 
538484 
276341 
538485 
276343 
276344 
276347 
276348 
276357 
276358 
14214 
276359 
14215 
276360 
14216 
276361 
14217 
276362 
14218 
276363 
14219 
14244 
14245 
14246 
14247 
276392 
14248 
276393 
14249 
276394 
276395 
276396 
276397 
276398 
276399 
276400 
276401 
276402 
276403 
276404 
276405 
14274 
14275 
14276 
276421 
14277 
14278 
276423 
14279 
276425 
276428 
276430 
276432 
14303 
14304 
14305 
14306 
14307 
14308 
14309 
14334 
14335 
14336 
14337 
14338 
14339 
276490 
276494 
276495 
276497 
276499 
276501 
276503 
538647 
538648 
538649 
538650 
538651 
14364 
538652 
14365 
538653 
14366 
538654 
276511 
14367 
538655 
276512 
14368 
538656 
276513 
14369 
538657 
276514 
538658 
276515 
538659 
276516 
538660 
276517 
538675 
276532 
538676 
276533 
538677 
276534 
538678 
276535 
538679 
276536 
538680 
276537 
538681 
276538 
538682 
276539 
14395 
538683 
276540 
14396 
538684 
14397 
538685 
14398 
538686 
276543 
14399 
538687 
276544 
538688 
538689 
276546 
538690 
276547 
538691 
538692 
538693 
276550 
538694 
276551 
538695 
276560 
276561 
276562 
276563 
276564 
276565 
276566 
14426 
14427 
14428 
14429 
538717 
538718 
538719 
538720 
538721 
538722 
538723 
276595 
276596 
276597 
276598 
276599 
276600 
276601 
276602 
276603 
276604 
276605 
276606 
276607 
276608 
538766 
538767 
276624 
538768 
538769 
276626 
538770 
538771 
276628 
538772 
538773 
538774 
276631 
538775 
538776 
276633 
538777 
538778 
276635 
538779 
538801 
538802 
538803 
538804 
538805 
538806 
538807 
538808 
538809 
538810 
538811 
538812 
538813 
538814 
538815 
538816 
538817 
538818 
538819 
538820 
538821 
538822 
538823 
538824 
538825 
538826 
538827 
538828 
538829 
538830 
538831 
538832 
538833 
538834 
538835 
538836 
276693 
538837 
276694 
538838 
538839 
276696 
538840 
276697 
538841 
538842 
276699 
276700 
276702 
276704 
276706 
276714 
276715 
276716 
276717 
276718 
276719 
276720 
276735 
276736 
276737 
276738 
276739 
276740 
276741 
276742 
276743 
276746 
276747 
276749 
276750 
276753 
276754 
276763 
276764 
276765 
276766 
276767 
276768 
276769 
276798 
276799 
276800 
276801 
276802 
276803 
276804 
276805 
276806 
276807 
276808 
276809 
276810 
276811 
276827 
276829 
276831 
276834 
276836 
276838 
14697 
14698 
539004 
539005 
539006 
539007 
539008 
539009 
539010 
539011 
539012 
14725 
539013 
14726 
539014 
14727 
539015 
14728 
539016 
14729 
539017 
539032 
539033 
539034 
539035 
539036 
539037 
539038 
539039 
276896 
539040 
539041 
14754 
539042 
14755 
539043 
276900 
14756 
539044 
14757 
539045 
276902 
14758 
539046 
276903 
14759 
539047 
539048 
276905 
539049 
539050 
276907 
539051 
539052 
276909 
276917 
276918 
276919 
276920 
276921 
276922 
276923 
14784 
14785 
14786 
539074 
14787 
539075 
14788 
539076 
14789 
539077 
539078 
539079 
539080 
276938 
276939 
276940 
276941 
276942 
276943 
276944 
276945 
276946 
276949 
276950 
276952 
276953 
276956 
276957 
14814 
14815 
14816 
14817 
14818 
14819 
276966 
276967 
276968 
276969 
276970 
276971 
276972 
539123 
539124 
539125 
539126 
539127 
539128 
539129 
539130 
539131 
14844 
539132 
14845 
539133 
14846 
539134 
14847 
539135 
14848 
539136 
14849 
277001 
277002 
277003 
277004 
277005 
277006 
277007 
277008 
277009 
277010 
277011 
277012 
277013 
277014 
539158 
539159 
539160 
539161 
14874 
539162 
14875 
539163 
14876 
539164 
14877 
539165 
14878 
539166 
14879 
539167 
539168 
539169 
539170 
539171 
539172 
277029 
539173 
277030 
539174 
539175 
277032 
539176 
539177 
277034 
539178 
539179 
539180 
277037 
539181 
539182 
277039 
539183 
539184 
277041 
539185 
539186 
539187 
539188 
539189 
539190 
539191 
14904 
539192 
14905 
539193 
14906 
539194 
14907 
539195 
14908 
539196 
14909 
539197 
539198 
539199 
14935 
14936 
14937 
14938 
14939 
277099 
277103 
277106 
277108 
277109 
277110 
14966 
14967 
277112 
14968 
14969 
277120 
277121 
277122 
277123 
277124 
277125 
277126 
277141 
277142 
277143 
277144 
277145 
277146 
277147 
277148 
277149 
277152 
277153 
277155 
277156 
277158 
277159 
277160 
277169 
277170 
277171 
277172 
277173 
277174 
277175 
277204 
277205 
277206 
277207 
277208 
277209 
277210 
277211 
277212 
277213 
277214 
277215 
277216 
277217 
539361 
539362 
539363 
539364 
539365 
539366 
539367 
539368 
539369 
539370 
539371 
539372 
539373 
539374 
277233 
277234 
277235 
277237 
277240 
277242 
277244 
277245 
539389 
539390 
539391 
539392 
539393 
539394 
539395 
539396 
539397 
539398 
539399 
539400 
539401 
539402 
539403 
539404 
539405 
539406 
539407 
539408 
539409 
539431 
539432 
539433 
539434 
539435 
539436 
539437 
277302 
277306 
277307 
277309 
277311 
277313 
277315 
277323 
277324 
277325 
277326 
277327 
277328 
277329 
539480 
539481 
539482 
539483 
539484 
539485 
539486 
539487 
277344 
539488 
277345 
539489 
277346 
539490 
277347 
539491 
277348 
539492 
277349 
539493 
277350 
277351 
277352 
277355 
277356 
277358 
277359 
277362 
277363 
539515 
277372 
539516 
277373 
539517 
277374 
539518 
277375 
539519 
277376 
539520 
277377 
539521 
277378 
539522 
539523 
539524 
15237 
539525 
15238 
539526 
15239 
539527 
539528 
539529 
539530 
539531 
539532 
539533 
539534 
539535 
539536 
539537 
539538 
539539 
539540 
539541 
539542 
539543 
539544 
539545 
539546 
539547 
539548 
539549 
539550 
277407 
539551 
277408 
539552 
277409 
15265 
539553 
277410 
15266 
539554 
277411 
15267 
539555 
277412 
15268 
539556 
277413 
15269 
277414 
277415 
277416 
277417 
277418 
277419 
277420 
277436 
277437 
277438 
15294 
15295 
277440 
15296 
15297 
15298 
277443 
15299 
277445 
277447 
15324 
15325 
15326 
15327 
15328 
15329 
15354 
15355 
15356 
15357 
15358 
15359 
277505 
277506 
277507 
277508 
277509 
277510 
277511 
277512 
277514 
277515 
277516 
277518 
277526 
277527 
277528 
15384 
277529 
15385 
277530 
15386 
277531 
15387 
277532 
15388 
15389 
277547 
277548 
277549 
277550 
277551 
277552 
277553 
277554 
277555 
277558 
15414 
277559 
15415 
15416 
277561 
15417 
277562 
15418 
15419 
277565 
277566 
539718 
277575 
539719 
277576 
539720 
277577 
539721 
277578 
539722 
277579 
539723 
277580 
539724 
277581 
539725 
539726 
539727 
539728 
539729 
539730 
539731 
15444 
15445 
15446 
15447 
15448 
15449 
539746 
539747 
539748 
539749 
539750 
539751 
539752 
539753 
277610 
539754 
277611 
539755 
277612 
539756 
277613 
539757 
277614 
539758 
277615 
539759 
277616 
539760 
277617 
539761 
277618 
539762 
277619 
15475 
539763 
277620 
15476 
539764 
277621 
15477 
539765 
277622 
15478 
539766 
277623 
15479 
277639 
277641 
277643 
539788 
539789 
277646 
539790 
539791 
277648 
539792 
539793 
277650 
15506 
539794 
277651 
15507 
15508 
15509 
539837 
539838 
539839 
539840 
539841 
539842 
539843 
539844 
539845 
539846 
539847 
539848 
539849 
539850 
277708 
277709 
277712 
277713 
277715 
277717 
277719 
277721 
539872 
277729 
539873 
277730 
539874 
277731 
539875 
277732 
539876 
277733 
539877 
277734 
539878 
277735 
539879 
539880 
539881 
539882 
539883 
539884 
539885 
539886 
539887 
539888 
539889 
539890 
539891 
539892 
539893 
277750 
539894 
277751 
539895 
277752 
539896 
277753 
539897 
277754 
539898 
277755 
539899 
277756 
539900 
277757 
539901 
277758 
539902 
539903 
539904 
277761 
539905 
277762 
539906 
539907 
277764 
539908 
277765 
539909 
539910 
539911 
277768 
539912 
277769 
539913 
277776 
277778 
277779 
277780 
277781 
277782 
277783 
277784 
277813 
277814 
277815 
277816 
277817 
277818 
277819 
277820 
277821 
277822 
277823 
277824 
277825 
277826 
277842 
277844 
277846 
277849 
277851 
277853 
277911 
277913 
277915 
277917 
277918 
277920 
15777 
277922 
15778 
277924 
540075 
277932 
540076 
277933 
540077 
277934 
540078 
277935 
540079 
277936 
540080 
277937 
540081 
277938 
540082 
540083 
540084 
540085 
540086 
540087 
540088 
15805 
15806 
15807 
15808 
277953 
15809 
277954 
277955 
277956 
277957 
277958 
277959 
540103 
277960 
540104 
277961 
540105 
540106 
540107 
277964 
540108 
277965 
540109 
540110 
277967 
540111 
277968 
540112 
540113 
277970 
540114 
277971 
540115 
277972 
540116 
540117 
540118 
540119 
540120 
540121 
15834 
540122 
15835 
540123 
15836 
277981 
15837 
277982 
15838 
277983 
15839 
277984 
277985 
277986 
277987 
540145 
540146 
540147 
540148 
540149 
540150 
540151 
15864 
15865 
15866 
15867 
15868 
15869 
278016 
278017 
278018 
278019 
278020 
278021 
278022 
278023 
278024 
278025 
278026 
278027 
278028 
278029 
15894 
15895 
15896 
15897 
15898 
15899 
278044 
278045 
278047 
278049 
540194 
540195 
278052 
540196 
540197 
278054 
540198 
540199 
278056 
540200 
540201 
540202 
540203 
540204 
540205 
540206 
540207 
15924 
15925 
15926 
15927 
15928 
15929 
540229 
540230 
540231 
540232 
540233 
540234 
540235 
540236 
540237 
540238 
540239 
540240 
540241 
15954 
540242 
15955 
540243 
15956 
540244 
15957 
540245 
15958 
540246 
15959 
540247 
540248 
540249 
540250 
540251 
540252 
540253 
540254 
540255 
540256 
540257 
278114 
540258 
540259 
540260 
540261 
278118 
540262 
540263 
278120 
540264 
278121 
540265 
540266 
278123 
540267 
540268 
278125 
540269 
540270 
278127 
15984 
15985 
15986 
15987 
15988 
15989 
278135 
278136 
278137 
278138 
278139 
278140 
278141 
278156 
278157 
278158 
278159 
16015 
278160 
16016 
278161 
16017 
278162 
16018 
278163 
16019 
278164 
278167 
278168 
278170 
278171 
278173 
278174 
278175 
278184 
278185 
278186 
278187 
278188 
278189 
278190 
16046 
16047 
16048 
16049 
278219 
278220 
278221 
278222 
278223 
278224 
278225 
278226 
278227 
278228 
278229 
278230 
278231 
278232 
278248 
278250 
278252 
278255 
278257 
278259 
540432 
540433 
540434 
540435 
540436 
540437 
540438 
540439 
540440 
540441 
540442 
540443 
540444 
540445 
540460 
278317 
540461 
540462 
540463 
540464 
278321 
540465 
540466 
540467 
278324 
540468 
540469 
278326 
540470 
540471 
278328 
540472 
540473 
278330 
540474 
540475 
540476 
540477 
540478 
540479 
540480 
278338 
278339 
278340 
278341 
278342 
278343 
278344 
540502 
278359 
540503 
278360 
540504 
278361 
540505 
278362 
540506 
278363 
540507 
278364 
540508 
278365 
278366 
278367 
278370 
278371 
278373 
278374 
278377 
278378 
278387 
278388 
278389 
278390 
278391 
278392 
278393 
540551 
540552 
540553 
540554 
540555 
540556 
540557 
540558 
540559 
540560 
540561 
540562 
540563 
540564 
278422 
278423 
278424 
278425 
278426 
278427 
278428 
278429 
278430 
278431 
278432 
278433 
278434 
278435 
540586 
540587 
540588 
540589 
540590 
540591 
540592 
540593 
540594 
278451 
540595 
278452 
540596 
278453 
540597 
540598 
278455 
540599 
540600 
540601 
278458 
540602 
540603 
278460 
540604 
16317 
540605 
278462 
16318 
540606 
540607 
540608 
540609 
540610 
540611 
540612 
540613 
540614 
540615 
540616 
540617 
540618 
540619 
540620 
540621 
540622 
540623 
540624 
540625 
540626 
540627 
16345 
16346 
16347 
16348 
16349 
16374 
16375 
278520 
16376 
278521 
16377 
16378 
16379 
278524 
278527 
278529 
278531 
278533 
278541 
278542 
278543 
278544 
278545 
278546 
278547 
16404 
16405 
16406 
16407 
16408 
16409 
278562 
278563 
278564 
278565 
278566 
278567 
278568 
278569 
278570 
278573 
278574 
278576 
278577 
16434 
16435 
278580 
16436 
278581 
16437 
16438 
16439 
278590 
278591 
278592 
278593 
278594 
278595 
278596 
16464 
16465 
16466 
16467 
16468 
16469 
278625 
278626 
278627 
278628 
278629 
278630 
278631 
278632 
278633 
278634 
278635 
278636 
278637 
278638 
16494 
16495 
16496 
16497 
16498 
16499 
540789 
540790 
540791 
540792 
540793 
540794 
540795 
540796 
540797 
278654 
540798 
540799 
278656 
540800 
540801 
278658 
540802 
278661 
278663 
278665 
16524 
16525 
16526 
16527 
16528 
16529 
540817 
540818 
540819 
540820 
540821 
540822 
540823 
540824 
540825 
540826 
540827 
540828 
540829 
540830 
540831 
540832 
540833 
540834 
540835 
540836 
540837 
16555 
16556 
16557 
16558 
16559 
540859 
540860 
540861 
540862 
540863 
540864 
540865 
278723 
278727 
278730 
16586 
16587 
278732 
16588 
16589 
278734 
278736 
278744 
278745 
278746 
278747 
278748 
278749 
278750 
540908 
278765 
540909 
278766 
540910 
278767 
540911 
278768 
540912 
278769 
540913 
278770 
540914 
278771 
540915 
278772 
540916 
278773 
540917 
540918 
540919 
278776 
540920 
278777 
540921 
278779 
278780 
278782 
278783 
278784 
278785 
278793 
278794 
278795 
278796 
278797 
278798 
278799 
540943 
540944 
540945 
540946 
540947 
540948 
540949 
540950 
540951 
540952 
540953 
540954 
540955 
540956 
540957 
540958 
540959 
540960 
540961 
540962 
540963 
540964 
540965 
540966 
540967 
540968 
540969 
540970 
540971 
278828 
540972 
278829 
540973 
278830 
540974 
278831 
540975 
278832 
540976 
278833 
540977 
278834 
540978 
278835 
540979 
278836 
540980 
278837 
540981 
278838 
540982 
278839 
540983 
278840 
540984 
278841 
278857 
278858 
278859 
278861 
278864 
278866 
278868 
278926 
278930 
278933 
278935 
278936 
278937 
278939 
278947 
278948 
278949 
278950 
278951 
278952 
278953 
278968 
278969 
278970 
278971 
278972 
278973 
278974 
278975 
278976 
278979 
278980 
278982 
278983 
278986 
278987 
278996 
278997 
278998 
278999 
279000 
279001 
16857 
279002 
16858 
541146 
541147 
541148 
541149 
541150 
541151 
541152 
541153 
541154 
541155 
541156 
541157 
541158 
541159 
16885 
16886 
541174 
279031 
16887 
541175 
279032 
16888 
541176 
279033 
16889 
541177 
279034 
541178 
279035 
541179 
279036 
541180 
279037 
541181 
279038 
541182 
279039 
541183 
279040 
541184 
279041 
541185 
279042 
541186 
279043 
541187 
279044 
541188 
541189 
541190 
541191 
541192 
541193 
541194 
16914 
16915 
279060 
16916 
16917 
279062 
16918 
16919 
279064 
279067 
279069 
279071 
541216 
541217 
541218 
541219 
541220 
541221 
541222 
16944 
16945 
16946 
16947 
16948 
16949 
16974 
16975 
16976 
16977 
541265 
16978 
541266 
16979 
541267 
541268 
541269 
541270 
541271 
541272 
279129 
541273 
541274 
279131 
541275 
541276 
279133 
541277 
541278 
279135 
279136 
279138 
279140 
279142 
17004 
17005 
279150 
17006 
279151 
17007 
279152 
17008 
279153 
17009 
279154 
279155 
279156 
541300 
541301 
541302 
541303 
541304 
541305 
541306 
541307 
541308 
541309 
541310 
541311 
541312 
541313 
541314 
279171 
541315 
279172 
541316 
279173 
541317 
279174 
541318 
279175 
541319 
279176 
541320 
279177 
541321 
279178 
17034 
541322 
279179 
17035 
541323 
17036 
541324 
17037 
541325 
279182 
17038 
541326 
279183 
17039 
541327 
541328 
279185 
541329 
279186 
541330 
541331 
279188 
541332 
279189 
541333 
279190 
541334 
541335 
541336 
541337 
541338 
541339 
541340 
541341 
279199 
279200 
279201 
279202 
279203 
279204 
279205 
17064 
17065 
17066 
17067 
17068 
17069 
279234 
279235 
279236 
279237 
279238 
279239 
17095 
279240 
17096 
279241 
17097 
279242 
17098 
279243 
17099 
279244 
279245 
279246 
279247 
279263 
279265 
279267 
279270 
17126 
17127 
279272 
17128 
17129 
279274 
279332 
279334 
279336 
279339 
279341 
279343 
279345 
279353 
279354 
279355 
279356 
279357 
279358 
279359 
541503 
541504 
541505 
541506 
541507 
541508 
541509 
541510 
541511 
541512 
541513 
541514 
541515 
541516 
279374 
279375 
279376 
279377 
279378 
279379 
279380 
279381 
279382 
279385 
279386 
541531 
279388 
541532 
279389 
541533 
541534 
541535 
279392 
541536 
279393 
541537 
541538 
541539 
541540 
541541 
541542 
541543 
541544 
541545 
279402 
541546 
279403 
541547 
279404 
541548 
279405 
541549 
279406 
541550 
279407 
541551 
279408 
541573 
541574 
541575 
541576 
541577 
541578 
541579 
279437 
279438 
279439 
279440 
279441 
279442 
279443 
279444 
279445 
279446 
279447 
279448 
279449 
279450 
279466 
279468 
279470 
279473 
279475 
279477 
541622 
541623 
541624 
541625 
541626 
541627 
541628 
541629 
541630 
541631 
541632 
541633 
541634 
541635 
541657 
541658 
541659 
541660 
541661 
541662 
541663 
541664 
541665 
541666 
541667 
541668 
541669 
541670 
541671 
541672 
541673 
541674 
541675 
541676 
541677 
541678 
279535 
541679 
541680 
279537 
541681 
541682 
279539 
541683 
541684 
279541 
17397 
541685 
279542 
17398 
541686 
541687 
279544 
541688 
541689 
279546 
541690 
541691 
279548 
541692 
541693 
541694 
541695 
541696 
541697 
541698 
279556 
279557 
279558 
279559 
279560 
279561 
279562 
17425 
17426 
17427 
17428 
17429 
279577 
279578 
279579 
279580 
279581 
279582 
279583 
279584 
279585 
279588 
279589 
279591 
279592 
279595 
279596 
17454 
17455 
17456 
17457 
17458 
17459 
279605 
279606 
279607 
279608 
279609 
279610 
279611 
17484 
17485 
17486 
17487 
17488 
17489 
279640 
279641 
279642 
279643 
279644 
279645 
279646 
279647 
279648 
279649 
279650 
279651 
279652 
279653 
17514 
17515 
17516 
17517 
17518 
17519 
279669 
279670 
279671 
279673 
279674 
279676 
279677 
279678 
279680 
279681 
17544 
17545 
17546 
17547 
17548 
17549 
541860 
541861 
17574 
541862 
17575 
541863 
17576 
541864 
17577 
541865 
17578 
541866 
17579 
541867 
541868 
541869 
541870 
541871 
541872 
541873 
279738 
279739 
279740 
279742 
541888 
279745 
541889 
541890 
279747 
541891 
17604 
541892 
279749 
17605 
541893 
17606 
541894 
279751 
17607 
541895 
17608 
541896 
17609 
541897 
541898 
541899 
541900 
541901 
541902 
279759 
541903 
279760 
541904 
279761 
541905 
279762 
541906 
279763 
541907 
279764 
541908 
279765 
17635 
279780 
17636 
279781 
17637 
279782 
17638 
279783 
17639 
279784 
279785 
279786 
541930 
279787 
541931 
279788 
541932 
541933 
541934 
279791 
541935 
279792 
541936 
279794 
279795 
279798 
279799 
279805 
279808 
279809 
279810 
17666 
279811 
17667 
279812 
17668 
279813 
17669 
279814 
541979 
541980 
541981 
541982 
541983 
541984 
541985 
541986 
279843 
541987 
279844 
541988 
279845 
541989 
279846 
541990 
279847 
541991 
279848 
541992 
279849 
279850 
279851 
279852 
279853 
279854 
279855 
279856 
542014 
542015 
279872 
542016 
542017 
279874 
542018 
542019 
279876 
542020 
542021 
542022 
279879 
542023 
542024 
279881 
542025 
542026 
279883 
542027 
279884 
542028 
542029 
542030 
542031 
542032 
542033 
542034 
542035 
542036 
542037 
542038 
542039 
542040 
542041 
542042 
542043 
542044 
542045 
542046 
542047 
542048 
542049 
542050 
542051 
542052 
542053 
542054 
542055 
279941 
279945 
279948 
279950 
279951 
279952 
279954 
279962 
279963 
279964 
279965 
279966 
279967 
279968 
279983 
279984 
279985 
279986 
279987 
279988 
279989 
279990 
279991 
279994 
279995 
279997 
279998 
280000 
280001 
280002 
280011 
280012 
280013 
280014 
280015 
280016 
280017 
280046 
280047 
280048 
280049 
280050 
280051 
280052 
280053 
280054 
280055 
280056 
280057 
280058 
280059 
542217 
542218 
280075 
542219 
542220 
280077 
542221 
542222 
280079 
542223 
542224 
17937 
542225 
280082 
17938 
542226 
280083 
542227 
280084 
542228 
542229 
280086 
542230 
542245 
542246 
542247 
542248 
542249 
542250 
542251 
542252 
17965 
542253 
17966 
542254 
17967 
542255 
17968 
542256 
17969 
542257 
542258 
542259 
542260 
542261 
542262 
542263 
542264 
542265 
17994 
17995 
17996 
17997 
17998 
17999 
542287 
280144 
542288 
542289 
542290 
542291 
280148 
542292 
542293 
280151 
280153 
280155 
280157 
280165 
280166 
280167 
280168 
18024 
280169 
18025 
280170 
18026 
280171 
18027 
18028 
18029 
280186 
280187 
280188 
280189 
280190 
280191 
280192 
542336 
280193 
542337 
280194 
542338 
542339 
542340 
280197 
542341 
280198 
18054 
542342 
18055 
542343 
280200 
18056 
542344 
280201 
18057 
542345 
18058 
542346 
280203 
18059 
542347 
280204 
542348 
280205 
542349 
280214 
280215 
280216 
280217 
280218 
280219 
280220 
542371 
18084 
542372 
18085 
542373 
18086 
542374 
18087 
542375 
18088 
542376 
18089 
542377 
542378 
542379 
542380 
542381 
542382 
542383 
542384 
542385 
542386 
542387 
542388 
542389 
542390 
542391 
542392 
280249 
542393 
280250 
542394 
280251 
542395 
280252 
542396 
280253 
542397 
280254 
542398 
280255 
542399 
280256 
542400 
280257 
542401 
280258 
18114 
542402 
280259 
18115 
542403 
280260 
18116 
542404 
280261 
18117 
542405 
280262 
18118 
542406 
18119 
542407 
542408 
542409 
542410 
542411 
542412 
280278 
280280 
280282 
280285 
280287 
18144 
280289 
18145 
18146 
18147 
18148 
18149 
18175 
18176 
18177 
18178 
18179 
280347 
18206 
280351 
18207 
18208 
18209 
280354 
280356 
280358 
280360 
280368 
280369 
280370 
280371 
280372 
280373 
280374 
280389 
280390 
280391 
280392 
280393 
280394 
280395 
280396 
280397 
280400 
280401 
280403 
280404 
280407 
280408 
280417 
280418 
280419 
280420 
280421 
280422 
280423 
542574 
542575 
542576 
542577 
542578 
542579 
542580 
542581 
542582 
542583 
542584 
542585 
542586 
542587 
280452 
280453 
280454 
280455 
280456 
280457 
280458 
542602 
280459 
542603 
280460 
542604 
280461 
542605 
280462 
542606 
280463 
542607 
280464 
542608 
280465 
542609 
542610 
542611 
542612 
542613 
542614 
542615 
542616 
542617 
542618 
542619 
542620 
542621 
542622 
280481 
280483 
280485 
280488 
280490 
280492 
542644 
542645 
542646 
542647 
542648 
542649 
542650 
542693 
280550 
542694 
542695 
280552 
542696 
542697 
280554 
542698 
542699 
542700 
280557 
542701 
542702 
280559 
542703 
542704 
280561 
542705 
542706 
280563 
280571 
280572 
280573 
280574 
280575 
280576 
280577 
542728 
542729 
542730 
542731 
542732 
542733 
542734 
542735 
280592 
542736 
280593 
542737 
280594 
542738 
280595 
542739 
280596 
542740 
280597 
542741 
280598 
542742 
280599 
542743 
280600 
542744 
542745 
542746 
280603 
542747 
280604 
542748 
542749 
280606 
542750 
280607 
542751 
542752 
542753 
280610 
542754 
280611 
542755 
542756 
542757 
542758 
542759 
542760 
542761 
542762 
542763 
280620 
542764 
280621 
18477 
542765 
280622 
18478 
542766 
280623 
542767 
280624 
542768 
280625 
542769 
280626 
18505 
18506 
18507 
18508 
18509 
280655 
280656 
280657 
280658 
280659 
280660 
280661 
280662 
280663 
280664 
280665 
280666 
280667 
280668 
18534 
18535 
18536 
18537 
18538 
18539 
280684 
280686 
280688 
280691 
280693 
280695 
280696 
18564 
18565 
18566 
18567 
18568 
18569 
18594 
18595 
18596 
18597 
18598 
18599 
280753 
280757 
280760 
280762 
280764 
280766 
18623 
18624 
18625 
18626 
18627 
18628 
18629 
280774 
280775 
280776 
280777 
280778 
280779 
280780 
542931 
542932 
542933 
542934 
542935 
542936 
542937 
542938 
280795 
542939 
280796 
542940 
280797 
542941 
280798 
18654 
542942 
280799 
18655 
542943 
280800 
18656 
542944 
280801 
18657 
280802 
18658 
280803 
18659 
280806 
280807 
280809 
280810 
280812 
280813 
280814 
542959 
542960 
542961 
542962 
542963 
542964 
542965 
542966 
280823 
542967 
280824 
542968 
280825 
542969 
280826 
542970 
280827 
542971 
280828 
18684 
542972 
280829 
18685 
542973 
18686 
542974 
18687 
542975 
18688 
542976 
18689 
542977 
542978 
542979 
543001 
280858 
543002 
280859 
18715 
543003 
280860 
18716 
543004 
280861 
18717 
543005 
280862 
18718 
543006 
280863 
18719 
543007 
280864 
280865 
280866 
280867 
280868 
280869 
280870 
280871 
280887 
280889 
280890 
18746 
280891 
18747 
18748 
18749 
280894 
280896 
280898 
543050 
543051 
543052 
543053 
543054 
543055 
543056 
543057 
543058 
543059 
543060 
543061 
543062 
543063 
543085 
543086 
543087 
543088 
543089 
543090 
543091 
543092 
543093 
543094 
543095 
543096 
543097 
543098 
543099 
280956 
543100 
543101 
543102 
543103 
280960 
543104 
543105 
543106 
280963 
543107 
543108 
280965 
543109 
543110 
280967 
543111 
543112 
280969 
543113 
543114 
543115 
543116 
543117 
543118 
543119 
543120 
280977 
543121 
280978 
543122 
280979 
543123 
280980 
543124 
280981 
543125 
280982 
543126 
280983 
280998 
280999 
281000 
281001 
281002 
281003 
281004 
281005 
281006 
281009 
281010 
281012 
281013 
281015 
281016 
281017 
281026 
281027 
281028 
281029 
281030 
281031 
281032 
281061 
281062 
281063 
281064 
281065 
281066 
281067 
281068 
281069 
281070 
281071 
281072 
281073 
281074 
281090 
281092 
281094 
281096 
281097 
281098 
281099 
281100 
281101 
281102 
543288 
543289 
543290 
543291 
543292 
543293 
543294 
543295 
543296 
543297 
543298 
543299 
543300 
543301 
281159 
19017 
19018 
281163 
19019 
281166 
281168 
281170 
281172 
543316 
543317 
543318 
543319 
543320 
543321 
543322 
543323 
281180 
543324 
281181 
543325 
281182 
543326 
281183 
543327 
281184 
543328 
281185 
543329 
281186 
543330 
543331 
543332 
19045 
543333 
19046 
543334 
19047 
543335 
19048 
543336 
19049 
281201 
281202 
281203 
281204 
281205 
281206 
281207 
281208 
281209 
281212 
281213 
543358 
281215 
543359 
281216 
543360 
543361 
19074 
543362 
281219 
19075 
543363 
281220 
19076 
543364 
19077 
19078 
19079 
281229 
281230 
281231 
281232 
281233 
281234 
281235 
19104 
19105 
19106 
19107 
19108 
19109 
543407 
281264 
543408 
281265 
543409 
281266 
543410 
281267 
543411 
281268 
543412 
281269 
543413 
281270 
543414 
281271 
543415 
281272 
543416 
281273 
543417 
281274 
543418 
281275 
543419 
281276 
543420 
281277 
19134 
19135 
19136 
19137 
19138 
19139 
281293 
281295 
281296 
281297 
543442 
543443 
281300 
543444 
281301 
543445 
281302 
543446 
281303 
543447 
281304 
543448 
543449 
543450 
19163 
543451 
19164 
543452 
19165 
543453 
19166 
543454 
19167 
543455 
19168 
543456 
19169 
543457 
543458 
543459 
543460 
543461 
543462 
543463 
543464 
543465 
543466 
543467 
543468 
543469 
543470 
543471 
543472 
543473 
543474 
543475 
543476 
543477 
543478 
543479 
543480 
543481 
19194 
543482 
19195 
543483 
19196 
19197 
19198 
19199 
281362 
281366 
19224 
281369 
19225 
19226 
281371 
19227 
19228 
281373 
19229 
281375 
281383 
281384 
281385 
281386 
281387 
281388 
281389 
19255 
19256 
19257 
19258 
19259 
281404 
281405 
281406 
281407 
281408 
281409 
281410 
281411 
281412 
281415 
281416 
281418 
281419 
281422 
281423 
19286 
19287 
281432 
19288 
281433 
19289 
281434 
281435 
281436 
281437 
281438 
281467 
281468 
281469 
281470 
281471 
281472 
281473 
281474 
281475 
281476 
281477 
281478 
281479 
281480 
281496 
281498 
281500 
543645 
543646 
281503 
543647 
543648 
281505 
543649 
543650 
281507 
543651 
543652 
543653 
543654 
543655 
543656 
543657 
543658 
543673 
543674 
543675 
543676 
543677 
543678 
543679 
543680 
543681 
543682 
543683 
543684 
543685 
543686 
543687 
543688 
543689 
543690 
543691 
543692 
543693 
281565 
281569 
281571 
543715 
281572 
543716 
543717 
281574 
543718 
543719 
281576 
543720 
543721 
281578 
281586 
281587 
281588 
281589 
281590 
281591 
281592 
281607 
281608 
281609 
281610 
281611 
281612 
281613 
281614 
281615 
281618 
281619 
543764 
281621 
543765 
281622 
543766 
543767 
543768 
281625 
543769 
281626 
543770 
543771 
543772 
543773 
543774 
543775 
543776 
543777 
281635 
281636 
281637 
281638 
281639 
281640 
281641 
543799 
543800 
543801 
543802 
543803 
543804 
543805 
543806 
543807 
543808 
543809 
543810 
543811 
543812 
543813 
281670 
543814 
281671 
543815 
281672 
543816 
281673 
543817 
281674 
543818 
281675 
543819 
281676 
543820 
281677 
543821 
281678 
543822 
281679 
543823 
281680 
543824 
281681 
543825 
281682 
543826 
281683 
543827 
543828 
543829 
543830 
543831 
543832 
543833 
543834 
543835 
543836 
543837 
543838 
543839 
543840 
281699 
281701 
19557 
19558 
281703 
281706 
281708 
281710 
19585 
19586 
19587 
19588 
19589 
19614 
19615 
19616 
19617 
19618 
19619 
281768 
281770 
281772 
281774 
281775 
281777 
281778 
281779 
281780 
281781 
19644 
281789 
19645 
281790 
19646 
281791 
19647 
281792 
19648 
281793 
19649 
281794 
281795 
281810 
281811 
281812 
281813 
281814 
281815 
281816 
281817 
281818 
19674 
19675 
19676 
281821 
19677 
281822 
19678 
19679 
281824 
281825 
281828 
281829 
281838 
281839 
281840 
281841 
281842 
281843 
281844 
19704 
19705 
19706 
19707 
19708 
19709 
544002 
544003 
544004 
544005 
544006 
544007 
544008 
544009 
544010 
544011 
544012 
544013 
544014 
544015 
281873 
281874 
281875 
281876 
281877 
281878 
19734 
281879 
19735 
281880 
19736 
281881 
19737 
281882 
19738 
281883 
19739 
281884 
281885 
281886 
544030 
544031 
544032 
544033 
544034 
544035 
544036 
544037 
544038 
544039 
544040 
544041 
544042 
544043 
544044 
544045 
281902 
544046 
544047 
281904 
544048 
544049 
281906 
544050 
281908 
19764 
281909 
19765 
281910 
19766 
281911 
19767 
281912 
19768 
281913 
19769 
281914 
544072 
544073 
544074 
544075 
544076 
544077 
544078 
19795 
19796 
19797 
19798 
19799 
19826 
281971 
19827 
281972 
19828 
19829 
281975 
544121 
281978 
544122 
544123 
281980 
544124 
281981 
544125 
281982 
544126 
281983 
544127 
281984 
544128 
544129 
544130 
544131 
544132 
544133 
544134 
281992 
281993 
281994 
281995 
281996 
281997 
281998 
544156 
282013 
544157 
282014 
544158 
282015 
544159 
282016 
544160 
282017 
544161 
282018 
544162 
282019 
544163 
282020 
544164 
282021 
544165 
544166 
544167 
282024 
544168 
282025 
544169 
544170 
282027 
544171 
282028 
544172 
544173 
544174 
282031 
544175 
282032 
544176 
544177 
544178 
544179 
544180 
544181 
544182 
544183 
544184 
282041 
544185 
282042 
544186 
282043 
544187 
282044 
544188 
282045 
544189 
282046 
544190 
282047 
544191 
544192 
544193 
544194 
544195 
544196 
544197 
282076 
282077 
282078 
282079 
282080 
282081 
282082 
282083 
282084 
282085 
282086 
282087 
282088 
282089 
282105 
282107 
282109 
282112 
282114 
282116 
282174 
282178 
282181 
282183 
282185 
282187 
282195 
282196 
282197 
282198 
282199 
282200 
282201 
544359 
282216 
544360 
282217 
544361 
282218 
544362 
282219 
544363 
282220 
544364 
282221 
544365 
282222 
544366 
282223 
544367 
282224 
544368 
544369 
544370 
282227 
544371 
282228 
544372 
282230 
282231 
282234 
282235 
20097 
20098 
20099 
544387 
282244 
544388 
282245 
544389 
282246 
544390 
282247 
544391 
282248 
544392 
282249 
544393 
282250 
544394 
544395 
544396 
544397 
544398 
544399 
544400 
544401 
544402 
544403 
544404 
544405 
544406 
544407 
20125 
20126 
20127 
20128 
20129 
282279 
282280 
282281 
282282 
282283 
282284 
282285 
544429 
282286 
544430 
282287 
544431 
282288 
544432 
282289 
544433 
282290 
544434 
282291 
544435 
282292 
20154 
20155 
20156 
20157 
20158 
20159 
282308 
282310 
282312 
282315 
282317 
282319 
20184 
20185 
20186 
20187 
20188 
20189 
544478 
544479 
544480 
544481 
544482 
544483 
544484 
544485 
544486 
544487 
544488 
544489 
544490 
544491 
20214 
20215 
20216 
20217 
20218 
20219 
544513 
544514 
544515 
544516 
544517 
544518 
544519 
544520 
282377 
544521 
544522 
544523 
544524 
282381 
544525 
544526 
544527 
282384 
544528 
544529 
282386 
544530 
544531 
282388 
20244 
544532 
20245 
544533 
282390 
20246 
544534 
20247 
544535 
20248 
544536 
20249 
544537 
544538 
544539 
544540 
544541 
282398 
544542 
282399 
544543 
282400 
544544 
282401 
544545 
282402 
544546 
282403 
544547 
282404 
544548 
544549 
544550 
544551 
544552 
544553 
544554 
20274 
282419 
20275 
282420 
20276 
282421 
20277 
282422 
20278 
282423 
20279 
282424 
282425 
282426 
282427 
282430 
282431 
282433 
282434 
282437 
282438 
282447 
282448 
20304 
282449 
20305 
282450 
20306 
282451 
20307 
282452 
20308 
282453 
20309 
20335 
20336 
20337 
282482 
20338 
282483 
20339 
282484 
282485 
282486 
282487 
282488 
282489 
282490 
282491 
282492 
282493 
282494 
282495 
20366 
282511 
20367 
20368 
282513 
20369 
282515 
282518 
282519 
282520 
282522 
544716 
544717 
544718 
544719 
544720 
544721 
544722 
544723 
282580 
544724 
544725 
544726 
544727 
282584 
544728 
544729 
282587 
282589 
282591 
282593 
544744 
282601 
544745 
282602 
544746 
282603 
544747 
282604 
544748 
282605 
544749 
282606 
544750 
282607 
544751 
544752 
544753 
544754 
544755 
544756 
544757 
544758 
544759 
544760 
544761 
544762 
544763 
544764 
282622 
282623 
282624 
282625 
282626 
282627 
282628 
282629 
282630 
282633 
282634 
282636 
282637 
282640 
282641 
544786 
282643 
544787 
544788 
544789 
544790 
544791 
544792 
282650 
282651 
282652 
282653 
282654 
282655 
282656 
282685 
282686 
282687 
282688 
282689 
282690 
282691 
544835 
282692 
544836 
282693 
544837 
282694 
544838 
282695 
544839 
282696 
544840 
282697 
544841 
282698 
544842 
544843 
544844 
544845 
544846 
544847 
544848 
282713 
282714 
282716 
282718 
282721 
282723 
282725 
544870 
544871 
544872 
544873 
544874 
544875 
544876 
544877 
544878 
544879 
544880 
544881 
544882 
544883 
544884 
544885 
544886 
544887 
544888 
544889 
544890 
544891 
544892 
544893 
544894 
544895 
544896 
544897 
544898 
544899 
544900 
544901 
544902 
544903 
544904 
544905 
544906 
544907 
544908 
544909 
544910 
544911 
20637 
20638 
282783 
282787 
282790 
282792 
282794 
282796 
282804 
282805 
282806 
282807 
282808 
282809 
20665 
282810 
20666 
20667 
20668 
20669 
282825 
282826 
282827 
282828 
282829 
282830 
282831 
282832 
282833 
282836 
282837 
20694 
282839 
20695 
282840 
20696 
20697 
20698 
282843 
20699 
282844 
282853 
282854 
282855 
282856 
282857 
282858 
282859 
20724 
20725 
20726 
20727 
20728 
20729 
282888 
282889 
282890 
282891 
282892 
282893 
282894 
282895 
282896 
282897 
282898 
20754 
282899 
20755 
282900 
20756 
282901 
20757 
20758 
20759 
282917 
282919 
282921 
282924 
282925 
282926 
282928 
20784 
20785 
545073 
20786 
545074 
20787 
545075 
20788 
545076 
20789 
545077 
545078 
545079 
545080 
545081 
545082 
545083 
545084 
545085 
545086 
545101 
20814 
545102 
20815 
545103 
20816 
545104 
20817 
545105 
20818 
545106 
20819 
545107 
545108 
545109 
545110 
545111 
545112 
545113 
545114 
545115 
545116 
545117 
545118 
545119 
545120 
545121 
282986 
282988 
20844 
20845 
282990 
20846 
20847 
20848 
282993 
20849 
282995 
282997 
282999 
545143 
545144 
545145 
545146 
545147 
545148 
545149 
283007 
283008 
283009 
283010 
283011 
283012 
283013 
20875 
20876 
20877 
20878 
20879 
283028 
283029 
283030 
283031 
283032 
283033 
283034 
283035 
283036 
283039 
283040 
283042 
283043 
283045 
283046 
283047 
545192 
545193 
20906 
545194 
20907 
545195 
20908 
545196 
20909 
545197 
545198 
545199 
283056 
545200 
283057 
545201 
283058 
545202 
283059 
545203 
283060 
545204 
283061 
545205 
283062 
545227 
545228 
545229 
545230 
545231 
545232 
545233 
545234 
283091 
545235 
283092 
545236 
283093 
545237 
283094 
545238 
283095 
545239 
283096 
545240 
283097 
545241 
283098 
545242 
283099 
545243 
283100 
545244 
283101 
545245 
283102 
545246 
283103 
545247 
283104 
545248 
545249 
545250 
545251 
545252 
545253 
545254 
545255 
545256 
545257 
545258 
545259 
545260 
545261 
545262 
283119 
545263 
283120 
545264 
545265 
283122 
545266 
545267 
283124 
545268 
283127 
283129 
283131 
283189 
283190 
283191 
283193 
283195 
283196 
283198 
283200 
283202 
283210 
283211 
283212 
283213 
283214 
283215 
283216 
283231 
283232 
283233 
283234 
283235 
283236 
283237 
283238 
283239 
283242 
283243 
283245 
283246 
283248 
283249 
283250 
283259 
283260 
283261 
283262 
283263 
283264 
283265 
545430 
545431 
545432 
545433 
545434 
545435 
545436 
545437 
283294 
545438 
283295 
545439 
283296 
545440 
283297 
545441 
283298 
545442 
283299 
545443 
283300 
283301 
283302 
283303 
283304 
283305 
283306 
283307 
545458 
545459 
545460 
545461 
545462 
545463 
545464 
21177 
545465 
21178 
545466 
283323 
545467 
545468 
283325 
545469 
545470 
283327 
545471 
545472 
545473 
283330 
545474 
545475 
283332 
545476 
545477 
283334 
545478 
21205 
21206 
21207 
21208 
21209 
545500 
545501 
545502 
545503 
545504 
545505 
545506 
21234 
21235 
21236 
21237 
21238 
21239 
283392 
283396 
283399 
283401 
283403 
283405 
545549 
545550 
545551 
21264 
545552 
21265 
545553 
21266 
545554 
21267 
545555 
21268 
545556 
283413 
21269 
545557 
283414 
545558 
283415 
545559 
283416 
545560 
283417 
545561 
283418 
545562 
283419 
283434 
283435 
283436 
283437 
283438 
21294 
283439 
21295 
283440 
21296 
545584 
283441 
21297 
545585 
283442 
21298 
545586 
21299 
545587 
545588 
283445 
545589 
283446 
545590 
545591 
283448 
545592 
283449 
545593 
545594 
545595 
283452 
545596 
283453 
545597 
545598 
545599 
545600 
545601 
545602 
545603 
545604 
545605 
283462 
545606 
283463 
545607 
283464 
545608 
283465 
545609 
283466 
545610 
283467 
545611 
283468 
21324 
545612 
21325 
545613 
21326 
545614 
21327 
545615 
21328 
545616 
21329 
545617 
545618 
545619 
545620 
545621 
545622 
545623 
545624 
545625 
283497 
283498 
21354 
283499 
21355 
283500 
21356 
283501 
21357 
283502 
21358 
283503 
21359 
283504 
283505 
283506 
283507 
283508 
283509 
283510 
283526 
283528 
21384 
21385 
283530 
21386 
21387 
21388 
283533 
21389 
283535 
283537 
21415 
21416 
21417 
21418 
21419 
21446 
21447 
21448 
21449 
283595 
283599 
283601 
283602 
283604 
283606 
283608 
283616 
283617 
283618 
283619 
283620 
283621 
283622 
283637 
283638 
283639 
283640 
283641 
283642 
283643 
545787 
283644 
545788 
283645 
545789 
545790 
545791 
283648 
545792 
283649 
545793 
545794 
283651 
545795 
283652 
545796 
545797 
545798 
283655 
545799 
283656 
545800 
283665 
283666 
283667 
283668 
283669 
283670 
283671 
545815 
545816 
545817 
545818 
545819 
545820 
545821 
545822 
545823 
545824 
545825 
545826 
545827 
545828 
545829 
545830 
545831 
545832 
545833 
545834 
545835 
283700 
283701 
283702 
283703 
283704 
283705 
283706 
283707 
283708 
283709 
283710 
283711 
283712 
283713 
545857 
545858 
545859 
545860 
545861 
545862 
545863 
283729 
283731 
283733 
283736 
283738 
283740 
545906 
545907 
545908 
545909 
545910 
545911 
545912 
545913 
545914 
545915 
545916 
545917 
545918 
545919 
545941 
283798 
545942 
545943 
545944 
545945 
283802 
545946 
545947 
545948 
283805 
545949 
545950 
283807 
545951 
545952 
283809 
545953 
545954 
283811 
545955 
545956 
545957 
545958 
545959 
545960 
545961 
545962 
283819 
545963 
283820 
545964 
283821 
545965 
283822 
545966 
283823 
545967 
283824 
545968 
283825 
545969 
545970 
545971 
545972 
545973 
545974 
545975 
545976 
545977 
545978 
545979 
545980 
545981 
545982 
283840 
283841 
283842 
283843 
283844 
283845 
283846 
283847 
283848 
283851 
283852 
283854 
283855 
283857 
283858 
283859 
21717 
21718 
283868 
283869 
283870 
283871 
283872 
283873 
283874 
21745 
21746 
21747 
21748 
21749 
283903 
283904 
283905 
283906 
283907 
283908 
283909 
283910 
283911 
283912 
283913 
283914 
283915 
283916 
21774 
21775 
21776 
21777 
21778 
21779 
283932 
283934 
283936 
283939 
283941 
283943 
21804 
21805 
21806 
21807 
21808 
21809 
21834 
21835 
21836 
21837 
21838 
21839 
546144 
284001 
546145 
546146 
284003 
546147 
546148 
284005 
546149 
546150 
546151 
284008 
21864 
546152 
21865 
546153 
284010 
21866 
546154 
21867 
546155 
284012 
21868 
546156 
21869 
546157 
284014 
284022 
284023 
284024 
284025 
284026 
284027 
284028 
546172 
546173 
546174 
546175 
546176 
546177 
546178 
546179 
546180 
546181 
21894 
546182 
21895 
546183 
21896 
546184 
21897 
546185 
21898 
546186 
284043 
21899 
546187 
284044 
546188 
284045 
546189 
284046 
546190 
284047 
546191 
284048 
546192 
284049 
284050 
284051 
284054 
284055 
284057 
284058 
284061 
284062 
21924 
21925 
21926 
546214 
284071 
21927 
546215 
284072 
21928 
546216 
284073 
21929 
546217 
284074 
546218 
284075 
546219 
284076 
546220 
284077 
21955 
21956 
21957 
21958 
21959 
284106 
284107 
284108 
284109 
284110 
284111 
284112 
284113 
284114 
284115 
284116 
284117 
284118 
284119 
546263 
546264 
546265 
546266 
546267 
546268 
546269 
546270 
546271 
546272 
546273 
21986 
546274 
21987 
546275 
21988 
546276 
21989 
284135 
284137 
284139 
284142 
284144 
284146 
546298 
546299 
546300 
546301 
546302 
546303 
546304 
546305 
546306 
546307 
546308 
546309 
546310 
546311 
546312 
546313 
546314 
546315 
546316 
546317 
546318 
546319 
546320 
546321 
546322 
546323 
546324 
546325 
546326 
546327 
546328 
546329 
546330 
546331 
546332 
546333 
546334 
546335 
546336 
546337 
546338 
546339 
284204 
284208 
284211 
284213 
284215 
284217 
284225 
284226 
284227 
284228 
284229 
284230 
284231 
284246 
284247 
284248 
284249 
284250 
284251 
284252 
284253 
284254 
284257 
284258 
284260 
284261 
284262 
284264 
284265 
284274 
284275 
284276 
284277 
284278 
284279 
284280 
284309 
284310 
284311 
284312 
284313 
284314 
284315 
284316 
284317 
284318 
284319 
284320 
284321 
284322 
284337 
284338 
284340 
284342 
284345 
284347 
284349 
546501 
546502 
546503 
546504 
546505 
546506 
546507 
546508 
546509 
546510 
546511 
546512 
546513 
546514 
546529 
546530 
546531 
546532 
546533 
546534 
546535 
546536 
546537 
546538 
546539 
546540 
546541 
546542 
546543 
546544 
22257 
546545 
22258 
546546 
22259 
546547 
546548 
546549 
284407 
284409 
284411 
284414 
284416 
284417 
284418 
284420 
546571 
284428 
546572 
284429 
22285 
546573 
284430 
22286 
546574 
284431 
22287 
546575 
284432 
22288 
546576 
284433 
22289 
546577 
284434 
284449 
284450 
284451 
284452 
284453 
284454 
284455 
284456 
284457 
22314 
22315 
284460 
22316 
284461 
22317 
22318 
284463 
22319 
284464 
284467 
284468 
546620 
284477 
546621 
284478 
546622 
284479 
546623 
284480 
546624 
284481 
546625 
284482 
546626 
284483 
546627 
546628 
546629 
546630 
546631 
22344 
546632 
22345 
546633 
22346 
22347 
22348 
22349 
546655 
284512 
546656 
284513 
546657 
284514 
546658 
284515 
546659 
284516 
546660 
284517 
546661 
284518 
22374 
546662 
284519 
22375 
546663 
284520 
22376 
546664 
284521 
22377 
546665 
284522 
22378 
546666 
284523 
22379 
546667 
284524 
546668 
284525 
546669 
546670 
546671 
546672 
546673 
546674 
546675 
546676 
546677 
546678 
546679 
546680 
546681 
546682 
546683 
546684 
284541 
546685 
546686 
284543 
546687 
546688 
284545 
546689 
546690 
22403 
546691 
284548 
22404 
546692 
22405 
546693 
284550 
22406 
546694 
22407 
546695 
284552 
22408 
546696 
22409 
22434 
22435 
22436 
22437 
22438 
22439 
22464 
22465 
284610 
22466 
22467 
22468 
22469 
284614 
284617 
284619 
284621 
284623 
284631 
284632 
284633 
284634 
284635 
284636 
284637 
22495 
22496 
22497 
22498 
22499 
284652 
284653 
284654 
284655 
284656 
284657 
284658 
284659 
284660 
284663 
284664 
284666 
284667 
284670 
22526 
284671 
22527 
22528 
22529 
284680 
284681 
284682 
284683 
284684 
284685 
284686 
546858 
284715 
546859 
284716 
546860 
284717 
546861 
284718 
546862 
284719 
546863 
284720 
546864 
284721 
546865 
284722 
546866 
284723 
546867 
284724 
546868 
284725 
546869 
284726 
546870 
284727 
546871 
284728 
546886 
546887 
284744 
546888 
546889 
284746 
546890 
546891 
284748 
546892 
546893 
546894 
284751 
546895 
546896 
284753 
546897 
546898 
284755 
546899 
546900 
546901 
546902 
546903 
546904 
546905 
546906 
546928 
546929 
546930 
546931 
546932 
546933 
546934 
284813 
284817 
284820 
284822 
284824 
284826 
546977 
284834 
546978 
284835 
546979 
284836 
546980 
284837 
546981 
284838 
546982 
284839 
546983 
284840 
546984 
546985 
546986 
546987 
546988 
546989 
546990 
284855 
284856 
284857 
284858 
284859 
284860 
284861 
284862 
284863 
284866 
284867 
547012 
284869 
547013 
284870 
547014 
547015 
547016 
284873 
547017 
284874 
547018 
547019 
547020 
547021 
547022 
547023 
547024 
547025 
547026 
284883 
547027 
284884 
547028 
284885 
547029 
284886 
547030 
284887 
547031 
284888 
547032 
284889 
547033 
547034 
547035 
547036 
547037 
547038 
547039 
547040 
547041 
547042 
547043 
547044 
547045 
547046 
547047 
547048 
547049 
547050 
547051 
547052 
547053 
284918 
284919 
284920 
284921 
284922 
284923 
284924 
284925 
284926 
284927 
284928 
284929 
284930 
284931 
22797 
22798 
22799 
284947 
284948 
284949 
284951 
284952 
284954 
284956 
284958 
22825 
22826 
22827 
22828 
22829 
22854 
22855 
22856 
22857 
22858 
22859 
285016 
285017 
285020 
285021 
285022 
285023 
285024 
285025 
285027 
22884 
285029 
22885 
22886 
22887 
22888 
22889 
285037 
285038 
285039 
285040 
285041 
285042 
285043 
285058 
22914 
285059 
22915 
285060 
22916 
285061 
22917 
285062 
22918 
285063 
22919 
285064 
285065 
285066 
285069 
285070 
547215 
285072 
547216 
285073 
547217 
547218 
285075 
547219 
285076 
547220 
285077 
547221 
547222 
547223 
547224 
547225 
547226 
547227 
547228 
285086 
285087 
22943 
285088 
22944 
285089 
22945 
285090 
22946 
285091 
22947 
285092 
22948 
22949 
547243 
547244 
547245 
547246 
547247 
547248 
547249 
547250 
547251 
547252 
547253 
547254 
547255 
547256 
547257 
547258 
547259 
547260 
547261 
22974 
547262 
22975 
547263 
22976 
285121 
22977 
285122 
22978 
285123 
22979 
285124 
285125 
285126 
285127 
285128 
285129 
285130 
285131 
285132 
285133 
285134 
547285 
547286 
547287 
547288 
547289 
547290 
547291 
23004 
23005 
285150 
23006 
23007 
285152 
23008 
23009 
285154 
285157 
285158 
285159 
285161 
23035 
23036 
23037 
23038 
23039 
547334 
547335 
547336 
547337 
547338 
547339 
547340 
547341 
547342 
547343 
547344 
547345 
547346 
547347 
23066 
23067 
23068 
23069 
285219 
285223 
547369 
285226 
547370 
547371 
285228 
547372 
547373 
285230 
547374 
547375 
285232 
547376 
547377 
547378 
547379 
547380 
547381 
547382 
547383 
285240 
547384 
285241 
547385 
285242 
547386 
285243 
547387 
285244 
547388 
285245 
547389 
285246 
547390 
547391 
547392 
547393 
547394 
547395 
547396 
547397 
547398 
547399 
547400 
547401 
547402 
547403 
547404 
285261 
547405 
285262 
547406 
285263 
547407 
285264 
547408 
285265 
547409 
285266 
547410 
285267 
285268 
285269 
285272 
285273 
285275 
285276 
285278 
285279 
285280 
285289 
285290 
285291 
285292 
285293 
285294 
285295 
285324 
285325 
285326 
285327 
285328 
285329 
285330 
285331 
285332 
285333 
285334 
285335 
285336 
285337 
285353 
285355 
285357 
285360 
285362 
285364 
285422 
285424 
285426 
285428 
547572 
285429 
547573 
285430 
547574 
285431 
547575 
547576 
285433 
547577 
547578 
285435 
547579 
547580 
547581 
547582 
547583 
547584 
547585 
285443 
285444 
285445 
285446 
285447 
285448 
285449 
547600 
547601 
547602 
547603 
547604 
547605 
547606 
547607 
285464 
547608 
285465 
547609 
285466 
547610 
285467 
547611 
285468 
547612 
285469 
547613 
285470 
547614 
285471 
547615 
285472 
547616 
547617 
547618 
285475 
547619 
285476 
547620 
285478 
285479 
23337 
285482 
23338 
285483 
285490 
285492 
285493 
285494 
285495 
285496 
285497 
285498 
547642 
547643 
547644 
547645 
547646 
547647 
547648 
23365 
23366 
23367 
23368 
23369 
285527 
285528 
285529 
285530 
285531 
285532 
285533 
285534 
285535 
285536 
285537 
285538 
23394 
285539 
23395 
285540 
23396 
23397 
23398 
23399 
547691 
547692 
547693 
547694 
547695 
547696 
547697 
547698 
285555 
547699 
285556 
547700 
547701 
285558 
547702 
547703 
285560 
547704 
285563 
285564 
285565 
285567 
285568 
23424 
23425 
23426 
23427 
23428 
23429 
547726 
547727 
547728 
547729 
547730 
547731 
547732 
547733 
547734 
547735 
547736 
547737 
547738 
547739 
547740 
547741 
23454 
547742 
23455 
547743 
23456 
547744 
23457 
547745 
23458 
547746 
23459 
547747 
547748 
547749 
547750 
547751 
547752 
547753 
547754 
547755 
547756 
547757 
547758 
547759 
547760 
547761 
547762 
547763 
547764 
547765 
547766 
547767 
285625 
285627 
23484 
285629 
23485 
23486 
23487 
285632 
23488 
23489 
285634 
285636 
285638 
285646 
285647 
285648 
285649 
285650 
285651 
285652 
23514 
23515 
23516 
23517 
23518 
23519 
285667 
285668 
285669 
285670 
285671 
285672 
285673 
285674 
285675 
285678 
285679 
285681 
285682 
285685 
285686 
23544 
23545 
23546 
23547 
23548 
23549 
285695 
285696 
285697 
285698 
285699 
285700 
285701 
23575 
23576 
23577 
23578 
23579 
285730 
285731 
285732 
285733 
285734 
285735 
285736 
285737 
285738 
285739 
285740 
285741 
285742 
285743 
23606 
23607 
23608 
23609 
285759 
285761 
285763 
285766 
285767 
285768 
285770 
547929 
547930 
547931 
547932 
547933 
547934 
547935 
547936 
547937 
547938 
547939 
547940 
547941 
547942 
547957 
547958 
547959 
547960 
547961 
547962 
547963 
547964 
547965 
547966 
547967 
547968 
547969 
547970 
547971 
285828 
547972 
547973 
547974 
547975 
285832 
547976 
547977 
285835 
285837 
285839 
285841 
285849 
285850 
285851 
285852 
285853 
285854 
285855 
547999 
548000 
548001 
548002 
548003 
548004 
548005 
285870 
285871 
285872 
285873 
285874 
285875 
285876 
285877 
285878 
285881 
285882 
285884 
285885 
285888 
285889 
285895 
285898 
285899 
285900 
285901 
285902 
285903 
285904 
548048 
548049 
548050 
548051 
548052 
548053 
548054 
548055 
548056 
548057 
548058 
548059 
548060 
548061 
285933 
285934 
285935 
285936 
285937 
285938 
285939 
548083 
285940 
548084 
285941 
548085 
285942 
548086 
285943 
548087 
285944 
548088 
285945 
548089 
285946 
548090 
548091 
548092 
548093 
548094 
548095 
548096 
548097 
548098 
548099 
548100 
548101 
548102 
548103 
548104 
548105 
285962 
548106 
548107 
285964 
548108 
548109 
285966 
548110 
548111 
548112 
285969 
548113 
548114 
285971 
548115 
548116 
285973 
548117 
548118 
548119 
548120 
548121 
548122 
548123 
548124 
23877 
23878 
286031 
286033 
286035 
286038 
286040 
286042 
286044 
23905 
23906 
23907 
286052 
23908 
286053 
23909 
286054 
286055 
286056 
286057 
286058 
286073 
286074 
286075 
286076 
286077 
286078 
23934 
286079 
23935 
286080 
23936 
286081 
23937 
23938 
23939 
286084 
286085 
286087 
286088 
286091 
286092 
286101 
286102 
286103 
286104 
286105 
286106 
286107 
23964 
23965 
23966 
23967 
23968 
23969 
286136 
286137 
286138 
23994 
286139 
23995 
286140 
23996 
286141 
23997 
286142 
23998 
548286 
286143 
23999 
548287 
286144 
548288 
286145 
548289 
286146 
548290 
286147 
548291 
286148 
548292 
286149 
548293 
548294 
548295 
548296 
548297 
548298 
548299 
286165 
286167 
24024 
286169 
24025 
24026 
548314 
24027 
548315 
286172 
24028 
548316 
24029 
548317 
286174 
548318 
548319 
286176 
548320 
548321 
548322 
548323 
548324 
548325 
548326 
548327 
548328 
548329 
548330 
548331 
548332 
548333 
548334 
24054 
24055 
24056 
24057 
24058 
24059 
548356 
548357 
548358 
548359 
548360 
548361 
548362 
24084 
24085 
24086 
24087 
24088 
24089 
286234 
286238 
286241 
286243 
286245 
286247 
286255 
286256 
286257 
286258 
286259 
24115 
286260 
24116 
286261 
24117 
548405 
24118 
548406 
24119 
548407 
548408 
548409 
548410 
548411 
548412 
548413 
548414 
548415 
548416 
548417 
548418 
286276 
286277 
286278 
286279 
286280 
286281 
286282 
286283 
286284 
286287 
286288 
286290 
24146 
286291 
24147 
24148 
24149 
286294 
286295 
548440 
548441 
548442 
548443 
548444 
548445 
548446 
548447 
286304 
548448 
286305 
548449 
286306 
548450 
286307 
548451 
286308 
548452 
286309 
548453 
286310 
548454 
548455 
548456 
548457 
548458 
548459 
548460 
548461 
548462 
548463 
548464 
548465 
548466 
548467 
548468 
548469 
548470 
548471 
548472 
548473 
548474 
548475 
548476 
548477 
548478 
548479 
548480 
548481 
286339 
286340 
286341 
286342 
286343 
286344 
286345 
286346 
286347 
286348 
286349 
286350 
286351 
286352 
286368 
286370 
286372 
286375 
286377 
286379 
286437 
286441 
286444 
286446 
286448 
286450 
286458 
286459 
286460 
286461 
286462 
286463 
286464 
286479 
286480 
286481 
286482 
286483 
286484 
286485 
286486 
286487 
286490 
286491 
286493 
286494 
286497 
286498 
548643 
548644 
548645 
548646 
548647 
548648 
548649 
548650 
286507 
548651 
286508 
548652 
286509 
548653 
286510 
548654 
286511 
548655 
286512 
548656 
286513 
548671 
548672 
548673 
548674 
548675 
548676 
548677 
548678 
548679 
548680 
548681 
548682 
548683 
548684 
548685 
286542 
548686 
286543 
548687 
286544 
548688 
286545 
548689 
286546 
548690 
286547 
548691 
286548 
286549 
286550 
286551 
286552 
286553 
286554 
286555 
24417 
24418 
548713 
286570 
548714 
286571 
548715 
548716 
286573 
548717 
286574 
548718 
286575 
548719 
286578 
286580 
286582 
24445 
24446 
24447 
24448 
24449 
24474 
548762 
24475 
548763 
24476 
548764 
24477 
548765 
24478 
548766 
24479 
548767 
548768 
548769 
548770 
548771 
548772 
548773 
548774 
548775 
286640 
286644 
286647 
24504 
286649 
24505 
24506 
286651 
24507 
24508 
286653 
24509 
548797 
548798 
548799 
548800 
548801 
548802 
548803 
548804 
286661 
548805 
286662 
548806 
286663 
548807 
286664 
548808 
286665 
548809 
286666 
548810 
286667 
548811 
548812 
548813 
548814 
548815 
548816 
548817 
548818 
548819 
548820 
548821 
24534 
548822 
24535 
548823 
24536 
548824 
24537 
548825 
286682 
24538 
548826 
286683 
24539 
548827 
286684 
548828 
286685 
548829 
286686 
548830 
286687 
548831 
286688 
548832 
286689 
548833 
286690 
548834 
548835 
548836 
286693 
548837 
286694 
548838 
286696 
286697 
286700 
286701 
24564 
24565 
286710 
24566 
286711 
24567 
286712 
24568 
286713 
24569 
286714 
286715 
286716 
24594 
24595 
24596 
24597 
24598 
24599 
286745 
286746 
286747 
286748 
286749 
286750 
286751 
286752 
286753 
286754 
286755 
286756 
286757 
286758 
24624 
24625 
24626 
24627 
24628 
24629 
286774 
286776 
286778 
286781 
286783 
286785 
24655 
24656 
24657 
24658 
24659 
24686 
24687 
24688 
24689 
286843 
286847 
286849 
286850 
286852 
286854 
286856 
549000 
549001 
549002 
549003 
549004 
549005 
549006 
549007 
286864 
549008 
286865 
549009 
286866 
549010 
286867 
549011 
286868 
549012 
286869 
549013 
286870 
549028 
286885 
549029 
286886 
549030 
286887 
549031 
286888 
549032 
286889 
549033 
286890 
549034 
286891 
549035 
286892 
549036 
286893 
549037 
549038 
549039 
286896 
549040 
286897 
549041 
549042 
286899 
549043 
286900 
549044 
549045 
549046 
286903 
549047 
286904 
549048 
286913 
286914 
286915 
286916 
286917 
286918 
286919 
549070 
549071 
549072 
549073 
549074 
549075 
549076 
286948 
286949 
286950 
286951 
286952 
286953 
286954 
286955 
286956 
286957 
286958 
286959 
286960 
286961 
549119 
549120 
286977 
549121 
549122 
286979 
549123 
549124 
286981 
549125 
549126 
549127 
286984 
549128 
549129 
286986 
549130 
549131 
286988 
549132 
549154 
549155 
549156 
549157 
549158 
549159 
549160 
549161 
549162 
549163 
549164 
549165 
549166 
549167 
549168 
549169 
549170 
549171 
549172 
549173 
549174 
549175 
549176 
549177 
549178 
549179 
549180 
549181 
549182 
549183 
549184 
549185 
549186 
549187 
549188 
549189 
287046 
549190 
549191 
287048 
549192 
549193 
287050 
549194 
549195 
287053 
287055 
287057 
287059 
287067 
287068 
287069 
287070 
287071 
287072 
287073 
287088 
287089 
287090 
287091 
287092 
287093 
287094 
287095 
287096 
287099 
287100 
24957 
287102 
24958 
287103 
287106 
287107 
287116 
287117 
287118 
287119 
287120 
287121 
287122 
24985 
24986 
24987 
24988 
24989 
287151 
287152 
287153 
287154 
287155 
287156 
287157 
287158 
25014 
287159 
25015 
287160 
25016 
287161 
25017 
287162 
25018 
287163 
25019 
287164 
287180 
287182 
287184 
287187 
25044 
287189 
25045 
25046 
287191 
25047 
25048 
25049 
549357 
549358 
549359 
549360 
549361 
25074 
549362 
25075 
549363 
25076 
549364 
25077 
549365 
25078 
549366 
25079 
549367 
549368 
549369 
549370 
549385 
549386 
549387 
549388 
549389 
549390 
549391 
25104 
549392 
287249 
25105 
549393 
25106 
549394 
25107 
549395 
25108 
549396 
287253 
25109 
549397 
549398 
549399 
287256 
549400 
549401 
287258 
549402 
549403 
287260 
549404 
549405 
287262 
287270 
287271 
287272 
287273 
287274 
287275 
287276 
25134 
25135 
25136 
25137 
25138 
25139 
549427 
549428 
549429 
549430 
549431 
549432 
549433 
287291 
287292 
287293 
287294 
287295 
287296 
287297 
287298 
287299 
287302 
287303 
287305 
287306 
25164 
287309 
25165 
287310 
25166 
25167 
25168 
25169 
287319 
287320 
287321 
287322 
287323 
287324 
287325 
549476 
549477 
549478 
549479 
549480 
549481 
549482 
25195 
549483 
25196 
549484 
25197 
549485 
25198 
549486 
25199 
549487 
549488 
549489 
287354 
287355 
287356 
287357 
287358 
287359 
287360 
287361 
287362 
287363 
287364 
287365 
287366 
287367 
549511 
549512 
549513 
25226 
549514 
25227 
549515 
25228 
549516 
25229 
549517 
549518 
549519 
549520 
549521 
549522 
549523 
549524 
549525 
549526 
287383 
549527 
549528 
287385 
549529 
549530 
287387 
549531 
549532 
549533 
287390 
549534 
549535 
287392 
549536 
549537 
287394 
549538 
549539 
549540 
549541 
549542 
549543 
549544 
549545 
549546 
549547 
549548 
549549 
549550 
549551 
549552 
287452 
287454 
287456 
287459 
287461 
287463 
287465 
287473 
287474 
287475 
287476 
287477 
287478 
287479 
287494 
287495 
287496 
287497 
287498 
287499 
287500 
287501 
287502 
287505 
287506 
287508 
287509 
287511 
287512 
287513 
287516 
287520 
287522 
287523 
287524 
287525 
287526 
287527 
287528 
287557 
287558 
287559 
287560 
287561 
287562 
287563 
287564 
287565 
287566 
287567 
287568 
287569 
287570 
549714 
549715 
549716 
549717 
549718 
549719 
549720 
549721 
549722 
549723 
549724 
549725 
549726 
549727 
287586 
287588 
287590 
287593 
287595 
287597 
549742 
549743 
549744 
549745 
549746 
549747 
549748 
549749 
549750 
549751 
549752 
549753 
549754 
549755 
549756 
549757 
549758 
549759 
549760 
549761 
549762 
549784 
25497 
549785 
25498 
549786 
549787 
549788 
549789 
549790 
287655 
287659 
287662 
287664 
287665 
287666 
287668 
25525 
25526 
25527 
25528 
25529 
287676 
287677 
287678 
287679 
287680 
287681 
287682 
549833 
549834 
549835 
549836 
549837 
549838 
549839 
549840 
287697 
549841 
287698 
25554 
549842 
287699 
25555 
549843 
287700 
25556 
549844 
287701 
25557 
549845 
287702 
25558 
549846 
287703 
25559 
287704 
287705 
287708 
287709 
287711 
287712 
287715 
287716 
549868 
287725 
549869 
287726 
549870 
287727 
549871 
287728 
25584 
549872 
287729 
25585 
549873 
287730 
25586 
549874 
287731 
25587 
549875 
25588 
549876 
25589 
549877 
549878 
549879 
549880 
549881 
549882 
549883 
549884 
549885 
549886 
549887 
549888 
549889 
549890 
549891 
549892 
549893 
549894 
549895 
549896 
549897 
549898 
549899 
549900 
549901 
25614 
549902 
25615 
549903 
287760 
25616 
549904 
287761 
25617 
549905 
287762 
25618 
549906 
287763 
25619 
549907 
287764 
549908 
287765 
549909 
287766 
287767 
287768 
287769 
287770 
287771 
287772 
287773 
25644 
287789 
25645 
25646 
287791 
25647 
287792 
25648 
287793 
25649 
287796 
287798 
287800 
25674 
25675 
25676 
25677 
25678 
25679 
25704 
25705 
25706 
25707 
25708 
25709 
287858 
287862 
287865 
287867 
287868 
287869 
287871 
287879 
25735 
287880 
25736 
287881 
25737 
287882 
25738 
287883 
25739 
287884 
287885 
287900 
287901 
287902 
287903 
287904 
287905 
287906 
287907 
287908 
25766 
287911 
25767 
287912 
25768 
25769 
287914 
287915 
287918 
287919 
550071 
287928 
550072 
287929 
550073 
287930 
550074 
287931 
550075 
287932 
550076 
287933 
550077 
287934 
550078 
550079 
550080 
550081 
550082 
550083 
550084 
287963 
287964 
287965 
287966 
287967 
287968 
287969 
550113 
287970 
550114 
287971 
550115 
287972 
550116 
287973 
550117 
287974 
550118 
287975 
550119 
287976 
550120 
550121 
550122 
550123 
550124 
550125 
550126 
550127 
550128 
550129 
550130 
550131 
550132 
550133 
287992 
287994 
287996 
287999 
288001 
288003 
288004 
550162 
550163 
550164 
550165 
550166 
550167 
550168 
288061 
288063 
288065 
550211 
288068 
550213 
288070 
550214 
288072 
550216 
288074 
550218 
550219 
550220 
550221 
550222 
550223 
550224 
550225 
288082 
550226 
288083 
550227 
288084 
550228 
288085 
550229 
288086 
550230 
288087 
550231 
288088 
288103 
288104 
288105 
288106 
288107 
288108 
288109 
550253 
288110 
550254 
288111 
550255 
550256 
550257 
288114 
550258 
288115 
550259 
550260 
288117 
550261 
288118 
550262 
550263 
288120 
550264 
288121 
550265 
288122 
550266 
550267 
550268 
550269 
550270 
550271 
550272 
550273 
550274 
288131 
550275 
288132 
550276 
288133 
550277 
288134 
550278 
288135 
550279 
288136 
550280 
288137 
550281 
550282 
550283 
550284 
550285 
550286 
550287 
550288 
550289 
550290 
550291 
550292 
550293 
550294 
288166 
288167 
288168 
288169 
288170 
288171 
288172 
288173 
288174 
288175 
288176 
288177 
288178 
288179 
26037 
26038 
550337 
550338 
288195 
550339 
550340 
288197 
550341 
550342 
288199 
550343 
550344 
550345 
288202 
550346 
288203 
550347 
288204 
550348 
550349 
288206 
550350 
288207 
550351 
550352 
26065 
550353 
26066 
550354 
26067 
550355 
26068 
550356 
26069 
550357 
26094 
26095 
26096 
26097 
26098 
26099 
288264 
288268 
26124 
26125 
26126 
288271 
26127 
26128 
288273 
26129 
288275 
288277 
288285 
288286 
288287 
288288 
288289 
288290 
288291 
26154 
26155 
26156 
26157 
26158 
26159 
288306 
288307 
288308 
288309 
288310 
288311 
288312 
288313 
288314 
288317 
288318 
288320 
288321 
288324 
288325 
26184 
26185 
26186 
26187 
26188 
26189 
288334 
288335 
288336 
288337 
288338 
288339 
288340 
26214 
26215 
26216 
26217 
26218 
26219 
288369 
288370 
288371 
288372 
288373 
288374 
288375 
288376 
288377 
288378 
288379 
288380 
288381 
288382 
26244 
26245 
26246 
26247 
26248 
26249 
288398 
288400 
288402 
288405 
288407 
288409 
26275 
26276 
26277 
26278 
26279 
26306 
26307 
26308 
26309 
288467 
288469 
288471 
288473 
288474 
288476 
288478 
288480 
288488 
288489 
288490 
288491 
288492 
288493 
288494 
288509 
288510 
288511 
288512 
288513 
288514 
288515 
288516 
288517 
288520 
288521 
288523 
288524 
288527 
288528 
288537 
288538 
288539 
288540 
288541 
288542 
288543 
288572 
288573 
288574 
288575 
288576 
288577 
288578 
288579 
288580 
288581 
288582 
288583 
288584 
288585 
288601 
288603 
288605 
288608 
288610 
288612 
288670 
288674 
288676 
288677 
288679 
288680 
288681 
288683 
288691 
288692 
288693 
288694 
288695 
288696 
288697 
288712 
288713 
288714 
288715 
288716 
288717 
288718 
288719 
288720 
26577 
26578 
288723 
288724 
288726 
288727 
288730 
288731 
288740 
288741 
288742 
288743 
288744 
288745 
288746 
26605 
26606 
26607 
26608 
26609 
288775 
288776 
288777 
288778 
26634 
288779 
26635 
288780 
26636 
288781 
26637 
288782 
26638 
288783 
26639 
288784 
288785 
288786 
288787 
288788 
288804 
288806 
288808 
26664 
26665 
288810 
26666 
288811 
26667 
26668 
288813 
26669 
288815 
288816 
26694 
26695 
26696 
26697 
26698 
26699 
26724 
26725 
26726 
26727 
26728 
288873 
26729 
288877 
288880 
288882 
288884 
288886 
288894 
288895 
288896 
288897 
288898 
26754 
288899 
26755 
288900 
26756 
26757 
26758 
26759 
288915 
288916 
288917 
288918 
288919 
288920 
288921 
288922 
288923 
288926 
288927 
26784 
288929 
26785 
288930 
26786 
26787 
26788 
288933 
26789 
288934 
288943 
288944 
288945 
288946 
288947 
288948 
288949 
26815 
26816 
26817 
26818 
26819 
551107 
551110 
551111 
551112 
551114 
551115 
551116 
551117 
551118 
551119 
551120 
551121 
288978 
288979 
288980 
551124 
288981 
551125 
288982 
551126 
288983 
288984 
551128 
288985 
288986 
288987 
551131 
288988 
551132 
288989 
551133 
288990 
26846 
288991 
26847 
551135 
26848 
551136 
26849 
551137 
551138 
551139 
551140 
551141 
551142 
551143 
551144 
551145 
551146 
551147 
551148 
551149 
289007 
551152 
289009 
551153 
551154 
289011 
551156 
551157 
289014 
551158 
551159 
289016 
551160 
551161 
289018 
551162 
551163 
551164 
551165 
551166 
551167 
551168 
551169 
289076 
289080 
289083 
289085 
289087 
289089 
289097 
289098 
289099 
289100 
289101 
289102 
289103 
289118 
289119 
289120 
289121 
289122 
289123 
289124 
289125 
289126 
289129 
289130 
289132 
289133 
289135 
289136 
289137 
289146 
289147 
289148 
289149 
289150 
289151 
289152 
551310 
551313 
551314 
551317 
551318 
551319 
551320 
551321 
551322 
551323 
551324 
289181 
551325 
289182 
551326 
289183 
551327 
289184 
551328 
289185 
551329 
289186 
551330 
289187 
289188 
289189 
289190 
289191 
289192 
289193 
289194 
289210 
289212 
289214 
289217 
289219 
289221 
27117 
27118 
27119 
289279 
289280 
289281 
289283 
289285 
289286 
289288 
289289 
27145 
289290 
27146 
27147 
289292 
27148 
27149 
289300 
289301 
289302 
289303 
289304 
289305 
289306 
27174 
27175 
27176 
289321 
27177 
289322 
27178 
289323 
27179 
289324 
289325 
289326 
289327 
289328 
289329 
289332 
289333 
289335 
289336 
289339 
289340 
27204 
289349 
27205 
289350 
27206 
289351 
27207 
289352 
27208 
289353 
27209 
289354 
289355 
27234 
27235 
27236 
27237 
27238 
27239 
289384 
289385 
289386 
289387 
289388 
289389 
289390 
289391 
289392 
289393 
289394 
289395 
289396 
289397 
551548 
551549 
551550 
551551 
27264 
551552 
27265 
551553 
27266 
551554 
27267 
551555 
27268 
551556 
289413 
27269 
551557 
551558 
289415 
551559 
551560 
289417 
551561 
289420 
289422 
289424 
27294 
27295 
27296 
27297 
27298 
27299 
27324 
27325 
27326 
27327 
27328 
27329 
289482 
289483 
289486 
289489 
289491 
289493 
289495 
27355 
27356 
27357 
27358 
289503 
27359 
289504 
289505 
289506 
289507 
289508 
289509 
289524 
289525 
289526 
289527 
289528 
289529 
289530 
27386 
289531 
27387 
289532 
27388 
27389 
289535 
289536 
289538 
289539 
289542 
289543 
289545 
289550 
289552 
289553 
289554 
289555 
289556 
289557 
289558 
289587 
289588 
289589 
289590 
289591 
289592 
289593 
289594 
289595 
289596 
289597 
289598 
289599 
289600 
289616 
289618 
289620 
289623 
289625 
289627 
551801 
551803 
551804 
289685 
289689 
289691 
289692 
289694 
289695 
289696 
289698 
289706 
289707 
289708 
289709 
289710 
289711 
289712 
289727 
289728 
289729 
289730 
289731 
289732 
289733 
289734 
289735 
289738 
289739 
289741 
289742 
289745 
289746 
289755 
289756 
289757 
289758 
289759 
289760 
289761 
551906 
551907 
551908 
551910 
551912 
551913 
551914 
551915 
551916 
551917 
551918 
289790 
289791 
289792 
289793 
289794 
289795 
289796 
289797 
289798 
289799 
289800 
289801 
27657 
289802 
27658 
289803 
27659 
289819 
289821 
289823 
289825 
289826 
289827 
289828 
27685 
289830 
27686 
289831 
27687 
27688 
27689 
27714 
27715 
27716 
27717 
27718 
27719 
289888 
27744 
27745 
27746 
27747 
289892 
27748 
27749 
289895 
289897 
289898 
289899 
289901 
289909 
289910 
289911 
289912 
289913 
289914 
289915 
552059 
552060 
552061 
27774 
552062 
27775 
552063 
27776 
552064 
27777 
552065 
27778 
27779 
289930 
289931 
289932 
289933 
289934 
289935 
289936 
289937 
289938 
289941 
289942 
289944 
289945 
289948 
27804 
289949 
27805 
27806 
27807 
27808 
27809 
289958 
289959 
289960 
289961 
289962 
289963 
289964 
27834 
27835 
27836 
27837 
27838 
27839 
289993 
289994 
289995 
289996 
289997 
289998 
289999 
290000 
290001 
290002 
290003 
290004 
290005 
290006 
27864 
27865 
27866 
27867 
27868 
27869 
290022 
290024 
290026 
290027 
290029 
290031 
290033 
27895 
27896 
27897 
552185 
27898 
27899 
552188 
552189 
552190 
552195 
552196 
552197 
27926 
27927 
27928 
27929 
552220 
552221 
552222 
552223 
552224 
552225 
552226 
552227 
552228 
552229 
552230 
552231 
552232 
552233 
290091 
290095 
290097 
290098 
290099 
290100 
290102 
290104 
552248 
552249 
552250 
552251 
552252 
552253 
552254 
552255 
290112 
552256 
290113 
552257 
290114 
552258 
290115 
552259 
290116 
552260 
290117 
552261 
290118 
552262 
552263 
552264 
552265 
552266 
552267 
552268 
552269 
552272 
552273 
552274 
290133 
290134 
290135 
290136 
290137 
290138 
290139 
290140 
290141 
290144 
290145 
290147 
290148 
290151 
290152 
290161 
290162 
290163 
290164 
290165 
290166 
290167 
552311 
552312 
552313 
552314 
552315 
552316 
552317 
552318 
552319 
552320 
552321 
552322 
552323 
552324 
552339 
290196 
552340 
290197 
552341 
290198 
552342 
290199 
552343 
290200 
552344 
290201 
552345 
290202 
552346 
290203 
552347 
290204 
552348 
290205 
552349 
290206 
552350 
290207 
552351 
290208 
552352 
290209 
552353 
552356 
552357 
552358 
290225 
290227 
290229 
290232 
290234 
290236 
290294 
290298 
290301 
290303 
290305 
290307 
290315 
290316 
290317 
290318 
290319 
290320 
290321 
290336 
290337 
290338 
290339 
290340 
290341 
28197 
290342 
28198 
290343 
28199 
290344 
290347 
290348 
290350 
290351 
290354 
290355 
290362 
290364 
290365 
290366 
290367 
290368 
290369 
28225 
290370 
28226 
28227 
28228 
28229 
28254 
290399 
28255 
290400 
28256 
290401 
28257 
290402 
28258 
290403 
28259 
290404 
290405 
290406 
290407 
290408 
290409 
290410 
290411 
290412 
552570 
552571 
290428 
28284 
552572 
28285 
552573 
290430 
28286 
552574 
28287 
552575 
290432 
28288 
552576 
28289 
552578 
290435 
552579 
290436 
552580 
290437 
552581 
552582 
290439 
552584 
552585 
552586 
552587 
552588 
552589 
552590 
552591 
552592 
552593 
552594 
552595 
552596 
552597 
552598 
552599 
552600 
552601 
28314 
552602 
28315 
552603 
28316 
552604 
28317 
552605 
28318 
552606 
28319 
552607 
552608 
552609 
552610 
552611 
28344 
28345 
28346 
28347 
28348 
28349 
290497 
290501 
290504 
290506 
290508 
290510 
290518 
28374 
290519 
28375 
290520 
28376 
290521 
28377 
290522 
28378 
290523 
28379 
290524 
290539 
290540 
290541 
290542 
290543 
290544 
290545 
290546 
290547 
28404 
28405 
290550 
28406 
290551 
28407 
28408 
290553 
28409 
290554 
290557 
290558 
290567 
290568 
290569 
290570 
290571 
290572 
290573 
28435 
28436 
28437 
28438 
28439 
552738 
552739 
552740 
552741 
552742 
552743 
552744 
290602 
290603 
290604 
290605 
290606 
290607 
290608 
290609 
290610 
28466 
290611 
28467 
290612 
28468 
290613 
28469 
290614 
290615 
290631 
290633 
290635 
552781 
290638 
290640 
552785 
290642 
552787 
552788 
552789 
552790 
552791 
552792 
552793 
552794 
552795 
552796 
552797 
552798 
552799 
552800 
290700 
290704 
290707 
290708 
290709 
290711 
290713 
552864 
290721 
552865 
290722 
552866 
290723 
552867 
290724 
552868 
290725 
552869 
290726 
552870 
290727 
552871 
552872 
552873 
552874 
552875 
552876 
552877 
290742 
290743 
290744 
290745 
290746 
290747 
290748 
290749 
290750 
290753 
290754 
290756 
290757 
290760 
290761 
290767 
290770 
290771 
290772 
290773 
290774 
290775 
290776 
552941 
552942 
552943 
552944 
552945 
552946 
552947 
290805 
290806 
290807 
290808 
290809 
290810 
290811 
290812 
290813 
290814 
290815 
290816 
290817 
290818 
552962 
552963 
552965 
552966 
552967 
552969 
552970 
552971 
552973 
552975 
552976 
552977 
290834 
552978 
552979 
290836 
552980 
552981 
290838 
552982 
552983 
552984 
290841 
552985 
552986 
290843 
552987 
552988 
290845 
552989 
290846 
552990 
552991 
552992 
552993 
552994 
552995 
552996 
552997 
552998 
552999 
553000 
553001 
553002 
553003 
553004 
553005 
553006 
553007 
553008 
553009 
553010 
553011 
553012 
553013 
553014 
553015 
553016 
553017 
28737 
28738 
28739 
290903 
290907 
290909 
28765 
290910 
28766 
28767 
290912 
28768 
28769 
290914 
290916 
290924 
290925 
290926 
290927 
290928 
290929 
290930 
28794 
28795 
28796 
28797 
28798 
28799 
290945 
290946 
290947 
290948 
290949 
290950 
290951 
290952 
290953 
290956 
290957 
290959 
553103 
290960 
553104 
553105 
290963 
553107 
290964 
553108 
553109 
553110 
553111 
28824 
553112 
28825 
553113 
28826 
553114 
290971 
28827 
28828 
553116 
290973 
28829 
553117 
290974 
553118 
290975 
553119 
290976 
553120 
290977 
553121 
290978 
553122 
290979 
553123 
553124 
553125 
553126 
553127 
553128 
553129 
553130 
553131 
553132 
553133 
553134 
553135 
553136 
553137 
553138 
553139 
553140 
553141 
28854 
553142 
28855 
553143 
28856 
28857 
28858 
28859 
291008 
291009 
291010 
291011 
291012 
291013 
291014 
291015 
291016 
291017 
291018 
291019 
291020 
291021 
28884 
28885 
28886 
28887 
28888 
28889 
291037 
291039 
291041 
291044 
291046 
291048 
553200 
553201 
28914 
553202 
28915 
553203 
28916 
553204 
28917 
553205 
28918 
553206 
28919 
553221 
553222 
553223 
553224 
553225 
553226 
553227 
553228 
553229 
553230 
553231 
28944 
553232 
28945 
553233 
28946 
553234 
28947 
28948 
28949 
291106 
291110 
553256 
291113 
553257 
553258 
291115 
553259 
291116 
553260 
291117 
553261 
553262 
291119 
28975 
553263 
28976 
553264 
28977 
553265 
28978 
553266 
28979 
553267 
553268 
553269 
291127 
291128 
291129 
291130 
291131 
291132 
291133 
291148 
291149 
291150 
29006 
291151 
29007 
291152 
29008 
291153 
29009 
291154 
291155 
291156 
291159 
291160 
291162 
291163 
291166 
291167 
553312 
553313 
553314 
553315 
553316 
553317 
553318 
291176 
291177 
291178 
291179 
291180 
291181 
291182 
553333 
553334 
553336 
553337 
553338 
553340 
553341 
553342 
553344 
553346 
553347 
553348 
553349 
553350 
553351 
553352 
553353 
553354 
291211 
553355 
291212 
553356 
291213 
553357 
291214 
553358 
291215 
553359 
291216 
553360 
291217 
553361 
291218 
553362 
291219 
553363 
291220 
553364 
291221 
553365 
291222 
553366 
291223 
553367 
291224 
553368 
553369 
553370 
553371 
553372 
553373 
553374 
553375 
553376 
553377 
553378 
553379 
553380 
553381 
553382 
553383 
291240 
553384 
553385 
291242 
553386 
553387 
291244 
553388 
291247 
291249 
291251 
291309 
291313 
291316 
291318 
291320 
291322 
291330 
553474 
291331 
553475 
291332 
553476 
291333 
291334 
553478 
291335 
553479 
291336 
553481 
553482 
553483 
553484 
553485 
553487 
553488 
553489 
553490 
553491 
553492 
553493 
553494 
291351 
553495 
291352 
553496 
291353 
553497 
291354 
553498 
291355 
553499 
291356 
553500 
291357 
553501 
291358 
553502 
291359 
553503 
553504 
553505 
291362 
553506 
291363 
553507 
553508 
291365 
553509 
291366 
553510 
553511 
553512 
291369 
553513 
291370 
553514 
291379 
291380 
291381 
291382 
291383 
291384 
291385 
291414 
291415 
291416 
291417 
291418 
291419 
291420 
291421 
29277 
291422 
29278 
291423 
291424 
291425 
291426 
291427 
553571 
553572 
553573 
553574 
553575 
553576 
553577 
291443 
291445 
291447 
553592 
29305 
553593 
291450 
29306 
553594 
29307 
553595 
291452 
29308 
553596 
29309 
553597 
291454 
553598 
291455 
553599 
553600 
553601 
553602 
553603 
553604 
553605 
29334 
29335 
29336 
29337 
29338 
29339 
553627 
553628 
553629 
553630 
553631 
553632 
553633 
553634 
553635 
553636 
553637 
553638 
553639 
553640 
29364 
29365 
29366 
29367 
291512 
29368 
29369 
291516 
291519 
291521 
291522 
291523 
291525 
291533 
291534 
291535 
291536 
291537 
291538 
29394 
291539 
29395 
553683 
29396 
553684 
29397 
553685 
29398 
553686 
29399 
553687 
553688 
553689 
291554 
291555 
291556 
291557 
291558 
291559 
291560 
553704 
291561 
553705 
291562 
553707 
553708 
291565 
553709 
291566 
29423 
553711 
291568 
29424 
553712 
291569 
29425 
553713 
29426 
29427 
553715 
291572 
29428 
291573 
29429 
553717 
553718 
553719 
553720 
553721 
553722 
291579 
553723 
553724 
553725 
291582 
553726 
291583 
553727 
291584 
553728 
291585 
553729 
291586 
553730 
291587 
553731 
291588 
553732 
553733 
553734 
553735 
553736 
553737 
553738 
553739 
553740 
553741 
29454 
553742 
29455 
553743 
29456 
553744 
29457 
553745 
29458 
553746 
29459 
553747 
553748 
553749 
553750 
553751 
553752 
553753 
553754 
553755 
553756 
553757 
553758 
553759 
291617 
291618 
291619 
291620 
291621 
291622 
291623 
291624 
291625 
291626 
291627 
291628 
29484 
291629 
29485 
291630 
29486 
29487 
29488 
29489 
291646 
291648 
291650 
291653 
291655 
291657 
29515 
29516 
29517 
29518 
29519 
29546 
29547 
29548 
29549 
553844 
553845 
553846 
553847 
553849 
553850 
553852 
553853 
553854 
553855 
553856 
553858 
291715 
553859 
553860 
553861 
553862 
291719 
553863 
553864 
553865 
291722 
553866 
553867 
291724 
553868 
553869 
291726 
553870 
553871 
291728 
553872 
553873 
553874 
553875 
553876 
553877 
553878 
553879 
291736 
553880 
291737 
553881 
291738 
553882 
291739 
553883 
291740 
553884 
291741 
553885 
291742 
291757 
291758 
291759 
291760 
291761 
291762 
291763 
291764 
291765 
291768 
291769 
291771 
291772 
291775 
291776 
291785 
291786 
291787 
291788 
291789 
291790 
291791 
553942 
553943 
553944 
553945 
553946 
553947 
553948 
553963 
291820 
553964 
291821 
553965 
291822 
553966 
291823 
553967 
291824 
553968 
291825 
553969 
291826 
553970 
291827 
553971 
291828 
553972 
291829 
553973 
291830 
553974 
291831 
553975 
291832 
553976 
291833 
291849 
291851 
291853 
553998 
553999 
291856 
554000 
554001 
291858 
554002 
554003 
291860 
554004 
554005 
554006 
554007 
554008 
554009 
554010 
554011 
554054 
554055 
554056 
554057 
554058 
554059 
554060 
291918 
291920 
291922 
291924 
291925 
291927 
291929 
291931 
554075 
554076 
554077 
554078 
554079 
554080 
554082 
291939 
554083 
291940 
554084 
291941 
291942 
554086 
291943 
291944 
554088 
291945 
554089 
554090 
554091 
554092 
554093 
554094 
554095 
554096 
554097 
554098 
554099 
554100 
554101 
554102 
554103 
291960 
554104 
291961 
29817 
554105 
291962 
29818 
554106 
291963 
554107 
291964 
554108 
291965 
554109 
291966 
554110 
291967 
554111 
291968 
554112 
554113 
554114 
291971 
554115 
291972 
554116 
554117 
291974 
554118 
291975 
554119 
554120 
554121 
291978 
554122 
291979 
554123 
554124 
554125 
554126 
554127 
554128 
554129 
554130 
291988 
291989 
29845 
291990 
29846 
291991 
29847 
291992 
29848 
291993 
29849 
291994 
29874 
29875 
29876 
29877 
29878 
292023 
29879 
292024 
292025 
292026 
292027 
292028 
292029 
292030 
292031 
292032 
292033 
292034 
292035 
292036 
29904 
29905 
29906 
29907 
292052 
29908 
29909 
292054 
292056 
292059 
292060 
292061 
292062 
292063 
292064 
554216 
554217 
554218 
554220 
554221 
29934 
29935 
554223 
29936 
554224 
29937 
554225 
29938 
554226 
29939 
554227 
554228 
554229 
554230 
554231 
554232 
554233 
554234 
554235 
554236 
554237 
554238 
554239 
554240 
554241 
554242 
554243 
554244 
554245 
554246 
554247 
554248 
554249 
554250 
554251 
29964 
554252 
29965 
554253 
29966 
554254 
29967 
554255 
29968 
554256 
29969 
292121 
292125 
292128 
292130 
292132 
292134 
29994 
29995 
29996 
29997 
292142 
29998 
292143 
29999 
292144 
292145 
292146 
292147 
292148 
292163 
292164 
292165 
292166 
292167 
292168 
30024 
292169 
30025 
554313 
292170 
30026 
554314 
292171 
30027 
554315 
30028 
554316 
30029 
554317 
292174 
554318 
292175 
554319 
292177 
292178 
292181 
292182 
554334 
292191 
554335 
292192 
554336 
292193 
554337 
292194 
554338 
292195 
554339 
292196 
554340 
292197 
554341 
554342 
30055 
554343 
30056 
554344 
30057 
554345 
30058 
554346 
30059 
554347 
554369 
292226 
554370 
292227 
554371 
292228 
554372 
292229 
554373 
292230 
30086 
554374 
292231 
30087 
554375 
292232 
30088 
554376 
292233 
30089 
554377 
292234 
554378 
292235 
554379 
292236 
554380 
292237 
554381 
292238 
554382 
292239 
292255 
292257 
292258 
292259 
292262 
292263 
292264 
292266 
554425 
554426 
554427 
554428 
554429 
554430 
554431 
554446 
554447 
554449 
554450 
554451 
554453 
554454 
554455 
554456 
554457 
554458 
554459 
554460 
554461 
554462 
554463 
554464 
554465 
554466 
554467 
292324 
554468 
292325 
554469 
292326 
554470 
554471 
292328 
554472 
554473 
554474 
292331 
554475 
554476 
292333 
554477 
554478 
292335 
554479 
554480 
292337 
554481 
554482 
554483 
554484 
554485 
554486 
554487 
554488 
292345 
554489 
292346 
554490 
292347 
554491 
292348 
554492 
292349 
554493 
292350 
554494 
292351 
554495 
554496 
554497 
554498 
554499 
554500 
554501 
292366 
292367 
292368 
292369 
292370 
292371 
292372 
292373 
292374 
292377 
292378 
292380 
292381 
292384 
292385 
292394 
292395 
292396 
292397 
292398 
292399 
292400 
292429 
292430 
292431 
292432 
292433 
292434 
292435 
292436 
292437 
292438 
292439 
292440 
292441 
292442 
554587 
554588 
554589 
554591 
554592 
554594 
554595 
554596 
554597 
554598 
554600 
554601 
292458 
554602 
554603 
292460 
554604 
554605 
292462 
554606 
554607 
554608 
292465 
554609 
554610 
292467 
554611 
554612 
292469 
554613 
554614 
554615 
554616 
554617 
554618 
554619 
554620 
554621 
554622 
554623 
554624 
554625 
554626 
554627 
30357 
30358 
292527 
30385 
30386 
292531 
30387 
30388 
292533 
30389 
292534 
292536 
292538 
292540 
554684 
554685 
554686 
554687 
554688 
554689 
554690 
292548 
292549 
292550 
292551 
292552 
292553 
292554 
30414 
30415 
30416 
30417 
554705 
30418 
554706 
30419 
554707 
554708 
554709 
554710 
554711 
554712 
292569 
554713 
292570 
554714 
292571 
554715 
292572 
554716 
292573 
554717 
292574 
554718 
292575 
292576 
292577 
292580 
292581 
292583 
292584 
292587 
292588 
30444 
30445 
292590 
30446 
30447 
30448 
30449 
292594 
292595 
554740 
292597 
554741 
292598 
554742 
292599 
554743 
292600 
554744 
292601 
554745 
292602 
554746 
292603 
554747 
554748 
554749 
554750 
554751 
554752 
554753 
30474 
30475 
30476 
30477 
30478 
30479 
292632 
292633 
292634 
292635 
292636 
292637 
292638 
292639 
292640 
292641 
292642 
292643 
292644 
292645 
30504 
30505 
30506 
30507 
30508 
554796 
30509 
554797 
554798 
554799 
554800 
554801 
554802 
292661 
292663 
292665 
292668 
292669 
292670 
292672 
292673 
554817 
554818 
554820 
554821 
30534 
554822 
30535 
30536 
554824 
30537 
554825 
30538 
554826 
30539 
554828 
554830 
554831 
554832 
554833 
554834 
554835 
554836 
554837 
554838 
554839 
554840 
554841 
554842 
554843 
554844 
554845 
554846 
554847 
554848 
554849 
554850 
554851 
30564 
554852 
30565 
554853 
30566 
554854 
30567 
554855 
30568 
554856 
30569 
554857 
554858 
554859 
554860 
554861 
554862 
554863 
554864 
554865 
554866 
554867 
554868 
554869 
554870 
554871 
554872 
292730 
292732 
292734 
292737 
292739 
30595 
30596 
292741 
30597 
30598 
292743 
30599 
292751 
292752 
292753 
292754 
292755 
292756 
292757 
30626 
30627 
292772 
30628 
292773 
30629 
292774 
292775 
292776 
292777 
292778 
292779 
292780 
292783 
292784 
292786 
292787 
292790 
292791 
292794 
292800 
292801 
292802 
292803 
292804 
292805 
292806 
554957 
554958 
554959 
554960 
554961 
554962 
554963 
554965 
554966 
554967 
554968 
554969 
554971 
554972 
554973 
554974 
554975 
554976 
554977 
554978 
292835 
554979 
292836 
554980 
292837 
554981 
292838 
554982 
292839 
554983 
292840 
554984 
292841 
554985 
292842 
554986 
292843 
554987 
292844 
554988 
292845 
554989 
292846 
554990 
292847 
554991 
292848 
554992 
554993 
554994 
554995 
554996 
554997 
554998 
292864 
292865 
292866 
292868 
292871 
292873 
292875 
555055 
555056 
555057 
555058 
555059 
555060 
555061 
555076 
292933 
555077 
555078 
555079 
555080 
292937 
555081 
555082 
555083 
292940 
555084 
555085 
292942 
555086 
555087 
292944 
555088 
555089 
292946 
292954 
292955 
292956 
292957 
292958 
292959 
292960 
555111 
555112 
555113 
555114 
555115 
555116 
555117 
555118 
292975 
555119 
292976 
555120 
292977 
555121 
292978 
555122 
292979 
555123 
292980 
555124 
292981 
292982 
292983 
292986 
292987 
292989 
292990 
292993 
292994 
293003 
293004 
293005 
293006 
293007 
293008 
293009 
555167 
555168 
555169 
555170 
555171 
555172 
555173 
293038 
293039 
293040 
293041 
30897 
293042 
30898 
293043 
293044 
555188 
293045 
555189 
293046 
293047 
555191 
293048 
555192 
293049 
555193 
293050 
293051 
555195 
555196 
555197 
555199 
555201 
555202 
555203 
555204 
555205 
555206 
555207 
555208 
555209 
555210 
293067 
555211 
555212 
293069 
30925 
555213 
30926 
555214 
293071 
30927 
555215 
30928 
555216 
30929 
555217 
293074 
555218 
555219 
293076 
555220 
555221 
293078 
555222 
555223 
555224 
555225 
555226 
555227 
555228 
555229 
555230 
555231 
555232 
555233 
555234 
555235 
555236 
555237 
555238 
555239 
555240 
555241 
30954 
555242 
30955 
555243 
30956 
30957 
30958 
30959 
30984 
30985 
30986 
30987 
30988 
30989 
293136 
293140 
293143 
293145 
293147 
293149 
293157 
293158 
31014 
293159 
31015 
293160 
31016 
293161 
31017 
293162 
31018 
293163 
31019 
293178 
293179 
293180 
293181 
293182 
293183 
293184 
293185 
555329 
293186 
555330 
555331 
31044 
293189 
31045 
555333 
293190 
31046 
555334 
31047 
293192 
31048 
555336 
293193 
31049 
555337 
555338 
555339 
293196 
555340 
293197 
555342 
293199 
555343 
555344 
555345 
555346 
555347 
293204 
555348 
555349 
293206 
555350 
293207 
555351 
293208 
555352 
293209 
555353 
293210 
555354 
293211 
555355 
293212 
555356 
555357 
555358 
555359 
555360 
555361 
31074 
555362 
31075 
555363 
31076 
555364 
31077 
555365 
31078 
555366 
31079 
555367 
555368 
555369 
293241 
293242 
293243 
293244 
293245 
293246 
293247 
293248 
31104 
293249 
31105 
293250 
31106 
293251 
31107 
293252 
31108 
293253 
31109 
293254 
293270 
293272 
293274 
293277 
293279 
31135 
31136 
293281 
31137 
31138 
555426 
31139 
555427 
555428 
555429 
555430 
555431 
555432 
555447 
555448 
555449 
555450 
555451 
555452 
555453 
31166 
555454 
31167 
555455 
31168 
555456 
31169 
555457 
555458 
555459 
555460 
555482 
293339 
555483 
555484 
555485 
555486 
293343 
555487 
293344 
555488 
555489 
293346 
555490 
555491 
293348 
555492 
555493 
293350 
555494 
555495 
293352 
293360 
293361 
293362 
293363 
293364 
293365 
293366 
293381 
293382 
293383 
293384 
293385 
293386 
293387 
293388 
293389 
293392 
293393 
555538 
293395 
555539 
293396 
555540 
555541 
555542 
293399 
555543 
293400 
555544 
293409 
293410 
293411 
293412 
293413 
293414 
293415 
555559 
555560 
555562 
555563 
555564 
555566 
555567 
555568 
555570 
555572 
555573 
555574 
555575 
555576 
555577 
555578 
555579 
555580 
555581 
555582 
555583 
555584 
555585 
555586 
555587 
293444 
555588 
293445 
555589 
293446 
555590 
293447 
555591 
293448 
555592 
293449 
555593 
293450 
555594 
293451 
555595 
293452 
555596 
293453 
555597 
293454 
555598 
293455 
555599 
293456 
555600 
293457 
555601 
555602 
555603 
555604 
555605 
555606 
555607 
555608 
555609 
555610 
555611 
555612 
555613 
555614 
293473 
293475 
293477 
293480 
293482 
293484 
293542 
293546 
293549 
293551 
293553 
293555 
555700 
555701 
555702 
555704 
555705 
293563 
555707 
293564 
555708 
293565 
555709 
293566 
555710 
293567 
555711 
293568 
293569 
555713 
555714 
555715 
555716 
555717 
555718 
555719 
555720 
555721 
555722 
555723 
555724 
31437 
555725 
31438 
555726 
555727 
293584 
555728 
293585 
555729 
293586 
555730 
293587 
555731 
293588 
555732 
293589 
555733 
293590 
555734 
293591 
555735 
293592 
555736 
555737 
555738 
293595 
555739 
293596 
555740 
293598 
293599 
293602 
293603 
293605 
31465 
31466 
31467 
293612 
31468 
293613 
31469 
293614 
293615 
293616 
293617 
293618 
31494 
31495 
31496 
31497 
31498 
31499 
293647 
293648 
293649 
293650 
293651 
293652 
293653 
555797 
293654 
555798 
293655 
555799 
293656 
555800 
293657 
555801 
293658 
555802 
293659 
555803 
293660 
31524 
31525 
31526 
31527 
31528 
31529 
555818 
555819 
293676 
555820 
555821 
293678 
555822 
555823 
293680 
555824 
555825 
555826 
293683 
555827 
555828 
293685 
555829 
555830 
293687 
555831 
31554 
31555 
31556 
31557 
31558 
31559 
555853 
555854 
555855 
555856 
555857 
555858 
555859 
555860 
555861 
555862 
555863 
555864 
555865 
555866 
31584 
31585 
31586 
31587 
31588 
31589 
293745 
293749 
293752 
293754 
293756 
293758 
31614 
31615 
31616 
31617 
31618 
31619 
555909 
293766 
555910 
293767 
555911 
293768 
555912 
293769 
555913 
293770 
555914 
293771 
555915 
293772 
555930 
293787 
555931 
293788 
31644 
293789 
31645 
555933 
293790 
31646 
555934 
293791 
31647 
555935 
293792 
31648 
293793 
31649 
555937 
293794 
555938 
293795 
555939 
555941 
293798 
293799 
555943 
555944 
293801 
555945 
293802 
555946 
555947 
555948 
293805 
555949 
293806 
555950 
555951 
555952 
555953 
555954 
555955 
555956 
555957 
555958 
293815 
555959 
293816 
555960 
293817 
555961 
293818 
555962 
293819 
31675 
555963 
293820 
31676 
555964 
293821 
31677 
555965 
31678 
555966 
31679 
555967 
555968 
555969 
555970 
555971 
555972 
555973 
555974 
555975 
555976 
555977 
555978 
555979 
555980 
555981 
555982 
555983 
555984 
555985 
293850 
31706 
293851 
31707 
293852 
31708 
293853 
31709 
293854 
293855 
293856 
293857 
293858 
293859 
293860 
293861 
293862 
293863 
293879 
293881 
293883 
293886 
293888 
293890 
556070 
556071 
556072 
556073 
556075 
556076 
556078 
556079 
556080 
556081 
556082 
556084 
556085 
556086 
556087 
556088 
556089 
556090 
556091 
293948 
556092 
556093 
556094 
556095 
293952 
556096 
556097 
556098 
293955 
556099 
556100 
293957 
556101 
556102 
293959 
556103 
556104 
293961 
556105 
556106 
556107 
556108 
556109 
556110 
556111 
293969 
293970 
293971 
293972 
293973 
293974 
293975 
293990 
293991 
293992 
293993 
293994 
293995 
293996 
293997 
293998 
294001 
294002 
294004 
294005 
294008 
294009 
294018 
294019 
294020 
294021 
294022 
294023 
294024 
556168 
556169 
556170 
556171 
556172 
556173 
556174 
556189 
556190 
556191 
556192 
556193 
556194 
556195 
556196 
294053 
556197 
294054 
556198 
294055 
556199 
294056 
556200 
294057 
556201 
294058 
556202 
294059 
294060 
294061 
294062 
294063 
294064 
294065 
294066 
556224 
556225 
294082 
556226 
556227 
294084 
556228 
556229 
294086 
556230 
556231 
556232 
294089 
556233 
556234 
294091 
556235 
556236 
294093 
556237 
31977 
31978 
556280 
556281 
556282 
556283 
556284 
556285 
556286 
32005 
32006 
294151 
32007 
294152 
32008 
294153 
32009 
294155 
556301 
294158 
556302 
294160 
556304 
556305 
294162 
556306 
294164 
556308 
556309 
556310 
556312 
556314 
556315 
294172 
556316 
294173 
556317 
294174 
556318 
294175 
556319 
294176 
556320 
294177 
556321 
294178 
32034 
556322 
32035 
556323 
32036 
556324 
32037 
556325 
32038 
556326 
32039 
556327 
556328 
556329 
556330 
556331 
556332 
556333 
556334 
556335 
556336 
294193 
556337 
294194 
556338 
294195 
556339 
294196 
556340 
294197 
556341 
294198 
556342 
294199 
556343 
294200 
556344 
294201 
556345 
556346 
556347 
294204 
556348 
294205 
556349 
556350 
294207 
556351 
294208 
32064 
556352 
32065 
556353 
32066 
556354 
294211 
32067 
556355 
294212 
32068 
556356 
32069 
294221 
294222 
294223 
294224 
294225 
294226 
294227 
32094 
32095 
32096 
32097 
32098 
32099 
294256 
294257 
294258 
294259 
294260 
294261 
294262 
294263 
294264 
294265 
294266 
294267 
294268 
32124 
294269 
32125 
32126 
32127 
32128 
32129 
294285 
294287 
294289 
294292 
294294 
294296 
556441 
32154 
556442 
32155 
556443 
32156 
556444 
32157 
556445 
32158 
556446 
32159 
556447 
556449 
556450 
556451 
556452 
556453 
556455 
556456 
556457 
556458 
556459 
556460 
556461 
556462 
556463 
556464 
556465 
556466 
556467 
556468 
556469 
556470 
556471 
32184 
556472 
32185 
556473 
32186 
556474 
32187 
556475 
32188 
556476 
32189 
556477 
556478 
556479 
556480 
556481 
556482 
294354 
294356 
294358 
32215 
294360 
32216 
294361 
32217 
32218 
294363 
32219 
294364 
294365 
294367 
294375 
294376 
294377 
294378 
294379 
294380 
294381 
32246 
32247 
32248 
32249 
556539 
294396 
556540 
294397 
556541 
294398 
556542 
294399 
556543 
294400 
556544 
294401 
556545 
294402 
294403 
294404 
294407 
294408 
294410 
294411 
294414 
294415 
556560 
556561 
556562 
556563 
556564 
556565 
556566 
556567 
294424 
556568 
294425 
556569 
294426 
556570 
294427 
556571 
294428 
556572 
294429 
556573 
294430 
556595 
556596 
556597 
556598 
556599 
556600 
556601 
556602 
294459 
556603 
294460 
556604 
294461 
556605 
294462 
556606 
294463 
556607 
294464 
556608 
294465 
294466 
294467 
294468 
294469 
294470 
294471 
294472 
294488 
294490 
294492 
294495 
294497 
294499 
556651 
556652 
556653 
556654 
556655 
556656 
556657 
556672 
556673 
556674 
556675 
556676 
556677 
556678 
556679 
556680 
556681 
556682 
556683 
556684 
556685 
556686 
556687 
556688 
556689 
556690 
556691 
556692 
556693 
556694 
556695 
556696 
556697 
556698 
556699 
556700 
294557 
556701 
556702 
556703 
556704 
294561 
556705 
556706 
556707 
294564 
556708 
556709 
294566 
556710 
556711 
294568 
556712 
556713 
294570 
556714 
556715 
556716 
556717 
556718 
556719 
556720 
556721 
294578 
556722 
294579 
556723 
294580 
556724 
294581 
556725 
294582 
556726 
294583 
556727 
294584 
294599 
294600 
294601 
294602 
294603 
294604 
294605 
294606 
294607 
294610 
294611 
294613 
294614 
294617 
294618 
294627 
294628 
294629 
294630 
294631 
294632 
294633 
32517 
294662 
32518 
294663 
294664 
294665 
294666 
294667 
294668 
294669 
556813 
294670 
556814 
294671 
556815 
294672 
294673 
556817 
294674 
556818 
294675 
556819 
556820 
556821 
556822 
556823 
556824 
556825 
556826 
556827 
556828 
556829 
556830 
556831 
556832 
32545 
556833 
32546 
556834 
294691 
32547 
556835 
32548 
556836 
294693 
32549 
556837 
556838 
294695 
556839 
556840 
556841 
294698 
556842 
294699 
556843 
294700 
556844 
556845 
294702 
556846 
294703 
556847 
556848 
556849 
556850 
556851 
556852 
556853 
32574 
32575 
32576 
32577 
32578 
32579 
32604 
32605 
32606 
32607 
32608 
32609 
294760 
294762 
294764 
294766 
556910 
294767 
556911 
556912 
294769 
556913 
556914 
294771 
556915 
556916 
294773 
32634 
32635 
32636 
294781 
32637 
294782 
32638 
294783 
32639 
294784 
294785 
294786 
294787 
556931 
556932 
556933 
556934 
556935 
556936 
556937 
556938 
556939 
556940 
556941 
556942 
556943 
556944 
294802 
294803 
294804 
294805 
294806 
294807 
294808 
32664 
294809 
32665 
294810 
32666 
32667 
32668 
294813 
32669 
294814 
294816 
294817 
294819 
294820 
294821 
556966 
556967 
556968 
556969 
556970 
556971 
556972 
556973 
294830 
556974 
294831 
556975 
294832 
556976 
294833 
556977 
294834 
556978 
294835 
556979 
294836 
32694 
32695 
32696 
32697 
32698 
32699 
294865 
294866 
294867 
294868 
32724 
294869 
32725 
294870 
32726 
294871 
32727 
294872 
32728 
294873 
32729 
294874 
294875 
294876 
294877 
294878 
557022 
557023 
557024 
557025 
557026 
557027 
557028 
294894 
294896 
294898 
294899 
32755 
557043 
32756 
557044 
294901 
32757 
557045 
32758 
557046 
294903 
32759 
557047 
557048 
294905 
557049 
557050 
557051 
557052 
557054 
557056 
557057 
557058 
557059 
557060 
557061 
557062 
557063 
557064 
557065 
557066 
557067 
557068 
557069 
557070 
557071 
557072 
557073 
32786 
557074 
32787 
557075 
32788 
557076 
32789 
557077 
557078 
557079 
557080 
557081 
557082 
557083 
557084 
557085 
557086 
557087 
557088 
557089 
557090 
557091 
557092 
557093 
557094 
557095 
557096 
557097 
557098 
294963 
294965 
294967 
294970 
294972 
294973 
294974 
294975 
294976 
294984 
294985 
294986 
294987 
294988 
294989 
294990 
295005 
295006 
295007 
295008 
295009 
295010 
295011 
295012 
295013 
295016 
295017 
295019 
295020 
295023 
295024 
295033 
295034 
295035 
295036 
295037 
295038 
295039 
557183 
557184 
557185 
557186 
557187 
557188 
557189 
557190 
557191 
557192 
557193 
557194 
557195 
557197 
557198 
557199 
557200 
557201 
557202 
557203 
557204 
557205 
557206 
557207 
557208 
557209 
557210 
557211 
295068 
557212 
295069 
557213 
295070 
557214 
295071 
557215 
295072 
557216 
295073 
557217 
295074 
557218 
295075 
557219 
295076 
557220 
295077 
557221 
295078 
557222 
295079 
557223 
295080 
557224 
295081 
295097 
295099 
295101 
295104 
295105 
295106 
295108 
295109 
557281 
557282 
557283 
557284 
557285 
557286 
557287 
557302 
557303 
557304 
557305 
557306 
557307 
557308 
557309 
295166 
557310 
557311 
557312 
557313 
295170 
557314 
557315 
295172 
295173 
295175 
295177 
295179 
295187 
295188 
295189 
295190 
295191 
295192 
295193 
557337 
557338 
557339 
557340 
557341 
557342 
557343 
557344 
33057 
557345 
33058 
557346 
33059 
557347 
557348 
557349 
557350 
295208 
295209 
295210 
295211 
295212 
295213 
295214 
295215 
295216 
295219 
295220 
295222 
295223 
295226 
295227 
33085 
33086 
33087 
33088 
33089 
295236 
295237 
295238 
295239 
295240 
295241 
295242 
557393 
557394 
557395 
557396 
557397 
557398 
557399 
33114 
33115 
33116 
33117 
33118 
33119 
557414 
295271 
557415 
295272 
295273 
557417 
295274 
557418 
295275 
557419 
295276 
557420 
295277 
557421 
295278 
557422 
295279 
557423 
295280 
295281 
557425 
295282 
557426 
295283 
557427 
295284 
557428 
557429 
557430 
557431 
33144 
557432 
33145 
557433 
33146 
557434 
33147 
557435 
33148 
557436 
33149 
557437 
557438 
557439 
557440 
557441 
557442 
557443 
295300 
557444 
557445 
295302 
557446 
295303 
557447 
295304 
557448 
557449 
557450 
295307 
557451 
557452 
295309 
557453 
557454 
295311 
557455 
295312 
557456 
557457 
557458 
557459 
557460 
557461 
33174 
557462 
33175 
557463 
33176 
557464 
33177 
557465 
33178 
557466 
33179 
557467 
557468 
557469 
33204 
33205 
33206 
33207 
33208 
33209 
295369 
295373 
295376 
295378 
33234 
295379 
33235 
295380 
33236 
33237 
295382 
33238 
33239 
295390 
295391 
295392 
295393 
295394 
295395 
295396 
33264 
33265 
33266 
295411 
33267 
557555 
295412 
33268 
557556 
295413 
33269 
557557 
295414 
295415 
557559 
295416 
557560 
295417 
295418 
557562 
295419 
557563 
557564 
557565 
295422 
557566 
295423 
557568 
295425 
557569 
295426 
557570 
557571 
557572 
295429 
557573 
295430 
557574 
557575 
557576 
557577 
557578 
557579 
557580 
557581 
557582 
295439 
33295 
557583 
295440 
33296 
557584 
295441 
33297 
557585 
295442 
33298 
557586 
295443 
33299 
557587 
295444 
557588 
295445 
557589 
557590 
557591 
557592 
557593 
557594 
557595 
33326 
33327 
33328 
33329 
295474 
295475 
295476 
295477 
295478 
295479 
295480 
295481 
295482 
295483 
295484 
295485 
295486 
295487 
295503 
295505 
295507 
557652 
557653 
295510 
557654 
557655 
295512 
557656 
557657 
295514 
557658 
557673 
557674 
557675 
557676 
557677 
557678 
557679 
557680 
557681 
557682 
557683 
557684 
557685 
557686 
557708 
557709 
557710 
557711 
557712 
557713 
557714 
557715 
295572 
557716 
557717 
557718 
557719 
295576 
557720 
557721 
295579 
295581 
295583 
295585 
295593 
295594 
295595 
295596 
295597 
295598 
295599 
295614 
295615 
295616 
295617 
295618 
295619 
295620 
557764 
295621 
557765 
295622 
557766 
557767 
557768 
295625 
557769 
295626 
557770 
295628 
295629 
295632 
295633 
557785 
295642 
557786 
295643 
295644 
557788 
295645 
557789 
295646 
557790 
295647 
295648 
557792 
557793 
557794 
557795 
557796 
557797 
557798 
557799 
557800 
557801 
557802 
557803 
557804 
557805 
557806 
557807 
557808 
557809 
557810 
557811 
557812 
557813 
557814 
557815 
557816 
557817 
557818 
557819 
557820 
295677 
557821 
295678 
557822 
295679 
557823 
295680 
557824 
295681 
557825 
295682 
557826 
295683 
557827 
295684 
557828 
295685 
557829 
295686 
557830 
295687 
557831 
295688 
557832 
295689 
557833 
295690 
557834 
557835 
557836 
557837 
557838 
557839 
557840 
295705 
295706 
295708 
295710 
295711 
295713 
295715 
295717 
33597 
33598 
33625 
33626 
33627 
33628 
33629 
295775 
295779 
295782 
557926 
557927 
295784 
557928 
295786 
557930 
557931 
295788 
557933 
557934 
557935 
557936 
557937 
557939 
295796 
557940 
295797 
557941 
295798 
33654 
557942 
295799 
33655 
557943 
295800 
33656 
557944 
295801 
33657 
557945 
295802 
33658 
557946 
33659 
557947 
557948 
557949 
557950 
557951 
557952 
557953 
557954 
557955 
557956 
557957 
557958 
557959 
557960 
295817 
557961 
295818 
557962 
295819 
557963 
295820 
557964 
295821 
557965 
295822 
557966 
295823 
295824 
295825 
295828 
33684 
295829 
33685 
33686 
295831 
33687 
295832 
33688 
33689 
295835 
295836 
295845 
295846 
295847 
295848 
295849 
295850 
295851 
33714 
33715 
33716 
33717 
33718 
33719 
558023 
295880 
558024 
295881 
558025 
295882 
558026 
295883 
558027 
295884 
558028 
295885 
558029 
295886 
295887 
33743 
295888 
33744 
295889 
33745 
295890 
33746 
295891 
33747 
295892 
33748 
295893 
33749 
558044 
558045 
558046 
558047 
558048 
558049 
558050 
558051 
558052 
295909 
558053 
558054 
295911 
558055 
558056 
295913 
558057 
295916 
295918 
33774 
33775 
295920 
33776 
295921 
33777 
33778 
33779 
558079 
558080 
558081 
558082 
558083 
558084 
558085 
558086 
558087 
558088 
558089 
558090 
558091 
33804 
558092 
33805 
33806 
33807 
33808 
33809 
295978 
33835 
33836 
33837 
295982 
33838 
33839 
295985 
295987 
295988 
295989 
295991 
558135 
558136 
558137 
558138 
558139 
558140 
558141 
295999 
296000 
296001 
296002 
296003 
296004 
296005 
33866 
33867 
33868 
558156 
33869 
558157 
558158 
558159 
558160 
558161 
558163 
296020 
558164 
296021 
558165 
296022 
296023 
558167 
296024 
296025 
558169 
296026 
558170 
296027 
558171 
296028 
558172 
558173 
558174 
296031 
558175 
296032 
558176 
558177 
296034 
558178 
296035 
558179 
558180 
558181 
296038 
558182 
296039 
558183 
558184 
558185 
558186 
558187 
558188 
558189 
558190 
558191 
296048 
558192 
296049 
558193 
296050 
558194 
296051 
558195 
296052 
558196 
296053 
558197 
296054 
558198 
558199 
558200 
558201 
558202 
558203 
558204 
558205 
558206 
558207 
558208 
558209 
558210 
558211 
296083 
296084 
296085 
296086 
296087 
296088 
296089 
296090 
296091 
296092 
296093 
296094 
296095 
296096 
296112 
296114 
296116 
296119 
296121 
296123 
558297 
558298 
558299 
558301 
558302 
558304 
558305 
558306 
558307 
558308 
558310 
558311 
558312 
558313 
558314 
558315 
558316 
558317 
558318 
558319 
558320 
558321 
558322 
558323 
558324 
296181 
558325 
558326 
558327 
558328 
296185 
558329 
558330 
558331 
296188 
558332 
558333 
296190 
558334 
558335 
296192 
558336 
558337 
296194 
296202 
296203 
296204 
296205 
296206 
296207 
296208 
296223 
296224 
296225 
296226 
296227 
296228 
296229 
296230 
296231 
296234 
296235 
296237 
296238 
296241 
296242 
558394 
296251 
558395 
296252 
558396 
296253 
558397 
296254 
558398 
296255 
558399 
296256 
558400 
296257 
558415 
558416 
558417 
558418 
558419 
558420 
558421 
558422 
558423 
558424 
34137 
558425 
34138 
558426 
34139 
558427 
558428 
296286 
296287 
296288 
296289 
296290 
296291 
296292 
296293 
296294 
296295 
296296 
296297 
296298 
296299 
558450 
558451 
558452 
34165 
558453 
34166 
558454 
34167 
558455 
34168 
558456 
34169 
558457 
558458 
296315 
558459 
558460 
296317 
558461 
558462 
296319 
558463 
296322 
296324 
296326 
34194 
34195 
34196 
34197 
34198 
34199 
558506 
558507 
558508 
558509 
558510 
558511 
34224 
558512 
34225 
34226 
34227 
34228 
34229 
558527 
296384 
558528 
296386 
558530 
296387 
558531 
296388 
558532 
296389 
296390 
558534 
296391 
558535 
558536 
296393 
558538 
296395 
558540 
296397 
558541 
34254 
558542 
34255 
558543 
34256 
558544 
34257 
558545 
34258 
558546 
34259 
558547 
558548 
296405 
558549 
296406 
558550 
296407 
558551 
296408 
558552 
296409 
558553 
296410 
558554 
296411 
558555 
558556 
558557 
558558 
558559 
558560 
558561 
558562 
558563 
558564 
558565 
558566 
558567 
558568 
558569 
296426 
558570 
296427 
558571 
296428 
34284 
558572 
296429 
34285 
558573 
296430 
34286 
558574 
296431 
34287 
558575 
296432 
34288 
558576 
296433 
34289 
558577 
296434 
558578 
558579 
558580 
296437 
558581 
296438 
558582 
296440 
296441 
296444 
296445 
296454 
296455 
296456 
296457 
296458 
34314 
296459 
34315 
296460 
34316 
34317 
34318 
34319 
34344 
296489 
34345 
296490 
34346 
296491 
34347 
296492 
34348 
296493 
34349 
296494 
296495 
296496 
296497 
296498 
296499 
296500 
296501 
296502 
296518 
34375 
296520 
34376 
34377 
296522 
34378 
34379 
558668 
296525 
558669 
558670 
296527 
558672 
296529 
558673 
558675 
558676 
558677 
558678 
558679 
558681 
558682 
558683 
558684 
558685 
558686 
558687 
558688 
558689 
558690 
558691 
558692 
558693 
34406 
558694 
34407 
558695 
34408 
558696 
34409 
558697 
558698 
558699 
558700 
558701 
558702 
558703 
558704 
558705 
558706 
558707 
558708 
296587 
296591 
296594 
296596 
296597 
296598 
296600 
296608 
296609 
296610 
296611 
296612 
296613 
296614 
558765 
558766 
558767 
558768 
558769 
558770 
558771 
296629 
296630 
296631 
296632 
296633 
296634 
296635 
296636 
296637 
296640 
296641 
558786 
296643 
558787 
296644 
558788 
558789 
558790 
296647 
558791 
296648 
558792 
558793 
558794 
558795 
558796 
558797 
558798 
558799 
296657 
296658 
296659 
296660 
296661 
296662 
296663 
558821 
558822 
558823 
558824 
558825 
558826 
558827 
558828 
558829 
558830 
558831 
558832 
558833 
558834 
296692 
296693 
296694 
296695 
296696 
296697 
296698 
296699 
296700 
296701 
296702 
296703 
296704 
296705 
296721 
296723 
296725 
296728 
296729 
296730 
296732 
296733 
558877 
558878 
558879 
558880 
558881 
558882 
558883 
558898 
558899 
558901 
558902 
558903 
558904 
558905 
558906 
558907 
558909 
558911 
558912 
558913 
558914 
558915 
558916 
558917 
558918 
558919 
558920 
558921 
558922 
558923 
558924 
558925 
558926 
558927 
558928 
558929 
558930 
558931 
558932 
558933 
296790 
558934 
558935 
558936 
558937 
296794 
558938 
558939 
558940 
296797 
558941 
558942 
296799 
558943 
296800 
558944 
296801 
558945 
558946 
296803 
558947 
558948 
558949 
558950 
558951 
558952 
558953 
296811 
296812 
296813 
296814 
296815 
296816 
296817 
34677 
34678 
296832 
296833 
296834 
296835 
296836 
296837 
296838 
296839 
296840 
296843 
296844 
296846 
296847 
34705 
296850 
34706 
296851 
34707 
34708 
34709 
296860 
296861 
296862 
296863 
296864 
296865 
296866 
34734 
34735 
34736 
34737 
34738 
34739 
559038 
296895 
559039 
296896 
559040 
296897 
559041 
296898 
559042 
296899 
559043 
296900 
559044 
296901 
559045 
296902 
559046 
296903 
559047 
296904 
559048 
296905 
559049 
296906 
559050 
296907 
559051 
296908 
34764 
559052 
34765 
559053 
34766 
559054 
34767 
559055 
34768 
559056 
34769 
559057 
559058 
559059 
559060 
559061 
559062 
559063 
559064 
559065 
559066 
559067 
296924 
559068 
559069 
296926 
559070 
559071 
296928 
559072 
559073 
559074 
296931 
559075 
559076 
296933 
559077 
559078 
296935 
559079 
34794 
34795 
34796 
34797 
34798 
34799 
34824 
34825 
34826 
34827 
34828 
34829 
559136 
296993 
559137 
559138 
559139 
559140 
296997 
559141 
34854 
559142 
296999 
34855 
297000 
34856 
34857 
297002 
34858 
34859 
297004 
297006 
559157 
297014 
559158 
297015 
559159 
297016 
559160 
297017 
559161 
297018 
559162 
297019 
559163 
297020 
559164 
559165 
559166 
559167 
559168 
559169 
559170 
34884 
34885 
34886 
34887 
34888 
34889 
297035 
297036 
297037 
297038 
297039 
297040 
297041 
297042 
297043 
297046 
297047 
559192 
297049 
559193 
297050 
559194 
559195 
559196 
297053 
559197 
297054 
559198 
559199 
559200 
559201 
559202 
34915 
559203 
34916 
559204 
34917 
559205 
34918 
297063 
34919 
297064 
297065 
297066 
297067 
297068 
297069 
34946 
34947 
34948 
34949 
297098 
297099 
297100 
297101 
297102 
297103 
297104 
559248 
297105 
559249 
297106 
559250 
297107 
559251 
297108 
559252 
297109 
559253 
297110 
559254 
297111 
559269 
559270 
297127 
559271 
559272 
297129 
559273 
559274 
297131 
559276 
559277 
297134 
559278 
297136 
559280 
297138 
559282 
559283 
559284 
559285 
559286 
559287 
559288 
559289 
559290 
559291 
559292 
559293 
559294 
559295 
559296 
559297 
559298 
559299 
559300 
559301 
559302 
559303 
559304 
559305 
559306 
559307 
559308 
559309 
559310 
559311 
559312 
559313 
559314 
559315 
559316 
559317 
559318 
559319 
559320 
559321 
559322 
559323 
559324 
297196 
297200 
297203 
297205 
297207 
297209 
297217 
297218 
297219 
297220 
297221 
297222 
297223 
297238 
297239 
297240 
297241 
297242 
297243 
297244 
297245 
297246 
297249 
297250 
297252 
297253 
297255 
297256 
297257 
559409 
297266 
559410 
297267 
559411 
297268 
559412 
297269 
559413 
297270 
559414 
297271 
559415 
297272 
559417 
559418 
559419 
559420 
559421 
559423 
559424 
559425 
559426 
559427 
559428 
559429 
559430 
559431 
559432 
559433 
559434 
559435 
559436 
559437 
559438 
559439 
559440 
559441 
559442 
559443 
559444 
297301 
559445 
297302 
559446 
297303 
559447 
297304 
559448 
297305 
559449 
297306 
559450 
297307 
297308 
297309 
297310 
297311 
297312 
297313 
297314 
297330 
297332 
297334 
297337 
297339 
297341 
35217 
35218 
559507 
559508 
559509 
559510 
559511 
559512 
559513 
559528 
559529 
559530 
559531 
559532 
35245 
559533 
35246 
559534 
35247 
559535 
35248 
559536 
35249 
559537 
559538 
559539 
559540 
559541 
297399 
297403 
297406 
297408 
297410 
297412 
35274 
35275 
559563 
297420 
35276 
559564 
297421 
35277 
559565 
297422 
35278 
559566 
297423 
35279 
559567 
297424 
559568 
297425 
559569 
297426 
559570 
559571 
559572 
559573 
559574 
559575 
559576 
297441 
297442 
297443 
297444 
297445 
297446 
297447 
297448 
35304 
297449 
35305 
35306 
35307 
297452 
35308 
297453 
35309 
297455 
297456 
297458 
297459 
297460 
297469 
297470 
297471 
297472 
297473 
297474 
297475 
559619 
559620 
559621 
35334 
559622 
35335 
559623 
35336 
559624 
35337 
559625 
35338 
35339 
559640 
559641 
559643 
559644 
559645 
559646 
559647 
297504 
559648 
297505 
559649 
297506 
559650 
297507 
35363 
559651 
297508 
35364 
559652 
297509 
35365 
559653 
297510 
35366 
559654 
297511 
35367 
559655 
297512 
35368 
559656 
297513 
35369 
559657 
297514 
559658 
297515 
559659 
297516 
559660 
297517 
559661 
559662 
559663 
559664 
559665 
559666 
559667 
559668 
559669 
559670 
559671 
559672 
559673 
559674 
559675 
559676 
297533 
559677 
559678 
297535 
559679 
559680 
297537 
559681 
35394 
559682 
35395 
559683 
297540 
35396 
559684 
35397 
559685 
297542 
35398 
559686 
35399 
559687 
297544 
559688 
559689 
559690 
559691 
559692 
559693 
559694 
559695 
35424 
35425 
35426 
35427 
35428 
35429 
35455 
35456 
35457 
297602 
35458 
35459 
297606 
297609 
297611 
297613 
297615 
297623 
297624 
297625 
297626 
297627 
297628 
297629 
35486 
35487 
35488 
35489 
559780 
559781 
559782 
559783 
559785 
559786 
297644 
559788 
297645 
559789 
297646 
559790 
297647 
559791 
297648 
559792 
297649 
297650 
559794 
297651 
559795 
297652 
559796 
559797 
559798 
297655 
559799 
297656 
559800 
559801 
297658 
559802 
297659 
559803 
559804 
559805 
297662 
559806 
297663 
559807 
559808 
559809 
559810 
559811 
559812 
559813 
559814 
559815 
297672 
559816 
297673 
559817 
297674 
559818 
297675 
559819 
297676 
559820 
297677 
559821 
297678 
297707 
297708 
297709 
297710 
297711 
297712 
297713 
297714 
297715 
297716 
297717 
297718 
297719 
297720 
559878 
559879 
297736 
559880 
559881 
297738 
559882 
559883 
297740 
559884 
297743 
297745 
297747 
559899 
559900 
559901 
559902 
559903 
559904 
559905 
559906 
559907 
559908 
559909 
559910 
559911 
559912 
559934 
559935 
559936 
559937 
559938 
559939 
559940 
559941 
559942 
559943 
559944 
559945 
559946 
559947 
297805 
297807 
297809 
297812 
297814 
297816 
297818 
297826 
297827 
297828 
297829 
297830 
297831 
297832 
559990 
297847 
559991 
297848 
559992 
297849 
559993 
297850 
559994 
297851 
559995 
297852 
559996 
297853 
297854 
297855 
297858 
297859 
297861 
297862 
297865 
297866 
560011 
560012 
560014 
560015 
560016 
560018 
297875 
560019 
297876 
560020 
297877 
297878 
560022 
297879 
297880 
560024 
297881 
560025 
560026 
560027 
560028 
560029 
560030 
560031 
560032 
560033 
560034 
560035 
560036 
560037 
560038 
560039 
560040 
560041 
560042 
560043 
560044 
35757 
560045 
35758 
560046 
560047 
560048 
560049 
560050 
560051 
560052 
560053 
297910 
560054 
297911 
560055 
297912 
560056 
297913 
560057 
297914 
560058 
297915 
560059 
297916 
560060 
297917 
560061 
297918 
560062 
297919 
560063 
297920 
560064 
297921 
560065 
297922 
560066 
297923 
35785 
35786 
35787 
35788 
35789 
297939 
297941 
297943 
297946 
297948 
297950 
297951 
35814 
35815 
35816 
35817 
35818 
35819 
35844 
35845 
35846 
35847 
35848 
35849 
298008 
560152 
298009 
560153 
298010 
560154 
298012 
560156 
298013 
560157 
298015 
560159 
560160 
298017 
560161 
35874 
560162 
298019 
35875 
560163 
35876 
560164 
298021 
35877 
560165 
298022 
35878 
560166 
35879 
560167 
560168 
560169 
560170 
560171 
560172 
298029 
560173 
298030 
560174 
298031 
560175 
298032 
560176 
298033 
560177 
298034 
560178 
298035 
560179 
560180 
560181 
560182 
560183 
560184 
560185 
560186 
560187 
560188 
560189 
560190 
560191 
35904 
560192 
35905 
298050 
35906 
298051 
35907 
298052 
35908 
298053 
35909 
298054 
298055 
298056 
298057 
298058 
298061 
298062 
298064 
298065 
298068 
298069 
298078 
35934 
298079 
35935 
298080 
35936 
298081 
35937 
298082 
35938 
298083 
35939 
298084 
560249 
560250 
560251 
35964 
560252 
35965 
560253 
35966 
560254 
35967 
560255 
35968 
298113 
35969 
298114 
298115 
298116 
298117 
298118 
298119 
298120 
298121 
298122 
298123 
298124 
298125 
298126 
560270 
560271 
560272 
560273 
560274 
560275 
560276 
560277 
560278 
560279 
560280 
560281 
560282 
35995 
560283 
35996 
35997 
298142 
35998 
35999 
298144 
298146 
298149 
298151 
298153 
298154 
560305 
560306 
560307 
560308 
560309 
560310 
560311 
560312 
560313 
36026 
560314 
36027 
560315 
36028 
560316 
36029 
560317 
560318 
298211 
298213 
298215 
298217 
560361 
298218 
560362 
298219 
560363 
298220 
560364 
298221 
560365 
298222 
560366 
560367 
298224 
298232 
298233 
298234 
298235 
298236 
298237 
298238 
560382 
560383 
560385 
560386 
560387 
560388 
560389 
560390 
560391 
560392 
560393 
560394 
560395 
560396 
298253 
560397 
298254 
560398 
298255 
560399 
298256 
560400 
298257 
560401 
298258 
560402 
298259 
560403 
298260 
560404 
298261 
560405 
560406 
560407 
298264 
560408 
298265 
560409 
560410 
298267 
560411 
298268 
560412 
560413 
560414 
298271 
560415 
298272 
560416 
560417 
560418 
560419 
560420 
560421 
560422 
560423 
560424 
298281 
560425 
298282 
560426 
298283 
560427 
298284 
560428 
298285 
560429 
298286 
560430 
298287 
560431 
560432 
560433 
560434 
560435 
560436 
560437 
298316 
298317 
298318 
298319 
298320 
298321 
298322 
298323 
298324 
298325 
298326 
298327 
298328 
298329 
298345 
298347 
298349 
298350 
298352 
298354 
298356 
298357 
560523 
560524 
560525 
560526 
560527 
560528 
560530 
560531 
560532 
560533 
560534 
560535 
560536 
560537 
560538 
560539 
560540 
560541 
560542 
560543 
560544 
560545 
560546 
560547 
560548 
560549 
560550 
560551 
560552 
560553 
560554 
560555 
560556 
560557 
298414 
560558 
560559 
298416 
560560 
560561 
298418 
560562 
560563 
298420 
298421 
298423 
298425 
298427 
298435 
298436 
298437 
298438 
298439 
298440 
298441 
36297 
36298 
298456 
298457 
298458 
298459 
298460 
298461 
298462 
298463 
298464 
298467 
298468 
36325 
298470 
36326 
298471 
36327 
36328 
36329 
298474 
298475 
560620 
560621 
560622 
560623 
560624 
560625 
560626 
298484 
298485 
298486 
298487 
298488 
298489 
298490 
560641 
36354 
560642 
36355 
560643 
36356 
560644 
36357 
560645 
36358 
560646 
36359 
560647 
560648 
560649 
560650 
560651 
560652 
560653 
560654 
298519 
298520 
298521 
298522 
298523 
298524 
298525 
298526 
298527 
298528 
36384 
298529 
36385 
298530 
36386 
298531 
36387 
298532 
36388 
560676 
36389 
560677 
560678 
560679 
560680 
560681 
560682 
560683 
560684 
560685 
560686 
560687 
560688 
560689 
298548 
298550 
298552 
298555 
298557 
36414 
298559 
36415 
36416 
36417 
36418 
36419 
36444 
560732 
36445 
560733 
36446 
560734 
36447 
560735 
36448 
560736 
36449 
560737 
560738 
560753 
560754 
560755 
560756 
560757 
560758 
560759 
560760 
298617 
560761 
36474 
560762 
298619 
36475 
36476 
560764 
298621 
36477 
560765 
36478 
560766 
36479 
560767 
298624 
560768 
560769 
298626 
560770 
298627 
560771 
298628 
560772 
560773 
298630 
560774 
560775 
560776 
560777 
560778 
560779 
560780 
560781 
298638 
560782 
298639 
560783 
298640 
560784 
298641 
560785 
298642 
560786 
298643 
560787 
298644 
560788 
560789 
560790 
560791 
36504 
560792 
36505 
560793 
36506 
560794 
36507 
560795 
36508 
560796 
36509 
560797 
560798 
560799 
560800 
560801 
560802 
298659 
560803 
298660 
560804 
298661 
560805 
298662 
560806 
298663 
560807 
298664 
560808 
298665 
298666 
298667 
298670 
298671 
298673 
298674 
298677 
298678 
36535 
36536 
36537 
36538 
36539 
298687 
298688 
298689 
298690 
298691 
298692 
298693 
36566 
36567 
36568 
36569 
298722 
298723 
298724 
298725 
298726 
298727 
298728 
298729 
298730 
298731 
298732 
298733 
298734 
298735 
560894 
298751 
560895 
560896 
298753 
560898 
298755 
560899 
560901 
298758 
560902 
298759 
560903 
298760 
560904 
298761 
560905 
298762 
560907 
560908 
560909 
560910 
560911 
560912 
560913 
560914 
560915 
560916 
560917 
560918 
560919 
560920 
560921 
560922 
560923 
560924 
560925 
560926 
560927 
560928 
560929 
560930 
560931 
560932 
560933 
560934 
298820 
298822 
298824 
298827 
298829 
298831 
298833 
298841 
298842 
298843 
298844 
298845 
298846 
298847 
560991 
560992 
560993 
560994 
560995 
560996 
560997 
298862 
298863 
298864 
298865 
298866 
298867 
298868 
561012 
298869 
561013 
298870 
561014 
561015 
561016 
298873 
561017 
298874 
561018 
561019 
298876 
561020 
298877 
561021 
561022 
561023 
298880 
561024 
298881 
561025 
298887 
298890 
298891 
298892 
298893 
298894 
298895 
298896 
561047 
561048 
561049 
561050 
561051 
561052 
561053 
561054 
561055 
561056 
561057 
561058 
561059 
561060 
298925 
298926 
298927 
298928 
298929 
298930 
298931 
298932 
298933 
298934 
298935 
298936 
298937 
298938 
298954 
298956 
298958 
298959 
561103 
561104 
298961 
561105 
561106 
298963 
561107 
561108 
298965 
561109 
561124 
36837 
561125 
36838 
36839 
561127 
561128 
561129 
561131 
561132 
561133 
561135 
561137 
561138 
561139 
561140 
561141 
561142 
561143 
561144 
561145 
561146 
561147 
561148 
561149 
561150 
561151 
561152 
36865 
561153 
36866 
561154 
36867 
561155 
36868 
561156 
36869 
561157 
561158 
561159 
561160 
561161 
561162 
561163 
561164 
561165 
561166 
299023 
561167 
561168 
299025 
561169 
561170 
299027 
561171 
561172 
299029 
561173 
299030 
561174 
561175 
299032 
561176 
561177 
299034 
561178 
561179 
299036 
36894 
36895 
36896 
36897 
36898 
36899 
299044 
299045 
299046 
299047 
299048 
299049 
299050 
299065 
299066 
299067 
299068 
36924 
299069 
36925 
299070 
36926 
299071 
36927 
299072 
36928 
299073 
36929 
299076 
299077 
299079 
299080 
299083 
299084 
299093 
299094 
299095 
299096 
299097 
299098 
36954 
299099 
36955 
36956 
36957 
36958 
36959 
561265 
561266 
561267 
561268 
561269 
561270 
299128 
36984 
561272 
299129 
36985 
561273 
299130 
36986 
561274 
299131 
36987 
561275 
299132 
36988 
561276 
299133 
36989 
299134 
561278 
299135 
561279 
299136 
561280 
299137 
561281 
299138 
561282 
299139 
561283 
299140 
561284 
299141 
561285 
561286 
561287 
561288 
561289 
561290 
561291 
561292 
561293 
561294 
561295 
561296 
561297 
561298 
561299 
561300 
299157 
561301 
37014 
561302 
299159 
37015 
561303 
37016 
561304 
299161 
37017 
561305 
37018 
37019 
299164 
299166 
299168 
299169 
37044 
37045 
37046 
37047 
37048 
37049 
561362 
37075 
561363 
37076 
561364 
37077 
561365 
37078 
561366 
37079 
561367 
561368 
299226 
299227 
299228 
299230 
299233 
299235 
299237 
299239 
561383 
561384 
561385 
561386 
561387 
561388 
561389 
561390 
299247 
561391 
299248 
561392 
299249 
561393 
299250 
37106 
561394 
299251 
37107 
561395 
299252 
37108 
561396 
299253 
37109 
299268 
299269 
299270 
299271 
299272 
299273 
299274 
561418 
299275 
561419 
299276 
561420 
561421 
561422 
299279 
561423 
299280 
561424 
561425 
299282 
561426 
299283 
561427 
561428 
561429 
299286 
561430 
299287 
561431 
299296 
299297 
299298 
299299 
299300 
299301 
299302 
561474 
299331 
561475 
299332 
561476 
299333 
561477 
299334 
561478 
299335 
561479 
299336 
561480 
299337 
299338 
299339 
299340 
299341 
299342 
299343 
299344 
561495 
561496 
561498 
561499 
561500 
561502 
561503 
299360 
561504 
299362 
561506 
299364 
561508 
561509 
561510 
299367 
561511 
299368 
561512 
299369 
561513 
299370 
561514 
299371 
561515 
299372 
561516 
561517 
561518 
561519 
561520 
561521 
561522 
561523 
561524 
561525 
561526 
561527 
561528 
561529 
561530 
561531 
561532 
561533 
561534 
561535 
561536 
561537 
561538 
561539 
561540 
561541 
561542 
561543 
561544 
561545 
561546 
561547 
561548 
561549 
561550 
299429 
299431 
299433 
299436 
299438 
299440 
299442 
299450 
299451 
299452 
299453 
299454 
299455 
299456 
299471 
299472 
299473 
299474 
299475 
299476 
299477 
299478 
299479 
299482 
299483 
299485 
299486 
299489 
299490 
561636 
561637 
561638 
561640 
561641 
299499 
561643 
299500 
561644 
299501 
561645 
299502 
561646 
299503 
561647 
299504 
299505 
561649 
561650 
561651 
561652 
561653 
561654 
561655 
561656 
561657 
561658 
561659 
561660 
561661 
561662 
561663 
561664 
37377 
561665 
37378 
561666 
37379 
561667 
561668 
561669 
561670 
561671 
561672 
561673 
561674 
561675 
561676 
299534 
299535 
299536 
299537 
299538 
299539 
299540 
299541 
299542 
299543 
299544 
299545 
299546 
299547 
37405 
37406 
37407 
37408 
37409 
299563 
299565 
299566 
299567 
299570 
299572 
299574 
37434 
37435 
37436 
37437 
37438 
37439 
561733 
561734 
561735 
561736 
561737 
561738 
561739 
37464 
37465 
37466 
561754 
37467 
561755 
37468 
561756 
37469 
561757 
561758 
561759 
561760 
561761 
561762 
561763 
561764 
561765 
561766 
561767 
299632 
299634 
299636 
37494 
299639 
37495 
37496 
299641 
37497 
37498 
299643 
37499 
299645 
561789 
561790 
561791 
561792 
561793 
561794 
561795 
561796 
299653 
561797 
299654 
561798 
299655 
561799 
299656 
561800 
299657 
561801 
299658 
561802 
299659 
299660 
299662 
299663 
299665 
299667 
299668 
37524 
37525 
299670 
37526 
299671 
37527 
299672 
37528 
37529 
299681 
299682 
299683 
299684 
299685 
299686 
299687 
37554 
37555 
37556 
37557 
561845 
37558 
561846 
37559 
561847 
561848 
561849 
561850 
561851 
299716 
299717 
299718 
299719 
299720 
299721 
299722 
561866 
299723 
561867 
299724 
299725 
561869 
299726 
561870 
299727 
561871 
299728 
37584 
299729 
37585 
561873 
37586 
561874 
37587 
561875 
37588 
37589 
561877 
561879 
561880 
561881 
561882 
561883 
561884 
561885 
561886 
561887 
561888 
299745 
561889 
561890 
299747 
561891 
561892 
299749 
561893 
561894 
561895 
299752 
561896 
299753 
561897 
299754 
561898 
561899 
299756 
561900 
561901 
561902 
37615 
561903 
37616 
561904 
37617 
561905 
37618 
561906 
37619 
561907 
561908 
561909 
561910 
561911 
561912 
561913 
561914 
561915 
561916 
561917 
561918 
561919 
561920 
561921 
299783 
37646 
37647 
37648 
37649 
299803 
299805 
299809 
299813 
562007 
562008 
562009 
562011 
562012 
562014 
562015 
562016 
562017 
562018 
562019 
562020 
562021 
562022 
562023 
562024 
562025 
562026 
562027 
562028 
562029 
562030 
562031 
562032 
562033 
562034 
562035 
562036 
562037 
562038 
562039 
562040 
562041 
562042 
562043 
562044 
562045 
562046 
562047 
562104 
562105 
562106 
562107 
562108 
562109 
562110 
562125 
562126 
562127 
562128 
562129 
562130 
562131 
562132 
562133 
562134 
562135 
562136 
562137 
562138 
300013 
562160 
562161 
562162 
562163 
562164 
562165 
562166 
562167 
562168 
562169 
562170 
562171 
562172 
562173 
300041 
300043 
300048 
300050 
37917 
37918 
562216 
562217 
300074 
562218 
562219 
562220 
562221 
300078 
562222 
300083 
300085 
37945 
300090 
37946 
37947 
300092 
37948 
37949 
562237 
562238 
562240 
562241 
562242 
562244 
562245 
300102 
562246 
562248 
300106 
562250 
562251 
562252 
562253 
562254 
562255 
562256 
562257 
562258 
562259 
562260 
562261 
300118 
37974 
562262 
37975 
562263 
37976 
562264 
37977 
562265 
37978 
562266 
37979 
562267 
562268 
562269 
562270 
562271 
562272 
562273 
562274 
562275 
562276 
562277 
562278 
562279 
562280 
562281 
562282 
562283 
562284 
562285 
562286 
562287 
562288 
562289 
562290 
562291 
38004 
562292 
38005 
38006 
38007 
38008 
38009 
38034 
38035 
38036 
38037 
38038 
38039 
300195 
300206 
38064 
38065 
38066 
300211 
38067 
38068 
300213 
38069 
300216 
300218 
300220 
300223 
300224 
300225 
562377 
562378 
562379 
562380 
562381 
38094 
562382 
300239 
38095 
562383 
38096 
300241 
38097 
562385 
300242 
38098 
562386 
38099 
562387 
300244 
562388 
562389 
300246 
300247 
562391 
300248 
562392 
562393 
562394 
300251 
562395 
300252 
562396 
300253 
562397 
562398 
300255 
562399 
562400 
562401 
300258 
562402 
300259 
562403 
300260 
562404 
562405 
300262 
562406 
562407 
562408 
300265 
562409 
300266 
562410 
300267 
562411 
38124 
562412 
300269 
38125 
562413 
38126 
562414 
38127 
562415 
38128 
562416 
300273 
38129 
562417 
300274 
562418 
300275 
300276 
300277 
300279 
300280 
300281 
300282 
300283 
300286 
300287 
300288 
300290 
300293 
300294 
300295 
300297 
38155 
300300 
38156 
300301 
38157 
300302 
38158 
38159 
300304 
300307 
300308 
300309 
300311 
300314 
300315 
300316 
300318 
300321 
300322 
300323 
300325 
300326 
300327 
300328 
300329 
300330 
38186 
300331 
38187 
562475 
300332 
38188 
562476 
38189 
562477 
562478 
562479 
562480 
300337 
562481 
300339 
300342 
300343 
300344 
300346 
300349 
300350 
300351 
562496 
300353 
562497 
300354 
562498 
300355 
562499 
300356 
562500 
300357 
562501 
300358 
562502 
300359 
562503 
300360 
562504 
562505 
562506 
300363 
562507 
562508 
300365 
562509 
300366 
562531 
562532 
562533 
562534 
562535 
562536 
562537 
562538 
562539 
562540 
562541 
562542 
562543 
562544 
300409 
300414 
300417 
300419 
300421 
300423 
300426 
300427 
300428 
300437 
300438 
300440 
300442 
300443 
562587 
300444 
562588 
562589 
562590 
300447 
562591 
300448 
562592 
300449 
562593 
300451 
300454 
300455 
300456 
300458 
300461 
300462 
300463 
562608 
300465 
562609 
562610 
562611 
300468 
562612 
300469 
562613 
300470 
562614 
562615 
300472 
562616 
562617 
300475 
562619 
300476 
300477 
562621 
562622 
300479 
562623 
562624 
562625 
300482 
562626 
300483 
562627 
300484 
562628 
562629 
300486 
562630 
562631 
562632 
300489 
562633 
300490 
562634 
300491 
562635 
562636 
300493 
562637 
562638 
562639 
300496 
562640 
300497 
562641 
300498 
562642 
562643 
300500 
562644 
562645 
562646 
300503 
562647 
300504 
562648 
300505 
562649 
562650 
300507 
562651 
562652 
562653 
300510 
562654 
300511 
562655 
300512 
562656 
562657 
300514 
562658 
562659 
562660 
300517 
562661 
300518 
562662 
300519 
562663 
300521 
300524 
300525 
300526 
300528 
300531 
300532 
300533 
300535 
300538 
300539 
300540 
300542 
300545 
300546 
300547 
300549 
300552 
300553 
300554 
38457 
38458 
562749 
562750 
562751 
562752 
562753 
562754 
562756 
562757 
562758 
562759 
562760 
562762 
300619 
562763 
562764 
562765 
300622 
562766 
300623 
562767 
300624 
562768 
562769 
562770 
300627 
562771 
300628 
562772 
300629 
38485 
562773 
38486 
562774 
300631 
38487 
562775 
38488 
562776 
300633 
38489 
562777 
562778 
562779 
300636 
562780 
300637 
562781 
300638 
562782 
562783 
300640 
562784 
562785 
562786 
300643 
562787 
300644 
562788 
300645 
562789 
300647 
300650 
300651 
300652 
300654 
300657 
300658 
38514 
300659 
38515 
38516 
300661 
38517 
38518 
38519 
300664 
300665 
300666 
300668 
300671 
300672 
300673 
300675 
300678 
300679 
300680 
300682 
300685 
300686 
300687 
38544 
300689 
38545 
38546 
38547 
300692 
38548 
300693 
38549 
300694 
300696 
300699 
300700 
300701 
562846 
300703 
562847 
562848 
562849 
300706 
562850 
300707 
562851 
300708 
562852 
300710 
300713 
300714 
300715 
300717 
38574 
38575 
300720 
38576 
300721 
38577 
300722 
38578 
38579 
562867 
300724 
562868 
562869 
562870 
300727 
562871 
300728 
562872 
300729 
562873 
562874 
300731 
562875 
562876 
562877 
300734 
562878 
300735 
562879 
300736 
562880 
300738 
300741 
300742 
300743 
38603 
38604 
38605 
38606 
38607 
38608 
38609 
562902 
562903 
562904 
562905 
562906 
562907 
562908 
562909 
562910 
562911 
562912 
562913 
562914 
562915 
38634 
38635 
38636 
38637 
38638 
38639 
38664 
38665 
38666 
38667 
38668 
38669 
562958 
562959 
562960 
562961 
562962 
562963 
562964 
562979 
562980 
562982 
38695 
562983 
38696 
562984 
38697 
562985 
38698 
562986 
38699 
562987 
300844 
562988 
562990 
300847 
562991 
562992 
562993 
300850 
562994 
562995 
562996 
300853 
562997 
300854 
562998 
300855 
562999 
563000 
563001 
300858 
563002 
300859 
563003 
300860 
563004 
563005 
300862 
563006 
563007 
300864 
563008 
563009 
563010 
300867 
563011 
300868 
563012 
300869 
563013 
38726 
563014 
300871 
38727 
563015 
38728 
563016 
38729 
563017 
300874 
563018 
300875 
563019 
300876 
563020 
563021 
300878 
563022 
563023 
563024 
300881 
563025 
300882 
563026 
300883 
563027 
563028 
300885 
563029 
563030 
563031 
300888 
563032 
300889 
563033 
300890 
563034 
300892 
300895 
300896 
300897 
300899 
300902 
300903 
300904 
300906 
300909 
300910 
300911 
300913 
300916 
300917 
300918 
300920 
300923 
300924 
300925 
300927 
300930 
300931 
300932 
300934 
300937 
300938 
300939 
300941 
300944 
300945 
300946 
300948 
300951 
300952 
300953 
300955 
300958 
300959 
300960 
300962 
300965 
300966 
300967 
300969 
300972 
300973 
300974 
563120 
563121 
563122 
563124 
563125 
563127 
563128 
563129 
563130 
563131 
563132 
563133 
563134 
563135 
563136 
563137 
563138 
563139 
563140 
563141 
563142 
563143 
563144 
563145 
563146 
563147 
563148 
563149 
563150 
563151 
563152 
563153 
563154 
563155 
563156 
563157 
563158 
563159 
563160 
301026 
301027 
301028 
301030 
301032 
301037 
301039 
301042 
301043 
301044 
301047 
301048 
301049 
301052 
301053 
301056 
301058 
301059 
301060 
301063 
301064 
301065 
301067 
301070 
301071 
301072 
563217 
301074 
563218 
563219 
563220 
301077 
563221 
301078 
563222 
301079 
563223 
301081 
301084 
301085 
301086 
301088 
301091 
301092 
301093 
563238 
301095 
563239 
563240 
563241 
301098 
563242 
301099 
563243 
301100 
563244 
563245 
301102 
563246 
563247 
563248 
301105 
563249 
301106 
563250 
301107 
563251 
301109 
301112 
301113 
301114 
301116 
301119 
301120 
301121 
301123 
301126 
301127 
301128 
563273 
301130 
563274 
563275 
563276 
301133 
563277 
301134 
563278 
301135 
563279 
563280 
301137 
563281 
563282 
563283 
301140 
563284 
301141 
38997 
563285 
301142 
38998 
563286 
301144 
301147 
301148 
301149 
301151 
301154 
301155 
301156 
301158 
301161 
301162 
301163 
301165 
301168 
301169 
39025 
301170 
39026 
39027 
301172 
39028 
39029 
301175 
301176 
301177 
301179 
301182 
301183 
301184 
563329 
563330 
563331 
563332 
563333 
563334 
563335 
39054 
39055 
39056 
39057 
39058 
39059 
563350 
563351 
563353 
563354 
563355 
563357 
563358 
563359 
563361 
563363 
563364 
563365 
563366 
563367 
563368 
563369 
563370 
563371 
39084 
563372 
39085 
563373 
39086 
563374 
39087 
563375 
39088 
563376 
39089 
563377 
563378 
563379 
563380 
563381 
563382 
563383 
563384 
563385 
563386 
563387 
563388 
563389 
563390 
563391 
563392 
563393 
563394 
563395 
563396 
563397 
563398 
563399 
563400 
563401 
39114 
563402 
39115 
563403 
39116 
563404 
39117 
563405 
39118 
39119 
301270 
301273 
301274 
301275 
301277 
301282 
301284 
301287 
301288 
39144 
301289 
39145 
39146 
301291 
39147 
39148 
301293 
39149 
301295 
301297 
301298 
301301 
301303 
301304 
301305 
301308 
301309 
301310 
301312 
301315 
301316 
301317 
39174 
301319 
39175 
39176 
39177 
301322 
39178 
301323 
39179 
301324 
301326 
301329 
301330 
301331 
301333 
301336 
301337 
301338 
301340 
301343 
301344 
301345 
563490 
301347 
563491 
39204 
563492 
39205 
563493 
301350 
39206 
563494 
301351 
39207 
563495 
301352 
39208 
563496 
39209 
301354 
563498 
563499 
563500 
301357 
563501 
301358 
563502 
301359 
563504 
301361 
563505 
563506 
563507 
301364 
563508 
301365 
563509 
301366 
563510 
563511 
301368 
563512 
563513 
563514 
301371 
563515 
301372 
563516 
301373 
563517 
563518 
301375 
563519 
563520 
563521 
301378 
563522 
301379 
39235 
563523 
301380 
39236 
563524 
39237 
563525 
301382 
39238 
563526 
39239 
563527 
563528 
301385 
563529 
301386 
563530 
301387 
563531 
301389 
301392 
301393 
301394 
301396 
301399 
301400 
301401 
301403 
301406 
301407 
301408 
301410 
39266 
39267 
39268 
301413 
39269 
301414 
301415 
301417 
301420 
301421 
301422 
301424 
301427 
301428 
301429 
563588 
301445 
563589 
563590 
563591 
301448 
563592 
301449 
563593 
301450 
563594 
301459 
301462 
301463 
563609 
563610 
563611 
301468 
563612 
563613 
301470 
563614 
563615 
563616 
301473 
563617 
301474 
563618 
301475 
563619 
301476 
563620 
301477 
563621 
301478 
563622 
301479 
301487 
301488 
301489 
301491 
301493 
301494 
301497 
301498 
301499 
563644 
301501 
563645 
563646 
563647 
301504 
563648 
301505 
563649 
301506 
563650 
563651 
301508 
563652 
563653 
563654 
301511 
563655 
301512 
563656 
301513 
563657 
301515 
301518 
301519 
301520 
301522 
301525 
301526 
301527 
301529 
301532 
301533 
301534 
301536 
301539 
301540 
301541 
301543 
301546 
301547 
301548 
301550 
301553 
301554 
301555 
563700 
301557 
563701 
563702 
563703 
301560 
563704 
301561 
563705 
301562 
563706 
301564 
301567 
301568 
301569 
301571 
301574 
301575 
301576 
563721 
301578 
563722 
563723 
563724 
301581 
563725 
301582 
563726 
301583 
563728 
301585 
563729 
563730 
301588 
563732 
301589 
301590 
563734 
563735 
301592 
563736 
563737 
563738 
301595 
563739 
301596 
563740 
301597 
563741 
563742 
301599 
563743 
563744 
563745 
301602 
563746 
301603 
563747 
301604 
563748 
563749 
301606 
563750 
563751 
563752 
301609 
563753 
301610 
563754 
301611 
563755 
563756 
301613 
563757 
563758 
563759 
301616 
563760 
301617 
563761 
301618 
563762 
563763 
563764 
563765 
563766 
563767 
563768 
301625 
563769 
563770 
563771 
563772 
563773 
563774 
301631 
563775 
563776 
301642 
301655 
301658 
301659 
301660 
301662 
301666 
301667 
301669 
301672 
301673 
301674 
301676 
301679 
301680 
301681 
39537 
301682 
39538 
301683 
39539 
301686 
301687 
301688 
301690 
301693 
301694 
301695 
301697 
301700 
301701 
301702 
301704 
301707 
301708 
301709 
39565 
39566 
301711 
39567 
39568 
39569 
301714 
301715 
301716 
301718 
563862 
563863 
563864 
301721 
301722 
563866 
301723 
563867 
301725 
563869 
563870 
563871 
301728 
563872 
301729 
563873 
301730 
563874 
563875 
301732 
563876 
563877 
563878 
301735 
563879 
301736 
563880 
301737 
563881 
39594 
563882 
301739 
39595 
563883 
39596 
563884 
39597 
563885 
301742 
39598 
563886 
301743 
39599 
563887 
301744 
563888 
563889 
301746 
563890 
563891 
563892 
301749 
563893 
301750 
563894 
301751 
563895 
563896 
301753 
563897 
563898 
563899 
301756 
563900 
301757 
563901 
301758 
563902 
301760 
301763 
301764 
301765 
301767 
39624 
39625 
301770 
39626 
301771 
39627 
301772 
39628 
39629 
301774 
301777 
301778 
301779 
301781 
301784 
301785 
301786 
301791 
301792 
301793 
39654 
301799 
39655 
39656 
39657 
39658 
39659 
301810 
301811 
301812 
301813 
301814 
563959 
563960 
563961 
563962 
563963 
563964 
563965 
301823 
301826 
301827 
39683 
301828 
39684 
39685 
301830 
39686 
39687 
39688 
39689 
301834 
301835 
563980 
301837 
563981 
563982 
563983 
301840 
563984 
301841 
563985 
301842 
563986 
563987 
301844 
563988 
563989 
563990 
301847 
563991 
301848 
563992 
301849 
563993 
301850 
301851 
301854 
301855 
301856 
301858 
39714 
39715 
39716 
301861 
39717 
301862 
39718 
301863 
39719 
301865 
301868 
301869 
301870 
564015 
301872 
564016 
564017 
564018 
301875 
564019 
301876 
564020 
301877 
564021 
564022 
301879 
564023 
564024 
564025 
301882 
564026 
301883 
564027 
301884 
564028 
301886 
39744 
301889 
39745 
301890 
39746 
301891 
39747 
39748 
301893 
39749 
301896 
301897 
301898 
301900 
301903 
301904 
301905 
301907 
301910 
301911 
301912 
301914 
301917 
301918 
301919 
39775 
39776 
301921 
39777 
39778 
39779 
301924 
301925 
301926 
564071 
301928 
564072 
564073 
564074 
301931 
564075 
301932 
564076 
301933 
564077 
301938 
301939 
564092 
564093 
39806 
39807 
564095 
39808 
564096 
39809 
564097 
564099 
564100 
301957 
564101 
564103 
564105 
564106 
564107 
564108 
564109 
564110 
564111 
564112 
564113 
301970 
564114 
564115 
564116 
301973 
564117 
301974 
564118 
301975 
564119 
564120 
564121 
564122 
564123 
564124 
564125 
564126 
564127 
564128 
564129 
564130 
564131 
301988 
564132 
564133 
564134 
301991 
564135 
301992 
564136 
301993 
564137 
564138 
301995 
564139 
564140 
301997 
564141 
301998 
564142 
301999 
564143 
302000 
564144 
302001 
564145 
302002 
564146 
302003 
564147 
302004 
302019 
302022 
302023 
302024 
302026 
302030 
302033 
302037 
302040 
302044 
302047 
302051 
302054 
302057 
302058 
302059 
302061 
302065 
302068 
302072 
302075 
302079 
302082 
302089 
564233 
564234 
564235 
302092 
302093 
564237 
564238 
564239 
564240 
564241 
564242 
564243 
302100 
564244 
564245 
564246 
564247 
564248 
564249 
564250 
564251 
564252 
564253 
302110 
564254 
302111 
564255 
302112 
564256 
302113 
564257 
302114 
564258 
302115 
564259 
302116 
564260 
564261 
302118 
564262 
302119 
564263 
564264 
302121 
564265 
302122 
564266 
564267 
564268 
564269 
564270 
564271 
564272 
564273 
564330 
564331 
564332 
564333 
564334 
564335 
564336 
564351 
564352 
564353 
564354 
564355 
564356 
564357 
564358 
564359 
564360 
564361 
564362 
564363 
564364 
40077 
40078 
40079 
564386 
564387 
564388 
564389 
564390 
564391 
564392 
40105 
564393 
40106 
564394 
40107 
564395 
40108 
564396 
40109 
564397 
564398 
564399 
40134 
40135 
302280 
40136 
40137 
40138 
40139 
564442 
564443 
564444 
564445 
564446 
564447 
564448 
40164 
40165 
40166 
40167 
40168 
40169 
564463 
564464 
564465 
564466 
564467 
564468 
564470 
564471 
564472 
564474 
564476 
564477 
564478 
564479 
564480 
564481 
40194 
564482 
40195 
564483 
40196 
564484 
40197 
564485 
40198 
564486 
40199 
564487 
564488 
564489 
564490 
564491 
564492 
564493 
564494 
564495 
564496 
564497 
564498 
302355 
564499 
564500 
302357 
564501 
302358 
564502 
302359 
564503 
564504 
302361 
564505 
564506 
564507 
564508 
564509 
564510 
564511 
40224 
564512 
40225 
564513 
40226 
564514 
40227 
564515 
40228 
564516 
40229 
564517 
564518 
302377 
302379 
302381 
302383 
302385 
302387 
302389 
302390 
302396 
302397 
302398 
40254 
40255 
302400 
40256 
40257 
302402 
40258 
302403 
40259 
302404 
302405 
302406 
302407 
302408 
302409 
302410 
302411 
302412 
302413 
302414 
302415 
302416 
302417 
302418 
302419 
302420 
302422 
302423 
302424 
302425 
302428 
40284 
40285 
302430 
40286 
302431 
40287 
302432 
40288 
40289 
302435 
302437 
302438 
302453 
302455 
302456 
302457 
302459 
40315 
40316 
564604 
302461 
40317 
564605 
302462 
40318 
564606 
302463 
40319 
302464 
564608 
564609 
302466 
564611 
564612 
564613 
564614 
564615 
564617 
302474 
564618 
302475 
564619 
564620 
302477 
564621 
564622 
302479 
564623 
302480 
564624 
302481 
564625 
302482 
564626 
564627 
302484 
564628 
564629 
302486 
564630 
302487 
564631 
564632 
302489 
564633 
40346 
564634 
40347 
564635 
302492 
40348 
564636 
40349 
564637 
302494 
564638 
564639 
564640 
564641 
564642 
564643 
564644 
302502 
302503 
302504 
302506 
302507 
302508 
302517 
302519 
302521 
302531 
302532 
302533 
302534 
302535 
302536 
302551 
302552 
302553 
302554 
302555 
302556 
302557 
564701 
564702 
302559 
564703 
302560 
564704 
302561 
564705 
564706 
564707 
302564 
302572 
302573 
302574 
302575 
302576 
302577 
302578 
564722 
302579 
564723 
564724 
564725 
302582 
564726 
564727 
302584 
564728 
302585 
564729 
564730 
564731 
564732 
564733 
564734 
564735 
564757 
302614 
564758 
564759 
302616 
564760 
302617 
564761 
302618 
564762 
564763 
302620 
564764 
302621 
564765 
564766 
302623 
564767 
564768 
302625 
564769 
564770 
302627 
302628 
302629 
302631 
302633 
302634 
302663 
302665 
302667 
302669 
564813 
302670 
564814 
302671 
564815 
302672 
564816 
564817 
302674 
564818 
564819 
302676 
302677 
302682 
302684 
302685 
302686 
302687 
302688 
302689 
302690 
564834 
564835 
564837 
564838 
302695 
564839 
564840 
564841 
302698 
564842 
302699 
564843 
302700 
302701 
564845 
302702 
564846 
302703 
564847 
302704 
564848 
564849 
564850 
564851 
564852 
564853 
564854 
564855 
302712 
564856 
302713 
564857 
302714 
564858 
302715 
564859 
302716 
564860 
302717 
564861 
302718 
564862 
564863 
564864 
564865 
564866 
564867 
564868 
564869 
302726 
564870 
302727 
564871 
302728 
564872 
564873 
302730 
564874 
564875 
302732 
564876 
564877 
564878 
302735 
564879 
302736 
564880 
564881 
564882 
302739 
564883 
564884 
564885 
564886 
564887 
564888 
564889 
302755 
302759 
40617 
40618 
302768 
302769 
302770 
302771 
302772 
302773 
302774 
302775 
302777 
302778 
302779 
302780 
302781 
302783 
302784 
302785 
302787 
302788 
40645 
40646 
40647 
40648 
40649 
302804 
302808 
302817 
302818 
40674 
40675 
40676 
302821 
40677 
302822 
40678 
40679 
302824 
302830 
564975 
564976 
564977 
302834 
564979 
564980 
564981 
564982 
564983 
564984 
564985 
564986 
564987 
564988 
564989 
564990 
564991 
40704 
564992 
40705 
564993 
40706 
564994 
40707 
564995 
40708 
564996 
302853 
40709 
564997 
564998 
564999 
565000 
565001 
565002 
565003 
565004 
565005 
565006 
565007 
565008 
565009 
302866 
565010 
302867 
565011 
302868 
565012 
302869 
565013 
302870 
565014 
302871 
565015 
302872 
40734 
40735 
40736 
302881 
40737 
40738 
40739 
302888 
302889 
302891 
302894 
302895 
302896 
302897 
302898 
302899 
302900 
40764 
40765 
40766 
40767 
40768 
40769 
565072 
565073 
565074 
565075 
565076 
565077 
565078 
40794 
40795 
40796 
40797 
40798 
40799 
565093 
565094 
565095 
565096 
565097 
565098 
565099 
565100 
565101 
565102 
565103 
565104 
565105 
565106 
302966 
40824 
40825 
40826 
40827 
302972 
40828 
40829 
302974 
302975 
302976 
565128 
565129 
565130 
565131 
565132 
565133 
565134 
565135 
565136 
302993 
565137 
302994 
565138 
565139 
302996 
565140 
565141 
40855 
303000 
40856 
303001 
40857 
40858 
303003 
40859 
40886 
40887 
40888 
40889 
565184 
565185 
565186 
565187 
565188 
565189 
565190 
565205 
565206 
565208 
565209 
565210 
565211 
565212 
565213 
565214 
565216 
565217 
565218 
565219 
565220 
565221 
565222 
565223 
565224 
565225 
565226 
565227 
565228 
565229 
565230 
565231 
565232 
565233 
565234 
565235 
565236 
565237 
565238 
565239 
565240 
565241 
565242 
565243 
565244 
565245 
565246 
565247 
565248 
565249 
565250 
565251 
565252 
565253 
565254 
565255 
565256 
565257 
565258 
565259 
565260 
565345 
565346 
565347 
565348 
565349 
565350 
565351 
565352 
565353 
565354 
565355 
565356 
565357 
565358 
565359 
565360 
565361 
565362 
565363 
565364 
565365 
565366 
565367 
565368 
565369 
565370 
565371 
565372 
565373 
565374 
565375 
565376 
565377 
565378 
565379 
565380 
565381 
565382 
303239 
565383 
565384 
565385 
565386 
303243 
303258 
303259 
303261 
303263 
303265 
303267 
303269 
303271 
303272 
303278 
303279 
303282 
303284 
303285 
303286 
303287 
303288 
303289 
303290 
303291 
303292 
303293 
303294 
303295 
303296 
303297 
303298 
303299 
565443 
303300 
565444 
41157 
565445 
303302 
41158 
565446 
565447 
303304 
565448 
565449 
303306 
303307 
303310 
303312 
303313 
303314 
303317 
303319 
303320 
565464 
565465 
565466 
565467 
565468 
565469 
565470 
565471 
565472 
41185 
565473 
41186 
565474 
41187 
565475 
41188 
565476 
41189 
565477 
303335 
303337 
303339 
303341 
303342 
303344 
303345 
303346 
303348 
565499 
303356 
565500 
565501 
41214 
565502 
303359 
41215 
565503 
41216 
565504 
303361 
41217 
565505 
303362 
41218 
565506 
303363 
41219 
565507 
565508 
565509 
303366 
565510 
565511 
303368 
565512 
303369 
303372 
303376 
303385 
303386 
303387 
303388 
41244 
303389 
41245 
41246 
41247 
41248 
41249 
303401 
303403 
565555 
565556 
303413 
565557 
303414 
565558 
565559 
303416 
565560 
565561 
41274 
41275 
41276 
41277 
41278 
41279 
565576 
303433 
565577 
303434 
303435 
565579 
303436 
565580 
303437 
565581 
303438 
303439 
565583 
565584 
565585 
303442 
565587 
565589 
303446 
565590 
565591 
41304 
565592 
41305 
565593 
41306 
565594 
41307 
565595 
41308 
565596 
41309 
565597 
303454 
565598 
303455 
565599 
303456 
565600 
303457 
565601 
303458 
565602 
303459 
565603 
303460 
565604 
565605 
565606 
565607 
303464 
565608 
565609 
303466 
565610 
565611 
565612 
565613 
565614 
565615 
565616 
565617 
565618 
565619 
565620 
565621 
41334 
565622 
41335 
565623 
41336 
565624 
41337 
565625 
41338 
565626 
41339 
565627 
565628 
565629 
565630 
565631 
303496 
303498 
303500 
303502 
303503 
303505 
303507 
41364 
303509 
41365 
303510 
41366 
41367 
41368 
303513 
41369 
303515 
303516 
41395 
41396 
41397 
41398 
41399 
303552 
303554 
303556 
303558 
303559 
303565 
303566 
303567 
303568 
303569 
303570 
41426 
303571 
41427 
303572 
41428 
41429 
565717 
565718 
565719 
565720 
565721 
565722 
565724 
303581 
565725 
565726 
303583 
565727 
565728 
303585 
565730 
565731 
565732 
565733 
565734 
565735 
565736 
565737 
303594 
565738 
303595 
565739 
303596 
565740 
303597 
565741 
303598 
565742 
303599 
565743 
303600 
565744 
565745 
565746 
565747 
565748 
565749 
565750 
565751 
565752 
303609 
565753 
303610 
565754 
565755 
303612 
565756 
565757 
303618 
303637 
303650 
303654 
303657 
303663 
303665 
303667 
565814 
565815 
565816 
565817 
565818 
565819 
565820 
303686 
303687 
565835 
565836 
565837 
565838 
565839 
565840 
565841 
565842 
303699 
565843 
303700 
565844 
565845 
565846 
303703 
565847 
303704 
565848 
303706 
303710 
303712 
565870 
565871 
565872 
565873 
565874 
565875 
565876 
565877 
565878 
565879 
565880 
565881 
565882 
565883 
303749 
303750 
303751 
303753 
303754 
303770 
303771 
303773 
303777 
303778 
303779 
303780 
303781 
565926 
565927 
565928 
565929 
565930 
565931 
565932 
565947 
565948 
565949 
565950 
565951 
565952 
565953 
565954 
565955 
565956 
303813 
565958 
565959 
565960 
565961 
565962 
565963 
565964 
565965 
565966 
565967 
565968 
565969 
565970 
565971 
565972 
565973 
565974 
565975 
565976 
565977 
565978 
565979 
565980 
565981 
565982 
565983 
565984 
41697 
565985 
41698 
565986 
565987 
565988 
565989 
565990 
565991 
565992 
565993 
565994 
565995 
565996 
565997 
303854 
565998 
565999 
303856 
566000 
566001 
303858 
566002 
41725 
41726 
41727 
41728 
41729 
303875 
303876 
303878 
303882 
303883 
303885 
41754 
41755 
41756 
41757 
41758 
41759 
41784 
41785 
41786 
41787 
41788 
41789 
566088 
566089 
566090 
566092 
566093 
566095 
566096 
566097 
566098 
566099 
566100 
566101 
41814 
566102 
41815 
566103 
41816 
566104 
41817 
566105 
41818 
566106 
41819 
566107 
566108 
566109 
566110 
566111 
566112 
566113 
566114 
566115 
566116 
566117 
566118 
566119 
566120 
566121 
566122 
566123 
566124 
566125 
566126 
566127 
566128 
41844 
41845 
41846 
41847 
41848 
41849 
41874 
41875 
41876 
41877 
41878 
41879 
566185 
566186 
566187 
566188 
566189 
566190 
566191 
41904 
41905 
41906 
41907 
41908 
41909 
566206 
566207 
566208 
566209 
566210 
566211 
566212 
566213 
566214 
566215 
566216 
566217 
566218 
566219 
41935 
41936 
41937 
41938 
41939 
566241 
566242 
566243 
566244 
566245 
566246 
566247 
566248 
566249 
566250 
566251 
566252 
566253 
41966 
566254 
41967 
41968 
41969 
304121 
304125 
304143 
304145 
304147 
304149 
304151 
304153 
566297 
304154 
566298 
566299 
566300 
566301 
566302 
304159 
566303 
304160 
304161 
304164 
304166 
304167 
304168 
304169 
304170 
304171 
304172 
304173 
304174 
566318 
304175 
566319 
304176 
304177 
566321 
304178 
566322 
304179 
566323 
304180 
566324 
304181 
566325 
304182 
566326 
566327 
304184 
566329 
304186 
566330 
566331 
304188 
566332 
304189 
566333 
566334 
566335 
304192 
566336 
566337 
304194 
566338 
304195 
566339 
304196 
566340 
566341 
566342 
304199 
566343 
566344 
304201 
566345 
304202 
566346 
566347 
566348 
566349 
566350 
566351 
566352 
566353 
566354 
566355 
566356 
566357 
566358 
566359 
566360 
304217 
566361 
566362 
304219 
566363 
304220 
566364 
304221 
566365 
566366 
304223 
566367 
304224 
566368 
566369 
304226 
566370 
566371 
304228 
566372 
566373 
304230 
304238 
304241 
304243 
304244 
304245 
304248 
304250 
304251 
304254 
304258 
304266 
304267 
304268 
304269 
304271 
304272 
304283 
304285 
304295 
304296 
304297 
304298 
304299 
304315 
566459 
304316 
566460 
304317 
566461 
304318 
304319 
566463 
304320 
566464 
304321 
566465 
566466 
566467 
304324 
566468 
566469 
304326 
566470 
304328 
566472 
566473 
566474 
566475 
566476 
566477 
566478 
566479 
304336 
566480 
304337 
566481 
304338 
566482 
304339 
566483 
304340 
566484 
304341 
566485 
304342 
566486 
566487 
566488 
566489 
566490 
566491 
566492 
566493 
566494 
566495 
566496 
566497 
566498 
566499 
304378 
304380 
42237 
304382 
42238 
304384 
304385 
304387 
304389 
304391 
304392 
304395 
304397 
304398 
42265 
42266 
42267 
42268 
566556 
42269 
566557 
566558 
566559 
566560 
566561 
566562 
566577 
304434 
566578 
566579 
304436 
566580 
566581 
304438 
42294 
566582 
42295 
566583 
304440 
42296 
566584 
304441 
42297 
566585 
42298 
566586 
42299 
566587 
566588 
566589 
566590 
304448 
304449 
304450 
304451 
304452 
304453 
304454 
304463 
304464 
304465 
304466 
304467 
42324 
566612 
42325 
566613 
42326 
566614 
42327 
566615 
42328 
566616 
42329 
566617 
566618 
566619 
304476 
566620 
304477 
566621 
304478 
566622 
304479 
566623 
304480 
566624 
304481 
566625 
304482 
304491 
304492 
304494 
42354 
42355 
42356 
42357 
42358 
42359 
304519 
566668 
566669 
566670 
566671 
42384 
566672 
42385 
566673 
42386 
566674 
42387 
304532 
42388 
42389 
304534 
304536 
304538 
304539 
304545 
566689 
566690 
304547 
566692 
304549 
566693 
566694 
304552 
566696 
566697 
566698 
566700 
42414 
566702 
42415 
566703 
42416 
566704 
42417 
566705 
42418 
566706 
42419 
566707 
566708 
566709 
566710 
566711 
304568 
566712 
566713 
566714 
566715 
566716 
566717 
566718 
566719 
566720 
566721 
566722 
566723 
566724 
304581 
566725 
566726 
566727 
566728 
304585 
566729 
566730 
566731 
304588 
42444 
566732 
42445 
566733 
42446 
566734 
42447 
566735 
42448 
566736 
42449 
566737 
304594 
566738 
566739 
566740 
566741 
566742 
566743 
566744 
304617 
42475 
42476 
42477 
42478 
42479 
304631 
304632 
304633 
304634 
304635 
304636 
42506 
42507 
304652 
42508 
304653 
42509 
304655 
304659 
304660 
304661 
304662 
304663 
566830 
566831 
566832 
566834 
566835 
566836 
566837 
566838 
566839 
566840 
566841 
566843 
566844 
566845 
566846 
566847 
566848 
566849 
566850 
566851 
566852 
566853 
566854 
566855 
566856 
566857 
566858 
566859 
566860 
566861 
566862 
566863 
566864 
566865 
566866 
566867 
566868 
566869 
566870 
304736 
304738 
304740 
304757 
304758 
304760 
304764 
304765 
304767 
566927 
566928 
566929 
566930 
566931 
566932 
566933 
566948 
566949 
566950 
566951 
566952 
566953 
566954 
566955 
566956 
566957 
566958 
566959 
566960 
566961 
566983 
566984 
566985 
566986 
566987 
566988 
566989 
566990 
566991 
566992 
566993 
566994 
566995 
566996 
304877 
567039 
567040 
567041 
567042 
567043 
567044 
567045 
567060 
567061 
567063 
567064 
42777 
567065 
42778 
567066 
567067 
567068 
567069 
567071 
567073 
567074 
567075 
567076 
567077 
567078 
567079 
567080 
567081 
567082 
567083 
567084 
567085 
567086 
567087 
567088 
567089 
567090 
567091 
567092 
42805 
567093 
42806 
567094 
42807 
567095 
42808 
567096 
42809 
567097 
567098 
567099 
567100 
567101 
567102 
567103 
567104 
567105 
567106 
567107 
567108 
567109 
567110 
567111 
567112 
567113 
567114 
567115 
42834 
42835 
42836 
42837 
42838 
42839 
305003 
305004 
305007 
42864 
42865 
42866 
42867 
42868 
42869 
305023 
305025 
305027 
305029 
305031 
305033 
305035 
305036 
42894 
42895 
42896 
42897 
305042 
42898 
305043 
42899 
305044 
305046 
305048 
305049 
305050 
305051 
305052 
305053 
305054 
305055 
305056 
305057 
567201 
305058 
567202 
305059 
567203 
305060 
305061 
567205 
305062 
567206 
305063 
305064 
567208 
305065 
567209 
305066 
567210 
567211 
305068 
42924 
567212 
305069 
42925 
567213 
305070 
42926 
567214 
305071 
42927 
567215 
42928 
567216 
42929 
567217 
305074 
567218 
567219 
305076 
567220 
305077 
567221 
305078 
567222 
567223 
567224 
305081 
567225 
567226 
305083 
567227 
305084 
567228 
567229 
567230 
567231 
567232 
567233 
567234 
567235 
567236 
567237 
567238 
567239 
567240 
567241 
42954 
305099 
42955 
42956 
305101 
42957 
42958 
305103 
42959 
305105 
305106 
305108 
305110 
305112 
305120 
305123 
305125 
305126 
305127 
42984 
42985 
305130 
42986 
42987 
305132 
42988 
305133 
42989 
305149 
305151 
305153 
567298 
567299 
567300 
567301 
567302 
43015 
567303 
43016 
567304 
43017 
43018 
43019 
305165 
305167 
567319 
567320 
305177 
567321 
305178 
567322 
567323 
305180 
567324 
567325 
567326 
567327 
567328 
567329 
567330 
567331 
567332 
43046 
43047 
43048 
43049 
305197 
305198 
305199 
305200 
305201 
305202 
305203 
567354 
567355 
567356 
567357 
567358 
567359 
567360 
567361 
305218 
567362 
305219 
567363 
305220 
567364 
305221 
567365 
305222 
567366 
305223 
567367 
305224 
305260 
305262 
305264 
305266 
567410 
305267 
567411 
567412 
305269 
567413 
567414 
305271 
567415 
567416 
305273 
305274 
305277 
305279 
305280 
567431 
567432 
567433 
567434 
567435 
567436 
567437 
567438 
567439 
567440 
567442 
567444 
567445 
567446 
567447 
567448 
567449 
567450 
567451 
567452 
305309 
567453 
567454 
567455 
567456 
567457 
567458 
567459 
305316 
567460 
567461 
305318 
567462 
567463 
305320 
567464 
567465 
305322 
567466 
305323 
567467 
567468 
567469 
567470 
567471 
567472 
567473 
305330 
567474 
305331 
567475 
305332 
567476 
305333 
567477 
305334 
567478 
305335 
567479 
305336 
567480 
567481 
567482 
567483 
567484 
567485 
567486 
305344 
305345 
305347 
305349 
305358 
305359 
305360 
305361 
305362 
305363 
305364 
305372 
305373 
305374 
305376 
305414 
305418 
305421 
305427 
567571 
567572 
305429 
567573 
567574 
305431 
567575 
567576 
567577 
567578 
567579 
567580 
567581 
567582 
567583 
567585 
567586 
567587 
567588 
567589 
567590 
567591 
567592 
567593 
305450 
567594 
567595 
567596 
567597 
567598 
567599 
567600 
567601 
567602 
567603 
567604 
43317 
567605 
43318 
567606 
305463 
567607 
567608 
567609 
567610 
305467 
567611 
567612 
305470 
305476 
43345 
43346 
43347 
43348 
43349 
305513 
305514 
305515 
305517 
305518 
43374 
43375 
43376 
43377 
43378 
43379 
567669 
567670 
567671 
567672 
567673 
567674 
567675 
305534 
305535 
305537 
305541 
305542 
305543 
305544 
305545 
567690 
567691 
43404 
567692 
43405 
567693 
43406 
567694 
43407 
567695 
43408 
567696 
43409 
567697 
567698 
567699 
567700 
567701 
567702 
567703 
305575 
43434 
43435 
43436 
43437 
567725 
305582 
43438 
567726 
43439 
567727 
567728 
567729 
567730 
567731 
567732 
567733 
567734 
567735 
567736 
567737 
567738 
43464 
43465 
43466 
43467 
43468 
43469 
305618 
305620 
305622 
567781 
43494 
567782 
305639 
43495 
567783 
305640 
43496 
567784 
43497 
567785 
305642 
43498 
567786 
43499 
567787 
305646 
305647 
305649 
567802 
567803 
567805 
567806 
567807 
567808 
567809 
567810 
567811 
43524 
43525 
567813 
43526 
43527 
567815 
43528 
567816 
43529 
567817 
567818 
567819 
567820 
567821 
567822 
567823 
567824 
567825 
567826 
567827 
567828 
567829 
567830 
567831 
567832 
567833 
567834 
567835 
567836 
567837 
567838 
567839 
567840 
567841 
567842 
43555 
567843 
43556 
567844 
43557 
567845 
43558 
567846 
43559 
567847 
567848 
567849 
567850 
567851 
567852 
567853 
567854 
567855 
567856 
567857 
43586 
43587 
43588 
43589 
305760 
305763 
305786 
567943 
567944 
567945 
567947 
567948 
567950 
567951 
567952 
567953 
567954 
567956 
567957 
567958 
567959 
567960 
567961 
567962 
567963 
567964 
567965 
567966 
567967 
567968 
567969 
567970 
567971 
567972 
567973 
567974 
567975 
567976 
567977 
567978 
567979 
567980 
567981 
567982 
567983 
305885 
305889 
568040 
568041 
568042 
568043 
568044 
568045 
568046 
305907 
305909 
305910 
305911 
305913 
305915 
305917 
568061 
305918 
568062 
568063 
568064 
568065 
568066 
568067 
305924 
568068 
305925 
568069 
568070 
305927 
568071 
305928 
568072 
568073 
305930 
568074 
305931 
305932 
305933 
305934 
305935 
305936 
305937 
305938 
305939 
305940 
305941 
305942 
305943 
305944 
305945 
305946 
305947 
305948 
305950 
305952 
568096 
305953 
568097 
568098 
568099 
305956 
568100 
568101 
305958 
568102 
305959 
568103 
305960 
568104 
568105 
568106 
305963 
568107 
568108 
305965 
568109 
305966 
305981 
305983 
305984 
305985 
305987 
305988 
305990 
305992 
305994 
43857 
306002 
43858 
43859 
306005 
306007 
306008 
568152 
306009 
568153 
568154 
568155 
306012 
568156 
568157 
306014 
568158 
306015 
306018 
306022 
43885 
568173 
43886 
568174 
306031 
43887 
306032 
43888 
568176 
306033 
43889 
568177 
568178 
306035 
306036 
568180 
568181 
568182 
568184 
568185 
568186 
568187 
568188 
568189 
568190 
306047 
568191 
568192 
306049 
568193 
568194 
568195 
568196 
568197 
568198 
568199 
568200 
568201 
43914 
568202 
306059 
43915 
568203 
306060 
43916 
568204 
43917 
568205 
306062 
43918 
568206 
43919 
568207 
568208 
568209 
568210 
568211 
568212 
568213 
568214 
568215 
568216 
568217 
568218 
568219 
568220 
568221 
568222 
306079 
568223 
306080 
568224 
306081 
568225 
306082 
568226 
306083 
568227 
306084 
568228 
306085 
43944 
43945 
43946 
43947 
306092 
43948 
43949 
306100 
306101 
306102 
306103 
306104 
306105 
306106 
306110 
306112 
43974 
43975 
43976 
43977 
43978 
43979 
306142 
306144 
306146 
306148 
44004 
306149 
44005 
44006 
306151 
44007 
44008 
306153 
44009 
306155 
306156 
306159 
306161 
306162 
568313 
568314 
568315 
568316 
568318 
568319 
568321 
44034 
568322 
44035 
568323 
44036 
568324 
44037 
568325 
44038 
44039 
568327 
568328 
568329 
568330 
568331 
568332 
568333 
568334 
568335 
568336 
568337 
568338 
568339 
568340 
568341 
306198 
568342 
568343 
306200 
568344 
568345 
306202 
568346 
568347 
306204 
568348 
568349 
568350 
568351 
44064 
568352 
44065 
568353 
44066 
568354 
44067 
306212 
44068 
306213 
44069 
306214 
306215 
306216 
306217 
306218 
306226 
306227 
306229 
306231 
44095 
306240 
44096 
306241 
44097 
306242 
44098 
306243 
44099 
306244 
306245 
306246 
306254 
306255 
306256 
306258 
568411 
568412 
568413 
44126 
568414 
44127 
568415 
44128 
568416 
44129 
568417 
568432 
568433 
568434 
568435 
568436 
568437 
568438 
568439 
306296 
568440 
568441 
306298 
568442 
568443 
306300 
568444 
306301 
568445 
306303 
306307 
306309 
306313 
568467 
568468 
568469 
568470 
568471 
568472 
568473 
568474 
568475 
306332 
568476 
306333 
568477 
568478 
306335 
568479 
568480 
306345 
306349 
306352 
306354 
306355 
306357 
306358 
568523 
568524 
568525 
568526 
568527 
568528 
568529 
306395 
306396 
306397 
306398 
306399 
306400 
568544 
568545 
568547 
568548 
568549 
568551 
568552 
568553 
568555 
568556 
568557 
568558 
568559 
306416 
568560 
306417 
568561 
568562 
306419 
568563 
568564 
568565 
568566 
306423 
568567 
306424 
568568 
306425 
568569 
306426 
568570 
306427 
568571 
568572 
568573 
568574 
568575 
568576 
568577 
568578 
568579 
568580 
568581 
568582 
568583 
568584 
568585 
568586 
568587 
568588 
568589 
568590 
568591 
568592 
568593 
568594 
568595 
568596 
568597 
568598 
568599 
306466 
306471 
306478 
306483 
306500 
306502 
306504 
306521 
306522 
306524 
306528 
306529 
306531 
44397 
568685 
44398 
568686 
568687 
568688 
568689 
568690 
568692 
568693 
568694 
568695 
568696 
568697 
568698 
568699 
568700 
568701 
568702 
568703 
568704 
568705 
568706 
568707 
568708 
568709 
568710 
568711 
568712 
44425 
568713 
44426 
568714 
44427 
568715 
44428 
568716 
44429 
568717 
568718 
568719 
568720 
568721 
568722 
568723 
568724 
568725 
44454 
44455 
44456 
44457 
44458 
44459 
44484 
44485 
44486 
44487 
44488 
44489 
568782 
568783 
568784 
568785 
568786 
568787 
568788 
44514 
44515 
568803 
44516 
568804 
44517 
568805 
44518 
568806 
44519 
568807 
568808 
568809 
568810 
568811 
568812 
568813 
568814 
568815 
568816 
306675 
44544 
44545 
44546 
306691 
44547 
44548 
44549 
568838 
568839 
568840 
568841 
568842 
568843 
568844 
568845 
568846 
568847 
568848 
568849 
568850 
568851 
44574 
44575 
44576 
44577 
44578 
44579 
44604 
44605 
44606 
568894 
44607 
568895 
44608 
568896 
44609 
568897 
568898 
568899 
568900 
306767 
306771 
568915 
568916 
568918 
568919 
568920 
568922 
44635 
568923 
44636 
568924 
44637 
44638 
568926 
44639 
568928 
568929 
568930 
306787 
568931 
568932 
306789 
568933 
568934 
306791 
568935 
568936 
306793 
568937 
306794 
568938 
306795 
568939 
306796 
568940 
306797 
568941 
568942 
306799 
568943 
306800 
568944 
568945 
568946 
568947 
568948 
568949 
306806 
568950 
306807 
568951 
568952 
568953 
306810 
44666 
568954 
44667 
568955 
306812 
44668 
568956 
306813 
44669 
568957 
306814 
568958 
306815 
568959 
306816 
568960 
306817 
568961 
306818 
568962 
306819 
568963 
306820 
568964 
306821 
568965 
306822 
568966 
306823 
568967 
306824 
568968 
306825 
568969 
306826 
568970 
306827 
306828 
306830 
306832 
306834 
306835 
306838 
306840 
306841 
306842 
306845 
306847 
306848 
306863 
306865 
306866 
306867 
306869 
306870 
306872 
306873 
306874 
306876 
306884 
306885 
306887 
306889 
306890 
306891 
306892 
306894 
306896 
306897 
306900 
306904 
569055 
569056 
306913 
569057 
569058 
306915 
569059 
569060 
306917 
569061 
569062 
569063 
569064 
569065 
569066 
569067 
569069 
569070 
569071 
569072 
306929 
569073 
569074 
306931 
569075 
569076 
569077 
569078 
569079 
569080 
569081 
569082 
569083 
569084 
306941 
569085 
306942 
569086 
569087 
306944 
569088 
569089 
569090 
569091 
569092 
569093 
569094 
569095 
569096 
306961 
306962 
306963 
306964 
306965 
306966 
306967 
306982 
306983 
306984 
306985 
306986 
306987 
306988 
306994 
569153 
569154 
569155 
569156 
569157 
569158 
569159 
307024 
307026 
307028 
307030 
569174 
307031 
569175 
569176 
307033 
569177 
569178 
307035 
569179 
569180 
307037 
569181 
307038 
569182 
569183 
569184 
307041 
569185 
569186 
307043 
569187 
307044 
569209 
569210 
569211 
569212 
569213 
569214 
569215 
569216 
569217 
569218 
569219 
569220 
569221 
569222 
307080 
44937 
307082 
44938 
307084 
307086 
307094 
307095 
307096 
307097 
307098 
307099 
307100 
307108 
307109 
44965 
44966 
307111 
44967 
44968 
307113 
44969 
307114 
569265 
307122 
569266 
307123 
569267 
307124 
569268 
307125 
569269 
307126 
569270 
307127 
569271 
307128 
307137 
307138 
44994 
44995 
307140 
44996 
44997 
44998 
569286 
44999 
569287 
569289 
569290 
569291 
569292 
569293 
569294 
569295 
569297 
569298 
569299 
569300 
569301 
569302 
569303 
569304 
569305 
569306 
569307 
569308 
569309 
569310 
569311 
45024 
569312 
45025 
569313 
45026 
569314 
45027 
569315 
45028 
569316 
45029 
569317 
569318 
569319 
569320 
569321 
307178 
569322 
569323 
569324 
569325 
307182 
569326 
569327 
569328 
307185 
569329 
569330 
569331 
569332 
307189 
569333 
569334 
307191 
569335 
569336 
569337 
569338 
307195 
569339 
569340 
569341 
45054 
45055 
45056 
45057 
45058 
45059 
307214 
307216 
307227 
307228 
45084 
45085 
45086 
307231 
45087 
45088 
45089 
307234 
307240 
45114 
45115 
45116 
45117 
45118 
45119 
307277 
307278 
307279 
307281 
307282 
569427 
569428 
569429 
569431 
45144 
569432 
45145 
45146 
569434 
45147 
569435 
45148 
569436 
45149 
569437 
569438 
569440 
569441 
307298 
569442 
307299 
569443 
569444 
307301 
569445 
569446 
569447 
569448 
307305 
569449 
307306 
569450 
307307 
569451 
307308 
569452 
307309 
569453 
307310 
569454 
569455 
569456 
569457 
569458 
569459 
569460 
569461 
569462 
45175 
569463 
45176 
569464 
45177 
569465 
45178 
569466 
45179 
569467 
307332 
307333 
45206 
45207 
45208 
45209 
569524 
569525 
307382 
569526 
569527 
307384 
569528 
569529 
307386 
569530 
569545 
569546 
307403 
569547 
307404 
569548 
569549 
307406 
569550 
569551 
569552 
569553 
307410 
569554 
307411 
569555 
569556 
307413 
569557 
569558 
569580 
569581 
569582 
569583 
569584 
569585 
569586 
569587 
569588 
569589 
569590 
569591 
569592 
569593 
569636 
569637 
569638 
569639 
569640 
569641 
569642 
569657 
569658 
569660 
569661 
569662 
569664 
569665 
569666 
569667 
569668 
569669 
569670 
569671 
569672 
569673 
569674 
569675 
569676 
569677 
569678 
569679 
569680 
569681 
569682 
569683 
569684 
569685 
569686 
569687 
569688 
569689 
569690 
569691 
569692 
569693 
569694 
569695 
569696 
569697 
569698 
569699 
569700 
569701 
569702 
569703 
569704 
569705 
569706 
569707 
569708 
569709 
569710 
569711 
569712 
45477 
45478 
307649 
45505 
45506 
45507 
45508 
307653 
45509 
569797 
569798 
569799 
569800 
569801 
569802 
569803 
569805 
569806 
569807 
569808 
569809 
569811 
569812 
569813 
569814 
307671 
569815 
569816 
307673 
569817 
569818 
307675 
569819 
569820 
307677 
569821 
45534 
569822 
307679 
45535 
569823 
45536 
569824 
307681 
45537 
569825 
307682 
45538 
569826 
45539 
569827 
569828 
569829 
569830 
569831 
307688 
569832 
307689 
569833 
569834 
569835 
307692 
569836 
569837 
307694 
569838 
307695 
307696 
307697 
307698 
307699 
307700 
307701 
307702 
307703 
307704 
307705 
307706 
307707 
307708 
45564 
307709 
45565 
307710 
45566 
45567 
307712 
45568 
45569 
307714 
307716 
307717 
307718 
307720 
307722 
307723 
307724 
307727 
307729 
307730 
45594 
45595 
45596 
45597 
45598 
45599 
307745 
307747 
307748 
307749 
307751 
569895 
307752 
569896 
569897 
307754 
569898 
569899 
307756 
569900 
569901 
307758 
307766 
45624 
307769 
45625 
45626 
307771 
45627 
307772 
45628 
569916 
307773 
45629 
569917 
569918 
569919 
307776 
569920 
569921 
307778 
569922 
307779 
569923 
569924 
569925 
307782 
569926 
569927 
569928 
569929 
307786 
307795 
307797 
45654 
307799 
45655 
45656 
45657 
45658 
45659 
569951 
569952 
569953 
569954 
307811 
569955 
569956 
307813 
569957 
569958 
569959 
569960 
569961 
569962 
569963 
569964 
307823 
307824 
307826 
45684 
45685 
45686 
45687 
45688 
45689 
307843 
307844 
307845 
307846 
307847 
307848 
307849 
307856 
45715 
45716 
45717 
45718 
45719 
570007 
307864 
570008 
307865 
570009 
307866 
570010 
307867 
570011 
307868 
570012 
307869 
570013 
307870 
570028 
570029 
570031 
570032 
570033 
45746 
45747 
570035 
45748 
570036 
45749 
570037 
570038 
570039 
570041 
570042 
570043 
570044 
570045 
570046 
570047 
570048 
570049 
307906 
570050 
570051 
307908 
570052 
570053 
307910 
570054 
570055 
307912 
570056 
307913 
570057 
570058 
307915 
570059 
570060 
307917 
570061 
570062 
307919 
570063 
307920 
570064 
570065 
570066 
307923 
570067 
570068 
307925 
570069 
307926 
570070 
570071 
570072 
570073 
570074 
570075 
570076 
570077 
570078 
570079 
570080 
570081 
570082 
570083 
307962 
307964 
307966 
307968 
307976 
307977 
307978 
307979 
307980 
307981 
307982 
307990 
307991 
307993 
307995 
307996 
308004 
308005 
308006 
308007 
308008 
308009 
308010 
308019 
308020 
308022 
570169 
570170 
570171 
308028 
570173 
570174 
570176 
570177 
570178 
570179 
570180 
570182 
570183 
570184 
570185 
570186 
570187 
570188 
570189 
570190 
570191 
570192 
570193 
570194 
570195 
570196 
570197 
570198 
570199 
570200 
570201 
570202 
570203 
308060 
570204 
570205 
570206 
570207 
308064 
570208 
570209 
308066 
308067 
308073 
308077 
308096 
308099 
308109 
308113 
308116 
308120 
308122 
570266 
570267 
570268 
570269 
570270 
570271 
570272 
570287 
570288 
570289 
570290 
570291 
570292 
570293 
570294 
570295 
570296 
570297 
570298 
570299 
570300 
308158 
308159 
308160 
308161 
46017 
308162 
46018 
308163 
308164 
308172 
570322 
570323 
308180 
570324 
308181 
570325 
570326 
308183 
570327 
570328 
570329 
570330 
308187 
570331 
308188 
570332 
308189 
46045 
570333 
308190 
46046 
570334 
308191 
46047 
570335 
46048 
46049 
46074 
46075 
46076 
46077 
46078 
46079 
308230 
570378 
570379 
570380 
570381 
570382 
570383 
570384 
46104 
46105 
46106 
46107 
46108 
46109 
570399 
570400 
570401 
570402 
570403 
570404 
570405 
570406 
308263 
570407 
308264 
570408 
308266 
570410 
308268 
570412 
570413 
570414 
570415 
570416 
570417 
570418 
570419 
570420 
570421 
46134 
570422 
46135 
570423 
46136 
570424 
46137 
570425 
46138 
570426 
46139 
570427 
570428 
308285 
570429 
308286 
570430 
308287 
570431 
308288 
570432 
570433 
570434 
570435 
308292 
570436 
308293 
570437 
570438 
308295 
570439 
570440 
570441 
570442 
570443 
570444 
570445 
570446 
570447 
570448 
570449 
570450 
46163 
570451 
46164 
570452 
46165 
570453 
46166 
570454 
46167 
46168 
46169 
46194 
46195 
46196 
46197 
46198 
46199 
46224 
46225 
46226 
46227 
46228 
46229 
570540 
570541 
570542 
46255 
570543 
46256 
570544 
46257 
570545 
46258 
46259 
570547 
570548 
570549 
570550 
570551 
570553 
570554 
570555 
570556 
570557 
570558 
570559 
570560 
570561 
570562 
570563 
570564 
570565 
570566 
570567 
570568 
570569 
570570 
570571 
570572 
570573 
46286 
570574 
46287 
570575 
46288 
570576 
46289 
570577 
570578 
570579 
570580 
308458 
308476 
308478 
570637 
570638 
570639 
570640 
570641 
570642 
570643 
570658 
570659 
570660 
570661 
570662 
570663 
570664 
570665 
570666 
570667 
570668 
570669 
570670 
570671 
308531 
308532 
308535 
570693 
570694 
308551 
570695 
308552 
570696 
308553 
570697 
308554 
570698 
308555 
570699 
570700 
308557 
570701 
570702 
308559 
570703 
570704 
308561 
570705 
570706 
308563 
308564 
308570 
308571 
308574 
308576 
308577 
308578 
308579 
308580 
308581 
308582 
308583 
308584 
308585 
308586 
308587 
308588 
308589 
308590 
308591 
308592 
308594 
308596 
308598 
308599 
308602 
308604 
308605 
570749 
308606 
570750 
570751 
570752 
308609 
570753 
570754 
308611 
570755 
308612 
570770 
308627 
570771 
308629 
570773 
308630 
570774 
308631 
570775 
308633 
570777 
308634 
570778 
570779 
308636 
570781 
308638 
570783 
308640 
570784 
570785 
570786 
570787 
570788 
570789 
570790 
570791 
308648 
570792 
308649 
570793 
570794 
308651 
570795 
570796 
308653 
570797 
308654 
570798 
308655 
570799 
570800 
570801 
308658 
570802 
570803 
308660 
570804 
308661 
570805 
570806 
570807 
308664 
570808 
570809 
570810 
570811 
308668 
570812 
570813 
570814 
570815 
570816 
570817 
570818 
570819 
570820 
308677 
570821 
570822 
308679 
570823 
570824 
308681 
570825 
308693 
308695 
46557 
46558 
308705 
308706 
308707 
308708 
308725 
308726 
308727 
308728 
308729 
46585 
308730 
46586 
308731 
46587 
46588 
46589 
308746 
308747 
308748 
308749 
308750 
308751 
308752 
46614 
46615 
46616 
46617 
46618 
46619 
570910 
570911 
570912 
570913 
570915 
570916 
570918 
570919 
570920 
570921 
570922 
570924 
570925 
570926 
570927 
570928 
570929 
570930 
570931 
308788 
46644 
570932 
46645 
570933 
308790 
46646 
570934 
46647 
570935 
308792 
46648 
570936 
46649 
570937 
308794 
570938 
308795 
570939 
570940 
308797 
570941 
570942 
308799 
570943 
570944 
308801 
570945 
308802 
570946 
570947 
570948 
308805 
570949 
570950 
308807 
570951 
308808 
46674 
46675 
46676 
46677 
46678 
46679 
308844 
308846 
308848 
46704 
46705 
308850 
46706 
46707 
46708 
46709 
308858 
308859 
308860 
308861 
308862 
308863 
308864 
571008 
571009 
571010 
571011 
571012 
571013 
571014 
308873 
308875 
308877 
46734 
46735 
46736 
46737 
46738 
46739 
571029 
308886 
571030 
308887 
571031 
308888 
571032 
308889 
571033 
308890 
571034 
308891 
571035 
308892 
571036 
571037 
571038 
571039 
571040 
571041 
571042 
308900 
308901 
308902 
308904 
46764 
46765 
46766 
46767 
46768 
46769 
571064 
571065 
571066 
571067 
571068 
571069 
571070 
571071 
571072 
308929 
571073 
571074 
571075 
571076 
571077 
46795 
46796 
46797 
308942 
46798 
308943 
46799 
308946 
308949 
308952 
308955 
308959 
308961 
308962 
46826 
46827 
46828 
46829 
571120 
571121 
308978 
571122 
571123 
571124 
571125 
571126 
308991 
308995 
571141 
308998 
571142 
309000 
571144 
571145 
309002 
571146 
309004 
571148 
571149 
571150 
571151 
309008 
571152 
571153 
571154 
571155 
571156 
571157 
571158 
571159 
571160 
571161 
571162 
571163 
571164 
571165 
571166 
571167 
571168 
571169 
571170 
571171 
571172 
571173 
571174 
571175 
571176 
571177 
571178 
571179 
571180 
571181 
571182 
571183 
571184 
309041 
571185 
309042 
571186 
309043 
571187 
309044 
571188 
309045 
571189 
309046 
571190 
571191 
571192 
571193 
571194 
571195 
571196 
309062 
309063 
309065 
309069 
309070 
309071 
309072 
309073 
309105 
309118 
571281 
571282 
571283 
571284 
309142 
571286 
571287 
571288 
571289 
309146 
571290 
571291 
309148 
571292 
571293 
309150 
571294 
571295 
571296 
571297 
571298 
571299 
571300 
571301 
571302 
571303 
571304 
571305 
571306 
571307 
571308 
571309 
571310 
309167 
571311 
309168 
571312 
571313 
309170 
571314 
571315 
571316 
571317 
309174 
571318 
309175 
571319 
571320 
309177 
571321 
309178 
571322 
571379 
571380 
571381 
571382 
571383 
571384 
47097 
571385 
47098 
571400 
571401 
571402 
571403 
571404 
571405 
571406 
571407 
571408 
571409 
571410 
571411 
571412 
47125 
571413 
47126 
47127 
47128 
47129 
571435 
571436 
571437 
571438 
571439 
571440 
571441 
47154 
571442 
47155 
571443 
47156 
571444 
47157 
571445 
47158 
571446 
47159 
571447 
571448 
47184 
47185 
47186 
47187 
47188 
47189 
571491 
571492 
571493 
571494 
571495 
571496 
571497 
47214 
47215 
47216 
47217 
47218 
47219 
571512 
571513 
571515 
571516 
571517 
571519 
571520 
571521 
571523 
571524 
571525 
571526 
571527 
571528 
571529 
571530 
47243 
571531 
47244 
571532 
47245 
571533 
47246 
571534 
47247 
571535 
47248 
571536 
47249 
571537 
571538 
571539 
571540 
571541 
571542 
571543 
571544 
571545 
571546 
571547 
571548 
571549 
571550 
571551 
571552 
571553 
571554 
571555 
571556 
309413 
571557 
571558 
571559 
571560 
309417 
571561 
47274 
571562 
47275 
571563 
47276 
571564 
47277 
571565 
47278 
571566 
47279 
571567 
309435 
309437 
309439 
309441 
309443 
309445 
309446 
47304 
47305 
47306 
47307 
309452 
47308 
309453 
47309 
309456 
309458 
309459 
309460 
309461 
309462 
309463 
309464 
309465 
309466 
309467 
309468 
309469 
309470 
309471 
309472 
309473 
309474 
309476 
309478 
47335 
309480 
47336 
309481 
47337 
47338 
47339 
309484 
309486 
309487 
309488 
309491 
309493 
309494 
309509 
571653 
47366 
571654 
309511 
47367 
571655 
47368 
309513 
47369 
571657 
571658 
309515 
309516 
571660 
571661 
309518 
571662 
571663 
309520 
571664 
309522 
571666 
571667 
571668 
571669 
571670 
571671 
571672 
571673 
309530 
571674 
571675 
571676 
309533 
571677 
571678 
309535 
571679 
309536 
571680 
309537 
571681 
309538 
571682 
571683 
309540 
571684 
571685 
309542 
571686 
309543 
571687 
571688 
571689 
309546 
571690 
571691 
571692 
571693 
309550 
309559 
309561 
309563 
309577 
309586 
309587 
309588 
309590 
309591 
571750 
309607 
571751 
309608 
571752 
309609 
571753 
309610 
571754 
309611 
571755 
309612 
571756 
309613 
571771 
309628 
571772 
309629 
571773 
309630 
571774 
309631 
571775 
309632 
571776 
309633 
571777 
309634 
571778 
571779 
571780 
571781 
571782 
571783 
309640 
571784 
571806 
571807 
571808 
571809 
571810 
571811 
571812 
571813 
309670 
571814 
571815 
309672 
571816 
571817 
309674 
571818 
571819 
309676 
309677 
309679 
309681 
309683 
309684 
309687 
309689 
309690 
571862 
309719 
571863 
571864 
571865 
571866 
571867 
571868 
309726 
309728 
309730 
309732 
309733 
309739 
571883 
309740 
571884 
309741 
309742 
571886 
309743 
571887 
309744 
571888 
309745 
309746 
571890 
571891 
571892 
571893 
571894 
571895 
571896 
571897 
309754 
571898 
309755 
571899 
571900 
309757 
571901 
571902 
309759 
571903 
571904 
571905 
571906 
571907 
571908 
571909 
571910 
571911 
309768 
571912 
309769 
571913 
309770 
571914 
309771 
571915 
309772 
571916 
309773 
571917 
309774 
571918 
571919 
571920 
571921 
571922 
571923 
571924 
47637 
571925 
309782 
47638 
571926 
309783 
571927 
309784 
571928 
571929 
309786 
571930 
571931 
571932 
571933 
571934 
571935 
571936 
571937 
571938 
47665 
47666 
47667 
47668 
47669 
309824 
309826 
309828 
309831 
309837 
47694 
47695 
309840 
47696 
309841 
47697 
47698 
47699 
309844 
309860 
309861 
309862 
309863 
309864 
47724 
47725 
47726 
47727 
47728 
309873 
47729 
309877 
309880 
572024 
572025 
309882 
572026 
309884 
572028 
572029 
309886 
572031 
572032 
572033 
572034 
572035 
572037 
572038 
572039 
572040 
572041 
47754 
572042 
47755 
572043 
47756 
572044 
47757 
572045 
47758 
572046 
47759 
572047 
572048 
572049 
572050 
572051 
572052 
572053 
572054 
572055 
572056 
572057 
572058 
572059 
572060 
572061 
572062 
572063 
572064 
309923 
309924 
309925 
309927 
309928 
47784 
47785 
47786 
47787 
47788 
47789 
309944 
309945 
309947 
309950 
309951 
309952 
309953 
309954 
309955 
309956 
47814 
47815 
47816 
47817 
47818 
47819 
572121 
572122 
572123 
572124 
572125 
572126 
572127 
309987 
47844 
47845 
47846 
47847 
47848 
47849 
572142 
572143 
572144 
572145 
572146 
572147 
572148 
572149 
572150 
572151 
572152 
572153 
572154 
572155 
47875 
47876 
47877 
47878 
47879 
310028 
310030 
310032 
572177 
572178 
572179 
572180 
572181 
572182 
572183 
572184 
572185 
572186 
572187 
572188 
572189 
572190 
310049 
310050 
47906 
47907 
310052 
47908 
47909 
310056 
310057 
310059 
572233 
572234 
572235 
572236 
572237 
572238 
572239 
572254 
572255 
572256 
572257 
572258 
572259 
572260 
572261 
572262 
572263 
572265 
572266 
572267 
572268 
572269 
572270 
572271 
572272 
572273 
572274 
572275 
572276 
572277 
572278 
572279 
572280 
572281 
572282 
572283 
572284 
572285 
572286 
572287 
572288 
572289 
572290 
572291 
572292 
572293 
572294 
572295 
572296 
572297 
572298 
572299 
572300 
572301 
572302 
572303 
572304 
572305 
572306 
572307 
572308 
572309 
310177 
572395 
572396 
572397 
572398 
572399 
572400 
572402 
572403 
572404 
572405 
572406 
572408 
572409 
572410 
572411 
572412 
572413 
572414 
572415 
572416 
572417 
572418 
572419 
572420 
572421 
572422 
572423 
572424 
572425 
572426 
572427 
572428 
572429 
572430 
572431 
572432 
572433 
572434 
572435 
310292 
310295 
310299 
310312 
310317 
310319 
310321 
48177 
48178 
310323 
48179 
310325 
310327 
310328 
310333 
310334 
310335 
310338 
310340 
310341 
310342 
310343 
310344 
310345 
310346 
310347 
310348 
572492 
310349 
48205 
572493 
310350 
48206 
572494 
310351 
48207 
572495 
310352 
48208 
572496 
310353 
48209 
572497 
310354 
572498 
310355 
310356 
310358 
310360 
310362 
310363 
310366 
310368 
310369 
572513 
310370 
572514 
572515 
572516 
310373 
572517 
572518 
310375 
572519 
310376 
572520 
572521 
48234 
572522 
48235 
572523 
48236 
572524 
48237 
572525 
48238 
572526 
48239 
310391 
310393 
310394 
310395 
310397 
310398 
310400 
310401 
310402 
310404 
572548 
572549 
572550 
572551 
48264 
572552 
48265 
572553 
48266 
572554 
48267 
572555 
310412 
48268 
572556 
48269 
572557 
572558 
310415 
572559 
572560 
310417 
572561 
310418 
310419 
310420 
310422 
310424 
310425 
310432 
48294 
48295 
48296 
310441 
48297 
48298 
310443 
48299 
310445 
310457 
310459 
572604 
572605 
572606 
572607 
572608 
572609 
572610 
48324 
310469 
48325 
310470 
48326 
48327 
310472 
48328 
48329 
572625 
572626 
572628 
572629 
572630 
572631 
572632 
310489 
572633 
310490 
572634 
310491 
572635 
310492 
572636 
310493 
572637 
310494 
572638 
310495 
572639 
572640 
572641 
48354 
572642 
48355 
572643 
48356 
572644 
48357 
572645 
48358 
572646 
48359 
572647 
572648 
572649 
572650 
572651 
572652 
572653 
310510 
572654 
310511 
572655 
310512 
572656 
310513 
572657 
310514 
572658 
310515 
572659 
310516 
572660 
572661 
572662 
572663 
572664 
572665 
572666 
572667 
572668 
572669 
572670 
572671 
48384 
572672 
48385 
572673 
48386 
572674 
48387 
572675 
48388 
572676 
48389 
572677 
572678 
572679 
572680 
310552 
310554 
310556 
310558 
310559 
48415 
48416 
310561 
48417 
48418 
310563 
48419 
310565 
310566 
310569 
310571 
310572 
48446 
48447 
48448 
48449 
310608 
310610 
310612 
310614 
310615 
310618 
310621 
310622 
572766 
310623 
572767 
310624 
572768 
310625 
310626 
572770 
310627 
572771 
310628 
572773 
572774 
572775 
572776 
572777 
572779 
310636 
572780 
310637 
572781 
572782 
310639 
572783 
572784 
310641 
572785 
572786 
572787 
572788 
572789 
572790 
572791 
572792 
572793 
310650 
572794 
310651 
572795 
310652 
572796 
310653 
572797 
310654 
572798 
310655 
572799 
310656 
572800 
572801 
572802 
572803 
572804 
572805 
572806 
310665 
310666 
310668 
310706 
310708 
310710 
310713 
310715 
310717 
310719 
572863 
572864 
310721 
572865 
572866 
310723 
572867 
572868 
310725 
572869 
572884 
572885 
310742 
572886 
572887 
572888 
310745 
572889 
572890 
572891 
572892 
572893 
572894 
572895 
572896 
572897 
310755 
310756 
310759 
310762 
310768 
572919 
572920 
572921 
572922 
572923 
572924 
572925 
572926 
572927 
572928 
572929 
572930 
572931 
572932 
310805 
310806 
310807 
310809 
310810 
310826 
310827 
310828 
310829 
572975 
572976 
310833 
572977 
310834 
572978 
310835 
572979 
310836 
572980 
310837 
572981 
310848 
310850 
572996 
572997 
572999 
573000 
573001 
573003 
573004 
48717 
573005 
48718 
573006 
48719 
573007 
573008 
573009 
573010 
573011 
573012 
310869 
573013 
573014 
573015 
573016 
573017 
573018 
573019 
573020 
573021 
573022 
573023 
573024 
573025 
573026 
573027 
573028 
573029 
573030 
573031 
573032 
48745 
573033 
48746 
573034 
48747 
573035 
48748 
573036 
48749 
573037 
573038 
573039 
573040 
573041 
573042 
573043 
573044 
573045 
573046 
573047 
573048 
573049 
573050 
573051 
310910 
310912 
310913 
310914 
48774 
48775 
48776 
48777 
48778 
48779 
310931 
310932 
310933 
310934 
310935 
310936 
310938 
310939 
310941 
48804 
48805 
48806 
48807 
48808 
48809 
48834 
48835 
48836 
48837 
48838 
48839 
573137 
573138 
573139 
573141 
573142 
573144 
573145 
573146 
573147 
573148 
573149 
573150 
573151 
48864 
573152 
48865 
573153 
48866 
573154 
48867 
573155 
48868 
573156 
48869 
573157 
573158 
573159 
573160 
573161 
573162 
573163 
573164 
573165 
573166 
573167 
573168 
573169 
573170 
573171 
573172 
573173 
573174 
573175 
573176 
573177 
48894 
48895 
48896 
48897 
48898 
48899 
48924 
48925 
48926 
48927 
48928 
48929 
573234 
573235 
573236 
573237 
573238 
573239 
573240 
48955 
48956 
48957 
48958 
48959 
573255 
573256 
573257 
573258 
573259 
573260 
573261 
573262 
573263 
573264 
573265 
311122 
573266 
573267 
573268 
48986 
48987 
48988 
48989 
573290 
573291 
573292 
573293 
573294 
573295 
573296 
573297 
573298 
573299 
573300 
573301 
573302 
573303 
311177 
311181 
311199 
311201 
573346 
311203 
573347 
573348 
311205 
573349 
573350 
311207 
573351 
573352 
311209 
311210 
311216 
311217 
311218 
311220 
311222 
311223 
573367 
311224 
573368 
311225 
573369 
311226 
573370 
311227 
573371 
311228 
573372 
311229 
573373 
311230 
573374 
311231 
573375 
311232 
573376 
311233 
311234 
573378 
311235 
311236 
573380 
311237 
573381 
311238 
573382 
573383 
311240 
573384 
573385 
311242 
573386 
573387 
311244 
573388 
311245 
573389 
311246 
573390 
573391 
311248 
573392 
573393 
311250 
573394 
311251 
573395 
311252 
573396 
573397 
573398 
311255 
573399 
573400 
311257 
573401 
311258 
573402 
573403 
573404 
573405 
573406 
573407 
573408 
573409 
573410 
573411 
573412 
573413 
573414 
573415 
573416 
311273 
573417 
573418 
311275 
573419 
573420 
311277 
573421 
573422 
311279 
311280 
311282 
311284 
311286 
311294 
311297 
311299 
311300 
311301 
311304 
311306 
311307 
311310 
311314 
311323 
311325 
311327 
311339 
311341 
311351 
311352 
311353 
311354 
573507 
573508 
573509 
573510 
573511 
573512 
573513 
573514 
311371 
573515 
311372 
573516 
311373 
573517 
311374 
573518 
311375 
573519 
311376 
573520 
311377 
573521 
573522 
573523 
573524 
573525 
573526 
573527 
573528 
573529 
573530 
573531 
573532 
573533 
573534 
573535 
311392 
573536 
311393 
573537 
311394 
573538 
311395 
573539 
311396 
573540 
311397 
573541 
311398 
573542 
573543 
573544 
49257 
573545 
49258 
573546 
573547 
573548 
49285 
49286 
49287 
49288 
49289 
311434 
311436 
311438 
311440 
311441 
311443 
311445 
311447 
311448 
311451 
311453 
311454 
49314 
49315 
49316 
49317 
573605 
49318 
573606 
49319 
573607 
573608 
573609 
573610 
573611 
573626 
573627 
573628 
573629 
573630 
573631 
49344 
573632 
49345 
573633 
311490 
49346 
573634 
49347 
573635 
311492 
49348 
573636 
49349 
573637 
311494 
573638 
573639 
311496 
311497 
311503 
311504 
311505 
311506 
311507 
311508 
311509 
311510 
573661 
49374 
573662 
311519 
49375 
573663 
49376 
573664 
311521 
49377 
573665 
49378 
573666 
311523 
49379 
573667 
573668 
573669 
573670 
573671 
573672 
573673 
573674 
311531 
311532 
311533 
311534 
311535 
311536 
311537 
311538 
311547 
311548 
49404 
49405 
311550 
49406 
49407 
49408 
49409 
311561 
573717 
573718 
573719 
573720 
573721 
49434 
573722 
49435 
573723 
49436 
49437 
49438 
49439 
311588 
311589 
311592 
573738 
311595 
573739 
573741 
573742 
573743 
311601 
573745 
573746 
573747 
311605 
573749 
311607 
573751 
49464 
573752 
49465 
573753 
49466 
573754 
49467 
573755 
49468 
573756 
49469 
573757 
573758 
573759 
573760 
573761 
573762 
573763 
573764 
573765 
573766 
573767 
311624 
573768 
573769 
311626 
573770 
573771 
573772 
573773 
573774 
573775 
573776 
573777 
573778 
573779 
573780 
311637 
573781 
573782 
49495 
573783 
49496 
573784 
311641 
49497 
573785 
49498 
573786 
49499 
573787 
311644 
573788 
573789 
311646 
573790 
573791 
573792 
573793 
311650 
49526 
49527 
49528 
49529 
311687 
311688 
311689 
311690 
311691 
311692 
311708 
311709 
311711 
311715 
311716 
311717 
311718 
311719 
573878 
573879 
311736 
573880 
573881 
573882 
573883 
573884 
573886 
573887 
573888 
573889 
573890 
573892 
573893 
573894 
573895 
573896 
573897 
573898 
573899 
573900 
573901 
573902 
573903 
573904 
573905 
573906 
573907 
573908 
573909 
573910 
573911 
573912 
573913 
573914 
573915 
573916 
573917 
573918 
573919 
311783 
311792 
311794 
311796 
311813 
311814 
311816 
311820 
311821 
311823 
573976 
573977 
573978 
573979 
573980 
573981 
573982 
573997 
573998 
573999 
574000 
574001 
574002 
574003 
574004 
574005 
574006 
574007 
574008 
574009 
574010 
574032 
574033 
574034 
574035 
574036 
574037 
574038 
574039 
574040 
574041 
574042 
574043 
574044 
574045 
49797 
49798 
574088 
574089 
574090 
574091 
574092 
574093 
574094 
574109 
574110 
574111 
574112 
49825 
574113 
49826 
574114 
49827 
574115 
49828 
574116 
49829 
574117 
574118 
574120 
574122 
574123 
574124 
574125 
311982 
574126 
574127 
574128 
574129 
574130 
574131 
574132 
574133 
574134 
574135 
574136 
574137 
574138 
574139 
574140 
311997 
574141 
49854 
574142 
49855 
574143 
49856 
574144 
49857 
574145 
49858 
574146 
49859 
574147 
574148 
574149 
574150 
574151 
574152 
574153 
574154 
574155 
574156 
574157 
574158 
574159 
574160 
574161 
574162 
574163 
574164 
49884 
49885 
49886 
49887 
49888 
49889 
49914 
312059 
49915 
49916 
49917 
49918 
312063 
49919 
312081 
312083 
312085 
312087 
49943 
49944 
312089 
49945 
49946 
312091 
49947 
312092 
49948 
49949 
312097 
312098 
312099 
312102 
312104 
312105 
312106 
574250 
312107 
574251 
312108 
574252 
312109 
312110 
574254 
312111 
574255 
312112 
312113 
574257 
312114 
574258 
312115 
574259 
312116 
574260 
312117 
574261 
312118 
49974 
312119 
49975 
574263 
312120 
49976 
574264 
49977 
574265 
312122 
49978 
574266 
49979 
574267 
312124 
574268 
574269 
312126 
574270 
312127 
574271 
312128 
574272 
574273 
312130 
574274 
574275 
312132 
574276 
312133 
574277 
312134 
574278 
574279 
574280 
312137 
574281 
574282 
312139 
574283 
312140 
574284 
574285 
574286 
574287 
574288 
574289 
574290 
50004 
50005 
50006 
50007 
50008 
50009 
312155 
312157 
312159 
312161 
312162 
312164 
312165 
312166 
312168 
312176 
312179 
50035 
50036 
312181 
50037 
312182 
50038 
312183 
50039 
312184 
312186 
312188 
312189 
312192 
312196 
574347 
574348 
312205 
574349 
312206 
574350 
312207 
574351 
574352 
312209 
574353 
50066 
50067 
50068 
50069 
312221 
312223 
574368 
574369 
574370 
574371 
574372 
574373 
574374 
574375 
574376 
312233 
574377 
312234 
574378 
574379 
312236 
574380 
574381 
312253 
312254 
312255 
312256 
312257 
312258 
312259 
574403 
574404 
574405 
574406 
574407 
574408 
574409 
574410 
574411 
574412 
574413 
574414 
574415 
574416 
312274 
312275 
312276 
312277 
312278 
312279 
312280 
312284 
574459 
312316 
574460 
574461 
312318 
574462 
574463 
312320 
574464 
574465 
312322 
312323 
312325 
312327 
312329 
312330 
312333 
312335 
312336 
574480 
574481 
574483 
574484 
574485 
574486 
574487 
574488 
574489 
574490 
574491 
574492 
574493 
574494 
574495 
574496 
574497 
574498 
574499 
574500 
574501 
574502 
574503 
574504 
574505 
574506 
574507 
574508 
574509 
574510 
574511 
574512 
574513 
574514 
574515 
312372 
574516 
574517 
312374 
574518 
574519 
312376 
574520 
574521 
312378 
574522 
312379 
574523 
574524 
574525 
574526 
574527 
312384 
574528 
574529 
312386 
574530 
312387 
574531 
312388 
574532 
312389 
574533 
312390 
574534 
312391 
574535 
312392 
312401 
312403 
312405 
312409 
312414 
312415 
312416 
312417 
312418 
312419 
312420 
312429 
312430 
312431 
312432 
312434 
312470 
312474 
312475 
574620 
312477 
574621 
574622 
312479 
574623 
574624 
312481 
50337 
574625 
50338 
574626 
312483 
574627 
574628 
574629 
312486 
574630 
312487 
574631 
574632 
574634 
574635 
574636 
574637 
574638 
574639 
574640 
574641 
574642 
574643 
574644 
574645 
574646 
574647 
574648 
574649 
312506 
574650 
574651 
312508 
574652 
50365 
574653 
50366 
574654 
50367 
574655 
50368 
574656 
50369 
574657 
574658 
574659 
574660 
574661 
312519 
312523 
312526 
312532 
50394 
50395 
50396 
50397 
50398 
50399 
312568 
50424 
312569 
50425 
312570 
50426 
312571 
50427 
312572 
50428 
312573 
50429 
312574 
574718 
574719 
574720 
574721 
574722 
574723 
574724 
312590 
312591 
312593 
312595 
574739 
312596 
574740 
312597 
574741 
312598 
50454 
574742 
312599 
50455 
574743 
312600 
50456 
574744 
312601 
50457 
574745 
312602 
50458 
574746 
50459 
574747 
574748 
574749 
574750 
574751 
574752 
50484 
50485 
50486 
574774 
50487 
574775 
50488 
574776 
50489 
574777 
574778 
574779 
574780 
574781 
574782 
574783 
574784 
574785 
574786 
574787 
312649 
50514 
50515 
50516 
50517 
50518 
50519 
312674 
312676 
312678 
574830 
574831 
50544 
574832 
50545 
574833 
50546 
574834 
50547 
574835 
50548 
574836 
50549 
312695 
312696 
312698 
312702 
312703 
312705 
574851 
574852 
574853 
574854 
574855 
574856 
574857 
574858 
574859 
574860 
574862 
50575 
50576 
574864 
50577 
574865 
50578 
574866 
50579 
574867 
574868 
574869 
574870 
574871 
574872 
574873 
574874 
574875 
574876 
574877 
574878 
574879 
574880 
574881 
574882 
574883 
574884 
574885 
574886 
574887 
574888 
574889 
574890 
574891 
574892 
574893 
50606 
574894 
50607 
574895 
50608 
574896 
50609 
574897 
574898 
574899 
574900 
574901 
574902 
574903 
574904 
574905 
574906 
312816 
312842 
574991 
574992 
574993 
574994 
574996 
574997 
574999 
575000 
312857 
575001 
575002 
575003 
575005 
575006 
575007 
312864 
575008 
575009 
575010 
575011 
312868 
575012 
575013 
575014 
575015 
575016 
575017 
575018 
575019 
575020 
575021 
575022 
575023 
575024 
575025 
575026 
575027 
575028 
575029 
575030 
575031 
575032 
312941 
312945 
575089 
575090 
575091 
575092 
575093 
575094 
575095 
312963 
312965 
575110 
312967 
575111 
575112 
312969 
575113 
575114 
312971 
575115 
575116 
312973 
575117 
312974 
575118 
575119 
575120 
575121 
575122 
575123 
312980 
312981 
312984 
312986 
312987 
312988 
312989 
312990 
312991 
312992 
312993 
312994 
312995 
312996 
312997 
312998 
312999 
313000 
313001 
575145 
313002 
575146 
575147 
313004 
575148 
575149 
313006 
575150 
575151 
313008 
575152 
313009 
575153 
575154 
575155 
313012 
575156 
575157 
313014 
575158 
313015 
313016 
313019 
313020 
313021 
50877 
313022 
50878 
313037 
313039 
313040 
313041 
313043 
313044 
313046 
313047 
313048 
50905 
313050 
50906 
50907 
50908 
50909 
575201 
313058 
575202 
313059 
575203 
575204 
313061 
575205 
575206 
313063 
575207 
313064 
313065 
313066 
313068 
313070 
313071 
313074 
313078 
50934 
575222 
50935 
575223 
50936 
50937 
575225 
50938 
575226 
50939 
575227 
575229 
575230 
313087 
575231 
313088 
313089 
575233 
313091 
575235 
313092 
575236 
575237 
575238 
575239 
575240 
575241 
575242 
575243 
575244 
575245 
575246 
313103 
575247 
575248 
313105 
575249 
575250 
575251 
50964 
575252 
50965 
575253 
50966 
575254 
50967 
575255 
50968 
575256 
50969 
575257 
575258 
313115 
575259 
313116 
575260 
575261 
313118 
575262 
575263 
575264 
575265 
575266 
575267 
575268 
575269 
575270 
575271 
575272 
575273 
575274 
575275 
575276 
575277 
313135 
313136 
313137 
313138 
50994 
313139 
50995 
313140 
50996 
313141 
50997 
50998 
50999 
313156 
313157 
313158 
313159 
313160 
313161 
313162 
51024 
51025 
51026 
51027 
51028 
51029 
313198 
51054 
51055 
313200 
51056 
51057 
313202 
51058 
51059 
313204 
313205 
313207 
313209 
313211 
313212 
313215 
313217 
313218 
575363 
575364 
575365 
575367 
575368 
575370 
575371 
51084 
575372 
51085 
575373 
51086 
575374 
51087 
51088 
575376 
51089 
575377 
575378 
575379 
575380 
575381 
575382 
575383 
575384 
575385 
575386 
575387 
575388 
575389 
575390 
313247 
575391 
575392 
575393 
575394 
575395 
575396 
575397 
313254 
575398 
575399 
313256 
575400 
575401 
313258 
575402 
51115 
575403 
313260 
51116 
51117 
51118 
51119 
313268 
313269 
313270 
313271 
313272 
313273 
313274 
313283 
313284 
313285 
313286 
313287 
51146 
51147 
51148 
51149 
313296 
313297 
313298 
313299 
313300 
313301 
313302 
313311 
313312 
313314 
575460 
575461 
575462 
575463 
575464 
575465 
575466 
575481 
575482 
575483 
313340 
575484 
575485 
575486 
575487 
575488 
575489 
575490 
575491 
575492 
575493 
575494 
313352 
313353 
313356 
313357 
313359 
313363 
313365 
313367 
313369 
575516 
575517 
575518 
575519 
575520 
575521 
575522 
575523 
575524 
575525 
575526 
575527 
575528 
575529 
313388 
313401 
313405 
313407 
313408 
313414 
575572 
575573 
575574 
575575 
575576 
575577 
575578 
575593 
575594 
313451 
575595 
313452 
575596 
313453 
575597 
575598 
313455 
313456 
575600 
575601 
575602 
575604 
575606 
575607 
575608 
575609 
575610 
575611 
575612 
575613 
575614 
575615 
313472 
575616 
313473 
575617 
575618 
313475 
575619 
575620 
575621 
575622 
313479 
575623 
313480 
575624 
313481 
575625 
313482 
575626 
313483 
575627 
575628 
575629 
575630 
575631 
575632 
575633 
575634 
575635 
575636 
575637 
575638 
575639 
313496 
575640 
575641 
575642 
575643 
575644 
575645 
575646 
575647 
575648 
313507 
313532 
313556 
313558 
313560 
51417 
51418 
313577 
313578 
313579 
313580 
313581 
313584 
313585 
313587 
51445 
51446 
575734 
51447 
575735 
51448 
575736 
51449 
575738 
575739 
575741 
575742 
575743 
575744 
575745 
575747 
575748 
575749 
575750 
575751 
575752 
575753 
575754 
575755 
575756 
575757 
575758 
575759 
575760 
575761 
51474 
575762 
51475 
575763 
51476 
575764 
51477 
575765 
51478 
575766 
51479 
575767 
575768 
575769 
575770 
575771 
575772 
575773 
575774 
51504 
51505 
51506 
51507 
51508 
51509 
51534 
51535 
51536 
51537 
51538 
51539 
575831 
575832 
575833 
575834 
575835 
575836 
575837 
313698 
51564 
575852 
51565 
575853 
51566 
575854 
51567 
575855 
51568 
575856 
51569 
575857 
575858 
575859 
575860 
575861 
575862 
575863 
575864 
575865 
313733 
51594 
51595 
51596 
51597 
51598 
51599 
575887 
575888 
575889 
575890 
313747 
575891 
575892 
575893 
575894 
575895 
575896 
575897 
575898 
575899 
575900 
51624 
51625 
51626 
51627 
51628 
51629 
51655 
575943 
51656 
575944 
51657 
575945 
51658 
575946 
51659 
575947 
575948 
575949 
575964 
575965 
313823 
575967 
575968 
575969 
313827 
575971 
575972 
575973 
51686 
575974 
51687 
575975 
51688 
575976 
51689 
575977 
575978 
575979 
575980 
575981 
575982 
575983 
575984 
575985 
575986 
575987 
575988 
313845 
575989 
575990 
313847 
575991 
575992 
313849 
575993 
575994 
313851 
575995 
313852 
575996 
313853 
575997 
575998 
313855 
575999 
313856 
576000 
576001 
576002 
313859 
576003 
576004 
576005 
313862 
576006 
313863 
576007 
313864 
576008 
576009 
313866 
576010 
576011 
313868 
576012 
313869 
576013 
313870 
576014 
313871 
576015 
313872 
576016 
313873 
576017 
313874 
576018 
313875 
576019 
313876 
313877 
313878 
313879 
313880 
313881 
313882 
313883 
313884 
313886 
313888 
313890 
313891 
313892 
313894 
313896 
313897 
313898 
313901 
313903 
313904 
313919 
313921 
313923 
313925 
313926 
313928 
313930 
313932 
313940 
313943 
313945 
313946 
313947 
313950 
313952 
313953 
313956 
313960 
576104 
576105 
576106 
576107 
576108 
576109 
576110 
576111 
576112 
313969 
576113 
576114 
313971 
576115 
576116 
313973 
576118 
576119 
576120 
576121 
576122 
576123 
576124 
576125 
576126 
576127 
576128 
313985 
576129 
576130 
313987 
576131 
576132 
576133 
576134 
576135 
576136 
576137 
576138 
576139 
576140 
313997 
576141 
313998 
576142 
313999 
576143 
314000 
576144 
314001 
576145 
314017 
314018 
314019 
314020 
314021 
314022 
314023 
314038 
314039 
314040 
314041 
314042 
314043 
314044 
314045 
314048 
314050 
576202 
576203 
576204 
576205 
576206 
576207 
576208 
576223 
314080 
576224 
576225 
314082 
576226 
576227 
314084 
576228 
576229 
314086 
576230 
314087 
576231 
576232 
314089 
576233 
576234 
314091 
576235 
576236 
314093 
314094 
314097 
314099 
314100 
51957 
51958 
576258 
576259 
576260 
576261 
576262 
576263 
576264 
576265 
576266 
576267 
576268 
576269 
576270 
576271 
51985 
51986 
51987 
51988 
51989 
314136 
314138 
314140 
314142 
314150 
314151 
314152 
314153 
314154 
314155 
314156 
52014 
52015 
52016 
52017 
52018 
52019 
314165 
314167 
314169 
576314 
314171 
576315 
576316 
576317 
576318 
576319 
576320 
314178 
314179 
314180 
314181 
314182 
314183 
314184 
52044 
52045 
52046 
52047 
576335 
52048 
576336 
314193 
52049 
314194 
576338 
576339 
314196 
576340 
576342 
576343 
576344 
576345 
576346 
576348 
576349 
576350 
576351 
576352 
576353 
576354 
576355 
576356 
576357 
576358 
576359 
576360 
576361 
52074 
576362 
52075 
576363 
52076 
576364 
52077 
576365 
52078 
576366 
52079 
576367 
576368 
576369 
576370 
576371 
576372 
576373 
576374 
576375 
576376 
576377 
314234 
576378 
576379 
314236 
576380 
576381 
314238 
576382 
576383 
314240 
576384 
314241 
576385 
576386 
576387 
576388 
576389 
576390 
314247 
52104 
52105 
52106 
314251 
52107 
52108 
52109 
314270 
52134 
52135 
52136 
52137 
52138 
314283 
52139 
314287 
314288 
314290 
314294 
314296 
52164 
52165 
52166 
52167 
52168 
52169 
314332 
576476 
314333 
576477 
314334 
576478 
314335 
576480 
314337 
576481 
314338 
52195 
576483 
52196 
576484 
52197 
576485 
52198 
576486 
52199 
576487 
576489 
576490 
576491 
576492 
576493 
576494 
576495 
576496 
576497 
314354 
576498 
314355 
576499 
576500 
314357 
576501 
576502 
576503 
314360 
576504 
314361 
576505 
314362 
576506 
314363 
576507 
314364 
576508 
314365 
576509 
576510 
576511 
576512 
576513 
52226 
576514 
52227 
576515 
52228 
576516 
52229 
314378 
314393 
314406 
314425 
314427 
576573 
576574 
576575 
576576 
576577 
576578 
576579 
314438 
314440 
314442 
576594 
576595 
576596 
576597 
576598 
576599 
576600 
576601 
576602 
314459 
576603 
314460 
576604 
576605 
314462 
576606 
576607 
314466 
314467 
314469 
576629 
576630 
576631 
576632 
576633 
576634 
576635 
576636 
576637 
576638 
576639 
576640 
576641 
576642 
576685 
576686 
576687 
576688 
576689 
576690 
576691 
576706 
576707 
576708 
576709 
576710 
576711 
576712 
576713 
576714 
576715 
576717 
576719 
576720 
576721 
576722 
314579 
576723 
576724 
576725 
576726 
576727 
576728 
576729 
576730 
576731 
576732 
576733 
576734 
576735 
576736 
576737 
576738 
576739 
576740 
576741 
576742 
576743 
576744 
576745 
576746 
576747 
576748 
576749 
576750 
576751 
576752 
576753 
576754 
576755 
576756 
576757 
576758 
576759 
576760 
576761 
52497 
52498 
52499 
52525 
52526 
52527 
52528 
52529 
52554 
52555 
52556 
52557 
52558 
52559 
576847 
576848 
314705 
576849 
576850 
576851 
576852 
314709 
576854 
576855 
576856 
576857 
576858 
576859 
576860 
576861 
576862 
576863 
576864 
576865 
576866 
576867 
576868 
576869 
576870 
314727 
576871 
52584 
576872 
314729 
52585 
576873 
52586 
576874 
314731 
52587 
576875 
52588 
576876 
314733 
52589 
576877 
576878 
314735 
576879 
576880 
314737 
576881 
314738 
576882 
576883 
576884 
314741 
576885 
576886 
314743 
576887 
314744 
314745 
314746 
314748 
314750 
314751 
314752 
314753 
314754 
314755 
314756 
314757 
314758 
52614 
314759 
52615 
314760 
52616 
314761 
52617 
314762 
52618 
314763 
52619 
314764 
314765 
314766 
314768 
314770 
314772 
314773 
314776 
314778 
314779 
314780 
314783 
314785 
314786 
52643 
52644 
52645 
52646 
52647 
52648 
52649 
576944 
314801 
576945 
576946 
314803 
576947 
576948 
314805 
576949 
576950 
314807 
314808 
314810 
314811 
314812 
314814 
52674 
52675 
52676 
52677 
576965 
314822 
52678 
576966 
52679 
576967 
576968 
314825 
576969 
576970 
314827 
576971 
314828 
576972 
314829 
576973 
314830 
576974 
576975 
314832 
576976 
576977 
314834 
576978 
314835 
314838 
314842 
52704 
52705 
52706 
314851 
52707 
314852 
52708 
314853 
52709 
314855 
314856 
577000 
577001 
577002 
577003 
577004 
577005 
577006 
577007 
577008 
577009 
577010 
314867 
577011 
577012 
314869 
577013 
314879 
52735 
314880 
52736 
52737 
314882 
52738 
52739 
314899 
314900 
314901 
314902 
314903 
314904 
314905 
52766 
52767 
52768 
577056 
52769 
577057 
577058 
577059 
577060 
577061 
577062 
314920 
314921 
314922 
314923 
314924 
314925 
314926 
577077 
577078 
577079 
577080 
577081 
577082 
577084 
577085 
577086 
577088 
577090 
577091 
577092 
577093 
577094 
577095 
577096 
577097 
577098 
577099 
577100 
577101 
577102 
577103 
577104 
577105 
314962 
577106 
577107 
314964 
577108 
577109 
314966 
577110 
577111 
314968 
577112 
314969 
577113 
577114 
314971 
577115 
577116 
314973 
577117 
577118 
314975 
577119 
314976 
577120 
577121 
577122 
314979 
577123 
577124 
314981 
577125 
314982 
577126 
577127 
577128 
577129 
577130 
577131 
577132 
315018 
315020 
315022 
315024 
315025 
315031 
315032 
315033 
315034 
315035 
315036 
315037 
315038 
315047 
315049 
315051 
315060 
315061 
315062 
315063 
315064 
315065 
315066 
577218 
315075 
577219 
315076 
577220 
315078 
577222 
577223 
577225 
577226 
577227 
315084 
577228 
577229 
315087 
577231 
577232 
577233 
577234 
577235 
577236 
577237 
577238 
577239 
577240 
577241 
577242 
577243 
577244 
577245 
577246 
315103 
577247 
315104 
577248 
315105 
577249 
577250 
315107 
577251 
577252 
577253 
577254 
577255 
577256 
577257 
577258 
315116 
315120 
315123 
315129 
315133 
315152 
315155 
315165 
315169 
315170 
577315 
315172 
577316 
577317 
577318 
577319 
577320 
577321 
315178 
53037 
53038 
577336 
577337 
577338 
577339 
577340 
577341 
577342 
577343 
577344 
577345 
577346 
577347 
577348 
577349 
53065 
53066 
53067 
53068 
53069 
315215 
315216 
315217 
315219 
315220 
577371 
577372 
577373 
577374 
577375 
577376 
577377 
577378 
577379 
315236 
577380 
315237 
577381 
53094 
577382 
315239 
53095 
577383 
53096 
577384 
53097 
53098 
315243 
53099 
315244 
315245 
315246 
315247 
315248 
53124 
53125 
53126 
53127 
53128 
53129 
577427 
577428 
577429 
577430 
577431 
577432 
577433 
53154 
53155 
53156 
53157 
53158 
53159 
577448 
577449 
577451 
577452 
577453 
577455 
577456 
577457 
577459 
577461 
577462 
577463 
315320 
577464 
577465 
315322 
577466 
577467 
315324 
577468 
577469 
577470 
53183 
577471 
53184 
577472 
53185 
577473 
53186 
577474 
53187 
577475 
53188 
577476 
53189 
577477 
577478 
577479 
577480 
577481 
577482 
577483 
577484 
315341 
577485 
315342 
577486 
577487 
315344 
577488 
577489 
577490 
577491 
315348 
577492 
315349 
577493 
577494 
315351 
577495 
577496 
577497 
577498 
577499 
577500 
577501 
53214 
577502 
53215 
577503 
53216 
53217 
53218 
53219 
53244 
53245 
53246 
53247 
53248 
53249 
53275 
53276 
53277 
53278 
53279 
577589 
577590 
577591 
577593 
53306 
577594 
53307 
53308 
577596 
53309 
577597 
577598 
577599 
577600 
577602 
577603 
577604 
577605 
577606 
577607 
577608 
577609 
577610 
577611 
577612 
315469 
577613 
577614 
577615 
577616 
577617 
577618 
577619 
577620 
577621 
577622 
577623 
577624 
577625 
577626 
577627 
577628 
577629 
315495 
315523 
315527 
577686 
577687 
577688 
577689 
577690 
577691 
577692 
577707 
577708 
577709 
577710 
577711 
577712 
577713 
577714 
577715 
577716 
577717 
577718 
577719 
577720 
315587 
315591 
577742 
577743 
577744 
577745 
577746 
577747 
577748 
577749 
577750 
577751 
577752 
315609 
577753 
577754 
315611 
577755 
315613 
315615 
315617 
315619 
315620 
315626 
315627 
315630 
315632 
315633 
315634 
315635 
315636 
315637 
315638 
315639 
315640 
315641 
315642 
315643 
315644 
315645 
315646 
315647 
315648 
315650 
315652 
315654 
577798 
315655 
577799 
577800 
315657 
577801 
315658 
577802 
577803 
315660 
577804 
315661 
315662 
315665 
315667 
315668 
577819 
577820 
577822 
577823 
577824 
577826 
315683 
577827 
577828 
315685 
315686 
577830 
315687 
577832 
315689 
577833 
315690 
577834 
577835 
315692 
577836 
577837 
315694 
577838 
577839 
315696 
577840 
577841 
577842 
577843 
577844 
577845 
577846 
577847 
315704 
577848 
315705 
577849 
577850 
315707 
577851 
577852 
315709 
577853 
315710 
577854 
315711 
577855 
577856 
577857 
315714 
577858 
577859 
315716 
577860 
315717 
577861 
577862 
577863 
315720 
577864 
53577 
577865 
53578 
577866 
577867 
315724 
577868 
577869 
577870 
577871 
577872 
577873 
577874 
315733 
315735 
315737 
315749 
53605 
53606 
315751 
53607 
53608 
53609 
315760 
315761 
315762 
315764 
315765 
53634 
53635 
53636 
315781 
53637 
315782 
53638 
315783 
53639 
315784 
315785 
315786 
315787 
315802 
315803 
315804 
315805 
315806 
315807 
315808 
53664 
53665 
53666 
53667 
53668 
53669 
577960 
577961 
577962 
577964 
577965 
577967 
577968 
577969 
577970 
577971 
577973 
577974 
577975 
577976 
577977 
577978 
577979 
577980 
577981 
53694 
577982 
53695 
577983 
53696 
577984 
53697 
577985 
53698 
577986 
53699 
577987 
315844 
577988 
577989 
315846 
577990 
577991 
315848 
577992 
577993 
315850 
577994 
315851 
577995 
577996 
315853 
577997 
577998 
315855 
577999 
578000 
315857 
315858 
315861 
315863 
315864 
53723 
53724 
53725 
53726 
53727 
53728 
53729 
315897 
53754 
53755 
315900 
53756 
53757 
315902 
53758 
53759 
315904 
315906 
578057 
315914 
578058 
315915 
578059 
315916 
578060 
315917 
578061 
315918 
578062 
315919 
578063 
315920 
315921 
315928 
53784 
315929 
53785 
53786 
315931 
53787 
315932 
53788 
315933 
53789 
578078 
578079 
578080 
578081 
578082 
578083 
578084 
578085 
315942 
578086 
315943 
578087 
315944 
578088 
315945 
578089 
315946 
578090 
315947 
578091 
315948 
315957 
315958 
53815 
315960 
53816 
53817 
53818 
53819 
578113 
578114 
578115 
578116 
578117 
578118 
578119 
578120 
578121 
578122 
578123 
578124 
578125 
578126 
53846 
53847 
53848 
53849 
315998 
316002 
316005 
316011 
316014 
316015 
316020 
578169 
578170 
578171 
578172 
578173 
578174 
578175 
316034 
578190 
316047 
578191 
316048 
578192 
578193 
578194 
316051 
578195 
578196 
578197 
316054 
578198 
578199 
578201 
578203 
316060 
578204 
578205 
578206 
578207 
316064 
578208 
578209 
578210 
578211 
578212 
578213 
578214 
578215 
578216 
578217 
578218 
578219 
578220 
578221 
578222 
578223 
578224 
578225 
578226 
316083 
578227 
578228 
578229 
578230 
578231 
578232 
578233 
578234 
578235 
578236 
578237 
578238 
578239 
578240 
316097 
578241 
316098 
578242 
316099 
578243 
578244 
316101 
578245 
316102 
316118 
316119 
316121 
316124 
316125 
316126 
316127 
316128 
316129 
316130 
578331 
578332 
578333 
578335 
578336 
316193 
578338 
578339 
578340 
578341 
578342 
578343 
578344 
578345 
316202 
578346 
578347 
316204 
578348 
578349 
316206 
578350 
578351 
578352 
578353 
578354 
578355 
578356 
578357 
578358 
578359 
578360 
578361 
578362 
578363 
578364 
578365 
316222 
578366 
316223 
578367 
316224 
578368 
578369 
316226 
578370 
316227 
578371 
316230 
316231 
316233 
54117 
54118 
578428 
578429 
578430 
578431 
578432 
54145 
578433 
54146 
578434 
54147 
54148 
54149 
578449 
578450 
578451 
578452 
578453 
578454 
578455 
578456 
578457 
578458 
578459 
578460 
578461 
54174 
578462 
54175 
54176 
54177 
54178 
54179 
578484 
578485 
578486 
578487 
578488 
578489 
578490 
316347 
578491 
54204 
578492 
54205 
578493 
54206 
578494 
54207 
578495 
54208 
578496 
54209 
578497 
54234 
54235 
54236 
54237 
54238 
54239 
578540 
578541 
578542 
578543 
578544 
578545 
578546 
316407 
54264 
54265 
54266 
54267 
54268 
54269 
578561 
578562 
578564 
578565 
578566 
578567 
578568 
578569 
578570 
578572 
578573 
578574 
578575 
578576 
578577 
578578 
578579 
578580 
578581 
54294 
578582 
54295 
578583 
54296 
578584 
54297 
578585 
54298 
578586 
54299 
578587 
578588 
578589 
578590 
578591 
578592 
578593 
578594 
578595 
578596 
578597 
578598 
578599 
578600 
578601 
578602 
578603 
578604 
578605 
578606 
578607 
578608 
578609 
578610 
578611 
54324 
578612 
316469 
54325 
578613 
54326 
578614 
54327 
578615 
54328 
578616 
316473 
54329 
316491 
316493 
316495 
316497 
316498 
316499 
54355 
54356 
316501 
54357 
316502 
54358 
54359 
316508 
316509 
316510 
316512 
316514 
316515 
316516 
316517 
316518 
316519 
316520 
316521 
316522 
316523 
316524 
316525 
316526 
316527 
316528 
316529 
316530 
54386 
54387 
316532 
54388 
54389 
316534 
316536 
316537 
316540 
316542 
316543 
316544 
316547 
316549 
316550 
578702 
578703 
578704 
578705 
578706 
578707 
316565 
578709 
578710 
316567 
578711 
578712 
316569 
578713 
316571 
578715 
316572 
578716 
578717 
316574 
578718 
578719 
316576 
578720 
578721 
316578 
578722 
578723 
578724 
578725 
578726 
578727 
578728 
578729 
316586 
578730 
578731 
578732 
316589 
578733 
578734 
316591 
578735 
316592 
578736 
316593 
578737 
578738 
578739 
316596 
578740 
578741 
316598 
578742 
316599 
316602 
316606 
316615 
316617 
316619 
316620 
316643 
316644 
316646 
578799 
578800 
578801 
578802 
578803 
578804 
578805 
316663 
316664 
316665 
316666 
316667 
316668 
316669 
316672 
316676 
578820 
578821 
578822 
578823 
578824 
578825 
578826 
578827 
316684 
578828 
316685 
578829 
316686 
578830 
316687 
578831 
316688 
578832 
316689 
578833 
316690 
578855 
578856 
578857 
578858 
578859 
578860 
578861 
578862 
578863 
578864 
578865 
578866 
578867 
578868 
316726 
316728 
316730 
316732 
316733 
316735 
316737 
316739 
316740 
316743 
316745 
316746 
578911 
578912 
578913 
578914 
578915 
578916 
578917 
316782 
316784 
316786 
316788 
578932 
578933 
578935 
578936 
578937 
578939 
316796 
578940 
316797 
578941 
316798 
316799 
578943 
316800 
54656 
316801 
54657 
578945 
316802 
54658 
578946 
578947 
578948 
578949 
578950 
578951 
578952 
578953 
578954 
316811 
578955 
578956 
316813 
578957 
578958 
316815 
578959 
578960 
578961 
578962 
578963 
578964 
578965 
578966 
578967 
316824 
578968 
316825 
578969 
316826 
578970 
316827 
578971 
316828 
578972 
316829 
54685 
578973 
316830 
54686 
578974 
54687 
578975 
54688 
578976 
54689 
578977 
578978 
578979 
578980 
578981 
316838 
578982 
316839 
578983 
316840 
578984 
578985 
316842 
578986 
316843 
578987 
316844 
316847 
54714 
54715 
54716 
54717 
54718 
54719 
316880 
316884 
316887 
54744 
54745 
316890 
54746 
316891 
54747 
316892 
54748 
316893 
54749 
316897 
316916 
316918 
54774 
316919 
54775 
54776 
54777 
54778 
54779 
316929 
579073 
316930 
579074 
579075 
579076 
316933 
579077 
579078 
316936 
579080 
579081 
579082 
579083 
579084 
316942 
579086 
579087 
579088 
579089 
316946 
579090 
579091 
54804 
579092 
54805 
579093 
54806 
579094 
54807 
579095 
54808 
579096 
54809 
579097 
579098 
579099 
579100 
579101 
579102 
579103 
579104 
579105 
579106 
579107 
579108 
316965 
579109 
579110 
579111 
579112 
579113 
54834 
316979 
54835 
316980 
54836 
316981 
54837 
54838 
316983 
54839 
316984 
317000 
317001 
317003 
317007 
317008 
54864 
317009 
54865 
317010 
54866 
317011 
54867 
317012 
54868 
54869 
579170 
579171 
579172 
579173 
579174 
579175 
579176 
317034 
54895 
54896 
54897 
54898 
54899 
579191 
579192 
579193 
579194 
579195 
579196 
579197 
579198 
579199 
579200 
579201 
579202 
579203 
579204 
54926 
317071 
54927 
54928 
54929 
579226 
579227 
317084 
579228 
579229 
317086 
579230 
579231 
317088 
579232 
579233 
579234 
579235 
579236 
579237 
579238 
579239 
317105 
317106 
317108 
317112 
317113 
317115 
579282 
579283 
579284 
579285 
579286 
579287 
579288 
579303 
579304 
579306 
579307 
579308 
579310 
579311 
579312 
579314 
579316 
579317 
579318 
579319 
579320 
579321 
579322 
579323 
579324 
579325 
579326 
579327 
579328 
579329 
579330 
579331 
579332 
579333 
579334 
579335 
579336 
579337 
579338 
579339 
579340 
579341 
579342 
579343 
579344 
579345 
579346 
579347 
579348 
579349 
579350 
579351 
579352 
579353 
579354 
579355 
579356 
579357 
579358 
317229 
317236 
579443 
579444 
579445 
579446 
579448 
579449 
579450 
579451 
579452 
579453 
579454 
579455 
579457 
579458 
579459 
579460 
579461 
579462 
579463 
579464 
579465 
579466 
579467 
579468 
579469 
579470 
579471 
579472 
579473 
579474 
579475 
579476 
579477 
579478 
579479 
579480 
579481 
579482 
579483 
579484 
55197 
55198 
55199 
317351 
317353 
317355 
55225 
55226 
55227 
55228 
317373 
55229 
317375 
317377 
317378 
317379 
317380 
317381 
317383 
317384 
317387 
317389 
317390 
317391 
317392 
317394 
317396 
317397 
579541 
317398 
55254 
579542 
317399 
55255 
579543 
317400 
55256 
579544 
317401 
55257 
579545 
317402 
55258 
579546 
317403 
55259 
579547 
317404 
317405 
317406 
317407 
317408 
317409 
317410 
317411 
317412 
317414 
317416 
317418 
579562 
317419 
579563 
579564 
579565 
317422 
579566 
579567 
317424 
579568 
317425 
579569 
317426 
579570 
579571 
55284 
579572 
317429 
55285 
579573 
55286 
579574 
317431 
55287 
579575 
317432 
55288 
55289 
317447 
317449 
317450 
317451 
317453 
579597 
317454 
579598 
579599 
317456 
579600 
579601 
317458 
55314 
579602 
55315 
579603 
317460 
55316 
579604 
55317 
579605 
55318 
579606 
55319 
579607 
579608 
579609 
579610 
317468 
317471 
317473 
317474 
317475 
317478 
317480 
317481 
55344 
55345 
55346 
55347 
55348 
55349 
317497 
317499 
317501 
579653 
579654 
579655 
579656 
579657 
579658 
317515 
579659 
55374 
55375 
55376 
55377 
55378 
55379 
317525 
317526 
317527 
317528 
579674 
579675 
579677 
579678 
579679 
579681 
579682 
579683 
579685 
579687 
579688 
317545 
579689 
317546 
579690 
317547 
579691 
317548 
55404 
579692 
317549 
55405 
579693 
317550 
55406 
579694 
317551 
55407 
579695 
55408 
579696 
55409 
579697 
317554 
579698 
579699 
579700 
579701 
579702 
579703 
579704 
579705 
579706 
579707 
579708 
579709 
317566 
579710 
317567 
579711 
317568 
579712 
317569 
579713 
317570 
579714 
317571 
579715 
317572 
579716 
579717 
579718 
579719 
579720 
579721 
579722 
55435 
579723 
55436 
579724 
55437 
579725 
55438 
579726 
55439 
579727 
579728 
579729 
317608 
317610 
55466 
55467 
317612 
55468 
55469 
317614 
317615 
317617 
317619 
317621 
317622 
317625 
317627 
317628 
317664 
317666 
317668 
317670 
579815 
579816 
579817 
579819 
579820 
317678 
579822 
317679 
579823 
317680 
579824 
317681 
579825 
317682 
579826 
317683 
317684 
579828 
579829 
579830 
579831 
579832 
579833 
579834 
579835 
317692 
579836 
317693 
579837 
579838 
317695 
579839 
317696 
579840 
317697 
579841 
317698 
579842 
579843 
579844 
579845 
579846 
317703 
579847 
579848 
579849 
317706 
579850 
317707 
579851 
317708 
579852 
317709 
579853 
317710 
579854 
317711 
579855 
317712 
317721 
317722 
317724 
317762 
317764 
317766 
579912 
317769 
579913 
579914 
317771 
579915 
317772 
579916 
579917 
579918 
317775 
317778 
317779 
317782 
579933 
579934 
579935 
579936 
579937 
579938 
579939 
579940 
579941 
317798 
579942 
579943 
317800 
579944 
317801 
579945 
317802 
579946 
317811 
317813 
317815 
317818 
317824 
579968 
579969 
579970 
579971 
579972 
579973 
579974 
579975 
579976 
579977 
579978 
579979 
579980 
579981 
317860 
317861 
317862 
317863 
317864 
317865 
317866 
580024 
317881 
55737 
580025 
317882 
55738 
580026 
317883 
580027 
580028 
317885 
580029 
580030 
317888 
317889 
317890 
317891 
317892 
317893 
580045 
580046 
580048 
580049 
580050 
580052 
55765 
580053 
55766 
580054 
55767 
55768 
580056 
55769 
580057 
580058 
580059 
580060 
580061 
580062 
580063 
580064 
580065 
580066 
580067 
580068 
580069 
580070 
580071 
580072 
580073 
580074 
580075 
580076 
580077 
580078 
580079 
580080 
580081 
55794 
580082 
55795 
580083 
55796 
580084 
55797 
580085 
55798 
580086 
55799 
580087 
580088 
580089 
580090 
580091 
580092 
580093 
580094 
580095 
580096 
580097 
580098 
580099 
580100 
317966 
317968 
55824 
55825 
317970 
55826 
55827 
55828 
55829 
317987 
317988 
317990 
317994 
317995 
317997 
55854 
55855 
55856 
55857 
55858 
55859 
55883 
55884 
55885 
55886 
55887 
55888 
55889 
580186 
580187 
580188 
580190 
580191 
580193 
580194 
580195 
580196 
580197 
580199 
580200 
580201 
55914 
580202 
55915 
580203 
55916 
580204 
55917 
580205 
55918 
580206 
55919 
580207 
580208 
580209 
580210 
580211 
580212 
580213 
580214 
580215 
580216 
580217 
580218 
580219 
580220 
580221 
580222 
580223 
580224 
580225 
580226 
55944 
55945 
55946 
55947 
55948 
55949 
318108 
55975 
55976 
55977 
55978 
55979 
580283 
580284 
580285 
580286 
580287 
580288 
580289 
56006 
56007 
56008 
56009 
580304 
580305 
580306 
580307 
580308 
580309 
580310 
580311 
580312 
580313 
580314 
580315 
580316 
580317 
318180 
580339 
580340 
580341 
580342 
580343 
580344 
580345 
580346 
580347 
580348 
580349 
580350 
580351 
580352 
318233 
318237 
318248 
580395 
580396 
580397 
580398 
318255 
580399 
580400 
318257 
580401 
318259 
318261 
318263 
318265 
318266 
318268 
318269 
318271 
318272 
580416 
318273 
580417 
580419 
318276 
580420 
580421 
318278 
318279 
580423 
318280 
580424 
318281 
580425 
318282 
580426 
318283 
580427 
318284 
318285 
580429 
318286 
580430 
318287 
580431 
318288 
580432 
318289 
580433 
318290 
580434 
318291 
580435 
318292 
580436 
318293 
580437 
318294 
580438 
580439 
318296 
580440 
580441 
318298 
580442 
580443 
318300 
580444 
318301 
580445 
318302 
580446 
580447 
318304 
580448 
580449 
318306 
580450 
318307 
580451 
318308 
580452 
580453 
580454 
318311 
580455 
580456 
318313 
580457 
318314 
580458 
580459 
580460 
580461 
580462 
580463 
580464 
580465 
580466 
580467 
580468 
580469 
580470 
580471 
318329 
318331 
318333 
318335 
318336 
318338 
318340 
318342 
318350 
318351 
318353 
318355 
318356 
318357 
318360 
318362 
318363 
318370 
318379 
318381 
318383 
318395 
318397 
318407 
318408 
318410 
580557 
580558 
580559 
580560 
580561 
580562 
580564 
56277 
580565 
56278 
580566 
580567 
580568 
580570 
318427 
580571 
318428 
580572 
318429 
580573 
318430 
580574 
318431 
580575 
318432 
580576 
318433 
580577 
580578 
580579 
580580 
580581 
580582 
580583 
580584 
580585 
580586 
580587 
580588 
580589 
580590 
580591 
318448 
580592 
318449 
56305 
580593 
318450 
56306 
580594 
318451 
56307 
580595 
318452 
56308 
580596 
318453 
56309 
580597 
318454 
56334 
56335 
56336 
56337 
56338 
56339 
318490 
318492 
318494 
318496 
318497 
318499 
318501 
318503 
318504 
318507 
56364 
318509 
56365 
318510 
56366 
580654 
56367 
580655 
56368 
580656 
56369 
580657 
580658 
580659 
580660 
580675 
580676 
580677 
580678 
580679 
580680 
580681 
56394 
580682 
56395 
580683 
56396 
580684 
56397 
580685 
56398 
580686 
56399 
580687 
580688 
318546 
318548 
318550 
318552 
318560 
318561 
318562 
318563 
318564 
318565 
318566 
580710 
580711 
56424 
580712 
56425 
580713 
56426 
580714 
56427 
580715 
56428 
580716 
56429 
580717 
580718 
318575 
580719 
580720 
318577 
580721 
580722 
318579 
580723 
318588 
318589 
318590 
318591 
318592 
318593 
318594 
56454 
56455 
56456 
56457 
56458 
318603 
56459 
318604 
318606 
580766 
580767 
580768 
580769 
580770 
580771 
56484 
580772 
56485 
56486 
56487 
56488 
56489 
580787 
318644 
580788 
580790 
580791 
318648 
580792 
580794 
318651 
580795 
580796 
580798 
580800 
318657 
580801 
580802 
56515 
580803 
56516 
580804 
318661 
56517 
580805 
56518 
580806 
56519 
580807 
580808 
580809 
580810 
580811 
580812 
580813 
580814 
580815 
580816 
580817 
580818 
580819 
580820 
580821 
580822 
580823 
318680 
580824 
580825 
580826 
580827 
580828 
580829 
580830 
580831 
580832 
580833 
56546 
580834 
56547 
580835 
56548 
580836 
318693 
56549 
580837 
580838 
580839 
318696 
580840 
318697 
580841 
318698 
580842 
318699 
318700 
318704 
318706 
318743 
318744 
318745 
318747 
318748 
318757 
318763 
318764 
318765 
318767 
318769 
318770 
318771 
318772 
318773 
318774 
318775 
318776 
580928 
580929 
580930 
580932 
580933 
580935 
580936 
580937 
580938 
580939 
580941 
580942 
580943 
580944 
580945 
580946 
580947 
580948 
580949 
580950 
580951 
580952 
580953 
580954 
580955 
580956 
580957 
580958 
580959 
580960 
580961 
580962 
580963 
580964 
580965 
580966 
580967 
580968 
318846 
318848 
318850 
318852 
318869 
318870 
318872 
318873 
318876 
318877 
318879 
581025 
581026 
581027 
581028 
581029 
581030 
581031 
581046 
581047 
581048 
581049 
581050 
581051 
581052 
581053 
581054 
581055 
581056 
581057 
581058 
581059 
581081 
581082 
581083 
581084 
581085 
581086 
581087 
581088 
581089 
581090 
581091 
581092 
581093 
581094 
56817 
56818 
56845 
56846 
56847 
56848 
56849 
581137 
581138 
581139 
581140 
581141 
581142 
581143 
581158 
581159 
581161 
56874 
581162 
56875 
581163 
56876 
56877 
581165 
56878 
581166 
56879 
581167 
581169 
581171 
581172 
581173 
581174 
581175 
581176 
581177 
581178 
581179 
581180 
581181 
581182 
581183 
581184 
581185 
581186 
581187 
581188 
581189 
581190 
581191 
56904 
581192 
56905 
581193 
56906 
581194 
56907 
581195 
56908 
581196 
56909 
581197 
581198 
581199 
581200 
581201 
581202 
581203 
581204 
581205 
319062 
581206 
581207 
581208 
581209 
581210 
581211 
581212 
581213 
56934 
56935 
56936 
56937 
56938 
56939 
56964 
56965 
56966 
56967 
56968 
56969 
319115 
319119 
319137 
56994 
319139 
56995 
56996 
319141 
56997 
56998 
319143 
56999 
319145 
319147 
319148 
319154 
319155 
581299 
581300 
581301 
319158 
581303 
319160 
581304 
319161 
319162 
581306 
319163 
581307 
319164 
581308 
319165 
581309 
319166 
581310 
319167 
581311 
319168 
57024 
581312 
319169 
57025 
581313 
319170 
57026 
581314 
319171 
57027 
581315 
319172 
57028 
581316 
319173 
57029 
581317 
319174 
581318 
319175 
581319 
319176 
581320 
581321 
319178 
581322 
581323 
319180 
581324 
581325 
319182 
581326 
319183 
581327 
581328 
581329 
319186 
581330 
581331 
319188 
581332 
319189 
581333 
319190 
581334 
581335 
581336 
319193 
581337 
581338 
319195 
581339 
319196 
57055 
57056 
57057 
57058 
57059 
319211 
319213 
319214 
319215 
319217 
319218 
319220 
319222 
319224 
57086 
57087 
319232 
57088 
319233 
57089 
319235 
319237 
319238 
319239 
319242 
319244 
319245 
319248 
319252 
581396 
581397 
581398 
581399 
581400 
581401 
581402 
319261 
319263 
319265 
581417 
581418 
581419 
581420 
319277 
581421 
581422 
319279 
581423 
581424 
581425 
581426 
581427 
581428 
581429 
581430 
319289 
319290 
319292 
581452 
319309 
581453 
319310 
581454 
319311 
581455 
319312 
581456 
319313 
581457 
319314 
581458 
319315 
581459 
581460 
581461 
581462 
581463 
581464 
581465 
319330 
319331 
319332 
319333 
319334 
319335 
319336 
319340 
319343 
581508 
581509 
581510 
581511 
581512 
581513 
581514 
319372 
319374 
319376 
319378 
319379 
319381 
319383 
319385 
581529 
319386 
581530 
581532 
319389 
581533 
581534 
319391 
319392 
581536 
581537 
581538 
581540 
581542 
581543 
581544 
581545 
581546 
581547 
581548 
581549 
581550 
581551 
581552 
581553 
581554 
581555 
581556 
581557 
581558 
581559 
581560 
581561 
581562 
581563 
581564 
581565 
581566 
581567 
581568 
581569 
581570 
581571 
319428 
581572 
581573 
319430 
581574 
581575 
319432 
581576 
581577 
319434 
581578 
581579 
581580 
581581 
581582 
581583 
581584 
319442 
319443 
319444 
319445 
319446 
319447 
319448 
319457 
319459 
319461 
319463 
319467 
319470 
319471 
319472 
319473 
319474 
319475 
319476 
319484 
319485 
319486 
319488 
319489 
319490 
57357 
57358 
581669 
319526 
581670 
581671 
581672 
57385 
581673 
319530 
57386 
581674 
57387 
581675 
57388 
581676 
319533 
57389 
581677 
581678 
581679 
319536 
581680 
581681 
319539 
581683 
581684 
581685 
581686 
319543 
581687 
581688 
581689 
319546 
581690 
581691 
581692 
581693 
581694 
581695 
581696 
581697 
581698 
581699 
581700 
581701 
57414 
581702 
57415 
581703 
57416 
581704 
57417 
581705 
319562 
57418 
581706 
57419 
581707 
581708 
581709 
319566 
581710 
319575 
319579 
319582 
319588 
57444 
57445 
57446 
57447 
57448 
57449 
57474 
57475 
57476 
57477 
57478 
57479 
581767 
581768 
319625 
581769 
319626 
581770 
319627 
581771 
319628 
581772 
319629 
581773 
319630 
581788 
581789 
319646 
581790 
319647 
581791 
57504 
581792 
319649 
57505 
581793 
57506 
581794 
319651 
57507 
581795 
57508 
581796 
319653 
57509 
581797 
319654 
581798 
319655 
581799 
319656 
581800 
319657 
581801 
319658 
319668 
57534 
57535 
581823 
57536 
581824 
57537 
581825 
57538 
581826 
57539 
581827 
581828 
581829 
581830 
581831 
581832 
581833 
581834 
581835 
581836 
57564 
57565 
57566 
57567 
57568 
57569 
319730 
319732 
319734 
581879 
581880 
581881 
581882 
57595 
581883 
57596 
581884 
57597 
581885 
57598 
57599 
319751 
319752 
319754 
581900 
581901 
319758 
319759 
581903 
581904 
319761 
581905 
581907 
581908 
581909 
581911 
581913 
57626 
581914 
57627 
581915 
57628 
581916 
57629 
581917 
581918 
581919 
581920 
581921 
581922 
581923 
581924 
581925 
581926 
581927 
581928 
581929 
581930 
581931 
581932 
581933 
581934 
581935 
581936 
581937 
581938 
581939 
581940 
581941 
581942 
581943 
581944 
581945 
581946 
581947 
581948 
581949 
581950 
581951 
581952 
581953 
581954 
581955 
582041 
582042 
582043 
582045 
582046 
582048 
582049 
582050 
582051 
582052 
582054 
582055 
582056 
582057 
582058 
582059 
582060 
582061 
582062 
582063 
582064 
319921 
582065 
582066 
582067 
319924 
582068 
582069 
582070 
582071 
582072 
582073 
582074 
582075 
582076 
582077 
582078 
582079 
582080 
582081 
582138 
582139 
582140 
319997 
582141 
582142 
582143 
582144 
320001 
582159 
582160 
582161 
582162 
320019 
582163 
582164 
320021 
582165 
320022 
582166 
320023 
582167 
582168 
320025 
582169 
582170 
320027 
582171 
582172 
320029 
320030 
320032 
320033 
320034 
320035 
320036 
320037 
320040 
57897 
320042 
57898 
320043 
320044 
320045 
320046 
320047 
320048 
320049 
320050 
582194 
320051 
582195 
320052 
582196 
320053 
582197 
320054 
582198 
320055 
582199 
320056 
582200 
320057 
582201 
320058 
582202 
582203 
320060 
582204 
582205 
320062 
582206 
582207 
320064 
320065 
320068 
57925 
320070 
57926 
320071 
57927 
320072 
57928 
57929 
320075 
320077 
320078 
320093 
320095 
320097 
57954 
320099 
57955 
320100 
57956 
57957 
320102 
57958 
57959 
320104 
320106 
582250 
582251 
582252 
582253 
582254 
582255 
582256 
320114 
320117 
320119 
320120 
320121 
320124 
320126 
320127 
582271 
57984 
582272 
57985 
57986 
582274 
57987 
582275 
57988 
582276 
57989 
582277 
582278 
582279 
582280 
582282 
582284 
582285 
582286 
320143 
582287 
582288 
320145 
582289 
582290 
320147 
582291 
582292 
582293 
582294 
582295 
582296 
582297 
582298 
582299 
582300 
582301 
58014 
582302 
320159 
58015 
582303 
58016 
582304 
320161 
58017 
582305 
58018 
582306 
58019 
582307 
582308 
582309 
582310 
582311 
582312 
582313 
320170 
582314 
320171 
582315 
320172 
582316 
582317 
320174 
582318 
320175 
582319 
582320 
582321 
582322 
582323 
582324 
582325 
582326 
58044 
58045 
58046 
320191 
58047 
320192 
58048 
320193 
58049 
320194 
320195 
320196 
320197 
320212 
320213 
320214 
320215 
320216 
320217 
320218 
58074 
58075 
58076 
58077 
58078 
58079 
58104 
58105 
58106 
58107 
58108 
58109 
320254 
320256 
320258 
320260 
320261 
320263 
320265 
320267 
320268 
582412 
582413 
582414 
320271 
582416 
320273 
582417 
320274 
582419 
582420 
582421 
582422 
58135 
582423 
58136 
58137 
582425 
58138 
582426 
58139 
582427 
582428 
582429 
582430 
582431 
582432 
582433 
582434 
582435 
582436 
582437 
582438 
582439 
582440 
582441 
582442 
582443 
582444 
582445 
582446 
582447 
582448 
582449 
582450 
582451 
582452 
320310 
58166 
58167 
320312 
58168 
58169 
320314 
320316 
320324 
320325 
320326 
320327 
320328 
320329 
320330 
320338 
320339 
320341 
320342 
320343 
320352 
320353 
320354 
320355 
320356 
320357 
320358 
582509 
582510 
320367 
582511 
320368 
582512 
582513 
320370 
582514 
582515 
582530 
582531 
582532 
582533 
582534 
582535 
582536 
582537 
582538 
320395 
582539 
582540 
320397 
582541 
582542 
320399 
582543 
320408 
320409 
320412 
320413 
320415 
320417 
320419 
320421 
582565 
582566 
320423 
582567 
582568 
320425 
582569 
582570 
582571 
320428 
582572 
582573 
582574 
582575 
582576 
582577 
582578 
320444 
320448 
320457 
320461 
320464 
320470 
582621 
582622 
582623 
582624 
582625 
582626 
582627 
582642 
582643 
582644 
582645 
582646 
582647 
582649 
582650 
320507 
582651 
320508 
320509 
582653 
320511 
582655 
320512 
582656 
582657 
582658 
582659 
582660 
582661 
582662 
582663 
582664 
582665 
582666 
582667 
582668 
582669 
582670 
582671 
320528 
582672 
320529 
582673 
582674 
320531 
582675 
582676 
582677 
582678 
320535 
582679 
320536 
582680 
320537 
582681 
320538 
582682 
320539 
582683 
582684 
582685 
582686 
582687 
582688 
582689 
582690 
582691 
582692 
582693 
582694 
582695 
582696 
582697 
320556 
58437 
58438 
58465 
58466 
58467 
320612 
58468 
58469 
320614 
320616 
320633 
320634 
320636 
58494 
320639 
58495 
582783 
320640 
58496 
582784 
320641 
58497 
582785 
58498 
320643 
58499 
582787 
582788 
582790 
582791 
582792 
582793 
582794 
582795 
582796 
582797 
582798 
582799 
582800 
582801 
582802 
582803 
582804 
582805 
582806 
582807 
582808 
582809 
582810 
582811 
58524 
582812 
58525 
582813 
58526 
582814 
58527 
582815 
58528 
582816 
58529 
582817 
582818 
582819 
582820 
582821 
582822 
582823 
58554 
58555 
58556 
58557 
58558 
58559 
58584 
58585 
58586 
58587 
58588 
58589 
582880 
582881 
582882 
582883 
582884 
582885 
582886 
582901 
58614 
582902 
58615 
582903 
58616 
582904 
58617 
582905 
58618 
582906 
58619 
582907 
582908 
582909 
582910 
582911 
582912 
582913 
582914 
320787 
58644 
58645 
58646 
320791 
58647 
58648 
582936 
58649 
582937 
582938 
582939 
582940 
582941 
582942 
582943 
582944 
582945 
582946 
582947 
582948 
582949 
320815 
58675 
58676 
58677 
58678 
58679 
582992 
582993 
58706 
582994 
58707 
582995 
58708 
582996 
58709 
582997 
582998 
583013 
583014 
583016 
583017 
583018 
583019 
583020 
583021 
583022 
320879 
583024 
583026 
320883 
583027 
583028 
583029 
583030 
583031 
583032 
583033 
583034 
583035 
583036 
583037 
583038 
583039 
583040 
583041 
583042 
583043 
583044 
320901 
583045 
583046 
320903 
583047 
583048 
320905 
583049 
583050 
320907 
583051 
583052 
320909 
583053 
583054 
320911 
583055 
320912 
583056 
583057 
583058 
320915 
583059 
583060 
583061 
320918 
583062 
320919 
583063 
583064 
583065 
320922 
583066 
583067 
320924 
583068 
320925 
320926 
320927 
320928 
320929 
320930 
320931 
320932 
320933 
320934 
320935 
320936 
320937 
320938 
320939 
320940 
320942 
320944 
320946 
320947 
320948 
320950 
320952 
320953 
320954 
320957 
320959 
320960 
320975 
320977 
320979 
320981 
320982 
320984 
320985 
320986 
320988 
320996 
320997 
320999 
321001 
321002 
321003 
321004 
321006 
321008 
321009 
583153 
583154 
583155 
321012 
583156 
583157 
583158 
583159 
321016 
583161 
583162 
583163 
583164 
583165 
583167 
583168 
321025 
583169 
583170 
321027 
583171 
583172 
321029 
583173 
583174 
583175 
583176 
583177 
583178 
583179 
583180 
583181 
583182 
583183 
583184 
321041 
583185 
583186 
321043 
583187 
583188 
583189 
583190 
583191 
583192 
583193 
583194 
321053 
321054 
321055 
321056 
321073 
321074 
321075 
321076 
321077 
321078 
321079 
321082 
321094 
321095 
321096 
321097 
321098 
321099 
321100 
321104 
583251 
583252 
583253 
583254 
583255 
583256 
583257 
58977 
58978 
583272 
583273 
583274 
583275 
583276 
583277 
583278 
583279 
321136 
583280 
583281 
321138 
583282 
583283 
321140 
583284 
583285 
321142 
321143 
321145 
321147 
321149 
59005 
321150 
59006 
59007 
59008 
321153 
59009 
321155 
321156 
583307 
583308 
583309 
583310 
583311 
583312 
583313 
583314 
583315 
583316 
583317 
583318 
583319 
583320 
59034 
59035 
59036 
59037 
59038 
59039 
321192 
321194 
321196 
321198 
321205 
321206 
321207 
321208 
59064 
321209 
59065 
321210 
59066 
321211 
59067 
321212 
59068 
59069 
583363 
583364 
321221 
583365 
583366 
321223 
583367 
321224 
583368 
321225 
583369 
321234 
321235 
321236 
321237 
321238 
59094 
321239 
59095 
321240 
59096 
583384 
59097 
583385 
59098 
59099 
583387 
583388 
583389 
583391 
583392 
321249 
583393 
321250 
583395 
321252 
583397 
321254 
583398 
583399 
583400 
583401 
583402 
583403 
583404 
583405 
583406 
583407 
583408 
583409 
583410 
583411 
59124 
583412 
59125 
583413 
59126 
583414 
59127 
583415 
59128 
583416 
59129 
583417 
583418 
583419 
583420 
583421 
583422 
583423 
583424 
583425 
583426 
583427 
583428 
583429 
583430 
583431 
583432 
583433 
321290 
583434 
321291 
583435 
583436 
583437 
321294 
583438 
321295 
583439 
321297 
59154 
59155 
59156 
59157 
59158 
321303 
59159 
321307 
321310 
321326 
321328 
59184 
59185 
321330 
59186 
59187 
59188 
59189 
321339 
321340 
321343 
321346 
321352 
59215 
59216 
59217 
59218 
59219 
321375 
583525 
583526 
583527 
583529 
583530 
583532 
321389 
583533 
321390 
59246 
583534 
321391 
59247 
583535 
59248 
583536 
321393 
59249 
583537 
321394 
583538 
583539 
583540 
583541 
583542 
583543 
583544 
583545 
583546 
583547 
583548 
583549 
583550 
583551 
583552 
583553 
321410 
583554 
321411 
583555 
583556 
321413 
583557 
583558 
583559 
583560 
321417 
583561 
321418 
583562 
321419 
583563 
321420 
583564 
321421 
583565 
321465 
321469 
321476 
583622 
583623 
583624 
583625 
583626 
583627 
583628 
321494 
321496 
321498 
583643 
583644 
583645 
583646 
583647 
583648 
583649 
583650 
583651 
583652 
583653 
583654 
583655 
583656 
321515 
321516 
321517 
321518 
321522 
321523 
321525 
583678 
583679 
583680 
583681 
583682 
583683 
583684 
583685 
583686 
583687 
583688 
583689 
583690 
583691 
583734 
583735 
583736 
583737 
583738 
583739 
583740 
583755 
583756 
583758 
583759 
583760 
583762 
583763 
583764 
583766 
583768 
583769 
583770 
583771 
583772 
583773 
583774 
583775 
583776 
583777 
583778 
583779 
583780 
583781 
583782 
583783 
583784 
583785 
583786 
583787 
583788 
583789 
583790 
583791 
583792 
583793 
583794 
583795 
583796 
583797 
583798 
583799 
583800 
583801 
583802 
583803 
583804 
59517 
583805 
59518 
583806 
583807 
583808 
583809 
321666 
583810 
59545 
59546 
59547 
59548 
59549 
59574 
59575 
59576 
59577 
59578 
59579 
59604 
59605 
59606 
59607 
59608 
583896 
59609 
583897 
583898 
583900 
583901 
583903 
583904 
321761 
583905 
321762 
583906 
583907 
321765 
583909 
583910 
583911 
583912 
583913 
583914 
583915 
583916 
583917 
583918 
583919 
583920 
583921 
59634 
583922 
59635 
583923 
59636 
583924 
321781 
59637 
583925 
59638 
583926 
321783 
59639 
583927 
583928 
321785 
583929 
583930 
321787 
583931 
583932 
321789 
583933 
583934 
321791 
583935 
583936 
321793 
321794 
321800 
321801 
321804 
321806 
321807 
321808 
59664 
321809 
59665 
321810 
59666 
321811 
59667 
321812 
59668 
321813 
59669 
321814 
321815 
321816 
321817 
321818 
321819 
321820 
321821 
321822 
321824 
321826 
321828 
321829 
321832 
321834 
321835 
321836 
59694 
321839 
59695 
59696 
321841 
59697 
321842 
59698 
59699 
583993 
583994 
583995 
583996 
583997 
583998 
583999 
321857 
321859 
321861 
321863 
321864 
321866 
321867 
321868 
59724 
59725 
321870 
59726 
584014 
59727 
584015 
59728 
584016 
59729 
584017 
584018 
584019 
584020 
584021 
321878 
584022 
584023 
584024 
321881 
584025 
584026 
321883 
584027 
321884 
321885 
321886 
321888 
321890 
321891 
321894 
321898 
59755 
59756 
59757 
59758 
59759 
584049 
584050 
321907 
584051 
584052 
321909 
584053 
584054 
321911 
584055 
584056 
584057 
584058 
584059 
584060 
584061 
584062 
321923 
321925 
59786 
59787 
59788 
59789 
321935 
321936 
321938 
321955 
321956 
321957 
321958 
321959 
321960 
321961 
584105 
584106 
584107 
584108 
584109 
584110 
584111 
321976 
321977 
321978 
321979 
321980 
321981 
321982 
584126 
584127 
584129 
584130 
584131 
584133 
584134 
584135 
584137 
584138 
584139 
584140 
584141 
584142 
584143 
584144 
584145 
584146 
584147 
584148 
584149 
584150 
584151 
584152 
584153 
584154 
584155 
584156 
584157 
584158 
584159 
584160 
584161 
322018 
584162 
584163 
322020 
584164 
584165 
322022 
584166 
584167 
322024 
584168 
322025 
584169 
584170 
322027 
584171 
584172 
322029 
584173 
584174 
322031 
584175 
322032 
584176 
584177 
322034 
584178 
322035 
584179 
584180 
322037 
584181 
322038 
322067 
322071 
322074 
322076 
322078 
322080 
322081 
322088 
322089 
322090 
322091 
322092 
322093 
322094 
322103 
322105 
322107 
322109 
322115 
322116 
322117 
322118 
322119 
322120 
322121 
322122 
584267 
584268 
584269 
584270 
584271 
584272 
584274 
322131 
584275 
322132 
584276 
584277 
322134 
584278 
584279 
584280 
584281 
584282 
584283 
584284 
584285 
584286 
584287 
584288 
584289 
584290 
584291 
584292 
584293 
584294 
584295 
584296 
584297 
584298 
584299 
584300 
584301 
584302 
584303 
584304 
584305 
584306 
584307 
322172 
322176 
322179 
322185 
322189 
60057 
60058 
322208 
584364 
322221 
584365 
584366 
584367 
584368 
322225 
584369 
584370 
322228 
60085 
60086 
60087 
60088 
60089 
322234 
322238 
584385 
584386 
584387 
584388 
584389 
584390 
584391 
584392 
584393 
584394 
584395 
584396 
584397 
584398 
60114 
60115 
60116 
60117 
60118 
60119 
322271 
322272 
322273 
322275 
322276 
584420 
584421 
584422 
584423 
584424 
584425 
584426 
584427 
584428 
584429 
584430 
584431 
60144 
584432 
322289 
60145 
584433 
60146 
60147 
322292 
60148 
322293 
60149 
322295 
322299 
322300 
322301 
322302 
322303 
322316 
60174 
60175 
60176 
60177 
60178 
322323 
60179 
584476 
584477 
584478 
584479 
584480 
584481 
584482 
60204 
60205 
60206 
60207 
60208 
60209 
584497 
584498 
584500 
584501 
584502 
584504 
322361 
584505 
584506 
584508 
584510 
584511 
584512 
584513 
584514 
584515 
584516 
584517 
584518 
584519 
322376 
584520 
584521 
584522 
322378 
60234 
584523 
60235 
584524 
322380 
60236 
584525 
60237 
584526 
60238 
584527 
60239 
584528 
584529 
584530 
584531 
584532 
584533 
584534 
584535 
584536 
584537 
584538 
584539 
584540 
584541 
322397 
584542 
322398 
584543 
584544 
322400 
584545 
322401 
584546 
584547 
584548 
322404 
584549 
322405 
584550 
584551 
322407 
584552 
60264 
60265 
60266 
60267 
60268 
60269 
60295 
60296 
60297 
60298 
60299 
60326 
60327 
60328 
60329 
584638 
584639 
584640 
584642 
584643 
584645 
584646 
584647 
584648 
584649 
584651 
584652 
584653 
584654 
584655 
584656 
584657 
584658 
584659 
584660 
584661 
584662 
584663 
584664 
584665 
584666 
584667 
584668 
584669 
584670 
584671 
584672 
584673 
584674 
584675 
584676 
584677 
584678 
584735 
584736 
584737 
584738 
584739 
584740 
584741 
584756 
584757 
584758 
584759 
584760 
584761 
584762 
584763 
584764 
584765 
584766 
584767 
584768 
584769 
322643 
584791 
322647 
584792 
584793 
584794 
584795 
584796 
584797 
584798 
584799 
584800 
584801 
584802 
584803 
584804 
322664 
322665 
322667 
322669 
322671 
322672 
322673 
322675 
322676 
322678 
322680 
322682 
322683 
322684 
322686 
322687 
322688 
322689 
322690 
322691 
322692 
322693 
322694 
322695 
322696 
322697 
322698 
322699 
322700 
322701 
322702 
584847 
322703 
584848 
322704 
584849 
584850 
322706 
584851 
584852 
322708 
584853 
322710 
322711 
322714 
322716 
322717 
322718 
322721 
322723 
584868 
322724 
584869 
584871 
584872 
584873 
584875 
584876 
584877 
584878 
584879 
584881 
584882 
584883 
322739 
584884 
584885 
322741 
60597 
584886 
322742 
60598 
584887 
322743 
584888 
584889 
322745 
584890 
322746 
584891 
584892 
322748 
584893 
322749 
584894 
322750 
584895 
584896 
322752 
584897 
584898 
584899 
584900 
584901 
584902 
584903 
584904 
322760 
584905 
322761 
584906 
584907 
322763 
584908 
584909 
322765 
584910 
322766 
584911 
322767 
584912 
322768 
584913 
60625 
584914 
322770 
60626 
584915 
60627 
584916 
322772 
60628 
584917 
322773 
60629 
584918 
584919 
584920 
322776 
584921 
584922 
584923 
322780 
322789 
322791 
322793 
60654 
60655 
60656 
60657 
60658 
60659 
322805 
322807 
322817 
322818 
322820 
60684 
60685 
60686 
60687 
60688 
60689 
322837 
322838 
322839 
322840 
322841 
322842 
322843 
322858 
60714 
322859 
60715 
322860 
60716 
322861 
60717 
322862 
60718 
322863 
60719 
322864 
585009 
585010 
585011 
322868 
585013 
585014 
322870 
585015 
585016 
585017 
585018 
585019 
585020 
585021 
585022 
585023 
585024 
585025 
585026 
585027 
585028 
585029 
585030 
585031 
585032 
60744 
585033 
60745 
585034 
60746 
585035 
60747 
585036 
60748 
585037 
60749 
585038 
585039 
585040 
585041 
585042 
585043 
585044 
322900 
585045 
585046 
322902 
585047 
585048 
322904 
585049 
322906 
322907 
322909 
322911 
322913 
322914 
322917 
60774 
322919 
60775 
322920 
60776 
60777 
60778 
60779 
60804 
60805 
60806 
60807 
60808 
60809 
322956 
322958 
322960 
585106 
322962 
585107 
585108 
585109 
585110 
585111 
585112 
322970 
322971 
322972 
322973 
322974 
322975 
322976 
60835 
60836 
60837 
60838 
585127 
60839 
585128 
322984 
585129 
322985 
585130 
585131 
322987 
585132 
585133 
322989 
585134 
585135 
585136 
585137 
585138 
585139 
585140 
322998 
322999 
323000 
323001 
323002 
323003 
323004 
60866 
60867 
323012 
60868 
323013 
60869 
323014 
323016 
585162 
585163 
585164 
585165 
585166 
323022 
585167 
585168 
585169 
585170 
585171 
585172 
585173 
585174 
585175 
323041 
323054 
323056 
323058 
323060 
323061 
323066 
323067 
323071 
585218 
585219 
585220 
585221 
585222 
585223 
585224 
323090 
323091 
585239 
585240 
585241 
585242 
585243 
585244 
585245 
585246 
585247 
323103 
585248 
585250 
323107 
585252 
585253 
585254 
323110 
585255 
585256 
585257 
585258 
585259 
585260 
323116 
585261 
585262 
585263 
585264 
585265 
585266 
585267 
585268 
585269 
585270 
585271 
585272 
585273 
585274 
585275 
585276 
585277 
585278 
585279 
585280 
585281 
585282 
585283 
585284 
585285 
585286 
585287 
585288 
585289 
585290 
585291 
585292 
585293 
585294 
323153 
323154 
323155 
323157 
323158 
323174 
323175 
323177 
323181 
323182 
323183 
323184 
323185 
585380 
585381 
585382 
585383 
585384 
585385 
585387 
585388 
585389 
585390 
585391 
585392 
585393 
323249 
585394 
585395 
585396 
585397 
585398 
585399 
585400 
585401 
323257 
585402 
323258 
585403 
585404 
323260 
585405 
585406 
323262 
585407 
585408 
585409 
585410 
585411 
585412 
585413 
585414 
585415 
585416 
585417 
585418 
585419 
585420 
323279 
323280 
61137 
323282 
61138 
61139 
323286 
323287 
323289 
61165 
61166 
61167 
61168 
61169 
585477 
585478 
585479 
585480 
585481 
585482 
61194 
585483 
61195 
61196 
61197 
61198 
61199 
585498 
585499 
585500 
585501 
585502 
585503 
585504 
585505 
585506 
585507 
585508 
585509 
585510 
585511 
61224 
61225 
61226 
61227 
61228 
61229 
585533 
585534 
585535 
585536 
585537 
585538 
585539 
585540 
585541 
585542 
61254 
585543 
61255 
585544 
61256 
585545 
61257 
585546 
61258 
323403 
61259 
323410 
61284 
61285 
323430 
61286 
61287 
61288 
61289 
585589 
585590 
585591 
585592 
585593 
585594 
585595 
61314 
61315 
61316 
61317 
61318 
61319 
585610 
585611 
585612 
585613 
585614 
323470 
585615 
585616 
585617 
585618 
585619 
585621 
585622 
585623 
585624 
585625 
585626 
585627 
585628 
585629 
585630 
585631 
585632 
61344 
585633 
61345 
585634 
61346 
585635 
61347 
585636 
61348 
585637 
61349 
585638 
585639 
585640 
585641 
585642 
585643 
585644 
585645 
585646 
585647 
585648 
585649 
585650 
585651 
585652 
585653 
585654 
585655 
585656 
585657 
585658 
585659 
585660 
585661 
585662 
585663 
61375 
585664 
61376 
585665 
61377 
61378 
61379 
323525 
323529 
323545 
323547 
323549 
61406 
323551 
61407 
61408 
323553 
61409 
323555 
323557 
323558 
323561 
323564 
323565 
323568 
323570 
323571 
323572 
323573 
323574 
323575 
323576 
323577 
323578 
323579 
323580 
323581 
323582 
323583 
323584 
323585 
323586 
323588 
323590 
323592 
323593 
323596 
323598 
323599 
323600 
323603 
323605 
323606 
585751 
585752 
585753 
585754 
585755 
585756 
585758 
585759 
585760 
585761 
585762 
585764 
585765 
323621 
585766 
585767 
323623 
585768 
585769 
323625 
585770 
585771 
323627 
585772 
323628 
585773 
585774 
323630 
585775 
585776 
323632 
585777 
585778 
323634 
585779 
585780 
585781 
585782 
585783 
585784 
585785 
585786 
323642 
585787 
585788 
585789 
323645 
585790 
585791 
323647 
323648 
323649 
323652 
323654 
323655 
323658 
323662 
323670 
323671 
323672 
323673 
323675 
323676 
323687 
323689 
323699 
323700 
323702 
585848 
585849 
585850 
585851 
585852 
585853 
585854 
323719 
323720 
323721 
323722 
323723 
323724 
585869 
323725 
585870 
585871 
585872 
323728 
585873 
585874 
585875 
585876 
585877 
585878 
585879 
585880 
585881 
585882 
323740 
323741 
323742 
323743 
323744 
323745 
323746 
585904 
585905 
585906 
585907 
585908 
585909 
585910 
585911 
585912 
585913 
585914 
585915 
585916 
585917 
323782 
323784 
323786 
323788 
323789 
323791 
323793 
323795 
323796 
323799 
323801 
323802 
585960 
585961 
585962 
585963 
585964 
585965 
61677 
585966 
61678 
61679 
585981 
585982 
323838 
585984 
323840 
585985 
585986 
323842 
585987 
585988 
323844 
585989 
585990 
585992 
61705 
585994 
61706 
585995 
323851 
61707 
585996 
323852 
61708 
585997 
323853 
61709 
585998 
323854 
585999 
323855 
586000 
323856 
586001 
323857 
586002 
323858 
586003 
586004 
586005 
586006 
586007 
586008 
586009 
586010 
586011 
323867 
586012 
586013 
323869 
586014 
586015 
323871 
586016 
586017 
586018 
586019 
586020 
586021 
586022 
61734 
586023 
61735 
586024 
323880 
61736 
586025 
323881 
61737 
586026 
323882 
61738 
586027 
323883 
61739 
586028 
323884 
586029 
323885 
586030 
323886 
586031 
586032 
586033 
586034 
586035 
586036 
323895 
323896 
323898 
323904 
61764 
61765 
61766 
61767 
61768 
61769 
323936 
61794 
61795 
323940 
61796 
61797 
61798 
323943 
61799 
323945 
323947 
323949 
323953 
323956 
61824 
61825 
61826 
61827 
323972 
61828 
61829 
323975 
323976 
586122 
586123 
586124 
586126 
586127 
586129 
323985 
586130 
586131 
586132 
586133 
323989 
586135 
586136 
323992 
586137 
586138 
586139 
586140 
586141 
586142 
323998 
61854 
586143 
61855 
586144 
61856 
586145 
61857 
586146 
61858 
586147 
61859 
586148 
586149 
586150 
586151 
586152 
586153 
586154 
586155 
586156 
586157 
586158 
586159 
586160 
586161 
586162 
61884 
61885 
61886 
61887 
61888 
61889 
324034 
324035 
324036 
324037 
324039 
324040 
324056 
324057 
324059 
61915 
61916 
61917 
61918 
324063 
61919 
324064 
324065 
324066 
324067 
586219 
586220 
586221 
586222 
586223 
586224 
586225 
61946 
61947 
61948 
61949 
586240 
586241 
586242 
586243 
586244 
586245 
586246 
586247 
586248 
586249 
586250 
324106 
586251 
586252 
324108 
586253 
586275 
586276 
586277 
586278 
586279 
586280 
586281 
586282 
586283 
586284 
324140 
586285 
586286 
324142 
586287 
586288 
324144 
324161 
324162 
324164 
324168 
324169 
324171 
586331 
586332 
586333 
586334 
586335 
586336 
586337 
586352 
586353 
586355 
586356 
586357 
586359 
586360 
586361 
586362 
586363 
586365 
586366 
586367 
586368 
586369 
586370 
586371 
586372 
586373 
586374 
586375 
586376 
586377 
586378 
586379 
586380 
586381 
586382 
586383 
586384 
586385 
586386 
586387 
586388 
586389 
586390 
586391 
586392 
586393 
586394 
586395 
586396 
586397 
586398 
586399 
586400 
586401 
586402 
586403 
586404 
586405 
586406 
586407 
586493 
586494 
586495 
586497 
586498 
586500 
586501 
586502 
586503 
586504 
62217 
586506 
62218 
586507 
586508 
586509 
586510 
586511 
586512 
586513 
586514 
586515 
586516 
586517 
586518 
586519 
586520 
586521 
586522 
586523 
586524 
586525 
586526 
586527 
586528 
586529 
586530 
586531 
586532 
586533 
62245 
62246 
62247 
62248 
62249 
324407 
324411 
62274 
62275 
62276 
62277 
62278 
62279 
324429 
324431 
324433 
324435 
324437 
324439 
324440 
586590 
324446 
586591 
324447 
586592 
62304 
586593 
62305 
586594 
324450 
62306 
586595 
62307 
586596 
324452 
62308 
324453 
62309 
324454 
324455 
324456 
324457 
324458 
324459 
324460 
324461 
324462 
324463 
324464 
324465 
324466 
586611 
324467 
586612 
324468 
586613 
586614 
324470 
586615 
586616 
324472 
586617 
586618 
324474 
586619 
324475 
586620 
586621 
586622 
324478 
62334 
586623 
62335 
586624 
324480 
62336 
324481 
62337 
324482 
62338 
62339 
324485 
324487 
324488 
586646 
586647 
324503 
586648 
586649 
324505 
586650 
586651 
324507 
586652 
62364 
586653 
324509 
62365 
586654 
324510 
62366 
586655 
62367 
586656 
324512 
62368 
586657 
324513 
62369 
586658 
324514 
586659 
324516 
324524 
324527 
324529 
324530 
324531 
324532 
324534 
324536 
324537 
62394 
62395 
324540 
62396 
62397 
62398 
62399 
324544 
324553 
324555 
324557 
586702 
324558 
586703 
586704 
586705 
586706 
586707 
586708 
62424 
324569 
62425 
62426 
324571 
62427 
62428 
62429 
586723 
586724 
324581 
586726 
324582 
586727 
586728 
324584 
586730 
586731 
586732 
586733 
586734 
586736 
586737 
586738 
586739 
586740 
586741 
586742 
586743 
62455 
586744 
62456 
586745 
324601 
62457 
586746 
324602 
62458 
586747 
324603 
62459 
586748 
324604 
586749 
324605 
586750 
324606 
586751 
324607 
586752 
586753 
586754 
586755 
586756 
586757 
586758 
586759 
586760 
586761 
586762 
586763 
586764 
586765 
586766 
324622 
586767 
324623 
586768 
324624 
586769 
324625 
586770 
324626 
586771 
324627 
586772 
324628 
586773 
586774 
62486 
586775 
62487 
586776 
62488 
586777 
62489 
586778 
324664 
324666 
324667 
324668 
324669 
324670 
324671 
324673 
324675 
324677 
324678 
324681 
324683 
324684 
324713 
324715 
324717 
586863 
324719 
586864 
324720 
586865 
586866 
324722 
586868 
324724 
586869 
586870 
324726 
586871 
586872 
586873 
586874 
586875 
586877 
586878 
324734 
586879 
324735 
586880 
324736 
586881 
324737 
586882 
324738 
586883 
324739 
586884 
324740 
586885 
586886 
586887 
586888 
586889 
586890 
586891 
586892 
586893 
324749 
586894 
586895 
324751 
586896 
586897 
324753 
586898 
586899 
586900 
586901 
586902 
586903 
586904 
324762 
324763 
324764 
324765 
324766 
324767 
324768 
324777 
324778 
324780 
324782 
586961 
586962 
324818 
586963 
324819 
586964 
586965 
586966 
324822 
586967 
324823 
324825 
324831 
324835 
586982 
586983 
586984 
586985 
586986 
586987 
586988 
586989 
586990 
586991 
586992 
586993 
586994 
586995 
324854 
324867 
324871 
324872 
587017 
587018 
324874 
587019 
587020 
587021 
587022 
587023 
587024 
324880 
587025 
587026 
587027 
587028 
324884 
587029 
587030 
62757 
62758 
324916 
324917 
324918 
324919 
324921 
324922 
587073 
62785 
587074 
62786 
587075 
62787 
587076 
62788 
587077 
62789 
587078 
587079 
324938 
324939 
324941 
324944 
324945 
324946 
324947 
324948 
324949 
587094 
587095 
587097 
587098 
587099 
587101 
587102 
62814 
587103 
62815 
62816 
587105 
62817 
62818 
587107 
62819 
587108 
587109 
587110 
587111 
587112 
587113 
587114 
587115 
587116 
587117 
587118 
587119 
587120 
587121 
587122 
587123 
587124 
587125 
587126 
587127 
587128 
587129 
324985 
587130 
587131 
587132 
62844 
587133 
62845 
587134 
62846 
587135 
62847 
587136 
62848 
587137 
62849 
587138 
324994 
587139 
587140 
587141 
587142 
587143 
587144 
587145 
587146 
587147 
587148 
587149 
62874 
62875 
62876 
62877 
325022 
62878 
62879 
325024 
325026 
325043 
325044 
325046 
62903 
62904 
62905 
325050 
62906 
325051 
62907 
62908 
325053 
62909 
62934 
62935 
62936 
62937 
62938 
62939 
587235 
587236 
587237 
587239 
587240 
587242 
587243 
587244 
587245 
587246 
587247 
587248 
587249 
587250 
587251 
587252 
62964 
587253 
62965 
587254 
62966 
587255 
62967 
587256 
62968 
587257 
62969 
587258 
587259 
587260 
587261 
587262 
587263 
587264 
587265 
587266 
587267 
587268 
587269 
587270 
587271 
587272 
587273 
587274 
587275 
62995 
62996 
62997 
62998 
62999 
63026 
63027 
63028 
63029 
587332 
587333 
587334 
587335 
587336 
587337 
587338 
325206 
587353 
587354 
587355 
587356 
587357 
587358 
587359 
587360 
587361 
587362 
587363 
587364 
587365 
587366 
587388 
587389 
587390 
587391 
587392 
587393 
587394 
587395 
587396 
587397 
587398 
587399 
587400 
587401 
325287 
325289 
325293 
587444 
587445 
587446 
587447 
587448 
325304 
587449 
587450 
325311 
325313 
325315 
325317 
325318 
325319 
587465 
325321 
587466 
325322 
587468 
587469 
325325 
587470 
587471 
325327 
587472 
325328 
587473 
325329 
587474 
587476 
325332 
587478 
325334 
587479 
325335 
587480 
325336 
587481 
325337 
587482 
325338 
587483 
325339 
587484 
325340 
587485 
325341 
587486 
325342 
587487 
325343 
587488 
325344 
587489 
325345 
587490 
325346 
587491 
325347 
587492 
325348 
587493 
325349 
587494 
325350 
587495 
587496 
325352 
587497 
587498 
325354 
587499 
587500 
325356 
587501 
325357 
587502 
587503 
587504 
325360 
587505 
587506 
325362 
587507 
325363 
587508 
325364 
587509 
587510 
587511 
325367 
587512 
587513 
325369 
587514 
325370 
587515 
587516 
587517 
587518 
587519 
587520 
325385 
325387 
325388 
325389 
325391 
325392 
325394 
325395 
325396 
325398 
325406 
325407 
325409 
325411 
325412 
325413 
325414 
325416 
325418 
325419 
325422 
325426 
325435 
325437 
325439 
63297 
63298 
325451 
325453 
587605 
587606 
587607 
325463 
587608 
325464 
587609 
587610 
325466 
587611 
587613 
63325 
587614 
63326 
587615 
63327 
587616 
63328 
587617 
63329 
587619 
587620 
587621 
587622 
587623 
587624 
587625 
587626 
587627 
325483 
587628 
325484 
587629 
325485 
587630 
325486 
587631 
325487 
587632 
325488 
587633 
325489 
587634 
587635 
587636 
325492 
587637 
587638 
587639 
587640 
587641 
587642 
63354 
587643 
63355 
587644 
63356 
587645 
63357 
587646 
63358 
63359 
325504 
325505 
325506 
325507 
325508 
325509 
325510 
63384 
63385 
63386 
63387 
63388 
63389 
325546 
325548 
325550 
325552 
325553 
325555 
325557 
63414 
587703 
325559 
63415 
587704 
325560 
63416 
587705 
63417 
587706 
63418 
587707 
325563 
63419 
587708 
587709 
325565 
325566 
587724 
587725 
587726 
587727 
587728 
587729 
587730 
587731 
63443 
587732 
63444 
587733 
63445 
587734 
63446 
587735 
63447 
587736 
63448 
587737 
63449 
325602 
325604 
325606 
325608 
587759 
325615 
587760 
325616 
587761 
325617 
587762 
325618 
63474 
587763 
325619 
63475 
587764 
325620 
63476 
587765 
325621 
63477 
587766 
325622 
63478 
587767 
63479 
587768 
587769 
587770 
587771 
587772 
325631 
325633 
325635 
325644 
325645 
325646 
325647 
325648 
63504 
325649 
63505 
325650 
63506 
63507 
63508 
63509 
325659 
325660 
325662 
587815 
587816 
587817 
587818 
587819 
587820 
587821 
63535 
63536 
63537 
63538 
63539 
587836 
587837 
587839 
587840 
587841 
587843 
587844 
325700 
587845 
587846 
587847 
325704 
587849 
587850 
325706 
587851 
325707 
587852 
587853 
325709 
587854 
63566 
587855 
63567 
587856 
325712 
63568 
587857 
325713 
63569 
587858 
587859 
587860 
587861 
325717 
587862 
587863 
587864 
587865 
587866 
587867 
587868 
587869 
587870 
587871 
587872 
587873 
587874 
587875 
587876 
587877 
587878 
587879 
587880 
325736 
587881 
587882 
587883 
587884 
587885 
587886 
587887 
587888 
587889 
587890 
587891 
325749 
325750 
325753 
325756 
325762 
325766 
325785 
325799 
325800 
325801 
325803 
325804 
325820 
325821 
325823 
325826 
325827 
325828 
325829 
325830 
325831 
587976 
325832 
587977 
587978 
587979 
587981 
587982 
587984 
587985 
587986 
325842 
587987 
587988 
587990 
587991 
587992 
587993 
587994 
587995 
587996 
587997 
587998 
587999 
588000 
588001 
588002 
588003 
588004 
588005 
588006 
588007 
588008 
588009 
588010 
588011 
588012 
588013 
588014 
588015 
588016 
588017 
325904 
325906 
325908 
325925 
325926 
325928 
588074 
588075 
588076 
325932 
588077 
325933 
588078 
588079 
325935 
588080 
588095 
588096 
588097 
588098 
588099 
588100 
588101 
588102 
588103 
588104 
588105 
588106 
588107 
588108 
63836 
63837 
63838 
588130 
588131 
588132 
588133 
588134 
588135 
588136 
588137 
588138 
588139 
588140 
588141 
588142 
588143 
63865 
63866 
63867 
63868 
63869 
63894 
63895 
63896 
63897 
588186 
63898 
588187 
63899 
588188 
588189 
588190 
588191 
588192 
588207 
588208 
588210 
588211 
588212 
63924 
63925 
588214 
63926 
588215 
63927 
588216 
63928 
63929 
588218 
588220 
588221 
588222 
588223 
588224 
588225 
588226 
588227 
588228 
588229 
588230 
588231 
588232 
588233 
588234 
588235 
588236 
588237 
588238 
326094 
588239 
588240 
588241 
588242 
63954 
588243 
63955 
588244 
63956 
588245 
63957 
588246 
63958 
588247 
63959 
588248 
588249 
588250 
588251 
588252 
588253 
326109 
588254 
588255 
588256 
588257 
588258 
588259 
588260 
588261 
588262 
63983 
63984 
63985 
63986 
63987 
63988 
63989 
64014 
64015 
64016 
64017 
64018 
64019 
326164 
326171 
326172 
326175 
326186 
64044 
64045 
64046 
326191 
64047 
64048 
326193 
64049 
326195 
326197 
326199 
326201 
326203 
588348 
326204 
588349 
588350 
588351 
326207 
588352 
588353 
326209 
326210 
588355 
326211 
588356 
588357 
588358 
326214 
588359 
326216 
588361 
326217 
588362 
326218 
588363 
326219 
64075 
588364 
326220 
64076 
588365 
326221 
64077 
588366 
326222 
64078 
588367 
326223 
64079 
588368 
326224 
588369 
326225 
588370 
326226 
588371 
326227 
588372 
326228 
588373 
326229 
588374 
326230 
588375 
326231 
588376 
326232 
588377 
588378 
326234 
588379 
588380 
326236 
588381 
588382 
326238 
588383 
326239 
588384 
588385 
588386 
326242 
588387 
588388 
326244 
326245 
326246 
326249 
64106 
326251 
64107 
326252 
64108 
64109 
326267 
326269 
326270 
326271 
326273 
326274 
326276 
326278 
326280 
326288 
326291 
326293 
326294 
326295 
326298 
326300 
588445 
326301 
588446 
588447 
588448 
326304 
588449 
588450 
588451 
326308 
326317 
326319 
326321 
588466 
588467 
588468 
588469 
588470 
588471 
588472 
588473 
588474 
588475 
588476 
588477 
326333 
588478 
588479 
326335 
326345 
326346 
326348 
588501 
588502 
588503 
588504 
588505 
588506 
588507 
588508 
588509 
326365 
588510 
326366 
588511 
326367 
588512 
326368 
588513 
326369 
588514 
326370 
326371 
326386 
326387 
326388 
326389 
326390 
326391 
326392 
326398 
588557 
588558 
588559 
588560 
588561 
588562 
588563 
326428 
326430 
326432 
588578 
326434 
588579 
326435 
588581 
326437 
588582 
588583 
326439 
588584 
588585 
326441 
588586 
326442 
588587 
588589 
326445 
588591 
326447 
588592 
326448 
588593 
588594 
588595 
588596 
588597 
588598 
588599 
588600 
588601 
588602 
588603 
588604 
588605 
588606 
588607 
588608 
588609 
588610 
588611 
588612 
588613 
588614 
588615 
588616 
588617 
588618 
588619 
588620 
588621 
326477 
588622 
588623 
588624 
588625 
326481 
588626 
588627 
588628 
326484 
588629 
588630 
326486 
588631 
588632 
326488 
588633 
326490 
326498 
326499 
326500 
326501 
326502 
326503 
326504 
326513 
326515 
326517 
64377 
64378 
326526 
326527 
326528 
326529 
326530 
326531 
326532 
326541 
326542 
326544 
64405 
64406 
64407 
64408 
64409 
588718 
588719 
588720 
588721 
588722 
64434 
588723 
64435 
588724 
64436 
64437 
588726 
326582 
64438 
588727 
64439 
588728 
588729 
588730 
326586 
588732 
588733 
326589 
588734 
588735 
326591 
588736 
588737 
326593 
588738 
588739 
326595 
588740 
588741 
588742 
588743 
326599 
588744 
588745 
588746 
588747 
588748 
588749 
588750 
588751 
588752 
64464 
588753 
64465 
588754 
64466 
588755 
64467 
588756 
64468 
588757 
64469 
588758 
588759 
326618 
326619 
326631 
326635 
326636 
326638 
64494 
64495 
64496 
64497 
64498 
64499 
326644 
64524 
64525 
64526 
64527 
588816 
64528 
588817 
64529 
588818 
588819 
588820 
588821 
588822 
326680 
326681 
326682 
326683 
326684 
326685 
326686 
588837 
588838 
588839 
326695 
588840 
588841 
588842 
64554 
588843 
326699 
64555 
588844 
64556 
588845 
64557 
588846 
326702 
64558 
588847 
326703 
64559 
588848 
588849 
326705 
588850 
326708 
326709 
326710 
326711 
326712 
326713 
326714 
326726 
588872 
64584 
588873 
64585 
588874 
64586 
588875 
64587 
588876 
64588 
588877 
64589 
588878 
588879 
588880 
588881 
588882 
588883 
588884 
326740 
588885 
64615 
64616 
64617 
64618 
64619 
326768 
588928 
588929 
588930 
326786 
588931 
588932 
326788 
588933 
588934 
326790 
64646 
64647 
64648 
64649 
588949 
588950 
326807 
588952 
326808 
588953 
326809 
588954 
326810 
326811 
588956 
588957 
588958 
326814 
326815 
588960 
326817 
588962 
588963 
588964 
588965 
588966 
588967 
588968 
588969 
588970 
588971 
588972 
588973 
588974 
588975 
588976 
588977 
588978 
588979 
588980 
588981 
588982 
588983 
588984 
588985 
588986 
588987 
588988 
588989 
588990 
588991 
588992 
588993 
588994 
588995 
588996 
588997 
588998 
588999 
589000 
589001 
589002 
589003 
589004 
589089 
589090 
589091 
589092 
589094 
589095 
589096 
589097 
589098 
589099 
589100 
589101 
589103 
589104 
589105 
589106 
589107 
589108 
589109 
589110 
589111 
589112 
589113 
326969 
589114 
589115 
589116 
589117 
326973 
589118 
589119 
589120 
326976 
589121 
589122 
589123 
589124 
589125 
589126 
589127 
589128 
589129 
589130 
589187 
589188 
589189 
589190 
589191 
589192 
589193 
327053 
327057 
64917 
64918 
589208 
589209 
589210 
589211 
589212 
589213 
589214 
589215 
589216 
589217 
327073 
589218 
589219 
327075 
589220 
589221 
327077 
327079 
327081 
327083 
327085 
327086 
64945 
64946 
64947 
327092 
64948 
327093 
64949 
327094 
327096 
327098 
589243 
327099 
589244 
327100 
589245 
327101 
589246 
327102 
589247 
327103 
589248 
327104 
589249 
327105 
589250 
327106 
589251 
327107 
589252 
327108 
589253 
327109 
589254 
327110 
589255 
327111 
589256 
327112 
327113 
327114 
327116 
327118 
64974 
64975 
327120 
64976 
327121 
64977 
64978 
64979 
327124 
327126 
327127 
327128 
327130 
327131 
327133 
327134 
65004 
327149 
65005 
65006 
327151 
65007 
65008 
327153 
65009 
589299 
327155 
589300 
327156 
589301 
589302 
327158 
589303 
589304 
327160 
589305 
327162 
327170 
327173 
327175 
589320 
327176 
589321 
327177 
589322 
65034 
589323 
65035 
589324 
327180 
65036 
589325 
65037 
589326 
327182 
65038 
589327 
327183 
65039 
589328 
589329 
589330 
327186 
589331 
589332 
589333 
589334 
327190 
589335 
589336 
589337 
589338 
589339 
589340 
589341 
589342 
589343 
327199 
589344 
589345 
327201 
589346 
589347 
327203 
589348 
589349 
589350 
589351 
589352 
65064 
589353 
65065 
589354 
65066 
589355 
65067 
589356 
65068 
589357 
65069 
589358 
589359 
327215 
589360 
589361 
327217 
589362 
589363 
589364 
589365 
589366 
589367 
589368 
589369 
589370 
589371 
327227 
589372 
327228 
589373 
589374 
327230 
589375 
65094 
65095 
65096 
65097 
65098 
65099 
327247 
327248 
327249 
327250 
327251 
327252 
327253 
327268 
65124 
327269 
65125 
327270 
65126 
327271 
65127 
327272 
65128 
327273 
65129 
327274 
65155 
65156 
65157 
65158 
65159 
327310 
327312 
327314 
327316 
589461 
327317 
589462 
589463 
327319 
589465 
327321 
589466 
327323 
589468 
327324 
589469 
589470 
589471 
327327 
589472 
327329 
589474 
327330 
65186 
589475 
65187 
589476 
65188 
589477 
65189 
589478 
589479 
589480 
589481 
589482 
589483 
589484 
589485 
589486 
589487 
589488 
589489 
589490 
589491 
589492 
589493 
589494 
589495 
589496 
589497 
589498 
589499 
589500 
589501 
327359 
327366 
327367 
327368 
327370 
327372 
327373 
327379 
327380 
327381 
327382 
327383 
327384 
327385 
327386 
327395 
327397 
327399 
327408 
327409 
327410 
327411 
327412 
327413 
589558 
327414 
589559 
589560 
589561 
589562 
589563 
589564 
327423 
327424 
327426 
327428 
589579 
589580 
589581 
589582 
589583 
589584 
589585 
589586 
589587 
589588 
589589 
589590 
589591 
589592 
327464 
327465 
327468 
589614 
589615 
327471 
589616 
589617 
327473 
589618 
589619 
589620 
589621 
327477 
589622 
589623 
589624 
589625 
327481 
589626 
589627 
327500 
327513 
327517 
327520 
589670 
327526 
589671 
589672 
589673 
589674 
589675 
589676 
589691 
589692 
589693 
589694 
589695 
589696 
589698 
589699 
589700 
589702 
589704 
589705 
589706 
589707 
327563 
589708 
327564 
589709 
327565 
589710 
589711 
327567 
589712 
327568 
589713 
589714 
589715 
589716 
589717 
589718 
589719 
589720 
589721 
589722 
589723 
589724 
589725 
589726 
589727 
589728 
327584 
589729 
327585 
589730 
589731 
327587 
589732 
589733 
327589 
589734 
589735 
327591 
589736 
327592 
589737 
327593 
589738 
327594 
589739 
327595 
589740 
327596 
589741 
589742 
589743 
589744 
589745 
65457 
589746 
65458 
327616 
65485 
65486 
65487 
65488 
65489 
327650 
65514 
65515 
65516 
65517 
65518 
65519 
327668 
327670 
327672 
589832 
65544 
589833 
327689 
65545 
589834 
327690 
65546 
65547 
589836 
327692 
65548 
589837 
65549 
589838 
589839 
589840 
327696 
589841 
327697 
589842 
589843 
327699 
589844 
589845 
589846 
589847 
589848 
589849 
589850 
589851 
589852 
589853 
589854 
589855 
589856 
589857 
589858 
589859 
589860 
589861 
589862 
65574 
589863 
65575 
589864 
65576 
589865 
65577 
589866 
65578 
589867 
65579 
589868 
589869 
589870 
589871 
589872 
65603 
65604 
65605 
65606 
65607 
65608 
65609 
65634 
65635 
65636 
65637 
65638 
65639 
589929 
589930 
589931 
589932 
589933 
589934 
589935 
589950 
589951 
589952 
65664 
589953 
65665 
589954 
65666 
589955 
65667 
589956 
65668 
589957 
65669 
589958 
589959 
589960 
589961 
589962 
589963 
65695 
65696 
589985 
65697 
589986 
65698 
589987 
65699 
589988 
589989 
589990 
589991 
589992 
589993 
589994 
589995 
589996 
589997 
589998 
65726 
65727 
65728 
65729 
590041 
590042 
590043 
590044 
590045 
590046 
590047 
590062 
590063 
590065 
590066 
590067 
590069 
590070 
590071 
590073 
590075 
590076 
590077 
327933 
590078 
590079 
327935 
590080 
590081 
590082 
590083 
327939 
590084 
590085 
590086 
590087 
590088 
590089 
590090 
590091 
590092 
590093 
590094 
590095 
590096 
590097 
590098 
590099 
590100 
590101 
327957 
590102 
590103 
327959 
590104 
590105 
327961 
590106 
590107 
327963 
590108 
590109 
327965 
590110 
590111 
327967 
590112 
327968 
590113 
590114 
590115 
327971 
590116 
590117 
327974 
327975 
327978 
327980 
327981 
327982 
327983 
327984 
327985 
327986 
327987 
327988 
327989 
327990 
327991 
327992 
327993 
327994 
327995 
327996 
327998 
328000 
328002 
328003 
328006 
328008 
328009 
328010 
328013 
328015 
328016 
328031 
328033 
328035 
328037 
328038 
328040 
328041 
328042 
328044 
328052 
328055 
328057 
328058 
590203 
328059 
590204 
328060 
590205 
328062 
590207 
590208 
328064 
328065 
590210 
590211 
590212 
328068 
590213 
590214 
590216 
328072 
590217 
590218 
590219 
590220 
590221 
590222 
590223 
590224 
328080 
590225 
328081 
590226 
328082 
590227 
328083 
590228 
328084 
590229 
328085 
590230 
328086 
590231 
590232 
590233 
590234 
590235 
590236 
590237 
590238 
590239 
590240 
590241 
328097 
590242 
590243 
328099 
328109 
328110 
328112 
328129 
328130 
328131 
328132 
328133 
328134 
328135 
65997 
65998 
328150 
328151 
328152 
328153 
328154 
328155 
590300 
328156 
590301 
590302 
590303 
590304 
328160 
590305 
590306 
66025 
66026 
66027 
66028 
66029 
590321 
590322 
590323 
590324 
590325 
590326 
590327 
590328 
590329 
590330 
590331 
590332 
590333 
590334 
328192 
328194 
328196 
328198 
66054 
328199 
66055 
66056 
328201 
66057 
66058 
328203 
66059 
328205 
328206 
328209 
328211 
590356 
328212 
590357 
590358 
590359 
590360 
590361 
590362 
590363 
590364 
590365 
590366 
590367 
590368 
590369 
66084 
66085 
66086 
66087 
66088 
66089 
328248 
328250 
328252 
328254 
328255 
66114 
66115 
328260 
66116 
66117 
328262 
66118 
328263 
66119 
328264 
328265 
328266 
328267 
590412 
328268 
590413 
590414 
590415 
590416 
590417 
590418 
328277 
328279 
328280 
328281 
66143 
66144 
590433 
66145 
590434 
328290 
66146 
590435 
328291 
66147 
590436 
328292 
66148 
590437 
328293 
66149 
590438 
328294 
328295 
590440 
328296 
590441 
590442 
590444 
590446 
590447 
590448 
590449 
328305 
590450 
328306 
590451 
328307 
590452 
328308 
590453 
590454 
328310 
590455 
590456 
590457 
328313 
590458 
328314 
590459 
590460 
590461 
590462 
66174 
590463 
66175 
590464 
66176 
590465 
66177 
590466 
66178 
590467 
66179 
590468 
590469 
590470 
590471 
590472 
590473 
590474 
590475 
590476 
590477 
590478 
590479 
590480 
590481 
590482 
590483 
590484 
590485 
590486 
590487 
590488 
328346 
328347 
66204 
66205 
328350 
66206 
66207 
66208 
328353 
66209 
328355 
328359 
328362 
328363 
66235 
66236 
66237 
328382 
66238 
66239 
328395 
328399 
328400 
328402 
328408 
66266 
66267 
66268 
66269 
590574 
590575 
590576 
590578 
590579 
590581 
590582 
590583 
590584 
590585 
590587 
590588 
590589 
328445 
590590 
328446 
590591 
328447 
590592 
590593 
328449 
590594 
328450 
590595 
590596 
590597 
590598 
590599 
590600 
590601 
590602 
590603 
590604 
590605 
590606 
590607 
590608 
590609 
590610 
328466 
590611 
328467 
590612 
590613 
328469 
590614 
328472 
328473 
328474 
328475 
328476 
328477 
328478 
590671 
590672 
590673 
590674 
590675 
590676 
590677 
328541 
590692 
328548 
590693 
590694 
328550 
590695 
590696 
328552 
590697 
590698 
328554 
590699 
590700 
590701 
590702 
590703 
590704 
590705 
328571 
328572 
328573 
328574 
328575 
328578 
328579 
328581 
590727 
590728 
590729 
590730 
590731 
590732 
590733 
590734 
590735 
590736 
590737 
590738 
590739 
590740 
590783 
590784 
590785 
590786 
590787 
590788 
590789 
590804 
590805 
590807 
590808 
590809 
590811 
590812 
590813 
590815 
590817 
590818 
590819 
590820 
590821 
590822 
590823 
590824 
590825 
66537 
590826 
66538 
590827 
590828 
590829 
590830 
590831 
590832 
590833 
590834 
590835 
590836 
590837 
590838 
590839 
590840 
590841 
590842 
590843 
590844 
590845 
590846 
328702 
590847 
590848 
590849 
590850 
590851 
590852 
590853 
66565 
590854 
66566 
590855 
66567 
590856 
66568 
590857 
66569 
590858 
590859 
66594 
66595 
66596 
66597 
66598 
66599 
66624 
66625 
66626 
66627 
66628 
66629 
66654 
66655 
66656 
590945 
66657 
590946 
66658 
590947 
66659 
590949 
590950 
590952 
590953 
590954 
590955 
590956 
590958 
590959 
590960 
590961 
328817 
590962 
590963 
590964 
590965 
328821 
590966 
590967 
590968 
590969 
590970 
590971 
66683 
590972 
66684 
590973 
66685 
590974 
66686 
590975 
66687 
590976 
66688 
590977 
66689 
590978 
590979 
590980 
590981 
328837 
590982 
590983 
328839 
590984 
590985 
328841 
328843 
328845 
328847 
328849 
328850 
328856 
328857 
66714 
66715 
328860 
66716 
66717 
328862 
66718 
328863 
66719 
328864 
328865 
328866 
328867 
328868 
328869 
328870 
328871 
328872 
328873 
328874 
328875 
328876 
328877 
328878 
328880 
328882 
328884 
328885 
328886 
328888 
66744 
66745 
328890 
66746 
328891 
66747 
328892 
66748 
66749 
328895 
328897 
591042 
328898 
591043 
591044 
591045 
591046 
591047 
591048 
328913 
328915 
328917 
591063 
328919 
66775 
591064 
328920 
66776 
591065 
66777 
591066 
328922 
66778 
591067 
328923 
66779 
591068 
328924 
591069 
591070 
328926 
591071 
591072 
591073 
591074 
591075 
591076 
328934 
328937 
328939 
328940 
328941 
328942 
328944 
328946 
328947 
328950 
66806 
66807 
66808 
66809 
591098 
328954 
591099 
591100 
591101 
591102 
591103 
591104 
591105 
591106 
591107 
328963 
591108 
591109 
328965 
591110 
591111 
328967 
328979 
328981 
328991 
328992 
328993 
328994 
591154 
591155 
329011 
591156 
329012 
591157 
329013 
591158 
329014 
591159 
329015 
591160 
329016 
329017 
329018 
329020 
329022 
329024 
591175 
591176 
329032 
591177 
329033 
591178 
329034 
591179 
329035 
591180 
329036 
591181 
329037 
591182 
329038 
591183 
329039 
591184 
591186 
329042 
591188 
329044 
591189 
329045 
591190 
591191 
591192 
591193 
591194 
591195 
591196 
591197 
591198 
591199 
591200 
591201 
591202 
591203 
591204 
591205 
591206 
591207 
591208 
591209 
591210 
591211 
591212 
591213 
591214 
591215 
591216 
591217 
591218 
329074 
591219 
591220 
329076 
591221 
591222 
329078 
591223 
591224 
329080 
591225 
329081 
591226 
591227 
329083 
591228 
591229 
329085 
591230 
329087 
329088 
329091 
329093 
329094 
329130 
329132 
329134 
329136 
329144 
329145 
329146 
329147 
329148 
329149 
329150 
329159 
329161 
329162 
329163 
591315 
591316 
329172 
591317 
329173 
591318 
329174 
329175 
591320 
329176 
591321 
329177 
329178 
591323 
591324 
591325 
591326 
591327 
591329 
591330 
591331 
329187 
591332 
329188 
591333 
591334 
329190 
591335 
591336 
591337 
591338 
591339 
591340 
329196 
591341 
591342 
591343 
591344 
591345 
591346 
591347 
591348 
591349 
591350 
591351 
591352 
591353 
591354 
591355 
591356 
67077 
67078 
329228 
329229 
329232 
329235 
329241 
329245 
67105 
67106 
67107 
67108 
67109 
329264 
329268 
591413 
591414 
591415 
591416 
591417 
591418 
591419 
329277 
67134 
67135 
67136 
329281 
67137 
67138 
67139 
329284 
591434 
329290 
591435 
591436 
591437 
591438 
329294 
591439 
591440 
591441 
591442 
591443 
591444 
591445 
591446 
591447 
67164 
67165 
67166 
67167 
67168 
329313 
67169 
591469 
591470 
591471 
329327 
591472 
329328 
591473 
329329 
591474 
591475 
329331 
591476 
329332 
591477 
591478 
591479 
591480 
591481 
591482 
67194 
67195 
67196 
67197 
67198 
67199 
329348 
329349 
329351 
329355 
329356 
329357 
329358 
329359 
67223 
67224 
67225 
67226 
67227 
67228 
67229 
591525 
591526 
591527 
591528 
591529 
591530 
329386 
591531 
67254 
67255 
67256 
67257 
591546 
67258 
591547 
67259 
591549 
591550 
591551 
591553 
591554 
591555 
591556 
591557 
591558 
591559 
591560 
591561 
591562 
591563 
591564 
591565 
591566 
591567 
591568 
591569 
591570 
591571 
591572 
67284 
591573 
67285 
591574 
67286 
591575 
329431 
67287 
591576 
329432 
67288 
591577 
67289 
591578 
329434 
591579 
591580 
329436 
591581 
591582 
591583 
591584 
591585 
591586 
591587 
591588 
591589 
591590 
591591 
591592 
591593 
591594 
591595 
591596 
591597 
329453 
591598 
329454 
591599 
329455 
591600 
329456 
591601 
67315 
329460 
67316 
329461 
67317 
67318 
329463 
67319 
67346 
67347 
67348 
67349 
591687 
591688 
591689 
591691 
591692 
591693 
591694 
591695 
591696 
591697 
591698 
591699 
591700 
591701 
591702 
591703 
591704 
591705 
591706 
591707 
591708 
591709 
591710 
591711 
591712 
591713 
591714 
591715 
591716 
591717 
591718 
591719 
591720 
591721 
591722 
591723 
591724 
591725 
591726 
591727 
329623 
591784 
591785 
591786 
591787 
591788 
591789 
591790 
591805 
591806 
591807 
591808 
591809 
591810 
591811 
591812 
591813 
591814 
591815 
591816 
591817 
591818 
591840 
591841 
591842 
591843 
329699 
591844 
591845 
591846 
591847 
329703 
591848 
591849 
591850 
591851 
591852 
591853 
329721 
329723 
329725 
329727 
329729 
329731 
329732 
329738 
329739 
329742 
329744 
329745 
329746 
329747 
329748 
329749 
329750 
329751 
591896 
329752 
591897 
329753 
591898 
329754 
591899 
329755 
591900 
329756 
591901 
329757 
591902 
329758 
329759 
329760 
67617 
329762 
67618 
67619 
329764 
329766 
329767 
329770 
329772 
591917 
329773 
591918 
329774 
591920 
591921 
329777 
591922 
329779 
591924 
329780 
591925 
591926 
591928 
591930 
591931 
591932 
591933 
67645 
591934 
67646 
591935 
67647 
591936 
67648 
591937 
67649 
591938 
591939 
329795 
591940 
591941 
329797 
591942 
329798 
591943 
329799 
591944 
591945 
329801 
591946 
329802 
591947 
591948 
329804 
591949 
329805 
591950 
329806 
591951 
591952 
329808 
591953 
591954 
591955 
591956 
591957 
591958 
591959 
591960 
329816 
591961 
329817 
591962 
67674 
591963 
329819 
67675 
591964 
67676 
591965 
329821 
67677 
591966 
329822 
67678 
591967 
329823 
67679 
591968 
329824 
591969 
591970 
329826 
591971 
591972 
329828 
329829 
329832 
329836 
329845 
329846 
329847 
67704 
329849 
67705 
329850 
67706 
67707 
67708 
67709 
329861 
329863 
329873 
329874 
329876 
67734 
67735 
67736 
67737 
67738 
67739 
329893 
329894 
329895 
329896 
329897 
329898 
329899 
329902 
329906 
67763 
67764 
67765 
67766 
67767 
67768 
67769 
592058 
329914 
592059 
329915 
592060 
329916 
592061 
329917 
592062 
329918 
592063 
329919 
329920 
592065 
592066 
592067 
592068 
592069 
592071 
592072 
592073 
592074 
592075 
592076 
592077 
592078 
592079 
592080 
592081 
592082 
67794 
592083 
67795 
592084 
67796 
592085 
67797 
592086 
67798 
592087 
67799 
592088 
592089 
592090 
592091 
592092 
592093 
592094 
592095 
592096 
592097 
592098 
329956 
329958 
329960 
329962 
329963 
329965 
329967 
67824 
329969 
67825 
329970 
67826 
67827 
67828 
329973 
67829 
329975 
329976 
67855 
67856 
67857 
67858 
67859 
592155 
592156 
330012 
592157 
592158 
330014 
592159 
592160 
330016 
592161 
330018 
330025 
330026 
330027 
330028 
330029 
330030 
67886 
330031 
67887 
592176 
330032 
67888 
592177 
67889 
592178 
592179 
592180 
592181 
592182 
592183 
592184 
330040 
592185 
330041 
592186 
330042 
592187 
330043 
592188 
330044 
592189 
330045 
330054 
330055 
330056 
330057 
330058 
330059 
330060 
592211 
592212 
592213 
330069 
592214 
330070 
592215 
592216 
330072 
592217 
592218 
592219 
592220 
592221 
592222 
592223 
592224 
330110 
330114 
330117 
592267 
330123 
592268 
592269 
592270 
592271 
330127 
592272 
592273 
592288 
592289 
330146 
592291 
330147 
592292 
592293 
592295 
592296 
592297 
592299 
592301 
592302 
592303 
330159 
592304 
592305 
592306 
592307 
330163 
592308 
592309 
592310 
330166 
592311 
592312 
330168 
592313 
592314 
592315 
592316 
330172 
592317 
592318 
592319 
592320 
592321 
592322 
592323 
592324 
592325 
592326 
592327 
592328 
592329 
592330 
592331 
592332 
592333 
592334 
592335 
592336 
592337 
592338 
592339 
592340 
592341 
592342 
592343 
330209 
330210 
330211 
330213 
330214 
330223 
330230 
330231 
330233 
330237 
330238 
330239 
330240 
330241 
592429 
592430 
330286 
592431 
592433 
592434 
592436 
592437 
592438 
592439 
592440 
592442 
592443 
592444 
592445 
68157 
592446 
68158 
592447 
592448 
592449 
592450 
592451 
592452 
592453 
592454 
592455 
592456 
592457 
592458 
330314 
592459 
592460 
330316 
592461 
592462 
330318 
592463 
592464 
592465 
330321 
592466 
592467 
592468 
592469 
68185 
68186 
68187 
68188 
68189 
330335 
330336 
330338 
330342 
330343 
330345 
68214 
68215 
68216 
68217 
68218 
68219 
592526 
592527 
592528 
592529 
592530 
592531 
592532 
68244 
68245 
68246 
68247 
68248 
68249 
592547 
592548 
592549 
592550 
592551 
592552 
592553 
592554 
592555 
592556 
592557 
592558 
592559 
592560 
68274 
68275 
68276 
68277 
68278 
68279 
592582 
592583 
592584 
592585 
592586 
592587 
592588 
592589 
592590 
592591 
592592 
68304 
592593 
68305 
592594 
68306 
592595 
68307 
68308 
68309 
330463 
68334 
68335 
68336 
68337 
68338 
68339 
592638 
592639 
592640 
592641 
592642 
592643 
592644 
68364 
68365 
68366 
68367 
68368 
68369 
592659 
592660 
592661 
592662 
592663 
592664 
592665 
592666 
592667 
592668 
592669 
592670 
592671 
592672 
592673 
592674 
592675 
592676 
592677 
592678 
592679 
592680 
592681 
592682 
592683 
68395 
592684 
68396 
592685 
68397 
592686 
68398 
592687 
68399 
592688 
592689 
592690 
592691 
592692 
592693 
592694 
592695 
592696 
592697 
592698 
592699 
592700 
592701 
592702 
592703 
592704 
592705 
592706 
592707 
592708 
592709 
592710 
592711 
592712 
592713 
592714 
68426 
68427 
68428 
68429 
330581 
330585 
330603 
330605 
330607 
330609 
330611 
330613 
330614 
330617 
330620 
330621 
330624 
330626 
330627 
330628 
330629 
330630 
330631 
330632 
330633 
330634 
330635 
330636 
330637 
330638 
330639 
330640 
330641 
330642 
330644 
330646 
330648 
330649 
330652 
330654 
330655 
592800 
330656 
592801 
592802 
330659 
592804 
592805 
330661 
330662 
592807 
592808 
592809 
592810 
592811 
592813 
592814 
592815 
592816 
592817 
592818 
592819 
592820 
592821 
330677 
592822 
592823 
330679 
592824 
592825 
330681 
592826 
592827 
330683 
592828 
330684 
592829 
592830 
330686 
592831 
330687 
592832 
330688 
592833 
592834 
330690 
592835 
592836 
592837 
592838 
592839 
592840 
330698 
330701 
330703 
330704 
330705 
330706 
330708 
330710 
330711 
330714 
330718 
330727 
330729 
330731 
330743 
330745 
592897 
592898 
592899 
330755 
592900 
330756 
592901 
592902 
330758 
592903 
592918 
592919 
330775 
592920 
330776 
592921 
330777 
592922 
330778 
592923 
330779 
592924 
330780 
592925 
330781 
592926 
330782 
592927 
592928 
592929 
592930 
592931 
330788 
330796 
330797 
330798 
330799 
330800 
330801 
330802 
330803 
330808 
592953 
592954 
592955 
592956 
592957 
592958 
592959 
592960 
592961 
592962 
592963 
592964 
592965 
592966 
330838 
330840 
68697 
330842 
68698 
68699 
330844 
330845 
330847 
330849 
330851 
330852 
330855 
330857 
330858 
593009 
593010 
593011 
593012 
593013 
68725 
593014 
68726 
593015 
68727 
68728 
68729 
593030 
593031 
593033 
593034 
593035 
593037 
593038 
330894 
593039 
330896 
593041 
330898 
68754 
593043 
68755 
593044 
330900 
68756 
593045 
68757 
593046 
68758 
593047 
68759 
593048 
593049 
593050 
593051 
593052 
330908 
593053 
330909 
593054 
330910 
593055 
330911 
593056 
330912 
593057 
330913 
593058 
330914 
593059 
593060 
593061 
593062 
593063 
593064 
593065 
593066 
330922 
593067 
330923 
593068 
593069 
330925 
593070 
593071 
330927 
593072 
68784 
593073 
68785 
593074 
68786 
593075 
68787 
593076 
68788 
593077 
68789 
593078 
593079 
593080 
330936 
593081 
330937 
593082 
330938 
593083 
330939 
593084 
330940 
593085 
330941 
330942 
330951 
330952 
330954 
68814 
68815 
330960 
68816 
68817 
68818 
68819 
330979 
68843 
68844 
68845 
68846 
68847 
330992 
68848 
68849 
330996 
330999 
331002 
331004 
331005 
331007 
331009 
331011 
68874 
68875 
68876 
68877 
68878 
68879 
593171 
593172 
331028 
593173 
593175 
593176 
331032 
593177 
593178 
593179 
593180 
593181 
593182 
593184 
593185 
331041 
593186 
593187 
593188 
593189 
331045 
593190 
593191 
593192 
331048 
68904 
593193 
68905 
593194 
331050 
68906 
593195 
68907 
593196 
331052 
68908 
593197 
68909 
593198 
331054 
593199 
593200 
593201 
593202 
331058 
593203 
593204 
593205 
593206 
593207 
593208 
593209 
593210 
593211 
68935 
68936 
68937 
68938 
68939 
331091 
331092 
331093 
331095 
331096 
68966 
68967 
331112 
68968 
331113 
68969 
331115 
331118 
331119 
331120 
331121 
331122 
331123 
593268 
593269 
593270 
593271 
593272 
593273 
593274 
593289 
593290 
593291 
593292 
593293 
593294 
593295 
593296 
593297 
593298 
593299 
593300 
593301 
593302 
593324 
593325 
593326 
593327 
593328 
593329 
593330 
593331 
593332 
593333 
593334 
593335 
593336 
593337 
331196 
331198 
331200 
331217 
331218 
331220 
331224 
331225 
331227 
593380 
593381 
593382 
593383 
593384 
593385 
593386 
593401 
593402 
593404 
593405 
593406 
593408 
593409 
593410 
593411 
593412 
593414 
593415 
593416 
593417 
593418 
593419 
593420 
593421 
593422 
593423 
593424 
593425 
593426 
593427 
593428 
593429 
593430 
593431 
593432 
593433 
593434 
593435 
593436 
593437 
593438 
593439 
593440 
593441 
593442 
593443 
593444 
593445 
593446 
593447 
593448 
593449 
593450 
593451 
593452 
593453 
593454 
593455 
593456 
331344 
69237 
69238 
593542 
593543 
593544 
593546 
593547 
593548 
593549 
593550 
593551 
593552 
593553 
69265 
593554 
69266 
593555 
69267 
593556 
69268 
593557 
69269 
593558 
593559 
593560 
593561 
593562 
593563 
593564 
593565 
593566 
593567 
593568 
593569 
593570 
593571 
593572 
593573 
593574 
593575 
593576 
593577 
593578 
593579 
593580 
593581 
593582 
69294 
69295 
69296 
69297 
69298 
69299 
331463 
331467 
69324 
69325 
69326 
69327 
69328 
69329 
331475 
331485 
331487 
331489 
331491 
331493 
593639 
331495 
593640 
331496 
593641 
593642 
69354 
593643 
69355 
593644 
69356 
593645 
69357 
331502 
69358 
331503 
69359 
331506 
331508 
331509 
331510 
331511 
331512 
331513 
331514 
331515 
593660 
331516 
593661 
331517 
593662 
331518 
593663 
331519 
593664 
331520 
593665 
331521 
593666 
331522 
593667 
331523 
593668 
331524 
593669 
593670 
331526 
593671 
593672 
331528 
69384 
593673 
331529 
69385 
331530 
69386 
331531 
69387 
69388 
69389 
331534 
331536 
331537 
331538 
331541 
331543 
331544 
593695 
593696 
593697 
593698 
593699 
593700 
593701 
593702 
69414 
593703 
331559 
69415 
593704 
69416 
593705 
331561 
69417 
593706 
69418 
593707 
331563 
69419 
593708 
331565 
331566 
331568 
331570 
331572 
331580 
331583 
331585 
331586 
331587 
69444 
69445 
331590 
69446 
69447 
331592 
69448 
331593 
69449 
331596 
331600 
593751 
593752 
593753 
331609 
593754 
593755 
331611 
593756 
593757 
331613 
69475 
69476 
69477 
69478 
69479 
593772 
593773 
593774 
593775 
593776 
593777 
593778 
593779 
593780 
593781 
331637 
593782 
331638 
593783 
593784 
331640 
593785 
593786 
593787 
593788 
593789 
593790 
593791 
593792 
593793 
593794 
69506 
593795 
69507 
593796 
69508 
593797 
69509 
593798 
593799 
593800 
593801 
331657 
593802 
331658 
593803 
331659 
593804 
331660 
593805 
331661 
593806 
331662 
593807 
331663 
593808 
593809 
593810 
593811 
593812 
593813 
593814 
331670 
593815 
593816 
593817 
593818 
593819 
593820 
593821 
593822 
331678 
593823 
331679 
593824 
331680 
593825 
331681 
593826 
331682 
593827 
331683 
331684 
331688 
331690 
331720 
331722 
331724 
331726 
331727 
331729 
331731 
331733 
331734 
331737 
331739 
331740 
593913 
593914 
593915 
593917 
593918 
593920 
331776 
593921 
331777 
593922 
331778 
593923 
593924 
331780 
593926 
331782 
593927 
593928 
593929 
593930 
593931 
593932 
593933 
593934 
331790 
593935 
331791 
593936 
331792 
593937 
331793 
593938 
331794 
593939 
331795 
593940 
331796 
593941 
593942 
593943 
593944 
593945 
593946 
593947 
593948 
593949 
331805 
593950 
593951 
331807 
593952 
593953 
331809 
331818 
331819 
331820 
331821 
331822 
331823 
331824 
331833 
331834 
331836 
331838 
331842 
331845 
594010 
594011 
594012 
594013 
594014 
594015 
594016 
331874 
331878 
331881 
331883 
331885 
331886 
594031 
331887 
594032 
594033 
594034 
594035 
331891 
594036 
594037 
594038 
331894 
594039 
594040 
594041 
594042 
594043 
594044 
331909 
331910 
331911 
331912 
331913 
331914 
69776 
69777 
594066 
69778 
594067 
331923 
69779 
594068 
594069 
594070 
594071 
331927 
594072 
594073 
594074 
331930 
594075 
594076 
331932 
594077 
594078 
594079 
331936 
69805 
69806 
69807 
69808 
69809 
331959 
331973 
331974 
331975 
331977 
594122 
331978 
69834 
594123 
69835 
594124 
69836 
594125 
69837 
594126 
69838 
594127 
69839 
594128 
331994 
331995 
331997 
594143 
594144 
332000 
594145 
332001 
594146 
332002 
594147 
332003 
594148 
332004 
332005 
594150 
332006 
594151 
594152 
69864 
69865 
594154 
69866 
69867 
594156 
69868 
594157 
69869 
594158 
594159 
594160 
594161 
594162 
594163 
594164 
594165 
594166 
594167 
594168 
594169 
594170 
594171 
594172 
594173 
594174 
594175 
594176 
594177 
594178 
594179 
594180 
594181 
594182 
69894 
594183 
69895 
594184 
69896 
594185 
69897 
594186 
69898 
594187 
69899 
594188 
594189 
594190 
594191 
594192 
594193 
594194 
594195 
594196 
594197 
594198 
69924 
69925 
69926 
69927 
69928 
69929 
332077 
332078 
332080 
332082 
69954 
332099 
69955 
332100 
69956 
69957 
332102 
69958 
69959 
332105 
332106 
332107 
332109 
69984 
69985 
69986 
69987 
69988 
69989 
594283 
594284 
594285 
594286 
594287 
594288 
594289 
594291 
594292 
594293 
594294 
594295 
594297 
594298 
594299 
594300 
594301 
594302 
594303 
70015 
594304 
70016 
594305 
70017 
594306 
70018 
594307 
70019 
594308 
594309 
594310 
594311 
594312 
594313 
594314 
594315 
594316 
594317 
594318 
594319 
594320 
594321 
594322 
594323 
594324 
70046 
70047 
70048 
70049 
332226 
332230 
594381 
594382 
594383 
594384 
594385 
594386 
594387 
332248 
332257 
594402 
594403 
594404 
594405 
594406 
594407 
594408 
594409 
594410 
594411 
594412 
594413 
594414 
594415 
594437 
594438 
594439 
594440 
594441 
594442 
594443 
594444 
594445 
594446 
594447 
594448 
594449 
594450 
332342 
332345 
594493 
332349 
594494 
594495 
594496 
594497 
594498 
594499 
332364 
332367 
332369 
594514 
594515 
332371 
594517 
332373 
594518 
594519 
332375 
594521 
332377 
594522 
332378 
594523 
594525 
332382 
594527 
594528 
332384 
594529 
332385 
594530 
594531 
594532 
332388 
594533 
594534 
332390 
594535 
332391 
594536 
332392 
594537 
332393 
594538 
332394 
594539 
332395 
594540 
332396 
594541 
332397 
594542 
332398 
594543 
332399 
594544 
332400 
594545 
332401 
594546 
332402 
594547 
332403 
594548 
332404 
594549 
332405 
594550 
332406 
594551 
594552 
332408 
594553 
594554 
332410 
594555 
594556 
332412 
594557 
332413 
594558 
332414 
594559 
594560 
332416 
594561 
594562 
332418 
594563 
332419 
594564 
332420 
594565 
594566 
594567 
332423 
594568 
594569 
332425 
332426 
332441 
332443 
332444 
332445 
332447 
332448 
332450 
332452 
332454 
70317 
332462 
70318 
70319 
332465 
332467 
332468 
332469 
332472 
332474 
332475 
332478 
70345 
70346 
332491 
70347 
70348 
332493 
70349 
332495 
332507 
594655 
594656 
594657 
594659 
594660 
594662 
70374 
594663 
332519 
70375 
594664 
332520 
70376 
594665 
332521 
70377 
594666 
332522 
70378 
332523 
70379 
594668 
594669 
594670 
594671 
594672 
594673 
594674 
594675 
594676 
594677 
594678 
594679 
594680 
594681 
594682 
594683 
332539 
594684 
332540 
594685 
332541 
594686 
332542 
594687 
332543 
594688 
332544 
594689 
332545 
594690 
594691 
594692 
70404 
594693 
70405 
594694 
70406 
594695 
70407 
70408 
70409 
332560 
332561 
332562 
332563 
332564 
332565 
332566 
70434 
70435 
70436 
70437 
70438 
70439 
332602 
332604 
332606 
594752 
332608 
70464 
594753 
332609 
70465 
594754 
70466 
594755 
332611 
70467 
594756 
70468 
594757 
332613 
70469 
594758 
332615 
332616 
332619 
332621 
332622 
594773 
594774 
594775 
594776 
594777 
594778 
594779 
594780 
594781 
594782 
70494 
594783 
70495 
594784 
70496 
594785 
70497 
594786 
70498 
70499 
332655 
332658 
332660 
332662 
594808 
332664 
594809 
594810 
594811 
594812 
70524 
594813 
70525 
594814 
70526 
594815 
70527 
594816 
332672 
70528 
594817 
332673 
70529 
594818 
332674 
594819 
332675 
594820 
332676 
594821 
332677 
332678 
332686 
332687 
332689 
332690 
332691 
70555 
332700 
70556 
332701 
70557 
332702 
70558 
332703 
70559 
332704 
332705 
332706 
332707 
332714 
332715 
332716 
332718 
332719 
594864 
594865 
594866 
594867 
594868 
332724 
594869 
594870 
332727 
70586 
70587 
70588 
70589 
594885 
594886 
594887 
332743 
594888 
594889 
594890 
594892 
594893 
594894 
594896 
594898 
594899 
594900 
332756 
594901 
594902 
594903 
594904 
332760 
594905 
594906 
594907 
332763 
594908 
594909 
332765 
594910 
594911 
594912 
594913 
332769 
594914 
594915 
594916 
594917 
332773 
594918 
594919 
594920 
594921 
594922 
594923 
594924 
594925 
594926 
594927 
594928 
594929 
594930 
594931 
594932 
594933 
594934 
594935 
594936 
332792 
594937 
594938 
332794 
594939 
594940 
332796 
332805 
332809 
332812 
332818 
332855 
332856 
332857 
332858 
332859 
332860 
332876 
332877 
332879 
595026 
595027 
332883 
595028 
332884 
332885 
595030 
332886 
595031 
332887 
595033 
595034 
595035 
595036 
595037 
595039 
595040 
595041 
595042 
595043 
595044 
595045 
595046 
595047 
595048 
595049 
595050 
595051 
595052 
595053 
595054 
595055 
595056 
595057 
595058 
595059 
595060 
595061 
595062 
595063 
595064 
595065 
595066 
332960 
332962 
332964 
595123 
595124 
595125 
332981 
595126 
332982 
595127 
332983 
595128 
332984 
595129 
332985 
332986 
332988 
332989 
332991 
595144 
595145 
70857 
595146 
70858 
595147 
595148 
595149 
595150 
595151 
595152 
595153 
595154 
595155 
595156 
595157 
70885 
70886 
70887 
70888 
70889 
595179 
595180 
595181 
595182 
595183 
595184 
595185 
595186 
595187 
595188 
595189 
595190 
595191 
595192 
70914 
70915 
70916 
70917 
70918 
70919 
70944 
70945 
70946 
595235 
70947 
595236 
70948 
595237 
70949 
595238 
595239 
595240 
595241 
595256 
595257 
595259 
595260 
595261 
70974 
595263 
70975 
595264 
70976 
595265 
70977 
70978 
595267 
70979 
595269 
595270 
595271 
595272 
595273 
595274 
595275 
595276 
595277 
595278 
595279 
333135 
595280 
595281 
595282 
595283 
595284 
595285 
595286 
595287 
595288 
595289 
595290 
595291 
595292 
71004 
595293 
71005 
595294 
71006 
595295 
71007 
595296 
71008 
595297 
71009 
595298 
595299 
595300 
595301 
595302 
595303 
595304 
595305 
595306 
595307 
333163 
595308 
595309 
333165 
595310 
595311 
333167 
71034 
71035 
71036 
71037 
71038 
71039 
71064 
71065 
71066 
71067 
71068 
71069 
333227 
333231 
71095 
71096 
71097 
71098 
71099 
333249 
333251 
595397 
333253 
595398 
595399 
333255 
595400 
595401 
333257 
595402 
333259 
595404 
333260 
595405 
595406 
595407 
595408 
333265 
595410 
333266 
595411 
333267 
595412 
595413 
595414 
333270 
71126 
595415 
71127 
595416 
333272 
71128 
595417 
333273 
71129 
595418 
333274 
595419 
333275 
595420 
333276 
595421 
333277 
595422 
333278 
595423 
333279 
595424 
333280 
595425 
333281 
595426 
333282 
595427 
333283 
595428 
333284 
595429 
333285 
595430 
333286 
595431 
333287 
595432 
333288 
595433 
595434 
333290 
595435 
595436 
333292 
595437 
333294 
333295 
333298 
333300 
333301 
333302 
333305 
333307 
333308 
333323 
333325 
333327 
333329 
333330 
333332 
333333 
333334 
333336 
333344 
333347 
333349 
595494 
333350 
595495 
333351 
595496 
333352 
595497 
595498 
333354 
595499 
595500 
333356 
333357 
333360 
333364 
595515 
595516 
595517 
333373 
595518 
333374 
595519 
333375 
595520 
595521 
333377 
595522 
333378 
595523 
595524 
595525 
595526 
595527 
595528 
333389 
333391 
333401 
333402 
333404 
595550 
595551 
595552 
595553 
595554 
595555 
595556 
595557 
595558 
595559 
595560 
595561 
595562 
595563 
333421 
333422 
333423 
333424 
333425 
333426 
333427 
333430 
333442 
333443 
333444 
333445 
333446 
333447 
333448 
333452 
595606 
595607 
595608 
595609 
595610 
595611 
595612 
595627 
595628 
333484 
595630 
333486 
595631 
595632 
333488 
595634 
333490 
595635 
333491 
595636 
333493 
595638 
333495 
595640 
595641 
333497 
595642 
333498 
595643 
595644 
595645 
333501 
595646 
595647 
333503 
595648 
333504 
595649 
595650 
595651 
595652 
595653 
595654 
595655 
595656 
595657 
595658 
595659 
595660 
595661 
595662 
595663 
595664 
595665 
595666 
595667 
595668 
595669 
595670 
595671 
595672 
595673 
595674 
595675 
595676 
595677 
595678 
595679 
595680 
595681 
595682 
333540 
71397 
333542 
71398 
333544 
333546 
333547 
333550 
333553 
333554 
333555 
333556 
333557 
333558 
333559 
333560 
333569 
71425 
71426 
333571 
71427 
71428 
333573 
71429 
333582 
333583 
333584 
333585 
333586 
333587 
333588 
333597 
333598 
71454 
71455 
333600 
71456 
71457 
71458 
71459 
333605 
333606 
595767 
595768 
595769 
333625 
595770 
333627 
595772 
71484 
595773 
71485 
595774 
71486 
595775 
71487 
595776 
71488 
595777 
71489 
595778 
595779 
595781 
595782 
333638 
595783 
333639 
595784 
595785 
595786 
333642 
595787 
333643 
595788 
595789 
333645 
595790 
595791 
333647 
595792 
333648 
595793 
333649 
595794 
333650 
595795 
333651 
595796 
595797 
333653 
595798 
595799 
333655 
595800 
595801 
595802 
71514 
595803 
71515 
595804 
71516 
595805 
71517 
595806 
71518 
595807 
71519 
595808 
333674 
333675 
333687 
71544 
71545 
71546 
333691 
71547 
71548 
71549 
333694 
333700 
71574 
71575 
71576 
595865 
71577 
595866 
71578 
595867 
71579 
595868 
595869 
595870 
595871 
333737 
333738 
333739 
333740 
333741 
595886 
333742 
595887 
595888 
595889 
595890 
595891 
595892 
71604 
595893 
71605 
595894 
71606 
595895 
71607 
595896 
71608 
595897 
71609 
595898 
595899 
333758 
333759 
333761 
333765 
333766 
333767 
333768 
333769 
595921 
595922 
595923 
71635 
595924 
71636 
595925 
71637 
595926 
71638 
595927 
71639 
595928 
595929 
595930 
595931 
595932 
595933 
595934 
71666 
71667 
71668 
71669 
333821 
333825 
333831 
595977 
595978 
595979 
595980 
595981 
595982 
595983 
333842 
333844 
333846 
595998 
595999 
596000 
596001 
596002 
596003 
596005 
596006 
596007 
333863 
596008 
333864 
596009 
333866 
596011 
596012 
596013 
596014 
333870 
596015 
333871 
596016 
596017 
333873 
596018 
596019 
596020 
596021 
596022 
596023 
596024 
596025 
596026 
596027 
596028 
596029 
596030 
596031 
596032 
596033 
596034 
596035 
596036 
596037 
596038 
596039 
596040 
596041 
596042 
596043 
596044 
596045 
596046 
596047 
596048 
596049 
596050 
596051 
596052 
596053 
596138 
596139 
596140 
596141 
596143 
596144 
596145 
596146 
596147 
596148 
596149 
596150 
596152 
596153 
596154 
596155 
596156 
596157 
596158 
596159 
596160 
596161 
596162 
596163 
596164 
596165 
596166 
596167 
596168 
596169 
596170 
596171 
596172 
596173 
596174 
596175 
596176 
596177 
596178 
596179 
71937 
71938 
596236 
596237 
596238 
596239 
596240 
596241 
596242 
334109 
71965 
71966 
71967 
71968 
596257 
334113 
71969 
596258 
596259 
596260 
596261 
596262 
596263 
596264 
596265 
596266 
596267 
596268 
596269 
596270 
334131 
334133 
334134 
334135 
334137 
71994 
334139 
71995 
71996 
334141 
71997 
334142 
71998 
71999 
596292 
334148 
596293 
334149 
596294 
334150 
596295 
334151 
596296 
334152 
596297 
334153 
596298 
334154 
596299 
334155 
596300 
334156 
596301 
334157 
596302 
334158 
596303 
334159 
596304 
334160 
596305 
334161 
334162 
334163 
334164 
334165 
334166 
334167 
334168 
72024 
334169 
72025 
334170 
72026 
72027 
334172 
72028 
72029 
334174 
334176 
334177 
334180 
334182 
334183 
334184 
334187 
334189 
334190 
72054 
72055 
72056 
72057 
72058 
72059 
596348 
596349 
334205 
596350 
596351 
334207 
596352 
334208 
596353 
334209 
596354 
334211 
334214 
334216 
334218 
596369 
596370 
334226 
596371 
334227 
596372 
72084 
596373 
334229 
72085 
596374 
72086 
334231 
72087 
596376 
334232 
72088 
596377 
72089 
596378 
596379 
596380 
334236 
596382 
334238 
596383 
334239 
596384 
596385 
596386 
334242 
596387 
596388 
596389 
596390 
334246 
596391 
596392 
596393 
596394 
596395 
596396 
596397 
596398 
596399 
334255 
596400 
596401 
334257 
596402 
72114 
596403 
334259 
72115 
596404 
72116 
596405 
72117 
596406 
72118 
596407 
72119 
596408 
596409 
596410 
596411 
596412 
596413 
596414 
596415 
334271 
596416 
596417 
334273 
596418 
596419 
596420 
596421 
596422 
596423 
596424 
334283 
334284 
334286 
72144 
72145 
72146 
72147 
72148 
72149 
334303 
334304 
334305 
334306 
334307 
334308 
334309 
334312 
72175 
72176 
72177 
72178 
72179 
334324 
334325 
334326 
334327 
334328 
334329 
334330 
334334 
72206 
72207 
72208 
72209 
596509 
596510 
334366 
596511 
596512 
334368 
596514 
334370 
596515 
334372 
596517 
334373 
596518 
596519 
334375 
596520 
596521 
334377 
596523 
334379 
596524 
334380 
596525 
596526 
596527 
334383 
596528 
596529 
334385 
596530 
334386 
596531 
596532 
596533 
596534 
596535 
596536 
596537 
596538 
596539 
596540 
596541 
596542 
596543 
596544 
596545 
596546 
596547 
596548 
596549 
596550 
334422 
334424 
334426 
334428 
334432 
334435 
334436 
334437 
334438 
334439 
334440 
334441 
334442 
334451 
334453 
334455 
596607 
596608 
334464 
596609 
334465 
596610 
334466 
596611 
334467 
596612 
334468 
596613 
334469 
334470 
334479 
334480 
334482 
596628 
596629 
596630 
596631 
596632 
596633 
596634 
596635 
596636 
596637 
596638 
596639 
596640 
596641 
596663 
596664 
334520 
596665 
596666 
334522 
596667 
596668 
334524 
596669 
596670 
334526 
596671 
334527 
596672 
596673 
596674 
596675 
596676 
334532 
334533 
334537 
334556 
334557 
334569 
334573 
596719 
334575 
596720 
334576 
596721 
596722 
596723 
596724 
596725 
334582 
334586 
596740 
596741 
596743 
596744 
596745 
596747 
596748 
596749 
596751 
596753 
596754 
596755 
596756 
596757 
596758 
596759 
596760 
596761 
596762 
596763 
334619 
596764 
334620 
596765 
334621 
72477 
596766 
72478 
596767 
334623 
596768 
334624 
596769 
596770 
596771 
596772 
596773 
596774 
596775 
596776 
596777 
596778 
596779 
596780 
596781 
596782 
596783 
596784 
334640 
596785 
334641 
596786 
596787 
334643 
596788 
596789 
596790 
596791 
334647 
596792 
334648 
596793 
334649 
72505 
596794 
334650 
72506 
596795 
334651 
72507 
72508 
72509 
72534 
72535 
72536 
72537 
72538 
72539 
72564 
72565 
72566 
72567 
72568 
72569 
334724 
334726 
334728 
596881 
596882 
72594 
596883 
72595 
72596 
596885 
72597 
596886 
72598 
72599 
596888 
596889 
334745 
596890 
334746 
596891 
334747 
596892 
334748 
596894 
334750 
596895 
596896 
334752 
596897 
334753 
596898 
596899 
334755 
596900 
596901 
596902 
596903 
596904 
596905 
596906 
596907 
596908 
596909 
596910 
596911 
596912 
72624 
596913 
72625 
596914 
72626 
596915 
72627 
596916 
72628 
596917 
72629 
596918 
596919 
596920 
596921 
72654 
72655 
72656 
72657 
72658 
72659 
72684 
72685 
72686 
72687 
72688 
72689 
596978 
596979 
596980 
596981 
596982 
596983 
596984 
596999 
597000 
597001 
597002 
597003 
72715 
597004 
72716 
597005 
72717 
597006 
72718 
597007 
72719 
597008 
597009 
597010 
597011 
597012 
597034 
72746 
597035 
72747 
597036 
72748 
597037 
72749 
597038 
597039 
597040 
597041 
597042 
597043 
597044 
597045 
597046 
597047 
334908 
597090 
597091 
597092 
597093 
597094 
597095 
597096 
597111 
597112 
597114 
597115 
597116 
597118 
597119 
597120 
597121 
597122 
597124 
597125 
597126 
597127 
597128 
597129 
597130 
597131 
597132 
597133 
597134 
597135 
334991 
597136 
597137 
597138 
597139 
334995 
597140 
597141 
597142 
597143 
597144 
597145 
597146 
597147 
597148 
597149 
597150 
597151 
597152 
597153 
597154 
597155 
597156 
597157 
335013 
597158 
597159 
335015 
597160 
597161 
335017 
597162 
597163 
335019 
597164 
597165 
335021 
597166 
335023 
335024 
335030 
335031 
335034 
335036 
335037 
335038 
335039 
335040 
335041 
335042 
335043 
335044 
335045 
335046 
335047 
335048 
335049 
335050 
335051 
335052 
335054 
335056 
335058 
335059 
335062 
335064 
335065 
335066 
335069 
335070 
335071 
335072 
335087 
335089 
335091 
335093 
335094 
335096 
335098 
335100 
597252 
335108 
597253 
335109 
597254 
335111 
597256 
597257 
335113 
335114 
597259 
335115 
597260 
597261 
597262 
335118 
597263 
597264 
335120 
597265 
335121 
597266 
597267 
597268 
335124 
597269 
597270 
597271 
597272 
335128 
597273 
597274 
597275 
597276 
597277 
597278 
597279 
597280 
597281 
335137 
597282 
597283 
335139 
597284 
597285 
335141 
597286 
597287 
597288 
597289 
597290 
597291 
597292 
335153 
335155 
73017 
73018 
335164 
335165 
335166 
335167 
335168 
335169 
335170 
335185 
335186 
335187 
335188 
335189 
73045 
335190 
73046 
335191 
73047 
73048 
73049 
335194 
597349 
597350 
335206 
597351 
335207 
597352 
335208 
597353 
335209 
597354 
335210 
597355 
335211 
335212 
335216 
73074 
335219 
73075 
73076 
73077 
73078 
73079 
597370 
597371 
597372 
597373 
597374 
597375 
597376 
597377 
597378 
597379 
597380 
597381 
597382 
597383 
335248 
73104 
73105 
335250 
73106 
73107 
335252 
73108 
73109 
335254 
335255 
335257 
335259 
597405 
335261 
597406 
335262 
597407 
597408 
597409 
335265 
597410 
597411 
335267 
597412 
335268 
597413 
597414 
597415 
597416 
597417 
597418 
73134 
73135 
73136 
73137 
73138 
73139 
335304 
335306 
335308 
73164 
73165 
335310 
73166 
73167 
73168 
73169 
597461 
335317 
597462 
335318 
597463 
335319 
597464 
335320 
597465 
335321 
597466 
335322 
597467 
335323 
335324 
335333 
335335 
335336 
335337 
597482 
73194 
597483 
335339 
73195 
597484 
73196 
597485 
73197 
597486 
73198 
597487 
73199 
597489 
335345 
597490 
335346 
597491 
335347 
335348 
597493 
335349 
335350 
597495 
335351 
597496 
335352 
597497 
597498 
597499 
597500 
597501 
597502 
597503 
335359 
597504 
597505 
335361 
597506 
335362 
597507 
597508 
335364 
597509 
597510 
335366 
597511 
597512 
73224 
597513 
73225 
597514 
73226 
597515 
73227 
597516 
73228 
597517 
73229 
597518 
597519 
597520 
597521 
597522 
597523 
597524 
597525 
597526 
597527 
597528 
597529 
597530 
597531 
597532 
597533 
335389 
597534 
597535 
597536 
597537 
335393 
73255 
73256 
73257 
335402 
73258 
73259 
335406 
335409 
335415 
335417 
335419 
335421 
73286 
73287 
73288 
73289 
335438 
335440 
335442 
335451 
335455 
335458 
335464 
597623 
597624 
597625 
597627 
597628 
597630 
597631 
597632 
597633 
597634 
597636 
597637 
597638 
597639 
597640 
597641 
597642 
597643 
597644 
597645 
335501 
597646 
335502 
597647 
335503 
597648 
335504 
597649 
335505 
597650 
335506 
597651 
597652 
597653 
597654 
597655 
597656 
597657 
597658 
597659 
597660 
597661 
597662 
597663 
335522 
335523 
335525 
335529 
335530 
335531 
335532 
335533 
335546 
335570 
335574 
597720 
597721 
335577 
597722 
597723 
597724 
597725 
597726 
335584 
335585 
335589 
597741 
597742 
597743 
597744 
597745 
597746 
597747 
597748 
597749 
597750 
335606 
597751 
597752 
335608 
597753 
597754 
335610 
335613 
335627 
335628 
335629 
335630 
597776 
597777 
597778 
335634 
597779 
335635 
597780 
597781 
335637 
597782 
597783 
597784 
597785 
597786 
597787 
597788 
597789 
597832 
597833 
597834 
597835 
597836 
597837 
597838 
73557 
73558 
597853 
597854 
597856 
597857 
597858 
597860 
597861 
597862 
597864 
597866 
597867 
597868 
597869 
597870 
597871 
597872 
597873 
73585 
597874 
73586 
597875 
73587 
597876 
73588 
597877 
73589 
597878 
597879 
597880 
597881 
597882 
597883 
597884 
597885 
597886 
597887 
597888 
597889 
597890 
597891 
597892 
335748 
597893 
597894 
597895 
597896 
597897 
597898 
597899 
597900 
597901 
597902 
73614 
597903 
73615 
597904 
73616 
597905 
73617 
597906 
73618 
597907 
73619 
597908 
73644 
73645 
73646 
73647 
73648 
73649 
73674 
73675 
73676 
73677 
73678 
73679 
335837 
73704 
597993 
73705 
597994 
73706 
597995 
73707 
597996 
73708 
597997 
73709 
597998 
597999 
598000 
598001 
598002 
598003 
598004 
598005 
598006 
598007 
598008 
598009 
598010 
598011 
598012 
598013 
598014 
598015 
598016 
598017 
335873 
598018 
335874 
598019 
598020 
335876 
598021 
335877 
598022 
73734 
598023 
73735 
598024 
73736 
598025 
73737 
598026 
73738 
598027 
73739 
598028 
598029 
598030 
598031 
598032 
598033 
598034 
335892 
335895 
335897 
335899 
335901 
335903 
335905 
335906 
73764 
73765 
73766 
73767 
335912 
73768 
335913 
73769 
335916 
335918 
335919 
335920 
335921 
335922 
335923 
335924 
335925 
335926 
335927 
335928 
335929 
335930 
335931 
335932 
335933 
335934 
335936 
335938 
73795 
335940 
73796 
335941 
73797 
335942 
73798 
73799 
335944 
335946 
598091 
335947 
598092 
335948 
598093 
598094 
598095 
335951 
598096 
598097 
335953 
335954 
598112 
598113 
335969 
598114 
73826 
598115 
335971 
73827 
598116 
73828 
598117 
335973 
73829 
598118 
598119 
335975 
598120 
335976 
598121 
598122 
335978 
598123 
598124 
335980 
598125 
335982 
335990 
335993 
335995 
335996 
335997 
336000 
336002 
598147 
336003 
598148 
598149 
598150 
598151 
598152 
598153 
598154 
598155 
598156 
598157 
598158 
598159 
598160 
336019 
336020 
336021 
336022 
336023 
336037 
336047 
336048 
336050 
598203 
598204 
598205 
598206 
598207 
598208 
598209 
336067 
336068 
336069 
336070 
336071 
336072 
336073 
336076 
598224 
598225 
598226 
598227 
598228 
598229 
598231 
598232 
336088 
598233 
336089 
336090 
598235 
336091 
336092 
598237 
336093 
598238 
336094 
598239 
598240 
598241 
598242 
598243 
598244 
598245 
598246 
598247 
598248 
598249 
598250 
598251 
598252 
598253 
598254 
598255 
598256 
598257 
598258 
598259 
598260 
598261 
598262 
598263 
598264 
598265 
598266 
598267 
598268 
598269 
598270 
598271 
598272 
598273 
598274 
336130 
598275 
598276 
336132 
598277 
598278 
336134 
598279 
336136 
336137 
336139 
336141 
336143 
336144 
336147 
336149 
336150 
336183 
336186 
336188 
336190 
336192 
336200 
336201 
336202 
336203 
336204 
336205 
336206 
336215 
336217 
336219 
598365 
598366 
598367 
598369 
598370 
598372 
336228 
598373 
336229 
598374 
336230 
598375 
336231 
598376 
336232 
336233 
598378 
336234 
598379 
598380 
598381 
598382 
598383 
598384 
598385 
74097 
598386 
74098 
598387 
336243 
598388 
336244 
598389 
598390 
336246 
598391 
598392 
598393 
598394 
598395 
598396 
598397 
598398 
598399 
598400 
598401 
598402 
598403 
598404 
598405 
74125 
74126 
74127 
74128 
74129 
336284 
336288 
336291 
336294 
336296 
336297 
74154 
74155 
336300 
74156 
336301 
74157 
74158 
74159 
336304 
598462 
598463 
598464 
336320 
598465 
598466 
336322 
598467 
598468 
336324 
74184 
74185 
74186 
74187 
74188 
336333 
74189 
336337 
598483 
336339 
598484 
336340 
598485 
598486 
598487 
598488 
598489 
598490 
336346 
598491 
598492 
598493 
598494 
598495 
598496 
74214 
74215 
74216 
74217 
74218 
74219 
598518 
598519 
598520 
598521 
598522 
598523 
598524 
598525 
598526 
598527 
336383 
598528 
336384 
598529 
336385 
598530 
598531 
336387 
336388 
74244 
74245 
74246 
74247 
74248 
74249 
336404 
336405 
336407 
336411 
336412 
336413 
336414 
336415 
74274 
74275 
74276 
74277 
74278 
74279 
598574 
598575 
598576 
598577 
598578 
598579 
598580 
336438 
74304 
74305 
74306 
598595 
74307 
598596 
74308 
74309 
598598 
598599 
598600 
598602 
598603 
598604 
598606 
598607 
598608 
598609 
598610 
598611 
598612 
598613 
598614 
598615 
598616 
598617 
598618 
598619 
598620 
598621 
598622 
598623 
74335 
598624 
74336 
598625 
74337 
598626 
336482 
74338 
598627 
74339 
598628 
598629 
598630 
598631 
598632 
336488 
598633 
598634 
336490 
598635 
598636 
336492 
598637 
598638 
598639 
598640 
598641 
598642 
598643 
598644 
598645 
598646 
598647 
598648 
598649 
598650 
336509 
336510 
74366 
336511 
74367 
336512 
74368 
74369 
336516 
336517 
336519 
598736 
598737 
598738 
598740 
598741 
598742 
598743 
598744 
598745 
598746 
598747 
598748 
598749 
598750 
598751 
598752 
598753 
598754 
598755 
598756 
598757 
598758 
598759 
598760 
598761 
598762 
598763 
598764 
598765 
598766 
598767 
598768 
598769 
598770 
598771 
598772 
598773 
598774 
598775 
598776 
336633 
336671 
336672 
336678 
598833 
598834 
598835 
336691 
598836 
598837 
598838 
598839 
598854 
598855 
598856 
598857 
598858 
598859 
598860 
598861 
598862 
598863 
598864 
598865 
598866 
598867 
598889 
598890 
598891 
598892 
598893 
598894 
598895 
598896 
598897 
598898 
598899 
336755 
598900 
598901 
598902 
336759 
336777 
336779 
336781 
74637 
74638 
336783 
336785 
336787 
336788 
336794 
336795 
336798 
336800 
598945 
336801 
598946 
336802 
598947 
336803 
598948 
336804 
598949 
336805 
598950 
336806 
598951 
336807 
336808 
336809 
74665 
336810 
74666 
336811 
74667 
336812 
74668 
336813 
74669 
336814 
336815 
336816 
336818 
336820 
598966 
336822 
598967 
336823 
336824 
598969 
336825 
598970 
336826 
598971 
598972 
336828 
598973 
336829 
598974 
336830 
598975 
598977 
336833 
598979 
336835 
598980 
336836 
598981 
598982 
74694 
598983 
74695 
598984 
74696 
598985 
74697 
598986 
74698 
598987 
74699 
598988 
598989 
598990 
598991 
598992 
598993 
598994 
598995 
336851 
598996 
598997 
336853 
598998 
598999 
336855 
599000 
599001 
336857 
599002 
336858 
599003 
599004 
336860 
599005 
599006 
336862 
599007 
599008 
336864 
599009 
599010 
599011 
599012 
74724 
599013 
74725 
599014 
74726 
599015 
74727 
599016 
336872 
74728 
599017 
74729 
599018 
599019 
336875 
599020 
599021 
336877 
336878 
336879 
336882 
336884 
336885 
336892 
74754 
74755 
74756 
336901 
74757 
74758 
336903 
74759 
336905 
336917 
336919 
74784 
336929 
74785 
336930 
74786 
74787 
336932 
74788 
74789 
336949 
336950 
336951 
336952 
336953 
336954 
336955 
336958 
74814 
74815 
336960 
74816 
74817 
74818 
599107 
74819 
599108 
599109 
599111 
599112 
599114 
336970 
599115 
336971 
599116 
336972 
599117 
336973 
599118 
336974 
599119 
336975 
599120 
336976 
599121 
599122 
599123 
599124 
599125 
599126 
599127 
599128 
599129 
599130 
599131 
599132 
74844 
599133 
74845 
599134 
74846 
599135 
74847 
599136 
74848 
599137 
74849 
599138 
599139 
599140 
599141 
599142 
599143 
599144 
599145 
599146 
599147 
337012 
337014 
337016 
337018 
337019 
74875 
74876 
337021 
74877 
74878 
337023 
74879 
337025 
337026 
337027 
337029 
337031 
337032 
74906 
74907 
74908 
74909 
599204 
599205 
599206 
599207 
599208 
599209 
599210 
337068 
337069 
337070 
337072 
337074 
337075 
599225 
337081 
599226 
337082 
599227 
337083 
599228 
337084 
599229 
337085 
599230 
337086 
599231 
337087 
599232 
337088 
599233 
599234 
599235 
599236 
599237 
599238 
337096 
337097 
337099 
337101 
337102 
337110 
337111 
337112 
337113 
337114 
337115 
599260 
337116 
599261 
599262 
599263 
599264 
599265 
599266 
599267 
599268 
599269 
337125 
599270 
337126 
599271 
599272 
337128 
599273 
337134 
337153 
337166 
337168 
337170 
599316 
337172 
599317 
337173 
599318 
599319 
599320 
599321 
599322 
337179 
337182 
337183 
599337 
599338 
599339 
599340 
599341 
599342 
599344 
599345 
599346 
337202 
337203 
599348 
337205 
599350 
599351 
599352 
599353 
599354 
599355 
599356 
599357 
599358 
599359 
337215 
599360 
337216 
599361 
599362 
599363 
337219 
599364 
599365 
599366 
337222 
599367 
599368 
337224 
599369 
599370 
599371 
599372 
337228 
599373 
599374 
599375 
599376 
599377 
599378 
599379 
599380 
599381 
599382 
599383 
599384 
599385 
599386 
599387 
599388 
599389 
599390 
599391 
599392 
337265 
337266 
337267 
337269 
337270 
337286 
337287 
337289 
337293 
337294 
337295 
337296 
337297 
337298 
75177 
75178 
599478 
599479 
599480 
599482 
599483 
599485 
599486 
599487 
599488 
599489 
599491 
599492 
599493 
75205 
599494 
75206 
599495 
75207 
599496 
75208 
599497 
75209 
599498 
599499 
599500 
599501 
599502 
599503 
599504 
599505 
599506 
599507 
599508 
599509 
599510 
599511 
599512 
599513 
599514 
337370 
599515 
599516 
337372 
599517 
599518 
337374 
75234 
75235 
75236 
75237 
75238 
75239 
337391 
337392 
337394 
337398 
337399 
337401 
75264 
75265 
75266 
75267 
75268 
75269 
599575 
599576 
599577 
599578 
599579 
599580 
599581 
75294 
75295 
75296 
75297 
75298 
75299 
599596 
599597 
599598 
599599 
599600 
599601 
599602 
599603 
599604 
599605 
599606 
599607 
599608 
599609 
75323 
75324 
75325 
75326 
75327 
75328 
75329 
599631 
599632 
599633 
599634 
599635 
599636 
599637 
599638 
599639 
599640 
599641 
599642 
75354 
599643 
75355 
599644 
75356 
75357 
75358 
75359 
337519 
75384 
75385 
75386 
75387 
75388 
75389 
599687 
599688 
599689 
337545 
599690 
599691 
599692 
599693 
75415 
75416 
75417 
75418 
75419 
599708 
599709 
599710 
599711 
599712 
599713 
599714 
599715 
599716 
599717 
599719 
599721 
599722 
599723 
599724 
599725 
599726 
599727 
599728 
599729 
599730 
599731 
599732 
599733 
599734 
75446 
599735 
75447 
599736 
75448 
599737 
75449 
599738 
599739 
599740 
599741 
599742 
599743 
599744 
599745 
599746 
599747 
599748 
599749 
599750 
599751 
599752 
599753 
599754 
599755 
599756 
599757 
599758 
599759 
599760 
599761 
599762 
599763 
337637 
337641 
337659 
337661 
337663 
337665 
337666 
337667 
337669 
337670 
337676 
337677 
337680 
337682 
337683 
337684 
337685 
337686 
337687 
337688 
337689 
337690 
337691 
337692 
337693 
337694 
337695 
337696 
337697 
337698 
337700 
337702 
599848 
337704 
599849 
337705 
599850 
599851 
599852 
337708 
599853 
599854 
337710 
599855 
337711 
599856 
337712 
599857 
599858 
599859 
337715 
599860 
337717 
599862 
337718 
599863 
599864 
599865 
599866 
599867 
599868 
599869 
599870 
599871 
599872 
599873 
599874 
599875 
599876 
599877 
337733 
599878 
599879 
337735 
599880 
337736 
599881 
337737 
599882 
599883 
337739 
599884 
337740 
599885 
599886 
337742 
599887 
337743 
599888 
337744 
599889 
337746 
337754 
337755 
337757 
337759 
337760 
337761 
337762 
337764 
337766 
337767 
337770 
337771 
337774 
337783 
337785 
337787 
337797 
337799 
337801 
599946 
599947 
599948 
599949 
599950 
599951 
599952 
337811 
337812 
337813 
337814 
599967 
599968 
599969 
599970 
599971 
599972 
599973 
599974 
599975 
337831 
599976 
337832 
599977 
337833 
599978 
337834 
599979 
337835 
599980 
337836 
337837 
337838 
337844 
337852 
337853 
337854 
337855 
337856 
337857 
600002 
337858 
600003 
600004 
600005 
75717 
600006 
75718 
600007 
600008 
600009 
600010 
600011 
600012 
600013 
600014 
600015 
75745 
75746 
75747 
75748 
75749 
337894 
337896 
337898 
337900 
337901 
337903 
337905 
337907 
337908 
337911 
337913 
600058 
337914 
600059 
600060 
600061 
600062 
75774 
600063 
75775 
600064 
75776 
75777 
75778 
75779 
600079 
600080 
600081 
600082 
600083 
600084 
600085 
600086 
600087 
600088 
600090 
337947 
600092 
75804 
600093 
75805 
600094 
337950 
75806 
600095 
75807 
600096 
337952 
75808 
600097 
75809 
600098 
337954 
600099 
600100 
337956 
600101 
600102 
600103 
600104 
600105 
600106 
600107 
600108 
337964 
600109 
337965 
600110 
337966 
600111 
337967 
600112 
337968 
600113 
337969 
600114 
337970 
600115 
600116 
600117 
600118 
600119 
600120 
600121 
600122 
75834 
600123 
337979 
75835 
600124 
75836 
600125 
337981 
75837 
600126 
75838 
600127 
337983 
75839 
600128 
600129 
600130 
600131 
600132 
600133 
600134 
337992 
337993 
337994 
337995 
337996 
337997 
337998 
338006 
338007 
338008 
75864 
75865 
338010 
75866 
75867 
338012 
75868 
75869 
338035 
75894 
75895 
75896 
75897 
75898 
75899 
338048 
338052 
338054 
338055 
338060 
338061 
338063 
338064 
338065 
338067 
75924 
75925 
75926 
75927 
75928 
75929 
600220 
600221 
600222 
600224 
600225 
600227 
600228 
338084 
600229 
600230 
338086 
600231 
600233 
600234 
600235 
600236 
600237 
600238 
600239 
600240 
600241 
338097 
600242 
338098 
600243 
75955 
600244 
75956 
600245 
338101 
75957 
600246 
338102 
75958 
600247 
338103 
75959 
600248 
338104 
600249 
600250 
600251 
600252 
338108 
600253 
600254 
338110 
600255 
600256 
600257 
600258 
600259 
600260 
75986 
75987 
75988 
338133 
75989 
338147 
338148 
338149 
338151 
338152 
338168 
338169 
338171 
600317 
600318 
600319 
338175 
600320 
338176 
600321 
338177 
600322 
338178 
600323 
338179 
600338 
600339 
600340 
600341 
600342 
600343 
600344 
600345 
600346 
338202 
600347 
600348 
600349 
600350 
338206 
600351 
338227 
600373 
600374 
600375 
600376 
600377 
600378 
600379 
600380 
600381 
600382 
600383 
600384 
600385 
600386 
338252 
338254 
338256 
338273 
338274 
338276 
338280 
338281 
338283 
600429 
600430 
600431 
600432 
600433 
600434 
600435 
600450 
600451 
600453 
600454 
600455 
600457 
600458 
600459 
600461 
600463 
600464 
600465 
600466 
600467 
600468 
600469 
600470 
600471 
600472 
600473 
600474 
600475 
600476 
600477 
600478 
600479 
600480 
600481 
600482 
600483 
600484 
600485 
600486 
600487 
600488 
600489 
600490 
600491 
600492 
600493 
600494 
600495 
600496 
600497 
600498 
600499 
600500 
600501 
600502 
600503 
600504 
600505 
76257 
76258 
76285 
76286 
76287 
76288 
76289 
600590 
600591 
600592 
600593 
600594 
600595 
600596 
600598 
600599 
600600 
600601 
600602 
76314 
76315 
600604 
76316 
600605 
76317 
600606 
76318 
600607 
76319 
600608 
600609 
600610 
600611 
600612 
600613 
600614 
600615 
600616 
600617 
600618 
600619 
600620 
600621 
600622 
600623 
600624 
600625 
600626 
600627 
600628 
600629 
600630 
600631 
76344 
76345 
76346 
76347 
76348 
76349 
76374 
338519 
76375 
76376 
76377 
76378 
338523 
76379 
338539 
338541 
338543 
600688 
600689 
338545 
600690 
600691 
338547 
600692 
76404 
600693 
338549 
76405 
600694 
76406 
338551 
76407 
338552 
76408 
76409 
338558 
338559 
338562 
338564 
600709 
338565 
600710 
338566 
600711 
338567 
600712 
338568 
600713 
338569 
600714 
338570 
600715 
338571 
600716 
338572 
600717 
338573 
600718 
338574 
600719 
338575 
600720 
338576 
600721 
338577 
600722 
338578 
76434 
338579 
76435 
338580 
76436 
76437 
338582 
76438 
76439 
338584 
338586 
338587 
338590 
338592 
338593 
338594 
338597 
338599 
600744 
338600 
600745 
600746 
600747 
600748 
600749 
600750 
600751 
600752 
76464 
600753 
76465 
600754 
76466 
600755 
76467 
600756 
76468 
600757 
76469 
338615 
338617 
338619 
338621 
338622 
338624 
338625 
338626 
338628 
338636 
338639 
76495 
76496 
338641 
76497 
338642 
76498 
338643 
76499 
338644 
338646 
338648 
338649 
338652 
338653 
600800 
338656 
600801 
600802 
600803 
600804 
600805 
600806 
338665 
338667 
338669 
76526 
76527 
76528 
76529 
600821 
600822 
338679 
600824 
600825 
338681 
600826 
600827 
338683 
600828 
600829 
600830 
600832 
600833 
600834 
600835 
600836 
600837 
338693 
600838 
338694 
600839 
600840 
338696 
600841 
600842 
600843 
600844 
600845 
600846 
600847 
600848 
600849 
600850 
600851 
600852 
600853 
600854 
600855 
600856 
600857 
338713 
600858 
338714 
600859 
338715 
600860 
338716 
600861 
338717 
600862 
338718 
600863 
338719 
600864 
600865 
600866 
600867 
600868 
600869 
600870 
600871 
600872 
600873 
600874 
600875 
600876 
338734 
338735 
338736 
338737 
338738 
338739 
338740 
338776 
338778 
338780 
338782 
338783 
338785 
338787 
338789 
338790 
338793 
338795 
338796 
600962 
600963 
600964 
600966 
600967 
600969 
338825 
600970 
600971 
600972 
600973 
600975 
600976 
338832 
600977 
600978 
338834 
600979 
600980 
338836 
600981 
600982 
338838 
600983 
338839 
600984 
600985 
600986 
338842 
600987 
600988 
600989 
338845 
600990 
338846 
600991 
338847 
600992 
338848 
600993 
338849 
600994 
338850 
600995 
338851 
600996 
338852 
600997 
600998 
600999 
601000 
601001 
601002 
338860 
338861 
338863 
338864 
338865 
338874 
338875 
338876 
338877 
338878 
338879 
338880 
338888 
338889 
338890 
338891 
338892 
338894 
601059 
601060 
601061 
601062 
601063 
601064 
601065 
338930 
338931 
338934 
601080 
601081 
338937 
601082 
601083 
338939 
601084 
601085 
76797 
601086 
76798 
601087 
338943 
601088 
601089 
338945 
601090 
601091 
338947 
601092 
601093 
338966 
76825 
76826 
601115 
76827 
601116 
76828 
601117 
76829 
601118 
601119 
601120 
601121 
601122 
601123 
338979 
601124 
601125 
601126 
601127 
338983 
601128 
338986 
338992 
76854 
76855 
76856 
76857 
76858 
76859 
601171 
601172 
76884 
601173 
339029 
76885 
601174 
339030 
76886 
601175 
339031 
76887 
601176 
76888 
601177 
339033 
76889 
339034 
601192 
601193 
339050 
601195 
339051 
601196 
601197 
339053 
601199 
601200 
601201 
339057 
339058 
76914 
601203 
339059 
76915 
601204 
339060 
76916 
601205 
339061 
76917 
601206 
339062 
76918 
601207 
76919 
601208 
601209 
601210 
601211 
601212 
601213 
601214 
601215 
601216 
601217 
601218 
601219 
601220 
601221 
601222 
601223 
601224 
601225 
601226 
601227 
601228 
601229 
601230 
601231 
76943 
601232 
339088 
76944 
601233 
339089 
76945 
601234 
76946 
601235 
76947 
601236 
76948 
601237 
76949 
601238 
601239 
601240 
601241 
601242 
601243 
601244 
601245 
601246 
339102 
601247 
76974 
76975 
76976 
339121 
76977 
76978 
339123 
76979 
339134 
339136 
339138 
77004 
77005 
77006 
77007 
77008 
77009 
339155 
339156 
339157 
339158 
339159 
339162 
339163 
339165 
77035 
77036 
77037 
77038 
77039 
601333 
601334 
601335 
601337 
601338 
601340 
601341 
601342 
601343 
601344 
601346 
601347 
601348 
601349 
601350 
601351 
601352 
601353 
601354 
77066 
601355 
77067 
601356 
77068 
601357 
77069 
601358 
601359 
601360 
601361 
601362 
601363 
601364 
601365 
601366 
601367 
601368 
601369 
601370 
601371 
601372 
601373 
601430 
601431 
601432 
601433 
601434 
601435 
601436 
601451 
601452 
601453 
601454 
601455 
339311 
601456 
601457 
601458 
601459 
601460 
601461 
601462 
601463 
601464 
601486 
601487 
601488 
601489 
601490 
601491 
601492 
601493 
601494 
601495 
601496 
601497 
601498 
601499 
601542 
601543 
601544 
601545 
339401 
601546 
601547 
601548 
339405 
601563 
601564 
601566 
601567 
339423 
601568 
601569 
339425 
601570 
601571 
339427 
601572 
339429 
601574 
339431 
601576 
601577 
339433 
601578 
339434 
601579 
601580 
601581 
339437 
601582 
601583 
339439 
601584 
339440 
601585 
339441 
601586 
601587 
601588 
339444 
601589 
601590 
339446 
601591 
339447 
601592 
339448 
601593 
339449 
601594 
339450 
601595 
339451 
601596 
339452 
601597 
339453 
601598 
339454 
601599 
339455 
601600 
339456 
601601 
339457 
601602 
339458 
601603 
339459 
601604 
339460 
601605 
339461 
601606 
339462 
601607 
601608 
339464 
601609 
601610 
339466 
601611 
601612 
339468 
601613 
339469 
601614 
601615 
601616 
339472 
601617 
601618 
339474 
339475 
339476 
339479 
339481 
77337 
339482 
77338 
77339 
339497 
339499 
339501 
339503 
339504 
339506 
339507 
339508 
77365 
339510 
77366 
77367 
77368 
77369 
339518 
339521 
339523 
339524 
339525 
339526 
339528 
339530 
339531 
339534 
339538 
77394 
77395 
77396 
77397 
77398 
77399 
339547 
339549 
339551 
601704 
601705 
601706 
339563 
601708 
601709 
339565 
601711 
601712 
77424 
601713 
77425 
601714 
77426 
601715 
77427 
77428 
601717 
77429 
601718 
601719 
339575 
601720 
339576 
601721 
601722 
339578 
601723 
601724 
601725 
601726 
601727 
601728 
601729 
601730 
601731 
601732 
601733 
601734 
601735 
601736 
601737 
601738 
601739 
339595 
601740 
339596 
601741 
339597 
601742 
339598 
77454 
601743 
339599 
77455 
601744 
339600 
77456 
339601 
77457 
77458 
77459 
339608 
339616 
339617 
339618 
339619 
339620 
339621 
339622 
77484 
77485 
77486 
77487 
77488 
77489 
601801 
601802 
339658 
77514 
601803 
77515 
601804 
339660 
77516 
601805 
77517 
601806 
339662 
77518 
601807 
77519 
339664 
339665 
339667 
339669 
339671 
339672 
339674 
339675 
339677 
601822 
339678 
601823 
601824 
601825 
601826 
601827 
601828 
601829 
601830 
601831 
601832 
77544 
601833 
77545 
601834 
77546 
601835 
77547 
77548 
77549 
601857 
601858 
339714 
601859 
339715 
601860 
339716 
601861 
601862 
339718 
601863 
77575 
601864 
339720 
77576 
601865 
77577 
601866 
77578 
601867 
77579 
601868 
601869 
601870 
339728 
339729 
339730 
339731 
339732 
339733 
339734 
339743 
339745 
339747 
77606 
77607 
77608 
77609 
339756 
339757 
339758 
339759 
339760 
339761 
339762 
601913 
601914 
339770 
601915 
339771 
601916 
339772 
601917 
601918 
339774 
601919 
339776 
339779 
339780 
339783 
601934 
601935 
601937 
601938 
601939 
601941 
601942 
601943 
601945 
601947 
601948 
601949 
601950 
601951 
601952 
601953 
601954 
601955 
601956 
339812 
601957 
339813 
601958 
601959 
601960 
339816 
601961 
339817 
601962 
601963 
339819 
601964 
601965 
601966 
601967 
339823 
601968 
601969 
339825 
601970 
601971 
601972 
601973 
339829 
601974 
601975 
601976 
601977 
601978 
601979 
601980 
601981 
601982 
601983 
601984 
601985 
601986 
601987 
601988 
601989 
339848 
339849 
339850 
339861 
339865 
339866 
339868 
339872 
339874 
339877 
339878 
339911 
339912 
339913 
339915 
339916 
602075 
602076 
339932 
602077 
339933 
602079 
339935 
602080 
602082 
602083 
339939 
602084 
339940 
602085 
339941 
602086 
339942 
339943 
602088 
339944 
602089 
602090 
602091 
602092 
602093 
602094 
602095 
602096 
602097 
602098 
602099 
602100 
602101 
602102 
602103 
602104 
602105 
602106 
602107 
602108 
602109 
602110 
602111 
602112 
602113 
602114 
602115 
339982 
339988 
339991 
340003 
340016 
340018 
340020 
77877 
77878 
602172 
602173 
602174 
602175 
602176 
602177 
602178 
340037 
340038 
340040 
340044 
340045 
340047 
602193 
77905 
602194 
77906 
602195 
77907 
602196 
77908 
602197 
77909 
602198 
602199 
602200 
602201 
602202 
602203 
602204 
602205 
602206 
77934 
77935 
77936 
77937 
77938 
77939 
602228 
602229 
602230 
602231 
602232 
602233 
602234 
602235 
602236 
602237 
602238 
602239 
602240 
602241 
77964 
77965 
77966 
77967 
77968 
77969 
77994 
77995 
602284 
77996 
602285 
77997 
602286 
77998 
602287 
77999 
602288 
602289 
602290 
602305 
602306 
602308 
340164 
602309 
602310 
602312 
340168 
78024 
602313 
78025 
602314 
78026 
78027 
602316 
78028 
78029 
602318 
602319 
602320 
602321 
602322 
602323 
602324 
602325 
602326 
602327 
602328 
602329 
602330 
602331 
602332 
602333 
602334 
602335 
602336 
602337 
602338 
602339 
602340 
602341 
602342 
78054 
602343 
78055 
602344 
78056 
602345 
78057 
602346 
78058 
602347 
78059 
602348 
602349 
602350 
602351 
602352 
602353 
602354 
602355 
602356 
602357 
602358 
602359 
602360 
78084 
78085 
340230 
78086 
78087 
78088 
78089 
78115 
78116 
78117 
78118 
78119 
340283 
340284 
340285 
340287 
78146 
78147 
78148 
78149 
602446 
602447 
340303 
602448 
340305 
602450 
602451 
340307 
602453 
340309 
602454 
602455 
340311 
602456 
602457 
340313 
602459 
340315 
602460 
340316 
602461 
602462 
602463 
602464 
602465 
602466 
340322 
602467 
340323 
602468 
602469 
602470 
340326 
602471 
602472 
340328 
602473 
340329 
602474 
340330 
602475 
340331 
602476 
340332 
602477 
340333 
602478 
340334 
602479 
340335 
602480 
340336 
602481 
340337 
602482 
340338 
602483 
340339 
602484 
340340 
602485 
340341 
602486 
340342 
340343 
340344 
340346 
340348 
340350 
340351 
340354 
340356 
340357 
340358 
340361 
340363 
340364 
340379 
340381 
340382 
340383 
340385 
340386 
340388 
340389 
340390 
340392 
602543 
602544 
340400 
602545 
602546 
602547 
340403 
602548 
602549 
340405 
340406 
340407 
340408 
340410 
340412 
340413 
340416 
602564 
340420 
602565 
602566 
602567 
602568 
602569 
602570 
602571 
602572 
602573 
340429 
602574 
602575 
340431 
602576 
602577 
340433 
340445 
340447 
602599 
602600 
602601 
340457 
602602 
340458 
602603 
602604 
340460 
602605 
602606 
602607 
602608 
602609 
602610 
602611 
602612 
340477 
340478 
340479 
340480 
340481 
340482 
340483 
340490 
340498 
340499 
340500 
340501 
340502 
340503 
340504 
602655 
602656 
602657 
602658 
602659 
602660 
602661 
602676 
602677 
602679 
602680 
602681 
602683 
602684 
340540 
602685 
340542 
602687 
340544 
602689 
602690 
340546 
602691 
340547 
602692 
602693 
340549 
602694 
602695 
340551 
602696 
602697 
340553 
602698 
340554 
602699 
602700 
602701 
340557 
602702 
602703 
340559 
602704 
340560 
602705 
78417 
602706 
78418 
602707 
602708 
602709 
602710 
602711 
602712 
602713 
602714 
602715 
602716 
602717 
602718 
602719 
602720 
602721 
602722 
602723 
602724 
602725 
602726 
602727 
602728 
602729 
602730 
602731 
78445 
78446 
78447 
78448 
78449 
340596 
340598 
340600 
340602 
340603 
340610 
340611 
340612 
340613 
340614 
340615 
340616 
78474 
78475 
78476 
78477 
78478 
78479 
340624 
340625 
340627 
340628 
340629 
340630 
340638 
340639 
340640 
340641 
340642 
340643 
340644 
78504 
78505 
78506 
78507 
340652 
78508 
340653 
78509 
340654 
340656 
340658 
602817 
602818 
602819 
602821 
602822 
78534 
78535 
602824 
78536 
602825 
340681 
78537 
602826 
78538 
602827 
78539 
602828 
602830 
602831 
602832 
602833 
602834 
602835 
602836 
602837 
602838 
340694 
602839 
602840 
602841 
602842 
340698 
602843 
602844 
602845 
340701 
602846 
602847 
602848 
602849 
602850 
602851 
340707 
602852 
78564 
602853 
340709 
78565 
602854 
340710 
78566 
602855 
340711 
78567 
602856 
340712 
78568 
602857 
78569 
340730 
340732 
78594 
78595 
78596 
78597 
78598 
340743 
78599 
340747 
340748 
340750 
340754 
340756 
78624 
78625 
602914 
78626 
602915 
78627 
602916 
78628 
602917 
78629 
602918 
602919 
602920 
602935 
602936 
340792 
602937 
340793 
602938 
340794 
602939 
340795 
602940 
340796 
602941 
340797 
602942 
340798 
602943 
78655 
602944 
78656 
602945 
78657 
602946 
78658 
602947 
78659 
602948 
340814 
340815 
340817 
340821 
340822 
340823 
340824 
340825 
602970 
602971 
602972 
602973 
602974 
78686 
602975 
78687 
602976 
78688 
602977 
78689 
602978 
602979 
602980 
602981 
602982 
602983 
340852 
603026 
603027 
603028 
603029 
603030 
603031 
603032 
340898 
340900 
340902 
603047 
603048 
603050 
603051 
603052 
603054 
603055 
603056 
603058 
603060 
603061 
603062 
340918 
603063 
340919 
603064 
340920 
603065 
603066 
340922 
603067 
340923 
603068 
603069 
603070 
340926 
603071 
340927 
603072 
603073 
340929 
603074 
603075 
603076 
603077 
603078 
603079 
603080 
603081 
603082 
603083 
603084 
603085 
603086 
603087 
603088 
603089 
603090 
603091 
603092 
603093 
603094 
603095 
603096 
603097 
603098 
603099 
603100 
603101 
603102 
603187 
603188 
603189 
603190 
603192 
603193 
603195 
603196 
603197 
603198 
603199 
603201 
603202 
603203 
603204 
603205 
603206 
603207 
603208 
603209 
603210 
603211 
603212 
603213 
603214 
603215 
603216 
603217 
603218 
603219 
603220 
603221 
603222 
603223 
603224 
603225 
603226 
603227 
603228 
78957 
78958 
78985 
78986 
78987 
78988 
78989 
603285 
603286 
603287 
603288 
603289 
603290 
603291 
79014 
79015 
79016 
79017 
603306 
79018 
603307 
79019 
603308 
603309 
341165 
603310 
603311 
603312 
603313 
341169 
603314 
603315 
603316 
603317 
603318 
603319 
341187 
79044 
341189 
79045 
79046 
341191 
79047 
79048 
341193 
79049 
341194 
341195 
603341 
341197 
603342 
341198 
603343 
603344 
603345 
603346 
603347 
603348 
341204 
603349 
341205 
603350 
603351 
603352 
341208 
603353 
603354 
341210 
341211 
341212 
341213 
341214 
341215 
341216 
341217 
341218 
79074 
341219 
79075 
341220 
79076 
341221 
79077 
341222 
79078 
341223 
79079 
341224 
341225 
341226 
341228 
341230 
341232 
341233 
341234 
341236 
341238 
341239 
341240 
341243 
341245 
341246 
79104 
79105 
79106 
79107 
79108 
603397 
79109 
603398 
603399 
603400 
603401 
603402 
603403 
341261 
341263 
341265 
341267 
341268 
341270 
341272 
603418 
341274 
603419 
603421 
603422 
79134 
603423 
79135 
603424 
79136 
603425 
79137 
603426 
341282 
79138 
603427 
79139 
603429 
341285 
603431 
341287 
603432 
341288 
603433 
341289 
603434 
603435 
603436 
341292 
603437 
603438 
341294 
603439 
341295 
603440 
603441 
603442 
341298 
603443 
603444 
603445 
603446 
341302 
603447 
603448 
603449 
603450 
603451 
603452 
79164 
603453 
79165 
603454 
79166 
603455 
341311 
79167 
603456 
79168 
603457 
341313 
79169 
603458 
603459 
341315 
603460 
341316 
603461 
603462 
603463 
603464 
603465 
603466 
603467 
603468 
603469 
603470 
603471 
341327 
603472 
603473 
341329 
341339 
79195 
341340 
79196 
341341 
79197 
341342 
79198 
341343 
79199 
341344 
341359 
341360 
341361 
341362 
341363 
341364 
341365 
79226 
79227 
341372 
79228 
79229 
341380 
341381 
341382 
341383 
341384 
341385 
341386 
341392 
603559 
603560 
603561 
603563 
603564 
603566 
341422 
603567 
603568 
341424 
603569 
603570 
341426 
603572 
341428 
603573 
341429 
603574 
603575 
341431 
603576 
603577 
341433 
603578 
603579 
341435 
603580 
341436 
603581 
603582 
603583 
341439 
603584 
603585 
341441 
603586 
341442 
603587 
603588 
603589 
603590 
603591 
603592 
603593 
603594 
603595 
603596 
603597 
603598 
603599 
341478 
341480 
341482 
341484 
341492 
341493 
341494 
341495 
341496 
341497 
341498 
341506 
341507 
341509 
341510 
341511 
603656 
603657 
341513 
603658 
603659 
603660 
603661 
603662 
341520 
341521 
341522 
341523 
341524 
341525 
341526 
603677 
603678 
603679 
341535 
603680 
341536 
603681 
603682 
341538 
603683 
603684 
603685 
603686 
603687 
603688 
603689 
603690 
603712 
603713 
603714 
603715 
603716 
603717 
603718 
603719 
603720 
341576 
603721 
603722 
341578 
603723 
603724 
341580 
603725 
341581 
341583 
341586 
341589 
341592 
341593 
341612 
341613 
603768 
603769 
341625 
603770 
603771 
603772 
603773 
341629 
603774 
341631 
341632 
341634 
341637 
341638 
79497 
79498 
603789 
603790 
603792 
603793 
603794 
603796 
603797 
603798 
603799 
603800 
603802 
603803 
603804 
603805 
603806 
603807 
603808 
603809 
603810 
603811 
603812 
603813 
79525 
603814 
79526 
603815 
79527 
603816 
79528 
603817 
79529 
603818 
603819 
341675 
603820 
341676 
603821 
341677 
603822 
603823 
341679 
603824 
341680 
603825 
603826 
603827 
603828 
603829 
603830 
603831 
603832 
603833 
603834 
603835 
603836 
603837 
603838 
603839 
603840 
341696 
603841 
341697 
603842 
79554 
603843 
341699 
79555 
603844 
79556 
79557 
79558 
341703 
79559 
341704 
341705 
341706 
341707 
341718 
79584 
79585 
79586 
79587 
79588 
79589 
79614 
79615 
79616 
79617 
79618 
79619 
341769 
341780 
341782 
341784 
603929 
603930 
603931 
79643 
603932 
79644 
603933 
79645 
603934 
79646 
603935 
79647 
79648 
603937 
79649 
603938 
603939 
603940 
603941 
603943 
603944 
603945 
341801 
603946 
341802 
603947 
603948 
341804 
603949 
603950 
603951 
341807 
603952 
341808 
603953 
341809 
603954 
603955 
341811 
603956 
341812 
603957 
603958 
603959 
603960 
603961 
603962 
79674 
603963 
79675 
603964 
79676 
603965 
79677 
603966 
79678 
603967 
79679 
603968 
603969 
603970 
79704 
79705 
79706 
79707 
79708 
79709 
79735 
79736 
79737 
79738 
604027 
79739 
604028 
604029 
604030 
604031 
604032 
604033 
604048 
604049 
604050 
604051 
604052 
604053 
604054 
79766 
604055 
79767 
604056 
79768 
604057 
79769 
604058 
604059 
604060 
604061 
604083 
604084 
604085 
604086 
604087 
604088 
604089 
604090 
604091 
604092 
604093 
604094 
604095 
604096 
341963 
341964 
341967 
341992 
341994 
604139 
604140 
604141 
604142 
604143 
604144 
604145 
604160 
604161 
604162 
604163 
604164 
604165 
604166 
604167 
604168 
604169 
604171 
604173 
604174 
604175 
604176 
604177 
604178 
604179 
604180 
604181 
604182 
604183 
604184 
604185 
604186 
604187 
604188 
604189 
604190 
604191 
342047 
604192 
604193 
604194 
604195 
342051 
604196 
604197 
604198 
604199 
604200 
604201 
604202 
604203 
604204 
604205 
604206 
604207 
604208 
604209 
604210 
604211 
604212 
604213 
342069 
604214 
604215 
342071 
342073 
342075 
342077 
342079 
342080 
342085 
342086 
342087 
342090 
342092 
342093 
342094 
342095 
342096 
342097 
342098 
342099 
342100 
342101 
342102 
342103 
342104 
342105 
342106 
342107 
342108 
342110 
342112 
342114 
342115 
342116 
342118 
342119 
342120 
342121 
342122 
342125 
342127 
342128 
342143 
342145 
342146 
342147 
342149 
342150 
342152 
342154 
604300 
342156 
604301 
604302 
604303 
604305 
604306 
604308 
342164 
604309 
342165 
604310 
604311 
342167 
604312 
342169 
604314 
342170 
604315 
342171 
604316 
604317 
604318 
342174 
604319 
604320 
342176 
604321 
342177 
604322 
604323 
604324 
342180 
80036 
604325 
80037 
604326 
80038 
604327 
604328 
604329 
604330 
604331 
604332 
604333 
604334 
604335 
604336 
604337 
342193 
604338 
604339 
342195 
604340 
604341 
342197 
342209 
80065 
80066 
80067 
80068 
80069 
342221 
342222 
342224 
80094 
80095 
80096 
342241 
80097 
342242 
80098 
342243 
80099 
342244 
342245 
342246 
342247 
604398 
604399 
604400 
604401 
604402 
604403 
604404 
342262 
342263 
342264 
342265 
342266 
342267 
342268 
80124 
80125 
80126 
80127 
80128 
80129 
604419 
604420 
604421 
604422 
604423 
604424 
604425 
604426 
604427 
604428 
604429 
604430 
604431 
604432 
80154 
80155 
80156 
80157 
80158 
80159 
342304 
342306 
342308 
604454 
342310 
604455 
342311 
604456 
604457 
342313 
604458 
604459 
342315 
604460 
604461 
342317 
604462 
342318 
604463 
342319 
604464 
604465 
342321 
604466 
342322 
604467 
342323 
342324 
80184 
80185 
80186 
80187 
80188 
80189 
80214 
80215 
342360 
80216 
80217 
342362 
80218 
80219 
342364 
604510 
342366 
604511 
604512 
604513 
604514 
342370 
604515 
604516 
342373 
342374 
342375 
342376 
342377 
342378 
342379 
342380 
604531 
604532 
80244 
342389 
80245 
604534 
342390 
80246 
604535 
342391 
80247 
604536 
342392 
80248 
342393 
80249 
604538 
604539 
604540 
604542 
342399 
604544 
604545 
604546 
342402 
604547 
342403 
604548 
342404 
604549 
342405 
604550 
342406 
604551 
342407 
604552 
342408 
604553 
604554 
604555 
604556 
604557 
604558 
604559 
604560 
604561 
342417 
604562 
342418 
604563 
80275 
604564 
342420 
80276 
604565 
80277 
604566 
80278 
604567 
80279 
604568 
604569 
604570 
342426 
604571 
604572 
604573 
604574 
604575 
604576 
604577 
604578 
604579 
604580 
604581 
604582 
604583 
604584 
604585 
604586 
80306 
80307 
80308 
80309 
342458 
342460 
342462 
342465 
342468 
342471 
342475 
342478 
342494 
342498 
342507 
342508 
342511 
342514 
342517 
342520 
342524 
604672 
604673 
604674 
604676 
604677 
604679 
604680 
604681 
604682 
604683 
604685 
604686 
604687 
604688 
604689 
604690 
604691 
604692 
604693 
604694 
604695 
604696 
604697 
604698 
604699 
604700 
342556 
604701 
342557 
604702 
342558 
604703 
342559 
604704 
604705 
342561 
604706 
342562 
604707 
604708 
604709 
604710 
604711 
604712 
342578 
342579 
342581 
342585 
342586 
342587 
342588 
342589 
342617 
604769 
604770 
604771 
604772 
604773 
604774 
342630 
604775 
342638 
342641 
342645 
604790 
604791 
604792 
604793 
604794 
604795 
342651 
604796 
604797 
604798 
604799 
604800 
604801 
604802 
604803 
342662 
342664 
342666 
342673 
604825 
604826 
604827 
342683 
604828 
342684 
604829 
604830 
342686 
604831 
604832 
604833 
604834 
342690 
604835 
342691 
604836 
604837 
342693 
604838 
80577 
80578 
604881 
604882 
604883 
604884 
604885 
604886 
604887 
80605 
80606 
80607 
80608 
80609 
604902 
604903 
604905 
604906 
604907 
604909 
604910 
604911 
604912 
604913 
604915 
604916 
604917 
604918 
604919 
604920 
604921 
604922 
80634 
604923 
80635 
604924 
80636 
604925 
80637 
604926 
80638 
604927 
80639 
604928 
604929 
604930 
604931 
604932 
604933 
604934 
604935 
604936 
604937 
604938 
604939 
604940 
604941 
604942 
604943 
604944 
604945 
604946 
604947 
604948 
342804 
604949 
604950 
604951 
342807 
604952 
80664 
604953 
80665 
604954 
80666 
604955 
342811 
80667 
604956 
80668 
604957 
80669 
342814 
342837 
80694 
80695 
80696 
80697 
80698 
80699 
80724 
80725 
80726 
80727 
80728 
80729 
342876 
80754 
605043 
80755 
605044 
80756 
605045 
80757 
80758 
605047 
80759 
605048 
605050 
605051 
605052 
605053 
605054 
605056 
605057 
605058 
605059 
605060 
605061 
605062 
605063 
605064 
605065 
605066 
605067 
605068 
605069 
605070 
605071 
605072 
80784 
605073 
342929 
80785 
605074 
80786 
605075 
80787 
605076 
80788 
605077 
342933 
80789 
605078 
605079 
605080 
605081 
605082 
605083 
342946 
342951 
342953 
342955 
342957 
342959 
80815 
80816 
342961 
80817 
342962 
80818 
80819 
342965 
342967 
342968 
342969 
342972 
342974 
342975 
342976 
342977 
342978 
342979 
342980 
342981 
342982 
342983 
342984 
342985 
342986 
342987 
342988 
342989 
342990 
80846 
80847 
342992 
80848 
80849 
342994 
605140 
342996 
605141 
342997 
605142 
605143 
342999 
605144 
343000 
605145 
605146 
343002 
343003 
343004 
343006 
343007 
343008 
343009 
343010 
605161 
605162 
605163 
605164 
605165 
605166 
605167 
605168 
605169 
343025 
605170 
605171 
343027 
605172 
605173 
343029 
605174 
343031 
343032 
343034 
343035 
343036 
343038 
343046 
343049 
343051 
605196 
343052 
605197 
343053 
605198 
343054 
605199 
605200 
343056 
605201 
605202 
343058 
605203 
343059 
605204 
605205 
605206 
605207 
605208 
605209 
343075 
343077 
343079 
343091 
343093 
343103 
343104 
343106 
605252 
605253 
605254 
605255 
605256 
605257 
605258 
343123 
343124 
343125 
343126 
343127 
343128 
605273 
343129 
605274 
605275 
605276 
605277 
605278 
605279 
605280 
605281 
605282 
605283 
605284 
605285 
605286 
605287 
605288 
343144 
605289 
343145 
605290 
343146 
605291 
343147 
605292 
343148 
605293 
343149 
605294 
343150 
605295 
605296 
605297 
605298 
343154 
605299 
605300 
343156 
605301 
605302 
605303 
605304 
605305 
605306 
605307 
605308 
605309 
605310 
605311 
605312 
605313 
605314 
605315 
605316 
605317 
605318 
605319 
605320 
605321 
605322 
605323 
605324 
605325 
605326 
605327 
605328 
343186 
343188 
343190 
343192 
343193 
343195 
343197 
343199 
343200 
343203 
343205 
343206 
343242 
343244 
343246 
343248 
343249 
343252 
343254 
343255 
343256 
343257 
343258 
343259 
343260 
343261 
81117 
343262 
81118 
605413 
605414 
605415 
343271 
605416 
343273 
605418 
605419 
343275 
605420 
605421 
605422 
605423 
343279 
605424 
605425 
605427 
343283 
605428 
343284 
605429 
343285 
605430 
343286 
605431 
343287 
605432 
343288 
605433 
343289 
81145 
605434 
343290 
81146 
605435 
81147 
605436 
81148 
605437 
81149 
605438 
605439 
605440 
605441 
605442 
605443 
343299 
605444 
343300 
605445 
605446 
343302 
605447 
605448 
605449 
605450 
605451 
605452 
605453 
605454 
81174 
81175 
81176 
81177 
81178 
81179 
343340 
343341 
343344 
343345 
343347 
81204 
81205 
81206 
81207 
81208 
343353 
81209 
343357 
605511 
605512 
605513 
605514 
605515 
605516 
605517 
343376 
81234 
81235 
81236 
81237 
81238 
81239 
605532 
605533 
343389 
605534 
605535 
605536 
605537 
343393 
605538 
605539 
605540 
343396 
605541 
605542 
605543 
605544 
605545 
343402 
81264 
81265 
81266 
81267 
81268 
81269 
605567 
605568 
605569 
605570 
605571 
605572 
605573 
605574 
605575 
605576 
605577 
605578 
605579 
605580 
343438 
81294 
343439 
81295 
343440 
81296 
343441 
81297 
343442 
81298 
343443 
81299 
343444 
343460 
343461 
343463 
343466 
343467 
343468 
81324 
343469 
81325 
343470 
81326 
343471 
81327 
343472 
81328 
81329 
605623 
605624 
605625 
605626 
605627 
605628 
605629 
81355 
605644 
81356 
605645 
81357 
81358 
605647 
81359 
605648 
605649 
605651 
605652 
605653 
605655 
605657 
605658 
605659 
605660 
605661 
605662 
605663 
605664 
605665 
605666 
605667 
605668 
605669 
605670 
605671 
605672 
605673 
343529 
605674 
81386 
605675 
81387 
605676 
81388 
605677 
81389 
605678 
605679 
605680 
605681 
605682 
605683 
605684 
605685 
605686 
605687 
605688 
343544 
605689 
605690 
343546 
605691 
605692 
343548 
605693 
605694 
605695 
605696 
605697 
605698 
605699 
343565 
343566 
343568 
343572 
343573 
343575 
605785 
605786 
605787 
605789 
605790 
605792 
605793 
605794 
605795 
605796 
605798 
605799 
605800 
605801 
605802 
605803 
605804 
605805 
605806 
605807 
605808 
605809 
605810 
605811 
605812 
605813 
605814 
605815 
605816 
605817 
605818 
605819 
605820 
605821 
605822 
605823 
605824 
605825 
605882 
605883 
605884 
605885 
605886 
605887 
605888 
605903 
605904 
605905 
605906 
605907 
605908 
605909 
605910 
605911 
605912 
605913 
605914 
605915 
605916 
605938 
605939 
605940 
605941 
605942 
605943 
605944 
605945 
81657 
605946 
81658 
605947 
605948 
605949 
605950 
605951 
343811 
343812 
343815 
81685 
81686 
81687 
81688 
343833 
81689 
343835 
343837 
343839 
343841 
343843 
343844 
343849 
605994 
343850 
605995 
343851 
605996 
605997 
605998 
343854 
605999 
606000 
343856 
343857 
343858 
81714 
343859 
81715 
343860 
81716 
343861 
81717 
343862 
81718 
343863 
81719 
343864 
343865 
343866 
343867 
343868 
343869 
343870 
606015 
343871 
606016 
343872 
606018 
343874 
606019 
606020 
343876 
606022 
343878 
606023 
343879 
606024 
606025 
606026 
343882 
606027 
606028 
343884 
606029 
343885 
606030 
343886 
606031 
606032 
81744 
606033 
343889 
81745 
606034 
81746 
606035 
343891 
81747 
606036 
343892 
81748 
606037 
81749 
606038 
606039 
606040 
606041 
606042 
606043 
606044 
606045 
606046 
606047 
606048 
606049 
606050 
606051 
343907 
606052 
606053 
343909 
606054 
343910 
606055 
343911 
606056 
606057 
343913 
606058 
343914 
606059 
606060 
343916 
606061 
343917 
606062 
343918 
81774 
606063 
81775 
606064 
343920 
81776 
606065 
81777 
606066 
81778 
606067 
81779 
606068 
606069 
606070 
343928 
343931 
343933 
343934 
343935 
343936 
343938 
343940 
343941 
343944 
343945 
343948 
81804 
81805 
81806 
81807 
81808 
81809 
343957 
343959 
343961 
343971 
343973 
343975 
81834 
81835 
81836 
81837 
81838 
81839 
343985 
343986 
343988 
344005 
344006 
344007 
344008 
81864 
344009 
81865 
344010 
81866 
344011 
81867 
606156 
81868 
606157 
81869 
606158 
606160 
606161 
606162 
606163 
606164 
606165 
606166 
606167 
606169 
606170 
344026 
606171 
344027 
606172 
344028 
606173 
344029 
606174 
344030 
606175 
344031 
606176 
344032 
606177 
606178 
606179 
606180 
344036 
606181 
606182 
606183 
81895 
606184 
81896 
606185 
81897 
606186 
81898 
606187 
81899 
606188 
606189 
606190 
606191 
606192 
606193 
606194 
606195 
606196 
344068 
344070 
81926 
81927 
344072 
81928 
81929 
344074 
344075 
344077 
344079 
344081 
344082 
344085 
344087 
344088 
606253 
606254 
606255 
606256 
606257 
606258 
606259 
344124 
344126 
344128 
606274 
344130 
606275 
606276 
606277 
606278 
606279 
606280 
606281 
606282 
344138 
606283 
344139 
606284 
344140 
606285 
344141 
606286 
344142 
606287 
344143 
344144 
344152 
344153 
344155 
344156 
344157 
606309 
606310 
344166 
606311 
344167 
606312 
344168 
606313 
344169 
606314 
344170 
606315 
344171 
606316 
344172 
606317 
606318 
606319 
606320 
606321 
606322 
344181 
344182 
344184 
606365 
606366 
344222 
606367 
344223 
606368 
606369 
606370 
344226 
606371 
344227 
344229 
344231 
344233 
344235 
344237 
344239 
344241 
606386 
606387 
606389 
606390 
606391 
606393 
606394 
606395 
606397 
606399 
606400 
606401 
606402 
344258 
606403 
344259 
606404 
606405 
344261 
606406 
606407 
606408 
606409 
606410 
606411 
606412 
606413 
606414 
606415 
344271 
606416 
344272 
606417 
606418 
606419 
344275 
606420 
606421 
606422 
344278 
606423 
606424 
344280 
606425 
606426 
606427 
606428 
344284 
606429 
606430 
606431 
606432 
344288 
606433 
606434 
344290 
606435 
606436 
606437 
606438 
606439 
606440 
606441 
344307 
344320 
344321 
344322 
344323 
344324 
344325 
344326 
82197 
344342 
82198 
344343 
82199 
344345 
344348 
344349 
344350 
344351 
344352 
344353 
82225 
82226 
82227 
82228 
82229 
606527 
606528 
606529 
606531 
606532 
606534 
606535 
606536 
344392 
606537 
606538 
606540 
606541 
606542 
82254 
606543 
82255 
606544 
82256 
606545 
82257 
606546 
82258 
606547 
82259 
606548 
606549 
606550 
606551 
606552 
606553 
606554 
606555 
606556 
606557 
606558 
606559 
606560 
606561 
606562 
606563 
606564 
606565 
606566 
606567 
344426 
344428 
82284 
82285 
344430 
82286 
82287 
82288 
82289 
344447 
344448 
344450 
344451 
344454 
344455 
344457 
82314 
82315 
82316 
82317 
82318 
82319 
606624 
606625 
606626 
606627 
606628 
606629 
606630 
82344 
82345 
82346 
82347 
82348 
82349 
606645 
606646 
606647 
606648 
606649 
606650 
606651 
606652 
606653 
606654 
606655 
606656 
606657 
606658 
82374 
82375 
82376 
82377 
82378 
82379 
606680 
606681 
606682 
606683 
606684 
606685 
606686 
606687 
606688 
606689 
606690 
606691 
606692 
82404 
606693 
82405 
82406 
82407 
82408 
82409 
344567 
344574 
82435 
82436 
82437 
82438 
82439 
606736 
606737 
606738 
606739 
606740 
606741 
606742 
82466 
82467 
82468 
606757 
82469 
606758 
606759 
606760 
606761 
606762 
606764 
606765 
606766 
606768 
606770 
606771 
606772 
606773 
606774 
606775 
606776 
606777 
606778 
606779 
606780 
344636 
606781 
606782 
606783 
606784 
606785 
606786 
606787 
606788 
606789 
606790 
606791 
606792 
606793 
606794 
606795 
606796 
606797 
606798 
606799 
606800 
606801 
606802 
606803 
606804 
606805 
606806 
606807 
606808 
606809 
606810 
606811 
606812 
344693 
344697 
344715 
344717 
344719 
344721 
344723 
344725 
344726 
344729 
344732 
344733 
344736 
344738 
344739 
344740 
344741 
344742 
344743 
344744 
344745 
344746 
344747 
344748 
344749 
344750 
344751 
344752 
606897 
344753 
606898 
344754 
606899 
606900 
344756 
606901 
606902 
344758 
606903 
344760 
606905 
344761 
606906 
606907 
606908 
344764 
606909 
344766 
606911 
344767 
606912 
344768 
606913 
606914 
606915 
344771 
606916 
606917 
344773 
606918 
344774 
606919 
606920 
606921 
606922 
606923 
606924 
606925 
606926 
606927 
606928 
606929 
606930 
606931 
606932 
606933 
344789 
606934 
606935 
344791 
606936 
606937 
344793 
606938 
344795 
344796 
344798 
344800 
344802 
344810 
344811 
344813 
344815 
344816 
344817 
344820 
344822 
344823 
344826 
344830 
344839 
344841 
344843 
606995 
606996 
606997 
606998 
606999 
344855 
607000 
607001 
344857 
344867 
344868 
344869 
344870 
344871 
607016 
607017 
607018 
607019 
607020 
607021 
607022 
607023 
607024 
607025 
82737 
607026 
82738 
607027 
607028 
607029 
344887 
344888 
344889 
344890 
344891 
344892 
344893 
344896 
344900 
607051 
607052 
344908 
607053 
344909 
82765 
607054 
344910 
82766 
607055 
344911 
82767 
607056 
344912 
82768 
607057 
344913 
82769 
607058 
344914 
607059 
607060 
607061 
607062 
607063 
607064 
344920 
82794 
82795 
82796 
82797 
82798 
82799 
344950 
344952 
344954 
344956 
344957 
344959 
344961 
607107 
344963 
607108 
344964 
607109 
607110 
607111 
344967 
607112 
82824 
607113 
344969 
82825 
344970 
82826 
82827 
82828 
82829 
607128 
607129 
607131 
607132 
607133 
607134 
607135 
607136 
607137 
607139 
607140 
607141 
607142 
82854 
607143 
82855 
607144 
82856 
607145 
82857 
607146 
82858 
607147 
82859 
607148 
607149 
607150 
345006 
607151 
345007 
607152 
345008 
607153 
607154 
345010 
607155 
607156 
345012 
607157 
607158 
607159 
607160 
607161 
607162 
607163 
607164 
345020 
607165 
345021 
607166 
345022 
607167 
345023 
607168 
345024 
607169 
345025 
607170 
345026 
607171 
607172 
82884 
607173 
82885 
607174 
82886 
607175 
82887 
607176 
82888 
607177 
82889 
607178 
607179 
345035 
607180 
607181 
345037 
607182 
607183 
345039 
345048 
345049 
345050 
345051 
345052 
345053 
345054 
82914 
82915 
82916 
82917 
82918 
345063 
82919 
345064 
345066 
82944 
82945 
82946 
82947 
82948 
82949 
345104 
345108 
345111 
345113 
345114 
345115 
345117 
82975 
82976 
345121 
82977 
82978 
82979 
607269 
607270 
607271 
607273 
607274 
607276 
607277 
607278 
607279 
607280 
607282 
607283 
607284 
345140 
607285 
607286 
345142 
607287 
607288 
607289 
607290 
607291 
607292 
607293 
607294 
83006 
607295 
83007 
607296 
83008 
607297 
345153 
83009 
607298 
607299 
607300 
607301 
345157 
607302 
607303 
607304 
345160 
607305 
607306 
607307 
607308 
607309 
345166 
345203 
345204 
345205 
345207 
345208 
607366 
607367 
607368 
345224 
607369 
345225 
607370 
607371 
345227 
607372 
345231 
345232 
345233 
345234 
345235 
607387 
607388 
607389 
607390 
607391 
607392 
607393 
607394 
607395 
607396 
607397 
607398 
607399 
607400 
345276 
607422 
607423 
607424 
345280 
607425 
607426 
607427 
607428 
607429 
607430 
345286 
607431 
607432 
607433 
607434 
607435 
345291 
345308 
345310 
345312 
345329 
345330 
345332 
607478 
607479 
607480 
345336 
607481 
345337 
607482 
607483 
345339 
607484 
607499 
607500 
607502 
607503 
607504 
607506 
607507 
607508 
607510 
607512 
607513 
607514 
607515 
607516 
607517 
607518 
607519 
607520 
607521 
607522 
607523 
607524 
607525 
607526 
607527 
607528 
607529 
607530 
607531 
607532 
607533 
607534 
607535 
607536 
607537 
607538 
607539 
607540 
607541 
607542 
607543 
607544 
607545 
607546 
607547 
607548 
607549 
607550 
607551 
607552 
607553 
607554 
83277 
83278 
83279 
83305 
83306 
83307 
83308 
83309 
345478 
83334 
83335 
83336 
83337 
83338 
83339 
345487 
607640 
607641 
607642 
345499 
607644 
607645 
607646 
607647 
607648 
607649 
607650 
607651 
607652 
83364 
607653 
83365 
607654 
83366 
607655 
83367 
607656 
83368 
607657 
83369 
607658 
607659 
607660 
607661 
607662 
607663 
607664 
607665 
607666 
607667 
607668 
607669 
607670 
607671 
607672 
607673 
607674 
607675 
607676 
607677 
607678 
607679 
607680 
83394 
83395 
83396 
83397 
83398 
83399 
83424 
83425 
83426 
83427 
83428 
83429 
345575 
345576 
345579 
607737 
607738 
607739 
607740 
607741 
345597 
607742 
83454 
607743 
345599 
83455 
83456 
345601 
83457 
345602 
83458 
345603 
83459 
345605 
345607 
345608 
345613 
607758 
345614 
607759 
345615 
607760 
607761 
607762 
345618 
607763 
607764 
345620 
607765 
345621 
607766 
345622 
607767 
345623 
607768 
345624 
607769 
345625 
607770 
345626 
607771 
345627 
345628 
83484 
345629 
83485 
345630 
83486 
345631 
83487 
345632 
83488 
345633 
83489 
345634 
345635 
345636 
345638 
345640 
345642 
345643 
345644 
345645 
345646 
345647 
345648 
607793 
345649 
607794 
345650 
607795 
607796 
345652 
607797 
345653 
607798 
345654 
607799 
345655 
607800 
345656 
607801 
607802 
607803 
83515 
607804 
83516 
607805 
83517 
607806 
83518 
83519 
345671 
345673 
345675 
345677 
345678 
345680 
345682 
345684 
83546 
83547 
345692 
83548 
83549 
345695 
345697 
345698 
345699 
345702 
345704 
607849 
345705 
607850 
607851 
607852 
345708 
607853 
607854 
607855 
345712 
345721 
345723 
345725 
607870 
607871 
607872 
607873 
607874 
607875 
607876 
607877 
607878 
607879 
607881 
345737 
607883 
345739 
607884 
607885 
607886 
607887 
607888 
607889 
607890 
607891 
607892 
607893 
345749 
607894 
345750 
607895 
607896 
345752 
607897 
607898 
607899 
607900 
607901 
607902 
607903 
607904 
607905 
607906 
607907 
607908 
607909 
607910 
607911 
607912 
607913 
345769 
607914 
345770 
607915 
345771 
607916 
345772 
607917 
345773 
607918 
345774 
607919 
345775 
607920 
607921 
607922 
607923 
607924 
607925 
345790 
345791 
345792 
345793 
345794 
345795 
345796 
345797 
345800 
345802 
345832 
345834 
345836 
345838 
345839 
345841 
345843 
345845 
345846 
345849 
345851 
345852 
608011 
608012 
608013 
608015 
608016 
608018 
608019 
608020 
608021 
608022 
608024 
608025 
608026 
608027 
608028 
608029 
608030 
608031 
608032 
345888 
608033 
345889 
608034 
345890 
608035 
608036 
345892 
608037 
608038 
345894 
608039 
345895 
608040 
608041 
608042 
608043 
608044 
608045 
345901 
608046 
345902 
608047 
345903 
608048 
345904 
608049 
345905 
608050 
345906 
608051 
345907 
345908 
345917 
345919 
345921 
345930 
345931 
345932 
345933 
345934 
345935 
345936 
345945 
345946 
345948 
345954 
83817 
83818 
83819 
608108 
608109 
608110 
608111 
608112 
608113 
608114 
345973 
608129 
608130 
345986 
608131 
345987 
608132 
608133 
83845 
608134 
345990 
83846 
608135 
83847 
608136 
83848 
608137 
345993 
83849 
608138 
608139 
608140 
345996 
608141 
608142 
345999 
346002 
346003 
83874 
83875 
608164 
83876 
608165 
83877 
608166 
346022 
83878 
608167 
83879 
608168 
608169 
346025 
608170 
608171 
608172 
608173 
608174 
608175 
608176 
608177 
346035 
346039 
346042 
346048 
83904 
83905 
83906 
83907 
83908 
83909 
608220 
608221 
608222 
83934 
608223 
83935 
608224 
83936 
608225 
83937 
608226 
83938 
83939 
346085 
346086 
346087 
346089 
346090 
608241 
608242 
608244 
608245 
608246 
608247 
608248 
608249 
608250 
346106 
608251 
346107 
608252 
83964 
608253 
346109 
83965 
608254 
83966 
608255 
83967 
608256 
83968 
608257 
346113 
83969 
608258 
346114 
608259 
346115 
608260 
346116 
608261 
346117 
608262 
608263 
608264 
608265 
608266 
608267 
608268 
608269 
608270 
608271 
608272 
608273 
608274 
608275 
608276 
608277 
608278 
608279 
608280 
608281 
608282 
83994 
608283 
83995 
608284 
83996 
608285 
83997 
608286 
83998 
608287 
83999 
608288 
608289 
608290 
608291 
608292 
608293 
346149 
608294 
608295 
346151 
608296 
346158 
84024 
84025 
84026 
84027 
84028 
84029 
346179 
346190 
346192 
346194 
84055 
84056 
84057 
84058 
84059 
346211 
346212 
346213 
346214 
346216 
346218 
346219 
346221 
84086 
84087 
84088 
84089 
608382 
608383 
608384 
608386 
608387 
608389 
608390 
608391 
608392 
608393 
608395 
608396 
608397 
608398 
608399 
608400 
608401 
608402 
608403 
608404 
608405 
608406 
608407 
608408 
608409 
608410 
608411 
608412 
608413 
608414 
608415 
608416 
608417 
608418 
608419 
608420 
608421 
608422 
346331 
608479 
608480 
608481 
608482 
608483 
608484 
608485 
608500 
608501 
608502 
608503 
608504 
608505 
608506 
608507 
608508 
608509 
608510 
608511 
608512 
608513 
608535 
608536 
608537 
608538 
608539 
608540 
608541 
608542 
608543 
608544 
608545 
608546 
608547 
608548 
608591 
608592 
608593 
608594 
608595 
608596 
608597 
346457 
346461 
608612 
608613 
608615 
608616 
608617 
608619 
608620 
608621 
608623 
346479 
608625 
346481 
608626 
608627 
346483 
608628 
608629 
346485 
608630 
608631 
346487 
608632 
608633 
346489 
608634 
346490 
608635 
608636 
608637 
608638 
608639 
608640 
346496 
608641 
346497 
608642 
608643 
608644 
346500 
608645 
84357 
608646 
346502 
84358 
608647 
346503 
608648 
346504 
608649 
346505 
608650 
346506 
608651 
346507 
608652 
346508 
608653 
346509 
608654 
346510 
608655 
346511 
608656 
346512 
608657 
346513 
608658 
346514 
608659 
346515 
608660 
346516 
608661 
346517 
608662 
346518 
608663 
608664 
346520 
608665 
608666 
346522 
608667 
346524 
346525 
346528 
84385 
346530 
84386 
346531 
84387 
346532 
84388 
84389 
346535 
346537 
346538 
346553 
346555 
346557 
84414 
346559 
84415 
346560 
84416 
84417 
346562 
84418 
346563 
84419 
346564 
346566 
346574 
346577 
346579 
346580 
346581 
346582 
346584 
346586 
346587 
84444 
84445 
346590 
84446 
84447 
84448 
84449 
346594 
346603 
346605 
346607 
608753 
608754 
608755 
608757 
608758 
608760 
608761 
608762 
84474 
608763 
346619 
84475 
608764 
84476 
608765 
346621 
84477 
608766 
84478 
608767 
84479 
608768 
608769 
608770 
608771 
608772 
608773 
608774 
608775 
346631 
608776 
346632 
608777 
608778 
346634 
608779 
608780 
608781 
608782 
608783 
608784 
608785 
608786 
608787 
608788 
608789 
608790 
608791 
608792 
84504 
608793 
84505 
84506 
346651 
84507 
346652 
84508 
346653 
84509 
346654 
346655 
346656 
346657 
346658 
346660 
346664 
346672 
346673 
346674 
346675 
346676 
346677 
346678 
84534 
84535 
84536 
84537 
84538 
84539 
608850 
608851 
608852 
84564 
608853 
84565 
608854 
84566 
608855 
84567 
608856 
84568 
84569 
346714 
346716 
346718 
346720 
346721 
346723 
346725 
608871 
346727 
608872 
346728 
608873 
608874 
608875 
346731 
608876 
608877 
346733 
608878 
346734 
608879 
608880 
608881 
608882 
608883 
84595 
608884 
84596 
84597 
84598 
84599 
608906 
608907 
608908 
608909 
608910 
608911 
608912 
608913 
608914 
346770 
84626 
608915 
84627 
608916 
346772 
84628 
608917 
84629 
608918 
346774 
608919 
346776 
346783 
346784 
346785 
346786 
346787 
346788 
346789 
346790 
346799 
346801 
346803 
346812 
346813 
346814 
346815 
346816 
346817 
608962 
346818 
608963 
608964 
608965 
608966 
608967 
608968 
346827 
346828 
346830 
346836 
346838 
608983 
608984 
608986 
608987 
608988 
608990 
608991 
608992 
608993 
608994 
608996 
608997 
608998 
608999 
609000 
609001 
609002 
609003 
609004 
609005 
609006 
609007 
609008 
609009 
609010 
609011 
609012 
346868 
609013 
609014 
609015 
609016 
346872 
609017 
609018 
609019 
346875 
609020 
609021 
609022 
609023 
609024 
609025 
346881 
609026 
609027 
609028 
609029 
346885 
609030 
609031 
346887 
609032 
609033 
609034 
609035 
609036 
609037 
609038 
346904 
346917 
346921 
346924 
346930 
346953 
346967 
346968 
346969 
346970 
346971 
346972 
609124 
609125 
609126 
609128 
609129 
609131 
609132 
346988 
609133 
346989 
609134 
609135 
346991 
609137 
609138 
609139 
346995 
609140 
346996 
609141 
346997 
609142 
346998 
609143 
346999 
609144 
609145 
609146 
609147 
609148 
609149 
609150 
609151 
609152 
609153 
609154 
609155 
609156 
609157 
609158 
609159 
609160 
609161 
609162 
609163 
609164 
84897 
84898 
84899 
84925 
84926 
347071 
84927 
347072 
84928 
84929 
347074 
347076 
609221 
609222 
609223 
609224 
609225 
609226 
609227 
347093 
347094 
347095 
347096 
347097 
609242 
84954 
609243 
84955 
609244 
347100 
84956 
609245 
347101 
84957 
609246 
84958 
609247 
347103 
84959 
609248 
609249 
609250 
609251 
609252 
609253 
609254 
609255 
84984 
84985 
84986 
84987 
84988 
609277 
84989 
609278 
609279 
609280 
609281 
609282 
609283 
609284 
609285 
609286 
609287 
609288 
609289 
609290 
85014 
85015 
85016 
85017 
85018 
85019 
85044 
609333 
85045 
609334 
85046 
609335 
85047 
609336 
85048 
609337 
85049 
609338 
609339 
609354 
609355 
609356 
609357 
609358 
609359 
609360 
609361 
609362 
85074 
609363 
85075 
609364 
85076 
609365 
85077 
609366 
85078 
609367 
85079 
609368 
609369 
609370 
609371 
609372 
609373 
609374 
609375 
609376 
609377 
609378 
609379 
609380 
609381 
609382 
609383 
609384 
609385 
609386 
609387 
609388 
609389 
609390 
609391 
609392 
85104 
609393 
85105 
609394 
85106 
609395 
85107 
609396 
85108 
609397 
85109 
609398 
609399 
609400 
609401 
609402 
609403 
609404 
609405 
609406 
609407 
609408 
609409 
85135 
85136 
85137 
85138 
85139 
85166 
85167 
85168 
85169 
347339 
347340 
347343 
609494 
609495 
609496 
609497 
609499 
609500 
609501 
609502 
609503 
609504 
609505 
347361 
609506 
609507 
347363 
609508 
609509 
347365 
609510 
609511 
347367 
609512 
609513 
347369 
609514 
609515 
347371 
609516 
347372 
609517 
609518 
609519 
609520 
609521 
609522 
347378 
609523 
347379 
609524 
609525 
609526 
347382 
609527 
609528 
347384 
609529 
347385 
609530 
347386 
609531 
347387 
609532 
347388 
609533 
347389 
609534 
347390 
609535 
347391 
347392 
347393 
347394 
347395 
347396 
347397 
347398 
347399 
347400 
347402 
347404 
347406 
347407 
347408 
347409 
347410 
347412 
347413 
347414 
347417 
347419 
347420 
347435 
347437 
347439 
347441 
347442 
347444 
347446 
609592 
347448 
609593 
609594 
609595 
609596 
609597 
609598 
347456 
347459 
347461 
347462 
347463 
347466 
347468 
609613 
347469 
609614 
609615 
609616 
347472 
609617 
609618 
609619 
609620 
347476 
609621 
609622 
609623 
609624 
609625 
609626 
347485 
347487 
347489 
347490 
347501 
347503 
609648 
609649 
609650 
609651 
609652 
609653 
609654 
609655 
609656 
609657 
347513 
609658 
347514 
609659 
609660 
347516 
609661 
347533 
347534 
347535 
347536 
347537 
347538 
347539 
347554 
347555 
347556 
347557 
347558 
347559 
609704 
347560 
609705 
609706 
609707 
609708 
347564 
609709 
609710 
609725 
85437 
609726 
85438 
609728 
609729 
609730 
609732 
609733 
609734 
609736 
609738 
609739 
609740 
347596 
609741 
609742 
347598 
609743 
609744 
347600 
609745 
609746 
347602 
609747 
347603 
609748 
609749 
347605 
609750 
609751 
347607 
609752 
609753 
347609 
85465 
609754 
347610 
85466 
609755 
85467 
609756 
85468 
609757 
347613 
85469 
609758 
609759 
347615 
609760 
347616 
609761 
609762 
609763 
609764 
609765 
609766 
609767 
609768 
609769 
609770 
609771 
609772 
609773 
609774 
609775 
609776 
609777 
609778 
609779 
609780 
85494 
85495 
85496 
85497 
85498 
85499 
347649 
347652 
347654 
347656 
347658 
347666 
347667 
347668 
85524 
347669 
85525 
347670 
85526 
347671 
85527 
347672 
85528 
85529 
347681 
347682 
347683 
347684 
347685 
347694 
347695 
347696 
347697 
347698 
85554 
347699 
85555 
347700 
85556 
85557 
85558 
85559 
347709 
347710 
347711 
347712 
347714 
347718 
347721 
609866 
609867 
609868 
609869 
609870 
609871 
85584 
609873 
85585 
609874 
85586 
609875 
85587 
609876 
85588 
609877 
85589 
609878 
609879 
609880 
609881 
347737 
609882 
347738 
609883 
609884 
609885 
347741 
609886 
609887 
609888 
609889 
609890 
609891 
609892 
609893 
609894 
347750 
609895 
609896 
609897 
609898 
347754 
609899 
609900 
347756 
609901 
347757 
609902 
85614 
609903 
85615 
609904 
347760 
85616 
609905 
347761 
85617 
609906 
347762 
85618 
347763 
85619 
347765 
347767 
347769 
347786 
347788 
85644 
85645 
85646 
85647 
85648 
85649 
347799 
347803 
347806 
347810 
347812 
609963 
85675 
609964 
85676 
609965 
85677 
609966 
85678 
609967 
85679 
609968 
609969 
347835 
347836 
347838 
609984 
609985 
609986 
609987 
609988 
609989 
609990 
609991 
609992 
609993 
347849 
609994 
347850 
85706 
609995 
347851 
85707 
609996 
85708 
609997 
347853 
85709 
347854 
347863 
347867 
347870 
347871 
347873 
610019 
610020 
610021 
347877 
610022 
347878 
610023 
347879 
610024 
347880 
610025 
347881 
610026 
610027 
610028 
610029 
610030 
610031 
610032 
347897 
347898 
347901 
347902 
347911 
347924 
347926 
610075 
610076 
610077 
610078 
610079 
610080 
610081 
610096 
610097 
347954 
610099 
610100 
347956 
610101 
347958 
610103 
610104 
610105 
610107 
610109 
610110 
610111 
610112 
610113 
610114 
610115 
610116 
610117 
610118 
610119 
347975 
610120 
347976 
610121 
347977 
610122 
347978 
610123 
347979 
610124 
610125 
610126 
347982 
610127 
347983 
610128 
610129 
347985 
610130 
610131 
610132 
610133 
610134 
610135 
610136 
610137 
610138 
610139 
610140 
610141 
610142 
610143 
610144 
610145 
610146 
610147 
610148 
610149 
610150 
610151 
610237 
610238 
610239 
348096 
610241 
610242 
610244 
610245 
610246 
610247 
610248 
610250 
610251 
610252 
610253 
610254 
610255 
610256 
610257 
610258 
610259 
610260 
610261 
610262 
610263 
610264 
610265 
85977 
610266 
85978 
610267 
85979 
610268 
610269 
610270 
610271 
610272 
610273 
348129 
610274 
610275 
610276 
610277 
348145 
86005 
86006 
86007 
86008 
86009 
348168 
86034 
86035 
86036 
86037 
86038 
86039 
610334 
610335 
610336 
610337 
610338 
610339 
610340 
86064 
86065 
86066 
610355 
86067 
610356 
86068 
610357 
86069 
610358 
610359 
610360 
610361 
610362 
610363 
610364 
610365 
348221 
610366 
348222 
610367 
610368 
348225 
86094 
86095 
86096 
86097 
86098 
348243 
86099 
348245 
610390 
610391 
348247 
610392 
610393 
348249 
610394 
610395 
348251 
610396 
610397 
348253 
610398 
348254 
610399 
610400 
610401 
348257 
610402 
610403 
348260 
348261 
348264 
348266 
348267 
348268 
86124 
348269 
86125 
348270 
86126 
348271 
86127 
348272 
86128 
348273 
86129 
348274 
348275 
348276 
348277 
348278 
348279 
348280 
348281 
348282 
348284 
348286 
348288 
348289 
348292 
348294 
348295 
348296 
348298 
86154 
348299 
86155 
86156 
348301 
86157 
610446 
348302 
86158 
610447 
86159 
610448 
610449 
610450 
610451 
610452 
348317 
348319 
348321 
610467 
348323 
610468 
348324 
610470 
348326 
610471 
610472 
348328 
86184 
86185 
610474 
348330 
86186 
610475 
86187 
610476 
86188 
86189 
610478 
610480 
610481 
610482 
348338 
610483 
610484 
610485 
348341 
610486 
610487 
348343 
610488 
348344 
610489 
348345 
610490 
610491 
610492 
348348 
610493 
610494 
348350 
610495 
348351 
610496 
610497 
610498 
348354 
610499 
610500 
610501 
610502 
348358 
610503 
86215 
610504 
86216 
610505 
86217 
610506 
86218 
610507 
86219 
610508 
610509 
610510 
610511 
348367 
610512 
610513 
348369 
610514 
610515 
348371 
610516 
348372 
610517 
610518 
610519 
610520 
610521 
610522 
348383 
348385 
86246 
86247 
86248 
86249 
348395 
348396 
348398 
348399 
348415 
348416 
348417 
348418 
348419 
348420 
348421 
348436 
348437 
348438 
348439 
348440 
348441 
348442 
348446 
610607 
610608 
610609 
610610 
610612 
610613 
610615 
610616 
610617 
610618 
610619 
610621 
610622 
348478 
610623 
610624 
348480 
610625 
610626 
348482 
610627 
610628 
348484 
610629 
348485 
610630 
610631 
348487 
610632 
610633 
348489 
610634 
610635 
348491 
610636 
348492 
610637 
610638 
610639 
348495 
610640 
610641 
348497 
610642 
348498 
610643 
610644 
610645 
610646 
610647 
610648 
348534 
348536 
348538 
348540 
348548 
348549 
348550 
348551 
348552 
348553 
348554 
610705 
610706 
610707 
348563 
610708 
610709 
348565 
610710 
610711 
348567 
348576 
348577 
348578 
348579 
348580 
348581 
610726 
348582 
610727 
610728 
610729 
610730 
610731 
610732 
610733 
610734 
610735 
348591 
610736 
348592 
610737 
610738 
348594 
610739 
610761 
610762 
610763 
348619 
610764 
610765 
610766 
610767 
610768 
610769 
610770 
610771 
610772 
610773 
610774 
348632 
348636 
348637 
348639 
348641 
348643 
348645 
348648 
348649 
86517 
86518 
86519 
348668 
610817 
610818 
610819 
610820 
610821 
610822 
610823 
348681 
348683 
348685 
348687 
348688 
348689 
86545 
86546 
86547 
348692 
86548 
348693 
86549 
610838 
348694 
610839 
610841 
610842 
610843 
610845 
610846 
610847 
610849 
610851 
610852 
610853 
610854 
610855 
610856 
610857 
610858 
610859 
610860 
610861 
610862 
86574 
610863 
86575 
610864 
86576 
610865 
86577 
610866 
86578 
610867 
86579 
610868 
610869 
610870 
610871 
610872 
610873 
610874 
610875 
348731 
610876 
348732 
610877 
348733 
610878 
610879 
348735 
610880 
348736 
610881 
610882 
610883 
610884 
610885 
610886 
610887 
610888 
610889 
610890 
610891 
610892 
86604 
610893 
86605 
86606 
86607 
348752 
86608 
348753 
86609 
348755 
348758 
348759 
348760 
348761 
348762 
348763 
348764 
86634 
86635 
86636 
86637 
86638 
86639 
86664 
86665 
86666 
86667 
86668 
86669 
348814 
610979 
610980 
348836 
610981 
348838 
86694 
610983 
86695 
610984 
348840 
86696 
86697 
610986 
86698 
610987 
86699 
610988 
610989 
610990 
610992 
610993 
610994 
610995 
610996 
610997 
610998 
610999 
611000 
611001 
348857 
611002 
348858 
611003 
348859 
611004 
348860 
611005 
348861 
611006 
611007 
611008 
348864 
611009 
348865 
611010 
611011 
348867 
611012 
86724 
611013 
86725 
611014 
86726 
611015 
86727 
611016 
86728 
611017 
86729 
611018 
611019 
86755 
86756 
86757 
86758 
86759 
86786 
86787 
611076 
86788 
611077 
86789 
611078 
611079 
611080 
611081 
611082 
611097 
611098 
611099 
611100 
611101 
611102 
611103 
611104 
611105 
611106 
611107 
611108 
611109 
611110 
611132 
611133 
611134 
611135 
611136 
611137 
611138 
611139 
611140 
611141 
611142 
611143 
611144 
611145 
349011 
349013 
611188 
611189 
611190 
611191 
611192 
611193 
611194 
611209 
611210 
611212 
611213 
611214 
611216 
611217 
611218 
611220 
611222 
611223 
611224 
611225 
611226 
611227 
611228 
611229 
611230 
611231 
611232 
611233 
611234 
611235 
611236 
611237 
611238 
611239 
611240 
349096 
611241 
611242 
611243 
611244 
611245 
611246 
611247 
349103 
611248 
611249 
611250 
611251 
349107 
611252 
611253 
611254 
611255 
611256 
611257 
611258 
611259 
611260 
611261 
611262 
611263 
611264 
349123 
349125 
349127 
349129 
349131 
349133 
349135 
349136 
349142 
349143 
349146 
349148 
349149 
349150 
349151 
349152 
349153 
349154 
349155 
349156 
349157 
349158 
349159 
349160 
349161 
349162 
349163 
349164 
349166 
349168 
349170 
349171 
349174 
349176 
349177 
349178 
349181 
349183 
349184 
349199 
349201 
87057 
87058 
349203 
349205 
611350 
349206 
611351 
611352 
349208 
349209 
611354 
349210 
611355 
349212 
611357 
611358 
611359 
611360 
611361 
611363 
611364 
349220 
611365 
611366 
611367 
349223 
611368 
611369 
349225 
611370 
349226 
611371 
349227 
611372 
349228 
611373 
87085 
611374 
349230 
87086 
611375 
87087 
611376 
349232 
87088 
611377 
349233 
87089 
611378 
611379 
611380 
349236 
611381 
611382 
611383 
611384 
349240 
611385 
611386 
611387 
611388 
611389 
611390 
349249 
349251 
349253 
87114 
87115 
87116 
87117 
87118 
87119 
349265 
349267 
349277 
349278 
349280 
87144 
87145 
87146 
87147 
87148 
87149 
349297 
349298 
349299 
349300 
349301 
349302 
611447 
349303 
611448 
611449 
611450 
611451 
611452 
611453 
349318 
87174 
349319 
87175 
349320 
87176 
349321 
87177 
349322 
87178 
349323 
87179 
611468 
349324 
611469 
611470 
611471 
611472 
611473 
611474 
611475 
611476 
611477 
611478 
611479 
611480 
611481 
87204 
87205 
87206 
87207 
87208 
87209 
611503 
611504 
349360 
611505 
611506 
349362 
611507 
349363 
611508 
349364 
611509 
611510 
349366 
611511 
349367 
611512 
611513 
349369 
611514 
611515 
349371 
611516 
349373 
349374 
349375 
349377 
87234 
349379 
87235 
349380 
87236 
87237 
87238 
87239 
87264 
349409 
87265 
87266 
87267 
87268 
349413 
87269 
611559 
611560 
349416 
611561 
349417 
611562 
349418 
611563 
611564 
349420 
611565 
349421 
349422 
349423 
349430 
349431 
349432 
349433 
349434 
349435 
611580 
349436 
611581 
611583 
87295 
611584 
87296 
611585 
87297 
87298 
611587 
87299 
611588 
611589 
349445 
611591 
349447 
611593 
349449 
611594 
611595 
611596 
611597 
611598 
611599 
611600 
611601 
611602 
349458 
611603 
349459 
611604 
349460 
611605 
349461 
611606 
349462 
611607 
349463 
611608 
349464 
611609 
611610 
611611 
611612 
611613 
611614 
87326 
611615 
87327 
611616 
87328 
611617 
349473 
87329 
611618 
349474 
611619 
611620 
349476 
611621 
611622 
349478 
611623 
611624 
611625 
611626 
349482 
611627 
611628 
611629 
611630 
611631 
611632 
611633 
611634 
611635 
349501 
349514 
349515 
349518 
349519 
349521 
349525 
349527 
349531 
349550 
349552 
349563 
349567 
349568 
349570 
611720 
349576 
611721 
611722 
611723 
349580 
611725 
611726 
349583 
611728 
611729 
611730 
611731 
611732 
611734 
611735 
611736 
611737 
611738 
611739 
611740 
611741 
611742 
611743 
349599 
611744 
611745 
611746 
611747 
611748 
611749 
611750 
611751 
611752 
611753 
611754 
611755 
611756 
611757 
349613 
611758 
349614 
611759 
349615 
611760 
611761 
349617 
349618 
349634 
349635 
349637 
349641 
349642 
349643 
349644 
349645 
611818 
611819 
611820 
611821 
611822 
611823 
611824 
349689 
611839 
611840 
349696 
611841 
611842 
611843 
611844 
611845 
611846 
611847 
349703 
611848 
611849 
349705 
611850 
611851 
611852 
349710 
349718 
349720 
349722 
611874 
611875 
611876 
611877 
611878 
611879 
611880 
611881 
611882 
611883 
349739 
611884 
349740 
611885 
349741 
87597 
611886 
349742 
87598 
611887 
349743 
349746 
349747 
349749 
87625 
87626 
87627 
87628 
87629 
611930 
611931 
611932 
611933 
611934 
611935 
611936 
87654 
87655 
87656 
87657 
87658 
87659 
611951 
611952 
611954 
611955 
611956 
611958 
611959 
611960 
611962 
611963 
611964 
611965 
611966 
611967 
611968 
611969 
611970 
611971 
611972 
87684 
611973 
87685 
611974 
87686 
611975 
87687 
611976 
87688 
611977 
87689 
611978 
611979 
611980 
611981 
611982 
611983 
611984 
611985 
611986 
611987 
611988 
611989 
611990 
611991 
611992 
611993 
611994 
611995 
611996 
611997 
611998 
611999 
612000 
612001 
612002 
87714 
612003 
87715 
612004 
87716 
612005 
87717 
612006 
87718 
87719 
87744 
87745 
87746 
87747 
87748 
87749 
349908 
349912 
87774 
87775 
87776 
87777 
87778 
87779 
612092 
87804 
612093 
87805 
612094 
87806 
87807 
612096 
87808 
612097 
87809 
612099 
612100 
612101 
612102 
612103 
612105 
612106 
612107 
612108 
612109 
612110 
612111 
612112 
612113 
612114 
612115 
612116 
612117 
612118 
612119 
612120 
612121 
612122 
612123 
87835 
612124 
87836 
612125 
87837 
612126 
87838 
612127 
87839 
612128 
612129 
349985 
612130 
349986 
612131 
612132 
349989 
350007 
350009 
87866 
350011 
87867 
87868 
350013 
87869 
350015 
350017 
350018 
350024 
350025 
350028 
350030 
350031 
350032 
350033 
350034 
350035 
350036 
350037 
350038 
350039 
350040 
350041 
350042 
350043 
350044 
612189 
350045 
612190 
350046 
612191 
612192 
350048 
612193 
612194 
350050 
612195 
350052 
350053 
350054 
350056 
350057 
350058 
350059 
350060 
350063 
350065 
612210 
350066 
612211 
612212 
612213 
612214 
612215 
612216 
612217 
612218 
612219 
612220 
612221 
612222 
612223 
350081 
350083 
350084 
350085 
350087 
350088 
350090 
350091 
350092 
350094 
612245 
612246 
350102 
612247 
350103 
612248 
612249 
350105 
612250 
612251 
350107 
612252 
350108 
612253 
350109 
612254 
350110 
612255 
612256 
350112 
612257 
612258 
350114 
350115 
350118 
350122 
350131 
350133 
350135 
350147 
350149 
612301 
612302 
612303 
350159 
612304 
350160 
612305 
612306 
350162 
612307 
612322 
612323 
350179 
350180 
612325 
350181 
612326 
350182 
612327 
350183 
350184 
612329 
350185 
612330 
612331 
612333 
612335 
612336 
612337 
612338 
612339 
612340 
612341 
612342 
612343 
612344 
350200 
612345 
350201 
612346 
350202 
612347 
350203 
612348 
350204 
612349 
350205 
612350 
350206 
612351 
612352 
612353 
612354 
612355 
612356 
612357 
612358 
612359 
612360 
612361 
612362 
612363 
612364 
612365 
612366 
612367 
612368 
612369 
612370 
612371 
612372 
612373 
612374 
612375 
612376 
612377 
350242 
350244 
350246 
350248 
350249 
350251 
350253 
350255 
350256 
350259 
350261 
350262 
88136 
88137 
88138 
88139 
350298 
350300 
350302 
350304 
88165 
88166 
350311 
88167 
350312 
88168 
350313 
88169 
350314 
350315 
350316 
350317 
350318 
612463 
612464 
612465 
612467 
612468 
612470 
612471 
350327 
612472 
612473 
350329 
612474 
350330 
612475 
350331 
612476 
612477 
612478 
612479 
612480 
612481 
612482 
88194 
612483 
88195 
612484 
350340 
88196 
612485 
350341 
88197 
612486 
350342 
88198 
612487 
350343 
88199 
612488 
350344 
612489 
350345 
612490 
350346 
612491 
612492 
612493 
612494 
612495 
612496 
612497 
612498 
612499 
350355 
612500 
350356 
612501 
612502 
350358 
612503 
88224 
88225 
88226 
88227 
88228 
88229 
350396 
88254 
88255 
350400 
88256 
88257 
350402 
88258 
350403 
88259 
350408 
350409 
350411 
350412 
350413 
612560 
612561 
612562 
612563 
612564 
612565 
612566 
88284 
88285 
88286 
88287 
350432 
88288 
88289 
612581 
612582 
612583 
612584 
612585 
612586 
612587 
612588 
612589 
350445 
612590 
350446 
612591 
612592 
612593 
350449 
612594 
350450 
350452 
350455 
350457 
350458 
88314 
88315 
88316 
88317 
350462 
88318 
88319 
612616 
612617 
612618 
612619 
612620 
612621 
612622 
612623 
612624 
612625 
350481 
612626 
612627 
612628 
612629 
88344 
88345 
88346 
88347 
88348 
88349 
350495 
350496 
350497 
350499 
350500 
350513 
350516 
350517 
350519 
88375 
88376 
88377 
88378 
350523 
88379 
350524 
350525 
350526 
350527 
612672 
612673 
612674 
612675 
612676 
612677 
612678 
612693 
612694 
88406 
612695 
88407 
612696 
88408 
612697 
88409 
612698 
612699 
612700 
612701 
612702 
612704 
612706 
612707 
612708 
612709 
612710 
612711 
612712 
612713 
612714 
612715 
612716 
612717 
612718 
612719 
612720 
612721 
612722 
612723 
612724 
612725 
612726 
612727 
612728 
612729 
612730 
612731 
350587 
612732 
612733 
612734 
612735 
612736 
612737 
612738 
350594 
612739 
612740 
612741 
612742 
612743 
612744 
350600 
612745 
612746 
350602 
612747 
612748 
350604 
350621 
350622 
350624 
350628 
350629 
350631 
612833 
612834 
612835 
612836 
612837 
612838 
612839 
612840 
612841 
612842 
612843 
612844 
612845 
612847 
612848 
612849 
612850 
612851 
612852 
612853 
612854 
612855 
612856 
612857 
612858 
612859 
612860 
612861 
612862 
612863 
612864 
612865 
612866 
612867 
612868 
612869 
612870 
612871 
612872 
612873 
612874 
350768 
612931 
612932 
612933 
612934 
612935 
612936 
612937 
350803 
612952 
612953 
612954 
612955 
612956 
612957 
612958 
612959 
612960 
612961 
612962 
612963 
612964 
612965 
88677 
88678 
612987 
612988 
612989 
612990 
612991 
612992 
612993 
88705 
612994 
88706 
612995 
88707 
612996 
88708 
612997 
88709 
612998 
612999 
613000 
350867 
350868 
350870 
350871 
88734 
88735 
88736 
88737 
88738 
88739 
350885 
350889 
350891 
350892 
350893 
350895 
350897 
613043 
350899 
613044 
350900 
613045 
613046 
613047 
613048 
613049 
350906 
350907 
88764 
88765 
350910 
88766 
88767 
350912 
88768 
350913 
88769 
350914 
350915 
350916 
350917 
350918 
350919 
613064 
350920 
613065 
350921 
613066 
350922 
613067 
350923 
613068 
350924 
613069 
350925 
613070 
350926 
613071 
350927 
613072 
350928 
613073 
350930 
613075 
613076 
350932 
613077 
613078 
350934 
613079 
350935 
613080 
613081 
613082 
350938 
88794 
613083 
88795 
613084 
350940 
88796 
613085 
350941 
88797 
613086 
350942 
88798 
613087 
88799 
613088 
613089 
350945 
613090 
613091 
350947 
613092 
350948 
613093 
613094 
613095 
613096 
613097 
613098 
613099 
613100 
613101 
613102 
613103 
613104 
613105 
613106 
613107 
350963 
613108 
613109 
350965 
613110 
613111 
350967 
613112 
88824 
613113 
350969 
88825 
613114 
350970 
88826 
613115 
88827 
613116 
350972 
88828 
613117 
88829 
613118 
350974 
613119 
350976 
350984 
350985 
350987 
350989 
350990 
350991 
350994 
350996 
350997 
88854 
88855 
351000 
88856 
88857 
88858 
88859 
351004 
351013 
351015 
351017 
351018 
88884 
351029 
88885 
88886 
351031 
88887 
88888 
88889 
351040 
351041 
351042 
351044 
351045 
88915 
613204 
88916 
613205 
351061 
88917 
613206 
351062 
88918 
613207 
351063 
88919 
351064 
613209 
351065 
613210 
351066 
613211 
351067 
613212 
613213 
613214 
613215 
613216 
613217 
613218 
613219 
613220 
613221 
613222 
613223 
613224 
613225 
613226 
351082 
613227 
351083 
613228 
351084 
613229 
351085 
613230 
351086 
613231 
351087 
613232 
351088 
613233 
613234 
88946 
613235 
88947 
613236 
351092 
88948 
613237 
88949 
613238 
613239 
613240 
613241 
613242 
613243 
613244 
613245 
351124 
351126 
351128 
351130 
351131 
351133 
351135 
351137 
351138 
351141 
351143 
351144 
613302 
613303 
613304 
613305 
613306 
613307 
613308 
613323 
613324 
351180 
613325 
613326 
351182 
613327 
613328 
351184 
613329 
613330 
351186 
613331 
613332 
613333 
613334 
613335 
613336 
351194 
351195 
351196 
351197 
351198 
351199 
351200 
351209 
351211 
351213 
613358 
613359 
613360 
613361 
613362 
613363 
613364 
613365 
613366 
351222 
613367 
351223 
613368 
351224 
613369 
351225 
613370 
351226 
613371 
351227 
351228 
351237 
351238 
351240 
613414 
613415 
613416 
613417 
613418 
613419 
613420 
351278 
351279 
351282 
351283 
351285 
351289 
613435 
351291 
613436 
613438 
351294 
613439 
351295 
613440 
613442 
351298 
613443 
613444 
613446 
613448 
613449 
613450 
613451 
613452 
613453 
613454 
613455 
613456 
613457 
613458 
351314 
613459 
613460 
613461 
613462 
613463 
613464 
613465 
613466 
613467 
613468 
613469 
613470 
613471 
351327 
613472 
613473 
613474 
613475 
351331 
613476 
351332 
613477 
613478 
351334 
613479 
613480 
351336 
613481 
613482 
351338 
613483 
613484 
351340 
613485 
613486 
613487 
613488 
613489 
613490 
89217 
89218 
351377 
351378 
351379 
351381 
351382 
89245 
89246 
89247 
89248 
89249 
351398 
351399 
351400 
351401 
351403 
351405 
351406 
351407 
351408 
351409 
351410 
89274 
89275 
89276 
89277 
89278 
89279 
613576 
613577 
351433 
613578 
613580 
613581 
613582 
613583 
613584 
613585 
613586 
613587 
613588 
613589 
613590 
613591 
613592 
89304 
613593 
89305 
613594 
89306 
613595 
89307 
613596 
89308 
613597 
89309 
613598 
613599 
613600 
613601 
613602 
613603 
613604 
613605 
613606 
613607 
613608 
613609 
613610 
613611 
613612 
613613 
613614 
613615 
613616 
89334 
89335 
89336 
89337 
351482 
89338 
89339 
351484 
351486 
351503 
351504 
351506 
89364 
89365 
351510 
89366 
351511 
89367 
89368 
351513 
89369 
351514 
613673 
613674 
613675 
613676 
613677 
613678 
613679 
89394 
89395 
89396 
89397 
89398 
89399 
613694 
613695 
613696 
613697 
613698 
613699 
613700 
613701 
613702 
613703 
613704 
613705 
613706 
613707 
89424 
89425 
89426 
89427 
89428 
89429 
613729 
613730 
613731 
613732 
613733 
613734 
613735 
613736 
613737 
613738 
613739 
613740 
613741 
613742 
89455 
89456 
89457 
89458 
89459 
89486 
89487 
89488 
89489 
613785 
613786 
613787 
613788 
613789 
613790 
613791 
613806 
613807 
613809 
613810 
613811 
613813 
613814 
613815 
613817 
613819 
613820 
613821 
613822 
613823 
613824 
613825 
613826 
613827 
613828 
613829 
613830 
613831 
613832 
613833 
613834 
613835 
613836 
613837 
613838 
613839 
613840 
613841 
613842 
613843 
613844 
613845 
613846 
613847 
613848 
613849 
613850 
613851 
613852 
613853 
613854 
613855 
613856 
613857 
613858 
613859 
613860 
613861 
351749 
351753 
351771 
351773 
351774 
351775 
351777 
351779 
351781 
351782 
351788 
351789 
351792 
351794 
351795 
351796 
351797 
351798 
351799 
351800 
351801 
351802 
613947 
351803 
613948 
351804 
613949 
351805 
613950 
351806 
613951 
351807 
613952 
351808 
351809 
613954 
351810 
613955 
613956 
351812 
613957 
613958 
351814 
613960 
351816 
613961 
351817 
613962 
613963 
613964 
351820 
613965 
613966 
351822 
613967 
351823 
613968 
351824 
613969 
613970 
613971 
351827 
613972 
613973 
351829 
613974 
351830 
613975 
613976 
613977 
613978 
613979 
613980 
613981 
613982 
613983 
613984 
613985 
613986 
613987 
351845 
351847 
351849 
351851 
351852 
351854 
351855 
351856 
351858 
351866 
351869 
351871 
351872 
351873 
351874 
351876 
351878 
351879 
351882 
351886 
351895 
351897 
351899 
614044 
614045 
89757 
614046 
89758 
614047 
614048 
614049 
614050 
351911 
351913 
614065 
614066 
614067 
351923 
614068 
351924 
614069 
614070 
351926 
614071 
614072 
614073 
89785 
614074 
89786 
614075 
89787 
614076 
89788 
614077 
89789 
614078 
351943 
351944 
351945 
351946 
351947 
351948 
351949 
351950 
351952 
351954 
614100 
351956 
614101 
614102 
89814 
614103 
89815 
614104 
89816 
614105 
89817 
614106 
89818 
614107 
89819 
614108 
351964 
614109 
351965 
614110 
351966 
614111 
351967 
614112 
351968 
614113 
351969 
351970 
351971 
351974 
351976 
351977 
89844 
89845 
89846 
89847 
89848 
89849 
352006 
352008 
352010 
614156 
352012 
614157 
352013 
614158 
614159 
352015 
614160 
614161 
352017 
614162 
89874 
352019 
89875 
352020 
89876 
89877 
89878 
352023 
89879 
352025 
352026 
614177 
614178 
614180 
614181 
614182 
614184 
614185 
614186 
614188 
614190 
614191 
614192 
89904 
614193 
89905 
614194 
89906 
614195 
89907 
614196 
89908 
614197 
89909 
614198 
614199 
352055 
614200 
614201 
614202 
614203 
614204 
614205 
614206 
352062 
614207 
614208 
352064 
614209 
614210 
352066 
614211 
614212 
352068 
614213 
614214 
614215 
614216 
614217 
614218 
614219 
614220 
352076 
614221 
352077 
614222 
352078 
89934 
614223 
352079 
89935 
614224 
352080 
89936 
614225 
352081 
89937 
614226 
352082 
89938 
614227 
89939 
614228 
614229 
614230 
614231 
614232 
352090 
352091 
352093 
352094 
352095 
352104 
352105 
352106 
352107 
352108 
89964 
352109 
89965 
352110 
89966 
89967 
89968 
89969 
352119 
352120 
352122 
352127 
89995 
89996 
89997 
89998 
89999 
352160 
352164 
352167 
352169 
90026 
352171 
90027 
90028 
614317 
352173 
90029 
614318 
614319 
614320 
352177 
614322 
614323 
614325 
614326 
614327 
614328 
614329 
614331 
614332 
614333 
614334 
614335 
614336 
614337 
614338 
614339 
614340 
352196 
614341 
614342 
614343 
614344 
614345 
614346 
614347 
614348 
614349 
614350 
614351 
614352 
614353 
352209 
614354 
614355 
614356 
614357 
352213 
614358 
352216 
352218 
352220 
352222 
352245 
352259 
352260 
352261 
352263 
352264 
614415 
614416 
614417 
614418 
614419 
614420 
614421 
352280 
352281 
352283 
352287 
352288 
352289 
352290 
352291 
614436 
614437 
614438 
614439 
614440 
614441 
614442 
614443 
614444 
614445 
614446 
614447 
614448 
614449 
352315 
352319 
614471 
614472 
614473 
614474 
614475 
614476 
614477 
614478 
614479 
614480 
614481 
614482 
614483 
614484 
352346 
352364 
352366 
352368 
614527 
614528 
352384 
614529 
352385 
614530 
352386 
614531 
352387 
614532 
352388 
614533 
352389 
352392 
352393 
352395 
614548 
614549 
614550 
614551 
614552 
614553 
614554 
614555 
614556 
614557 
614559 
614561 
614562 
614563 
614564 
614565 
614566 
614567 
614568 
614569 
614570 
614571 
614572 
614573 
614574 
614575 
614576 
614577 
614578 
614579 
614580 
614581 
614582 
614583 
614584 
614585 
90297 
614586 
90298 
614587 
90299 
614588 
614589 
614590 
614591 
614592 
614593 
614594 
614595 
614596 
614597 
614598 
614599 
614600 
614601 
614602 
614603 
90325 
90326 
90327 
90328 
90329 
90354 
90355 
90356 
90357 
90358 
90359 
352506 
90384 
90385 
90386 
90387 
90388 
90389 
614689 
614690 
614691 
614693 
614694 
614696 
614697 
614698 
352554 
614699 
614700 
614701 
614702 
90414 
614703 
90415 
614704 
90416 
614705 
90417 
614706 
90418 
614707 
90419 
614708 
614709 
614710 
614711 
614712 
614713 
614714 
614715 
614716 
614717 
614718 
614719 
614720 
614721 
614722 
614723 
614724 
614725 
614726 
614727 
614728 
614729 
90444 
90445 
90446 
90447 
90448 
90449 
90474 
90475 
90476 
90477 
90478 
90479 
352631 
352632 
352635 
614786 
614787 
614788 
614789 
614790 
614791 
614792 
90504 
90505 
90506 
90507 
90508 
352653 
90509 
352655 
352657 
352659 
352660 
352661 
614807 
352663 
614808 
352664 
614809 
614810 
352666 
614811 
614812 
614813 
614814 
352670 
614815 
352671 
614816 
352672 
614817 
614818 
352674 
614819 
352675 
614820 
352676 
352677 
352678 
352679 
90535 
352680 
90536 
352681 
90537 
352682 
90538 
352683 
90539 
352684 
352685 
352686 
352687 
352688 
352689 
352690 
352691 
352692 
352694 
352696 
614842 
352698 
614843 
352699 
614844 
614845 
614846 
352702 
614847 
614848 
352704 
614849 
352705 
614850 
352706 
614851 
614852 
614853 
352709 
614854 
90566 
614855 
352711 
90567 
352712 
90568 
90569 
352727 
352729 
352730 
352731 
352733 
352734 
352736 
352737 
352738 
352740 
352748 
352749 
352751 
352753 
614898 
352754 
614899 
352755 
614900 
352756 
614901 
614902 
352758 
614903 
614904 
352760 
352761 
352764 
352768 
614919 
614920 
352777 
614922 
614923 
352779 
614924 
352781 
614926 
614927 
614928 
614930 
614932 
614933 
614934 
614935 
614936 
614937 
352793 
614938 
614939 
352795 
614940 
614941 
614942 
614943 
614944 
614945 
614946 
614947 
614948 
614949 
352805 
614950 
352806 
614951 
614952 
352808 
614953 
614954 
614955 
614956 
614957 
614958 
614959 
614960 
614961 
614962 
614963 
614964 
614965 
614966 
614967 
614968 
614969 
352825 
614970 
352826 
614971 
352827 
614972 
352828 
614973 
352829 
614974 
352830 
352831 
352834 
352836 
352838 
352846 
352847 
352848 
352849 
352850 
352851 
352852 
352858 
352888 
352890 
352892 
352894 
352895 
352897 
352899 
352901 
352902 
352905 
352907 
352908 
615060 
615061 
615062 
615064 
615065 
615067 
615068 
615069 
615070 
615071 
615073 
615074 
615075 
615076 
615077 
615078 
615079 
615080 
615081 
352937 
615082 
615083 
615084 
615085 
352941 
615086 
615087 
615088 
352944 
615089 
615090 
352946 
615091 
615092 
352948 
615093 
615094 
352950 
615095 
615096 
615097 
615098 
615099 
615100 
352958 
352959 
352960 
352961 
352962 
352963 
352964 
352973 
352975 
352976 
352977 
90837 
90838 
352986 
352987 
352988 
352989 
352990 
352991 
352992 
353001 
353002 
353004 
90865 
90866 
90867 
90868 
615157 
90869 
615158 
615159 
615160 
615161 
615162 
615163 
615178 
615179 
615180 
615181 
615182 
90894 
615183 
90895 
615184 
90896 
615185 
90897 
615186 
353042 
90898 
615187 
90899 
615188 
615189 
615190 
353046 
615191 
353049 
353055 
353058 
353059 
90924 
615213 
90925 
615214 
90926 
615215 
90927 
615216 
90928 
615217 
90929 
615218 
615219 
615220 
615221 
615222 
353078 
615223 
615224 
615225 
615226 
353091 
353095 
353097 
353098 
90954 
90955 
90956 
90957 
353102 
90958 
90959 
353104 
615269 
615270 
615271 
615272 
90984 
615273 
90985 
615274 
90986 
615275 
90987 
90988 
90989 
353140 
353141 
353142 
353143 
353145 
615290 
353146 
615291 
615293 
615294 
615295 
615297 
615298 
615299 
615301 
91014 
615303 
91015 
615304 
91016 
615305 
91017 
615306 
353162 
91018 
615307 
353163 
91019 
615308 
615309 
353165 
615310 
615311 
615312 
353168 
615313 
353169 
615314 
353170 
615315 
353171 
615316 
353172 
615317 
353173 
615318 
353174 
615319 
615320 
615321 
615322 
615323 
615324 
615325 
615326 
615327 
615328 
615329 
615330 
615331 
615332 
91044 
615333 
353189 
91045 
615334 
91046 
615335 
91047 
615336 
91048 
615337 
91049 
615338 
615339 
615340 
353196 
615341 
353197 
615342 
615343 
615344 
353200 
615345 
91075 
91076 
91077 
91078 
91079 
353246 
353248 
353250 
91106 
91107 
91108 
91109 
353267 
353268 
353270 
353274 
353275 
353277 
615431 
615432 
615433 
615435 
615436 
615438 
615439 
615440 
615441 
615442 
615444 
615445 
615446 
615447 
615448 
615449 
615450 
615451 
615452 
615453 
615454 
615455 
615456 
615457 
615458 
615459 
615460 
615461 
615462 
615463 
615464 
615465 
615466 
615467 
615468 
615469 
615470 
615471 
615528 
615529 
615530 
615531 
615532 
615533 
615534 
615549 
615550 
615551 
615552 
615553 
615554 
615555 
615556 
615557 
615558 
615559 
615560 
353416 
615561 
615562 
615584 
615585 
615586 
615587 
615588 
615589 
615590 
615591 
615592 
615593 
615594 
615595 
353451 
615596 
615597 
353456 
353460 
615640 
615641 
615642 
615643 
615644 
615645 
615646 
353513 
615661 
353517 
615662 
615664 
615665 
91377 
615666 
91378 
615668 
615669 
615670 
615672 
615674 
615675 
615676 
615677 
615678 
615679 
353535 
615680 
615681 
353537 
615682 
615683 
353539 
615684 
615685 
353541 
615686 
615687 
353543 
615688 
615689 
353545 
615690 
353546 
615691 
615692 
615693 
91405 
615694 
91406 
615695 
91407 
615696 
353552 
91408 
615697 
353553 
91409 
615698 
615699 
615700 
353556 
615701 
615702 
353558 
615703 
353559 
615704 
353560 
615705 
353561 
615706 
353562 
615707 
353563 
615708 
353564 
615709 
353565 
615710 
353566 
615711 
353567 
615712 
353568 
615713 
353569 
615714 
353570 
615715 
353571 
615716 
353572 
353573 
353574 
353576 
353578 
91434 
91435 
353580 
91436 
353581 
91437 
353582 
91438 
91439 
353584 
353586 
353587 
353588 
353591 
353593 
353594 
91464 
353609 
91465 
91466 
353611 
91467 
91468 
353613 
91469 
353615 
353616 
353618 
353619 
353620 
353622 
353630 
353633 
353635 
353636 
353637 
353638 
91494 
91495 
353640 
91496 
91497 
353642 
91498 
353643 
91499 
353646 
353650 
615802 
615803 
353659 
615804 
353661 
615806 
615807 
353663 
615809 
615810 
615811 
615812 
91524 
615813 
91525 
91526 
615815 
91527 
615816 
91528 
615817 
91529 
615818 
615819 
353675 
615820 
615821 
353677 
615822 
615823 
615824 
615825 
615826 
615827 
615828 
615829 
615830 
615831 
353687 
615832 
353688 
615833 
615834 
353690 
615835 
615836 
615837 
615838 
615839 
615840 
615841 
615842 
91554 
91555 
91556 
91557 
91558 
91559 
353707 
353708 
353709 
353710 
353711 
353712 
353713 
353728 
91584 
353729 
91585 
353730 
91586 
353731 
91587 
353732 
91588 
353733 
91589 
353734 
353740 
615899 
615900 
615901 
615902 
615903 
91615 
615904 
91616 
615905 
91617 
91618 
91619 
353770 
353772 
353774 
615920 
353776 
615921 
353777 
615922 
615923 
353779 
615924 
615925 
353781 
615926 
615927 
353783 
615928 
353784 
615929 
615930 
615931 
353787 
615932 
615933 
353789 
353790 
91646 
91647 
91648 
91649 
615955 
615956 
615957 
615958 
615959 
615960 
615961 
615962 
615963 
353819 
615964 
615965 
615966 
615967 
615968 
353826 
353828 
353830 
353832 
353840 
353841 
353842 
353843 
353844 
353845 
353846 
353854 
353855 
353857 
353859 
616011 
616012 
353868 
616013 
353869 
616014 
353870 
616015 
353871 
616016 
353872 
616017 
353873 
353874 
353882 
353883 
353884 
353886 
616032 
616033 
616035 
616036 
616037 
616039 
616040 
616041 
616042 
616043 
616045 
616046 
616047 
616048 
616049 
616050 
616051 
616052 
616053 
616054 
616055 
616056 
616057 
616058 
616059 
616060 
616061 
616062 
616063 
616064 
616065 
616066 
616067 
616068 
353924 
616069 
616070 
616071 
616072 
353928 
616073 
616074 
616075 
353931 
616076 
616077 
353933 
616078 
616079 
616080 
616081 
353937 
616082 
616083 
353939 
616084 
616085 
353941 
616086 
616087 
353960 
353973 
353977 
353980 
353986 
354023 
354024 
354025 
354026 
354027 
354028 
616173 
616174 
616175 
616177 
616178 
616180 
616181 
616182 
616183 
616184 
616186 
616187 
616188 
354044 
616189 
354045 
616190 
616191 
354047 
616192 
616193 
616194 
616195 
354051 
616196 
354052 
616197 
354053 
616198 
354054 
616199 
354055 
616200 
616201 
616202 
616203 
616204 
616205 
91917 
616206 
91918 
616207 
616208 
616209 
616210 
616211 
616212 
616213 
354087 
91945 
91946 
91947 
91948 
91949 
354100 
91974 
91975 
91976 
91977 
91978 
91979 
354124 
616270 
616271 
616272 
354128 
616273 
616274 
354130 
616275 
616276 
354132 
616291 
616292 
92004 
616293 
354149 
92005 
616294 
354150 
92006 
616295 
92007 
616296 
354152 
92008 
616297 
92009 
616298 
616299 
616300 
354156 
616301 
354157 
616302 
616303 
354159 
616304 
92034 
92035 
92036 
92037 
616326 
92038 
616327 
92039 
616328 
616329 
616330 
616331 
616332 
616333 
616334 
616335 
616336 
616337 
616338 
616339 
92064 
92065 
92066 
92067 
92068 
92069 
616382 
92094 
616383 
92095 
616384 
92096 
616385 
92097 
616386 
92098 
616387 
92099 
616388 
616403 
616404 
616405 
616406 
616407 
616408 
616409 
616410 
616411 
616412 
92124 
354269 
92125 
616414 
92126 
92127 
616416 
92128 
616417 
92129 
616418 
616419 
616420 
616421 
616422 
616423 
616424 
616425 
616426 
616427 
616428 
616429 
616430 
616431 
616432 
616433 
616434 
616435 
616436 
616437 
616438 
616439 
616440 
616441 
616442 
616443 
92155 
616444 
92156 
616445 
92157 
616446 
92158 
616447 
92159 
616448 
616449 
616450 
616451 
616452 
616453 
616454 
616455 
616456 
616457 
616458 
92186 
92187 
92188 
92189 
354395 
616543 
354399 
616544 
616545 
616546 
616547 
616548 
616549 
616550 
616551 
616552 
616553 
616554 
616555 
616556 
616557 
616558 
616559 
616560 
616561 
354417 
616562 
616563 
354419 
616564 
616565 
354421 
616566 
616567 
354423 
616568 
616569 
354425 
616570 
616571 
354427 
616572 
354428 
616573 
616574 
616575 
354431 
616576 
616577 
354433 
616578 
354434 
616579 
354435 
616580 
616581 
616582 
354438 
616583 
616584 
354440 
354441 
354442 
354443 
354444 
354445 
354446 
354447 
354448 
354449 
354450 
354451 
354452 
354453 
354454 
354455 
354456 
354458 
354460 
354462 
354463 
354466 
354468 
354469 
354470 
354473 
354475 
354476 
354491 
354493 
354495 
616641 
354497 
616642 
354498 
616643 
616644 
354500 
616645 
616646 
354502 
616647 
354504 
354512 
354515 
354517 
616662 
354518 
616663 
354519 
616664 
616665 
616666 
354522 
616667 
616668 
354524 
616669 
354525 
616670 
616671 
616672 
354528 
616673 
616674 
616675 
354541 
354543 
354545 
616697 
616698 
616699 
616700 
616701 
616702 
616703 
616704 
616705 
616706 
616707 
616708 
616709 
616710 
354569 
354570 
354571 
354572 
354589 
354590 
354591 
354592 
354593 
354594 
354595 
92457 
92458 
616753 
616754 
354610 
616755 
354611 
616756 
354612 
616757 
354613 
616758 
354614 
616759 
354615 
354616 
354620 
354622 
92485 
616774 
92486 
616775 
92487 
92488 
616777 
92489 
616778 
616779 
616781 
616782 
616783 
616784 
616785 
616787 
616788 
616789 
616790 
616791 
616792 
616793 
616794 
616795 
616796 
354652 
616797 
616798 
354654 
616799 
616800 
354656 
616801 
616802 
354658 
92514 
616803 
354659 
92515 
616804 
92516 
616805 
354661 
92517 
616806 
92518 
616807 
354663 
92519 
616808 
616809 
354665 
616810 
354666 
616811 
616812 
354668 
616813 
354669 
616814 
354670 
616815 
354671 
616816 
354672 
616817 
616818 
616819 
616820 
616821 
616822 
616823 
616824 
616825 
616826 
616827 
616828 
616829 
92544 
92545 
92546 
92547 
92548 
92549 
354708 
354710 
354712 
354714 
92574 
92575 
92576 
92577 
354722 
92578 
354723 
92579 
354724 
354725 
354726 
354727 
354728 
354736 
354737 
354739 
354741 
92604 
92605 
354750 
92606 
354751 
92607 
354752 
92608 
354753 
92609 
354754 
354755 
354756 
354765 
354766 
354768 
616915 
616916 
616917 
616919 
616920 
616921 
616922 
92634 
616923 
92635 
616924 
92636 
616925 
92637 
616926 
92638 
616927 
92639 
616928 
616929 
616930 
616931 
616932 
616933 
616934 
616935 
616936 
616937 
616938 
616939 
616940 
616941 
616942 
616943 
616944 
616945 
616946 
616947 
616948 
616949 
616950 
354806 
616951 
616952 
92664 
616953 
92665 
616954 
354810 
92666 
616955 
92667 
354812 
92668 
354813 
92669 
354819 
354822 
354823 
354826 
92695 
92696 
92697 
354842 
92698 
92699 
354855 
354859 
354862 
354864 
617012 
354868 
617013 
617014 
92726 
617015 
92727 
617016 
92728 
617017 
92729 
617018 
617033 
617034 
617035 
617036 
617037 
617038 
617039 
617040 
617041 
617042 
617043 
617044 
617045 
617046 
354905 
354906 
354907 
354909 
354910 
617068 
617069 
354925 
617070 
354926 
617071 
354927 
617072 
617073 
354929 
617074 
617075 
617076 
354932 
617077 
354933 
617078 
354934 
617079 
354935 
617080 
354936 
617081 
354937 
354938 
354946 
617124 
617125 
617126 
617127 
617128 
617129 
617130 
617145 
617146 
617148 
617149 
617150 
617152 
617153 
617154 
355010 
617155 
617156 
355012 
617157 
617158 
355014 
617159 
617160 
617161 
617162 
617163 
617164 
617165 
617166 
617167 
617168 
617169 
617170 
617171 
617172 
617173 
617174 
617175 
355031 
617176 
355032 
617177 
617178 
355034 
617179 
617180 
617181 
617182 
355038 
617183 
355039 
617184 
617185 
355041 
617186 
617187 
617188 
617189 
617190 
617191 
617192 
617193 
617194 
617195 
617196 
617197 
617198 
617199 
617200 
92997 
617286 
92998 
617287 
92999 
617288 
617290 
617291 
617293 
617294 
617295 
617296 
617297 
617299 
617300 
617301 
617302 
617303 
617304 
617305 
617306 
617307 
617308 
617309 
617310 
617311 
617312 
617313 
93025 
617314 
93026 
617315 
93027 
617316 
93028 
617317 
93029 
617318 
617319 
617320 
617321 
617322 
617323 
617324 
617325 
617326 
93054 
93055 
93056 
93057 
93058 
93059 
93084 
93085 
93086 
93087 
93088 
93089 
617383 
617384 
617385 
617386 
617387 
617388 
617389 
93114 
93115 
617404 
93116 
617405 
93117 
617406 
93118 
617407 
93119 
617408 
617409 
617410 
617411 
617412 
617413 
617414 
617415 
617416 
617417 
355277 
355281 
93144 
93145 
93146 
93147 
93148 
93149 
617439 
617440 
617441 
617442 
617443 
355299 
617444 
617445 
355301 
617446 
617447 
355303 
617448 
617449 
355305 
617450 
617451 
355307 
617452 
355309 
355310 
355313 
355315 
355316 
355317 
93174 
93175 
355320 
93176 
93177 
355322 
93178 
355323 
93179 
355324 
355325 
355326 
355327 
355328 
355329 
355330 
355331 
355332 
355333 
355334 
355335 
355336 
355337 
355338 
355340 
355342 
355343 
355344 
355345 
355346 
355348 
93204 
93205 
355350 
93206 
617495 
355351 
93207 
617496 
355352 
93208 
617497 
93209 
617498 
617499 
355355 
617500 
617501 
355357 
355358 
617516 
617517 
355373 
617518 
617519 
355375 
617520 
617521 
355377 
617522 
617523 
355379 
93235 
617524 
355380 
93236 
617525 
93237 
355382 
93238 
617527 
93239 
355384 
617529 
617530 
355386 
617531 
617532 
617533 
617534 
617535 
617536 
617537 
617538 
355394 
617539 
617540 
617541 
355397 
617542 
617543 
355399 
617544 
355400 
617545 
355401 
617546 
617547 
617548 
355404 
617549 
617550 
355406 
617551 
355407 
617552 
617553 
617554 
355410 
93266 
617555 
93267 
617556 
93268 
617557 
93269 
617558 
355414 
617559 
617560 
617561 
617562 
617563 
617564 
617565 
617566 
617567 
355423 
617568 
617569 
355425 
617570 
617571 
355427 
355439 
355441 
355451 
355452 
355454 
355471 
355472 
355473 
355474 
355475 
355476 
355477 
355492 
355493 
355494 
355495 
355496 
355497 
355498 
355502 
355504 
355505 
617657 
617658 
617659 
617661 
617662 
617664 
617665 
617666 
617667 
617668 
617669 
617670 
617671 
617672 
617673 
617674 
617675 
617676 
617677 
617678 
355534 
617679 
617680 
355536 
617681 
617682 
355538 
617683 
617684 
355540 
617685 
355541 
617686 
617687 
355543 
617688 
617689 
355545 
617690 
617691 
355547 
617692 
355548 
617693 
617694 
617695 
355551 
617696 
617697 
355553 
355554 
355590 
355592 
355594 
355596 
355603 
355604 
355605 
355606 
355607 
355608 
355609 
617754 
355610 
617755 
617756 
617757 
617758 
617759 
617760 
355619 
355621 
355622 
355623 
617775 
617776 
355632 
617777 
355633 
617778 
355634 
617779 
355635 
617780 
355636 
617781 
355637 
617782 
355638 
617783 
617784 
617785 
617786 
617787 
617788 
355647 
355648 
355650 
617810 
617811 
617812 
617813 
617814 
617815 
617816 
617817 
617818 
617819 
617820 
617821 
355677 
617822 
617823 
93537 
93538 
93539 
355688 
355692 
355695 
355701 
355704 
355705 
355708 
93565 
93566 
93567 
93568 
93569 
617866 
617867 
617868 
355724 
617869 
617870 
617871 
355727 
617872 
355737 
93594 
93595 
93596 
355741 
93597 
93598 
617887 
93599 
617888 
355744 
617890 
617891 
617892 
355748 
617894 
355750 
617895 
617896 
617897 
617898 
617899 
617900 
617901 
617902 
617903 
617904 
617905 
617906 
617907 
617908 
617909 
617910 
617911 
617912 
93624 
617913 
93625 
617914 
93626 
617915 
93627 
617916 
93628 
617917 
93629 
617918 
617919 
617920 
617921 
617922 
617923 
617924 
617925 
617926 
617927 
617928 
617929 
617930 
617931 
355787 
617932 
355788 
617933 
355789 
617934 
355790 
617935 
355791 
617936 
355792 
617937 
617938 
617939 
617940 
617941 
617942 
93654 
93655 
93656 
93657 
93658 
93659 
355808 
355809 
355811 
355815 
355816 
355817 
355818 
355819 
93684 
93685 
93686 
93687 
93688 
93689 
355846 
93714 
93715 
93716 
93717 
93718 
93719 
618027 
618028 
618029 
618030 
618031 
618032 
93744 
618033 
93745 
93746 
618035 
93747 
618036 
355892 
93748 
618037 
93749 
618038 
355894 
618039 
355896 
618041 
618042 
618043 
618044 
618045 
618046 
618047 
618048 
618049 
618050 
618051 
618052 
618053 
618054 
618055 
618056 
618057 
355913 
618058 
355914 
618059 
618060 
355916 
618061 
618062 
618063 
93775 
618064 
355920 
93776 
618065 
355921 
93777 
618066 
93778 
618067 
355923 
93779 
618068 
355924 
93806 
93807 
93808 
93809 
618125 
618126 
618127 
618128 
618129 
618130 
618131 
618146 
618147 
618148 
618149 
618150 
618151 
618152 
618153 
618154 
618155 
618156 
618157 
618158 
618159 
356033 
618181 
618182 
618183 
618184 
618185 
618186 
618187 
618188 
618189 
618190 
618191 
618192 
618193 
618194 
618237 
618238 
618239 
618240 
618241 
356097 
618242 
618243 
618258 
618259 
618261 
618262 
618263 
618265 
618266 
618267 
618269 
618271 
618272 
618273 
618274 
618275 
618276 
618277 
618278 
618279 
618280 
618281 
618282 
618283 
618284 
618285 
618286 
618287 
618288 
618289 
618290 
618291 
618292 
618293 
618294 
618295 
618296 
618297 
618298 
618299 
618300 
356156 
618301 
618302 
618303 
356159 
618304 
618305 
618306 
618307 
356163 
618308 
618309 
618310 
618311 
618312 
618313 
356181 
356183 
356185 
356187 
356189 
356191 
356192 
356198 
356199 
356202 
356204 
356205 
356206 
356207 
356208 
356209 
356210 
356211 
356212 
356213 
356214 
356215 
356216 
356217 
356218 
356219 
356220 
94077 
356222 
94078 
356224 
356226 
356227 
356228 
356230 
356232 
356233 
356234 
356237 
356239 
356240 
94105 
94106 
94107 
94108 
94109 
618398 
618399 
356255 
618400 
618401 
356257 
618402 
618403 
356259 
618404 
356261 
618406 
356262 
618407 
618408 
356264 
618409 
618410 
356266 
618412 
356268 
618413 
618414 
618415 
618416 
618417 
618418 
618419 
618420 
356276 
618421 
618422 
94134 
618423 
356279 
94135 
618424 
94136 
618425 
356281 
94137 
618426 
356282 
94138 
618427 
356283 
94139 
618428 
618429 
618430 
356286 
618431 
618432 
356288 
618433 
356289 
618434 
618435 
618436 
356292 
618437 
618438 
618439 
356296 
356305 
356307 
94164 
356309 
94165 
94166 
94167 
94168 
94169 
356321 
356323 
356332 
356333 
356334 
356336 
356337 
94194 
94195 
94196 
94197 
94198 
94199 
618496 
618497 
356353 
618498 
356354 
618499 
356355 
618500 
356356 
618501 
356357 
618502 
356358 
356359 
94224 
94225 
94226 
94227 
94228 
618517 
94229 
618518 
356374 
618519 
356375 
618520 
356376 
618521 
356377 
618522 
356378 
618523 
356379 
618524 
356380 
618525 
618526 
618527 
618528 
618529 
618530 
94254 
94255 
94256 
94257 
94258 
94259 
618552 
618553 
618554 
618555 
618556 
618557 
618558 
618559 
618560 
356416 
618561 
618562 
356418 
618563 
356419 
618564 
356420 
618565 
356421 
356422 
356423 
356425 
356427 
94284 
356429 
94285 
356430 
94286 
94287 
94288 
356433 
94289 
356435 
356436 
94315 
94316 
94317 
94318 
94319 
618608 
618609 
618610 
618611 
618612 
618613 
356469 
618614 
356472 
356473 
356474 
356476 
356478 
618629 
356485 
618630 
356486 
356487 
618632 
356488 
618633 
356489 
618634 
356490 
94346 
356491 
94347 
618636 
356492 
94348 
618637 
94349 
618638 
618640 
618642 
618643 
618644 
356500 
618645 
356501 
618646 
618647 
356503 
618648 
356504 
618649 
356505 
618650 
356506 
618651 
618652 
618653 
618654 
618655 
618656 
618657 
356513 
618658 
356514 
618659 
356515 
618660 
356516 
618661 
356517 
618662 
356518 
618663 
356519 
618664 
356520 
618665 
618666 
618667 
618668 
618669 
618670 
618671 
618672 
618673 
356529 
618674 
356530 
618675 
618676 
356532 
618677 
618678 
618679 
618680 
618681 
618682 
618683 
618684 
356570 
356574 
356577 
356579 
356580 
356582 
356583 
356587 
356589 
356600 
356602 
356606 
356607 
356609 
356610 
356619 
356623 
356624 
618770 
356626 
618771 
618772 
618774 
356630 
618775 
356632 
618777 
618778 
618779 
618780 
618781 
618782 
618783 
618784 
618785 
618786 
618787 
618788 
618789 
618790 
618791 
618792 
618793 
618794 
618795 
618796 
618797 
618798 
618799 
618800 
618801 
618802 
618803 
618804 
618805 
618806 
618807 
618808 
618809 
618810 
356669 
356670 
356671 
356673 
356674 
356690 
356691 
356693 
356697 
356698 
356699 
356700 
356701 
356714 
618867 
618868 
618869 
618870 
618871 
618872 
618873 
618888 
618889 
618890 
618891 
618892 
618893 
618894 
618895 
618896 
618897 
618898 
618899 
618900 
618901 
94617 
94618 
356774 
356776 
356777 
356778 
618923 
618924 
618925 
618926 
618927 
618928 
618929 
618930 
618931 
618932 
618933 
94645 
618934 
94646 
618935 
94647 
618936 
94648 
94649 
356795 
356796 
356798 
356802 
356803 
356805 
94674 
94675 
94676 
94677 
94678 
94679 
618979 
618980 
618981 
618982 
618983 
618984 
618985 
94704 
94705 
94706 
94707 
94708 
94709 
619000 
619001 
619003 
619004 
619005 
619006 
619007 
619008 
619009 
619011 
619013 
619014 
619015 
619016 
619017 
619018 
619019 
619020 
619021 
619022 
94734 
619023 
94735 
619024 
94736 
619025 
94737 
619026 
94738 
619027 
94739 
619028 
619029 
619030 
619031 
619032 
356888 
619033 
619034 
619035 
619036 
619037 
619038 
619039 
619040 
619041 
619042 
619043 
619044 
619045 
619046 
619047 
619048 
619049 
619050 
619051 
619052 
94764 
619053 
94765 
619054 
94766 
619055 
94767 
94768 
94769 
356916 
94794 
94795 
94796 
94797 
94798 
94799 
94824 
94825 
94826 
94827 
94828 
94829 
356984 
619141 
619142 
619143 
94855 
94856 
619145 
94857 
619146 
94858 
94859 
619148 
619149 
619150 
619151 
619152 
619154 
619155 
619156 
619157 
619158 
619159 
619160 
619161 
619162 
619163 
619164 
619165 
619166 
619167 
619168 
619169 
619170 
619171 
619172 
619173 
619174 
94886 
619175 
94887 
619176 
94888 
619177 
94889 
619178 
619179 
619180 
619181 
357041 
357045 
357063 
357065 
357067 
357069 
357070 
357071 
357073 
357074 
357078 
357080 
357081 
357082 
357084 
357085 
357086 
357087 
357088 
357089 
357090 
357091 
357092 
357093 
619238 
357094 
619239 
357095 
619240 
357096 
619241 
357097 
619242 
357098 
619243 
357099 
619244 
357100 
357101 
357102 
357104 
357106 
357108 
357109 
357110 
357112 
357114 
619259 
357115 
619260 
357116 
619261 
619262 
619263 
357119 
619264 
619265 
357121 
619266 
357122 
619267 
619268 
619269 
619270 
619271 
619272 
357137 
357139 
357141 
357143 
357144 
357146 
357148 
619294 
357150 
619295 
619296 
619297 
619298 
619299 
619300 
619301 
619302 
357158 
619303 
619304 
619305 
357161 
619306 
619307 
357163 
357164 
357165 
357168 
357170 
357171 
357174 
357178 
357187 
357189 
357191 
357205 
619350 
619351 
619352 
619353 
619354 
619355 
619356 
357215 
357216 
357218 
619371 
619372 
619374 
619375 
619376 
619378 
619379 
357235 
619380 
357236 
619381 
357237 
619382 
357238 
357239 
619384 
357240 
619385 
357241 
619386 
619387 
619388 
619389 
619390 
619391 
619392 
619393 
619394 
619395 
619396 
619397 
619398 
619399 
619400 
357256 
619401 
357257 
619402 
357258 
619403 
357259 
619404 
357260 
619405 
357261 
619406 
357262 
619407 
619408 
619409 
619410 
619411 
619412 
619413 
619414 
619415 
619416 
619417 
619418 
619419 
619420 
619421 
619422 
619423 
619424 
619425 
619426 
357298 
357300 
95157 
357302 
95158 
357304 
357305 
357307 
357309 
357311 
357312 
357314 
357315 
357317 
357318 
95185 
95186 
95187 
95188 
95189 
357354 
357356 
357358 
95214 
95215 
357360 
95216 
95217 
95218 
95219 
357367 
619512 
357368 
619513 
357369 
619514 
357370 
357371 
619516 
357372 
619517 
357373 
357374 
619519 
619520 
619521 
619522 
619523 
619525 
619526 
357382 
619527 
357383 
619528 
619529 
357385 
619530 
619531 
357387 
619532 
357388 
95244 
619533 
95245 
619534 
95246 
619535 
95247 
619536 
95248 
619537 
95249 
619538 
619539 
619540 
357396 
619541 
357397 
619542 
357398 
619543 
357399 
619544 
357400 
619545 
357401 
619546 
357402 
619547 
619548 
619549 
619550 
619551 
619552 
357410 
357411 
357412 
357414 
357415 
357418 
95274 
95275 
95276 
95277 
95278 
95279 
95304 
95305 
95306 
95307 
357452 
95308 
357453 
95309 
357454 
357456 
357457 
357458 
357459 
357463 
619609 
357465 
619610 
619611 
357467 
619612 
619613 
357469 
619614 
619615 
357471 
95334 
95335 
95336 
95337 
95338 
95339 
619630 
619631 
619632 
357488 
619633 
357489 
619634 
619635 
357491 
619636 
619637 
619638 
619639 
619640 
619641 
619642 
619643 
357501 
357505 
357506 
357508 
95364 
95365 
95366 
95367 
95368 
95369 
357514 
619665 
619666 
619667 
619668 
619669 
619670 
619671 
619672 
619673 
619674 
619675 
619676 
619677 
619678 
95395 
95396 
95397 
95398 
95399 
357551 
357552 
357553 
357555 
357556 
95426 
95427 
357572 
95428 
357573 
95429 
357575 
619721 
619722 
357578 
619723 
357579 
619724 
357580 
619725 
357581 
619726 
357582 
619727 
357583 
619742 
619743 
619744 
619745 
619746 
619747 
619749 
619750 
619751 
619752 
619753 
619755 
619756 
619757 
619758 
619759 
619760 
619761 
619762 
619763 
357619 
619764 
619765 
619766 
619767 
619768 
619769 
619770 
619771 
357627 
619772 
619773 
619774 
619775 
619776 
619777 
619778 
357634 
619779 
619780 
619781 
619782 
357638 
619783 
619784 
619785 
619786 
619787 
619788 
619789 
619790 
619791 
619792 
357648 
619793 
619794 
619795 
619796 
619797 
357656 
357658 
357660 
357677 
357678 
357680 
357684 
357685 
357687 
619882 
619883 
619884 
619885 
619887 
619888 
619889 
619890 
619891 
619892 
619893 
619894 
619896 
619897 
619898 
619899 
619900 
619901 
619902 
619903 
619904 
619905 
619906 
619907 
619908 
619909 
619910 
619911 
619912 
619913 
619914 
619915 
619916 
619917 
619918 
619919 
619920 
619921 
619922 
619923 
357782 
357798 
357824 
357828 
357835 
619980 
619981 
619982 
619983 
619984 
619985 
95697 
619986 
95698 
95699 
620001 
620002 
620003 
620004 
620005 
620006 
620007 
620008 
620009 
620010 
620011 
620012 
620013 
95725 
620014 
95726 
95727 
95728 
95729 
620036 
620037 
620038 
620039 
620040 
620041 
620042 
95754 
620043 
95755 
620044 
95756 
620045 
95757 
620046 
95758 
620047 
95759 
620048 
620049 
357921 
357923 
357925 
357927 
95784 
95785 
95786 
95787 
95788 
95789 
357938 
357940 
357942 
357945 
357947 
620092 
620093 
357949 
620094 
620095 
357951 
620096 
620097 
357953 
620098 
357955 
357956 
95814 
357959 
95815 
95816 
357961 
95817 
357962 
95818 
357963 
95819 
357964 
357966 
357968 
620113 
357969 
620114 
357970 
620115 
357971 
620116 
357972 
620117 
357973 
620118 
357974 
620119 
357975 
620120 
357976 
620121 
357977 
620122 
357978 
357979 
620124 
357980 
620125 
357981 
620126 
357982 
620127 
357983 
620128 
357984 
620129 
357985 
620130 
357986 
620131 
620132 
357988 
95844 
620133 
357989 
95845 
620134 
357990 
95846 
620135 
357991 
95847 
620136 
95848 
620137 
95849 
620138 
357994 
620139 
620140 
357996 
620141 
357997 
620142 
357998 
620143 
620144 
620145 
358001 
620146 
620147 
358003 
620148 
358004 
620149 
620150 
620151 
620152 
620153 
620154 
620155 
620156 
620157 
620158 
620159 
620160 
620161 
620162 
95874 
620163 
358019 
95875 
620164 
95876 
620165 
358021 
95877 
620166 
358022 
95878 
620167 
358023 
95879 
620168 
358025 
358026 
358028 
358030 
358032 
358040 
358043 
358045 
358046 
358047 
358048 
95904 
95905 
358050 
95906 
95907 
358052 
95908 
358053 
95909 
358060 
358069 
358071 
358073 
95935 
95936 
95937 
95938 
95939 
358085 
358087 
358097 
358098 
358099 
358100 
358102 
620254 
95966 
620255 
95967 
620256 
95968 
95969 
620258 
620259 
620261 
358117 
620262 
358118 
620263 
358119 
620264 
358120 
620265 
358121 
620266 
358122 
620267 
358123 
620268 
620269 
620270 
620271 
620272 
620273 
620274 
620275 
620276 
620277 
620278 
620279 
620280 
620281 
620282 
358138 
620283 
358139 
620284 
358140 
620285 
358141 
620286 
358142 
620287 
358143 
620288 
358144 
620289 
620290 
620291 
620292 
358148 
620293 
620294 
358180 
358182 
358184 
358186 
358187 
358189 
358191 
358193 
358194 
358197 
358199 
358200 
620351 
620352 
620353 
620354 
620355 
620356 
620357 
620372 
620373 
620374 
620375 
620376 
620377 
620378 
620379 
620380 
358236 
620381 
620382 
358238 
620383 
620384 
358240 
620385 
358242 
358250 
358251 
358252 
358253 
358254 
358255 
358256 
620407 
620408 
620409 
358265 
620410 
620411 
358267 
620412 
620413 
358269 
620414 
620415 
620416 
620417 
620418 
620419 
620420 
358278 
358279 
358280 
358281 
358282 
358283 
358284 
358293 
358294 
358296 
358311 
620463 
620464 
620465 
620466 
620467 
620468 
620469 
358334 
358338 
358339 
620484 
620485 
358341 
620487 
620488 
620489 
358345 
620490 
620491 
358347 
620492 
620493 
358349 
620495 
358351 
620496 
620497 
620498 
358354 
620499 
620500 
620501 
620502 
620503 
620504 
620505 
620506 
620507 
620508 
620509 
620510 
620511 
620512 
620513 
620514 
358370 
620515 
620516 
620517 
620518 
620519 
620520 
620521 
620522 
620523 
620524 
620525 
96237 
620526 
96238 
620527 
358383 
96239 
620528 
620529 
620530 
620531 
358387 
620532 
620533 
620534 
358390 
620535 
620536 
358392 
620537 
620538 
620539 
358396 
96265 
96266 
96267 
96268 
96269 
358419 
358433 
358434 
358435 
358437 
358438 
96294 
96295 
96296 
96297 
96298 
96299 
358454 
358455 
358457 
358461 
358462 
358463 
358464 
358465 
96324 
96325 
96326 
96327 
96328 
96329 
620625 
620626 
620627 
620629 
620630 
620632 
620633 
358489 
620634 
620635 
620636 
620638 
620639 
620640 
620641 
620642 
96354 
620643 
96355 
620644 
96356 
620645 
96357 
620646 
96358 
620647 
96359 
620648 
620649 
620650 
620651 
620652 
620653 
620654 
620655 
620656 
620657 
620658 
620659 
620660 
620661 
620662 
620663 
620664 
620665 
96384 
96385 
96386 
96387 
96388 
96389 
358538 
358540 
358542 
96414 
358559 
96415 
358560 
96416 
96417 
358562 
96418 
96419 
358566 
358567 
358569 
620722 
620723 
620724 
620725 
620726 
620727 
620728 
96444 
96445 
96446 
96447 
96448 
96449 
620743 
620744 
620745 
620746 
620747 
620748 
620749 
620750 
620751 
620752 
620753 
620754 
620755 
620756 
96475 
96476 
96477 
96478 
96479 
620778 
620779 
620780 
620781 
620782 
620783 
620784 
620785 
620786 
620787 
620788 
620789 
620790 
620791 
96506 
96507 
96508 
96509 
620834 
620835 
620836 
620837 
620838 
620839 
620840 
358710 
620855 
620856 
620858 
620859 
620860 
620862 
620863 
620864 
620866 
620868 
620869 
620870 
620871 
620872 
620873 
620874 
620875 
620876 
620877 
620878 
620879 
620880 
620881 
620882 
620883 
620884 
620885 
620886 
620887 
620888 
620889 
620890 
620891 
620892 
620893 
620894 
620895 
620896 
620897 
620898 
620899 
620900 
620901 
620902 
620903 
620904 
620905 
620906 
620907 
620908 
620909 
620910 
358805 
358809 
358827 
358829 
358831 
358833 
358834 
358835 
358836 
358837 
358838 
358840 
358844 
358845 
358846 
358847 
358848 
358849 
358850 
358851 
620996 
358852 
620997 
358853 
620998 
358854 
358855 
621000 
358856 
621001 
358857 
358858 
621003 
358859 
621004 
358860 
621005 
358861 
621006 
358862 
621007 
358863 
358864 
621009 
358865 
621010 
358866 
621011 
621012 
358868 
621013 
621014 
358870 
621015 
621016 
358872 
621017 
358873 
621018 
621019 
621020 
358876 
621021 
621022 
358878 
621023 
358879 
621024 
358880 
621025 
621026 
621027 
358883 
621028 
621029 
358885 
621030 
358886 
621031 
621032 
621033 
621034 
621035 
621036 
358901 
358903 
358905 
358907 
358908 
358910 
358911 
358912 
358914 
96777 
358922 
96778 
358923 
358925 
358927 
358928 
358929 
358932 
358934 
358935 
358938 
358942 
621093 
96805 
621094 
358950 
96806 
621095 
358951 
96807 
621096 
358952 
96808 
621097 
358953 
96809 
621098 
358954 
621099 
358955 
358956 
358967 
358969 
621114 
621115 
621116 
621117 
621118 
621119 
621120 
621121 
621122 
96834 
621123 
358979 
96835 
621124 
358980 
96836 
621125 
96837 
621126 
358982 
96838 
621127 
358983 
96839 
358999 
359000 
359001 
359002 
359003 
359004 
621149 
359005 
621150 
621151 
621152 
96864 
621153 
96865 
621154 
96866 
621155 
96867 
621156 
96868 
621157 
96869 
621158 
621159 
621160 
621161 
621162 
359020 
359021 
359022 
359023 
359024 
359025 
359026 
96894 
96895 
96896 
96897 
96898 
96899 
621205 
621206 
359062 
621207 
621208 
359064 
621209 
621210 
359066 
621211 
359068 
96924 
359069 
96925 
96926 
359071 
96927 
96928 
359073 
96929 
359075 
359076 
359077 
359079 
359081 
621226 
359082 
621227 
621229 
621230 
621231 
621233 
621234 
621235 
621237 
621239 
621240 
621241 
621242 
96954 
621243 
96955 
621244 
96956 
621245 
96957 
621246 
96958 
621247 
96959 
621248 
621249 
621250 
621251 
621252 
621253 
621254 
621255 
621256 
621257 
621258 
621259 
621260 
621261 
621262 
359118 
621263 
621264 
359120 
621265 
621266 
359122 
621267 
621268 
359124 
621269 
621270 
621271 
621272 
96984 
621273 
96985 
621274 
96986 
621275 
96987 
621276 
359132 
96988 
621277 
359133 
96989 
621278 
359134 
621279 
359135 
621280 
359136 
621281 
359137 
359138 
359147 
359149 
359151 
97015 
359160 
97016 
359161 
97017 
359162 
97018 
359163 
97019 
359164 
359165 
359166 
359175 
359176 
359178 
97046 
97047 
97048 
97049 
359203 
359216 
359220 
621367 
359223 
621368 
621369 
621371 
621372 
359228 
359229 
621374 
621375 
621376 
621377 
359233 
621378 
621380 
621381 
621382 
621383 
621384 
621385 
621386 
621387 
621388 
621389 
621390 
621391 
621392 
621393 
621394 
621395 
621396 
359252 
621397 
621398 
621399 
621400 
621401 
621402 
621403 
621404 
621405 
621406 
621407 
359265 
359269 
359271 
359272 
359278 
359315 
359316 
359317 
359319 
621464 
359320 
621465 
621466 
621467 
621468 
621469 
621470 
359336 
359337 
359339 
621485 
621486 
621487 
359343 
621488 
359344 
621489 
359345 
621490 
359346 
621491 
359347 
621492 
621493 
621494 
621495 
621496 
621497 
621498 
359374 
621520 
621521 
621522 
621523 
621524 
621525 
359381 
621526 
621527 
621528 
621529 
621530 
621531 
621532 
621533 
359420 
359422 
359424 
621576 
621577 
621578 
621579 
621580 
621581 
621582 
359441 
359442 
359443 
359444 
359448 
359449 
359451 
621597 
621598 
621600 
621601 
621602 
621604 
621605 
97317 
621606 
97318 
621608 
621610 
621611 
621612 
621613 
621614 
621615 
621616 
621617 
621618 
621619 
621620 
621621 
621622 
621623 
621624 
621625 
621626 
621627 
621628 
621629 
621630 
621631 
621632 
621633 
97345 
621634 
97346 
621635 
97347 
621636 
97348 
621637 
97349 
621638 
621639 
621640 
621641 
621642 
621643 
621644 
621645 
621646 
621647 
621648 
621649 
621650 
621651 
621652 
97374 
97375 
97376 
97377 
97378 
97379 
97404 
97405 
97406 
97407 
97408 
97409 
97434 
97435 
97436 
97437 
97438 
97439 
621737 
621738 
621739 
621740 
621741 
621742 
621743 
621744 
621745 
621746 
621747 
621748 
621749 
621751 
621752 
97464 
621753 
97465 
621754 
97466 
621755 
97467 
621756 
97468 
621757 
97469 
621758 
621759 
621760 
621761 
621762 
621763 
621764 
621765 
621766 
621767 
621768 
621769 
621770 
621771 
621772 
621773 
621774 
621775 
621776 
621777 
621778 
97494 
359639 
97495 
97496 
97497 
97498 
97499 
97524 
97525 
97526 
97527 
97528 
97529 
359687 
621835 
359691 
621836 
621837 
621838 
621839 
621840 
621841 
97555 
97556 
97557 
97558 
97559 
359709 
359711 
621856 
359712 
621857 
359713 
621858 
359714 
621859 
359715 
621860 
359716 
621861 
359717 
621862 
359718 
621863 
359719 
621864 
359720 
621865 
621866 
621867 
621868 
621869 
359726 
359727 
359728 
359730 
97586 
359731 
97587 
359732 
97588 
359733 
97589 
359734 
359735 
359736 
359737 
359738 
359739 
359740 
359741 
359742 
359743 
359744 
359745 
359746 
621891 
359747 
621892 
359748 
621893 
621894 
359750 
621895 
621896 
359752 
621897 
621898 
359754 
621899 
359755 
621900 
621901 
621902 
359758 
621903 
621904 
359760 
359761 
359762 
359765 
359767 
359768 
359783 
359785 
359787 
359789 
359790 
359792 
359794 
359796 
621947 
621948 
359804 
621949 
359805 
621950 
621951 
359807 
621952 
621953 
359809 
359810 
359811 
359814 
359816 
359817 
359820 
621968 
359824 
621969 
621970 
621971 
621972 
621973 
621974 
621975 
621976 
621977 
359833 
621978 
621979 
359835 
621980 
621981 
359837 
621982 
359838 
621983 
621984 
621985 
621986 
621987 
621988 
621989 
621990 
621991 
621992 
621993 
359849 
621994 
621995 
359851 
621996 
621997 
621998 
621999 
622000 
622001 
622002 
622003 
622004 
622005 
359861 
622006 
359862 
622007 
622008 
359864 
622009 
622010 
622011 
622012 
622013 
622014 
622015 
622016 
622017 
622018 
622019 
622020 
622021 
622022 
622023 
359881 
359882 
359883 
359884 
359885 
359886 
359887 
359902 
359903 
359904 
359905 
359906 
359907 
359908 
359944 
359946 
359948 
359950 
359951 
359953 
359955 
359957 
359958 
359961 
359963 
622108 
359964 
622109 
622110 
622111 
622113 
622114 
622116 
622117 
622118 
622119 
622120 
622122 
622123 
622124 
622125 
622126 
622127 
622128 
622129 
622130 
622131 
622132 
622133 
622134 
622135 
622136 
622137 
359993 
622138 
622139 
622140 
622141 
622142 
622143 
359999 
622144 
360000 
622145 
97857 
622146 
360002 
97858 
622147 
622148 
360004 
622149 
360006 
360007 
360013 
360014 
360015 
360016 
360017 
360018 
360019 
360020 
360028 
360029 
97885 
97886 
360031 
97887 
97888 
360033 
97889 
360042 
360043 
360044 
360045 
360046 
360047 
360048 
360057 
360058 
97914 
97915 
360060 
97916 
97917 
622206 
97918 
622207 
97919 
622208 
622209 
622210 
622211 
622212 
622227 
622228 
622229 
360085 
622230 
622231 
622232 
97944 
622233 
97945 
622234 
97946 
622235 
97947 
622236 
97948 
622237 
97949 
622238 
622239 
622240 
360098 
360099 
360102 
360103 
360105 
360109 
360111 
360115 
622262 
97974 
622263 
97975 
622264 
97976 
622265 
97977 
622266 
97978 
622267 
97979 
622268 
622269 
622270 
622271 
622272 
622273 
622274 
622275 
360134 
360147 
98004 
360149 
98005 
98006 
360151 
98007 
98008 
98009 
360154 
360160 
622318 
622319 
622320 
622321 
622322 
98034 
622323 
98035 
622324 
98036 
98037 
98038 
98039 
622339 
622340 
622341 
360197 
622342 
360198 
622343 
360199 
622344 
622345 
360201 
622346 
360202 
622347 
622348 
622350 
622351 
622352 
98064 
622353 
98065 
622354 
98066 
622355 
98067 
622356 
98068 
622357 
98069 
622358 
622359 
622360 
622361 
622362 
360218 
622363 
360219 
622364 
622365 
360221 
622366 
622367 
622368 
622369 
360225 
622370 
360226 
622371 
360227 
622372 
360228 
622373 
360229 
622374 
622375 
622376 
622377 
622378 
622379 
622380 
622381 
622382 
622383 
98095 
622384 
98096 
622385 
98097 
622386 
98098 
622387 
98099 
622388 
622389 
622390 
622391 
622392 
622393 
622394 
360250 
98126 
98127 
360272 
98128 
98129 
360300 
360302 
360304 
360306 
360323 
360324 
360325 
360326 
360327 
360330 
360331 
360333 
622480 
622481 
622482 
622484 
360340 
622485 
622487 
622488 
622489 
622490 
622491 
622493 
622494 
622495 
622496 
622497 
622498 
622499 
622500 
622501 
622502 
622503 
622504 
622505 
622506 
622507 
622508 
622509 
622510 
622511 
622512 
622513 
622514 
622515 
622516 
622517 
622518 
622519 
622520 
622577 
622578 
622579 
622580 
622581 
622582 
622583 
622598 
622599 
622600 
622601 
622602 
622603 
622604 
622605 
622606 
622607 
622608 
622609 
622610 
622611 
360477 
622633 
622634 
622635 
622636 
622637 
622638 
622639 
622640 
622641 
622642 
622643 
622644 
622645 
622646 
98397 
98398 
622689 
622690 
622691 
622692 
622693 
622694 
622695 
622710 
622711 
622713 
360569 
98425 
622714 
360570 
98426 
622715 
98427 
98428 
622717 
360573 
98429 
622718 
622719 
622721 
622723 
622724 
622725 
622726 
622727 
622728 
622729 
622730 
622731 
622732 
622733 
360589 
622734 
622735 
360591 
622736 
622737 
360593 
622738 
622739 
360595 
622740 
622741 
360597 
622742 
98454 
622743 
360599 
98455 
622744 
98456 
622745 
360601 
98457 
622746 
360602 
98458 
622747 
98459 
622748 
622749 
622750 
622751 
360607 
622752 
360608 
622753 
360609 
622754 
622755 
622756 
360612 
622757 
622758 
360614 
622759 
360615 
622760 
360616 
622761 
360617 
622762 
360618 
622763 
360619 
622764 
360620 
622765 
360621 
360622 
360623 
360624 
360625 
360626 
360627 
360628 
98484 
360629 
98485 
360630 
98486 
98487 
360632 
98488 
98489 
360634 
360636 
360637 
360638 
360640 
360642 
360643 
360644 
360647 
360649 
360650 
98514 
98515 
98516 
98517 
98518 
98519 
360665 
360667 
360669 
360671 
360672 
360674 
360675 
360676 
360678 
360686 
98544 
360689 
98545 
98546 
360691 
98547 
360692 
98548 
360693 
98549 
360694 
360696 
360698 
360699 
360702 
360706 
622851 
622852 
622853 
622855 
622856 
622858 
622859 
360715 
622860 
360716 
622861 
360717 
622862 
98574 
360719 
98575 
622864 
98576 
622865 
98577 
622866 
98578 
622867 
98579 
622868 
622869 
622870 
622871 
622872 
622873 
622874 
622875 
360731 
622876 
622877 
360733 
622878 
622879 
622880 
622881 
622882 
622883 
622884 
622885 
622886 
622887 
360743 
622888 
360744 
622889 
622890 
360746 
622891 
98604 
98605 
98606 
98607 
98608 
98609 
360763 
360764 
360765 
360766 
360767 
360768 
360769 
98635 
98636 
98637 
98638 
98639 
360784 
360785 
360786 
360787 
360788 
360789 
360790 
360791 
360794 
360796 
622948 
622949 
622950 
622951 
622952 
622953 
622954 
98666 
98667 
98668 
98669 
622969 
622970 
360826 
622971 
622972 
360828 
622973 
622974 
360830 
622975 
622976 
360832 
622977 
360833 
622978 
622979 
360835 
622980 
622981 
360837 
622982 
360839 
360840 
360843 
360845 
360846 
623004 
623005 
623006 
623007 
623008 
623009 
623010 
623011 
623012 
623013 
623014 
623015 
623016 
623017 
360882 
360884 
360886 
360888 
360896 
360897 
360898 
360899 
360900 
360901 
360902 
360911 
360913 
360915 
623060 
623061 
623062 
623063 
623064 
623065 
623066 
360924 
360925 
360926 
360927 
360928 
360929 
360930 
623081 
623082 
360939 
623084 
360940 
623085 
623086 
360942 
623087 
623088 
623089 
623090 
623091 
623092 
623093 
623094 
623095 
623096 
623097 
623098 
623099 
623100 
623101 
623102 
623103 
623104 
623105 
623106 
623107 
623108 
623109 
623110 
623111 
623112 
623113 
623114 
623115 
623116 
623117 
623118 
623119 
623120 
623121 
623122 
623123 
623124 
360980 
623125 
623126 
360982 
623127 
623128 
360984 
623129 
360985 
623130 
623131 
360987 
623132 
623133 
623134 
623135 
623136 
360993 
360997 
361016 
361029 
361033 
361036 
361042 
623222 
623223 
361079 
623224 
361080 
361081 
98937 
623226 
98938 
623227 
361083 
98939 
361084 
623229 
623230 
623231 
623232 
623233 
623234 
623235 
623236 
623237 
623238 
623239 
623240 
623241 
361097 
623242 
623243 
623244 
361100 
623245 
361101 
623246 
623247 
361103 
623248 
623249 
623250 
623251 
361107 
623252 
361108 
623253 
361109 
98965 
623254 
361110 
98966 
623255 
361111 
98967 
623256 
98968 
623257 
98969 
623258 
623259 
623260 
623261 
623262 
361128 
361135 
98994 
98995 
98996 
98997 
98998 
98999 
361156 
361159 
99024 
99025 
99026 
99027 
99028 
99029 
623319 
623320 
623321 
623322 
623323 
623324 
623325 
361182 
361183 
361184 
361186 
361187 
361188 
623340 
623341 
623342 
99054 
623343 
99055 
623344 
99056 
623345 
99057 
623346 
99058 
623347 
99059 
623348 
623349 
361205 
623350 
361206 
623351 
361207 
623352 
361208 
623353 
361212 
361213 
361215 
99084 
99085 
99086 
623375 
99087 
623376 
99088 
623377 
99089 
623378 
623379 
623380 
623381 
623382 
623383 
623384 
623385 
623386 
623387 
623388 
99114 
99115 
99116 
99117 
99118 
99119 
623431 
623432 
99144 
623433 
99145 
623434 
99146 
623435 
99147 
623436 
99148 
623437 
99149 
623452 
623453 
623454 
623455 
623456 
623457 
623459 
623460 
623461 
623463 
99175 
99176 
623465 
99177 
623466 
99178 
623467 
99179 
623468 
623469 
623470 
623471 
623472 
623473 
623474 
623475 
623476 
623477 
623478 
623479 
623480 
623481 
623482 
623483 
623484 
623485 
623486 
623487 
623488 
623489 
623490 
623491 
623492 
623493 
623494 
99206 
623495 
99207 
623496 
99208 
623497 
99209 
623498 
623499 
623500 
623501 
623502 
623503 
623504 
623505 
623506 
623507 
623593 
623594 
623595 
361451 
623596 
623597 
623598 
361455 
623600 
623601 
623602 
623603 
623604 
623606 
623607 
623608 
623609 
623610 
623611 
623612 
623613 
623614 
623615 
623616 
623617 
361473 
623618 
623619 
361475 
623620 
623621 
361477 
623622 
623623 
361479 
623624 
623625 
361481 
623626 
623627 
361483 
623628 
361484 
623629 
623630 
623631 
623632 
623633 
361490 
361491 
361494 
361496 
361497 
361498 
361499 
361500 
361501 
361502 
361503 
361504 
361505 
361506 
361507 
361508 
361509 
361510 
361511 
361512 
361514 
361516 
361518 
361519 
361522 
361524 
361525 
361526 
361529 
361531 
361532 
623690 
623691 
361547 
623692 
623693 
361549 
623694 
623695 
361551 
623696 
361553 
361554 
361556 
361558 
361560 
623711 
623712 
361568 
623713 
623714 
623715 
361571 
623716 
623717 
361573 
623718 
361574 
623719 
361575 
623720 
623721 
623722 
361578 
623723 
623724 
361580 
361581 
361584 
361588 
361597 
361599 
361601 
623746 
623747 
623748 
623749 
623750 
623751 
623752 
623753 
623754 
623755 
623756 
623757 
361613 
623758 
623759 
361615 
99477 
99478 
99479 
361625 
361626 
361627 
361628 
361629 
361645 
361646 
361647 
361648 
361649 
99505 
361650 
99506 
361651 
99507 
99508 
99509 
623802 
623803 
623804 
623805 
623806 
623807 
623808 
361666 
361667 
361668 
361669 
361670 
361671 
361672 
99534 
623823 
99535 
623824 
99536 
99537 
623826 
99538 
623827 
99539 
623828 
623830 
623831 
623832 
623834 
623836 
623837 
623838 
623839 
623840 
623841 
623842 
623843 
623844 
623845 
623846 
623847 
623848 
623849 
623850 
623851 
623852 
361708 
99564 
623853 
99565 
623854 
361710 
99566 
623855 
99567 
623856 
361712 
99568 
623857 
99569 
623858 
361714 
623859 
361715 
623860 
623861 
361717 
623862 
623863 
361719 
623864 
623865 
361721 
623866 
361722 
623867 
623868 
623869 
361725 
623870 
623871 
361727 
623872 
361728 
623873 
623874 
623875 
623876 
623877 
623878 
99594 
99595 
99596 
99597 
99598 
99599 
361764 
361766 
361768 
99624 
99625 
361770 
99626 
99627 
99628 
99629 
361778 
361779 
361780 
361781 
361782 
361783 
361784 
361792 
361793 
361794 
361795 
361796 
361797 
361798 
99654 
99655 
99656 
361801 
99657 
99658 
99659 
361806 
361807 
361808 
361809 
361810 
361811 
361812 
623964 
361820 
623965 
361821 
623966 
361822 
623968 
361824 
623969 
623971 
623972 
99684 
623973 
99685 
623974 
361830 
99686 
623975 
99687 
99688 
623977 
99689 
623978 
623979 
623980 
623981 
623982 
623983 
623984 
623985 
623986 
623987 
623988 
623989 
623990 
623991 
623992 
623993 
623994 
623995 
623996 
623997 
623998 
623999 
624000 
624001 
624002 
624003 
99715 
624004 
99716 
99717 
361862 
99718 
99719 
361866 
361868 
361869 
361875 
361879 
99746 
99747 
99748 
99749 
361898 
361899 
361901 
361911 
361915 
361916 
624061 
624062 
361918 
624063 
624064 
624065 
624066 
624067 
361924 
624082 
624083 
624084 
624085 
624086 
624087 
624088 
624089 
624090 
624091 
361947 
624092 
624093 
624094 
624095 
361961 
361962 
361963 
361965 
361966 
624117 
624118 
624119 
624120 
624121 
624122 
624123 
624124 
624125 
624126 
361982 
624127 
361983 
624128 
624129 
361985 
624130 
361989 
361990 
361991 
361992 
361993 
362021 
624173 
624174 
624175 
624176 
624177 
624178 
624179 
624194 
624195 
624196 
624197 
624198 
624199 
624201 
624202 
624203 
624205 
624207 
624208 
624209 
362065 
624210 
362066 
624211 
624212 
362068 
624213 
624214 
362070 
624215 
624216 
624217 
624218 
624219 
624220 
624221 
624222 
624223 
624224 
624225 
624226 
624227 
624228 
624229 
624230 
624231 
362087 
624232 
362088 
624233 
624234 
362090 
624235 
624236 
624237 
362093 
624238 
362094 
624239 
362095 
624240 
624241 
362097 
624242 
624243 
624244 
624245 
624246 
624247 
624248 
624249 
100017 
100018 
100045 
100046 
624335 
100047 
624336 
100048 
624337 
100049 
624339 
624340 
624342 
624343 
624344 
624345 
624346 
624347 
624348 
624349 
624350 
624351 
624352 
362208 
624353 
624354 
624355 
624356 
624357 
624358 
624359 
624360 
624361 
624362 
100074 
624363 
100075 
624364 
100076 
624365 
100077 
624366 
100078 
624367 
100079 
624368 
624369 
624370 
624371 
624372 
624373 
624374 
624375 
100104 
100105 
100106 
100107 
100108 
100109 
100134 
100135 
100136 
100137 
100138 
100139 
624432 
624433 
624434 
624435 
624436 
624437 
624438 
100164 
624453 
100165 
624454 
100166 
624455 
100167 
624456 
100168 
624457 
100169 
624458 
624459 
624460 
624461 
624462 
624463 
624464 
624465 
624466 
362333 
362334 
362337 
100194 
100195 
100196 
100197 
100198 
100199 
624488 
624489 
624490 
624491 
624492 
624493 
624494 
624495 
624496 
624497 
624498 
624499 
362355 
624500 
624501 
362357 
362359 
362361 
362363 
362365 
362366 
100224 
100225 
100226 
100227 
362372 
100228 
362373 
100229 
362376 
362378 
362379 
362380 
362381 
362382 
362383 
362384 
362385 
362386 
362387 
362388 
362389 
362390 
362391 
362392 
362393 
362394 
362396 
362398 
100255 
624544 
362400 
100256 
624545 
362401 
100257 
624546 
100258 
624547 
100259 
624548 
362404 
624549 
624550 
362406 
362407 
362408 
362411 
362413 
362414 
624565 
624566 
624568 
624569 
624570 
624572 
624573 
362429 
624574 
100286 
362431 
100287 
624576 
100288 
624577 
362433 
100289 
624578 
624579 
362435 
624580 
362436 
624581 
624582 
362438 
624583 
624584 
362440 
624585 
624586 
362442 
624587 
624588 
624589 
624590 
624591 
624592 
624593 
624594 
362450 
624595 
624596 
624597 
362453 
624598 
624599 
362455 
624600 
362456 
624601 
362457 
624602 
624603 
624604 
362460 
624605 
624606 
362462 
624607 
362463 
624608 
624609 
624610 
362466 
624611 
624612 
624613 
624614 
362470 
624615 
624616 
624617 
624618 
624619 
624620 
362479 
362480 
362481 
362483 
362495 
362497 
362507 
362508 
362509 
362510 
362527 
362528 
362529 
362530 
362531 
362532 
362533 
362540 
362548 
362549 
362550 
362551 
362552 
362553 
362554 
362558 
362560 
624706 
624707 
624708 
624710 
624711 
624713 
624714 
624715 
624716 
624717 
624719 
624720 
624721 
624722 
624723 
624724 
624725 
624726 
624727 
624728 
624729 
624730 
624731 
624732 
624733 
624734 
362590 
624735 
624736 
362592 
624737 
624738 
362594 
624739 
624740 
362596 
624741 
362597 
624742 
624743 
362599 
624744 
624745 
362601 
624746 
362603 
362604 
362607 
362609 
362610 
362641 
362643 
362646 
362648 
362650 
362652 
624803 
624804 
362660 
624805 
362661 
624806 
362662 
624807 
362663 
624808 
362664 
624809 
362665 
362666 
362675 
362677 
362679 
624824 
624825 
624826 
624827 
624828 
624829 
624830 
624831 
624832 
362688 
624833 
362689 
624834 
362690 
624835 
362691 
624836 
362692 
624837 
362693 
362694 
100557 
100558 
362703 
362704 
362706 
362710 
362711 
624859 
624860 
624861 
624862 
624863 
624864 
624865 
624866 
624867 
624868 
624869 
624870 
624871 
624872 
100585 
100586 
100587 
100588 
100589 
362744 
362746 
362748 
362751 
362757 
100614 
362759 
100615 
362760 
100616 
362761 
100617 
100618 
362763 
100619 
624915 
624916 
624917 
624918 
624919 
624920 
624921 
362780 
362781 
362782 
362783 
100644 
100645 
100646 
100647 
624936 
100648 
624937 
362793 
100649 
362794 
624939 
624940 
624941 
362797 
362798 
624943 
624944 
362800 
624945 
624947 
362804 
624949 
624950 
362806 
624951 
624952 
624953 
624954 
624955 
624956 
624957 
624958 
624959 
624960 
624961 
624962 
100674 
624963 
100675 
624964 
100676 
624965 
100677 
624966 
100678 
624967 
100679 
624968 
624969 
624970 
624971 
624972 
624973 
624974 
624975 
624976 
624977 
624978 
624979 
624980 
624981 
624982 
624983 
624984 
624985 
624986 
624987 
362843 
624988 
362844 
624989 
362845 
624990 
362846 
624991 
362847 
362848 
100704 
100705 
100706 
100707 
100708 
100709 
362864 
362865 
362867 
362871 
362872 
362873 
362874 
362875 
100734 
100735 
100736 
100737 
100738 
100739 
100764 
100765 
100766 
100767 
100768 
100769 
362918 
625076 
625077 
625078 
625079 
625080 
625081 
625082 
362939 
100795 
625084 
100796 
625085 
100797 
625086 
362942 
100798 
625087 
100799 
625088 
625090 
362946 
625091 
625092 
362948 
625093 
625094 
362950 
625095 
625096 
362952 
625097 
625098 
625099 
625100 
625101 
625102 
625103 
625104 
625105 
625106 
625107 
625108 
625109 
625110 
625111 
625112 
625113 
362969 
625114 
362970 
100826 
625115 
100827 
625116 
362972 
100828 
625117 
100829 
362976 
362977 
362979 
625174 
625175 
625176 
625177 
625178 
625179 
625180 
625195 
625196 
625197 
625198 
625199 
625200 
625201 
625202 
625203 
625204 
625205 
625206 
625207 
625208 
625230 
625231 
625232 
625233 
625234 
625235 
625236 
625237 
625238 
625239 
625240 
625241 
625242 
625243 
363125 
625286 
625287 
625288 
625289 
625290 
625291 
625292 
625307 
625308 
625309 
625310 
625311 
625312 
625314 
625315 
625316 
625318 
625320 
625321 
625322 
625323 
625324 
625325 
625326 
625327 
625328 
625329 
625330 
625331 
625332 
625333 
625334 
625335 
625336 
625337 
625338 
625339 
625340 
625341 
625342 
625343 
625344 
625345 
625346 
625347 
625348 
625349 
625350 
625351 
625352 
625353 
625354 
625355 
625356 
625357 
625358 
625359 
363215 
625360 
625361 
625362 
363219 
363237 
363239 
363240 
363241 
101097 
101098 
363243 
101099 
363245 
363247 
363248 
363254 
363255 
363258 
363260 
363261 
363262 
363263 
363264 
363265 
363266 
363267 
363268 
363269 
101125 
363270 
101126 
363271 
101127 
363272 
101128 
363273 
101129 
363274 
363275 
363276 
363278 
363280 
363282 
363283 
363286 
363288 
363289 
363290 
363293 
363295 
363296 
101154 
101155 
101156 
101157 
101158 
101159 
625448 
625449 
625450 
625452 
625453 
625454 
625455 
363311 
625456 
625457 
363313 
625458 
625459 
363315 
625460 
625461 
363317 
625462 
363318 
625463 
625464 
363320 
625465 
625466 
363322 
625467 
625468 
363324 
625469 
625470 
625471 
625472 
101184 
625473 
101185 
625474 
101186 
625475 
101187 
625476 
363332 
101188 
625477 
101189 
625478 
625479 
363335 
625480 
625481 
363337 
625482 
363338 
625483 
363339 
625484 
363340 
625485 
625486 
363342 
625487 
625488 
363344 
363345 
363348 
363352 
101214 
101215 
101216 
363361 
101217 
101218 
363363 
101219 
363365 
363377 
363379 
101244 
363389 
101245 
363390 
101246 
101247 
363392 
101248 
101249 
625545 
625546 
625547 
625548 
625549 
625550 
625551 
363409 
363410 
363411 
363412 
363413 
363414 
363415 
363418 
101274 
101275 
101276 
101277 
625566 
101278 
625567 
101279 
625568 
625569 
625570 
625571 
625572 
625573 
625574 
363430 
625575 
363431 
625576 
363432 
625577 
363433 
625578 
363434 
625579 
363435 
363436 
101304 
101305 
101306 
101307 
101308 
101309 
625601 
625602 
625603 
625604 
625605 
625606 
625607 
625608 
625609 
625610 
625611 
625612 
625613 
625614 
363472 
363474 
363476 
363478 
363479 
101335 
101336 
363481 
101337 
101338 
363483 
101339 
363485 
363486 
363489 
363490 
363491 
363492 
101366 
101367 
101368 
625657 
101369 
625658 
625659 
625660 
625661 
625662 
625663 
363528 
363530 
363532 
625678 
363534 
625679 
625681 
625682 
625683 
625685 
625686 
363542 
625687 
363543 
363544 
625689 
363545 
363546 
625691 
363547 
625692 
363548 
625693 
625694 
625695 
625696 
625697 
625698 
625699 
625700 
625701 
363557 
625702 
363558 
625703 
363559 
625704 
363560 
625705 
363561 
625706 
625707 
625708 
625709 
625710 
625711 
363567 
625712 
625713 
625714 
363570 
625715 
363571 
625716 
363572 
625717 
363573 
625718 
363574 
625719 
363575 
625720 
363576 
625721 
625722 
625723 
625724 
625725 
625726 
625727 
625728 
625729 
363585 
625730 
363586 
625731 
625732 
363588 
625733 
363594 
363597 
363613 
363626 
363630 
363633 
363639 
363641 
363643 
363662 
363663 
625819 
363675 
625820 
625821 
625822 
625823 
363679 
625824 
625826 
363682 
625827 
625828 
625829 
625830 
363687 
625832 
363688 
625833 
625834 
625835 
625836 
625837 
625838 
625839 
625840 
625841 
625842 
625843 
625844 
625845 
625846 
625847 
625848 
625849 
625850 
625851 
625852 
625853 
625854 
625855 
625856 
625857 
625858 
625859 
363725 
363726 
363727 
363729 
363730 
363746 
363747 
363749 
363752 
363753 
363754 
363755 
363756 
363757 
625916 
625917 
625918 
625919 
625920 
625921 
625922 
101637 
101638 
625937 
625938 
625939 
625940 
625941 
625942 
625943 
625945 
625950 
625951 
625952 
625953 
363809 
101665 
625954 
101666 
625955 
101667 
625956 
101668 
625957 
101669 
363830 
363832 
363834 
625979 
625980 
625981 
625982 
101694 
625983 
101695 
625984 
101696 
625985 
101697 
625986 
101698 
625987 
101699 
625988 
625989 
625990 
625991 
625992 
363850 
363851 
363852 
363854 
363855 
363857 
363858 
363859 
363861 
101724 
101725 
101726 
101727 
101728 
101729 
626035 
626036 
626037 
626038 
626039 
626040 
626041 
101754 
101755 
101756 
101757 
101758 
101759 
626056 
626057 
626059 
626060 
626061 
626063 
626064 
626065 
626067 
626068 
626069 
626070 
626071 
101783 
626072 
101784 
626073 
101785 
626074 
101786 
626075 
101787 
626076 
101788 
626077 
101789 
626078 
626079 
626080 
626081 
626082 
626083 
626084 
626085 
626086 
626087 
626088 
626089 
626090 
626091 
626092 
626093 
626094 
626095 
626096 
626097 
626098 
626099 
626100 
626101 
626102 
101814 
626103 
101815 
626104 
101816 
626105 
101817 
626106 
101818 
626107 
101819 
626108 
626109 
626110 
626111 
101844 
101845 
101846 
101847 
101848 
101849 
101875 
101876 
101877 
101878 
101879 
101906 
101907 
101908 
626197 
101909 
626198 
626199 
626201 
626202 
626204 
626205 
626206 
626207 
626208 
626209 
626210 
626211 
626212 
626213 
626214 
626215 
626216 
626217 
626218 
626219 
626220 
626221 
626222 
626223 
626224 
626225 
626226 
626227 
626228 
626229 
626230 
626231 
626232 
626233 
626234 
626235 
626236 
626237 
364097 
364099 
364101 
364119 
364121 
364123 
364125 
364126 
364127 
364129 
364130 
364132 
364136 
364137 
364138 
364139 
364140 
364142 
364143 
364144 
364145 
364146 
364147 
364148 
364149 
364150 
364151 
364152 
364153 
364154 
364155 
364156 
364157 
364158 
364160 
364162 
364164 
364165 
364168 
364170 
364171 
364172 
364175 
364176 
364177 
626322 
364178 
626323 
626324 
626325 
626326 
626327 
626328 
626329 
626330 
626331 
626332 
626333 
626334 
626335 
364193 
364195 
364196 
364197 
364199 
364200 
364202 
364203 
364204 
364206 
364214 
364217 
364219 
364220 
364221 
364222 
364224 
364226 
364227 
364230 
364234 
364243 
364245 
364247 
364259 
364261 
626413 
626414 
626415 
364271 
626416 
364272 
626417 
364273 
626418 
364274 
626419 
364275 
364276 
626427 
626428 
626429 
626430 
626431 
626432 
626433 
626434 
626435 
364291 
626436 
364292 
626437 
364293 
626438 
364294 
626439 
364295 
626440 
364296 
626441 
364297 
626442 
626443 
626444 
626445 
626446 
626447 
364312 
364313 
364314 
364315 
364316 
364317 
364318 
102177 
364322 
102178 
626490 
626491 
626492 
626493 
102205 
626494 
102206 
626495 
102207 
626496 
102208 
102209 
364354 
364356 
364358 
364360 
364361 
364363 
364365 
626511 
364367 
626512 
364368 
626514 
626515 
364371 
626516 
364373 
626518 
364374 
626519 
626520 
626522 
102234 
626523 
102235 
626524 
102236 
626525 
102237 
626526 
102238 
626527 
102239 
626528 
626529 
626530 
626531 
626532 
626533 
626534 
626535 
626536 
626537 
626538 
626539 
626540 
626541 
626542 
626543 
626544 
626545 
626546 
626547 
626548 
626549 
626550 
626551 
626552 
102264 
626553 
102265 
626554 
364410 
102266 
626555 
102267 
626556 
364412 
102268 
626557 
102269 
626558 
364414 
626559 
626560 
364416 
626561 
626562 
626563 
626564 
626565 
626566 
364424 
364425 
364426 
364427 
364428 
364429 
364430 
102294 
364439 
102295 
102296 
364441 
102297 
102298 
364443 
102299 
364452 
364453 
364454 
364455 
364456 
364457 
364458 
364467 
364468 
102324 
102325 
364470 
102326 
102327 
364472 
102328 
102329 
626630 
626632 
626634 
626635 
626640 
626641 
102354 
102355 
102356 
102357 
102358 
102359 
364508 
364512 
364515 
364521 
364525 
626672 
102384 
626673 
102385 
102386 
102387 
626676 
102388 
102389 
626678 
626679 
626681 
626683 
626684 
626686 
626688 
364544 
626690 
626691 
364557 
102415 
102416 
364561 
102417 
102418 
102419 
364564 
626714 
364570 
626715 
626716 
626717 
626718 
626719 
626720 
626724 
102446 
102447 
102448 
364593 
102449 
364606 
364607 
364608 
364609 
364611 
626756 
364612 
626757 
626758 
626759 
626760 
626761 
626762 
626763 
626765 
626766 
626767 
626768 
626770 
626772 
364628 
364629 
626774 
626775 
364631 
626777 
626778 
364635 
364636 
626781 
364637 
626782 
364638 
364639 
626784 
626785 
626786 
626787 
626788 
626789 
626790 
626791 
626793 
626795 
626796 
626798 
626799 
626800 
626801 
626802 
626803 
626804 
626805 
626806 
626809 
626810 
626833 
626834 
626835 
626836 
626837 
626838 
626839 
626840 
626841 
626842 
626843 
626844 
626845 
626846 
626847 
626848 
626849 
626850 
626851 
626852 
626853 
626854 
626855 
626856 
364712 
626857 
626858 
364714 
626859 
626860 
364716 
626864 
626867 
626868 
626869 
626870 
626871 
626872 
626873 
626874 
364733 
364734 
364736 
364740 
364741 
364743 
626896 
626898 
626899 
626900 
626901 
626902 
626903 
626904 
626905 
626906 
626907 
626908 
626909 
626910 
626911 
626912 
626913 
626914 
626915 
626916 
626917 
626918 
626919 
626920 
626921 
626922 
626923 
626924 
626925 
626926 
626927 
626928 
626929 
626930 
626931 
626932 
626933 
626934 
626935 
626936 
626937 
626952 
626953 
626954 
626955 
626956 
626958 
626959 
626960 
626961 
626962 
626963 
626964 
626965 
626966 
626967 
626968 
626969 
626970 
626971 
626972 
626973 
626974 
626976 
626978 
626979 
102717 
102718 
627015 
627017 
627019 
627020 
627022 
627028 
627029 
627030 
627031 
102745 
627034 
102746 
627035 
102747 
627036 
102748 
627037 
102749 
627038 
627039 
627040 
627041 
627042 
627043 
627044 
627047 
627048 
627050 
627052 
627054 
627055 
627057 
627059 
364915 
627061 
627062 
102774 
102775 
627064 
102776 
627065 
102777 
102778 
102779 
627069 
627070 
627071 
627072 
627075 
627076 
627088 
627090 
102804 
102805 
102806 
102807 
102808 
102809 
627099 
627100 
627101 
627102 
627103 
627104 
627105 
627107 
627108 
627109 
627111 
627114 
627116 
627119 
627120 
627122 
102834 
364979 
102835 
364980 
102836 
627125 
102837 
627126 
102838 
627127 
364983 
102839 
627129 
627131 
627132 
627134 
627136 
627138 
627139 
627141 
627143 
627145 
365001 
627147 
365003 
627148 
627149 
365005 
365007 
102864 
627153 
365009 
102865 
627154 
102866 
627155 
365011 
102867 
627156 
365012 
102868 
102869 
627159 
627160 
627162 
365018 
627163 
365019 
365020 
627165 
627166 
365022 
627167 
365024 
365025 
365026 
365027 
365028 
365029 
365030 
365031 
627176 
365032 
627177 
365033 
627178 
365034 
627179 
365035 
365036 
627181 
365037 
627182 
365038 
102894 
365039 
102895 
365040 
102896 
102897 
365042 
102898 
102899 
365044 
365046 
365047 
365050 
365052 
627197 
365053 
365054 
627199 
627201 
365057 
627202 
365059 
365060 
102924 
102925 
102926 
102927 
102928 
102929 
365075 
365077 
365079 
365081 
365082 
365084 
365086 
365088 
627234 
365096 
365099 
102955 
102956 
365101 
102957 
365102 
102958 
365103 
102959 
365106 
365108 
365109 
365112 
365116 
627267 
627268 
627269 
365125 
627270 
627271 
365127 
627272 
627273 
365129 
627274 
102986 
102987 
627276 
102988 
102989 
627278 
627279 
627281 
627282 
627284 
627285 
365141 
627287 
365143 
627288 
627290 
627292 
627293 
627295 
627296 
365153 
365154 
627299 
627300 
365156 
365157 
627302 
627304 
627306 
627307 
627309 
627310 
627313 
627314 
627316 
627317 
365173 
627318 
365174 
365175 
627320 
365176 
627321 
365177 
627322 
365178 
627323 
365179 
627325 
365182 
627327 
627328 
627330 
627332 
627334 
627335 
365194 
365195 
365196 
365197 
365198 
365199 
365200 
365204 
365236 
365238 
365240 
365242 
365243 
365245 
365247 
365249 
365250 
365253 
365255 
365256 
365292 
365293 
365294 
365296 
365297 
365298 
365306 
365307 
365308 
365309 
365310 
365311 
365312 
365321 
365323 
365324 
365325 
365334 
365335 
365336 
365337 
365338 
365339 
365340 
365349 
365350 
365352 
365358 
365390 
365391 
365392 
365394 
365395 
365397 
365401 
103257 
103258 
365403 
103259 
365407 
365410 
365426 
103285 
365430 
103286 
103287 
103288 
103289 
365439 
365443 
365446 
365452 
103314 
103315 
103316 
103317 
103318 
103319 
103344 
365489 
103345 
365490 
103346 
365491 
103347 
103348 
365493 
103349 
365494 
365510 
365511 
365512 
365513 
365517 
365518 
103374 
365519 
103375 
365520 
103376 
365521 
103377 
103378 
103379 
365538 
103404 
103405 
103406 
103407 
103408 
103409 
365565 
103434 
103435 
103436 
103437 
103438 
103439 
365594 
365596 
365597 
365598 
103464 
103465 
103466 
103467 
103468 
103469 
365615 
365616 
365617 
365618 
365619 
365622 
365623 
365625 
103495 
103496 
103497 
103498 
103499 
103526 
103527 
103528 
103529 
365781 
365858 
365861 
365865 
365883 
365885 
365887 
365889 
365891 
365893 
365894 
365899 
365900 
365901 
365904 
365906 
365907 
365908 
365909 
365910 
365911 
365912 
365913 
365914 
365915 
365916 
365917 
365918 
365919 
365920 
365921 
365922 
365924 
365926 
365928 
365929 
365932 
365934 
365935 
365936 
365939 
365941 
103797 
365942 
103798 
103799 
365957 
365959 
365961 
365963 
365964 
365966 
365967 
365968 
103825 
365970 
103826 
103827 
103828 
103829 
365978 
365981 
365983 
365984 
365985 
365986 
365988 
365990 
365991 
365994 
365998 
103854 
103855 
103856 
103857 
103858 
103859 
366006 
366007 
366009 
366011 
366012 
366023 
366025 
103884 
103885 
103886 
103887 
103888 
103889 
366035 
366036 
366038 
366055 
366056 
366057 
366058 
103914 
366059 
103915 
366060 
103916 
366061 
103917 
103918 
103919 
366064 
366076 
366077 
366078 
366079 
366080 
366081 
366082 
103944 
103945 
103946 
103947 
103948 
103949 
366118 
103974 
103975 
366120 
103976 
103977 
366122 
103978 
103979 
366124 
366125 
366127 
366129 
366131 
366132 
366135 
366137 
366138 
104004 
104005 
104006 
104007 
104008 
104009 
366174 
366176 
366178 
104035 
366180 
104036 
104037 
104038 
104039 
366188 
366189 
366190 
366191 
366192 
366193 
366194 
366202 
366203 
366205 
366207 
104066 
104067 
104068 
104069 
366216 
366217 
366218 
366219 
366220 
366221 
366222 
366230 
366231 
366232 
366234 
366236 
366259 
366272 
366276 
366279 
366281 
366285 
366289 
366308 
366309 
366311 
366321 
366325 
366328 
366334 
366338 
366357 
366371 
366372 
366373 
366375 
366376 
366392 
366393 
366395 
366398 
366399 
366400 
366401 
366402 
366403 
366476 
366478 
366480 
104337 
104338 
366497 
366498 
366500 
366504 
366505 
366507 
104365 
104366 
104367 
104368 
104369 
104394 
104395 
104396 
104397 
104398 
104399 
104424 
104425 
104426 
104427 
104428 
104429 
104454 
104455 
104456 
104457 
104458 
104459 
104484 
104485 
104486 
104487 
104488 
104489 
104514 
104515 
104516 
104517 
104518 
104519 
104544 
104545 
104546 
104547 
104548 
104549 
104575 
104576 
104577 
104578 
104579 
366743 
366747 
104606 
104607 
104608 
104609 
366765 
366767 
366769 
366771 
366773 
366775 
366776 
366782 
366783 
366784 
366786 
366788 
366789 
366790 
366791 
366792 
366793 
366794 
366795 
366796 
366797 
366798 
366799 
366800 
366801 
366802 
366803 
366804 
366806 
366808 
366810 
366811 
366814 
366816 
366817 
366818 
366821 
366823 
366824 
366839 
366841 
366843 
366845 
366846 
366848 
366850 
366852 
366860 
366861 
366863 
366865 
366866 
366867 
366870 
366872 
366873 
366876 
366880 
366888 
366889 
366890 
366891 
366893 
366894 
366905 
366907 
366917 
366918 
366920 
366937 
366938 
366939 
366940 
366941 
366942 
366943 
366958 
366959 
366960 
366961 
366962 
366963 
366964 
367000 
367002 
367004 
367006 
367007 
367009 
367011 
367013 
367014 
367017 
367019 
367020 
104877 
104878 
104879 
104905 
104906 
367051 
104907 
104908 
367053 
104909 
367056 
367058 
367060 
367062 
367070 
367071 
367072 
367073 
367074 
367075 
367076 
104934 
104935 
104936 
104937 
104938 
104939 
367085 
367087 
367088 
367089 
367098 
367099 
367100 
367101 
367102 
367103 
367104 
104964 
104965 
104966 
104967 
104968 
367113 
104969 
367114 
367116 
104994 
104995 
104996 
367141 
104997 
104998 
104999 
367145 
367154 
367155 
367156 
367158 
367160 
367161 
367163 
367167 
105023 
105024 
367169 
105025 
105026 
367171 
105027 
105028 
105029 
367174 
367190 
105054 
105055 
105056 
105057 
105058 
367203 
105059 
367207 
367208 
367210 
367216 
105084 
105085 
105086 
105087 
105088 
105089 
367253 
367254 
367255 
367257 
367258 
105115 
105116 
105117 
105118 
105119 
367274 
367275 
367277 
367281 
367282 
367283 
367284 
367285 
105146 
105147 
105148 
105149 
367321 
367322 
367326 
367358 
367360 
367362 
367379 
367380 
367382 
367386 
367387 
367389 
367528 
105417 
105418 
367577 
105445 
105446 
105447 
105448 
105449 
105474 
105475 
105476 
105477 
105478 
105479 
367625 
367629 
367647 
105504 
367649 
105505 
105506 
367651 
105507 
105508 
367653 
105509 
367655 
367657 
367658 
367664 
367665 
367668 
367670 
367671 
367672 
367673 
367674 
367675 
367676 
367677 
367678 
105534 
367679 
105535 
367680 
105536 
367681 
105537 
367682 
105538 
367683 
105539 
367684 
367685 
367686 
367688 
367690 
367692 
367693 
367694 
367696 
367698 
367699 
367700 
367703 
367705 
367706 
105564 
105565 
105566 
105567 
105568 
105569 
367721 
367723 
367725 
367727 
367728 
367730 
367732 
367734 
105594 
105595 
105596 
105597 
367742 
105598 
105599 
367745 
367747 
367748 
367749 
367752 
367754 
367755 
367758 
367762 
105624 
105625 
105626 
367771 
105627 
367772 
105628 
367773 
105629 
367775 
367787 
367789 
367799 
105655 
367800 
105656 
105657 
367802 
105658 
105659 
367819 
367820 
367821 
367822 
367823 
367824 
367825 
105686 
105687 
105688 
105689 
367840 
367841 
367842 
367843 
367844 
367845 
367846 
367882 
367884 
367885 
367886 
367888 
367889 
367891 
367893 
367895 
367896 
367899 
367901 
367902 
367938 
367940 
367942 
367944 
367952 
367953 
367954 
367955 
367956 
367957 
367958 
367966 
367967 
367969 
367970 
367971 
367979 
367980 
367981 
367982 
367983 
367984 
367985 
367986 
367995 
367996 
367998 
368036 
368037 
368040 
368043 
368049 
368053 
368072 
368073 
368085 
368089 
368092 
368098 
105957 
105958 
105985 
105986 
105987 
105988 
105989 
368135 
368136 
368137 
368139 
368140 
368156 
368157 
106014 
368159 
106015 
106016 
106017 
106018 
368163 
106019 
368164 
368165 
368166 
368167 
106044 
106045 
106046 
106047 
106048 
106049 
106074 
106075 
106076 
106077 
106078 
106079 
368240 
368242 
368244 
106104 
106105 
106106 
106107 
106108 
106109 
368261 
368262 
368264 
368268 
368269 
368271 
106134 
106135 
106136 
106137 
106138 
106139 
106164 
106165 
106166 
106167 
106168 
106169 
106195 
106196 
106197 
106198 
106199 
106226 
106227 
106228 
106229 
368415 
368417 
368419 
368431 
368443 
368450 
368507 
368511 
368529 
368531 
368533 
368535 
368537 
368539 
368540 
368546 
368547 
368550 
368552 
368553 
368554 
368555 
368556 
368557 
368558 
368559 
368560 
368561 
368562 
368563 
368564 
368565 
368566 
368567 
368568 
368570 
368572 
368573 
368574 
368575 
368578 
368580 
368581 
368582 
368585 
368587 
368588 
368603 
368605 
368607 
368609 
368610 
368612 
368613 
368614 
368616 
368624 
368625 
368627 
368629 
368630 
368631 
368632 
368634 
368636 
368637 
368640 
106497 
106498 
106499 
368644 
368653 
368655 
368657 
368669 
106525 
106526 
368671 
106527 
106528 
106529 
368681 
368682 
368684 
106554 
106555 
106556 
368701 
106557 
368702 
106558 
368703 
106559 
368704 
368705 
368706 
368707 
368722 
368723 
368724 
368725 
368726 
368727 
368728 
106584 
106585 
106586 
106587 
106588 
106589 
106614 
106615 
106616 
106617 
106618 
106619 
368764 
368766 
368768 
368770 
368771 
368773 
368775 
368777 
368778 
368781 
368783 
368784 
106644 
106645 
106646 
106647 
106648 
106649 
106674 
106675 
368820 
106676 
106677 
368822 
106678 
106679 
368824 
368826 
368834 
368835 
368836 
368837 
368838 
368839 
368840 
106704 
368849 
106705 
106706 
368851 
106707 
106708 
368853 
106709 
368862 
368863 
368864 
368865 
368866 
368867 
368868 
368876 
368877 
368878 
106735 
368880 
106736 
106737 
106738 
106739 
368885 
106766 
106767 
106768 
106769 
368918 
368922 
368924 
368925 
368928 
368930 
368931 
368932 
368933 
368935 
368937 
368938 
368954 
368967 
368968 
368971 
368974 
368980 
368984 
369003 
369017 
369018 
369019 
369021 
369022 
369038 
369039 
369041 
369045 
369046 
369047 
369048 
369049 
369050 
369077 
369122 
369124 
369126 
369143 
369144 
369146 
369150 
369151 
369153 
107037 
107038 
107065 
107066 
107067 
107068 
107069 
107094 
107095 
107096 
107097 
107098 
107099 
107124 
107125 
107126 
369271 
107127 
107128 
107129 
107154 
107155 
107156 
107157 
107158 
107159 
107184 
107185 
107186 
107187 
369332 
107188 
107189 
369353 
107214 
107215 
107216 
107217 
107218 
107219 
107244 
369389 
107245 
107246 
107247 
107248 
369393 
107249 
369411 
369413 
369415 
369417 
369419 
107275 
107276 
369421 
107277 
369422 
107278 
107279 
369425 
369427 
369428 
369429 
369430 
369432 
369434 
369435 
369436 
369437 
369438 
369439 
369440 
369441 
369442 
369443 
369444 
369445 
369446 
369447 
369448 
369449 
369450 
107306 
107307 
369452 
107308 
107309 
369454 
369456 
369457 
369458 
369460 
369462 
369463 
369464 
369467 
369469 
369470 
369485 
369487 
369489 
369491 
369492 
369494 
369495 
369496 
369498 
369506 
369509 
369511 
369512 
369513 
369514 
369516 
369518 
369519 
369522 
369526 
369535 
369537 
369539 
369551 
369553 
369563 
369564 
369566 
369583 
369584 
369585 
369586 
369587 
369588 
369589 
369604 
369605 
369606 
369607 
369608 
369609 
369610 
369614 
369646 
369648 
369650 
369652 
369653 
369655 
369657 
369659 
369660 
369663 
369665 
369666 
369695 
369701 
369702 
369704 
369706 
369708 
369709 
369715 
369716 
369717 
369718 
369719 
369720 
369721 
107577 
369722 
107578 
369730 
369731 
369733 
369735 
369736 
369744 
369745 
369746 
369747 
369748 
369749 
107605 
369750 
107606 
107607 
107608 
107609 
369758 
369759 
369760 
369762 
369768 
107634 
107635 
107636 
107637 
107638 
107639 
369800 
369804 
369807 
107664 
107665 
107666 
107667 
107668 
369813 
107669 
369817 
369836 
107694 
107695 
107696 
107697 
107698 
107699 
369849 
369853 
369856 
369862 
369866 
107723 
107724 
107725 
107726 
107727 
107728 
107729 
369885 
369898 
107754 
369899 
107755 
369900 
107756 
369901 
107757 
369902 
107758 
369903 
107759 
369904 
369919 
369920 
369921 
369923 
369926 
369927 
369928 
107784 
369929 
107785 
369930 
107786 
369931 
107787 
107788 
107789 
369954 
107815 
107816 
369961 
107817 
107818 
107819 
369967 
107846 
107847 
107848 
107849 
370004 
370006 
370008 
370025 
370026 
370028 
370032 
370033 
370035 
370149 
108013 
108018 
108020 
108044 
108048 
108049 
108051 
108053 
108055 
370271 
370275 
370289 
370293 
370295 
370297 
370299 
370300 
370301 
370303 
370304 
370310 
370311 
370314 
370316 
370317 
370318 
370319 
370320 
370321 
370322 
370323 
370324 
370325 
370326 
370327 
370328 
370329 
370330 
370331 
370332 
370334 
370336 
370338 
370339 
370342 
370344 
370345 
370346 
370349 
370351 
370352 
370367 
370369 
370370 
370371 
370373 
370374 
370376 
370377 
370378 
370380 
370388 
370389 
370391 
370393 
370394 
370395 
370396 
370398 
370400 
370401 
370404 
370408 
370417 
370419 
370421 
370431 
370433 
370435 
370445 
370446 
370448 
370465 
370466 
370467 
370468 
370469 
370470 
370471 
370474 
370486 
370487 
370488 
370489 
370490 
370491 
370492 
370528 
370530 
370532 
370534 
370535 
370537 
370539 
370541 
370542 
370545 
370547 
370548 
370584 
370586 
370588 
370590 
370591 
370597 
370598 
370599 
370600 
370601 
370602 
370603 
370604 
370613 
370615 
370617 
370626 
370627 
370628 
370629 
370630 
370631 
370632 
370641 
370642 
370644 
108524 
108530 
108531 
108535 
108536 
108537 
370682 
108538 
370683 
370686 
108542 
370687 
108543 
108544 
370689 
108545 
370693 
108549 
370694 
370695 
108551 
108552 
370699 
370718 
370719 
370731 
370735 
370736 
370738 
370740 
370742 
370744 
632889 
632890 
632891 
632894 
370781 
370782 
370783 
370785 
370786 
370802 
370803 
370805 
370806 
370809 
370810 
370811 
370812 
108669 
370813 
108670 
632959 
108671 
632961 
108675 
108676 
108677 
108678 
108682 
108683 
108684 
108685 
108689 
108690 
108691 
632980 
108692 
632982 
632983 
108696 
108697 
108698 
108699 
632988 
632989 
632990 
108703 
108704 
108705 
108706 
633008 
633009 
633010 
633012 
370868 
633013 
633016 
633017 
633020 
370886 
370888 
370890 
633036 
633038 
633039 
633044 
633045 
633046 
370907 
370908 
370910 
370914 
370915 
370917 
633063 
633064 
633066 
633069 
633070 
633071 
633072 
633073 
633074 
633075 
633076 
633106 
108829 
108830 
108831 
108832 
108836 
108837 
108838 
108839 
108843 
108844 
108845 
108846 
108850 
108851 
108852 
108853 
108857 
108858 
108859 
633148 
108860 
108864 
108865 
108866 
108867 
633163 
633176 
633177 
633178 
633179 
633180 
633182 
371038 
633183 
633184 
633185 
633186 
633187 
633188 
633189 
633191 
633193 
633194 
633196 
633202 
633203 
633205 
633207 
371063 
633208 
371065 
633210 
633211 
633214 
633215 
633224 
633225 
633227 
633229 
633230 
633231 
633232 
633233 
633234 
633235 
633236 
633237 
633238 
633239 
633242 
633243 
633245 
633246 
633247 
633248 
633249 
633250 
633251 
633252 
633254 
108966 
633256 
633257 
633259 
633261 
633263 
633264 
108976 
108977 
633266 
108978 
108979 
633268 
633270 
633271 
108983 
108984 
633273 
108985 
108986 
633278 
108990 
108991 
633280 
108992 
633281 
108993 
633284 
108997 
633286 
108998 
633287 
108999 
633288 
109000 
633291 
633292 
109004 
109005 
633294 
109006 
633295 
109007 
633296 
633297 
371153 
633298 
633299 
109011 
633300 
109012 
633301 
109013 
371157 
633302 
109014 
633303 
633304 
633305 
633306 
633307 
633314 
633315 
633316 
633319 
371175 
633320 
371177 
633323 
371179 
633325 
371181 
633326 
371182 
633327 
371183 
633328 
371185 
371186 
633336 
371192 
371193 
633338 
633340 
371196 
633341 
371198 
633343 
371199 
371200 
633345 
371201 
371202 
633347 
371203 
633348 
371204 
371205 
371206 
371207 
371208 
371209 
371210 
371211 
371212 
633357 
371213 
633358 
371214 
633359 
633360 
371216 
633361 
633362 
371218 
633363 
633364 
371220 
633365 
371221 
633366 
633367 
633368 
371224 
633369 
633370 
371226 
633371 
371227 
633372 
371228 
633373 
633374 
633375 
371231 
633377 
109089 
371233 
371234 
109091 
109095 
109096 
109097 
109098 
109102 
109103 
109104 
109105 
371249 
371251 
371252 
109109 
371253 
109110 
109111 
371255 
109112 
371256 
371258 
371259 
109116 
371260 
109117 
109118 
371262 
109119 
109123 
109124 
109125 
109126 
371270 
371273 
109130 
109131 
371275 
109132 
371276 
109133 
371277 
371278 
371280 
371282 
371283 
371286 
371287 
371290 
371299 
371301 
371303 
633455 
633457 
371313 
633459 
371315 
633460 
371317 
633462 
633463 
633464 
633465 
633466 
633467 
633468 
633469 
633470 
633471 
371327 
633472 
371328 
633473 
633474 
371330 
633475 
109187 
371331 
633476 
633477 
109189 
633480 
633481 
109193 
109194 
109195 
109196 
633486 
633488 
109200 
109201 
109202 
109203 
371347 
371348 
371349 
371350 
109207 
371351 
109208 
371352 
109209 
371353 
109210 
109214 
109215 
109216 
109217 
109221 
109222 
109223 
109224 
371368 
371369 
371370 
371371 
109228 
371372 
109229 
371373 
109230 
371374 
633519 
109231 
633522 
633524 
633525 
633526 
633527 
633528 
633530 
633531 
633532 
633533 
633536 
633537 
633539 
633541 
633543 
633544 
633546 
633547 
633548 
633549 
633550 
633551 
633552 
633553 
371410 
633555 
371412 
633557 
633558 
371414 
633560 
371416 
633561 
371417 
371419 
633564 
633565 
371421 
109278 
371423 
109280 
371424 
633570 
371427 
633572 
109284 
109285 
371429 
109286 
371430 
109287 
109291 
109292 
109293 
109294 
109298 
109299 
109300 
109301 
109305 
109306 
633595 
109307 
633596 
109308 
633598 
633599 
633600 
109312 
633601 
109313 
633602 
109314 
633603 
109315 
633606 
633607 
109319 
371463 
109320 
109321 
109322 
371466 
371468 
371470 
109327 
633616 
371472 
633617 
633618 
633619 
633620 
633621 
109333 
633622 
109334 
109336 
371480 
371481 
633626 
371482 
371483 
633628 
109340 
371484 
109341 
371485 
109342 
371486 
109343 
633632 
633633 
633634 
109347 
633636 
109348 
109349 
109350 
371495 
371497 
109354 
109355 
371499 
109356 
109357 
633646 
109361 
109362 
109363 
109364 
371508 
371509 
371510 
371511 
109368 
371512 
109369 
371513 
109370 
371514 
109371 
109376 
371523 
371524 
109382 
371526 
109383 
633672 
371528 
633673 
109385 
633674 
633675 
633676 
633677 
109389 
633678 
109390 
109391 
109392 
109396 
109397 
633686 
109398 
109399 
633688 
633690 
633691 
109403 
109404 
633693 
109405 
109406 
633695 
633697 
633698 
109410 
109411 
633700 
109412 
109413 
633704 
633706 
109418 
633707 
633708 
371564 
633709 
633710 
633712 
109424 
371568 
633713 
109425 
633714 
371570 
633715 
371571 
633716 
633717 
633718 
371574 
633719 
109431 
633720 
109432 
371576 
633721 
371577 
633722 
371579 
633725 
371581 
109438 
633727 
109439 
633728 
633730 
633732 
633733 
109445 
109446 
633735 
633737 
633739 
633740 
633742 
633743 
633744 
371600 
633745 
371601 
633746 
371602 
633747 
633748 
633751 
371613 
371617 
371620 
371626 
633777 
633778 
633779 
633780 
633781 
633782 
633783 
633784 
633785 
633786 
633787 
633788 
633789 
633790 
633798 
633800 
633802 
633803 
633805 
371663 
371664 
371665 
371666 
633811 
371667 
633812 
371668 
633813 
633814 
633815 
633816 
633817 
633818 
633819 
633820 
633823 
633824 
633826 
633828 
371684 
371685 
633830 
633831 
371687 
633833 
633834 
633835 
371691 
633836 
371692 
633837 
371693 
633838 
371694 
633839 
371695 
633840 
633841 
633842 
633843 
633845 
633846 
633847 
633849 
633850 
633852 
633858 
633882 
633883 
371739 
633884 
633885 
633886 
633887 
633888 
633896 
633898 
633900 
633901 
633903 
633904 
371762 
633907 
633908 
371768 
371770 
371772 
633932 
371789 
371790 
633935 
371791 
371792 
371796 
371797 
371799 
633946 
633947 
371804 
633949 
633951 
633952 
633953 
633954 
633955 
633956 
109668 
633957 
633958 
633966 
633968 
633970 
633971 
633973 
633974 
633977 
633978 
633981 
633983 
633984 
633995 
633996 
633997 
633998 
633999 
634001 
634002 
634004 
634005 
634007 
634015 
634016 
634017 
634018 
634019 
634020 
634021 
634022 
634024 
634026 
634027 
634029 
634030 
109744 
634033 
109745 
634034 
634037 
109749 
634039 
109751 
634040 
109752 
109755 
109756 
109757 
109758 
109759 
109760 
109761 
634050 
109762 
634051 
109763 
634052 
109764 
634053 
109765 
634054 
109766 
634055 
109767 
634056 
109768 
109769 
634058 
109770 
634059 
634060 
109772 
371916 
634061 
109773 
634063 
109776 
371920 
109777 
634071 
634072 
634073 
634075 
634076 
634077 
634078 
634079 
634082 
634083 
634084 
634085 
634087 
634089 
634090 
634092 
634097 
634100 
634101 
634103 
109834 
109835 
109836 
109839 
109840 
634134 
634135 
634136 
634137 
634138 
634139 
634140 
634141 
634142 
634143 
634144 
634145 
634146 
634147 
634155 
634156 
634157 
634158 
634159 
634160 
634161 
634169 
634170 
634171 
634172 
634173 
634174 
634175 
372035 
634183 
372039 
634184 
634185 
634186 
634187 
634188 
634189 
109904 
109906 
109908 
634197 
634198 
109910 
634199 
109911 
634200 
109912 
634201 
109913 
372057 
634202 
109914 
634203 
109915 
372059 
109916 
109917 
372061 
372063 
372064 
372065 
634211 
372067 
634212 
372068 
634213 
634214 
634215 
634216 
634217 
372074 
372075 
372078 
372080 
634225 
372081 
634226 
372082 
634227 
372083 
634228 
372084 
634229 
372085 
634230 
372086 
634231 
372087 
372088 
372089 
372090 
372091 
372092 
372093 
372094 
372095 
372096 
372098 
372100 
372102 
372103 
372106 
372108 
372109 
372110 
372113 
372115 
372116 
109981 
109983 
109985 
634275 
109987 
372131 
634277 
372133 
634279 
372135 
372137 
372138 
372140 
372141 
372142 
372144 
372152 
372155 
372157 
372158 
372159 
372162 
372164 
372165 
110023 
110024 
110025 
110027 
110029 
372181 
372183 
372185 
372186 
372197 
372209 
372210 
372212 
372213 
110079 
110081 
110082 
110083 
110085 
372229 
372230 
372231 
372232 
372233 
372234 
372235 
372250 
372251 
372252 
372253 
372254 
372255 
372256 
110128 
110130 
110132 
110134 
110135 
110139 
110142 
110144 
110145 
110146 
110148 
372292 
110149 
372294 
372296 
110153 
372298 
372299 
110156 
372301 
110158 
110159 
372303 
110160 
372305 
110162 
372306 
110163 
372308 
372309 
110167 
372311 
372312 
110170 
110173 
110174 
110177 
110180 
110181 
110184 
110187 
110188 
110191 
110194 
110195 
372341 
634491 
634492 
372348 
372350 
634495 
634496 
372352 
372354 
372362 
372363 
372364 
372365 
372366 
372367 
372368 
372377 
372379 
372381 
372390 
372391 
372392 
372393 
372394 
372395 
372396 
372405 
372406 
372408 
634554 
634555 
634556 
634557 
634558 
634559 
634560 
634568 
634569 
634570 
634571 
634572 
634573 
634574 
372446 
372448 
372450 
372452 
372453 
372454 
372455 
372457 
372458 
372459 
372462 
372463 
372466 
634617 
634618 
634619 
634620 
634621 
634622 
634623 
372482 
634631 
634632 
634633 
634634 
634635 
634636 
634637 
372495 
372499 
372502 
372508 
634680 
634681 
634682 
634683 
634684 
634685 
634686 
372545 
372546 
372547 
372549 
634694 
372550 
634695 
634696 
634697 
634698 
634699 
634700 
110414 
110416 
372566 
372567 
372569 
372573 
372574 
372575 
372576 
372577 
634743 
634744 
634745 
634746 
634747 
634748 
634749 
634757 
634758 
634759 
634760 
634761 
634762 
634763 
110494 
110497 
110498 
110500 
110501 
110504 
110505 
110506 
372650 
110507 
110508 
372652 
110509 
110510 
372654 
110511 
110512 
110513 
372657 
110514 
110515 
110516 
110517 
634806 
110518 
634807 
110519 
634808 
634809 
110521 
634810 
110522 
634811 
634812 
110525 
110526 
372671 
372672 
372674 
634820 
634821 
634822 
372678 
634823 
372679 
634824 
634825 
372681 
634826 
634869 
634870 
634871 
634872 
110584 
634873 
110585 
634874 
634875 
110589 
634883 
634884 
634885 
634886 
634887 
634888 
634889 
634932 
634933 
634934 
634935 
634936 
634937 
634938 
110653 
110655 
634946 
634947 
110659 
634948 
110660 
634949 
110661 
634950 
110662 
634951 
110663 
634952 
110664 
110665 
110666 
372825 
634995 
634996 
634997 
372853 
634998 
634999 
372855 
635000 
635001 
635009 
635010 
635011 
635012 
635013 
635014 
635015 
110730 
110732 
110734 
110736 
635058 
635059 
635060 
110772 
635061 
372917 
635062 
110774 
635063 
635064 
110776 
372921 
110778 
635072 
635073 
635074 
635075 
635076 
635077 
635078 
372939 
372941 
372943 
372945 
372947 
372949 
372950 
372953 
372956 
372957 
372960 
372962 
372963 
372964 
372965 
372966 
372967 
372968 
372969 
372970 
372971 
110828 
372972 
372973 
110830 
372974 
372975 
110832 
372976 
635121 
372977 
635122 
110834 
372978 
635123 
635124 
372980 
635125 
635126 
372982 
635127 
372984 
372985 
372988 
372990 
635135 
372991 
635136 
372992 
635137 
635138 
635139 
372995 
635140 
635141 
372997 
372998 
373013 
373015 
373016 
373017 
373019 
373020 
110877 
373022 
110879 
373024 
110881 
373026 
110883 
110884 
373034 
110891 
373035 
110893 
373037 
110894 
110895 
373039 
635184 
373040 
635185 
110897 
373041 
635186 
110898 
373042 
635187 
635188 
373044 
635189 
635190 
110902 
373046 
373047 
110905 
373050 
110907 
110908 
110909 
635198 
373054 
635199 
110911 
635200 
110912 
635201 
635202 
635203 
635204 
110916 
110919 
373063 
373065 
110922 
110923 
373067 
110926 
110929 
110930 
110933 
373079 
110936 
110937 
373081 
110940 
110943 
110944 
373091 
373092 
373094 
635247 
635248 
635249 
635250 
635251 
635252 
635253 
373111 
373112 
373113 
373114 
373115 
373116 
635261 
373117 
635262 
635263 
635264 
635265 
635266 
635267 
373124 
373132 
373133 
373134 
373135 
373136 
373137 
373138 
373142 
373144 
635310 
635311 
635312 
635313 
635314 
635315 
635316 
373174 
373176 
373178 
635324 
373180 
635325 
373181 
635326 
635327 
373183 
635328 
635329 
373185 
635330 
373187 
373188 
373191 
373193 
373194 
373227 
635373 
635374 
373230 
635375 
635376 
373232 
635377 
635378 
373234 
635379 
373236 
635387 
373243 
635388 
373244 
635389 
373245 
635390 
373246 
635391 
373247 
635392 
373248 
635393 
373249 
373250 
373259 
373261 
373262 
373263 
373272 
373273 
373274 
373275 
373276 
373277 
373278 
373287 
373288 
373290 
635436 
373292 
635437 
635438 
635439 
635440 
635441 
635442 
111158 
635450 
635451 
635452 
635453 
635454 
635455 
635456 
373315 
373319 
373325 
373328 
373329 
373332 
373333 
373335 
373338 
373339 
373340 
373341 
373345 
635499 
635500 
635501 
635502 
635503 
635504 
635505 
373364 
373366 
635513 
635514 
635515 
635516 
635517 
635518 
635519 
373377 
373378 
373381 
373384 
111242 
373386 
111243 
373390 
111247 
111249 
111250 
111252 
111253 
111254 
111255 
111256 
111257 
111258 
111259 
111260 
111261 
111262 
111263 
111264 
111265 
111266 
111267 
111268 
373413 
111270 
111271 
635562 
111274 
635563 
111275 
635564 
635565 
635566 
635567 
635568 
373427 
373428 
373429 
373431 
635576 
373432 
635577 
635578 
635579 
635580 
635581 
635582 
373448 
373449 
373451 
373455 
373456 
373457 
373458 
373459 
111334 
635625 
635626 
111338 
635627 
635628 
635629 
635630 
635631 
635639 
635640 
635641 
635642 
635643 
635644 
635645 
373519 
373532 
373534 
373536 
635688 
635689 
635690 
635691 
635692 
111404 
635693 
635694 
111408 
111409 
373553 
111410 
373554 
111411 
111412 
373556 
111413 
373557 
635702 
111414 
635703 
111415 
635704 
373560 
635705 
373561 
635706 
635707 
373563 
635708 
635751 
635752 
635753 
635754 
635755 
635756 
635757 
635765 
635766 
635767 
111479 
635768 
635769 
111481 
635770 
635771 
111483 
111485 
111521 
111523 
111525 
635814 
635815 
111527 
635816 
635817 
635818 
635819 
635820 
635828 
635829 
635830 
635831 
635832 
635833 
635834 
373715 
373716 
111577 
111579 
373723 
111581 
111583 
635877 
635878 
635879 
635880 
635881 
635882 
635883 
635891 
635892 
635893 
635894 
635895 
635896 
635897 
111626 
111628 
111630 
111632 
111637 
111640 
111642 
111643 
111644 
111646 
111647 
111651 
635940 
373796 
635941 
635942 
111654 
635943 
373799 
635944 
111656 
635945 
111657 
635946 
111658 
373803 
111660 
111665 
635954 
635955 
635956 
111668 
635957 
635958 
635959 
111671 
635960 
111672 
373816 
111675 
373821 
111678 
111679 
373823 
373825 
111682 
373827 
111685 
373829 
111686 
373831 
373832 
111689 
373835 
111692 
111693 
373837 
373838 
373839 
373840 
373842 
373844 
373845 
373846 
373847 
373848 
373849 
373850 
373851 
373852 
373853 
373854 
373855 
373856 
373857 
373858 
636003 
373859 
636004 
373860 
636005 
636006 
373862 
636007 
636008 
373864 
636009 
373866 
373867 
373870 
373872 
636017 
373873 
636018 
373874 
636019 
636020 
636021 
373877 
636022 
636023 
373879 
373880 
373895 
373897 
373898 
373899 
373901 
373902 
373904 
373905 
373906 
373908 
373916 
373919 
373921 
636066 
373922 
636067 
373923 
636068 
373924 
636069 
636070 
373926 
636071 
636072 
373928 
373929 
373932 
636080 
373936 
636081 
636082 
636083 
636084 
636085 
636086 
373945 
373946 
373947 
373949 
373961 
373963 
373973 
373974 
373976 
636129 
636130 
636131 
636132 
636133 
636134 
636135 
373993 
373994 
373995 
373996 
373997 
373998 
636143 
373999 
636144 
636145 
636146 
636147 
636148 
636149 
374014 
374015 
374016 
374017 
374018 
374019 
374020 
374021 
374024 
374026 
636192 
636193 
636194 
636195 
111907 
636196 
636197 
636198 
374056 
374058 
374060 
636206 
374062 
636207 
374063 
636208 
636209 
374065 
636210 
636211 
374067 
636212 
374069 
374070 
374072 
374073 
374075 
374076 
636255 
636256 
374112 
636257 
636258 
374114 
636259 
636260 
374116 
636261 
374118 
636269 
636270 
374126 
636271 
374127 
636272 
374128 
636273 
374129 
636274 
374130 
636275 
374131 
374132 
111992 
111996 
374141 
111998 
111999 
374143 
374144 
374145 
112002 
112003 
374147 
112004 
112005 
374149 
112006 
112007 
374151 
112008 
112009 
112010 
374154 
112011 
374155 
112012 
374156 
112013 
374157 
112014 
374158 
112015 
374159 
112016 
374160 
112017 
112019 
112020 
112023 
112024 
374169 
374170 
374172 
636318 
636319 
636320 
636321 
636322 
636323 
636324 
636332 
636333 
636334 
636335 
636336 
636337 
636338 
374210 
374214 
374217 
374220 
374223 
112083 
374227 
112087 
636381 
636382 
636383 
636384 
636385 
636386 
636387 
374246 
374247 
636395 
636396 
636397 
636398 
636399 
636400 
636401 
374259 
374260 
374263 
374264 
374266 
374270 
374272 
374295 
112153 
636444 
636445 
112157 
636446 
112158 
636447 
112159 
636448 
112160 
636449 
112161 
636450 
112162 
112163 
112164 
374308 
374309 
374310 
374311 
374312 
374313 
636458 
374314 
636459 
636460 
636461 
636462 
636463 
636464 
374329 
374330 
374331 
374333 
374336 
374337 
374338 
374339 
374340 
374341 
374361 
636507 
636508 
636509 
636510 
636511 
636512 
636513 
112228 
112230 
112232 
636521 
636522 
112234 
636523 
636524 
636525 
636526 
636527 
374397 
374401 
374405 
112270 
374414 
112272 
374416 
112274 
374418 
112276 
636570 
636571 
636572 
636573 
636574 
636575 
636576 
374434 
374435 
374436 
374438 
374439 
636584 
636585 
636586 
374442 
636587 
374443 
636588 
636589 
374445 
636590 
112326 
112328 
112330 
112332 
636633 
636634 
636635 
636636 
636637 
636638 
636639 
636647 
636648 
636649 
636650 
636651 
636652 
636653 
112375 
112377 
112379 
112381 
112382 
112389 
112391 
112392 
112393 
112395 
112396 
112400 
112403 
112405 
112406 
112407 
636696 
636697 
112409 
636698 
636699 
636700 
636701 
636702 
112414 
112417 
112420 
112421 
636710 
636711 
636712 
112424 
636713 
636714 
636715 
112427 
636716 
112428 
112431 
112434 
112435 
112438 
112441 
112442 
636759 
636760 
636761 
636762 
636763 
636764 
636765 
374621 
636773 
636774 
636775 
636776 
636777 
636778 
636779 
636822 
636823 
374679 
636824 
636825 
374681 
636826 
636827 
636828 
374685 
636836 
636837 
636838 
636839 
636840 
636841 
636842 
374701 
374703 
374705 
374707 
374709 
374711 
374713 
374714 
374720 
374721 
374724 
374726 
374727 
374728 
374729 
374730 
374731 
374732 
374733 
374734 
374735 
374736 
374737 
374738 
374739 
374740 
636885 
374741 
636886 
374742 
636887 
636888 
374744 
636889 
636890 
374746 
636891 
374748 
374749 
374752 
374754 
636899 
374755 
636900 
374756 
636901 
636902 
636903 
374759 
636904 
636905 
374761 
374762 
374777 
374779 
374781 
374783 
374784 
374786 
374787 
374788 
374790 
374798 
374801 
374803 
636948 
374804 
636949 
112661 
374805 
636950 
374806 
636951 
636952 
374808 
636953 
636954 
374810 
374811 
374814 
636962 
374818 
636963 
636964 
636965 
636966 
636967 
636968 
374827 
374829 
374831 
374832 
374843 
374845 
374855 
374856 
374858 
637011 
637012 
637013 
637014 
637015 
637016 
637017 
374875 
374876 
374877 
374878 
374879 
374880 
637025 
374881 
637026 
637027 
637028 
637029 
112741 
637030 
637031 
112744 
112745 
112747 
112748 
112750 
112751 
112752 
374896 
112753 
374897 
112754 
374898 
112755 
374899 
112756 
374900 
112757 
374901 
112758 
374902 
112759 
112760 
112761 
112762 
112763 
112764 
112765 
112766 
112768 
112769 
112772 
112773 
637074 
637075 
637076 
637077 
637078 
637079 
637080 
374938 
374939 
374940 
374942 
374943 
637088 
374944 
637089 
374945 
637090 
637091 
374947 
637092 
637093 
374949 
637094 
374951 
374952 
374955 
374957 
374958 
112832 
112836 
637137 
637138 
374994 
637139 
637140 
374996 
637141 
637142 
374998 
637143 
375000 
637151 
637152 
375008 
637153 
375009 
637154 
375010 
637155 
375011 
637156 
375012 
637157 
375013 
375014 
375015 
375022 
375023 
375025 
375027 
375036 
375037 
375038 
375039 
375040 
375041 
375042 
112902 
112906 
112907 
375051 
112908 
375052 
112909 
112910 
375054 
112911 
637200 
112912 
637201 
112913 
637202 
637203 
637204 
375060 
637205 
637206 
637214 
637215 
637216 
637217 
637218 
637219 
637220 
375092 
375093 
375096 
375099 
375105 
375107 
375109 
637263 
637264 
637265 
112977 
637266 
637267 
112979 
637268 
637269 
112981 
112983 
375128 
375132 
637277 
637278 
637279 
637280 
637281 
637282 
637283 
375141 
375145 
375148 
375150 
375152 
375154 
375158 
113019 
113021 
113023 
113025 
375177 
637326 
637327 
637328 
637329 
637330 
637331 
637332 
375191 
375192 
375193 
375195 
637340 
375196 
637341 
637342 
637343 
637344 
637345 
637346 
375205 
375212 
375213 
375215 
113075 
375219 
375220 
113077 
375221 
375222 
113079 
375223 
113081 
637389 
637390 
637391 
637392 
637393 
637394 
637395 
637403 
637404 
637405 
637406 
637407 
637408 
637409 
113124 
113126 
113128 
113130 
113138 
113140 
113141 
113142 
113144 
113145 
113149 
113152 
375296 
113154 
375298 
113155 
113156 
375300 
113158 
113163 
637452 
637453 
637454 
113166 
637455 
637456 
637457 
113169 
637458 
113170 
113173 
375317 
375318 
113176 
375320 
113177 
637466 
637467 
637468 
113180 
375324 
637469 
375325 
637470 
637471 
113183 
375327 
637472 
113184 
113187 
113190 
113191 
637515 
637516 
637517 
637518 
637519 
637520 
637521 
637529 
637530 
637531 
637532 
637533 
637534 
637535 
637578 
637579 
637580 
637581 
637582 
637583 
637584 
637592 
637593 
637594 
637595 
637596 
637597 
637598 
375490 
637641 
637642 
637643 
637644 
637645 
637646 
637647 
637655 
637656 
637657 
637658 
637659 
637660 
637661 
637704 
375560 
637705 
637706 
637707 
375563 
637708 
637709 
637710 
375567 
637718 
637719 
637720 
637721 
637722 
637723 
637724 
375580 
375585 
375587 
375589 
375591 
375593 
375595 
375596 
375601 
375602 
375603 
375606 
375608 
375609 
375610 
375611 
375612 
375613 
375614 
375615 
375616 
375617 
375618 
375619 
375620 
375621 
375622 
637767 
375623 
637768 
375624 
637769 
637770 
375626 
637771 
637772 
375628 
637773 
375630 
375631 
113490 
375634 
375636 
637781 
375637 
637782 
113494 
375638 
637783 
113495 
637784 
113496 
637785 
113497 
375641 
637786 
637787 
375643 
113500 
375644 
113501 
113502 
113503 
113504 
113505 
113506 
113507 
113508 
113509 
113510 
113511 
113512 
113513 
113514 
113515 
375659 
113517 
375661 
113518 
375662 
375663 
113521 
375665 
113522 
375666 
375668 
375670 
375672 
375680 
375683 
375685 
637830 
375686 
637831 
375687 
637832 
637833 
637834 
375690 
637835 
637836 
375692 
375693 
375696 
637844 
375700 
637845 
637846 
637847 
637848 
637849 
637850 
375709 
375710 
375711 
375713 
113579 
113581 
375725 
113583 
375727 
113584 
113585 
375737 
375738 
375740 
637893 
637894 
637895 
637896 
637897 
637898 
637899 
375757 
375758 
375759 
375760 
375761 
375762 
637907 
375763 
637908 
637909 
637910 
637911 
637912 
637913 
375778 
375779 
375780 
375781 
375782 
375783 
375784 
113651 
113655 
113656 
113657 
113658 
113659 
113660 
113661 
113662 
637956 
637957 
637958 
637959 
637960 
637961 
637962 
375820 
375822 
375824 
637970 
375826 
637971 
375827 
637972 
637973 
375829 
637974 
637975 
375831 
637976 
375833 
375834 
375835 
375837 
375839 
375840 
113726 
113728 
113730 
638019 
638020 
113732 
375876 
638021 
638022 
375878 
638023 
638024 
375880 
638025 
375882 
375883 
638033 
375889 
638034 
375890 
638035 
375891 
638036 
375892 
638037 
375893 
638038 
375894 
638039 
375895 
375896 
375904 
375905 
375907 
375909 
113768 
113770 
113772 
113774 
375918 
375919 
375920 
375921 
375922 
375923 
375924 
375932 
375933 
375934 
375935 
375936 
638082 
375938 
638083 
638084 
638085 
638086 
375942 
638087 
638088 
638096 
638097 
638098 
638099 
638100 
638101 
638102 
375961 
113824 
113826 
113828 
113830 
375974 
375978 
375981 
375987 
375991 
375993 
638145 
638146 
638147 
638148 
638149 
638150 
638151 
376010 
638159 
638160 
638161 
113873 
638162 
638163 
113875 
638164 
638165 
113877 
113879 
376023 
376027 
113884 
376030 
113887 
113889 
113890 
113891 
376036 
113893 
113894 
113898 
113901 
113903 
113904 
113905 
113907 
113915 
113918 
113919 
638208 
638209 
638210 
113922 
638211 
638212 
638213 
113925 
638214 
113926 
376072 
113929 
376073 
376074 
376075 
113932 
113933 
376077 
638222 
376078 
638223 
638224 
113936 
638225 
638226 
638227 
113939 
638228 
113940 
376094 
376095 
376097 
376101 
376102 
376103 
376104 
376105 
638271 
638272 
638273 
638274 
638275 
638276 
638277 
376137 
376139 
638285 
638286 
638287 
638288 
638289 
638290 
638291 
376178 
376180 
376182 
638334 
638335 
638336 
638337 
638338 
638339 
638340 
376199 
376200 
376202 
638348 
638349 
638350 
376206 
638351 
376207 
638352 
638353 
376209 
638354 
638397 
638398 
638399 
638400 
638401 
638402 
638403 
638411 
638412 
638413 
638414 
638415 
638416 
638417 
638460 
638461 
638462 
638463 
638464 
376320 
638465 
638466 
638474 
638475 
638476 
638477 
638478 
638479 
638480 
376346 
638523 
638524 
638525 
638526 
638527 
114239 
638528 
638529 
114243 
114245 
114246 
638537 
114249 
638538 
114250 
638539 
114251 
638540 
114252 
638541 
114253 
638542 
114254 
638543 
114255 
114256 
114257 
114258 
114259 
114260 
114261 
114262 
114263 
114264 
114266 
114267 
114268 
114270 
114271 
638586 
638587 
638588 
638589 
376445 
638590 
638591 
638592 
376449 
638600 
638601 
638602 
638603 
638604 
638605 
638606 
376465 
376466 
376467 
376469 
376471 
114328 
376473 
114330 
376475 
376477 
114334 
376478 
376484 
376485 
376488 
376490 
376491 
376492 
376493 
376494 
376495 
376496 
376497 
376498 
376499 
376500 
376501 
376502 
376503 
376504 
638649 
376505 
638650 
376506 
638651 
638652 
376508 
638653 
638654 
376510 
638655 
376512 
376513 
376514 
376516 
376518 
638663 
376519 
638664 
376520 
638665 
638666 
638667 
376523 
638668 
638669 
376525 
376526 
376541 
376543 
114400 
376545 
376547 
114404 
376548 
114405 
114406 
376550 
114407 
114408 
376552 
114409 
114410 
376554 
114411 
376562 
376563 
376565 
376567 
638712 
376568 
638713 
376569 
638714 
638715 
638716 
376572 
638717 
638718 
376574 
376575 
376578 
638726 
376582 
638727 
638728 
638729 
638730 
638731 
638732 
376591 
376593 
376595 
376607 
376609 
114475 
376619 
376620 
114477 
376621 
376622 
114479 
376623 
114481 
638775 
638776 
638777 
638778 
638779 
638780 
638781 
376639 
376640 
376641 
376642 
376643 
376644 
638789 
376645 
638790 
638791 
638792 
638793 
638794 
638795 
376652 
376660 
114517 
376661 
376662 
114519 
376663 
376664 
114521 
376665 
376666 
114523 
376670 
376672 
638838 
638839 
638840 
638841 
638842 
638843 
638844 
376702 
376704 
376706 
638852 
376708 
638853 
376709 
638854 
638855 
376711 
638856 
638857 
376713 
638858 
376715 
376716 
114573 
114575 
376719 
114577 
376721 
376722 
114579 
376751 
376755 
638901 
376757 
638902 
376758 
638903 
638904 
376760 
638905 
638906 
376762 
638907 
376764 
376765 
114622 
114624 
114626 
638915 
376771 
638916 
114628 
376772 
638917 
114629 
376773 
638918 
376774 
638919 
376775 
638920 
376776 
638921 
376777 
376778 
114636 
114638 
114639 
114640 
114642 
376786 
114643 
376787 
376788 
376789 
376790 
114647 
376791 
114650 
114652 
114653 
114654 
114656 
376800 
376801 
376802 
376803 
376804 
376805 
376806 
114664 
114667 
114668 
376814 
114671 
376815 
376816 
114674 
376818 
114675 
638964 
376820 
638965 
638966 
114678 
638967 
638968 
376824 
638969 
114681 
638970 
114682 
114685 
114688 
114689 
638978 
638979 
638980 
638981 
638982 
638983 
638984 
376843 
376856 
376860 
376863 
376865 
376869 
376873 
639027 
639028 
639029 
639030 
639031 
639032 
639033 
376892 
376893 
639041 
639042 
639043 
639044 
639045 
639046 
639047 
376905 
376909 
376910 
376912 
376916 
376918 
376941 
639090 
639091 
639092 
639093 
639094 
639095 
639096 
376955 
376956 
376957 
376959 
639104 
376960 
639105 
639106 
639107 
639108 
639109 
639110 
376976 
376977 
376979 
376983 
376984 
376985 
376986 
376987 
376988 
639153 
639154 
639155 
639156 
639157 
639158 
639159 
639167 
639168 
639169 
639170 
639171 
639172 
639173 
377030 
377060 
377062 
377064 
639216 
639217 
639218 
639219 
639220 
639221 
639222 
377081 
377082 
377084 
639230 
639231 
639232 
377088 
639233 
377089 
639234 
639235 
377091 
639236 
114988 
639279 
114991 
639280 
114992 
639281 
639282 
114994 
639283 
114995 
639284 
639285 
114998 
114999 
115000 
115001 
115002 
115003 
115004 
639293 
115005 
639294 
115006 
639295 
115007 
639296 
115008 
639297 
115009 
639298 
115010 
639299 
115011 
115012 
115013 
115015 
115016 
115019 
115020 
639342 
639343 
639344 
639345 
639346 
639347 
639348 
639356 
639357 
639358 
639359 
639360 
639361 
639362 
115079 
115083 
639405 
639406 
639407 
639408 
639409 
377265 
639410 
639411 
377267 
639419 
639420 
639421 
639422 
639423 
639424 
639425 
115149 
115153 
115154 
115155 
115156 
115157 
115158 
115159 
115160 
639468 
639469 
639470 
639471 
377327 
639472 
639473 
639474 
377331 
639482 
639483 
639484 
639485 
639486 
639487 
639488 
377349 
377351 
377353 
377355 
377357 
377359 
377360 
377366 
377367 
115224 
115226 
377370 
115228 
377372 
377373 
115230 
377374 
377375 
377376 
377377 
377378 
377379 
377380 
377381 
377382 
377383 
377384 
377385 
377386 
639531 
377387 
639532 
377388 
639533 
639534 
377390 
639535 
639536 
377392 
639537 
377394 
377395 
377398 
377400 
639545 
377401 
639546 
377402 
639547 
639548 
639549 
377405 
639550 
639551 
377407 
377408 
115266 
115268 
115270 
115271 
115272 
377423 
377425 
377427 
377429 
377430 
377432 
377434 
377436 
377444 
377447 
377449 
639594 
377450 
639595 
377451 
639596 
639597 
639598 
377454 
639599 
639600 
377456 
377457 
377460 
639608 
377464 
639609 
639610 
115322 
639611 
639612 
115324 
639613 
639614 
115326 
115328 
377473 
377474 
377475 
377477 
377478 
377489 
377491 
377501 
377502 
377504 
639657 
639658 
639659 
115371 
639660 
639661 
115373 
639662 
639663 
115375 
115377 
377521 
377522 
377523 
377524 
377525 
377526 
639671 
377527 
639672 
639673 
115385 
639674 
377530 
639675 
115387 
639676 
115388 
639677 
115389 
377534 
115391 
115392 
115396 
377542 
115399 
377543 
377544 
115401 
377545 
115402 
377546 
115403 
377547 
377548 
115405 
377552 
377554 
115413 
115416 
115417 
115420 
115423 
115424 
115427 
115430 
115431 
639720 
639721 
639722 
115434 
639723 
639724 
639725 
115437 
639726 
115438 
377584 
377586 
377588 
639734 
377590 
639735 
377591 
639736 
639737 
377593 
639738 
639739 
377595 
639740 
377597 
377598 
377601 
377603 
377604 
639783 
639784 
377640 
639785 
639786 
377642 
639787 
639788 
377644 
639789 
377646 
639797 
639798 
377654 
639799 
377655 
639800 
377656 
639801 
377657 
639802 
377658 
639803 
377659 
377660 
377669 
377671 
377673 
377682 
377683 
377684 
377685 
377686 
377687 
377688 
377697 
377698 
377700 
639846 
377702 
639847 
639848 
639849 
377705 
639850 
377706 
639851 
639852 
639860 
639861 
639862 
639863 
639864 
639865 
639866 
377725 
377738 
377742 
377744 
377745 
377747 
377749 
377750 
377751 
377753 
377755 
377757 
639909 
639910 
639911 
639912 
639913 
639914 
639915 
377774 
377777 
639923 
639924 
639925 
639926 
639927 
639928 
639929 
377787 
377791 
377792 
377794 
377798 
377800 
639972 
639973 
639974 
639975 
639976 
639977 
639978 
377837 
377838 
377839 
377841 
639986 
377842 
639987 
639988 
639989 
639990 
639991 
639992 
377858 
377859 
377861 
377865 
377866 
377867 
377868 
377869 
115737 
115741 
115743 
115744 
377889 
640035 
115747 
640036 
115748 
640037 
115749 
377893 
640038 
115750 
640039 
115751 
640040 
115752 
377896 
640041 
115753 
115754 
115755 
115756 
115757 
115758 
115759 
115760 
640049 
115761 
377905 
640050 
115762 
640051 
640052 
115764 
640053 
115765 
640054 
640055 
115768 
377912 
115769 
377942 
377944 
377946 
640098 
640099 
640100 
640101 
640102 
640103 
640104 
377963 
377964 
377966 
640112 
640113 
640114 
377970 
640115 
377971 
640116 
115828 
640117 
377973 
640118 
115830 
115831 
115832 
640161 
640162 
640163 
640164 
640165 
640166 
640167 
640175 
640176 
640177 
640178 
640179 
640180 
640181 
115898 
115902 
115903 
115904 
115905 
115906 
115907 
115908 
115909 
640224 
640225 
640226 
640227 
640228 
640229 
640230 
640238 
640239 
640240 
640241 
640242 
640243 
640244 
115973 
115975 
115977 
115979 
640287 
640288 
640289 
378145 
640290 
640291 
640292 
640293 
640301 
640302 
640303 
116015 
640304 
640305 
116017 
640306 
640307 
116019 
116021 
640350 
640351 
640352 
640353 
378209 
640354 
378210 
640355 
640356 
378213 
116071 
116073 
116075 
640364 
640365 
116077 
640366 
640367 
640368 
640369 
640370 
378229 
378231 
378232 
378233 
378235 
378237 
378239 
378241 
378242 
378248 
378249 
378252 
378254 
378255 
378256 
378257 
378258 
378259 
378260 
378261 
378262 
378263 
116120 
378264 
378265 
116122 
378266 
378267 
116124 
378268 
640413 
378269 
640414 
116126 
378270 
640415 
640416 
378272 
640417 
640418 
378274 
640419 
378276 
378277 
116134 
116136 
378280 
116137 
116138 
378282 
640427 
378283 
640428 
116140 
378284 
640429 
116141 
640430 
640431 
378287 
640432 
378288 
640433 
116145 
378289 
378290 
116148 
116150 
116151 
116152 
116154 
378305 
116162 
378307 
378308 
116165 
378309 
116166 
378311 
378312 
116169 
378314 
116172 
378316 
116173 
378318 
116176 
116179 
116180 
378326 
116183 
378329 
116186 
116187 
378331 
640476 
378332 
640477 
378333 
640478 
378334 
640479 
640480 
378336 
640481 
640482 
378338 
378339 
378342 
640490 
378346 
640491 
640492 
640493 
640494 
640495 
640496 
378355 
378357 
378359 
378360 
378371 
378373 
378383 
378384 
378386 
640539 
640540 
640541 
640542 
640543 
640544 
640545 
378403 
378404 
378405 
378406 
378407 
378408 
640553 
378409 
640554 
640555 
640556 
378412 
640557 
640558 
640559 
378416 
378424 
378425 
378426 
378427 
378428 
378429 
378430 
378436 
640602 
640603 
640604 
640605 
640606 
640607 
640608 
378466 
378468 
378470 
640616 
378472 
640617 
378473 
640618 
640619 
378475 
640620 
640621 
378477 
640622 
378479 
378480 
378483 
378485 
378486 
378515 
640665 
640666 
378522 
640667 
640668 
378524 
640669 
640670 
378526 
640671 
378528 
640679 
640680 
378536 
640681 
378537 
640682 
378538 
640683 
378539 
640684 
378540 
640685 
378541 
378542 
378550 
378551 
378553 
378554 
378555 
378564 
378565 
378566 
378567 
378568 
378569 
378570 
378579 
378580 
378582 
640728 
640729 
640730 
640731 
640732 
640733 
640734 
640742 
640743 
640744 
640745 
640746 
640747 
640748 
378620 
378624 
378627 
116485 
116486 
378633 
116490 
116492 
116493 
378637 
116495 
116496 
378640 
116497 
116498 
116499 
116500 
116501 
116502 
640791 
116503 
640792 
116504 
640793 
116505 
640794 
116506 
640795 
116507 
640796 
116508 
640797 
116509 
116510 
116511 
378656 
116513 
116514 
640805 
116517 
640806 
116518 
640807 
640808 
640809 
640810 
640811 
378669 
378673 
378676 
378682 
378705 
640854 
640855 
640856 
640857 
640858 
640859 
640860 
378718 
116575 
378719 
116576 
378720 
116577 
378721 
378723 
640868 
378724 
640869 
116581 
640870 
640871 
640872 
640873 
640874 
378740 
378741 
378743 
378747 
378748 
378749 
378750 
378751 
378771 
640917 
640918 
640919 
640920 
640921 
640922 
640923 
640931 
640932 
640933 
640934 
640935 
116647 
640936 
640937 
116651 
116652 
116653 
116654 
116655 
116656 
116657 
116658 
378803 
378824 
378826 
378828 
640980 
640981 
640982 
640983 
640984 
640985 
640986 
378845 
378846 
378848 
640994 
640995 
640996 
378852 
640997 
378853 
640998 
640999 
378855 
641000 
116722 
116724 
116726 
116728 
641043 
641044 
641045 
641046 
641047 
641048 
641049 
116764 
116766 
116768 
641057 
641058 
116770 
641059 
641060 
641061 
641062 
641063 
641106 
641107 
641108 
116820 
641109 
641110 
116822 
641111 
641112 
116824 
116826 
641120 
641121 
641122 
641123 
641124 
641125 
641126 
116869 
116871 
116873 
116875 
641169 
641170 
641171 
116883 
641172 
641173 
116885 
379029 
641174 
116886 
641175 
116887 
116889 
116890 
116894 
641183 
641184 
641185 
116897 
641186 
641187 
116899 
641188 
116900 
641189 
116901 
116903 
116908 
116911 
116914 
116915 
116918 
116921 
116922 
116925 
116928 
116929 
116932 
116935 
116936 
641232 
641233 
641234 
641235 
379091 
641236 
641237 
641238 
379095 
641246 
641247 
379103 
641248 
641249 
641250 
641251 
641252 
379113 
379115 
379117 
379119 
379121 
379123 
379124 
379130 
379131 
379134 
379136 
379137 
379138 
379139 
379140 
379141 
379142 
379143 
379144 
379145 
379146 
379147 
379148 
379149 
379150 
641295 
379151 
641296 
379152 
641297 
641298 
379154 
641299 
641300 
379156 
641301 
379158 
379159 
379160 
379161 
379162 
379164 
641309 
379165 
641310 
379166 
641311 
641312 
379168 
641313 
379169 
641314 
641315 
379171 
379172 
379187 
379189 
379191 
379193 
379194 
379196 
379197 
379198 
379200 
379208 
379211 
379213 
641358 
379214 
641359 
379215 
641360 
641361 
641362 
379218 
641363 
641364 
379220 
379221 
379224 
641372 
379228 
641373 
641374 
641375 
641376 
641377 
641378 
379237 
379239 
379241 
379253 
379255 
379264 
379265 
379266 
379268 
379269 
641421 
641422 
641423 
641424 
641425 
641426 
641427 
379285 
379286 
379287 
379288 
379289 
379290 
641435 
379291 
641436 
641437 
641438 
641439 
641440 
641441 
379306 
379307 
379308 
379309 
379310 
379311 
379312 
379313 
379318 
641484 
641485 
641486 
641487 
641488 
641489 
641490 
379348 
379350 
379352 
641498 
379354 
641499 
379355 
641500 
641501 
379357 
641502 
641503 
379359 
641504 
379361 
379362 
379365 
379367 
379368 
117235 
117239 
117241 
117242 
117244 
117245 
117246 
117247 
117248 
117249 
117250 
117251 
117252 
117253 
117254 
117255 
117256 
117257 
117258 
641547 
117259 
641548 
117260 
379404 
641549 
379405 
641550 
117262 
379406 
641551 
117263 
641552 
117264 
379408 
641553 
117266 
379410 
117267 
641561 
379417 
641562 
379418 
641563 
379419 
641564 
379420 
641565 
379421 
641566 
379422 
641567 
379423 
379424 
379433 
379435 
379437 
379446 
379447 
379448 
379449 
379450 
379451 
379452 
379460 
379461 
379462 
379464 
641610 
641611 
641612 
117324 
641613 
641614 
117326 
641615 
641616 
117330 
641624 
641625 
641626 
641627 
641628 
641629 
641630 
379502 
379506 
379509 
379515 
379519 
641673 
641674 
641675 
641676 
641677 
641678 
641679 
379538 
117396 
379540 
379541 
641687 
641688 
117400 
641689 
117401 
641690 
117402 
641691 
117403 
641692 
117404 
641693 
117405 
117406 
117407 
379551 
379552 
379554 
379555 
379556 
379557 
379558 
379562 
379564 
379568 
641736 
641737 
641738 
641739 
641740 
641741 
641742 
379601 
379602 
379603 
379605 
641750 
379606 
641751 
641752 
641753 
641754 
641755 
641756 
117471 
117473 
117475 
117477 
379622 
379623 
379625 
379629 
379630 
379631 
379632 
379633 
641799 
641800 
641801 
117513 
641802 
641803 
117515 
641804 
641805 
117517 
117519 
641813 
641814 
641815 
641816 
641817 
641818 
641819 
379700 
379706 
379708 
379710 
117569 
117571 
117573 
641862 
641863 
117575 
641864 
641865 
641866 
641867 
641868 
379727 
379728 
379730 
641876 
641877 
641878 
379734 
641879 
379735 
641880 
641881 
379737 
641882 
117618 
117620 
117622 
117624 
117632 
117634 
117635 
117636 
641925 
641926 
117638 
641927 
117639 
641928 
641929 
641930 
641931 
117643 
117646 
117648 
117649 
117650 
641939 
641940 
117652 
641941 
117653 
641942 
641943 
641944 
641945 
117660 
117663 
117664 
117667 
117670 
117671 
117674 
117677 
117678 
117681 
117684 
117685 
641988 
641989 
641990 
641991 
641992 
641993 
641994 
642002 
642003 
642004 
642005 
642006 
642007 
642008 
379889 
379890 
642051 
642052 
642053 
642054 
642055 
642056 
642057 
379918 
642065 
642066 
642067 
642068 
642069 
642070 
642071 
642114 
642115 
642116 
642117 
379973 
642118 
379974 
642119 
642120 
379977 
642128 
642129 
642130 
642131 
642132 
642133 
642134 
379995 
379997 
379999 
380001 
380003 
380005 
380006 
380009 
380012 
380013 
380016 
380018 
380019 
380020 
380021 
380022 
380023 
380024 
380025 
380026 
380027 
380028 
380029 
380030 
380031 
380032 
642177 
380033 
642178 
380034 
642179 
642180 
380036 
642181 
642182 
380038 
642183 
380040 
380041 
380044 
380046 
642191 
117903 
380047 
642192 
380048 
642193 
642194 
642195 
380051 
642196 
642197 
380053 
117910 
380054 
380069 
380071 
380073 
380075 
380076 
380078 
380079 
380080 
380082 
380090 
380093 
380095 
642240 
380096 
642241 
380097 
642242 
380098 
642243 
642244 
380100 
642245 
642246 
380102 
380103 
380106 
642254 
380110 
642255 
642256 
642257 
642258 
642259 
642260 
380119 
380121 
380123 
117984 
117988 
117990 
117991 
380135 
380137 
117994 
117995 
117996 
117997 
117998 
117999 
118000 
118001 
118002 
118003 
380147 
118004 
380148 
118005 
118006 
380150 
118007 
118008 
118009 
118011 
118012 
642303 
118015 
642304 
118016 
642305 
642306 
642307 
642308 
642309 
380167 
380168 
380169 
380170 
380171 
380172 
642317 
380173 
642318 
642319 
642320 
642321 
642322 
642323 
380188 
380189 
380190 
380191 
380192 
380193 
380194 
118074 
118075 
118077 
642366 
118078 
642367 
118079 
642368 
642369 
642370 
642371 
642372 
380230 
380232 
380234 
642380 
380236 
642381 
380237 
642382 
642383 
380239 
642384 
642385 
380241 
642386 
380243 
380244 
380247 
380249 
380250 
642429 
642430 
380286 
642431 
642432 
380288 
642433 
118145 
642434 
380290 
642435 
380292 
118149 
118150 
118151 
118152 
118153 
118154 
642443 
118155 
642444 
118156 
380300 
642445 
380301 
642446 
380302 
642447 
380303 
642448 
380304 
642449 
380305 
380306 
380315 
380317 
380319 
380328 
380329 
380330 
380331 
380332 
380333 
380334 
380343 
380344 
380346 
642492 
642493 
642494 
642495 
642496 
642497 
642498 
642506 
642507 
642508 
118220 
642509 
642510 
118222 
642511 
642512 
118224 
118226 
380384 
380388 
380391 
380393 
380397 
380401 
118262 
118264 
118266 
642555 
642556 
118268 
642557 
642558 
642559 
642560 
642561 
380420 
380422 
642569 
642570 
642571 
642572 
642573 
642574 
642575 
380433 
380437 
380440 
380446 
118318 
118320 
118322 
118324 
642618 
642619 
642620 
642621 
642622 
642623 
642624 
380482 
380483 
380484 
380485 
380487 
642632 
380488 
642633 
642634 
642635 
642636 
642637 
642638 
380497 
380504 
380505 
380507 
380510 
118367 
380511 
380512 
118369 
380513 
380514 
118371 
380515 
380516 
118373 
118381 
118383 
118384 
118385 
118387 
118388 
118392 
642681 
642682 
642683 
118395 
642684 
642685 
118397 
642686 
118398 
642687 
118399 
118401 
380545 
642695 
642696 
642697 
118409 
642698 
642699 
642700 
118412 
642701 
118413 
118416 
118419 
118420 
118423 
118426 
118427 
118430 
118433 
118434 
380588 
380590 
380592 
642744 
642745 
642746 
642747 
642748 
642749 
642750 
380609 
380610 
380612 
642758 
642759 
642760 
380616 
642761 
380617 
642762 
642763 
380619 
642764 
642807 
642808 
642809 
642810 
642811 
642812 
642813 
642821 
642822 
642823 
642824 
642825 
642826 
642827 
642870 
642871 
642872 
642873 
642874 
642875 
642876 
642884 
642885 
642886 
642887 
642888 
642889 
642890 
642933 
642934 
642935 
642936 
118648 
642937 
642938 
642939 
118652 
642947 
642948 
642949 
642950 
642951 
642952 
642953 
380848 
642996 
380852 
642997 
642998 
642999 
380855 
643000 
643001 
643002 
380859 
643010 
643011 
643012 
643013 
643014 
643015 
643016 
118733 
380877 
380879 
118736 
118737 
380881 
118739 
380883 
118740 
380885 
118743 
380887 
118744 
380888 
118745 
118746 
380890 
118747 
118748 
380892 
118749 
380893 
118750 
380894 
118751 
380895 
118752 
118753 
118754 
380898 
118755 
118756 
380900 
118757 
380901 
118758 
380902 
380903 
118760 
380904 
118761 
380905 
380906 
380907 
118764 
380908 
118765 
380909 
380910 
380911 
380912 
380913 
380914 
643059 
380915 
643060 
380916 
643061 
643062 
380918 
643063 
643064 
380920 
643065 
380922 
380923 
380926 
380928 
643073 
380929 
643074 
380930 
643075 
643076 
643077 
380933 
643078 
643079 
380935 
380936 
380951 
380953 
380955 
380957 
380958 
380960 
380961 
380962 
380964 
118822 
118823 
118824 
118826 
118827 
118828 
380972 
380975 
380977 
643122 
380978 
643123 
380979 
643124 
380980 
643125 
643126 
380982 
643127 
643128 
380984 
380985 
380988 
380989 
643136 
380992 
643137 
643138 
643139 
643140 
643141 
643142 
381001 
381003 
381005 
381015 
381017 
381019 
381029 
381030 
381032 
118894 
643185 
643186 
118898 
643187 
118899 
643188 
118900 
643189 
118901 
643190 
118902 
643191 
118903 
118904 
118905 
381049 
381050 
381051 
381052 
381053 
381054 
643199 
381055 
643200 
381056 
643201 
643202 
381058 
643203 
643204 
643205 
381062 
381070 
381071 
381072 
381073 
381074 
381075 
381076 
381077 
381082 
643248 
643249 
643250 
643251 
643252 
643253 
643254 
381112 
118969 
381114 
118971 
381116 
118973 
643262 
381118 
643263 
118975 
381119 
643264 
643265 
381121 
643266 
643267 
381123 
643268 
381125 
381126 
381129 
381131 
381132 
119011 
119013 
119015 
119017 
643311 
643312 
381168 
643313 
643314 
381170 
643315 
643316 
381172 
643317 
381174 
643325 
643326 
381182 
643327 
381183 
643328 
381184 
643329 
381185 
643330 
381186 
643331 
381187 
381188 
381196 
381197 
381199 
381200 
381201 
381202 
381210 
119067 
381211 
381212 
119069 
381213 
381214 
119071 
381215 
381216 
119073 
381224 
381225 
381226 
381228 
643374 
381230 
643375 
643376 
643377 
643378 
643379 
643380 
643388 
643389 
643390 
643391 
643392 
643393 
643394 
119116 
119118 
119120 
119122 
381266 
381267 
381270 
119127 
381271 
381273 
119130 
119132 
119133 
119134 
381279 
119136 
119137 
381282 
381283 
119141 
381286 
119144 
119146 
119147 
119148 
643437 
643438 
119150 
643439 
119151 
643440 
643441 
643442 
643443 
119158 
381302 
119161 
119162 
381306 
643451 
643452 
643453 
119165 
643454 
643455 
643456 
119168 
643457 
119169 
381315 
119172 
119175 
381319 
119176 
381322 
119179 
119182 
119183 
381328 
643500 
643501 
643502 
643503 
643504 
643505 
643506 
381365 
381366 
381367 
381368 
381369 
643514 
381370 
643515 
643516 
643517 
643518 
643519 
643520 
381386 
381387 
381389 
381393 
381394 
381395 
381396 
381397 
643563 
643564 
643565 
643566 
643567 
643568 
643569 
643577 
643578 
643579 
643580 
643581 
643582 
643583 
381446 
381470 
381472 
381474 
643626 
643627 
643628 
643629 
643630 
643631 
643632 
381491 
381492 
381494 
381495 
643640 
643641 
643642 
381498 
643643 
381499 
643644 
643645 
381501 
643646 
119397 
643689 
643690 
643691 
643692 
643693 
119405 
643694 
643695 
643703 
643704 
643705 
643706 
643707 
643708 
643709 
643752 
643753 
643754 
643755 
643756 
643757 
643758 
643766 
643767 
643768 
643769 
119481 
643770 
119482 
643771 
643772 
119486 
119488 
119489 
119492 
119493 
119494 
119495 
119496 
119497 
119498 
119499 
119500 
119501 
119502 
119503 
119504 
119505 
119506 
119507 
119509 
119510 
119511 
119513 
119514 
643815 
643816 
643817 
643818 
643819 
643820 
643821 
643829 
643830 
643831 
643832 
643833 
643834 
643835 
119571 
119572 
119573 
119577 
643878 
643879 
643880 
643881 
381737 
643882 
381738 
643883 
643884 
381740 
381741 
643892 
643893 
643894 
643895 
643896 
643897 
643898 
381759 
381761 
381763 
381765 
381767 
381769 
381770 
381773 
381775 
381776 
381777 
381780 
381782 
381783 
381784 
381785 
381786 
119643 
381787 
381788 
381789 
381790 
119647 
381791 
119648 
381792 
119649 
381793 
119650 
381794 
119651 
381795 
119652 
381796 
643941 
119653 
381797 
643942 
119654 
381798 
643943 
643944 
381800 
643945 
643946 
381802 
643947 
381804 
381805 
381808 
381810 
643955 
381811 
643956 
381812 
643957 
643958 
643959 
381815 
643960 
643961 
381817 
381818 
381833 
381835 
381837 
381839 
381840 
381842 
381843 
381844 
381846 
381854 
381857 
381859 
644004 
381860 
644005 
381861 
644006 
119718 
381862 
644007 
644008 
119720 
381864 
644009 
644010 
119722 
381866 
381867 
119724 
381870 
644018 
381874 
644019 
644020 
644021 
644022 
644023 
644024 
381883 
381885 
381887 
381899 
381901 
119760 
119762 
119764 
119766 
381910 
381911 
381912 
381913 
381914 
381915 
381916 
644067 
644068 
644069 
644070 
644071 
644072 
644073 
381931 
381932 
381933 
381934 
381935 
381936 
644081 
381937 
644082 
644083 
644084 
644085 
644086 
644087 
381952 
381953 
381954 
381955 
381956 
381957 
381958 
119816 
119818 
119820 
119822 
644130 
644131 
644132 
644133 
644134 
644135 
644136 
381994 
381996 
381998 
644144 
382000 
644145 
382001 
644146 
644147 
382003 
644148 
644149 
382005 
644150 
382007 
382008 
119865 
119867 
382011 
119869 
382013 
382014 
119871 
119879 
119881 
119882 
119883 
119885 
119886 
119890 
119893 
119895 
119896 
119897 
119899 
382043 
644193 
382049 
644194 
382050 
644195 
119907 
644196 
382052 
644197 
644198 
119910 
382054 
644199 
119911 
382056 
119914 
119917 
119918 
644207 
644208 
382064 
644209 
119921 
382065 
644210 
382066 
644211 
382067 
644212 
119924 
382068 
644213 
119925 
382069 
382070 
119928 
119931 
119932 
382078 
382079 
382080 
382081 
382082 
382083 
382084 
382092 
382093 
382094 
382095 
382096 
382097 
382098 
382106 
382107 
382108 
382110 
382111 
644256 
644257 
644258 
644259 
644260 
644261 
644262 
644270 
644271 
644272 
644273 
644274 
644275 
644276 
382148 
382152 
382154 
382155 
382160 
382161 
382165 
644319 
644320 
644321 
644322 
644323 
644324 
644325 
382184 
644333 
644334 
644335 
644336 
644337 
644338 
644339 
382197 
382201 
382204 
382210 
644382 
644383 
644384 
644385 
644386 
644387 
644388 
382246 
382247 
382248 
382249 
382251 
644396 
382252 
644397 
644398 
644399 
644400 
644401 
644402 
382268 
382269 
382271 
382275 
382276 
382277 
382278 
382279 
644445 
644446 
644447 
644448 
644449 
644450 
644451 
382309 
644459 
382315 
644460 
644461 
644462 
644463 
644464 
644465 
382352 
382354 
382356 
644508 
644509 
644510 
644511 
644512 
644513 
644514 
382373 
382374 
120231 
382376 
644522 
644523 
120235 
644524 
382380 
644525 
120237 
382381 
644526 
120238 
644527 
382383 
644528 
120241 
120242 
120243 
120244 
120245 
120246 
120247 
120248 
120249 
120250 
120251 
120252 
120253 
120254 
120255 
120256 
120258 
120259 
120262 
120263 
644571 
644572 
644573 
644574 
644575 
644576 
644577 
644585 
644586 
644587 
644588 
644589 
644590 
644591 
120322 
120324 
120326 
644634 
644635 
644636 
644637 
644638 
644639 
644640 
644648 
644649 
644650 
644651 
644652 
644653 
644654 
382531 
120392 
120396 
120397 
120398 
120399 
120400 
120401 
120402 
120403 
644697 
644698 
644699 
644700 
644701 
644702 
644703 
644711 
644712 
644713 
644714 
644715 
644716 
644717 
120467 
120469 
120471 
644760 
382616 
644761 
120473 
644762 
644763 
382619 
644764 
644765 
644766 
382623 
644774 
644775 
644776 
644777 
644778 
644779 
644780 
382641 
382643 
382645 
382647 
382649 
382651 
382652 
120509 
120511 
120513 
382658 
120515 
382659 
382662 
382664 
382665 
382666 
382667 
382668 
382669 
382670 
382671 
382672 
382673 
382674 
382675 
382676 
382677 
382678 
644823 
382679 
644824 
382680 
644825 
644826 
382682 
644827 
644828 
382684 
644829 
382686 
382687 
382690 
382692 
644837 
382693 
644838 
382694 
644839 
644840 
644841 
382697 
644842 
644843 
382699 
382700 
120565 
120567 
120569 
120571 
382715 
382717 
382719 
382721 
382722 
382724 
382726 
382728 
382736 
382739 
382741 
644886 
382742 
644887 
382743 
644888 
644889 
644890 
382746 
644891 
644892 
382748 
382749 
382752 
644900 
382756 
644901 
644902 
120614 
644903 
644904 
120616 
644905 
644906 
120618 
120620 
382765 
382766 
382767 
382768 
120625 
382769 
120628 
120630 
120631 
120632 
120634 
120635 
382781 
120639 
382783 
120642 
120644 
120645 
120646 
120648 
382793 
382794 
382796 
120656 
120659 
120660 
644949 
644950 
644951 
120663 
644952 
644953 
644954 
120666 
644955 
120667 
382813 
120670 
382814 
382815 
382816 
120673 
382817 
120674 
382818 
644963 
382819 
644964 
644965 
120677 
644966 
644967 
644968 
120680 
644969 
120681 
382834 
382835 
382836 
382837 
382838 
382839 
382840 
645012 
645013 
645014 
645015 
645016 
645017 
645018 
382876 
382878 
382879 
382880 
645026 
382882 
645027 
382883 
645028 
645029 
382885 
645030 
645031 
382887 
645032 
382889 
382890 
382891 
382893 
382894 
382895 
382896 
645075 
645076 
382932 
645077 
382933 
645078 
382934 
645079 
645080 
382936 
645081 
382937 
382938 
645089 
645090 
382946 
645091 
382947 
645092 
382948 
645093 
382949 
645094 
382950 
645095 
382951 
382952 
382961 
382963 
382965 
382974 
382975 
382976 
382977 
382978 
382979 
382980 
382988 
382989 
382990 
382991 
382992 
645138 
382994 
645139 
645140 
645141 
645142 
645143 
645144 
645152 
645153 
645154 
645155 
645156 
645157 
645158 
383030 
383034 
383036 
383037 
383042 
383043 
383047 
645201 
645202 
645203 
645204 
645205 
645206 
645207 
383066 
645215 
645216 
645217 
645218 
645219 
645220 
645221 
383079 
383083 
383086 
383092 
645264 
645265 
645266 
645267 
645268 
120980 
645269 
645270 
120984 
383128 
383129 
120986 
383130 
120987 
383131 
383133 
645278 
120990 
383134 
645279 
120991 
645280 
120992 
645281 
120993 
645282 
120994 
645283 
120995 
645284 
120996 
120997 
120998 
120999 
121000 
121001 
121002 
121003 
121004 
121005 
383150 
121007 
383151 
121008 
121009 
383153 
121011 
121012 
383157 
383158 
383159 
383160 
383161 
645327 
645328 
645329 
645330 
645331 
645332 
645333 
645341 
645342 
645343 
645344 
645345 
645346 
645347 
121069 
121071 
121073 
121075 
383234 
383236 
383238 
645390 
645391 
645392 
645393 
645394 
645395 
645396 
383255 
383256 
383258 
645404 
645405 
645406 
383262 
645407 
383263 
645408 
645409 
383265 
645410 
121141 
121145 
121146 
121147 
121148 
121149 
121150 
121151 
121152 
645453 
645454 
645455 
645456 
645457 
645458 
645459 
645467 
645468 
645469 
645470 
645471 
645472 
645473 
121216 
121218 
121220 
121222 
645516 
645517 
645518 
645519 
645520 
645521 
645522 
645530 
645531 
645532 
645533 
645534 
645535 
645536 
121258 
121260 
121262 
121264 
383417 
645579 
645580 
645581 
645582 
645583 
645584 
645585 
383448 
645593 
645594 
645595 
645596 
645597 
645598 
645599 
121314 
121316 
121318 
121320 
645642 
383498 
645643 
645644 
645645 
383501 
645646 
645647 
645648 
383505 
121363 
121365 
121367 
645656 
645657 
121369 
383513 
645658 
121370 
645659 
645660 
645661 
645662 
121374 
121377 
121379 
383523 
121380 
121381 
383525 
121383 
383527 
121384 
383529 
383531 
121388 
383533 
383534 
121391 
121393 
121394 
383538 
121395 
383540 
121397 
383541 
121398 
383544 
383546 
383547 
383548 
121405 
383549 
383550 
383551 
121408 
383552 
121409 
383553 
383554 
383555 
121412 
383556 
383557 
383558 
121415 
383559 
121416 
383560 
645705 
383561 
645706 
383562 
645707 
121419 
645708 
383564 
645709 
645710 
121422 
383566 
645711 
121423 
383568 
383569 
121426 
383570 
383571 
383572 
121429 
121430 
383574 
645719 
383575 
645720 
383576 
645721 
645722 
645723 
383579 
645724 
645725 
383581 
383582 
383597 
383599 
383601 
383603 
383604 
383606 
383608 
383610 
383618 
383619 
383621 
383623 
645768 
383624 
645769 
383625 
645770 
383626 
645771 
645772 
383628 
645773 
645774 
383630 
383631 
383634 
645782 
383638 
645783 
645784 
645785 
645786 
645787 
645788 
383647 
383649 
383651 
383663 
383665 
383675 
383676 
383677 
383678 
383679 
645831 
645832 
645833 
645834 
645835 
645836 
645837 
383695 
383696 
383697 
383698 
383699 
383700 
645845 
383701 
645846 
645847 
645848 
645849 
645850 
645851 
383716 
383717 
383718 
383719 
383720 
383721 
383722 
645894 
645895 
645896 
645897 
645898 
645899 
645900 
383758 
383760 
383762 
645908 
383764 
645909 
383765 
645910 
645911 
383767 
645912 
645913 
383769 
645914 
383771 
383772 
383775 
383777 
383778 
121655 
383807 
645957 
645958 
383814 
645959 
645960 
383816 
645961 
645962 
383818 
645963 
383820 
383821 
645971 
645972 
383828 
645973 
383829 
645974 
383830 
645975 
383831 
645976 
383832 
645977 
383833 
383834 
383843 
383845 
383847 
383856 
383857 
383858 
383859 
383860 
383861 
383862 
383871 
383872 
121729 
383874 
646020 
121732 
646021 
121733 
646022 
646023 
121735 
646024 
121736 
646025 
646026 
121738 
121739 
121740 
121741 
121742 
121743 
121744 
121745 
646034 
121746 
646035 
121747 
646036 
121748 
646037 
121749 
646038 
121750 
646039 
121751 
646040 
121752 
121753 
121754 
121756 
121757 
121760 
121761 
383912 
383916 
383918 
383919 
383925 
383929 
646083 
646084 
646085 
646086 
646087 
646088 
646089 
383948 
383949 
383950 
383951 
383952 
646097 
646098 
646099 
646100 
646101 
646102 
646103 
383961 
383962 
121820 
383965 
121824 
383968 
383974 
646146 
646147 
646148 
646149 
646150 
646151 
646152 
384011 
384012 
384013 
384015 
646160 
384016 
646161 
646162 
646163 
646164 
646165 
646166 
384032 
384033 
121890 
384035 
121894 
121895 
384039 
121896 
384040 
121897 
384041 
121898 
384042 
121899 
384043 
121900 
121901 
646209 
646210 
646211 
646212 
646213 
646214 
646215 
646223 
646224 
646225 
646226 
646227 
646228 
646229 
384087 
384094 
121965 
121967 
121969 
121971 
384116 
384118 
384120 
646272 
646273 
646274 
646275 
646276 
646277 
646278 
384137 
384138 
384140 
384141 
646286 
646287 
646288 
384144 
646289 
384145 
646290 
646291 
384147 
646292 
122007 
122009 
122011 
122013 
646335 
646336 
646337 
646338 
646339 
646340 
646341 
646349 
646350 
646351 
122063 
646352 
646353 
122065 
646354 
646355 
122067 
122069 
646398 
646399 
646400 
122112 
646401 
646402 
122114 
646403 
646404 
122116 
122118 
122119 
646412 
646413 
646414 
122126 
646415 
646416 
122128 
646417 
122129 
646418 
122130 
122132 
122133 
122137 
122140 
122142 
122143 
122144 
122146 
122154 
122157 
122158 
122161 
122164 
122165 
122168 
122171 
122172 
646461 
646462 
646463 
122175 
646464 
646465 
646466 
122178 
646467 
122179 
384323 
646475 
646476 
646477 
646478 
646479 
646480 
646481 
384347 
646524 
646525 
646526 
646527 
384383 
646528 
646529 
646530 
384387 
646538 
646539 
646540 
646541 
646542 
646543 
646544 
384403 
384404 
384405 
384407 
384408 
384409 
384411 
384413 
384415 
384416 
384418 
384422 
384423 
384426 
384428 
384429 
384430 
384431 
384432 
384433 
384434 
384435 
384436 
384437 
384438 
384439 
384440 
384441 
384442 
646587 
384443 
646588 
384444 
646589 
646590 
384446 
646591 
646592 
384448 
646593 
384450 
384451 
384452 
384454 
384455 
384456 
646601 
384457 
646602 
384458 
646603 
646604 
646605 
384461 
646606 
384462 
646607 
384463 
384464 
384479 
384481 
384483 
384485 
384486 
384488 
384490 
384492 
384500 
384503 
384505 
646650 
384506 
646651 
384507 
646652 
646653 
646654 
384510 
646655 
646656 
384512 
384513 
384516 
646664 
384520 
646665 
646666 
646667 
646668 
646669 
646670 
384529 
384530 
384531 
384533 
384534 
384545 
384547 
384556 
384557 
384558 
384559 
384560 
384561 
646713 
646714 
646715 
646716 
646717 
646718 
646719 
384577 
384578 
384579 
384580 
384581 
384582 
646727 
384583 
646728 
646729 
646730 
646731 
646732 
646733 
384598 
384599 
384600 
384601 
384602 
384603 
384604 
122478 
122481 
122482 
122483 
122484 
122485 
646776 
122488 
646777 
122489 
646778 
122490 
646779 
122491 
646780 
122492 
646781 
122493 
646782 
122494 
122495 
122496 
384640 
122497 
122498 
384642 
122499 
122500 
384644 
122501 
384645 
646790 
122502 
384646 
646791 
122503 
384647 
646792 
646793 
122505 
384649 
646794 
122506 
646795 
384651 
646796 
122509 
384653 
122510 
384654 
384657 
384659 
384660 
646839 
646840 
384696 
646841 
646842 
384698 
646843 
646844 
384700 
646845 
384702 
646853 
646854 
384710 
646855 
384711 
646856 
384712 
646857 
122569 
384713 
646858 
384714 
646859 
384715 
384716 
122573 
384725 
384727 
384729 
384738 
384739 
384740 
384741 
384742 
384743 
384744 
384753 
384754 
384756 
646902 
646903 
646904 
646905 
384761 
646906 
384762 
646907 
646908 
646916 
646917 
646918 
646919 
646920 
646921 
646922 
384781 
122639 
122643 
122644 
122645 
122646 
122647 
122648 
122649 
122650 
384794 
384798 
384801 
384803 
384804 
384805 
384807 
384811 
646972 
646973 
646974 
384830 
646975 
646976 
646977 
646978 
646986 
646987 
384843 
646988 
646989 
646990 
646991 
384847 
646992 
384850 
384852 
384856 
122714 
122716 
122718 
122720 
384893 
384894 
384895 
384897 
384898 
122756 
122758 
122760 
122762 
384914 
384915 
384917 
384920 
384921 
384922 
384923 
384924 
384925 
384926 
122812 
122814 
122816 
122818 
384998 
385000 
385002 
122861 
122863 
122865 
122867 
122872 
122875 
385019 
385020 
122877 
385021 
122878 
385022 
122879 
385023 
122881 
122882 
385026 
385027 
385029 
122886 
122889 
122891 
122892 
122893 
122895 
122903 
122906 
122907 
122910 
122913 
122914 
122917 
122920 
122921 
122924 
122927 
122928 
647308 
647309 
647310 
647311 
647312 
647313 
647314 
647315 
647316 
647317 
647318 
647319 
647320 
647321 
647322 
647323 
647324 
647325 
647326 
647327 
647328 
385210 
385256 
385263 
385265 
385267 
385269 
123142 
385287 
385289 
385291 
385293 
385294 
385295 
385297 
385298 
385304 
385305 
385308 
385310 
385311 
385312 
385313 
385314 
385315 
385316 
385317 
385318 
385319 
385320 
385321 
385322 
385323 
385324 
385325 
385326 
385328 
385330 
385332 
385333 
385336 
385338 
385339 
385340 
385343 
385345 
647490 
385346 
647491 
647492 
647493 
647494 
647495 
647496 
385361 
385363 
385365 
385367 
385368 
385370 
123227 
385372 
385374 
123231 
123233 
123234 
123237 
123238 
385382 
123239 
123240 
123241 
385385 
123242 
123243 
385387 
123244 
385388 
123245 
385389 
123246 
123247 
123248 
385392 
123249 
123250 
385394 
123251 
385395 
123252 
123254 
385398 
123255 
123256 
123258 
123259 
647553 
647554 
647555 
385411 
647556 
385412 
647557 
385413 
647558 
647559 
385415 
647560 
385416 
647561 
647562 
647563 
647564 
647565 
647566 
647567 
647568 
647569 
647570 
647571 
385427 
647572 
647573 
647574 
647575 
647576 
647577 
647578 
647579 
647580 
385439 
385440 
385442 
647602 
647603 
385459 
647604 
385460 
647605 
385461 
647606 
123318 
385462 
647607 
385463 
647608 
385464 
385465 
123322 
647616 
647617 
647618 
647619 
647620 
647621 
647622 
385480 
385481 
385482 
385483 
385484 
385485 
385486 
385522 
385524 
385526 
385528 
385529 
385531 
123388 
385533 
385535 
123392 
385536 
123393 
385537 
123394 
123395 
385539 
123396 
123397 
385541 
123398 
385542 
123399 
385571 
385575 
385578 
385580 
385582 
385584 
385592 
385593 
385594 
385595 
385596 
385597 
385598 
123463 
385607 
123465 
385609 
123467 
385611 
123469 
385620 
385621 
385622 
385623 
385624 
385625 
385626 
385635 
385636 
385638 
123505 
123507 
123509 
123511 
385663 
385676 
385677 
385678 
385680 
385682 
385683 
385689 
385693 
123561 
123563 
123565 
123567 
385712 
385713 
385714 
385725 
385726 
385729 
385732 
385738 
123610 
123612 
123614 
123616 
123617 
123624 
123626 
123627 
123628 
123630 
385774 
123631 
385775 
385776 
385777 
385778 
123635 
385779 
385780 
123638 
123640 
123641 
123642 
123644 
123652 
385796 
385797 
385798 
123655 
385799 
123656 
123659 
385803 
385804 
385805 
123662 
385806 
123663 
385807 
123666 
123669 
123670 
123673 
123676 
123677 
385843 
385869 
385880 
385882 
385884 
385901 
385902 
385904 
385905 
385908 
385909 
385911 
123976 
123980 
123982 
123983 
123986 
123987 
123988 
123989 
123990 
123991 
123992 
123993 
123994 
123995 
123996 
123997 
123998 
123999 
124000 
124001 
124003 
386147 
124004 
386148 
124007 
386151 
124008 
386169 
386171 
386173 
386175 
386176 
386177 
386179 
386180 
386185 
386186 
386187 
386190 
386192 
386193 
386194 
386195 
386196 
386197 
386198 
386199 
386200 
386201 
386202 
386203 
386204 
386205 
386206 
386207 
386208 
386210 
124067 
386212 
124069 
386214 
124071 
386215 
386216 
386218 
386220 
386221 
386222 
386225 
386227 
386228 
386243 
386245 
386247 
386249 
386250 
386252 
386254 
386256 
386264 
386267 
386269 
386270 
386271 
386272 
386274 
386276 
386277 
386280 
124137 
386284 
124141 
124142 
124143 
124144 
124145 
124146 
124147 
124148 
386293 
386295 
386297 
386309 
386311 
386321 
386322 
386324 
386341 
386342 
386343 
386344 
386345 
386346 
386347 
386350 
386352 
386354 
124212 
124214 
124216 
124218 
386362 
386363 
386364 
386365 
386366 
386367 
386368 
386372 
386374 
386375 
124254 
124256 
124258 
124260 
386404 
386406 
386407 
386408 
386410 
386411 
386413 
386415 
386417 
386418 
386421 
386423 
386424 
124310 
124312 
124314 
124316 
386460 
386461 
386462 
386464 
386466 
386467 
386472 
386474 
386475 
386476 
386477 
386478 
386479 
386480 
386489 
386491 
386493 
386502 
124359 
386503 
386504 
124361 
386505 
386506 
124363 
386507 
386508 
124365 
124373 
386517 
386518 
124375 
124376 
386520 
124377 
124379 
124380 
386526 
124384 
386529 
124387 
124389 
124390 
124391 
124393 
124394 
124401 
386545 
124404 
124405 
124408 
124411 
124412 
386558 
124415 
124418 
386562 
124419 
386565 
124422 
124425 
386569 
124426 
386571 
386573 
386574 
386575 
386576 
386577 
386594 
386595 
386597 
386607 
386611 
386614 
386616 
386618 
386620 
386657 
386658 
386659 
386661 
386662 
386678 
386679 
386681 
386684 
386685 
386686 
386687 
386688 
386689 
386690 
386740 
386744 
386754 
386762 
386764 
386766 
386783 
386784 
386786 
386790 
386791 
386793 
124724 
124725 
124729 
124730 
124731 
124732 
124735 
124736 
124737 
124738 
124739 
124740 
124741 
124742 
124743 
124744 
124745 
124746 
124747 
124748 
124749 
124750 
124752 
124753 
124756 
124757 
386937 
386941 
124815 
124816 
124819 
124820 
386965 
386967 
386972 
386993 
387029 
124886 
387033 
124890 
124891 
124892 
124893 
124894 
124895 
124896 
124897 
387049 
387051 
387053 
387055 
387057 
387059 
387061 
387062 
387065 
387067 
387068 
387069 
387072 
387074 
387075 
387076 
387077 
387078 
387079 
387080 
387081 
387082 
387083 
387084 
387085 
387086 
387087 
387088 
387089 
387090 
387092 
387094 
387096 
387097 
387098 
387100 
387101 
387102 
387103 
387104 
124961 
124963 
387107 
387108 
124965 
387109 
387110 
124967 
387125 
387127 
387129 
387131 
387132 
387134 
387135 
387136 
387138 
387146 
125003 
125005 
387149 
125007 
387151 
387152 
125009 
387153 
387154 
387156 
387158 
387159 
387162 
387166 
387175 
387176 
387177 
387179 
387180 
387191 
387193 
125059 
387203 
387204 
125061 
387206 
125063 
125065 
387223 
387224 
387225 
387226 
387227 
387228 
387229 
387244 
387245 
387246 
387247 
387248 
387249 
387250 
125108 
125110 
125112 
125114 
125119 
125122 
125124 
125125 
125126 
125128 
125129 
125133 
125136 
125138 
125139 
125140 
125142 
387286 
387288 
387290 
387292 
387293 
125150 
387295 
125153 
387297 
125154 
387299 
387300 
125157 
387303 
125160 
125161 
387305 
387306 
125164 
125167 
125168 
125171 
125174 
125175 
387342 
387344 
387346 
387348 
387355 
387356 
387357 
387358 
387359 
387360 
387361 
387362 
387371 
387373 
387375 
387384 
387385 
387386 
387387 
387388 
387389 
387390 
387399 
387400 
387402 
387440 
387444 
387447 
387453 
387457 
387476 
387477 
387489 
387493 
387496 
387502 
387506 
387508 
387539 
387540 
387541 
387543 
387544 
387560 
387561 
387562 
387563 
387565 
387567 
387568 
387569 
387570 
387571 
387572 
125474 
125478 
125480 
125481 
125484 
125485 
125486 
125487 
125488 
125489 
125490 
125491 
125492 
125493 
125494 
125495 
125496 
125497 
125498 
125499 
387644 
125501 
125502 
387646 
387648 
125505 
125506 
387665 
387666 
387667 
387668 
387672 
387673 
387675 
125564 
125565 
125569 
125635 
125639 
125640 
125641 
125642 
125643 
125644 
125645 
125646 
125710 
125712 
125714 
125716 
125752 
125754 
125756 
125758 
387911 
387913 
387915 
387928 
387933 
387935 
387937 
387939 
387940 
387941 
387943 
387944 
387945 
387947 
387949 
387950 
387951 
125808 
125810 
387954 
125812 
387956 
387957 
125814 
387958 
387959 
387960 
387961 
387962 
387963 
387964 
387965 
387966 
387967 
387968 
387969 
387970 
387971 
387972 
387974 
387976 
387978 
387979 
387980 
387982 
387984 
387985 
387986 
387989 
387991 
387992 
125857 
125859 
125861 
125863 
388007 
125864 
388009 
388010 
388011 
388013 
388014 
125871 
388016 
125873 
125874 
388018 
125875 
388020 
125877 
125878 
125882 
388028 
125885 
125887 
388031 
125888 
125889 
388033 
388034 
125891 
388035 
388038 
388040 
388041 
125899 
125902 
125903 
125906 
125909 
125910 
388056 
125913 
388057 
388058 
388059 
125916 
388060 
125917 
388061 
388062 
125920 
125923 
125924 
388085 
388086 
388088 
388105 
388106 
388107 
388108 
388109 
388110 
388111 
388126 
388127 
388128 
388129 
388130 
388131 
388132 
388168 
388170 
388171 
388172 
388174 
388175 
388177 
388179 
388181 
388182 
388183 
388185 
388187 
388188 
388224 
388225 
388226 
388228 
388230 
388238 
388239 
388240 
388241 
388242 
388243 
388244 
388252 
388253 
388255 
388257 
388266 
388267 
388268 
388269 
388270 
388271 
388272 
388281 
388282 
388284 
388322 
388324 
388326 
388329 
388335 
388339 
388358 
388359 
388360 
126222 
126223 
126227 
388371 
126229 
126230 
388375 
126233 
126234 
388378 
126235 
126236 
388380 
126237 
126238 
126239 
126240 
388384 
126241 
126242 
126243 
126244 
126245 
126246 
126247 
126248 
126250 
126251 
126254 
126255 
388421 
388422 
388423 
388425 
388426 
388442 
388443 
388445 
388449 
388450 
388451 
388452 
388453 
126314 
126317 
126318 
388464 
388466 
388494 
388515 
388526 
126384 
388528 
388530 
126388 
126389 
126390 
126391 
126392 
126393 
126394 
126395 
388547 
388548 
388550 
388551 
388554 
388555 
388557 
126459 
126461 
126463 
126465 
126501 
126503 
126505 
126507 
126557 
126559 
388703 
126561 
126563 
126606 
126608 
126610 
126612 
126620 
126622 
126623 
126624 
126626 
126627 
126631 
126634 
126636 
126637 
126638 
126640 
126648 
388793 
388794 
126651 
126652 
388797 
126655 
126658 
126659 
126662 
126665 
126666 
388812 
126669 
388813 
388815 
126672 
388816 
126673 
388817 
388819 
388821 
388823 
388825 
388826 
388832 
388833 
388834 
388836 
388838 
388839 
388840 
388841 
388842 
388843 
388844 
388845 
388846 
388847 
388848 
388849 
388850 
388851 
388852 
388853 
388854 
388856 
388858 
388860 
388861 
388862 
388864 
388866 
388867 
388868 
388871 
388873 
388874 
388889 
388891 
388893 
388895 
388896 
388898 
388900 
388902 
388910 
388913 
388915 
388916 
388917 
388918 
388920 
388922 
388923 
388939 
388940 
388941 
388942 
388943 
388955 
388957 
388967 
388968 
388970 
388987 
388988 
388989 
388990 
388991 
388992 
388993 
389008 
389009 
389010 
389011 
389012 
389013 
389014 
126892 
389050 
389052 
389054 
389056 
389057 
389059 
389061 
389063 
389064 
389067 
389069 
389070 
389106 
389108 
389110 
389112 
126972 
126975 
126976 
389120 
126977 
389121 
126978 
389122 
126979 
389123 
389124 
389125 
126982 
389126 
126983 
126984 
126985 
126986 
126987 
126988 
126989 
126990 
126991 
389135 
126992 
126993 
389137 
126994 
389138 
126995 
389139 
126996 
126997 
126999 
127000 
127003 
127004 
389148 
389149 
389150 
389151 
389152 
389153 
389154 
389163 
389164 
389166 
389204 
127062 
389206 
127063 
389208 
127065 
127067 
389211 
389217 
389219 
389220 
389221 
389223 
389240 
389243 
389253 
389257 
389260 
389262 
389264 
389266 
389270 
127133 
127137 
127138 
127139 
127140 
127141 
127142 
127143 
127144 
389303 
389304 
389305 
389307 
389308 
389317 
389324 
389325 
389327 
389330 
389331 
389332 
389333 
389334 
389335 
389336 
127208 
127210 
127212 
127214 
389365 
389369 
389386 
389391 
127250 
127252 
127254 
127256 
389408 
389410 
389412 
389429 
389430 
389431 
389432 
389433 
389434 
389436 
389437 
389439 
389444 
389446 
127306 
127308 
127310 
127312 
127355 
127357 
127359 
127361 
127362 
127369 
127371 
127372 
127373 
127375 
127376 
127380 
127383 
127385 
127386 
127387 
127389 
127397 
127400 
127401 
127404 
127407 
127408 
127411 
127414 
127415 
127418 
127421 
127422 
651767 
651768 
651769 
651770 
651771 
651772 
651773 
651781 
651782 
651785 
651786 
651788 
651789 
651790 
651791 
651792 
651793 
651794 
389668 
389672 
389675 
389679 
651824 
651825 
651827 
651831 
651832 
651835 
389692 
389697 
389699 
389701 
389703 
389704 
389705 
389707 
389708 
389711 
389713 
389714 
389715 
389718 
389720 
389721 
389722 
389723 
389724 
389725 
389726 
389727 
389728 
389729 
389730 
389731 
389732 
389733 
389734 
389735 
389736 
389738 
389740 
389742 
389743 
389744 
389746 
389748 
389749 
389750 
389753 
389755 
389756 
389771 
389773 
389775 
651921 
389777 
651922 
389778 
389780 
651925 
651926 
389782 
651928 
389784 
651929 
651930 
651931 
651932 
651933 
651934 
651936 
389792 
651938 
389795 
651940 
389797 
389798 
389799 
389802 
389804 
389805 
651950 
651951 
389808 
651954 
389812 
651961 
389821 
389823 
389825 
389837 
389839 
651984 
651986 
651987 
651988 
651989 
651990 
651991 
651992 
651993 
389849 
651994 
389850 
651995 
389851 
651996 
389852 
651997 
389853 
389854 
651999 
652001 
652003 
652006 
652007 
652009 
127721 
127724 
127725 
389869 
389870 
127727 
389871 
127728 
389872 
389873 
389874 
127731 
389875 
127732 
127733 
127734 
127735 
127736 
127737 
127738 
389882 
127739 
127740 
127741 
127742 
127743 
127744 
127745 
127746 
389890 
389891 
127748 
389892 
127749 
389893 
389894 
389895 
127752 
389896 
127753 
389900 
389902 
389932 
389934 
389936 
389938 
389939 
389941 
389943 
389945 
389946 
389949 
389951 
389952 
127812 
127816 
389988 
389990 
389992 
389994 
390002 
390003 
390004 
390005 
390006 
390007 
390008 
390016 
390017 
390019 
390021 
390022 
390025 
127882 
127886 
390030 
127887 
390031 
127888 
390032 
127889 
390033 
127890 
390034 
127891 
390035 
127892 
390036 
127893 
390045 
390046 
390048 
390086 
390090 
390091 
390092 
390093 
390096 
390098 
390099 
127957 
127959 
390103 
127961 
390105 
390106 
127963 
390122 
390125 
390135 
390136 
390137 
390139 
390142 
127999 
128001 
128003 
390148 
128005 
390171 
390185 
390186 
390187 
390189 
390190 
128055 
128057 
128059 
128061 
390205 
390206 
390207 
390209 
390210 
390212 
390213 
390214 
390215 
390216 
390217 
390226 
128104 
128106 
128108 
128110 
128118 
128120 
128121 
128122 
128124 
128125 
128129 
128132 
128134 
128135 
128136 
128138 
128146 
390290 
390292 
128149 
128150 
390294 
128153 
390297 
128156 
128157 
128160 
128163 
128164 
128167 
390311 
390312 
128170 
390314 
128171 
390315 
390318 
390319 
390321 
652524 
652544 
652545 
652546 
652547 
390404 
652549 
652550 
652558 
652559 
652560 
652561 
652562 
652563 
652564 
652573 
652593 
652594 
652595 
652596 
652598 
652599 
652614 
652615 
652616 
652617 
652618 
652619 
652620 
390480 
390493 
128390 
390557 
390561 
390579 
390581 
390583 
390585 
390586 
390587 
390589 
390590 
390596 
390597 
390600 
390602 
390603 
390604 
390605 
390606 
390607 
390608 
390609 
390610 
390611 
390612 
128469 
390613 
128470 
390614 
390615 
390616 
390617 
128474 
390618 
128476 
390620 
128477 
390622 
128479 
128480 
390624 
128481 
390625 
128482 
128483 
128484 
390628 
128485 
128486 
390630 
128487 
390631 
128488 
390632 
128489 
128490 
128491 
390635 
128492 
128493 
390637 
128494 
390638 
128495 
128497 
128498 
128501 
128502 
390653 
390655 
390656 
390657 
390659 
390660 
390662 
390663 
390664 
390666 
390674 
390675 
390677 
390679 
390680 
390681 
390682 
390684 
390686 
390687 
390690 
390694 
390703 
128560 
128561 
390705 
390707 
128564 
128565 
390719 
390721 
390731 
390732 
390734 
390751 
390752 
390753 
390754 
390755 
390756 
390757 
390772 
390773 
390774 
128631 
390775 
390776 
390777 
390778 
128635 
128636 
128637 
128638 
128639 
128640 
128641 
128642 
390814 
390816 
390818 
390820 
390821 
390823 
390825 
390827 
390828 
390831 
390833 
390834 
128706 
128708 
128710 
128712 
390870 
390872 
390874 
390876 
390883 
390884 
390885 
390886 
390887 
390888 
390889 
390890 
128748 
128750 
128752 
128754 
390899 
390901 
390903 
390912 
390913 
390914 
390915 
390916 
390917 
390918 
390927 
390928 
390930 
128804 
128806 
128808 
128810 
390968 
390970 
390972 
390975 
390981 
390985 
390987 
128853 
128855 
128857 
128859 
391004 
391007 
128867 
128869 
128870 
128871 
128873 
391017 
128874 
391021 
128878 
391022 
391024 
128881 
391026 
128883 
128884 
391028 
128885 
391030 
128887 
128895 
128898 
128899 
128902 
128905 
128906 
128909 
128912 
128913 
128916 
128919 
128920 
391067 
391068 
391069 
391071 
391072 
391088 
391089 
391091 
391095 
391096 
391097 
391098 
391099 
391122 
391126 
391168 
391172 
391174 
391176 
391193 
391194 
391195 
391196 
391197 
391200 
391201 
391203 
391210 
129135 
391286 
391347 
391351 
129219 
129222 
129223 
129224 
129225 
129226 
129229 
129230 
129231 
129232 
129233 
129234 
129235 
129236 
129237 
129238 
129239 
129240 
129241 
129242 
129243 
129244 
129246 
129247 
129250 
129251 
391439 
391440 
391443 
129308 
129309 
129310 
129312 
129313 
129314 
391461 
391463 
391465 
391467 
391468 
391469 
391471 
391472 
391478 
391479 
391482 
391484 
391485 
391486 
391487 
391488 
391489 
391490 
391491 
391492 
391493 
391494 
391495 
391496 
391497 
391498 
391499 
391500 
391502 
391504 
391506 
391507 
391508 
391510 
391512 
391513 
391514 
391517 
391519 
391520 
129380 
129384 
129385 
129386 
129387 
129388 
129389 
129390 
129391 
391535 
391537 
391538 
391539 
391541 
391542 
391544 
391546 
391548 
391556 
391557 
391559 
391561 
391562 
391563 
391566 
391568 
391569 
391572 
391576 
391585 
391587 
391589 
129455 
129457 
391601 
129459 
391603 
129461 
391612 
391613 
391614 
391616 
391617 
391633 
391634 
391635 
391636 
391637 
391638 
391639 
129497 
129499 
129501 
129503 
391654 
391655 
391656 
391657 
391658 
391659 
391660 
391696 
129553 
391698 
129555 
391700 
129557 
391702 
129559 
391703 
391705 
391707 
391709 
391710 
391713 
391715 
391716 
129602 
129604 
129606 
129608 
391752 
391753 
391754 
391756 
391758 
129616 
129618 
129619 
129620 
129622 
391766 
129623 
391767 
391768 
391769 
391770 
129627 
391771 
391772 
129630 
129632 
129633 
129634 
129636 
391781 
391783 
391785 
129644 
129647 
129648 
391794 
129651 
391795 
391796 
391797 
129654 
391798 
129655 
391799 
391800 
129658 
129661 
129662 
129665 
391809 
391810 
129668 
391812 
129669 
391818 
391837 
391841 
391850 
391854 
391857 
391860 
391863 
391866 
391867 
391886 
391899 
391903 
391906 
391912 
391916 
391949 
391950 
391951 
391953 
391954 
391970 
391971 
391973 
391977 
391978 
391979 
391980 
391981 
391997 
392008 
392054 
392056 
392058 
392075 
392076 
392078 
392082 
392083 
392085 
129967 
129968 
129971 
129972 
129974 
129975 
129978 
129979 
129980 
129981 
129982 
129983 
129984 
129985 
129986 
129987 
129988 
129989 
129990 
129991 
129992 
129993 
129995 
129996 
129999 
130000 
130057 
130058 
130059 
130063 
392257 
130129 
130133 
130134 
130135 
130136 
130137 
130138 
130139 
130140 
392321 
392325 
392343 
392345 
392347 
130204 
392349 
130206 
392351 
130208 
392353 
130210 
392354 
392360 
392361 
392364 
392366 
392367 
392368 
392369 
392370 
392371 
392372 
392373 
392374 
392375 
392376 
392377 
392378 
392379 
392380 
392381 
392382 
392384 
392386 
392388 
392389 
130246 
130248 
392392 
130250 
392394 
392395 
130252 
392396 
392399 
392401 
392402 
392417 
392419 
392420 
392421 
392423 
392424 
392426 
392428 
392430 
392438 
392439 
392441 
392443 
392444 
392445 
130302 
130304 
392448 
130306 
392450 
392451 
130308 
392454 
392458 
392467 
392469 
392471 
392472 
130351 
392495 
392496 
130353 
392498 
130355 
130357 
130362 
130365 
130367 
130368 
130369 
130371 
392515 
130372 
392516 
392517 
392518 
392519 
130376 
392520 
392521 
130379 
392524 
130381 
130382 
130383 
392528 
130385 
392536 
130393 
392537 
392538 
392539 
130396 
392540 
130397 
392541 
392542 
130400 
130403 
130404 
392548 
130407 
130410 
130411 
130414 
130417 
130418 
392578 
392580 
392582 
392584 
392585 
392587 
392589 
392591 
392592 
392593 
392595 
392597 
392598 
392634 
392635 
392636 
392638 
392640 
392647 
392648 
392649 
392650 
392651 
392652 
392653 
392654 
392663 
392665 
392667 
392676 
392677 
392678 
392679 
392680 
392681 
392682 
392691 
392692 
392694 
392700 
392732 
392736 
392737 
392739 
392743 
392745 
392749 
392768 
392771 
392772 
392781 
392782 
392785 
392788 
392794 
392798 
392831 
392832 
392833 
392835 
392836 
392852 
392853 
392855 
392859 
392860 
130717 
392861 
392862 
392863 
130720 
392864 
130721 
130723 
130724 
130726 
130727 
130728 
130729 
130730 
130731 
130732 
130733 
130734 
130735 
130736 
130737 
130738 
130739 
130740 
130741 
130742 
130744 
130745 
392891 
130748 
130749 
392904 
392912 
392936 
392938 
392940 
130808 
130812 
392957 
392958 
392960 
392961 
392964 
392965 
392967 
130878 
130882 
130883 
130884 
130885 
130886 
130887 
130888 
130889 
130953 
130955 
130957 
130959 
130995 
130997 
130999 
131001 
131051 
131053 
131055 
131057 
393203 
393204 
393207 
393225 
393227 
393229 
393231 
393233 
393235 
393236 
393239 
393241 
393242 
393243 
131100 
131102 
393246 
131104 
393248 
393249 
131106 
393250 
393251 
393252 
393253 
393254 
393255 
393256 
393257 
131114 
393258 
393259 
131116 
393260 
131117 
393261 
131118 
393262 
393263 
131120 
393264 
131121 
393265 
393266 
393268 
131125 
393270 
393271 
131128 
131130 
393274 
131131 
131132 
393276 
393277 
131134 
393278 
393281 
131139 
393283 
393284 
131142 
131145 
131146 
131149 
131152 
131153 
393299 
131156 
393301 
393302 
131159 
393303 
131160 
393305 
393306 
131163 
393308 
131166 
393310 
131167 
393312 
393320 
393321 
393323 
393325 
393326 
393327 
393330 
393332 
393333 
393336 
393340 
393349 
393350 
393351 
393353 
393354 
393365 
393367 
393377 
393378 
393380 
393397 
393398 
393399 
393400 
393401 
393402 
393403 
393418 
393419 
393420 
393421 
393422 
393423 
393424 
393460 
393462 
393464 
393466 
393467 
393469 
393471 
393473 
393474 
393477 
393478 
393479 
393480 
393509 
393513 
393516 
393518 
393520 
393522 
393530 
393531 
393532 
393533 
393534 
393535 
393536 
393545 
393547 
393549 
393558 
393559 
393560 
393561 
393562 
393563 
393564 
393573 
393574 
393576 
131466 
131470 
393614 
131471 
131472 
131473 
393618 
131476 
131477 
393621 
131478 
131479 
131480 
131481 
131482 
393626 
131483 
393627 
131484 
131485 
131486 
131487 
393631 
131488 
131489 
131490 
131491 
131493 
131494 
131497 
131498 
393650 
393652 
393653 
393663 
393665 
393667 
393669 
393670 
393676 
131557 
131559 
131560 
131561 
393713 
393714 
393715 
393717 
393718 
393734 
393735 
393737 
393741 
393742 
393743 
393744 
393745 
131627 
131631 
131632 
131633 
131634 
131635 
131636 
131637 
131638 
393782 
393818 
393820 
393822 
393839 
393840 
393842 
131702 
393846 
393847 
131704 
393849 
131706 
131708 
131744 
131746 
131748 
131750 
131800 
131802 
131804 
131806 
131849 
131851 
131853 
131855 
131856 
131863 
131865 
131866 
131867 
131869 
131870 
131874 
131877 
131879 
131880 
131881 
131883 
131891 
131894 
131895 
131898 
131901 
131902 
131905 
131908 
131909 
131912 
131915 
131916 
394076 
394085 
394086 
394089 
394105 
394107 
394109 
394111 
394112 
394113 
394115 
394117 
394118 
394124 
394125 
394128 
394130 
394131 
394132 
394133 
394134 
394135 
394136 
394137 
394138 
394139 
394140 
394141 
394142 
394143 
394144 
394145 
394146 
394148 
394150 
394152 
394153 
394156 
394158 
394159 
394160 
394163 
394164 
394165 
394166 
394181 
394183 
394185 
394187 
394188 
394190 
394192 
394194 
394202 
394205 
394207 
394208 
394209 
394210 
394212 
394214 
394215 
394218 
394222 
394231 
394233 
394235 
394247 
394249 
394259 
394260 
394262 
394279 
394280 
394281 
394282 
394283 
394284 
394285 
394300 
394301 
394302 
394303 
394304 
394305 
394306 
394342 
394344 
394346 
394348 
394349 
394351 
394353 
394355 
394356 
132215 
394359 
394361 
394362 
132219 
132221 
132222 
132225 
132226 
132227 
132228 
132229 
132230 
132231 
132232 
132233 
132234 
132235 
132236 
132237 
132238 
132239 
132240 
132242 
132243 
132246 
132247 
394393 
394395 
394398 
394400 
394402 
394404 
394412 
394413 
394414 
394415 
394416 
394417 
394418 
394427 
394429 
394431 
394440 
394441 
394442 
394443 
394444 
394445 
394446 
132304 
132305 
132306 
132309 
132310 
394455 
394456 
394458 
394483 
394496 
394500 
394502 
394503 
394509 
394513 
132376 
132380 
132381 
132382 
132383 
132384 
132385 
132386 
132387 
394532 
394535 
394545 
394549 
394552 
394554 
394556 
394558 
394581 
394584 
394594 
132451 
394595 
394596 
132453 
394597 
132455 
394599 
394600 
132457 
394615 
394616 
394617 
394619 
394621 
394622 
394623 
394624 
394625 
394626 
394627 
394628 
132493 
132495 
132497 
132499 
132549 
132551 
132553 
132555 
394700 
394702 
394704 
394721 
394722 
394724 
394725 
394728 
394729 
394731 
132598 
132600 
132602 
132604 
132612 
132614 
132615 
132616 
132618 
132619 
132623 
132626 
132628 
132629 
132630 
132632 
132637 
132640 
132643 
132644 
132647 
132650 
132651 
132654 
132657 
132658 
132661 
132664 
132665 
394967 
394971 
394987 
394989 
394991 
394992 
394993 
394995 
394997 
394999 
395000 
395006 
395007 
395010 
395012 
395013 
395014 
395015 
395016 
395017 
395018 
395019 
395020 
395021 
395022 
395023 
132880 
395024 
395025 
395026 
395027 
132884 
395028 
395030 
395032 
395034 
395035 
395038 
395040 
395041 
395042 
395045 
395047 
395048 
395063 
395065 
395067 
395069 
395070 
395072 
395073 
395074 
395076 
395084 
395087 
395089 
395090 
395091 
395092 
395094 
395096 
395097 
395100 
395104 
132964 
132967 
132968 
395113 
132970 
132971 
395115 
395117 
132974 
132975 
132976 
132977 
132978 
132979 
132980 
132981 
132982 
132983 
132984 
132985 
395129 
132986 
132987 
395131 
132988 
132989 
132991 
132992 
132995 
132996 
395141 
395142 
395144 
395161 
395162 
395163 
395164 
395165 
395166 
395167 
395182 
395183 
395184 
395185 
395186 
395187 
395188 
133054 
133055 
133058 
133059 
395224 
395226 
395228 
395230 
395231 
395233 
395235 
395237 
395238 
395241 
395243 
395244 
133125 
133129 
133130 
133131 
133132 
133133 
133134 
133135 
133136 
395280 
395281 
395282 
395284 
395286 
395294 
395295 
395296 
395297 
395298 
395299 
395300 
395309 
395311 
395313 
395317 
395321 
395322 
395323 
395324 
395325 
395326 
395327 
395328 
395335 
395337 
395338 
395339 
395340 
395342 
133200 
133202 
133204 
133206 
395366 
395378 
395380 
395382 
395384 
395385 
133242 
133244 
395388 
133246 
395390 
395391 
133248 
395395 
395414 
395415 
395427 
395431 
395434 
395440 
133298 
133300 
395444 
133302 
133304 
395463 
395477 
395478 
395479 
395480 
395481 
395482 
133347 
133349 
133351 
133353 
395498 
395499 
395501 
395502 
133361 
395505 
395506 
133363 
395507 
133364 
395508 
133365 
395509 
133367 
133368 
133372 
133375 
133377 
133378 
395522 
133379 
133381 
133382 
133389 
395533 
133392 
133393 
395537 
133396 
133399 
133400 
133403 
133406 
133407 
395552 
133410 
395554 
133413 
133414 
395558 
395561 
395582 
395584 
395586 
395603 
395604 
395605 
395606 
395610 
395611 
395613 
133629 
395849 
395850 
395851 
395853 
133713 
133716 
133717 
133719 
133720 
133723 
133724 
133725 
133726 
133727 
395871 
133728 
133729 
395873 
133730 
133731 
395875 
133732 
133733 
395877 
133734 
133735 
395879 
133736 
133737 
395881 
133738 
395882 
133740 
133741 
133744 
395888 
133745 
395889 
395892 
395894 
395895 
395896 
395897 
395898 
395899 
395900 
395901 
395902 
395903 
395904 
395905 
395906 
395907 
395908 
395909 
395910 
395912 
395914 
395916 
395917 
395918 
395920 
395922 
395923 
395924 
395927 
395929 
395930 
395945 
133803 
395947 
133804 
395949 
133807 
395951 
133808 
395952 
395954 
395955 
395956 
395958 
395966 
395969 
395971 
395972 
395973 
395974 
395976 
395978 
395979 
395982 
395986 
395994 
395995 
395997 
395999 
396000 
396011 
396013 
133874 
133878 
396022 
133879 
396023 
133880 
396024 
133881 
396025 
133882 
396026 
133883 
396027 
133884 
133885 
396043 
396044 
396045 
396046 
396047 
396048 
396049 
396064 
396065 
396066 
396067 
396068 
396069 
396070 
133949 
133951 
133953 
133955 
396106 
396108 
396110 
396112 
396113 
396115 
396117 
396119 
396120 
396123 
396125 
396126 
133991 
133993 
133995 
133997 
396162 
396164 
396166 
396168 
396175 
396176 
396177 
396178 
396179 
396180 
396181 
396182 
134047 
396191 
134049 
396193 
396194 
134051 
396195 
134053 
396204 
396205 
396206 
396207 
396208 
396209 
396210 
396219 
396220 
396222 
134096 
134098 
134100 
134102 
396247 
134110 
134112 
134113 
134114 
134116 
396260 
134117 
396261 
396264 
134121 
396265 
396267 
134124 
134126 
396270 
134127 
396271 
134128 
396272 
396273 
134130 
134131 
396276 
396277 
396280 
134138 
134141 
134142 
134145 
134148 
134149 
134152 
396296 
396297 
134155 
396299 
134156 
134159 
134162 
134163 
396309 
396313 
396316 
396322 
396359 
396360 
396361 
396363 
396364 
396380 
396381 
396383 
396387 
396388 
396389 
396390 
396391 
396392 
396432 
396464 
396466 
396468 
396485 
396486 
396487 
396488 
396489 
396492 
396493 
396495 
134382 
134389 
134461 
396605 
134462 
134466 
134468 
396612 
134469 
134471 
134472 
134473 
134474 
134475 
134476 
134477 
134478 
134479 
134480 
134481 
134482 
134483 
134484 
134485 
134486 
134487 
134489 
134490 
134493 
134494 
134552 
134553 
134557 
396731 
396735 
396753 
396755 
396757 
396759 
396760 
396761 
396763 
396764 
134623 
396770 
134627 
396771 
134628 
396772 
134629 
134630 
396774 
134631 
396775 
134632 
396776 
134633 
396777 
134634 
396778 
396779 
396780 
396781 
396782 
396783 
396784 
396785 
396786 
396787 
396788 
396789 
396790 
396791 
396792 
396794 
396796 
396798 
396799 
396802 
396804 
396805 
396806 
396808 
396809 
396811 
396812 
396827 
396829 
396831 
396833 
396834 
396836 
396837 
396838 
396840 
134698 
134700 
134702 
134704 
396848 
396849 
396851 
396853 
396854 
396855 
396856 
396858 
396860 
396861 
396864 
396868 
396877 
396878 
396879 
396881 
134740 
134742 
134744 
134746 
396893 
396895 
396905 
396906 
396908 
396925 
396926 
396927 
396928 
396929 
396930 
396931 
396934 
134796 
134798 
134799 
134800 
134802 
396946 
396947 
396948 
396949 
396950 
396951 
396952 
396988 
134845 
396990 
134847 
396991 
396992 
134849 
396993 
396994 
134851 
396995 
396997 
396999 
397001 
397002 
134859 
134861 
397005 
134862 
134863 
397007 
397008 
134865 
134866 
134870 
134873 
134875 
134876 
134877 
134879 
134884 
134887 
134890 
134891 
134894 
134897 
134898 
397044 
134901 
397046 
134904 
397048 
134905 
397050 
134908 
134911 
134912 
397058 
397059 
397060 
397061 
397062 
397063 
397064 
397072 
397073 
397075 
397077 
397086 
397087 
397088 
397089 
397090 
397091 
397092 
397101 
397102 
397104 
397129 
397142 
397144 
397146 
397148 
397149 
397155 
397157 
397158 
397159 
397160 
397162 
397178 
397182 
397191 
397195 
397198 
397204 
397208 
397240 
397241 
397242 
397243 
397244 
397245 
397246 
397262 
397263 
397265 
397269 
397270 
397271 
397272 
397273 
135130 
397346 
397348 
397349 
397350 
135211 
135215 
135216 
135217 
135218 
135221 
135222 
135223 
397367 
135224 
397368 
135225 
135226 
397370 
135227 
135228 
135229 
135230 
397374 
135231 
397375 
135232 
135233 
397377 
135234 
135235 
135236 
135238 
135239 
135240 
135242 
135243 
135302 
135306 
397495 
135372 
135376 
135377 
135378 
135379 
135380 
135381 
135382 
135383 
135447 
135449 
135451 
135453 
397613 
397617 
135489 
397633 
135491 
397635 
135493 
397637 
135495 
397639 
397641 
397643 
397645 
397646 
397648 
397652 
397653 
397656 
397658 
397659 
397660 
397661 
397662 
397663 
397664 
397665 
397666 
397667 
397668 
397669 
397670 
397671 
397672 
397673 
397674 
397675 
397676 
397678 
397680 
397681 
397683 
397684 
397686 
397687 
397688 
135545 
397690 
135547 
397691 
135549 
397693 
397694 
135551 
397709 
397711 
397713 
397715 
397716 
397718 
397720 
397722 
397730 
397733 
397735 
397736 
397737 
135594 
135596 
397740 
135598 
397742 
397743 
135600 
135601 
397746 
135605 
397750 
135608 
135610 
135611 
135612 
135614 
135615 
397759 
397761 
135619 
397763 
397764 
135622 
135624 
135625 
135626 
135628 
135629 
397775 
135633 
397777 
135636 
135639 
135640 
135643 
397787 
397788 
135646 
397790 
135647 
135650 
135653 
135654 
135657 
135660 
135661 
397807 
397808 
397809 
397810 
397811 
397812 
397813 
397828 
397829 
397830 
397831 
397832 
397833 
397834 
397838 
397870 
397872 
397874 
397876 
397877 
397879 
397881 
397883 
397884 
397887 
397889 
397890 
397926 
397928 
397930 
397932 
397940 
397941 
397942 
397943 
397944 
397945 
397946 
397955 
397957 
397958 
397959 
397968 
397969 
397970 
397971 
397972 
397973 
397974 
397983 
397984 
397986 
135880 
398024 
398028 
135886 
398031 
398037 
398039 
398041 
398044 
398060 
398073 
398074 
398077 
398078 
398080 
398086 
135959 
135960 
135964 
135966 
135967 
135970 
135971 
135972 
135973 
135974 
135975 
135976 
135977 
135978 
398122 
135979 
398123 
135980 
398124 
135981 
398125 
135982 
398126 
135983 
398127 
135984 
398128 
135985 
135987 
135988 
135991 
135992 
398144 
398145 
398147 
398151 
398152 
398153 
398154 
398155 
398194 
136051 
398196 
136053 
136055 
398228 
398230 
398231 
398232 
398249 
398250 
398252 
398256 
398257 
398259 
136121 
136125 
136126 
136127 
136128 
136129 
136130 
136131 
136132 
136196 
136198 
136200 
136202 
136238 
136240 
136242 
136244 
136294 
136296 
136298 
136300 
136343 
136345 
136347 
136349 
136350 
398495 
136354 
398499 
136357 
136359 
136360 
136361 
136363 
136364 
136368 
136371 
136373 
398517 
136374 
136375 
398519 
136377 
398521 
398523 
398525 
398527 
398528 
136385 
398531 
136388 
136389 
398533 
398534 
398535 
136392 
398536 
398538 
136395 
136396 
398540 
398541 
398542 
136399 
398543 
398544 
398545 
136402 
398546 
136403 
398547 
398548 
398549 
136406 
398550 
398551 
398552 
136409 
398553 
136410 
398554 
398555 
398556 
398557 
398558 
398560 
398562 
398563 
398566 
398568 
398569 
398570 
398572 
398573 
398575 
398576 
398591 
398593 
398595 
398597 
398598 
398600 
398601 
398602 
398604 
398612 
398615 
398617 
398618 
398619 
398620 
398622 
398624 
398625 
398628 
398632 
398641 
398643 
398645 
398657 
398659 
398669 
398670 
398672 
398689 
398690 
398691 
398692 
398693 
398694 
398695 
398698 
398710 
398711 
398712 
398713 
398714 
398715 
398716 
398720 
398752 
398754 
398756 
398758 
398759 
398761 
398763 
398765 
398766 
136624 
398769 
398771 
398772 
398801 
398805 
398808 
398810 
398812 
398814 
398815 
398822 
398823 
398824 
398825 
398826 
398827 
398828 
398836 
398837 
398839 
398840 
398841 
398842 
398850 
398851 
398852 
136709 
398853 
398854 
398855 
398856 
136713 
136715 
136716 
136718 
136719 
136720 
136721 
398865 
136722 
398866 
136723 
136724 
398868 
136725 
136726 
136727 
136728 
136729 
136730 
136731 
136732 
136733 
136734 
136736 
136737 
136740 
136741 
398906 
398910 
398912 
398913 
398915 
398916 
398918 
398919 
398923 
398925 
136798 
398942 
136800 
136802 
136804 
398955 
398959 
398962 
398966 
398968 
398972 
398991 
399005 
399006 
399007 
399009 
399010 
136870 
136874 
136875 
136876 
136877 
136878 
136879 
136880 
136881 
399026 
399027 
399029 
399033 
399034 
399035 
399036 
399037 
399061 
136945 
136947 
136949 
136951 
399095 
399099 
399101 
399109 
399110 
399112 
399114 
399130 
136987 
399131 
399132 
136989 
399133 
399134 
136991 
399135 
399136 
136993 
399138 
399139 
399141 
137043 
137045 
137047 
137049 
137092 
137094 
137096 
137098 
137103 
137106 
137108 
137109 
137110 
137112 
137113 
137117 
137120 
137122 
137123 
137124 
137126 
137127 
137134 
137137 
137138 
137141 
137144 
137145 
137148 
137151 
137152 
137155 
137158 
137159 
399370 
399377 
399381 
399399 
399401 
399403 
399405 
399407 
399409 
399410 
399413 
399415 
399416 
399417 
399420 
399422 
399423 
399424 
399425 
399426 
399427 
399428 
399429 
399430 
399431 
399432 
399433 
399434 
399435 
399436 
399437 
399438 
399440 
399442 
399444 
399445 
399448 
399450 
399451 
399452 
399455 
399457 
399458 
399473 
399475 
399477 
399479 
399480 
399482 
399483 
399484 
399486 
399494 
399497 
399499 
399500 
399501 
399502 
399504 
399506 
399507 
399510 
399514 
137374 
399523 
137380 
399525 
399527 
399539 
399541 
399551 
399552 
399554 
399571 
399572 
399573 
399574 
399575 
399576 
399577 
399592 
399593 
399594 
399595 
399596 
399597 
399598 
137458 
137462 
137463 
137464 
137465 
137468 
137469 
137470 
137471 
137472 
137473 
137474 
137475 
137476 
137477 
137478 
137479 
137480 
137481 
137482 
137483 
137485 
137486 
137489 
137490 
399634 
399636 
399638 
399640 
399641 
399643 
399645 
399647 
399648 
399651 
399653 
399654 
399683 
399690 
399692 
137549 
399694 
399696 
137553 
399697 
399704 
399705 
399706 
399707 
399708 
399709 
399710 
399719 
399721 
399723 
399732 
399733 
399734 
399735 
399736 
399737 
399738 
399747 
399748 
399750 
399756 
399759 
137619 
137623 
137624 
137625 
137626 
137627 
137628 
137629 
137630 
399788 
399789 
399792 
399793 
399795 
399801 
399805 
399824 
399825 
399826 
399827 
399828 
399837 
137694 
137696 
399841 
137698 
137700 
399844 
399850 
137736 
137738 
137740 
137742 
399887 
399888 
399889 
399891 
399892 
399908 
399909 
399911 
399914 
399915 
399916 
399917 
399918 
399919 
137792 
137794 
137796 
137798 
399967 
137841 
137843 
137845 
137847 
399992 
399994 
399996 
137855 
137857 
137858 
137859 
137861 
137862 
137866 
137869 
400013 
400014 
137871 
137872 
400016 
137873 
137875 
400020 
400021 
400023 
137883 
137886 
137887 
137890 
137893 
137894 
137897 
137900 
137901 
137904 
137907 
137908 
400175 
400179 
400182 
400186 
400259 
400263 
138122 
400281 
400283 
400285 
400287 
400289 
400291 
400292 
400298 
400299 
400302 
400304 
400305 
400306 
400307 
400308 
400309 
400310 
400311 
400312 
400313 
400314 
400315 
400316 
400317 
400318 
400319 
400320 
400322 
400324 
400326 
400327 
400328 
400330 
400332 
400333 
400334 
400337 
400339 
400340 
138206 
138207 
138211 
400355 
138213 
400357 
138214 
400359 
138217 
400361 
138218 
400362 
138219 
138220 
400364 
138221 
138222 
400366 
138223 
138224 
400368 
138225 
138226 
138227 
138228 
138229 
138230 
138231 
138232 
400376 
138234 
138235 
400379 
138236 
400381 
138238 
400382 
138239 
400383 
400386 
400388 
400389 
400392 
400396 
400405 
400407 
400409 
400410 
400421 
400423 
400433 
400434 
400436 
138298 
138302 
400453 
400454 
400455 
400456 
400457 
400458 
400459 
400474 
400475 
400476 
400477 
400478 
400479 
400480 
138368 
138372 
400516 
138373 
138374 
400518 
138375 
138376 
400520 
138377 
138378 
400522 
138379 
400523 
400525 
400527 
400529 
400530 
400533 
400535 
400536 
400572 
400574 
400576 
400578 
400579 
400586 
138443 
400587 
400588 
138445 
400589 
400590 
138447 
400591 
400592 
138449 
400601 
400603 
400605 
400614 
400615 
400616 
400617 
400618 
400619 
400620 
138485 
400629 
400630 
138487 
400631 
400632 
138489 
400634 
138491 
400657 
400659 
400670 
400674 
400677 
400680 
400683 
138541 
400686 
138543 
400687 
138545 
138547 
400692 
400700 
400706 
400707 
400719 
400720 
400723 
400724 
400726 
400732 
138590 
138592 
138594 
138596 
138604 
138606 
138607 
138608 
138610 
138611 
400755 
138615 
138618 
138620 
138621 
138622 
138624 
400768 
400769 
400770 
400771 
400773 
400774 
138632 
138635 
138636 
138639 
138642 
138643 
138646 
400790 
400791 
138649 
400793 
138650 
138653 
400797 
400798 
400799 
138656 
400800 
138657 
400801 
400825 
400829 
400850 
400859 
400863 
400866 
400872 
400874 
400876 
400878 
400895 
400896 
400898 
400902 
400903 
400905 
401015 
138876 
138882 
138956 
138960 
138962 
138963 
138966 
138967 
138968 
138969 
138970 
138971 
138972 
138973 
138974 
138975 
138976 
138977 
138978 
138979 
138980 
138981 
138983 
138984 
138985 
138987 
138988 
401141 
401142 
401145 
401161 
401163 
401165 
401167 
401169 
401171 
401173 
401174 
401180 
401181 
401182 
401184 
401186 
401187 
401188 
401189 
401190 
139047 
401191 
401192 
401193 
401194 
139051 
401195 
401196 
401197 
401198 
401199 
401200 
401201 
401202 
401204 
401206 
401208 
401209 
401212 
401214 
401215 
401216 
401219 
401221 
401222 
401237 
401239 
401240 
401241 
401243 
401244 
401246 
401248 
401250 
401258 
401259 
139117 
401261 
401263 
401264 
139121 
401265 
139122 
139123 
139124 
401268 
139125 
139126 
401270 
139127 
401271 
139128 
401274 
401278 
401287 
401289 
401291 
401303 
401305 
401315 
401316 
401318 
401335 
139192 
401336 
401337 
139194 
401338 
401339 
139196 
401340 
401341 
139198 
401348 
401356 
401357 
401358 
401359 
401360 
401361 
401362 
401363 
401366 
401368 
401369 
139234 
139236 
139238 
139240 
401398 
401400 
401402 
401404 
401405 
401407 
401409 
401411 
401412 
401415 
401417 
401418 
139290 
139292 
139293 
139294 
139296 
401454 
401456 
401458 
401460 
401468 
401469 
401470 
401471 
401472 
401473 
401474 
401482 
139339 
401483 
401484 
139341 
401485 
401486 
139343 
401487 
401488 
139345 
139350 
401496 
139353 
401497 
401498 
139355 
401499 
139356 
401500 
139357 
401501 
401502 
139359 
139360 
139364 
139367 
401511 
401512 
139369 
139370 
401514 
139371 
139373 
139381 
139384 
139385 
139388 
139391 
139392 
139395 
139398 
139399 
139402 
139405 
139406 
401552 
401553 
401556 
401557 
401559 
401565 
401567 
401569 
401588 
401601 
401605 
401608 
401614 
401651 
401652 
401653 
401655 
401656 
401672 
401673 
401675 
401679 
401680 
401681 
401682 
401683 
401703 
401756 
401758 
401760 
139621 
401777 
401778 
401779 
401780 
401784 
401785 
401787 
139705 
139709 
139711 
139712 
139715 
139716 
139717 
139718 
139719 
139720 
139721 
139722 
139723 
139724 
139725 
139726 
139727 
139728 
139729 
139730 
139732 
139733 
139736 
139737 
401897 
139795 
139796 
139799 
139800 
139866 
139868 
139870 
139871 
139872 
139873 
139874 
139875 
139876 
139877 
402023 
402024 
402027 
402040 
402043 
402045 
402047 
402049 
402051 
402053 
402055 
402056 
402061 
402062 
402063 
402066 
402068 
402069 
402070 
402071 
402072 
402073 
402074 
402075 
402076 
402077 
402078 
402079 
402080 
402081 
402082 
402083 
402084 
139941 
402086 
139943 
402088 
139945 
402090 
139947 
402091 
402094 
402096 
402097 
402098 
402101 
402103 
402104 
402119 
402121 
402122 
402123 
402125 
402126 
139983 
402128 
139985 
402129 
402130 
139987 
402132 
139989 
402140 
402141 
402143 
402145 
402146 
402147 
402148 
402150 
402152 
402153 
402156 
402160 
402169 
402171 
402173 
140039 
402183 
140041 
402185 
140043 
402187 
140045 
402197 
402198 
402200 
402217 
402218 
402219 
402220 
402221 
402222 
402223 
140088 
140090 
140092 
140094 
402238 
402239 
402240 
402241 
402242 
140099 
402243 
402244 
140102 
140104 
140105 
140106 
140108 
140109 
140113 
140116 
140118 
140119 
140120 
140122 
140127 
140130 
140133 
140134 
402280 
140137 
402282 
140140 
402284 
140141 
402286 
402287 
140144 
402289 
140147 
402291 
140148 
402293 
402294 
140151 
402297 
140154 
140155 
402299 
402300 
402329 
402331 
402333 
402336 
402338 
402340 
402342 
402343 
402349 
402350 
402351 
402352 
402353 
402354 
402355 
402356 
402365 
402367 
402369 
402378 
402379 
402380 
402381 
402382 
402383 
402384 
402392 
402393 
402394 
402396 
402434 
402435 
402438 
402441 
402447 
402449 
402451 
402453 
402470 
402472 
402483 
402484 
402487 
402488 
402490 
402496 
402533 
402534 
402535 
402537 
402538 
402554 
402555 
402557 
402561 
402562 
402563 
402564 
402565 
402581 
140454 
140458 
140460 
140461 
140464 
140465 
402609 
140466 
140467 
140468 
140469 
140470 
140471 
140472 
140473 
140474 
140475 
140476 
140477 
140478 
140479 
140481 
140482 
140485 
140486 
402638 
402640 
402642 
402659 
402660 
402662 
402666 
402667 
402669 
140544 
140545 
140548 
140549 
140613 
140615 
140619 
140620 
140621 
140622 
140623 
140624 
140625 
140626 
402815 
402825 
140690 
140692 
140694 
140696 
140732 
140734 
140736 
140738 
402905 
402909 
402927 
402929 
402931 
140788 
402933 
140790 
402934 
402935 
140792 
402937 
140794 
402938 
402940 
402944 
402945 
402948 
402950 
402951 
402952 
402953 
402954 
402955 
402956 
402957 
402958 
402959 
402960 
402961 
402962 
402963 
402964 
402965 
402966 
402968 
402970 
402972 
402973 
402976 
402978 
402979 
402980 
140837 
140839 
402983 
140841 
402985 
402986 
140843 
140851 
140853 
140854 
140855 
140857 
403001 
140858 
403003 
403005 
140862 
403007 
403008 
140865 
403010 
140867 
403011 
140868 
403012 
140869 
403014 
140871 
140876 
403022 
140879 
403025 
140882 
140883 
403027 
403028 
403029 
140886 
403030 
403032 
140889 
140890 
403034 
403035 
140893 
403038 
140896 
140897 
403042 
140900 
140903 
140904 
403051 
403052 
403053 
403055 
403056 
403067 
403069 
403079 
403080 
403081 
403082 
403083 
403099 
403100 
403101 
403102 
403103 
403104 
403105 
403120 
403121 
403122 
403123 
403124 
403125 
403126 
403127 
403132 
403162 
403164 
403166 
403168 
403169 
403171 
403173 
403175 
403176 
403179 
403181 
403182 
403215 
403218 
403219 
403220 
403222 
403224 
403232 
403233 
403234 
403235 
403236 
403237 
403238 
403247 
403249 
403251 
403253 
403259 
403260 
403261 
403262 
403263 
403264 
403265 
403266 
403275 
403276 
403278 
403284 
403313 
403316 
403318 
403320 
403323 
403327 
403329 
403331 
403333 
403335 
141203 
141206 
141207 
141208 
403352 
141209 
141210 
403355 
403356 
141213 
141214 
141215 
141216 
141217 
141218 
141219 
141220 
141221 
403365 
141222 
141223 
141224 
141225 
403369 
141226 
141227 
141228 
403372 
403373 
141230 
141231 
403376 
141234 
403378 
141235 
403414 
403415 
403416 
403417 
403419 
403420 
403436 
141293 
403437 
141294 
403439 
141297 
141298 
403443 
403444 
403445 
403446 
403447 
403483 
403490 
141364 
141368 
141369 
141370 
141371 
141372 
141373 
141374 
141375 
403520 
403522 
403524 
403541 
403542 
403543 
403544 
403545 
403546 
403548 
403549 
403551 
403552 
403556 
141439 
141441 
141443 
141445 
141481 
141483 
141485 
141486 
141487 
403668 
141537 
141539 
141541 
141543 
403688 
403690 
141586 
141588 
141590 
141592 
141593 
141600 
141602 
141603 
141604 
141606 
141607 
141611 
141614 
141616 
141617 
141618 
141620 
141621 
141628 
141631 
141632 
141635 
141638 
141639 
141642 
403787 
141645 
403789 
141646 
403791 
141649 
141652 
141653 
403809 
403811 
403813 
403815 
403817 
403819 
403820 
403826 
403827 
403830 
403832 
403833 
403834 
403835 
403836 
403837 
403838 
403839 
403840 
403841 
403842 
403843 
403844 
403845 
403846 
403847 
403848 
403850 
403852 
403854 
403855 
403858 
403860 
403861 
403862 
403865 
403867 
403868 
403883 
403885 
403887 
403889 
403890 
403892 
403894 
403896 
403904 
403907 
403909 
403910 
403911 
403914 
403916 
403917 
403920 
403924 
403933 
403934 
403935 
403937 
403949 
403951 
403961 
403962 
403964 
403981 
403982 
403983 
403984 
403985 
403986 
403987 
404002 
404003 
404004 
404005 
404006 
404007 
404008 
141875 
404044 
404046 
404048 
404050 
404051 
404053 
404055 
404057 
404058 
404061 
404063 
404064 
141951 
141952 
141955 
141956 
404100 
141958 
404102 
141959 
404104 
141962 
404106 
141963 
141964 
141965 
141966 
141967 
141968 
141969 
141970 
404114 
141971 
404115 
141972 
404116 
141973 
404117 
141974 
404118 
141975 
404119 
141976 
404120 
141977 
141979 
141980 
141981 
141983 
141984 
404128 
404129 
404131 
404133 
404142 
404143 
404144 
404145 
404146 
404147 
404148 
404156 
404157 
404158 
404160 
404162 
404165 
404166 
404169 
404185 
142042 
142043 
142046 
142047 
404198 
404202 
404203 
404205 
404207 
404209 
404210 
404211 
404215 
404234 
404247 
404251 
404252 
404254 
404256 
142113 
404258 
404260 
142117 
142118 
142119 
142120 
142121 
142122 
142123 
142124 
404297 
404298 
404299 
404301 
404302 
404318 
404319 
404321 
404324 
404325 
404326 
404327 
404328 
404329 
142188 
142190 
142192 
142194 
404340 
404349 
404356 
142230 
142232 
142234 
142236 
404402 
404404 
404406 
404409 
404423 
404424 
404425 
404426 
142286 
404430 
404431 
142288 
404433 
142290 
142292 
142335 
142337 
142339 
142341 
142346 
142349 
142351 
142352 
142353 
142355 
142356 
142360 
142363 
142365 
142366 
142367 
142369 
404516 
142377 
142380 
142381 
142384 
142387 
142388 
142391 
142394 
142395 
142398 
142401 
142402 
404662 
404667 
404669 
404673 
404691 
404693 
404695 
404697 
404698 
404699 
404701 
404702 
404705 
404708 
404709 
404712 
404714 
404715 
404716 
404717 
404718 
404719 
404720 
404721 
404722 
404723 
404724 
404725 
404726 
404727 
404728 
404729 
404730 
404731 
404732 
404734 
404736 
404737 
404740 
404742 
404743 
404744 
404747 
404749 
404750 
142616 
404765 
404767 
404769 
404771 
404772 
404774 
404776 
404778 
404786 
404789 
404791 
404792 
404793 
404796 
404798 
404799 
404802 
404806 
404815 
404817 
404819 
404831 
404833 
404843 
142700 
404844 
142701 
404846 
142705 
142706 
142707 
142708 
142711 
142712 
142713 
142714 
142715 
142716 
142717 
142718 
142719 
404863 
142720 
404864 
142721 
404865 
142722 
404866 
142723 
404867 
142724 
404868 
142725 
404869 
142726 
142728 
404872 
142729 
142732 
142733 
404884 
404885 
404886 
404887 
404888 
404889 
404890 
404894 
404926 
404928 
404930 
404932 
404933 
404935 
142792 
404937 
142794 
404939 
142796 
404940 
404943 
404945 
404946 
404982 
404983 
404984 
404986 
404988 
404996 
404997 
404998 
404999 
405000 
405001 
405002 
142862 
142866 
142867 
405011 
142868 
142869 
405013 
142870 
142871 
405015 
142872 
142873 
405024 
405025 
405026 
405027 
405028 
405029 
405030 
405039 
405040 
405041 
405042 
405044 
405080 
142937 
142939 
405084 
142941 
142943 
405087 
405093 
405097 
405100 
405116 
142979 
142981 
142983 
142985 
405129 
405130 
405133 
405134 
405136 
405142 
405178 
143035 
405179 
405180 
143037 
405181 
143039 
405183 
405184 
143041 
405200 
405201 
405203 
405206 
405207 
405208 
405209 
405210 
405211 
143084 
143086 
143088 
143090 
143098 
143100 
143101 
143102 
143104 
143105 
143109 
143112 
143114 
143115 
143116 
143117 
143118 
143126 
143129 
143130 
143133 
143136 
143137 
143140 
405284 
405286 
143143 
143144 
405288 
143147 
143150 
143151 
405305 
405306 
405308 
405312 
405313 
405315 
405551 
405555 
405563 
405573 
405575 
405577 
405579 
405580 
405581 
405583 
405584 
405590 
405591 
143450 
405594 
405596 
405597 
143454 
405598 
143455 
405599 
143456 
405600 
143457 
405601 
405602 
405603 
143460 
405604 
143461 
405605 
143462 
405606 
143463 
405607 
143464 
405608 
143465 
405609 
143466 
405610 
143467 
405611 
143468 
405612 
143469 
405613 
143470 
405614 
143471 
143472 
405616 
143473 
143474 
405618 
143475 
405619 
143477 
143478 
405622 
143479 
405624 
143481 
405625 
143482 
405626 
405628 
405629 
405631 
405632 
405647 
405649 
405650 
405651 
405653 
405654 
405656 
405658 
405660 
405668 
405669 
405671 
405673 
405674 
405675 
405678 
405680 
405681 
143539 
405684 
143541 
405688 
143545 
405697 
405699 
405701 
405713 
405715 
405725 
405726 
405728 
405745 
405746 
405747 
405748 
405749 
405750 
405751 
143611 
143615 
143616 
143617 
143618 
143619 
143620 
143621 
143622 
405766 
405767 
405768 
405769 
405770 
405771 
405772 
405778 
405808 
405810 
405812 
405814 
405815 
405817 
405819 
405821 
405822 
405825 
405826 
405827 
405828 
143686 
143688 
143690 
143692 
405861 
405864 
405866 
405868 
405870 
143728 
143730 
143732 
405877 
143734 
405878 
405879 
405880 
405881 
405882 
405883 
405884 
405893 
405894 
405895 
405896 
405897 
405906 
405907 
405908 
405909 
405910 
405911 
405912 
405921 
405922 
405924 
143784 
143786 
405930 
143788 
405933 
143790 
405949 
405953 
405962 
405964 
405966 
405968 
405969 
405975 
143833 
405977 
405978 
143835 
405979 
143837 
405982 
143839 
143847 
143849 
143850 
143851 
143853 
143854 
405998 
406000 
143858 
406002 
143861 
143863 
143864 
143865 
143867 
406011 
406013 
406015 
406018 
143875 
406020 
143878 
143879 
406024 
143882 
143885 
143886 
143889 
143892 
143893 
143896 
143899 
143900 
406061 
406062 
406063 
406065 
406066 
406082 
406083 
406085 
406089 
406090 
406091 
406092 
406093 
406094 
406108 
406137 
406144 
406149 
406151 
406166 
406168 
406170 
406187 
406188 
406190 
406194 
406195 
406197 
144199 
144203 
144205 
144206 
144207 
144208 
144209 
144210 
144211 
144212 
144213 
144214 
144215 
144216 
144217 
144218 
144219 
144220 
144221 
144222 
144223 
144224 
144226 
144227 
144228 
144230 
144231 
406380 
406431 
406433 
144290 
406434 
406436 
144293 
406437 
144294 
406455 
406457 
406459 
406461 
406463 
406465 
406466 
406472 
406473 
406476 
406478 
406479 
406480 
406481 
406482 
406483 
406484 
406485 
406486 
406487 
406488 
406489 
406490 
406491 
406492 
406493 
406494 
406496 
406498 
406500 
406501 
144360 
406504 
406506 
406507 
144364 
406508 
144365 
144366 
144367 
406511 
144368 
144369 
406513 
144370 
406514 
144371 
406529 
406531 
406533 
406535 
406536 
406538 
406539 
406540 
406542 
406550 
406551 
406553 
406555 
406556 
406557 
406558 
406560 
406562 
406563 
406566 
406570 
144435 
406579 
144437 
406581 
144439 
406583 
144441 
406595 
406597 
406607 
406608 
406610 
144477 
144479 
144481 
144483 
406627 
406628 
406629 
406630 
406631 
406632 
406633 
406640 
406648 
406649 
406650 
406651 
406652 
406653 
406654 
406658 
406660 
406661 
144533 
144535 
144537 
144539 
406690 
406692 
406694 
406696 
406697 
406699 
406701 
406703 
406704 
406707 
406709 
406710 
144582 
144584 
144586 
144588 
144589 
144596 
144598 
144599 
144600 
144602 
406746 
144603 
406748 
406750 
144607 
406752 
144610 
144612 
144613 
144614 
144616 
406760 
406761 
406762 
406763 
406764 
406765 
406766 
144624 
144627 
144628 
406774 
144631 
406775 
406777 
144634 
144635 
406779 
144638 
144641 
144642 
406788 
144645 
406789 
406790 
406791 
144648 
406792 
144649 
406793 
406794 
406802 
406803 
406804 
406806 
406807 
406844 
406848 
406851 
406857 
406860 
406861 
406864 
406880 
406884 
406893 
406894 
406897 
406900 
406906 
406943 
406944 
406945 
406947 
406948 
406964 
406965 
406967 
406971 
406972 
406973 
406974 
406975 
406976 
406988 
407048 
407050 
407051 
407052 
407069 
407070 
407072 
407076 
407077 
407079 
144947 
144948 
144952 
144954 
144955 
144957 
144958 
144959 
144960 
144961 
144962 
144963 
144964 
144965 
144966 
144967 
144968 
144969 
144970 
144971 
144972 
144973 
144975 
144976 
144977 
144979 
144980 
145038 
145039 
145042 
145043 
407242 
145107 
145109 
145113 
145114 
145115 
145116 
145117 
145118 
145119 
145120 
407312 
407315 
407319 
145184 
145186 
145188 
145190 
407337 
407339 
407341 
407343 
407345 
407347 
407348 
407352 
407354 
407355 
407358 
407360 
407361 
407362 
407363 
407364 
407365 
407366 
407367 
407368 
407369 
145226 
407370 
407371 
145228 
407372 
407373 
145230 
407374 
407375 
145232 
407376 
407378 
407380 
407381 
407382 
407383 
407384 
407386 
407388 
407389 
407390 
407393 
407395 
407396 
407411 
407413 
407415 
407417 
407418 
407420 
407421 
407422 
407424 
145282 
145284 
145286 
145288 
407432 
407435 
407437 
407438 
407439 
407440 
407442 
407444 
407445 
407448 
407452 
407461 
407463 
407465 
407466 
145331 
145333 
407477 
145335 
407479 
145337 
145345 
407489 
407490 
145347 
407491 
145348 
407492 
145349 
407493 
145351 
145352 
145356 
145359 
145361 
145362 
145363 
145365 
407509 
407510 
407511 
407512 
407513 
407514 
407515 
145373 
407518 
145376 
407520 
145377 
145380 
145383 
145384 
407530 
145387 
407531 
407532 
407533 
145390 
407534 
145391 
407535 
407536 
145394 
407540 
145397 
145398 
407543 
407572 
407573 
407574 
407575 
407576 
407577 
407578 
407579 
407581 
407583 
407585 
407586 
407587 
407589 
407590 
407591 
407592 
407628 
407630 
407632 
407634 
407635 
407638 
407641 
407642 
407643 
407644 
407645 
407646 
407647 
407648 
407657 
407659 
407661 
407670 
407671 
407672 
407673 
407674 
407675 
407676 
407685 
407686 
407688 
407726 
407727 
407730 
407731 
407733 
407737 
407739 
407743 
407762 
407765 
145624 
407775 
407779 
407782 
407785 
407788 
407825 
407826 
407827 
407828 
407829 
407830 
145697 
145701 
145702 
407846 
145703 
407847 
145704 
407849 
145707 
145708 
145709 
407853 
145710 
407854 
145711 
407855 
145712 
407856 
145713 
407857 
145714 
145715 
145716 
145717 
145718 
145719 
145720 
145721 
145722 
145724 
145725 
145728 
145729 
407873 
407878 
407917 
407930 
145787 
145788 
407932 
407933 
145790 
407934 
145792 
407951 
407952 
407954 
407958 
407959 
407961 
145858 
145862 
145863 
145864 
145865 
145866 
145867 
145868 
145869 
145933 
145935 
145937 
145939 
145975 
145977 
145979 
145981 
408142 
146031 
146033 
146035 
146037 
408197 
408198 
408201 
408219 
408221 
408223 
146080 
408225 
146082 
408227 
146084 
408229 
146086 
408230 
408233 
146091 
408236 
408237 
146094 
408238 
146096 
408240 
146097 
146098 
408242 
408243 
146100 
408244 
146101 
408245 
408246 
408247 
408248 
146105 
408249 
408250 
408251 
146108 
408252 
408253 
146110 
408254 
146111 
408255 
146112 
408256 
408257 
146114 
408258 
408260 
408262 
408264 
408265 
146122 
408266 
408268 
146125 
146126 
408270 
408271 
408272 
146129 
408275 
146132 
146133 
408277 
408278 
146136 
146139 
146140 
146143 
146146 
146147 
408293 
408295 
408297 
408299 
408300 
408302 
408303 
408304 
408306 
408314 
408317 
408319 
408320 
408321 
408322 
408324 
408326 
408327 
408330 
408334 
408343 
408344 
408345 
408347 
408359 
408361 
408371 
408372 
408373 
408374 
408391 
408392 
408393 
408394 
408395 
408396 
408397 
408400 
408404 
408412 
408413 
408414 
408415 
408416 
408417 
408418 
408454 
408456 
408458 
408460 
408461 
408463 
408465 
408467 
408468 
408469 
408471 
408473 
408474 
408505 
408507 
408510 
408511 
408512 
146369 
408514 
408516 
146375 
408523 
408524 
408525 
408526 
408527 
408528 
408529 
408530 
408539 
408541 
408543 
408551 
408552 
408553 
408554 
408555 
408556 
408557 
408558 
408567 
408568 
408570 
408572 
146446 
146450 
146451 
146452 
146453 
146455 
146456 
146457 
146458 
146459 
146460 
146461 
146462 
146463 
146464 
408608 
146465 
146466 
146467 
146468 
408612 
146469 
146470 
146471 
408615 
146473 
146474 
146475 
146477 
408621 
146478 
408625 
408644 
408657 
408661 
408662 
408664 
408670 
146537 
146540 
146541 
408707 
408708 
408709 
408711 
408712 
408728 
408729 
408731 
408735 
408736 
408737 
408738 
408739 
146607 
146611 
146612 
146613 
146614 
146615 
146616 
146617 
146618 
408776 
408812 
408814 
408816 
146682 
146684 
146686 
146688 
408833 
408834 
408836 
408840 
408841 
408843 
146724 
146726 
146728 
146730 
146780 
146782 
146784 
146786 
146829 
146831 
146833 
146835 
146836 
146843 
146845 
146846 
146847 
146849 
146850 
146854 
146857 
146859 
146860 
146861 
146863 
146871 
146874 
146875 
146878 
146881 
146882 
146885 
146888 
146889 
146892 
146895 
146896 
409079 
409083 
409101 
409103 
409105 
409107 
409108 
409109 
409111 
409112 
409118 
409119 
409122 
409124 
409125 
409126 
409127 
409128 
409129 
409130 
409131 
409132 
409133 
409134 
409135 
409136 
409137 
409138 
409139 
409140 
409142 
409144 
409146 
409147 
409150 
409152 
409153 
409154 
409157 
409159 
409160 
409175 
409177 
409179 
409181 
409182 
409184 
409185 
409186 
409188 
409196 
409199 
409201 
409202 
409203 
409204 
409206 
409208 
409209 
409212 
409216 
409225 
409226 
409227 
409229 
409230 
409243 
409253 
409254 
409256 
147117 
409273 
409274 
409275 
409276 
409277 
409278 
409279 
409294 
409295 
409296 
409297 
409298 
409299 
409300 
409336 
409338 
147195 
409340 
409342 
147199 
409343 
147200 
147201 
409345 
147202 
409347 
147205 
409349 
147206 
409350 
147207 
147208 
147209 
409353 
147210 
147211 
409355 
147212 
409356 
147213 
147214 
147215 
147216 
147217 
147218 
147219 
147220 
147222 
147223 
147226 
147227 
409385 
409389 
409392 
409394 
409396 
409398 
409406 
409407 
409408 
409409 
409410 
409411 
409412 
409421 
409423 
409425 
147285 
147286 
409431 
147288 
147290 
409434 
409435 
409436 
409437 
409438 
409439 
409440 
409449 
409450 
409452 
409477 
409490 
409494 
409497 
147356 
409503 
147360 
147361 
409505 
147362 
147363 
409507 
147364 
147365 
409509 
147366 
147367 
409526 
409529 
409539 
409543 
409546 
409552 
409556 
147431 
147433 
147435 
147437 
409589 
409590 
409591 
409593 
409594 
409610 
409611 
409613 
147473 
409617 
409618 
147475 
409619 
409620 
147477 
409621 
147479 
409637 
409669 
147529 
147531 
147533 
147535 
409692 
409694 
409696 
409698 
409715 
409716 
409718 
147578 
409722 
409723 
147580 
409725 
147582 
147584 
147592 
147594 
147595 
147596 
147598 
147599 
147603 
147606 
147608 
147609 
147610 
147612 
147617 
147620 
147623 
147624 
147627 
147630 
147631 
147634 
147637 
147638 
147641 
147644 
147645 
409961 
409962 
409965 
409983 
409985 
409987 
409989 
409991 
409993 
409994 
410000 
410001 
410004 
410006 
410007 
147864 
410008 
410009 
410010 
410011 
410012 
410013 
410014 
410015 
410016 
410017 
410018 
410019 
410020 
410021 
410022 
410024 
410026 
410028 
410029 
410030 
410032 
410034 
410035 
410036 
410039 
410041 
410042 
410057 
410059 
410061 
410063 
410064 
410066 
410068 
410070 
410078 
410081 
410083 
410084 
410085 
147944 
410088 
410090 
410091 
147948 
147950 
147951 
147954 
410098 
147955 
147956 
147957 
147958 
147959 
147960 
147961 
147962 
410106 
147963 
410107 
147964 
410108 
147965 
410109 
147966 
147967 
410111 
147968 
410112 
147969 
147971 
147972 
147973 
147975 
147976 
410123 
410125 
410135 
410136 
410138 
410155 
410156 
410157 
410158 
410159 
410160 
410161 
410176 
148033 
410177 
410178 
148035 
410179 
410180 
148037 
410181 
410182 
148039 
410218 
410220 
410222 
410224 
410225 
410227 
410229 
410231 
410232 
410234 
410235 
410237 
410238 
148105 
148109 
148110 
148111 
148112 
148113 
148114 
148115 
148116 
410274 
410276 
410277 
410278 
410280 
410288 
410289 
410290 
410291 
410292 
410293 
410294 
410303 
410305 
410307 
410316 
410317 
410318 
410319 
410320 
410321 
410322 
148180 
148182 
148184 
148186 
410330 
410331 
410332 
410334 
410336 
148222 
148224 
148226 
148228 
410372 
410376 
410379 
410385 
410388 
410389 
410391 
410408 
410410 
410411 
410421 
148278 
410423 
148280 
410425 
148282 
148284 
410428 
410434 
410470 
148327 
410471 
410472 
148329 
410473 
410474 
148331 
410475 
410476 
148333 
148334 
148338 
148341 
148343 
148344 
148345 
148347 
148348 
410492 
410493 
410495 
148352 
410498 
148355 
410499 
410500 
148357 
410501 
148358 
410502 
148359 
410503 
410504 
148361 
148366 
148369 
148372 
148373 
148376 
148379 
148380 
148383 
148386 
148387 
148390 
148393 
410537 
148394 
410555 
410576 
410578 
410580 
410597 
410598 
410599 
410600 
410601 
410604 
410605 
410607 
410721 
410744 
148616 
410766 
410767 
148692 
148693 
148697 
148699 
410843 
148700 
148703 
410847 
148704 
148705 
148706 
148707 
148708 
148709 
148710 
148711 
148712 
148713 
148714 
148715 
148716 
148717 
148718 
410863 
148720 
148721 
410865 
410867 
148724 
148725 
410869 
410871 
410872 
410873 
410875 
410876 
410882 
410883 
410886 
410888 
410889 
410890 
410891 
410892 
410893 
410894 
410895 
410896 
410897 
410898 
410899 
410900 
410901 
410902 
410903 
410904 
410906 
410908 
410910 
410911 
410912 
410914 
410915 
410916 
410917 
410918 
410921 
410923 
410924 
148784 
148788 
410939 
410941 
410943 
410945 
410946 
410948 
410950 
410952 
410960 
410961 
410963 
410965 
410966 
410967 
410968 
410970 
410972 
410973 
410976 
410980 
410989 
410991 
410993 
148854 
148858 
148859 
148860 
148861 
411005 
148862 
148863 
411007 
148864 
148865 
411017 
411018 
411020 
411037 
411038 
411039 
411040 
411041 
411042 
411043 
411058 
411059 
411060 
411061 
411062 
411063 
411064 
148929 
148931 
148933 
148935 
411100 
411102 
411104 
411106 
411107 
411109 
411111 
411113 
411114 
148971 
148973 
411117 
148975 
411119 
411120 
148977 
411149 
411155 
411156 
411158 
411160 
411162 
411163 
411169 
411170 
149027 
411171 
411172 
149029 
411173 
411174 
149031 
411175 
411176 
149033 
411185 
411187 
411189 
411198 
411199 
411200 
411201 
411202 
411203 
411204 
411213 
411214 
411216 
149076 
149078 
149080 
149082 
149087 
149090 
149092 
149093 
149094 
149096 
149097 
411243 
149101 
149104 
149106 
149107 
149108 
149110 
411254 
411256 
411258 
411261 
149118 
149121 
149122 
411267 
149125 
411270 
411271 
149128 
149129 
411274 
149132 
149135 
149136 
149139 
149142 
149143 
411290 
411292 
411294 
411300 
411303 
411307 
411310 
411314 
411316 
411352 
411353 
411354 
411355 
411356 
411357 
411358 
411374 
411375 
411377 
411381 
411382 
411383 
411384 
411385 
411406 
411458 
411460 
411462 
411479 
411480 
411481 
411482 
411486 
411487 
411489 
149442 
149445 
149446 
149448 
149449 
149452 
149453 
149454 
149455 
149456 
149457 
149458 
149459 
149460 
149461 
149462 
149463 
149464 
149465 
149466 
411610 
149467 
149469 
149470 
149473 
149474 
411668 
411670 
411672 
149533 
149536 
149537 
411725 
411726 
411729 
411737 
149603 
411747 
411749 
149607 
411751 
149608 
149609 
411753 
149610 
149611 
411755 
149612 
149613 
411757 
149614 
411758 
411764 
411765 
411768 
411770 
411771 
411772 
411773 
411774 
411775 
411776 
411777 
411778 
411779 
411780 
411781 
411782 
411783 
411784 
411785 
411786 
411788 
411790 
411792 
411793 
411796 
411798 
411799 
411800 
411803 
411805 
411806 
411821 
149678 
411823 
149680 
411825 
149682 
411827 
149684 
411828 
411830 
411831 
411832 
411834 
411842 
411845 
411847 
411848 
411849 
411850 
411852 
411854 
411855 
411858 
411862 
149720 
149722 
149724 
149725 
149726 
411871 
411873 
411875 
411887 
411889 
411899 
411900 
411901 
411902 
411903 
411919 
149776 
411920 
411921 
149778 
411922 
149779 
411923 
149780 
411924 
411925 
149782 
411940 
411941 
411942 
411943 
411944 
411945 
411946 
149825 
149827 
149829 
149831 
149832 
149836 
411982 
149839 
411984 
149841 
411985 
149842 
411986 
149843 
411988 
149845 
411989 
149846 
411991 
411993 
149850 
411995 
411996 
149853 
149855 
411999 
149856 
149857 
412001 
412002 
149859 
149867 
149870 
149871 
149874 
149877 
149878 
149881 
149884 
149885 
149888 
149891 
149892 
412038 
412040 
412042 
412044 
412045 
412048 
412051 
412052 
412053 
412054 
412055 
412056 
412057 
412058 
412066 
412067 
412069 
412070 
412071 
412075 
412080 
412081 
412082 
412083 
412084 
412085 
412086 
412095 
412096 
412098 
412123 
412136 
412140 
412141 
412143 
412149 
412153 
412172 
412185 
412189 
412191 
412192 
412198 
412202 
412235 
412236 
412237 
412239 
412240 
412249 
412253 
412256 
412257 
412259 
412263 
412264 
412265 
412266 
412267 
412331 
150190 
150191 
150195 
412340 
150197 
150198 
412342 
412344 
150201 
150202 
150203 
150204 
150205 
150206 
150207 
150208 
150209 
150210 
150211 
150212 
150213 
150214 
150215 
150216 
412361 
150218 
412362 
150219 
150220 
412364 
150222 
150223 
412368 
412369 
412371 
150281 
150282 
150284 
150285 
150286 
150352 
150356 
150357 
150358 
150359 
150360 
150361 
150362 
150363 
412517 
150427 
150429 
150431 
150433 
412607 
412608 
412611 
150469 
150471 
150473 
150475 
412627 
412629 
412631 
412633 
412635 
412637 
412639 
412640 
412646 
412647 
412650 
412652 
412653 
412654 
412655 
412656 
412657 
412658 
412659 
412660 
412661 
412662 
412663 
412664 
412665 
412666 
412667 
412668 
150525 
412670 
150527 
412672 
150529 
412674 
150531 
412675 
412676 
412678 
412680 
412681 
412682 
412685 
412687 
412688 
412703 
412705 
412707 
412709 
412710 
412712 
412714 
412716 
150574 
150576 
150578 
150580 
412724 
412725 
412727 
412729 
412730 
412731 
150588 
150590 
412734 
150591 
150592 
412736 
412737 
150594 
150595 
412740 
150599 
412744 
150602 
150604 
150605 
150606 
150608 
412753 
412755 
150613 
412757 
150616 
150619 
150620 
150623 
412769 
150626 
150627 
412771 
150630 
150633 
150634 
150637 
412781 
412782 
412783 
150640 
412784 
150641 
412785 
412801 
412802 
412803 
412804 
412805 
412806 
412807 
412810 
412812 
412822 
412823 
412824 
412825 
412826 
412827 
412828 
412864 
412866 
412868 
412870 
412871 
412873 
412875 
412877 
412878 
412879 
412881 
412883 
412884 
412920 
412922 
412924 
412926 
412930 
412933 
412934 
412935 
412936 
412937 
412938 
412939 
412940 
412948 
412949 
412951 
412953 
412954 
412962 
412963 
412964 
412965 
412966 
412967 
412968 
412977 
412978 
412980 
413018 
413022 
413023 
413025 
413031 
413035 
413054 
413055 
413067 
413069 
413071 
413074 
413080 
150940 
413084 
413087 
150944 
150946 
150947 
150950 
150951 
150952 
150953 
150954 
150955 
150956 
150957 
150958 
150959 
413103 
150960 
150961 
150962 
150963 
150964 
150965 
150967 
150968 
150971 
150972 
413117 
413118 
413119 
413121 
413122 
413138 
413139 
413141 
413145 
413146 
413147 
413148 
413149 
151030 
151031 
151034 
151035 
413218 
413222 
413224 
413226 
413243 
413244 
151101 
413245 
413246 
413248 
151105 
151106 
413250 
151107 
413251 
151108 
151109 
413253 
151110 
151111 
151112 
151176 
151178 
151180 
151182 
151218 
413363 
151220 
151222 
151224 
413370 
413390 
151274 
151276 
151278 
151280 
151323 
151325 
151327 
151329 
151330 
151337 
151339 
151340 
151341 
413486 
151343 
151344 
413489 
413490 
151348 
413493 
151351 
151353 
151354 
151355 
151357 
151358 
151365 
413511 
151368 
151369 
413513 
413515 
151372 
413516 
413517 
151375 
413519 
151376 
413521 
413522 
151379 
151382 
413526 
151383 
413528 
413529 
151386 
413532 
151389 
151390 
413534 
413535 
413536 
413537 
413538 
413539 
413540 
413541 
413542 
413543 
413544 
413545 
413546 
413547 
413548 
413549 
413550 
413551 
413552 
413554 
413556 
413557 
413560 
413562 
413563 
413564 
413566 
413567 
413569 
413570 
413585 
413587 
413588 
413589 
413591 
413592 
413594 
413596 
413598 
413606 
413607 
413609 
413611 
413612 
413613 
413616 
413618 
413619 
413635 
413636 
413637 
413639 
413640 
413651 
413653 
413663 
413664 
413666 
413683 
413684 
413685 
413686 
413687 
413688 
413689 
413704 
413705 
413706 
413707 
413708 
413709 
413710 
413746 
413748 
413750 
413752 
413753 
413755 
413757 
413759 
413760 
413763 
413765 
413766 
413802 
413803 
413804 
413806 
413808 
413816 
413817 
413818 
413819 
413820 
413821 
413822 
413831 
151689 
413833 
413835 
151692 
151693 
413837 
151695 
151696 
151699 
151700 
413844 
151701 
413845 
151702 
413846 
151703 
413847 
151704 
413848 
151705 
413849 
151706 
413850 
151707 
151708 
151709 
151710 
151711 
151712 
151713 
151714 
413859 
151716 
413860 
151717 
413862 
151720 
151721 
413900 
413904 
413907 
413910 
413913 
413915 
413917 
413919 
151779 
151780 
151782 
151783 
151784 
413930 
413936 
413937 
413939 
413949 
413953 
413956 
413962 
413966 
413968 
151850 
151854 
151855 
413999 
151856 
414000 
151857 
414001 
151858 
151859 
414003 
151860 
414004 
151861 
414019 
414020 
414021 
414023 
414024 
414026 
414027 
414028 
414029 
414030 
414031 
414055 
151925 
151927 
151929 
151931 
414102 
414104 
414106 
414108 
151967 
151969 
151971 
151973 
414125 
414126 
414128 
414132 
414133 
414135 
152023 
152025 
152027 
152029 
152072 
152074 
152076 
152078 
152079 
152086 
152088 
152089 
152090 
152092 
152093 
152097 
152100 
152102 
152103 
152104 
152106 
152114 
152117 
152118 
152121 
152124 
152125 
152128 
152131 
152132 
152135 
152138 
152139 
414291 
414298 
414366 
414371 
414375 
414393 
414395 
414397 
414399 
414400 
414401 
414403 
414404 
414407 
414409 
414410 
414411 
414414 
414416 
414417 
414418 
414419 
414420 
414421 
414422 
414423 
414424 
414425 
414426 
414427 
414428 
414429 
414430 
414431 
414432 
414433 
414434 
414436 
414438 
414439 
414442 
414444 
414445 
414446 
414448 
414449 
414451 
414452 
414467 
414469 
414470 
414471 
414473 
414474 
414476 
414477 
414478 
414480 
414488 
414489 
414491 
414493 
414494 
414495 
414498 
414500 
414501 
414504 
414508 
414517 
414519 
414521 
414533 
414535 
414545 
414546 
414547 
414548 
414565 
414566 
414567 
414568 
414569 
414570 
414571 
152437 
152438 
152442 
414586 
414587 
152444 
414588 
152445 
414589 
414590 
414591 
152448 
414592 
152449 
152450 
152451 
152452 
414596 
152453 
152454 
152455 
414599 
152456 
152457 
152458 
152459 
152460 
152461 
152462 
152463 
152465 
152466 
152469 
152470 
414628 
414630 
414631 
414632 
414634 
414635 
414637 
414639 
414641 
414642 
414643 
414645 
414647 
414648 
152527 
152528 
152529 
152531 
152532 
152533 
414684 
414686 
414688 
414690 
414698 
414699 
414700 
414701 
414702 
414703 
414704 
414713 
414715 
414717 
414726 
414727 
414728 
414729 
414730 
414731 
414732 
414741 
414742 
152599 
414744 
152603 
152604 
152605 
152606 
152607 
152608 
152609 
152610 
414782 
414784 
414786 
414787 
414788 
414789 
414791 
414793 
414795 
414799 
152674 
414818 
152676 
152678 
152680 
414831 
414833 
414835 
414837 
414838 
414844 
152716 
152718 
152720 
152722 
414867 
414881 
414882 
414883 
414885 
414886 
414902 
414903 
414905 
414909 
414910 
414911 
414912 
414913 
152772 
152774 
152776 
152778 
414937 
414941 
414947 
152821 
152823 
152825 
152827 
152835 
152837 
152838 
152839 
152841 
152842 
414986 
414988 
152846 
414990 
152849 
152851 
152852 
152853 
152855 
152860 
152863 
415007 
415008 
415009 
152866 
415010 
152867 
152870 
415014 
415015 
152873 
415017 
152874 
152877 
152880 
152881 
152884 
152887 
152888 
415158 
153109 
415253 
415257 
415275 
415277 
415279 
415281 
415282 
415283 
415284 
415285 
415286 
415292 
415293 
415296 
415298 
415299 
415300 
415301 
415302 
415303 
415304 
415305 
415306 
415307 
415308 
415309 
415310 
415311 
415312 
415313 
415314 
415316 
415318 
415320 
415321 
415324 
415326 
415327 
415328 
153187 
415331 
415333 
415334 
153191 
153193 
153194 
153197 
153198 
153199 
153200 
153201 
153202 
153203 
153204 
153205 
415349 
153206 
153207 
415351 
153208 
153209 
415353 
153210 
153211 
415355 
153212 
415356 
153214 
415358 
153215 
415360 
153218 
415362 
153219 
415370 
415373 
415375 
415376 
415377 
415380 
415382 
415383 
415386 
415390 
415399 
415401 
415403 
415415 
415417 
153277 
153278 
153282 
415427 
415428 
415429 
415430 
415447 
415448 
415449 
415450 
415451 
415452 
415453 
415456 
415460 
415468 
415469 
415470 
415471 
415472 
415473 
415474 
153348 
153352 
153353 
153354 
153355 
153356 
153357 
153358 
153359 
415510 
415512 
415514 
415516 
415517 
415519 
415521 
415523 
415524 
415527 
415529 
415530 
415563 
415566 
153423 
415567 
415568 
153425 
415570 
153427 
415572 
153429 
415580 
415581 
415582 
415583 
415584 
415585 
415586 
415594 
415595 
415597 
415599 
415600 
415608 
153465 
415609 
415610 
153467 
415611 
415612 
153469 
415613 
415614 
153471 
415622 
415623 
415624 
415626 
415664 
153521 
153523 
415668 
153525 
153527 
415671 
415677 
415681 
415700 
415713 
153570 
153572 
415717 
153574 
153576 
415720 
415726 
153584 
153586 
415730 
153587 
153588 
153590 
153591 
153595 
153598 
153600 
153601 
153602 
153604 
153612 
153615 
153616 
415762 
153619 
415763 
415764 
415765 
153622 
153623 
415767 
415768 
153626 
153629 
153630 
153633 
153636 
153637 
415783 
415784 
415785 
415787 
415789 
415790 
415791 
415792 
415793 
415794 
415795 
415796 
415811 
415815 
415816 
415832 
415868 
415870 
415872 
415889 
415890 
415891 
415892 
415893 
415896 
415897 
415899 
153845 
153851 
416040 
153936 
416080 
416082 
153939 
153940 
153941 
153942 
153943 
153946 
153947 
153948 
153949 
153950 
153951 
153952 
153953 
153954 
153955 
153956 
153957 
153958 
153959 
153960 
153961 
153963 
153964 
153965 
153967 
153968 
416133 
416135 
416137 
416139 
416155 
416157 
416159 
416161 
416163 
416164 
416165 
416167 
416168 
154027 
154029 
416174 
154031 
416175 
416176 
416178 
416180 
416181 
416182 
416183 
416184 
416185 
416186 
416187 
416188 
416189 
416190 
416191 
416192 
416193 
416194 
416195 
416196 
416198 
416200 
416202 
416203 
416206 
416208 
416209 
416210 
416213 
416215 
416216 
416231 
416233 
416235 
416237 
416238 
416240 
154097 
416242 
416244 
154101 
154102 
154103 
154104 
154105 
154106 
154107 
154108 
416252 
416255 
416257 
416258 
416259 
416262 
416264 
416265 
416268 
416272 
416281 
416283 
416285 
416297 
416299 
416309 
416310 
416311 
416312 
416313 
154172 
154174 
154176 
154178 
416329 
416330 
416331 
416332 
416333 
416334 
416335 
416350 
416351 
416352 
416353 
416354 
416355 
416356 
154214 
154216 
154218 
154220 
416392 
416394 
416396 
416398 
416399 
416401 
416403 
416405 
416406 
416409 
416411 
416412 
154270 
154272 
154274 
154276 
416441 
416445 
416447 
416448 
416449 
416450 
416452 
416454 
416455 
416458 
416460 
416461 
416462 
154319 
416463 
416464 
154321 
416465 
416466 
154323 
416467 
416468 
154325 
154333 
416477 
154335 
416479 
154336 
154337 
416481 
154339 
154340 
154344 
416490 
154347 
416491 
416492 
154349 
416493 
154350 
416494 
154351 
416495 
416496 
154353 
154361 
416505 
416506 
154364 
416508 
154365 
154368 
154371 
154372 
154375 
154378 
154379 
154382 
154385 
154386 
416546 
416547 
416550 
416553 
416556 
416558 
416559 
416563 
416582 
416583 
416595 
416599 
416602 
416604 
416608 
416645 
416646 
416647 
416649 
416650 
416666 
416667 
416669 
416673 
416674 
416675 
416676 
416677 
416750 
416752 
416754 
416771 
416772 
416774 
416778 
416779 
416781 
154684 
154685 
154689 
154691 
154692 
154695 
154696 
154697 
154698 
154699 
154700 
154701 
154702 
154703 
154704 
154705 
154706 
154707 
154708 
154709 
154710 
154712 
154713 
154714 
154716 
154717 
154776 
154780 
416957 
416964 
154846 
154850 
154851 
154852 
154853 
154854 
154855 
154856 
154857 
417017 
417021 
417032 
417039 
417041 
417043 
417045 
417047 
417049 
417050 
417053 
417056 
417057 
417059 
417060 
417062 
417063 
417064 
154921 
417065 
417066 
154923 
417067 
417068 
154925 
417069 
417070 
154927 
417071 
417072 
417073 
417074 
417075 
417076 
417077 
417078 
417080 
417082 
417084 
417085 
417088 
417090 
417091 
417092 
417095 
417097 
417098 
154963 
154965 
154967 
154969 
417113 
417115 
417117 
417119 
417120 
417122 
417124 
417126 
417134 
417135 
417137 
417139 
417140 
417141 
417144 
417146 
417147 
417150 
417151 
417154 
155019 
417163 
155021 
417165 
155023 
417167 
155025 
417177 
417179 
417181 
417191 
417192 
417194 
417211 
155068 
417212 
417213 
155070 
417214 
417215 
155072 
417216 
417217 
155074 
155079 
155082 
155084 
155085 
155086 
155088 
417232 
155089 
417233 
417234 
417235 
417236 
155093 
417237 
417238 
155096 
155098 
155099 
155100 
155102 
155110 
155113 
155114 
155117 
155120 
155121 
155124 
155127 
155128 
417274 
155131 
417276 
155134 
417278 
155135 
417280 
417281 
417283 
417285 
417287 
417288 
417291 
417293 
417294 
417323 
417327 
417330 
417332 
417334 
417336 
417344 
417345 
417346 
417347 
417348 
417349 
417350 
417358 
417359 
417361 
417363 
417364 
417372 
417373 
417374 
417375 
417376 
417377 
417378 
417387 
417388 
417390 
417394 
417396 
417415 
417428 
417430 
417432 
417435 
417441 
417443 
417445 
417447 
417448 
417464 
417477 
417478 
417481 
417484 
417490 
155360 
417526 
417527 
417528 
417529 
417531 
417532 
417548 
417549 
417551 
417554 
417555 
417556 
417557 
417558 
417559 
155434 
155437 
155438 
417583 
155440 
155441 
155443 
155444 
155445 
155446 
155447 
155448 
155449 
155450 
155451 
155452 
155453 
155454 
155455 
155456 
155457 
155458 
155459 
417604 
155461 
155462 
155463 
155465 
155466 
417632 
417634 
417636 
417653 
417654 
417656 
417660 
417661 
417663 
155525 
155527 
155529 
155595 
155599 
155600 
155601 
155602 
155603 
155604 
155605 
155606 
417774 
417777 
155670 
155672 
155674 
155676 
155712 
155713 
155714 
155716 
155718 
417899 
417900 
417903 
155768 
155770 
155772 
155774 
417919 
417921 
417923 
417925 
417927 
417929 
417931 
417932 
417934 
417936 
417938 
417939 
417940 
417942 
417943 
417944 
417945 
417946 
417947 
417948 
417949 
417950 
417951 
417952 
417953 
417954 
417955 
417956 
417957 
417958 
417959 
417960 
155817 
417962 
155819 
417964 
155821 
417966 
155823 
417967 
417970 
417972 
417973 
417974 
155831 
155833 
417977 
155834 
155835 
417979 
155836 
417980 
155837 
155838 
155842 
155845 
155847 
155848 
155849 
155851 
417995 
417997 
417998 
417999 
418001 
418002 
155859 
418004 
155862 
418006 
155863 
418008 
155866 
155869 
155870 
418016 
155873 
418017 
418019 
155876 
155877 
418021 
418022 
418023 
155880 
418026 
155883 
155884 
418028 
418029 
418032 
418036 
418045 
418046 
418047 
418049 
418050 
418061 
418063 
418073 
418074 
418076 
418093 
418094 
418095 
418096 
418097 
418098 
418099 
418114 
418115 
418116 
418117 
418118 
418119 
418120 
418156 
418158 
418160 
418162 
418163 
418165 
418167 
418169 
418170 
418172 
418173 
418175 
418176 
418212 
418214 
418216 
418218 
418226 
418227 
418228 
418229 
418230 
418231 
418232 
418241 
418243 
418245 
156105 
156110 
418254 
418255 
418256 
418257 
418258 
418259 
418260 
418269 
418270 
418272 
418310 
418314 
418315 
418317 
418321 
418323 
156182 
418326 
156183 
418327 
156186 
156187 
156188 
156189 
156190 
156193 
156194 
156195 
156196 
156197 
156198 
156199 
156200 
156201 
156202 
418346 
156203 
156204 
156205 
156206 
156207 
156208 
156210 
156211 
156212 
156214 
156215 
418359 
418363 
418366 
418372 
418409 
418410 
418411 
418413 
418414 
156274 
156278 
418430 
418431 
418433 
418437 
418438 
418439 
418440 
418441 
418478 
418484 
156344 
156348 
156349 
156350 
156351 
156352 
156353 
156354 
156355 
418505 
418514 
418516 
418518 
418535 
418536 
418538 
418542 
418543 
418545 
156419 
156421 
156423 
156425 
156461 
156463 
156465 
156467 
156517 
156519 
156521 
156523 
418682 
156566 
156568 
156570 
156572 
156573 
156580 
156581 
156582 
156583 
156584 
156586 
156587 
156591 
156594 
156596 
156597 
156598 
156600 
156601 
156608 
156611 
156612 
156615 
156618 
156619 
156622 
156625 
156626 
156629 
156632 
156633 
418781 
418785 
418798 
418803 
418805 
418807 
418809 
418811 
418813 
418814 
418819 
418820 
418821 
418824 
418826 
418827 
418828 
418829 
418830 
418831 
418832 
418833 
418834 
418835 
418836 
418837 
418838 
418839 
418840 
418841 
418842 
418844 
418846 
418848 
418849 
418850 
418852 
418854 
418855 
418856 
418859 
418861 
418862 
418877 
418879 
418880 
418881 
418883 
418884 
418886 
418888 
418890 
418898 
418901 
418903 
418904 
418905 
418908 
418910 
418911 
418914 
418918 
418927 
418929 
418931 
418955 
418956 
418957 
418958 
418959 
418975 
418976 
418977 
418978 
418979 
418980 
418981 
418996 
418997 
418998 
418999 
419000 
419001 
419002 
419006 
419008 
419038 
419040 
419042 
419044 
419045 
419047 
419049 
419051 
419052 
419055 
419057 
419058 
156932 
156936 
156938 
156939 
156942 
156943 
156944 
156945 
156946 
156947 
156948 
156949 
156950 
419094 
156951 
156952 
419096 
156953 
156954 
419098 
156955 
156956 
419100 
156957 
156959 
156960 
156963 
156964 
419108 
419109 
419110 
419111 
419112 
419113 
419114 
419123 
419125 
419127 
419136 
419137 
419138 
419139 
419140 
419141 
419142 
419151 
419152 
419154 
157023 
157026 
157027 
419181 
419192 
419194 
419196 
419199 
419201 
419203 
419205 
419209 
419212 
419228 
157093 
157097 
419241 
157098 
157099 
157100 
157101 
419245 
157102 
157103 
157104 
419248 
419254 
419291 
419292 
419293 
419295 
419296 
419305 
419309 
157168 
419312 
419313 
157170 
419315 
157172 
157174 
419319 
419320 
419321 
419322 
419323 
157210 
157212 
157214 
157216 
419366 
419396 
419398 
419400 
157266 
157268 
157270 
157272 
419417 
419418 
419419 
419420 
419421 
419424 
419425 
419427 
157315 
157317 
157319 
157321 
157329 
157331 
157332 
157333 
157335 
157336 
157340 
157343 
157345 
157346 
157347 
157349 
157357 
157360 
157361 
157364 
157367 
157368 
157371 
157374 
157375 
157378 
157381 
157382 
419545 
419663 
419667 
419685 
419687 
419689 
419691 
419693 
419695 
419696 
419702 
419703 
419706 
419708 
419709 
419710 
419711 
419712 
419713 
419714 
419715 
419716 
419717 
419718 
419719 
419720 
419721 
419722 
419723 
419724 
419726 
419728 
419730 
419731 
419734 
419736 
419737 
157594 
419738 
419741 
419743 
419744 
419759 
419761 
419763 
419765 
419766 
419768 
419770 
419772 
419780 
419781 
419783 
419785 
419786 
419787 
419790 
419792 
419793 
419796 
419800 
419809 
419811 
419813 
157681 
419825 
419827 
157685 
157687 
157688 
157690 
157691 
157692 
157693 
419837 
157694 
419838 
157695 
157696 
419840 
157697 
157698 
157699 
157700 
157701 
157702 
157703 
157704 
157705 
157706 
157708 
157709 
157712 
157713 
419857 
419858 
419859 
419860 
419861 
419862 
419863 
419866 
419870 
419878 
419879 
419880 
419881 
419882 
419883 
419884 
157771 
157772 
157774 
157776 
419920 
419922 
419924 
419926 
419927 
419929 
419931 
419933 
419934 
419937 
419939 
419940 
419976 
419978 
419980 
419982 
157842 
419989 
157846 
419990 
157847 
419991 
157848 
419992 
157849 
419993 
157850 
419994 
157851 
419995 
157852 
419996 
157853 
420005 
420007 
420008 
420009 
420018 
420019 
420020 
420021 
420022 
420023 
420024 
420031 
420033 
420034 
420035 
420036 
420038 
157917 
157919 
157921 
157923 
420074 
420075 
420078 
420081 
420087 
420090 
420091 
420094 
420100 
157959 
157961 
157963 
157965 
420110 
420114 
420123 
420127 
420128 
420130 
420136 
420140 
158015 
420159 
158017 
158019 
158021 
420172 
420173 
420174 
420175 
420176 
420177 
420178 
420194 
420195 
420197 
420201 
420202 
420203 
420204 
420205 
158064 
158066 
158068 
158070 
158078 
158080 
158081 
158082 
158084 
158085 
420229 
158089 
420233 
158092 
158094 
158095 
158096 
158098 
158106 
158109 
158110 
158113 
158116 
158117 
158120 
158123 
158124 
158127 
420272 
158130 
158131 
420278 
420280 
420282 
420299 
420300 
420302 
420306 
420307 
420309 
420469 
158343 
420545 
420546 
420549 
420567 
420569 
420571 
420573 
158430 
420575 
420577 
158434 
420578 
158435 
158436 
158437 
158439 
158440 
420584 
158441 
420585 
158442 
158443 
158444 
420588 
158445 
158446 
420590 
158447 
420591 
158448 
420592 
158449 
420593 
158450 
420594 
158451 
420595 
158452 
420596 
158453 
420597 
158454 
420598 
158455 
420599 
420600 
158457 
420601 
158458 
420602 
420603 
420604 
158461 
420605 
158462 
420606 
420608 
420610 
420612 
420613 
420616 
420618 
420619 
420620 
420623 
420625 
420626 
420641 
420643 
420644 
420645 
420647 
420648 
420650 
420652 
420654 
420662 
158521 
420665 
420667 
158524 
420668 
158525 
420669 
420672 
420674 
420675 
420678 
420682 
420691 
420693 
420695 
420707 
420709 
420719 
420720 
420721 
420722 
158591 
158595 
420739 
158596 
420740 
158597 
420741 
158598 
420742 
158599 
420743 
158600 
420744 
158601 
420745 
158602 
420752 
420760 
420761 
420762 
420763 
420764 
420765 
420766 
420802 
420804 
420806 
420808 
420809 
158666 
420811 
158668 
420813 
158670 
420815 
158672 
420816 
420819 
420821 
420822 
420851 
158708 
420853 
158710 
420855 
158712 
158714 
420858 
420860 
420862 
420864 
420865 
420871 
420872 
420873 
420874 
420875 
420876 
420877 
420878 
420887 
420889 
420890 
420891 
420900 
420901 
420902 
420903 
420904 
420905 
420906 
158764 
158766 
158768 
158770 
420915 
420916 
420918 
420924 
420956 
158813 
158815 
420960 
158817 
158819 
420963 
158824 
420969 
158827 
158829 
420973 
158830 
158831 
420976 
158833 
158834 
158838 
420982 
158841 
158843 
158844 
158845 
158847 
420992 
158852 
158855 
158858 
158859 
421005 
158862 
158865 
421009 
158866 
421010 
421012 
158869 
158872 
158873 
421018 
158876 
421022 
158879 
158880 
421041 
421055 
421056 
421057 
421059 
421060 
421076 
421077 
421079 
421083 
421084 
421085 
421086 
421087 
421104 
421108 
421115 
421136 
421160 
421162 
421164 
421181 
421182 
421184 
421188 
421189 
421191 
159092 
159094 
421302 
159178 
159179 
159182 
159183 
159185 
159186 
159188 
159189 
159190 
159191 
159192 
159193 
159194 
159195 
159196 
159197 
159198 
159199 
159200 
159201 
159202 
159203 
159204 
159206 
159207 
421351 
159208 
159210 
159211 
159269 
159270 
159273 
159274 
421427 
421431 
421442 
421444 
421449 
421451 
421453 
421455 
421457 
421459 
421460 
421463 
421465 
421466 
421467 
421470 
421472 
421473 
421474 
421475 
421476 
421477 
421478 
421479 
421480 
421481 
421482 
421483 
159340 
421484 
421485 
421486 
421487 
159344 
421488 
159345 
159346 
421490 
159347 
159348 
421492 
159349 
159350 
421494 
159351 
421495 
421498 
421500 
421501 
421502 
421505 
421507 
421508 
421523 
421525 
421527 
421529 
421530 
421532 
421533 
421534 
421536 
421544 
421547 
421549 
421550 
421551 
421552 
421554 
421556 
421557 
159415 
421560 
159417 
159419 
421564 
159421 
421573 
421575 
421577 
421589 
421591 
159457 
421601 
421602 
159459 
421604 
159461 
159463 
421621 
421622 
421623 
421624 
421625 
421626 
421627 
421642 
421643 
421644 
421645 
421646 
421647 
421648 
159513 
159515 
159517 
159519 
421684 
421686 
421688 
421689 
421690 
421691 
421693 
421695 
421697 
421698 
421701 
421703 
421704 
159562 
159564 
159566 
159568 
159569 
159576 
159578 
159579 
159580 
159582 
159583 
159587 
159590 
159592 
159593 
159594 
159596 
421740 
421742 
421744 
159601 
421746 
159604 
159607 
159608 
421754 
159611 
421755 
421756 
421757 
159614 
421758 
159615 
421759 
421760 
159618 
159621 
159622 
159625 
421769 
421771 
159628 
159629 
421773 
421782 
421783 
421784 
421785 
421786 
421787 
421788 
421797 
421798 
421800 
421833 
421838 
421839 
421840 
421842 
421844 
421845 
421847 
421851 
421855 
421857 
421874 
421887 
421890 
421891 
421892 
421894 
421900 
421937 
421938 
421939 
421941 
421942 
421958 
421959 
421961 
421962 
421965 
421966 
421967 
421968 
421969 
421970 
159837 
159843 
422042 
422044 
422046 
422063 
422064 
422066 
422067 
422070 
422071 
159928 
422073 
159932 
159933 
159934 
159935 
159938 
159939 
159940 
159941 
159942 
159943 
159944 
159945 
159946 
159947 
159948 
159949 
159950 
159951 
159952 
159953 
159955 
159956 
159957 
159959 
159960 
160018 
160019 
160021 
160023 
422184 
160089 
160093 
160094 
160095 
160096 
160097 
160098 
160099 
160100 
422249 
422307 
160164 
422309 
160166 
160168 
422313 
160170 
422331 
422333 
422335 
422337 
422339 
422341 
422342 
422348 
422349 
160206 
422350 
160208 
422352 
160210 
422354 
422355 
160212 
422356 
422357 
422358 
422359 
422360 
422361 
422362 
422363 
422364 
422365 
422366 
422367 
422368 
422369 
422370 
422371 
422372 
422374 
422376 
422377 
422378 
422380 
422382 
422383 
422384 
422387 
422389 
422390 
422405 
160262 
422407 
160264 
422409 
160266 
422411 
160268 
422412 
422414 
422415 
422416 
422418 
422426 
422429 
422431 
422432 
422433 
422434 
422436 
422438 
422439 
422442 
422446 
160311 
422455 
422456 
160313 
422457 
160315 
422459 
160317 
160318 
160325 
160327 
422471 
160328 
160329 
422473 
160331 
160332 
160336 
160339 
422483 
422484 
160341 
422485 
160342 
422486 
160343 
160345 
160350 
160353 
160356 
160357 
422503 
160360 
422504 
422505 
422506 
160363 
422507 
160364 
422508 
422509 
160367 
160370 
160371 
160374 
160377 
160378 
422524 
422525 
422526 
422527 
422528 
422529 
422530 
422534 
422566 
422568 
422570 
422572 
422573 
422575 
422577 
422579 
422580 
422583 
422585 
422586 
422622 
422624 
422626 
422628 
422636 
422637 
422638 
422639 
422640 
422641 
422642 
422651 
422653 
422655 
422664 
422665 
422666 
422667 
422668 
422669 
422670 
422678 
422679 
422680 
422682 
422684 
422720 
422724 
422727 
422733 
422737 
422740 
422756 
422758 
422760 
422769 
422770 
422773 
422774 
422776 
422780 
422782 
422786 
422805 
422819 
422820 
160677 
422821 
422823 
422824 
160681 
160683 
160684 
160687 
160688 
160689 
160690 
160691 
160692 
160693 
160694 
160695 
160696 
422840 
160697 
422841 
160698 
160699 
422843 
160700 
160701 
160702 
422847 
160704 
422848 
160705 
422849 
422850 
422851 
160708 
422852 
160709 
422895 
422900 
422902 
160768 
160772 
422916 
422924 
422926 
422928 
422945 
422946 
422948 
422951 
422952 
422953 
422955 
160838 
160842 
160843 
160844 
160845 
160846 
160847 
160848 
160849 
160913 
160915 
160917 
160919 
423069 
423073 
423076 
160955 
160957 
160959 
160961 
423108 
423111 
161011 
161013 
161015 
161017 
423191 
423195 
161060 
161062 
161064 
161066 
161067 
423213 
161071 
423215 
423217 
161074 
423219 
161076 
423220 
161077 
423221 
161078 
423223 
161080 
423224 
161081 
423227 
161085 
423229 
423230 
423231 
161088 
161090 
423234 
161091 
161092 
423236 
423237 
161094 
423238 
161095 
423239 
423240 
423241 
423242 
423243 
423244 
423245 
161102 
423246 
423247 
423248 
161105 
423249 
161106 
423250 
423251 
423252 
161109 
423254 
161112 
423256 
161113 
423258 
423259 
161116 
423261 
423262 
161119 
161120 
423264 
423265 
423266 
161123 
423269 
161126 
423270 
161127 
423271 
423272 
423287 
423289 
423290 
423291 
423293 
423294 
423296 
423297 
423298 
423300 
423308 
423309 
423311 
423313 
423314 
423315 
423316 
423318 
423320 
423321 
423324 
423328 
423337 
423339 
423341 
423353 
423355 
423365 
423366 
423367 
423368 
423369 
423385 
423386 
423387 
423388 
423389 
423390 
423391 
423394 
423398 
423406 
423407 
423408 
423409 
423410 
423411 
423412 
423448 
423450 
423452 
423454 
423455 
423457 
423459 
423461 
423462 
423465 
423467 
423468 
423504 
423506 
423508 
423510 
423511 
423518 
423519 
423520 
423521 
423522 
423523 
423524 
423533 
423535 
423537 
423546 
423547 
423548 
423549 
423550 
423551 
423552 
423560 
423561 
423562 
423564 
423566 
161426 
161430 
161432 
161433 
423579 
161436 
161437 
161438 
161439 
161440 
161441 
161442 
161443 
161444 
161445 
161446 
161447 
161448 
161449 
161450 
161451 
161453 
161454 
161457 
161458 
423602 
423606 
423607 
423609 
423611 
423613 
423615 
423618 
423619 
423638 
423639 
423651 
423655 
423656 
423658 
161517 
161520 
423664 
161521 
423700 
423701 
423702 
423703 
423704 
423705 
423706 
423714 
423722 
423723 
423725 
423729 
423730 
161587 
423731 
423732 
423733 
161591 
161592 
161593 
161594 
161595 
161596 
161597 
161598 
423777 
161662 
423806 
161664 
423808 
161666 
423810 
161668 
423827 
423828 
423830 
423834 
423835 
423837 
161704 
161706 
161708 
161710 
161760 
161762 
161764 
161766 
161809 
161811 
161813 
161815 
161816 
161823 
161825 
161826 
161827 
161829 
161830 
161834 
161837 
161839 
161840 
161841 
161843 
161851 
161854 
161855 
161858 
161861 
161862 
161865 
161868 
161869 
424013 
161872 
161875 
161876 
424071 
424073 
424075 
424077 
424095 
424097 
424099 
424101 
424103 
424105 
424106 
424109 
424112 
424113 
424116 
424118 
424119 
424120 
424121 
424122 
424123 
424124 
424125 
424126 
424127 
424128 
424129 
424130 
424131 
424132 
424133 
424134 
424136 
424138 
424140 
424141 
424144 
424146 
424147 
424148 
424151 
424153 
424154 
424169 
424171 
424173 
424175 
424176 
424178 
424180 
424182 
424190 
424193 
424195 
424196 
424197 
424200 
424202 
424203 
424206 
424210 
424219 
424220 
424221 
424223 
424235 
424237 
424247 
424248 
424250 
424267 
424268 
424269 
424270 
424271 
424272 
424273 
424288 
424289 
424290 
424291 
424292 
424293 
424294 
162174 
162175 
162178 
162179 
162181 
162182 
162184 
162185 
162186 
424330 
162187 
162188 
424332 
162189 
162190 
424334 
162191 
162192 
424336 
162193 
424337 
162194 
162195 
424339 
162196 
162197 
424341 
162198 
162199 
424343 
162200 
424344 
162202 
162203 
424347 
424349 
162206 
424350 
162207 
424386 
424388 
424390 
424392 
424393 
424398 
424400 
424401 
424402 
424403 
424404 
424405 
424406 
162265 
162266 
162270 
424415 
424417 
424419 
424428 
424429 
424430 
424431 
424432 
424433 
424434 
424443 
424444 
424446 
424471 
162336 
162340 
424484 
162341 
162342 
162343 
162344 
424488 
162345 
162346 
424490 
162347 
424491 
424495 
424497 
424500 
424501 
424504 
424520 
424533 
424537 
424538 
424540 
424542 
424544 
424546 
424550 
162411 
162413 
162415 
162417 
424583 
424584 
424585 
424587 
424588 
162453 
162454 
162455 
162457 
162459 
424604 
424605 
424607 
424611 
424612 
424613 
424614 
424615 
162509 
162511 
162512 
162513 
162515 
424664 
424688 
424690 
424692 
162558 
162560 
162562 
162564 
424709 
424710 
424711 
424712 
162572 
424716 
424717 
162574 
162575 
424719 
162576 
162578 
162579 
162583 
162586 
162588 
162589 
162590 
162592 
162600 
162603 
162604 
162607 
162610 
162611 
162614 
162617 
162618 
162621 
162624 
162625 
424833 
424907 
424953 
424955 
424956 
424959 
424972 
424975 
424977 
424979 
424981 
424983 
424985 
424987 
424988 
424993 
424994 
424995 
424998 
425000 
425001 
425002 
425003 
425004 
425005 
425006 
425007 
425008 
425009 
425010 
425011 
425012 
425013 
425014 
425015 
425016 
425018 
425020 
425022 
425023 
425024 
425026 
425027 
425028 
425029 
425030 
425033 
425035 
425036 
425051 
425053 
425055 
425057 
425058 
425060 
425062 
425064 
162923 
162924 
162928 
425072 
162930 
162931 
425075 
425077 
162934 
425078 
162935 
425079 
162936 
162937 
162938 
425082 
162939 
162940 
425084 
162941 
425085 
162942 
162943 
162944 
425088 
162945 
162946 
162947 
162948 
425092 
162949 
162951 
162952 
162955 
162956 
425101 
425103 
425105 
425106 
425117 
425119 
425129 
425130 
425132 
425149 
425150 
425151 
425152 
425153 
425154 
425155 
163015 
163019 
425170 
425171 
425172 
425173 
425174 
425175 
425176 
425212 
425214 
425216 
425218 
425219 
425221 
425223 
425225 
425226 
163085 
425229 
425231 
425232 
163089 
163090 
163091 
163092 
163093 
163094 
163095 
163096 
425261 
425268 
425270 
425272 
425274 
425282 
425283 
425284 
425285 
425286 
425287 
425288 
425297 
425299 
425301 
163160 
163162 
163164 
163166 
425310 
425311 
425312 
425313 
425314 
425315 
425316 
425324 
425325 
425326 
425328 
163202 
163204 
163206 
163207 
163208 
425366 
425368 
425370 
425372 
425373 
425378 
425379 
425382 
425383 
425386 
425401 
163258 
425402 
425403 
163260 
425404 
163261 
425405 
163262 
425406 
163264 
425415 
425416 
425419 
425420 
425422 
425428 
425432 
163307 
425451 
163309 
163311 
163313 
163321 
425465 
163322 
425466 
163323 
425467 
163324 
425468 
163325 
425469 
425470 
163327 
163328 
163332 
163335 
163337 
163338 
163339 
163341 
425486 
425487 
425489 
163349 
425493 
425494 
425495 
163352 
425496 
163353 
425497 
163356 
163359 
163360 
163363 
163366 
163367 
163370 
163373 
163374 
425561 
425570 
425572 
425574 
425591 
425592 
425594 
425595 
425598 
425599 
425601 
425711 
163672 
163673 
163677 
163679 
163680 
163682 
163683 
163684 
163685 
163686 
163687 
163688 
163689 
163690 
163691 
163692 
163693 
425837 
163694 
163695 
163696 
163697 
425841 
163698 
163700 
163701 
163704 
163705 
425859 
425861 
425863 
425865 
425867 
425869 
425870 
425873 
425874 
425875 
425876 
425877 
425880 
425882 
425883 
425884 
425885 
425886 
425887 
425888 
425889 
425890 
425891 
425892 
425893 
425894 
425895 
425896 
425897 
425898 
425900 
425902 
425904 
425905 
163763 
163764 
425908 
425910 
163767 
425911 
163768 
425912 
425915 
425917 
425918 
425933 
425935 
425937 
425939 
425940 
425942 
425943 
425944 
425946 
425954 
425957 
425959 
425960 
425961 
425962 
425964 
425966 
425967 
425970 
425974 
163834 
163836 
163838 
163839 
425983 
163840 
163841 
425985 
163842 
163843 
425987 
163844 
163845 
425997 
425999 
426001 
426011 
426012 
426014 
426031 
426032 
426033 
426034 
426035 
426036 
426037 
426040 
426052 
163909 
426053 
426054 
163911 
426055 
426056 
163913 
426057 
426058 
163915 
426062 
426065 
426094 
163951 
426096 
163953 
426098 
163955 
426100 
163957 
426101 
426103 
426105 
426107 
426108 
426111 
426113 
426114 
426147 
426150 
164007 
426152 
164009 
426154 
164011 
426156 
164013 
426164 
426165 
426166 
426167 
426168 
426169 
426170 
426178 
426179 
426181 
426183 
426192 
426193 
426194 
426195 
426196 
426197 
426198 
164056 
164058 
164060 
164062 
426206 
426207 
426208 
426210 
164070 
164072 
164073 
164074 
164076 
164077 
164081 
164084 
164086 
164087 
164088 
164090 
164091 
164095 
164098 
164101 
164102 
426248 
164105 
164108 
426252 
164109 
426255 
164112 
426257 
164115 
426259 
164116 
426261 
164119 
426263 
426264 
426265 
164122 
164123 
426267 
426284 
426286 
426297 
426301 
426304 
426307 
426310 
426314 
426333 
426337 
426347 
426348 
426349 
426351 
426352 
426368 
426369 
426370 
426371 
426372 
426375 
426376 
426377 
426378 
426379 
426444 
426450 
426452 
426454 
426456 
426473 
426474 
426476 
426479 
426480 
426481 
426483 
426484 
164422 
164426 
164428 
164429 
164432 
164433 
164434 
164435 
164436 
164437 
164438 
164439 
164440 
164441 
164442 
164443 
164444 
164445 
164446 
164447 
164449 
164450 
164453 
164454 
164512 
164513 
164517 
426719 
426720 
426723 
164583 
164587 
164588 
164589 
164590 
164591 
164592 
164593 
164594 
426741 
426743 
426745 
426747 
426749 
426751 
426752 
426758 
426759 
426762 
426764 
426765 
426766 
426767 
426768 
426769 
426770 
426771 
426772 
426773 
426774 
426775 
426776 
426777 
426778 
426779 
426780 
426782 
426784 
426786 
426787 
426790 
426792 
426793 
426794 
426796 
426797 
426799 
426800 
164658 
164660 
164662 
164664 
426815 
426817 
426818 
426819 
426821 
426822 
426824 
426825 
426826 
426828 
426836 
426837 
426839 
426841 
426842 
426843 
164700 
426844 
164702 
426846 
164704 
426848 
426849 
164706 
426852 
426856 
426865 
426867 
426869 
426881 
426883 
426893 
426894 
426896 
164756 
164758 
164759 
164760 
164762 
426913 
426914 
426915 
426916 
426917 
426918 
426919 
426934 
426935 
426936 
426937 
426938 
426939 
426940 
164805 
164807 
164809 
164811 
164819 
164821 
164822 
164823 
164825 
164826 
164830 
426976 
164833 
426978 
164835 
164836 
426980 
164837 
426982 
164839 
426983 
164840 
426985 
426987 
426989 
426990 
164847 
426993 
164850 
164851 
426995 
426996 
164854 
164857 
164858 
164861 
164864 
164865 
164868 
164871 
164872 
427025 
427031 
427032 
427034 
427036 
427038 
427046 
427047 
427048 
427049 
427050 
427051 
427052 
427060 
427061 
427063 
427065 
427066 
427074 
427075 
427076 
427077 
427078 
427079 
427080 
427088 
427089 
427090 
427092 
427096 
427119 
427130 
427131 
427134 
427137 
427143 
427146 
427147 
427166 
427179 
427181 
427183 
427185 
427186 
427191 
427192 
427228 
427229 
427230 
427231 
427233 
427234 
427250 
427251 
427253 
427256 
427257 
427258 
427259 
427260 
427261 
427262 
427309 
165171 
165175 
165177 
165178 
165180 
165181 
165182 
165183 
165184 
165185 
165186 
165187 
165188 
165189 
165190 
427334 
165191 
165192 
427336 
165193 
165194 
427338 
165195 
165196 
165198 
165199 
427345 
165202 
165203 
427355 
427356 
427358 
427361 
427362 
427363 
427365 
427366 
165262 
165266 
427475 
165332 
427479 
165336 
165337 
165338 
427482 
165339 
165340 
165341 
165342 
165343 
427506 
427511 
427539 
165407 
165409 
165411 
165413 
165449 
165450 
165451 
165453 
165455 
427601 
427605 
427623 
427625 
427627 
427629 
427631 
427633 
427634 
427637 
427640 
427641 
427644 
427646 
427647 
427648 
165505 
427649 
427650 
165507 
427651 
427652 
165509 
427653 
427654 
165511 
427655 
427656 
427657 
427658 
427659 
427660 
427661 
427662 
427664 
427666 
427668 
427669 
427672 
427674 
427675 
427676 
427679 
427681 
427682 
427697 
165554 
427699 
165556 
427701 
165558 
427703 
165560 
427704 
427706 
427707 
427708 
427710 
165568 
165570 
165571 
165572 
165574 
427718 
165575 
427719 
427721 
165579 
427723 
427724 
427725 
165582 
427726 
165584 
427728 
165585 
165586 
427730 
427731 
165588 
427734 
427738 
165596 
165599 
165600 
165603 
427747 
427749 
165606 
165607 
427751 
165610 
165613 
165614 
165617 
427763 
165620 
165621 
427765 
427775 
427776 
427778 
427795 
427796 
427797 
427798 
427799 
427800 
427801 
427816 
427817 
427818 
427819 
427820 
427821 
427822 
427823 
427826 
427828 
427829 
427858 
427860 
427862 
427864 
427865 
427867 
427869 
427871 
427872 
427875 
427877 
427878 
427907 
427909 
427911 
427914 
427915 
427916 
427918 
427920 
427921 
427928 
427929 
427930 
427931 
427932 
427933 
427934 
427943 
427945 
427947 
427956 
427957 
427958 
427959 
427960 
427961 
427962 
427971 
427972 
427973 
427974 
427976 
428012 
428016 
428017 
428019 
428021 
428023 
428025 
428029 
428032 
428048 
428049 
428052 
428061 
165920 
428065 
165924 
428068 
165926 
165927 
165929 
165930 
428074 
165931 
165932 
165933 
165934 
165935 
165936 
165937 
165938 
165939 
165940 
165941 
165942 
165943 
165944 
165945 
165947 
165948 
165951 
165952 
428111 
428112 
428113 
428115 
428116 
428132 
428133 
428135 
428138 
428139 
428140 
428141 
428142 
428143 
166011 
166015 
428216 
428218 
428219 
428220 
166081 
166085 
166086 
166087 
166088 
166089 
166090 
166091 
166092 
428237 
428238 
428240 
428244 
428245 
428247 
166156 
166158 
166160 
166162 
166198 
166200 
166202 
166204 
428364 
428384 
166254 
428399 
166256 
166258 
166260 
166303 
166305 
166307 
166309 
166310 
166317 
166319 
166320 
166321 
166323 
166324 
166328 
166331 
428476 
166333 
166334 
166335 
428480 
166337 
428483 
428487 
166345 
166348 
166349 
166352 
166355 
166356 
428500 
166359 
428505 
166362 
166363 
428507 
428509 
166366 
428511 
166369 
428513 
166370 
428515 
428516 
428521 
428522 
428523 
428524 
428526 
428527 
428528 
428529 
428530 
428531 
428532 
428533 
428534 
428535 
428536 
428537 
428538 
428539 
428540 
428541 
428542 
428543 
428544 
428546 
428548 
428550 
428551 
428554 
428556 
428557 
428558 
428561 
428563 
428564 
428579 
428581 
428582 
428583 
428585 
428586 
428588 
428589 
428590 
428592 
428600 
428601 
428603 
428605 
428606 
428607 
428608 
428610 
428612 
428613 
428616 
428617 
428620 
428629 
428630 
428631 
428633 
428643 
428645 
428647 
428657 
428658 
428660 
428677 
428678 
428679 
428680 
428681 
428682 
428683 
428698 
428699 
428700 
428701 
428702 
428703 
428704 
428708 
428710 
166588 
428740 
428742 
428744 
428746 
428747 
428749 
428751 
428753 
428754 
428757 
428759 
428760 
428796 
428798 
428800 
428802 
428810 
428811 
428812 
166669 
428813 
428814 
428815 
428816 
166673 
166675 
166676 
166678 
166679 
166680 
166681 
428825 
166682 
166683 
428827 
166684 
166685 
428829 
166686 
166687 
166688 
166689 
166690 
166691 
166692 
166693 
166694 
428838 
428839 
166696 
428840 
166697 
428841 
428842 
428843 
166700 
428844 
166701 
428853 
428854 
428856 
428858 
428894 
428898 
428901 
166760 
428906 
166763 
428907 
166764 
428911 
428930 
428932 
428943 
428944 
428947 
428950 
428952 
428956 
166830 
166834 
166835 
166836 
166837 
166838 
166839 
166840 
166841 
428993 
428994 
428995 
428997 
428998 
429014 
429015 
429017 
429021 
429022 
429023 
429024 
429025 
166905 
166907 
166909 
166911 
166947 
166949 
166951 
166953 
429098 
429100 
429102 
429119 
429120 
429122 
429126 
429127 
429129 
167003 
167005 
167007 
167009 
167052 
167054 
167056 
167058 
167066 
167068 
167069 
167070 
167072 
167073 
167077 
167080 
167082 
167083 
167084 
167086 
167091 
167094 
167097 
167098 
167101 
167104 
167105 
167108 
167111 
167112 
167115 
167118 
167119 
429266 
429362 
429365 
429366 
429369 
429385 
429387 
429389 
429391 
429393 
429394 
429395 
429397 
429398 
429403 
429404 
429405 
429408 
429410 
429411 
429412 
429413 
429414 
429415 
429416 
429417 
429418 
429419 
429420 
429421 
429422 
429423 
429424 
429425 
429426 
429428 
429430 
429432 
429433 
429436 
429438 
429439 
429440 
429443 
429445 
429446 
429461 
429463 
429465 
429467 
429468 
429470 
429472 
429474 
429482 
429485 
429487 
429488 
429489 
429492 
429494 
429495 
429498 
429499 
429502 
429511 
429513 
429515 
429516 
429527 
429529 
429539 
429540 
429542 
429559 
429560 
429561 
167418 
429562 
429563 
429564 
429565 
167422 
167423 
167424 
167425 
167428 
167429 
167430 
167431 
167432 
167433 
167434 
167435 
167436 
429580 
167437 
429581 
167438 
429582 
167439 
429583 
167440 
429584 
167441 
429585 
167442 
429586 
167443 
167445 
167446 
429590 
429592 
167449 
167450 
429622 
429624 
429626 
429628 
429629 
429631 
429633 
429635 
429636 
429639 
429641 
429642 
167508 
167509 
167511 
167512 
167513 
429671 
429678 
429680 
429682 
429684 
429685 
429688 
429691 
429692 
429693 
429694 
429695 
429696 
429697 
429698 
429699 
429706 
429707 
429709 
429710 
429711 
429720 
429721 
429722 
167579 
429723 
429724 
167581 
429725 
429726 
167583 
167584 
167585 
167586 
167587 
167588 
167589 
167590 
429735 
429736 
429738 
429743 
429765 
429776 
429780 
429783 
429787 
429788 
429789 
429793 
167654 
167656 
167658 
167660 
429812 
429825 
429829 
429832 
429838 
167696 
167698 
429842 
167700 
167702 
429874 
429875 
429876 
429877 
429878 
429879 
429880 
429888 
429892 
167752 
429896 
429897 
167754 
429899 
167756 
167758 
429903 
429904 
429905 
429906 
429907 
167801 
429946 
167803 
167805 
167807 
167812 
167815 
429959 
167817 
167818 
167819 
429963 
167821 
167822 
429967 
167826 
167829 
167831 
167832 
167833 
167835 
429980 
429982 
429984 
167843 
167846 
167847 
167850 
167853 
167854 
430000 
167857 
430001 
430002 
430003 
167860 
430004 
167861 
430005 
430006 
167864 
430008 
430009 
167867 
430011 
167868 
430094 
430157 
430247 
430248 
430251 
430267 
430269 
430271 
430273 
430275 
430276 
430277 
430279 
430280 
430282 
430285 
430286 
430287 
430290 
430292 
430293 
430294 
430295 
430296 
430297 
430298 
430299 
430300 
430301 
430302 
430303 
430304 
430305 
430306 
430307 
430308 
430310 
168167 
430312 
430314 
168171 
430315 
168172 
168173 
168174 
430318 
430320 
168177 
430321 
168178 
430322 
168179 
168180 
168181 
430325 
168182 
168183 
430327 
168184 
430328 
168185 
168186 
168187 
168188 
168189 
168190 
168191 
168192 
168194 
168195 
168198 
168199 
430343 
430345 
430347 
430349 
430350 
430352 
430354 
430356 
430364 
430367 
430369 
430370 
430371 
430372 
430374 
430376 
430377 
430380 
430384 
430393 
430394 
430395 
430396 
430397 
168256 
168257 
168258 
168261 
168262 
430409 
430411 
430421 
430422 
430424 
430441 
430442 
430443 
430444 
430445 
430446 
430447 
430450 
430462 
430463 
430464 
430465 
430466 
430467 
430468 
168326 
168328 
168330 
168332 
168333 
168334 
168335 
168336 
168337 
168338 
168339 
430504 
430506 
430507 
430508 
430510 
430511 
430513 
430515 
430517 
430518 
430519 
430521 
430523 
430524 
168403 
168405 
168407 
168409 
430555 
430557 
430560 
430562 
430564 
430566 
430574 
430575 
430576 
430577 
430578 
430579 
430580 
168445 
430589 
168446 
168447 
430591 
168449 
430593 
168451 
430602 
430603 
430604 
430605 
430606 
430607 
430608 
430617 
430618 
430620 
168501 
168503 
168505 
168507 
430658 
430662 
430665 
430668 
430671 
430675 
168550 
430694 
168552 
168554 
168556 
430707 
168564 
430709 
168566 
168567 
430711 
168568 
168570 
430714 
168571 
168575 
430720 
168578 
168580 
168581 
168582 
168584 
168585 
168589 
168592 
168595 
168596 
168599 
168602 
168603 
168606 
168609 
168610 
168613 
430757 
430758 
430759 
168616 
168617 
430761 
430762 
430778 
430779 
430781 
430785 
430786 
430787 
430788 
430789 
430825 
430862 
430864 
430866 
430883 
430884 
430886 
430890 
430891 
430893 
431052 
431053 
168916 
168920 
168921 
431065 
168922 
168923 
431067 
168926 
168927 
168928 
168929 
168930 
168931 
168932 
168933 
168934 
168935 
168936 
168937 
168938 
168939 
168940 
168941 
168943 
168944 
168947 
168948 
431127 
431129 
431130 
431133 
431144 
169006 
169007 
431151 
431153 
169011 
431155 
431157 
431159 
431161 
431162 
431164 
431165 
431168 
431169 
431172 
431174 
431175 
431176 
431177 
431178 
431179 
431180 
431181 
431182 
431183 
431184 
431185 
431186 
431187 
431188 
431189 
431190 
431192 
431194 
431196 
431197 
431200 
431202 
431203 
431204 
431207 
431209 
431210 
169077 
169081 
431225 
169082 
169083 
431227 
169084 
431228 
169085 
431229 
169086 
169087 
431231 
169088 
431232 
431234 
431235 
431236 
431238 
431246 
431247 
431249 
431251 
431252 
431253 
431254 
431256 
431258 
431259 
431262 
431266 
431275 
431277 
431279 
431291 
431293 
169152 
169154 
169156 
169158 
431303 
431304 
431306 
431323 
431324 
431325 
431326 
431327 
431328 
431329 
431330 
431336 
169194 
169196 
169198 
169199 
169200 
431344 
431345 
431346 
431347 
431348 
431349 
431350 
431386 
431387 
431388 
431389 
431390 
431391 
431392 
431393 
169250 
431395 
169252 
431397 
169254 
431399 
169256 
431400 
431401 
431403 
431405 
431406 
431435 
431442 
169299 
431443 
431444 
169301 
431446 
169303 
431448 
169305 
431449 
431452 
431454 
431455 
431456 
169313 
431457 
431458 
169315 
431459 
169316 
431460 
169317 
431461 
431462 
169319 
169320 
169324 
431470 
169327 
431471 
169329 
431473 
169330 
169331 
431475 
169333 
169334 
431484 
169341 
431485 
431486 
431487 
169344 
431488 
169345 
431489 
431490 
169348 
169351 
169352 
169355 
431499 
431500 
169358 
431502 
169359 
169362 
431508 
169365 
169366 
431540 
431544 
431547 
431553 
431555 
431557 
431576 
431577 
431589 
431593 
431596 
431598 
431602 
431639 
431640 
431641 
431643 
431644 
431660 
431661 
431663 
431664 
431667 
431668 
431669 
431670 
431671 
431672 
431701 
431708 
431714 
169585 
169591 
431744 
431746 
431748 
431765 
431766 
431768 
431772 
431773 
431775 
169664 
169665 
169669 
169671 
169672 
169675 
169676 
169677 
169678 
169679 
169680 
169681 
169682 
169683 
169684 
169685 
169686 
169687 
169688 
169689 
169690 
169692 
169693 
169694 
169696 
169697 
169754 
169756 
169759 
169760 
169826 
169830 
169831 
169832 
169833 
169834 
169835 
169836 
169837 
432011 
432012 
432015 
432031 
432033 
432035 
432037 
432039 
432041 
432043 
432044 
169901 
169903 
169905 
432050 
169907 
432051 
432054 
432056 
432057 
432058 
432059 
432060 
432061 
432062 
432063 
432064 
432065 
432066 
432067 
432068 
432069 
432070 
432071 
432072 
432074 
432076 
432078 
432079 
432082 
432084 
432085 
432086 
169943 
169945 
432089 
169947 
432091 
432092 
169949 
432107 
432109 
432111 
432113 
432114 
432116 
432117 
432118 
432120 
432128 
432131 
432133 
432134 
432135 
432136 
432138 
432140 
432141 
169999 
432144 
170001 
170003 
432148 
170005 
432157 
432158 
432159 
432160 
432161 
432162 
432173 
432175 
432185 
432186 
432188 
432189 
170048 
170050 
170052 
170054 
432205 
170062 
432206 
432207 
170064 
432208 
170065 
432209 
170066 
432210 
432211 
170068 
170069 
170073 
170076 
170078 
170079 
170080 
170082 
432226 
432227 
432228 
432229 
432230 
432231 
432232 
170090 
170093 
170094 
170097 
170100 
170101 
170104 
170107 
170108 
170111 
170114 
170115 
432268 
432270 
432272 
432274 
432275 
432277 
432279 
432281 
432282 
432285 
432287 
432288 
432317 
432321 
432324 
432326 
432328 
432330 
432338 
432339 
432340 
432341 
432342 
432343 
432344 
432353 
432355 
432357 
432366 
432367 
432368 
432369 
432370 
432371 
432372 
432380 
432381 
432382 
432384 
432386 
432422 
432426 
432429 
432432 
432435 
432438 
432439 
432442 
432458 
432471 
432472 
432475 
432476 
432478 
170336 
432484 
432521 
432522 
432523 
432525 
432526 
432542 
432543 
432545 
432549 
432550 
432551 
432552 
432553 
170414 
170418 
170420 
170421 
432566 
170423 
170424 
170425 
170426 
170427 
170428 
170429 
170430 
170431 
170432 
170433 
170434 
170435 
170436 
432580 
170437 
170438 
170439 
170441 
170442 
170445 
170446 
432611 
432625 
432626 
432628 
432630 
432647 
170504 
432648 
170505 
432650 
170509 
432654 
432655 
432657 
170575 
170579 
170580 
170581 
170582 
170583 
170584 
170585 
170586 
170650 
170652 
170654 
170656 
170692 
170694 
170696 
170698 
170748 
432893 
170750 
170752 
432897 
170754 
432915 
432917 
432919 
432920 
432921 
432922 
432923 
432924 
432925 
432926 
432932 
432933 
432936 
432938 
432939 
432940 
170797 
432941 
432942 
170799 
432943 
432944 
170801 
432945 
432946 
170803 
432947 
432948 
432949 
432950 
432951 
432952 
432953 
432954 
170811 
432956 
170813 
170814 
432958 
170815 
432960 
170817 
432961 
170818 
432964 
170822 
432966 
432967 
432968 
170825 
170827 
432971 
170828 
170829 
432973 
432974 
170831 
170836 
170839 
170842 
170843 
432989 
170846 
432991 
170849 
432993 
170850 
432995 
432996 
170853 
432998 
432999 
170856 
433000 
170857 
433002 
170860 
170863 
170864 
433010 
433013 
433015 
433016 
433017 
433018 
433020 
433022 
433023 
433026 
433027 
433030 
433039 
433041 
433043 
433055 
433057 
433067 
433068 
433070 
433087 
433088 
433089 
433090 
433091 
433092 
433093 
433094 
433100 
433108 
433109 
433110 
433111 
433112 
433113 
433114 
433120 
433150 
433152 
433154 
433156 
433157 
433159 
433161 
433163 
433164 
433167 
433169 
433170 
433199 
433205 
433206 
433208 
433210 
433212 
433213 
433218 
433219 
433220 
433221 
433222 
433223 
433224 
433225 
433226 
171089 
433235 
433237 
433239 
433248 
433249 
433250 
433251 
433252 
433253 
433254 
433263 
433264 
433266 
433304 
171163 
433308 
171166 
171167 
433311 
171169 
433313 
171170 
433314 
171173 
433317 
171174 
171175 
433319 
171176 
171177 
433321 
171178 
171179 
171180 
171181 
171182 
171183 
171184 
171185 
171186 
171187 
171188 
171190 
433334 
171191 
171194 
171195 
433340 
433341 
433353 
433354 
433357 
433358 
433360 
433364 
433366 
433370 
171254 
171257 
171258 
433403 
433404 
433405 
433407 
433408 
433424 
433425 
433427 
433431 
433432 
433433 
433434 
433435 
433451 
171324 
171328 
171329 
171330 
171331 
171332 
171333 
171334 
171335 
433508 
433510 
433512 
433529 
433530 
433532 
433536 
433537 
433539 
171399 
171401 
171403 
171405 
171441 
171443 
171445 
171447 
171497 
171499 
171501 
171503 
433649 
171546 
433691 
171548 
171550 
433695 
171552 
433699 
433702 
171560 
171562 
171563 
171564 
171566 
171567 
433713 
171571 
433715 
171574 
433718 
171576 
433720 
171577 
171578 
433722 
171580 
171581 
171588 
171591 
171592 
171595 
171598 
171599 
171602 
171605 
171606 
171609 
171612 
171613 
433775 
433779 
433797 
433799 
433801 
433803 
433805 
433807 
433808 
433813 
433814 
433815 
433818 
433820 
433821 
433822 
433823 
433824 
433825 
433826 
433827 
433828 
433829 
433830 
433831 
433832 
433833 
433834 
433835 
433836 
433838 
433840 
433842 
433843 
433846 
433848 
433849 
433850 
433852 
433853 
433855 
433856 
433871 
433873 
433875 
433877 
433878 
433880 
433882 
433884 
433892 
433895 
433897 
433898 
433899 
433902 
433904 
433905 
433908 
433912 
433921 
433923 
433925 
433926 
433949 
433950 
433952 
433969 
433970 
433971 
433972 
433973 
433974 
171831 
433975 
433990 
433991 
433992 
433993 
433994 
433995 
433996 
434032 
434034 
434036 
434038 
434039 
434041 
434043 
434045 
434046 
434049 
434051 
434052 
171912 
171916 
171918 
171919 
171922 
171923 
171924 
171925 
171926 
171927 
171928 
171929 
171930 
171931 
171932 
171933 
171934 
171935 
171936 
171937 
434081 
171939 
171940 
434085 
171943 
171944 
434088 
434090 
434092 
434094 
434102 
434103 
434104 
434105 
434106 
434107 
434108 
434116 
434117 
434119 
434121 
434130 
434131 
434132 
434133 
434134 
434135 
434136 
172001 
434145 
172002 
434146 
172003 
434148 
172007 
434173 
434186 
434188 
434190 
434193 
434195 
434199 
434203 
172073 
172077 
172078 
434222 
172079 
172080 
172081 
172082 
172083 
172084 
434235 
434239 
434242 
434244 
434248 
434252 
434285 
434286 
434287 
434289 
434290 
172148 
172150 
172152 
172154 
434306 
434307 
434309 
434313 
434314 
434315 
434316 
434317 
172190 
172192 
172194 
172196 
172246 
434390 
172248 
434392 
172250 
434394 
172252 
434410 
434411 
434412 
434414 
434415 
434418 
434419 
434421 
172295 
172297 
172299 
172301 
172302 
172309 
172311 
172312 
172313 
172315 
172316 
172320 
172323 
172325 
172326 
172327 
172329 
172337 
172340 
172341 
172344 
172347 
172348 
172351 
172354 
172355 
172358 
172361 
172362 
434657 
434658 
434661 
434679 
434681 
434683 
434685 
434687 
434689 
434690 
434696 
434697 
434700 
434702 
434703 
434704 
434705 
434706 
434707 
434708 
434709 
434710 
434711 
434712 
434713 
434714 
434715 
434716 
434717 
434718 
172576 
434720 
434722 
172580 
434724 
434725 
434728 
434730 
434731 
434732 
434734 
434735 
434737 
434738 
434753 
434755 
434756 
434757 
434759 
434760 
434762 
434764 
434766 
434774 
434775 
434777 
434779 
434780 
434784 
434786 
434794 
434803 
172661 
434805 
434807 
172664 
434808 
172665 
172666 
172667 
172668 
172671 
172672 
172673 
172674 
172675 
434819 
172676 
172677 
434821 
172678 
172679 
172680 
172681 
172682 
172683 
172684 
172685 
172686 
434831 
172688 
434832 
172689 
434834 
172692 
172693 
434851 
434852 
434853 
434854 
434855 
434856 
434857 
434872 
434873 
434874 
434875 
434876 
434877 
434878 
172752 
172754 
172756 
434914 
434916 
434918 
434920 
434921 
434923 
434925 
434927 
434928 
434930 
434931 
434933 
434934 
172822 
172826 
434970 
172827 
172828 
434972 
172829 
172830 
434974 
172831 
172832 
434976 
172833 
434984 
434985 
434986 
434987 
434988 
434989 
434990 
434999 
435001 
435002 
435003 
435012 
435013 
435014 
435015 
435016 
435017 
435018 
435027 
435028 
435030 
172897 
172899 
172901 
172903 
435068 
435070 
435072 
435074 
435075 
435078 
435080 
435081 
172939 
172941 
435085 
172943 
435087 
172945 
435104 
435106 
435108 
435117 
435121 
435124 
435130 
435134 
435137 
172995 
172997 
172999 
173001 
435167 
435168 
435169 
435171 
435172 
173044 
435188 
435189 
173046 
435191 
173048 
173050 
435195 
435196 
435197 
435198 
173055 
435199 
173058 
173060 
173061 
173062 
173064 
173065 
173069 
435215 
173072 
173074 
173075 
173076 
173078 
173086 
173089 
173090 
173093 
173096 
173097 
173100 
173103 
435247 
173104 
173107 
173110 
173111 
435272 
435274 
435276 
435293 
435294 
435295 
435296 
435298 
435300 
435301 
435303 
435459 
435539 
435540 
435543 
173410 
173414 
173416 
173417 
435561 
435563 
173420 
435564 
173421 
435565 
173422 
173423 
435567 
173424 
173425 
435569 
173426 
173427 
435571 
173428 
435572 
173429 
173430 
173431 
173432 
173433 
173434 
435578 
173435 
435579 
173437 
173438 
435582 
173439 
435584 
173441 
435585 
173442 
435586 
435587 
435588 
435589 
435590 
435591 
435592 
435593 
435594 
435595 
435596 
435597 
435598 
435599 
435600 
435601 
435602 
435604 
435606 
435607 
435609 
435610 
435612 
435613 
435614 
435617 
435619 
435620 
435635 
435637 
435639 
435641 
435642 
435644 
173501 
435646 
173504 
435648 
173505 
435656 
435659 
435661 
435662 
435663 
435666 
435668 
435669 
435672 
435676 
435685 
435686 
435687 
435688 
435689 
435701 
435703 
435713 
435714 
173571 
435716 
173575 
173576 
173577 
173578 
173579 
173580 
173581 
173582 
435733 
435734 
435735 
435736 
435737 
435738 
435739 
435754 
435755 
435756 
435757 
435758 
435759 
435760 
173646 
173648 
173650 
173652 
435796 
435798 
435800 
435802 
435803 
435805 
435807 
435809 
435810 
435813 
435815 
435816 
173688 
173690 
173692 
173694 
435852 
435854 
435856 
435858 
435866 
435867 
435868 
435869 
435870 
435871 
435872 
435881 
435883 
435885 
173744 
173746 
173748 
173750 
435894 
435895 
435896 
435897 
435898 
435899 
435900 
435909 
435910 
435912 
435917 
435918 
173793 
435937 
173795 
173797 
173799 
173800 
435950 
173807 
173809 
173810 
435954 
173811 
173813 
435957 
173814 
173818 
435963 
173821 
435965 
173823 
435967 
173824 
173825 
435969 
173827 
173835 
173838 
173839 
173842 
435986 
173845 
435989 
173846 
173849 
173852 
173853 
435999 
173856 
173859 
436003 
173860 
436006 
436008 
436009 
436010 
436012 
436049 
436050 
436051 
436053 
436054 
436070 
436071 
436073 
436077 
436078 
436079 
436080 
436081 
436154 
436156 
436157 
436158 
436175 
436176 
436177 
436178 
436179 
436182 
436183 
436185 
174085 
436296 
174158 
174159 
174163 
174165 
174166 
174169 
174170 
174171 
174172 
174173 
174174 
174175 
174176 
174177 
174178 
174179 
174180 
174181 
174182 
174183 
174184 
174186 
174187 
174190 
174191 
436359 
436361 
174250 
174253 
174254 
436421 
436422 
436425 
436441 
436443 
436445 
436447 
436448 
436449 
436450 
436451 
436452 
436453 
436454 
436460 
436461 
436462 
174320 
436464 
436465 
436466 
436467 
174324 
436468 
174325 
436469 
174326 
436470 
174327 
436471 
174328 
436472 
174329 
436473 
174330 
436474 
174331 
436475 
436476 
436477 
436478 
436479 
436480 
436481 
436482 
436484 
436486 
436488 
436489 
436492 
436494 
436495 
436496 
436499 
436501 
436502 
436517 
436519 
436520 
436521 
436523 
436524 
436526 
436528 
436530 
436538 
174395 
174397 
436541 
174399 
436543 
436544 
174401 
436545 
436548 
436550 
436551 
436554 
436558 
436567 
436569 
436571 
174437 
174439 
436583 
174441 
436585 
174443 
436595 
436596 
436598 
436615 
436616 
436617 
436618 
436619 
436620 
436621 
436624 
436626 
436636 
174493 
436637 
436638 
174495 
436639 
436640 
174497 
436641 
436642 
174499 
436646 
436678 
436680 
436682 
436684 
436685 
174542 
436687 
174544 
436689 
174546 
436691 
174548 
436692 
436695 
436697 
436698 
174556 
174558 
174559 
174560 
174562 
174563 
174567 
174570 
174572 
174573 
174574 
174576 
174581 
174584 
174587 
174588 
436734 
174591 
436736 
174594 
436738 
174595 
436740 
436741 
174598 
174601 
174602 
436748 
174605 
436749 
436750 
436751 
174608 
436752 
174609 
436753 
436754 
436763 
436765 
436767 
436776 
436777 
436778 
436779 
436780 
436781 
436782 
436790 
436791 
436792 
436794 
436796 
436832 
436834 
436835 
436836 
436837 
436838 
436839 
436845 
436849 
436868 
436869 
436870 
436872 
436881 
436882 
436883 
436885 
436887 
436888 
436894 
436898 
436917 
436931 
436932 
436933 
436935 
436936 
436952 
436953 
436955 
436959 
436960 
436961 
436962 
436963 
436964 
174823 
436993 
436999 
437008 
437011 
437036 
437038 
437040 
174908 
174912 
174913 
437057 
174914 
437058 
174915 
437060 
174918 
174919 
174920 
437064 
174921 
437065 
174922 
174923 
437067 
174924 
174925 
174926 
174927 
174928 
174929 
174930 
174931 
174932 
174933 
174935 
174936 
174937 
174939 
174940 
174998 
174999 
175003 
437150 
437162 
437204 
175069 
175073 
175074 
175075 
437219 
175076 
175077 
175078 
175079 
437223 
175080 
175144 
175146 
175148 
175150 
437303 
437307 
437325 
437327 
437329 
175186 
437331 
175188 
437332 
437333 
175190 
437334 
437335 
175192 
437336 
437342 
437343 
437344 
437346 
437348 
437349 
437350 
437351 
437352 
437353 
437354 
437355 
437356 
437357 
437358 
437359 
437360 
437361 
437362 
437363 
437364 
437366 
437368 
437370 
437371 
437374 
437376 
437377 
437378 
437381 
437383 
437384 
175242 
175244 
175246 
175248 
437399 
437401 
437403 
437405 
437406 
437408 
437409 
437410 
437412 
437420 
437423 
437425 
437426 
437427 
437428 
437430 
437432 
437433 
175291 
437436 
175293 
175295 
437440 
175297 
175305 
437449 
175307 
437451 
175308 
175309 
437453 
175311 
175312 
175316 
175319 
175321 
437465 
175322 
175323 
437467 
175325 
175326 
175333 
437477 
437478 
175336 
437480 
175337 
175340 
175343 
175344 
175347 
175350 
175351 
437497 
175354 
437498 
437499 
437500 
175357 
437501 
175358 
437502 
437503 
437518 
437519 
437520 
437521 
437522 
437523 
437524 
437560 
437562 
437564 
437566 
437567 
437569 
437571 
437573 
437574 
437577 
437579 
437580 
437616 
437618 
437620 
437622 
437623 
437629 
437630 
437631 
437632 
437633 
437634 
437635 
437636 
437645 
437647 
437648 
437649 
437658 
437659 
437660 
437661 
437662 
437663 
437664 
437673 
437674 
437676 
437714 
437718 
437721 
175579 
437725 
437727 
437729 
437730 
437731 
437750 
437763 
437767 
437770 
437772 
437776 
437780 
175657 
175661 
175663 
175664 
175667 
175668 
175669 
437813 
175670 
437814 
175671 
437815 
175672 
175673 
437817 
175674 
437818 
175675 
175676 
175677 
175678 
175679 
175680 
175681 
175682 
175684 
175685 
175688 
175689 
437834 
437835 
437837 
437841 
437842 
437843 
437844 
437845 
437865 
437877 
437881 
437889 
175747 
175748 
437894 
175751 
175752 
437918 
437920 
437922 
437939 
437940 
437942 
437946 
437947 
437949 
175818 
175822 
175823 
175824 
175825 
175826 
175827 
175828 
175829 
175893 
175895 
175897 
175899 
438060 
175935 
175937 
175939 
175941 
438086 
175991 
175993 
175995 
175997 
176040 
438185 
176042 
176044 
438189 
176046 
176054 
176056 
176057 
176058 
438203 
176060 
176061 
438207 
176065 
438209 
438211 
176068 
438213 
176070 
438214 
176071 
438215 
176072 
438216 
438217 
176074 
438218 
438220 
438222 
438224 
438225 
176082 
438228 
176085 
176086 
438230 
438231 
438232 
176089 
438233 
438234 
438235 
176092 
438236 
176093 
438237 
438238 
438239 
176096 
438240 
438241 
438242 
176099 
438243 
176100 
438244 
438245 
438246 
176103 
438248 
176106 
438250 
176107 
438252 
438253 
438256 
438258 
438259 
438260 
438263 
438265 
438266 
438281 
438283 
438285 
438287 
438288 
438290 
438291 
438292 
438294 
438302 
438303 
438305 
438307 
438308 
438309 
438310 
438312 
438314 
438315 
438318 
438322 
438331 
438333 
438335 
438347 
438349 
438359 
438360 
438362 
438379 
438380 
438381 
438382 
438383 
438384 
438385 
438400 
438401 
438402 
438403 
438404 
438405 
438406 
438407 
438410 
438412 
438413 
438442 
438444 
438446 
438448 
438449 
438451 
438453 
438455 
438456 
438459 
438461 
438462 
438491 
438495 
438498 
438500 
438502 
438504 
438505 
438511 
438512 
438513 
438514 
438515 
438516 
438517 
438518 
438527 
438529 
438531 
438540 
438541 
438542 
438543 
438544 
438545 
438546 
176406 
176410 
438554 
438555 
176412 
438556 
176413 
438558 
176416 
176417 
176418 
176419 
438563 
176420 
176421 
176422 
176423 
176424 
176425 
176426 
176427 
176428 
176429 
176430 
176431 
176433 
176434 
176437 
176438 
438596 
438599 
438600 
438601 
438602 
438603 
438609 
438613 
438632 
176496 
176497 
176500 
176501 
438645 
438646 
438649 
438652 
438658 
438662 
438681 
438694 
438695 
438696 
438697 
438699 
438700 
176567 
176571 
176572 
438716 
176573 
438717 
176574 
176575 
438719 
176576 
176577 
176578 
438723 
438724 
438725 
438726 
438727 
176642 
176644 
176646 
176648 
438800 
438802 
438804 
438821 
438822 
438824 
176684 
438828 
438829 
176686 
438831 
176688 
176689 
176690 
176740 
176742 
176744 
176746 
176789 
176791 
176793 
176795 
176803 
176805 
176806 
176807 
176809 
176810 
176814 
176817 
176819 
176820 
176821 
176823 
176828 
176831 
176834 
176835 
176838 
176841 
176842 
176845 
176848 
176849 
176852 
176855 
176856 
439067 
439071 
439089 
439091 
439093 
439095 
439097 
439099 
439100 
439104 
439106 
439107 
439110 
439112 
439113 
439114 
439115 
439116 
439117 
439118 
439119 
439120 
439121 
439122 
439123 
439124 
439125 
439126 
439127 
439128 
439130 
439132 
439134 
439135 
439136 
439138 
439140 
439141 
439142 
439145 
439147 
439148 
439163 
439165 
439167 
439169 
439170 
439172 
439173 
439174 
439176 
439184 
439187 
439189 
439190 
439191 
439192 
439194 
439196 
439197 
439200 
439204 
439213 
177070 
439214 
439215 
439216 
439217 
439218 
439229 
439231 
439241 
439242 
439243 
439244 
439245 
439261 
439262 
439263 
439264 
439265 
439266 
439267 
439282 
439283 
439284 
439285 
439286 
439287 
439288 
177155 
177159 
177161 
177162 
177165 
177166 
177167 
177168 
177169 
177170 
177171 
177172 
177173 
177174 
177175 
177176 
177177 
177178 
177179 
177180 
439324 
177182 
439326 
177183 
439328 
177186 
439330 
177187 
439331 
439333 
439335 
439337 
439338 
439341 
439343 
439344 
439380 
439382 
439384 
439386 
177245 
177246 
177250 
439394 
439395 
439396 
439397 
439398 
439399 
439400 
439409 
439411 
439413 
439422 
439423 
439424 
439425 
439426 
439427 
439428 
439437 
439438 
439440 
177316 
177320 
177321 
177322 
177323 
177324 
177325 
177326 
177327 
439478 
439482 
439485 
439491 
439495 
439514 
439517 
439527 
439531 
439534 
177391 
439536 
177393 
177395 
439540 
177397 
177433 
439577 
439578 
177435 
439579 
177437 
439581 
439582 
177439 
439598 
439599 
439601 
439605 
439606 
439607 
439608 
439609 
177489 
177491 
177493 
177495 
439650 
177538 
439682 
177540 
439684 
177542 
439686 
177544 
177552 
177554 
177555 
177556 
177558 
177559 
439703 
439704 
439706 
177563 
177566 
439710 
439711 
177568 
177569 
439713 
177570 
177572 
177573 
177580 
177583 
177584 
177587 
177590 
177591 
177594 
177597 
177598 
177601 
177604 
177605 
439823 
439889 
439947 
439949 
439953 
439971 
439973 
439975 
439977 
439978 
439979 
439981 
439982 
439985 
439988 
439989 
439990 
439992 
439994 
439995 
439996 
439997 
439998 
439999 
440000 
440001 
440002 
440003 
440004 
440005 
440006 
440007 
440008 
440009 
440010 
440012 
440014 
440016 
440017 
440020 
440022 
440023 
440024 
440027 
440029 
440030 
440045 
440047 
177904 
440049 
440051 
177908 
440052 
177910 
440054 
177911 
440055 
440056 
177914 
440058 
177915 
177916 
177917 
177918 
177919 
177920 
177921 
177922 
440066 
177923 
177924 
177925 
440069 
177926 
177927 
440071 
177928 
440072 
177929 
440073 
440074 
177931 
177932 
440076 
440078 
177935 
440079 
177936 
440082 
440086 
440095 
440097 
440099 
440111 
440113 
440123 
440124 
440126 
177995 
177999 
440143 
440144 
440145 
440146 
440147 
440148 
440149 
440156 
440164 
440165 
440166 
440167 
440168 
440169 
440170 
440174 
440176 
440206 
440208 
178065 
440210 
440212 
178069 
440213 
178070 
178071 
440215 
178072 
178073 
440217 
178074 
178075 
440219 
178076 
440220 
440223 
440225 
440226 
440262 
440264 
440266 
440268 
440275 
440276 
440277 
440278 
440279 
440280 
440281 
440282 
178140 
178142 
178144 
178146 
440291 
440293 
440294 
440295 
440303 
440304 
440305 
440306 
440307 
440308 
440309 
440310 
440317 
440319 
440320 
440321 
440322 
440324 
178182 
440327 
178184 
178186 
178188 
440360 
440364 
440367 
440371 
440373 
440377 
178238 
178240 
178242 
178244 
440396 
440399 
440409 
440410 
440413 
440416 
440418 
440422 
178287 
178289 
178291 
178293 
178301 
178303 
178304 
178305 
178307 
178308 
178312 
178315 
440459 
440460 
178317 
440461 
178318 
178319 
440463 
440464 
178321 
178322 
178329 
178332 
178333 
178336 
440480 
440481 
178339 
440483 
178340 
178343 
440487 
440488 
440489 
178346 
440490 
178347 
440491 
178350 
178353 
178354 
440502 
440564 
440566 
440568 
440585 
440586 
440588 
440592 
440593 
440595 
178652 
178653 
178657 
178659 
178660 
178663 
178664 
178665 
178666 
178667 
178668 
178669 
178670 
178671 
178672 
178673 
178674 
178675 
178676 
178677 
178678 
178680 
178681 
178682 
178684 
178685 
440831 
440835 
440853 
440855 
440857 
440859 
440861 
440863 
440864 
440870 
440871 
440874 
440876 
440877 
440878 
440879 
440880 
440881 
440882 
440883 
440884 
440885 
440886 
440887 
178744 
440888 
440889 
178746 
440890 
178747 
440891 
178748 
440892 
440894 
440896 
440898 
440899 
440902 
440904 
440905 
440906 
440908 
440909 
440911 
440912 
440927 
440929 
440931 
440933 
440934 
440936 
440938 
440940 
440948 
440951 
440953 
440954 
440955 
178814 
440958 
440960 
440961 
178818 
178819 
178820 
440964 
178821 
178822 
178823 
178824 
440968 
178825 
440977 
440978 
440979 
440981 
440982 
440993 
440995 
441005 
441006 
441007 
441008 
441009 
441025 
441026 
441027 
441028 
441029 
441030 
441031 
178889 
178891 
178893 
178895 
441046 
441047 
441048 
441049 
441050 
441051 
441052 
178931 
178933 
178935 
178937 
441088 
441089 
441090 
441092 
441094 
441095 
441097 
441099 
441101 
441102 
441105 
441107 
441108 
178987 
178989 
178991 
178993 
441144 
441146 
441148 
441150 
441158 
441159 
441160 
441161 
441162 
441163 
441164 
441173 
441175 
441176 
441177 
179036 
179038 
179040 
179042 
441186 
441187 
441188 
441189 
441190 
441191 
441192 
179050 
179052 
179053 
179054 
179056 
179057 
441201 
441202 
441204 
179061 
179064 
179066 
179067 
179068 
179070 
179071 
441219 
179078 
179081 
179082 
179085 
179088 
179089 
179092 
179095 
179096 
441242 
179099 
179102 
441246 
179103 
441247 
441249 
441253 
441255 
441258 
441259 
441261 
441262 
441278 
441291 
441295 
441298 
441304 
441308 
441327 
441340 
441341 
441342 
441343 
441345 
441346 
441355 
441362 
441363 
441365 
441369 
441370 
441371 
441372 
441373 
441394 
441446 
441448 
441450 
441467 
441468 
441470 
441471 
441474 
441475 
441477 
179402 
179405 
179406 
179408 
179409 
179412 
179413 
179414 
179415 
179416 
179417 
179418 
179419 
179420 
179421 
179422 
179423 
179424 
179425 
179426 
179427 
179429 
179430 
179433 
179434 
441630 
179492 
179493 
179497 
179563 
179567 
179568 
179569 
441713 
179570 
179571 
179572 
179573 
441717 
179574 
441735 
441737 
441739 
441741 
441743 
441745 
441746 
441749 
441752 
441753 
441756 
441758 
441759 
441760 
441761 
441762 
441763 
441764 
441765 
441766 
441767 
441768 
441769 
441770 
441771 
441772 
441773 
441774 
441776 
441778 
441780 
441781 
179638 
179640 
441784 
179642 
441786 
441787 
179644 
441788 
441790 
441791 
441792 
441793 
441794 
441809 
441811 
441813 
441815 
441816 
441818 
441820 
441822 
179680 
179682 
179684 
179686 
441830 
441833 
441835 
441836 
441837 
441840 
441842 
441843 
441846 
441850 
441859 
441860 
441861 
441863 
441875 
441877 
179736 
179738 
179740 
179742 
441887 
441888 
441889 
441890 
441907 
441908 
441909 
441910 
441911 
441912 
441913 
441928 
179785 
441929 
441930 
179787 
441931 
441932 
179789 
441933 
441934 
179791 
179792 
179799 
179801 
179802 
179803 
179805 
179806 
179810 
179813 
179815 
179816 
179817 
179819 
441970 
179827 
441972 
179830 
441974 
179831 
441976 
441977 
179834 
441979 
179837 
441981 
179838 
441983 
441984 
179841 
441987 
179844 
179845 
441989 
441990 
179848 
179851 
179852 
442026 
442028 
442030 
442032 
442033 
442040 
442041 
442042 
442043 
442044 
442045 
442046 
442055 
442057 
442059 
442068 
442069 
442070 
442071 
442072 
442073 
442074 
442083 
442084 
442086 
442092 
442124 
442126 
442128 
442131 
442135 
442137 
442141 
442144 
442160 
442161 
442163 
442173 
442177 
442180 
442186 
442190 
442209 
442222 
442223 
442224 
442225 
442226 
442227 
442228 
442244 
442245 
442247 
442250 
442251 
442252 
442253 
442254 
442255 
180150 
180151 
442298 
180155 
180157 
180158 
180161 
180162 
180163 
180164 
180165 
180166 
180167 
442311 
180168 
180169 
180170 
180171 
180172 
180173 
180174 
180175 
180176 
180178 
180179 
180182 
180183 
442328 
442330 
442332 
442349 
442350 
442352 
442356 
442357 
442359 
180242 
180246 
442442 
180312 
180316 
180317 
180318 
180319 
180320 
180321 
180322 
180323 
442469 
442470 
442473 
442480 
442496 
442500 
442515 
442519 
442522 
180387 
180389 
180391 
180393 
180429 
180431 
180433 
180435 
442595 
442596 
442599 
442612 
442615 
442617 
442619 
442621 
442623 
442624 
442625 
442626 
442627 
442628 
180485 
180487 
442631 
180489 
442633 
442634 
180491 
442635 
442636 
442638 
442640 
442641 
442642 
442643 
442644 
442645 
442646 
442647 
442648 
442649 
442650 
442651 
442652 
442653 
442654 
442655 
442656 
442658 
442660 
442662 
442663 
442666 
442668 
442669 
442670 
442673 
442675 
442676 
180534 
180536 
180538 
180540 
442691 
180548 
442693 
180550 
180551 
442695 
180552 
442697 
180554 
442698 
180555 
442700 
442701 
442702 
180559 
442704 
180562 
180564 
180565 
180566 
180568 
442712 
442715 
442717 
442718 
442719 
180576 
442720 
442722 
180579 
180580 
442724 
442725 
180583 
442728 
442729 
180586 
180587 
442732 
180590 
180593 
180594 
180597 
442741 
442743 
180600 
180601 
442745 
442755 
442757 
442759 
442769 
442770 
442772 
442789 
442790 
442791 
442792 
442793 
442794 
442795 
442810 
442811 
442812 
442813 
442814 
442815 
442816 
442852 
442854 
442856 
442858 
442859 
442861 
442863 
442865 
442866 
442869 
442871 
442872 
442908 
442910 
442912 
442914 
442922 
442923 
442924 
442925 
442926 
442927 
442928 
442937 
442939 
442941 
442950 
442951 
442952 
442953 
442954 
442955 
442956 
442964 
442965 
442966 
442968 
442970 
443006 
443010 
443012 
443013 
443016 
443018 
443019 
443023 
443042 
180900 
180904 
180906 
180907 
180910 
180911 
443055 
180912 
180913 
180914 
180915 
443059 
180916 
180917 
180918 
443062 
180919 
180920 
180921 
180922 
180923 
180924 
443068 
180925 
180927 
180928 
443072 
180929 
180931 
180932 
443091 
443105 
443106 
443107 
443109 
443110 
443126 
443127 
443129 
443133 
443134 
180991 
443135 
443136 
443137 
443138 
180995 
181061 
181065 
181066 
443210 
181067 
181068 
443212 
181069 
181070 
443214 
181071 
181072 
443231 
443232 
443233 
443234 
443235 
443238 
443239 
443241 
181136 
181138 
181140 
181142 
181178 
181180 
181182 
181184 
181234 
181236 
181237 
181238 
181240 
181283 
181285 
181287 
181289 
181297 
181299 
181300 
181301 
181303 
181304 
181308 
181311 
181313 
181314 
181315 
181317 
181325 
181328 
181329 
181332 
443477 
181335 
181336 
443481 
181339 
181342 
181343 
181346 
181349 
181350 
443499 
443501 
443503 
443505 
443506 
443507 
443508 
443509 
443510 
443513 
443515 
443516 
443517 
443518 
443520 
443521 
443522 
443523 
443524 
443525 
443526 
443527 
443528 
443529 
443530 
443531 
443532 
443533 
443534 
443535 
443536 
443537 
443538 
443540 
443542 
443544 
443545 
443548 
443550 
443551 
443552 
443555 
443557 
443558 
443573 
443575 
443576 
443577 
443579 
443580 
443582 
443583 
443584 
443586 
443594 
443597 
443599 
443600 
443601 
443602 
443604 
443606 
443607 
443610 
443614 
443623 
443625 
443627 
443639 
443641 
443651 
443652 
443654 
443671 
443672 
443673 
443674 
443675 
443676 
443677 
443692 
443693 
443694 
443695 
443696 
443697 
443698 
443734 
443736 
443738 
443740 
443741 
443743 
443745 
443747 
443748 
443751 
443753 
443754 
443790 
443792 
181649 
443794 
443796 
181653 
443797 
181654 
181655 
181656 
181659 
181660 
443804 
181661 
443805 
181662 
443806 
181663 
443807 
181664 
443808 
181665 
443809 
181666 
443810 
181667 
181668 
181669 
181670 
181671 
181672 
181673 
181674 
443819 
181676 
181677 
443821 
443823 
181680 
181681 
443832 
443833 
443834 
443835 
443836 
443837 
443838 
443847 
443848 
443850 
443855 
181740 
181744 
443888 
443892 
443895 
443899 
443901 
443903 
443904 
443905 
443907 
443924 
443937 
443941 
443944 
443946 
443950 
181810 
443954 
181814 
181815 
181816 
181817 
181818 
181819 
181820 
181821 
443973 
443987 
443988 
443989 
443991 
443992 
444008 
444009 
444011 
444015 
444016 
444017 
444018 
444019 
181885 
181887 
181889 
181891 
181927 
181929 
181931 
181933 
444086 
444092 
444094 
444095 
444096 
444113 
444114 
444115 
444116 
444117 
444120 
444121 
444123 
181983 
181985 
181986 
181987 
181989 
182032 
182034 
182036 
182038 
182046 
182048 
182049 
182050 
182052 
182053 
182057 
182060 
182062 
182063 
182064 
182066 
182074 
182077 
182078 
182081 
182084 
182085 
182088 
182091 
182092 
182095 
182098 
182099 
444359 
444363 
444381 
444383 
444385 
444387 
444388 
444389 
444391 
444392 
444398 
444399 
444402 
444404 
444405 
444406 
444407 
444408 
444409 
444410 
444411 
444412 
444413 
444414 
444415 
444416 
444417 
444418 
444419 
444420 
444422 
444424 
444426 
444427 
444428 
444430 
444432 
444433 
444434 
444437 
444439 
444440 
444455 
444457 
444459 
444461 
444462 
444464 
444465 
444466 
444468 
444476 
444479 
444481 
444482 
444483 
444484 
444486 
444488 
444489 
444492 
444496 
444505 
444506 
444507 
444508 
444509 
444521 
444523 
444533 
444534 
444535 
444536 
182398 
182402 
182403 
182404 
182405 
182408 
182409 
444553 
182410 
444554 
182411 
444555 
182412 
444556 
182413 
444557 
182414 
444558 
182415 
444559 
182416 
182417 
182418 
182419 
182420 
182421 
182422 
182423 
182425 
182426 
182427 
182429 
182430 
444574 
444575 
444576 
444577 
444578 
444579 
444580 
444584 
444586 
444587 
444616 
444618 
444620 
444622 
444623 
444625 
444627 
444629 
444630 
182489 
444633 
444635 
182492 
444636 
182493 
444665 
444672 
444674 
444676 
444678 
444686 
444687 
444688 
444689 
444690 
444691 
444692 
444700 
444701 
182559 
444703 
444704 
444705 
182563 
182564 
182565 
182566 
182567 
182568 
182569 
182570 
444714 
444715 
444716 
444717 
444718 
444719 
444720 
444729 
444730 
444732 
444770 
444774 
444776 
444777 
182634 
444779 
182636 
444781 
182638 
444782 
444783 
182640 
444786 
444787 
444790 
444792 
444806 
444808 
444810 
444819 
182676 
444820 
444821 
182678 
444823 
182680 
444824 
182681 
182682 
444826 
444830 
444832 
444855 
444868 
444869 
444870 
444871 
444872 
444873 
444874 
182732 
182734 
182735 
182736 
182738 
444890 
444891 
444893 
444896 
444897 
444898 
444899 
444900 
444901 
444902 
182781 
182783 
182785 
182787 
182792 
182795 
444940 
182797 
182798 
182799 
444944 
182801 
182802 
182806 
182809 
182811 
182812 
182813 
182815 
182823 
182826 
182827 
182830 
444974 
444976 
182833 
182834 
444978 
182837 
182840 
182841 
182844 
182847 
182848 
444995 
444996 
444998 
445002 
445003 
445005 
445165 
445181 
445188 
445241 
445245 
445263 
445265 
445267 
445269 
445270 
445271 
445273 
445274 
445280 
445281 
445282 
445283 
445284 
445286 
445287 
445288 
445289 
445290 
183147 
445291 
445292 
445293 
445294 
183151 
445295 
445296 
183153 
445297 
183154 
445298 
445299 
445300 
183157 
445301 
183158 
445302 
183159 
183160 
445304 
183161 
183162 
445306 
183163 
183164 
445308 
183165 
445309 
183166 
183167 
183168 
445312 
183169 
183170 
445314 
183171 
445315 
183172 
445316 
183174 
183175 
445319 
445321 
183178 
445322 
183179 
445337 
445339 
445341 
445343 
445344 
445346 
445348 
445350 
445358 
445361 
445363 
445364 
445365 
445366 
445368 
445370 
445371 
445374 
445378 
183238 
183241 
183242 
445387 
445388 
445389 
445391 
445403 
445405 
445415 
445416 
445418 
445435 
445436 
445437 
445438 
445439 
445440 
445441 
445444 
445446 
445448 
183308 
183312 
445456 
183313 
445457 
183314 
445458 
183315 
445459 
183316 
445460 
183317 
445461 
183318 
445462 
183319 
445498 
445500 
445502 
445504 
445505 
445507 
445509 
445511 
445512 
445515 
445517 
445518 
183383 
183385 
183387 
183389 
445554 
445556 
445558 
445560 
445568 
183425 
445569 
445570 
183427 
445571 
445572 
183429 
445573 
445574 
183431 
445582 
445583 
445585 
445587 
445596 
445597 
445598 
445599 
445600 
445601 
445602 
445610 
445611 
445612 
445614 
183481 
183483 
183485 
183487 
445641 
445652 
445653 
445656 
445657 
445659 
445662 
445663 
445665 
445669 
183530 
183532 
183534 
183536 
183537 
183544 
445688 
183546 
183547 
183548 
183550 
183551 
183555 
445701 
183558 
183560 
183561 
445705 
183562 
183564 
445708 
183565 
445714 
183572 
183575 
183576 
183579 
183582 
183583 
183586 
183589 
183590 
183593 
183596 
183597 
445751 
445752 
445753 
445755 
445756 
445772 
445773 
445775 
445779 
445780 
445781 
445782 
445783 
445794 
445807 
445811 
445815 
445824 
445856 
445858 
445860 
445877 
445878 
445879 
445880 
445881 
445884 
445885 
445887 
446026 
183896 
446043 
183900 
183902 
183903 
183904 
183906 
183907 
183908 
183909 
183910 
183911 
183912 
183913 
183914 
183915 
183916 
183917 
183918 
183919 
183920 
183921 
183923 
183924 
183927 
183928 
446114 
446120 
446123 
446124 
446127 
183987 
183989 
183991 
446145 
446147 
446149 
446151 
446153 
446155 
446156 
446159 
446161 
446162 
446163 
446164 
446166 
446167 
446168 
446169 
446170 
446171 
446172 
446173 
446174 
446175 
446176 
446177 
446178 
446179 
446180 
446181 
446182 
446183 
446184 
446186 
446188 
446190 
446191 
446194 
446196 
446197 
446198 
184057 
446201 
446203 
446204 
184061 
184062 
184063 
184064 
184065 
184066 
184067 
184068 
446219 
446221 
446222 
446223 
446225 
446226 
446228 
446229 
446230 
446232 
446240 
446243 
446245 
446246 
446247 
446248 
446250 
446252 
446253 
446256 
446260 
446269 
446270 
446271 
446273 
446274 
184132 
184134 
184136 
184138 
446285 
446287 
446297 
446298 
446300 
446317 
184174 
446318 
446319 
184176 
446320 
446321 
184178 
446322 
446323 
184180 
446338 
446339 
446340 
446341 
446342 
446343 
446344 
446348 
184230 
184232 
184233 
184234 
184236 
446380 
446382 
446384 
446386 
446387 
446389 
446391 
446393 
446394 
446397 
446399 
446400 
184279 
184281 
184283 
184285 
446436 
184293 
446438 
184295 
184296 
446440 
184297 
446442 
184299 
184300 
184304 
446450 
184307 
446451 
446452 
184309 
446453 
184310 
446454 
184311 
446455 
446456 
184313 
184321 
446465 
446467 
184324 
184325 
446469 
446471 
184328 
184331 
184332 
446477 
446478 
184335 
446479 
446480 
446481 
184338 
446482 
184339 
446483 
446484 
184342 
184345 
184346 
446493 
446494 
446496 
446534 
446538 
446541 
446544 
446545 
446547 
446550 
446551 
446554 
446570 
446572 
446574 
446583 
446587 
446590 
446596 
446619 
446633 
446634 
446635 
446637 
446638 
446654 
446655 
446657 
446660 
446661 
446662 
446663 
446664 
446665 
446666 
446681 
446688 
446693 
446695 
446699 
446701 
446702 
446708 
446738 
446740 
446742 
446759 
446760 
446762 
446766 
446767 
446769 
184645 
184648 
184649 
184651 
184652 
184655 
184656 
184657 
184658 
184659 
184660 
184661 
184662 
184663 
184664 
184665 
184666 
184667 
184668 
184669 
184670 
184672 
184673 
184674 
184676 
184677 
184734 
184735 
184736 
184739 
184740 
446906 
446921 
446928 
446929 
446948 
184806 
184810 
184811 
184812 
184813 
184814 
184815 
184816 
184817 
447005 
447009 
447024 
184881 
184883 
447027 
184885 
447029 
447030 
184887 
447031 
447033 
447035 
447037 
447038 
447044 
447045 
447046 
447048 
447050 
447051 
447052 
447053 
447054 
447055 
447056 
447057 
447058 
447059 
447060 
447061 
447062 
447063 
447064 
447065 
447066 
184923 
447068 
184925 
447070 
184927 
447071 
447072 
184929 
447073 
447076 
447078 
447079 
447080 
447082 
447083 
447084 
447085 
447086 
447101 
447103 
447105 
447107 
447108 
447110 
447112 
447114 
447122 
184979 
184981 
447125 
184983 
447127 
447128 
184985 
447129 
447132 
447134 
447135 
447138 
447142 
447151 
447153 
447155 
447167 
447169 
185028 
185030 
185032 
185034 
447179 
447180 
447182 
185042 
185044 
185045 
185046 
185048 
185049 
185053 
447199 
185056 
447200 
447201 
185058 
447202 
185059 
447203 
185060 
447204 
447205 
185062 
447208 
185070 
185073 
185074 
447220 
185077 
447221 
447222 
447223 
185080 
447224 
185081 
447225 
447226 
185084 
447230 
185087 
185088 
185091 
185094 
185095 
447262 
447264 
447266 
447268 
447269 
447271 
447273 
447275 
447276 
447278 
447279 
447281 
447282 
447318 
447320 
447322 
447324 
447328 
447331 
447332 
447333 
447334 
447335 
447336 
447337 
447338 
447346 
447347 
447348 
447349 
447350 
447351 
447360 
447361 
447362 
447363 
447364 
447365 
447366 
447374 
447375 
447376 
447378 
447380 
447416 
447420 
447423 
447426 
447428 
447429 
447433 
447452 
447465 
447469 
447472 
447478 
447515 
447516 
447517 
447519 
447520 
447536 
185393 
447537 
185394 
447538 
447539 
447541 
185398 
447542 
185399 
447543 
185400 
447544 
185401 
447545 
447546 
447547 
185404 
447548 
185405 
185406 
185407 
185408 
185409 
185410 
185411 
185412 
185413 
185414 
185415 
185416 
185417 
185418 
185419 
185421 
185422 
185425 
185426 
447571 
447575 
447588 
447620 
447622 
447624 
185484 
185485 
185489 
447641 
447642 
447644 
447645 
447648 
447649 
447651 
185555 
185559 
185560 
185561 
185562 
185563 
185564 
185565 
185566 
447772 
185630 
185632 
185634 
185636 
447799 
447803 
447807 
447814 
185672 
185674 
185676 
185678 
185728 
185730 
185731 
185732 
185734 
447887 
447888 
447891 
447909 
447911 
447913 
447915 
447917 
447919 
447920 
185777 
185779 
185781 
447926 
185783 
447927 
447930 
447932 
447933 
447934 
185791 
447935 
447936 
185793 
447937 
185794 
447938 
185795 
447939 
447940 
185797 
447941 
185798 
447942 
447943 
447944 
447945 
185802 
447946 
447947 
447948 
185805 
447949 
447950 
185807 
185808 
447952 
185809 
447954 
185811 
447955 
185812 
447958 
447960 
447961 
447962 
185819 
447965 
185822 
185823 
447967 
447968 
185826 
185829 
185830 
185833 
185836 
185837 
447983 
185840 
447985 
447986 
185843 
447987 
185844 
447989 
447990 
447992 
447994 
447996 
448004 
448007 
448009 
448010 
448011 
448012 
448014 
448016 
448017 
448020 
448024 
448033 
448035 
448037 
448049 
448051 
448061 
448062 
448064 
448081 
448082 
448083 
448084 
448085 
448086 
448087 
448090 
448094 
448102 
448103 
448104 
448105 
448106 
448107 
448108 
448144 
448146 
448148 
448150 
448151 
448153 
448155 
448157 
448158 
448161 
448163 
448164 
448200 
448202 
448204 
448206 
186069 
448214 
448215 
448216 
448217 
448218 
448219 
448220 
448229 
448231 
448232 
448233 
448242 
448243 
448244 
448245 
448246 
448247 
448248 
448257 
448258 
448260 
448266 
448269 
448285 
186143 
448289 
186147 
186149 
186150 
186153 
186154 
448298 
186155 
186156 
448300 
186157 
186158 
448302 
186159 
186160 
186161 
448305 
186162 
186163 
186164 
186165 
186166 
186167 
448311 
186168 
448313 
186170 
186171 
448315 
448317 
186174 
186175 
448334 
448337 
448347 
448348 
448351 
448354 
448360 
448364 
186234 
186236 
186238 
448397 
448398 
448399 
448401 
448402 
448418 
448419 
448421 
448424 
448425 
448426 
448427 
448428 
448429 
186304 
186308 
186309 
186310 
186311 
186312 
186313 
186314 
186315 
448470 
448491 
448502 
448504 
448506 
448522 
186379 
448523 
448524 
186381 
448526 
186383 
448527 
186385 
448530 
448531 
448533 
186421 
186423 
186425 
186426 
186427 
186477 
186479 
186480 
186481 
186483 
186526 
186528 
186530 
186532 
186540 
186542 
186543 
186544 
186546 
186547 
186551 
186554 
186555 
186556 
186557 
186558 
186560 
186568 
186571 
186572 
186575 
186578 
186579 
186582 
186585 
186586 
186589 
186592 
186593 
448769 
448773 
448789 
448791 
448793 
448795 
448797 
448798 
448799 
448801 
448802 
448808 
448809 
448812 
448814 
448815 
448816 
448817 
448818 
448819 
448820 
448821 
448822 
448823 
448824 
448825 
448826 
448827 
448828 
448829 
448830 
448832 
448834 
448836 
448837 
448840 
448842 
448843 
448844 
448847 
448849 
448850 
448865 
448867 
448869 
448871 
448872 
448874 
448875 
448876 
448878 
448886 
448889 
448891 
448892 
448893 
448894 
448896 
448898 
448899 
448902 
448903 
448906 
448915 
448917 
448919 
448931 
448933 
448943 
448944 
448945 
448946 
448948 
448963 
448964 
448965 
448966 
448967 
448968 
448969 
448984 
448985 
448986 
448987 
448988 
448989 
448990 
449026 
449028 
449030 
449032 
449033 
449035 
186892 
449037 
449039 
186896 
449040 
186898 
186899 
449043 
449045 
186902 
449046 
186903 
186904 
186905 
186906 
186907 
186908 
186909 
186910 
186911 
186912 
186913 
186914 
186915 
186916 
186917 
186919 
186920 
186923 
186924 
449079 
449082 
449084 
449086 
449088 
449096 
449097 
449098 
449099 
449100 
449101 
449102 
449111 
449113 
449114 
449115 
449124 
186981 
449125 
449126 
186983 
449127 
449128 
186985 
449129 
449130 
186987 
449139 
449140 
449142 
449180 
449181 
449184 
449187 
449193 
187053 
449197 
187057 
187058 
187059 
187060 
187061 
187062 
187063 
187064 
449216 
449217 
449229 
449231 
449233 
449236 
449242 
449246 
187128 
187130 
187132 
187134 
449278 
449279 
449280 
449281 
449283 
449284 
449300 
449301 
449303 
449306 
449307 
449308 
449309 
449310 
449311 
449312 
187170 
187172 
187174 
187176 
187226 
187228 
187230 
187232 
449384 
449386 
449388 
449405 
449406 
449408 
449412 
449413 
449415 
187275 
187277 
187279 
187281 
187289 
187291 
187292 
187293 
187295 
187296 
187300 
187303 
187305 
187306 
187307 
187309 
187317 
187320 
187321 
187324 
187327 
187328 
187331 
187334 
187335 
187338 
187341 
187342 
449568 
449587 
449589 
449594 
449651 
449652 
449655 
449671 
449673 
449675 
449676 
449677 
449679 
449681 
449683 
449684 
449688 
449690 
449691 
449694 
449696 
449697 
449698 
449699 
449700 
449701 
449702 
449703 
449704 
449705 
449706 
449707 
449708 
449709 
449710 
449711 
449712 
449714 
449716 
449718 
449719 
449720 
449721 
449722 
449723 
449724 
449725 
449726 
449729 
449730 
449731 
449732 
449747 
449749 
449750 
449751 
449753 
449754 
449756 
449757 
449758 
449760 
449768 
449769 
449771 
449773 
449774 
449775 
449776 
449778 
449780 
449781 
187640 
449784 
187641 
449788 
187645 
187646 
187647 
187648 
187651 
187652 
187653 
449797 
187654 
449798 
187655 
449799 
187656 
187657 
449801 
187658 
449802 
187659 
187660 
187661 
187662 
187663 
187664 
187665 
187666 
187668 
187669 
449813 
449815 
187672 
187673 
449825 
449826 
449828 
449845 
449846 
449847 
449848 
449849 
449850 
449851 
449866 
449867 
449868 
449869 
449870 
449871 
449872 
187730 
187732 
187735 
187736 
449908 
449910 
449912 
449914 
449915 
449917 
449919 
449921 
449922 
449923 
449924 
449925 
449927 
449928 
187802 
187806 
187807 
187808 
187809 
187810 
187811 
187812 
187813 
449957 
449963 
449964 
449966 
449968 
449970 
449971 
449974 
449976 
449977 
449978 
449979 
449980 
449981 
449982 
449983 
449984 
449993 
449995 
449997 
449999 
450001 
450003 
450006 
450007 
450008 
450009 
450010 
450011 
450012 
187877 
450021 
450022 
187879 
450024 
187881 
187883 
450062 
187919 
450063 
187921 
450066 
187923 
187925 
450069 
450075 
450077 
450079 
450098 
450100 
450111 
450115 
450118 
187975 
187977 
187979 
450124 
187981 
450160 
450161 
450162 
450163 
450164 
450165 
450166 
188024 
188026 
188028 
188030 
188035 
188038 
450182 
450183 
188040 
188041 
450185 
188042 
188044 
188045 
450189 
450190 
450191 
450192 
188049 
450193 
188052 
188054 
188055 
188056 
188058 
188066 
188069 
188070 
188073 
188076 
188077 
188080 
188083 
188084 
188087 
188090 
188091 
450264 
450266 
450268 
450270 
450287 
450288 
450290 
450294 
450295 
450297 
188306 
450476 
450533 
188390 
450534 
450537 
188394 
188396 
188397 
188400 
188401 
188402 
188403 
188404 
188405 
188406 
188407 
188408 
188409 
188410 
188411 
450555 
188412 
188413 
450557 
188414 
188415 
450559 
188417 
450561 
188418 
188419 
450563 
188421 
450565 
188422 
450566 
450572 
450573 
450576 
450578 
450579 
450580 
450581 
450582 
450583 
450584 
450585 
450586 
450587 
450588 
450589 
450590 
450591 
450592 
450593 
450594 
450596 
450598 
450600 
450601 
450604 
450606 
450607 
450608 
450611 
450613 
450614 
188480 
188481 
188484 
188485 
450629 
450631 
450633 
450635 
450636 
450638 
450639 
450640 
450642 
450650 
450653 
450655 
450656 
450657 
450658 
450660 
450662 
450663 
450666 
450670 
450679 
450680 
450681 
450683 
450684 
188551 
450695 
450697 
188555 
188556 
188557 
188558 
188559 
188560 
188561 
188562 
450706 
450707 
450708 
450709 
450710 
450711 
450727 
450728 
450729 
450730 
450731 
450732 
450733 
450748 
450749 
450750 
450751 
450752 
450753 
450754 
188626 
188628 
188630 
188632 
450790 
450791 
450792 
450794 
450795 
450796 
450797 
450799 
450801 
450803 
450804 
450806 
450807 
450808 
450809 
450810 
188668 
188670 
188672 
188673 
188674 
450839 
450843 
450846 
450848 
450850 
450852 
450853 
450859 
450860 
450861 
450862 
450863 
450864 
450865 
450866 
188724 
188726 
188728 
188730 
450874 
450875 
450877 
450878 
450879 
450888 
450889 
450890 
450891 
450892 
450893 
450894 
450903 
450904 
450906 
188773 
188775 
188777 
188779 
188780 
188784 
188787 
188789 
188790 
188791 
188793 
188794 
188798 
450944 
188801 
450945 
450946 
188803 
188804 
450948 
188805 
450949 
188807 
450951 
450954 
188812 
450957 
188815 
450961 
188818 
188819 
450963 
188822 
188825 
188826 
188829 
188832 
188833 
188836 
450980 
450982 
188839 
450983 
188840 
450993 
450994 
450997 
451000 
451006 
451043 
451044 
451045 
451047 
451048 
451064 
451065 
451067 
451071 
451072 
451073 
451074 
451075 
451102 
451109 
451119 
451140 
451148 
451150 
451152 
451169 
451170 
451172 
451176 
451177 
451179 
189139 
189143 
189144 
189145 
189146 
189149 
189150 
189151 
189152 
189153 
189154 
189155 
189156 
189157 
189158 
189159 
189160 
189161 
189162 
189163 
189164 
189166 
189167 
189170 
189171 
451342 
189229 
189230 
189233 
189234 
451415 
451419 
451437 
451439 
451441 
451443 
189300 
451445 
451447 
189304 
451448 
189305 
189306 
189307 
189308 
189309 
189310 
451454 
189311 
451455 
451458 
451460 
451461 
451462 
451463 
451464 
451465 
451466 
451467 
451468 
451469 
451470 
451471 
451472 
451473 
451474 
451475 
451476 
451478 
451480 
451481 
451482 
451483 
451486 
451488 
451489 
451490 
451493 
451495 
451496 
451511 
451513 
451515 
451517 
451518 
189375 
451520 
189377 
451521 
451522 
189379 
451524 
189381 
451532 
451535 
451537 
451538 
451539 
451540 
451542 
451544 
451545 
451548 
451552 
189417 
451561 
189418 
189419 
451563 
189421 
451565 
189423 
451577 
451579 
451589 
451590 
451592 
451593 
451609 
451610 
451611 
451612 
451613 
451614 
451615 
189473 
451618 
189475 
189477 
451622 
189479 
451630 
451631 
451632 
451633 
451634 
451635 
451636 
189522 
189524 
189526 
189528 
451672 
451673 
451674 
451676 
451678 
451679 
189536 
451681 
189538 
189539 
451683 
189540 
451685 
189542 
451686 
189543 
451689 
189547 
451691 
451692 
189550 
189552 
189553 
189554 
189556 
189564 
189567 
189568 
189571 
189574 
189575 
189578 
451723 
189581 
451725 
189582 
451728 
189585 
451730 
189588 
451732 
189589 
451734 
451742 
451743 
451744 
451745 
451746 
451747 
451748 
451756 
451757 
451759 
451761 
451762 
451770 
451771 
451772 
451773 
451774 
451775 
451776 
451784 
451785 
451786 
451788 
451789 
451826 
451830 
451833 
451836 
451839 
451843 
451862 
451863 
451866 
451875 
451879 
451882 
451888 
451925 
451926 
451927 
451929 
451930 
451939 
451946 
451947 
451949 
451953 
451954 
451955 
451956 
451957 
452002 
452030 
189888 
452032 
452034 
189891 
189892 
189893 
189894 
189895 
189898 
189899 
189900 
189901 
189902 
189903 
189904 
189905 
189906 
189907 
452051 
189908 
452052 
189909 
189910 
452054 
189911 
189912 
189913 
452058 
189915 
452059 
189916 
452061 
189919 
189920 
189978 
189979 
189981 
189983 
190049 
190053 
190054 
190055 
190056 
190057 
190058 
190059 
190060 
452207 
190124 
190126 
190128 
190130 
452297 
452301 
190166 
190168 
190170 
190172 
452319 
452321 
452323 
452325 
452326 
452327 
452329 
452330 
452333 
452336 
452337 
452338 
452340 
452342 
452343 
452344 
452345 
452346 
452347 
452348 
452349 
452350 
452351 
452352 
452353 
452354 
452355 
452356 
452357 
452358 
452359 
452360 
452362 
452364 
452365 
190222 
190224 
452368 
190226 
452370 
452371 
190228 
452372 
452375 
452377 
452378 
452393 
452395 
452397 
452399 
452400 
452402 
452403 
452404 
452406 
452414 
190271 
190273 
452417 
190275 
452419 
452420 
190277 
452421 
452424 
190282 
452426 
452427 
190285 
452430 
190287 
190288 
190289 
452434 
190291 
190292 
190296 
190299 
452443 
190301 
452445 
190302 
190303 
452447 
190305 
190313 
452459 
190316 
190317 
452461 
190320 
190323 
190324 
190327 
452471 
452472 
190330 
452474 
190331 
190334 
190337 
190338 
452491 
452492 
452493 
452494 
452495 
452496 
452497 
452512 
452513 
452514 
452515 
452516 
452517 
452518 
452554 
452556 
452558 
452560 
452561 
452563 
452565 
452567 
452568 
452569 
452571 
452573 
452574 
452607 
452610 
452611 
452612 
452614 
452615 
452616 
452624 
452625 
452626 
452627 
452628 
452629 
452630 
452639 
452641 
452643 
452652 
452653 
452654 
452655 
452656 
452657 
452658 
452667 
452668 
452670 
452675 
452676 
452708 
452709 
452710 
452712 
452714 
452715 
452721 
452723 
452725 
452727 
452744 
452745 
452746 
452747 
452757 
452761 
452764 
452770 
190637 
190641 
190643 
190644 
190647 
190648 
190649 
190650 
190651 
190652 
190653 
190654 
190655 
190656 
190657 
190658 
190659 
190660 
190661 
190662 
452807 
190664 
452808 
190665 
452809 
190666 
452811 
190668 
452812 
190669 
452828 
452829 
452831 
452835 
452836 
452837 
452838 
452839 
190726 
190728 
190731 
190732 
452908 
452912 
452914 
452916 
452933 
452934 
452935 
452936 
452940 
452941 
190798 
452943 
190802 
190803 
190804 
190805 
190806 
190807 
190808 
190809 
190873 
190875 
190877 
190879 
190915 
453060 
190917 
190919 
190921 
190971 
190973 
190975 
190977 
191020 
191022 
191024 
191026 
191034 
453179 
191036 
453180 
191037 
191038 
453183 
191040 
191041 
191045 
191048 
191050 
191051 
191052 
191054 
453199 
453201 
191059 
453203 
453205 
191062 
453207 
453208 
191065 
453209 
191066 
453211 
453212 
191069 
191072 
191073 
453218 
453219 
191076 
453220 
453222 
191079 
191080 
453224 
453225 
453226 
191083 
453227 
453228 
453229 
191086 
453230 
191087 
453231 
453232 
453233 
453234 
453235 
453236 
453237 
453238 
453239 
453240 
453242 
453244 
453246 
453247 
453250 
453252 
453253 
453254 
453256 
453257 
453259 
453260 
453275 
453277 
453278 
453279 
453281 
453282 
453284 
453286 
453288 
453296 
453297 
453299 
453301 
453302 
453303 
453306 
453308 
453309 
453312 
453316 
453325 
453327 
453329 
453341 
453343 
453353 
453354 
453356 
453373 
453374 
453375 
453376 
453377 
453378 
453379 
453394 
453395 
453396 
453397 
453398 
453399 
453400 
453401 
453404 
453406 
453436 
453438 
453440 
453442 
453443 
453445 
453447 
453449 
453450 
453453 
453455 
453456 
453492 
453494 
453496 
453498 
453506 
453507 
453508 
453509 
453510 
453511 
453512 
453520 
453521 
453523 
453524 
453525 
191386 
191390 
453534 
453535 
191392 
453536 
191393 
453537 
453538 
191395 
453539 
191396 
453540 
191397 
191398 
191399 
191400 
191401 
191402 
191403 
191404 
453548 
191405 
453549 
191406 
453550 
191407 
453551 
191408 
453552 
191409 
453553 
191410 
453554 
191411 
191413 
191414 
453558 
191417 
191418 
453577 
453590 
453594 
453597 
453599 
453603 
453605 
453607 
453609 
191476 
191477 
191480 
191481 
453626 
453639 
453641 
453643 
453646 
453652 
453689 
453690 
191547 
453691 
453693 
453694 
191551 
191552 
191553 
191554 
191555 
191556 
191557 
191558 
453710 
453711 
453713 
453717 
453718 
453719 
453720 
453721 
453758 
191622 
191624 
191626 
191628 
453794 
453796 
453798 
191664 
191666 
191668 
191670 
453815 
453816 
453818 
453822 
453823 
453825 
191720 
191722 
191724 
191726 
191769 
191771 
191773 
191775 
191783 
191785 
191786 
191787 
191789 
191790 
191794 
191797 
191799 
191800 
191801 
191803 
191804 
191811 
191814 
191815 
191818 
191821 
191822 
191825 
191828 
191829 
191832 
191835 
191836 
454059 
454061 
454065 
454083 
454085 
454087 
454089 
454090 
454091 
454092 
454093 
454094 
454099 
454100 
454101 
454102 
454104 
454106 
454107 
454108 
454109 
454110 
454111 
454112 
454113 
454114 
454115 
454116 
454117 
454118 
454119 
454120 
454121 
454122 
454124 
454126 
454128 
454129 
454130 
454132 
454134 
454135 
454136 
454139 
454141 
454142 
454157 
454159 
454161 
454163 
454164 
454166 
454168 
454170 
454178 
454181 
454183 
454184 
454185 
454188 
454190 
454191 
454194 
454198 
454207 
454209 
454211 
454223 
454225 
454234 
454235 
454236 
454238 
454239 
454255 
454256 
454257 
454258 
454259 
454260 
454261 
454276 
454277 
454278 
192135 
454279 
454280 
454281 
454282 
192139 
192141 
192142 
192145 
192146 
192147 
192148 
192149 
192150 
192151 
192152 
192153 
192154 
192155 
192156 
192157 
192158 
192159 
192160 
192162 
192163 
192166 
192167 
454318 
454320 
454322 
454324 
454325 
454327 
454329 
454331 
454332 
454335 
454337 
454338 
192225 
192226 
192230 
454374 
454376 
454378 
454380 
454388 
454389 
454390 
454391 
454392 
454393 
454394 
454402 
454403 
454404 
454405 
454406 
454407 
454411 
454413 
454416 
454417 
454418 
454419 
454420 
454421 
454422 
454430 
454431 
454432 
454434 
192296 
192300 
192301 
192302 
192303 
192304 
192305 
192306 
192307 
454472 
454476 
454479 
454482 
454484 
454485 
454487 
454489 
454508 
454510 
192371 
192373 
192375 
192377 
454521 
454522 
454525 
454526 
454528 
454530 
454532 
454534 
192413 
454557 
192415 
192417 
192419 
454571 
454572 
454573 
454575 
454576 
454585 
454589 
454592 
454593 
454595 
454596 
454599 
454600 
454601 
454602 
454603 
192469 
192471 
192473 
192475 
454659 
192518 
192520 
192522 
192524 
192525 
192532 
454676 
192534 
454678 
192535 
192536 
454680 
192538 
192539 
192543 
192546 
192548 
192549 
192550 
192552 
454697 
454698 
454700 
192560 
454704 
454705 
192563 
454707 
192564 
192567 
192570 
192571 
192574 
192577 
192578 
192581 
192584 
192585 
454844 
454943 
454947 
454965 
454967 
454968 
454969 
454971 
454973 
454975 
454976 
454978 
454980 
454982 
454983 
454986 
454988 
454989 
454990 
454991 
454992 
454993 
454994 
454995 
454996 
454997 
454998 
454999 
455000 
455001 
455002 
455003 
455004 
455006 
455008 
455010 
455011 
455014 
455016 
455017 
455018 
455021 
455023 
455024 
192884 
192888 
192890 
192891 
192894 
192895 
455039 
192896 
192897 
455041 
192898 
192899 
455043 
192900 
192901 
455045 
192902 
455046 
192903 
192904 
455048 
192905 
192906 
455050 
192907 
192908 
455052 
192909 
192911 
192912 
192913 
192915 
192916 
455060 
455063 
455065 
455066 
455067 
455070 
455072 
455073 
455076 
455080 
455089 
455091 
455093 
455105 
455107 
455117 
455118 
192975 
455120 
192979 
455137 
455138 
455139 
455140 
455141 
455142 
455143 
455158 
455159 
455160 
455161 
455162 
455163 
455164 
193045 
193049 
193050 
193051 
193052 
193053 
193054 
193055 
193056 
455200 
455202 
455204 
455206 
455207 
455209 
455211 
455213 
455214 
455215 
455216 
455217 
455218 
455219 
455220 
455256 
455258 
455260 
455262 
193120 
193122 
193124 
193126 
455270 
455271 
455272 
455273 
455274 
455275 
455276 
455285 
455287 
455289 
455298 
455299 
455300 
455301 
455302 
455303 
455304 
193162 
193163 
193164 
193166 
193168 
455313 
455314 
455315 
455316 
455318 
455354 
455356 
455358 
455361 
193218 
193220 
193221 
193222 
455367 
193224 
455371 
455390 
455391 
455393 
455403 
455407 
455410 
193267 
193269 
455414 
193271 
455416 
193273 
193278 
193281 
193283 
193284 
193285 
193287 
193288 
193292 
193295 
455439 
193297 
193298 
193299 
193301 
455452 
193309 
455453 
455454 
455455 
193312 
193313 
455457 
455458 
193316 
193319 
193320 
193323 
193326 
193327 
193330 
455474 
455475 
193333 
455477 
193334 
455481 
455482 
455483 
455484 
455485 
455519 
455524 
455526 
455556 
455558 
455560 
455562 
455579 
455580 
455582 
455583 
455586 
455587 
455589 
193560 
455768 
193633 
193636 
193637 
193639 
193640 
193642 
193643 
193644 
193645 
193646 
193647 
193648 
193649 
193650 
193651 
193652 
193653 
193654 
193655 
193656 
193657 
193658 
193660 
193661 
193664 
193665 
455825 
455826 
455829 
455840 
455842 
455845 
455847 
455849 
455851 
455853 
455855 
455857 
455858 
455861 
455863 
455864 
455865 
193724 
455868 
455870 
455871 
193728 
455872 
455873 
455874 
455875 
455876 
455877 
455878 
455879 
455880 
455881 
455882 
455883 
455884 
455885 
455886 
455888 
455890 
455892 
455893 
455896 
455898 
455899 
455900 
455903 
455905 
455906 
455921 
455923 
455925 
455927 
455928 
455930 
455931 
455932 
455934 
193794 
193798 
455942 
193799 
193800 
193801 
455945 
193802 
193803 
455947 
193804 
455948 
193805 
455949 
455950 
455952 
455954 
455955 
455958 
455962 
455971 
455973 
455975 
455976 
455987 
455989 
455999 
456000 
456002 
193869 
193871 
193873 
193875 
456019 
456020 
456021 
456022 
456023 
456024 
456025 
456040 
456041 
456042 
456043 
456044 
456045 
456046 
193911 
193913 
193915 
193917 
456082 
456084 
456086 
456088 
456089 
456091 
456093 
456095 
456096 
456098 
456099 
456101 
456102 
193967 
193969 
193971 
193973 
456138 
456139 
456140 
456142 
456144 
456152 
456153 
456154 
456155 
456156 
456157 
456158 
194016 
194018 
194020 
194022 
456166 
456167 
456168 
456169 
456170 
456171 
456172 
194030 
194032 
194033 
194034 
194036 
456180 
194037 
456181 
456182 
456183 
456184 
194041 
456185 
456186 
194044 
194046 
194047 
194048 
194050 
456194 
456195 
456196 
456198 
456199 
456200 
194058 
456204 
194061 
194062 
194065 
194068 
194069 
194072 
194075 
194076 
194079 
456223 
456225 
194082 
194083 
456227 
456231 
456236 
456240 
456243 
456245 
456249 
456253 
456256 
456272 
456285 
456289 
456291 
456292 
456298 
456335 
456336 
456337 
456339 
456340 
456356 
456357 
456359 
456363 
456364 
456365 
456366 
456367 
456368 
456391 
456411 
456412 
456415 
456425 
456440 
456442 
456444 
194308 
456461 
456462 
456463 
456464 
456468 
456469 
456471 
194381 
194382 
194386 
194387 
194388 
194389 
194392 
194393 
194394 
194395 
194396 
194397 
194398 
194399 
194400 
194401 
194402 
194403 
194404 
194405 
194406 
194407 
194409 
194410 
194413 
194414 
456582 
194472 
194473 
194475 
194476 
194477 
456645 
456647 
194543 
194545 
194547 
194548 
194549 
194550 
194551 
194552 
194553 
194554 
456700 
456707 
456708 
456711 
456729 
456731 
456733 
456735 
456737 
456739 
456740 
456746 
456747 
456750 
456752 
456753 
456754 
456755 
456756 
456757 
456758 
456759 
456760 
456761 
194618 
456762 
456763 
194620 
456764 
456765 
194622 
456766 
456767 
194624 
456768 
456770 
456772 
456774 
456775 
456776 
456778 
456780 
456781 
456782 
456785 
456787 
456788 
456803 
194660 
456805 
194662 
456806 
456807 
194664 
456809 
194666 
456810 
456812 
456813 
456814 
456816 
456824 
456827 
456829 
456830 
456831 
456832 
456834 
456836 
456837 
456840 
456844 
456853 
456855 
456857 
194716 
194718 
194720 
194722 
456869 
456871 
456881 
456882 
456883 
456884 
456901 
456902 
456903 
456904 
456905 
456906 
456907 
194765 
194767 
194769 
194771 
456922 
194779 
456923 
456924 
194781 
456925 
194782 
456926 
194783 
456927 
456928 
194785 
194786 
456932 
194790 
456934 
194793 
194795 
194796 
194797 
194799 
194807 
194810 
194811 
194814 
194817 
194818 
456964 
194821 
456966 
194824 
456968 
194825 
456970 
456971 
194828 
456973 
194831 
456975 
194832 
456977 
456978 
456981 
456983 
456984 
457020 
457022 
457024 
457026 
457034 
457035 
457036 
457037 
457038 
457039 
457040 
457049 
457051 
457053 
457062 
457063 
457064 
457065 
457066 
457067 
457068 
457077 
457078 
457080 
457085 
457118 
457119 
457120 
457122 
457123 
457124 
457125 
457130 
457131 
457135 
457138 
457154 
457157 
457167 
457171 
457174 
457176 
457179 
457180 
195058 
457203 
457217 
457218 
457219 
457220 
457221 
457222 
457238 
457239 
457241 
457245 
457246 
457247 
457248 
457249 
195131 
195135 
195137 
195138 
195141 
195142 
195143 
195144 
195145 
195146 
195147 
195148 
457292 
195149 
195150 
195151 
195152 
195153 
195154 
195155 
195156 
195158 
195159 
195162 
195163 
457322 
457324 
457326 
457343 
457344 
457346 
457347 
457350 
457351 
457353 
195220 
195221 
195222 
195224 
195226 
195290 
195292 
195296 
195297 
195298 
195299 
195300 
195301 
195302 
195303 
457490 
457492 
457494 
457501 
195367 
195369 
195371 
195373 
457534 
195409 
195411 
195413 
195414 
195415 
457586 
457589 
457593 
195465 
195467 
457611 
195468 
195469 
457613 
195471 
457615 
457617 
457619 
457621 
457622 
457628 
457629 
457632 
457634 
457635 
457636 
457637 
457638 
457639 
457640 
457641 
457642 
457643 
457644 
457645 
457646 
457647 
457648 
457649 
457650 
457652 
457654 
457656 
457657 
195514 
195516 
457660 
195518 
457662 
457663 
195520 
457664 
457667 
457669 
457670 
195528 
195530 
195531 
195532 
195534 
195535 
195539 
457685 
195542 
457687 
195544 
195545 
457689 
195546 
457691 
195548 
457692 
457694 
457695 
457696 
457698 
195556 
195559 
195560 
457706 
195563 
457709 
195566 
195567 
457711 
457712 
457713 
195570 
457714 
457716 
195573 
195574 
457718 
457719 
195577 
457722 
195580 
195581 
457726 
457735 
457736 
457737 
457739 
457751 
457753 
457763 
457764 
457766 
457783 
457784 
457785 
457786 
457787 
457788 
457789 
457792 
457804 
457805 
457806 
457807 
457808 
457809 
457810 
457814 
457817 
457846 
457848 
457850 
457852 
457853 
457855 
457857 
457859 
457860 
457863 
457865 
457866 
457902 
457904 
457906 
457908 
457916 
457917 
457918 
457919 
457920 
457921 
457922 
457930 
457931 
457933 
457934 
457935 
457944 
457945 
457946 
457947 
457948 
457949 
457950 
457959 
457960 
457962 
457968 
457987 
457988 
458000 
458004 
458007 
458010 
458012 
458013 
458017 
458020 
195880 
195884 
195886 
195887 
458032 
195890 
195891 
195892 
458036 
195893 
195894 
458038 
195895 
458039 
195896 
458040 
195897 
195898 
195899 
195900 
195901 
195902 
195903 
195904 
195905 
458049 
195907 
195908 
458053 
195911 
195912 
458056 
458058 
458060 
458062 
458098 
458099 
458100 
458101 
458102 
458103 
458104 
195969 
195971 
195975 
458120 
458121 
458123 
458126 
458127 
458128 
458129 
458130 
458131 
458161 
458165 
196041 
196045 
196046 
196047 
196048 
196049 
196050 
196051 
196052 
458204 
458206 
458208 
458225 
458226 
458228 
458232 
458233 
458235 
196116 
196118 
196120 
196122 
196158 
196160 
196162 
196164 
196214 
196216 
196217 
196218 
196220 
196263 
196265 
196267 
196269 
196270 
196277 
196279 
196280 
196281 
196283 
196284 
196288 
196291 
196293 
196294 
196295 
196297 
196298 
196302 
196305 
196308 
196309 
196312 
196315 
196316 
196319 
196322 
196323 
196326 
458471 
196329 
196330 
458475 
458493 
458495 
458497 
458499 
458501 
458503 
458504 
458507 
458509 
458510 
458511 
458514 
458516 
458517 
458518 
458519 
458520 
458521 
458522 
458523 
458524 
458525 
458526 
458527 
458528 
458529 
458530 
458531 
458532 
458534 
458536 
458538 
458539 
458542 
458544 
458545 
458546 
458549 
458551 
458552 
458567 
458569 
458570 
458571 
458573 
458574 
458576 
458577 
458578 
458580 
458588 
458591 
458593 
458594 
458595 
458596 
458598 
458600 
458601 
458604 
458608 
458617 
458619 
458621 
458633 
458635 
458645 
458646 
458648 
458665 
458666 
458667 
458668 
458669 
458670 
458671 
458686 
458687 
458688 
458689 
458690 
458691 
458692 
458728 
458730 
458732 
458734 
458735 
458737 
458739 
458741 
458742 
458745 
458747 
458748 
196628 
196629 
196633 
196635 
196636 
196639 
196640 
458784 
196641 
196642 
458786 
196643 
196644 
458788 
196645 
196646 
458790 
196647 
458791 
196648 
196649 
196650 
196651 
196652 
196653 
196654 
458798 
458799 
196656 
458800 
196657 
458801 
458802 
458803 
196660 
458804 
196661 
458812 
458813 
458815 
458817 
458826 
458827 
458828 
458829 
458830 
458831 
458832 
458841 
458842 
458844 
196720 
196724 
458869 
458882 
458883 
458884 
458886 
458887 
458889 
458895 
458898 
458899 
458918 
458931 
196790 
458935 
196794 
458938 
196795 
196796 
458940 
196797 
196798 
196799 
196800 
458944 
196801 
458981 
458982 
458983 
458985 
458986 
459002 
459003 
459005 
459006 
196865 
459009 
459010 
196867 
459011 
459012 
196869 
459013 
196871 
196907 
196909 
196911 
196913 
459086 
459088 
459090 
196963 
459107 
459108 
196965 
196966 
459110 
196967 
196969 
459114 
459115 
459117 
197012 
197014 
197016 
197018 
197026 
197028 
197029 
197030 
197032 
197033 
197037 
197040 
197042 
197043 
197044 
197046 
197054 
197057 
197058 
197061 
197064 
197065 
197068 
459212 
197071 
197072 
197075 
197078 
197079 
459256 
459353 
459357 
459375 
459377 
459379 
459381 
459383 
459385 
459386 
459389 
459392 
459393 
459394 
459396 
459398 
459399 
459400 
459401 
459402 
459403 
459404 
459405 
459406 
459407 
459408 
459409 
459410 
459411 
459412 
459413 
459414 
459416 
459418 
459420 
459421 
459424 
459426 
459427 
459428 
459431 
459433 
459434 
459449 
459451 
459453 
459455 
459456 
459458 
459459 
459460 
459462 
459470 
459471 
459473 
459475 
459476 
459477 
459478 
459480 
459482 
459483 
459486 
459490 
459499 
459501 
459503 
459515 
459517 
197378 
197382 
459527 
197384 
459528 
197385 
459529 
459530 
197388 
197389 
197390 
197391 
197392 
197393 
197394 
197395 
197396 
197397 
197398 
197399 
197400 
197401 
197402 
197403 
459547 
459548 
197405 
459549 
197406 
459550 
459551 
459552 
197409 
459553 
197410 
459556 
459568 
459569 
459570 
459571 
459572 
459573 
459574 
459610 
197467 
459612 
197469 
459614 
197471 
459616 
197473 
459617 
459619 
459621 
459623 
459624 
459627 
459629 
459630 
459666 
459668 
459670 
459672 
459680 
459681 
459682 
197539 
459683 
459684 
459685 
459686 
197543 
197544 
197545 
197546 
197547 
197548 
197549 
197550 
459695 
459696 
459697 
459698 
459699 
459708 
459709 
459710 
459711 
459712 
459713 
459714 
459723 
459724 
459726 
197614 
197616 
197618 
197620 
459764 
459768 
459771 
459777 
459781 
197656 
459800 
197658 
197660 
197662 
459813 
459817 
459819 
459820 
459826 
197712 
197714 
197716 
197718 
459862 
459863 
459864 
459865 
459866 
459867 
459868 
459884 
459885 
459887 
459890 
459891 
459892 
459893 
459894 
459895 
459896 
197761 
459906 
197763 
197765 
197767 
197775 
197777 
197778 
197779 
197781 
197782 
197786 
197789 
197791 
197792 
197793 
197795 
197803 
197806 
197807 
197810 
197813 
197814 
197817 
197820 
197821 
459967 
197824 
459968 
459970 
197827 
459971 
197828 
459972 
459989 
459990 
459992 
459996 
459997 
459999 
460173 
198046 
198050 
460235 
460239 
460257 
460259 
460261 
460263 
460265 
460267 
460268 
198127 
460271 
460274 
198131 
460275 
198132 
198133 
198134 
460278 
460280 
198137 
460281 
198138 
460282 
198139 
460283 
198140 
460284 
198141 
460285 
198142 
460286 
198143 
460287 
198144 
460288 
198145 
460289 
198146 
460290 
198147 
460291 
198148 
460292 
198149 
460293 
198150 
460294 
198151 
460295 
198152 
460296 
198154 
460298 
198155 
460300 
198158 
460302 
198159 
460303 
460306 
460308 
460309 
460310 
460312 
460313 
460315 
460316 
460331 
460333 
460334 
460335 
460337 
460338 
460340 
460342 
460344 
460352 
460353 
460355 
460357 
460358 
460359 
198218 
460362 
198220 
460364 
198221 
460365 
198222 
460368 
460372 
460381 
460383 
460385 
460397 
460399 
460409 
460410 
460412 
460429 
460430 
460431 
198288 
460432 
460433 
460434 
460435 
198292 
198293 
198294 
198295 
198296 
198297 
198298 
198299 
460450 
460451 
460452 
460453 
460454 
460455 
460456 
460492 
460494 
460496 
460498 
460499 
460501 
460503 
460505 
460506 
198363 
198365 
460509 
198367 
460511 
460512 
198369 
460541 
460548 
198405 
460550 
198407 
460552 
198409 
460554 
198411 
460555 
460561 
460562 
460563 
460564 
460565 
460566 
460567 
460568 
460577 
460579 
460581 
460590 
460591 
460592 
460593 
460594 
460595 
460596 
198461 
460605 
460606 
198463 
460608 
198465 
198467 
460614 
460646 
460650 
460653 
198510 
198512 
198514 
460659 
198516 
460662 
460663 
198524 
198526 
198527 
198528 
198530 
198531 
198535 
198538 
460682 
460683 
198540 
198541 
460685 
198542 
198544 
198549 
460695 
198552 
198555 
460699 
198556 
460702 
198559 
198562 
198563 
460708 
198566 
460712 
198569 
198570 
198573 
198576 
198577 
460745 
460746 
460747 
460749 
460750 
460759 
460766 
460767 
460769 
460773 
460774 
460775 
460776 
460777 
460850 
460852 
460854 
460871 
460872 
460874 
460878 
460879 
460881 
198876 
198880 
198882 
198883 
198886 
198887 
198888 
198889 
198890 
198891 
198892 
198893 
198894 
198895 
198896 
198897 
198898 
198899 
198900 
198901 
198903 
198904 
198905 
198907 
198908 
198965 
198966 
198967 
198970 
198971 
461117 
461121 
461139 
461141 
461143 
461145 
461147 
461149 
461150 
461156 
461157 
461160 
461162 
461163 
461164 
461165 
461166 
461167 
461168 
461169 
461170 
461171 
461172 
461173 
461174 
461175 
461176 
461177 
461178 
461180 
199037 
461182 
461184 
199041 
461185 
199042 
461186 
199043 
461187 
199044 
461188 
199045 
199046 
461190 
199047 
461191 
199048 
461192 
461195 
461197 
461198 
461213 
461215 
461217 
461219 
461220 
461222 
461224 
461226 
461234 
461237 
461239 
461240 
461241 
461242 
461244 
461246 
461247 
461250 
461254 
199112 
199114 
199116 
199118 
461263 
461264 
461265 
461266 
461267 
461279 
461281 
461291 
461292 
461294 
199154 
199155 
199156 
199158 
199160 
461311 
461312 
461313 
461314 
461315 
461316 
461317 
461332 
461333 
461334 
461335 
461336 
461337 
461338 
199210 
199212 
199214 
199216 
461374 
461376 
461378 
461380 
461381 
461383 
461385 
461387 
461388 
461391 
461392 
461393 
461394 
199259 
199261 
199263 
199265 
199266 
199273 
199275 
199276 
199277 
199279 
199280 
199284 
461430 
199287 
461432 
199289 
199290 
461434 
199291 
461436 
199293 
461437 
199294 
461443 
461444 
199301 
461445 
461446 
461447 
199304 
461448 
199305 
461449 
461450 
199308 
199311 
199312 
199315 
461459 
461461 
199318 
461462 
199319 
461463 
199322 
199325 
199326 
461472 
461473 
461474 
461475 
461476 
461477 
461478 
461487 
461488 
461490 
461528 
461532 
461533 
461535 
461539 
461541 
461545 
461548 
461564 
461568 
461577 
461581 
461584 
461586 
461590 
461626 
461627 
461628 
461629 
461631 
461632 
461648 
461649 
461651 
461654 
461655 
461656 
461657 
461658 
461659 
461689 
461693 
461708 
461714 
461721 
461732 
461734 
461736 
461753 
461754 
461756 
461760 
461761 
461763 
199625 
199629 
199631 
199632 
199634 
199635 
199636 
199637 
199638 
199639 
199640 
199641 
199642 
199643 
199644 
199645 
199646 
199647 
199648 
199649 
199650 
199652 
199653 
199654 
199656 
199657 
199715 
199716 
199719 
199720 
461874 
199786 
199790 
199791 
461935 
199792 
199793 
199794 
199795 
199796 
199797 
461999 
462003 
199861 
199863 
199865 
199867 
462021 
462023 
462025 
462027 
462029 
462031 
462032 
462035 
462038 
462039 
462042 
462044 
462045 
462046 
199903 
462047 
462048 
199905 
462049 
462050 
199907 
462051 
199908 
462052 
199909 
462053 
462054 
462055 
462056 
462057 
462058 
462059 
462060 
462062 
462064 
462066 
462067 
462070 
462072 
462073 
462074 
462077 
462079 
462080 
462095 
462097 
462099 
462101 
462102 
199959 
462104 
199961 
199962 
462106 
199963 
462108 
199965 
462116 
462119 
462121 
462122 
462123 
462126 
462128 
462129 
462132 
462136 
462144 
462145 
462147 
462149 
462150 
200008 
200010 
200012 
200014 
462161 
462163 
200022 
200024 
200025 
200026 
200028 
200029 
462173 
462174 
462176 
200033 
200036 
200038 
200039 
200040 
200042 
462193 
200050 
462194 
462195 
462196 
200053 
462197 
200054 
462198 
462199 
200057 
200060 
200061 
200064 
200067 
200068 
462214 
200071 
462215 
462216 
462217 
200074 
462218 
200075 
462219 
462220 
462256 
462258 
462260 
462262 
462263 
462265 
462267 
462269 
462270 
462273 
462275 
462276 
462312 
462314 
462316 
462318 
462325 
462326 
462327 
462328 
462329 
462330 
462331 
462332 
462341 
462343 
462345 
462347 
462354 
462355 
462356 
462357 
462358 
462359 
462360 
462369 
462370 
462372 
462410 
462414 
462415 
462417 
462423 
462427 
462429 
462430 
462446 
462447 
462448 
462449 
462450 
462459 
462463 
462466 
462471 
462472 
462509 
462510 
462511 
462513 
462514 
200374 
200377 
200378 
200379 
200380 
200381 
200384 
200385 
200386 
462530 
200387 
462531 
200388 
200389 
462533 
200390 
200391 
200392 
200393 
462537 
200394 
462538 
200395 
462539 
200396 
462540 
200397 
462541 
200398 
200399 
200401 
200402 
200405 
200406 
462592 
462593 
462603 
200464 
200465 
200469 
462614 
462616 
462618 
462635 
462636 
462638 
462642 
462643 
462645 
200535 
200539 
200540 
200541 
200542 
200543 
200544 
200545 
200546 
200610 
200612 
200614 
200616 
200652 
462797 
200654 
200656 
200657 
200658 
462824 
200708 
200710 
200712 
200714 
462874 
462878 
462881 
462885 
200757 
462901 
200759 
462903 
200761 
462905 
200763 
462907 
462909 
462910 
462911 
200768 
462912 
462913 
462914 
200771 
200773 
200774 
200775 
462920 
200777 
462921 
200778 
462924 
200782 
462926 
462927 
462928 
200785 
462929 
462930 
200787 
462931 
200788 
462932 
200789 
462933 
462934 
200791 
462935 
200792 
462936 
462937 
462938 
462939 
462940 
462941 
462942 
200799 
462944 
200802 
462946 
200803 
462948 
462949 
200806 
462952 
200809 
200810 
462954 
462955 
462956 
200813 
462959 
200816 
200817 
462961 
462962 
200820 
200823 
200824 
462977 
462979 
462981 
462983 
462984 
462986 
462988 
462990 
462998 
463001 
463003 
463004 
463005 
463008 
463010 
463011 
463014 
463018 
463027 
463029 
463031 
463032 
463043 
463045 
463055 
463056 
463058 
463075 
463076 
463077 
463078 
463079 
463080 
463081 
463084 
463096 
463097 
463098 
463099 
463100 
463101 
463102 
463138 
463140 
463142 
463144 
463145 
463147 
463149 
463151 
463152 
463155 
463157 
463158 
463194 
463196 
463198 
463200 
463201 
463206 
463208 
463209 
463210 
463211 
463212 
463213 
463214 
463223 
463225 
463227 
463236 
463237 
463238 
463239 
463240 
463241 
463242 
463251 
463252 
463254 
463260 
463263 
201122 
201123 
201127 
201129 
201130 
201133 
201134 
201135 
201136 
201137 
201138 
201139 
201140 
201141 
201142 
201143 
201144 
201145 
201146 
201147 
201148 
463292 
201150 
201151 
463296 
201154 
201155 
463299 
463302 
463305 
463307 
463309 
463311 
463328 
463331 
463341 
463345 
463347 
463348 
463353 
463354 
201214 
463358 
201216 
463360 
201218 
463377 
463390 
463391 
463392 
463393 
463395 
463396 
463412 
463413 
463415 
463419 
463420 
463421 
463422 
463423 
201284 
201288 
201289 
201290 
201291 
201292 
201293 
201294 
201295 
463496 
463498 
463500 
201359 
201361 
201363 
201365 
463517 
463518 
463520 
463524 
463525 
463527 
201401 
201403 
201405 
201406 
201407 
201457 
201459 
201460 
201461 
201463 
201506 
201508 
201510 
201512 
201520 
201522 
201523 
201524 
201526 
201527 
463671 
201531 
201534 
201536 
201537 
201538 
201540 
463687 
201545 
201548 
201551 
201552 
201555 
201558 
201559 
201562 
201565 
201566 
201569 
201572 
201573 
463763 
463767 
463785 
463787 
463789 
463791 
463793 
463795 
463796 
463802 
463803 
463806 
463808 
463809 
463810 
463811 
463812 
463813 
463814 
463815 
463816 
463817 
463818 
463819 
463820 
463821 
463822 
463823 
463824 
463826 
463828 
463830 
463831 
463834 
463836 
463837 
463838 
463841 
463843 
463844 
463859 
463861 
463863 
463865 
463866 
463868 
463869 
463870 
463872 
463880 
463883 
463885 
463886 
463887 
463890 
463892 
463893 
463896 
463900 
463908 
463909 
463911 
463913 
463914 
463925 
463927 
463937 
463938 
201795 
463940 
463941 
463957 
463958 
463959 
463960 
463961 
463962 
463963 
463978 
463979 
463980 
463981 
463982 
463983 
463984 
201872 
201876 
464020 
201878 
464022 
201879 
464024 
201882 
464026 
201883 
464027 
201884 
201885 
464029 
201886 
201887 
464031 
201888 
201889 
464033 
201890 
464034 
201891 
201892 
201893 
464037 
201894 
201895 
464039 
201896 
464040 
201897 
201899 
201900 
201901 
201903 
201904 
464069 
464076 
464078 
464080 
464082 
464090 
464091 
464092 
464093 
464094 
464095 
464096 
464104 
464105 
201963 
464107 
464108 
201965 
464109 
201966 
201967 
464118 
464119 
464120 
464121 
464122 
464123 
464124 
464132 
464133 
464134 
464136 
464138 
464174 
464176 
202033 
464178 
202037 
464181 
202038 
202039 
202040 
202041 
464185 
202042 
202043 
464187 
202044 
464191 
464194 
464209 
464210 
464211 
464212 
464213 
464214 
464215 
464223 
464227 
464230 
464236 
202108 
202110 
202112 
202114 
464272 
464273 
464274 
464275 
464276 
464277 
464278 
202150 
464294 
202151 
464295 
202152 
464297 
202154 
202156 
464300 
464301 
464302 
464303 
464304 
464305 
464322 
464325 
464341 
202206 
202208 
202209 
202210 
202212 
464361 
464378 
464380 
464382 
202255 
464399 
464400 
202257 
464402 
202259 
202261 
202262 
464406 
464407 
464409 
202266 
202269 
202271 
202272 
202273 
202275 
202276 
202280 
202283 
202285 
202286 
202287 
202289 
202294 
202297 
202300 
202301 
202304 
202307 
202308 
202311 
202314 
202315 
202318 
202321 
202322 
464526 
464527 
464572 
464645 
464649 
464667 
464669 
464671 
464673 
464675 
464677 
464678 
464684 
464685 
464688 
464690 
464691 
464692 
464693 
464694 
464695 
464696 
464697 
464698 
464699 
464700 
464701 
464702 
464703 
464704 
464705 
464706 
464708 
464710 
464712 
464713 
464714 
464716 
464718 
464719 
464720 
464723 
464725 
464726 
464741 
464743 
464745 
464747 
464748 
464750 
464752 
464754 
464762 
464763 
202621 
464765 
464767 
464768 
202625 
464769 
202626 
464770 
202627 
202628 
464772 
464774 
202631 
464775 
202632 
202633 
202634 
464778 
202635 
202636 
202637 
202638 
464782 
202639 
202640 
202641 
202642 
202643 
202644 
202645 
202646 
464791 
202648 
202649 
464793 
464795 
202652 
202653 
464807 
464809 
464819 
464820 
464822 
464839 
464840 
464841 
464842 
464843 
464844 
464845 
202711 
202712 
202715 
202716 
464860 
464861 
464862 
464863 
464864 
464865 
464866 
464902 
464904 
464906 
464908 
464909 
464911 
464913 
464915 
464916 
464919 
464921 
464922 
202782 
202786 
202787 
202788 
202789 
202790 
202791 
202792 
202793 
464958 
464960 
464962 
464964 
464972 
464973 
464974 
464975 
464976 
464977 
464978 
464987 
464989 
464991 
465000 
202857 
465001 
465002 
202859 
465003 
465004 
202861 
465005 
465006 
202863 
465015 
465016 
465018 
465024 
202899 
465043 
202901 
202903 
202905 
465056 
465060 
465061 
465063 
465067 
465068 
465069 
465072 
465073 
465076 
465092 
465094 
465096 
202955 
202957 
202958 
202959 
202961 
465105 
465109 
465112 
465118 
203004 
203006 
203008 
203010 
465155 
465156 
465157 
465159 
465160 
203018 
203020 
203021 
203022 
203024 
203025 
203029 
203032 
465176 
465177 
203034 
203035 
465179 
203036 
203038 
203039 
465183 
465184 
465185 
465186 
465187 
465188 
203046 
203049 
203050 
203053 
203056 
465200 
203057 
203060 
203063 
203064 
203067 
203070 
203071 
465219 
465260 
465262 
465264 
465281 
465282 
465283 
465284 
465288 
465289 
465291 
203286 
203292 
203370 
203374 
203376 
203377 
203380 
203381 
203382 
203383 
465527 
203384 
203385 
203386 
203387 
465531 
203388 
203389 
203390 
203391 
203392 
203393 
203394 
203395 
203397 
203398 
203399 
203401 
203402 
465549 
465551 
465553 
465555 
465557 
465559 
465560 
465566 
465567 
465569 
465570 
465572 
465573 
465574 
465575 
465576 
465577 
465578 
465579 
465580 
465581 
465582 
465583 
465584 
465585 
465586 
465587 
465588 
465590 
465592 
465594 
465595 
465598 
465600 
465601 
465602 
203461 
465605 
203463 
465607 
465608 
203465 
465623 
465625 
465626 
465627 
465629 
465630 
465632 
465633 
465634 
465636 
465644 
465647 
465649 
465650 
465651 
465652 
465654 
465656 
465657 
465660 
465664 
465673 
203531 
465675 
465677 
465678 
203535 
203536 
203537 
203538 
203539 
203540 
203541 
203542 
465689 
465691 
465700 
465701 
465702 
465703 
465704 
465705 
465721 
465722 
465723 
465724 
465725 
465726 
465727 
465734 
465742 
465743 
465744 
465745 
465746 
465747 
465748 
203606 
203608 
203610 
203612 
465784 
465786 
465788 
465790 
465791 
203648 
465793 
203650 
465795 
203652 
465797 
203654 
465798 
465801 
465803 
465804 
465840 
465842 
465844 
465846 
203704 
203706 
203707 
203708 
203710 
465854 
465855 
465856 
465857 
465858 
465859 
465860 
465868 
465869 
465870 
465871 
465872 
465873 
465882 
465883 
465884 
465885 
465886 
465887 
465888 
465896 
203753 
465897 
465898 
203755 
465900 
203757 
465902 
203759 
203764 
203767 
203769 
203770 
203771 
203773 
203774 
203778 
203781 
203783 
203784 
203785 
203787 
465938 
203795 
203798 
465942 
203799 
465945 
203802 
203805 
203806 
465951 
203809 
465954 
465955 
203812 
203813 
203816 
203819 
203820 
465974 
465976 
465987 
465991 
465994 
466000 
466037 
466038 
466039 
466041 
466042 
466058 
466059 
466061 
466065 
466066 
466067 
466068 
466069 
466085 
466086 
466089 
466099 
466101 
466142 
466144 
466146 
466163 
466164 
466165 
466166 
466168 
466170 
466171 
466173 
204032 
204119 
204123 
204124 
204125 
204126 
204128 
204129 
204130 
204131 
204132 
204133 
204134 
204135 
204136 
204137 
204138 
204139 
204140 
204141 
204142 
204143 
204144 
204146 
204147 
204150 
204151 
466319 
204208 
204210 
204212 
204213 
204214 
466409 
466410 
466411 
466413 
204280 
204284 
204285 
466429 
204286 
204287 
466431 
204288 
204289 
466433 
204290 
204291 
466435 
466437 
466439 
466441 
466442 
466448 
466449 
466452 
466454 
466455 
466456 
466457 
466458 
466459 
466460 
466461 
466462 
466463 
466464 
466465 
466466 
466467 
466468 
466469 
466470 
466472 
466474 
466476 
466477 
466480 
466482 
466483 
466484 
466487 
466489 
466490 
204355 
204357 
204359 
204361 
466505 
466507 
466508 
466509 
466511 
466512 
466514 
466516 
466518 
466526 
466527 
466529 
466531 
466532 
466533 
466536 
466538 
466539 
204397 
466542 
204399 
204401 
466546 
204403 
466554 
466555 
466556 
466557 
466559 
466560 
466571 
466573 
466582 
466583 
466584 
466585 
466586 
466587 
466588 
204453 
204455 
204457 
204459 
466603 
466604 
466605 
466606 
466607 
466608 
466609 
466616 
466624 
466625 
466626 
466627 
466628 
466629 
466630 
204502 
204504 
204506 
204508 
204509 
204516 
204518 
204519 
204520 
204522 
466666 
204523 
466668 
466670 
204527 
466672 
466673 
204530 
466675 
204532 
204533 
466677 
204534 
466679 
204536 
466680 
466683 
466685 
466686 
204544 
204547 
204548 
204551 
204554 
204555 
204558 
204561 
204562 
204565 
204568 
204569 
466715 
466717 
466719 
466722 
466723 
466724 
466726 
466728 
466729 
466736 
466737 
466738 
466739 
466740 
466741 
466742 
466750 
466751 
466752 
466753 
466754 
466755 
466757 
466764 
466765 
466766 
466767 
466768 
466769 
466770 
466778 
466779 
466780 
466782 
466784 
466786 
466788 
466820 
466824 
466827 
466832 
466833 
466836 
466837 
466840 
466842 
466856 
466869 
466870 
466873 
466876 
466878 
466879 
466882 
466905 
466919 
466920 
204777 
466921 
466923 
466924 
466940 
466941 
466943 
466947 
466948 
466949 
466950 
466951 
467000 
204868 
204872 
204873 
204874 
204875 
204878 
204879 
204880 
467024 
204881 
204882 
467026 
204883 
204884 
467028 
204885 
204886 
204887 
204888 
204889 
204890 
204891 
204892 
204893 
204895 
204896 
204899 
204900 
467045 
467046 
467048 
467052 
467053 
467055 
204957 
204958 
204959 
204961 
204963 
205029 
205033 
205034 
205035 
205036 
205037 
205038 
205039 
205040 
205104 
205106 
205108 
205110 
205146 
205147 
467291 
205148 
205150 
467295 
205152 
467311 
467313 
467315 
467317 
467319 
467321 
467323 
467324 
467330 
467331 
467334 
467336 
467337 
467338 
467339 
467340 
467341 
467342 
467343 
467344 
467345 
205202 
467346 
467347 
205204 
467348 
467349 
205206 
467350 
467351 
205208 
467352 
467354 
467356 
467358 
467359 
467362 
467364 
467365 
467366 
467369 
467371 
467372 
467387 
467389 
467391 
467393 
467394 
205251 
467396 
205253 
467397 
467398 
205255 
467400 
205257 
467408 
205265 
467409 
205267 
467411 
205268 
205269 
467413 
467414 
205271 
467415 
205272 
467416 
467418 
205276 
467420 
467421 
205279 
467424 
205281 
205282 
205283 
467428 
205285 
205290 
205293 
467437 
467439 
205296 
205297 
467441 
205300 
205303 
205304 
205307 
467453 
205310 
205311 
467455 
205314 
205317 
205318 
467465 
467466 
467468 
467469 
467485 
467486 
467487 
467488 
467489 
467490 
467491 
467492 
467498 
467506 
467507 
467508 
467509 
467510 
467511 
467512 
467513 
467518 
467548 
467550 
467552 
467554 
467555 
467557 
467559 
467561 
467562 
467563 
467565 
467567 
467568 
467604 
467605 
467606 
467608 
467610 
467618 
467619 
467620 
467621 
467622 
467623 
467624 
467632 
467633 
467635 
467636 
467637 
467646 
467647 
467648 
467649 
467650 
467651 
467652 
467661 
467662 
467664 
467670 
467673 
467702 
467706 
467709 
467711 
467715 
467717 
467719 
467738 
467751 
467755 
467758 
205616 
205617 
467764 
205621 
205623 
205624 
205627 
205628 
205629 
205630 
205631 
205632 
205633 
205634 
205635 
205636 
205637 
205638 
205639 
205640 
205641 
205642 
205644 
205645 
205646 
205648 
205649 
467801 
467802 
467803 
467805 
467806 
467822 
467823 
467825 
467829 
467830 
467831 
467832 
467833 
205708 
205711 
205712 
467900 
467906 
467908 
467910 
205778 
205782 
205783 
467927 
205784 
467928 
205785 
205786 
467930 
205787 
205788 
205789 
467934 
467935 
467937 
205853 
205855 
205857 
205859 
205895 
205897 
205899 
205901 
205951 
205953 
205954 
205955 
205957 
468116 
206000 
206002 
206004 
206006 
206014 
206016 
206017 
206018 
206020 
206021 
206025 
206028 
468173 
206030 
206031 
206032 
468177 
206034 
206035 
206042 
468188 
206045 
206046 
206049 
468193 
468195 
206052 
206053 
468197 
468199 
206056 
468201 
468202 
206059 
468203 
206060 
468205 
468206 
206063 
468209 
206066 
206067 
468212 
468213 
468214 
468216 
468218 
468219 
468220 
468221 
468222 
468223 
468224 
468225 
468226 
468227 
468228 
468229 
468230 
468231 
468232 
468233 
468234 
468236 
468238 
468240 
468241 
468244 
468246 
468247 
468248 
468251 
468253 
468254 
468269 
468271 
468272 
468273 
468275 
468276 
468278 
468280 
468282 
468290 
468293 
468295 
468296 
468297 
468300 
468302 
468303 
468306 
468310 
468319 
468321 
468323 
468335 
468337 
468347 
468348 
468350 
468367 
468368 
468369 
468370 
468371 
468372 
468373 
468388 
468389 
468390 
468391 
468392 
468393 
468394 
468430 
468432 
468434 
468436 
468437 
468439 
468441 
468443 
468444 
468447 
468449 
468450 
468486 
468488 
468490 
468492 
468500 
468501 
468502 
468503 
468504 
468505 
468506 
206366 
206369 
206370 
468515 
206372 
206373 
468517 
206375 
468519 
206376 
206377 
206378 
206379 
468523 
206380 
206381 
468525 
206382 
206383 
206384 
468528 
206385 
468529 
206386 
468530 
206387 
468531 
206388 
468532 
206389 
468533 
206390 
468534 
206391 
206393 
206394 
206397 
206398 
468543 
468544 
468546 
468584 
468588 
468591 
468594 
468597 
206456 
206457 
468601 
468603 
206461 
468620 
468622 
468633 
468637 
468640 
468646 
206527 
206531 
206532 
206533 
206534 
206535 
206536 
206537 
206538 
468683 
468684 
468685 
468687 
468688 
468704 
468705 
468707 
468711 
468712 
468713 
468714 
468715 
468731 
468738 
468739 
468742 
468743 
206602 
206604 
206606 
206608 
468756 
468759 
468764 
206644 
468788 
206646 
468790 
206648 
468792 
206650 
468809 
468810 
468812 
468813 
468816 
468817 
468819 
468820 
206700 
206702 
206703 
206704 
206706 
206749 
206751 
206753 
206755 
206763 
206765 
206766 
206767 
206769 
206770 
206774 
206777 
206779 
206780 
206781 
206783 
206791 
206794 
206795 
206798 
206801 
206802 
206805 
206808 
206809 
206812 
206815 
206816 
469048 
469055 
469056 
469059 
469070 
469075 
469077 
469079 
469081 
469083 
469085 
469087 
469088 
469091 
469094 
469095 
469098 
469100 
469101 
469102 
469103 
469104 
469105 
469106 
469107 
469108 
469109 
469110 
469111 
469112 
469113 
469114 
469115 
469116 
469118 
469120 
469122 
469123 
469126 
469128 
469129 
469130 
469133 
469135 
469136 
469151 
469153 
469155 
469157 
469158 
469160 
469161 
469162 
469164 
469172 
469175 
469177 
469178 
469179 
469180 
469182 
469184 
469185 
469188 
469192 
469201 
469203 
469205 
469217 
469219 
469229 
469230 
469232 
469249 
469250 
469251 
469252 
469253 
469254 
469255 
469258 
207115 
207118 
207119 
207121 
207122 
207124 
207125 
207126 
469270 
207127 
469271 
207128 
469272 
207129 
469273 
207130 
469274 
207131 
469275 
207132 
469276 
207133 
207134 
207135 
207136 
207137 
207138 
207139 
207140 
207142 
207143 
207144 
207146 
207147 
469312 
469314 
469315 
469316 
469318 
469319 
469321 
469323 
469325 
469326 
469329 
469331 
469332 
207206 
207208 
207209 
207210 
469361 
469368 
469370 
469372 
469374 
469382 
469383 
469384 
469385 
469386 
469387 
469388 
469396 
469397 
469398 
469399 
469400 
469401 
469410 
469411 
469412 
469413 
469414 
469415 
469416 
207276 
207278 
207280 
469424 
207281 
469425 
207282 
469426 
207283 
207284 
469428 
207285 
207286 
469430 
207287 
469453 
469457 
469466 
469470 
469473 
469475 
469476 
469479 
469481 
469482 
469483 
469485 
207351 
207353 
207355 
207357 
469502 
469503 
469505 
469515 
469519 
469522 
469524 
469526 
469528 
469531 
207393 
207395 
207397 
207399 
469565 
469566 
469567 
469569 
469570 
469586 
469587 
469589 
207449 
469593 
469594 
207451 
469595 
469596 
207453 
469597 
207455 
207498 
207500 
207502 
207504 
207505 
207509 
207512 
207514 
207515 
207516 
207518 
207519 
207523 
207526 
469670 
207528 
469672 
207529 
207530 
469674 
207532 
207540 
207543 
207544 
207547 
469691 
469692 
207550 
469694 
207551 
469695 
207554 
469698 
469699 
207557 
469701 
207558 
207561 
207564 
207565 
469796 
469937 
469941 
469959 
469961 
469963 
469965 
469967 
469969 
469970 
469972 
469973 
469974 
469976 
469977 
469978 
469979 
469980 
469981 
469982 
469983 
469984 
469985 
469986 
469987 
469988 
469989 
469990 
469991 
469992 
469993 
469994 
469995 
469996 
469997 
469998 
470000 
470002 
470004 
470005 
207863 
207864 
470008 
470010 
207867 
470011 
207868 
470012 
207870 
207871 
470015 
470017 
207874 
470018 
207875 
207876 
207877 
207878 
207879 
207880 
207881 
207882 
207883 
207884 
207885 
207886 
207887 
207888 
207889 
470033 
207891 
470035 
207892 
470037 
207895 
470039 
207896 
470040 
470042 
470044 
470046 
470054 
470057 
470059 
470060 
470061 
470064 
470066 
470067 
470070 
470074 
470083 
470084 
470085 
470086 
470087 
470088 
207953 
207955 
470099 
470101 
207959 
470111 
470112 
470114 
470131 
470132 
470133 
470134 
470135 
470136 
470137 
470144 
470152 
470153 
470154 
470155 
470156 
470157 
470158 
470159 
470164 
208023 
208025 
208029 
208030 
208031 
208032 
208033 
208034 
208035 
208036 
470194 
470196 
470198 
470200 
470201 
470203 
470205 
470207 
470208 
470209 
470211 
470213 
470214 
208100 
208102 
208104 
208106 
470250 
470252 
470254 
470256 
470264 
470265 
470266 
470267 
470268 
470269 
470270 
470279 
470281 
470283 
208142 
208144 
208146 
208148 
470292 
470293 
470294 
470295 
470296 
470297 
470298 
470307 
470308 
470310 
470316 
208198 
208200 
208202 
208204 
470348 
470350 
470352 
470354 
470355 
470356 
470357 
470358 
470359 
470360 
470361 
470363 
470365 
470384 
208247 
208249 
208251 
208253 
470397 
208254 
470401 
208258 
470404 
208261 
208263 
208264 
208265 
470410 
208267 
208268 
470412 
208272 
208275 
208277 
208278 
208279 
208281 
208289 
208292 
208293 
208296 
208299 
208300 
208303 
470447 
470448 
470449 
208306 
208307 
470451 
470452 
208310 
208313 
208314 
470468 
470469 
470471 
470475 
470476 
470477 
470478 
470479 
470552 
470554 
470556 
470573 
470574 
470576 
470577 
470580 
470581 
470583 
470701 
470704 
470736 
470739 
208613 
470757 
470759 
208617 
208619 
208620 
208623 
208624 
208625 
208626 
208627 
208628 
208629 
208630 
208631 
208632 
208633 
208634 
208635 
208636 
208637 
208638 
208640 
208641 
208644 
208645 
470812 
470814 
470819 
470821 
470823 
470841 
470843 
470845 
470847 
208704 
470849 
470851 
208708 
470852 
470855 
470857 
470858 
470859 
470862 
470864 
470865 
470866 
470867 
470868 
470869 
470870 
470871 
470872 
470873 
470874 
470875 
470876 
470877 
470878 
470879 
470880 
470881 
470882 
470884 
470886 
470887 
470888 
470889 
470890 
470892 
470893 
470894 
470897 
470899 
470900 
470915 
470917 
208774 
470919 
470921 
208778 
470922 
208779 
208780 
470924 
208781 
470925 
208782 
470926 
208783 
208784 
470928 
208785 
470936 
470939 
470941 
470942 
470943 
470946 
470948 
470949 
470952 
470956 
470965 
470967 
470969 
470981 
470983 
208849 
470993 
470994 
208851 
470996 
208853 
208855 
471013 
471014 
471015 
471016 
471017 
471018 
471019 
471034 
208891 
471035 
471036 
208893 
471037 
471038 
208895 
471039 
471040 
208897 
471044 
471076 
471078 
471080 
471082 
471083 
471085 
471087 
471089 
471090 
208947 
208949 
471093 
208951 
471095 
471096 
208953 
471132 
471134 
471136 
471138 
471139 
208996 
208998 
209000 
471145 
209002 
471146 
209003 
471147 
471148 
471149 
471150 
209007 
471151 
471152 
209010 
209012 
209013 
209014 
209016 
209017 
471161 
471163 
209021 
471165 
209024 
209026 
209027 
209028 
209030 
471174 
471175 
471176 
471177 
471178 
471179 
471180 
209038 
209041 
209042 
471188 
209045 
471189 
471190 
471191 
209048 
471192 
209049 
471194 
209052 
209055 
209056 
209059 
209062 
209063 
471230 
471232 
471234 
471237 
471243 
471246 
471247 
471250 
471266 
471270 
471279 
471283 
471286 
471292 
471315 
471319 
471329 
471330 
471331 
471333 
471334 
471350 
471351 
471353 
471354 
471357 
471358 
471359 
471360 
471361 
471385 
471388 
471434 
471436 
471438 
471455 
471456 
471458 
471459 
471462 
471463 
471465 
209362 
209365 
209366 
209368 
209369 
209372 
209373 
209374 
209375 
209376 
209377 
209378 
209379 
209380 
209381 
209382 
209383 
209384 
209385 
209386 
209387 
209389 
209390 
209393 
209394 
209453 
209455 
209457 
209523 
209527 
209528 
209529 
209530 
209531 
209532 
209533 
209534 
471701 
471705 
471723 
471725 
471727 
471729 
471731 
471733 
471734 
471740 
471741 
209598 
209600 
471744 
209602 
471746 
471747 
209604 
471748 
471749 
471750 
471751 
471752 
471753 
471754 
471755 
471756 
471757 
471758 
471759 
471760 
471761 
471762 
471764 
471766 
471768 
471769 
471772 
471774 
471775 
471776 
471779 
471781 
471782 
209640 
209642 
209644 
209646 
471797 
471799 
471800 
471801 
471803 
471804 
471806 
471808 
471810 
471818 
471821 
471823 
471824 
471825 
471828 
471830 
471831 
471834 
471838 
209696 
209698 
209700 
209702 
471847 
471849 
471851 
471863 
471865 
471875 
471876 
471878 
209745 
209747 
209749 
209751 
471895 
209752 
471896 
471897 
471898 
471899 
471900 
471901 
471902 
209759 
471904 
209761 
209762 
209763 
471908 
209765 
209766 
209770 
471916 
209773 
471917 
471918 
209775 
471919 
209776 
471920 
209777 
471921 
471922 
209779 
209784 
209787 
209790 
209791 
209794 
209797 
209798 
209801 
209804 
209805 
209808 
209811 
209812 
471958 
471960 
471961 
471962 
471964 
471965 
471967 
471969 
471971 
471972 
471975 
471977 
471978 
472014 
472016 
472018 
472020 
472021 
472024 
472026 
472027 
472028 
472029 
472030 
472031 
472032 
472033 
472034 
472042 
472043 
472044 
472045 
472046 
472047 
472048 
472056 
472057 
472058 
472059 
472060 
472061 
472062 
472070 
472071 
472072 
472074 
472076 
472112 
472116 
472119 
472125 
472129 
472132 
472148 
472161 
472163 
472165 
472168 
472174 
472178 
472197 
472211 
472212 
472213 
472215 
472216 
472232 
472233 
472235 
472238 
472239 
472240 
472241 
472242 
472243 
472244 
210110 
210111 
210115 
210116 
210117 
210118 
210120 
210121 
210122 
210123 
210124 
210125 
210126 
472270 
210127 
210128 
210129 
210130 
210131 
210132 
210133 
210134 
210135 
210136 
210138 
210139 
210142 
210143 
472316 
472318 
472320 
472337 
472338 
472339 
472340 
472341 
210200 
472344 
472345 
210202 
472347 
210206 
210272 
210276 
210277 
210278 
210279 
210280 
210281 
210282 
210283 
472458 
472461 
210347 
472491 
210349 
210351 
210353 
472506 
472507 
472510 
210389 
210391 
472535 
210393 
210395 
472576 
472583 
472587 
210445 
210447 
210449 
210451 
472605 
472607 
472609 
472611 
472613 
472615 
472616 
472619 
472622 
472623 
472624 
472625 
472626 
472628 
472629 
472630 
472631 
472632 
472633 
472634 
472635 
472636 
472637 
210494 
472638 
472639 
210496 
472640 
472641 
210498 
472642 
472643 
210500 
472644 
210501 
472646 
472648 
472650 
472651 
210508 
472652 
210510 
472654 
210511 
210512 
472656 
472657 
210514 
472658 
210515 
472661 
210519 
472663 
472664 
210522 
210524 
210525 
210526 
210528 
210529 
472679 
210536 
472681 
210539 
472683 
210540 
472685 
472686 
210543 
472688 
472689 
210546 
472690 
210547 
472692 
210550 
210553 
210554 
472700 
210557 
472701 
472703 
210560 
210561 
472705 
472706 
472707 
472708 
472710 
472712 
472713 
472716 
472720 
472729 
472730 
472731 
472732 
472733 
472745 
472747 
472757 
472758 
472760 
472777 
472778 
472779 
472780 
472781 
472782 
472783 
472798 
472799 
472800 
472801 
472802 
472803 
472804 
472808 
472840 
472842 
472844 
472846 
472847 
472849 
472851 
472853 
472854 
472857 
472859 
472860 
472893 
472896 
472898 
472900 
472902 
472909 
472910 
472911 
472912 
472913 
472914 
472915 
472916 
472925 
472926 
472927 
472928 
472929 
472938 
472939 
472940 
472941 
472942 
472943 
472944 
472953 
472954 
472956 
472962 
472965 
472981 
472985 
472994 
472998 
473001 
210860 
473004 
473007 
210864 
210866 
210867 
473011 
210870 
473014 
210871 
210872 
210873 
210874 
210875 
210876 
210877 
210878 
210879 
210880 
210881 
210882 
210883 
210884 
210885 
473030 
210887 
210888 
210891 
210892 
473043 
473047 
473050 
473056 
473092 
473093 
210950 
473094 
210951 
473095 
473096 
473097 
210954 
473098 
210955 
473114 
473115 
473117 
473121 
473122 
473123 
473124 
473125 
211021 
211025 
211026 
211027 
211028 
211029 
211030 
211031 
211032 
473183 
473190 
473192 
473197 
473198 
473200 
473201 
473202 
473219 
473220 
473221 
473222 
473226 
473227 
473229 
211096 
211098 
211100 
211102 
211138 
211140 
211142 
211144 
211194 
211196 
211198 
211200 
473368 
473370 
473375 
473377 
211243 
211245 
211247 
211249 
211257 
211259 
211260 
211261 
211263 
211264 
473410 
211268 
211271 
211273 
211274 
211275 
211277 
211285 
211288 
211289 
211292 
211295 
211296 
211299 
211302 
211303 
211306 
211309 
211310 
473465 
473466 
473469 
473485 
473487 
473489 
473491 
473492 
473493 
473494 
473495 
473497 
473498 
473504 
473505 
473508 
473510 
473511 
473512 
473513 
473514 
473515 
473516 
473517 
473518 
473519 
473520 
473521 
473522 
473523 
473524 
473525 
473526 
473528 
473530 
473532 
473533 
473535 
473536 
473538 
473539 
473540 
473543 
473545 
473546 
473561 
473563 
473565 
473567 
473568 
473570 
473572 
473574 
473582 
473585 
473587 
473588 
473589 
473592 
473594 
473595 
473598 
473602 
473611 
473613 
473615 
473627 
473629 
473639 
473640 
473642 
473643 
473659 
473660 
473661 
473662 
473663 
473664 
473665 
473680 
473681 
473682 
473683 
473684 
473685 
473686 
473690 
473692 
473722 
473724 
473726 
473728 
473729 
473731 
473733 
473735 
473736 
473737 
473739 
473741 
473742 
211609 
211613 
211615 
211616 
211618 
211619 
211620 
211621 
211622 
211623 
211624 
211625 
211626 
211627 
211628 
211629 
211630 
211631 
211632 
211633 
211634 
473778 
473779 
211636 
473780 
211637 
473782 
211640 
473784 
211641 
473792 
473793 
473794 
473795 
473796 
473797 
473798 
473806 
473807 
473809 
473811 
473815 
473819 
473820 
473821 
473822 
473823 
473824 
473825 
473826 
473834 
473835 
473836 
473838 
473839 
211699 
211700 
211703 
211704 
473863 
473866 
473867 
473876 
473878 
473880 
473882 
473883 
473888 
473889 
473891 
473893 
473912 
211770 
473916 
211774 
211775 
211776 
211777 
211778 
473922 
211779 
211780 
211781 
473925 
473929 
473930 
473932 
473936 
473938 
473975 
473976 
473977 
473979 
473980 
211845 
211847 
211849 
211851 
473996 
473997 
473999 
474003 
474004 
474005 
474006 
474007 
211887 
211889 
211891 
211893 
474067 
474074 
474080 
474082 
474084 
211943 
211945 
211947 
211949 
474101 
474102 
474104 
474108 
474109 
474111 
211992 
211994 
211996 
211998 
212006 
212008 
212009 
212010 
212012 
212013 
212017 
212020 
212022 
212023 
212024 
212026 
212027 
212031 
212034 
212037 
212038 
212041 
212044 
212045 
212048 
212051 
212052 
212055 
212058 
212059 
474221 
474225 
474228 
474271 
474292 
474347 
474351 
474369 
474371 
474373 
474375 
474377 
474379 
474380 
474383 
474385 
474386 
474387 
474390 
474392 
474393 
474394 
474395 
474396 
474397 
474398 
474399 
474400 
474401 
474402 
474403 
474404 
474405 
474406 
474407 
474408 
474410 
474412 
474414 
474415 
474416 
474418 
474419 
474420 
474421 
474422 
474425 
474427 
474428 
474443 
474445 
474447 
474449 
474450 
474452 
474454 
474456 
474464 
474467 
474469 
474470 
474471 
474474 
474476 
474477 
474492 
474493 
474495 
474497 
474498 
212358 
212362 
212363 
212364 
212365 
474509 
474511 
212368 
212369 
212370 
212371 
212372 
212373 
212374 
212375 
212376 
474520 
212377 
474521 
212378 
474522 
212379 
212380 
474524 
212381 
474525 
212382 
212383 
212385 
212386 
212387 
212389 
212390 
474541 
474542 
474543 
474544 
474545 
474546 
474547 
474562 
474563 
474564 
474565 
474566 
474567 
474568 
212447 
212448 
212449 
212451 
212452 
212453 
474604 
474605 
474606 
474608 
474610 
474611 
474613 
474615 
474617 
474618 
474621 
474623 
474624 
474660 
474662 
212519 
474664 
474666 
212523 
212524 
212525 
212526 
212527 
212528 
212529 
212530 
474674 
474675 
474676 
474677 
474678 
474679 
474680 
474689 
474691 
474693 
474702 
474703 
474704 
474705 
474706 
474707 
474708 
474716 
474717 
474718 
474719 
474720 
474721 
474722 
474726 
212594 
212596 
212598 
212600 
474758 
474759 
474762 
474763 
474765 
474771 
474775 
474778 
212636 
212638 
212640 
212642 
474794 
474807 
474811 
474814 
474818 
474820 
212692 
212694 
212695 
212696 
212698 
474857 
474858 
474859 
474860 
474861 
474862 
474878 
474879 
474881 
474883 
212741 
474885 
474886 
212743 
474887 
474888 
212745 
474889 
474890 
212747 
212755 
212757 
212758 
212759 
212761 
212762 
212766 
212769 
212771 
212772 
212773 
212775 
212783 
212786 
212787 
212790 
212793 
474937 
212794 
474940 
212797 
474941 
212800 
474944 
212801 
212804 
212807 
212808 
474953 
474962 
474964 
474966 
474983 
474984 
474985 
474986 
474987 
474988 
474990 
474991 
474993 
475229 
475230 
475233 
475248 
475249 
213107 
475251 
475253 
213111 
475255 
475256 
213113 
475257 
213114 
475259 
213116 
213117 
475261 
213118 
475262 
213119 
213120 
213121 
213122 
213123 
213124 
475268 
213125 
475269 
213126 
213127 
213128 
475272 
213129 
213130 
475274 
213131 
475275 
213132 
475276 
475277 
213134 
475278 
213135 
475279 
475280 
475281 
213138 
475282 
213139 
475283 
475284 
475285 
475286 
475287 
475288 
475289 
475290 
475292 
475294 
475296 
475297 
475300 
475302 
475303 
475304 
475307 
475309 
475310 
475325 
475327 
475329 
475331 
475332 
475334 
475335 
475336 
475338 
213196 
213197 
213198 
213202 
475346 
475349 
475351 
475352 
475353 
475354 
475356 
475358 
475359 
475362 
475366 
475375 
475377 
475379 
475391 
475393 
475403 
475404 
475405 
475406 
475408 
213268 
213272 
213273 
213274 
213275 
213276 
213277 
213278 
213279 
475423 
475424 
475425 
475426 
475427 
475428 
475429 
475444 
475445 
475446 
475447 
475448 
475449 
475450 
475454 
475486 
213343 
475488 
213345 
475490 
213347 
475492 
213349 
475493 
475495 
475497 
475499 
475500 
475503 
475505 
475506 
213385 
213386 
213387 
213389 
213390 
213391 
475535 
475541 
475542 
475544 
475546 
475548 
475549 
475555 
475556 
475557 
475558 
475559 
475560 
475561 
475562 
475570 
475571 
475573 
475574 
475575 
475584 
213441 
475585 
475586 
213443 
475587 
475588 
213445 
475589 
475590 
213447 
475598 
475599 
475600 
475602 
475608 
475611 
475627 
475631 
213490 
213492 
213494 
213496 
475640 
475644 
475647 
213504 
213506 
213507 
213508 
475653 
213510 
213511 
475657 
213515 
213518 
213520 
213521 
213522 
213524 
213525 
213532 
475676 
213535 
213536 
213539 
213542 
213543 
475689 
213546 
213549 
475693 
213550 
475696 
213553 
213556 
475700 
213557 
475702 
475706 
475739 
475740 
475741 
475743 
475744 
475753 
475760 
475761 
475763 
475767 
475768 
475769 
475770 
475771 
475788 
475844 
475846 
475848 
475865 
475866 
475868 
475872 
475873 
475875 
213778 
475985 
475992 
213855 
213856 
213859 
213860 
213862 
213863 
213866 
213867 
213868 
213869 
213870 
213871 
213872 
213873 
213874 
213875 
213876 
213877 
213878 
213879 
213880 
213881 
213883 
213884 
213887 
213888 
213947 
213951 
476111 
476115 
476133 
476135 
476137 
476139 
476141 
476143 
476144 
476150 
476151 
476154 
476156 
476157 
476158 
476159 
476160 
214017 
476161 
476162 
476163 
476164 
214021 
476165 
214022 
476166 
214023 
476167 
214024 
476168 
214025 
476169 
214026 
476170 
214027 
476171 
214028 
476172 
476174 
476176 
476178 
476179 
476182 
476184 
476185 
476186 
476189 
476191 
476192 
476207 
476209 
476211 
476213 
476214 
476216 
476218 
476220 
476228 
476231 
476233 
476234 
476235 
214092 
214094 
476238 
214096 
476240 
476241 
214098 
476244 
476248 
476257 
476258 
476259 
476260 
476261 
476271 
476274 
476276 
214134 
214136 
214138 
214140 
476284 
476285 
476288 
476289 
476305 
476306 
476307 
476308 
476309 
476310 
476311 
476314 
476318 
476326 
476327 
476328 
476329 
476330 
476331 
476332 
214190 
476334 
476335 
214192 
476336 
214194 
476339 
214196 
476368 
476370 
476371 
476372 
476374 
476375 
476376 
476379 
476381 
476382 
214239 
476383 
214241 
476385 
214243 
476387 
476388 
214245 
214253 
214255 
214256 
214257 
214259 
214260 
214264 
214267 
214269 
214270 
214271 
214273 
476424 
214281 
476425 
476426 
214284 
476428 
214285 
476430 
214288 
214291 
214292 
476438 
214295 
476439 
476440 
476441 
214298 
476442 
214299 
476443 
476444 
214302 
214305 
214306 
476452 
476453 
476455 
476457 
476466 
476467 
476468 
476469 
476470 
476471 
476472 
476481 
476482 
476484 
476490 
476493 
476522 
476526 
476529 
476533 
476535 
476537 
476539 
476541 
476558 
476571 
476575 
476578 
476584 
476588 
476607 
476621 
476622 
476623 
476624 
476625 
476626 
476642 
476643 
476645 
476649 
476650 
476651 
476652 
476653 
476664 
476701 
476726 
476728 
476730 
476747 
214604 
476748 
214605 
476749 
476750 
214609 
476754 
214611 
476755 
214612 
476757 
214615 
214616 
214617 
214618 
214619 
214620 
214621 
214622 
214623 
214624 
214625 
214626 
214627 
214628 
214629 
214630 
214632 
214633 
214636 
214637 
214696 
214699 
214700 
476875 
476878 
214766 
214768 
214770 
214771 
214772 
214773 
214774 
214775 
214776 
214777 
214841 
214843 
214845 
214847 
476993 
476994 
476997 
477013 
477015 
477017 
477019 
477021 
477022 
477023 
477025 
477026 
214883 
214885 
214887 
477032 
214889 
477033 
477036 
477038 
477039 
477040 
477041 
477042 
477043 
477044 
477045 
477046 
477047 
477048 
477049 
477050 
477051 
477052 
477053 
477054 
477056 
477058 
477060 
477061 
477064 
477066 
477067 
477068 
477071 
477073 
477074 
214939 
214941 
214943 
214945 
477103 
477105 
477107 
477109 
477113 
477114 
477116 
477124 
477127 
477129 
477130 
214988 
214990 
477134 
214992 
477136 
477137 
214994 
215002 
215004 
215005 
215006 
215008 
215009 
215013 
215016 
215018 
215019 
215020 
215022 
215030 
215033 
215034 
215037 
215040 
215041 
477187 
215044 
477189 
477190 
215047 
477191 
215048 
477193 
215051 
477195 
477196 
477197 
215054 
215055 
477200 
477201 
477202 
477204 
477206 
477207 
477243 
477245 
477247 
477249 
477257 
477258 
477259 
477260 
477261 
477262 
477263 
477272 
477274 
477276 
477285 
477286 
477287 
477288 
477289 
477290 
477291 
477300 
477301 
477303 
477341 
477345 
477348 
477352 
477354 
477358 
477377 
477379 
477385 
477390 
477394 
477395 
477397 
477399 
477401 
477403 
477439 
477440 
477441 
477442 
477444 
477445 
477461 
477462 
477464 
477468 
477469 
477470 
477471 
477472 
477483 
215354 
215358 
215359 
215360 
215361 
215364 
215365 
215366 
215367 
215368 
215369 
215370 
215371 
215372 
215373 
215374 
215375 
215376 
215377 
215378 
215379 
215381 
215382 
215385 
215386 
477541 
477545 
477547 
477549 
477566 
477567 
477568 
477569 
477571 
477572 
477573 
477574 
477576 
477578 
215444 
215445 
215447 
215448 
215449 
477640 
215515 
215519 
477663 
215520 
215521 
215522 
215523 
477667 
215524 
215525 
215526 
477691 
477705 
477706 
477710 
215590 
215592 
215594 
215596 
477750 
477752 
477764 
215632 
215634 
215636 
215638 
477782 
477799 
477800 
477813 
477814 
477820 
477821 
477822 
477827 
477828 
477831 
215688 
215690 
477834 
215692 
477836 
215694 
477841 
477855 
477859 
477869 
477871 
477873 
477876 
477877 
477878 
477880 
215737 
215739 
215741 
215743 
215744 
215748 
477894 
215751 
215753 
215754 
477898 
215755 
215757 
477901 
215758 
477903 
215762 
477906 
477908 
215765 
215767 
215768 
215769 
477913 
215771 
215779 
477924 
215782 
215783 
477927 
215786 
477931 
215789 
215790 
477934 
215793 
215796 
215797 
215800 
477945 
215803 
215804 
477948 
477950 
477951 
477954 
477955 
477959 
477962 
477968 
477971 
477975 
477978 
477982 
477985 
477989 
477990 
477994 
477996 
478001 
478004 
478008 
478010 
478013 
478015 
478018 
478022 
478024 
478025 
478034 
478038 
478039 
478041 
478042 
478045 
478046 
478048 
478050 
478052 
478053 
478055 
478059 
478072 
478074 
478076 
478078 
478080 
478081 
478090 
478092 
478095 
478105 
478109 
478111 
478116 
478129 
478139 
478143 
478144 
478148 
478153 
478155 
478157 
478158 
478160 
478162 
478165 
216026 
478171 
478176 
478178 
478179 
478185 
478190 
478192 
478196 
478199 
478202 
478204 
478206 
478207 
478209 
478210 
478213 
478216 
478218 
478220 
478221 
478224 
478227 
478230 
478232 
478234 
478235 
478238 
478241 
478244 
216102 
216103 
478248 
216106 
216107 
478251 
216109 
216110 
478255 
216113 
216114 
216115 
216116 
478260 
216117 
216118 
478262 
216119 
216120 
216121 
216122 
216123 
216124 
216125 
216126 
216127 
216128 
216130 
216131 
216134 
216135 
216193 
216194 
216197 
216198 
216264 
216268 
216269 
216270 
216271 
216272 
216273 
216274 
216275 
478475 
478478 
478479 
478480 
478482 
216339 
216341 
478485 
478486 
216343 
478487 
216345 
478489 
478492 
478493 
478494 
216381 
216383 
216385 
216387 
216437 
478581 
478582 
216439 
478583 
216441 
478585 
216443 
216486 
216488 
216490 
216492 
216500 
216502 
216503 
216504 
216506 
216507 
216511 
216514 
216516 
216517 
216518 
216520 
216521 
216528 
216531 
216532 
216535 
216538 
216539 
216542 
216545 
216546 
216549 
216552 
216553 
478790 
478793 
478794 
478795 
216768 
216771 
216774 
216852 
216855 
216856 
216858 
216859 
216862 
216863 
216864 
216865 
216866 
216867 
216868 
216869 
216870 
216871 
216872 
216873 
216874 
216875 
216876 
216877 
216879 
216880 
216883 
216884 
479063 
479064 
479065 
479066 
479067 
479068 
479069 
479070 
479071 
479072 
479073 
479074 
479075 
479076 
216942 
216943 
216946 
216947 
479098 
479099 
479100 
479101 
479102 
479103 
479104 
479105 
479106 
479107 
479108 
479109 
479110 
479111 
479112 
479113 
479114 
479115 
479116 
479117 
479118 
479119 
479120 
479121 
479122 
479123 
479124 
479125 
217011 
217013 
217017 
217018 
217019 
217020 
217021 
217022 
217023 
217024 
479168 
479169 
479170 
479171 
479172 
479173 
479174 
479175 
479176 
479177 
479178 
479179 
479180 
479181 
479182 
479183 
479184 
479185 
479186 
479187 
479188 
479189 
479190 
479191 
479192 
479193 
479194 
479195 
479196 
479197 
479198 
479199 
479200 
479201 
479202 
479203 
479204 
479205 
479206 
479207 
479208 
479209 
217088 
217090 
217092 
217094 
479252 
479253 
479254 
479255 
479256 
479257 
479258 
479259 
479260 
479261 
479262 
479263 
479264 
479265 
479266 
479267 
479268 
479269 
479270 
479271 
479272 
479273 
217130 
479274 
479275 
217132 
479276 
479277 
217134 
479278 
479279 
217136 
479280 
479281 
479282 
479283 
479284 
479285 
479286 
217186 
217188 
217190 
217192 
479336 
479337 
479338 
479339 
479340 
479341 
479342 
479343 
479344 
479345 
479346 
479347 
479348 
479349 
479350 
479351 
479352 
479353 
479354 
479355 
479356 
479357 
479358 
479359 
479360 
479361 
479362 
479363 
479364 
479365 
479366 
479367 
479368 
479369 
479370 
479371 
479372 
479373 
479374 
479375 
479376 
479377 
217235 
217237 
217239 
217241 
217246 
217249 
217251 
217252 
217253 
217255 
479399 
217256 
479400 
479401 
479402 
479403 
217260 
479404 
479405 
479406 
217263 
479407 
217264 
479408 
217265 
479409 
217266 
479410 
217267 
479411 
479412 
217269 
479413 
479414 
479415 
479416 
479417 
479418 
479419 
479420 
217277 
479421 
479422 
479423 
217280 
479424 
217281 
479425 
479426 
479427 
217284 
479428 
479429 
479430 
217287 
479431 
217288 
479432 
479433 
479434 
217291 
479435 
479436 
479437 
217294 
479438 
217295 
479439 
479440 
217298 
217301 
217302 
479455 
479456 
479457 
479458 
479459 
479460 
479461 
479462 
479463 
479464 
479465 
479466 
479467 
479468 
479469 
479470 
479471 
479472 
479473 
479474 
479475 
479476 
479477 
479478 
479479 
479480 
479481 
479482 
479483 
479484 
479485 
479486 
479487 
479488 
479489 
479511 
479512 
479513 
479514 
479515 
479516 
479517 
479518 
479519 
479520 
479521 
479522 
479523 
479524 
479525 
479526 
479527 
479528 
479529 
479530 
479531 
479532 
479533 
479534 
479535 
479536 
479537 
479538 
479539 
479540 
479541 
479542 
479543 
479544 
479545 
479546 
479547 
479548 
479549 
479550 
479551 
479552 
479553 
479554 
479555 
479556 
479557 
479558 
479559 
479560 
479561 
479562 
479563 
479564 
479565 
479566 
479567 
479568 
479569 
479570 
479571 
479572 
479573 
479574 
479575 
479576 
479577 
479578 
479579 
479580 
479742 
479743 
217600 
479744 
217601 
479745 
479746 
479747 
217604 
479748 
217605 
479749 
479750 
217607 
479751 
217608 
479752 
479753 
479754 
217611 
479755 
217612 
217613 
217614 
217615 
217616 
217617 
217618 
217619 
217620 
217621 
217622 
217623 
217624 
217625 
217626 
479770 
479771 
217628 
479772 
217629 
479773 
479774 
479775 
217632 
479776 
217633 
479777 
479778 
479779 
479780 
479781 
479782 
479783 
479784 
479785 
479786 
479787 
479788 
479789 
479790 
479812 
479813 
479814 
479815 
479816 
479817 
479818 
217691 
217692 
217695 
217696 
479861 
479862 
479863 
479864 
479865 
479866 
479867 
479868 
479869 
479870 
479871 
479872 
479873 
479874 
479896 
479897 
479898 
479899 
479900 
479901 
479902 
479903 
479904 
479905 
217762 
479906 
479907 
479908 
479909 
217766 
479910 
217767 
479911 
217768 
479912 
217769 
479913 
217770 
479914 
217771 
479915 
217772 
479916 
217773 
479917 
479918 
479919 
479920 
479921 
479922 
479923 
479924 
479925 
479926 
479927 
479928 
479929 
479930 
479931 
479932 
479933 
479934 
479935 
479936 
479937 
217837 
217839 
217841 
217843 
217879 
217881 
217883 
217885 
217935 
217937 
217939 
217941 
480099 
480100 
480101 
480102 
480103 
480104 
480105 
480106 
480107 
480108 
480109 
480110 
480111 
480112 
480127 
217984 
480128 
480129 
217986 
480130 
480131 
217988 
480132 
480133 
217990 
480134 
217991 
480135 
480136 
480137 
480138 
217995 
480139 
480140 
480141 
217998 
480142 
480143 
218000 
480144 
218001 
480145 
218002 
480146 
480147 
218004 
218005 
218009 
218012 
218014 
218015 
218016 
218018 
480169 
218026 
480170 
480171 
480172 
218029 
480173 
218030 
480174 
480175 
218033 
218036 
218037 
218040 
218043 
218044 
218047 
218050 
218051 
480218 
480219 
480220 
480221 
480222 
480223 
480224 
480225 
480226 
480227 
480228 
480229 
480230 
480231 
480253 
480254 
480255 
480256 
480257 
480258 
480259 
480260 
480261 
480262 
480263 
480264 
480265 
480266 
480267 
480268 
480269 
480270 
480271 
480272 
480273 
480274 
480275 
480276 
480277 
480278 
480279 
480280 
480281 
480282 
480283 
480284 
480285 
480286 
480287 
480288 
480289 
480290 
480291 
480292 
480293 
480294 
218270 
480456 
480457 
480458 
480459 
480460 
480461 
480462 
480463 
480464 
480465 
480466 
480467 
480468 
480469 
480484 
480485 
480486 
480487 
480488 
480489 
480490 
480491 
480492 
218349 
480493 
218350 
480494 
480495 
480496 
218353 
480497 
218354 
480498 
218355 
480499 
218356 
480500 
218357 
480501 
480502 
480503 
218360 
480504 
218361 
218362 
218363 
218364 
218365 
218366 
218367 
218368 
218369 
218370 
218371 
218372 
218373 
218374 
218375 
218377 
218378 
218381 
218382 
480526 
480527 
480528 
480529 
480530 
480531 
480532 
480575 
480576 
480577 
480578 
480579 
480580 
480581 
480582 
480583 
480584 
218441 
480585 
480586 
480587 
218444 
480588 
218445 
480610 
480611 
480612 
480613 
480614 
480615 
480616 
480617 
480618 
480619 
480620 
480621 
480622 
480623 
480624 
480625 
480626 
480627 
480628 
480629 
480630 
480631 
480632 
480633 
480634 
480635 
480636 
480637 
480638 
480639 
480640 
480641 
480642 
480643 
480644 
480645 
480646 
480647 
480648 
480649 
480650 
480651 
218511 
218513 
218515 
218516 
218517 
218518 
218519 
218520 
218521 
218522 
218586 
218588 
218590 
218592 
218628 
218630 
218632 
218633 
218634 
480813 
480814 
480815 
480816 
480817 
480818 
480819 
480820 
480821 
480822 
480823 
480824 
480825 
480826 
218684 
218686 
218687 
218688 
218690 
480841 
480842 
480843 
480844 
480845 
480846 
480847 
480848 
480849 
480850 
480851 
480852 
480853 
480854 
480855 
480856 
480857 
480858 
480859 
480860 
480861 
218733 
218735 
218737 
218739 
480883 
480884 
480885 
480886 
480887 
480888 
480889 
218747 
218749 
218750 
218751 
218753 
218754 
218758 
218761 
218763 
218764 
218765 
218767 
218775 
218778 
218779 
218782 
218785 
218786 
480932 
218789 
480933 
480934 
480935 
218792 
480936 
218793 
480937 
480938 
480939 
218796 
480940 
480941 
480942 
218799 
480943 
218800 
480944 
480945 
480967 
480968 
480969 
480970 
480971 
480972 
480973 
480974 
480975 
480976 
480977 
480978 
480979 
480980 
480981 
480982 
480983 
480984 
480985 
480986 
480987 
480988 
480989 
480990 
480991 
480992 
480993 
480994 
480995 
480996 
480997 
480998 
480999 
481000 
481001 
481002 
481003 
481004 
481005 
481006 
481007 
481008 
219022 
481170 
481171 
481172 
481173 
481174 
481175 
481176 
481177 
481178 
481179 
481180 
481181 
481182 
481183 
481198 
481199 
481200 
481201 
481202 
481203 
481204 
481205 
481206 
481207 
481208 
481209 
481210 
481211 
481212 
481213 
481214 
481215 
481216 
481217 
481218 
481240 
481241 
219098 
481242 
219099 
481243 
481244 
481245 
481246 
219103 
219105 
219106 
219109 
219110 
219111 
219112 
219113 
219114 
219115 
219116 
219117 
219118 
219119 
219120 
219121 
219122 
219123 
219124 
219126 
219127 
219130 
219131 
481289 
481290 
481291 
481292 
481293 
481294 
481295 
481296 
481297 
481298 
481299 
481300 
481301 
481302 
481324 
481325 
481326 
481327 
481328 
481329 
481330 
481331 
481332 
219189 
481333 
219190 
481334 
481335 
481336 
219193 
481337 
219194 
481338 
481339 
481340 
481341 
481342 
481343 
481344 
481345 
481346 
481347 
481348 
481349 
481350 
481351 
481352 
481353 
481354 
481355 
481356 
481357 
481358 
481359 
481360 
481361 
481362 
481363 
481364 
481365 
219260 
219264 
219265 
219266 
219267 
219268 
219269 
219270 
219271 
219335 
219337 
219339 
219341 
219377 
219378 
219379 
219381 
219382 
219383 
481527 
481528 
481529 
481530 
481531 
481532 
481533 
481534 
481535 
481536 
481537 
481538 
481539 
481540 
481555 
481556 
481557 
481558 
481559 
481560 
481561 
481562 
481563 
481564 
481565 
481566 
481567 
481568 
481569 
481570 
481571 
481572 
481573 
481574 
481575 
219433 
219435 
219437 
219439 
481597 
481598 
481599 
481600 
481601 
481602 
481603 
219482 
219484 
219486 
219488 
219496 
219498 
219499 
219500 
219502 
481646 
219503 
481647 
481648 
481649 
481650 
219507 
481651 
481652 
481653 
219510 
481654 
481655 
219512 
481656 
219513 
481657 
219514 
481658 
481659 
219516 
219521 
219524 
219527 
219528 
219531 
219534 
219535 
481681 
219538 
481682 
481683 
481684 
219541 
481685 
219542 
481686 
481687 
481688 
219545 
481689 
481690 
481691 
219548 
481692 
219549 
481693 
481694 
481695 
481696 
481697 
481698 
481699 
481700 
481701 
481702 
481703 
481704 
481705 
481706 
481707 
481708 
481709 
481710 
481711 
481712 
481713 
481714 
481715 
481716 
481717 
481718 
481719 
481720 
481721 
481722 
481884 
481885 
481886 
481887 
481888 
481889 
481890 
481891 
481892 
481893 
481894 
481895 
481896 
481897 
481912 
481913 
481914 
481915 
481916 
481917 
481918 
481919 
481920 
481921 
481922 
481923 
481924 
481925 
481926 
481927 
481928 
481929 
481930 
481931 
481932 
481954 
481955 
481956 
481957 
481958 
481959 
481960 
219848 
219851 
219852 
219854 
219855 
219858 
219859 
482003 
219860 
482004 
219861 
482005 
219862 
482006 
219863 
482007 
219864 
482008 
219865 
482009 
219866 
482010 
219867 
482011 
219868 
482012 
219869 
482013 
219870 
482014 
219871 
482015 
219872 
482016 
219873 
219875 
219876 
219879 
219880 
482038 
482039 
482040 
482041 
482042 
482043 
482044 
482045 
482046 
482047 
482048 
482049 
482050 
482051 
482052 
482053 
482054 
482055 
482056 
482057 
482058 
482059 
482060 
482061 
482062 
482063 
482064 
482065 
482066 
482067 
482068 
482069 
482070 
482071 
482072 
482073 
482074 
482075 
482076 
482077 
482078 
482079 
219938 
219939 
219942 
219943 
220009 
220013 
220014 
220015 
220016 
220017 
220018 
220019 
220020 
220084 
220086 
220088 
220090 
482241 
482242 
482243 
482244 
482245 
482246 
482247 
482248 
482249 
482250 
482251 
482252 
482253 
482254 
482269 
220126 
482270 
482271 
220128 
482272 
482273 
220130 
482274 
482275 
220132 
482276 
482277 
482278 
482279 
482280 
482281 
482282 
482283 
482284 
482285 
482286 
482287 
482288 
482289 
482311 
482312 
482313 
482314 
482315 
482316 
482317 
220182 
220184 
220186 
220188 
482360 
482361 
482362 
482363 
482364 
482365 
482366 
482367 
482368 
482369 
482370 
482371 
482372 
482373 
220231 
220233 
220235 
220237 
220245 
220247 
220248 
220249 
220251 
482395 
220252 
482396 
482397 
482398 
482399 
220256 
482400 
482401 
482402 
220259 
482403 
482404 
220261 
482405 
220262 
482406 
220263 
482407 
482408 
220265 
482409 
482410 
482411 
482412 
482413 
482414 
482415 
482416 
220273 
482417 
482418 
482419 
220276 
482420 
220277 
482421 
482422 
482423 
220280 
482424 
482425 
482426 
220283 
482427 
220284 
482428 
482429 
482430 
220287 
482431 
482432 
482433 
220290 
482434 
220291 
482435 
482436 
220294 
220297 
220298 
482598 
482599 
482600 
482601 
482602 
482603 
482604 
482605 
482606 
482607 
482608 
482609 
482610 
482611 
482626 
482627 
482628 
482629 
482630 
482631 
482632 
482633 
482634 
482635 
482636 
482637 
482638 
482639 
482640 
482641 
482642 
482643 
482644 
482645 
482646 
220519 
482668 
482669 
482670 
482671 
482672 
482673 
482674 
482717 
482718 
482719 
482720 
482721 
482722 
482723 
482724 
482725 
482726 
482727 
482728 
482729 
482730 
220597 
220601 
220602 
220603 
220604 
220607 
220608 
482752 
220609 
482753 
220610 
482754 
220611 
482755 
220612 
482756 
220613 
482757 
220614 
482758 
220615 
482759 
220616 
482760 
220617 
482761 
220618 
482762 
220619 
482763 
220620 
482764 
220621 
482765 
220622 
482766 
482767 
220624 
482768 
220625 
482769 
482770 
482771 
220628 
482772 
220629 
482773 
482774 
482775 
482776 
482777 
482778 
482779 
482780 
482781 
482782 
482783 
482784 
482785 
482786 
482787 
482788 
482789 
482790 
482791 
482792 
482793 
220687 
220688 
220691 
220692 
220758 
220762 
220763 
220764 
220765 
220766 
220767 
220768 
220769 
482955 
482956 
482957 
482958 
482959 
482960 
482961 
482962 
482963 
482964 
482965 
482966 
482967 
482968 
220833 
220835 
220837 
220839 
482983 
482984 
482985 
482986 
482987 
482988 
482989 
482990 
482991 
482992 
482993 
482994 
482995 
482996 
482997 
482998 
482999 
483000 
483001 
483002 
483003 
220875 
220877 
220879 
220881 
483025 
483026 
483027 
483028 
483029 
483030 
483031 
483074 
220931 
483075 
483076 
220933 
483077 
483078 
220935 
483079 
483080 
220937 
483081 
483082 
483083 
483084 
483085 
483086 
483087 
483109 
483110 
483111 
483112 
483113 
483114 
483115 
483116 
483117 
483118 
483119 
483120 
483121 
483122 
483123 
220980 
483124 
483125 
220982 
483126 
483127 
220984 
483128 
483129 
220986 
483130 
483131 
483132 
483133 
483134 
483135 
483136 
483137 
220994 
483138 
483139 
220996 
483140 
220997 
483141 
220998 
483142 
220999 
483143 
221000 
483144 
221001 
483145 
483146 
483147 
483148 
221005 
483149 
483150 
221008 
221010 
221011 
221012 
221014 
221022 
221025 
221026 
221029 
221032 
221033 
221036 
221039 
221040 
221043 
221046 
221047 
483312 
483313 
483314 
483315 
483316 
483317 
483318 
483319 
483320 
483321 
483322 
483323 
483324 
483325 
483340 
483341 
483342 
483343 
483344 
483345 
483346 
483347 
483348 
483349 
483350 
483351 
483352 
483353 
483354 
483355 
483356 
483357 
483358 
483359 
483360 
483382 
483383 
483384 
483385 
483386 
483387 
483388 
221268 
483431 
483432 
483433 
483434 
483435 
483436 
483437 
483438 
483439 
483440 
483441 
483442 
483443 
483444 
483466 
483467 
483468 
483469 
483470 
483471 
483472 
483473 
483474 
483475 
483476 
483477 
483478 
483479 
483480 
483481 
483482 
483483 
483484 
483485 
483486 
483487 
483488 
483489 
221346 
483490 
483491 
483492 
483493 
221350 
483494 
483495 
221352 
483496 
221353 
483497 
483498 
483499 
221356 
483500 
221357 
483501 
221358 
483502 
221359 
483503 
221360 
483504 
221361 
483505 
221362 
483506 
221363 
483507 
221364 
221365 
221366 
221367 
221368 
221369 
221370 
221371 
221373 
221374 
221377 
221378 
221435 
221437 
221441 
221507 
221511 
221512 
221513 
221514 
221515 
221516 
221517 
221518 
483669 
483670 
483671 
483672 
483673 
483674 
483675 
483676 
483677 
483678 
483679 
483680 
483681 
483682 
483697 
483698 
483699 
483700 
483701 
483702 
483703 
483704 
483705 
483706 
483707 
483708 
483709 
483710 
483711 
483712 
483713 
483714 
483715 
483716 
483717 
221582 
221584 
221586 
221588 
483739 
483740 
483741 
483742 
483743 
483744 
483745 
221624 
221626 
221628 
221630 
483788 
483789 
483790 
483791 
483792 
483793 
483794 
483795 
483796 
483797 
483798 
483799 
483800 
483801 
483823 
221680 
483824 
483825 
221682 
483826 
483827 
221684 
483828 
483829 
221686 
483830 
483831 
483832 
483833 
483834 
483835 
483836 
483837 
483838 
483839 
483840 
483841 
483842 
483843 
483844 
483845 
483846 
483847 
483848 
483849 
483850 
483851 
483852 
483853 
483854 
483855 
483856 
483857 
483858 
483859 
483860 
483861 
483862 
483863 
483864 
221729 
221731 
221733 
221735 
221740 
221743 
221745 
221746 
221747 
221749 
221750 
221754 
221757 
221759 
221760 
221761 
221763 
221771 
221774 
221775 
221778 
221781 
221782 
221785 
221788 
221789 
221792 
221795 
221796 
484026 
484027 
484028 
484029 
484030 
484031 
484032 
484033 
484034 
484035 
484036 
484037 
484038 
484039 
484054 
484055 
484056 
484057 
484058 
484059 
484060 
484061 
484062 
484063 
484064 
484065 
484066 
484067 
484068 
484069 
484070 
484071 
484072 
484073 
484074 
484096 
484097 
484098 
484099 
484100 
484101 
484102 
484145 
484146 
484147 
484148 
484149 
484150 
484151 
484152 
484153 
484154 
484155 
484156 
484157 
484158 
484180 
484181 
484182 
484183 
484184 
484185 
484186 
484187 
484188 
484189 
484190 
484191 
484192 
484193 
484194 
484195 
484196 
484197 
484198 
484199 
484200 
484201 
484202 
484203 
484204 
484205 
484206 
484207 
484208 
484209 
484210 
484211 
484212 
484213 
484214 
484215 
484216 
484217 
484218 
484219 
484220 
484221 
222095 
222099 
222101 
222102 
222105 
222106 
222107 
222108 
222109 
222110 
222111 
222112 
222113 
222114 
222115 
222116 
222117 
222118 
222119 
222120 
222122 
222123 
222126 
222127 
222184 
222186 
222188 
222190 
484383 
484384 
484385 
484386 
484387 
484388 
484389 
484390 
484391 
484392 
484393 
484394 
484395 
484396 
222256 
222260 
222261 
222262 
222263 
222264 
222265 
222266 
222267 
484411 
484412 
484413 
484414 
484415 
484416 
484417 
484418 
484419 
484420 
484421 
484422 
484423 
484424 
484425 
484426 
484427 
484428 
484429 
484430 
484431 
484453 
484454 
484455 
484456 
484457 
484458 
484459 
222331 
222333 
222335 
222337 
484502 
484503 
484504 
484505 
484506 
484507 
484508 
484509 
484510 
484511 
484512 
484513 
484514 
484515 
222373 
222375 
222377 
222379 
484537 
484538 
484539 
484540 
484541 
484542 
484543 
484544 
484545 
484546 
484547 
484548 
484549 
484550 
484551 
484552 
484553 
484554 
484555 
484556 
484557 
484558 
484559 
484560 
484561 
484562 
484563 
484564 
484565 
484566 
484567 
484568 
484569 
484570 
484571 
484572 
222429 
484573 
484574 
222431 
484575 
484576 
222433 
484577 
484578 
222435 
222478 
222480 
222482 
222484 
222492 
222494 
222495 
222496 
222498 
222499 
222503 
222506 
222508 
222509 
222510 
222512 
222520 
222523 
222524 
222527 
222530 
222531 
222534 
222537 
222538 
222541 
222544 
222545 
484740 
484741 
484742 
484743 
484744 
484745 
484746 
484747 
484748 
484749 
484750 
484751 
484752 
484753 
484768 
484769 
484770 
484771 
484772 
484773 
484774 
484775 
484776 
484777 
484778 
484779 
484780 
484781 
484782 
484783 
484784 
484785 
484786 
484787 
484788 
484810 
484811 
484812 
484813 
484814 
484815 
484816 
484859 
484860 
484861 
484862 
484863 
484864 
484865 
484866 
484867 
484868 
484869 
484870 
484871 
484872 
484894 
484895 
484896 
484897 
484898 
484899 
484900 
484901 
484902 
484903 
484904 
484905 
484906 
484907 
484908 
484909 
484910 
484911 
484912 
484913 
484914 
484915 
484916 
484917 
484918 
484919 
484920 
484921 
484922 
484923 
484924 
484925 
484926 
484927 
484928 
484929 
484930 
484931 
484932 
484933 
484934 
484935 
222843 
222844 
222848 
222850 
222851 
222853 
222854 
222855 
222856 
222857 
222858 
222859 
222860 
222861 
222862 
222863 
222864 
222865 
222866 
222867 
222868 
222869 
222871 
222872 
222873 
222875 
222876 
222935 
222939 
485097 
485098 
485099 
485100 
485101 
485102 
485103 
485104 
485105 
485106 
485107 
485108 
485109 
485110 
485125 
485126 
485127 
485128 
485129 
485130 
485131 
485132 
485133 
485134 
485135 
485136 
485137 
485138 
485139 
485140 
485141 
485142 
485143 
485144 
485145 
223005 
223009 
223010 
223011 
223012 
223013 
223014 
223015 
223016 
485167 
485168 
485169 
485170 
485171 
485172 
485173 
485216 
485217 
485218 
485219 
485220 
485221 
485222 
485223 
223080 
485224 
485225 
223082 
485226 
485227 
223084 
485228 
485229 
223086 
485251 
485252 
485253 
485254 
485255 
485256 
485257 
485258 
485259 
485260 
485261 
485262 
485263 
485264 
485265 
223122 
485266 
485267 
223124 
485268 
485269 
223126 
485270 
485271 
223128 
485272 
485273 
485274 
485275 
485276 
485277 
485278 
485279 
485280 
485281 
485282 
485283 
485284 
485285 
485286 
485287 
485288 
485289 
485290 
485291 
485292 
223178 
223180 
223182 
223184 
223227 
223229 
223231 
223233 
223234 
223241 
223243 
223244 
223245 
223247 
223248 
223252 
223255 
223257 
223258 
223259 
223260 
223261 
223269 
223272 
223273 
223276 
223279 
223280 
223283 
223286 
223287 
223290 
223293 
223294 
485454 
485455 
485456 
485457 
485458 
485459 
485460 
485461 
485462 
485463 
485464 
485465 
485466 
485467 
485482 
485483 
485484 
485485 
485486 
485487 
485488 
485489 
485490 
485491 
485492 
485493 
485494 
485495 
485496 
485497 
485498 
485499 
485500 
485501 
485502 
485524 
485525 
485526 
485527 
485528 
485529 
485530 
485573 
485574 
485575 
485576 
485577 
485578 
485579 
485580 
485581 
485582 
485583 
485584 
485585 
485586 
485608 
485609 
485610 
485611 
485612 
485613 
485614 
485615 
485616 
485617 
485618 
485619 
485620 
485621 
485622 
485623 
485624 
485625 
485626 
485627 
485628 
485629 
485630 
485631 
485632 
485633 
485634 
485635 
485636 
485637 
485638 
485639 
485640 
485641 
485642 
485643 
485644 
485645 
485646 
485647 
485648 
485649 
223592 
223593 
223596 
223597 
223598 
223599 
223600 
223603 
223604 
223605 
223606 
223607 
223608 
223609 
223610 
223611 
223612 
223613 
223614 
223615 
223616 
223617 
223618 
223620 
223621 
223624 
223625 
485811 
485812 
485813 
485814 
485815 
485816 
485817 
485818 
485819 
485820 
485821 
485822 
485823 
485824 
223684 
223688 
485839 
485840 
485841 
485842 
485843 
485844 
485845 
485846 
485847 
485848 
485849 
485850 
485851 
485852 
485853 
485854 
485855 
485856 
485857 
485858 
485859 
485881 
485882 
485883 
485884 
485885 
485886 
485887 
223754 
223758 
223759 
223760 
223761 
223762 
223763 
223764 
223765 
485930 
485931 
485932 
485933 
485934 
485935 
485936 
485937 
485938 
485939 
485940 
485941 
485942 
485943 
485965 
485966 
485967 
485968 
485969 
485970 
485971 
485972 
223829 
485973 
485974 
223831 
485975 
485976 
223833 
485977 
485978 
223835 
485979 
485980 
485981 
485982 
485983 
485984 
485985 
485986 
485987 
485988 
485989 
485990 
485991 
485992 
485993 
485994 
485995 
485996 
485997 
485998 
485999 
486000 
486001 
486002 
486003 
486004 
486005 
486006 
223871 
223873 
223875 
223877 
223927 
223929 
223931 
223933 
223976 
223978 
223980 
223982 
223990 
223992 
223993 
223994 
223996 
223997 
224001 
224004 
224005 
224006 
224007 
224008 
224010 
224015 
224018 
224021 
224022 
486168 
224025 
486169 
486170 
486171 
224028 
486172 
224029 
486173 
486174 
486175 
224032 
486176 
486177 
486178 
224035 
486179 
224036 
486180 
486181 
224039 
224042 
224043 
486196 
486197 
486198 
486199 
486200 
486201 
486202 
486203 
486204 
486205 
486206 
486207 
486208 
486209 
486210 
486211 
486212 
486213 
486214 
486215 
486216 
486238 
486239 
486240 
486241 
486242 
486243 
486244 
486287 
486288 
486289 
486290 
486291 
486292 
486293 
486294 
486295 
486296 
486297 
486298 
486299 
486300 
486322 
486323 
486324 
486325 
486326 
486327 
486328 
486329 
486330 
486331 
486332 
486333 
486334 
486335 
486336 
486337 
486338 
486339 
486340 
486341 
486342 
486343 
486344 
486345 
486346 
486347 
486348 
486349 
486350 
486351 
486352 
486353 
486354 
486355 
486356 
486357 
486358 
486359 
486360 
486361 
486362 
486363 
224255 
224341 
224342 
224345 
224346 
224348 
224349 
224351 
224352 
224353 
224354 
224355 
224356 
224357 
224358 
224359 
224360 
224361 
224362 
224363 
224364 
224365 
224366 
224367 
224369 
224370 
224373 
224374 
486525 
486526 
486527 
486528 
486529 
486530 
486531 
486532 
486533 
486534 
486535 
486536 
486537 
486538 
486553 
486554 
486555 
486556 
486557 
486558 
486559 
486560 
486561 
486562 
486563 
486564 
486565 
486566 
486567 
486568 
486569 
486570 
486571 
486572 
486573 
224431 
224433 
224436 
224437 
486595 
486596 
486597 
486598 
486599 
486600 
486601 
486644 
486645 
486646 
224503 
486647 
486648 
486649 
486650 
224507 
486651 
224508 
486652 
224509 
486653 
224510 
486654 
224511 
486655 
224512 
486656 
224513 
486657 
224514 
486679 
486680 
486681 
486682 
486683 
486684 
486685 
486686 
486687 
486688 
486689 
486690 
486691 
486692 
486693 
486694 
486695 
486696 
486697 
486698 
486699 
486700 
486701 
486702 
486703 
486704 
486705 
486706 
486707 
486708 
486709 
486710 
486711 
486712 
486713 
486714 
486715 
486716 
486717 
486718 
486719 
486720 
224578 
224580 
224582 
224584 
224620 
224622 
224624 
224626 
224676 
224678 
224680 
224682 
224725 
224727 
224729 
224731 
486882 
224739 
486883 
486884 
224741 
486885 
224742 
486886 
224743 
486887 
486888 
224745 
486889 
224746 
486890 
486891 
486892 
486893 
224750 
486894 
486895 
224753 
224755 
224756 
224757 
224759 
224760 
486910 
224767 
486911 
486912 
486913 
224770 
486914 
224771 
486915 
486916 
486917 
224774 
486918 
486919 
486920 
224777 
486921 
224778 
486922 
486923 
486924 
224781 
486925 
486926 
486927 
224784 
486928 
224785 
486929 
486930 
224788 
224791 
224792 
486952 
486953 
486954 
486955 
486956 
486957 
486958 
487001 
487002 
487003 
487004 
487005 
487006 
487007 
487008 
487009 
487010 
487011 
487012 
487013 
487014 
487036 
487037 
487038 
487039 
487040 
487041 
487042 
487043 
487044 
487045 
487046 
487047 
487048 
487049 
487050 
487051 
487052 
487053 
487054 
487055 
487056 
487057 
487058 
487059 
487060 
487061 
487062 
487063 
487064 
487065 
487066 
487067 
487068 
487069 
487070 
487071 
487072 
487073 
487074 
487075 
487076 
487077 
225000 
225091 
225095 
487239 
225096 
487240 
225097 
487241 
225098 
487242 
487243 
487244 
225101 
487245 
225102 
487246 
225103 
487247 
225104 
487248 
225105 
487249 
225106 
487250 
225107 
487251 
225108 
487252 
225109 
225110 
225111 
225112 
225113 
225114 
225115 
225116 
225118 
225119 
225122 
225123 
487267 
487268 
487269 
487270 
487271 
487272 
487273 
487274 
487275 
487276 
487277 
487278 
487279 
487280 
487281 
487282 
487283 
487284 
487285 
487286 
487287 
487309 
487310 
487311 
487312 
487313 
487314 
487315 
225181 
225182 
225184 
225185 
225186 
487358 
487359 
487360 
487361 
487362 
487363 
487364 
487365 
487366 
487367 
487368 
487369 
487370 
487371 
487393 
487394 
487395 
225252 
487396 
487397 
487398 
487399 
225256 
487400 
225257 
487401 
225258 
487402 
225259 
487403 
225260 
487404 
225261 
487405 
225262 
487406 
225263 
487407 
487408 
487409 
487410 
487411 
487412 
487413 
487414 
487415 
487416 
487417 
487418 
487419 
487420 
487421 
487422 
487423 
487424 
487425 
487426 
487427 
487428 
487429 
487430 
487431 
487432 
487433 
487434 
225327 
225329 
225331 
225333 
225369 
225371 
225373 
225375 
225425 
225427 
225429 
225431 
487596 
487597 
487598 
487599 
487600 
487601 
487602 
487603 
487604 
487605 
487606 
487607 
487608 
487609 
225474 
225476 
225478 
225480 
487624 
225481 
487625 
487626 
487627 
487628 
487629 
487630 
487631 
225488 
487632 
487633 
225490 
487634 
225491 
487635 
225492 
487636 
487637 
225494 
487638 
225495 
487639 
487640 
487641 
487642 
225499 
487643 
487644 
225502 
225504 
225505 
225506 
225508 
225513 
225516 
225519 
225520 
487666 
225523 
487667 
487668 
487669 
225526 
487670 
225527 
487671 
487672 
225530 
225533 
225534 
225537 
225540 
225541 
487715 
487716 
487717 
487718 
487719 
487720 
487721 
487722 
487723 
487724 
487725 
487726 
487727 
487728 
487750 
487751 
487752 
487753 
487754 
487755 
487756 
487757 
487758 
487759 
487760 
487761 
487762 
487763 
487764 
487765 
487766 
487767 
487768 
487769 
487770 
487771 
487772 
487773 
487774 
487775 
487776 
487777 
487778 
487779 
487780 
487781 
487782 
487783 
487784 
487785 
487786 
487787 
487788 
487789 
487790 
487791 
225762 
487953 
487954 
487955 
487956 
487957 
487958 
487959 
487960 
487961 
487962 
487963 
487964 
487965 
487966 
487981 
487982 
487983 
225840 
487984 
487985 
487986 
487987 
225844 
487988 
487989 
225846 
487990 
225847 
487991 
487992 
487993 
225850 
487994 
225851 
487995 
225852 
487996 
225853 
487997 
225854 
487998 
225855 
487999 
225856 
488000 
225857 
488001 
225858 
225859 
225860 
225861 
225862 
225863 
225864 
225865 
225867 
225868 
225869 
225871 
225872 
488023 
488024 
488025 
488026 
488027 
488028 
488029 
488072 
488073 
225930 
488074 
225931 
488075 
488076 
488077 
225934 
488078 
225935 
488079 
488080 
488081 
488082 
488083 
488084 
488085 
488107 
488108 
488109 
488110 
488111 
488112 
488113 
488114 
488115 
488116 
488117 
488118 
488119 
488120 
488121 
488122 
488123 
488124 
488125 
488126 
488127 
488128 
488129 
488130 
488131 
488132 
488133 
488134 
488135 
488136 
488137 
488138 
488139 
488140 
488141 
488142 
488143 
488144 
226001 
488145 
488146 
226003 
488147 
488148 
226005 
226006 
226007 
226008 
226009 
226010 
226011 
226012 
226076 
226078 
226080 
226082 
226118 
226120 
226122 
226124 
488310 
488311 
488312 
488313 
488314 
488315 
488316 
488317 
226174 
488318 
488319 
226176 
488320 
488321 
226178 
488322 
488323 
226180 
488338 
488339 
488340 
488341 
488342 
488343 
488344 
488345 
488346 
488347 
488348 
488349 
488350 
488351 
488352 
488353 
488354 
488355 
488356 
488357 
488358 
226223 
226225 
226227 
226229 
488380 
226237 
488381 
488382 
226239 
488383 
226240 
488384 
226241 
488385 
488386 
226243 
226244 
226248 
226251 
226253 
226254 
226255 
226257 
226265 
226268 
226269 
226272 
226275 
226276 
226279 
226282 
226283 
488429 
226286 
488430 
488431 
488432 
226289 
488433 
226290 
488434 
488435 
488436 
488437 
488438 
488439 
488440 
488441 
488442 
488464 
488465 
488466 
488467 
488468 
488469 
488470 
488471 
488472 
488473 
488474 
488475 
488476 
488477 
488478 
488479 
488480 
488481 
488482 
488483 
488484 
488485 
488486 
488487 
488488 
488489 
488490 
488491 
488492 
488493 
488494 
488495 
488496 
488497 
488498 
488499 
488500 
488501 
488502 
488503 
488504 
488505 
488667 
488668 
488669 
488670 
488671 
488672 
488673 
488674 
488675 
488676 
488677 
488678 
488679 
488680 
488695 
488696 
488697 
488698 
488699 
488700 
488701 
488702 
488703 
488704 
488705 
488706 
488707 
488708 
488709 
488710 
488711 
488712 
488713 
488714 
488715 
226589 
226593 
488737 
488738 
226595 
488739 
226596 
488740 
488741 
226598 
488742 
226599 
488743 
226600 
226601 
226602 
226603 
226604 
226605 
226606 
226607 
226608 
226609 
226610 
226611 
226612 
226613 
226614 
226616 
226617 
226620 
226621 
488786 
488787 
488788 
488789 
488790 
488791 
488792 
488793 
488794 
488795 
488796 
488797 
488798 
488799 
488821 
488822 
226679 
488823 
226680 
488824 
488825 
226682 
488826 
226683 
488827 
226684 
488828 
488829 
488830 
488831 
488832 
488833 
488834 
488835 
488836 
488837 
488838 
488839 
488840 
488841 
488842 
488843 
488844 
488845 
488846 
488847 
488848 
488849 
488850 
488851 
488852 
488853 
488854 
488855 
488856 
488857 
488858 
488859 
488860 
488861 
488862 
226748 
226750 
226754 
226755 
226756 
226757 
226758 
226759 
226760 
226761 
226825 
226827 
226829 
226831 
226867 
226869 
226871 
226873 
489024 
489025 
489026 
489027 
489028 
489029 
489030 
489031 
489032 
489033 
489034 
489035 
489036 
489037 
489052 
489053 
489054 
489055 
489056 
489057 
489058 
489059 
489060 
489061 
489062 
489063 
489064 
489065 
489066 
226923 
489067 
489068 
226925 
489069 
489070 
226927 
489071 
489072 
226929 
489094 
489095 
489096 
489097 
489098 
489099 
489100 
226972 
226974 
226976 
226978 
226979 
226986 
226988 
226989 
226990 
226992 
226993 
226997 
489143 
227000 
489144 
489145 
227002 
489146 
227003 
489147 
227004 
489148 
489149 
227006 
489150 
489151 
489152 
489153 
489154 
489155 
489156 
227014 
227017 
227018 
227021 
227024 
227025 
227028 
227031 
227032 
489178 
227035 
489179 
489180 
489181 
227038 
489182 
227039 
489183 
489184 
489185 
489186 
489187 
489188 
489189 
489190 
489191 
489192 
489193 
489194 
489195 
489196 
489197 
489198 
489199 
489200 
489201 
489202 
489203 
489204 
489205 
489206 
489207 
489208 
489209 
489210 
489211 
489212 
489213 
489214 
489215 
489216 
489217 
489218 
489219 
489381 
489382 
489383 
489384 
489385 
489386 
489387 
489388 
489389 
489390 
489391 
489392 
489393 
489394 
227257 
489409 
489410 
489411 
489412 
489413 
489414 
489415 
489416 
489417 
489418 
489419 
489420 
489421 
489422 
489423 
489424 
489425 
489426 
489427 
489428 
489429 
489451 
489452 
489453 
489454 
489455 
489456 
489457 
227338 
227342 
227343 
227344 
227345 
227348 
227349 
227350 
227351 
227352 
227353 
227354 
227355 
227356 
489500 
227357 
489501 
227358 
489502 
227359 
489503 
227360 
489504 
227361 
489505 
227362 
489506 
227363 
489507 
489508 
227365 
489509 
227366 
489510 
489511 
489512 
227369 
489513 
227370 
489535 
489536 
489537 
489538 
489539 
489540 
489541 
489542 
489543 
489544 
489545 
489546 
489547 
489548 
489549 
489550 
489551 
489552 
489553 
489554 
489555 
489556 
489557 
489558 
489559 
489560 
489561 
489562 
489563 
489564 
489565 
489566 
489567 
489568 
489569 
489570 
227427 
489571 
489572 
227429 
489573 
489574 
489575 
489576 
227433 
227499 
227503 
227504 
227505 
227506 
227507 
227508 
227509 
227510 
227574 
227576 
227578 
227580 
489738 
489739 
489740 
489741 
489742 
489743 
489744 
489745 
489746 
489747 
489748 
489749 
489750 
489751 
227616 
227618 
227620 
227622 
489766 
489767 
489768 
489769 
489770 
489771 
489772 
489773 
489774 
489775 
489776 
489777 
489778 
489779 
489780 
489781 
489782 
489783 
489784 
489785 
489786 
489808 
489809 
489810 
489811 
489812 
489813 
489814 
227672 
227674 
227676 
227678 
489857 
489858 
489859 
489860 
489861 
489862 
489863 
489864 
227721 
489865 
489866 
227723 
489867 
489868 
227725 
489869 
489870 
227727 
227735 
227737 
227738 
227739 
227741 
227742 
227746 
489892 
227749 
489893 
489894 
227751 
489895 
227752 
489896 
227753 
489897 
489898 
227755 
489899 
227756 
489900 
489901 
489902 
489903 
489904 
489905 
489906 
227763 
489907 
489908 
489909 
227766 
489910 
227767 
489911 
489912 
489913 
227770 
489914 
489915 
489916 
227773 
489917 
227774 
489918 
489919 
489920 
227777 
489921 
489922 
489923 
227780 
489924 
227781 
489925 
489926 
489927 
227784 
489928 
489929 
489930 
227787 
489931 
227788 
489932 
489933 
490095 
490096 
490097 
490098 
490099 
490100 
490101 
490102 
490103 
490104 
490105 
490106 
490107 
490108 
490123 
490124 
490125 
490126 
490127 
490128 
490129 
490130 
490131 
490132 
490133 
490134 
490135 
490136 
490137 
490138 
490139 
490140 
490141 
490142 
490143 
228009 
490165 
490166 
490167 
490168 
490169 
490170 
490171 
490214 
490215 
490216 
490217 
490218 
490219 
490220 
490221 
490222 
490223 
490224 
490225 
490226 
490227 
228087 
228091 
228093 
228094 
228097 
228098 
228099 
228100 
228101 
228102 
228103 
228104 
228105 
490249 
228106 
490250 
228107 
490251 
228108 
490252 
228109 
490253 
228110 
490254 
228111 
490255 
228112 
490256 
490257 
228114 
490258 
228115 
490259 
490260 
490261 
228118 
490262 
228119 
490263 
490264 
490265 
490266 
490267 
490268 
490269 
490270 
490271 
490272 
490273 
490274 
490275 
490276 
490277 
490278 
490279 
490280 
490281 
490282 
490283 
490284 
490285 
490286 
490287 
490288 
490289 
490290 
228177 
228178 
228181 
228182 
228248 
228250 
228252 
228253 
228254 
228255 
228256 
228257 
228258 
228259 
490452 
490453 
490454 
490455 
490456 
490457 
490458 
490459 
490460 
490461 
490462 
490463 
490464 
490465 
228323 
228325 
228327 
228329 
490480 
490481 
490482 
490483 
490484 
490485 
490486 
490487 
490488 
490489 
490490 
490491 
490492 
490493 
490494 
490495 
490496 
490497 
490498 
490499 
490500 
228365 
228367 
228369 
228371 
490522 
490523 
490524 
490525 
490526 
490527 
490528 
228421 
228423 
228425 
228427 
490571 
490572 
490573 
490574 
490575 
490576 
490577 
490578 
490579 
490580 
490581 
490582 
490583 
490584 
490606 
490607 
490608 
490609 
490610 
490611 
490612 
490613 
228470 
490614 
490615 
228472 
490616 
490617 
228474 
490618 
490619 
228476 
490620 
490621 
490622 
490623 
490624 
490625 
490626 
490627 
228484 
490628 
490629 
228486 
490630 
228487 
490631 
228488 
490632 
490633 
228490 
490634 
228491 
490635 
490636 
490637 
490638 
228495 
490639 
490640 
490641 
228498 
490642 
490643 
228500 
490644 
228501 
490645 
228502 
490646 
490647 
228504 
228509 
228512 
228515 
228516 
228519 
228522 
228523 
228526 
228529 
228530 
228533 
228536 
228537 
490809 
490810 
490811 
490812 
490813 
490814 
490815 
490816 
490817 
490818 
490819 
490820 
490821 
490822 
490837 
490838 
490839 
490840 
490841 
490842 
490843 
490844 
490845 
490846 
490847 
490848 
490849 
490850 
490851 
490852 
490853 
490854 
490855 
490856 
490857 
490879 
490880 
490881 
490882 
490883 
490884 
490885 
228745 
228751 
490928 
490929 
490930 
490931 
490932 
490933 
490934 
490935 
490936 
490937 
490938 
490939 
490940 
490941 
490963 
490964 
490965 
490966 
490967 
490968 
490969 
490970 
490971 
490972 
490973 
490974 
490975 
490976 
490977 
490978 
490979 
228836 
490980 
490981 
490982 
490983 
228840 
490984 
228841 
490985 
228842 
490986 
228843 
490987 
490988 
490989 
228846 
490990 
228847 
490991 
228848 
490992 
228849 
490993 
228850 
490994 
228851 
490995 
228852 
490996 
228853 
490997 
228854 
490998 
228855 
490999 
228856 
491000 
228857 
491001 
228858 
491002 
228859 
491003 
228860 
491004 
228861 
228863 
228864 
228867 
228868 
228925 
228926 
228927 
228930 
228931 
228995 
228997 
228999 
229001 
229002 
229003 
229004 
229005 
229006 
229007 
229008 
491166 
491167 
491168 
491169 
491170 
491171 
491172 
491173 
491174 
491175 
491176 
491177 
491178 
491179 
491194 
491195 
491196 
491197 
491198 
491199 
491200 
491201 
491202 
491203 
491204 
491205 
491206 
491207 
491208 
491209 
491210 
491211 
491212 
491213 
491214 
229072 
229074 
229076 
229078 
491236 
491237 
491238 
491239 
491240 
491241 
491242 
229114 
229116 
229118 
229119 
229120 
491285 
491286 
491287 
491288 
491289 
491290 
491291 
491292 
491293 
491294 
491295 
491296 
491297 
491298 
229170 
229172 
229173 
229174 
229176 
491320 
491321 
491322 
491323 
491324 
491325 
491326 
491327 
491328 
491329 
491330 
491331 
491332 
491333 
491334 
491335 
491336 
491337 
491338 
491339 
491340 
491341 
491342 
491343 
491344 
491345 
491346 
491347 
491348 
491349 
491350 
491351 
491352 
491353 
491354 
491355 
491356 
491357 
491358 
491359 
491360 
491361 
229219 
229221 
229223 
229225 
229233 
229235 
229236 
229237 
229239 
229240 
229244 
229247 
229249 
229250 
229251 
229253 
229254 
229258 
229261 
229264 
229265 
229268 
229271 
229272 
229275 
229278 
229279 
229282 
229285 
229286 
491523 
491524 
491525 
491526 
491527 
491528 
491529 
491530 
491531 
491532 
491533 
491534 
491535 
491536 
491551 
491552 
491553 
491554 
491555 
491556 
491557 
491558 
491559 
491560 
491561 
491562 
491563 
491564 
491565 
491566 
491567 
491568 
491569 
491570 
491571 
491593 
491594 
491595 
491596 
491597 
491598 
491599 
491642 
491643 
491644 
491645 
491646 
491647 
491648 
491649 
491650 
491651 
491652 
491653 
491654 
491655 
491677 
491678 
491679 
491680 
491681 
491682 
491683 
491684 
491685 
491686 
491687 
491688 
491689 
491690 
491691 
491692 
491693 
491694 
491695 
491696 
491697 
491698 
491699 
491700 
491701 
491702 
491703 
491704 
491705 
491706 
491707 
491708 
491709 
491710 
491711 
491712 
491713 
491714 
491715 
491716 
491717 
491718 
229585 
229589 
229591 
229592 
229594 
229595 
229596 
229597 
229598 
229599 
229600 
229601 
229602 
229603 
229604 
229605 
229606 
229607 
229608 
229609 
229610 
229612 
229613 
229616 
229617 
229675 
229676 
229679 
229680 
491880 
491881 
491882 
491883 
491884 
491885 
491886 
491887 
491888 
491889 
229746 
491890 
491891 
491892 
491893 
229750 
229751 
229752 
229753 
229754 
229755 
229756 
229757 
491908 
491909 
491910 
491911 
491912 
491913 
491914 
491915 
491916 
491917 
491918 
491919 
491920 
491921 
491922 
491923 
491924 
491925 
491926 
491927 
491928 
491950 
491951 
491952 
491953 
491954 
491955 
491956 
229821 
229823 
229825 
229827 
491999 
492000 
492001 
492002 
492003 
492004 
492005 
492006 
229863 
492007 
492008 
229865 
492009 
492010 
229867 
492011 
492012 
229869 
492034 
492035 
492036 
492037 
492038 
492039 
492040 
492041 
492042 
492043 
492044 
492045 
492046 
492047 
492048 
492049 
492050 
492051 
492052 
492053 
492054 
492055 
492056 
492057 
492058 
492059 
492060 
492061 
492062 
229919 
492063 
492064 
229921 
492065 
492066 
229923 
492067 
492068 
229925 
492069 
492070 
492071 
492072 
492073 
492074 
492075 
229968 
229970 
229972 
229974 
229975 
229982 
229984 
229985 
229986 
229988 
229989 
229993 
229996 
229998 
229999 
230000 
230002 
230003 
230007 
230010 
230013 
230014 
230017 
230020 
230021 
230024 
230027 
230028 
230031 
230034 
230035 
492237 
492238 
492239 
492240 
492241 
492242 
492243 
492244 
492245 
492246 
492247 
492248 
492249 
492250 
492265 
492266 
492267 
492268 
492269 
492270 
492271 
492272 
492273 
492274 
492275 
492276 
492277 
492278 
492279 
492280 
492281 
492282 
492283 
492284 
492285 
492307 
492308 
492309 
492310 
492311 
492312 
492313 
492356 
492357 
492358 
492359 
492360 
492361 
492362 
492363 
492364 
492365 
492366 
492367 
492368 
492369 
492391 
492392 
492393 
492394 
492395 
492396 
492397 
492398 
492399 
492400 
492401 
492402 
492403 
492404 
492405 
492406 
492407 
492408 
492409 
492410 
492411 
492412 
492413 
492414 
492415 
492416 
492417 
492418 
492419 
492420 
492421 
492422 
492423 
492424 
492425 
492426 
492427 
492428 
492429 
492430 
492431 
492432 
230334 
230338 
230339 
230340 
230341 
230344 
230345 
230346 
230347 
230348 
230349 
230350 
230351 
230352 
230353 
230354 
230355 
230356 
230357 
230358 
230359 
230361 
230362 
230363 
230365 
230366 
230424 
230425 
230428 
230429 
492594 
492595 
492596 
492597 
492598 
492599 
492600 
492601 
492602 
492603 
492604 
492605 
492606 
492607 
492622 
492623 
492624 
492625 
492626 
492627 
492628 
492629 
492630 
492631 
492632 
492633 
492634 
492635 
492636 
492637 
492638 
230495 
492639 
492640 
492641 
492642 
230499 
230500 
230501 
230502 
230503 
230504 
230505 
230506 
492664 
492665 
492666 
492667 
492668 
492669 
492670 
492713 
230570 
492714 
492715 
230572 
492716 
492717 
230574 
492718 
492719 
230576 
492720 
492721 
492722 
492723 
492724 
492725 
492726 
492748 
492749 
492750 
492751 
492752 
492753 
492754 
492755 
230612 
492756 
492757 
230614 
492758 
492759 
230616 
492760 
492761 
230618 
492762 
492763 
492764 
492765 
492766 
492767 
492768 
492769 
492770 
492771 
492772 
492773 
492774 
492775 
492776 
492777 
492778 
492779 
492780 
492781 
492782 
492783 
492784 
492785 
492786 
492787 
492788 
492789 
230668 
230670 
230672 
230674 
230717 
230719 
230721 
230723 
230731 
230733 
230734 
230735 
230737 
230738 
230742 
230745 
230747 
230748 
230749 
230751 
230759 
230762 
230763 
230766 
230769 
230770 
230773 
230776 
230777 
230780 
230783 
230784 
492951 
492952 
492953 
492954 
492955 
492956 
492957 
492958 
492959 
492960 
492961 
492962 
492963 
492964 
492979 
492980 
492981 
492982 
492983 
492984 
492985 
492986 
492987 
492988 
492989 
492990 
492991 
492992 
492993 
492994 
492995 
492996 
492997 
492998 
492999 
493021 
493022 
493023 
493024 
493025 
493026 
493027 
493070 
493071 
493072 
493073 
493074 
493075 
493076 
493077 
493078 
493079 
493080 
493081 
493082 
493083 
493105 
493106 
493107 
493108 
493109 
493110 
493111 
493112 
493113 
493114 
493115 
493116 
493117 
493118 
493119 
493120 
493121 
493122 
493123 
493124 
493125 
493126 
493127 
493128 
493129 
493130 
493131 
493132 
493133 
493134 
493135 
493136 
493137 
493138 
493139 
493140 
493141 
493142 
493143 
493144 
493145 
493146 
231083 
231087 
231089 
231090 
231092 
231093 
231094 
231095 
231096 
231097 
231098 
231099 
231100 
231101 
231102 
231103 
231104 
231105 
231106 
231107 
231108 
231110 
231111 
231114 
231115 
493308 
493309 
493310 
493311 
493312 
493313 
493314 
493315 
493316 
493317 
231174 
493318 
493319 
493320 
231177 
493321 
231178 
493336 
493337 
493338 
493339 
493340 
493341 
493342 
493343 
493344 
493345 
493346 
493347 
493348 
493349 
493350 
493351 
493352 
493353 
493354 
493355 
493356 
493378 
493379 
493380 
493381 
493382 
493383 
493384 
231244 
231248 
231249 
231250 
231251 
231252 
231253 
231254 
231255 
493427 
493428 
493429 
493430 
493431 
493432 
493433 
493434 
493435 
493436 
493437 
493438 
493439 
493440 
493462 
231319 
493463 
493464 
231321 
493465 
493466 
231323 
493467 
493468 
231325 
493469 
493470 
493471 
493472 
493473 
493474 
493475 
493476 
493477 
493478 
493479 
493480 
493481 
493482 
493483 
493484 
493485 
493486 
493487 
493488 
493489 
493490 
493491 
493492 
493493 
493494 
493495 
493496 
493497 
493498 
493499 
493500 
493501 
493502 
493503 
231361 
231363 
231365 
231367 
231417 
231419 
231421 
231423 
231466 
231468 
231470 
231472 
231477 
231480 
231482 
231483 
231484 
231486 
231487 
231491 
231494 
231496 
231497 
231498 
231500 
231505 
231508 
231511 
231512 
231515 
231518 
231519 
493665 
231522 
493666 
493667 
493668 
231525 
493669 
231526 
493670 
493671 
493672 
231529 
493673 
493674 
493675 
231532 
493676 
231533 
493677 
493678 
493693 
493694 
493695 
493696 
493697 
493698 
493699 
493700 
493701 
493702 
493703 
493704 
493705 
493706 
493707 
493708 
493709 
493710 
493711 
493712 
493713 
493735 
493736 
493737 
493738 
493739 
493740 
493741 
493784 
493785 
493786 
493787 
493788 
493789 
493790 
493791 
493792 
493793 
493794 
493795 
493796 
493797 
493819 
493820 
493821 
493822 
493823 
493824 
493825 
493826 
493827 
493828 
493829 
493830 
493831 
493832 
493833 
493834 
493835 
493836 
493837 
493838 
493839 
493840 
493841 
493842 
493843 
493844 
493845 
493846 
493847 
493848 
493849 
493850 
493851 
493852 
493853 
493854 
493855 
493856 
493857 
493858 
493859 
493860 
231831 
231832 
231836 
231838 
231839 
231842 
231843 
231844 
231845 
231846 
231847 
231848 
231849 
231850 
231851 
231852 
231853 
231854 
231855 
231856 
231857 
231859 
231860 
231863 
231864 
494022 
494023 
494024 
494025 
494026 
494027 
494028 
494029 
494030 
494031 
494032 
494033 
494034 
494035 
494050 
494051 
494052 
494053 
494054 
494055 
494056 
494057 
494058 
494059 
494060 
494061 
494062 
494063 
494064 
494065 
231922 
494066 
231923 
494067 
494068 
494069 
231926 
494070 
231927 
494092 
494093 
494094 
494095 
494096 
494097 
494098 
231993 
231997 
494141 
231998 
494142 
231999 
494143 
232000 
494144 
232001 
494145 
232002 
494146 
232003 
494147 
232004 
494148 
494149 
494150 
494151 
494152 
494153 
494154 
494176 
494177 
494178 
494179 
494180 
494181 
494182 
494183 
494184 
494185 
494186 
494187 
494188 
494189 
494190 
494191 
494192 
494193 
494194 
494195 
494196 
494197 
494198 
494199 
494200 
494201 
494202 
494203 
494204 
494205 
494206 
494207 
494208 
494209 
494210 
494211 
232068 
494212 
494213 
232070 
494214 
494215 
232072 
494216 
494217 
232074 
232110 
232112 
232114 
232116 
232166 
232168 
232170 
232172 
232215 
232217 
232219 
232221 
232229 
232231 
232232 
232233 
232235 
494379 
232236 
494380 
494381 
494382 
494383 
232240 
494384 
494385 
494386 
232243 
494387 
494388 
232245 
494389 
232246 
494390 
232247 
494391 
494392 
232249 
232254 
232257 
232260 
232261 
494407 
232264 
494408 
494409 
494410 
232267 
494411 
232268 
494412 
494413 
494414 
232271 
494415 
494416 
494417 
232274 
494418 
232275 
494419 
494420 
494421 
232278 
494422 
494423 
494424 
232281 
494425 
232282 
494426 
494427 
494449 
494450 
494451 
494452 
494453 
494454 
494455 
494498 
494499 
494500 
494501 
494502 
494503 
494504 
494505 
494506 
494507 
494508 
494509 
494510 
494511 
494533 
494534 
494535 
494536 
494537 
494538 
494539 
494540 
494541 
494542 
494543 
494544 
494545 
494546 
494547 
494548 
494549 
494550 
494551 
494552 
494553 
494554 
494555 
494556 
494557 
494558 
494559 
494560 
494561 
494562 
494563 
494564 
494565 
494566 
494567 
494568 
494569 
494570 
494571 
494572 
494573 
494574 
232504 
232581 
232584 
232585 
232587 
232588 
232590 
232591 
232592 
494736 
232593 
494737 
232594 
494738 
232595 
494739 
232596 
494740 
232597 
494741 
232598 
494742 
232599 
494743 
232600 
494744 
232601 
494745 
232602 
494746 
232603 
494747 
232604 
494748 
232605 
494749 
232606 
232608 
232609 
232612 
232613 
494764 
494765 
494766 
494767 
494768 
494769 
494770 
494771 
494772 
494773 
494774 
494775 
494776 
494777 
494778 
494779 
494780 
494781 
494782 
494783 
494784 
494806 
494807 
494808 
494809 
494810 
494811 
494812 
232671 
232672 
232676 
494855 
494856 
494857 
494858 
494859 
494860 
494861 
494862 
494863 
494864 
494865 
494866 
494867 
494868 
232742 
232746 
494890 
232747 
494891 
232748 
494892 
232749 
494893 
232750 
494894 
232751 
494895 
232752 
494896 
232753 
494897 
494898 
494899 
494900 
494901 
494902 
494903 
494904 
494905 
494906 
494907 
494908 
494909 
494910 
494911 
494912 
494913 
494914 
494915 
494916 
494917 
494918 
494919 
494920 
494921 
494922 
494923 
494924 
494925 
494926 
494927 
494928 
494929 
494930 
494931 
232817 
232819 
232821 
232823 
232859 
232861 
232863 
232865 
232915 
232917 
232919 
232921 
495093 
495094 
495095 
495096 
495097 
495098 
495099 
495100 
495101 
495102 
495103 
495104 
495105 
495106 
232964 
232966 
232968 
232970 
495121 
232978 
495122 
495123 
232980 
495124 
232981 
495125 
232982 
495126 
495127 
232984 
495128 
232985 
495129 
495130 
495131 
495132 
232989 
495133 
495134 
495135 
232992 
495136 
495137 
232994 
495138 
232995 
495139 
232996 
495140 
495141 
232998 
233006 
233009 
233010 
233013 
233016 
233017 
495163 
233020 
495164 
495165 
495166 
233023 
495167 
233024 
495168 
495169 
233027 
233030 
233031 
495212 
495213 
495214 
495215 
495216 
495217 
495218 
495219 
495220 
495221 
495222 
495223 
495224 
495225 
495247 
495248 
495249 
495250 
495251 
495252 
495253 
495254 
495255 
495256 
495257 
495258 
495259 
495260 
495261 
495262 
495263 
495264 
495265 
495266 
495267 
495268 
495269 
495270 
495271 
495272 
495273 
495274 
495275 
495276 
495277 
495278 
495279 
495280 
495281 
495282 
495283 
495284 
495285 
495286 
495287 
495288 
495450 
495451 
495452 
495453 
495454 
495455 
495456 
495457 
495458 
495459 
495460 
495461 
495462 
495463 
233329 
233330 
233334 
495478 
495479 
233336 
495480 
233337 
495481 
495482 
495483 
233340 
495484 
233341 
495485 
233342 
495486 
233343 
495487 
233344 
495488 
233345 
495489 
233346 
495490 
233347 
495491 
233348 
495492 
233349 
495493 
233350 
495494 
233351 
495495 
233352 
495496 
233353 
495497 
233354 
495498 
233355 
233357 
233358 
233361 
233362 
495520 
495521 
495522 
495523 
495524 
495525 
495526 
233419 
233421 
233424 
233425 
495569 
495570 
495571 
495572 
495573 
495574 
495575 
495576 
495577 
495578 
495579 
495580 
495581 
495582 
495604 
495605 
495606 
495607 
495608 
495609 
495610 
495611 
495612 
495613 
495614 
495615 
495616 
495617 
495618 
495619 
495620 
495621 
495622 
495623 
495624 
495625 
495626 
495627 
495628 
495629 
495630 
495631 
495632 
495633 
495634 
233491 
495635 
495636 
495637 
495638 
233495 
495639 
233496 
495640 
233497 
495641 
233498 
495642 
233499 
495643 
233500 
495644 
233501 
495645 
233502 
233566 
233568 
233570 
233572 
233608 
233610 
233612 
233614 
495807 
233664 
495808 
495809 
233666 
495810 
495811 
233668 
495812 
495813 
233670 
495814 
495815 
495816 
495817 
495818 
495819 
495820 
495835 
495836 
495837 
495838 
495839 
495840 
495841 
495842 
495843 
495844 
495845 
495846 
495847 
495848 
495849 
495850 
495851 
495852 
495853 
495854 
495855 
233713 
233715 
233717 
233719 
233720 
233727 
233729 
233730 
233731 
233733 
495877 
233734 
495878 
495879 
495880 
495881 
233738 
495882 
495883 
233741 
233743 
233744 
233745 
233747 
233755 
233758 
233759 
233762 
233765 
233766 
233769 
233772 
233773 
233776 
233779 
233780 
495926 
495927 
495928 
495929 
495930 
495931 
495932 
495933 
495934 
495935 
495936 
495937 
495938 
495939 
495961 
495962 
495963 
495964 
495965 
495966 
495967 
495968 
495969 
495970 
495971 
495972 
495973 
495974 
495975 
495976 
495977 
495978 
495979 
495980 
495981 
495982 
495983 
495984 
495985 
495986 
495987 
495988 
495989 
495990 
495991 
495992 
495993 
495994 
495995 
495996 
495997 
495998 
495999 
496000 
496001 
496002 
496164 
496165 
496166 
496167 
496168 
496169 
496170 
496171 
496172 
496173 
496174 
496175 
496176 
496177 
496192 
496193 
496194 
496195 
496196 
496197 
496198 
496199 
496200 
496201 
496202 
496203 
496204 
496205 
496206 
496207 
496208 
496209 
496210 
496211 
496212 
234079 
234082 
234083 
234084 
234085 
234086 
234089 
234090 
496234 
234091 
496235 
234092 
496236 
234093 
496237 
234094 
496238 
234095 
496239 
234096 
496240 
234097 
234098 
234099 
234100 
234101 
234102 
234103 
234104 
234106 
234107 
234110 
234111 
496283 
496284 
496285 
496286 
496287 
496288 
496289 
496290 
496291 
496292 
496293 
496294 
496295 
496296 
234169 
234170 
234173 
234174 
496318 
496319 
496320 
496321 
496322 
496323 
496324 
496325 
496326 
496327 
496328 
496329 
496330 
496331 
496332 
496333 
496334 
496335 
496336 
496337 
496338 
496339 
496340 
496341 
496342 
496343 
496344 
496345 
496346 
496347 
496348 
496349 
496350 
496351 
496352 
496353 
496354 
496355 
496356 
496357 
496358 
496359 
234240 
234244 
234245 
234246 
234247 
234248 
234249 
234250 
234251 
234315 
234317 
234319 
234321 
234357 
234359 
234361 
234363 
496521 
496522 
496523 
496524 
496525 
496526 
496527 
496528 
496529 
496530 
496531 
496532 
496533 
496534 
496549 
496550 
496551 
496552 
496553 
496554 
496555 
496556 
234413 
496557 
496558 
234415 
496559 
496560 
234417 
496561 
496562 
234419 
496563 
496564 
496565 
496566 
496567 
496568 
496569 
496591 
496592 
496593 
496594 
496595 
496596 
496597 
234462 
234464 
234466 
234468 
234473 
234476 
234478 
234479 
234480 
234482 
234483 
234487 
234490 
234492 
234493 
234494 
234496 
496640 
234497 
496641 
496642 
496643 
496644 
496645 
496646 
496647 
234504 
496648 
496649 
496650 
234507 
496651 
234508 
496652 
496653 
234511 
234514 
234515 
234518 
234521 
234522 
234525 
234528 
234529 
496675 
496676 
496677 
496678 
496679 
496680 
496681 
496682 
496683 
496684 
496685 
496686 
496687 
496688 
496689 
496690 
496691 
496692 
496693 
496694 
496695 
496696 
496697 
496698 
496699 
496700 
496701 
496702 
496703 
496704 
496705 
496706 
496707 
496708 
496709 
496710 
496711 
496712 
496713 
496714 
496715 
496716 
496878 
496879 
496880 
496881 
496882 
496883 
496884 
496885 
496886 
496887 
496888 
496889 
496890 
496891 
234754 
496906 
496907 
496908 
496909 
496910 
496911 
496912 
496913 
496914 
496915 
496916 
496917 
496918 
496919 
496920 
496921 
496922 
496923 
496924 
496925 
496926 
496948 
496949 
496950 
496951 
496952 
496953 
496954 
234827 
234828 
234831 
234832 
234834 
234835 
234838 
234839 
234840 
234841 
234842 
234843 
234844 
234845 
234846 
234847 
234848 
234849 
234850 
234851 
234852 
234853 
496997 
496998 
234855 
496999 
234856 
497000 
234857 
497001 
497002 
234859 
497003 
234860 
497004 
497005 
497006 
497007 
497008 
497009 
497010 
497032 
497033 
497034 
497035 
497036 
497037 
497038 
497039 
497040 
497041 
497042 
497043 
497044 
497045 
497046 
497047 
497048 
497049 
497050 
497051 
497052 
497053 
497054 
497055 
497056 
497057 
497058 
497059 
497060 
497061 
234918 
497062 
234919 
497063 
497064 
234921 
497065 
234922 
497066 
234923 
497067 
497068 
497069 
497070 
497071 
497072 
497073 
234989 
234993 
234994 
234995 
234996 
234997 
234998 
234999 
235000 
235064 
235066 
235068 
235070 
497235 
497236 
497237 
497238 
497239 
497240 
497241 
497242 
497243 
497244 
497245 
497246 
497247 
497248 
235106 
235108 
235110 
235112 
497263 
497264 
497265 
497266 
497267 
497268 
497269 
497270 
497271 
497272 
497273 
497274 
497275 
497276 
497277 
497278 
497279 
497280 
497281 
497282 
497283 
497305 
235162 
497306 
497307 
235164 
497308 
497309 
235166 
497310 
497311 
235168 
497354 
235211 
497355 
497356 
235213 
497357 
497358 
235215 
497359 
497360 
235217 
497361 
497362 
497363 
497364 
497365 
497366 
497367 
235225 
235227 
235228 
235229 
235231 
235232 
235236 
235239 
235241 
235242 
235243 
235245 
497389 
497390 
497391 
497392 
497393 
235250 
497394 
497395 
497396 
235253 
497397 
497398 
497399 
235256 
497400 
235257 
497401 
497402 
497403 
235260 
497404 
497405 
497406 
235263 
497407 
235264 
497408 
497409 
497410 
235267 
497411 
497412 
497413 
235270 
497414 
235271 
497415 
497416 
497417 
235274 
497418 
497419 
497420 
235277 
497421 
235278 
497422 
497423 
497424 
497425 
497426 
497427 
497428 
497429 
497430 
497592 
497593 
497594 
497595 
497596 
497597 
497598 
497599 
497600 
497601 
497602 
497603 
497604 
497605 
497620 
497621 
497622 
497623 
497624 
497625 
497626 
497627 
497628 
497629 
497630 
497631 
497632 
497633 
497634 
497635 
497636 
497637 
497638 
497639 
497640 
235504 
497662 
497663 
497664 
497665 
497666 
497667 
497668 
497711 
497712 
497713 
497714 
497715 
497716 
497717 
497718 
497719 
235576 
497720 
235577 
497721 
497722 
497723 
497724 
235581 
235583 
235584 
235587 
235588 
235589 
235590 
235591 
235592 
235593 
235594 
235595 
235596 
235597 
235598 
235599 
235600 
235601 
235602 
497746 
497747 
235604 
497748 
235605 
497749 
497750 
497751 
235608 
497752 
235609 
497753 
497754 
497755 
497756 
497757 
497758 
497759 
497760 
497761 
497762 
497763 
497764 
497765 
497766 
497767 
497768 
497769 
497770 
497771 
497772 
497773 
497774 
497775 
497776 
497777 
497778 
497779 
497780 
497781 
497782 
497783 
497784 
497785 
497786 
497787 
235667 
235668 
235671 
235672 
235738 
235742 
235743 
235744 
235745 
235746 
235747 
235748 
235749 
497949 
497950 
497951 
497952 
497953 
497954 
497955 
497956 
235813 
497957 
497958 
235815 
497959 
497960 
235817 
497961 
497962 
235819 
497977 
497978 
497979 
497980 
497981 
497982 
497983 
497984 
497985 
497986 
497987 
497988 
497989 
497990 
497991 
497992 
497993 
497994 
497995 
497996 
497997 
235855 
235857 
235859 
235861 
498019 
498020 
498021 
498022 
498023 
498024 
498025 
235911 
235913 
235915 
235917 
498068 
498069 
498070 
498071 
498072 
498073 
498074 
498075 
498076 
498077 
498078 
498079 
498080 
498081 
498103 
235960 
498104 
498105 
235962 
498106 
498107 
235964 
498108 
498109 
235966 
498110 
498111 
498112 
498113 
498114 
498115 
498116 
498117 
235974 
498118 
498119 
235976 
498120 
235977 
498121 
235978 
498122 
498123 
235980 
498124 
235981 
498125 
498126 
498127 
498128 
235985 
498129 
498130 
498131 
235988 
498132 
498133 
235990 
498134 
235991 
498135 
235992 
498136 
498137 
235994 
498138 
498139 
498140 
498141 
498142 
498143 
498144 
236002 
236005 
236006 
236009 
236012 
236013 
236016 
236019 
236020 
236023 
236026 
236027 
498306 
498307 
498308 
498309 
498310 
498311 
498312 
498313 
498314 
498315 
498316 
498317 
498318 
498319 
498334 
498335 
498336 
498337 
498338 
498339 
498340 
498341 
498342 
498343 
498344 
498345 
498346 
498347 
498348 
498349 
498350 
498351 
498352 
498353 
498354 
498376 
498377 
498378 
498379 
498380 
498381 
498382 
498425 
498426 
498427 
498428 
498429 
498430 
498431 
498432 
498433 
498434 
498435 
498436 
498437 
498438 
498460 
498461 
498462 
498463 
498464 
498465 
498466 
498467 
498468 
498469 
236326 
498470 
498471 
498472 
498473 
236330 
498474 
498475 
236332 
498476 
236333 
498477 
498478 
236335 
498479 
236336 
498480 
236337 
498481 
236338 
498482 
236339 
498483 
236340 
498484 
236341 
498485 
236342 
498486 
236343 
498487 
236344 
498488 
236345 
498489 
236346 
498490 
236347 
498491 
236348 
498492 
236349 
498493 
236350 
498494 
236351 
498495 
498496 
236353 
498497 
236354 
498498 
498499 
498500 
236357 
498501 
236358 
236416 
236417 
236419 
236420 
236421 
236485 
236487 
236491 
236492 
236493 
236494 
236495 
236496 
236497 
236498 
498663 
498664 
498665 
498666 
498667 
498668 
498669 
498670 
498671 
498672 
498673 
498674 
498675 
498676 
498691 
498692 
498693 
498694 
498695 
498696 
498697 
498698 
498699 
498700 
498701 
498702 
498703 
498704 
498705 
236562 
498706 
498707 
236564 
498708 
498709 
236566 
498710 
498711 
236568 
498733 
498734 
498735 
498736 
498737 
498738 
498739 
236604 
236606 
236608 
236610 
498782 
498783 
498784 
498785 
498786 
498787 
498788 
498789 
498790 
498791 
498792 
498793 
498794 
498795 
236660 
236662 
236664 
236666 
498817 
498818 
498819 
498820 
498821 
498822 
498823 
498824 
498825 
498826 
498827 
498828 
498829 
498830 
498831 
498832 
498833 
498834 
498835 
498836 
498837 
498838 
498839 
498840 
498841 
498842 
498843 
498844 
498845 
498846 
498847 
498848 
498849 
498850 
498851 
498852 
236709 
498853 
498854 
236711 
498855 
498856 
236713 
498857 
498858 
236715 
236723 
236725 
236726 
236727 
236729 
236730 
236734 
236737 
236739 
236740 
236741 
236743 
236751 
236754 
236755 
236758 
236761 
236762 
236765 
236768 
236769 
236772 
236775 
236776 
499020 
499021 
499022 
499023 
499024 
499025 
499026 
499027 
499028 
499029 
499030 
499031 
499032 
499033 
499048 
499049 
499050 
499051 
499052 
499053 
499054 
499055 
499056 
499057 
499058 
499059 
499060 
499061 
499062 
499063 
499064 
499065 
499066 
499067 
499068 
499090 
499091 
499092 
499093 
499094 
499095 
499096 
499139 
499140 
499141 
499142 
499143 
499144 
499145 
499146 
499147 
499148 
499149 
499150 
499151 
499152 
499174 
499175 
499176 
499177 
499178 
499179 
499180 
499181 
499182 
499183 
499184 
499185 
499186 
499187 
499188 
499189 
499190 
499191 
499192 
499193 
499194 
499195 
499196 
499197 
499198 
499199 
499200 
499201 
499202 
499203 
499204 
499205 
499206 
499207 
499208 
499209 
499210 
499211 
499212 
499213 
499214 
499215 
237074 
237075 
237079 
237080 
237081 
237082 
237085 
237086 
237087 
237088 
237089 
237090 
237091 
237092 
237093 
237094 
237095 
237096 
237097 
237098 
237099 
237100 
237102 
237103 
237106 
237107 
237164 
237165 
237166 
237170 
499377 
499378 
499379 
237236 
499380 
499381 
499382 
499383 
237240 
499384 
237241 
499385 
237242 
499386 
237243 
499387 
237244 
499388 
237245 
499389 
237246 
499390 
237247 
499405 
499406 
499407 
499408 
499409 
499410 
499411 
499412 
499413 
499414 
499415 
499416 
499417 
499418 
499419 
499420 
499421 
499422 
499423 
499424 
499425 
499447 
499448 
499449 
499450 
499451 
499452 
499453 
237311 
237313 
237315 
237317 
499496 
237353 
499497 
499498 
237355 
499499 
499500 
237357 
499501 
237358 
499502 
237359 
499503 
499504 
499505 
499506 
499507 
499508 
499509 
499531 
499532 
499533 
499534 
499535 
499536 
499537 
499538 
499539 
499540 
499541 
499542 
499543 
499544 
499545 
499546 
499547 
499548 
499549 
499550 
499551 
499552 
237409 
499553 
499554 
237411 
499555 
499556 
237413 
499557 
499558 
237415 
499559 
499560 
499561 
499562 
499563 
499564 
499565 
499566 
499567 
499568 
499569 
499570 
499571 
499572 
237458 
237460 
237462 
237464 
237465 
237472 
237473 
237474 
237475 
237476 
237478 
237479 
237483 
237486 
237488 
237489 
237490 
237492 
237493 
237500 
237503 
237504 
237507 
237510 
237511 
237514 
237517 
237518 
237521 
237524 
237525 
499734 
499735 
499736 
499737 
499738 
499739 
499740 
499741 
499742 
499743 
499744 
499745 
499746 
499747 
499762 
499763 
499764 
499765 
499766 
499767 
499768 
499769 
499770 
499771 
499772 
499773 
499774 
499775 
499776 
499777 
499778 
499779 
499780 
499781 
499782 
499804 
499805 
499806 
499807 
499808 
499809 
499810 
499853 
499854 
499855 
499856 
499857 
499858 
499859 
499860 
499861 
499862 
499863 
499864 
499865 
499866 
499888 
499889 
499890 
499891 
499892 
499893 
499894 
499895 
499896 
499897 
499898 
499899 
499900 
499901 
499902 
499903 
499904 
499905 
499906 
499907 
499908 
499909 
499910 
499911 
499912 
499913 
499914 
499915 
499916 
499917 
499918 
499919 
499920 
499921 
499922 
499923 
499924 
499925 
499926 
499927 
499928 
499929 
237824 
237827 
237828 
237830 
237831 
237834 
237835 
237836 
237837 
237838 
237839 
237840 
237841 
237842 
237843 
237844 
237845 
237846 
237847 
237848 
237849 
237851 
237852 
237855 
237856 
237915 
237919 
500091 
500092 
500093 
500094 
500095 
500096 
500097 
500098 
500099 
500100 
500101 
500102 
500103 
500104 
500119 
500120 
500121 
500122 
500123 
500124 
500125 
500126 
500127 
500128 
237985 
500129 
500130 
500131 
500132 
237989 
500133 
237990 
500134 
237991 
500135 
237992 
500136 
237993 
500137 
237994 
500138 
237995 
500139 
237996 
500161 
500162 
500163 
500164 
500165 
500166 
500167 
238060 
238062 
238064 
238066 
500210 
500211 
500212 
500213 
500214 
500215 
500216 
500217 
500218 
500219 
500220 
500221 
500222 
500223 
500245 
238102 
500246 
500247 
238104 
500248 
500249 
238106 
500250 
500251 
238108 
500252 
500253 
500254 
500255 
500256 
500257 
500258 
500259 
500260 
500261 
500262 
500263 
500264 
500265 
500266 
500267 
500268 
500269 
500270 
500271 
500272 
500273 
500274 
500275 
500276 
500277 
500278 
500279 
500280 
500281 
500282 
500283 
500284 
500285 
500286 
238158 
238160 
238162 
238164 
238207 
238209 
238211 
238213 
238214 
238221 
238223 
238224 
238225 
238227 
238228 
238232 
238235 
238237 
238238 
238239 
238241 
238249 
238252 
238253 
238256 
238259 
238260 
238263 
238266 
238267 
238270 
238273 
238274 
500448 
500449 
500450 
500451 
500452 
500453 
500454 
500455 
500456 
500457 
500458 
500459 
500460 
500461 
500476 
500477 
500478 
500479 
500480 
500481 
500482 
500483 
500484 
500485 
500486 
500487 
500488 
500489 
500490 
500491 
500492 
500493 
500494 
500495 
500496 
500518 
500519 
500520 
500521 
500522 
500523 
500524 
500567 
500568 
500569 
500570 
500571 
500572 
500573 
500574 
500575 
500576 
500577 
500578 
500579 
500580 
500602 
500603 
500604 
500605 
500606 
500607 
500608 
500609 
500610 
500611 
500612 
500613 
500614 
500615 
500616 
500617 
500618 
500619 
500620 
500621 
500622 
500623 
500624 
500625 
500626 
500627 
500628 
500629 
500630 
500631 
500632 
500633 
500634 
500635 
238492 
500636 
500637 
500638 
500639 
500640 
500641 
500642 
500643 
238573 
238577 
238579 
238580 
238582 
238583 
238584 
238585 
238586 
238587 
238588 
238589 
238590 
238591 
238592 
238593 
238594 
238595 
238596 
238597 
238598 
238600 
238601 
238604 
238605 
500805 
500806 
500807 
238664 
500808 
500809 
500810 
500811 
238668 
500812 
500813 
500814 
500815 
500816 
500817 
500818 
500833 
500834 
500835 
500836 
500837 
500838 
500839 
500840 
500841 
500842 
500843 
500844 
500845 
500846 
500847 
500848 
500849 
500850 
500851 
500852 
500853 
500875 
500876 
500877 
238734 
500878 
500879 
500880 
500881 
238738 
238739 
238740 
238741 
238742 
238743 
238744 
238745 
500924 
500925 
500926 
500927 
500928 
500929 
500930 
500931 
500932 
500933 
500934 
500935 
500936 
500937 
238809 
238811 
238813 
238815 
500959 
500960 
500961 
500962 
500963 
500964 
500965 
500966 
500967 
500968 
500969 
500970 
500971 
500972 
500973 
500974 
500975 
500976 
500977 
500978 
500979 
500980 
500981 
500982 
500983 
500984 
500985 
500986 
500987 
500988 
500989 
500990 
500991 
500992 
500993 
500994 
238851 
500995 
500996 
238853 
500997 
500998 
238855 
500999 
501000 
238857 
238907 
238909 
238911 
238913 
238956 
238958 
238960 
238962 
238970 
238972 
238973 
238974 
238976 
238977 
238981 
238984 
238986 
238987 
238988 
238990 
238998 
239001 
239002 
239005 
239008 
239009 
239012 
239015 
239016 
501162 
239019 
501163 
501164 
501165 
239022 
501166 
239023 
501167 
501168 
501169 
501170 
501171 
501172 
501173 
501174 
501175 
501190 
501191 
501192 
501193 
501194 
501195 
501196 
501197 
501198 
501199 
501200 
501201 
501202 
501203 
501204 
501205 
501206 
501207 
501208 
501209 
501210 
501232 
501233 
501234 
501235 
501236 
501237 
501238 
501281 
501282 
501283 
501284 
501285 
501286 
501287 
501288 
501289 
501290 
501291 
501292 
501293 
501294 
501316 
501317 
501318 
501319 
501320 
501321 
501322 
501323 
501324 
501325 
501326 
501327 
501328 
501329 
501330 
501331 
501332 
501333 
501334 
501335 
501336 
501337 
501338 
501339 
501340 
501341 
501342 
501343 
501344 
501345 
501346 
501347 
501348 
501349 
501350 
501351 
501352 
501353 
501354 
501355 
501356 
501357 
239321 
239322 
239326 
239327 
239328 
239329 
239332 
239333 
239334 
239335 
239336 
239337 
239338 
239339 
239340 
239341 
239342 
239343 
239344 
239345 
239346 
239347 
239349 
239350 
239353 
239354 
501519 
501520 
501521 
501522 
501523 
501524 
501525 
501526 
501527 
501528 
501529 
501530 
501531 
501532 
501547 
501548 
501549 
501550 
501551 
501552 
501553 
501554 
501555 
501556 
239413 
501557 
501558 
501559 
501560 
239417 
501561 
501562 
501563 
501564 
501565 
501566 
501567 
501589 
501590 
501591 
501592 
501593 
501594 
501595 
239483 
239487 
239488 
239489 
239490 
239491 
239492 
239493 
239494 
501638 
501639 
501640 
501641 
501642 
501643 
501644 
501645 
501646 
501647 
501648 
501649 
501650 
501651 
501673 
501674 
501675 
501676 
501677 
501678 
501679 
501680 
501681 
501682 
501683 
501684 
501685 
501686 
501687 
501688 
501689 
501690 
501691 
501692 
501693 
501694 
501695 
501696 
501697 
501698 
501699 
501700 
501701 
239558 
501702 
501703 
239560 
501704 
501705 
239562 
501706 
501707 
239564 
501708 
501709 
501710 
501711 
501712 
501713 
501714 
239600 
239602 
239604 
239605 
239606 
239656 
239658 
239660 
239662 
239705 
239707 
239709 
239711 
239719 
239721 
239722 
239723 
239725 
239726 
239730 
501876 
239733 
501877 
501878 
239735 
501879 
239736 
501880 
239737 
501881 
501882 
239739 
501883 
501884 
501885 
501886 
501887 
501888 
501889 
239747 
239750 
239751 
239754 
239757 
239758 
501904 
239761 
501905 
501906 
501907 
239764 
501908 
239765 
501909 
501910 
501911 
239768 
501912 
501913 
501914 
239771 
501915 
239772 
501916 
501917 
501918 
501919 
501920 
501921 
501922 
501923 
501924 
501946 
501947 
501948 
501949 
501950 
501951 
501952 
501995 
501996 
501997 
501998 
501999 
502000 
502001 
502002 
502003 
502004 
502005 
502006 
502007 
502008 
502030 
502031 
502032 
502033 
502034 
502035 
502036 
502037 
502038 
502039 
502040 
502041 
502042 
502043 
502044 
502045 
502046 
502047 
502048 
502049 
502050 
502051 
502052 
502053 
502054 
502055 
502056 
502057 
502058 
502059 
502060 
502061 
502062 
502063 
502064 
502065 
502066 
502067 
502068 
502069 
502070 
502071 
240071 
240074 
240075 
240077 
240078 
240080 
240081 
240082 
240083 
240084 
240085 
240086 
240087 
240088 
240089 
502233 
240090 
502234 
240091 
502235 
240092 
502236 
240093 
502237 
240094 
502238 
240095 
502239 
240096 
502240 
502241 
240098 
502242 
240099 
502243 
502244 
502245 
240102 
502246 
240103 
502261 
502262 
502263 
502264 
502265 
502266 
502267 
502268 
502269 
502270 
502271 
502272 
502273 
502274 
502275 
502276 
502277 
502278 
502279 
502280 
502281 
502303 
502304 
240161 
502305 
240162 
502306 
502307 
502308 
240165 
502309 
240166 
502352 
502353 
502354 
502355 
502356 
502357 
502358 
502359 
502360 
502361 
502362 
502363 
502364 
502365 
240232 
240236 
240237 
240238 
240239 
240240 
240241 
240242 
240243 
502387 
502388 
502389 
502390 
502391 
502392 
502393 
502394 
502395 
502396 
502397 
502398 
502399 
502400 
502401 
502402 
502403 
502404 
502405 
502406 
502407 
502408 
502409 
502410 
502411 
502412 
502413 
502414 
502415 
502416 
502417 
502418 
502419 
502420 
502421 
502422 
502423 
502424 
502425 
502426 
502427 
502428 
240307 
240309 
240311 
240313 
240349 
240351 
240353 
240354 
240355 
240405 
240407 
240409 
240411 
502590 
502591 
502592 
502593 
502594 
502595 
502596 
502597 
240454 
502598 
502599 
240456 
502600 
502601 
240458 
502602 
502603 
240460 
240465 
240468 
240470 
240471 
240472 
240474 
502618 
240475 
502619 
502620 
502621 
502622 
240479 
502623 
502624 
502625 
240482 
502626 
502627 
240484 
502628 
240485 
502629 
240486 
502630 
502631 
240488 
502632 
502633 
502634 
502635 
502636 
240493 
502637 
502638 
240496 
240499 
240500 
240503 
240506 
240507 
240510 
240513 
240514 
502660 
240517 
502661 
502662 
502663 
240520 
502664 
240521 
502665 
502666 
502709 
502710 
502711 
502712 
502713 
502714 
502715 
502716 
502717 
502718 
502719 
502720 
502721 
502722 
502744 
502745 
502746 
502747 
502748 
502749 
502750 
502751 
502752 
502753 
502754 
502755 
502756 
502757 
502758 
502759 
502760 
502761 
502762 
502763 
502764 
502765 
502766 
502767 
502768 
502769 
502770 
502771 
502772 
502773 
502774 
502775 
502776 
502777 
502778 
502779 
502780 
502781 
502782 
502783 
502784 
502785 
502947 
502948 
502949 
502950 
502951 
502952 
502953 
502954 
502955 
502956 
502957 
502958 
502959 
502960 
240819 
240820 
240824 
240826 
240827 
240830 
240831 
502975 
240832 
502976 
240833 
502977 
240834 
502978 
240835 
502979 
240836 
502980 
240837 
502981 
240838 
502982 
240839 
502983 
240840 
502984 
240841 
502985 
240842 
502986 
240843 
502987 
240844 
502988 
240845 
502989 
502990 
240847 
502991 
240848 
502992 
240849 
502993 
502994 
240851 
502995 
240852 
503017 
503018 
503019 
503020 
503021 
503022 
503023 
240910 
240911 
240914 
240915 
503066 
503067 
503068 
503069 
503070 
503071 
503072 
503073 
503074 
503075 
503076 
503077 
503078 
503079 
503101 
503102 
503103 
503104 
503105 
503106 
503107 
503108 
503109 
503110 
503111 
503112 
503113 
503114 
503115 
503116 
503117 
503118 
503119 
503120 
503121 
503122 
503123 
503124 
240981 
503125 
503126 
503127 
503128 
240985 
503129 
240986 
503130 
240987 
503131 
240988 
503132 
240989 
503133 
240990 
503134 
240991 
503135 
240992 
503136 
503137 
503138 
503139 
503140 
503141 
503142 
241056 
241058 
241060 
241062 
241098 
241100 
241102 
241104 
241154 
241156 
241158 
241160 
503304 
503305 
503306 
503307 
503308 
503309 
503310 
503311 
503312 
503313 
503314 
503315 
503316 
503317 
503332 
503333 
503334 
503335 
503336 
503337 
503338 
503339 
503340 
503341 
503342 
503343 
503344 
503345 
503346 
241203 
503347 
503348 
241205 
503349 
503350 
241207 
503351 
503352 
241209 
241210 
241217 
241219 
241220 
241221 
241223 
241224 
241228 
503374 
241231 
503375 
503376 
241233 
503377 
241234 
503378 
241235 
503379 
503380 
241237 
241242 
241245 
241248 
241249 
241252 
241255 
241256 
241259 
241262 
241263 
241266 
241269 
241270 
503423 
503424 
503425 
503426 
503427 
503428 
503429 
503430 
503431 
503432 
503433 
503434 
503435 
503436 
503458 
503459 
503460 
503461 
503462 
503463 
503464 
503465 
503466 
503467 
503468 
503469 
503470 
503471 
503472 
503473 
503474 
503475 
503476 
503477 
503478 
503479 
503480 
503481 
503482 
503483 
503484 
503485 
503486 
503487 
503488 
503489 
503490 
503491 
503492 
503493 
503494 
503495 
503496 
503497 
503498 
503499 
241488 
503661 
503662 
503663 
503664 
503665 
503666 
503667 
503668 
503669 
503670 
503671 
503672 
503673 
503674 
503689 
503690 
503691 
503692 
503693 
503694 
503695 
503696 
503697 
503698 
503699 
503700 
503701 
503702 
503703 
503704 
503705 
503706 
503707 
503708 
503709 
241569 
241573 
241575 
241576 
241579 
241580 
241581 
241582 
241583 
241584 
241585 
241586 
241587 
503731 
241588 
503732 
241589 
503733 
241590 
503734 
241591 
503735 
241592 
503736 
241593 
503737 
241594 
241596 
241597 
241600 
241601 
503780 
503781 
503782 
503783 
503784 
503785 
503786 
503787 
503788 
503789 
503790 
503791 
503792 
503793 
241659 
241660 
241663 
241664 
503815 
503816 
503817 
503818 
503819 
503820 
503821 
503822 
503823 
503824 
503825 
503826 
503827 
503828 
503829 
503830 
503831 
503832 
503833 
503834 
503835 
503836 
503837 
503838 
503839 
503840 
503841 
503842 
503843 
503844 
503845 
503846 
503847 
503848 
503849 
503850 
503851 
503852 
503853 
503854 
503855 
503856 
241730 
241734 
241735 
241736 
241737 
241738 
241739 
241740 
241741 
241805 
241807 
241809 
241811 
241847 
241849 
241851 
241853 
504018 
504019 
504020 
504021 
504022 
504023 
504024 
504025 
504026 
504027 
504028 
504029 
504030 
504031 
504046 
241903 
504047 
504048 
241905 
504049 
504050 
241907 
504051 
504052 
241909 
504053 
504054 
504055 
504056 
504057 
504058 
504059 
504060 
504061 
504062 
504063 
504064 
504065 
504066 
504088 
504089 
504090 
504091 
504092 
504093 
504094 
241952 
241954 
241956 
241958 
241963 
241966 
241968 
241969 
241970 
241972 
241973 
241977 
241980 
241982 
241983 
241984 
241986 
504137 
241994 
504138 
504139 
504140 
241997 
504141 
241998 
504142 
504143 
504144 
242001 
504145 
504146 
504147 
242004 
504148 
242005 
504149 
504150 
242008 
242011 
242012 
242015 
242018 
242019 
504172 
504173 
504174 
504175 
504176 
504177 
504178 
504179 
504180 
504181 
504182 
504183 
504184 
504185 
504186 
504187 
504188 
504189 
504190 
504191 
504192 
504193 
504194 
504195 
504196 
504197 
504198 
504199 
504200 
504201 
504202 
504203 
504204 
504205 
504206 
504207 
504208 
504209 
504210 
504211 
504212 
504213 
504375 
504376 
504377 
504378 
504379 
504380 
504381 
504382 
504383 
504384 
504385 
504386 
504387 
504388 
504403 
504404 
504405 
504406 
504407 
504408 
504409 
504410 
504411 
504412 
504413 
504414 
504415 
504416 
504417 
504418 
504419 
504420 
504421 
504422 
504423 
504445 
504446 
504447 
504448 
504449 
504450 
504451 
242318 
242322 
242324 
242325 
242328 
242329 
242330 
242331 
242332 
242333 
242334 
242335 
242336 
242337 
242338 
242339 
242340 
242341 
242342 
242343 
242345 
242346 
242349 
242350 
504494 
504495 
504496 
504497 
504498 
504499 
504500 
504501 
504502 
504503 
504504 
504505 
504506 
504507 
504529 
504530 
504531 
504532 
504533 
504534 
504535 
504536 
504537 
504538 
504539 
504540 
504541 
504542 
504543 
504544 
504545 
504546 
504547 
504548 
504549 
504550 
504551 
242408 
504552 
242409 
504553 
504554 
504555 
242412 
504556 
242413 
504557 
504558 
504559 
504560 
504561 
504562 
504563 
504564 
504565 
504566 
504567 
504568 
504569 
504570 
242479 
242483 
242484 
242485 
242486 
242487 
242488 
242489 
242490 
242554 
242556 
242558 
242560 
504732 
504733 
504734 
504735 
504736 
504737 
504738 
504739 
242596 
504740 
504741 
242598 
504742 
504743 
242600 
504744 
504745 
242602 
504760 
504761 
504762 
504763 
504764 
504765 
504766 
504767 
504768 
504769 
504770 
504771 
504772 
504773 
504774 
504775 
504776 
504777 
504778 
504779 
504780 
242652 
242654 
242656 
242658 
504802 
504803 
504804 
504805 
504806 
504807 
504808 
242701 
242703 
242705 
242707 
504851 
504852 
504853 
504854 
504855 
242712 
504856 
504857 
504858 
242715 
504859 
504860 
242717 
504861 
242718 
504862 
242719 
504863 
504864 
242721 
242722 
242726 
242729 
242731 
242732 
242733 
242735 
504886 
242743 
504887 
504888 
504889 
242746 
504890 
242747 
504891 
504892 
504893 
242750 
504894 
504895 
504896 
242753 
504897 
242754 
504898 
504899 
504900 
242757 
504901 
504902 
504903 
242760 
504904 
242761 
504905 
504906 
504907 
242764 
504908 
504909 
504910 
242767 
504911 
242768 
504912 
504913 
504914 
504915 
504916 
504917 
504918 
504919 
504920 
504921 
504922 
504923 
504924 
504925 
504926 
504927 
505089 
505090 
505091 
505092 
505093 
505094 
505095 
505096 
505097 
505098 
505099 
505100 
505101 
505102 
505117 
505118 
505119 
505120 
505121 
505122 
505123 
505124 
505125 
505126 
505127 
505128 
505129 
505130 
505131 
505132 
505133 
505134 
505135 
505136 
505137 
505159 
505160 
505161 
505162 
505163 
505164 
505165 
505208 
505209 
505210 
243067 
505211 
505212 
505213 
505214 
243071 
505215 
505216 
243073 
505217 
243074 
505218 
505219 
243076 
505220 
243077 
505221 
243078 
243079 
243080 
243081 
243082 
243083 
243084 
243085 
243086 
243087 
243088 
243089 
243090 
243091 
243092 
243094 
243095 
243098 
243099 
505243 
505244 
505245 
505246 
505247 
505248 
505249 
505250 
505251 
505252 
505253 
505254 
505255 
505256 
505257 
505258 
505259 
505260 
505261 
505262 
505263 
505264 
505265 
505266 
505267 
505268 
505269 
505270 
505271 
505272 
505273 
505274 
505275 
505276 
505277 
505278 
505279 
505280 
505281 
505282 
505283 
505284 
243157 
243158 
243160 
243161 
243162 
243228 
243232 
243233 
243234 
243235 
243236 
243237 
243238 
243239 
505446 
243303 
505447 
505448 
243305 
505449 
505450 
243307 
505451 
505452 
243309 
505453 
505454 
505455 
505456 
505457 
505458 
505459 
505474 
505475 
505476 
505477 
505478 
505479 
505480 
505481 
505482 
505483 
505484 
505485 
505486 
505487 
505488 
243345 
505489 
505490 
243347 
505491 
505492 
243349 
505493 
505494 
243351 
505516 
505517 
505518 
505519 
505520 
505521 
505522 
243401 
243403 
243405 
243407 
505565 
505566 
505567 
505568 
505569 
505570 
505571 
505572 
505573 
505574 
505575 
505576 
505577 
505578 
243450 
243452 
243454 
243456 
505600 
243457 
505601 
505602 
505603 
505604 
243461 
505605 
505606 
505607 
243464 
505608 
505609 
243466 
505610 
243467 
505611 
243468 
505612 
505613 
243470 
505614 
243471 
505615 
505616 
505617 
505618 
243475 
505619 
505620 
505621 
243478 
505622 
505623 
243480 
505624 
243481 
505625 
243482 
505626 
505627 
243484 
505628 
505629 
505630 
505631 
505632 
505633 
505634 
505635 
243492 
505636 
505637 
505638 
243495 
505639 
243496 
505640 
505641 
243499 
243502 
243503 
243506 
243509 
243510 
243513 
243516 
243517 
505803 
505804 
505805 
505806 
505807 
505808 
505809 
505810 
505811 
505812 
505813 
505814 
505815 
505816 
505831 
505832 
505833 
505834 
505835 
505836 
505837 
505838 
505839 
505840 
505841 
505842 
505843 
505844 
505845 
505846 
505847 
505848 
505849 
505850 
505851 
505873 
505874 
505875 
505876 
505877 
505878 
505879 
505922 
505923 
505924 
505925 
505926 
505927 
505928 
505929 
505930 
505931 
505932 
505933 
505934 
505935 
505957 
505958 
243815 
505959 
243816 
505960 
505961 
505962 
505963 
243820 
505964 
243821 
505965 
243822 
505966 
243823 
505967 
505968 
505969 
243826 
505970 
243827 
505971 
243828 
505972 
243829 
505973 
243830 
505974 
243831 
505975 
243832 
505976 
243833 
505977 
243834 
505978 
243835 
505979 
243836 
505980 
243837 
505981 
243838 
505982 
243839 
505983 
243840 
505984 
243841 
505985 
505986 
243843 
505987 
243844 
505988 
505989 
505990 
243847 
505991 
243848 
505992 
505993 
505994 
505995 
505996 
505997 
505998 
243905 
243907 
243909 
243911 
243977 
243981 
243982 
243983 
243984 
243985 
243986 
243987 
243988 
506160 
506161 
506162 
506163 
506164 
506165 
506166 
506167 
506168 
506169 
506170 
506171 
506172 
506173 
506188 
506189 
506190 
506191 
506192 
506193 
506194 
506195 
244052 
506196 
506197 
244054 
506198 
506199 
244056 
506200 
506201 
244058 
506202 
506203 
506204 
506205 
506206 
506207 
506208 
506230 
506231 
506232 
506233 
506234 
506235 
506236 
244094 
244096 
244098 
244100 
506279 
506280 
506281 
506282 
506283 
506284 
506285 
506286 
506287 
506288 
506289 
506290 
506291 
506292 
244150 
244152 
244154 
244156 
506314 
506315 
506316 
506317 
506318 
506319 
506320 
506321 
506322 
506323 
506324 
506325 
506326 
506327 
506328 
506329 
506330 
506331 
506332 
506333 
506334 
506335 
506336 
506337 
506338 
506339 
506340 
506341 
506342 
244199 
506343 
506344 
244201 
506345 
506346 
244203 
506347 
506348 
244205 
506349 
244206 
506350 
506351 
506352 
506353 
506354 
506355 
244213 
244215 
244216 
244217 
244219 
244220 
244224 
244227 
244229 
244230 
244231 
244233 
244241 
244244 
244245 
244248 
244251 
244252 
244255 
244258 
244259 
244262 
244265 
244266 
506517 
506518 
506519 
506520 
506521 
506522 
506523 
506524 
506525 
506526 
506527 
506528 
506529 
506530 
506545 
506546 
506547 
506548 
506549 
506550 
506551 
506552 
506553 
506554 
506555 
506556 
506557 
506558 
506559 
506560 
506561 
506562 
506563 
506564 
506565 
506587 
506588 
506589 
506590 
506591 
506592 
506593 
506636 
506637 
506638 
506639 
506640 
506641 
506642 
506643 
506644 
506645 
506646 
506647 
506648 
506649 
506671 
506672 
506673 
506674 
506675 
506676 
506677 
506678 
506679 
506680 
506681 
506682 
506683 
506684 
506685 
506686 
506687 
506688 
506689 
506690 
506691 
506692 
506693 
506694 
506695 
506696 
506697 
506698 
506699 
506700 
506701 
506702 
506703 
506704 
506705 
506706 
506707 
506708 
244565 
506709 
506710 
506711 
506712 
244569 
244571 
244572 
244575 
244576 
244577 
244578 
244579 
244580 
244581 
244582 
244583 
244584 
244585 
244586 
244587 
244588 
244589 
244590 
244592 
244593 
244594 
244596 
244597 
244656 
244659 
244660 
244726 
244730 
506874 
244731 
506875 
244732 
506876 
244733 
506877 
244734 
506878 
244735 
506879 
244736 
506880 
244737 
506881 
506882 
506883 
506884 
506885 
506886 
506887 
506902 
506903 
506904 
506905 
506906 
506907 
506908 
506909 
506910 
506911 
506912 
506913 
506914 
506915 
506916 
506917 
506918 
506919 
506920 
506921 
506922 
506944 
244801 
506945 
506946 
244803 
506947 
506948 
244805 
506949 
506950 
244807 
244843 
244845 
244847 
244849 
506993 
506994 
506995 
506996 
506997 
506998 
506999 
507000 
507001 
507002 
507003 
507004 
507005 
507006 
507028 
507029 
507030 
507031 
507032 
507033 
507034 
507035 
507036 
507037 
507038 
507039 
507040 
507041 
507042 
244899 
507043 
507044 
244901 
507045 
507046 
244903 
507047 
507048 
244905 
507049 
507050 
507051 
507052 
507053 
507054 
507055 
507056 
507057 
507058 
507059 
507060 
507061 
507062 
507063 
507064 
507065 
507066 
507067 
507068 
507069 
244948 
244950 
244952 
244954 
244959 
244962 
244964 
244965 
244966 
244968 
244969 
244973 
244976 
244978 
244979 
244980 
244982 
244990 
244993 
244994 
244997 
245000 
245001 
245004 
245007 
245008 
245011 
245014 
245015 
507231 
507232 
507233 
507234 
507235 
507236 
507237 
507238 
507239 
507240 
507241 
507242 
507243 
507244 
507259 
507260 
507261 
507262 
507263 
507264 
507265 
507266 
507267 
507268 
507269 
507270 
507271 
507272 
507273 
507274 
507275 
507276 
507277 
507278 
507279 
507301 
507302 
507303 
507304 
507305 
507306 
507307 
507350 
507351 
507352 
507353 
507354 
507355 
507356 
507357 
507358 
507359 
507360 
507361 
507362 
507363 
245240 
507385 
507386 
507387 
507388 
507389 
507390 
507391 
507392 
507393 
507394 
507395 
507396 
507397 
507398 
507399 
507400 
507401 
507402 
507403 
507404 
507405 
507406 
507407 
507408 
507409 
507410 
507411 
507412 
507413 
507414 
507415 
507416 
507417 
507418 
507419 
507420 
507421 
507422 
507423 
507424 
507425 
507426 
245314 
245318 
245320 
245321 
245324 
245325 
245326 
245327 
245328 
245329 
245330 
245331 
245332 
245333 
245334 
245335 
245336 
245337 
245338 
245339 
245341 
245342 
245345 
245346 
245405 
245409 
507588 
507589 
507590 
507591 
507592 
507593 
507594 
507595 
507596 
507597 
507598 
507599 
507600 
507601 
507616 
507617 
507618 
245475 
507619 
507620 
507621 
507622 
245479 
507623 
245480 
507624 
245481 
507625 
245482 
507626 
245483 
507627 
245484 
507628 
245485 
507629 
245486 
507630 
507631 
507632 
507633 
507634 
507635 
507636 
507658 
507659 
507660 
507661 
507662 
507663 
507664 
245550 
245552 
245554 
245556 
507707 
507708 
507709 
507710 
507711 
507712 
507713 
507714 
507715 
507716 
507717 
507718 
507719 
507720 
245592 
245594 
245596 
245598 
507742 
507743 
507744 
507745 
507746 
507747 
507748 
507749 
507750 
507751 
507752 
507753 
507754 
507755 
507756 
507757 
507758 
507759 
507760 
507761 
507762 
507763 
507764 
507765 
507766 
507767 
507768 
507769 
507770 
507771 
507772 
507773 
507774 
507775 
507776 
507777 
507778 
507779 
507780 
507781 
507782 
507783 
245648 
245650 
245652 
245654 
245697 
245699 
245701 
245703 
245711 
245713 
245714 
245715 
245717 
245718 
245722 
245725 
245727 
245728 
245729 
245731 
245739 
245742 
245743 
245746 
245749 
245750 
245753 
245756 
245757 
245760 
245763 
245764 
507945 
507946 
507947 
507948 
507949 
507950 
507951 
507952 
507953 
507954 
507955 
507956 
507957 
507958 
507973 
507974 
507975 
507976 
507977 
507978 
507979 
507980 
507981 
507982 
507983 
507984 
507985 
507986 
507987 
507988 
507989 
507990 
507991 
507992 
507993 
508015 
508016 
508017 
508018 
508019 
508020 
508021 
508064 
508065 
508066 
508067 
508068 
508069 
508070 
508071 
508072 
508073 
508074 
508075 
508076 
508077 
508099 
508100 
508101 
508102 
508103 
508104 
508105 
508106 
508107 
508108 
508109 
508110 
508111 
508112 
508113 
508114 
508115 
508116 
508117 
508118 
508119 
508120 
508121 
508122 
508123 
508124 
508125 
508126 
508127 
508128 
245985 
508129 
508130 
508131 
508132 
508133 
508134 
508135 
508136 
508137 
508138 
508139 
508140 
246063 
246066 
246067 
246068 
246069 
246070 
246073 
246074 
246075 
246076 
246077 
246078 
246079 
246080 
246081 
246082 
246083 
246084 
246085 
246086 
246087 
246088 
246090 
246091 
246094 
246095 
246154 
246156 
246157 
246158 
508302 
508303 
508304 
508305 
508306 
508307 
508308 
508309 
508310 
508311 
508312 
508313 
508314 
508315 
508330 
508331 
508332 
508333 
508334 
508335 
508336 
508337 
508338 
508339 
508340 
508341 
508342 
508343 
508344 
508345 
508346 
508347 
508348 
508349 
508350 
246224 
246228 
508372 
246229 
508373 
246230 
508374 
246231 
508375 
246232 
508376 
246233 
508377 
246234 
508378 
246235 
508421 
508422 
508423 
508424 
508425 
508426 
508427 
508428 
508429 
508430 
508431 
508432 
508433 
508434 
246299 
246301 
246303 
246305 
508456 
508457 
508458 
508459 
508460 
508461 
508462 
508463 
508464 
508465 
508466 
508467 
508468 
508469 
508470 
508471 
508472 
508473 
508474 
508475 
508476 
508477 
508478 
508479 
508480 
508481 
508482 
508483 
508484 
246341 
508485 
508486 
246343 
508487 
508488 
246345 
508489 
508490 
246347 
508491 
508492 
508493 
508494 
508495 
508496 
508497 
246397 
246399 
246401 
246403 
246446 
246448 
246450 
246452 
246460 
246462 
246463 
246464 
246466 
246467 
246471 
246474 
246476 
246477 
246478 
246480 
246485 
246488 
246491 
246492 
246495 
246498 
246499 
246502 
246505 
246506 
246509 
246512 
246513 
508659 
508660 
508661 
508662 
508663 
508664 
508665 
508666 
508667 
508668 
508669 
508670 
508671 
508672 
508687 
508688 
508689 
508690 
508691 
508692 
508693 
508694 
508695 
508696 
508697 
508698 
508699 
508700 
508701 
508702 
508703 
508704 
508705 
508706 
508707 
508729 
508730 
508731 
508732 
508733 
508734 
508735 
508778 
508779 
508780 
508781 
508782 
508783 
508784 
508785 
508786 
508787 
508788 
508789 
508790 
508791 
508813 
508814 
508815 
508816 
508817 
508818 
508819 
508820 
508821 
508822 
508823 
508824 
508825 
508826 
508827 
508828 
508829 
508830 
508831 
508832 
508833 
508834 
508835 
508836 
508837 
508838 
508839 
508840 
508841 
508842 
508843 
508844 
508845 
508846 
508847 
508848 
508849 
508850 
508851 
508852 
508853 
508854 
246732 
246738 
246812 
246816 
246818 
246819 
246822 
246823 
246824 
246825 
246826 
246827 
246828 
246829 
246830 
246831 
246832 
246833 
246834 
246835 
246836 
246837 
246839 
246840 
246843 
246844 
509016 
509017 
509018 
509019 
509020 
509021 
509022 
509023 
509024 
509025 
509026 
509027 
509028 
509029 
509044 
509045 
246902 
509046 
246903 
509047 
509048 
509049 
509050 
246907 
509051 
509052 
509053 
509054 
509055 
509056 
509057 
509058 
509059 
509060 
509061 
509062 
509063 
509064 
509086 
509087 
509088 
509089 
509090 
509091 
509092 
246973 
246977 
246978 
246979 
246980 
246981 
246982 
246983 
246984 
509135 
509136 
509137 
509138 
509139 
509140 
509141 
509142 
509143 
509144 
509145 
509146 
509147 
509148 
509170 
509171 
509172 
509173 
509174 
509175 
509176 
509177 
509178 
509179 
509180 
509181 
509182 
509183 
509184 
509185 
509186 
509187 
509188 
509189 
509190 
509191 
247048 
509192 
509193 
247050 
509194 
509195 
247052 
509196 
509197 
247054 
509198 
509199 
509200 
509201 
509202 
509203 
509204 
509205 
509206 
509207 
509208 
509209 
509210 
509211 
247090 
247092 
247094 
247096 
247146 
247148 
247150 
247152 
247195 
247197 
247199 
247201 
247202 
247209 
247211 
247212 
247213 
247215 
247216 
247220 
247223 
247225 
247226 
247227 
247229 
509373 
509374 
509375 
509376 
509377 
509378 
509379 
509380 
247237 
509381 
509382 
509383 
247240 
509384 
247241 
509385 
509386 
247244 
247247 
247248 
247251 
247254 
247255 
509401 
247258 
509402 
509403 
509404 
247261 
509405 
247262 
509406 
509407 
509408 
509409 
509410 
509411 
509412 
509413 
509414 
509415 
509416 
509417 
509418 
509419 
509420 
509421 
509443 
509444 
509445 
509446 
509447 
509448 
509449 
509492 
509493 
509494 
509495 
509496 
509497 
509498 
509499 
509500 
509501 
509502 
509503 
509504 
509505 
509527 
509528 
509529 
509530 
509531 
509532 
509533 
509534 
509535 
509536 
509537 
509538 
509539 
509540 
509541 
509542 
509543 
509544 
509545 
509546 
509547 
509548 
509549 
509550 
509551 
509552 
509553 
509554 
509555 
509556 
509557 
509558 
509559 
509560 
509561 
509562 
509563 
509564 
509565 
509566 
509567 
509568 
247477 
247483 
247561 
247565 
247567 
247568 
247571 
247572 
247573 
247574 
247575 
247576 
247577 
247578 
247579 
247580 
247581 
247582 
247583 
247584 
247585 
247586 
509730 
509731 
247588 
509732 
247589 
509733 
509734 
509735 
247592 
509736 
247593 
509737 
509738 
509739 
509740 
509741 
509742 
509743 
509758 
509759 
509760 
509761 
509762 
509763 
509764 
509765 
509766 
509767 
509768 
509769 
509770 
509771 
509772 
509773 
509774 
509775 
509776 
509777 
509778 
247652 
247654 
247655 
247656 
509800 
509801 
509802 
509803 
509804 
509805 
509806 
509849 
509850 
509851 
509852 
509853 
509854 
509855 
509856 
509857 
509858 
509859 
509860 
509861 
509862 
247722 
247726 
247727 
247728 
247729 
247730 
247731 
247732 
247733 
509884 
509885 
509886 
509887 
509888 
509889 
509890 
509891 
509892 
509893 
509894 
509895 
509896 
509897 
509898 
509899 
509900 
509901 
509902 
509903 
509904 
509905 
509906 
509907 
509908 
509909 
509910 
509911 
509912 
509913 
509914 
509915 
509916 
509917 
509918 
509919 
509920 
509921 
509922 
509923 
509924 
509925 
247797 
247799 
247801 
247803 
247839 
247841 
247843 
247845 
247895 
247897 
247899 
247901 
510087 
247944 
510088 
510089 
247946 
510090 
510091 
247948 
510092 
510093 
247950 
510094 
247951 
510095 
510096 
510097 
510098 
510099 
510100 
247958 
247960 
247961 
247962 
247964 
247965 
247969 
510115 
247972 
510116 
510117 
247974 
510118 
247975 
510119 
247976 
510120 
510121 
247978 
510122 
247979 
510123 
510124 
510125 
510126 
247983 
510127 
510128 
510129 
247986 
510130 
510131 
510132 
247989 
510133 
247990 
510134 
510135 
247993 
247996 
247997 
248000 
248003 
248004 
248007 
248010 
248011 
510157 
510158 
510159 
510160 
510161 
510162 
510163 
510206 
510207 
510208 
510209 
510210 
510211 
510212 
510213 
510214 
510215 
510216 
510217 
510218 
510219 
510241 
510242 
510243 
510244 
510245 
510246 
510247 
510248 
510249 
510250 
510251 
510252 
510253 
510254 
510255 
510256 
510257 
510258 
510259 
510260 
510261 
510262 
510263 
510264 
510265 
510266 
510267 
510268 
510269 
510270 
510271 
510272 
510273 
510274 
510275 
510276 
510277 
510278 
510279 
510280 
510281 
510282 
248233 
510444 
510445 
510446 
510447 
510448 
510449 
510450 
510451 
510452 
510453 
248310 
510454 
510455 
510456 
510457 
248314 
248316 
248317 
248319 
248320 
248321 
248322 
248323 
248324 
248325 
248326 
248327 
248328 
510472 
248329 
510473 
248330 
510474 
248331 
510475 
248332 
510476 
248333 
510477 
248334 
510478 
248335 
510479 
510480 
248337 
510481 
248338 
510482 
510483 
510484 
248341 
510485 
248342 
510486 
510487 
510488 
510489 
510490 
510491 
510492 
510514 
510515 
510516 
510517 
510518 
510519 
510520 
248399 
248400 
248401 
248405 
510563 
510564 
510565 
510566 
510567 
510568 
510569 
510570 
510571 
510572 
510573 
510574 
510575 
510576 
510598 
510599 
510600 
510601 
510602 
510603 
510604 
510605 
510606 
510607 
510608 
510609 
510610 
510611 
510612 
510613 
510614 
248471 
510615 
510616 
510617 
510618 
248475 
510619 
248476 
510620 
248477 
510621 
248478 
510622 
248479 
510623 
248480 
510624 
248481 
510625 
248482 
510626 
510627 
510628 
510629 
510630 
510631 
510632 
510633 
510634 
510635 
510636 
510637 
510638 
510639 
248546 
248548 
248550 
248552 
248588 
248590 
248592 
248593 
248594 
248644 
248646 
248648 
248650 
510801 
510802 
510803 
510804 
510805 
510806 
510807 
510808 
510809 
510810 
510811 
510812 
510813 
510814 
510829 
510830 
510831 
510832 
510833 
510834 
510835 
510836 
248693 
510837 
510838 
248695 
510839 
510840 
248697 
510841 
510842 
248699 
510843 
510844 
510845 
510846 
510847 
510848 
510849 
248707 
248709 
248710 
248711 
248713 
248714 
248718 
248721 
248723 
248724 
248725 
248727 
510871 
510872 
510873 
510874 
510875 
248732 
510876 
510877 
248735 
248738 
248739 
248742 
248745 
248746 
248749 
248752 
248753 
248756 
248759 
248760 
510920 
510921 
510922 
510923 
510924 
510925 
510926 
510927 
510928 
510929 
510930 
510931 
510932 
510933 
510955 
510956 
510957 
510958 
510959 
510960 
510961 
510962 
510963 
510964 
510965 
510966 
510967 
510968 
510969 
510970 
510971 
510972 
510973 
510974 
510975 
510976 
510977 
510978 
510979 
510980 
510981 
510982 
510983 
510984 
510985 
510986 
510987 
510988 
510989 
510990 
510991 
510992 
510993 
510994 
510995 
510996 
248979 
248982 
248988 
511158 
511159 
511160 
511161 
511162 
511163 
511164 
511165 
511166 
511167 
511168 
511169 
511170 
511171 
511186 
511187 
511188 
511189 
511190 
511191 
511192 
511193 
511194 
511195 
511196 
511197 
511198 
511199 
511200 
511201 
511202 
249059 
511203 
511204 
511205 
511206 
249063 
249064 
249065 
249066 
249068 
249069 
249070 
249071 
249072 
249073 
249074 
249075 
249076 
249077 
249078 
249079 
249080 
249081 
249082 
249083 
249084 
511228 
511229 
249086 
511230 
249087 
511231 
511232 
511233 
249090 
511234 
249091 
511277 
511278 
511279 
511280 
511281 
511282 
511283 
511284 
511285 
511286 
511287 
511288 
511289 
511290 
249150 
249153 
249154 
511312 
511313 
511314 
511315 
511316 
511317 
511318 
511319 
511320 
511321 
511322 
511323 
511324 
511325 
511326 
511327 
511328 
511329 
511330 
511331 
511332 
511333 
511334 
511335 
511336 
511337 
511338 
511339 
511340 
511341 
511342 
511343 
511344 
511345 
511346 
511347 
511348 
511349 
511350 
511351 
511352 
511353 
249220 
249224 
249225 
249226 
249227 
249228 
249229 
249230 
249231 
249295 
249297 
249299 
249301 
249337 
249338 
249339 
249341 
249343 
511515 
511516 
511517 
511518 
511519 
511520 
511521 
511522 
511523 
511524 
511525 
511526 
511527 
511528 
249393 
249395 
249396 
249397 
249399 
511543 
511544 
511545 
511546 
511547 
511548 
511549 
511550 
511551 
511552 
511553 
511554 
511555 
511556 
511557 
511558 
511559 
511560 
511561 
511562 
511563 
511585 
249442 
511586 
511587 
249444 
511588 
511589 
249446 
511590 
511591 
249448 
249449 
249456 
249458 
249459 
249460 
249462 
249463 
249467 
249470 
249472 
249473 
249474 
249476 
249484 
249487 
249488 
511634 
249491 
511635 
511636 
511637 
249494 
511638 
249495 
511639 
511640 
511641 
249498 
511642 
511643 
511644 
249501 
511645 
249502 
511646 
511647 
249505 
249508 
249509 
511669 
511670 
511671 
511672 
511673 
511674 
511675 
511676 
511677 
511678 
511679 
511680 
511681 
511682 
511683 
511684 
511685 
511686 
511687 
511688 
511689 
511690 
511691 
511692 
511693 
511694 
511695 
511696 
511697 
511698 
511699 
511700 
511701 
511702 
511703 
511704 
511705 
511706 
511707 
511708 
511709 
511710 
511872 
511873 
511874 
511875 
511876 
511877 
511878 
511879 
511880 
511881 
511882 
511883 
511884 
511885 
511900 
511901 
511902 
511903 
511904 
511905 
511906 
511907 
511908 
511909 
511910 
511911 
511912 
511913 
511914 
511915 
511916 
511917 
511918 
511919 
511920 
511942 
511943 
511944 
511945 
511946 
511947 
511948 
249808 
249811 
249812 
249814 
249815 
249817 
249818 
249819 
249820 
249821 
249822 
249823 
249824 
249825 
249826 
249827 
249828 
249829 
249830 
249831 
249832 
249833 
249835 
249836 
249839 
249840 
511991 
511992 
511993 
511994 
511995 
511996 
511997 
511998 
511999 
512000 
512001 
512002 
512003 
512004 
512026 
512027 
512028 
512029 
512030 
512031 
512032 
512033 
512034 
512035 
512036 
512037 
512038 
512039 
512040 
512041 
249898 
512042 
249899 
512043 
512044 
512045 
249902 
512046 
249903 
512047 
512048 
512049 
512050 
512051 
512052 
512053 
512054 
512055 
512056 
512057 
512058 
512059 
512060 
512061 
512062 
512063 
512064 
512065 
512066 
512067 
249969 
249973 
249974 
249975 
249976 
249977 
249978 
249979 
249980 
250044 
250046 
250048 
250050 
512229 
250086 
512230 
512231 
250088 
512232 
512233 
250090 
512234 
512235 
250092 
512236 
512237 
512238 
512239 
512240 
512241 
512242 
512257 
512258 
512259 
512260 
512261 
512262 
512263 
512264 
512265 
512266 
512267 
512268 
512269 
512270 
512271 
512272 
512273 
512274 
512275 
512276 
512277 
250142 
250144 
250146 
250148 
512299 
512300 
512301 
512302 
512303 
512304 
512305 
250191 
250193 
250195 
250197 
512348 
250205 
512349 
512350 
250207 
512351 
250208 
512352 
250209 
512353 
512354 
250211 
512355 
250212 
512356 
512357 
512358 
512359 
250216 
512360 
512361 
250219 
250221 
250222 
250223 
250225 
250233 
250236 
250237 
512383 
250240 
512384 
512385 
512386 
250243 
512387 
250244 
512388 
512389 
512390 
250247 
512391 
512392 
512393 
250250 
512394 
250251 
512395 
512396 
512397 
250254 
512398 
512399 
512400 
250257 
512401 
250258 
512402 
512403 
512404 
512405 
512406 
512407 
512408 
512409 
512410 
512411 
512412 
512413 
512414 
512415 
512416 
512417 
512418 
512419 
512420 
512421 
512422 
512423 
512424 
512586 
512587 
512588 
512589 
512590 
512591 
512592 
512593 
512594 
512595 
512596 
512597 
512598 
512599 
512614 
512615 
512616 
512617 
512618 
512619 
512620 
512621 
512622 
512623 
512624 
512625 
512626 
512627 
250484 
512628 
512629 
512630 
512631 
512632 
512633 
512634 
512656 
512657 
512658 
512659 
512660 
512661 
512662 
250557 
250561 
512705 
250562 
512706 
250563 
512707 
250564 
512708 
512709 
250566 
512710 
250567 
512711 
250568 
512712 
250569 
512713 
250570 
512714 
250571 
512715 
250572 
512716 
250573 
512717 
250574 
512718 
250575 
250576 
250577 
250578 
250579 
250580 
250581 
250582 
250584 
250585 
250588 
250589 
512740 
512741 
512742 
512743 
512744 
512745 
512746 
512747 
512748 
512749 
512750 
512751 
512752 
512753 
512754 
512755 
512756 
512757 
512758 
512759 
512760 
512761 
512762 
512763 
512764 
512765 
512766 
512767 
512768 
512769 
512770 
512771 
512772 
512773 
512774 
512775 
512776 
512777 
512778 
512779 
512780 
512781 
250648 
250652 
250718 
250722 
250723 
250724 
250725 
250726 
250727 
250728 
250729 
250793 
250795 
250797 
250799 
512943 
512944 
512945 
512946 
512947 
512948 
512949 
512950 
512951 
512952 
512953 
512954 
512955 
512956 
512971 
512972 
512973 
512974 
512975 
512976 
512977 
512978 
250835 
512979 
512980 
250837 
512981 
512982 
250839 
512983 
512984 
250841 
512985 
512986 
512987 
512988 
512989 
512990 
512991 
513013 
513014 
513015 
513016 
513017 
513018 
513019 
250891 
250893 
250895 
250897 
513062 
513063 
513064 
513065 
513066 
513067 
513068 
513069 
513070 
513071 
513072 
513073 
513074 
513075 
250940 
250942 
250944 
250946 
513097 
250954 
513098 
513099 
250956 
513100 
250957 
513101 
250958 
513102 
513103 
250960 
513104 
250961 
513105 
513106 
513107 
513108 
250965 
513109 
513110 
513111 
250968 
513112 
513113 
250970 
513114 
250971 
513115 
250972 
513116 
513117 
250974 
513118 
513119 
513120 
513121 
513122 
513123 
513124 
513125 
250982 
513126 
513127 
513128 
250985 
513129 
250986 
513130 
513131 
513132 
250989 
513133 
513134 
513135 
250992 
513136 
250993 
513137 
513138 
250996 
250999 
251000 
251003 
251006 
251007 
513300 
513301 
513302 
513303 
513304 
513305 
513306 
513307 
513308 
513309 
513310 
513311 
513312 
513313 
513328 
513329 
513330 
513331 
513332 
513333 
513334 
513335 
513336 
513337 
513338 
513339 
513340 
513341 
513342 
513343 
513344 
513345 
513346 
513347 
513348 
513370 
513371 
251228 
513372 
513373 
513374 
513375 
513376 
513419 
513420 
513421 
513422 
513423 
513424 
513425 
513426 
513427 
513428 
513429 
513430 
513431 
513432 
251306 
251309 
251310 
513454 
251311 
513455 
251312 
513456 
251313 
513457 
513458 
513459 
251316 
513460 
251317 
513461 
251318 
513462 
251319 
513463 
251320 
513464 
251321 
513465 
251322 
513466 
251323 
513467 
251324 
513468 
251325 
513469 
251326 
513470 
251327 
513471 
251328 
513472 
251329 
513473 
251330 
513474 
251331 
513475 
513476 
251333 
513477 
251334 
513478 
251335 
513479 
513480 
251337 
513481 
251338 
513482 
513483 
513484 
513485 
513486 
513487 
513488 
513489 
513490 
513491 
513492 
513493 
513494 
513495 
251397 
251400 
251401 
251467 
251471 
251472 
251473 
251474 
251475 
251476 
251477 
251478 
513657 
513658 
513659 
513660 
513661 
513662 
513663 
513664 
513665 
513666 
513667 
513668 
513669 
513670 
513685 
251542 
513686 
513687 
251544 
513688 
513689 
251546 
513690 
513691 
251548 
513692 
513693 
513694 
513695 
513696 
513697 
513698 
513699 
513700 
513701 
513702 
513703 
513704 
513705 
513727 
251584 
513728 
251585 
513729 
251586 
513730 
513731 
251588 
513732 
513733 
251590 
513776 
513777 
513778 
513779 
513780 
513781 
513782 
513783 
251640 
513784 
513785 
251642 
513786 
513787 
251644 
513788 
513789 
251646 
513811 
513812 
513813 
513814 
513815 
513816 
513817 
513818 
513819 
513820 
513821 
513822 
513823 
513824 
513825 
513826 
513827 
513828 
513829 
513830 
513831 
513832 
251689 
513833 
513834 
251691 
513835 
513836 
251693 
513837 
513838 
251695 
513839 
513840 
513841 
513842 
513843 
513844 
513845 
513846 
251703 
513847 
513848 
251705 
513849 
251706 
513850 
251707 
513851 
251708 
513852 
251709 
251710 
251714 
251717 
251719 
251720 
251721 
251723 
251724 
251731 
251734 
251735 
251738 
251741 
251742 
251745 
251748 
251749 
251752 
251755 
251756 
514014 
514015 
514016 
514017 
514018 
514019 
514020 
514021 
514022 
514023 
514024 
514025 
514026 
514027 
514042 
514043 
514044 
514045 
514046 
514047 
514048 
514049 
514050 
514051 
514052 
514053 
514054 
514055 
514056 
514057 
514058 
514059 
514060 
514061 
514062 
514084 
514085 
514086 
514087 
514088 
514089 
514090 
514133 
514134 
514135 
514136 
514137 
514138 
514139 
514140 
514141 
514142 
514143 
514144 
514145 
514146 
514168 
514169 
514170 
514171 
514172 
514173 
514174 
514175 
514176 
514177 
514178 
514179 
514180 
514181 
514182 
514183 
514184 
514185 
514186 
514187 
514188 
514189 
514190 
514191 
514192 
514193 
514194 
514195 
514196 
514197 
514198 
252055 
514199 
514200 
514201 
514202 
252059 
514203 
514204 
252061 
514205 
252062 
514206 
514207 
252064 
514208 
252065 
514209 
252066 
252067 
252068 
252069 
252070 
252071 
252072 
252073 
252074 
252075 
252076 
252077 
252078 
252079 
252080 
252082 
252083 
252084 
252086 
252087 
252146 
252150 
252216 
252220 
252221 
252222 
252223 
252224 
252225 
252226 
252227 
514371 
514372 
514373 
514374 
514375 
514376 
514377 
514378 
514379 
514380 
514381 
514382 
514383 
514384 
514399 
514400 
514401 
514402 
514403 
514404 
514405 
514406 
514407 
514408 
514409 
514410 
514411 
514412 
514413 
514414 
514415 
514416 
514417 
514418 
514419 
252291 
252293 
252295 
252297 
514441 
514442 
514443 
514444 
514445 
514446 
514447 
252333 
252335 
252337 
252338 
252339 
514490 
514491 
514492 
514493 
514494 
514495 
514496 
514497 
514498 
514499 
514500 
514501 
514502 
514503 
514525 
514526 
514527 
514528 
514529 
514530 
514531 
514532 
252389 
514533 
514534 
252391 
514535 
514536 
252393 
514537 
514538 
252395 
514539 
514540 
514541 
514542 
514543 
514544 
514545 
514546 
514547 
514548 
514549 
514550 
514551 
514552 
514553 
514554 
514555 
514556 
514557 
514558 
514559 
514560 
514561 
514562 
514563 
514564 
514565 
514566 
252438 
252440 
252442 
252444 
252452 
252454 
252455 
252456 
252458 
252459 
252463 
252466 
252468 
252469 
252470 
252472 
252473 
252480 
252483 
252484 
252487 
252490 
252491 
252494 
252497 
252498 
252501 
252504 
252505 
514728 
514729 
514730 
514731 
514732 
514733 
514734 
514735 
514736 
514737 
514738 
514739 
514740 
514741 
514756 
514757 
514758 
514759 
514760 
514761 
514762 
514763 
514764 
514765 
514766 
514767 
514768 
514769 
514770 
514771 
514772 
514773 
514774 
514775 
514776 
514798 
514799 
514800 
514801 
514802 
514803 
514804 
514847 
514848 
514849 
514850 
514851 
514852 
514853 
514854 
514855 
514856 
514857 
514858 
514859 
514860 
514882 
514883 
514884 
514885 
514886 
514887 
514888 
514889 
514890 
514891 
514892 
514893 
514894 
514895 
514896 
514897 
514898 
514899 
514900 
514901 
514902 
514903 
514904 
514905 
514906 
514907 
514908 
514909 
514910 
514911 
514912 
514913 
514914 
514915 
514916 
514917 
514918 
514919 
514920 
514921 
514922 
514923 
252804 
252808 
252810 
252811 
252814 
252815 
252816 
252817 
252818 
252819 
252820 
252821 
252822 
252823 
252824 
252825 
252826 
252827 
252828 
252829 
252831 
252832 
252833 
252835 
252836 
252894 
252895 
252899 
515085 
515086 
515087 
515088 
515089 
515090 
515091 
515092 
515093 
515094 
515095 
515096 
515097 
515098 
252965 
252969 
515113 
252970 
515114 
252971 
515115 
252972 
515116 
252973 
515117 
252974 
515118 
252975 
515119 
252976 
515120 
515121 
515122 
515123 
515124 
515125 
515126 
515127 
515128 
515129 
515130 
515131 
515132 
515133 
515155 
515156 
515157 
515158 
515159 
515160 
515161 
253040 
253042 
253044 
253046 
515204 
515205 
515206 
515207 
515208 
515209 
515210 
515211 
515212 
515213 
515214 
515215 
515216 
515217 
253082 
253084 
253086 
253088 
515239 
515240 
515241 
515242 
515243 
515244 
515245 
515246 
515247 
515248 
515249 
515250 
515251 
515252 
515253 
515254 
515255 
515256 
515257 
515258 
515259 
515260 
515261 
515262 
515263 
515264 
515265 
515266 
515267 
515268 
515269 
515270 
515271 
515272 
515273 
515274 
515275 
515276 
515277 
515278 
515279 
515280 
253138 
253140 
253142 
253144 
253187 
253189 
253191 
253193 
253201 
253203 
253204 
253205 
253207 
253208 
253212 
253215 
253217 
253218 
253219 
253221 
253226 
253229 
253232 
253233 
253236 
253239 
253240 
253243 
253246 
253247 
253250 
253253 
253254 
515442 
515443 
515444 
515445 
515446 
515447 
515448 
515449 
515450 
515451 
515452 
515453 
515454 
515455 
515470 
515471 
515472 
515473 
515474 
515475 
515476 
515477 
515478 
515479 
515480 
515481 
515482 
515483 
515484 
515485 
515486 
515487 
515488 
515489 
515490 
515512 
515513 
515514 
515515 
515516 
515517 
515518 
515561 
515562 
515563 
515564 
515565 
515566 
515567 
515568 
515569 
515570 
515571 
515572 
515573 
515574 
515596 
515597 
515598 
515599 
515600 
515601 
515602 
515603 
515604 
515605 
515606 
515607 
515608 
515609 
515610 
515611 
515612 
515613 
515614 
515615 
515616 
515617 
515618 
515619 
515620 
515621 
515622 
515623 
515624 
515625 
515626 
515627 
515628 
515629 
515630 
515631 
515632 
515633 
515634 
515635 
515636 
515637 
253553 
253557 
253559 
253560 
253563 
253564 
253565 
253566 
253567 
253568 
253569 
253570 
253571 
253572 
253573 
253574 
253575 
253576 
253577 
253578 
253580 
253581 
253582 
253584 
253585 
253644 
253648 
515799 
515800 
515801 
515802 
515803 
515804 
515805 
515806 
515807 
515808 
515809 
515810 
515811 
515812 
515827 
515828 
515829 
515830 
515831 
515832 
515833 
515834 
515835 
515836 
515837 
515838 
515839 
515840 
515841 
515842 
515843 
515844 
515845 
515846 
515847 
253714 
253718 
253719 
253720 
253721 
253722 
253723 
253724 
253725 
515869 
515870 
515871 
515872 
515873 
515874 
515875 
515918 
515919 
515920 
515921 
515922 
515923 
515924 
515925 
515926 
515927 
515928 
515929 
515930 
515931 
253789 
253791 
253793 
253795 
515953 
515954 
515955 
515956 
515957 
515958 
515959 
515960 
515961 
515962 
515963 
515964 
515965 
515966 
515967 
515968 
515969 
515970 
515971 
515972 
515973 
515974 
253831 
515975 
515976 
253833 
515977 
515978 
253835 
515979 
515980 
253837 
515981 
515982 
515983 
515984 
515985 
515986 
515987 
515988 
515989 
515990 
515991 
515992 
515993 
515994 
253887 
253889 
253891 
253893 
253936 
253938 
253940 
253942 
253950 
253952 
253953 
253954 
253956 
253957 
253961 
253964 
253966 
253967 
253968 
253970 
253971 
253978 
253981 
253982 
253985 
253988 
253989 
253992 
253995 
253996 
253999 
254002 
254003 
516156 
516157 
516158 
516159 
516160 
516161 
516162 
516163 
516164 
516165 
516166 
516167 
516168 
516169 
516184 
516185 
516186 
516187 
516188 
516189 
516190 
516191 
516192 
516193 
516194 
516195 
516196 
516197 
516198 
516199 
516200 
516201 
516202 
516203 
516204 
516226 
516227 
516228 
516229 
516230 
516231 
516232 
516275 
516276 
516277 
516278 
516279 
516280 
516281 
516282 
516283 
516284 
516285 
516286 
516287 
516288 
516310 
516311 
516312 
516313 
516314 
516315 
516316 
516317 
516318 
516319 
516320 
516321 
516322 
516323 
516324 
516325 
516326 
516327 
516328 
516329 
516330 
516331 
516332 
516333 
516334 
516335 
516336 
516337 
516338 
516339 
516340 
516341 
516342 
516343 
516344 
516345 
516346 
516347 
516348 
516349 
516350 
516351 
254302 
254305 
254306 
254308 
254309 
254311 
254312 
254313 
254314 
254315 
254316 
254317 
254318 
254319 
254320 
254321 
254322 
254323 
254324 
254325 
254326 
254327 
254329 
254330 
254331 
254333 
254334 
516513 
516514 
516515 
516516 
516517 
516518 
516519 
516520 
516521 
516522 
516523 
516524 
516525 
516526 
254392 
254393 
254395 
254397 
516541 
516542 
516543 
516544 
516545 
516546 
516547 
516548 
516549 
516550 
516551 
516552 
516553 
516554 
516555 
516556 
516557 
516558 
516559 
516560 
516561 
516583 
516584 
516585 
516586 
516587 
516588 
516589 
254463 
254467 
254468 
254469 
254470 
254471 
254472 
254473 
254474 
516632 
516633 
516634 
516635 
516636 
516637 
516638 
516639 
516640 
516641 
516642 
516643 
516644 
516645 
516667 
516668 
516669 
516670 
516671 
516672 
516673 
516674 
516675 
516676 
516677 
516678 
516679 
516680 
516681 
254538 
516682 
516683 
254540 
516684 
516685 
254542 
516686 
516687 
254544 
516688 
516689 
516690 
516691 
516692 
516693 
516694 
516695 
516696 
516697 
516698 
516699 
516700 
516701 
516702 
516703 
516704 
516705 
516706 
516707 
516708 
254580 
254582 
254584 
254586 
254636 
254638 
254640 
254642 
254685 
254687 
254689 
254691 
254696 
254699 
254701 
254702 
254703 
254705 
254706 
254710 
254713 
254715 
254716 
254717 
254719 
516870 
254727 
516871 
516872 
516873 
254730 
516874 
254731 
516875 
516876 
516877 
254734 
516878 
516879 
516880 
254737 
516881 
254738 
516882 
516883 
254741 
254744 
254745 
254748 
254751 
254752 
516898 
516899 
516900 
516901 
516902 
516903 
516904 
516905 
516906 
516907 
516908 
516909 
516910 
516911 
516912 
516913 
516914 
516915 
516916 
516917 
516918 
516940 
516941 
516942 
516943 
516944 
516945 
516946 
516989 
516990 
516991 
516992 
516993 
516994 
516995 
516996 
516997 
516998 
516999 
517000 
517001 
517002 
517024 
517025 
517026 
517027 
517028 
517029 
517030 
517031 
517032 
517033 
517034 
517035 
517036 
517037 
517038 
517039 
517040 
517041 
517042 
517043 
517044 
517045 
517046 
517047 
517048 
517049 
517050 
517051 
517052 
517053 
517054 
517055 
517056 
517057 
517058 
517059 
517060 
517061 
517062 
517063 
517064 
517065 
255050 
255051 
255055 
255056 
255057 
255058 
255061 
255062 
255063 
255064 
255065 
255066 
255067 
255068 
255069 
255070 
255071 
255072 
255073 
255074 
255075 
255076 
255078 
255079 
255080 
255082 
255083 
517227 
517228 
517229 
517230 
517231 
517232 
517233 
517234 
517235 
517236 
517237 
517238 
517239 
517240 
517255 
517256 
517257 
517258 
517259 
517260 
517261 
517262 
517263 
517264 
517265 
517266 
517267 
517268 
517269 
517270 
517271 
517272 
517273 
517274 
517275 
255142 
255146 
517297 
517298 
517299 
517300 
517301 
517302 
517303 
517346 
517347 
517348 
517349 
517350 
517351 
517352 
517353 
517354 
517355 
255212 
517356 
517357 
517358 
517359 
255216 
255217 
255218 
255219 
255220 
255221 
255222 
255223 
517381 
517382 
517383 
517384 
517385 
517386 
517387 
517388 
517389 
517390 
517391 
517392 
517393 
517394 
517395 
517396 
517397 
517398 
517399 
517400 
517401 
517402 
517403 
517404 
517405 
517406 
517407 
517408 
517409 
517410 
517411 
517412 
517413 
517414 
517415 
517416 
517417 
517418 
517419 
517420 
517421 
517422 
255287 
255289 
255291 
255293 
255329 
255331 
255333 
255334 
255335 
255385 
255387 
255389 
255391 
255434 
255436 
255438 
255440 
517584 
517585 
517586 
517587 
517588 
255445 
517589 
517590 
517591 
255448 
517592 
517593 
255450 
517594 
255451 
517595 
255452 
517596 
517597 
255454 
255455 
255459 
255462 
255464 
255465 
255466 
255468 
517612 
255469 
517613 
517614 
517615 
517616 
517617 
517618 
517619 
255476 
517620 
517621 
517622 
255479 
517623 
255480 
517624 
517625 
517626 
255483 
517627 
517628 
517629 
255486 
517630 
255487 
517631 
517632 
255490 
255493 
255494 
255497 
255500 
255501 
517654 
517655 
517656 
517657 
517658 
517659 
517660 
517703 
517704 
517705 
517706 
517707 
517708 
517709 
517710 
517711 
517712 
517713 
517714 
517715 
517716 
517738 
517739 
517740 
517741 
517742 
517743 
517744 
517745 
517746 
517747 
517748 
517749 
517750 
517751 
517752 
517753 
517754 
517755 
517756 
517757 
517758 
517759 
517760 
517761 
517762 
517763 
517764 
517765 
517766 
517767 
517768 
517769 
517770 
517771 
517772 
517773 
517774 
517775 
517776 
517777 
517778 
517779 
517941 
517942 
517943 
255800 
517944 
517945 
517946 
517947 
255804 
517948 
517949 
255806 
517950 
255807 
517951 
517952 
255809 
517953 
255810 
517954 
255811 
255812 
255813 
255814 
255815 
255816 
255817 
255818 
255819 
255820 
255821 
255822 
255823 
255824 
255825 
517969 
517970 
255827 
517971 
255828 
517972 
255829 
517973 
517974 
255831 
517975 
255832 
517976 
517977 
517978 
517979 
517980 
517981 
517982 
517983 
517984 
517985 
517986 
517987 
517988 
517989 
518011 
518012 
518013 
518014 
518015 
518016 
518017 
255891 
255895 
518060 
518061 
518062 
518063 
518064 
518065 
518066 
518067 
518068 
518069 
518070 
518071 
518072 
518073 
518095 
518096 
518097 
518098 
518099 
518100 
518101 
518102 
518103 
518104 
255961 
518105 
518106 
518107 
518108 
255965 
518109 
255966 
518110 
255967 
518111 
255968 
518112 
255969 
518113 
255970 
518114 
255971 
518115 
255972 
518116 
518117 
518118 
518119 
518120 
518121 
518122 
518123 
518124 
518125 
518126 
518127 
518128 
518129 
518130 
518131 
518132 
518133 
518134 
518135 
518136 
256036 
256038 
256040 
256042 
256078 
256080 
256082 
256084 
256134 
256136 
256138 
256140 
518298 
518299 
518300 
518301 
518302 
518303 
518304 
518305 
518306 
518307 
518308 
518309 
518310 
518311 
518326 
256183 
518327 
518328 
256185 
518329 
518330 
256187 
518331 
518332 
256189 
518333 
256190 
518334 
518335 
518336 
518337 
518338 
518339 
518340 
256197 
518341 
518342 
256199 
518343 
256200 
518344 
256201 
518345 
518346 
256203 
256204 
256208 
256211 
256213 
256214 
256215 
256217 
256222 
518368 
256225 
518369 
518370 
518371 
256228 
518372 
256229 
518373 
518374 
256232 
256235 
256236 
256239 
256242 
256243 
256246 
256249 
256250 
518417 
518418 
518419 
518420 
518421 
518422 
518423 
518424 
518425 
518426 
518427 
518428 
518429 
518430 
518452 
518453 
518454 
518455 
518456 
518457 
518458 
518459 
518460 
518461 
518462 
518463 
518464 
518465 
518466 
518467 
518468 
518469 
518470 
518471 
518472 
518473 
518474 
518475 
518476 
518477 
518478 
518479 
518480 
518481 
518482 
518483 
518484 
518485 
518486 
518487 
518488 
518489 
518490 
518491 
518492 
518493 
256464 
518655 
518656 
518657 
518658 
518659 
518660 
518661 
518662 
518663 
518664 
518665 
518666 
518667 
518668 
518683 
518684 
518685 
518686 
518687 
518688 
518689 
518690 
518691 
518692 
256549 
518693 
518694 
518695 
256552 
518696 
256553 
518697 
256554 
518698 
256555 
518699 
256556 
518700 
518701 
518702 
256559 
518703 
256560 
256561 
256562 
256563 
256564 
256565 
256566 
256567 
256568 
256569 
256570 
256571 
256572 
256573 
256574 
256576 
256577 
256578 
256580 
256581 
518725 
518726 
518727 
518728 
518729 
518730 
518731 
518774 
518775 
518776 
518777 
518778 
518779 
518780 
518781 
518782 
256639 
518783 
256640 
518784 
518785 
518786 
256643 
518787 
256644 
518809 
518810 
518811 
518812 
518813 
518814 
518815 
518816 
518817 
518818 
518819 
518820 
518821 
518822 
518823 
518824 
518825 
518826 
518827 
518828 
518829 
518830 
518831 
518832 
518833 
518834 
518835 
518836 
518837 
518838 
518839 
518840 
518841 
518842 
518843 
518844 
518845 
518846 
518847 
518848 
518849 
518850 
256710 
256714 
256715 
256716 
256717 
256718 
256719 
256720 
256721 
256785 
256787 
256789 
256791 
256827 
256829 
256831 
256833 
519012 
519013 
519014 
519015 
519016 
519017 
519018 
519019 
519020 
519021 
519022 
519023 
519024 
519025 
256883 
256885 
256887 
256889 
519040 
519041 
519042 
519043 
519044 
519045 
519046 
519047 
519048 
519049 
519050 
519051 
519052 
519053 
519054 
519055 
519056 
519057 
519058 
519059 
519060 
256932 
256934 
256936 
256938 
519082 
256939 
519083 
519084 
519085 
519086 
519087 
519088 
256946 
256948 
256949 
256950 
256952 
256953 
256957 
256960 
256962 
256963 
256964 
256966 
256967 
256974 
256977 
256978 
256981 
256984 
256985 
519131 
256988 
519132 
519133 
519134 
256991 
519135 
256992 
519136 
519137 
519138 
256995 
519139 
519140 
519141 
256998 
519142 
256999 
519143 
519144 
519166 
519167 
519168 
519169 
519170 
519171 
519172 
519173 
519174 
519175 
519176 
519177 
519178 
519179 
519180 
519181 
519182 
519183 
519184 
519185 
519186 
519187 
519188 
519189 
519190 
519191 
519192 
519193 
519194 
519195 
519196 
519197 
519198 
519199 
519200 
519201 
519202 
519203 
519204 
519205 
519206 
519207 
519369 
519370 
519371 
519372 
519373 
519374 
519375 
519376 
519377 
519378 
519379 
519380 
519381 
519382 
519397 
519398 
519399 
519400 
519401 
519402 
519403 
519404 
519405 
519406 
519407 
519408 
519409 
519410 
519411 
519412 
519413 
519414 
519415 
519416 
519417 
519439 
519440 
257297 
519441 
257298 
519442 
519443 
519444 
519445 
257302 
257304 
257305 
257308 
257309 
257310 
257311 
257312 
257313 
257314 
257315 
257316 
257317 
257318 
257319 
257320 
257321 
257322 
257323 
257325 
257326 
257329 
257330 
519488 
519489 
519490 
519491 
519492 
519493 
519494 
519495 
519496 
519497 
519498 
519499 
519500 
519501 
519523 
519524 
519525 
519526 
519527 
519528 
519529 
519530 
257387 
519531 
519532 
257389 
519533 
519534 
519535 
519536 
257393 
519537 
519538 
519539 
519540 
519541 
519542 
519543 
519544 
519545 
519546 
519547 
519548 
519549 
519550 
519551 
519552 
519553 
519554 
519555 
519556 
519557 
519558 
519559 
519560 
519561 
519562 
519563 
519564 
257459 
257461 
257463 
257464 
257465 
257466 
257467 
257468 
257469 
257470 
257534 
257536 
257538 
257540 
257576 
257578 
257580 
257581 
257582 
519726 
519727 
519728 
519729 
519730 
519731 
519732 
519733 
519734 
519735 
519736 
519737 
519738 
519739 
519754 
519755 
519756 
519757 
519758 
519759 
519760 
519761 
519762 
519763 
519764 
519765 
519766 
519767 
519768 
519769 
519770 
519771 
519772 
519773 
519774 
257632 
257634 
257635 
257636 
257638 
519796 
519797 
519798 
519799 
519800 
519801 
519802 
257681 
257683 
257685 
257687 
257695 
257697 
257698 
257699 
257701 
519845 
257702 
519846 
519847 
519848 
519849 
257706 
519850 
519851 
519852 
257709 
519853 
519854 
257711 
519855 
257712 
519856 
257713 
519857 
519858 
257715 
257723 
257726 
257727 
257730 
257733 
257734 
519880 
257737 
519881 
519882 
519883 
257740 
519884 
257741 
519885 
519886 
519887 
257744 
519888 
519889 
519890 
257747 
519891 
257748 
519892 
519893 
519894 
519895 
519896 
519897 
519898 
519899 
519900 
519901 
519902 
519903 
519904 
519905 
519906 
519907 
519908 
519909 
519910 
519911 
519912 
519913 
519914 
519915 
519916 
519917 
519918 
519919 
519920 
519921 
520083 
520084 
520085 
520086 
520087 
520088 
520089 
520090 
520091 
520092 
520093 
520094 
520095 
520096 
520111 
520112 
520113 
520114 
520115 
520116 
520117 
520118 
520119 
520120 
520121 
520122 
520123 
520124 
520125 
520126 
520127 
520128 
520129 
520130 
520131 
520153 
520154 
520155 
520156 
520157 
520158 
520159 
258033 
258036 
258037 
258039 
258040 
258043 
258044 
258045 
258046 
258047 
258048 
258049 
258050 
258051 
258052 
258053 
258054 
258055 
258056 
258057 
258058 
520202 
520203 
258060 
520204 
258061 
520205 
520206 
520207 
258064 
520208 
258065 
520209 
520210 
520211 
520212 
520213 
520214 
520215 
520237 
520238 
520239 
520240 
520241 
520242 
520243 
520244 
520245 
520246 
520247 
520248 
520249 
520250 
520251 
520252 
520253 
258110 
520254 
520255 
520256 
520257 
258114 
520258 
520259 
520260 
520261 
520262 
520263 
520264 
520265 
520266 
520267 
520268 
520269 
520270 
520271 
520272 
520273 
520274 
520275 
520276 
520277 
520278 
258185 
258186 
258187 
258188 
258189 
258190 
258191 
258255 
258259 
258262 
258263 
258264 
258265 
258266 
258267 
258268 
520440 
520441 
520442 
520443 
520444 
520445 
520446 
520447 
258304 
520448 
258305 
520449 
258306 
520450 
520451 
258308 
520452 
520453 
258310 
520468 
520469 
520470 
520471 
520472 
520473 
520474 
520475 
520476 
520477 
520478 
520479 
520480 
520481 
520482 
520483 
520484 
520485 
520486 
520487 
520488 
258360 
258362 
258364 
258366 
520510 
520511 
520512 
520513 
520514 
520515 
520516 
258409 
258411 
258413 
258415 
520559 
520560 
520561 
520562 
520563 
520564 
520565 
520566 
258423 
520567 
520568 
258425 
520569 
258426 
520570 
258427 
520571 
520572 
258429 
258430 
258434 
258437 
258439 
258440 
258441 
258443 
520594 
258451 
520595 
520596 
520597 
258454 
520598 
258455 
520599 
520600 
520601 
258458 
520602 
520603 
520604 
258461 
520605 
258462 
520606 
520607 
520608 
258465 
520609 
520610 
520611 
258468 
520612 
258469 
520613 
520614 
520615 
258472 
520616 
520617 
520618 
258475 
520619 
258476 
520620 
520621 
520622 
520623 
520624 
520625 
520626 
520627 
520628 
520629 
520630 
520631 
520632 
520633 
520634 
520635 
258517 
258538 
258540 
258552 
258553 
258554 
258566 
258568 
258578 
258579 
258580 
258581 
258582 
258584 
258587 
258588 
258589 
258591 
258596 
258598 
258601 
258602 
258603 
258605 
258611 
258612 
258613 
258614 
258615 
258616 
258617 
258618 
258619 
258622 
258624 
258625 
258628 
258632 
258641 
258642 
258643 
258645 
258646 
520797 
520798 
520799 
520800 
520801 
520802 
258659 
520803 
520804 
520805 
520806 
520807 
520808 
520809 
520810 
258669 
258670 
258672 
258673 
258675 
258676 
258677 
258678 
258679 
258680 
258681 
520825 
258682 
520826 
520827 
258684 
520828 
520829 
258686 
520830 
520831 
258688 
520832 
258689 
520833 
520834 
520835 
520836 
520837 
520838 
258695 
520839 
258696 
520840 
258697 
520841 
258698 
520842 
258699 
520843 
258700 
520844 
258701 
520845 
258702 
258703 
258706 
258708 
258709 
520867 
520868 
520869 
520870 
520871 
520872 
520873 
520916 
520917 
520918 
520919 
520920 
520921 
520922 
520923 
520924 
520925 
520926 
520927 
520928 
520929 
520951 
520952 
520953 
520954 
520955 
520956 
520957 
520958 
520959 
520960 
520961 
520962 
520963 
520964 
520965 
258822 
520966 
520967 
520968 
520969 
258826 
520970 
258827 
520971 
520972 
258829 
520973 
520974 
520975 
258832 
520976 
258833 
520977 
258834 
520978 
520979 
258836 
520980 
520981 
520982 
258839 
520983 
258840 
520984 
258841 
520985 
520986 
258843 
520987 
520988 
520989 
258846 
520990 
520991 
258848 
520992 
258867 
258871 
258874 
258875 
258876 
258878 
258881 
258882 
258883 
258885 
258888 
258889 
258890 
258892 
258895 
258896 
258897 
258899 
258902 
258903 
258904 
258921 
258922 
258923 
258925 
258927 
258930 
258931 
258932 
258934 
258937 
258938 
258939 
258941 
258944 
258945 
258946 
258948 
258951 
258952 
258953 
258955 
258958 
258959 
258960 
521154 
521155 
259012 
521156 
259013 
521157 
259014 
521158 
521159 
259016 
521160 
521161 
259018 
521162 
521163 
521164 
259021 
521165 
259022 
521166 
259023 
521167 
259025 
259028 
259029 
259030 
259032 
259035 
259036 
259037 
521182 
259039 
521183 
521184 
521185 
259042 
521186 
259043 
521187 
259044 
521188 
521189 
259046 
521190 
521191 
521192 
259049 
521193 
259050 
521194 
259051 
521195 
521196 
521197 
521198 
521199 
521200 
521201 
521202 
259062 
259063 
259067 
259068 
259071 
259072 
259074 
259077 
259078 
259079 
521224 
259081 
521225 
521226 
521227 
259084 
521228 
259085 
521229 
259086 
521230 
259088 
259091 
259092 
259093 
259095 
259098 
259099 
259100 
259102 
259105 
259106 
259107 
259123 
259127 
521273 
259130 
521274 
521275 
521276 
259133 
521277 
259134 
521278 
259135 
521279 
521280 
259137 
521281 
521282 
521283 
259140 
521284 
259141 
521285 
259142 
521286 
259144 
259147 
259148 
259149 
259151 
259154 
259155 
259156 
259158 
259161 
259162 
259163 
521308 
259165 
521309 
521310 
521311 
259168 
521312 
259169 
521313 
259170 
521314 
521315 
521316 
521317 
521318 
521319 
521320 
521321 
521322 
521323 
521324 
521325 
521326 
521327 
521328 
521329 
259186 
521330 
521331 
521332 
521333 
259190 
521334 
521335 
521336 
259193 
521337 
521338 
521339 
259196 
521340 
259197 
521341 
259198 
521342 
521343 
259200 
521344 
521345 
521346 
259203 
521347 
259204 
521348 
259205 
521349 
259207 
259210 
259211 
259212 
259214 
259217 
259218 
259219 
259221 
259224 
259225 
259226 
259228 
259231 
259232 
259233 
259249 
259252 
259253 
259254 
259256 
259259 
259260 
259261 
259263 
259266 
259267 
259268 
259270 
259273 
259274 
259275 
259277 
259280 
259281 
259282 
259284 
259287 
259288 
259289 
259302 
259305 
259308 
259309 
259310 
259312 
259315 
259316 
259317 
259319 
259322 
259323 
259324 
259326 
259329 
259330 
259331 
259333 
259336 
259337 
259338 
259354 
259357 
259358 
259361 
259364 
259365 
259366 
521511 
259368 
521512 
521513 
521514 
259371 
521515 
259372 
521516 
259373 
521517 
521518 
259375 
521519 
521520 
521521 
259378 
521522 
259379 
521523 
259380 
521524 
521539 
521540 
521541 
521542 
521543 
521544 
521545 
521546 
521547 
521548 
521549 
521550 
521551 
521552 
521553 
521554 
521555 
521556 
521557 
521558 
521559 
521581 
259438 
521582 
521583 
521584 
521585 
259442 
521586 
521587 
259445 
259446 
259447 
259448 
259449 
259450 
259451 
259459 
259460 
259461 
259462 
259463 
259464 
259465 
259480 
259481 
259482 
259483 
259484 
259485 
259486 
521630 
259487 
521631 
259488 
521632 
521633 
521634 
259491 
521635 
259492 
521636 
521637 
259494 
521638 
259495 
521639 
521640 
259497 
521641 
259498 
521642 
259499 
521643 
259502 
259505 
259506 
259508 
259509 
259510 
259511 
259512 
259513 
259514 
521665 
521666 
521667 
521668 
521669 
521670 
521671 
521672 
521673 
521674 
521675 
521676 
521677 
521678 
521679 
521680 
521681 
521682 
521683 
521684 
521685 
521686 
259543 
521687 
259544 
521688 
259545 
521689 
259546 
521690 
259547 
521691 
259548 
521692 
259549 
521693 
259550 
521694 
259551 
521695 
259552 
521696 
259553 
521697 
259554 
521698 
259555 
521699 
259556 
521700 
521701 
521702 
521703 
521704 
521705 
521706 
259571 
259572 
259573 
259574 
259575 
259576 
259577 
259579 
259580 
259581 
259582 
259583 
259641 
259645 
259648 
259650 
259652 
259654 
259662 
259663 
259664 
259665 
259666 
259667 
259668 
259683 
259684 
259685 
259686 
259687 
259688 
259689 
259690 
259691 
259694 
259695 
259697 
259698 
259701 
259702 
259705 
259711 
259712 
259713 
259714 
259715 
259716 
259717 
521868 
521869 
521870 
521871 
521872 
521873 
521874 
521875 
521876 
521877 
521878 
521879 
521880 
521881 
259746 
259747 
259748 
259749 
259750 
259751 
259752 
521896 
259753 
521897 
259754 
521898 
259755 
521899 
259756 
521900 
259757 
521901 
259758 
521902 
259759 
521903 
521904 
521905 
521906 
521907 
521908 
521909 
521910 
521911 
521912 
521913 
521914 
521915 
521916 
259775 
259777 
259779 
259782 
259784 
259786 
521938 
521939 
521940 
521941 
521942 
521943 
521944 
521987 
259844 
521988 
521989 
259846 
521990 
521991 
259848 
521992 
521993 
259850 
521994 
259851 
521995 
521996 
259853 
521997 
521998 
259855 
521999 
522000 
259857 
259865 
259866 
259867 
259868 
259869 
259870 
259871 
522022 
522023 
522024 
522025 
522026 
522027 
522028 
522029 
259886 
522030 
259887 
522031 
259888 
522032 
259889 
522033 
259890 
522034 
259891 
522035 
259892 
522036 
259893 
522037 
259894 
522038 
522039 
522040 
259897 
522041 
259898 
522042 
522043 
259900 
522044 
259901 
522045 
522046 
522047 
259904 
522048 
259905 
522049 
522050 
259907 
522051 
522052 
522053 
522054 
522055 
522056 
522057 
259914 
522058 
259915 
522059 
259916 
522060 
259917 
522061 
259918 
522062 
259919 
522063 
259920 
259949 
259950 
259951 
259952 
259953 
259954 
259955 
259956 
259957 
259958 
259959 
259960 
259961 
259962 
259978 
259980 
259982 
259985 
259987 
259989 
259990 
260047 
260051 
260054 
260056 
260058 
260060 
260068 
260069 
260070 
260071 
260072 
260073 
260074 
522225 
522226 
522227 
522228 
522229 
522230 
522231 
522232 
260089 
522233 
260090 
522234 
260091 
522235 
260092 
522236 
260093 
522237 
260094 
522238 
260095 
260096 
260097 
260100 
260101 
260103 
260104 
260107 
260108 
522253 
522254 
522255 
522256 
522257 
522258 
522259 
522260 
260117 
522261 
260118 
522262 
260119 
522263 
260120 
522264 
260121 
522265 
260122 
522266 
260123 
522267 
522268 
522269 
522270 
522271 
522272 
522273 
522295 
260152 
522296 
260153 
522297 
260154 
522298 
260155 
522299 
260156 
522300 
260157 
522301 
260158 
260159 
260160 
260161 
260162 
260163 
260164 
260165 
260181 
260183 
260185 
260188 
260190 
260192 
522344 
522345 
522346 
522347 
522348 
522349 
522350 
522351 
522352 
522353 
522354 
522355 
522356 
522357 
522379 
522380 
522381 
522382 
522383 
522384 
522385 
522386 
522387 
522388 
522389 
522390 
522391 
522392 
522393 
260250 
522394 
522395 
522396 
522397 
260254 
522398 
522399 
522400 
260257 
522401 
522402 
260259 
522403 
522404 
260261 
522405 
522406 
260263 
522407 
522408 
522409 
522410 
522411 
522412 
522413 
522414 
260271 
522415 
260272 
522416 
260273 
522417 
260274 
522418 
260275 
522419 
260276 
522420 
260277 
260292 
260293 
260294 
260295 
260296 
260297 
260298 
260299 
260300 
260303 
260304 
260306 
260307 
260310 
260311 
260313 
260320 
260321 
260322 
260323 
260324 
260325 
260326 
260355 
260356 
260357 
260358 
260359 
260360 
260361 
260362 
260363 
260364 
260365 
260366 
260367 
260368 
260384 
260386 
260388 
260391 
260393 
260395 
522582 
522583 
522584 
522585 
522586 
522587 
522588 
522589 
522590 
522591 
522592 
522593 
522594 
522595 
260453 
260455 
260456 
260457 
260459 
260460 
260462 
260464 
260466 
522610 
522611 
522612 
522613 
522614 
522615 
522616 
522617 
260474 
522618 
260475 
522619 
260476 
522620 
260477 
522621 
260478 
522622 
260479 
522623 
260480 
522624 
522625 
522626 
522627 
522628 
522629 
522630 
260495 
260496 
260497 
260498 
260499 
260500 
260501 
260502 
260503 
260506 
260507 
522652 
260509 
522653 
260510 
522654 
522655 
522656 
260513 
522657 
260514 
522658 
260517 
260520 
260523 
260524 
260525 
260526 
260527 
260528 
260529 
522701 
260558 
522702 
260559 
522703 
260560 
522704 
260561 
522705 
260562 
522706 
260563 
522707 
260564 
522708 
260565 
522709 
260566 
522710 
260567 
522711 
260568 
522712 
260569 
522713 
260570 
522714 
260571 
260587 
260589 
260591 
522736 
522737 
260594 
522738 
522739 
260596 
522740 
522741 
260598 
522742 
522743 
522744 
522745 
522746 
522747 
522748 
522749 
522750 
522751 
522752 
522753 
522754 
522755 
522756 
522757 
522758 
522759 
522760 
522761 
522762 
522763 
522764 
522765 
522766 
522767 
522768 
522769 
522770 
522771 
522772 
522773 
522774 
522775 
522776 
522777 
260656 
260660 
260663 
260665 
260666 
260667 
260669 
260677 
260678 
260679 
260680 
260681 
260682 
260683 
260698 
260699 
260700 
260701 
260702 
260703 
260704 
260705 
260706 
260709 
260710 
260712 
260713 
260716 
260717 
260726 
260727 
260728 
260729 
260730 
260731 
260732 
260761 
260762 
260763 
260764 
260765 
260766 
260767 
260768 
260769 
260770 
260771 
260772 
260773 
260774 
260790 
260792 
260794 
522939 
522940 
260797 
522941 
260798 
522942 
260799 
522943 
522944 
260801 
522945 
522946 
522947 
522948 
522949 
522950 
522951 
522952 
522967 
522968 
522969 
522970 
522971 
522972 
522973 
522974 
522975 
522976 
522977 
522978 
522979 
522980 
522981 
522982 
522983 
522984 
522985 
522986 
522987 
260859 
260863 
523009 
260866 
523010 
523011 
260868 
523012 
523013 
260870 
523014 
523015 
260872 
260880 
260881 
260882 
260883 
260884 
260885 
260886 
260901 
260902 
260903 
260904 
260905 
260906 
260907 
260908 
260909 
260912 
260913 
523058 
260915 
523059 
260916 
523060 
523061 
523062 
260919 
523063 
260920 
523064 
523065 
523066 
523067 
523068 
523069 
523070 
523071 
260929 
260930 
260931 
260932 
260933 
260934 
260935 
523093 
523094 
523095 
523096 
523097 
523098 
523099 
523100 
523101 
523102 
523103 
523104 
523105 
523106 
523107 
260964 
523108 
260965 
523109 
260966 
523110 
260967 
523111 
260968 
523112 
260969 
523113 
260970 
523114 
260971 
523115 
260972 
523116 
260973 
523117 
260974 
523118 
260975 
523119 
260976 
523120 
260977 
523121 
523122 
523123 
523124 
523125 
523126 
523127 
523128 
523129 
523130 
523131 
523132 
523133 
523134 
260993 
260995 
260997 
261000 
261001 
261002 
261004 
261005 
261062 
261066 
261069 
261071 
261073 
261075 
261083 
261084 
261085 
261086 
261087 
261088 
261089 
261104 
261105 
261106 
261107 
261108 
261109 
261110 
261111 
261112 
261115 
261116 
261118 
261119 
261122 
261123 
261126 
261132 
261133 
261134 
261135 
261136 
261137 
261138 
523296 
523297 
523298 
523299 
523300 
523301 
523302 
523303 
523304 
523305 
523306 
523307 
523308 
523309 
261167 
261168 
261169 
261170 
261171 
261172 
261173 
261174 
261175 
261176 
261177 
261178 
261179 
261180 
523324 
523325 
523326 
523327 
523328 
523329 
523330 
523331 
523332 
523333 
523334 
523335 
523336 
523337 
523338 
523339 
261196 
523340 
523341 
261198 
523342 
523343 
261200 
523344 
261203 
261205 
261207 
523366 
523367 
523368 
523369 
523370 
523371 
523372 
261265 
261269 
261271 
523415 
261272 
523416 
523417 
261274 
523418 
523419 
261276 
523420 
523421 
261278 
523422 
523423 
523424 
523425 
523426 
523427 
523428 
261286 
261287 
261288 
261289 
261290 
261291 
261292 
523450 
261307 
523451 
261308 
523452 
261309 
523453 
261310 
523454 
261311 
523455 
261312 
523456 
261313 
523457 
261314 
523458 
261315 
523459 
523460 
523461 
261318 
523462 
261319 
523463 
523464 
261321 
523465 
261322 
523466 
523467 
523468 
261325 
523469 
261326 
523470 
523471 
523472 
523473 
523474 
523475 
523476 
523477 
523478 
261335 
523479 
261336 
523480 
261337 
523481 
261338 
523482 
261339 
523483 
261340 
523484 
261341 
523485 
523486 
523487 
523488 
523489 
523490 
523491 
261370 
261371 
261372 
261373 
261374 
261375 
261376 
261377 
261378 
261379 
261380 
261381 
261382 
261383 
261399 
261401 
261403 
261406 
261407 
261408 
261409 
261410 
261411 
261468 
261472 
261475 
261477 
261478 
261479 
261481 
261489 
261490 
261491 
261492 
261493 
261494 
261495 
523653 
261510 
523654 
261511 
523655 
261512 
523656 
261513 
523657 
261514 
523658 
261515 
523659 
261516 
523660 
261517 
523661 
261518 
523662 
523663 
523664 
261521 
523665 
261522 
523666 
261524 
261525 
261528 
261529 
261532 
261535 
261536 
523681 
261538 
523682 
261539 
523683 
261540 
523684 
261541 
523685 
261542 
523686 
261543 
523687 
261544 
523688 
523689 
523690 
523691 
523692 
523693 
523694 
523695 
523696 
523697 
523698 
523699 
523700 
523701 
261573 
261574 
261575 
261576 
261577 
261578 
261579 
523723 
261580 
523724 
261581 
523725 
261582 
523726 
261583 
523727 
261584 
523728 
261585 
523729 
261586 
261602 
261604 
261605 
261606 
261609 
261610 
261611 
261612 
261613 
523772 
523773 
523774 
523775 
523776 
523777 
523778 
523779 
523780 
523781 
523782 
523783 
523784 
523785 
523807 
523808 
523809 
523810 
523811 
523812 
523813 
523814 
261671 
523815 
523816 
523817 
523818 
261675 
523819 
261676 
523820 
523821 
261678 
523822 
523823 
261680 
523824 
523825 
261682 
523826 
523827 
261684 
523828 
523829 
523830 
523831 
523832 
523833 
523834 
523835 
261692 
523836 
261693 
523837 
261694 
523838 
261695 
523839 
261696 
523840 
261697 
523841 
261698 
523842 
523843 
523844 
523845 
523846 
523847 
523848 
261713 
261714 
261715 
261716 
261717 
261718 
261719 
261720 
261721 
261724 
261725 
261727 
261728 
261731 
261732 
261738 
261741 
261742 
261743 
261744 
261745 
261746 
261747 
261776 
261777 
261778 
261779 
261780 
261781 
261782 
261783 
261784 
261785 
261786 
261787 
261788 
261789 
261805 
261807 
261809 
261812 
261813 
261814 
261815 
261816 
524010 
524011 
524012 
524013 
524014 
524015 
524016 
524017 
261874 
524018 
524019 
524020 
524021 
261878 
524022 
524023 
261881 
261883 
261884 
261885 
261886 
261887 
524038 
261895 
524039 
261896 
524040 
261897 
524041 
261898 
524042 
261899 
524043 
261900 
524044 
261901 
524045 
524046 
524047 
524048 
524049 
524050 
524051 
524052 
524053 
524054 
524055 
524056 
524057 
524058 
261916 
261917 
261918 
261919 
261920 
261921 
261922 
261923 
261924 
261927 
261928 
261930 
261931 
261934 
261935 
524080 
261937 
524081 
524082 
524083 
524084 
524085 
524086 
261944 
261945 
261946 
261947 
261948 
261949 
261950 
261979 
261980 
261981 
261982 
261983 
261984 
261985 
524129 
261986 
524130 
261987 
524131 
261988 
524132 
261989 
524133 
261990 
524134 
261991 
524135 
261992 
524136 
524137 
524138 
524139 
524140 
524141 
524142 
262008 
262010 
262012 
262015 
262017 
262019 
262020 
524164 
524165 
524166 
524167 
524168 
524169 
524170 
524171 
524172 
524173 
524174 
524175 
524176 
524177 
524178 
524179 
524180 
524181 
524182 
524183 
524184 
524185 
524186 
524187 
524188 
524189 
524190 
524191 
524192 
524193 
524194 
524195 
524196 
524197 
524198 
524199 
524200 
524201 
524202 
524203 
524204 
524205 
262077 
262081 
262084 
262085 
262086 
262087 
262088 
262089 
262090 
262098 
262099 
262100 
262101 
262102 
262103 
262104 
262119 
262120 
262121 
262122 
262123 
262124 
262125 
262126 
262127 
262130 
262131 
262133 
262134 
262137 
262138 
)

// ************************************************************************* //
