/*--------------------------------*- C++ -*----------------------------------*\
  =========                 |
  \\      /  F ield         | OpenFOAM: The Open Source CFD Toolbox
   \\    /   O peration     | Website:  https://openfoam.org
    \\  /    A nd           | Version:  11
     \\/     M anipulation  |
\*---------------------------------------------------------------------------*/
FoamFile
{
    format      ascii;
    class       labelList;
    location    "constant/fuelPin1_wall/polyMesh";
    object      cellRegionAddressing;
}
// * * * * * * * * * * * * * * * * * * * * * * * * * * * * * * * * * * * * * //


38800
(
7
8
9
10
11
12
37
38
39
40
41
42
43
66
67
68
69
70
71
72
73
96
97
98
99
100
101
102
103
127
128
129
130
131
132
133
157
158
159
160
161
162
188
189
190
191
547
548
549
550
551
552
577
578
579
580
581
582
583
606
607
608
609
610
611
612
613
636
637
638
639
640
641
642
643
667
668
669
670
671
672
673
697
698
699
700
701
702
728
729
730
731
1087
1088
1089
1090
1091
1092
1117
1118
1119
1120
1121
1122
1123
1146
1147
1148
1149
1150
1151
1152
1153
1176
1177
1178
1179
1180
1181
1182
1183
1207
1208
1209
1210
1211
1212
1213
1237
1238
1239
1240
1241
1242
1268
1269
1270
1271
1627
1628
1629
1630
1631
1632
1657
1658
1659
1660
1661
1662
1663
1686
1687
1688
1689
1690
1691
1692
1693
1716
1717
1718
1719
1720
1721
1722
1723
1747
1748
1749
1750
1751
1752
1753
1777
1778
1779
1780
1781
1782
1808
1809
1810
1811
2167
2168
2169
2170
2171
2172
2197
2198
2199
2200
2201
2202
2203
2226
2227
2228
2229
2230
2231
2232
2233
2256
2257
2258
2259
2260
2261
2262
2263
2287
2288
2289
2290
2291
2292
2293
2317
2318
2319
2320
2321
2322
2348
2349
2350
2351
2707
2708
2709
2710
2711
2712
2737
2738
2739
2740
2741
2742
2743
2766
2767
2768
2769
2770
2771
2772
2773
2796
2797
2798
2799
2800
2801
2802
2803
2827
2828
2829
2830
2831
2832
2833
2857
2858
2859
2860
2861
2862
2888
2889
2890
2891
3247
3248
3249
3250
3251
3252
3277
3278
3279
3280
3281
3282
3283
3306
3307
3308
3309
3310
3311
3312
3313
3336
3337
3338
3339
3340
3341
3342
3343
3367
3368
3369
3370
3371
3372
3373
3397
3398
3399
3400
3401
3402
3428
3429
3430
3431
3787
3788
3789
3790
3791
3792
3817
3818
3819
3820
3821
3822
3823
3846
3847
3848
3849
3850
3851
3852
3853
3876
3877
3878
3879
3880
3881
3882
3883
3907
3908
3909
3910
3911
3912
3913
3937
3938
3939
3940
3941
3942
3968
3969
3970
3971
4327
4328
4329
4330
4331
4332
4357
4358
4359
4360
4361
4362
4363
4386
4387
4388
4389
4390
4391
4392
4393
4416
4417
4418
4419
4420
4421
4422
4423
4447
4448
4449
4450
4451
4452
4453
4477
4478
4479
4480
4481
4482
4508
4509
4510
4511
4867
4868
4869
4870
4871
4872
4897
4898
4899
4900
4901
4902
4903
4926
4927
4928
4929
4930
4931
4932
4933
4956
4957
4958
4959
4960
4961
4962
4963
4987
4988
4989
4990
4991
4992
4993
5017
5018
5019
5020
5021
5022
5048
5049
5050
5051
5407
5408
5409
5410
5411
5412
5437
5438
5439
5440
5441
5442
5443
5466
5467
5468
5469
5470
5471
5472
5473
5496
5497
5498
5499
5500
5501
5502
5503
5527
5528
5529
5530
5531
5532
5533
5557
5558
5559
5560
5561
5562
5588
5589
5590
5591
5947
5948
5949
5950
5951
5952
5977
5978
5979
5980
5981
5982
5983
6006
6007
6008
6009
6010
6011
6012
6013
6036
6037
6038
6039
6040
6041
6042
6043
6067
6068
6069
6070
6071
6072
6073
6097
6098
6099
6100
6101
6102
6128
6129
6130
6131
6487
6488
6489
6490
6491
6492
6517
6518
6519
6520
6521
6522
6523
6546
6547
6548
6549
6550
6551
6552
6553
6576
6577
6578
6579
6580
6581
6582
6583
6607
6608
6609
6610
6611
6612
6613
6637
6638
6639
6640
6641
6642
6668
6669
6670
6671
7027
7028
7029
7030
7031
7032
7057
7058
7059
7060
7061
7062
7063
7086
7087
7088
7089
7090
7091
7092
7093
7116
7117
7118
7119
7120
7121
7122
7123
7147
7148
7149
7150
7151
7152
7153
7177
7178
7179
7180
7181
7182
7208
7209
7210
7211
7567
7568
7569
7570
7571
7572
7597
7598
7599
7600
7601
7602
7603
7626
7627
7628
7629
7630
7631
7632
7633
7656
7657
7658
7659
7660
7661
7662
7663
7687
7688
7689
7690
7691
7692
7693
7717
7718
7719
7720
7721
7722
7748
7749
7750
7751
8107
8108
8109
8110
8111
8112
8137
8138
8139
8140
8141
8142
8143
8166
8167
8168
8169
8170
8171
8172
8173
8196
8197
8198
8199
8200
8201
8202
8203
8227
8228
8229
8230
8231
8232
8233
8257
8258
8259
8260
8261
8262
8288
8289
8290
8291
8647
8648
8649
8650
8651
8652
8677
8678
8679
8680
8681
8682
8683
8706
8707
8708
8709
8710
8711
8712
8713
8736
8737
8738
8739
8740
8741
8742
8743
8767
8768
8769
8770
8771
8772
8773
8797
8798
8799
8800
8801
8802
8828
8829
8830
8831
9187
9188
9189
9190
9191
9192
9217
9218
9219
9220
9221
9222
9223
9246
9247
9248
9249
9250
9251
9252
9253
9276
9277
9278
9279
9280
9281
9282
9283
9307
9308
9309
9310
9311
9312
9313
9337
9338
9339
9340
9341
9342
9368
9369
9370
9371
9727
9728
9729
9730
9731
9732
9757
9758
9759
9760
9761
9762
9763
9786
9787
9788
9789
9790
9791
9792
9793
9816
9817
9818
9819
9820
9821
9822
9823
9847
9848
9849
9850
9851
9852
9853
9877
9878
9879
9880
9881
9882
9908
9909
9910
9911
10267
10268
10269
10270
10271
10272
10297
10298
10299
10300
10301
10302
10303
10326
10327
10328
10329
10330
10331
10332
10333
10356
10357
10358
10359
10360
10361
10362
10363
10387
10388
10389
10390
10391
10392
10393
10417
10418
10419
10420
10421
10422
10448
10449
10450
10451
10807
10808
10809
10810
10811
10812
10837
10838
10839
10840
10841
10842
10843
10866
10867
10868
10869
10870
10871
10872
10873
10896
10897
10898
10899
10900
10901
10902
10903
10927
10928
10929
10930
10931
10932
10933
10957
10958
10959
10960
10961
10962
10988
10989
10990
10991
11347
11348
11349
11350
11351
11352
11377
11378
11379
11380
11381
11382
11383
11406
11407
11408
11409
11410
11411
11412
11413
11436
11437
11438
11439
11440
11441
11442
11443
11467
11468
11469
11470
11471
11472
11473
11497
11498
11499
11500
11501
11502
11528
11529
11530
11531
11887
11888
11889
11890
11891
11892
11917
11918
11919
11920
11921
11922
11923
11946
11947
11948
11949
11950
11951
11952
11953
11976
11977
11978
11979
11980
11981
11982
11983
12007
12008
12009
12010
12011
12012
12013
12037
12038
12039
12040
12041
12042
12068
12069
12070
12071
12427
12428
12429
12430
12431
12432
12457
12458
12459
12460
12461
12462
12463
12486
12487
12488
12489
12490
12491
12492
12493
12516
12517
12518
12519
12520
12521
12522
12523
12547
12548
12549
12550
12551
12552
12553
12577
12578
12579
12580
12581
12582
12608
12609
12610
12611
12967
12968
12969
12970
12971
12972
12997
12998
12999
13000
13001
13002
13003
13026
13027
13028
13029
13030
13031
13032
13033
13056
13057
13058
13059
13060
13061
13062
13063
13087
13088
13089
13090
13091
13092
13093
13117
13118
13119
13120
13121
13122
13148
13149
13150
13151
13507
13508
13509
13510
13511
13512
13537
13538
13539
13540
13541
13542
13543
13566
13567
13568
13569
13570
13571
13572
13573
13596
13597
13598
13599
13600
13601
13602
13603
13627
13628
13629
13630
13631
13632
13633
13657
13658
13659
13660
13661
13662
13688
13689
13690
13691
14047
14048
14049
14050
14051
14052
14077
14078
14079
14080
14081
14082
14083
14106
14107
14108
14109
14110
14111
14112
14113
14136
14137
14138
14139
14140
14141
14142
14143
14167
14168
14169
14170
14171
14172
14173
14197
14198
14199
14200
14201
14202
14228
14229
14230
14231
14587
14588
14589
14590
14591
14592
14617
14618
14619
14620
14621
14622
14623
14646
14647
14648
14649
14650
14651
14652
14653
14676
14677
14678
14679
14680
14681
14682
14683
14707
14708
14709
14710
14711
14712
14713
14737
14738
14739
14740
14741
14742
14768
14769
14770
14771
15127
15128
15129
15130
15131
15132
15157
15158
15159
15160
15161
15162
15163
15186
15187
15188
15189
15190
15191
15192
15193
15216
15217
15218
15219
15220
15221
15222
15223
15247
15248
15249
15250
15251
15252
15253
15277
15278
15279
15280
15281
15282
15308
15309
15310
15311
15667
15668
15669
15670
15671
15672
15697
15698
15699
15700
15701
15702
15703
15726
15727
15728
15729
15730
15731
15732
15733
15756
15757
15758
15759
15760
15761
15762
15763
15787
15788
15789
15790
15791
15792
15793
15817
15818
15819
15820
15821
15822
15848
15849
15850
15851
16207
16208
16209
16210
16211
16212
16237
16238
16239
16240
16241
16242
16243
16266
16267
16268
16269
16270
16271
16272
16273
16296
16297
16298
16299
16300
16301
16302
16303
16327
16328
16329
16330
16331
16332
16333
16357
16358
16359
16360
16361
16362
16388
16389
16390
16391
16747
16748
16749
16750
16751
16752
16777
16778
16779
16780
16781
16782
16783
16806
16807
16808
16809
16810
16811
16812
16813
16836
16837
16838
16839
16840
16841
16842
16843
16867
16868
16869
16870
16871
16872
16873
16897
16898
16899
16900
16901
16902
16928
16929
16930
16931
17287
17288
17289
17290
17291
17292
17317
17318
17319
17320
17321
17322
17323
17346
17347
17348
17349
17350
17351
17352
17353
17376
17377
17378
17379
17380
17381
17382
17383
17407
17408
17409
17410
17411
17412
17413
17437
17438
17439
17440
17441
17442
17468
17469
17470
17471
17827
17828
17829
17830
17831
17832
17857
17858
17859
17860
17861
17862
17863
17886
17887
17888
17889
17890
17891
17892
17893
17916
17917
17918
17919
17920
17921
17922
17923
17947
17948
17949
17950
17951
17952
17953
17977
17978
17979
17980
17981
17982
18008
18009
18010
18011
18367
18368
18369
18370
18371
18372
18397
18398
18399
18400
18401
18402
18403
18426
18427
18428
18429
18430
18431
18432
18433
18456
18457
18458
18459
18460
18461
18462
18463
18487
18488
18489
18490
18491
18492
18493
18517
18518
18519
18520
18521
18522
18548
18549
18550
18551
18907
18908
18909
18910
18911
18912
18937
18938
18939
18940
18941
18942
18943
18966
18967
18968
18969
18970
18971
18972
18973
18996
18997
18998
18999
19000
19001
19002
19003
19027
19028
19029
19030
19031
19032
19033
19057
19058
19059
19060
19061
19062
19088
19089
19090
19091
19447
19448
19449
19450
19451
19452
19477
19478
19479
19480
19481
19482
19483
19506
19507
19508
19509
19510
19511
19512
19513
19536
19537
19538
19539
19540
19541
19542
19543
19567
19568
19569
19570
19571
19572
19573
19597
19598
19599
19600
19601
19602
19628
19629
19630
19631
19987
19988
19989
19990
19991
19992
20017
20018
20019
20020
20021
20022
20023
20046
20047
20048
20049
20050
20051
20052
20053
20076
20077
20078
20079
20080
20081
20082
20083
20107
20108
20109
20110
20111
20112
20113
20137
20138
20139
20140
20141
20142
20168
20169
20170
20171
20527
20528
20529
20530
20531
20532
20557
20558
20559
20560
20561
20562
20563
20586
20587
20588
20589
20590
20591
20592
20593
20616
20617
20618
20619
20620
20621
20622
20623
20647
20648
20649
20650
20651
20652
20653
20677
20678
20679
20680
20681
20682
20708
20709
20710
20711
21067
21068
21069
21070
21071
21072
21097
21098
21099
21100
21101
21102
21103
21126
21127
21128
21129
21130
21131
21132
21133
21156
21157
21158
21159
21160
21161
21162
21163
21187
21188
21189
21190
21191
21192
21193
21217
21218
21219
21220
21221
21222
21248
21249
21250
21251
21607
21608
21609
21610
21611
21612
21637
21638
21639
21640
21641
21642
21643
21666
21667
21668
21669
21670
21671
21672
21673
21696
21697
21698
21699
21700
21701
21702
21703
21727
21728
21729
21730
21731
21732
21733
21757
21758
21759
21760
21761
21762
21788
21789
21790
21791
22147
22148
22149
22150
22151
22152
22177
22178
22179
22180
22181
22182
22183
22206
22207
22208
22209
22210
22211
22212
22213
22236
22237
22238
22239
22240
22241
22242
22243
22267
22268
22269
22270
22271
22272
22273
22297
22298
22299
22300
22301
22302
22328
22329
22330
22331
22687
22688
22689
22690
22691
22692
22717
22718
22719
22720
22721
22722
22723
22746
22747
22748
22749
22750
22751
22752
22753
22776
22777
22778
22779
22780
22781
22782
22783
22807
22808
22809
22810
22811
22812
22813
22837
22838
22839
22840
22841
22842
22868
22869
22870
22871
23227
23228
23229
23230
23231
23232
23257
23258
23259
23260
23261
23262
23263
23286
23287
23288
23289
23290
23291
23292
23293
23316
23317
23318
23319
23320
23321
23322
23323
23347
23348
23349
23350
23351
23352
23353
23377
23378
23379
23380
23381
23382
23408
23409
23410
23411
23767
23768
23769
23770
23771
23772
23797
23798
23799
23800
23801
23802
23803
23826
23827
23828
23829
23830
23831
23832
23833
23856
23857
23858
23859
23860
23861
23862
23863
23887
23888
23889
23890
23891
23892
23893
23917
23918
23919
23920
23921
23922
23948
23949
23950
23951
24307
24308
24309
24310
24311
24312
24337
24338
24339
24340
24341
24342
24343
24366
24367
24368
24369
24370
24371
24372
24373
24396
24397
24398
24399
24400
24401
24402
24403
24427
24428
24429
24430
24431
24432
24433
24457
24458
24459
24460
24461
24462
24488
24489
24490
24491
24847
24848
24849
24850
24851
24852
24877
24878
24879
24880
24881
24882
24883
24906
24907
24908
24909
24910
24911
24912
24913
24936
24937
24938
24939
24940
24941
24942
24943
24967
24968
24969
24970
24971
24972
24973
24997
24998
24999
25000
25001
25002
25028
25029
25030
25031
25387
25388
25389
25390
25391
25392
25417
25418
25419
25420
25421
25422
25423
25446
25447
25448
25449
25450
25451
25452
25453
25476
25477
25478
25479
25480
25481
25482
25483
25507
25508
25509
25510
25511
25512
25513
25537
25538
25539
25540
25541
25542
25568
25569
25570
25571
25927
25928
25929
25930
25931
25932
25957
25958
25959
25960
25961
25962
25963
25986
25987
25988
25989
25990
25991
25992
25993
26016
26017
26018
26019
26020
26021
26022
26023
26047
26048
26049
26050
26051
26052
26053
26077
26078
26079
26080
26081
26082
26108
26109
26110
26111
26467
26468
26469
26470
26471
26472
26497
26498
26499
26500
26501
26502
26503
26526
26527
26528
26529
26530
26531
26532
26533
26556
26557
26558
26559
26560
26561
26562
26563
26587
26588
26589
26590
26591
26592
26593
26617
26618
26619
26620
26621
26622
26648
26649
26650
26651
27007
27008
27009
27010
27011
27012
27037
27038
27039
27040
27041
27042
27043
27066
27067
27068
27069
27070
27071
27072
27073
27096
27097
27098
27099
27100
27101
27102
27103
27127
27128
27129
27130
27131
27132
27133
27157
27158
27159
27160
27161
27162
27188
27189
27190
27191
27547
27548
27549
27550
27551
27552
27577
27578
27579
27580
27581
27582
27583
27606
27607
27608
27609
27610
27611
27612
27613
27636
27637
27638
27639
27640
27641
27642
27643
27667
27668
27669
27670
27671
27672
27673
27697
27698
27699
27700
27701
27702
27728
27729
27730
27731
28087
28088
28089
28090
28091
28092
28117
28118
28119
28120
28121
28122
28123
28146
28147
28148
28149
28150
28151
28152
28153
28176
28177
28178
28179
28180
28181
28182
28183
28207
28208
28209
28210
28211
28212
28213
28237
28238
28239
28240
28241
28242
28268
28269
28270
28271
28627
28628
28629
28630
28631
28632
28657
28658
28659
28660
28661
28662
28663
28686
28687
28688
28689
28690
28691
28692
28693
28716
28717
28718
28719
28720
28721
28722
28723
28747
28748
28749
28750
28751
28752
28753
28777
28778
28779
28780
28781
28782
28808
28809
28810
28811
29167
29168
29169
29170
29171
29172
29197
29198
29199
29200
29201
29202
29203
29226
29227
29228
29229
29230
29231
29232
29233
29256
29257
29258
29259
29260
29261
29262
29263
29287
29288
29289
29290
29291
29292
29293
29317
29318
29319
29320
29321
29322
29348
29349
29350
29351
29707
29708
29709
29710
29711
29712
29737
29738
29739
29740
29741
29742
29743
29766
29767
29768
29769
29770
29771
29772
29773
29796
29797
29798
29799
29800
29801
29802
29803
29827
29828
29829
29830
29831
29832
29833
29857
29858
29859
29860
29861
29862
29888
29889
29890
29891
30247
30248
30249
30250
30251
30252
30277
30278
30279
30280
30281
30282
30283
30306
30307
30308
30309
30310
30311
30312
30313
30336
30337
30338
30339
30340
30341
30342
30343
30367
30368
30369
30370
30371
30372
30373
30397
30398
30399
30400
30401
30402
30428
30429
30430
30431
30787
30788
30789
30790
30791
30792
30817
30818
30819
30820
30821
30822
30823
30846
30847
30848
30849
30850
30851
30852
30853
30876
30877
30878
30879
30880
30881
30882
30883
30907
30908
30909
30910
30911
30912
30913
30937
30938
30939
30940
30941
30942
30968
30969
30970
30971
31327
31328
31329
31330
31331
31332
31357
31358
31359
31360
31361
31362
31363
31386
31387
31388
31389
31390
31391
31392
31393
31416
31417
31418
31419
31420
31421
31422
31423
31447
31448
31449
31450
31451
31452
31453
31477
31478
31479
31480
31481
31482
31508
31509
31510
31511
31867
31868
31869
31870
31871
31872
31897
31898
31899
31900
31901
31902
31903
31926
31927
31928
31929
31930
31931
31932
31933
31956
31957
31958
31959
31960
31961
31962
31963
31987
31988
31989
31990
31991
31992
31993
32017
32018
32019
32020
32021
32022
32048
32049
32050
32051
32407
32408
32409
32410
32411
32412
32437
32438
32439
32440
32441
32442
32443
32466
32467
32468
32469
32470
32471
32472
32473
32496
32497
32498
32499
32500
32501
32502
32503
32527
32528
32529
32530
32531
32532
32533
32557
32558
32559
32560
32561
32562
32588
32589
32590
32591
32947
32948
32949
32950
32951
32952
32977
32978
32979
32980
32981
32982
32983
33006
33007
33008
33009
33010
33011
33012
33013
33036
33037
33038
33039
33040
33041
33042
33043
33067
33068
33069
33070
33071
33072
33073
33097
33098
33099
33100
33101
33102
33128
33129
33130
33131
33487
33488
33489
33490
33491
33492
33517
33518
33519
33520
33521
33522
33523
33546
33547
33548
33549
33550
33551
33552
33553
33576
33577
33578
33579
33580
33581
33582
33583
33607
33608
33609
33610
33611
33612
33613
33637
33638
33639
33640
33641
33642
33668
33669
33670
33671
34027
34028
34029
34030
34031
34032
34057
34058
34059
34060
34061
34062
34063
34086
34087
34088
34089
34090
34091
34092
34093
34116
34117
34118
34119
34120
34121
34122
34123
34147
34148
34149
34150
34151
34152
34153
34177
34178
34179
34180
34181
34182
34208
34209
34210
34211
34567
34568
34569
34570
34571
34572
34597
34598
34599
34600
34601
34602
34603
34626
34627
34628
34629
34630
34631
34632
34633
34656
34657
34658
34659
34660
34661
34662
34663
34687
34688
34689
34690
34691
34692
34693
34717
34718
34719
34720
34721
34722
34748
34749
34750
34751
35107
35108
35109
35110
35111
35112
35137
35138
35139
35140
35141
35142
35143
35166
35167
35168
35169
35170
35171
35172
35173
35196
35197
35198
35199
35200
35201
35202
35203
35227
35228
35229
35230
35231
35232
35233
35257
35258
35259
35260
35261
35262
35288
35289
35290
35291
35647
35648
35649
35650
35651
35652
35677
35678
35679
35680
35681
35682
35683
35706
35707
35708
35709
35710
35711
35712
35713
35736
35737
35738
35739
35740
35741
35742
35743
35767
35768
35769
35770
35771
35772
35773
35797
35798
35799
35800
35801
35802
35828
35829
35830
35831
36187
36188
36189
36190
36191
36192
36217
36218
36219
36220
36221
36222
36223
36246
36247
36248
36249
36250
36251
36252
36253
36276
36277
36278
36279
36280
36281
36282
36283
36307
36308
36309
36310
36311
36312
36313
36337
36338
36339
36340
36341
36342
36368
36369
36370
36371
36727
36728
36729
36730
36731
36732
36757
36758
36759
36760
36761
36762
36763
36786
36787
36788
36789
36790
36791
36792
36793
36816
36817
36818
36819
36820
36821
36822
36823
36847
36848
36849
36850
36851
36852
36853
36877
36878
36879
36880
36881
36882
36908
36909
36910
36911
37267
37268
37269
37270
37271
37272
37297
37298
37299
37300
37301
37302
37303
37326
37327
37328
37329
37330
37331
37332
37333
37356
37357
37358
37359
37360
37361
37362
37363
37387
37388
37389
37390
37391
37392
37393
37417
37418
37419
37420
37421
37422
37448
37449
37450
37451
37807
37808
37809
37810
37811
37812
37837
37838
37839
37840
37841
37842
37843
37866
37867
37868
37869
37870
37871
37872
37873
37896
37897
37898
37899
37900
37901
37902
37903
37927
37928
37929
37930
37931
37932
37933
37957
37958
37959
37960
37961
37962
37988
37989
37990
37991
38347
38348
38349
38350
38351
38352
38377
38378
38379
38380
38381
38382
38383
38406
38407
38408
38409
38410
38411
38412
38413
38436
38437
38438
38439
38440
38441
38442
38443
38467
38468
38469
38470
38471
38472
38473
38497
38498
38499
38500
38501
38502
38528
38529
38530
38531
38887
38888
38889
38890
38891
38892
38917
38918
38919
38920
38921
38922
38923
38946
38947
38948
38949
38950
38951
38952
38953
38976
38977
38978
38979
38980
38981
38982
38983
39007
39008
39009
39010
39011
39012
39013
39037
39038
39039
39040
39041
39042
39068
39069
39070
39071
39427
39428
39429
39430
39431
39432
39457
39458
39459
39460
39461
39462
39463
39486
39487
39488
39489
39490
39491
39492
39493
39516
39517
39518
39519
39520
39521
39522
39523
39547
39548
39549
39550
39551
39552
39553
39577
39578
39579
39580
39581
39582
39608
39609
39610
39611
39967
39968
39969
39970
39971
39972
39997
39998
39999
40000
40001
40002
40003
40026
40027
40028
40029
40030
40031
40032
40033
40056
40057
40058
40059
40060
40061
40062
40063
40087
40088
40089
40090
40091
40092
40093
40117
40118
40119
40120
40121
40122
40148
40149
40150
40151
40507
40508
40509
40510
40511
40512
40537
40538
40539
40540
40541
40542
40543
40566
40567
40568
40569
40570
40571
40572
40573
40596
40597
40598
40599
40600
40601
40602
40603
40627
40628
40629
40630
40631
40632
40633
40657
40658
40659
40660
40661
40662
40688
40689
40690
40691
41047
41048
41049
41050
41051
41052
41077
41078
41079
41080
41081
41082
41083
41106
41107
41108
41109
41110
41111
41112
41113
41136
41137
41138
41139
41140
41141
41142
41143
41167
41168
41169
41170
41171
41172
41173
41197
41198
41199
41200
41201
41202
41228
41229
41230
41231
41587
41588
41589
41590
41591
41592
41617
41618
41619
41620
41621
41622
41623
41646
41647
41648
41649
41650
41651
41652
41653
41676
41677
41678
41679
41680
41681
41682
41683
41707
41708
41709
41710
41711
41712
41713
41737
41738
41739
41740
41741
41742
41768
41769
41770
41771
42127
42128
42129
42130
42131
42132
42157
42158
42159
42160
42161
42162
42163
42186
42187
42188
42189
42190
42191
42192
42193
42216
42217
42218
42219
42220
42221
42222
42223
42247
42248
42249
42250
42251
42252
42253
42277
42278
42279
42280
42281
42282
42308
42309
42310
42311
42667
42668
42669
42670
42671
42672
42697
42698
42699
42700
42701
42702
42703
42726
42727
42728
42729
42730
42731
42732
42733
42756
42757
42758
42759
42760
42761
42762
42763
42787
42788
42789
42790
42791
42792
42793
42817
42818
42819
42820
42821
42822
42848
42849
42850
42851
43207
43208
43209
43210
43211
43212
43237
43238
43239
43240
43241
43242
43243
43266
43267
43268
43269
43270
43271
43272
43273
43296
43297
43298
43299
43300
43301
43302
43303
43327
43328
43329
43330
43331
43332
43333
43357
43358
43359
43360
43361
43362
43388
43389
43390
43391
43747
43748
43749
43750
43751
43752
43777
43778
43779
43780
43781
43782
43783
43806
43807
43808
43809
43810
43811
43812
43813
43836
43837
43838
43839
43840
43841
43842
43843
43867
43868
43869
43870
43871
43872
43873
43897
43898
43899
43900
43901
43902
43928
43929
43930
43931
44287
44288
44289
44290
44291
44292
44317
44318
44319
44320
44321
44322
44323
44346
44347
44348
44349
44350
44351
44352
44353
44376
44377
44378
44379
44380
44381
44382
44383
44407
44408
44409
44410
44411
44412
44413
44437
44438
44439
44440
44441
44442
44468
44469
44470
44471
44827
44828
44829
44830
44831
44832
44857
44858
44859
44860
44861
44862
44863
44886
44887
44888
44889
44890
44891
44892
44893
44916
44917
44918
44919
44920
44921
44922
44923
44947
44948
44949
44950
44951
44952
44953
44977
44978
44979
44980
44981
44982
45008
45009
45010
45011
45367
45368
45369
45370
45371
45372
45397
45398
45399
45400
45401
45402
45403
45426
45427
45428
45429
45430
45431
45432
45433
45456
45457
45458
45459
45460
45461
45462
45463
45487
45488
45489
45490
45491
45492
45493
45517
45518
45519
45520
45521
45522
45548
45549
45550
45551
45907
45908
45909
45910
45911
45912
45937
45938
45939
45940
45941
45942
45943
45966
45967
45968
45969
45970
45971
45972
45973
45996
45997
45998
45999
46000
46001
46002
46003
46027
46028
46029
46030
46031
46032
46033
46057
46058
46059
46060
46061
46062
46088
46089
46090
46091
46447
46448
46449
46450
46451
46452
46477
46478
46479
46480
46481
46482
46483
46506
46507
46508
46509
46510
46511
46512
46513
46536
46537
46538
46539
46540
46541
46542
46543
46567
46568
46569
46570
46571
46572
46573
46597
46598
46599
46600
46601
46602
46628
46629
46630
46631
46987
46988
46989
46990
46991
46992
47017
47018
47019
47020
47021
47022
47023
47046
47047
47048
47049
47050
47051
47052
47053
47076
47077
47078
47079
47080
47081
47082
47083
47107
47108
47109
47110
47111
47112
47113
47137
47138
47139
47140
47141
47142
47168
47169
47170
47171
47527
47528
47529
47530
47531
47532
47557
47558
47559
47560
47561
47562
47563
47586
47587
47588
47589
47590
47591
47592
47593
47616
47617
47618
47619
47620
47621
47622
47623
47647
47648
47649
47650
47651
47652
47653
47677
47678
47679
47680
47681
47682
47708
47709
47710
47711
48067
48068
48069
48070
48071
48072
48097
48098
48099
48100
48101
48102
48103
48126
48127
48128
48129
48130
48131
48132
48133
48156
48157
48158
48159
48160
48161
48162
48163
48187
48188
48189
48190
48191
48192
48193
48217
48218
48219
48220
48221
48222
48248
48249
48250
48251
48607
48608
48609
48610
48611
48612
48637
48638
48639
48640
48641
48642
48643
48666
48667
48668
48669
48670
48671
48672
48673
48696
48697
48698
48699
48700
48701
48702
48703
48727
48728
48729
48730
48731
48732
48733
48757
48758
48759
48760
48761
48762
48788
48789
48790
48791
49147
49148
49149
49150
49151
49152
49177
49178
49179
49180
49181
49182
49183
49206
49207
49208
49209
49210
49211
49212
49213
49236
49237
49238
49239
49240
49241
49242
49243
49267
49268
49269
49270
49271
49272
49273
49297
49298
49299
49300
49301
49302
49328
49329
49330
49331
49687
49688
49689
49690
49691
49692
49717
49718
49719
49720
49721
49722
49723
49746
49747
49748
49749
49750
49751
49752
49753
49776
49777
49778
49779
49780
49781
49782
49783
49807
49808
49809
49810
49811
49812
49813
49837
49838
49839
49840
49841
49842
49868
49869
49870
49871
50227
50228
50229
50230
50231
50232
50257
50258
50259
50260
50261
50262
50263
50286
50287
50288
50289
50290
50291
50292
50293
50316
50317
50318
50319
50320
50321
50322
50323
50347
50348
50349
50350
50351
50352
50353
50377
50378
50379
50380
50381
50382
50408
50409
50410
50411
50767
50768
50769
50770
50771
50772
50797
50798
50799
50800
50801
50802
50803
50826
50827
50828
50829
50830
50831
50832
50833
50856
50857
50858
50859
50860
50861
50862
50863
50887
50888
50889
50890
50891
50892
50893
50917
50918
50919
50920
50921
50922
50948
50949
50950
50951
51307
51308
51309
51310
51311
51312
51337
51338
51339
51340
51341
51342
51343
51366
51367
51368
51369
51370
51371
51372
51373
51396
51397
51398
51399
51400
51401
51402
51403
51427
51428
51429
51430
51431
51432
51433
51457
51458
51459
51460
51461
51462
51488
51489
51490
51491
51847
51848
51849
51850
51851
51852
51877
51878
51879
51880
51881
51882
51883
51906
51907
51908
51909
51910
51911
51912
51913
51936
51937
51938
51939
51940
51941
51942
51943
51967
51968
51969
51970
51971
51972
51973
51997
51998
51999
52000
52001
52002
52028
52029
52030
52031
52387
52388
52389
52390
52391
52392
52417
52418
52419
52420
52421
52422
52423
52446
52447
52448
52449
52450
52451
52452
52453
52476
52477
52478
52479
52480
52481
52482
52483
52507
52508
52509
52510
52511
52512
52513
52537
52538
52539
52540
52541
52542
52568
52569
52570
52571
52927
52928
52929
52930
52931
52932
52957
52958
52959
52960
52961
52962
52963
52986
52987
52988
52989
52990
52991
52992
52993
53016
53017
53018
53019
53020
53021
53022
53023
53047
53048
53049
53050
53051
53052
53053
53077
53078
53079
53080
53081
53082
53108
53109
53110
53111
53467
53468
53469
53470
53471
53472
53497
53498
53499
53500
53501
53502
53503
53526
53527
53528
53529
53530
53531
53532
53533
53556
53557
53558
53559
53560
53561
53562
53563
53587
53588
53589
53590
53591
53592
53593
53617
53618
53619
53620
53621
53622
53648
53649
53650
53651
54007
54008
54009
54010
54011
54012
54037
54038
54039
54040
54041
54042
54043
54066
54067
54068
54069
54070
54071
54072
54073
54096
54097
54098
54099
54100
54101
54102
54103
54127
54128
54129
54130
54131
54132
54133
54157
54158
54159
54160
54161
54162
54188
54189
54190
54191
54547
54548
54549
54550
54551
54552
54577
54578
54579
54580
54581
54582
54583
54606
54607
54608
54609
54610
54611
54612
54613
54636
54637
54638
54639
54640
54641
54642
54643
54667
54668
54669
54670
54671
54672
54673
54697
54698
54699
54700
54701
54702
54728
54729
54730
54731
55087
55088
55089
55090
55091
55092
55117
55118
55119
55120
55121
55122
55123
55146
55147
55148
55149
55150
55151
55152
55153
55176
55177
55178
55179
55180
55181
55182
55183
55207
55208
55209
55210
55211
55212
55213
55237
55238
55239
55240
55241
55242
55268
55269
55270
55271
55627
55628
55629
55630
55631
55632
55657
55658
55659
55660
55661
55662
55663
55686
55687
55688
55689
55690
55691
55692
55693
55716
55717
55718
55719
55720
55721
55722
55723
55747
55748
55749
55750
55751
55752
55753
55777
55778
55779
55780
55781
55782
55808
55809
55810
55811
56167
56168
56169
56170
56171
56172
56197
56198
56199
56200
56201
56202
56203
56226
56227
56228
56229
56230
56231
56232
56233
56256
56257
56258
56259
56260
56261
56262
56263
56287
56288
56289
56290
56291
56292
56293
56317
56318
56319
56320
56321
56322
56348
56349
56350
56351
56707
56708
56709
56710
56711
56712
56737
56738
56739
56740
56741
56742
56743
56766
56767
56768
56769
56770
56771
56772
56773
56796
56797
56798
56799
56800
56801
56802
56803
56827
56828
56829
56830
56831
56832
56833
56857
56858
56859
56860
56861
56862
56888
56889
56890
56891
57247
57248
57249
57250
57251
57252
57277
57278
57279
57280
57281
57282
57283
57306
57307
57308
57309
57310
57311
57312
57313
57336
57337
57338
57339
57340
57341
57342
57343
57367
57368
57369
57370
57371
57372
57373
57397
57398
57399
57400
57401
57402
57428
57429
57430
57431
57787
57788
57789
57790
57791
57792
57817
57818
57819
57820
57821
57822
57823
57846
57847
57848
57849
57850
57851
57852
57853
57876
57877
57878
57879
57880
57881
57882
57883
57907
57908
57909
57910
57911
57912
57913
57937
57938
57939
57940
57941
57942
57968
57969
57970
57971
58327
58328
58329
58330
58331
58332
58357
58358
58359
58360
58361
58362
58363
58386
58387
58388
58389
58390
58391
58392
58393
58416
58417
58418
58419
58420
58421
58422
58423
58447
58448
58449
58450
58451
58452
58453
58477
58478
58479
58480
58481
58482
58508
58509
58510
58511
58867
58868
58869
58870
58871
58872
58897
58898
58899
58900
58901
58902
58903
58926
58927
58928
58929
58930
58931
58932
58933
58956
58957
58958
58959
58960
58961
58962
58963
58987
58988
58989
58990
58991
58992
58993
59017
59018
59019
59020
59021
59022
59048
59049
59050
59051
59407
59408
59409
59410
59411
59412
59437
59438
59439
59440
59441
59442
59443
59466
59467
59468
59469
59470
59471
59472
59473
59496
59497
59498
59499
59500
59501
59502
59503
59527
59528
59529
59530
59531
59532
59533
59557
59558
59559
59560
59561
59562
59588
59589
59590
59591
59947
59948
59949
59950
59951
59952
59977
59978
59979
59980
59981
59982
59983
60006
60007
60008
60009
60010
60011
60012
60013
60036
60037
60038
60039
60040
60041
60042
60043
60067
60068
60069
60070
60071
60072
60073
60097
60098
60099
60100
60101
60102
60128
60129
60130
60131
60487
60488
60489
60490
60491
60492
60517
60518
60519
60520
60521
60522
60523
60546
60547
60548
60549
60550
60551
60552
60553
60576
60577
60578
60579
60580
60581
60582
60583
60607
60608
60609
60610
60611
60612
60613
60637
60638
60639
60640
60641
60642
60668
60669
60670
60671
61027
61028
61029
61030
61031
61032
61057
61058
61059
61060
61061
61062
61063
61086
61087
61088
61089
61090
61091
61092
61093
61116
61117
61118
61119
61120
61121
61122
61123
61147
61148
61149
61150
61151
61152
61153
61177
61178
61179
61180
61181
61182
61208
61209
61210
61211
61567
61568
61569
61570
61571
61572
61597
61598
61599
61600
61601
61602
61603
61626
61627
61628
61629
61630
61631
61632
61633
61656
61657
61658
61659
61660
61661
61662
61663
61687
61688
61689
61690
61691
61692
61693
61717
61718
61719
61720
61721
61722
61748
61749
61750
61751
62107
62108
62109
62110
62111
62112
62137
62138
62139
62140
62141
62142
62143
62166
62167
62168
62169
62170
62171
62172
62173
62196
62197
62198
62199
62200
62201
62202
62203
62227
62228
62229
62230
62231
62232
62233
62257
62258
62259
62260
62261
62262
62288
62289
62290
62291
62647
62648
62649
62650
62651
62652
62677
62678
62679
62680
62681
62682
62683
62706
62707
62708
62709
62710
62711
62712
62713
62736
62737
62738
62739
62740
62741
62742
62743
62767
62768
62769
62770
62771
62772
62773
62797
62798
62799
62800
62801
62802
62828
62829
62830
62831
63187
63188
63189
63190
63191
63192
63217
63218
63219
63220
63221
63222
63223
63246
63247
63248
63249
63250
63251
63252
63253
63276
63277
63278
63279
63280
63281
63282
63283
63307
63308
63309
63310
63311
63312
63313
63337
63338
63339
63340
63341
63342
63368
63369
63370
63371
63727
63728
63729
63730
63731
63732
63757
63758
63759
63760
63761
63762
63763
63786
63787
63788
63789
63790
63791
63792
63793
63816
63817
63818
63819
63820
63821
63822
63823
63847
63848
63849
63850
63851
63852
63853
63877
63878
63879
63880
63881
63882
63908
63909
63910
63911
64267
64268
64269
64270
64271
64272
64297
64298
64299
64300
64301
64302
64303
64326
64327
64328
64329
64330
64331
64332
64333
64356
64357
64358
64359
64360
64361
64362
64363
64387
64388
64389
64390
64391
64392
64393
64417
64418
64419
64420
64421
64422
64448
64449
64450
64451
64807
64808
64809
64810
64811
64812
64837
64838
64839
64840
64841
64842
64843
64866
64867
64868
64869
64870
64871
64872
64873
64896
64897
64898
64899
64900
64901
64902
64903
64927
64928
64929
64930
64931
64932
64933
64957
64958
64959
64960
64961
64962
64988
64989
64990
64991
65347
65348
65349
65350
65351
65352
65377
65378
65379
65380
65381
65382
65383
65406
65407
65408
65409
65410
65411
65412
65413
65436
65437
65438
65439
65440
65441
65442
65443
65467
65468
65469
65470
65471
65472
65473
65497
65498
65499
65500
65501
65502
65528
65529
65530
65531
65887
65888
65889
65890
65891
65892
65917
65918
65919
65920
65921
65922
65923
65946
65947
65948
65949
65950
65951
65952
65953
65976
65977
65978
65979
65980
65981
65982
65983
66007
66008
66009
66010
66011
66012
66013
66037
66038
66039
66040
66041
66042
66068
66069
66070
66071
66427
66428
66429
66430
66431
66432
66457
66458
66459
66460
66461
66462
66463
66486
66487
66488
66489
66490
66491
66492
66493
66516
66517
66518
66519
66520
66521
66522
66523
66547
66548
66549
66550
66551
66552
66553
66577
66578
66579
66580
66581
66582
66608
66609
66610
66611
66967
66968
66969
66970
66971
66972
66997
66998
66999
67000
67001
67002
67003
67026
67027
67028
67029
67030
67031
67032
67033
67056
67057
67058
67059
67060
67061
67062
67063
67087
67088
67089
67090
67091
67092
67093
67117
67118
67119
67120
67121
67122
67148
67149
67150
67151
67507
67508
67509
67510
67511
67512
67537
67538
67539
67540
67541
67542
67543
67566
67567
67568
67569
67570
67571
67572
67573
67596
67597
67598
67599
67600
67601
67602
67603
67627
67628
67629
67630
67631
67632
67633
67657
67658
67659
67660
67661
67662
67688
67689
67690
67691
68047
68048
68049
68050
68051
68052
68077
68078
68079
68080
68081
68082
68083
68106
68107
68108
68109
68110
68111
68112
68113
68136
68137
68138
68139
68140
68141
68142
68143
68167
68168
68169
68170
68171
68172
68173
68197
68198
68199
68200
68201
68202
68228
68229
68230
68231
68587
68588
68589
68590
68591
68592
68617
68618
68619
68620
68621
68622
68623
68646
68647
68648
68649
68650
68651
68652
68653
68676
68677
68678
68679
68680
68681
68682
68683
68707
68708
68709
68710
68711
68712
68713
68737
68738
68739
68740
68741
68742
68768
68769
68770
68771
69127
69128
69129
69130
69131
69132
69157
69158
69159
69160
69161
69162
69163
69186
69187
69188
69189
69190
69191
69192
69193
69216
69217
69218
69219
69220
69221
69222
69223
69247
69248
69249
69250
69251
69252
69253
69277
69278
69279
69280
69281
69282
69308
69309
69310
69311
69667
69668
69669
69670
69671
69672
69697
69698
69699
69700
69701
69702
69703
69726
69727
69728
69729
69730
69731
69732
69733
69756
69757
69758
69759
69760
69761
69762
69763
69787
69788
69789
69790
69791
69792
69793
69817
69818
69819
69820
69821
69822
69848
69849
69850
69851
70207
70208
70209
70210
70211
70212
70237
70238
70239
70240
70241
70242
70243
70266
70267
70268
70269
70270
70271
70272
70273
70296
70297
70298
70299
70300
70301
70302
70303
70327
70328
70329
70330
70331
70332
70333
70357
70358
70359
70360
70361
70362
70388
70389
70390
70391
70747
70748
70749
70750
70751
70752
70777
70778
70779
70780
70781
70782
70783
70806
70807
70808
70809
70810
70811
70812
70813
70836
70837
70838
70839
70840
70841
70842
70843
70867
70868
70869
70870
70871
70872
70873
70897
70898
70899
70900
70901
70902
70928
70929
70930
70931
71287
71288
71289
71290
71291
71292
71317
71318
71319
71320
71321
71322
71323
71346
71347
71348
71349
71350
71351
71352
71353
71376
71377
71378
71379
71380
71381
71382
71383
71407
71408
71409
71410
71411
71412
71413
71437
71438
71439
71440
71441
71442
71468
71469
71470
71471
71827
71828
71829
71830
71831
71832
71857
71858
71859
71860
71861
71862
71863
71886
71887
71888
71889
71890
71891
71892
71893
71916
71917
71918
71919
71920
71921
71922
71923
71947
71948
71949
71950
71951
71952
71953
71977
71978
71979
71980
71981
71982
72008
72009
72010
72011
72367
72368
72369
72370
72371
72372
72397
72398
72399
72400
72401
72402
72403
72426
72427
72428
72429
72430
72431
72432
72433
72456
72457
72458
72459
72460
72461
72462
72463
72487
72488
72489
72490
72491
72492
72493
72517
72518
72519
72520
72521
72522
72548
72549
72550
72551
72907
72908
72909
72910
72911
72912
72937
72938
72939
72940
72941
72942
72943
72966
72967
72968
72969
72970
72971
72972
72973
72996
72997
72998
72999
73000
73001
73002
73003
73027
73028
73029
73030
73031
73032
73033
73057
73058
73059
73060
73061
73062
73088
73089
73090
73091
73447
73448
73449
73450
73451
73452
73477
73478
73479
73480
73481
73482
73483
73506
73507
73508
73509
73510
73511
73512
73513
73536
73537
73538
73539
73540
73541
73542
73543
73567
73568
73569
73570
73571
73572
73573
73597
73598
73599
73600
73601
73602
73628
73629
73630
73631
73987
73988
73989
73990
73991
73992
74017
74018
74019
74020
74021
74022
74023
74046
74047
74048
74049
74050
74051
74052
74053
74076
74077
74078
74079
74080
74081
74082
74083
74107
74108
74109
74110
74111
74112
74113
74137
74138
74139
74140
74141
74142
74168
74169
74170
74171
74527
74528
74529
74530
74531
74532
74557
74558
74559
74560
74561
74562
74563
74586
74587
74588
74589
74590
74591
74592
74593
74616
74617
74618
74619
74620
74621
74622
74623
74647
74648
74649
74650
74651
74652
74653
74677
74678
74679
74680
74681
74682
74708
74709
74710
74711
75067
75068
75069
75070
75071
75072
75097
75098
75099
75100
75101
75102
75103
75126
75127
75128
75129
75130
75131
75132
75133
75156
75157
75158
75159
75160
75161
75162
75163
75187
75188
75189
75190
75191
75192
75193
75217
75218
75219
75220
75221
75222
75248
75249
75250
75251
75607
75608
75609
75610
75611
75612
75637
75638
75639
75640
75641
75642
75643
75666
75667
75668
75669
75670
75671
75672
75673
75696
75697
75698
75699
75700
75701
75702
75703
75727
75728
75729
75730
75731
75732
75733
75757
75758
75759
75760
75761
75762
75788
75789
75790
75791
76147
76148
76149
76150
76151
76152
76177
76178
76179
76180
76181
76182
76183
76206
76207
76208
76209
76210
76211
76212
76213
76236
76237
76238
76239
76240
76241
76242
76243
76267
76268
76269
76270
76271
76272
76273
76297
76298
76299
76300
76301
76302
76328
76329
76330
76331
76687
76688
76689
76690
76691
76692
76717
76718
76719
76720
76721
76722
76723
76746
76747
76748
76749
76750
76751
76752
76753
76776
76777
76778
76779
76780
76781
76782
76783
76807
76808
76809
76810
76811
76812
76813
76837
76838
76839
76840
76841
76842
76868
76869
76870
76871
77227
77228
77229
77230
77231
77232
77257
77258
77259
77260
77261
77262
77263
77286
77287
77288
77289
77290
77291
77292
77293
77316
77317
77318
77319
77320
77321
77322
77323
77347
77348
77349
77350
77351
77352
77353
77377
77378
77379
77380
77381
77382
77408
77409
77410
77411
77767
77768
77769
77770
77771
77772
77797
77798
77799
77800
77801
77802
77803
77826
77827
77828
77829
77830
77831
77832
77833
77856
77857
77858
77859
77860
77861
77862
77863
77887
77888
77889
77890
77891
77892
77893
77917
77918
77919
77920
77921
77922
77948
77949
77950
77951
78307
78308
78309
78310
78311
78312
78337
78338
78339
78340
78341
78342
78343
78366
78367
78368
78369
78370
78371
78372
78373
78396
78397
78398
78399
78400
78401
78402
78403
78427
78428
78429
78430
78431
78432
78433
78457
78458
78459
78460
78461
78462
78488
78489
78490
78491
78847
78848
78849
78850
78851
78852
78877
78878
78879
78880
78881
78882
78883
78906
78907
78908
78909
78910
78911
78912
78913
78936
78937
78938
78939
78940
78941
78942
78943
78967
78968
78969
78970
78971
78972
78973
78997
78998
78999
79000
79001
79002
79028
79029
79030
79031
79387
79388
79389
79390
79391
79392
79417
79418
79419
79420
79421
79422
79423
79446
79447
79448
79449
79450
79451
79452
79453
79476
79477
79478
79479
79480
79481
79482
79483
79507
79508
79509
79510
79511
79512
79513
79537
79538
79539
79540
79541
79542
79568
79569
79570
79571
79927
79928
79929
79930
79931
79932
79957
79958
79959
79960
79961
79962
79963
79986
79987
79988
79989
79990
79991
79992
79993
80016
80017
80018
80019
80020
80021
80022
80023
80047
80048
80049
80050
80051
80052
80053
80077
80078
80079
80080
80081
80082
80108
80109
80110
80111
80467
80468
80469
80470
80471
80472
80497
80498
80499
80500
80501
80502
80503
80526
80527
80528
80529
80530
80531
80532
80533
80556
80557
80558
80559
80560
80561
80562
80563
80587
80588
80589
80590
80591
80592
80593
80617
80618
80619
80620
80621
80622
80648
80649
80650
80651
81007
81008
81009
81010
81011
81012
81037
81038
81039
81040
81041
81042
81043
81066
81067
81068
81069
81070
81071
81072
81073
81096
81097
81098
81099
81100
81101
81102
81103
81127
81128
81129
81130
81131
81132
81133
81157
81158
81159
81160
81161
81162
81188
81189
81190
81191
81547
81548
81549
81550
81551
81552
81577
81578
81579
81580
81581
81582
81583
81606
81607
81608
81609
81610
81611
81612
81613
81636
81637
81638
81639
81640
81641
81642
81643
81667
81668
81669
81670
81671
81672
81673
81697
81698
81699
81700
81701
81702
81728
81729
81730
81731
82087
82088
82089
82090
82091
82092
82117
82118
82119
82120
82121
82122
82123
82146
82147
82148
82149
82150
82151
82152
82153
82176
82177
82178
82179
82180
82181
82182
82183
82207
82208
82209
82210
82211
82212
82213
82237
82238
82239
82240
82241
82242
82268
82269
82270
82271
82627
82628
82629
82630
82631
82632
82657
82658
82659
82660
82661
82662
82663
82686
82687
82688
82689
82690
82691
82692
82693
82716
82717
82718
82719
82720
82721
82722
82723
82747
82748
82749
82750
82751
82752
82753
82777
82778
82779
82780
82781
82782
82808
82809
82810
82811
83167
83168
83169
83170
83171
83172
83197
83198
83199
83200
83201
83202
83203
83226
83227
83228
83229
83230
83231
83232
83233
83256
83257
83258
83259
83260
83261
83262
83263
83287
83288
83289
83290
83291
83292
83293
83317
83318
83319
83320
83321
83322
83348
83349
83350
83351
83707
83708
83709
83710
83711
83712
83737
83738
83739
83740
83741
83742
83743
83766
83767
83768
83769
83770
83771
83772
83773
83796
83797
83798
83799
83800
83801
83802
83803
83827
83828
83829
83830
83831
83832
83833
83857
83858
83859
83860
83861
83862
83888
83889
83890
83891
84247
84248
84249
84250
84251
84252
84277
84278
84279
84280
84281
84282
84283
84306
84307
84308
84309
84310
84311
84312
84313
84336
84337
84338
84339
84340
84341
84342
84343
84367
84368
84369
84370
84371
84372
84373
84397
84398
84399
84400
84401
84402
84428
84429
84430
84431
84787
84788
84789
84790
84791
84792
84817
84818
84819
84820
84821
84822
84823
84846
84847
84848
84849
84850
84851
84852
84853
84876
84877
84878
84879
84880
84881
84882
84883
84907
84908
84909
84910
84911
84912
84913
84937
84938
84939
84940
84941
84942
84968
84969
84970
84971
85327
85328
85329
85330
85331
85332
85357
85358
85359
85360
85361
85362
85363
85386
85387
85388
85389
85390
85391
85392
85393
85416
85417
85418
85419
85420
85421
85422
85423
85447
85448
85449
85450
85451
85452
85453
85477
85478
85479
85480
85481
85482
85508
85509
85510
85511
85867
85868
85869
85870
85871
85872
85897
85898
85899
85900
85901
85902
85903
85926
85927
85928
85929
85930
85931
85932
85933
85956
85957
85958
85959
85960
85961
85962
85963
85987
85988
85989
85990
85991
85992
85993
86017
86018
86019
86020
86021
86022
86048
86049
86050
86051
86407
86408
86409
86410
86411
86412
86437
86438
86439
86440
86441
86442
86443
86466
86467
86468
86469
86470
86471
86472
86473
86496
86497
86498
86499
86500
86501
86502
86503
86527
86528
86529
86530
86531
86532
86533
86557
86558
86559
86560
86561
86562
86588
86589
86590
86591
86947
86948
86949
86950
86951
86952
86977
86978
86979
86980
86981
86982
86983
87006
87007
87008
87009
87010
87011
87012
87013
87036
87037
87038
87039
87040
87041
87042
87043
87067
87068
87069
87070
87071
87072
87073
87097
87098
87099
87100
87101
87102
87128
87129
87130
87131
87487
87488
87489
87490
87491
87492
87517
87518
87519
87520
87521
87522
87523
87546
87547
87548
87549
87550
87551
87552
87553
87576
87577
87578
87579
87580
87581
87582
87583
87607
87608
87609
87610
87611
87612
87613
87637
87638
87639
87640
87641
87642
87668
87669
87670
87671
88027
88028
88029
88030
88031
88032
88057
88058
88059
88060
88061
88062
88063
88086
88087
88088
88089
88090
88091
88092
88093
88116
88117
88118
88119
88120
88121
88122
88123
88147
88148
88149
88150
88151
88152
88153
88177
88178
88179
88180
88181
88182
88208
88209
88210
88211
88567
88568
88569
88570
88571
88572
88597
88598
88599
88600
88601
88602
88603
88626
88627
88628
88629
88630
88631
88632
88633
88656
88657
88658
88659
88660
88661
88662
88663
88687
88688
88689
88690
88691
88692
88693
88717
88718
88719
88720
88721
88722
88748
88749
88750
88751
89107
89108
89109
89110
89111
89112
89137
89138
89139
89140
89141
89142
89143
89166
89167
89168
89169
89170
89171
89172
89173
89196
89197
89198
89199
89200
89201
89202
89203
89227
89228
89229
89230
89231
89232
89233
89257
89258
89259
89260
89261
89262
89288
89289
89290
89291
89647
89648
89649
89650
89651
89652
89677
89678
89679
89680
89681
89682
89683
89706
89707
89708
89709
89710
89711
89712
89713
89736
89737
89738
89739
89740
89741
89742
89743
89767
89768
89769
89770
89771
89772
89773
89797
89798
89799
89800
89801
89802
89828
89829
89830
89831
90187
90188
90189
90190
90191
90192
90217
90218
90219
90220
90221
90222
90223
90246
90247
90248
90249
90250
90251
90252
90253
90276
90277
90278
90279
90280
90281
90282
90283
90307
90308
90309
90310
90311
90312
90313
90337
90338
90339
90340
90341
90342
90368
90369
90370
90371
90727
90728
90729
90730
90731
90732
90757
90758
90759
90760
90761
90762
90763
90786
90787
90788
90789
90790
90791
90792
90793
90816
90817
90818
90819
90820
90821
90822
90823
90847
90848
90849
90850
90851
90852
90853
90877
90878
90879
90880
90881
90882
90908
90909
90910
90911
91267
91268
91269
91270
91271
91272
91297
91298
91299
91300
91301
91302
91303
91326
91327
91328
91329
91330
91331
91332
91333
91356
91357
91358
91359
91360
91361
91362
91363
91387
91388
91389
91390
91391
91392
91393
91417
91418
91419
91420
91421
91422
91448
91449
91450
91451
91807
91808
91809
91810
91811
91812
91837
91838
91839
91840
91841
91842
91843
91866
91867
91868
91869
91870
91871
91872
91873
91896
91897
91898
91899
91900
91901
91902
91903
91927
91928
91929
91930
91931
91932
91933
91957
91958
91959
91960
91961
91962
91988
91989
91990
91991
92347
92348
92349
92350
92351
92352
92377
92378
92379
92380
92381
92382
92383
92406
92407
92408
92409
92410
92411
92412
92413
92436
92437
92438
92439
92440
92441
92442
92443
92467
92468
92469
92470
92471
92472
92473
92497
92498
92499
92500
92501
92502
92528
92529
92530
92531
92887
92888
92889
92890
92891
92892
92917
92918
92919
92920
92921
92922
92923
92946
92947
92948
92949
92950
92951
92952
92953
92976
92977
92978
92979
92980
92981
92982
92983
93007
93008
93009
93010
93011
93012
93013
93037
93038
93039
93040
93041
93042
93068
93069
93070
93071
93427
93428
93429
93430
93431
93432
93457
93458
93459
93460
93461
93462
93463
93486
93487
93488
93489
93490
93491
93492
93493
93516
93517
93518
93519
93520
93521
93522
93523
93547
93548
93549
93550
93551
93552
93553
93577
93578
93579
93580
93581
93582
93608
93609
93610
93611
93967
93968
93969
93970
93971
93972
93997
93998
93999
94000
94001
94002
94003
94026
94027
94028
94029
94030
94031
94032
94033
94056
94057
94058
94059
94060
94061
94062
94063
94087
94088
94089
94090
94091
94092
94093
94117
94118
94119
94120
94121
94122
94148
94149
94150
94151
94507
94508
94509
94510
94511
94512
94537
94538
94539
94540
94541
94542
94543
94566
94567
94568
94569
94570
94571
94572
94573
94596
94597
94598
94599
94600
94601
94602
94603
94627
94628
94629
94630
94631
94632
94633
94657
94658
94659
94660
94661
94662
94688
94689
94690
94691
95047
95048
95049
95050
95051
95052
95077
95078
95079
95080
95081
95082
95083
95106
95107
95108
95109
95110
95111
95112
95113
95136
95137
95138
95139
95140
95141
95142
95143
95167
95168
95169
95170
95171
95172
95173
95197
95198
95199
95200
95201
95202
95228
95229
95230
95231
95587
95588
95589
95590
95591
95592
95617
95618
95619
95620
95621
95622
95623
95646
95647
95648
95649
95650
95651
95652
95653
95676
95677
95678
95679
95680
95681
95682
95683
95707
95708
95709
95710
95711
95712
95713
95737
95738
95739
95740
95741
95742
95768
95769
95770
95771
96127
96128
96129
96130
96131
96132
96157
96158
96159
96160
96161
96162
96163
96186
96187
96188
96189
96190
96191
96192
96193
96216
96217
96218
96219
96220
96221
96222
96223
96247
96248
96249
96250
96251
96252
96253
96277
96278
96279
96280
96281
96282
96308
96309
96310
96311
96667
96668
96669
96670
96671
96672
96697
96698
96699
96700
96701
96702
96703
96726
96727
96728
96729
96730
96731
96732
96733
96756
96757
96758
96759
96760
96761
96762
96763
96787
96788
96789
96790
96791
96792
96793
96817
96818
96819
96820
96821
96822
96848
96849
96850
96851
97207
97208
97209
97210
97211
97212
97237
97238
97239
97240
97241
97242
97243
97266
97267
97268
97269
97270
97271
97272
97273
97296
97297
97298
97299
97300
97301
97302
97303
97327
97328
97329
97330
97331
97332
97333
97357
97358
97359
97360
97361
97362
97388
97389
97390
97391
97747
97748
97749
97750
97751
97752
97777
97778
97779
97780
97781
97782
97783
97806
97807
97808
97809
97810
97811
97812
97813
97836
97837
97838
97839
97840
97841
97842
97843
97867
97868
97869
97870
97871
97872
97873
97897
97898
97899
97900
97901
97902
97928
97929
97930
97931
98287
98288
98289
98290
98291
98292
98317
98318
98319
98320
98321
98322
98323
98346
98347
98348
98349
98350
98351
98352
98353
98376
98377
98378
98379
98380
98381
98382
98383
98407
98408
98409
98410
98411
98412
98413
98437
98438
98439
98440
98441
98442
98468
98469
98470
98471
98827
98828
98829
98830
98831
98832
98857
98858
98859
98860
98861
98862
98863
98886
98887
98888
98889
98890
98891
98892
98893
98916
98917
98918
98919
98920
98921
98922
98923
98947
98948
98949
98950
98951
98952
98953
98977
98978
98979
98980
98981
98982
99008
99009
99010
99011
99367
99368
99369
99370
99371
99372
99397
99398
99399
99400
99401
99402
99403
99426
99427
99428
99429
99430
99431
99432
99433
99456
99457
99458
99459
99460
99461
99462
99463
99487
99488
99489
99490
99491
99492
99493
99517
99518
99519
99520
99521
99522
99548
99549
99550
99551
99907
99908
99909
99910
99911
99912
99937
99938
99939
99940
99941
99942
99943
99966
99967
99968
99969
99970
99971
99972
99973
99996
99997
99998
99999
100000
100001
100002
100003
100027
100028
100029
100030
100031
100032
100033
100057
100058
100059
100060
100061
100062
100088
100089
100090
100091
100447
100448
100449
100450
100451
100452
100477
100478
100479
100480
100481
100482
100483
100506
100507
100508
100509
100510
100511
100512
100513
100536
100537
100538
100539
100540
100541
100542
100543
100567
100568
100569
100570
100571
100572
100573
100597
100598
100599
100600
100601
100602
100628
100629
100630
100631
100987
100988
100989
100990
100991
100992
101017
101018
101019
101020
101021
101022
101023
101046
101047
101048
101049
101050
101051
101052
101053
101076
101077
101078
101079
101080
101081
101082
101083
101107
101108
101109
101110
101111
101112
101113
101137
101138
101139
101140
101141
101142
101168
101169
101170
101171
101527
101528
101529
101530
101531
101532
101557
101558
101559
101560
101561
101562
101563
101586
101587
101588
101589
101590
101591
101592
101593
101616
101617
101618
101619
101620
101621
101622
101623
101647
101648
101649
101650
101651
101652
101653
101677
101678
101679
101680
101681
101682
101708
101709
101710
101711
102067
102068
102069
102070
102071
102072
102097
102098
102099
102100
102101
102102
102103
102126
102127
102128
102129
102130
102131
102132
102133
102156
102157
102158
102159
102160
102161
102162
102163
102187
102188
102189
102190
102191
102192
102193
102217
102218
102219
102220
102221
102222
102248
102249
102250
102251
102607
102608
102609
102610
102611
102612
102637
102638
102639
102640
102641
102642
102643
102666
102667
102668
102669
102670
102671
102672
102673
102696
102697
102698
102699
102700
102701
102702
102703
102727
102728
102729
102730
102731
102732
102733
102757
102758
102759
102760
102761
102762
102788
102789
102790
102791
103147
103148
103149
103150
103151
103152
103177
103178
103179
103180
103181
103182
103183
103206
103207
103208
103209
103210
103211
103212
103213
103236
103237
103238
103239
103240
103241
103242
103243
103267
103268
103269
103270
103271
103272
103273
103297
103298
103299
103300
103301
103302
103328
103329
103330
103331
103687
103688
103689
103690
103691
103692
103717
103718
103719
103720
103721
103722
103723
103746
103747
103748
103749
103750
103751
103752
103753
103776
103777
103778
103779
103780
103781
103782
103783
103807
103808
103809
103810
103811
103812
103813
103837
103838
103839
103840
103841
103842
103868
103869
103870
103871
104227
104228
104229
104230
104231
104232
104257
104258
104259
104260
104261
104262
104263
104286
104287
104288
104289
104290
104291
104292
104293
104316
104317
104318
104319
104320
104321
104322
104323
104347
104348
104349
104350
104351
104352
104353
104377
104378
104379
104380
104381
104382
104408
104409
104410
104411
104767
104768
104769
104770
104771
104772
104797
104798
104799
104800
104801
104802
104803
104826
104827
104828
104829
104830
104831
104832
104833
104856
104857
104858
104859
104860
104861
104862
104863
104887
104888
104889
104890
104891
104892
104893
104917
104918
104919
104920
104921
104922
104948
104949
104950
104951
105307
105308
105309
105310
105311
105312
105337
105338
105339
105340
105341
105342
105343
105366
105367
105368
105369
105370
105371
105372
105373
105396
105397
105398
105399
105400
105401
105402
105403
105427
105428
105429
105430
105431
105432
105433
105457
105458
105459
105460
105461
105462
105488
105489
105490
105491
105847
105848
105849
105850
105851
105852
105877
105878
105879
105880
105881
105882
105883
105906
105907
105908
105909
105910
105911
105912
105913
105936
105937
105938
105939
105940
105941
105942
105943
105967
105968
105969
105970
105971
105972
105973
105997
105998
105999
106000
106001
106002
106028
106029
106030
106031
106387
106388
106389
106390
106391
106392
106417
106418
106419
106420
106421
106422
106423
106446
106447
106448
106449
106450
106451
106452
106453
106476
106477
106478
106479
106480
106481
106482
106483
106507
106508
106509
106510
106511
106512
106513
106537
106538
106539
106540
106541
106542
106568
106569
106570
106571
106927
106928
106929
106930
106931
106932
106957
106958
106959
106960
106961
106962
106963
106986
106987
106988
106989
106990
106991
106992
106993
107016
107017
107018
107019
107020
107021
107022
107023
107047
107048
107049
107050
107051
107052
107053
107077
107078
107079
107080
107081
107082
107108
107109
107110
107111
107467
107468
107469
107470
107471
107472
107497
107498
107499
107500
107501
107502
107503
107526
107527
107528
107529
107530
107531
107532
107533
107556
107557
107558
107559
107560
107561
107562
107563
107587
107588
107589
107590
107591
107592
107593
107617
107618
107619
107620
107621
107622
107648
107649
107650
107651
108002
108006
108007
108008
108009
108010
108011
108012
108013
108014
108015
108016
108017
108018
108019
108020
108022
108026
108042
108044
108046
108048
108050
108052
108054
108105
108106
108107
108108
108109
108110
108111
108112
108113
108114
108115
108116
108117
108118
108210
108212
108213
108214
108216
108217
108218
108220
108221
108222
108301
108303
108305
108307
108308
108309
108310
108311
108312
108313
108314
108315
108316
108317
108318
108319
108320
108321
108323
108325
108327
108371
108373
108374
108375
108377
108378
108379
108380
108381
108382
108383
108384
108385
108386
108387
108388
108389
108390
108391
108392
108393
108395
108396
108397
108448
108451
108452
108455
108458
108459
108462
108465
108466
108469
108472
108473
108751
108755
108756
108757
108758
108759
108760
108761
108762
108763
108764
108765
108766
108767
108768
108769
108771
108775
108791
108793
108795
108797
108799
108801
108803
108854
108855
108856
108857
108858
108859
108860
108861
108862
108863
108864
108865
108866
108867
108959
108961
108962
108963
108965
108966
108967
108969
108970
108971
109050
109052
109054
109056
109057
109058
109059
109060
109061
109062
109063
109064
109065
109066
109067
109068
109069
109070
109072
109074
109076
109120
109122
109123
109124
109126
109127
109128
109129
109130
109131
109132
109133
109134
109135
109136
109137
109138
109139
109140
109141
109142
109144
109145
109146
109197
109200
109201
109204
109207
109208
109211
109214
109215
109218
109221
109222
109500
109504
109505
109506
109507
109508
109509
109510
109511
109512
109513
109514
109515
109516
109517
109518
109520
109524
109540
109542
109544
109546
109548
109550
109552
109603
109604
109605
109606
109607
109608
109609
109610
109611
109612
109613
109614
109615
109616
109708
109710
109711
109712
109714
109715
109716
109718
109719
109720
109799
109801
109803
109805
109806
109807
109808
109809
109810
109811
109812
109813
109814
109815
109816
109817
109818
109819
109821
109823
109825
109869
109871
109872
109873
109875
109876
109877
109878
109879
109880
109881
109882
109883
109884
109885
109886
109887
109888
109889
109890
109891
109893
109894
109895
109946
109949
109950
109953
109956
109957
109960
109963
109964
109967
109970
109971
110249
110253
110254
110255
110256
110257
110258
110259
110260
110261
110262
110263
110264
110265
110266
110267
110269
110273
110289
110291
110293
110295
110297
110299
110301
110352
110353
110354
110355
110356
110357
110358
110359
110360
110361
110362
110363
110364
110365
110457
110459
110460
110461
110463
110464
110465
110467
110468
110469
110548
110550
110552
110554
110555
110556
110557
110558
110559
110560
110561
110562
110563
110564
110565
110566
110567
110568
110570
110572
110574
110618
110620
110621
110622
110624
110625
110626
110627
110628
110629
110630
110631
110632
110633
110634
110635
110636
110637
110638
110639
110640
110642
110643
110644
110695
110698
110699
110702
110705
110706
110709
110712
110713
110716
110719
110720
110998
111002
111003
111004
111005
111006
111007
111008
111009
111010
111011
111012
111013
111014
111015
111016
111018
111022
111038
111040
111042
111044
111046
111048
111050
111101
111102
111103
111104
111105
111106
111107
111108
111109
111110
111111
111112
111113
111114
111206
111208
111209
111210
111212
111213
111214
111216
111217
111218
111297
111299
111301
111303
111304
111305
111306
111307
111308
111309
111310
111311
111312
111313
111314
111315
111316
111317
111319
111321
111323
111367
111369
111370
111371
111373
111374
111375
111376
111377
111378
111379
111380
111381
111382
111383
111384
111385
111386
111387
111388
111389
111391
111392
111393
111444
111447
111448
111451
111454
111455
111458
111461
111462
111465
111468
111469
111747
111751
111752
111753
111754
111755
111756
111757
111758
111759
111760
111761
111762
111763
111764
111765
111767
111771
111787
111789
111791
111793
111795
111797
111799
111850
111851
111852
111853
111854
111855
111856
111857
111858
111859
111860
111861
111862
111863
111955
111957
111958
111959
111961
111962
111963
111965
111966
111967
112046
112048
112050
112052
112053
112054
112055
112056
112057
112058
112059
112060
112061
112062
112063
112064
112065
112066
112068
112070
112072
112116
112118
112119
112120
112122
112123
112124
112125
112126
112127
112128
112129
112130
112131
112132
112133
112134
112135
112136
112137
112138
112140
112141
112142
112193
112196
112197
112200
112203
112204
112207
112210
112211
112214
112217
112218
112496
112500
112501
112502
112503
112504
112505
112506
112507
112508
112509
112510
112511
112512
112513
112514
112516
112520
112536
112538
112540
112542
112544
112546
112548
112599
112600
112601
112602
112603
112604
112605
112606
112607
112608
112609
112610
112611
112612
112704
112706
112707
112708
112710
112711
112712
112714
112715
112716
112795
112797
112799
112801
112802
112803
112804
112805
112806
112807
112808
112809
112810
112811
112812
112813
112814
112815
112817
112819
112821
112865
112867
112868
112869
112871
112872
112873
112874
112875
112876
112877
112878
112879
112880
112881
112882
112883
112884
112885
112886
112887
112889
112890
112891
112942
112945
112946
112949
112952
112953
112956
112959
112960
112963
112966
112967
113245
113249
113250
113251
113252
113253
113254
113255
113256
113257
113258
113259
113260
113261
113262
113263
113265
113269
113285
113287
113289
113291
113293
113295
113297
113348
113349
113350
113351
113352
113353
113354
113355
113356
113357
113358
113359
113360
113361
113453
113455
113456
113457
113459
113460
113461
113463
113464
113465
113544
113546
113548
113550
113551
113552
113553
113554
113555
113556
113557
113558
113559
113560
113561
113562
113563
113564
113566
113568
113570
113614
113616
113617
113618
113620
113621
113622
113623
113624
113625
113626
113627
113628
113629
113630
113631
113632
113633
113634
113635
113636
113638
113639
113640
113691
113694
113695
113698
113701
113702
113705
113708
113709
113712
113715
113716
113994
113998
113999
114000
114001
114002
114003
114004
114005
114006
114007
114008
114009
114010
114011
114012
114014
114018
114034
114036
114038
114040
114042
114044
114046
114097
114098
114099
114100
114101
114102
114103
114104
114105
114106
114107
114108
114109
114110
114202
114204
114205
114206
114208
114209
114210
114212
114213
114214
114293
114295
114297
114299
114300
114301
114302
114303
114304
114305
114306
114307
114308
114309
114310
114311
114312
114313
114315
114317
114319
114363
114365
114366
114367
114369
114370
114371
114372
114373
114374
114375
114376
114377
114378
114379
114380
114381
114382
114383
114384
114385
114387
114388
114389
114440
114443
114444
114447
114450
114451
114454
114457
114458
114461
114464
114465
114743
114747
114748
114749
114750
114751
114752
114753
114754
114755
114756
114757
114758
114759
114760
114761
114763
114767
114783
114785
114787
114789
114791
114793
114795
114846
114847
114848
114849
114850
114851
114852
114853
114854
114855
114856
114857
114858
114859
114951
114953
114954
114955
114957
114958
114959
114961
114962
114963
115042
115044
115046
115048
115049
115050
115051
115052
115053
115054
115055
115056
115057
115058
115059
115060
115061
115062
115064
115066
115068
115112
115114
115115
115116
115118
115119
115120
115121
115122
115123
115124
115125
115126
115127
115128
115129
115130
115131
115132
115133
115134
115136
115137
115138
115189
115192
115193
115196
115199
115200
115203
115206
115207
115210
115213
115214
115492
115496
115497
115498
115499
115500
115501
115502
115503
115504
115505
115506
115507
115508
115509
115510
115512
115516
115532
115534
115536
115538
115540
115542
115544
115595
115596
115597
115598
115599
115600
115601
115602
115603
115604
115605
115606
115607
115608
115700
115702
115703
115704
115706
115707
115708
115710
115711
115712
115791
115793
115795
115797
115798
115799
115800
115801
115802
115803
115804
115805
115806
115807
115808
115809
115810
115811
115813
115815
115817
115861
115863
115864
115865
115867
115868
115869
115870
115871
115872
115873
115874
115875
115876
115877
115878
115879
115880
115881
115882
115883
115885
115886
115887
115938
115941
115942
115945
115948
115949
115952
115955
115956
115959
115962
115963
116241
116245
116246
116247
116248
116249
116250
116251
116252
116253
116254
116255
116256
116257
116258
116259
116261
116265
116281
116283
116285
116287
116289
116291
116293
116344
116345
116346
116347
116348
116349
116350
116351
116352
116353
116354
116355
116356
116357
116449
116451
116452
116453
116455
116456
116457
116459
116460
116461
116540
116542
116544
116546
116547
116548
116549
116550
116551
116552
116553
116554
116555
116556
116557
116558
116559
116560
116562
116564
116566
116610
116612
116613
116614
116616
116617
116618
116619
116620
116621
116622
116623
116624
116625
116626
116627
116628
116629
116630
116631
116632
116634
116635
116636
116687
116690
116691
116694
116697
116698
116701
116704
116705
116708
116711
116712
116990
116994
116995
116996
116997
116998
116999
117000
117001
117002
117003
117004
117005
117006
117007
117008
117010
117014
117030
117032
117034
117036
117038
117040
117042
117093
117094
117095
117096
117097
117098
117099
117100
117101
117102
117103
117104
117105
117106
117198
117200
117201
117202
117204
117205
117206
117208
117209
117210
117289
117291
117293
117295
117296
117297
117298
117299
117300
117301
117302
117303
117304
117305
117306
117307
117308
117309
117311
117313
117315
117359
117361
117362
117363
117365
117366
117367
117368
117369
117370
117371
117372
117373
117374
117375
117376
117377
117378
117379
117380
117381
117383
117384
117385
117436
117439
117440
117443
117446
117447
117450
117453
117454
117457
117460
117461
117739
117743
117744
117745
117746
117747
117748
117749
117750
117751
117752
117753
117754
117755
117756
117757
117759
117763
117779
117781
117783
117785
117787
117789
117791
117842
117843
117844
117845
117846
117847
117848
117849
117850
117851
117852
117853
117854
117855
117947
117949
117950
117951
117953
117954
117955
117957
117958
117959
118038
118040
118042
118044
118045
118046
118047
118048
118049
118050
118051
118052
118053
118054
118055
118056
118057
118058
118060
118062
118064
118108
118110
118111
118112
118114
118115
118116
118117
118118
118119
118120
118121
118122
118123
118124
118125
118126
118127
118128
118129
118130
118132
118133
118134
118185
118188
118189
118192
118195
118196
118199
118202
118203
118206
118209
118210
118488
118492
118493
118494
118495
118496
118497
118498
118499
118500
118501
118502
118503
118504
118505
118506
118508
118512
118528
118530
118532
118534
118536
118538
118540
118591
118592
118593
118594
118595
118596
118597
118598
118599
118600
118601
118602
118603
118604
118696
118698
118699
118700
118702
118703
118704
118706
118707
118708
118787
118789
118791
118793
118794
118795
118796
118797
118798
118799
118800
118801
118802
118803
118804
118805
118806
118807
118809
118811
118813
118857
118859
118860
118861
118863
118864
118865
118866
118867
118868
118869
118870
118871
118872
118873
118874
118875
118876
118877
118878
118879
118881
118882
118883
118934
118937
118938
118941
118944
118945
118948
118951
118952
118955
118958
118959
119237
119241
119242
119243
119244
119245
119246
119247
119248
119249
119250
119251
119252
119253
119254
119255
119257
119261
119277
119279
119281
119283
119285
119287
119289
119340
119341
119342
119343
119344
119345
119346
119347
119348
119349
119350
119351
119352
119353
119445
119447
119448
119449
119451
119452
119453
119455
119456
119457
119536
119538
119540
119542
119543
119544
119545
119546
119547
119548
119549
119550
119551
119552
119553
119554
119555
119556
119558
119560
119562
119606
119608
119609
119610
119612
119613
119614
119615
119616
119617
119618
119619
119620
119621
119622
119623
119624
119625
119626
119627
119628
119630
119631
119632
119683
119686
119687
119690
119693
119694
119697
119700
119701
119704
119707
119708
119986
119990
119991
119992
119993
119994
119995
119996
119997
119998
119999
120000
120001
120002
120003
120004
120006
120010
120026
120028
120030
120032
120034
120036
120038
120089
120090
120091
120092
120093
120094
120095
120096
120097
120098
120099
120100
120101
120102
120194
120196
120197
120198
120200
120201
120202
120204
120205
120206
120285
120287
120289
120291
120292
120293
120294
120295
120296
120297
120298
120299
120300
120301
120302
120303
120304
120305
120307
120309
120311
120355
120357
120358
120359
120361
120362
120363
120364
120365
120366
120367
120368
120369
120370
120371
120372
120373
120374
120375
120376
120377
120379
120380
120381
120432
120435
120436
120439
120442
120443
120446
120449
120450
120453
120456
120457
120735
120739
120740
120741
120742
120743
120744
120745
120746
120747
120748
120749
120750
120751
120752
120753
120755
120759
120775
120777
120779
120781
120783
120785
120787
120838
120839
120840
120841
120842
120843
120844
120845
120846
120847
120848
120849
120850
120851
120943
120945
120946
120947
120949
120950
120951
120953
120954
120955
121034
121036
121038
121040
121041
121042
121043
121044
121045
121046
121047
121048
121049
121050
121051
121052
121053
121054
121056
121058
121060
121104
121106
121107
121108
121110
121111
121112
121113
121114
121115
121116
121117
121118
121119
121120
121121
121122
121123
121124
121125
121126
121128
121129
121130
121181
121184
121185
121188
121191
121192
121195
121198
121199
121202
121205
121206
121484
121488
121489
121490
121491
121492
121493
121494
121495
121496
121497
121498
121499
121500
121501
121502
121504
121508
121524
121526
121528
121530
121532
121534
121536
121587
121588
121589
121590
121591
121592
121593
121594
121595
121596
121597
121598
121599
121600
121692
121694
121695
121696
121698
121699
121700
121702
121703
121704
121783
121785
121787
121789
121790
121791
121792
121793
121794
121795
121796
121797
121798
121799
121800
121801
121802
121803
121805
121807
121809
121853
121855
121856
121857
121859
121860
121861
121862
121863
121864
121865
121866
121867
121868
121869
121870
121871
121872
121873
121874
121875
121877
121878
121879
121930
121933
121934
121937
121940
121941
121944
121947
121948
121951
121954
121955
122233
122237
122238
122239
122240
122241
122242
122243
122244
122245
122246
122247
122248
122249
122250
122251
122253
122257
122273
122275
122277
122279
122281
122283
122285
122336
122337
122338
122339
122340
122341
122342
122343
122344
122345
122346
122347
122348
122349
122441
122443
122444
122445
122447
122448
122449
122451
122452
122453
122532
122534
122536
122538
122539
122540
122541
122542
122543
122544
122545
122546
122547
122548
122549
122550
122551
122552
122554
122556
122558
122602
122604
122605
122606
122608
122609
122610
122611
122612
122613
122614
122615
122616
122617
122618
122619
122620
122621
122622
122623
122624
122626
122627
122628
122679
122682
122683
122686
122689
122690
122693
122696
122697
122700
122703
122704
122982
122986
122987
122988
122989
122990
122991
122992
122993
122994
122995
122996
122997
122998
122999
123000
123002
123006
123022
123024
123026
123028
123030
123032
123034
123085
123086
123087
123088
123089
123090
123091
123092
123093
123094
123095
123096
123097
123098
123190
123192
123193
123194
123196
123197
123198
123200
123201
123202
123281
123283
123285
123287
123288
123289
123290
123291
123292
123293
123294
123295
123296
123297
123298
123299
123300
123301
123303
123305
123307
123351
123353
123354
123355
123357
123358
123359
123360
123361
123362
123363
123364
123365
123366
123367
123368
123369
123370
123371
123372
123373
123375
123376
123377
123428
123431
123432
123435
123438
123439
123442
123445
123446
123449
123452
123453
123731
123735
123736
123737
123738
123739
123740
123741
123742
123743
123744
123745
123746
123747
123748
123749
123751
123755
123771
123773
123775
123777
123779
123781
123783
123834
123835
123836
123837
123838
123839
123840
123841
123842
123843
123844
123845
123846
123847
123939
123941
123942
123943
123945
123946
123947
123949
123950
123951
124030
124032
124034
124036
124037
124038
124039
124040
124041
124042
124043
124044
124045
124046
124047
124048
124049
124050
124052
124054
124056
124100
124102
124103
124104
124106
124107
124108
124109
124110
124111
124112
124113
124114
124115
124116
124117
124118
124119
124120
124121
124122
124124
124125
124126
124177
124180
124181
124184
124187
124188
124191
124194
124195
124198
124201
124202
124480
124484
124485
124486
124487
124488
124489
124490
124491
124492
124493
124494
124495
124496
124497
124498
124500
124504
124520
124522
124524
124526
124528
124530
124532
124583
124584
124585
124586
124587
124588
124589
124590
124591
124592
124593
124594
124595
124596
124688
124690
124691
124692
124694
124695
124696
124698
124699
124700
124779
124781
124783
124785
124786
124787
124788
124789
124790
124791
124792
124793
124794
124795
124796
124797
124798
124799
124801
124803
124805
124849
124851
124852
124853
124855
124856
124857
124858
124859
124860
124861
124862
124863
124864
124865
124866
124867
124868
124869
124870
124871
124873
124874
124875
124926
124929
124930
124933
124936
124937
124940
124943
124944
124947
124950
124951
125229
125233
125234
125235
125236
125237
125238
125239
125240
125241
125242
125243
125244
125245
125246
125247
125249
125253
125269
125271
125273
125275
125277
125279
125281
125332
125333
125334
125335
125336
125337
125338
125339
125340
125341
125342
125343
125344
125345
125437
125439
125440
125441
125443
125444
125445
125447
125448
125449
125528
125530
125532
125534
125535
125536
125537
125538
125539
125540
125541
125542
125543
125544
125545
125546
125547
125548
125550
125552
125554
125598
125600
125601
125602
125604
125605
125606
125607
125608
125609
125610
125611
125612
125613
125614
125615
125616
125617
125618
125619
125620
125622
125623
125624
125675
125678
125679
125682
125685
125686
125689
125692
125693
125696
125699
125700
125978
125982
125983
125984
125985
125986
125987
125988
125989
125990
125991
125992
125993
125994
125995
125996
125998
126002
126018
126020
126022
126024
126026
126028
126030
126081
126082
126083
126084
126085
126086
126087
126088
126089
126090
126091
126092
126093
126094
126186
126188
126189
126190
126192
126193
126194
126196
126197
126198
126277
126279
126281
126283
126284
126285
126286
126287
126288
126289
126290
126291
126292
126293
126294
126295
126296
126297
126299
126301
126303
126347
126349
126350
126351
126353
126354
126355
126356
126357
126358
126359
126360
126361
126362
126363
126364
126365
126366
126367
126368
126369
126371
126372
126373
126424
126427
126428
126431
126434
126435
126438
126441
126442
126445
126448
126449
126727
126731
126732
126733
126734
126735
126736
126737
126738
126739
126740
126741
126742
126743
126744
126745
126747
126751
126767
126769
126771
126773
126775
126777
126779
126830
126831
126832
126833
126834
126835
126836
126837
126838
126839
126840
126841
126842
126843
126935
126937
126938
126939
126941
126942
126943
126945
126946
126947
127026
127028
127030
127032
127033
127034
127035
127036
127037
127038
127039
127040
127041
127042
127043
127044
127045
127046
127048
127050
127052
127096
127098
127099
127100
127102
127103
127104
127105
127106
127107
127108
127109
127110
127111
127112
127113
127114
127115
127116
127117
127118
127120
127121
127122
127173
127176
127177
127180
127183
127184
127187
127190
127191
127194
127197
127198
127476
127480
127481
127482
127483
127484
127485
127486
127487
127488
127489
127490
127491
127492
127493
127494
127496
127500
127516
127518
127520
127522
127524
127526
127528
127579
127580
127581
127582
127583
127584
127585
127586
127587
127588
127589
127590
127591
127592
127684
127686
127687
127688
127690
127691
127692
127694
127695
127696
127775
127777
127779
127781
127782
127783
127784
127785
127786
127787
127788
127789
127790
127791
127792
127793
127794
127795
127797
127799
127801
127845
127847
127848
127849
127851
127852
127853
127854
127855
127856
127857
127858
127859
127860
127861
127862
127863
127864
127865
127866
127867
127869
127870
127871
127922
127925
127926
127929
127932
127933
127936
127939
127940
127943
127946
127947
128225
128229
128230
128231
128232
128233
128234
128235
128236
128237
128238
128239
128240
128241
128242
128243
128245
128249
128265
128267
128269
128271
128273
128275
128277
128328
128329
128330
128331
128332
128333
128334
128335
128336
128337
128338
128339
128340
128341
128433
128435
128436
128437
128439
128440
128441
128443
128444
128445
128524
128526
128528
128530
128531
128532
128533
128534
128535
128536
128537
128538
128539
128540
128541
128542
128543
128544
128546
128548
128550
128594
128596
128597
128598
128600
128601
128602
128603
128604
128605
128606
128607
128608
128609
128610
128611
128612
128613
128614
128615
128616
128618
128619
128620
128671
128674
128675
128678
128681
128682
128685
128688
128689
128692
128695
128696
128974
128978
128979
128980
128981
128982
128983
128984
128985
128986
128987
128988
128989
128990
128991
128992
128994
128998
129014
129016
129018
129020
129022
129024
129026
129077
129078
129079
129080
129081
129082
129083
129084
129085
129086
129087
129088
129089
129090
129182
129184
129185
129186
129188
129189
129190
129192
129193
129194
129273
129275
129277
129279
129280
129281
129282
129283
129284
129285
129286
129287
129288
129289
129290
129291
129292
129293
129295
129297
129299
129343
129345
129346
129347
129349
129350
129351
129352
129353
129354
129355
129356
129357
129358
129359
129360
129361
129362
129363
129364
129365
129367
129368
129369
129420
129423
129424
129427
129430
129431
129434
129437
129438
129441
129444
129445
129723
129727
129728
129729
129730
129731
129732
129733
129734
129735
129736
129737
129738
129739
129740
129741
129743
129747
129763
129765
129767
129769
129771
129773
129775
129826
129827
129828
129829
129830
129831
129832
129833
129834
129835
129836
129837
129838
129839
129931
129933
129934
129935
129937
129938
129939
129941
129942
129943
130022
130024
130026
130028
130029
130030
130031
130032
130033
130034
130035
130036
130037
130038
130039
130040
130041
130042
130044
130046
130048
130092
130094
130095
130096
130098
130099
130100
130101
130102
130103
130104
130105
130106
130107
130108
130109
130110
130111
130112
130113
130114
130116
130117
130118
130169
130172
130173
130176
130179
130180
130183
130186
130187
130190
130193
130194
130472
130476
130477
130478
130479
130480
130481
130482
130483
130484
130485
130486
130487
130488
130489
130490
130492
130496
130512
130514
130516
130518
130520
130522
130524
130575
130576
130577
130578
130579
130580
130581
130582
130583
130584
130585
130586
130587
130588
130680
130682
130683
130684
130686
130687
130688
130690
130691
130692
130771
130773
130775
130777
130778
130779
130780
130781
130782
130783
130784
130785
130786
130787
130788
130789
130790
130791
130793
130795
130797
130841
130843
130844
130845
130847
130848
130849
130850
130851
130852
130853
130854
130855
130856
130857
130858
130859
130860
130861
130862
130863
130865
130866
130867
130918
130921
130922
130925
130928
130929
130932
130935
130936
130939
130942
130943
131221
131225
131226
131227
131228
131229
131230
131231
131232
131233
131234
131235
131236
131237
131238
131239
131241
131245
131261
131263
131265
131267
131269
131271
131273
131324
131325
131326
131327
131328
131329
131330
131331
131332
131333
131334
131335
131336
131337
131429
131431
131432
131433
131435
131436
131437
131439
131440
131441
131520
131522
131524
131526
131527
131528
131529
131530
131531
131532
131533
131534
131535
131536
131537
131538
131539
131540
131542
131544
131546
131590
131592
131593
131594
131596
131597
131598
131599
131600
131601
131602
131603
131604
131605
131606
131607
131608
131609
131610
131611
131612
131614
131615
131616
131667
131670
131671
131674
131677
131678
131681
131684
131685
131688
131691
131692
131970
131974
131975
131976
131977
131978
131979
131980
131981
131982
131983
131984
131985
131986
131987
131988
131990
131994
132010
132012
132014
132016
132018
132020
132022
132073
132074
132075
132076
132077
132078
132079
132080
132081
132082
132083
132084
132085
132086
132178
132180
132181
132182
132184
132185
132186
132188
132189
132190
132269
132271
132273
132275
132276
132277
132278
132279
132280
132281
132282
132283
132284
132285
132286
132287
132288
132289
132291
132293
132295
132339
132341
132342
132343
132345
132346
132347
132348
132349
132350
132351
132352
132353
132354
132355
132356
132357
132358
132359
132360
132361
132363
132364
132365
132416
132419
132420
132423
132426
132427
132430
132433
132434
132437
132440
132441
132719
132723
132724
132725
132726
132727
132728
132729
132730
132731
132732
132733
132734
132735
132736
132737
132739
132743
132759
132761
132763
132765
132767
132769
132771
132822
132823
132824
132825
132826
132827
132828
132829
132830
132831
132832
132833
132834
132835
132927
132929
132930
132931
132933
132934
132935
132937
132938
132939
133018
133020
133022
133024
133025
133026
133027
133028
133029
133030
133031
133032
133033
133034
133035
133036
133037
133038
133040
133042
133044
133088
133090
133091
133092
133094
133095
133096
133097
133098
133099
133100
133101
133102
133103
133104
133105
133106
133107
133108
133109
133110
133112
133113
133114
133165
133168
133169
133172
133175
133176
133179
133182
133183
133186
133189
133190
133468
133472
133473
133474
133475
133476
133477
133478
133479
133480
133481
133482
133483
133484
133485
133486
133488
133492
133508
133510
133512
133514
133516
133518
133520
133571
133572
133573
133574
133575
133576
133577
133578
133579
133580
133581
133582
133583
133584
133676
133678
133679
133680
133682
133683
133684
133686
133687
133688
133767
133769
133771
133773
133774
133775
133776
133777
133778
133779
133780
133781
133782
133783
133784
133785
133786
133787
133789
133791
133793
133837
133839
133840
133841
133843
133844
133845
133846
133847
133848
133849
133850
133851
133852
133853
133854
133855
133856
133857
133858
133859
133861
133862
133863
133914
133917
133918
133921
133924
133925
133928
133931
133932
133935
133938
133939
134217
134221
134222
134223
134224
134225
134226
134227
134228
134229
134230
134231
134232
134233
134234
134235
134237
134241
134257
134259
134261
134263
134265
134267
134269
134320
134321
134322
134323
134324
134325
134326
134327
134328
134329
134330
134331
134332
134333
134425
134427
134428
134429
134431
134432
134433
134435
134436
134437
134516
134518
134520
134522
134523
134524
134525
134526
134527
134528
134529
134530
134531
134532
134533
134534
134535
134536
134538
134540
134542
134586
134588
134589
134590
134592
134593
134594
134595
134596
134597
134598
134599
134600
134601
134602
134603
134604
134605
134606
134607
134608
134610
134611
134612
134663
134666
134667
134670
134673
134674
134677
134680
134681
134684
134687
134688
134966
134970
134971
134972
134973
134974
134975
134976
134977
134978
134979
134980
134981
134982
134983
134984
134986
134990
135006
135008
135010
135012
135014
135016
135018
135069
135070
135071
135072
135073
135074
135075
135076
135077
135078
135079
135080
135081
135082
135174
135176
135177
135178
135180
135181
135182
135184
135185
135186
135265
135267
135269
135271
135272
135273
135274
135275
135276
135277
135278
135279
135280
135281
135282
135283
135284
135285
135287
135289
135291
135335
135337
135338
135339
135341
135342
135343
135344
135345
135346
135347
135348
135349
135350
135351
135352
135353
135354
135355
135356
135357
135359
135360
135361
135412
135415
135416
135419
135422
135423
135426
135429
135430
135433
135436
135437
135715
135719
135720
135721
135722
135723
135724
135725
135726
135727
135728
135729
135730
135731
135732
135733
135735
135739
135755
135757
135759
135761
135763
135765
135767
135818
135819
135820
135821
135822
135823
135824
135825
135826
135827
135828
135829
135830
135831
135923
135925
135926
135927
135929
135930
135931
135933
135934
135935
136014
136016
136018
136020
136021
136022
136023
136024
136025
136026
136027
136028
136029
136030
136031
136032
136033
136034
136036
136038
136040
136084
136086
136087
136088
136090
136091
136092
136093
136094
136095
136096
136097
136098
136099
136100
136101
136102
136103
136104
136105
136106
136108
136109
136110
136161
136164
136165
136168
136171
136172
136175
136178
136179
136182
136185
136186
136464
136468
136469
136470
136471
136472
136473
136474
136475
136476
136477
136478
136479
136480
136481
136482
136484
136488
136504
136506
136508
136510
136512
136514
136516
136567
136568
136569
136570
136571
136572
136573
136574
136575
136576
136577
136578
136579
136580
136672
136674
136675
136676
136678
136679
136680
136682
136683
136684
136763
136765
136767
136769
136770
136771
136772
136773
136774
136775
136776
136777
136778
136779
136780
136781
136782
136783
136785
136787
136789
136833
136835
136836
136837
136839
136840
136841
136842
136843
136844
136845
136846
136847
136848
136849
136850
136851
136852
136853
136854
136855
136857
136858
136859
136910
136913
136914
136917
136920
136921
136924
136927
136928
136931
136934
136935
137213
137217
137218
137219
137220
137221
137222
137223
137224
137225
137226
137227
137228
137229
137230
137231
137233
137237
137253
137255
137257
137259
137261
137263
137265
137316
137317
137318
137319
137320
137321
137322
137323
137324
137325
137326
137327
137328
137329
137421
137423
137424
137425
137427
137428
137429
137431
137432
137433
137512
137514
137516
137518
137519
137520
137521
137522
137523
137524
137525
137526
137527
137528
137529
137530
137531
137532
137534
137536
137538
137582
137584
137585
137586
137588
137589
137590
137591
137592
137593
137594
137595
137596
137597
137598
137599
137600
137601
137602
137603
137604
137606
137607
137608
137659
137662
137663
137666
137669
137670
137673
137676
137677
137680
137683
137684
137962
137966
137967
137968
137969
137970
137971
137972
137973
137974
137975
137976
137977
137978
137979
137980
137982
137986
138002
138004
138006
138008
138010
138012
138014
138065
138066
138067
138068
138069
138070
138071
138072
138073
138074
138075
138076
138077
138078
138170
138172
138173
138174
138176
138177
138178
138180
138181
138182
138261
138263
138265
138267
138268
138269
138270
138271
138272
138273
138274
138275
138276
138277
138278
138279
138280
138281
138283
138285
138287
138331
138333
138334
138335
138337
138338
138339
138340
138341
138342
138343
138344
138345
138346
138347
138348
138349
138350
138351
138352
138353
138355
138356
138357
138408
138411
138412
138415
138418
138419
138422
138425
138426
138429
138432
138433
138711
138715
138716
138717
138718
138719
138720
138721
138722
138723
138724
138725
138726
138727
138728
138729
138731
138735
138751
138753
138755
138757
138759
138761
138763
138814
138815
138816
138817
138818
138819
138820
138821
138822
138823
138824
138825
138826
138827
138919
138921
138922
138923
138925
138926
138927
138929
138930
138931
139010
139012
139014
139016
139017
139018
139019
139020
139021
139022
139023
139024
139025
139026
139027
139028
139029
139030
139032
139034
139036
139080
139082
139083
139084
139086
139087
139088
139089
139090
139091
139092
139093
139094
139095
139096
139097
139098
139099
139100
139101
139102
139104
139105
139106
139157
139160
139161
139164
139167
139168
139171
139174
139175
139178
139181
139182
139460
139464
139465
139466
139467
139468
139469
139470
139471
139472
139473
139474
139475
139476
139477
139478
139480
139484
139500
139502
139504
139506
139508
139510
139512
139563
139564
139565
139566
139567
139568
139569
139570
139571
139572
139573
139574
139575
139576
139668
139670
139671
139672
139674
139675
139676
139678
139679
139680
139759
139761
139763
139765
139766
139767
139768
139769
139770
139771
139772
139773
139774
139775
139776
139777
139778
139779
139781
139783
139785
139829
139831
139832
139833
139835
139836
139837
139838
139839
139840
139841
139842
139843
139844
139845
139846
139847
139848
139849
139850
139851
139853
139854
139855
139906
139909
139910
139913
139916
139917
139920
139923
139924
139927
139930
139931
140209
140213
140214
140215
140216
140217
140218
140219
140220
140221
140222
140223
140224
140225
140226
140227
140229
140233
140249
140251
140253
140255
140257
140259
140261
140312
140313
140314
140315
140316
140317
140318
140319
140320
140321
140322
140323
140324
140325
140417
140419
140420
140421
140423
140424
140425
140427
140428
140429
140508
140510
140512
140514
140515
140516
140517
140518
140519
140520
140521
140522
140523
140524
140525
140526
140527
140528
140530
140532
140534
140578
140580
140581
140582
140584
140585
140586
140587
140588
140589
140590
140591
140592
140593
140594
140595
140596
140597
140598
140599
140600
140602
140603
140604
140655
140658
140659
140662
140665
140666
140669
140672
140673
140676
140679
140680
140958
140962
140963
140964
140965
140966
140967
140968
140969
140970
140971
140972
140973
140974
140975
140976
140978
140982
140998
141000
141002
141004
141006
141008
141010
141061
141062
141063
141064
141065
141066
141067
141068
141069
141070
141071
141072
141073
141074
141166
141168
141169
141170
141172
141173
141174
141176
141177
141178
141257
141259
141261
141263
141264
141265
141266
141267
141268
141269
141270
141271
141272
141273
141274
141275
141276
141277
141279
141281
141283
141327
141329
141330
141331
141333
141334
141335
141336
141337
141338
141339
141340
141341
141342
141343
141344
141345
141346
141347
141348
141349
141351
141352
141353
141404
141407
141408
141411
141414
141415
141418
141421
141422
141425
141428
141429
141707
141711
141712
141713
141714
141715
141716
141717
141718
141719
141720
141721
141722
141723
141724
141725
141727
141731
141747
141749
141751
141753
141755
141757
141759
141810
141811
141812
141813
141814
141815
141816
141817
141818
141819
141820
141821
141822
141823
141915
141917
141918
141919
141921
141922
141923
141925
141926
141927
142006
142008
142010
142012
142013
142014
142015
142016
142017
142018
142019
142020
142021
142022
142023
142024
142025
142026
142028
142030
142032
142076
142078
142079
142080
142082
142083
142084
142085
142086
142087
142088
142089
142090
142091
142092
142093
142094
142095
142096
142097
142098
142100
142101
142102
142153
142156
142157
142160
142163
142164
142167
142170
142171
142174
142177
142178
142456
142460
142461
142462
142463
142464
142465
142466
142467
142468
142469
142470
142471
142472
142473
142474
142476
142480
142496
142498
142500
142502
142504
142506
142508
142559
142560
142561
142562
142563
142564
142565
142566
142567
142568
142569
142570
142571
142572
142664
142666
142667
142668
142670
142671
142672
142674
142675
142676
142755
142757
142759
142761
142762
142763
142764
142765
142766
142767
142768
142769
142770
142771
142772
142773
142774
142775
142777
142779
142781
142825
142827
142828
142829
142831
142832
142833
142834
142835
142836
142837
142838
142839
142840
142841
142842
142843
142844
142845
142846
142847
142849
142850
142851
142902
142905
142906
142909
142912
142913
142916
142919
142920
142923
142926
142927
143205
143209
143210
143211
143212
143213
143214
143215
143216
143217
143218
143219
143220
143221
143222
143223
143225
143229
143245
143247
143249
143251
143253
143255
143257
143308
143309
143310
143311
143312
143313
143314
143315
143316
143317
143318
143319
143320
143321
143413
143415
143416
143417
143419
143420
143421
143423
143424
143425
143504
143506
143508
143510
143511
143512
143513
143514
143515
143516
143517
143518
143519
143520
143521
143522
143523
143524
143526
143528
143530
143574
143576
143577
143578
143580
143581
143582
143583
143584
143585
143586
143587
143588
143589
143590
143591
143592
143593
143594
143595
143596
143598
143599
143600
143651
143654
143655
143658
143661
143662
143665
143668
143669
143672
143675
143676
143954
143958
143959
143960
143961
143962
143963
143964
143965
143966
143967
143968
143969
143970
143971
143972
143974
143978
143994
143996
143998
144000
144002
144004
144006
144057
144058
144059
144060
144061
144062
144063
144064
144065
144066
144067
144068
144069
144070
144162
144164
144165
144166
144168
144169
144170
144172
144173
144174
144253
144255
144257
144259
144260
144261
144262
144263
144264
144265
144266
144267
144268
144269
144270
144271
144272
144273
144275
144277
144279
144323
144325
144326
144327
144329
144330
144331
144332
144333
144334
144335
144336
144337
144338
144339
144340
144341
144342
144343
144344
144345
144347
144348
144349
144400
144403
144404
144407
144410
144411
144414
144417
144418
144421
144424
144425
144703
144707
144708
144709
144710
144711
144712
144713
144714
144715
144716
144717
144718
144719
144720
144721
144723
144727
144743
144745
144747
144749
144751
144753
144755
144806
144807
144808
144809
144810
144811
144812
144813
144814
144815
144816
144817
144818
144819
144911
144913
144914
144915
144917
144918
144919
144921
144922
144923
145002
145004
145006
145008
145009
145010
145011
145012
145013
145014
145015
145016
145017
145018
145019
145020
145021
145022
145024
145026
145028
145072
145074
145075
145076
145078
145079
145080
145081
145082
145083
145084
145085
145086
145087
145088
145089
145090
145091
145092
145093
145094
145096
145097
145098
145149
145152
145153
145156
145159
145160
145163
145166
145167
145170
145173
145174
145452
145456
145457
145458
145459
145460
145461
145462
145463
145464
145465
145466
145467
145468
145469
145470
145472
145476
145492
145494
145496
145498
145500
145502
145504
145555
145556
145557
145558
145559
145560
145561
145562
145563
145564
145565
145566
145567
145568
145660
145662
145663
145664
145666
145667
145668
145670
145671
145672
145751
145753
145755
145757
145758
145759
145760
145761
145762
145763
145764
145765
145766
145767
145768
145769
145770
145771
145773
145775
145777
145821
145823
145824
145825
145827
145828
145829
145830
145831
145832
145833
145834
145835
145836
145837
145838
145839
145840
145841
145842
145843
145845
145846
145847
145898
145901
145902
145905
145908
145909
145912
145915
145916
145919
145922
145923
146201
146205
146206
146207
146208
146209
146210
146211
146212
146213
146214
146215
146216
146217
146218
146219
146221
146225
146241
146243
146245
146247
146249
146251
146253
146304
146305
146306
146307
146308
146309
146310
146311
146312
146313
146314
146315
146316
146317
146409
146411
146412
146413
146415
146416
146417
146419
146420
146421
146500
146502
146504
146506
146507
146508
146509
146510
146511
146512
146513
146514
146515
146516
146517
146518
146519
146520
146522
146524
146526
146570
146572
146573
146574
146576
146577
146578
146579
146580
146581
146582
146583
146584
146585
146586
146587
146588
146589
146590
146591
146592
146594
146595
146596
146647
146650
146651
146654
146657
146658
146661
146664
146665
146668
146671
146672
146950
146954
146955
146956
146957
146958
146959
146960
146961
146962
146963
146964
146965
146966
146967
146968
146970
146974
146990
146992
146994
146996
146998
147000
147002
147053
147054
147055
147056
147057
147058
147059
147060
147061
147062
147063
147064
147065
147066
147158
147160
147161
147162
147164
147165
147166
147168
147169
147170
147249
147251
147253
147255
147256
147257
147258
147259
147260
147261
147262
147263
147264
147265
147266
147267
147268
147269
147271
147273
147275
147319
147321
147322
147323
147325
147326
147327
147328
147329
147330
147331
147332
147333
147334
147335
147336
147337
147338
147339
147340
147341
147343
147344
147345
147396
147399
147400
147403
147406
147407
147410
147413
147414
147417
147420
147421
147699
147703
147704
147705
147706
147707
147708
147709
147710
147711
147712
147713
147714
147715
147716
147717
147719
147723
147739
147741
147743
147745
147747
147749
147751
147802
147803
147804
147805
147806
147807
147808
147809
147810
147811
147812
147813
147814
147815
147907
147909
147910
147911
147913
147914
147915
147917
147918
147919
147998
148000
148002
148004
148005
148006
148007
148008
148009
148010
148011
148012
148013
148014
148015
148016
148017
148018
148020
148022
148024
148068
148070
148071
148072
148074
148075
148076
148077
148078
148079
148080
148081
148082
148083
148084
148085
148086
148087
148088
148089
148090
148092
148093
148094
148145
148148
148149
148152
148155
148156
148159
148162
148163
148166
148169
148170
148448
148452
148453
148454
148455
148456
148457
148458
148459
148460
148461
148462
148463
148464
148465
148466
148468
148472
148488
148490
148492
148494
148496
148498
148500
148551
148552
148553
148554
148555
148556
148557
148558
148559
148560
148561
148562
148563
148564
148656
148658
148659
148660
148662
148663
148664
148666
148667
148668
148747
148749
148751
148753
148754
148755
148756
148757
148758
148759
148760
148761
148762
148763
148764
148765
148766
148767
148769
148771
148773
148817
148819
148820
148821
148823
148824
148825
148826
148827
148828
148829
148830
148831
148832
148833
148834
148835
148836
148837
148838
148839
148841
148842
148843
148894
148897
148898
148901
148904
148905
148908
148911
148912
148915
148918
148919
149197
149201
149202
149203
149204
149205
149206
149207
149208
149209
149210
149211
149212
149213
149214
149215
149217
149221
149237
149239
149241
149243
149245
149247
149249
149300
149301
149302
149303
149304
149305
149306
149307
149308
149309
149310
149311
149312
149313
149405
149407
149408
149409
149411
149412
149413
149415
149416
149417
149496
149498
149500
149502
149503
149504
149505
149506
149507
149508
149509
149510
149511
149512
149513
149514
149515
149516
149518
149520
149522
149566
149568
149569
149570
149572
149573
149574
149575
149576
149577
149578
149579
149580
149581
149582
149583
149584
149585
149586
149587
149588
149590
149591
149592
149643
149646
149647
149650
149653
149654
149657
149660
149661
149664
149667
149668
149946
149950
149951
149952
149953
149954
149955
149956
149957
149958
149959
149960
149961
149962
149963
149964
149966
149970
149986
149988
149990
149992
149994
149996
149998
150049
150050
150051
150052
150053
150054
150055
150056
150057
150058
150059
150060
150061
150062
150154
150156
150157
150158
150160
150161
150162
150164
150165
150166
150245
150247
150249
150251
150252
150253
150254
150255
150256
150257
150258
150259
150260
150261
150262
150263
150264
150265
150267
150269
150271
150315
150317
150318
150319
150321
150322
150323
150324
150325
150326
150327
150328
150329
150330
150331
150332
150333
150334
150335
150336
150337
150339
150340
150341
150392
150395
150396
150399
150402
150403
150406
150409
150410
150413
150416
150417
150695
150699
150700
150701
150702
150703
150704
150705
150706
150707
150708
150709
150710
150711
150712
150713
150715
150719
150735
150737
150739
150741
150743
150745
150747
150798
150799
150800
150801
150802
150803
150804
150805
150806
150807
150808
150809
150810
150811
150903
150905
150906
150907
150909
150910
150911
150913
150914
150915
150994
150996
150998
151000
151001
151002
151003
151004
151005
151006
151007
151008
151009
151010
151011
151012
151013
151014
151016
151018
151020
151064
151066
151067
151068
151070
151071
151072
151073
151074
151075
151076
151077
151078
151079
151080
151081
151082
151083
151084
151085
151086
151088
151089
151090
151141
151144
151145
151148
151151
151152
151155
151158
151159
151162
151165
151166
151444
151448
151449
151450
151451
151452
151453
151454
151455
151456
151457
151458
151459
151460
151461
151462
151464
151468
151484
151486
151488
151490
151492
151494
151496
151547
151548
151549
151550
151551
151552
151553
151554
151555
151556
151557
151558
151559
151560
151652
151654
151655
151656
151658
151659
151660
151662
151663
151664
151743
151745
151747
151749
151750
151751
151752
151753
151754
151755
151756
151757
151758
151759
151760
151761
151762
151763
151765
151767
151769
151813
151815
151816
151817
151819
151820
151821
151822
151823
151824
151825
151826
151827
151828
151829
151830
151831
151832
151833
151834
151835
151837
151838
151839
151890
151893
151894
151897
151900
151901
151904
151907
151908
151911
151914
151915
152193
152197
152198
152199
152200
152201
152202
152203
152204
152205
152206
152207
152208
152209
152210
152211
152213
152217
152233
152235
152237
152239
152241
152243
152245
152296
152297
152298
152299
152300
152301
152302
152303
152304
152305
152306
152307
152308
152309
152401
152403
152404
152405
152407
152408
152409
152411
152412
152413
152492
152494
152496
152498
152499
152500
152501
152502
152503
152504
152505
152506
152507
152508
152509
152510
152511
152512
152514
152516
152518
152562
152564
152565
152566
152568
152569
152570
152571
152572
152573
152574
152575
152576
152577
152578
152579
152580
152581
152582
152583
152584
152586
152587
152588
152639
152642
152643
152646
152649
152650
152653
152656
152657
152660
152663
152664
152942
152946
152947
152948
152949
152950
152951
152952
152953
152954
152955
152956
152957
152958
152959
152960
152962
152966
152982
152984
152986
152988
152990
152992
152994
153045
153046
153047
153048
153049
153050
153051
153052
153053
153054
153055
153056
153057
153058
153150
153152
153153
153154
153156
153157
153158
153160
153161
153162
153241
153243
153245
153247
153248
153249
153250
153251
153252
153253
153254
153255
153256
153257
153258
153259
153260
153261
153263
153265
153267
153311
153313
153314
153315
153317
153318
153319
153320
153321
153322
153323
153324
153325
153326
153327
153328
153329
153330
153331
153332
153333
153335
153336
153337
153388
153391
153392
153395
153398
153399
153402
153405
153406
153409
153412
153413
153691
153695
153696
153697
153698
153699
153700
153701
153702
153703
153704
153705
153706
153707
153708
153709
153711
153715
153731
153733
153735
153737
153739
153741
153743
153794
153795
153796
153797
153798
153799
153800
153801
153802
153803
153804
153805
153806
153807
153899
153901
153902
153903
153905
153906
153907
153909
153910
153911
153990
153992
153994
153996
153997
153998
153999
154000
154001
154002
154003
154004
154005
154006
154007
154008
154009
154010
154012
154014
154016
154060
154062
154063
154064
154066
154067
154068
154069
154070
154071
154072
154073
154074
154075
154076
154077
154078
154079
154080
154081
154082
154084
154085
154086
154137
154140
154141
154144
154147
154148
154151
154154
154155
154158
154161
154162
154440
154444
154445
154446
154447
154448
154449
154450
154451
154452
154453
154454
154455
154456
154457
154458
154460
154464
154480
154482
154484
154486
154488
154490
154492
154543
154544
154545
154546
154547
154548
154549
154550
154551
154552
154553
154554
154555
154556
154648
154650
154651
154652
154654
154655
154656
154658
154659
154660
154739
154741
154743
154745
154746
154747
154748
154749
154750
154751
154752
154753
154754
154755
154756
154757
154758
154759
154761
154763
154765
154809
154811
154812
154813
154815
154816
154817
154818
154819
154820
154821
154822
154823
154824
154825
154826
154827
154828
154829
154830
154831
154833
154834
154835
154886
154889
154890
154893
154896
154897
154900
154903
154904
154907
154910
154911
155189
155193
155194
155195
155196
155197
155198
155199
155200
155201
155202
155203
155204
155205
155206
155207
155209
155213
155229
155231
155233
155235
155237
155239
155241
155292
155293
155294
155295
155296
155297
155298
155299
155300
155301
155302
155303
155304
155305
155397
155399
155400
155401
155403
155404
155405
155407
155408
155409
155488
155490
155492
155494
155495
155496
155497
155498
155499
155500
155501
155502
155503
155504
155505
155506
155507
155508
155510
155512
155514
155558
155560
155561
155562
155564
155565
155566
155567
155568
155569
155570
155571
155572
155573
155574
155575
155576
155577
155578
155579
155580
155582
155583
155584
155635
155638
155639
155642
155645
155646
155649
155652
155653
155656
155659
155660
155938
155942
155943
155944
155945
155946
155947
155948
155949
155950
155951
155952
155953
155954
155955
155956
155958
155962
155978
155980
155982
155984
155986
155988
155990
156041
156042
156043
156044
156045
156046
156047
156048
156049
156050
156051
156052
156053
156054
156146
156148
156149
156150
156152
156153
156154
156156
156157
156158
156237
156239
156241
156243
156244
156245
156246
156247
156248
156249
156250
156251
156252
156253
156254
156255
156256
156257
156259
156261
156263
156307
156309
156310
156311
156313
156314
156315
156316
156317
156318
156319
156320
156321
156322
156323
156324
156325
156326
156327
156328
156329
156331
156332
156333
156384
156387
156388
156391
156394
156395
156398
156401
156402
156405
156408
156409
156687
156691
156692
156693
156694
156695
156696
156697
156698
156699
156700
156701
156702
156703
156704
156705
156707
156711
156727
156729
156731
156733
156735
156737
156739
156790
156791
156792
156793
156794
156795
156796
156797
156798
156799
156800
156801
156802
156803
156895
156897
156898
156899
156901
156902
156903
156905
156906
156907
156986
156988
156990
156992
156993
156994
156995
156996
156997
156998
156999
157000
157001
157002
157003
157004
157005
157006
157008
157010
157012
157056
157058
157059
157060
157062
157063
157064
157065
157066
157067
157068
157069
157070
157071
157072
157073
157074
157075
157076
157077
157078
157080
157081
157082
157133
157136
157137
157140
157143
157144
157147
157150
157151
157154
157157
157158
157436
157440
157441
157442
157443
157444
157445
157446
157447
157448
157449
157450
157451
157452
157453
157454
157456
157460
157476
157478
157480
157482
157484
157486
157488
157539
157540
157541
157542
157543
157544
157545
157546
157547
157548
157549
157550
157551
157552
157644
157646
157647
157648
157650
157651
157652
157654
157655
157656
157735
157737
157739
157741
157742
157743
157744
157745
157746
157747
157748
157749
157750
157751
157752
157753
157754
157755
157757
157759
157761
157805
157807
157808
157809
157811
157812
157813
157814
157815
157816
157817
157818
157819
157820
157821
157822
157823
157824
157825
157826
157827
157829
157830
157831
157882
157885
157886
157889
157892
157893
157896
157899
157900
157903
157906
157907
158185
158189
158190
158191
158192
158193
158194
158195
158196
158197
158198
158199
158200
158201
158202
158203
158205
158209
158225
158227
158229
158231
158233
158235
158237
158288
158289
158290
158291
158292
158293
158294
158295
158296
158297
158298
158299
158300
158301
158393
158395
158396
158397
158399
158400
158401
158403
158404
158405
158484
158486
158488
158490
158491
158492
158493
158494
158495
158496
158497
158498
158499
158500
158501
158502
158503
158504
158506
158508
158510
158554
158556
158557
158558
158560
158561
158562
158563
158564
158565
158566
158567
158568
158569
158570
158571
158572
158573
158574
158575
158576
158578
158579
158580
158631
158634
158635
158638
158641
158642
158645
158648
158649
158652
158655
158656
158934
158938
158939
158940
158941
158942
158943
158944
158945
158946
158947
158948
158949
158950
158951
158952
158954
158958
158974
158976
158978
158980
158982
158984
158986
159037
159038
159039
159040
159041
159042
159043
159044
159045
159046
159047
159048
159049
159050
159142
159144
159145
159146
159148
159149
159150
159152
159153
159154
159233
159235
159237
159239
159240
159241
159242
159243
159244
159245
159246
159247
159248
159249
159250
159251
159252
159253
159255
159257
159259
159303
159305
159306
159307
159309
159310
159311
159312
159313
159314
159315
159316
159317
159318
159319
159320
159321
159322
159323
159324
159325
159327
159328
159329
159380
159383
159384
159387
159390
159391
159394
159397
159398
159401
159404
159405
159683
159687
159688
159689
159690
159691
159692
159693
159694
159695
159696
159697
159698
159699
159700
159701
159703
159707
159723
159725
159727
159729
159731
159733
159735
159786
159787
159788
159789
159790
159791
159792
159793
159794
159795
159796
159797
159798
159799
159891
159893
159894
159895
159897
159898
159899
159901
159902
159903
159982
159984
159986
159988
159989
159990
159991
159992
159993
159994
159995
159996
159997
159998
159999
160000
160001
160002
160004
160006
160008
160052
160054
160055
160056
160058
160059
160060
160061
160062
160063
160064
160065
160066
160067
160068
160069
160070
160071
160072
160073
160074
160076
160077
160078
160129
160132
160133
160136
160139
160140
160143
160146
160147
160150
160153
160154
160432
160436
160437
160438
160439
160440
160441
160442
160443
160444
160445
160446
160447
160448
160449
160450
160452
160456
160472
160474
160476
160478
160480
160482
160484
160535
160536
160537
160538
160539
160540
160541
160542
160543
160544
160545
160546
160547
160548
160640
160642
160643
160644
160646
160647
160648
160650
160651
160652
160731
160733
160735
160737
160738
160739
160740
160741
160742
160743
160744
160745
160746
160747
160748
160749
160750
160751
160753
160755
160757
160801
160803
160804
160805
160807
160808
160809
160810
160811
160812
160813
160814
160815
160816
160817
160818
160819
160820
160821
160822
160823
160825
160826
160827
160878
160881
160882
160885
160888
160889
160892
160895
160896
160899
160902
160903
161181
161185
161186
161187
161188
161189
161190
161191
161192
161193
161194
161195
161196
161197
161198
161199
161201
161205
161221
161223
161225
161227
161229
161231
161233
161284
161285
161286
161287
161288
161289
161290
161291
161292
161293
161294
161295
161296
161297
161389
161391
161392
161393
161395
161396
161397
161399
161400
161401
161480
161482
161484
161486
161487
161488
161489
161490
161491
161492
161493
161494
161495
161496
161497
161498
161499
161500
161502
161504
161506
161550
161552
161553
161554
161556
161557
161558
161559
161560
161561
161562
161563
161564
161565
161566
161567
161568
161569
161570
161571
161572
161574
161575
161576
161627
161630
161631
161634
161637
161638
161641
161644
161645
161648
161651
161652
161930
161934
161935
161936
161937
161938
161939
161940
161941
161942
161943
161944
161945
161946
161947
161948
161950
161954
161970
161972
161974
161976
161978
161980
161982
162033
162034
162035
162036
162037
162038
162039
162040
162041
162042
162043
162044
162045
162046
162138
162140
162141
162142
162144
162145
162146
162148
162149
162150
162229
162231
162233
162235
162236
162237
162238
162239
162240
162241
162242
162243
162244
162245
162246
162247
162248
162249
162251
162253
162255
162299
162301
162302
162303
162305
162306
162307
162308
162309
162310
162311
162312
162313
162314
162315
162316
162317
162318
162319
162320
162321
162323
162324
162325
162376
162379
162380
162383
162386
162387
162390
162393
162394
162397
162400
162401
162679
162683
162684
162685
162686
162687
162688
162689
162690
162691
162692
162693
162694
162695
162696
162697
162699
162703
162719
162721
162723
162725
162727
162729
162731
162782
162783
162784
162785
162786
162787
162788
162789
162790
162791
162792
162793
162794
162795
162887
162889
162890
162891
162893
162894
162895
162897
162898
162899
162978
162980
162982
162984
162985
162986
162987
162988
162989
162990
162991
162992
162993
162994
162995
162996
162997
162998
163000
163002
163004
163048
163050
163051
163052
163054
163055
163056
163057
163058
163059
163060
163061
163062
163063
163064
163065
163066
163067
163068
163069
163070
163072
163073
163074
163125
163128
163129
163132
163135
163136
163139
163142
163143
163146
163149
163150
163428
163432
163433
163434
163435
163436
163437
163438
163439
163440
163441
163442
163443
163444
163445
163446
163448
163452
163468
163470
163472
163474
163476
163478
163480
163531
163532
163533
163534
163535
163536
163537
163538
163539
163540
163541
163542
163543
163544
163636
163638
163639
163640
163642
163643
163644
163646
163647
163648
163727
163729
163731
163733
163734
163735
163736
163737
163738
163739
163740
163741
163742
163743
163744
163745
163746
163747
163749
163751
163753
163797
163799
163800
163801
163803
163804
163805
163806
163807
163808
163809
163810
163811
163812
163813
163814
163815
163816
163817
163818
163819
163821
163822
163823
163874
163877
163878
163881
163884
163885
163888
163891
163892
163895
163898
163899
164177
164181
164182
164183
164184
164185
164186
164187
164188
164189
164190
164191
164192
164193
164194
164195
164197
164201
164217
164219
164221
164223
164225
164227
164229
164280
164281
164282
164283
164284
164285
164286
164287
164288
164289
164290
164291
164292
164293
164385
164387
164388
164389
164391
164392
164393
164395
164396
164397
164476
164478
164480
164482
164483
164484
164485
164486
164487
164488
164489
164490
164491
164492
164493
164494
164495
164496
164498
164500
164502
164546
164548
164549
164550
164552
164553
164554
164555
164556
164557
164558
164559
164560
164561
164562
164563
164564
164565
164566
164567
164568
164570
164571
164572
164623
164626
164627
164630
164633
164634
164637
164640
164641
164644
164647
164648
164926
164930
164931
164932
164933
164934
164935
164936
164937
164938
164939
164940
164941
164942
164943
164944
164946
164950
164966
164968
164970
164972
164974
164976
164978
165029
165030
165031
165032
165033
165034
165035
165036
165037
165038
165039
165040
165041
165042
165134
165136
165137
165138
165140
165141
165142
165144
165145
165146
165225
165227
165229
165231
165232
165233
165234
165235
165236
165237
165238
165239
165240
165241
165242
165243
165244
165245
165247
165249
165251
165295
165297
165298
165299
165301
165302
165303
165304
165305
165306
165307
165308
165309
165310
165311
165312
165313
165314
165315
165316
165317
165319
165320
165321
165372
165375
165376
165379
165382
165383
165386
165389
165390
165393
165396
165397
165675
165679
165680
165681
165682
165683
165684
165685
165686
165687
165688
165689
165690
165691
165692
165693
165695
165699
165715
165717
165719
165721
165723
165725
165727
165778
165779
165780
165781
165782
165783
165784
165785
165786
165787
165788
165789
165790
165791
165883
165885
165886
165887
165889
165890
165891
165893
165894
165895
165974
165976
165978
165980
165981
165982
165983
165984
165985
165986
165987
165988
165989
165990
165991
165992
165993
165994
165996
165998
166000
166044
166046
166047
166048
166050
166051
166052
166053
166054
166055
166056
166057
166058
166059
166060
166061
166062
166063
166064
166065
166066
166068
166069
166070
166121
166124
166125
166128
166131
166132
166135
166138
166139
166142
166145
166146
166424
166428
166429
166430
166431
166432
166433
166434
166435
166436
166437
166438
166439
166440
166441
166442
166444
166448
166464
166466
166468
166470
166472
166474
166476
166527
166528
166529
166530
166531
166532
166533
166534
166535
166536
166537
166538
166539
166540
166632
166634
166635
166636
166638
166639
166640
166642
166643
166644
166723
166725
166727
166729
166730
166731
166732
166733
166734
166735
166736
166737
166738
166739
166740
166741
166742
166743
166745
166747
166749
166793
166795
166796
166797
166799
166800
166801
166802
166803
166804
166805
166806
166807
166808
166809
166810
166811
166812
166813
166814
166815
166817
166818
166819
166870
166873
166874
166877
166880
166881
166884
166887
166888
166891
166894
166895
167173
167177
167178
167179
167180
167181
167182
167183
167184
167185
167186
167187
167188
167189
167190
167191
167193
167197
167213
167215
167217
167219
167221
167223
167225
167276
167277
167278
167279
167280
167281
167282
167283
167284
167285
167286
167287
167288
167289
167381
167383
167384
167385
167387
167388
167389
167391
167392
167393
167472
167474
167476
167478
167479
167480
167481
167482
167483
167484
167485
167486
167487
167488
167489
167490
167491
167492
167494
167496
167498
167542
167544
167545
167546
167548
167549
167550
167551
167552
167553
167554
167555
167556
167557
167558
167559
167560
167561
167562
167563
167564
167566
167567
167568
167619
167622
167623
167626
167629
167630
167633
167636
167637
167640
167643
167644
167922
167926
167927
167928
167929
167930
167931
167932
167933
167934
167935
167936
167937
167938
167939
167940
167942
167946
167962
167964
167966
167968
167970
167972
167974
168025
168026
168027
168028
168029
168030
168031
168032
168033
168034
168035
168036
168037
168038
168130
168132
168133
168134
168136
168137
168138
168140
168141
168142
168221
168223
168225
168227
168228
168229
168230
168231
168232
168233
168234
168235
168236
168237
168238
168239
168240
168241
168243
168245
168247
168291
168293
168294
168295
168297
168298
168299
168300
168301
168302
168303
168304
168305
168306
168307
168308
168309
168310
168311
168312
168313
168315
168316
168317
168368
168371
168372
168375
168378
168379
168382
168385
168386
168389
168392
168393
168671
168675
168676
168677
168678
168679
168680
168681
168682
168683
168684
168685
168686
168687
168688
168689
168691
168695
168711
168713
168715
168717
168719
168721
168723
168774
168775
168776
168777
168778
168779
168780
168781
168782
168783
168784
168785
168786
168787
168879
168881
168882
168883
168885
168886
168887
168889
168890
168891
168970
168972
168974
168976
168977
168978
168979
168980
168981
168982
168983
168984
168985
168986
168987
168988
168989
168990
168992
168994
168996
169040
169042
169043
169044
169046
169047
169048
169049
169050
169051
169052
169053
169054
169055
169056
169057
169058
169059
169060
169061
169062
169064
169065
169066
169117
169120
169121
169124
169127
169128
169131
169134
169135
169138
169141
169142
169420
169424
169425
169426
169427
169428
169429
169430
169431
169432
169433
169434
169435
169436
169437
169438
169440
169444
169460
169462
169464
169466
169468
169470
169472
169523
169524
169525
169526
169527
169528
169529
169530
169531
169532
169533
169534
169535
169536
169628
169630
169631
169632
169634
169635
169636
169638
169639
169640
169719
169721
169723
169725
169726
169727
169728
169729
169730
169731
169732
169733
169734
169735
169736
169737
169738
169739
169741
169743
169745
169789
169791
169792
169793
169795
169796
169797
169798
169799
169800
169801
169802
169803
169804
169805
169806
169807
169808
169809
169810
169811
169813
169814
169815
169866
169869
169870
169873
169876
169877
169880
169883
169884
169887
169890
169891
170169
170173
170174
170175
170176
170177
170178
170179
170180
170181
170182
170183
170184
170185
170186
170187
170189
170193
170209
170211
170213
170215
170217
170219
170221
170272
170273
170274
170275
170276
170277
170278
170279
170280
170281
170282
170283
170284
170285
170377
170379
170380
170381
170383
170384
170385
170387
170388
170389
170468
170470
170472
170474
170475
170476
170477
170478
170479
170480
170481
170482
170483
170484
170485
170486
170487
170488
170490
170492
170494
170538
170540
170541
170542
170544
170545
170546
170547
170548
170549
170550
170551
170552
170553
170554
170555
170556
170557
170558
170559
170560
170562
170563
170564
170615
170618
170619
170622
170625
170626
170629
170632
170633
170636
170639
170640
170918
170922
170923
170924
170925
170926
170927
170928
170929
170930
170931
170932
170933
170934
170935
170936
170938
170942
170958
170960
170962
170964
170966
170968
170970
171021
171022
171023
171024
171025
171026
171027
171028
171029
171030
171031
171032
171033
171034
171126
171128
171129
171130
171132
171133
171134
171136
171137
171138
171217
171219
171221
171223
171224
171225
171226
171227
171228
171229
171230
171231
171232
171233
171234
171235
171236
171237
171239
171241
171243
171287
171289
171290
171291
171293
171294
171295
171296
171297
171298
171299
171300
171301
171302
171303
171304
171305
171306
171307
171308
171309
171311
171312
171313
171364
171367
171368
171371
171374
171375
171378
171381
171382
171385
171388
171389
171667
171671
171672
171673
171674
171675
171676
171677
171678
171679
171680
171681
171682
171683
171684
171685
171687
171691
171707
171709
171711
171713
171715
171717
171719
171770
171771
171772
171773
171774
171775
171776
171777
171778
171779
171780
171781
171782
171783
171875
171877
171878
171879
171881
171882
171883
171885
171886
171887
171966
171968
171970
171972
171973
171974
171975
171976
171977
171978
171979
171980
171981
171982
171983
171984
171985
171986
171988
171990
171992
172036
172038
172039
172040
172042
172043
172044
172045
172046
172047
172048
172049
172050
172051
172052
172053
172054
172055
172056
172057
172058
172060
172061
172062
172113
172116
172117
172120
172123
172124
172127
172130
172131
172134
172137
172138
172416
172420
172421
172422
172423
172424
172425
172426
172427
172428
172429
172430
172431
172432
172433
172434
172436
172440
172456
172458
172460
172462
172464
172466
172468
172519
172520
172521
172522
172523
172524
172525
172526
172527
172528
172529
172530
172531
172532
172624
172626
172627
172628
172630
172631
172632
172634
172635
172636
172715
172717
172719
172721
172722
172723
172724
172725
172726
172727
172728
172729
172730
172731
172732
172733
172734
172735
172737
172739
172741
172785
172787
172788
172789
172791
172792
172793
172794
172795
172796
172797
172798
172799
172800
172801
172802
172803
172804
172805
172806
172807
172809
172810
172811
172862
172865
172866
172869
172872
172873
172876
172879
172880
172883
172886
172887
173165
173169
173170
173171
173172
173173
173174
173175
173176
173177
173178
173179
173180
173181
173182
173183
173185
173189
173205
173207
173209
173211
173213
173215
173217
173268
173269
173270
173271
173272
173273
173274
173275
173276
173277
173278
173279
173280
173281
173373
173375
173376
173377
173379
173380
173381
173383
173384
173385
173464
173466
173468
173470
173471
173472
173473
173474
173475
173476
173477
173478
173479
173480
173481
173482
173483
173484
173486
173488
173490
173534
173536
173537
173538
173540
173541
173542
173543
173544
173545
173546
173547
173548
173549
173550
173551
173552
173553
173554
173555
173556
173558
173559
173560
173611
173614
173615
173618
173621
173622
173625
173628
173629
173632
173635
173636
173914
173918
173919
173920
173921
173922
173923
173924
173925
173926
173927
173928
173929
173930
173931
173932
173934
173938
173954
173956
173958
173960
173962
173964
173966
174017
174018
174019
174020
174021
174022
174023
174024
174025
174026
174027
174028
174029
174030
174122
174124
174125
174126
174128
174129
174130
174132
174133
174134
174213
174215
174217
174219
174220
174221
174222
174223
174224
174225
174226
174227
174228
174229
174230
174231
174232
174233
174235
174237
174239
174283
174285
174286
174287
174289
174290
174291
174292
174293
174294
174295
174296
174297
174298
174299
174300
174301
174302
174303
174304
174305
174307
174308
174309
174360
174363
174364
174367
174370
174371
174374
174377
174378
174381
174384
174385
174663
174667
174668
174669
174670
174671
174672
174673
174674
174675
174676
174677
174678
174679
174680
174681
174683
174687
174703
174705
174707
174709
174711
174713
174715
174766
174767
174768
174769
174770
174771
174772
174773
174774
174775
174776
174777
174778
174779
174871
174873
174874
174875
174877
174878
174879
174881
174882
174883
174962
174964
174966
174968
174969
174970
174971
174972
174973
174974
174975
174976
174977
174978
174979
174980
174981
174982
174984
174986
174988
175032
175034
175035
175036
175038
175039
175040
175041
175042
175043
175044
175045
175046
175047
175048
175049
175050
175051
175052
175053
175054
175056
175057
175058
175109
175112
175113
175116
175119
175120
175123
175126
175127
175130
175133
175134
175412
175416
175417
175418
175419
175420
175421
175422
175423
175424
175425
175426
175427
175428
175429
175430
175432
175436
175452
175454
175456
175458
175460
175462
175464
175515
175516
175517
175518
175519
175520
175521
175522
175523
175524
175525
175526
175527
175528
175620
175622
175623
175624
175626
175627
175628
175630
175631
175632
175711
175713
175715
175717
175718
175719
175720
175721
175722
175723
175724
175725
175726
175727
175728
175729
175730
175731
175733
175735
175737
175781
175783
175784
175785
175787
175788
175789
175790
175791
175792
175793
175794
175795
175796
175797
175798
175799
175800
175801
175802
175803
175805
175806
175807
175858
175861
175862
175865
175868
175869
175872
175875
175876
175879
175882
175883
176161
176165
176166
176167
176168
176169
176170
176171
176172
176173
176174
176175
176176
176177
176178
176179
176181
176185
176201
176203
176205
176207
176209
176211
176213
176264
176265
176266
176267
176268
176269
176270
176271
176272
176273
176274
176275
176276
176277
176369
176371
176372
176373
176375
176376
176377
176379
176380
176381
176460
176462
176464
176466
176467
176468
176469
176470
176471
176472
176473
176474
176475
176476
176477
176478
176479
176480
176482
176484
176486
176530
176532
176533
176534
176536
176537
176538
176539
176540
176541
176542
176543
176544
176545
176546
176547
176548
176549
176550
176551
176552
176554
176555
176556
176607
176610
176611
176614
176617
176618
176621
176624
176625
176628
176631
176632
176910
176914
176915
176916
176917
176918
176919
176920
176921
176922
176923
176924
176925
176926
176927
176928
176930
176934
176950
176952
176954
176956
176958
176960
176962
177013
177014
177015
177016
177017
177018
177019
177020
177021
177022
177023
177024
177025
177026
177118
177120
177121
177122
177124
177125
177126
177128
177129
177130
177209
177211
177213
177215
177216
177217
177218
177219
177220
177221
177222
177223
177224
177225
177226
177227
177228
177229
177231
177233
177235
177279
177281
177282
177283
177285
177286
177287
177288
177289
177290
177291
177292
177293
177294
177295
177296
177297
177298
177299
177300
177301
177303
177304
177305
177356
177359
177360
177363
177366
177367
177370
177373
177374
177377
177380
177381
177659
177663
177664
177665
177666
177667
177668
177669
177670
177671
177672
177673
177674
177675
177676
177677
177679
177683
177699
177701
177703
177705
177707
177709
177711
177762
177763
177764
177765
177766
177767
177768
177769
177770
177771
177772
177773
177774
177775
177867
177869
177870
177871
177873
177874
177875
177877
177878
177879
177958
177960
177962
177964
177965
177966
177967
177968
177969
177970
177971
177972
177973
177974
177975
177976
177977
177978
177980
177982
177984
178028
178030
178031
178032
178034
178035
178036
178037
178038
178039
178040
178041
178042
178043
178044
178045
178046
178047
178048
178049
178050
178052
178053
178054
178105
178108
178109
178112
178115
178116
178119
178122
178123
178126
178129
178130
178408
178412
178413
178414
178415
178416
178417
178418
178419
178420
178421
178422
178423
178424
178425
178426
178428
178432
178448
178450
178452
178454
178456
178458
178460
178511
178512
178513
178514
178515
178516
178517
178518
178519
178520
178521
178522
178523
178524
178616
178618
178619
178620
178622
178623
178624
178626
178627
178628
178707
178709
178711
178713
178714
178715
178716
178717
178718
178719
178720
178721
178722
178723
178724
178725
178726
178727
178729
178731
178733
178777
178779
178780
178781
178783
178784
178785
178786
178787
178788
178789
178790
178791
178792
178793
178794
178795
178796
178797
178798
178799
178801
178802
178803
178854
178857
178858
178861
178864
178865
178868
178871
178872
178875
178878
178879
179157
179161
179162
179163
179164
179165
179166
179167
179168
179169
179170
179171
179172
179173
179174
179175
179177
179181
179197
179199
179201
179203
179205
179207
179209
179260
179261
179262
179263
179264
179265
179266
179267
179268
179269
179270
179271
179272
179273
179365
179367
179368
179369
179371
179372
179373
179375
179376
179377
179456
179458
179460
179462
179463
179464
179465
179466
179467
179468
179469
179470
179471
179472
179473
179474
179475
179476
179478
179480
179482
179526
179528
179529
179530
179532
179533
179534
179535
179536
179537
179538
179539
179540
179541
179542
179543
179544
179545
179546
179547
179548
179550
179551
179552
179603
179606
179607
179610
179613
179614
179617
179620
179621
179624
179627
179628
179906
179910
179911
179912
179913
179914
179915
179916
179917
179918
179919
179920
179921
179922
179923
179924
179926
179930
179946
179948
179950
179952
179954
179956
179958
180009
180010
180011
180012
180013
180014
180015
180016
180017
180018
180019
180020
180021
180022
180114
180116
180117
180118
180120
180121
180122
180124
180125
180126
180205
180207
180209
180211
180212
180213
180214
180215
180216
180217
180218
180219
180220
180221
180222
180223
180224
180225
180227
180229
180231
180275
180277
180278
180279
180281
180282
180283
180284
180285
180286
180287
180288
180289
180290
180291
180292
180293
180294
180295
180296
180297
180299
180300
180301
180352
180355
180356
180359
180362
180363
180366
180369
180370
180373
180376
180377
180655
180659
180660
180661
180662
180663
180664
180665
180666
180667
180668
180669
180670
180671
180672
180673
180675
180679
180695
180697
180699
180701
180703
180705
180707
180758
180759
180760
180761
180762
180763
180764
180765
180766
180767
180768
180769
180770
180771
180863
180865
180866
180867
180869
180870
180871
180873
180874
180875
180954
180956
180958
180960
180961
180962
180963
180964
180965
180966
180967
180968
180969
180970
180971
180972
180973
180974
180976
180978
180980
181024
181026
181027
181028
181030
181031
181032
181033
181034
181035
181036
181037
181038
181039
181040
181041
181042
181043
181044
181045
181046
181048
181049
181050
181101
181104
181105
181108
181111
181112
181115
181118
181119
181122
181125
181126
181404
181408
181409
181410
181411
181412
181413
181414
181415
181416
181417
181418
181419
181420
181421
181422
181424
181428
181444
181446
181448
181450
181452
181454
181456
181507
181508
181509
181510
181511
181512
181513
181514
181515
181516
181517
181518
181519
181520
181612
181614
181615
181616
181618
181619
181620
181622
181623
181624
181703
181705
181707
181709
181710
181711
181712
181713
181714
181715
181716
181717
181718
181719
181720
181721
181722
181723
181725
181727
181729
181773
181775
181776
181777
181779
181780
181781
181782
181783
181784
181785
181786
181787
181788
181789
181790
181791
181792
181793
181794
181795
181797
181798
181799
181850
181853
181854
181857
181860
181861
181864
181867
181868
181871
181874
181875
182153
182157
182158
182159
182160
182161
182162
182163
182164
182165
182166
182167
182168
182169
182170
182171
182173
182177
182193
182195
182197
182199
182201
182203
182205
182256
182257
182258
182259
182260
182261
182262
182263
182264
182265
182266
182267
182268
182269
182361
182363
182364
182365
182367
182368
182369
182371
182372
182373
182452
182454
182456
182458
182459
182460
182461
182462
182463
182464
182465
182466
182467
182468
182469
182470
182471
182472
182474
182476
182478
182522
182524
182525
182526
182528
182529
182530
182531
182532
182533
182534
182535
182536
182537
182538
182539
182540
182541
182542
182543
182544
182546
182547
182548
182599
182602
182603
182606
182609
182610
182613
182616
182617
182620
182623
182624
182902
182906
182907
182908
182909
182910
182911
182912
182913
182914
182915
182916
182917
182918
182919
182920
182922
182926
182942
182944
182946
182948
182950
182952
182954
183005
183006
183007
183008
183009
183010
183011
183012
183013
183014
183015
183016
183017
183018
183110
183112
183113
183114
183116
183117
183118
183120
183121
183122
183201
183203
183205
183207
183208
183209
183210
183211
183212
183213
183214
183215
183216
183217
183218
183219
183220
183221
183223
183225
183227
183271
183273
183274
183275
183277
183278
183279
183280
183281
183282
183283
183284
183285
183286
183287
183288
183289
183290
183291
183292
183293
183295
183296
183297
183348
183351
183352
183355
183358
183359
183362
183365
183366
183369
183372
183373
183651
183655
183656
183657
183658
183659
183660
183661
183662
183663
183664
183665
183666
183667
183668
183669
183671
183675
183691
183693
183695
183697
183699
183701
183703
183754
183755
183756
183757
183758
183759
183760
183761
183762
183763
183764
183765
183766
183767
183859
183861
183862
183863
183865
183866
183867
183869
183870
183871
183950
183952
183954
183956
183957
183958
183959
183960
183961
183962
183963
183964
183965
183966
183967
183968
183969
183970
183972
183974
183976
184020
184022
184023
184024
184026
184027
184028
184029
184030
184031
184032
184033
184034
184035
184036
184037
184038
184039
184040
184041
184042
184044
184045
184046
184097
184100
184101
184104
184107
184108
184111
184114
184115
184118
184121
184122
184400
184404
184405
184406
184407
184408
184409
184410
184411
184412
184413
184414
184415
184416
184417
184418
184420
184424
184440
184442
184444
184446
184448
184450
184452
184503
184504
184505
184506
184507
184508
184509
184510
184511
184512
184513
184514
184515
184516
184608
184610
184611
184612
184614
184615
184616
184618
184619
184620
184699
184701
184703
184705
184706
184707
184708
184709
184710
184711
184712
184713
184714
184715
184716
184717
184718
184719
184721
184723
184725
184769
184771
184772
184773
184775
184776
184777
184778
184779
184780
184781
184782
184783
184784
184785
184786
184787
184788
184789
184790
184791
184793
184794
184795
184846
184849
184850
184853
184856
184857
184860
184863
184864
184867
184870
184871
185149
185153
185154
185155
185156
185157
185158
185159
185160
185161
185162
185163
185164
185165
185166
185167
185169
185173
185189
185191
185193
185195
185197
185199
185201
185252
185253
185254
185255
185256
185257
185258
185259
185260
185261
185262
185263
185264
185265
185357
185359
185360
185361
185363
185364
185365
185367
185368
185369
185448
185450
185452
185454
185455
185456
185457
185458
185459
185460
185461
185462
185463
185464
185465
185466
185467
185468
185470
185472
185474
185518
185520
185521
185522
185524
185525
185526
185527
185528
185529
185530
185531
185532
185533
185534
185535
185536
185537
185538
185539
185540
185542
185543
185544
185595
185598
185599
185602
185605
185606
185609
185612
185613
185616
185619
185620
185898
185902
185903
185904
185905
185906
185907
185908
185909
185910
185911
185912
185913
185914
185915
185916
185918
185922
185938
185940
185942
185944
185946
185948
185950
186001
186002
186003
186004
186005
186006
186007
186008
186009
186010
186011
186012
186013
186014
186106
186108
186109
186110
186112
186113
186114
186116
186117
186118
186197
186199
186201
186203
186204
186205
186206
186207
186208
186209
186210
186211
186212
186213
186214
186215
186216
186217
186219
186221
186223
186267
186269
186270
186271
186273
186274
186275
186276
186277
186278
186279
186280
186281
186282
186283
186284
186285
186286
186287
186288
186289
186291
186292
186293
186344
186347
186348
186351
186354
186355
186358
186361
186362
186365
186368
186369
186647
186651
186652
186653
186654
186655
186656
186657
186658
186659
186660
186661
186662
186663
186664
186665
186667
186671
186687
186689
186691
186693
186695
186697
186699
186750
186751
186752
186753
186754
186755
186756
186757
186758
186759
186760
186761
186762
186763
186855
186857
186858
186859
186861
186862
186863
186865
186866
186867
186946
186948
186950
186952
186953
186954
186955
186956
186957
186958
186959
186960
186961
186962
186963
186964
186965
186966
186968
186970
186972
187016
187018
187019
187020
187022
187023
187024
187025
187026
187027
187028
187029
187030
187031
187032
187033
187034
187035
187036
187037
187038
187040
187041
187042
187093
187096
187097
187100
187103
187104
187107
187110
187111
187114
187117
187118
187396
187400
187401
187402
187403
187404
187405
187406
187407
187408
187409
187410
187411
187412
187413
187414
187416
187420
187436
187438
187440
187442
187444
187446
187448
187499
187500
187501
187502
187503
187504
187505
187506
187507
187508
187509
187510
187511
187512
187604
187606
187607
187608
187610
187611
187612
187614
187615
187616
187695
187697
187699
187701
187702
187703
187704
187705
187706
187707
187708
187709
187710
187711
187712
187713
187714
187715
187717
187719
187721
187765
187767
187768
187769
187771
187772
187773
187774
187775
187776
187777
187778
187779
187780
187781
187782
187783
187784
187785
187786
187787
187789
187790
187791
187842
187845
187846
187849
187852
187853
187856
187859
187860
187863
187866
187867
188145
188149
188150
188151
188152
188153
188154
188155
188156
188157
188158
188159
188160
188161
188162
188163
188165
188169
188185
188187
188189
188191
188193
188195
188197
188248
188249
188250
188251
188252
188253
188254
188255
188256
188257
188258
188259
188260
188261
188353
188355
188356
188357
188359
188360
188361
188363
188364
188365
188444
188446
188448
188450
188451
188452
188453
188454
188455
188456
188457
188458
188459
188460
188461
188462
188463
188464
188466
188468
188470
188514
188516
188517
188518
188520
188521
188522
188523
188524
188525
188526
188527
188528
188529
188530
188531
188532
188533
188534
188535
188536
188538
188539
188540
188591
188594
188595
188598
188601
188602
188605
188608
188609
188612
188615
188616
188894
188898
188899
188900
188901
188902
188903
188904
188905
188906
188907
188908
188909
188910
188911
188912
188914
188918
188934
188936
188938
188940
188942
188944
188946
188997
188998
188999
189000
189001
189002
189003
189004
189005
189006
189007
189008
189009
189010
189102
189104
189105
189106
189108
189109
189110
189112
189113
189114
189193
189195
189197
189199
189200
189201
189202
189203
189204
189205
189206
189207
189208
189209
189210
189211
189212
189213
189215
189217
189219
189263
189265
189266
189267
189269
189270
189271
189272
189273
189274
189275
189276
189277
189278
189279
189280
189281
189282
189283
189284
189285
189287
189288
189289
189340
189343
189344
189347
189350
189351
189354
189357
189358
189361
189364
189365
189643
189647
189648
189649
189650
189651
189652
189653
189654
189655
189656
189657
189658
189659
189660
189661
189663
189667
189683
189685
189687
189689
189691
189693
189695
189746
189747
189748
189749
189750
189751
189752
189753
189754
189755
189756
189757
189758
189759
189851
189853
189854
189855
189857
189858
189859
189861
189862
189863
189942
189944
189946
189948
189949
189950
189951
189952
189953
189954
189955
189956
189957
189958
189959
189960
189961
189962
189964
189966
189968
190012
190014
190015
190016
190018
190019
190020
190021
190022
190023
190024
190025
190026
190027
190028
190029
190030
190031
190032
190033
190034
190036
190037
190038
190089
190092
190093
190096
190099
190100
190103
190106
190107
190110
190113
190114
190392
190396
190397
190398
190399
190400
190401
190402
190403
190404
190405
190406
190407
190408
190409
190410
190412
190416
190432
190434
190436
190438
190440
190442
190444
190495
190496
190497
190498
190499
190500
190501
190502
190503
190504
190505
190506
190507
190508
190600
190602
190603
190604
190606
190607
190608
190610
190611
190612
190691
190693
190695
190697
190698
190699
190700
190701
190702
190703
190704
190705
190706
190707
190708
190709
190710
190711
190713
190715
190717
190761
190763
190764
190765
190767
190768
190769
190770
190771
190772
190773
190774
190775
190776
190777
190778
190779
190780
190781
190782
190783
190785
190786
190787
190838
190841
190842
190845
190848
190849
190852
190855
190856
190859
190862
190863
191141
191145
191146
191147
191148
191149
191150
191151
191152
191153
191154
191155
191156
191157
191158
191159
191161
191165
191181
191183
191185
191187
191189
191191
191193
191244
191245
191246
191247
191248
191249
191250
191251
191252
191253
191254
191255
191256
191257
191349
191351
191352
191353
191355
191356
191357
191359
191360
191361
191440
191442
191444
191446
191447
191448
191449
191450
191451
191452
191453
191454
191455
191456
191457
191458
191459
191460
191462
191464
191466
191510
191512
191513
191514
191516
191517
191518
191519
191520
191521
191522
191523
191524
191525
191526
191527
191528
191529
191530
191531
191532
191534
191535
191536
191587
191590
191591
191594
191597
191598
191601
191604
191605
191608
191611
191612
191890
191894
191895
191896
191897
191898
191899
191900
191901
191902
191903
191904
191905
191906
191907
191908
191910
191914
191930
191932
191934
191936
191938
191940
191942
191993
191994
191995
191996
191997
191998
191999
192000
192001
192002
192003
192004
192005
192006
192098
192100
192101
192102
192104
192105
192106
192108
192109
192110
192189
192191
192193
192195
192196
192197
192198
192199
192200
192201
192202
192203
192204
192205
192206
192207
192208
192209
192211
192213
192215
192259
192261
192262
192263
192265
192266
192267
192268
192269
192270
192271
192272
192273
192274
192275
192276
192277
192278
192279
192280
192281
192283
192284
192285
192336
192339
192340
192343
192346
192347
192350
192353
192354
192357
192360
192361
192639
192643
192644
192645
192646
192647
192648
192649
192650
192651
192652
192653
192654
192655
192656
192657
192659
192663
192679
192681
192683
192685
192687
192689
192691
192742
192743
192744
192745
192746
192747
192748
192749
192750
192751
192752
192753
192754
192755
192847
192849
192850
192851
192853
192854
192855
192857
192858
192859
192938
192940
192942
192944
192945
192946
192947
192948
192949
192950
192951
192952
192953
192954
192955
192956
192957
192958
192960
192962
192964
193008
193010
193011
193012
193014
193015
193016
193017
193018
193019
193020
193021
193022
193023
193024
193025
193026
193027
193028
193029
193030
193032
193033
193034
193085
193088
193089
193092
193095
193096
193099
193102
193103
193106
193109
193110
193388
193392
193393
193394
193395
193396
193397
193398
193399
193400
193401
193402
193403
193404
193405
193406
193408
193412
193428
193430
193432
193434
193436
193438
193440
193491
193492
193493
193494
193495
193496
193497
193498
193499
193500
193501
193502
193503
193504
193596
193598
193599
193600
193602
193603
193604
193606
193607
193608
193687
193689
193691
193693
193694
193695
193696
193697
193698
193699
193700
193701
193702
193703
193704
193705
193706
193707
193709
193711
193713
193757
193759
193760
193761
193763
193764
193765
193766
193767
193768
193769
193770
193771
193772
193773
193774
193775
193776
193777
193778
193779
193781
193782
193783
193834
193837
193838
193841
193844
193845
193848
193851
193852
193855
193858
193859
194137
194141
194142
194143
194144
194145
194146
194147
194148
194149
194150
194151
194152
194153
194154
194155
194157
194161
194177
194179
194181
194183
194185
194187
194189
194240
194241
194242
194243
194244
194245
194246
194247
194248
194249
194250
194251
194252
194253
194345
194347
194348
194349
194351
194352
194353
194355
194356
194357
194436
194438
194440
194442
194443
194444
194445
194446
194447
194448
194449
194450
194451
194452
194453
194454
194455
194456
194458
194460
194462
194506
194508
194509
194510
194512
194513
194514
194515
194516
194517
194518
194519
194520
194521
194522
194523
194524
194525
194526
194527
194528
194530
194531
194532
194583
194586
194587
194590
194593
194594
194597
194600
194601
194604
194607
194608
194886
194890
194891
194892
194893
194894
194895
194896
194897
194898
194899
194900
194901
194902
194903
194904
194906
194910
194926
194928
194930
194932
194934
194936
194938
194989
194990
194991
194992
194993
194994
194995
194996
194997
194998
194999
195000
195001
195002
195094
195096
195097
195098
195100
195101
195102
195104
195105
195106
195185
195187
195189
195191
195192
195193
195194
195195
195196
195197
195198
195199
195200
195201
195202
195203
195204
195205
195207
195209
195211
195255
195257
195258
195259
195261
195262
195263
195264
195265
195266
195267
195268
195269
195270
195271
195272
195273
195274
195275
195276
195277
195279
195280
195281
195332
195335
195336
195339
195342
195343
195346
195349
195350
195353
195356
195357
195635
195639
195640
195641
195642
195643
195644
195645
195646
195647
195648
195649
195650
195651
195652
195653
195655
195659
195675
195677
195679
195681
195683
195685
195687
195738
195739
195740
195741
195742
195743
195744
195745
195746
195747
195748
195749
195750
195751
195843
195845
195846
195847
195849
195850
195851
195853
195854
195855
195934
195936
195938
195940
195941
195942
195943
195944
195945
195946
195947
195948
195949
195950
195951
195952
195953
195954
195956
195958
195960
196004
196006
196007
196008
196010
196011
196012
196013
196014
196015
196016
196017
196018
196019
196020
196021
196022
196023
196024
196025
196026
196028
196029
196030
196081
196084
196085
196088
196091
196092
196095
196098
196099
196102
196105
196106
196384
196388
196389
196390
196391
196392
196393
196394
196395
196396
196397
196398
196399
196400
196401
196402
196404
196408
196424
196426
196428
196430
196432
196434
196436
196487
196488
196489
196490
196491
196492
196493
196494
196495
196496
196497
196498
196499
196500
196592
196594
196595
196596
196598
196599
196600
196602
196603
196604
196683
196685
196687
196689
196690
196691
196692
196693
196694
196695
196696
196697
196698
196699
196700
196701
196702
196703
196705
196707
196709
196753
196755
196756
196757
196759
196760
196761
196762
196763
196764
196765
196766
196767
196768
196769
196770
196771
196772
196773
196774
196775
196777
196778
196779
196830
196833
196834
196837
196840
196841
196844
196847
196848
196851
196854
196855
197133
197137
197138
197139
197140
197141
197142
197143
197144
197145
197146
197147
197148
197149
197150
197151
197153
197157
197173
197175
197177
197179
197181
197183
197185
197236
197237
197238
197239
197240
197241
197242
197243
197244
197245
197246
197247
197248
197249
197341
197343
197344
197345
197347
197348
197349
197351
197352
197353
197432
197434
197436
197438
197439
197440
197441
197442
197443
197444
197445
197446
197447
197448
197449
197450
197451
197452
197454
197456
197458
197502
197504
197505
197506
197508
197509
197510
197511
197512
197513
197514
197515
197516
197517
197518
197519
197520
197521
197522
197523
197524
197526
197527
197528
197579
197582
197583
197586
197589
197590
197593
197596
197597
197600
197603
197604
197882
197886
197887
197888
197889
197890
197891
197892
197893
197894
197895
197896
197897
197898
197899
197900
197902
197906
197922
197924
197926
197928
197930
197932
197934
197985
197986
197987
197988
197989
197990
197991
197992
197993
197994
197995
197996
197997
197998
198090
198092
198093
198094
198096
198097
198098
198100
198101
198102
198181
198183
198185
198187
198188
198189
198190
198191
198192
198193
198194
198195
198196
198197
198198
198199
198200
198201
198203
198205
198207
198251
198253
198254
198255
198257
198258
198259
198260
198261
198262
198263
198264
198265
198266
198267
198268
198269
198270
198271
198272
198273
198275
198276
198277
198328
198331
198332
198335
198338
198339
198342
198345
198346
198349
198352
198353
198631
198635
198636
198637
198638
198639
198640
198641
198642
198643
198644
198645
198646
198647
198648
198649
198651
198655
198671
198673
198675
198677
198679
198681
198683
198734
198735
198736
198737
198738
198739
198740
198741
198742
198743
198744
198745
198746
198747
198839
198841
198842
198843
198845
198846
198847
198849
198850
198851
198930
198932
198934
198936
198937
198938
198939
198940
198941
198942
198943
198944
198945
198946
198947
198948
198949
198950
198952
198954
198956
199000
199002
199003
199004
199006
199007
199008
199009
199010
199011
199012
199013
199014
199015
199016
199017
199018
199019
199020
199021
199022
199024
199025
199026
199077
199080
199081
199084
199087
199088
199091
199094
199095
199098
199101
199102
199380
199384
199385
199386
199387
199388
199389
199390
199391
199392
199393
199394
199395
199396
199397
199398
199400
199404
199420
199422
199424
199426
199428
199430
199432
199483
199484
199485
199486
199487
199488
199489
199490
199491
199492
199493
199494
199495
199496
199588
199590
199591
199592
199594
199595
199596
199598
199599
199600
199679
199681
199683
199685
199686
199687
199688
199689
199690
199691
199692
199693
199694
199695
199696
199697
199698
199699
199701
199703
199705
199749
199751
199752
199753
199755
199756
199757
199758
199759
199760
199761
199762
199763
199764
199765
199766
199767
199768
199769
199770
199771
199773
199774
199775
199826
199829
199830
199833
199836
199837
199840
199843
199844
199847
199850
199851
200129
200133
200134
200135
200136
200137
200138
200139
200140
200141
200142
200143
200144
200145
200146
200147
200149
200153
200169
200171
200173
200175
200177
200179
200181
200232
200233
200234
200235
200236
200237
200238
200239
200240
200241
200242
200243
200244
200245
200337
200339
200340
200341
200343
200344
200345
200347
200348
200349
200428
200430
200432
200434
200435
200436
200437
200438
200439
200440
200441
200442
200443
200444
200445
200446
200447
200448
200450
200452
200454
200498
200500
200501
200502
200504
200505
200506
200507
200508
200509
200510
200511
200512
200513
200514
200515
200516
200517
200518
200519
200520
200522
200523
200524
200575
200578
200579
200582
200585
200586
200589
200592
200593
200596
200599
200600
200878
200882
200883
200884
200885
200886
200887
200888
200889
200890
200891
200892
200893
200894
200895
200896
200898
200902
200918
200920
200922
200924
200926
200928
200930
200981
200982
200983
200984
200985
200986
200987
200988
200989
200990
200991
200992
200993
200994
201086
201088
201089
201090
201092
201093
201094
201096
201097
201098
201177
201179
201181
201183
201184
201185
201186
201187
201188
201189
201190
201191
201192
201193
201194
201195
201196
201197
201199
201201
201203
201247
201249
201250
201251
201253
201254
201255
201256
201257
201258
201259
201260
201261
201262
201263
201264
201265
201266
201267
201268
201269
201271
201272
201273
201324
201327
201328
201331
201334
201335
201338
201341
201342
201345
201348
201349
201627
201631
201632
201633
201634
201635
201636
201637
201638
201639
201640
201641
201642
201643
201644
201645
201647
201651
201667
201669
201671
201673
201675
201677
201679
201730
201731
201732
201733
201734
201735
201736
201737
201738
201739
201740
201741
201742
201743
201835
201837
201838
201839
201841
201842
201843
201845
201846
201847
201926
201928
201930
201932
201933
201934
201935
201936
201937
201938
201939
201940
201941
201942
201943
201944
201945
201946
201948
201950
201952
201996
201998
201999
202000
202002
202003
202004
202005
202006
202007
202008
202009
202010
202011
202012
202013
202014
202015
202016
202017
202018
202020
202021
202022
202073
202076
202077
202080
202083
202084
202087
202090
202091
202094
202097
202098
202376
202380
202381
202382
202383
202384
202385
202386
202387
202388
202389
202390
202391
202392
202393
202394
202396
202400
202416
202418
202420
202422
202424
202426
202428
202479
202480
202481
202482
202483
202484
202485
202486
202487
202488
202489
202490
202491
202492
202584
202586
202587
202588
202590
202591
202592
202594
202595
202596
202675
202677
202679
202681
202682
202683
202684
202685
202686
202687
202688
202689
202690
202691
202692
202693
202694
202695
202697
202699
202701
202745
202747
202748
202749
202751
202752
202753
202754
202755
202756
202757
202758
202759
202760
202761
202762
202763
202764
202765
202766
202767
202769
202770
202771
202822
202825
202826
202829
202832
202833
202836
202839
202840
202843
202846
202847
203125
203129
203130
203131
203132
203133
203134
203135
203136
203137
203138
203139
203140
203141
203142
203143
203145
203149
203165
203167
203169
203171
203173
203175
203177
203228
203229
203230
203231
203232
203233
203234
203235
203236
203237
203238
203239
203240
203241
203333
203335
203336
203337
203339
203340
203341
203343
203344
203345
203424
203426
203428
203430
203431
203432
203433
203434
203435
203436
203437
203438
203439
203440
203441
203442
203443
203444
203446
203448
203450
203494
203496
203497
203498
203500
203501
203502
203503
203504
203505
203506
203507
203508
203509
203510
203511
203512
203513
203514
203515
203516
203518
203519
203520
203571
203574
203575
203578
203581
203582
203585
203588
203589
203592
203595
203596
203874
203878
203879
203880
203881
203882
203883
203884
203885
203886
203887
203888
203889
203890
203891
203892
203894
203898
203914
203916
203918
203920
203922
203924
203926
203977
203978
203979
203980
203981
203982
203983
203984
203985
203986
203987
203988
203989
203990
204082
204084
204085
204086
204088
204089
204090
204092
204093
204094
204173
204175
204177
204179
204180
204181
204182
204183
204184
204185
204186
204187
204188
204189
204190
204191
204192
204193
204195
204197
204199
204243
204245
204246
204247
204249
204250
204251
204252
204253
204254
204255
204256
204257
204258
204259
204260
204261
204262
204263
204264
204265
204267
204268
204269
204320
204323
204324
204327
204330
204331
204334
204337
204338
204341
204344
204345
204623
204627
204628
204629
204630
204631
204632
204633
204634
204635
204636
204637
204638
204639
204640
204641
204643
204647
204663
204665
204667
204669
204671
204673
204675
204726
204727
204728
204729
204730
204731
204732
204733
204734
204735
204736
204737
204738
204739
204831
204833
204834
204835
204837
204838
204839
204841
204842
204843
204922
204924
204926
204928
204929
204930
204931
204932
204933
204934
204935
204936
204937
204938
204939
204940
204941
204942
204944
204946
204948
204992
204994
204995
204996
204998
204999
205000
205001
205002
205003
205004
205005
205006
205007
205008
205009
205010
205011
205012
205013
205014
205016
205017
205018
205069
205072
205073
205076
205079
205080
205083
205086
205087
205090
205093
205094
205372
205376
205377
205378
205379
205380
205381
205382
205383
205384
205385
205386
205387
205388
205389
205390
205392
205396
205412
205414
205416
205418
205420
205422
205424
205475
205476
205477
205478
205479
205480
205481
205482
205483
205484
205485
205486
205487
205488
205580
205582
205583
205584
205586
205587
205588
205590
205591
205592
205671
205673
205675
205677
205678
205679
205680
205681
205682
205683
205684
205685
205686
205687
205688
205689
205690
205691
205693
205695
205697
205741
205743
205744
205745
205747
205748
205749
205750
205751
205752
205753
205754
205755
205756
205757
205758
205759
205760
205761
205762
205763
205765
205766
205767
205818
205821
205822
205825
205828
205829
205832
205835
205836
205839
205842
205843
206121
206125
206126
206127
206128
206129
206130
206131
206132
206133
206134
206135
206136
206137
206138
206139
206141
206145
206161
206163
206165
206167
206169
206171
206173
206224
206225
206226
206227
206228
206229
206230
206231
206232
206233
206234
206235
206236
206237
206329
206331
206332
206333
206335
206336
206337
206339
206340
206341
206420
206422
206424
206426
206427
206428
206429
206430
206431
206432
206433
206434
206435
206436
206437
206438
206439
206440
206442
206444
206446
206490
206492
206493
206494
206496
206497
206498
206499
206500
206501
206502
206503
206504
206505
206506
206507
206508
206509
206510
206511
206512
206514
206515
206516
206567
206570
206571
206574
206577
206578
206581
206584
206585
206588
206591
206592
206870
206874
206875
206876
206877
206878
206879
206880
206881
206882
206883
206884
206885
206886
206887
206888
206890
206894
206910
206912
206914
206916
206918
206920
206922
206973
206974
206975
206976
206977
206978
206979
206980
206981
206982
206983
206984
206985
206986
207078
207080
207081
207082
207084
207085
207086
207088
207089
207090
207169
207171
207173
207175
207176
207177
207178
207179
207180
207181
207182
207183
207184
207185
207186
207187
207188
207189
207191
207193
207195
207239
207241
207242
207243
207245
207246
207247
207248
207249
207250
207251
207252
207253
207254
207255
207256
207257
207258
207259
207260
207261
207263
207264
207265
207316
207319
207320
207323
207326
207327
207330
207333
207334
207337
207340
207341
207619
207623
207624
207625
207626
207627
207628
207629
207630
207631
207632
207633
207634
207635
207636
207637
207639
207643
207659
207661
207663
207665
207667
207669
207671
207722
207723
207724
207725
207726
207727
207728
207729
207730
207731
207732
207733
207734
207735
207827
207829
207830
207831
207833
207834
207835
207837
207838
207839
207918
207920
207922
207924
207925
207926
207927
207928
207929
207930
207931
207932
207933
207934
207935
207936
207937
207938
207940
207942
207944
207988
207990
207991
207992
207994
207995
207996
207997
207998
207999
208000
208001
208002
208003
208004
208005
208006
208007
208008
208009
208010
208012
208013
208014
208065
208068
208069
208072
208075
208076
208079
208082
208083
208086
208089
208090
208368
208372
208373
208374
208375
208376
208377
208378
208379
208380
208381
208382
208383
208384
208385
208386
208388
208392
208408
208410
208412
208414
208416
208418
208420
208471
208472
208473
208474
208475
208476
208477
208478
208479
208480
208481
208482
208483
208484
208576
208578
208579
208580
208582
208583
208584
208586
208587
208588
208667
208669
208671
208673
208674
208675
208676
208677
208678
208679
208680
208681
208682
208683
208684
208685
208686
208687
208689
208691
208693
208737
208739
208740
208741
208743
208744
208745
208746
208747
208748
208749
208750
208751
208752
208753
208754
208755
208756
208757
208758
208759
208761
208762
208763
208814
208817
208818
208821
208824
208825
208828
208831
208832
208835
208838
208839
209117
209121
209122
209123
209124
209125
209126
209127
209128
209129
209130
209131
209132
209133
209134
209135
209137
209141
209157
209159
209161
209163
209165
209167
209169
209220
209221
209222
209223
209224
209225
209226
209227
209228
209229
209230
209231
209232
209233
209325
209327
209328
209329
209331
209332
209333
209335
209336
209337
209416
209418
209420
209422
209423
209424
209425
209426
209427
209428
209429
209430
209431
209432
209433
209434
209435
209436
209438
209440
209442
209486
209488
209489
209490
209492
209493
209494
209495
209496
209497
209498
209499
209500
209501
209502
209503
209504
209505
209506
209507
209508
209510
209511
209512
209563
209566
209567
209570
209573
209574
209577
209580
209581
209584
209587
209588
209866
209870
209871
209872
209873
209874
209875
209876
209877
209878
209879
209880
209881
209882
209883
209884
209886
209890
209906
209908
209910
209912
209914
209916
209918
209969
209970
209971
209972
209973
209974
209975
209976
209977
209978
209979
209980
209981
209982
210074
210076
210077
210078
210080
210081
210082
210084
210085
210086
210165
210167
210169
210171
210172
210173
210174
210175
210176
210177
210178
210179
210180
210181
210182
210183
210184
210185
210187
210189
210191
210235
210237
210238
210239
210241
210242
210243
210244
210245
210246
210247
210248
210249
210250
210251
210252
210253
210254
210255
210256
210257
210259
210260
210261
210312
210315
210316
210319
210322
210323
210326
210329
210330
210333
210336
210337
210615
210619
210620
210621
210622
210623
210624
210625
210626
210627
210628
210629
210630
210631
210632
210633
210635
210639
210655
210657
210659
210661
210663
210665
210667
210718
210719
210720
210721
210722
210723
210724
210725
210726
210727
210728
210729
210730
210731
210823
210825
210826
210827
210829
210830
210831
210833
210834
210835
210914
210916
210918
210920
210921
210922
210923
210924
210925
210926
210927
210928
210929
210930
210931
210932
210933
210934
210936
210938
210940
210984
210986
210987
210988
210990
210991
210992
210993
210994
210995
210996
210997
210998
210999
211000
211001
211002
211003
211004
211005
211006
211008
211009
211010
211061
211064
211065
211068
211071
211072
211075
211078
211079
211082
211085
211086
211364
211368
211369
211370
211371
211372
211373
211374
211375
211376
211377
211378
211379
211380
211381
211382
211384
211388
211404
211406
211408
211410
211412
211414
211416
211467
211468
211469
211470
211471
211472
211473
211474
211475
211476
211477
211478
211479
211480
211572
211574
211575
211576
211578
211579
211580
211582
211583
211584
211663
211665
211667
211669
211670
211671
211672
211673
211674
211675
211676
211677
211678
211679
211680
211681
211682
211683
211685
211687
211689
211733
211735
211736
211737
211739
211740
211741
211742
211743
211744
211745
211746
211747
211748
211749
211750
211751
211752
211753
211754
211755
211757
211758
211759
211810
211813
211814
211817
211820
211821
211824
211827
211828
211831
211834
211835
212113
212117
212118
212119
212120
212121
212122
212123
212124
212125
212126
212127
212128
212129
212130
212131
212133
212137
212153
212155
212157
212159
212161
212163
212165
212216
212217
212218
212219
212220
212221
212222
212223
212224
212225
212226
212227
212228
212229
212321
212323
212324
212325
212327
212328
212329
212331
212332
212333
212412
212414
212416
212418
212419
212420
212421
212422
212423
212424
212425
212426
212427
212428
212429
212430
212431
212432
212434
212436
212438
212482
212484
212485
212486
212488
212489
212490
212491
212492
212493
212494
212495
212496
212497
212498
212499
212500
212501
212502
212503
212504
212506
212507
212508
212559
212562
212563
212566
212569
212570
212573
212576
212577
212580
212583
212584
212862
212866
212867
212868
212869
212870
212871
212872
212873
212874
212875
212876
212877
212878
212879
212880
212882
212886
212902
212904
212906
212908
212910
212912
212914
212965
212966
212967
212968
212969
212970
212971
212972
212973
212974
212975
212976
212977
212978
213070
213072
213073
213074
213076
213077
213078
213080
213081
213082
213161
213163
213165
213167
213168
213169
213170
213171
213172
213173
213174
213175
213176
213177
213178
213179
213180
213181
213183
213185
213187
213231
213233
213234
213235
213237
213238
213239
213240
213241
213242
213243
213244
213245
213246
213247
213248
213249
213250
213251
213252
213253
213255
213256
213257
213308
213311
213312
213315
213318
213319
213322
213325
213326
213329
213332
213333
213611
213615
213616
213617
213618
213619
213620
213621
213622
213623
213624
213625
213626
213627
213628
213629
213631
213635
213651
213653
213655
213657
213659
213661
213663
213714
213715
213716
213717
213718
213719
213720
213721
213722
213723
213724
213725
213726
213727
213819
213821
213822
213823
213825
213826
213827
213829
213830
213831
213910
213912
213914
213916
213917
213918
213919
213920
213921
213922
213923
213924
213925
213926
213927
213928
213929
213930
213932
213934
213936
213980
213982
213983
213984
213986
213987
213988
213989
213990
213991
213992
213993
213994
213995
213996
213997
213998
213999
214000
214001
214002
214004
214005
214006
214057
214060
214061
214064
214067
214068
214071
214074
214075
214078
214081
214082
214360
214364
214365
214366
214367
214368
214369
214370
214371
214372
214373
214374
214375
214376
214377
214378
214380
214384
214400
214402
214404
214406
214408
214410
214412
214463
214464
214465
214466
214467
214468
214469
214470
214471
214472
214473
214474
214475
214476
214568
214570
214571
214572
214574
214575
214576
214578
214579
214580
214659
214661
214663
214665
214666
214667
214668
214669
214670
214671
214672
214673
214674
214675
214676
214677
214678
214679
214681
214683
214685
214729
214731
214732
214733
214735
214736
214737
214738
214739
214740
214741
214742
214743
214744
214745
214746
214747
214748
214749
214750
214751
214753
214754
214755
214806
214809
214810
214813
214816
214817
214820
214823
214824
214827
214830
214831
215109
215113
215114
215115
215116
215117
215118
215119
215120
215121
215122
215123
215124
215125
215126
215127
215129
215133
215149
215151
215153
215155
215157
215159
215161
215212
215213
215214
215215
215216
215217
215218
215219
215220
215221
215222
215223
215224
215225
215317
215319
215320
215321
215323
215324
215325
215327
215328
215329
215408
215410
215412
215414
215415
215416
215417
215418
215419
215420
215421
215422
215423
215424
215425
215426
215427
215428
215430
215432
215434
215478
215480
215481
215482
215484
215485
215486
215487
215488
215489
215490
215491
215492
215493
215494
215495
215496
215497
215498
215499
215500
215502
215503
215504
215555
215558
215559
215562
215565
215566
215569
215572
215573
215576
215579
215580
215858
215862
215863
215864
215865
215866
215867
215868
215869
215870
215871
215872
215873
215874
215875
215876
215878
215882
215898
215900
215902
215904
215906
215908
215910
215961
215962
215963
215964
215965
215966
215967
215968
215969
215970
215971
215972
215973
215974
216066
216068
216069
216070
216072
216073
216074
216076
216077
216078
216157
216159
216161
216163
216164
216165
216166
216167
216168
216169
216170
216171
216172
216173
216174
216175
216176
216177
216179
216181
216183
216227
216229
216230
216231
216233
216234
216235
216236
216237
216238
216239
216240
216241
216242
216243
216244
216245
216246
216247
216248
216249
216251
216252
216253
216304
216307
216308
216311
216314
216315
216318
216321
216322
216325
216328
216329
216607
216611
216612
216613
216614
216615
216616
216617
216618
216619
216620
216621
216622
216623
216624
216625
216627
216631
216647
216649
216651
216653
216655
216657
216659
216710
216711
216712
216713
216714
216715
216716
216717
216718
216719
216720
216721
216722
216723
216815
216817
216818
216819
216821
216822
216823
216825
216826
216827
216906
216908
216910
216912
216913
216914
216915
216916
216917
216918
216919
216920
216921
216922
216923
216924
216925
216926
216928
216930
216932
216976
216978
216979
216980
216982
216983
216984
216985
216986
216987
216988
216989
216990
216991
216992
216993
216994
216995
216996
216997
216998
217000
217001
217002
217053
217056
217057
217060
217063
217064
217067
217070
217071
217074
217077
217078
217356
217360
217361
217362
217363
217364
217365
217366
217367
217368
217369
217370
217371
217372
217373
217374
217376
217380
217396
217398
217400
217402
217404
217406
217408
217459
217460
217461
217462
217463
217464
217465
217466
217467
217468
217469
217470
217471
217472
217564
217566
217567
217568
217570
217571
217572
217574
217575
217576
217655
217657
217659
217661
217662
217663
217664
217665
217666
217667
217668
217669
217670
217671
217672
217673
217674
217675
217677
217679
217681
217725
217727
217728
217729
217731
217732
217733
217734
217735
217736
217737
217738
217739
217740
217741
217742
217743
217744
217745
217746
217747
217749
217750
217751
217802
217805
217806
217809
217812
217813
217816
217819
217820
217823
217826
217827
218105
218109
218110
218111
218112
218113
218114
218115
218116
218117
218118
218119
218120
218121
218122
218123
218125
218129
218145
218147
218149
218151
218153
218155
218157
218208
218209
218210
218211
218212
218213
218214
218215
218216
218217
218218
218219
218220
218221
218313
218315
218316
218317
218319
218320
218321
218323
218324
218325
218404
218406
218408
218410
218411
218412
218413
218414
218415
218416
218417
218418
218419
218420
218421
218422
218423
218424
218426
218428
218430
218474
218476
218477
218478
218480
218481
218482
218483
218484
218485
218486
218487
218488
218489
218490
218491
218492
218493
218494
218495
218496
218498
218499
218500
218551
218554
218555
218558
218561
218562
218565
218568
218569
218572
218575
218576
218854
218858
218859
218860
218861
218862
218863
218864
218865
218866
218867
218868
218869
218870
218871
218872
218874
218878
218894
218896
218898
218900
218902
218904
218906
218957
218958
218959
218960
218961
218962
218963
218964
218965
218966
218967
218968
218969
218970
219062
219064
219065
219066
219068
219069
219070
219072
219073
219074
219153
219155
219157
219159
219160
219161
219162
219163
219164
219165
219166
219167
219168
219169
219170
219171
219172
219173
219175
219177
219179
219223
219225
219226
219227
219229
219230
219231
219232
219233
219234
219235
219236
219237
219238
219239
219240
219241
219242
219243
219244
219245
219247
219248
219249
219300
219303
219304
219307
219310
219311
219314
219317
219318
219321
219324
219325
219603
219607
219608
219609
219610
219611
219612
219613
219614
219615
219616
219617
219618
219619
219620
219621
219623
219627
219643
219645
219647
219649
219651
219653
219655
219706
219707
219708
219709
219710
219711
219712
219713
219714
219715
219716
219717
219718
219719
219811
219813
219814
219815
219817
219818
219819
219821
219822
219823
219902
219904
219906
219908
219909
219910
219911
219912
219913
219914
219915
219916
219917
219918
219919
219920
219921
219922
219924
219926
219928
219972
219974
219975
219976
219978
219979
219980
219981
219982
219983
219984
219985
219986
219987
219988
219989
219990
219991
219992
219993
219994
219996
219997
219998
220049
220052
220053
220056
220059
220060
220063
220066
220067
220070
220073
220074
220352
220356
220357
220358
220359
220360
220361
220362
220363
220364
220365
220366
220367
220368
220369
220370
220372
220376
220392
220394
220396
220398
220400
220402
220404
220455
220456
220457
220458
220459
220460
220461
220462
220463
220464
220465
220466
220467
220468
220560
220562
220563
220564
220566
220567
220568
220570
220571
220572
220651
220653
220655
220657
220658
220659
220660
220661
220662
220663
220664
220665
220666
220667
220668
220669
220670
220671
220673
220675
220677
220721
220723
220724
220725
220727
220728
220729
220730
220731
220732
220733
220734
220735
220736
220737
220738
220739
220740
220741
220742
220743
220745
220746
220747
220798
220801
220802
220805
220808
220809
220812
220815
220816
220819
220822
220823
221101
221105
221106
221107
221108
221109
221110
221111
221112
221113
221114
221115
221116
221117
221118
221119
221121
221125
221141
221143
221145
221147
221149
221151
221153
221204
221205
221206
221207
221208
221209
221210
221211
221212
221213
221214
221215
221216
221217
221309
221311
221312
221313
221315
221316
221317
221319
221320
221321
221400
221402
221404
221406
221407
221408
221409
221410
221411
221412
221413
221414
221415
221416
221417
221418
221419
221420
221422
221424
221426
221470
221472
221473
221474
221476
221477
221478
221479
221480
221481
221482
221483
221484
221485
221486
221487
221488
221489
221490
221491
221492
221494
221495
221496
221547
221550
221551
221554
221557
221558
221561
221564
221565
221568
221571
221572
221850
221854
221855
221856
221857
221858
221859
221860
221861
221862
221863
221864
221865
221866
221867
221868
221870
221874
221890
221892
221894
221896
221898
221900
221902
221953
221954
221955
221956
221957
221958
221959
221960
221961
221962
221963
221964
221965
221966
222058
222060
222061
222062
222064
222065
222066
222068
222069
222070
222149
222151
222153
222155
222156
222157
222158
222159
222160
222161
222162
222163
222164
222165
222166
222167
222168
222169
222171
222173
222175
222219
222221
222222
222223
222225
222226
222227
222228
222229
222230
222231
222232
222233
222234
222235
222236
222237
222238
222239
222240
222241
222243
222244
222245
222296
222299
222300
222303
222306
222307
222310
222313
222314
222317
222320
222321
222599
222603
222604
222605
222606
222607
222608
222609
222610
222611
222612
222613
222614
222615
222616
222617
222619
222623
222639
222641
222643
222645
222647
222649
222651
222702
222703
222704
222705
222706
222707
222708
222709
222710
222711
222712
222713
222714
222715
222807
222809
222810
222811
222813
222814
222815
222817
222818
222819
222898
222900
222902
222904
222905
222906
222907
222908
222909
222910
222911
222912
222913
222914
222915
222916
222917
222918
222920
222922
222924
222968
222970
222971
222972
222974
222975
222976
222977
222978
222979
222980
222981
222982
222983
222984
222985
222986
222987
222988
222989
222990
222992
222993
222994
223045
223048
223049
223052
223055
223056
223059
223062
223063
223066
223069
223070
223348
223352
223353
223354
223355
223356
223357
223358
223359
223360
223361
223362
223363
223364
223365
223366
223368
223372
223388
223390
223392
223394
223396
223398
223400
223451
223452
223453
223454
223455
223456
223457
223458
223459
223460
223461
223462
223463
223464
223556
223558
223559
223560
223562
223563
223564
223566
223567
223568
223647
223649
223651
223653
223654
223655
223656
223657
223658
223659
223660
223661
223662
223663
223664
223665
223666
223667
223669
223671
223673
223717
223719
223720
223721
223723
223724
223725
223726
223727
223728
223729
223730
223731
223732
223733
223734
223735
223736
223737
223738
223739
223741
223742
223743
223794
223797
223798
223801
223804
223805
223808
223811
223812
223815
223818
223819
224097
224101
224102
224103
224104
224105
224106
224107
224108
224109
224110
224111
224112
224113
224114
224115
224117
224121
224137
224139
224141
224143
224145
224147
224149
224200
224201
224202
224203
224204
224205
224206
224207
224208
224209
224210
224211
224212
224213
224305
224307
224308
224309
224311
224312
224313
224315
224316
224317
224396
224398
224400
224402
224403
224404
224405
224406
224407
224408
224409
224410
224411
224412
224413
224414
224415
224416
224418
224420
224422
224466
224468
224469
224470
224472
224473
224474
224475
224476
224477
224478
224479
224480
224481
224482
224483
224484
224485
224486
224487
224488
224490
224491
224492
224543
224546
224547
224550
224553
224554
224557
224560
224561
224564
224567
224568
224846
224850
224851
224852
224853
224854
224855
224856
224857
224858
224859
224860
224861
224862
224863
224864
224866
224870
224886
224888
224890
224892
224894
224896
224898
224949
224950
224951
224952
224953
224954
224955
224956
224957
224958
224959
224960
224961
224962
225054
225056
225057
225058
225060
225061
225062
225064
225065
225066
225145
225147
225149
225151
225152
225153
225154
225155
225156
225157
225158
225159
225160
225161
225162
225163
225164
225165
225167
225169
225171
225215
225217
225218
225219
225221
225222
225223
225224
225225
225226
225227
225228
225229
225230
225231
225232
225233
225234
225235
225236
225237
225239
225240
225241
225292
225295
225296
225299
225302
225303
225306
225309
225310
225313
225316
225317
225595
225599
225600
225601
225602
225603
225604
225605
225606
225607
225608
225609
225610
225611
225612
225613
225615
225619
225635
225637
225639
225641
225643
225645
225647
225698
225699
225700
225701
225702
225703
225704
225705
225706
225707
225708
225709
225710
225711
225803
225805
225806
225807
225809
225810
225811
225813
225814
225815
225894
225896
225898
225900
225901
225902
225903
225904
225905
225906
225907
225908
225909
225910
225911
225912
225913
225914
225916
225918
225920
225964
225966
225967
225968
225970
225971
225972
225973
225974
225975
225976
225977
225978
225979
225980
225981
225982
225983
225984
225985
225986
225988
225989
225990
226041
226044
226045
226048
226051
226052
226055
226058
226059
226062
226065
226066
226344
226348
226349
226350
226351
226352
226353
226354
226355
226356
226357
226358
226359
226360
226361
226362
226364
226368
226384
226386
226388
226390
226392
226394
226396
226447
226448
226449
226450
226451
226452
226453
226454
226455
226456
226457
226458
226459
226460
226552
226554
226555
226556
226558
226559
226560
226562
226563
226564
226643
226645
226647
226649
226650
226651
226652
226653
226654
226655
226656
226657
226658
226659
226660
226661
226662
226663
226665
226667
226669
226713
226715
226716
226717
226719
226720
226721
226722
226723
226724
226725
226726
226727
226728
226729
226730
226731
226732
226733
226734
226735
226737
226738
226739
226790
226793
226794
226797
226800
226801
226804
226807
226808
226811
226814
226815
227093
227097
227098
227099
227100
227101
227102
227103
227104
227105
227106
227107
227108
227109
227110
227111
227113
227117
227133
227135
227137
227139
227141
227143
227145
227196
227197
227198
227199
227200
227201
227202
227203
227204
227205
227206
227207
227208
227209
227301
227303
227304
227305
227307
227308
227309
227311
227312
227313
227392
227394
227396
227398
227399
227400
227401
227402
227403
227404
227405
227406
227407
227408
227409
227410
227411
227412
227414
227416
227418
227462
227464
227465
227466
227468
227469
227470
227471
227472
227473
227474
227475
227476
227477
227478
227479
227480
227481
227482
227483
227484
227486
227487
227488
227539
227542
227543
227546
227549
227550
227553
227556
227557
227560
227563
227564
227842
227846
227847
227848
227849
227850
227851
227852
227853
227854
227855
227856
227857
227858
227859
227860
227862
227866
227882
227884
227886
227888
227890
227892
227894
227945
227946
227947
227948
227949
227950
227951
227952
227953
227954
227955
227956
227957
227958
228050
228052
228053
228054
228056
228057
228058
228060
228061
228062
228141
228143
228145
228147
228148
228149
228150
228151
228152
228153
228154
228155
228156
228157
228158
228159
228160
228161
228163
228165
228167
228211
228213
228214
228215
228217
228218
228219
228220
228221
228222
228223
228224
228225
228226
228227
228228
228229
228230
228231
228232
228233
228235
228236
228237
228288
228291
228292
228295
228298
228299
228302
228305
228306
228309
228312
228313
228591
228595
228596
228597
228598
228599
228600
228601
228602
228603
228604
228605
228606
228607
228608
228609
228611
228615
228631
228633
228635
228637
228639
228641
228643
228694
228695
228696
228697
228698
228699
228700
228701
228702
228703
228704
228705
228706
228707
228799
228801
228802
228803
228805
228806
228807
228809
228810
228811
228890
228892
228894
228896
228897
228898
228899
228900
228901
228902
228903
228904
228905
228906
228907
228908
228909
228910
228912
228914
228916
228960
228962
228963
228964
228966
228967
228968
228969
228970
228971
228972
228973
228974
228975
228976
228977
228978
228979
228980
228981
228982
228984
228985
228986
229037
229040
229041
229044
229047
229048
229051
229054
229055
229058
229061
229062
229340
229344
229345
229346
229347
229348
229349
229350
229351
229352
229353
229354
229355
229356
229357
229358
229360
229364
229380
229382
229384
229386
229388
229390
229392
229443
229444
229445
229446
229447
229448
229449
229450
229451
229452
229453
229454
229455
229456
229548
229550
229551
229552
229554
229555
229556
229558
229559
229560
229639
229641
229643
229645
229646
229647
229648
229649
229650
229651
229652
229653
229654
229655
229656
229657
229658
229659
229661
229663
229665
229709
229711
229712
229713
229715
229716
229717
229718
229719
229720
229721
229722
229723
229724
229725
229726
229727
229728
229729
229730
229731
229733
229734
229735
229786
229789
229790
229793
229796
229797
229800
229803
229804
229807
229810
229811
230089
230093
230094
230095
230096
230097
230098
230099
230100
230101
230102
230103
230104
230105
230106
230107
230109
230113
230129
230131
230133
230135
230137
230139
230141
230192
230193
230194
230195
230196
230197
230198
230199
230200
230201
230202
230203
230204
230205
230297
230299
230300
230301
230303
230304
230305
230307
230308
230309
230388
230390
230392
230394
230395
230396
230397
230398
230399
230400
230401
230402
230403
230404
230405
230406
230407
230408
230410
230412
230414
230458
230460
230461
230462
230464
230465
230466
230467
230468
230469
230470
230471
230472
230473
230474
230475
230476
230477
230478
230479
230480
230482
230483
230484
230535
230538
230539
230542
230545
230546
230549
230552
230553
230556
230559
230560
230838
230842
230843
230844
230845
230846
230847
230848
230849
230850
230851
230852
230853
230854
230855
230856
230858
230862
230878
230880
230882
230884
230886
230888
230890
230941
230942
230943
230944
230945
230946
230947
230948
230949
230950
230951
230952
230953
230954
231046
231048
231049
231050
231052
231053
231054
231056
231057
231058
231137
231139
231141
231143
231144
231145
231146
231147
231148
231149
231150
231151
231152
231153
231154
231155
231156
231157
231159
231161
231163
231207
231209
231210
231211
231213
231214
231215
231216
231217
231218
231219
231220
231221
231222
231223
231224
231225
231226
231227
231228
231229
231231
231232
231233
231284
231287
231288
231291
231294
231295
231298
231301
231302
231305
231308
231309
231587
231591
231592
231593
231594
231595
231596
231597
231598
231599
231600
231601
231602
231603
231604
231605
231607
231611
231627
231629
231631
231633
231635
231637
231639
231690
231691
231692
231693
231694
231695
231696
231697
231698
231699
231700
231701
231702
231703
231795
231797
231798
231799
231801
231802
231803
231805
231806
231807
231886
231888
231890
231892
231893
231894
231895
231896
231897
231898
231899
231900
231901
231902
231903
231904
231905
231906
231908
231910
231912
231956
231958
231959
231960
231962
231963
231964
231965
231966
231967
231968
231969
231970
231971
231972
231973
231974
231975
231976
231977
231978
231980
231981
231982
232033
232036
232037
232040
232043
232044
232047
232050
232051
232054
232057
232058
232336
232340
232341
232342
232343
232344
232345
232346
232347
232348
232349
232350
232351
232352
232353
232354
232356
232360
232376
232378
232380
232382
232384
232386
232388
232439
232440
232441
232442
232443
232444
232445
232446
232447
232448
232449
232450
232451
232452
232544
232546
232547
232548
232550
232551
232552
232554
232555
232556
232635
232637
232639
232641
232642
232643
232644
232645
232646
232647
232648
232649
232650
232651
232652
232653
232654
232655
232657
232659
232661
232705
232707
232708
232709
232711
232712
232713
232714
232715
232716
232717
232718
232719
232720
232721
232722
232723
232724
232725
232726
232727
232729
232730
232731
232782
232785
232786
232789
232792
232793
232796
232799
232800
232803
232806
232807
233085
233089
233090
233091
233092
233093
233094
233095
233096
233097
233098
233099
233100
233101
233102
233103
233105
233109
233125
233127
233129
233131
233133
233135
233137
233188
233189
233190
233191
233192
233193
233194
233195
233196
233197
233198
233199
233200
233201
233293
233295
233296
233297
233299
233300
233301
233303
233304
233305
233384
233386
233388
233390
233391
233392
233393
233394
233395
233396
233397
233398
233399
233400
233401
233402
233403
233404
233406
233408
233410
233454
233456
233457
233458
233460
233461
233462
233463
233464
233465
233466
233467
233468
233469
233470
233471
233472
233473
233474
233475
233476
233478
233479
233480
233531
233534
233535
233538
233541
233542
233545
233548
233549
233552
233555
233556
233834
233838
233839
233840
233841
233842
233843
233844
233845
233846
233847
233848
233849
233850
233851
233852
233854
233858
233874
233876
233878
233880
233882
233884
233886
233937
233938
233939
233940
233941
233942
233943
233944
233945
233946
233947
233948
233949
233950
234042
234044
234045
234046
234048
234049
234050
234052
234053
234054
234133
234135
234137
234139
234140
234141
234142
234143
234144
234145
234146
234147
234148
234149
234150
234151
234152
234153
234155
234157
234159
234203
234205
234206
234207
234209
234210
234211
234212
234213
234214
234215
234216
234217
234218
234219
234220
234221
234222
234223
234224
234225
234227
234228
234229
234280
234283
234284
234287
234290
234291
234294
234297
234298
234301
234304
234305
234583
234587
234588
234589
234590
234591
234592
234593
234594
234595
234596
234597
234598
234599
234600
234601
234603
234607
234623
234625
234627
234629
234631
234633
234635
234686
234687
234688
234689
234690
234691
234692
234693
234694
234695
234696
234697
234698
234699
234791
234793
234794
234795
234797
234798
234799
234801
234802
234803
234882
234884
234886
234888
234889
234890
234891
234892
234893
234894
234895
234896
234897
234898
234899
234900
234901
234902
234904
234906
234908
234952
234954
234955
234956
234958
234959
234960
234961
234962
234963
234964
234965
234966
234967
234968
234969
234970
234971
234972
234973
234974
234976
234977
234978
235029
235032
235033
235036
235039
235040
235043
235046
235047
235050
235053
235054
235332
235336
235337
235338
235339
235340
235341
235342
235343
235344
235345
235346
235347
235348
235349
235350
235352
235356
235372
235374
235376
235378
235380
235382
235384
235435
235436
235437
235438
235439
235440
235441
235442
235443
235444
235445
235446
235447
235448
235540
235542
235543
235544
235546
235547
235548
235550
235551
235552
235631
235633
235635
235637
235638
235639
235640
235641
235642
235643
235644
235645
235646
235647
235648
235649
235650
235651
235653
235655
235657
235701
235703
235704
235705
235707
235708
235709
235710
235711
235712
235713
235714
235715
235716
235717
235718
235719
235720
235721
235722
235723
235725
235726
235727
235778
235781
235782
235785
235788
235789
235792
235795
235796
235799
235802
235803
236081
236085
236086
236087
236088
236089
236090
236091
236092
236093
236094
236095
236096
236097
236098
236099
236101
236105
236121
236123
236125
236127
236129
236131
236133
236184
236185
236186
236187
236188
236189
236190
236191
236192
236193
236194
236195
236196
236197
236289
236291
236292
236293
236295
236296
236297
236299
236300
236301
236380
236382
236384
236386
236387
236388
236389
236390
236391
236392
236393
236394
236395
236396
236397
236398
236399
236400
236402
236404
236406
236450
236452
236453
236454
236456
236457
236458
236459
236460
236461
236462
236463
236464
236465
236466
236467
236468
236469
236470
236471
236472
236474
236475
236476
236527
236530
236531
236534
236537
236538
236541
236544
236545
236548
236551
236552
236830
236834
236835
236836
236837
236838
236839
236840
236841
236842
236843
236844
236845
236846
236847
236848
236850
236854
236870
236872
236874
236876
236878
236880
236882
236933
236934
236935
236936
236937
236938
236939
236940
236941
236942
236943
236944
236945
236946
237038
237040
237041
237042
237044
237045
237046
237048
237049
237050
237129
237131
237133
237135
237136
237137
237138
237139
237140
237141
237142
237143
237144
237145
237146
237147
237148
237149
237151
237153
237155
237199
237201
237202
237203
237205
237206
237207
237208
237209
237210
237211
237212
237213
237214
237215
237216
237217
237218
237219
237220
237221
237223
237224
237225
237276
237279
237280
237283
237286
237287
237290
237293
237294
237297
237300
237301
237579
237583
237584
237585
237586
237587
237588
237589
237590
237591
237592
237593
237594
237595
237596
237597
237599
237603
237619
237621
237623
237625
237627
237629
237631
237682
237683
237684
237685
237686
237687
237688
237689
237690
237691
237692
237693
237694
237695
237787
237789
237790
237791
237793
237794
237795
237797
237798
237799
237878
237880
237882
237884
237885
237886
237887
237888
237889
237890
237891
237892
237893
237894
237895
237896
237897
237898
237900
237902
237904
237948
237950
237951
237952
237954
237955
237956
237957
237958
237959
237960
237961
237962
237963
237964
237965
237966
237967
237968
237969
237970
237972
237973
237974
238025
238028
238029
238032
238035
238036
238039
238042
238043
238046
238049
238050
238328
238332
238333
238334
238335
238336
238337
238338
238339
238340
238341
238342
238343
238344
238345
238346
238348
238352
238368
238370
238372
238374
238376
238378
238380
238431
238432
238433
238434
238435
238436
238437
238438
238439
238440
238441
238442
238443
238444
238536
238538
238539
238540
238542
238543
238544
238546
238547
238548
238627
238629
238631
238633
238634
238635
238636
238637
238638
238639
238640
238641
238642
238643
238644
238645
238646
238647
238649
238651
238653
238697
238699
238700
238701
238703
238704
238705
238706
238707
238708
238709
238710
238711
238712
238713
238714
238715
238716
238717
238718
238719
238721
238722
238723
238774
238777
238778
238781
238784
238785
238788
238791
238792
238795
238798
238799
239077
239081
239082
239083
239084
239085
239086
239087
239088
239089
239090
239091
239092
239093
239094
239095
239097
239101
239117
239119
239121
239123
239125
239127
239129
239180
239181
239182
239183
239184
239185
239186
239187
239188
239189
239190
239191
239192
239193
239285
239287
239288
239289
239291
239292
239293
239295
239296
239297
239376
239378
239380
239382
239383
239384
239385
239386
239387
239388
239389
239390
239391
239392
239393
239394
239395
239396
239398
239400
239402
239446
239448
239449
239450
239452
239453
239454
239455
239456
239457
239458
239459
239460
239461
239462
239463
239464
239465
239466
239467
239468
239470
239471
239472
239523
239526
239527
239530
239533
239534
239537
239540
239541
239544
239547
239548
239826
239830
239831
239832
239833
239834
239835
239836
239837
239838
239839
239840
239841
239842
239843
239844
239846
239850
239866
239868
239870
239872
239874
239876
239878
239929
239930
239931
239932
239933
239934
239935
239936
239937
239938
239939
239940
239941
239942
240034
240036
240037
240038
240040
240041
240042
240044
240045
240046
240125
240127
240129
240131
240132
240133
240134
240135
240136
240137
240138
240139
240140
240141
240142
240143
240144
240145
240147
240149
240151
240195
240197
240198
240199
240201
240202
240203
240204
240205
240206
240207
240208
240209
240210
240211
240212
240213
240214
240215
240216
240217
240219
240220
240221
240272
240275
240276
240279
240282
240283
240286
240289
240290
240293
240296
240297
240575
240579
240580
240581
240582
240583
240584
240585
240586
240587
240588
240589
240590
240591
240592
240593
240595
240599
240615
240617
240619
240621
240623
240625
240627
240678
240679
240680
240681
240682
240683
240684
240685
240686
240687
240688
240689
240690
240691
240783
240785
240786
240787
240789
240790
240791
240793
240794
240795
240874
240876
240878
240880
240881
240882
240883
240884
240885
240886
240887
240888
240889
240890
240891
240892
240893
240894
240896
240898
240900
240944
240946
240947
240948
240950
240951
240952
240953
240954
240955
240956
240957
240958
240959
240960
240961
240962
240963
240964
240965
240966
240968
240969
240970
241021
241024
241025
241028
241031
241032
241035
241038
241039
241042
241045
241046
241324
241328
241329
241330
241331
241332
241333
241334
241335
241336
241337
241338
241339
241340
241341
241342
241344
241348
241364
241366
241368
241370
241372
241374
241376
241427
241428
241429
241430
241431
241432
241433
241434
241435
241436
241437
241438
241439
241440
241532
241534
241535
241536
241538
241539
241540
241542
241543
241544
241623
241625
241627
241629
241630
241631
241632
241633
241634
241635
241636
241637
241638
241639
241640
241641
241642
241643
241645
241647
241649
241693
241695
241696
241697
241699
241700
241701
241702
241703
241704
241705
241706
241707
241708
241709
241710
241711
241712
241713
241714
241715
241717
241718
241719
241770
241773
241774
241777
241780
241781
241784
241787
241788
241791
241794
241795
242073
242077
242078
242079
242080
242081
242082
242083
242084
242085
242086
242087
242088
242089
242090
242091
242093
242097
242113
242115
242117
242119
242121
242123
242125
242176
242177
242178
242179
242180
242181
242182
242183
242184
242185
242186
242187
242188
242189
242281
242283
242284
242285
242287
242288
242289
242291
242292
242293
242372
242374
242376
242378
242379
242380
242381
242382
242383
242384
242385
242386
242387
242388
242389
242390
242391
242392
242394
242396
242398
242442
242444
242445
242446
242448
242449
242450
242451
242452
242453
242454
242455
242456
242457
242458
242459
242460
242461
242462
242463
242464
242466
242467
242468
242519
242522
242523
242526
242529
242530
242533
242536
242537
242540
242543
242544
242822
242826
242827
242828
242829
242830
242831
242832
242833
242834
242835
242836
242837
242838
242839
242840
242842
242846
242862
242864
242866
242868
242870
242872
242874
242925
242926
242927
242928
242929
242930
242931
242932
242933
242934
242935
242936
242937
242938
243030
243032
243033
243034
243036
243037
243038
243040
243041
243042
243121
243123
243125
243127
243128
243129
243130
243131
243132
243133
243134
243135
243136
243137
243138
243139
243140
243141
243143
243145
243147
243191
243193
243194
243195
243197
243198
243199
243200
243201
243202
243203
243204
243205
243206
243207
243208
243209
243210
243211
243212
243213
243215
243216
243217
243268
243271
243272
243275
243278
243279
243282
243285
243286
243289
243292
243293
243571
243575
243576
243577
243578
243579
243580
243581
243582
243583
243584
243585
243586
243587
243588
243589
243591
243595
243611
243613
243615
243617
243619
243621
243623
243674
243675
243676
243677
243678
243679
243680
243681
243682
243683
243684
243685
243686
243687
243779
243781
243782
243783
243785
243786
243787
243789
243790
243791
243870
243872
243874
243876
243877
243878
243879
243880
243881
243882
243883
243884
243885
243886
243887
243888
243889
243890
243892
243894
243896
243940
243942
243943
243944
243946
243947
243948
243949
243950
243951
243952
243953
243954
243955
243956
243957
243958
243959
243960
243961
243962
243964
243965
243966
244017
244020
244021
244024
244027
244028
244031
244034
244035
244038
244041
244042
244320
244324
244325
244326
244327
244328
244329
244330
244331
244332
244333
244334
244335
244336
244337
244338
244340
244344
244360
244362
244364
244366
244368
244370
244372
244423
244424
244425
244426
244427
244428
244429
244430
244431
244432
244433
244434
244435
244436
244528
244530
244531
244532
244534
244535
244536
244538
244539
244540
244619
244621
244623
244625
244626
244627
244628
244629
244630
244631
244632
244633
244634
244635
244636
244637
244638
244639
244641
244643
244645
244689
244691
244692
244693
244695
244696
244697
244698
244699
244700
244701
244702
244703
244704
244705
244706
244707
244708
244709
244710
244711
244713
244714
244715
244766
244769
244770
244773
244776
244777
244780
244783
244784
244787
244790
244791
245069
245073
245074
245075
245076
245077
245078
245079
245080
245081
245082
245083
245084
245085
245086
245087
245089
245093
245109
245111
245113
245115
245117
245119
245121
245172
245173
245174
245175
245176
245177
245178
245179
245180
245181
245182
245183
245184
245185
245277
245279
245280
245281
245283
245284
245285
245287
245288
245289
245368
245370
245372
245374
245375
245376
245377
245378
245379
245380
245381
245382
245383
245384
245385
245386
245387
245388
245390
245392
245394
245438
245440
245441
245442
245444
245445
245446
245447
245448
245449
245450
245451
245452
245453
245454
245455
245456
245457
245458
245459
245460
245462
245463
245464
245515
245518
245519
245522
245525
245526
245529
245532
245533
245536
245539
245540
245818
245822
245823
245824
245825
245826
245827
245828
245829
245830
245831
245832
245833
245834
245835
245836
245838
245842
245858
245860
245862
245864
245866
245868
245870
245921
245922
245923
245924
245925
245926
245927
245928
245929
245930
245931
245932
245933
245934
246026
246028
246029
246030
246032
246033
246034
246036
246037
246038
246117
246119
246121
246123
246124
246125
246126
246127
246128
246129
246130
246131
246132
246133
246134
246135
246136
246137
246139
246141
246143
246187
246189
246190
246191
246193
246194
246195
246196
246197
246198
246199
246200
246201
246202
246203
246204
246205
246206
246207
246208
246209
246211
246212
246213
246264
246267
246268
246271
246274
246275
246278
246281
246282
246285
246288
246289
246567
246571
246572
246573
246574
246575
246576
246577
246578
246579
246580
246581
246582
246583
246584
246585
246587
246591
246607
246609
246611
246613
246615
246617
246619
246670
246671
246672
246673
246674
246675
246676
246677
246678
246679
246680
246681
246682
246683
246775
246777
246778
246779
246781
246782
246783
246785
246786
246787
246866
246868
246870
246872
246873
246874
246875
246876
246877
246878
246879
246880
246881
246882
246883
246884
246885
246886
246888
246890
246892
246936
246938
246939
246940
246942
246943
246944
246945
246946
246947
246948
246949
246950
246951
246952
246953
246954
246955
246956
246957
246958
246960
246961
246962
247013
247016
247017
247020
247023
247024
247027
247030
247031
247034
247037
247038
247316
247320
247321
247322
247323
247324
247325
247326
247327
247328
247329
247330
247331
247332
247333
247334
247336
247340
247356
247358
247360
247362
247364
247366
247368
247419
247420
247421
247422
247423
247424
247425
247426
247427
247428
247429
247430
247431
247432
247524
247526
247527
247528
247530
247531
247532
247534
247535
247536
247615
247617
247619
247621
247622
247623
247624
247625
247626
247627
247628
247629
247630
247631
247632
247633
247634
247635
247637
247639
247641
247685
247687
247688
247689
247691
247692
247693
247694
247695
247696
247697
247698
247699
247700
247701
247702
247703
247704
247705
247706
247707
247709
247710
247711
247762
247765
247766
247769
247772
247773
247776
247779
247780
247783
247786
247787
248065
248069
248070
248071
248072
248073
248074
248075
248076
248077
248078
248079
248080
248081
248082
248083
248085
248089
248105
248107
248109
248111
248113
248115
248117
248168
248169
248170
248171
248172
248173
248174
248175
248176
248177
248178
248179
248180
248181
248273
248275
248276
248277
248279
248280
248281
248283
248284
248285
248364
248366
248368
248370
248371
248372
248373
248374
248375
248376
248377
248378
248379
248380
248381
248382
248383
248384
248386
248388
248390
248434
248436
248437
248438
248440
248441
248442
248443
248444
248445
248446
248447
248448
248449
248450
248451
248452
248453
248454
248455
248456
248458
248459
248460
248511
248514
248515
248518
248521
248522
248525
248528
248529
248532
248535
248536
248814
248818
248819
248820
248821
248822
248823
248824
248825
248826
248827
248828
248829
248830
248831
248832
248834
248838
248854
248856
248858
248860
248862
248864
248866
248917
248918
248919
248920
248921
248922
248923
248924
248925
248926
248927
248928
248929
248930
249022
249024
249025
249026
249028
249029
249030
249032
249033
249034
249113
249115
249117
249119
249120
249121
249122
249123
249124
249125
249126
249127
249128
249129
249130
249131
249132
249133
249135
249137
249139
249183
249185
249186
249187
249189
249190
249191
249192
249193
249194
249195
249196
249197
249198
249199
249200
249201
249202
249203
249204
249205
249207
249208
249209
249260
249263
249264
249267
249270
249271
249274
249277
249278
249281
249284
249285
249563
249567
249568
249569
249570
249571
249572
249573
249574
249575
249576
249577
249578
249579
249580
249581
249583
249587
249603
249605
249607
249609
249611
249613
249615
249666
249667
249668
249669
249670
249671
249672
249673
249674
249675
249676
249677
249678
249679
249771
249773
249774
249775
249777
249778
249779
249781
249782
249783
249862
249864
249866
249868
249869
249870
249871
249872
249873
249874
249875
249876
249877
249878
249879
249880
249881
249882
249884
249886
249888
249932
249934
249935
249936
249938
249939
249940
249941
249942
249943
249944
249945
249946
249947
249948
249949
249950
249951
249952
249953
249954
249956
249957
249958
250009
250012
250013
250016
250019
250020
250023
250026
250027
250030
250033
250034
250312
250316
250317
250318
250319
250320
250321
250322
250323
250324
250325
250326
250327
250328
250329
250330
250332
250336
250352
250354
250356
250358
250360
250362
250364
250415
250416
250417
250418
250419
250420
250421
250422
250423
250424
250425
250426
250427
250428
250520
250522
250523
250524
250526
250527
250528
250530
250531
250532
250611
250613
250615
250617
250618
250619
250620
250621
250622
250623
250624
250625
250626
250627
250628
250629
250630
250631
250633
250635
250637
250681
250683
250684
250685
250687
250688
250689
250690
250691
250692
250693
250694
250695
250696
250697
250698
250699
250700
250701
250702
250703
250705
250706
250707
250758
250761
250762
250765
250768
250769
250772
250775
250776
250779
250782
250783
251061
251065
251066
251067
251068
251069
251070
251071
251072
251073
251074
251075
251076
251077
251078
251079
251081
251085
251101
251103
251105
251107
251109
251111
251113
251164
251165
251166
251167
251168
251169
251170
251171
251172
251173
251174
251175
251176
251177
251269
251271
251272
251273
251275
251276
251277
251279
251280
251281
251360
251362
251364
251366
251367
251368
251369
251370
251371
251372
251373
251374
251375
251376
251377
251378
251379
251380
251382
251384
251386
251430
251432
251433
251434
251436
251437
251438
251439
251440
251441
251442
251443
251444
251445
251446
251447
251448
251449
251450
251451
251452
251454
251455
251456
251507
251510
251511
251514
251517
251518
251521
251524
251525
251528
251531
251532
251810
251814
251815
251816
251817
251818
251819
251820
251821
251822
251823
251824
251825
251826
251827
251828
251830
251834
251850
251852
251854
251856
251858
251860
251862
251913
251914
251915
251916
251917
251918
251919
251920
251921
251922
251923
251924
251925
251926
252018
252020
252021
252022
252024
252025
252026
252028
252029
252030
252109
252111
252113
252115
252116
252117
252118
252119
252120
252121
252122
252123
252124
252125
252126
252127
252128
252129
252131
252133
252135
252179
252181
252182
252183
252185
252186
252187
252188
252189
252190
252191
252192
252193
252194
252195
252196
252197
252198
252199
252200
252201
252203
252204
252205
252256
252259
252260
252263
252266
252267
252270
252273
252274
252277
252280
252281
252559
252563
252564
252565
252566
252567
252568
252569
252570
252571
252572
252573
252574
252575
252576
252577
252579
252583
252599
252601
252603
252605
252607
252609
252611
252662
252663
252664
252665
252666
252667
252668
252669
252670
252671
252672
252673
252674
252675
252767
252769
252770
252771
252773
252774
252775
252777
252778
252779
252858
252860
252862
252864
252865
252866
252867
252868
252869
252870
252871
252872
252873
252874
252875
252876
252877
252878
252880
252882
252884
252928
252930
252931
252932
252934
252935
252936
252937
252938
252939
252940
252941
252942
252943
252944
252945
252946
252947
252948
252949
252950
252952
252953
252954
253005
253008
253009
253012
253015
253016
253019
253022
253023
253026
253029
253030
253308
253312
253313
253314
253315
253316
253317
253318
253319
253320
253321
253322
253323
253324
253325
253326
253328
253332
253348
253350
253352
253354
253356
253358
253360
253411
253412
253413
253414
253415
253416
253417
253418
253419
253420
253421
253422
253423
253424
253516
253518
253519
253520
253522
253523
253524
253526
253527
253528
253607
253609
253611
253613
253614
253615
253616
253617
253618
253619
253620
253621
253622
253623
253624
253625
253626
253627
253629
253631
253633
253677
253679
253680
253681
253683
253684
253685
253686
253687
253688
253689
253690
253691
253692
253693
253694
253695
253696
253697
253698
253699
253701
253702
253703
253754
253757
253758
253761
253764
253765
253768
253771
253772
253775
253778
253779
254057
254061
254062
254063
254064
254065
254066
254067
254068
254069
254070
254071
254072
254073
254074
254075
254077
254081
254097
254099
254101
254103
254105
254107
254109
254160
254161
254162
254163
254164
254165
254166
254167
254168
254169
254170
254171
254172
254173
254265
254267
254268
254269
254271
254272
254273
254275
254276
254277
254356
254358
254360
254362
254363
254364
254365
254366
254367
254368
254369
254370
254371
254372
254373
254374
254375
254376
254378
254380
254382
254426
254428
254429
254430
254432
254433
254434
254435
254436
254437
254438
254439
254440
254441
254442
254443
254444
254445
254446
254447
254448
254450
254451
254452
254503
254506
254507
254510
254513
254514
254517
254520
254521
254524
254527
254528
254806
254810
254811
254812
254813
254814
254815
254816
254817
254818
254819
254820
254821
254822
254823
254824
254826
254830
254846
254848
254850
254852
254854
254856
254858
254909
254910
254911
254912
254913
254914
254915
254916
254917
254918
254919
254920
254921
254922
255014
255016
255017
255018
255020
255021
255022
255024
255025
255026
255105
255107
255109
255111
255112
255113
255114
255115
255116
255117
255118
255119
255120
255121
255122
255123
255124
255125
255127
255129
255131
255175
255177
255178
255179
255181
255182
255183
255184
255185
255186
255187
255188
255189
255190
255191
255192
255193
255194
255195
255196
255197
255199
255200
255201
255252
255255
255256
255259
255262
255263
255266
255269
255270
255273
255276
255277
255555
255559
255560
255561
255562
255563
255564
255565
255566
255567
255568
255569
255570
255571
255572
255573
255575
255579
255595
255597
255599
255601
255603
255605
255607
255658
255659
255660
255661
255662
255663
255664
255665
255666
255667
255668
255669
255670
255671
255763
255765
255766
255767
255769
255770
255771
255773
255774
255775
255854
255856
255858
255860
255861
255862
255863
255864
255865
255866
255867
255868
255869
255870
255871
255872
255873
255874
255876
255878
255880
255924
255926
255927
255928
255930
255931
255932
255933
255934
255935
255936
255937
255938
255939
255940
255941
255942
255943
255944
255945
255946
255948
255949
255950
256001
256004
256005
256008
256011
256012
256015
256018
256019
256022
256025
256026
256304
256308
256309
256310
256311
256312
256313
256314
256315
256316
256317
256318
256319
256320
256321
256322
256324
256328
256344
256346
256348
256350
256352
256354
256356
256407
256408
256409
256410
256411
256412
256413
256414
256415
256416
256417
256418
256419
256420
256512
256514
256515
256516
256518
256519
256520
256522
256523
256524
256603
256605
256607
256609
256610
256611
256612
256613
256614
256615
256616
256617
256618
256619
256620
256621
256622
256623
256625
256627
256629
256673
256675
256676
256677
256679
256680
256681
256682
256683
256684
256685
256686
256687
256688
256689
256690
256691
256692
256693
256694
256695
256697
256698
256699
256750
256753
256754
256757
256760
256761
256764
256767
256768
256771
256774
256775
257053
257057
257058
257059
257060
257061
257062
257063
257064
257065
257066
257067
257068
257069
257070
257071
257073
257077
257093
257095
257097
257099
257101
257103
257105
257156
257157
257158
257159
257160
257161
257162
257163
257164
257165
257166
257167
257168
257169
257261
257263
257264
257265
257267
257268
257269
257271
257272
257273
257352
257354
257356
257358
257359
257360
257361
257362
257363
257364
257365
257366
257367
257368
257369
257370
257371
257372
257374
257376
257378
257422
257424
257425
257426
257428
257429
257430
257431
257432
257433
257434
257435
257436
257437
257438
257439
257440
257441
257442
257443
257444
257446
257447
257448
257499
257502
257503
257506
257509
257510
257513
257516
257517
257520
257523
257524
473428
473429
473430
473431
473432
473433
473434
473435
473436
473437
473438
473439
473440
473441
473512
473513
473514
473515
473516
473517
473518
473519
473520
473521
473522
473523
473524
473525
473589
473590
473591
473592
473593
473594
473595
473596
473597
473598
473599
473600
473601
473602
473792
473793
473794
473795
473796
473797
473798
473799
473800
473801
473802
473803
473804
473805
473876
473877
473878
473879
473880
473881
473882
473883
473884
473885
473886
473887
473888
473889
473953
473954
473955
473956
473957
473958
473959
473960
473961
473962
473963
473964
473965
473966
474156
474157
474158
474159
474160
474161
474162
474163
474164
474165
474166
474167
474168
474169
474240
474241
474242
474243
474244
474245
474246
474247
474248
474249
474250
474251
474252
474253
474317
474318
474319
474320
474321
474322
474323
474324
474325
474326
474327
474328
474329
474330
474520
474521
474522
474523
474524
474525
474526
474527
474528
474529
474530
474531
474532
474533
474604
474605
474606
474607
474608
474609
474610
474611
474612
474613
474614
474615
474616
474617
474681
474682
474683
474684
474685
474686
474687
474688
474689
474690
474691
474692
474693
474694
474884
474885
474886
474887
474888
474889
474890
474891
474892
474893
474894
474895
474896
474897
474968
474969
474970
474971
474972
474973
474974
474975
474976
474977
474978
474979
474980
474981
475045
475046
475047
475048
475049
475050
475051
475052
475053
475054
475055
475056
475057
475058
475248
475249
475250
475251
475252
475253
475254
475255
475256
475257
475258
475259
475260
475261
475332
475333
475334
475335
475336
475337
475338
475339
475340
475341
475342
475343
475344
475345
475409
475410
475411
475412
475413
475414
475415
475416
475417
475418
475419
475420
475421
475422
475612
475613
475614
475615
475616
475617
475618
475619
475620
475621
475622
475623
475624
475625
475696
475697
475698
475699
475700
475701
475702
475703
475704
475705
475706
475707
475708
475709
475773
475774
475775
475776
475777
475778
475779
475780
475781
475782
475783
475784
475785
475786
475976
475977
475978
475979
475980
475981
475982
475983
475984
475985
475986
475987
475988
475989
476060
476061
476062
476063
476064
476065
476066
476067
476068
476069
476070
476071
476072
476073
476137
476138
476139
476140
476141
476142
476143
476144
476145
476146
476147
476148
476149
476150
476340
476341
476342
476343
476344
476345
476346
476347
476348
476349
476350
476351
476352
476353
476424
476425
476426
476427
476428
476429
476430
476431
476432
476433
476434
476435
476436
476437
476501
476502
476503
476504
476505
476506
476507
476508
476509
476510
476511
476512
476513
476514
476704
476705
476706
476707
476708
476709
476710
476711
476712
476713
476714
476715
476716
476717
476788
476789
476790
476791
476792
476793
476794
476795
476796
476797
476798
476799
476800
476801
476865
476866
476867
476868
476869
476870
476871
476872
476873
476874
476875
476876
476877
476878
477068
477069
477070
477071
477072
477073
477074
477075
477076
477077
477078
477079
477080
477081
477152
477153
477154
477155
477156
477157
477158
477159
477160
477161
477162
477163
477164
477165
477229
477230
477231
477232
477233
477234
477235
477236
477237
477238
477239
477240
477241
477242
477432
477433
477434
477435
477436
477437
477438
477439
477440
477441
477442
477443
477444
477445
477516
477517
477518
477519
477520
477521
477522
477523
477524
477525
477526
477527
477528
477529
477593
477594
477595
477596
477597
477598
477599
477600
477601
477602
477603
477604
477605
477606
477796
477797
477798
477799
477800
477801
477802
477803
477804
477805
477806
477807
477808
477809
477880
477881
477882
477883
477884
477885
477886
477887
477888
477889
477890
477891
477892
477893
477957
477958
477959
477960
477961
477962
477963
477964
477965
477966
477967
477968
477969
477970
478160
478161
478162
478163
478164
478165
478166
478167
478168
478169
478170
478171
478172
478173
478244
478245
478246
478247
478248
478249
478250
478251
478252
478253
478254
478255
478256
478257
478321
478322
478323
478324
478325
478326
478327
478328
478329
478330
478331
478332
478333
478334
478524
478525
478526
478527
478528
478529
478530
478531
478532
478533
478534
478535
478536
478537
478608
478609
478610
478611
478612
478613
478614
478615
478616
478617
478618
478619
478620
478621
478685
478686
478687
478688
478689
478690
478691
478692
478693
478694
478695
478696
478697
478698
478888
478889
478890
478891
478892
478893
478894
478895
478896
478897
478898
478899
478900
478901
478972
478973
478974
478975
478976
478977
478978
478979
478980
478981
478982
478983
478984
478985
479049
479050
479051
479052
479053
479054
479055
479056
479057
479058
479059
479060
479061
479062
479252
479253
479254
479255
479256
479257
479258
479259
479260
479261
479262
479263
479264
479265
479336
479337
479338
479339
479340
479341
479342
479343
479344
479345
479346
479347
479348
479349
479413
479414
479415
479416
479417
479418
479419
479420
479421
479422
479423
479424
479425
479426
479616
479617
479618
479619
479620
479621
479622
479623
479624
479625
479626
479627
479628
479629
479700
479701
479702
479703
479704
479705
479706
479707
479708
479709
479710
479711
479712
479713
479777
479778
479779
479780
479781
479782
479783
479784
479785
479786
479787
479788
479789
479790
479980
479981
479982
479983
479984
479985
479986
479987
479988
479989
479990
479991
479992
479993
480064
480065
480066
480067
480068
480069
480070
480071
480072
480073
480074
480075
480076
480077
480141
480142
480143
480144
480145
480146
480147
480148
480149
480150
480151
480152
480153
480154
480344
480345
480346
480347
480348
480349
480350
480351
480352
480353
480354
480355
480356
480357
480428
480429
480430
480431
480432
480433
480434
480435
480436
480437
480438
480439
480440
480441
480505
480506
480507
480508
480509
480510
480511
480512
480513
480514
480515
480516
480517
480518
480708
480709
480710
480711
480712
480713
480714
480715
480716
480717
480718
480719
480720
480721
480792
480793
480794
480795
480796
480797
480798
480799
480800
480801
480802
480803
480804
480805
480869
480870
480871
480872
480873
480874
480875
480876
480877
480878
480879
480880
480881
480882
481072
481073
481074
481075
481076
481077
481078
481079
481080
481081
481082
481083
481084
481085
481156
481157
481158
481159
481160
481161
481162
481163
481164
481165
481166
481167
481168
481169
481233
481234
481235
481236
481237
481238
481239
481240
481241
481242
481243
481244
481245
481246
481436
481437
481438
481439
481440
481441
481442
481443
481444
481445
481446
481447
481448
481449
481520
481521
481522
481523
481524
481525
481526
481527
481528
481529
481530
481531
481532
481533
481597
481598
481599
481600
481601
481602
481603
481604
481605
481606
481607
481608
481609
481610
481800
481801
481802
481803
481804
481805
481806
481807
481808
481809
481810
481811
481812
481813
481884
481885
481886
481887
481888
481889
481890
481891
481892
481893
481894
481895
481896
481897
481961
481962
481963
481964
481965
481966
481967
481968
481969
481970
481971
481972
481973
481974
482164
482165
482166
482167
482168
482169
482170
482171
482172
482173
482174
482175
482176
482177
482248
482249
482250
482251
482252
482253
482254
482255
482256
482257
482258
482259
482260
482261
482325
482326
482327
482328
482329
482330
482331
482332
482333
482334
482335
482336
482337
482338
482528
482529
482530
482531
482532
482533
482534
482535
482536
482537
482538
482539
482540
482541
482612
482613
482614
482615
482616
482617
482618
482619
482620
482621
482622
482623
482624
482625
482689
482690
482691
482692
482693
482694
482695
482696
482697
482698
482699
482700
482701
482702
482892
482893
482894
482895
482896
482897
482898
482899
482900
482901
482902
482903
482904
482905
482976
482977
482978
482979
482980
482981
482982
482983
482984
482985
482986
482987
482988
482989
483053
483054
483055
483056
483057
483058
483059
483060
483061
483062
483063
483064
483065
483066
483256
483257
483258
483259
483260
483261
483262
483263
483264
483265
483266
483267
483268
483269
483340
483341
483342
483343
483344
483345
483346
483347
483348
483349
483350
483351
483352
483353
483417
483418
483419
483420
483421
483422
483423
483424
483425
483426
483427
483428
483429
483430
483620
483621
483622
483623
483624
483625
483626
483627
483628
483629
483630
483631
483632
483633
483704
483705
483706
483707
483708
483709
483710
483711
483712
483713
483714
483715
483716
483717
483781
483782
483783
483784
483785
483786
483787
483788
483789
483790
483791
483792
483793
483794
483984
483985
483986
483987
483988
483989
483990
483991
483992
483993
483994
483995
483996
483997
484068
484069
484070
484071
484072
484073
484074
484075
484076
484077
484078
484079
484080
484081
484145
484146
484147
484148
484149
484150
484151
484152
484153
484154
484155
484156
484157
484158
484348
484349
484350
484351
484352
484353
484354
484355
484356
484357
484358
484359
484360
484361
484432
484433
484434
484435
484436
484437
484438
484439
484440
484441
484442
484443
484444
484445
484509
484510
484511
484512
484513
484514
484515
484516
484517
484518
484519
484520
484521
484522
484712
484713
484714
484715
484716
484717
484718
484719
484720
484721
484722
484723
484724
484725
484796
484797
484798
484799
484800
484801
484802
484803
484804
484805
484806
484807
484808
484809
484873
484874
484875
484876
484877
484878
484879
484880
484881
484882
484883
484884
484885
484886
485076
485077
485078
485079
485080
485081
485082
485083
485084
485085
485086
485087
485088
485089
485160
485161
485162
485163
485164
485165
485166
485167
485168
485169
485170
485171
485172
485173
485237
485238
485239
485240
485241
485242
485243
485244
485245
485246
485247
485248
485249
485250
485440
485441
485442
485443
485444
485445
485446
485447
485448
485449
485450
485451
485452
485453
485524
485525
485526
485527
485528
485529
485530
485531
485532
485533
485534
485535
485536
485537
485601
485602
485603
485604
485605
485606
485607
485608
485609
485610
485611
485612
485613
485614
485804
485805
485806
485807
485808
485809
485810
485811
485812
485813
485814
485815
485816
485817
485888
485889
485890
485891
485892
485893
485894
485895
485896
485897
485898
485899
485900
485901
485965
485966
485967
485968
485969
485970
485971
485972
485973
485974
485975
485976
485977
485978
486168
486169
486170
486171
486172
486173
486174
486175
486176
486177
486178
486179
486180
486181
486252
486253
486254
486255
486256
486257
486258
486259
486260
486261
486262
486263
486264
486265
486329
486330
486331
486332
486333
486334
486335
486336
486337
486338
486339
486340
486341
486342
486532
486533
486534
486535
486536
486537
486538
486539
486540
486541
486542
486543
486544
486545
486616
486617
486618
486619
486620
486621
486622
486623
486624
486625
486626
486627
486628
486629
486693
486694
486695
486696
486697
486698
486699
486700
486701
486702
486703
486704
486705
486706
486896
486897
486898
486899
486900
486901
486902
486903
486904
486905
486906
486907
486908
486909
486980
486981
486982
486983
486984
486985
486986
486987
486988
486989
486990
486991
486992
486993
487057
487058
487059
487060
487061
487062
487063
487064
487065
487066
487067
487068
487069
487070
487260
487261
487262
487263
487264
487265
487266
487267
487268
487269
487270
487271
487272
487273
487344
487345
487346
487347
487348
487349
487350
487351
487352
487353
487354
487355
487356
487357
487421
487422
487423
487424
487425
487426
487427
487428
487429
487430
487431
487432
487433
487434
487624
487625
487626
487627
487628
487629
487630
487631
487632
487633
487634
487635
487636
487637
487708
487709
487710
487711
487712
487713
487714
487715
487716
487717
487718
487719
487720
487721
487785
487786
487787
487788
487789
487790
487791
487792
487793
487794
487795
487796
487797
487798
487988
487989
487990
487991
487992
487993
487994
487995
487996
487997
487998
487999
488000
488001
488072
488073
488074
488075
488076
488077
488078
488079
488080
488081
488082
488083
488084
488085
488149
488150
488151
488152
488153
488154
488155
488156
488157
488158
488159
488160
488161
488162
488352
488353
488354
488355
488356
488357
488358
488359
488360
488361
488362
488363
488364
488365
488436
488437
488438
488439
488440
488441
488442
488443
488444
488445
488446
488447
488448
488449
488513
488514
488515
488516
488517
488518
488519
488520
488521
488522
488523
488524
488525
488526
488716
488717
488718
488719
488720
488721
488722
488723
488724
488725
488726
488727
488728
488729
488800
488801
488802
488803
488804
488805
488806
488807
488808
488809
488810
488811
488812
488813
488877
488878
488879
488880
488881
488882
488883
488884
488885
488886
488887
488888
488889
488890
489080
489081
489082
489083
489084
489085
489086
489087
489088
489089
489090
489091
489092
489093
489164
489165
489166
489167
489168
489169
489170
489171
489172
489173
489174
489175
489176
489177
489241
489242
489243
489244
489245
489246
489247
489248
489249
489250
489251
489252
489253
489254
489444
489445
489446
489447
489448
489449
489450
489451
489452
489453
489454
489455
489456
489457
489528
489529
489530
489531
489532
489533
489534
489535
489536
489537
489538
489539
489540
489541
489605
489606
489607
489608
489609
489610
489611
489612
489613
489614
489615
489616
489617
489618
489808
489809
489810
489811
489812
489813
489814
489815
489816
489817
489818
489819
489820
489821
489892
489893
489894
489895
489896
489897
489898
489899
489900
489901
489902
489903
489904
489905
489969
489970
489971
489972
489973
489974
489975
489976
489977
489978
489979
489980
489981
489982
490172
490173
490174
490175
490176
490177
490178
490179
490180
490181
490182
490183
490184
490185
490256
490257
490258
490259
490260
490261
490262
490263
490264
490265
490266
490267
490268
490269
490333
490334
490335
490336
490337
490338
490339
490340
490341
490342
490343
490344
490345
490346
490536
490537
490538
490539
490540
490541
490542
490543
490544
490545
490546
490547
490548
490549
490620
490621
490622
490623
490624
490625
490626
490627
490628
490629
490630
490631
490632
490633
490697
490698
490699
490700
490701
490702
490703
490704
490705
490706
490707
490708
490709
490710
490900
490901
490902
490903
490904
490905
490906
490907
490908
490909
490910
490911
490912
490913
490984
490985
490986
490987
490988
490989
490990
490991
490992
490993
490994
490995
490996
490997
491061
491062
491063
491064
491065
491066
491067
491068
491069
491070
491071
491072
491073
491074
491264
491265
491266
491267
491268
491269
491270
491271
491272
491273
491274
491275
491276
491277
491348
491349
491350
491351
491352
491353
491354
491355
491356
491357
491358
491359
491360
491361
491425
491426
491427
491428
491429
491430
491431
491432
491433
491434
491435
491436
491437
491438
491628
491629
491630
491631
491632
491633
491634
491635
491636
491637
491638
491639
491640
491641
491712
491713
491714
491715
491716
491717
491718
491719
491720
491721
491722
491723
491724
491725
491789
491790
491791
491792
491793
491794
491795
491796
491797
491798
491799
491800
491801
491802
491992
491993
491994
491995
491996
491997
491998
491999
492000
492001
492002
492003
492004
492005
492076
492077
492078
492079
492080
492081
492082
492083
492084
492085
492086
492087
492088
492089
492153
492154
492155
492156
492157
492158
492159
492160
492161
492162
492163
492164
492165
492166
492356
492357
492358
492359
492360
492361
492362
492363
492364
492365
492366
492367
492368
492369
492440
492441
492442
492443
492444
492445
492446
492447
492448
492449
492450
492451
492452
492453
492517
492518
492519
492520
492521
492522
492523
492524
492525
492526
492527
492528
492529
492530
492720
492721
492722
492723
492724
492725
492726
492727
492728
492729
492730
492731
492732
492733
492804
492805
492806
492807
492808
492809
492810
492811
492812
492813
492814
492815
492816
492817
492881
492882
492883
492884
492885
492886
492887
492888
492889
492890
492891
492892
492893
492894
493084
493085
493086
493087
493088
493089
493090
493091
493092
493093
493094
493095
493096
493097
493168
493169
493170
493171
493172
493173
493174
493175
493176
493177
493178
493179
493180
493181
493245
493246
493247
493248
493249
493250
493251
493252
493253
493254
493255
493256
493257
493258
493448
493449
493450
493451
493452
493453
493454
493455
493456
493457
493458
493459
493460
493461
493532
493533
493534
493535
493536
493537
493538
493539
493540
493541
493542
493543
493544
493545
493609
493610
493611
493612
493613
493614
493615
493616
493617
493618
493619
493620
493621
493622
493812
493813
493814
493815
493816
493817
493818
493819
493820
493821
493822
493823
493824
493825
493896
493897
493898
493899
493900
493901
493902
493903
493904
493905
493906
493907
493908
493909
493973
493974
493975
493976
493977
493978
493979
493980
493981
493982
493983
493984
493985
493986
494176
494177
494178
494179
494180
494181
494182
494183
494184
494185
494186
494187
494188
494189
494260
494261
494262
494263
494264
494265
494266
494267
494268
494269
494270
494271
494272
494273
494337
494338
494339
494340
494341
494342
494343
494344
494345
494346
494347
494348
494349
494350
494540
494541
494542
494543
494544
494545
494546
494547
494548
494549
494550
494551
494552
494553
494624
494625
494626
494627
494628
494629
494630
494631
494632
494633
494634
494635
494636
494637
494701
494702
494703
494704
494705
494706
494707
494708
494709
494710
494711
494712
494713
494714
494904
494905
494906
494907
494908
494909
494910
494911
494912
494913
494914
494915
494916
494917
494988
494989
494990
494991
494992
494993
494994
494995
494996
494997
494998
494999
495000
495001
495065
495066
495067
495068
495069
495070
495071
495072
495073
495074
495075
495076
495077
495078
495268
495269
495270
495271
495272
495273
495274
495275
495276
495277
495278
495279
495280
495281
495352
495353
495354
495355
495356
495357
495358
495359
495360
495361
495362
495363
495364
495365
495429
495430
495431
495432
495433
495434
495435
495436
495437
495438
495439
495440
495441
495442
495632
495633
495634
495635
495636
495637
495638
495639
495640
495641
495642
495643
495644
495645
495716
495717
495718
495719
495720
495721
495722
495723
495724
495725
495726
495727
495728
495729
495793
495794
495795
495796
495797
495798
495799
495800
495801
495802
495803
495804
495805
495806
495996
495997
495998
495999
496000
496001
496002
496003
496004
496005
496006
496007
496008
496009
496080
496081
496082
496083
496084
496085
496086
496087
496088
496089
496090
496091
496092
496093
496157
496158
496159
496160
496161
496162
496163
496164
496165
496166
496167
496168
496169
496170
496360
496361
496362
496363
496364
496365
496366
496367
496368
496369
496370
496371
496372
496373
496444
496445
496446
496447
496448
496449
496450
496451
496452
496453
496454
496455
496456
496457
496521
496522
496523
496524
496525
496526
496527
496528
496529
496530
496531
496532
496533
496534
496724
496725
496726
496727
496728
496729
496730
496731
496732
496733
496734
496735
496736
496737
496808
496809
496810
496811
496812
496813
496814
496815
496816
496817
496818
496819
496820
496821
496885
496886
496887
496888
496889
496890
496891
496892
496893
496894
496895
496896
496897
496898
497088
497089
497090
497091
497092
497093
497094
497095
497096
497097
497098
497099
497100
497101
497172
497173
497174
497175
497176
497177
497178
497179
497180
497181
497182
497183
497184
497185
497249
497250
497251
497252
497253
497254
497255
497256
497257
497258
497259
497260
497261
497262
497452
497453
497454
497455
497456
497457
497458
497459
497460
497461
497462
497463
497464
497465
497536
497537
497538
497539
497540
497541
497542
497543
497544
497545
497546
497547
497548
497549
497613
497614
497615
497616
497617
497618
497619
497620
497621
497622
497623
497624
497625
497626
497816
497817
497818
497819
497820
497821
497822
497823
497824
497825
497826
497827
497828
497829
497900
497901
497902
497903
497904
497905
497906
497907
497908
497909
497910
497911
497912
497913
497977
497978
497979
497980
497981
497982
497983
497984
497985
497986
497987
497988
497989
497990
498180
498181
498182
498183
498184
498185
498186
498187
498188
498189
498190
498191
498192
498193
498264
498265
498266
498267
498268
498269
498270
498271
498272
498273
498274
498275
498276
498277
498341
498342
498343
498344
498345
498346
498347
498348
498349
498350
498351
498352
498353
498354
498544
498545
498546
498547
498548
498549
498550
498551
498552
498553
498554
498555
498556
498557
498628
498629
498630
498631
498632
498633
498634
498635
498636
498637
498638
498639
498640
498641
498705
498706
498707
498708
498709
498710
498711
498712
498713
498714
498715
498716
498717
498718
498908
498909
498910
498911
498912
498913
498914
498915
498916
498917
498918
498919
498920
498921
498992
498993
498994
498995
498996
498997
498998
498999
499000
499001
499002
499003
499004
499005
499069
499070
499071
499072
499073
499074
499075
499076
499077
499078
499079
499080
499081
499082
499272
499273
499274
499275
499276
499277
499278
499279
499280
499281
499282
499283
499284
499285
499356
499357
499358
499359
499360
499361
499362
499363
499364
499365
499366
499367
499368
499369
499433
499434
499435
499436
499437
499438
499439
499440
499441
499442
499443
499444
499445
499446
499636
499637
499638
499639
499640
499641
499642
499643
499644
499645
499646
499647
499648
499649
499720
499721
499722
499723
499724
499725
499726
499727
499728
499729
499730
499731
499732
499733
499797
499798
499799
499800
499801
499802
499803
499804
499805
499806
499807
499808
499809
499810
500000
500001
500002
500003
500004
500005
500006
500007
500008
500009
500010
500011
500012
500013
500084
500085
500086
500087
500088
500089
500090
500091
500092
500093
500094
500095
500096
500097
500161
500162
500163
500164
500165
500166
500167
500168
500169
500170
500171
500172
500173
500174
500364
500365
500366
500367
500368
500369
500370
500371
500372
500373
500374
500375
500376
500377
500448
500449
500450
500451
500452
500453
500454
500455
500456
500457
500458
500459
500460
500461
500525
500526
500527
500528
500529
500530
500531
500532
500533
500534
500535
500536
500537
500538
500728
500729
500730
500731
500732
500733
500734
500735
500736
500737
500738
500739
500740
500741
500812
500813
500814
500815
500816
500817
500818
500819
500820
500821
500822
500823
500824
500825
500889
500890
500891
500892
500893
500894
500895
500896
500897
500898
500899
500900
500901
500902
501092
501093
501094
501095
501096
501097
501098
501099
501100
501101
501102
501103
501104
501105
501176
501177
501178
501179
501180
501181
501182
501183
501184
501185
501186
501187
501188
501189
501253
501254
501255
501256
501257
501258
501259
501260
501261
501262
501263
501264
501265
501266
501456
501457
501458
501459
501460
501461
501462
501463
501464
501465
501466
501467
501468
501469
501540
501541
501542
501543
501544
501545
501546
501547
501548
501549
501550
501551
501552
501553
501617
501618
501619
501620
501621
501622
501623
501624
501625
501626
501627
501628
501629
501630
501820
501821
501822
501823
501824
501825
501826
501827
501828
501829
501830
501831
501832
501833
501904
501905
501906
501907
501908
501909
501910
501911
501912
501913
501914
501915
501916
501917
501981
501982
501983
501984
501985
501986
501987
501988
501989
501990
501991
501992
501993
501994
502184
502185
502186
502187
502188
502189
502190
502191
502192
502193
502194
502195
502196
502197
502268
502269
502270
502271
502272
502273
502274
502275
502276
502277
502278
502279
502280
502281
502345
502346
502347
502348
502349
502350
502351
502352
502353
502354
502355
502356
502357
502358
502548
502549
502550
502551
502552
502553
502554
502555
502556
502557
502558
502559
502560
502561
502632
502633
502634
502635
502636
502637
502638
502639
502640
502641
502642
502643
502644
502645
502709
502710
502711
502712
502713
502714
502715
502716
502717
502718
502719
502720
502721
502722
502912
502913
502914
502915
502916
502917
502918
502919
502920
502921
502922
502923
502924
502925
502996
502997
502998
502999
503000
503001
503002
503003
503004
503005
503006
503007
503008
503009
503073
503074
503075
503076
503077
503078
503079
503080
503081
503082
503083
503084
503085
503086
503276
503277
503278
503279
503280
503281
503282
503283
503284
503285
503286
503287
503288
503289
503360
503361
503362
503363
503364
503365
503366
503367
503368
503369
503370
503371
503372
503373
503437
503438
503439
503440
503441
503442
503443
503444
503445
503446
503447
503448
503449
503450
503640
503641
503642
503643
503644
503645
503646
503647
503648
503649
503650
503651
503652
503653
503724
503725
503726
503727
503728
503729
503730
503731
503732
503733
503734
503735
503736
503737
503801
503802
503803
503804
503805
503806
503807
503808
503809
503810
503811
503812
503813
503814
504004
504005
504006
504007
504008
504009
504010
504011
504012
504013
504014
504015
504016
504017
504088
504089
504090
504091
504092
504093
504094
504095
504096
504097
504098
504099
504100
504101
504165
504166
504167
504168
504169
504170
504171
504172
504173
504174
504175
504176
504177
504178
504368
504369
504370
504371
504372
504373
504374
504375
504376
504377
504378
504379
504380
504381
504452
504453
504454
504455
504456
504457
504458
504459
504460
504461
504462
504463
504464
504465
504529
504530
504531
504532
504533
504534
504535
504536
504537
504538
504539
504540
504541
504542
504732
504733
504734
504735
504736
504737
504738
504739
504740
504741
504742
504743
504744
504745
504816
504817
504818
504819
504820
504821
504822
504823
504824
504825
504826
504827
504828
504829
504893
504894
504895
504896
504897
504898
504899
504900
504901
504902
504903
504904
504905
504906
505096
505097
505098
505099
505100
505101
505102
505103
505104
505105
505106
505107
505108
505109
505180
505181
505182
505183
505184
505185
505186
505187
505188
505189
505190
505191
505192
505193
505257
505258
505259
505260
505261
505262
505263
505264
505265
505266
505267
505268
505269
505270
505460
505461
505462
505463
505464
505465
505466
505467
505468
505469
505470
505471
505472
505473
505544
505545
505546
505547
505548
505549
505550
505551
505552
505553
505554
505555
505556
505557
505621
505622
505623
505624
505625
505626
505627
505628
505629
505630
505631
505632
505633
505634
505824
505825
505826
505827
505828
505829
505830
505831
505832
505833
505834
505835
505836
505837
505908
505909
505910
505911
505912
505913
505914
505915
505916
505917
505918
505919
505920
505921
505985
505986
505987
505988
505989
505990
505991
505992
505993
505994
505995
505996
505997
505998
506188
506189
506190
506191
506192
506193
506194
506195
506196
506197
506198
506199
506200
506201
506272
506273
506274
506275
506276
506277
506278
506279
506280
506281
506282
506283
506284
506285
506349
506350
506351
506352
506353
506354
506355
506356
506357
506358
506359
506360
506361
506362
506552
506553
506554
506555
506556
506557
506558
506559
506560
506561
506562
506563
506564
506565
506636
506637
506638
506639
506640
506641
506642
506643
506644
506645
506646
506647
506648
506649
506713
506714
506715
506716
506717
506718
506719
506720
506721
506722
506723
506724
506725
506726
506916
506917
506918
506919
506920
506921
506922
506923
506924
506925
506926
506927
506928
506929
507000
507001
507002
507003
507004
507005
507006
507007
507008
507009
507010
507011
507012
507013
507077
507078
507079
507080
507081
507082
507083
507084
507085
507086
507087
507088
507089
507090
507280
507281
507282
507283
507284
507285
507286
507287
507288
507289
507290
507291
507292
507293
507364
507365
507366
507367
507368
507369
507370
507371
507372
507373
507374
507375
507376
507377
507441
507442
507443
507444
507445
507446
507447
507448
507449
507450
507451
507452
507453
507454
507644
507645
507646
507647
507648
507649
507650
507651
507652
507653
507654
507655
507656
507657
507728
507729
507730
507731
507732
507733
507734
507735
507736
507737
507738
507739
507740
507741
507805
507806
507807
507808
507809
507810
507811
507812
507813
507814
507815
507816
507817
507818
508008
508009
508010
508011
508012
508013
508014
508015
508016
508017
508018
508019
508020
508021
508092
508093
508094
508095
508096
508097
508098
508099
508100
508101
508102
508103
508104
508105
508169
508170
508171
508172
508173
508174
508175
508176
508177
508178
508179
508180
508181
508182
508372
508373
508374
508375
508376
508377
508378
508379
508380
508381
508382
508383
508384
508385
508456
508457
508458
508459
508460
508461
508462
508463
508464
508465
508466
508467
508468
508469
508533
508534
508535
508536
508537
508538
508539
508540
508541
508542
508543
508544
508545
508546
508736
508737
508738
508739
508740
508741
508742
508743
508744
508745
508746
508747
508748
508749
508820
508821
508822
508823
508824
508825
508826
508827
508828
508829
508830
508831
508832
508833
508897
508898
508899
508900
508901
508902
508903
508904
508905
508906
508907
508908
508909
508910
509100
509101
509102
509103
509104
509105
509106
509107
509108
509109
509110
509111
509112
509113
509184
509185
509186
509187
509188
509189
509190
509191
509192
509193
509194
509195
509196
509197
509261
509262
509263
509264
509265
509266
509267
509268
509269
509270
509271
509272
509273
509274
509464
509465
509466
509467
509468
509469
509470
509471
509472
509473
509474
509475
509476
509477
509548
509549
509550
509551
509552
509553
509554
509555
509556
509557
509558
509559
509560
509561
509625
509626
509627
509628
509629
509630
509631
509632
509633
509634
509635
509636
509637
509638
509828
509829
509830
509831
509832
509833
509834
509835
509836
509837
509838
509839
509840
509841
509912
509913
509914
509915
509916
509917
509918
509919
509920
509921
509922
509923
509924
509925
509989
509990
509991
509992
509993
509994
509995
509996
509997
509998
509999
510000
510001
510002
510192
510193
510194
510195
510196
510197
510198
510199
510200
510201
510202
510203
510204
510205
510276
510277
510278
510279
510280
510281
510282
510283
510284
510285
510286
510287
510288
510289
510353
510354
510355
510356
510357
510358
510359
510360
510361
510362
510363
510364
510365
510366
510556
510557
510558
510559
510560
510561
510562
510563
510564
510565
510566
510567
510568
510569
510640
510641
510642
510643
510644
510645
510646
510647
510648
510649
510650
510651
510652
510653
510717
510718
510719
510720
510721
510722
510723
510724
510725
510726
510727
510728
510729
510730
510920
510921
510922
510923
510924
510925
510926
510927
510928
510929
510930
510931
510932
510933
511004
511005
511006
511007
511008
511009
511010
511011
511012
511013
511014
511015
511016
511017
511081
511082
511083
511084
511085
511086
511087
511088
511089
511090
511091
511092
511093
511094
511284
511285
511286
511287
511288
511289
511290
511291
511292
511293
511294
511295
511296
511297
511368
511369
511370
511371
511372
511373
511374
511375
511376
511377
511378
511379
511380
511381
511445
511446
511447
511448
511449
511450
511451
511452
511453
511454
511455
511456
511457
511458
511648
511649
511650
511651
511652
511653
511654
511655
511656
511657
511658
511659
511660
511661
511732
511733
511734
511735
511736
511737
511738
511739
511740
511741
511742
511743
511744
511745
511809
511810
511811
511812
511813
511814
511815
511816
511817
511818
511819
511820
511821
511822
512012
512013
512014
512015
512016
512017
512018
512019
512020
512021
512022
512023
512024
512025
512096
512097
512098
512099
512100
512101
512102
512103
512104
512105
512106
512107
512108
512109
512173
512174
512175
512176
512177
512178
512179
512180
512181
512182
512183
512184
512185
512186
512376
512377
512378
512379
512380
512381
512382
512383
512384
512385
512386
512387
512388
512389
512460
512461
512462
512463
512464
512465
512466
512467
512468
512469
512470
512471
512472
512473
512537
512538
512539
512540
512541
512542
512543
512544
512545
512546
512547
512548
512549
512550
512740
512741
512742
512743
512744
512745
512746
512747
512748
512749
512750
512751
512752
512753
512824
512825
512826
512827
512828
512829
512830
512831
512832
512833
512834
512835
512836
512837
512901
512902
512903
512904
512905
512906
512907
512908
512909
512910
512911
512912
512913
512914
513104
513105
513106
513107
513108
513109
513110
513111
513112
513113
513114
513115
513116
513117
513188
513189
513190
513191
513192
513193
513194
513195
513196
513197
513198
513199
513200
513201
513265
513266
513267
513268
513269
513270
513271
513272
513273
513274
513275
513276
513277
513278
513468
513469
513470
513471
513472
513473
513474
513475
513476
513477
513478
513479
513480
513481
513552
513553
513554
513555
513556
513557
513558
513559
513560
513561
513562
513563
513564
513565
513629
513630
513631
513632
513633
513634
513635
513636
513637
513638
513639
513640
513641
513642
513832
513833
513834
513835
513836
513837
513838
513839
513840
513841
513842
513843
513844
513845
513916
513917
513918
513919
513920
513921
513922
513923
513924
513925
513926
513927
513928
513929
513993
513994
513995
513996
513997
513998
513999
514000
514001
514002
514003
514004
514005
514006
514196
514197
514198
514199
514200
514201
514202
514203
514204
514205
514206
514207
514208
514209
514280
514281
514282
514283
514284
514285
514286
514287
514288
514289
514290
514291
514292
514293
514357
514358
514359
514360
514361
514362
514363
514364
514365
514366
514367
514368
514369
514370
514560
514561
514562
514563
514564
514565
514566
514567
514568
514569
514570
514571
514572
514573
514644
514645
514646
514647
514648
514649
514650
514651
514652
514653
514654
514655
514656
514657
514721
514722
514723
514724
514725
514726
514727
514728
514729
514730
514731
514732
514733
514734
514924
514925
514926
514927
514928
514929
514930
514931
514932
514933
514934
514935
514936
514937
515008
515009
515010
515011
515012
515013
515014
515015
515016
515017
515018
515019
515020
515021
515085
515086
515087
515088
515089
515090
515091
515092
515093
515094
515095
515096
515097
515098
515288
515289
515290
515291
515292
515293
515294
515295
515296
515297
515298
515299
515300
515301
515372
515373
515374
515375
515376
515377
515378
515379
515380
515381
515382
515383
515384
515385
515449
515450
515451
515452
515453
515454
515455
515456
515457
515458
515459
515460
515461
515462
515652
515653
515654
515655
515656
515657
515658
515659
515660
515661
515662
515663
515664
515665
515736
515737
515738
515739
515740
515741
515742
515743
515744
515745
515746
515747
515748
515749
515813
515814
515815
515816
515817
515818
515819
515820
515821
515822
515823
515824
515825
515826
516016
516017
516018
516019
516020
516021
516022
516023
516024
516025
516026
516027
516028
516029
516100
516101
516102
516103
516104
516105
516106
516107
516108
516109
516110
516111
516112
516113
516177
516178
516179
516180
516181
516182
516183
516184
516185
516186
516187
516188
516189
516190
516380
516381
516382
516383
516384
516385
516386
516387
516388
516389
516390
516391
516392
516393
516464
516465
516466
516467
516468
516469
516470
516471
516472
516473
516474
516475
516476
516477
516541
516542
516543
516544
516545
516546
516547
516548
516549
516550
516551
516552
516553
516554
516744
516745
516746
516747
516748
516749
516750
516751
516752
516753
516754
516755
516756
516757
516828
516829
516830
516831
516832
516833
516834
516835
516836
516837
516838
516839
516840
516841
516905
516906
516907
516908
516909
516910
516911
516912
516913
516914
516915
516916
516917
516918
517108
517109
517110
517111
517112
517113
517114
517115
517116
517117
517118
517119
517120
517121
517192
517193
517194
517195
517196
517197
517198
517199
517200
517201
517202
517203
517204
517205
517269
517270
517271
517272
517273
517274
517275
517276
517277
517278
517279
517280
517281
517282
517472
517473
517474
517475
517476
517477
517478
517479
517480
517481
517482
517483
517484
517485
517556
517557
517558
517559
517560
517561
517562
517563
517564
517565
517566
517567
517568
517569
517633
517634
517635
517636
517637
517638
517639
517640
517641
517642
517643
517644
517645
517646
517836
517837
517838
517839
517840
517841
517842
517843
517844
517845
517846
517847
517848
517849
517920
517921
517922
517923
517924
517925
517926
517927
517928
517929
517930
517931
517932
517933
517997
517998
517999
518000
518001
518002
518003
518004
518005
518006
518007
518008
518009
518010
518200
518201
518202
518203
518204
518205
518206
518207
518208
518209
518210
518211
518212
518213
518284
518285
518286
518287
518288
518289
518290
518291
518292
518293
518294
518295
518296
518297
518361
518362
518363
518364
518365
518366
518367
518368
518369
518370
518371
518372
518373
518374
518564
518565
518566
518567
518568
518569
518570
518571
518572
518573
518574
518575
518576
518577
518648
518649
518650
518651
518652
518653
518654
518655
518656
518657
518658
518659
518660
518661
518725
518726
518727
518728
518729
518730
518731
518732
518733
518734
518735
518736
518737
518738
518928
518929
518930
518931
518932
518933
518934
518935
518936
518937
518938
518939
518940
518941
519012
519013
519014
519015
519016
519017
519018
519019
519020
519021
519022
519023
519024
519025
519089
519090
519091
519092
519093
519094
519095
519096
519097
519098
519099
519100
519101
519102
519292
519293
519294
519295
519296
519297
519298
519299
519300
519301
519302
519303
519304
519305
519376
519377
519378
519379
519380
519381
519382
519383
519384
519385
519386
519387
519388
519389
519453
519454
519455
519456
519457
519458
519459
519460
519461
519462
519463
519464
519465
519466
519656
519657
519658
519659
519660
519661
519662
519663
519664
519665
519666
519667
519668
519669
519740
519741
519742
519743
519744
519745
519746
519747
519748
519749
519750
519751
519752
519753
519817
519818
519819
519820
519821
519822
519823
519824
519825
519826
519827
519828
519829
519830
520020
520021
520022
520023
520024
520025
520026
520027
520028
520029
520030
520031
520032
520033
520104
520105
520106
520107
520108
520109
520110
520111
520112
520113
520114
520115
520116
520117
520181
520182
520183
520184
520185
520186
520187
520188
520189
520190
520191
520192
520193
520194
520384
520385
520386
520387
520388
520389
520390
520391
520392
520393
520394
520395
520396
520397
520468
520469
520470
520471
520472
520473
520474
520475
520476
520477
520478
520479
520480
520481
520545
520546
520547
520548
520549
520550
520551
520552
520553
520554
520555
520556
520557
520558
520748
520749
520750
520751
520752
520753
520754
520755
520756
520757
520758
520759
520760
520761
520832
520833
520834
520835
520836
520837
520838
520839
520840
520841
520842
520843
520844
520845
520909
520910
520911
520912
520913
520914
520915
520916
520917
520918
520919
520920
520921
520922
521112
521113
521114
521115
521116
521117
521118
521119
521120
521121
521122
521123
521124
521125
521196
521197
521198
521199
521200
521201
521202
521203
521204
521205
521206
521207
521208
521209
521273
521274
521275
521276
521277
521278
521279
521280
521281
521282
521283
521284
521285
521286
521476
521477
521478
521479
521480
521481
521482
521483
521484
521485
521486
521487
521488
521489
521560
521561
521562
521563
521564
521565
521566
521567
521568
521569
521570
521571
521572
521573
521637
521638
521639
521640
521641
521642
521643
521644
521645
521646
521647
521648
521649
521650
521840
521841
521842
521843
521844
521845
521846
521847
521848
521849
521850
521851
521852
521853
521924
521925
521926
521927
521928
521929
521930
521931
521932
521933
521934
521935
521936
521937
522001
522002
522003
522004
522005
522006
522007
522008
522009
522010
522011
522012
522013
522014
522204
522205
522206
522207
522208
522209
522210
522211
522212
522213
522214
522215
522216
522217
522288
522289
522290
522291
522292
522293
522294
522295
522296
522297
522298
522299
522300
522301
522365
522366
522367
522368
522369
522370
522371
522372
522373
522374
522375
522376
522377
522378
522568
522569
522570
522571
522572
522573
522574
522575
522576
522577
522578
522579
522580
522581
522652
522653
522654
522655
522656
522657
522658
522659
522660
522661
522662
522663
522664
522665
522729
522730
522731
522732
522733
522734
522735
522736
522737
522738
522739
522740
522741
522742
522932
522933
522934
522935
522936
522937
522938
522939
522940
522941
522942
522943
522944
522945
523016
523017
523018
523019
523020
523021
523022
523023
523024
523025
523026
523027
523028
523029
523093
523094
523095
523096
523097
523098
523099
523100
523101
523102
523103
523104
523105
523106
523296
523297
523298
523299
523300
523301
523302
523303
523304
523305
523306
523307
523308
523309
523380
523381
523382
523383
523384
523385
523386
523387
523388
523389
523390
523391
523392
523393
523457
523458
523459
523460
523461
523462
523463
523464
523465
523466
523467
523468
523469
523470
523660
523661
523662
523663
523664
523665
523666
523667
523668
523669
523670
523671
523672
523673
523744
523745
523746
523747
523748
523749
523750
523751
523752
523753
523754
523755
523756
523757
523821
523822
523823
523824
523825
523826
523827
523828
523829
523830
523831
523832
523833
523834
524024
524025
524026
524027
524028
524029
524030
524031
524032
524033
524034
524035
524036
524037
524108
524109
524110
524111
524112
524113
524114
524115
524116
524117
524118
524119
524120
524121
524185
524186
524187
524188
524189
524190
524191
524192
524193
524194
524195
524196
524197
524198
524388
524389
524390
524391
524392
524393
524394
524395
524396
524397
524398
524399
524400
524401
524472
524473
524474
524475
524476
524477
524478
524479
524480
524481
524482
524483
524484
524485
524549
524550
524551
524552
524553
524554
524555
524556
524557
524558
524559
524560
524561
524562
524752
524753
524754
524755
524756
524757
524758
524759
524760
524761
524762
524763
524764
524765
524836
524837
524838
524839
524840
524841
524842
524843
524844
524845
524846
524847
524848
524849
524913
524914
524915
524916
524917
524918
524919
524920
524921
524922
524923
524924
524925
524926
525116
525117
525118
525119
525120
525121
525122
525123
525124
525125
525126
525127
525128
525129
525200
525201
525202
525203
525204
525205
525206
525207
525208
525209
525210
525211
525212
525213
525277
525278
525279
525280
525281
525282
525283
525284
525285
525286
525287
525288
525289
525290
525480
525481
525482
525483
525484
525485
525486
525487
525488
525489
525490
525491
525492
525493
525564
525565
525566
525567
525568
525569
525570
525571
525572
525573
525574
525575
525576
525577
525641
525642
525643
525644
525645
525646
525647
525648
525649
525650
525651
525652
525653
525654
525844
525845
525846
525847
525848
525849
525850
525851
525852
525853
525854
525855
525856
525857
525928
525929
525930
525931
525932
525933
525934
525935
525936
525937
525938
525939
525940
525941
526005
526006
526007
526008
526009
526010
526011
526012
526013
526014
526015
526016
526017
526018
526208
526209
526210
526211
526212
526213
526214
526215
526216
526217
526218
526219
526220
526221
526292
526293
526294
526295
526296
526297
526298
526299
526300
526301
526302
526303
526304
526305
526369
526370
526371
526372
526373
526374
526375
526376
526377
526378
526379
526380
526381
526382
526572
526573
526574
526575
526576
526577
526578
526579
526580
526581
526582
526583
526584
526585
526656
526657
526658
526659
526660
526661
526662
526663
526664
526665
526666
526667
526668
526669
526733
526734
526735
526736
526737
526738
526739
526740
526741
526742
526743
526744
526745
526746
526936
526937
526938
526939
526940
526941
526942
526943
526944
526945
526946
526947
526948
526949
527020
527021
527022
527023
527024
527025
527026
527027
527028
527029
527030
527031
527032
527033
527097
527098
527099
527100
527101
527102
527103
527104
527105
527106
527107
527108
527109
527110
527300
527301
527302
527303
527304
527305
527306
527307
527308
527309
527310
527311
527312
527313
527384
527385
527386
527387
527388
527389
527390
527391
527392
527393
527394
527395
527396
527397
527461
527462
527463
527464
527465
527466
527467
527468
527469
527470
527471
527472
527473
527474
527664
527665
527666
527667
527668
527669
527670
527671
527672
527673
527674
527675
527676
527677
527748
527749
527750
527751
527752
527753
527754
527755
527756
527757
527758
527759
527760
527761
527825
527826
527827
527828
527829
527830
527831
527832
527833
527834
527835
527836
527837
527838
528028
528029
528030
528031
528032
528033
528034
528035
528036
528037
528038
528039
528040
528041
528112
528113
528114
528115
528116
528117
528118
528119
528120
528121
528122
528123
528124
528125
528189
528190
528191
528192
528193
528194
528195
528196
528197
528198
528199
528200
528201
528202
528392
528393
528394
528395
528396
528397
528398
528399
528400
528401
528402
528403
528404
528405
528476
528477
528478
528479
528480
528481
528482
528483
528484
528485
528486
528487
528488
528489
528553
528554
528555
528556
528557
528558
528559
528560
528561
528562
528563
528564
528565
528566
528756
528757
528758
528759
528760
528761
528762
528763
528764
528765
528766
528767
528768
528769
528840
528841
528842
528843
528844
528845
528846
528847
528848
528849
528850
528851
528852
528853
528917
528918
528919
528920
528921
528922
528923
528924
528925
528926
528927
528928
528929
528930
529120
529121
529122
529123
529124
529125
529126
529127
529128
529129
529130
529131
529132
529133
529204
529205
529206
529207
529208
529209
529210
529211
529212
529213
529214
529215
529216
529217
529281
529282
529283
529284
529285
529286
529287
529288
529289
529290
529291
529292
529293
529294
529484
529485
529486
529487
529488
529489
529490
529491
529492
529493
529494
529495
529496
529497
529568
529569
529570
529571
529572
529573
529574
529575
529576
529577
529578
529579
529580
529581
529645
529646
529647
529648
529649
529650
529651
529652
529653
529654
529655
529656
529657
529658
529848
529849
529850
529851
529852
529853
529854
529855
529856
529857
529858
529859
529860
529861
529932
529933
529934
529935
529936
529937
529938
529939
529940
529941
529942
529943
529944
529945
530009
530010
530011
530012
530013
530014
530015
530016
530017
530018
530019
530020
530021
530022
530212
530213
530214
530215
530216
530217
530218
530219
530220
530221
530222
530223
530224
530225
530296
530297
530298
530299
530300
530301
530302
530303
530304
530305
530306
530307
530308
530309
530373
530374
530375
530376
530377
530378
530379
530380
530381
530382
530383
530384
530385
530386
530576
530577
530578
530579
530580
530581
530582
530583
530584
530585
530586
530587
530588
530589
530660
530661
530662
530663
530664
530665
530666
530667
530668
530669
530670
530671
530672
530673
530737
530738
530739
530740
530741
530742
530743
530744
530745
530746
530747
530748
530749
530750
530940
530941
530942
530943
530944
530945
530946
530947
530948
530949
530950
530951
530952
530953
531024
531025
531026
531027
531028
531029
531030
531031
531032
531033
531034
531035
531036
531037
531101
531102
531103
531104
531105
531106
531107
531108
531109
531110
531111
531112
531113
531114
531304
531305
531306
531307
531308
531309
531310
531311
531312
531313
531314
531315
531316
531317
531388
531389
531390
531391
531392
531393
531394
531395
531396
531397
531398
531399
531400
531401
531465
531466
531467
531468
531469
531470
531471
531472
531473
531474
531475
531476
531477
531478
531668
531669
531670
531671
531672
531673
531674
531675
531676
531677
531678
531679
531680
531681
531752
531753
531754
531755
531756
531757
531758
531759
531760
531761
531762
531763
531764
531765
531829
531830
531831
531832
531833
531834
531835
531836
531837
531838
531839
531840
531841
531842
532032
532033
532034
532035
532036
532037
532038
532039
532040
532041
532042
532043
532044
532045
532116
532117
532118
532119
532120
532121
532122
532123
532124
532125
532126
532127
532128
532129
532193
532194
532195
532196
532197
532198
532199
532200
532201
532202
532203
532204
532205
532206
532396
532397
532398
532399
532400
532401
532402
532403
532404
532405
532406
532407
532408
532409
532480
532481
532482
532483
532484
532485
532486
532487
532488
532489
532490
532491
532492
532493
532557
532558
532559
532560
532561
532562
532563
532564
532565
532566
532567
532568
532569
532570
532760
532761
532762
532763
532764
532765
532766
532767
532768
532769
532770
532771
532772
532773
532844
532845
532846
532847
532848
532849
532850
532851
532852
532853
532854
532855
532856
532857
532921
532922
532923
532924
532925
532926
532927
532928
532929
532930
532931
532932
532933
532934
533124
533125
533126
533127
533128
533129
533130
533131
533132
533133
533134
533135
533136
533137
533208
533209
533210
533211
533212
533213
533214
533215
533216
533217
533218
533219
533220
533221
533285
533286
533287
533288
533289
533290
533291
533292
533293
533294
533295
533296
533297
533298
533488
533489
533490
533491
533492
533493
533494
533495
533496
533497
533498
533499
533500
533501
533572
533573
533574
533575
533576
533577
533578
533579
533580
533581
533582
533583
533584
533585
533649
533650
533651
533652
533653
533654
533655
533656
533657
533658
533659
533660
533661
533662
533852
533853
533854
533855
533856
533857
533858
533859
533860
533861
533862
533863
533864
533865
533936
533937
533938
533939
533940
533941
533942
533943
533944
533945
533946
533947
533948
533949
534013
534014
534015
534016
534017
534018
534019
534020
534021
534022
534023
534024
534025
534026
534216
534217
534218
534219
534220
534221
534222
534223
534224
534225
534226
534227
534228
534229
534300
534301
534302
534303
534304
534305
534306
534307
534308
534309
534310
534311
534312
534313
534377
534378
534379
534380
534381
534382
534383
534384
534385
534386
534387
534388
534389
534390
534580
534581
534582
534583
534584
534585
534586
534587
534588
534589
534590
534591
534592
534593
534664
534665
534666
534667
534668
534669
534670
534671
534672
534673
534674
534675
534676
534677
534741
534742
534743
534744
534745
534746
534747
534748
534749
534750
534751
534752
534753
534754
534944
534945
534946
534947
534948
534949
534950
534951
534952
534953
534954
534955
534956
534957
535028
535029
535030
535031
535032
535033
535034
535035
535036
535037
535038
535039
535040
535041
535105
535106
535107
535108
535109
535110
535111
535112
535113
535114
535115
535116
535117
535118
535308
535309
535310
535311
535312
535313
535314
535315
535316
535317
535318
535319
535320
535321
535392
535393
535394
535395
535396
535397
535398
535399
535400
535401
535402
535403
535404
535405
535469
535470
535471
535472
535473
535474
535475
535476
535477
535478
535479
535480
535481
535482
535672
535673
535674
535675
535676
535677
535678
535679
535680
535681
535682
535683
535684
535685
535756
535757
535758
535759
535760
535761
535762
535763
535764
535765
535766
535767
535768
535769
535833
535834
535835
535836
535837
535838
535839
535840
535841
535842
535843
535844
535845
535846
536036
536037
536038
536039
536040
536041
536042
536043
536044
536045
536046
536047
536048
536049
536120
536121
536122
536123
536124
536125
536126
536127
536128
536129
536130
536131
536132
536133
536197
536198
536199
536200
536201
536202
536203
536204
536205
536206
536207
536208
536209
536210
536400
536401
536402
536403
536404
536405
536406
536407
536408
536409
536410
536411
536412
536413
536484
536485
536486
536487
536488
536489
536490
536491
536492
536493
536494
536495
536496
536497
536561
536562
536563
536564
536565
536566
536567
536568
536569
536570
536571
536572
536573
536574
536764
536765
536766
536767
536768
536769
536770
536771
536772
536773
536774
536775
536776
536777
536848
536849
536850
536851
536852
536853
536854
536855
536856
536857
536858
536859
536860
536861
536925
536926
536927
536928
536929
536930
536931
536932
536933
536934
536935
536936
536937
536938
537128
537129
537130
537131
537132
537133
537134
537135
537136
537137
537138
537139
537140
537141
537212
537213
537214
537215
537216
537217
537218
537219
537220
537221
537222
537223
537224
537225
537289
537290
537291
537292
537293
537294
537295
537296
537297
537298
537299
537300
537301
537302
537492
537493
537494
537495
537496
537497
537498
537499
537500
537501
537502
537503
537504
537505
537576
537577
537578
537579
537580
537581
537582
537583
537584
537585
537586
537587
537588
537589
537653
537654
537655
537656
537657
537658
537659
537660
537661
537662
537663
537664
537665
537666
537856
537857
537858
537859
537860
537861
537862
537863
537864
537865
537866
537867
537868
537869
537940
537941
537942
537943
537944
537945
537946
537947
537948
537949
537950
537951
537952
537953
538017
538018
538019
538020
538021
538022
538023
538024
538025
538026
538027
538028
538029
538030
538220
538221
538222
538223
538224
538225
538226
538227
538228
538229
538230
538231
538232
538233
538304
538305
538306
538307
538308
538309
538310
538311
538312
538313
538314
538315
538316
538317
538381
538382
538383
538384
538385
538386
538387
538388
538389
538390
538391
538392
538393
538394
538584
538585
538586
538587
538588
538589
538590
538591
538592
538593
538594
538595
538596
538597
538668
538669
538670
538671
538672
538673
538674
538675
538676
538677
538678
538679
538680
538681
538745
538746
538747
538748
538749
538750
538751
538752
538753
538754
538755
538756
538757
538758
538948
538949
538950
538951
538952
538953
538954
538955
538956
538957
538958
538959
538960
538961
539032
539033
539034
539035
539036
539037
539038
539039
539040
539041
539042
539043
539044
539045
539109
539110
539111
539112
539113
539114
539115
539116
539117
539118
539119
539120
539121
539122
539312
539313
539314
539315
539316
539317
539318
539319
539320
539321
539322
539323
539324
539325
539396
539397
539398
539399
539400
539401
539402
539403
539404
539405
539406
539407
539408
539409
539473
539474
539475
539476
539477
539478
539479
539480
539481
539482
539483
539484
539485
539486
539676
539677
539678
539679
539680
539681
539682
539683
539684
539685
539686
539687
539688
539689
539760
539761
539762
539763
539764
539765
539766
539767
539768
539769
539770
539771
539772
539773
539837
539838
539839
539840
539841
539842
539843
539844
539845
539846
539847
539848
539849
539850
540040
540041
540042
540043
540044
540045
540046
540047
540048
540049
540050
540051
540052
540053
540124
540125
540126
540127
540128
540129
540130
540131
540132
540133
540134
540135
540136
540137
540201
540202
540203
540204
540205
540206
540207
540208
540209
540210
540211
540212
540213
540214
540404
540405
540406
540407
540408
540409
540410
540411
540412
540413
540414
540415
540416
540417
540488
540489
540490
540491
540492
540493
540494
540495
540496
540497
540498
540499
540500
540501
540565
540566
540567
540568
540569
540570
540571
540572
540573
540574
540575
540576
540577
540578
540768
540769
540770
540771
540772
540773
540774
540775
540776
540777
540778
540779
540780
540781
540852
540853
540854
540855
540856
540857
540858
540859
540860
540861
540862
540863
540864
540865
540929
540930
540931
540932
540933
540934
540935
540936
540937
540938
540939
540940
540941
540942
541132
541133
541134
541135
541136
541137
541138
541139
541140
541141
541142
541143
541144
541145
541216
541217
541218
541219
541220
541221
541222
541223
541224
541225
541226
541227
541228
541229
541293
541294
541295
541296
541297
541298
541299
541300
541301
541302
541303
541304
541305
541306
541496
541497
541498
541499
541500
541501
541502
541503
541504
541505
541506
541507
541508
541509
541580
541581
541582
541583
541584
541585
541586
541587
541588
541589
541590
541591
541592
541593
541657
541658
541659
541660
541661
541662
541663
541664
541665
541666
541667
541668
541669
541670
541860
541861
541862
541863
541864
541865
541866
541867
541868
541869
541870
541871
541872
541873
541944
541945
541946
541947
541948
541949
541950
541951
541952
541953
541954
541955
541956
541957
542021
542022
542023
542024
542025
542026
542027
542028
542029
542030
542031
542032
542033
542034
542224
542225
542226
542227
542228
542229
542230
542231
542232
542233
542234
542235
542236
542237
542308
542309
542310
542311
542312
542313
542314
542315
542316
542317
542318
542319
542320
542321
542385
542386
542387
542388
542389
542390
542391
542392
542393
542394
542395
542396
542397
542398
542588
542589
542590
542591
542592
542593
542594
542595
542596
542597
542598
542599
542600
542601
542672
542673
542674
542675
542676
542677
542678
542679
542680
542681
542682
542683
542684
542685
542749
542750
542751
542752
542753
542754
542755
542756
542757
542758
542759
542760
542761
542762
542952
542953
542954
542955
542956
542957
542958
542959
542960
542961
542962
542963
542964
542965
543036
543037
543038
543039
543040
543041
543042
543043
543044
543045
543046
543047
543048
543049
543113
543114
543115
543116
543117
543118
543119
543120
543121
543122
543123
543124
543125
543126
543316
543317
543318
543319
543320
543321
543322
543323
543324
543325
543326
543327
543328
543329
543400
543401
543402
543403
543404
543405
543406
543407
543408
543409
543410
543411
543412
543413
543477
543478
543479
543480
543481
543482
543483
543484
543485
543486
543487
543488
543489
543490
543680
543681
543682
543683
543684
543685
543686
543687
543688
543689
543690
543691
543692
543693
543764
543765
543766
543767
543768
543769
543770
543771
543772
543773
543774
543775
543776
543777
543841
543842
543843
543844
543845
543846
543847
543848
543849
543850
543851
543852
543853
543854
544044
544045
544046
544047
544048
544049
544050
544051
544052
544053
544054
544055
544056
544057
544128
544129
544130
544131
544132
544133
544134
544135
544136
544137
544138
544139
544140
544141
544205
544206
544207
544208
544209
544210
544211
544212
544213
544214
544215
544216
544217
544218
544408
544409
544410
544411
544412
544413
544414
544415
544416
544417
544418
544419
544420
544421
544492
544493
544494
544495
544496
544497
544498
544499
544500
544501
544502
544503
544504
544505
544569
544570
544571
544572
544573
544574
544575
544576
544577
544578
544579
544580
544581
544582
544772
544773
544774
544775
544776
544777
544778
544779
544780
544781
544782
544783
544784
544785
544856
544857
544858
544859
544860
544861
544862
544863
544864
544865
544866
544867
544868
544869
544933
544934
544935
544936
544937
544938
544939
544940
544941
544942
544943
544944
544945
544946
545136
545137
545138
545139
545140
545141
545142
545143
545144
545145
545146
545147
545148
545149
545220
545221
545222
545223
545224
545225
545226
545227
545228
545229
545230
545231
545232
545233
545297
545298
545299
545300
545301
545302
545303
545304
545305
545306
545307
545308
545309
545310
545500
545501
545502
545503
545504
545505
545506
545507
545508
545509
545510
545511
545512
545513
545584
545585
545586
545587
545588
545589
545590
545591
545592
545593
545594
545595
545596
545597
545661
545662
545663
545664
545665
545666
545667
545668
545669
545670
545671
545672
545673
545674
545864
545865
545866
545867
545868
545869
545870
545871
545872
545873
545874
545875
545876
545877
545948
545949
545950
545951
545952
545953
545954
545955
545956
545957
545958
545959
545960
545961
546025
546026
546027
546028
546029
546030
546031
546032
546033
546034
546035
546036
546037
546038
)


// ************************************************************************* //
