/*--------------------------------*- C++ -*----------------------------------*\
  =========                 |
  \\      /  F ield         | OpenFOAM: The Open Source CFD Toolbox
   \\    /   O peration     | Website:  https://openfoam.org
    \\  /    A nd           | Version:  11
     \\/     M anipulation  |
\*---------------------------------------------------------------------------*/
FoamFile
{
    format      ascii;
    class       labelList;
    location    "constant/fuelPin1_wall/polyMesh";
    object      faceRegionAddressing;
}
// * * * * * * * * * * * * * * * * * * * * * * * * * * * * * * * * * * * * * //


132308
(
27
28
29
30
31
32
33
34
35
36
37
38
39
40
41
42
43
44
45
46
47
48
49
50
51
171
172
173
174
175
176
177
178
179
180
181
182
183
184
185
186
187
188
189
190
191
192
193
194
195
196
197
198
199
201
202
203
314
315
316
317
318
319
320
321
322
323
324
325
326
327
328
329
330
331
332
333
334
335
336
337
338
339
340
341
342
343
344
345
346
347
348
349
350
351
352
353
354
355
356
357
358
359
465
467
469
470
471
472
473
474
475
476
477
478
479
480
481
482
483
484
485
486
487
488
489
490
491
492
493
494
495
496
497
498
499
500
626
627
628
629
630
631
632
633
634
635
636
637
638
639
640
641
642
643
644
645
646
647
648
649
650
651
652
653
654
655
656
657
658
659
660
661
662
663
664
665
666
667
669
670
793
795
797
798
799
800
801
802
803
804
805
806
807
808
809
810
811
812
813
814
815
816
817
818
947
949
951
952
953
955
956
957
958
960
961
962
963
964
966
2350
2352
2353
2354
2355
2356
2357
2358
2359
2360
2361
2362
2363
2364
2365
2366
2367
2368
2369
2370
2371
2372
2373
2374
2375
2376
2377
2504
2505
2506
2507
2508
2509
2510
2511
2512
2513
2514
2515
2516
2517
2518
2519
2520
2521
2522
2523
2524
2525
2526
2527
2528
2529
2530
2531
2532
2533
2534
2535
2537
2538
2539
2662
2665
2666
2667
2668
2669
2670
2671
2672
2673
2674
2675
2676
2677
2678
2679
2680
2681
2682
2683
2684
2685
2686
2687
2688
2689
2690
2691
2692
2693
2694
2695
2696
2697
2698
2699
2700
2701
2702
2703
2704
2705
2706
2707
2708
2709
2710
2711
2834
2835
2837
2839
2840
2841
2842
2843
2844
2845
2846
2847
2848
2849
2850
2851
2852
2853
2854
2855
2856
2857
2858
2859
2860
2861
2862
2863
2864
2865
2866
2867
2868
2869
2870
2871
2872
2873
3014
3015
3016
3017
3018
3019
3020
3021
3022
3023
3024
3025
3026
3027
3028
3029
3030
3031
3032
3033
3034
3035
3036
3037
3038
3039
3040
3041
3042
3043
3044
3045
3046
3047
3048
3049
3050
3051
3052
3053
3054
3055
3056
3057
3058
3060
3061
3196
3197
3199
3201
3202
3203
3204
3205
3206
3207
3208
3209
3210
3211
3212
3213
3214
3215
3216
3217
3218
3219
3220
3221
3222
3223
3224
3225
3226
3227
3366
3367
3369
3371
3372
3373
3374
3376
3377
3378
3379
3380
3382
3383
3384
3385
3386
3387
3389
4840
4842
4843
4844
4845
4846
4847
4848
4849
4850
4851
4852
4853
4854
4855
4856
4857
4858
4859
4860
4861
4862
4863
4864
4865
4866
4867
4994
4995
4996
4997
4998
4999
5000
5001
5002
5003
5004
5005
5006
5007
5008
5009
5010
5011
5012
5013
5014
5015
5016
5017
5018
5019
5020
5021
5022
5023
5024
5025
5027
5028
5029
5152
5155
5156
5157
5158
5159
5160
5161
5162
5163
5164
5165
5166
5167
5168
5169
5170
5171
5172
5173
5174
5175
5176
5177
5178
5179
5180
5181
5182
5183
5184
5185
5186
5187
5188
5189
5190
5191
5192
5193
5194
5195
5196
5197
5198
5199
5200
5201
5324
5325
5327
5329
5330
5331
5332
5333
5334
5335
5336
5337
5338
5339
5340
5341
5342
5343
5344
5345
5346
5347
5348
5349
5350
5351
5352
5353
5354
5355
5356
5357
5358
5359
5360
5361
5362
5363
5504
5505
5506
5507
5508
5509
5510
5511
5512
5513
5514
5515
5516
5517
5518
5519
5520
5521
5522
5523
5524
5525
5526
5527
5528
5529
5530
5531
5532
5533
5534
5535
5536
5537
5538
5539
5540
5541
5542
5543
5544
5545
5546
5547
5548
5550
5551
5686
5687
5689
5691
5692
5693
5694
5695
5696
5697
5698
5699
5700
5701
5702
5703
5704
5705
5706
5707
5708
5709
5710
5711
5712
5713
5714
5715
5716
5717
5856
5857
5859
5861
5862
5863
5864
5866
5867
5868
5869
5870
5872
5873
5874
5875
5876
5877
5879
7330
7332
7333
7334
7335
7336
7337
7338
7339
7340
7341
7342
7343
7344
7345
7346
7347
7348
7349
7350
7351
7352
7353
7354
7355
7356
7357
7484
7485
7486
7487
7488
7489
7490
7491
7492
7493
7494
7495
7496
7497
7498
7499
7500
7501
7502
7503
7504
7505
7506
7507
7508
7509
7510
7511
7512
7513
7514
7515
7517
7518
7519
7642
7645
7646
7647
7648
7649
7650
7651
7652
7653
7654
7655
7656
7657
7658
7659
7660
7661
7662
7663
7664
7665
7666
7667
7668
7669
7670
7671
7672
7673
7674
7675
7676
7677
7678
7679
7680
7681
7682
7683
7684
7685
7686
7687
7688
7689
7690
7691
7814
7815
7817
7819
7820
7821
7822
7823
7824
7825
7826
7827
7828
7829
7830
7831
7832
7833
7834
7835
7836
7837
7838
7839
7840
7841
7842
7843
7844
7845
7846
7847
7848
7849
7850
7851
7852
7853
7994
7995
7996
7997
7998
7999
8000
8001
8002
8003
8004
8005
8006
8007
8008
8009
8010
8011
8012
8013
8014
8015
8016
8017
8018
8019
8020
8021
8022
8023
8024
8025
8026
8027
8028
8029
8030
8031
8032
8033
8034
8035
8036
8037
8038
8040
8041
8176
8177
8179
8181
8182
8183
8184
8185
8186
8187
8188
8189
8190
8191
8192
8193
8194
8195
8196
8197
8198
8199
8200
8201
8202
8203
8204
8205
8206
8207
8346
8347
8349
8351
8352
8353
8354
8356
8357
8358
8359
8360
8362
8363
8364
8365
8366
8367
8369
9820
9822
9823
9824
9825
9826
9827
9828
9829
9830
9831
9832
9833
9834
9835
9836
9837
9838
9839
9840
9841
9842
9843
9844
9845
9846
9847
9974
9975
9976
9977
9978
9979
9980
9981
9982
9983
9984
9985
9986
9987
9988
9989
9990
9991
9992
9993
9994
9995
9996
9997
9998
9999
10000
10001
10002
10003
10004
10005
10007
10008
10009
10132
10135
10136
10137
10138
10139
10140
10141
10142
10143
10144
10145
10146
10147
10148
10149
10150
10151
10152
10153
10154
10155
10156
10157
10158
10159
10160
10161
10162
10163
10164
10165
10166
10167
10168
10169
10170
10171
10172
10173
10174
10175
10176
10177
10178
10179
10180
10181
10304
10305
10307
10309
10310
10311
10312
10313
10314
10315
10316
10317
10318
10319
10320
10321
10322
10323
10324
10325
10326
10327
10328
10329
10330
10331
10332
10333
10334
10335
10336
10337
10338
10339
10340
10341
10342
10343
10484
10485
10486
10487
10488
10489
10490
10491
10492
10493
10494
10495
10496
10497
10498
10499
10500
10501
10502
10503
10504
10505
10506
10507
10508
10509
10510
10511
10512
10513
10514
10515
10516
10517
10518
10519
10520
10521
10522
10523
10524
10525
10526
10527
10528
10530
10531
10666
10667
10669
10671
10672
10673
10674
10675
10676
10677
10678
10679
10680
10681
10682
10683
10684
10685
10686
10687
10688
10689
10690
10691
10692
10693
10694
10695
10696
10697
10836
10837
10839
10841
10842
10843
10844
10846
10847
10848
10849
10850
10852
10853
10854
10855
10856
10857
10859
12310
12312
12313
12314
12315
12316
12317
12318
12319
12320
12321
12322
12323
12324
12325
12326
12327
12328
12329
12330
12331
12332
12333
12334
12335
12336
12337
12464
12465
12466
12467
12468
12469
12470
12471
12472
12473
12474
12475
12476
12477
12478
12479
12480
12481
12482
12483
12484
12485
12486
12487
12488
12489
12490
12491
12492
12493
12494
12495
12497
12498
12499
12622
12625
12626
12627
12628
12629
12630
12631
12632
12633
12634
12635
12636
12637
12638
12639
12640
12641
12642
12643
12644
12645
12646
12647
12648
12649
12650
12651
12652
12653
12654
12655
12656
12657
12658
12659
12660
12661
12662
12663
12664
12665
12666
12667
12668
12669
12670
12671
12794
12795
12797
12799
12800
12801
12802
12803
12804
12805
12806
12807
12808
12809
12810
12811
12812
12813
12814
12815
12816
12817
12818
12819
12820
12821
12822
12823
12824
12825
12826
12827
12828
12829
12830
12831
12832
12833
12974
12975
12976
12977
12978
12979
12980
12981
12982
12983
12984
12985
12986
12987
12988
12989
12990
12991
12992
12993
12994
12995
12996
12997
12998
12999
13000
13001
13002
13003
13004
13005
13006
13007
13008
13009
13010
13011
13012
13013
13014
13015
13016
13017
13018
13020
13021
13156
13157
13159
13161
13162
13163
13164
13165
13166
13167
13168
13169
13170
13171
13172
13173
13174
13175
13176
13177
13178
13179
13180
13181
13182
13183
13184
13185
13186
13187
13326
13327
13329
13331
13332
13333
13334
13336
13337
13338
13339
13340
13342
13343
13344
13345
13346
13347
13349
14800
14802
14803
14804
14805
14806
14807
14808
14809
14810
14811
14812
14813
14814
14815
14816
14817
14818
14819
14820
14821
14822
14823
14824
14825
14826
14827
14954
14955
14956
14957
14958
14959
14960
14961
14962
14963
14964
14965
14966
14967
14968
14969
14970
14971
14972
14973
14974
14975
14976
14977
14978
14979
14980
14981
14982
14983
14984
14985
14987
14988
14989
15112
15115
15116
15117
15118
15119
15120
15121
15122
15123
15124
15125
15126
15127
15128
15129
15130
15131
15132
15133
15134
15135
15136
15137
15138
15139
15140
15141
15142
15143
15144
15145
15146
15147
15148
15149
15150
15151
15152
15153
15154
15155
15156
15157
15158
15159
15160
15161
15284
15285
15287
15289
15290
15291
15292
15293
15294
15295
15296
15297
15298
15299
15300
15301
15302
15303
15304
15305
15306
15307
15308
15309
15310
15311
15312
15313
15314
15315
15316
15317
15318
15319
15320
15321
15322
15323
15464
15465
15466
15467
15468
15469
15470
15471
15472
15473
15474
15475
15476
15477
15478
15479
15480
15481
15482
15483
15484
15485
15486
15487
15488
15489
15490
15491
15492
15493
15494
15495
15496
15497
15498
15499
15500
15501
15502
15503
15504
15505
15506
15507
15508
15510
15511
15646
15647
15649
15651
15652
15653
15654
15655
15656
15657
15658
15659
15660
15661
15662
15663
15664
15665
15666
15667
15668
15669
15670
15671
15672
15673
15674
15675
15676
15677
15816
15817
15819
15821
15822
15823
15824
15826
15827
15828
15829
15830
15832
15833
15834
15835
15836
15837
15839
17290
17292
17293
17294
17295
17296
17297
17298
17299
17300
17301
17302
17303
17304
17305
17306
17307
17308
17309
17310
17311
17312
17313
17314
17315
17316
17317
17444
17445
17446
17447
17448
17449
17450
17451
17452
17453
17454
17455
17456
17457
17458
17459
17460
17461
17462
17463
17464
17465
17466
17467
17468
17469
17470
17471
17472
17473
17474
17475
17477
17478
17479
17602
17605
17606
17607
17608
17609
17610
17611
17612
17613
17614
17615
17616
17617
17618
17619
17620
17621
17622
17623
17624
17625
17626
17627
17628
17629
17630
17631
17632
17633
17634
17635
17636
17637
17638
17639
17640
17641
17642
17643
17644
17645
17646
17647
17648
17649
17650
17651
17774
17775
17777
17779
17780
17781
17782
17783
17784
17785
17786
17787
17788
17789
17790
17791
17792
17793
17794
17795
17796
17797
17798
17799
17800
17801
17802
17803
17804
17805
17806
17807
17808
17809
17810
17811
17812
17813
17954
17955
17956
17957
17958
17959
17960
17961
17962
17963
17964
17965
17966
17967
17968
17969
17970
17971
17972
17973
17974
17975
17976
17977
17978
17979
17980
17981
17982
17983
17984
17985
17986
17987
17988
17989
17990
17991
17992
17993
17994
17995
17996
17997
17998
18000
18001
18136
18137
18139
18141
18142
18143
18144
18145
18146
18147
18148
18149
18150
18151
18152
18153
18154
18155
18156
18157
18158
18159
18160
18161
18162
18163
18164
18165
18166
18167
18306
18307
18309
18311
18312
18313
18314
18316
18317
18318
18319
18320
18322
18323
18324
18325
18326
18327
18329
19780
19782
19783
19784
19785
19786
19787
19788
19789
19790
19791
19792
19793
19794
19795
19796
19797
19798
19799
19800
19801
19802
19803
19804
19805
19806
19807
19934
19935
19936
19937
19938
19939
19940
19941
19942
19943
19944
19945
19946
19947
19948
19949
19950
19951
19952
19953
19954
19955
19956
19957
19958
19959
19960
19961
19962
19963
19964
19965
19967
19968
19969
20092
20095
20096
20097
20098
20099
20100
20101
20102
20103
20104
20105
20106
20107
20108
20109
20110
20111
20112
20113
20114
20115
20116
20117
20118
20119
20120
20121
20122
20123
20124
20125
20126
20127
20128
20129
20130
20131
20132
20133
20134
20135
20136
20137
20138
20139
20140
20141
20264
20265
20267
20269
20270
20271
20272
20273
20274
20275
20276
20277
20278
20279
20280
20281
20282
20283
20284
20285
20286
20287
20288
20289
20290
20291
20292
20293
20294
20295
20296
20297
20298
20299
20300
20301
20302
20303
20444
20445
20446
20447
20448
20449
20450
20451
20452
20453
20454
20455
20456
20457
20458
20459
20460
20461
20462
20463
20464
20465
20466
20467
20468
20469
20470
20471
20472
20473
20474
20475
20476
20477
20478
20479
20480
20481
20482
20483
20484
20485
20486
20487
20488
20490
20491
20626
20627
20629
20631
20632
20633
20634
20635
20636
20637
20638
20639
20640
20641
20642
20643
20644
20645
20646
20647
20648
20649
20650
20651
20652
20653
20654
20655
20656
20657
20796
20797
20799
20801
20802
20803
20804
20806
20807
20808
20809
20810
20812
20813
20814
20815
20816
20817
20819
22270
22272
22273
22274
22275
22276
22277
22278
22279
22280
22281
22282
22283
22284
22285
22286
22287
22288
22289
22290
22291
22292
22293
22294
22295
22296
22297
22424
22425
22426
22427
22428
22429
22430
22431
22432
22433
22434
22435
22436
22437
22438
22439
22440
22441
22442
22443
22444
22445
22446
22447
22448
22449
22450
22451
22452
22453
22454
22455
22457
22458
22459
22582
22585
22586
22587
22588
22589
22590
22591
22592
22593
22594
22595
22596
22597
22598
22599
22600
22601
22602
22603
22604
22605
22606
22607
22608
22609
22610
22611
22612
22613
22614
22615
22616
22617
22618
22619
22620
22621
22622
22623
22624
22625
22626
22627
22628
22629
22630
22631
22754
22755
22757
22759
22760
22761
22762
22763
22764
22765
22766
22767
22768
22769
22770
22771
22772
22773
22774
22775
22776
22777
22778
22779
22780
22781
22782
22783
22784
22785
22786
22787
22788
22789
22790
22791
22792
22793
22934
22935
22936
22937
22938
22939
22940
22941
22942
22943
22944
22945
22946
22947
22948
22949
22950
22951
22952
22953
22954
22955
22956
22957
22958
22959
22960
22961
22962
22963
22964
22965
22966
22967
22968
22969
22970
22971
22972
22973
22974
22975
22976
22977
22978
22980
22981
23116
23117
23119
23121
23122
23123
23124
23125
23126
23127
23128
23129
23130
23131
23132
23133
23134
23135
23136
23137
23138
23139
23140
23141
23142
23143
23144
23145
23146
23147
23286
23287
23289
23291
23292
23293
23294
23296
23297
23298
23299
23300
23302
23303
23304
23305
23306
23307
23309
24760
24762
24763
24764
24765
24766
24767
24768
24769
24770
24771
24772
24773
24774
24775
24776
24777
24778
24779
24780
24781
24782
24783
24784
24785
24786
24787
24914
24915
24916
24917
24918
24919
24920
24921
24922
24923
24924
24925
24926
24927
24928
24929
24930
24931
24932
24933
24934
24935
24936
24937
24938
24939
24940
24941
24942
24943
24944
24945
24947
24948
24949
25072
25075
25076
25077
25078
25079
25080
25081
25082
25083
25084
25085
25086
25087
25088
25089
25090
25091
25092
25093
25094
25095
25096
25097
25098
25099
25100
25101
25102
25103
25104
25105
25106
25107
25108
25109
25110
25111
25112
25113
25114
25115
25116
25117
25118
25119
25120
25121
25244
25245
25247
25249
25250
25251
25252
25253
25254
25255
25256
25257
25258
25259
25260
25261
25262
25263
25264
25265
25266
25267
25268
25269
25270
25271
25272
25273
25274
25275
25276
25277
25278
25279
25280
25281
25282
25283
25424
25425
25426
25427
25428
25429
25430
25431
25432
25433
25434
25435
25436
25437
25438
25439
25440
25441
25442
25443
25444
25445
25446
25447
25448
25449
25450
25451
25452
25453
25454
25455
25456
25457
25458
25459
25460
25461
25462
25463
25464
25465
25466
25467
25468
25470
25471
25606
25607
25609
25611
25612
25613
25614
25615
25616
25617
25618
25619
25620
25621
25622
25623
25624
25625
25626
25627
25628
25629
25630
25631
25632
25633
25634
25635
25636
25637
25776
25777
25779
25781
25782
25783
25784
25786
25787
25788
25789
25790
25792
25793
25794
25795
25796
25797
25799
27250
27252
27253
27254
27255
27256
27257
27258
27259
27260
27261
27262
27263
27264
27265
27266
27267
27268
27269
27270
27271
27272
27273
27274
27275
27276
27277
27404
27405
27406
27407
27408
27409
27410
27411
27412
27413
27414
27415
27416
27417
27418
27419
27420
27421
27422
27423
27424
27425
27426
27427
27428
27429
27430
27431
27432
27433
27434
27435
27437
27438
27439
27562
27565
27566
27567
27568
27569
27570
27571
27572
27573
27574
27575
27576
27577
27578
27579
27580
27581
27582
27583
27584
27585
27586
27587
27588
27589
27590
27591
27592
27593
27594
27595
27596
27597
27598
27599
27600
27601
27602
27603
27604
27605
27606
27607
27608
27609
27610
27611
27734
27735
27737
27739
27740
27741
27742
27743
27744
27745
27746
27747
27748
27749
27750
27751
27752
27753
27754
27755
27756
27757
27758
27759
27760
27761
27762
27763
27764
27765
27766
27767
27768
27769
27770
27771
27772
27773
27914
27915
27916
27917
27918
27919
27920
27921
27922
27923
27924
27925
27926
27927
27928
27929
27930
27931
27932
27933
27934
27935
27936
27937
27938
27939
27940
27941
27942
27943
27944
27945
27946
27947
27948
27949
27950
27951
27952
27953
27954
27955
27956
27957
27958
27960
27961
28096
28097
28099
28101
28102
28103
28104
28105
28106
28107
28108
28109
28110
28111
28112
28113
28114
28115
28116
28117
28118
28119
28120
28121
28122
28123
28124
28125
28126
28127
28266
28267
28269
28271
28272
28273
28274
28276
28277
28278
28279
28280
28282
28283
28284
28285
28286
28287
28289
29740
29742
29743
29744
29745
29746
29747
29748
29749
29750
29751
29752
29753
29754
29755
29756
29757
29758
29759
29760
29761
29762
29763
29764
29765
29766
29767
29894
29895
29896
29897
29898
29899
29900
29901
29902
29903
29904
29905
29906
29907
29908
29909
29910
29911
29912
29913
29914
29915
29916
29917
29918
29919
29920
29921
29922
29923
29924
29925
29927
29928
29929
30052
30055
30056
30057
30058
30059
30060
30061
30062
30063
30064
30065
30066
30067
30068
30069
30070
30071
30072
30073
30074
30075
30076
30077
30078
30079
30080
30081
30082
30083
30084
30085
30086
30087
30088
30089
30090
30091
30092
30093
30094
30095
30096
30097
30098
30099
30100
30101
30224
30225
30227
30229
30230
30231
30232
30233
30234
30235
30236
30237
30238
30239
30240
30241
30242
30243
30244
30245
30246
30247
30248
30249
30250
30251
30252
30253
30254
30255
30256
30257
30258
30259
30260
30261
30262
30263
30404
30405
30406
30407
30408
30409
30410
30411
30412
30413
30414
30415
30416
30417
30418
30419
30420
30421
30422
30423
30424
30425
30426
30427
30428
30429
30430
30431
30432
30433
30434
30435
30436
30437
30438
30439
30440
30441
30442
30443
30444
30445
30446
30447
30448
30450
30451
30586
30587
30589
30591
30592
30593
30594
30595
30596
30597
30598
30599
30600
30601
30602
30603
30604
30605
30606
30607
30608
30609
30610
30611
30612
30613
30614
30615
30616
30617
30756
30757
30759
30761
30762
30763
30764
30766
30767
30768
30769
30770
30772
30773
30774
30775
30776
30777
30779
32230
32232
32233
32234
32235
32236
32237
32238
32239
32240
32241
32242
32243
32244
32245
32246
32247
32248
32249
32250
32251
32252
32253
32254
32255
32256
32257
32384
32385
32386
32387
32388
32389
32390
32391
32392
32393
32394
32395
32396
32397
32398
32399
32400
32401
32402
32403
32404
32405
32406
32407
32408
32409
32410
32411
32412
32413
32414
32415
32417
32418
32419
32542
32545
32546
32547
32548
32549
32550
32551
32552
32553
32554
32555
32556
32557
32558
32559
32560
32561
32562
32563
32564
32565
32566
32567
32568
32569
32570
32571
32572
32573
32574
32575
32576
32577
32578
32579
32580
32581
32582
32583
32584
32585
32586
32587
32588
32589
32590
32591
32714
32715
32717
32719
32720
32721
32722
32723
32724
32725
32726
32727
32728
32729
32730
32731
32732
32733
32734
32735
32736
32737
32738
32739
32740
32741
32742
32743
32744
32745
32746
32747
32748
32749
32750
32751
32752
32753
32894
32895
32896
32897
32898
32899
32900
32901
32902
32903
32904
32905
32906
32907
32908
32909
32910
32911
32912
32913
32914
32915
32916
32917
32918
32919
32920
32921
32922
32923
32924
32925
32926
32927
32928
32929
32930
32931
32932
32933
32934
32935
32936
32937
32938
32940
32941
33076
33077
33079
33081
33082
33083
33084
33085
33086
33087
33088
33089
33090
33091
33092
33093
33094
33095
33096
33097
33098
33099
33100
33101
33102
33103
33104
33105
33106
33107
33246
33247
33249
33251
33252
33253
33254
33256
33257
33258
33259
33260
33262
33263
33264
33265
33266
33267
33269
34720
34722
34723
34724
34725
34726
34727
34728
34729
34730
34731
34732
34733
34734
34735
34736
34737
34738
34739
34740
34741
34742
34743
34744
34745
34746
34747
34874
34875
34876
34877
34878
34879
34880
34881
34882
34883
34884
34885
34886
34887
34888
34889
34890
34891
34892
34893
34894
34895
34896
34897
34898
34899
34900
34901
34902
34903
34904
34905
34907
34908
34909
35032
35035
35036
35037
35038
35039
35040
35041
35042
35043
35044
35045
35046
35047
35048
35049
35050
35051
35052
35053
35054
35055
35056
35057
35058
35059
35060
35061
35062
35063
35064
35065
35066
35067
35068
35069
35070
35071
35072
35073
35074
35075
35076
35077
35078
35079
35080
35081
35204
35205
35207
35209
35210
35211
35212
35213
35214
35215
35216
35217
35218
35219
35220
35221
35222
35223
35224
35225
35226
35227
35228
35229
35230
35231
35232
35233
35234
35235
35236
35237
35238
35239
35240
35241
35242
35243
35384
35385
35386
35387
35388
35389
35390
35391
35392
35393
35394
35395
35396
35397
35398
35399
35400
35401
35402
35403
35404
35405
35406
35407
35408
35409
35410
35411
35412
35413
35414
35415
35416
35417
35418
35419
35420
35421
35422
35423
35424
35425
35426
35427
35428
35430
35431
35566
35567
35569
35571
35572
35573
35574
35575
35576
35577
35578
35579
35580
35581
35582
35583
35584
35585
35586
35587
35588
35589
35590
35591
35592
35593
35594
35595
35596
35597
35736
35737
35739
35741
35742
35743
35744
35746
35747
35748
35749
35750
35752
35753
35754
35755
35756
35757
35759
37210
37212
37213
37214
37215
37216
37217
37218
37219
37220
37221
37222
37223
37224
37225
37226
37227
37228
37229
37230
37231
37232
37233
37234
37235
37236
37237
37364
37365
37366
37367
37368
37369
37370
37371
37372
37373
37374
37375
37376
37377
37378
37379
37380
37381
37382
37383
37384
37385
37386
37387
37388
37389
37390
37391
37392
37393
37394
37395
37397
37398
37399
37522
37525
37526
37527
37528
37529
37530
37531
37532
37533
37534
37535
37536
37537
37538
37539
37540
37541
37542
37543
37544
37545
37546
37547
37548
37549
37550
37551
37552
37553
37554
37555
37556
37557
37558
37559
37560
37561
37562
37563
37564
37565
37566
37567
37568
37569
37570
37571
37694
37695
37697
37699
37700
37701
37702
37703
37704
37705
37706
37707
37708
37709
37710
37711
37712
37713
37714
37715
37716
37717
37718
37719
37720
37721
37722
37723
37724
37725
37726
37727
37728
37729
37730
37731
37732
37733
37874
37875
37876
37877
37878
37879
37880
37881
37882
37883
37884
37885
37886
37887
37888
37889
37890
37891
37892
37893
37894
37895
37896
37897
37898
37899
37900
37901
37902
37903
37904
37905
37906
37907
37908
37909
37910
37911
37912
37913
37914
37915
37916
37917
37918
37920
37921
38056
38057
38059
38061
38062
38063
38064
38065
38066
38067
38068
38069
38070
38071
38072
38073
38074
38075
38076
38077
38078
38079
38080
38081
38082
38083
38084
38085
38086
38087
38226
38227
38229
38231
38232
38233
38234
38236
38237
38238
38239
38240
38242
38243
38244
38245
38246
38247
38249
39700
39702
39703
39704
39705
39706
39707
39708
39709
39710
39711
39712
39713
39714
39715
39716
39717
39718
39719
39720
39721
39722
39723
39724
39725
39726
39727
39854
39855
39856
39857
39858
39859
39860
39861
39862
39863
39864
39865
39866
39867
39868
39869
39870
39871
39872
39873
39874
39875
39876
39877
39878
39879
39880
39881
39882
39883
39884
39885
39887
39888
39889
40012
40015
40016
40017
40018
40019
40020
40021
40022
40023
40024
40025
40026
40027
40028
40029
40030
40031
40032
40033
40034
40035
40036
40037
40038
40039
40040
40041
40042
40043
40044
40045
40046
40047
40048
40049
40050
40051
40052
40053
40054
40055
40056
40057
40058
40059
40060
40061
40184
40185
40187
40189
40190
40191
40192
40193
40194
40195
40196
40197
40198
40199
40200
40201
40202
40203
40204
40205
40206
40207
40208
40209
40210
40211
40212
40213
40214
40215
40216
40217
40218
40219
40220
40221
40222
40223
40364
40365
40366
40367
40368
40369
40370
40371
40372
40373
40374
40375
40376
40377
40378
40379
40380
40381
40382
40383
40384
40385
40386
40387
40388
40389
40390
40391
40392
40393
40394
40395
40396
40397
40398
40399
40400
40401
40402
40403
40404
40405
40406
40407
40408
40410
40411
40546
40547
40549
40551
40552
40553
40554
40555
40556
40557
40558
40559
40560
40561
40562
40563
40564
40565
40566
40567
40568
40569
40570
40571
40572
40573
40574
40575
40576
40577
40716
40717
40719
40721
40722
40723
40724
40726
40727
40728
40729
40730
40732
40733
40734
40735
40736
40737
40739
42190
42192
42193
42194
42195
42196
42197
42198
42199
42200
42201
42202
42203
42204
42205
42206
42207
42208
42209
42210
42211
42212
42213
42214
42215
42216
42217
42344
42345
42346
42347
42348
42349
42350
42351
42352
42353
42354
42355
42356
42357
42358
42359
42360
42361
42362
42363
42364
42365
42366
42367
42368
42369
42370
42371
42372
42373
42374
42375
42377
42378
42379
42502
42505
42506
42507
42508
42509
42510
42511
42512
42513
42514
42515
42516
42517
42518
42519
42520
42521
42522
42523
42524
42525
42526
42527
42528
42529
42530
42531
42532
42533
42534
42535
42536
42537
42538
42539
42540
42541
42542
42543
42544
42545
42546
42547
42548
42549
42550
42551
42674
42675
42677
42679
42680
42681
42682
42683
42684
42685
42686
42687
42688
42689
42690
42691
42692
42693
42694
42695
42696
42697
42698
42699
42700
42701
42702
42703
42704
42705
42706
42707
42708
42709
42710
42711
42712
42713
42854
42855
42856
42857
42858
42859
42860
42861
42862
42863
42864
42865
42866
42867
42868
42869
42870
42871
42872
42873
42874
42875
42876
42877
42878
42879
42880
42881
42882
42883
42884
42885
42886
42887
42888
42889
42890
42891
42892
42893
42894
42895
42896
42897
42898
42900
42901
43036
43037
43039
43041
43042
43043
43044
43045
43046
43047
43048
43049
43050
43051
43052
43053
43054
43055
43056
43057
43058
43059
43060
43061
43062
43063
43064
43065
43066
43067
43206
43207
43209
43211
43212
43213
43214
43216
43217
43218
43219
43220
43222
43223
43224
43225
43226
43227
43229
44680
44682
44683
44684
44685
44686
44687
44688
44689
44690
44691
44692
44693
44694
44695
44696
44697
44698
44699
44700
44701
44702
44703
44704
44705
44706
44707
44834
44835
44836
44837
44838
44839
44840
44841
44842
44843
44844
44845
44846
44847
44848
44849
44850
44851
44852
44853
44854
44855
44856
44857
44858
44859
44860
44861
44862
44863
44864
44865
44867
44868
44869
44992
44995
44996
44997
44998
44999
45000
45001
45002
45003
45004
45005
45006
45007
45008
45009
45010
45011
45012
45013
45014
45015
45016
45017
45018
45019
45020
45021
45022
45023
45024
45025
45026
45027
45028
45029
45030
45031
45032
45033
45034
45035
45036
45037
45038
45039
45040
45041
45164
45165
45167
45169
45170
45171
45172
45173
45174
45175
45176
45177
45178
45179
45180
45181
45182
45183
45184
45185
45186
45187
45188
45189
45190
45191
45192
45193
45194
45195
45196
45197
45198
45199
45200
45201
45202
45203
45344
45345
45346
45347
45348
45349
45350
45351
45352
45353
45354
45355
45356
45357
45358
45359
45360
45361
45362
45363
45364
45365
45366
45367
45368
45369
45370
45371
45372
45373
45374
45375
45376
45377
45378
45379
45380
45381
45382
45383
45384
45385
45386
45387
45388
45390
45391
45526
45527
45529
45531
45532
45533
45534
45535
45536
45537
45538
45539
45540
45541
45542
45543
45544
45545
45546
45547
45548
45549
45550
45551
45552
45553
45554
45555
45556
45557
45696
45697
45699
45701
45702
45703
45704
45706
45707
45708
45709
45710
45712
45713
45714
45715
45716
45717
45719
47170
47172
47173
47174
47175
47176
47177
47178
47179
47180
47181
47182
47183
47184
47185
47186
47187
47188
47189
47190
47191
47192
47193
47194
47195
47196
47197
47324
47325
47326
47327
47328
47329
47330
47331
47332
47333
47334
47335
47336
47337
47338
47339
47340
47341
47342
47343
47344
47345
47346
47347
47348
47349
47350
47351
47352
47353
47354
47355
47357
47358
47359
47482
47485
47486
47487
47488
47489
47490
47491
47492
47493
47494
47495
47496
47497
47498
47499
47500
47501
47502
47503
47504
47505
47506
47507
47508
47509
47510
47511
47512
47513
47514
47515
47516
47517
47518
47519
47520
47521
47522
47523
47524
47525
47526
47527
47528
47529
47530
47531
47654
47655
47657
47659
47660
47661
47662
47663
47664
47665
47666
47667
47668
47669
47670
47671
47672
47673
47674
47675
47676
47677
47678
47679
47680
47681
47682
47683
47684
47685
47686
47687
47688
47689
47690
47691
47692
47693
47834
47835
47836
47837
47838
47839
47840
47841
47842
47843
47844
47845
47846
47847
47848
47849
47850
47851
47852
47853
47854
47855
47856
47857
47858
47859
47860
47861
47862
47863
47864
47865
47866
47867
47868
47869
47870
47871
47872
47873
47874
47875
47876
47877
47878
47880
47881
48016
48017
48019
48021
48022
48023
48024
48025
48026
48027
48028
48029
48030
48031
48032
48033
48034
48035
48036
48037
48038
48039
48040
48041
48042
48043
48044
48045
48046
48047
48186
48187
48189
48191
48192
48193
48194
48196
48197
48198
48199
48200
48202
48203
48204
48205
48206
48207
48209
49660
49662
49663
49664
49665
49666
49667
49668
49669
49670
49671
49672
49673
49674
49675
49676
49677
49678
49679
49680
49681
49682
49683
49684
49685
49686
49687
49814
49815
49816
49817
49818
49819
49820
49821
49822
49823
49824
49825
49826
49827
49828
49829
49830
49831
49832
49833
49834
49835
49836
49837
49838
49839
49840
49841
49842
49843
49844
49845
49847
49848
49849
49972
49975
49976
49977
49978
49979
49980
49981
49982
49983
49984
49985
49986
49987
49988
49989
49990
49991
49992
49993
49994
49995
49996
49997
49998
49999
50000
50001
50002
50003
50004
50005
50006
50007
50008
50009
50010
50011
50012
50013
50014
50015
50016
50017
50018
50019
50020
50021
50144
50145
50147
50149
50150
50151
50152
50153
50154
50155
50156
50157
50158
50159
50160
50161
50162
50163
50164
50165
50166
50167
50168
50169
50170
50171
50172
50173
50174
50175
50176
50177
50178
50179
50180
50181
50182
50183
50324
50325
50326
50327
50328
50329
50330
50331
50332
50333
50334
50335
50336
50337
50338
50339
50340
50341
50342
50343
50344
50345
50346
50347
50348
50349
50350
50351
50352
50353
50354
50355
50356
50357
50358
50359
50360
50361
50362
50363
50364
50365
50366
50367
50368
50370
50371
50506
50507
50509
50511
50512
50513
50514
50515
50516
50517
50518
50519
50520
50521
50522
50523
50524
50525
50526
50527
50528
50529
50530
50531
50532
50533
50534
50535
50536
50537
50676
50677
50679
50681
50682
50683
50684
50686
50687
50688
50689
50690
50692
50693
50694
50695
50696
50697
50699
52150
52152
52153
52154
52155
52156
52157
52158
52159
52160
52161
52162
52163
52164
52165
52166
52167
52168
52169
52170
52171
52172
52173
52174
52175
52176
52177
52304
52305
52306
52307
52308
52309
52310
52311
52312
52313
52314
52315
52316
52317
52318
52319
52320
52321
52322
52323
52324
52325
52326
52327
52328
52329
52330
52331
52332
52333
52334
52335
52337
52338
52339
52462
52465
52466
52467
52468
52469
52470
52471
52472
52473
52474
52475
52476
52477
52478
52479
52480
52481
52482
52483
52484
52485
52486
52487
52488
52489
52490
52491
52492
52493
52494
52495
52496
52497
52498
52499
52500
52501
52502
52503
52504
52505
52506
52507
52508
52509
52510
52511
52634
52635
52637
52639
52640
52641
52642
52643
52644
52645
52646
52647
52648
52649
52650
52651
52652
52653
52654
52655
52656
52657
52658
52659
52660
52661
52662
52663
52664
52665
52666
52667
52668
52669
52670
52671
52672
52673
52814
52815
52816
52817
52818
52819
52820
52821
52822
52823
52824
52825
52826
52827
52828
52829
52830
52831
52832
52833
52834
52835
52836
52837
52838
52839
52840
52841
52842
52843
52844
52845
52846
52847
52848
52849
52850
52851
52852
52853
52854
52855
52856
52857
52858
52860
52861
52996
52997
52999
53001
53002
53003
53004
53005
53006
53007
53008
53009
53010
53011
53012
53013
53014
53015
53016
53017
53018
53019
53020
53021
53022
53023
53024
53025
53026
53027
53166
53167
53169
53171
53172
53173
53174
53176
53177
53178
53179
53180
53182
53183
53184
53185
53186
53187
53189
54640
54642
54643
54644
54645
54646
54647
54648
54649
54650
54651
54652
54653
54654
54655
54656
54657
54658
54659
54660
54661
54662
54663
54664
54665
54666
54667
54794
54795
54796
54797
54798
54799
54800
54801
54802
54803
54804
54805
54806
54807
54808
54809
54810
54811
54812
54813
54814
54815
54816
54817
54818
54819
54820
54821
54822
54823
54824
54825
54827
54828
54829
54952
54955
54956
54957
54958
54959
54960
54961
54962
54963
54964
54965
54966
54967
54968
54969
54970
54971
54972
54973
54974
54975
54976
54977
54978
54979
54980
54981
54982
54983
54984
54985
54986
54987
54988
54989
54990
54991
54992
54993
54994
54995
54996
54997
54998
54999
55000
55001
55124
55125
55127
55129
55130
55131
55132
55133
55134
55135
55136
55137
55138
55139
55140
55141
55142
55143
55144
55145
55146
55147
55148
55149
55150
55151
55152
55153
55154
55155
55156
55157
55158
55159
55160
55161
55162
55163
55304
55305
55306
55307
55308
55309
55310
55311
55312
55313
55314
55315
55316
55317
55318
55319
55320
55321
55322
55323
55324
55325
55326
55327
55328
55329
55330
55331
55332
55333
55334
55335
55336
55337
55338
55339
55340
55341
55342
55343
55344
55345
55346
55347
55348
55350
55351
55486
55487
55489
55491
55492
55493
55494
55495
55496
55497
55498
55499
55500
55501
55502
55503
55504
55505
55506
55507
55508
55509
55510
55511
55512
55513
55514
55515
55516
55517
55656
55657
55659
55661
55662
55663
55664
55666
55667
55668
55669
55670
55672
55673
55674
55675
55676
55677
55679
57130
57132
57133
57134
57135
57136
57137
57138
57139
57140
57141
57142
57143
57144
57145
57146
57147
57148
57149
57150
57151
57152
57153
57154
57155
57156
57157
57284
57285
57286
57287
57288
57289
57290
57291
57292
57293
57294
57295
57296
57297
57298
57299
57300
57301
57302
57303
57304
57305
57306
57307
57308
57309
57310
57311
57312
57313
57314
57315
57317
57318
57319
57442
57445
57446
57447
57448
57449
57450
57451
57452
57453
57454
57455
57456
57457
57458
57459
57460
57461
57462
57463
57464
57465
57466
57467
57468
57469
57470
57471
57472
57473
57474
57475
57476
57477
57478
57479
57480
57481
57482
57483
57484
57485
57486
57487
57488
57489
57490
57491
57614
57615
57617
57619
57620
57621
57622
57623
57624
57625
57626
57627
57628
57629
57630
57631
57632
57633
57634
57635
57636
57637
57638
57639
57640
57641
57642
57643
57644
57645
57646
57647
57648
57649
57650
57651
57652
57653
57794
57795
57796
57797
57798
57799
57800
57801
57802
57803
57804
57805
57806
57807
57808
57809
57810
57811
57812
57813
57814
57815
57816
57817
57818
57819
57820
57821
57822
57823
57824
57825
57826
57827
57828
57829
57830
57831
57832
57833
57834
57835
57836
57837
57838
57840
57841
57976
57977
57979
57981
57982
57983
57984
57985
57986
57987
57988
57989
57990
57991
57992
57993
57994
57995
57996
57997
57998
57999
58000
58001
58002
58003
58004
58005
58006
58007
58146
58147
58149
58151
58152
58153
58154
58156
58157
58158
58159
58160
58162
58163
58164
58165
58166
58167
58169
59620
59622
59623
59624
59625
59626
59627
59628
59629
59630
59631
59632
59633
59634
59635
59636
59637
59638
59639
59640
59641
59642
59643
59644
59645
59646
59647
59774
59775
59776
59777
59778
59779
59780
59781
59782
59783
59784
59785
59786
59787
59788
59789
59790
59791
59792
59793
59794
59795
59796
59797
59798
59799
59800
59801
59802
59803
59804
59805
59807
59808
59809
59932
59935
59936
59937
59938
59939
59940
59941
59942
59943
59944
59945
59946
59947
59948
59949
59950
59951
59952
59953
59954
59955
59956
59957
59958
59959
59960
59961
59962
59963
59964
59965
59966
59967
59968
59969
59970
59971
59972
59973
59974
59975
59976
59977
59978
59979
59980
59981
60104
60105
60107
60109
60110
60111
60112
60113
60114
60115
60116
60117
60118
60119
60120
60121
60122
60123
60124
60125
60126
60127
60128
60129
60130
60131
60132
60133
60134
60135
60136
60137
60138
60139
60140
60141
60142
60143
60284
60285
60286
60287
60288
60289
60290
60291
60292
60293
60294
60295
60296
60297
60298
60299
60300
60301
60302
60303
60304
60305
60306
60307
60308
60309
60310
60311
60312
60313
60314
60315
60316
60317
60318
60319
60320
60321
60322
60323
60324
60325
60326
60327
60328
60330
60331
60466
60467
60469
60471
60472
60473
60474
60475
60476
60477
60478
60479
60480
60481
60482
60483
60484
60485
60486
60487
60488
60489
60490
60491
60492
60493
60494
60495
60496
60497
60636
60637
60639
60641
60642
60643
60644
60646
60647
60648
60649
60650
60652
60653
60654
60655
60656
60657
60659
62110
62112
62113
62114
62115
62116
62117
62118
62119
62120
62121
62122
62123
62124
62125
62126
62127
62128
62129
62130
62131
62132
62133
62134
62135
62136
62137
62264
62265
62266
62267
62268
62269
62270
62271
62272
62273
62274
62275
62276
62277
62278
62279
62280
62281
62282
62283
62284
62285
62286
62287
62288
62289
62290
62291
62292
62293
62294
62295
62297
62298
62299
62422
62425
62426
62427
62428
62429
62430
62431
62432
62433
62434
62435
62436
62437
62438
62439
62440
62441
62442
62443
62444
62445
62446
62447
62448
62449
62450
62451
62452
62453
62454
62455
62456
62457
62458
62459
62460
62461
62462
62463
62464
62465
62466
62467
62468
62469
62470
62471
62594
62595
62597
62599
62600
62601
62602
62603
62604
62605
62606
62607
62608
62609
62610
62611
62612
62613
62614
62615
62616
62617
62618
62619
62620
62621
62622
62623
62624
62625
62626
62627
62628
62629
62630
62631
62632
62633
62774
62775
62776
62777
62778
62779
62780
62781
62782
62783
62784
62785
62786
62787
62788
62789
62790
62791
62792
62793
62794
62795
62796
62797
62798
62799
62800
62801
62802
62803
62804
62805
62806
62807
62808
62809
62810
62811
62812
62813
62814
62815
62816
62817
62818
62820
62821
62956
62957
62959
62961
62962
62963
62964
62965
62966
62967
62968
62969
62970
62971
62972
62973
62974
62975
62976
62977
62978
62979
62980
62981
62982
62983
62984
62985
62986
62987
63126
63127
63129
63131
63132
63133
63134
63136
63137
63138
63139
63140
63142
63143
63144
63145
63146
63147
63149
64600
64602
64603
64604
64605
64606
64607
64608
64609
64610
64611
64612
64613
64614
64615
64616
64617
64618
64619
64620
64621
64622
64623
64624
64625
64626
64627
64754
64755
64756
64757
64758
64759
64760
64761
64762
64763
64764
64765
64766
64767
64768
64769
64770
64771
64772
64773
64774
64775
64776
64777
64778
64779
64780
64781
64782
64783
64784
64785
64787
64788
64789
64912
64915
64916
64917
64918
64919
64920
64921
64922
64923
64924
64925
64926
64927
64928
64929
64930
64931
64932
64933
64934
64935
64936
64937
64938
64939
64940
64941
64942
64943
64944
64945
64946
64947
64948
64949
64950
64951
64952
64953
64954
64955
64956
64957
64958
64959
64960
64961
65084
65085
65087
65089
65090
65091
65092
65093
65094
65095
65096
65097
65098
65099
65100
65101
65102
65103
65104
65105
65106
65107
65108
65109
65110
65111
65112
65113
65114
65115
65116
65117
65118
65119
65120
65121
65122
65123
65264
65265
65266
65267
65268
65269
65270
65271
65272
65273
65274
65275
65276
65277
65278
65279
65280
65281
65282
65283
65284
65285
65286
65287
65288
65289
65290
65291
65292
65293
65294
65295
65296
65297
65298
65299
65300
65301
65302
65303
65304
65305
65306
65307
65308
65310
65311
65446
65447
65449
65451
65452
65453
65454
65455
65456
65457
65458
65459
65460
65461
65462
65463
65464
65465
65466
65467
65468
65469
65470
65471
65472
65473
65474
65475
65476
65477
65616
65617
65619
65621
65622
65623
65624
65626
65627
65628
65629
65630
65632
65633
65634
65635
65636
65637
65639
67090
67092
67093
67094
67095
67096
67097
67098
67099
67100
67101
67102
67103
67104
67105
67106
67107
67108
67109
67110
67111
67112
67113
67114
67115
67116
67117
67244
67245
67246
67247
67248
67249
67250
67251
67252
67253
67254
67255
67256
67257
67258
67259
67260
67261
67262
67263
67264
67265
67266
67267
67268
67269
67270
67271
67272
67273
67274
67275
67277
67278
67279
67402
67405
67406
67407
67408
67409
67410
67411
67412
67413
67414
67415
67416
67417
67418
67419
67420
67421
67422
67423
67424
67425
67426
67427
67428
67429
67430
67431
67432
67433
67434
67435
67436
67437
67438
67439
67440
67441
67442
67443
67444
67445
67446
67447
67448
67449
67450
67451
67574
67575
67577
67579
67580
67581
67582
67583
67584
67585
67586
67587
67588
67589
67590
67591
67592
67593
67594
67595
67596
67597
67598
67599
67600
67601
67602
67603
67604
67605
67606
67607
67608
67609
67610
67611
67612
67613
67754
67755
67756
67757
67758
67759
67760
67761
67762
67763
67764
67765
67766
67767
67768
67769
67770
67771
67772
67773
67774
67775
67776
67777
67778
67779
67780
67781
67782
67783
67784
67785
67786
67787
67788
67789
67790
67791
67792
67793
67794
67795
67796
67797
67798
67800
67801
67936
67937
67939
67941
67942
67943
67944
67945
67946
67947
67948
67949
67950
67951
67952
67953
67954
67955
67956
67957
67958
67959
67960
67961
67962
67963
67964
67965
67966
67967
68106
68107
68109
68111
68112
68113
68114
68116
68117
68118
68119
68120
68122
68123
68124
68125
68126
68127
68129
69580
69582
69583
69584
69585
69586
69587
69588
69589
69590
69591
69592
69593
69594
69595
69596
69597
69598
69599
69600
69601
69602
69603
69604
69605
69606
69607
69734
69735
69736
69737
69738
69739
69740
69741
69742
69743
69744
69745
69746
69747
69748
69749
69750
69751
69752
69753
69754
69755
69756
69757
69758
69759
69760
69761
69762
69763
69764
69765
69767
69768
69769
69892
69895
69896
69897
69898
69899
69900
69901
69902
69903
69904
69905
69906
69907
69908
69909
69910
69911
69912
69913
69914
69915
69916
69917
69918
69919
69920
69921
69922
69923
69924
69925
69926
69927
69928
69929
69930
69931
69932
69933
69934
69935
69936
69937
69938
69939
69940
69941
70064
70065
70067
70069
70070
70071
70072
70073
70074
70075
70076
70077
70078
70079
70080
70081
70082
70083
70084
70085
70086
70087
70088
70089
70090
70091
70092
70093
70094
70095
70096
70097
70098
70099
70100
70101
70102
70103
70244
70245
70246
70247
70248
70249
70250
70251
70252
70253
70254
70255
70256
70257
70258
70259
70260
70261
70262
70263
70264
70265
70266
70267
70268
70269
70270
70271
70272
70273
70274
70275
70276
70277
70278
70279
70280
70281
70282
70283
70284
70285
70286
70287
70288
70290
70291
70426
70427
70429
70431
70432
70433
70434
70435
70436
70437
70438
70439
70440
70441
70442
70443
70444
70445
70446
70447
70448
70449
70450
70451
70452
70453
70454
70455
70456
70457
70596
70597
70599
70601
70602
70603
70604
70606
70607
70608
70609
70610
70612
70613
70614
70615
70616
70617
70619
72070
72072
72073
72074
72075
72076
72077
72078
72079
72080
72081
72082
72083
72084
72085
72086
72087
72088
72089
72090
72091
72092
72093
72094
72095
72096
72097
72224
72225
72226
72227
72228
72229
72230
72231
72232
72233
72234
72235
72236
72237
72238
72239
72240
72241
72242
72243
72244
72245
72246
72247
72248
72249
72250
72251
72252
72253
72254
72255
72257
72258
72259
72382
72385
72386
72387
72388
72389
72390
72391
72392
72393
72394
72395
72396
72397
72398
72399
72400
72401
72402
72403
72404
72405
72406
72407
72408
72409
72410
72411
72412
72413
72414
72415
72416
72417
72418
72419
72420
72421
72422
72423
72424
72425
72426
72427
72428
72429
72430
72431
72554
72555
72557
72559
72560
72561
72562
72563
72564
72565
72566
72567
72568
72569
72570
72571
72572
72573
72574
72575
72576
72577
72578
72579
72580
72581
72582
72583
72584
72585
72586
72587
72588
72589
72590
72591
72592
72593
72734
72735
72736
72737
72738
72739
72740
72741
72742
72743
72744
72745
72746
72747
72748
72749
72750
72751
72752
72753
72754
72755
72756
72757
72758
72759
72760
72761
72762
72763
72764
72765
72766
72767
72768
72769
72770
72771
72772
72773
72774
72775
72776
72777
72778
72780
72781
72916
72917
72919
72921
72922
72923
72924
72925
72926
72927
72928
72929
72930
72931
72932
72933
72934
72935
72936
72937
72938
72939
72940
72941
72942
72943
72944
72945
72946
72947
73086
73087
73089
73091
73092
73093
73094
73096
73097
73098
73099
73100
73102
73103
73104
73105
73106
73107
73109
74560
74562
74563
74564
74565
74566
74567
74568
74569
74570
74571
74572
74573
74574
74575
74576
74577
74578
74579
74580
74581
74582
74583
74584
74585
74586
74587
74714
74715
74716
74717
74718
74719
74720
74721
74722
74723
74724
74725
74726
74727
74728
74729
74730
74731
74732
74733
74734
74735
74736
74737
74738
74739
74740
74741
74742
74743
74744
74745
74747
74748
74749
74872
74875
74876
74877
74878
74879
74880
74881
74882
74883
74884
74885
74886
74887
74888
74889
74890
74891
74892
74893
74894
74895
74896
74897
74898
74899
74900
74901
74902
74903
74904
74905
74906
74907
74908
74909
74910
74911
74912
74913
74914
74915
74916
74917
74918
74919
74920
74921
75044
75045
75047
75049
75050
75051
75052
75053
75054
75055
75056
75057
75058
75059
75060
75061
75062
75063
75064
75065
75066
75067
75068
75069
75070
75071
75072
75073
75074
75075
75076
75077
75078
75079
75080
75081
75082
75083
75224
75225
75226
75227
75228
75229
75230
75231
75232
75233
75234
75235
75236
75237
75238
75239
75240
75241
75242
75243
75244
75245
75246
75247
75248
75249
75250
75251
75252
75253
75254
75255
75256
75257
75258
75259
75260
75261
75262
75263
75264
75265
75266
75267
75268
75270
75271
75406
75407
75409
75411
75412
75413
75414
75415
75416
75417
75418
75419
75420
75421
75422
75423
75424
75425
75426
75427
75428
75429
75430
75431
75432
75433
75434
75435
75436
75437
75576
75577
75579
75581
75582
75583
75584
75586
75587
75588
75589
75590
75592
75593
75594
75595
75596
75597
75599
77050
77052
77053
77054
77055
77056
77057
77058
77059
77060
77061
77062
77063
77064
77065
77066
77067
77068
77069
77070
77071
77072
77073
77074
77075
77076
77077
77204
77205
77206
77207
77208
77209
77210
77211
77212
77213
77214
77215
77216
77217
77218
77219
77220
77221
77222
77223
77224
77225
77226
77227
77228
77229
77230
77231
77232
77233
77234
77235
77237
77238
77239
77362
77365
77366
77367
77368
77369
77370
77371
77372
77373
77374
77375
77376
77377
77378
77379
77380
77381
77382
77383
77384
77385
77386
77387
77388
77389
77390
77391
77392
77393
77394
77395
77396
77397
77398
77399
77400
77401
77402
77403
77404
77405
77406
77407
77408
77409
77410
77411
77534
77535
77537
77539
77540
77541
77542
77543
77544
77545
77546
77547
77548
77549
77550
77551
77552
77553
77554
77555
77556
77557
77558
77559
77560
77561
77562
77563
77564
77565
77566
77567
77568
77569
77570
77571
77572
77573
77714
77715
77716
77717
77718
77719
77720
77721
77722
77723
77724
77725
77726
77727
77728
77729
77730
77731
77732
77733
77734
77735
77736
77737
77738
77739
77740
77741
77742
77743
77744
77745
77746
77747
77748
77749
77750
77751
77752
77753
77754
77755
77756
77757
77758
77760
77761
77896
77897
77899
77901
77902
77903
77904
77905
77906
77907
77908
77909
77910
77911
77912
77913
77914
77915
77916
77917
77918
77919
77920
77921
77922
77923
77924
77925
77926
77927
78066
78067
78069
78071
78072
78073
78074
78076
78077
78078
78079
78080
78082
78083
78084
78085
78086
78087
78089
79540
79542
79543
79544
79545
79546
79547
79548
79549
79550
79551
79552
79553
79554
79555
79556
79557
79558
79559
79560
79561
79562
79563
79564
79565
79566
79567
79694
79695
79696
79697
79698
79699
79700
79701
79702
79703
79704
79705
79706
79707
79708
79709
79710
79711
79712
79713
79714
79715
79716
79717
79718
79719
79720
79721
79722
79723
79724
79725
79727
79728
79729
79852
79855
79856
79857
79858
79859
79860
79861
79862
79863
79864
79865
79866
79867
79868
79869
79870
79871
79872
79873
79874
79875
79876
79877
79878
79879
79880
79881
79882
79883
79884
79885
79886
79887
79888
79889
79890
79891
79892
79893
79894
79895
79896
79897
79898
79899
79900
79901
80024
80025
80027
80029
80030
80031
80032
80033
80034
80035
80036
80037
80038
80039
80040
80041
80042
80043
80044
80045
80046
80047
80048
80049
80050
80051
80052
80053
80054
80055
80056
80057
80058
80059
80060
80061
80062
80063
80204
80205
80206
80207
80208
80209
80210
80211
80212
80213
80214
80215
80216
80217
80218
80219
80220
80221
80222
80223
80224
80225
80226
80227
80228
80229
80230
80231
80232
80233
80234
80235
80236
80237
80238
80239
80240
80241
80242
80243
80244
80245
80246
80247
80248
80250
80251
80386
80387
80389
80391
80392
80393
80394
80395
80396
80397
80398
80399
80400
80401
80402
80403
80404
80405
80406
80407
80408
80409
80410
80411
80412
80413
80414
80415
80416
80417
80556
80557
80559
80561
80562
80563
80564
80566
80567
80568
80569
80570
80572
80573
80574
80575
80576
80577
80579
82030
82032
82033
82034
82035
82036
82037
82038
82039
82040
82041
82042
82043
82044
82045
82046
82047
82048
82049
82050
82051
82052
82053
82054
82055
82056
82057
82184
82185
82186
82187
82188
82189
82190
82191
82192
82193
82194
82195
82196
82197
82198
82199
82200
82201
82202
82203
82204
82205
82206
82207
82208
82209
82210
82211
82212
82213
82214
82215
82217
82218
82219
82342
82345
82346
82347
82348
82349
82350
82351
82352
82353
82354
82355
82356
82357
82358
82359
82360
82361
82362
82363
82364
82365
82366
82367
82368
82369
82370
82371
82372
82373
82374
82375
82376
82377
82378
82379
82380
82381
82382
82383
82384
82385
82386
82387
82388
82389
82390
82391
82514
82515
82517
82519
82520
82521
82522
82523
82524
82525
82526
82527
82528
82529
82530
82531
82532
82533
82534
82535
82536
82537
82538
82539
82540
82541
82542
82543
82544
82545
82546
82547
82548
82549
82550
82551
82552
82553
82694
82695
82696
82697
82698
82699
82700
82701
82702
82703
82704
82705
82706
82707
82708
82709
82710
82711
82712
82713
82714
82715
82716
82717
82718
82719
82720
82721
82722
82723
82724
82725
82726
82727
82728
82729
82730
82731
82732
82733
82734
82735
82736
82737
82738
82740
82741
82876
82877
82879
82881
82882
82883
82884
82885
82886
82887
82888
82889
82890
82891
82892
82893
82894
82895
82896
82897
82898
82899
82900
82901
82902
82903
82904
82905
82906
82907
83046
83047
83049
83051
83052
83053
83054
83056
83057
83058
83059
83060
83062
83063
83064
83065
83066
83067
83069
84520
84522
84523
84524
84525
84526
84527
84528
84529
84530
84531
84532
84533
84534
84535
84536
84537
84538
84539
84540
84541
84542
84543
84544
84545
84546
84547
84674
84675
84676
84677
84678
84679
84680
84681
84682
84683
84684
84685
84686
84687
84688
84689
84690
84691
84692
84693
84694
84695
84696
84697
84698
84699
84700
84701
84702
84703
84704
84705
84707
84708
84709
84832
84835
84836
84837
84838
84839
84840
84841
84842
84843
84844
84845
84846
84847
84848
84849
84850
84851
84852
84853
84854
84855
84856
84857
84858
84859
84860
84861
84862
84863
84864
84865
84866
84867
84868
84869
84870
84871
84872
84873
84874
84875
84876
84877
84878
84879
84880
84881
85004
85005
85007
85009
85010
85011
85012
85013
85014
85015
85016
85017
85018
85019
85020
85021
85022
85023
85024
85025
85026
85027
85028
85029
85030
85031
85032
85033
85034
85035
85036
85037
85038
85039
85040
85041
85042
85043
85184
85185
85186
85187
85188
85189
85190
85191
85192
85193
85194
85195
85196
85197
85198
85199
85200
85201
85202
85203
85204
85205
85206
85207
85208
85209
85210
85211
85212
85213
85214
85215
85216
85217
85218
85219
85220
85221
85222
85223
85224
85225
85226
85227
85228
85230
85231
85366
85367
85369
85371
85372
85373
85374
85375
85376
85377
85378
85379
85380
85381
85382
85383
85384
85385
85386
85387
85388
85389
85390
85391
85392
85393
85394
85395
85396
85397
85536
85537
85539
85541
85542
85543
85544
85546
85547
85548
85549
85550
85552
85553
85554
85555
85556
85557
85559
87010
87012
87013
87014
87015
87016
87017
87018
87019
87020
87021
87022
87023
87024
87025
87026
87027
87028
87029
87030
87031
87032
87033
87034
87035
87036
87037
87164
87165
87166
87167
87168
87169
87170
87171
87172
87173
87174
87175
87176
87177
87178
87179
87180
87181
87182
87183
87184
87185
87186
87187
87188
87189
87190
87191
87192
87193
87194
87195
87197
87198
87199
87322
87325
87326
87327
87328
87329
87330
87331
87332
87333
87334
87335
87336
87337
87338
87339
87340
87341
87342
87343
87344
87345
87346
87347
87348
87349
87350
87351
87352
87353
87354
87355
87356
87357
87358
87359
87360
87361
87362
87363
87364
87365
87366
87367
87368
87369
87370
87371
87494
87495
87497
87499
87500
87501
87502
87503
87504
87505
87506
87507
87508
87509
87510
87511
87512
87513
87514
87515
87516
87517
87518
87519
87520
87521
87522
87523
87524
87525
87526
87527
87528
87529
87530
87531
87532
87533
87674
87675
87676
87677
87678
87679
87680
87681
87682
87683
87684
87685
87686
87687
87688
87689
87690
87691
87692
87693
87694
87695
87696
87697
87698
87699
87700
87701
87702
87703
87704
87705
87706
87707
87708
87709
87710
87711
87712
87713
87714
87715
87716
87717
87718
87720
87721
87856
87857
87859
87861
87862
87863
87864
87865
87866
87867
87868
87869
87870
87871
87872
87873
87874
87875
87876
87877
87878
87879
87880
87881
87882
87883
87884
87885
87886
87887
88026
88027
88029
88031
88032
88033
88034
88036
88037
88038
88039
88040
88042
88043
88044
88045
88046
88047
88049
89500
89502
89503
89504
89505
89506
89507
89508
89509
89510
89511
89512
89513
89514
89515
89516
89517
89518
89519
89520
89521
89522
89523
89524
89525
89526
89527
89654
89655
89656
89657
89658
89659
89660
89661
89662
89663
89664
89665
89666
89667
89668
89669
89670
89671
89672
89673
89674
89675
89676
89677
89678
89679
89680
89681
89682
89683
89684
89685
89687
89688
89689
89812
89815
89816
89817
89818
89819
89820
89821
89822
89823
89824
89825
89826
89827
89828
89829
89830
89831
89832
89833
89834
89835
89836
89837
89838
89839
89840
89841
89842
89843
89844
89845
89846
89847
89848
89849
89850
89851
89852
89853
89854
89855
89856
89857
89858
89859
89860
89861
89984
89985
89987
89989
89990
89991
89992
89993
89994
89995
89996
89997
89998
89999
90000
90001
90002
90003
90004
90005
90006
90007
90008
90009
90010
90011
90012
90013
90014
90015
90016
90017
90018
90019
90020
90021
90022
90023
90164
90165
90166
90167
90168
90169
90170
90171
90172
90173
90174
90175
90176
90177
90178
90179
90180
90181
90182
90183
90184
90185
90186
90187
90188
90189
90190
90191
90192
90193
90194
90195
90196
90197
90198
90199
90200
90201
90202
90203
90204
90205
90206
90207
90208
90210
90211
90346
90347
90349
90351
90352
90353
90354
90355
90356
90357
90358
90359
90360
90361
90362
90363
90364
90365
90366
90367
90368
90369
90370
90371
90372
90373
90374
90375
90376
90377
90516
90517
90519
90521
90522
90523
90524
90526
90527
90528
90529
90530
90532
90533
90534
90535
90536
90537
90539
91990
91992
91993
91994
91995
91996
91997
91998
91999
92000
92001
92002
92003
92004
92005
92006
92007
92008
92009
92010
92011
92012
92013
92014
92015
92016
92017
92144
92145
92146
92147
92148
92149
92150
92151
92152
92153
92154
92155
92156
92157
92158
92159
92160
92161
92162
92163
92164
92165
92166
92167
92168
92169
92170
92171
92172
92173
92174
92175
92177
92178
92179
92302
92305
92306
92307
92308
92309
92310
92311
92312
92313
92314
92315
92316
92317
92318
92319
92320
92321
92322
92323
92324
92325
92326
92327
92328
92329
92330
92331
92332
92333
92334
92335
92336
92337
92338
92339
92340
92341
92342
92343
92344
92345
92346
92347
92348
92349
92350
92351
92474
92475
92477
92479
92480
92481
92482
92483
92484
92485
92486
92487
92488
92489
92490
92491
92492
92493
92494
92495
92496
92497
92498
92499
92500
92501
92502
92503
92504
92505
92506
92507
92508
92509
92510
92511
92512
92513
92654
92655
92656
92657
92658
92659
92660
92661
92662
92663
92664
92665
92666
92667
92668
92669
92670
92671
92672
92673
92674
92675
92676
92677
92678
92679
92680
92681
92682
92683
92684
92685
92686
92687
92688
92689
92690
92691
92692
92693
92694
92695
92696
92697
92698
92700
92701
92836
92837
92839
92841
92842
92843
92844
92845
92846
92847
92848
92849
92850
92851
92852
92853
92854
92855
92856
92857
92858
92859
92860
92861
92862
92863
92864
92865
92866
92867
93006
93007
93009
93011
93012
93013
93014
93016
93017
93018
93019
93020
93022
93023
93024
93025
93026
93027
93029
94480
94482
94483
94484
94485
94486
94487
94488
94489
94490
94491
94492
94493
94494
94495
94496
94497
94498
94499
94500
94501
94502
94503
94504
94505
94506
94507
94634
94635
94636
94637
94638
94639
94640
94641
94642
94643
94644
94645
94646
94647
94648
94649
94650
94651
94652
94653
94654
94655
94656
94657
94658
94659
94660
94661
94662
94663
94664
94665
94667
94668
94669
94792
94795
94796
94797
94798
94799
94800
94801
94802
94803
94804
94805
94806
94807
94808
94809
94810
94811
94812
94813
94814
94815
94816
94817
94818
94819
94820
94821
94822
94823
94824
94825
94826
94827
94828
94829
94830
94831
94832
94833
94834
94835
94836
94837
94838
94839
94840
94841
94964
94965
94967
94969
94970
94971
94972
94973
94974
94975
94976
94977
94978
94979
94980
94981
94982
94983
94984
94985
94986
94987
94988
94989
94990
94991
94992
94993
94994
94995
94996
94997
94998
94999
95000
95001
95002
95003
95144
95145
95146
95147
95148
95149
95150
95151
95152
95153
95154
95155
95156
95157
95158
95159
95160
95161
95162
95163
95164
95165
95166
95167
95168
95169
95170
95171
95172
95173
95174
95175
95176
95177
95178
95179
95180
95181
95182
95183
95184
95185
95186
95187
95188
95190
95191
95326
95327
95329
95331
95332
95333
95334
95335
95336
95337
95338
95339
95340
95341
95342
95343
95344
95345
95346
95347
95348
95349
95350
95351
95352
95353
95354
95355
95356
95357
95496
95497
95499
95501
95502
95503
95504
95506
95507
95508
95509
95510
95512
95513
95514
95515
95516
95517
95519
96970
96972
96973
96974
96975
96976
96977
96978
96979
96980
96981
96982
96983
96984
96985
96986
96987
96988
96989
96990
96991
96992
96993
96994
96995
96996
96997
97124
97125
97126
97127
97128
97129
97130
97131
97132
97133
97134
97135
97136
97137
97138
97139
97140
97141
97142
97143
97144
97145
97146
97147
97148
97149
97150
97151
97152
97153
97154
97155
97157
97158
97159
97282
97285
97286
97287
97288
97289
97290
97291
97292
97293
97294
97295
97296
97297
97298
97299
97300
97301
97302
97303
97304
97305
97306
97307
97308
97309
97310
97311
97312
97313
97314
97315
97316
97317
97318
97319
97320
97321
97322
97323
97324
97325
97326
97327
97328
97329
97330
97331
97454
97455
97457
97459
97460
97461
97462
97463
97464
97465
97466
97467
97468
97469
97470
97471
97472
97473
97474
97475
97476
97477
97478
97479
97480
97481
97482
97483
97484
97485
97486
97487
97488
97489
97490
97491
97492
97493
97634
97635
97636
97637
97638
97639
97640
97641
97642
97643
97644
97645
97646
97647
97648
97649
97650
97651
97652
97653
97654
97655
97656
97657
97658
97659
97660
97661
97662
97663
97664
97665
97666
97667
97668
97669
97670
97671
97672
97673
97674
97675
97676
97677
97678
97680
97681
97816
97817
97819
97821
97822
97823
97824
97825
97826
97827
97828
97829
97830
97831
97832
97833
97834
97835
97836
97837
97838
97839
97840
97841
97842
97843
97844
97845
97846
97847
97986
97987
97989
97991
97992
97993
97994
97996
97997
97998
97999
98000
98002
98003
98004
98005
98006
98007
98009
99460
99462
99463
99464
99465
99466
99467
99468
99469
99470
99471
99472
99473
99474
99475
99476
99477
99478
99479
99480
99481
99482
99483
99484
99485
99486
99487
99614
99615
99616
99617
99618
99619
99620
99621
99622
99623
99624
99625
99626
99627
99628
99629
99630
99631
99632
99633
99634
99635
99636
99637
99638
99639
99640
99641
99642
99643
99644
99645
99647
99648
99649
99772
99775
99776
99777
99778
99779
99780
99781
99782
99783
99784
99785
99786
99787
99788
99789
99790
99791
99792
99793
99794
99795
99796
99797
99798
99799
99800
99801
99802
99803
99804
99805
99806
99807
99808
99809
99810
99811
99812
99813
99814
99815
99816
99817
99818
99819
99820
99821
99944
99945
99947
99949
99950
99951
99952
99953
99954
99955
99956
99957
99958
99959
99960
99961
99962
99963
99964
99965
99966
99967
99968
99969
99970
99971
99972
99973
99974
99975
99976
99977
99978
99979
99980
99981
99982
99983
100124
100125
100126
100127
100128
100129
100130
100131
100132
100133
100134
100135
100136
100137
100138
100139
100140
100141
100142
100143
100144
100145
100146
100147
100148
100149
100150
100151
100152
100153
100154
100155
100156
100157
100158
100159
100160
100161
100162
100163
100164
100165
100166
100167
100168
100170
100171
100306
100307
100309
100311
100312
100313
100314
100315
100316
100317
100318
100319
100320
100321
100322
100323
100324
100325
100326
100327
100328
100329
100330
100331
100332
100333
100334
100335
100336
100337
100476
100477
100479
100481
100482
100483
100484
100486
100487
100488
100489
100490
100492
100493
100494
100495
100496
100497
100499
101950
101952
101953
101954
101955
101956
101957
101958
101959
101960
101961
101962
101963
101964
101965
101966
101967
101968
101969
101970
101971
101972
101973
101974
101975
101976
101977
102104
102105
102106
102107
102108
102109
102110
102111
102112
102113
102114
102115
102116
102117
102118
102119
102120
102121
102122
102123
102124
102125
102126
102127
102128
102129
102130
102131
102132
102133
102134
102135
102137
102138
102139
102262
102265
102266
102267
102268
102269
102270
102271
102272
102273
102274
102275
102276
102277
102278
102279
102280
102281
102282
102283
102284
102285
102286
102287
102288
102289
102290
102291
102292
102293
102294
102295
102296
102297
102298
102299
102300
102301
102302
102303
102304
102305
102306
102307
102308
102309
102310
102311
102434
102435
102437
102439
102440
102441
102442
102443
102444
102445
102446
102447
102448
102449
102450
102451
102452
102453
102454
102455
102456
102457
102458
102459
102460
102461
102462
102463
102464
102465
102466
102467
102468
102469
102470
102471
102472
102473
102614
102615
102616
102617
102618
102619
102620
102621
102622
102623
102624
102625
102626
102627
102628
102629
102630
102631
102632
102633
102634
102635
102636
102637
102638
102639
102640
102641
102642
102643
102644
102645
102646
102647
102648
102649
102650
102651
102652
102653
102654
102655
102656
102657
102658
102660
102661
102796
102797
102799
102801
102802
102803
102804
102805
102806
102807
102808
102809
102810
102811
102812
102813
102814
102815
102816
102817
102818
102819
102820
102821
102822
102823
102824
102825
102826
102827
102966
102967
102969
102971
102972
102973
102974
102976
102977
102978
102979
102980
102982
102983
102984
102985
102986
102987
102989
104440
104442
104443
104444
104445
104446
104447
104448
104449
104450
104451
104452
104453
104454
104455
104456
104457
104458
104459
104460
104461
104462
104463
104464
104465
104466
104467
104594
104595
104596
104597
104598
104599
104600
104601
104602
104603
104604
104605
104606
104607
104608
104609
104610
104611
104612
104613
104614
104615
104616
104617
104618
104619
104620
104621
104622
104623
104624
104625
104627
104628
104629
104752
104755
104756
104757
104758
104759
104760
104761
104762
104763
104764
104765
104766
104767
104768
104769
104770
104771
104772
104773
104774
104775
104776
104777
104778
104779
104780
104781
104782
104783
104784
104785
104786
104787
104788
104789
104790
104791
104792
104793
104794
104795
104796
104797
104798
104799
104800
104801
104924
104925
104927
104929
104930
104931
104932
104933
104934
104935
104936
104937
104938
104939
104940
104941
104942
104943
104944
104945
104946
104947
104948
104949
104950
104951
104952
104953
104954
104955
104956
104957
104958
104959
104960
104961
104962
104963
105104
105105
105106
105107
105108
105109
105110
105111
105112
105113
105114
105115
105116
105117
105118
105119
105120
105121
105122
105123
105124
105125
105126
105127
105128
105129
105130
105131
105132
105133
105134
105135
105136
105137
105138
105139
105140
105141
105142
105143
105144
105145
105146
105147
105148
105150
105151
105286
105287
105289
105291
105292
105293
105294
105295
105296
105297
105298
105299
105300
105301
105302
105303
105304
105305
105306
105307
105308
105309
105310
105311
105312
105313
105314
105315
105316
105317
105456
105457
105459
105461
105462
105463
105464
105466
105467
105468
105469
105470
105472
105473
105474
105475
105476
105477
105479
106930
106932
106933
106934
106935
106936
106937
106938
106939
106940
106941
106942
106943
106944
106945
106946
106947
106948
106949
106950
106951
106952
106953
106954
106955
106956
106957
107084
107085
107086
107087
107088
107089
107090
107091
107092
107093
107094
107095
107096
107097
107098
107099
107100
107101
107102
107103
107104
107105
107106
107107
107108
107109
107110
107111
107112
107113
107114
107115
107117
107118
107119
107242
107245
107246
107247
107248
107249
107250
107251
107252
107253
107254
107255
107256
107257
107258
107259
107260
107261
107262
107263
107264
107265
107266
107267
107268
107269
107270
107271
107272
107273
107274
107275
107276
107277
107278
107279
107280
107281
107282
107283
107284
107285
107286
107287
107288
107289
107290
107291
107414
107415
107417
107419
107420
107421
107422
107423
107424
107425
107426
107427
107428
107429
107430
107431
107432
107433
107434
107435
107436
107437
107438
107439
107440
107441
107442
107443
107444
107445
107446
107447
107448
107449
107450
107451
107452
107453
107594
107595
107596
107597
107598
107599
107600
107601
107602
107603
107604
107605
107606
107607
107608
107609
107610
107611
107612
107613
107614
107615
107616
107617
107618
107619
107620
107621
107622
107623
107624
107625
107626
107627
107628
107629
107630
107631
107632
107633
107634
107635
107636
107637
107638
107640
107641
107776
107777
107779
107781
107782
107783
107784
107785
107786
107787
107788
107789
107790
107791
107792
107793
107794
107795
107796
107797
107798
107799
107800
107801
107802
107803
107804
107805
107806
107807
107946
107947
107949
107951
107952
107953
107954
107956
107957
107958
107959
107960
107962
107963
107964
107965
107966
107967
107969
109420
109422
109423
109424
109425
109426
109427
109428
109429
109430
109431
109432
109433
109434
109435
109436
109437
109438
109439
109440
109441
109442
109443
109444
109445
109446
109447
109574
109575
109576
109577
109578
109579
109580
109581
109582
109583
109584
109585
109586
109587
109588
109589
109590
109591
109592
109593
109594
109595
109596
109597
109598
109599
109600
109601
109602
109603
109604
109605
109607
109608
109609
109732
109735
109736
109737
109738
109739
109740
109741
109742
109743
109744
109745
109746
109747
109748
109749
109750
109751
109752
109753
109754
109755
109756
109757
109758
109759
109760
109761
109762
109763
109764
109765
109766
109767
109768
109769
109770
109771
109772
109773
109774
109775
109776
109777
109778
109779
109780
109781
109904
109905
109907
109909
109910
109911
109912
109913
109914
109915
109916
109917
109918
109919
109920
109921
109922
109923
109924
109925
109926
109927
109928
109929
109930
109931
109932
109933
109934
109935
109936
109937
109938
109939
109940
109941
109942
109943
110084
110085
110086
110087
110088
110089
110090
110091
110092
110093
110094
110095
110096
110097
110098
110099
110100
110101
110102
110103
110104
110105
110106
110107
110108
110109
110110
110111
110112
110113
110114
110115
110116
110117
110118
110119
110120
110121
110122
110123
110124
110125
110126
110127
110128
110130
110131
110266
110267
110269
110271
110272
110273
110274
110275
110276
110277
110278
110279
110280
110281
110282
110283
110284
110285
110286
110287
110288
110289
110290
110291
110292
110293
110294
110295
110296
110297
110436
110437
110439
110441
110442
110443
110444
110446
110447
110448
110449
110450
110452
110453
110454
110455
110456
110457
110459
111910
111912
111913
111914
111915
111916
111917
111918
111919
111920
111921
111922
111923
111924
111925
111926
111927
111928
111929
111930
111931
111932
111933
111934
111935
111936
111937
112064
112065
112066
112067
112068
112069
112070
112071
112072
112073
112074
112075
112076
112077
112078
112079
112080
112081
112082
112083
112084
112085
112086
112087
112088
112089
112090
112091
112092
112093
112094
112095
112097
112098
112099
112222
112225
112226
112227
112228
112229
112230
112231
112232
112233
112234
112235
112236
112237
112238
112239
112240
112241
112242
112243
112244
112245
112246
112247
112248
112249
112250
112251
112252
112253
112254
112255
112256
112257
112258
112259
112260
112261
112262
112263
112264
112265
112266
112267
112268
112269
112270
112271
112394
112395
112397
112399
112400
112401
112402
112403
112404
112405
112406
112407
112408
112409
112410
112411
112412
112413
112414
112415
112416
112417
112418
112419
112420
112421
112422
112423
112424
112425
112426
112427
112428
112429
112430
112431
112432
112433
112574
112575
112576
112577
112578
112579
112580
112581
112582
112583
112584
112585
112586
112587
112588
112589
112590
112591
112592
112593
112594
112595
112596
112597
112598
112599
112600
112601
112602
112603
112604
112605
112606
112607
112608
112609
112610
112611
112612
112613
112614
112615
112616
112617
112618
112620
112621
112756
112757
112759
112761
112762
112763
112764
112765
112766
112767
112768
112769
112770
112771
112772
112773
112774
112775
112776
112777
112778
112779
112780
112781
112782
112783
112784
112785
112786
112787
112926
112927
112929
112931
112932
112933
112934
112936
112937
112938
112939
112940
112942
112943
112944
112945
112946
112947
112949
114400
114402
114403
114404
114405
114406
114407
114408
114409
114410
114411
114412
114413
114414
114415
114416
114417
114418
114419
114420
114421
114422
114423
114424
114425
114426
114427
114554
114555
114556
114557
114558
114559
114560
114561
114562
114563
114564
114565
114566
114567
114568
114569
114570
114571
114572
114573
114574
114575
114576
114577
114578
114579
114580
114581
114582
114583
114584
114585
114587
114588
114589
114712
114715
114716
114717
114718
114719
114720
114721
114722
114723
114724
114725
114726
114727
114728
114729
114730
114731
114732
114733
114734
114735
114736
114737
114738
114739
114740
114741
114742
114743
114744
114745
114746
114747
114748
114749
114750
114751
114752
114753
114754
114755
114756
114757
114758
114759
114760
114761
114884
114885
114887
114889
114890
114891
114892
114893
114894
114895
114896
114897
114898
114899
114900
114901
114902
114903
114904
114905
114906
114907
114908
114909
114910
114911
114912
114913
114914
114915
114916
114917
114918
114919
114920
114921
114922
114923
115064
115065
115066
115067
115068
115069
115070
115071
115072
115073
115074
115075
115076
115077
115078
115079
115080
115081
115082
115083
115084
115085
115086
115087
115088
115089
115090
115091
115092
115093
115094
115095
115096
115097
115098
115099
115100
115101
115102
115103
115104
115105
115106
115107
115108
115110
115111
115246
115247
115249
115251
115252
115253
115254
115255
115256
115257
115258
115259
115260
115261
115262
115263
115264
115265
115266
115267
115268
115269
115270
115271
115272
115273
115274
115275
115276
115277
115416
115417
115419
115421
115422
115423
115424
115426
115427
115428
115429
115430
115432
115433
115434
115435
115436
115437
115439
116890
116892
116893
116894
116895
116896
116897
116898
116899
116900
116901
116902
116903
116904
116905
116906
116907
116908
116909
116910
116911
116912
116913
116914
116915
116916
116917
117044
117045
117046
117047
117048
117049
117050
117051
117052
117053
117054
117055
117056
117057
117058
117059
117060
117061
117062
117063
117064
117065
117066
117067
117068
117069
117070
117071
117072
117073
117074
117075
117077
117078
117079
117202
117205
117206
117207
117208
117209
117210
117211
117212
117213
117214
117215
117216
117217
117218
117219
117220
117221
117222
117223
117224
117225
117226
117227
117228
117229
117230
117231
117232
117233
117234
117235
117236
117237
117238
117239
117240
117241
117242
117243
117244
117245
117246
117247
117248
117249
117250
117251
117374
117375
117377
117379
117380
117381
117382
117383
117384
117385
117386
117387
117388
117389
117390
117391
117392
117393
117394
117395
117396
117397
117398
117399
117400
117401
117402
117403
117404
117405
117406
117407
117408
117409
117410
117411
117412
117413
117554
117555
117556
117557
117558
117559
117560
117561
117562
117563
117564
117565
117566
117567
117568
117569
117570
117571
117572
117573
117574
117575
117576
117577
117578
117579
117580
117581
117582
117583
117584
117585
117586
117587
117588
117589
117590
117591
117592
117593
117594
117595
117596
117597
117598
117600
117601
117736
117737
117739
117741
117742
117743
117744
117745
117746
117747
117748
117749
117750
117751
117752
117753
117754
117755
117756
117757
117758
117759
117760
117761
117762
117763
117764
117765
117766
117767
117906
117907
117909
117911
117912
117913
117914
117916
117917
117918
117919
117920
117922
117923
117924
117925
117926
117927
117929
119380
119382
119383
119384
119385
119386
119387
119388
119389
119390
119391
119392
119393
119394
119395
119396
119397
119398
119399
119400
119401
119402
119403
119404
119405
119406
119407
119534
119535
119536
119537
119538
119539
119540
119541
119542
119543
119544
119545
119546
119547
119548
119549
119550
119551
119552
119553
119554
119555
119556
119557
119558
119559
119560
119561
119562
119563
119564
119565
119567
119568
119569
119692
119695
119696
119697
119698
119699
119700
119701
119702
119703
119704
119705
119706
119707
119708
119709
119710
119711
119712
119713
119714
119715
119716
119717
119718
119719
119720
119721
119722
119723
119724
119725
119726
119727
119728
119729
119730
119731
119732
119733
119734
119735
119736
119737
119738
119739
119740
119741
119864
119865
119867
119869
119870
119871
119872
119873
119874
119875
119876
119877
119878
119879
119880
119881
119882
119883
119884
119885
119886
119887
119888
119889
119890
119891
119892
119893
119894
119895
119896
119897
119898
119899
119900
119901
119902
119903
120044
120045
120046
120047
120048
120049
120050
120051
120052
120053
120054
120055
120056
120057
120058
120059
120060
120061
120062
120063
120064
120065
120066
120067
120068
120069
120070
120071
120072
120073
120074
120075
120076
120077
120078
120079
120080
120081
120082
120083
120084
120085
120086
120087
120088
120090
120091
120226
120227
120229
120231
120232
120233
120234
120235
120236
120237
120238
120239
120240
120241
120242
120243
120244
120245
120246
120247
120248
120249
120250
120251
120252
120253
120254
120255
120256
120257
120396
120397
120399
120401
120402
120403
120404
120406
120407
120408
120409
120410
120412
120413
120414
120415
120416
120417
120419
121870
121872
121873
121874
121875
121876
121877
121878
121879
121880
121881
121882
121883
121884
121885
121886
121887
121888
121889
121890
121891
121892
121893
121894
121895
121896
121897
122024
122025
122026
122027
122028
122029
122030
122031
122032
122033
122034
122035
122036
122037
122038
122039
122040
122041
122042
122043
122044
122045
122046
122047
122048
122049
122050
122051
122052
122053
122054
122055
122057
122058
122059
122182
122185
122186
122187
122188
122189
122190
122191
122192
122193
122194
122195
122196
122197
122198
122199
122200
122201
122202
122203
122204
122205
122206
122207
122208
122209
122210
122211
122212
122213
122214
122215
122216
122217
122218
122219
122220
122221
122222
122223
122224
122225
122226
122227
122228
122229
122230
122231
122354
122355
122357
122359
122360
122361
122362
122363
122364
122365
122366
122367
122368
122369
122370
122371
122372
122373
122374
122375
122376
122377
122378
122379
122380
122381
122382
122383
122384
122385
122386
122387
122388
122389
122390
122391
122392
122393
122534
122535
122536
122537
122538
122539
122540
122541
122542
122543
122544
122545
122546
122547
122548
122549
122550
122551
122552
122553
122554
122555
122556
122557
122558
122559
122560
122561
122562
122563
122564
122565
122566
122567
122568
122569
122570
122571
122572
122573
122574
122575
122576
122577
122578
122580
122581
122716
122717
122719
122721
122722
122723
122724
122725
122726
122727
122728
122729
122730
122731
122732
122733
122734
122735
122736
122737
122738
122739
122740
122741
122742
122743
122744
122745
122746
122747
122886
122887
122889
122891
122892
122893
122894
122896
122897
122898
122899
122900
122902
122903
122904
122905
122906
122907
122909
124360
124362
124363
124364
124365
124366
124367
124368
124369
124370
124371
124372
124373
124374
124375
124376
124377
124378
124379
124380
124381
124382
124383
124384
124385
124386
124387
124514
124515
124516
124517
124518
124519
124520
124521
124522
124523
124524
124525
124526
124527
124528
124529
124530
124531
124532
124533
124534
124535
124536
124537
124538
124539
124540
124541
124542
124543
124544
124545
124547
124548
124549
124672
124675
124676
124677
124678
124679
124680
124681
124682
124683
124684
124685
124686
124687
124688
124689
124690
124691
124692
124693
124694
124695
124696
124697
124698
124699
124700
124701
124702
124703
124704
124705
124706
124707
124708
124709
124710
124711
124712
124713
124714
124715
124716
124717
124718
124719
124720
124721
124844
124845
124847
124849
124850
124851
124852
124853
124854
124855
124856
124857
124858
124859
124860
124861
124862
124863
124864
124865
124866
124867
124868
124869
124870
124871
124872
124873
124874
124875
124876
124877
124878
124879
124880
124881
124882
124883
125024
125025
125026
125027
125028
125029
125030
125031
125032
125033
125034
125035
125036
125037
125038
125039
125040
125041
125042
125043
125044
125045
125046
125047
125048
125049
125050
125051
125052
125053
125054
125055
125056
125057
125058
125059
125060
125061
125062
125063
125064
125065
125066
125067
125068
125070
125071
125206
125207
125209
125211
125212
125213
125214
125215
125216
125217
125218
125219
125220
125221
125222
125223
125224
125225
125226
125227
125228
125229
125230
125231
125232
125233
125234
125235
125236
125237
125376
125377
125379
125381
125382
125383
125384
125386
125387
125388
125389
125390
125392
125393
125394
125395
125396
125397
125399
126850
126852
126853
126854
126855
126856
126857
126858
126859
126860
126861
126862
126863
126864
126865
126866
126867
126868
126869
126870
126871
126872
126873
126874
126875
126876
126877
127004
127005
127006
127007
127008
127009
127010
127011
127012
127013
127014
127015
127016
127017
127018
127019
127020
127021
127022
127023
127024
127025
127026
127027
127028
127029
127030
127031
127032
127033
127034
127035
127037
127038
127039
127162
127165
127166
127167
127168
127169
127170
127171
127172
127173
127174
127175
127176
127177
127178
127179
127180
127181
127182
127183
127184
127185
127186
127187
127188
127189
127190
127191
127192
127193
127194
127195
127196
127197
127198
127199
127200
127201
127202
127203
127204
127205
127206
127207
127208
127209
127210
127211
127334
127335
127337
127339
127340
127341
127342
127343
127344
127345
127346
127347
127348
127349
127350
127351
127352
127353
127354
127355
127356
127357
127358
127359
127360
127361
127362
127363
127364
127365
127366
127367
127368
127369
127370
127371
127372
127373
127514
127515
127516
127517
127518
127519
127520
127521
127522
127523
127524
127525
127526
127527
127528
127529
127530
127531
127532
127533
127534
127535
127536
127537
127538
127539
127540
127541
127542
127543
127544
127545
127546
127547
127548
127549
127550
127551
127552
127553
127554
127555
127556
127557
127558
127560
127561
127696
127697
127699
127701
127702
127703
127704
127705
127706
127707
127708
127709
127710
127711
127712
127713
127714
127715
127716
127717
127718
127719
127720
127721
127722
127723
127724
127725
127726
127727
127866
127867
127869
127871
127872
127873
127874
127876
127877
127878
127879
127880
127882
127883
127884
127885
127886
127887
127889
129340
129342
129343
129344
129345
129346
129347
129348
129349
129350
129351
129352
129353
129354
129355
129356
129357
129358
129359
129360
129361
129362
129363
129364
129365
129366
129367
129494
129495
129496
129497
129498
129499
129500
129501
129502
129503
129504
129505
129506
129507
129508
129509
129510
129511
129512
129513
129514
129515
129516
129517
129518
129519
129520
129521
129522
129523
129524
129525
129527
129528
129529
129652
129655
129656
129657
129658
129659
129660
129661
129662
129663
129664
129665
129666
129667
129668
129669
129670
129671
129672
129673
129674
129675
129676
129677
129678
129679
129680
129681
129682
129683
129684
129685
129686
129687
129688
129689
129690
129691
129692
129693
129694
129695
129696
129697
129698
129699
129700
129701
129824
129825
129827
129829
129830
129831
129832
129833
129834
129835
129836
129837
129838
129839
129840
129841
129842
129843
129844
129845
129846
129847
129848
129849
129850
129851
129852
129853
129854
129855
129856
129857
129858
129859
129860
129861
129862
129863
130004
130005
130006
130007
130008
130009
130010
130011
130012
130013
130014
130015
130016
130017
130018
130019
130020
130021
130022
130023
130024
130025
130026
130027
130028
130029
130030
130031
130032
130033
130034
130035
130036
130037
130038
130039
130040
130041
130042
130043
130044
130045
130046
130047
130048
130050
130051
130186
130187
130189
130191
130192
130193
130194
130195
130196
130197
130198
130199
130200
130201
130202
130203
130204
130205
130206
130207
130208
130209
130210
130211
130212
130213
130214
130215
130216
130217
130356
130357
130359
130361
130362
130363
130364
130366
130367
130368
130369
130370
130372
130373
130374
130375
130376
130377
130379
131830
131832
131833
131834
131835
131836
131837
131838
131839
131840
131841
131842
131843
131844
131845
131846
131847
131848
131849
131850
131851
131852
131853
131854
131855
131856
131857
131984
131985
131986
131987
131988
131989
131990
131991
131992
131993
131994
131995
131996
131997
131998
131999
132000
132001
132002
132003
132004
132005
132006
132007
132008
132009
132010
132011
132012
132013
132014
132015
132017
132018
132019
132142
132145
132146
132147
132148
132149
132150
132151
132152
132153
132154
132155
132156
132157
132158
132159
132160
132161
132162
132163
132164
132165
132166
132167
132168
132169
132170
132171
132172
132173
132174
132175
132176
132177
132178
132179
132180
132181
132182
132183
132184
132185
132186
132187
132188
132189
132190
132191
132314
132315
132317
132319
132320
132321
132322
132323
132324
132325
132326
132327
132328
132329
132330
132331
132332
132333
132334
132335
132336
132337
132338
132339
132340
132341
132342
132343
132344
132345
132346
132347
132348
132349
132350
132351
132352
132353
132494
132495
132496
132497
132498
132499
132500
132501
132502
132503
132504
132505
132506
132507
132508
132509
132510
132511
132512
132513
132514
132515
132516
132517
132518
132519
132520
132521
132522
132523
132524
132525
132526
132527
132528
132529
132530
132531
132532
132533
132534
132535
132536
132537
132538
132540
132541
132676
132677
132679
132681
132682
132683
132684
132685
132686
132687
132688
132689
132690
132691
132692
132693
132694
132695
132696
132697
132698
132699
132700
132701
132702
132703
132704
132705
132706
132707
132846
132847
132849
132851
132852
132853
132854
132856
132857
132858
132859
132860
132862
132863
132864
132865
132866
132867
132869
134320
134322
134323
134324
134325
134326
134327
134328
134329
134330
134331
134332
134333
134334
134335
134336
134337
134338
134339
134340
134341
134342
134343
134344
134345
134346
134347
134474
134475
134476
134477
134478
134479
134480
134481
134482
134483
134484
134485
134486
134487
134488
134489
134490
134491
134492
134493
134494
134495
134496
134497
134498
134499
134500
134501
134502
134503
134504
134505
134507
134508
134509
134632
134635
134636
134637
134638
134639
134640
134641
134642
134643
134644
134645
134646
134647
134648
134649
134650
134651
134652
134653
134654
134655
134656
134657
134658
134659
134660
134661
134662
134663
134664
134665
134666
134667
134668
134669
134670
134671
134672
134673
134674
134675
134676
134677
134678
134679
134680
134681
134804
134805
134807
134809
134810
134811
134812
134813
134814
134815
134816
134817
134818
134819
134820
134821
134822
134823
134824
134825
134826
134827
134828
134829
134830
134831
134832
134833
134834
134835
134836
134837
134838
134839
134840
134841
134842
134843
134984
134985
134986
134987
134988
134989
134990
134991
134992
134993
134994
134995
134996
134997
134998
134999
135000
135001
135002
135003
135004
135005
135006
135007
135008
135009
135010
135011
135012
135013
135014
135015
135016
135017
135018
135019
135020
135021
135022
135023
135024
135025
135026
135027
135028
135030
135031
135166
135167
135169
135171
135172
135173
135174
135175
135176
135177
135178
135179
135180
135181
135182
135183
135184
135185
135186
135187
135188
135189
135190
135191
135192
135193
135194
135195
135196
135197
135336
135337
135339
135341
135342
135343
135344
135346
135347
135348
135349
135350
135352
135353
135354
135355
135356
135357
135359
136810
136812
136813
136814
136815
136816
136817
136818
136819
136820
136821
136822
136823
136824
136825
136826
136827
136828
136829
136830
136831
136832
136833
136834
136835
136836
136837
136964
136965
136966
136967
136968
136969
136970
136971
136972
136973
136974
136975
136976
136977
136978
136979
136980
136981
136982
136983
136984
136985
136986
136987
136988
136989
136990
136991
136992
136993
136994
136995
136997
136998
136999
137122
137125
137126
137127
137128
137129
137130
137131
137132
137133
137134
137135
137136
137137
137138
137139
137140
137141
137142
137143
137144
137145
137146
137147
137148
137149
137150
137151
137152
137153
137154
137155
137156
137157
137158
137159
137160
137161
137162
137163
137164
137165
137166
137167
137168
137169
137170
137171
137294
137295
137297
137299
137300
137301
137302
137303
137304
137305
137306
137307
137308
137309
137310
137311
137312
137313
137314
137315
137316
137317
137318
137319
137320
137321
137322
137323
137324
137325
137326
137327
137328
137329
137330
137331
137332
137333
137474
137475
137476
137477
137478
137479
137480
137481
137482
137483
137484
137485
137486
137487
137488
137489
137490
137491
137492
137493
137494
137495
137496
137497
137498
137499
137500
137501
137502
137503
137504
137505
137506
137507
137508
137509
137510
137511
137512
137513
137514
137515
137516
137517
137518
137520
137521
137656
137657
137659
137661
137662
137663
137664
137665
137666
137667
137668
137669
137670
137671
137672
137673
137674
137675
137676
137677
137678
137679
137680
137681
137682
137683
137684
137685
137686
137687
137826
137827
137829
137831
137832
137833
137834
137836
137837
137838
137839
137840
137842
137843
137844
137845
137846
137847
137849
139300
139302
139303
139304
139305
139306
139307
139308
139309
139310
139311
139312
139313
139314
139315
139316
139317
139318
139319
139320
139321
139322
139323
139324
139325
139326
139327
139454
139455
139456
139457
139458
139459
139460
139461
139462
139463
139464
139465
139466
139467
139468
139469
139470
139471
139472
139473
139474
139475
139476
139477
139478
139479
139480
139481
139482
139483
139484
139485
139487
139488
139489
139612
139615
139616
139617
139618
139619
139620
139621
139622
139623
139624
139625
139626
139627
139628
139629
139630
139631
139632
139633
139634
139635
139636
139637
139638
139639
139640
139641
139642
139643
139644
139645
139646
139647
139648
139649
139650
139651
139652
139653
139654
139655
139656
139657
139658
139659
139660
139661
139784
139785
139787
139789
139790
139791
139792
139793
139794
139795
139796
139797
139798
139799
139800
139801
139802
139803
139804
139805
139806
139807
139808
139809
139810
139811
139812
139813
139814
139815
139816
139817
139818
139819
139820
139821
139822
139823
139964
139965
139966
139967
139968
139969
139970
139971
139972
139973
139974
139975
139976
139977
139978
139979
139980
139981
139982
139983
139984
139985
139986
139987
139988
139989
139990
139991
139992
139993
139994
139995
139996
139997
139998
139999
140000
140001
140002
140003
140004
140005
140006
140007
140008
140010
140011
140146
140147
140149
140151
140152
140153
140154
140155
140156
140157
140158
140159
140160
140161
140162
140163
140164
140165
140166
140167
140168
140169
140170
140171
140172
140173
140174
140175
140176
140177
140316
140317
140319
140321
140322
140323
140324
140326
140327
140328
140329
140330
140332
140333
140334
140335
140336
140337
140339
141790
141792
141793
141794
141795
141796
141797
141798
141799
141800
141801
141802
141803
141804
141805
141806
141807
141808
141809
141810
141811
141812
141813
141814
141815
141816
141817
141944
141945
141946
141947
141948
141949
141950
141951
141952
141953
141954
141955
141956
141957
141958
141959
141960
141961
141962
141963
141964
141965
141966
141967
141968
141969
141970
141971
141972
141973
141974
141975
141977
141978
141979
142102
142105
142106
142107
142108
142109
142110
142111
142112
142113
142114
142115
142116
142117
142118
142119
142120
142121
142122
142123
142124
142125
142126
142127
142128
142129
142130
142131
142132
142133
142134
142135
142136
142137
142138
142139
142140
142141
142142
142143
142144
142145
142146
142147
142148
142149
142150
142151
142274
142275
142277
142279
142280
142281
142282
142283
142284
142285
142286
142287
142288
142289
142290
142291
142292
142293
142294
142295
142296
142297
142298
142299
142300
142301
142302
142303
142304
142305
142306
142307
142308
142309
142310
142311
142312
142313
142454
142455
142456
142457
142458
142459
142460
142461
142462
142463
142464
142465
142466
142467
142468
142469
142470
142471
142472
142473
142474
142475
142476
142477
142478
142479
142480
142481
142482
142483
142484
142485
142486
142487
142488
142489
142490
142491
142492
142493
142494
142495
142496
142497
142498
142500
142501
142636
142637
142639
142641
142642
142643
142644
142645
142646
142647
142648
142649
142650
142651
142652
142653
142654
142655
142656
142657
142658
142659
142660
142661
142662
142663
142664
142665
142666
142667
142806
142807
142809
142811
142812
142813
142814
142816
142817
142818
142819
142820
142822
142823
142824
142825
142826
142827
142829
144280
144282
144283
144284
144285
144286
144287
144288
144289
144290
144291
144292
144293
144294
144295
144296
144297
144298
144299
144300
144301
144302
144303
144304
144305
144306
144307
144434
144435
144436
144437
144438
144439
144440
144441
144442
144443
144444
144445
144446
144447
144448
144449
144450
144451
144452
144453
144454
144455
144456
144457
144458
144459
144460
144461
144462
144463
144464
144465
144467
144468
144469
144592
144595
144596
144597
144598
144599
144600
144601
144602
144603
144604
144605
144606
144607
144608
144609
144610
144611
144612
144613
144614
144615
144616
144617
144618
144619
144620
144621
144622
144623
144624
144625
144626
144627
144628
144629
144630
144631
144632
144633
144634
144635
144636
144637
144638
144639
144640
144641
144764
144765
144767
144769
144770
144771
144772
144773
144774
144775
144776
144777
144778
144779
144780
144781
144782
144783
144784
144785
144786
144787
144788
144789
144790
144791
144792
144793
144794
144795
144796
144797
144798
144799
144800
144801
144802
144803
144944
144945
144946
144947
144948
144949
144950
144951
144952
144953
144954
144955
144956
144957
144958
144959
144960
144961
144962
144963
144964
144965
144966
144967
144968
144969
144970
144971
144972
144973
144974
144975
144976
144977
144978
144979
144980
144981
144982
144983
144984
144985
144986
144987
144988
144990
144991
145126
145127
145129
145131
145132
145133
145134
145135
145136
145137
145138
145139
145140
145141
145142
145143
145144
145145
145146
145147
145148
145149
145150
145151
145152
145153
145154
145155
145156
145157
145296
145297
145299
145301
145302
145303
145304
145306
145307
145308
145309
145310
145312
145313
145314
145315
145316
145317
145319
146770
146772
146773
146774
146775
146776
146777
146778
146779
146780
146781
146782
146783
146784
146785
146786
146787
146788
146789
146790
146791
146792
146793
146794
146795
146796
146797
146924
146925
146926
146927
146928
146929
146930
146931
146932
146933
146934
146935
146936
146937
146938
146939
146940
146941
146942
146943
146944
146945
146946
146947
146948
146949
146950
146951
146952
146953
146954
146955
146957
146958
146959
147082
147085
147086
147087
147088
147089
147090
147091
147092
147093
147094
147095
147096
147097
147098
147099
147100
147101
147102
147103
147104
147105
147106
147107
147108
147109
147110
147111
147112
147113
147114
147115
147116
147117
147118
147119
147120
147121
147122
147123
147124
147125
147126
147127
147128
147129
147130
147131
147254
147255
147257
147259
147260
147261
147262
147263
147264
147265
147266
147267
147268
147269
147270
147271
147272
147273
147274
147275
147276
147277
147278
147279
147280
147281
147282
147283
147284
147285
147286
147287
147288
147289
147290
147291
147292
147293
147434
147435
147436
147437
147438
147439
147440
147441
147442
147443
147444
147445
147446
147447
147448
147449
147450
147451
147452
147453
147454
147455
147456
147457
147458
147459
147460
147461
147462
147463
147464
147465
147466
147467
147468
147469
147470
147471
147472
147473
147474
147475
147476
147477
147478
147480
147481
147616
147617
147619
147621
147622
147623
147624
147625
147626
147627
147628
147629
147630
147631
147632
147633
147634
147635
147636
147637
147638
147639
147640
147641
147642
147643
147644
147645
147646
147647
147786
147787
147789
147791
147792
147793
147794
147796
147797
147798
147799
147800
147802
147803
147804
147805
147806
147807
147809
149260
149262
149263
149264
149265
149266
149267
149268
149269
149270
149271
149272
149273
149274
149275
149276
149277
149278
149279
149280
149281
149282
149283
149284
149285
149286
149287
149414
149415
149416
149417
149418
149419
149420
149421
149422
149423
149424
149425
149426
149427
149428
149429
149430
149431
149432
149433
149434
149435
149436
149437
149438
149439
149440
149441
149442
149443
149444
149445
149447
149448
149449
149572
149575
149576
149577
149578
149579
149580
149581
149582
149583
149584
149585
149586
149587
149588
149589
149590
149591
149592
149593
149594
149595
149596
149597
149598
149599
149600
149601
149602
149603
149604
149605
149606
149607
149608
149609
149610
149611
149612
149613
149614
149615
149616
149617
149618
149619
149620
149621
149744
149745
149747
149749
149750
149751
149752
149753
149754
149755
149756
149757
149758
149759
149760
149761
149762
149763
149764
149765
149766
149767
149768
149769
149770
149771
149772
149773
149774
149775
149776
149777
149778
149779
149780
149781
149782
149783
149924
149925
149926
149927
149928
149929
149930
149931
149932
149933
149934
149935
149936
149937
149938
149939
149940
149941
149942
149943
149944
149945
149946
149947
149948
149949
149950
149951
149952
149953
149954
149955
149956
149957
149958
149959
149960
149961
149962
149963
149964
149965
149966
149967
149968
149970
149971
150106
150107
150109
150111
150112
150113
150114
150115
150116
150117
150118
150119
150120
150121
150122
150123
150124
150125
150126
150127
150128
150129
150130
150131
150132
150133
150134
150135
150136
150137
150276
150277
150279
150281
150282
150283
150284
150286
150287
150288
150289
150290
150292
150293
150294
150295
150296
150297
150299
151750
151752
151753
151754
151755
151756
151757
151758
151759
151760
151761
151762
151763
151764
151765
151766
151767
151768
151769
151770
151771
151772
151773
151774
151775
151776
151777
151904
151905
151906
151907
151908
151909
151910
151911
151912
151913
151914
151915
151916
151917
151918
151919
151920
151921
151922
151923
151924
151925
151926
151927
151928
151929
151930
151931
151932
151933
151934
151935
151937
151938
151939
152062
152065
152066
152067
152068
152069
152070
152071
152072
152073
152074
152075
152076
152077
152078
152079
152080
152081
152082
152083
152084
152085
152086
152087
152088
152089
152090
152091
152092
152093
152094
152095
152096
152097
152098
152099
152100
152101
152102
152103
152104
152105
152106
152107
152108
152109
152110
152111
152234
152235
152237
152239
152240
152241
152242
152243
152244
152245
152246
152247
152248
152249
152250
152251
152252
152253
152254
152255
152256
152257
152258
152259
152260
152261
152262
152263
152264
152265
152266
152267
152268
152269
152270
152271
152272
152273
152414
152415
152416
152417
152418
152419
152420
152421
152422
152423
152424
152425
152426
152427
152428
152429
152430
152431
152432
152433
152434
152435
152436
152437
152438
152439
152440
152441
152442
152443
152444
152445
152446
152447
152448
152449
152450
152451
152452
152453
152454
152455
152456
152457
152458
152460
152461
152596
152597
152599
152601
152602
152603
152604
152605
152606
152607
152608
152609
152610
152611
152612
152613
152614
152615
152616
152617
152618
152619
152620
152621
152622
152623
152624
152625
152626
152627
152766
152767
152769
152771
152772
152773
152774
152776
152777
152778
152779
152780
152782
152783
152784
152785
152786
152787
152789
154240
154242
154243
154244
154245
154246
154247
154248
154249
154250
154251
154252
154253
154254
154255
154256
154257
154258
154259
154260
154261
154262
154263
154264
154265
154266
154267
154394
154395
154396
154397
154398
154399
154400
154401
154402
154403
154404
154405
154406
154407
154408
154409
154410
154411
154412
154413
154414
154415
154416
154417
154418
154419
154420
154421
154422
154423
154424
154425
154427
154428
154429
154552
154555
154556
154557
154558
154559
154560
154561
154562
154563
154564
154565
154566
154567
154568
154569
154570
154571
154572
154573
154574
154575
154576
154577
154578
154579
154580
154581
154582
154583
154584
154585
154586
154587
154588
154589
154590
154591
154592
154593
154594
154595
154596
154597
154598
154599
154600
154601
154724
154725
154727
154729
154730
154731
154732
154733
154734
154735
154736
154737
154738
154739
154740
154741
154742
154743
154744
154745
154746
154747
154748
154749
154750
154751
154752
154753
154754
154755
154756
154757
154758
154759
154760
154761
154762
154763
154904
154905
154906
154907
154908
154909
154910
154911
154912
154913
154914
154915
154916
154917
154918
154919
154920
154921
154922
154923
154924
154925
154926
154927
154928
154929
154930
154931
154932
154933
154934
154935
154936
154937
154938
154939
154940
154941
154942
154943
154944
154945
154946
154947
154948
154950
154951
155086
155087
155089
155091
155092
155093
155094
155095
155096
155097
155098
155099
155100
155101
155102
155103
155104
155105
155106
155107
155108
155109
155110
155111
155112
155113
155114
155115
155116
155117
155256
155257
155259
155261
155262
155263
155264
155266
155267
155268
155269
155270
155272
155273
155274
155275
155276
155277
155279
156730
156732
156733
156734
156735
156736
156737
156738
156739
156740
156741
156742
156743
156744
156745
156746
156747
156748
156749
156750
156751
156752
156753
156754
156755
156756
156757
156884
156885
156886
156887
156888
156889
156890
156891
156892
156893
156894
156895
156896
156897
156898
156899
156900
156901
156902
156903
156904
156905
156906
156907
156908
156909
156910
156911
156912
156913
156914
156915
156917
156918
156919
157042
157045
157046
157047
157048
157049
157050
157051
157052
157053
157054
157055
157056
157057
157058
157059
157060
157061
157062
157063
157064
157065
157066
157067
157068
157069
157070
157071
157072
157073
157074
157075
157076
157077
157078
157079
157080
157081
157082
157083
157084
157085
157086
157087
157088
157089
157090
157091
157214
157215
157217
157219
157220
157221
157222
157223
157224
157225
157226
157227
157228
157229
157230
157231
157232
157233
157234
157235
157236
157237
157238
157239
157240
157241
157242
157243
157244
157245
157246
157247
157248
157249
157250
157251
157252
157253
157394
157395
157396
157397
157398
157399
157400
157401
157402
157403
157404
157405
157406
157407
157408
157409
157410
157411
157412
157413
157414
157415
157416
157417
157418
157419
157420
157421
157422
157423
157424
157425
157426
157427
157428
157429
157430
157431
157432
157433
157434
157435
157436
157437
157438
157440
157441
157576
157577
157579
157581
157582
157583
157584
157585
157586
157587
157588
157589
157590
157591
157592
157593
157594
157595
157596
157597
157598
157599
157600
157601
157602
157603
157604
157605
157606
157607
157746
157747
157749
157751
157752
157753
157754
157756
157757
157758
157759
157760
157762
157763
157764
157765
157766
157767
157769
159220
159222
159223
159224
159225
159226
159227
159228
159229
159230
159231
159232
159233
159234
159235
159236
159237
159238
159239
159240
159241
159242
159243
159244
159245
159246
159247
159374
159375
159376
159377
159378
159379
159380
159381
159382
159383
159384
159385
159386
159387
159388
159389
159390
159391
159392
159393
159394
159395
159396
159397
159398
159399
159400
159401
159402
159403
159404
159405
159407
159408
159409
159532
159535
159536
159537
159538
159539
159540
159541
159542
159543
159544
159545
159546
159547
159548
159549
159550
159551
159552
159553
159554
159555
159556
159557
159558
159559
159560
159561
159562
159563
159564
159565
159566
159567
159568
159569
159570
159571
159572
159573
159574
159575
159576
159577
159578
159579
159580
159581
159704
159705
159707
159709
159710
159711
159712
159713
159714
159715
159716
159717
159718
159719
159720
159721
159722
159723
159724
159725
159726
159727
159728
159729
159730
159731
159732
159733
159734
159735
159736
159737
159738
159739
159740
159741
159742
159743
159884
159885
159886
159887
159888
159889
159890
159891
159892
159893
159894
159895
159896
159897
159898
159899
159900
159901
159902
159903
159904
159905
159906
159907
159908
159909
159910
159911
159912
159913
159914
159915
159916
159917
159918
159919
159920
159921
159922
159923
159924
159925
159926
159927
159928
159930
159931
160066
160067
160069
160071
160072
160073
160074
160075
160076
160077
160078
160079
160080
160081
160082
160083
160084
160085
160086
160087
160088
160089
160090
160091
160092
160093
160094
160095
160096
160097
160236
160237
160239
160241
160242
160243
160244
160246
160247
160248
160249
160250
160252
160253
160254
160255
160256
160257
160259
161710
161712
161713
161714
161715
161716
161717
161718
161719
161720
161721
161722
161723
161724
161725
161726
161727
161728
161729
161730
161731
161732
161733
161734
161735
161736
161737
161864
161865
161866
161867
161868
161869
161870
161871
161872
161873
161874
161875
161876
161877
161878
161879
161880
161881
161882
161883
161884
161885
161886
161887
161888
161889
161890
161891
161892
161893
161894
161895
161897
161898
161899
162022
162025
162026
162027
162028
162029
162030
162031
162032
162033
162034
162035
162036
162037
162038
162039
162040
162041
162042
162043
162044
162045
162046
162047
162048
162049
162050
162051
162052
162053
162054
162055
162056
162057
162058
162059
162060
162061
162062
162063
162064
162065
162066
162067
162068
162069
162070
162071
162194
162195
162197
162199
162200
162201
162202
162203
162204
162205
162206
162207
162208
162209
162210
162211
162212
162213
162214
162215
162216
162217
162218
162219
162220
162221
162222
162223
162224
162225
162226
162227
162228
162229
162230
162231
162232
162233
162374
162375
162376
162377
162378
162379
162380
162381
162382
162383
162384
162385
162386
162387
162388
162389
162390
162391
162392
162393
162394
162395
162396
162397
162398
162399
162400
162401
162402
162403
162404
162405
162406
162407
162408
162409
162410
162411
162412
162413
162414
162415
162416
162417
162418
162420
162421
162556
162557
162559
162561
162562
162563
162564
162565
162566
162567
162568
162569
162570
162571
162572
162573
162574
162575
162576
162577
162578
162579
162580
162581
162582
162583
162584
162585
162586
162587
162726
162727
162729
162731
162732
162733
162734
162736
162737
162738
162739
162740
162742
162743
162744
162745
162746
162747
162749
164200
164202
164203
164204
164205
164206
164207
164208
164209
164210
164211
164212
164213
164214
164215
164216
164217
164218
164219
164220
164221
164222
164223
164224
164225
164226
164227
164354
164355
164356
164357
164358
164359
164360
164361
164362
164363
164364
164365
164366
164367
164368
164369
164370
164371
164372
164373
164374
164375
164376
164377
164378
164379
164380
164381
164382
164383
164384
164385
164387
164388
164389
164512
164515
164516
164517
164518
164519
164520
164521
164522
164523
164524
164525
164526
164527
164528
164529
164530
164531
164532
164533
164534
164535
164536
164537
164538
164539
164540
164541
164542
164543
164544
164545
164546
164547
164548
164549
164550
164551
164552
164553
164554
164555
164556
164557
164558
164559
164560
164561
164684
164685
164687
164689
164690
164691
164692
164693
164694
164695
164696
164697
164698
164699
164700
164701
164702
164703
164704
164705
164706
164707
164708
164709
164710
164711
164712
164713
164714
164715
164716
164717
164718
164719
164720
164721
164722
164723
164864
164865
164866
164867
164868
164869
164870
164871
164872
164873
164874
164875
164876
164877
164878
164879
164880
164881
164882
164883
164884
164885
164886
164887
164888
164889
164890
164891
164892
164893
164894
164895
164896
164897
164898
164899
164900
164901
164902
164903
164904
164905
164906
164907
164908
164910
164911
165046
165047
165049
165051
165052
165053
165054
165055
165056
165057
165058
165059
165060
165061
165062
165063
165064
165065
165066
165067
165068
165069
165070
165071
165072
165073
165074
165075
165076
165077
165216
165217
165219
165221
165222
165223
165224
165226
165227
165228
165229
165230
165232
165233
165234
165235
165236
165237
165239
166690
166692
166693
166694
166695
166696
166697
166698
166699
166700
166701
166702
166703
166704
166705
166706
166707
166708
166709
166710
166711
166712
166713
166714
166715
166716
166717
166844
166845
166846
166847
166848
166849
166850
166851
166852
166853
166854
166855
166856
166857
166858
166859
166860
166861
166862
166863
166864
166865
166866
166867
166868
166869
166870
166871
166872
166873
166874
166875
166877
166878
166879
167002
167005
167006
167007
167008
167009
167010
167011
167012
167013
167014
167015
167016
167017
167018
167019
167020
167021
167022
167023
167024
167025
167026
167027
167028
167029
167030
167031
167032
167033
167034
167035
167036
167037
167038
167039
167040
167041
167042
167043
167044
167045
167046
167047
167048
167049
167050
167051
167174
167175
167177
167179
167180
167181
167182
167183
167184
167185
167186
167187
167188
167189
167190
167191
167192
167193
167194
167195
167196
167197
167198
167199
167200
167201
167202
167203
167204
167205
167206
167207
167208
167209
167210
167211
167212
167213
167354
167355
167356
167357
167358
167359
167360
167361
167362
167363
167364
167365
167366
167367
167368
167369
167370
167371
167372
167373
167374
167375
167376
167377
167378
167379
167380
167381
167382
167383
167384
167385
167386
167387
167388
167389
167390
167391
167392
167393
167394
167395
167396
167397
167398
167400
167401
167536
167537
167539
167541
167542
167543
167544
167545
167546
167547
167548
167549
167550
167551
167552
167553
167554
167555
167556
167557
167558
167559
167560
167561
167562
167563
167564
167565
167566
167567
167706
167707
167709
167711
167712
167713
167714
167716
167717
167718
167719
167720
167722
167723
167724
167725
167726
167727
167729
169180
169182
169183
169184
169185
169186
169187
169188
169189
169190
169191
169192
169193
169194
169195
169196
169197
169198
169199
169200
169201
169202
169203
169204
169205
169206
169207
169334
169335
169336
169337
169338
169339
169340
169341
169342
169343
169344
169345
169346
169347
169348
169349
169350
169351
169352
169353
169354
169355
169356
169357
169358
169359
169360
169361
169362
169363
169364
169365
169367
169368
169369
169492
169495
169496
169497
169498
169499
169500
169501
169502
169503
169504
169505
169506
169507
169508
169509
169510
169511
169512
169513
169514
169515
169516
169517
169518
169519
169520
169521
169522
169523
169524
169525
169526
169527
169528
169529
169530
169531
169532
169533
169534
169535
169536
169537
169538
169539
169540
169541
169664
169665
169667
169669
169670
169671
169672
169673
169674
169675
169676
169677
169678
169679
169680
169681
169682
169683
169684
169685
169686
169687
169688
169689
169690
169691
169692
169693
169694
169695
169696
169697
169698
169699
169700
169701
169702
169703
169844
169845
169846
169847
169848
169849
169850
169851
169852
169853
169854
169855
169856
169857
169858
169859
169860
169861
169862
169863
169864
169865
169866
169867
169868
169869
169870
169871
169872
169873
169874
169875
169876
169877
169878
169879
169880
169881
169882
169883
169884
169885
169886
169887
169888
169890
169891
170026
170027
170029
170031
170032
170033
170034
170035
170036
170037
170038
170039
170040
170041
170042
170043
170044
170045
170046
170047
170048
170049
170050
170051
170052
170053
170054
170055
170056
170057
170196
170197
170199
170201
170202
170203
170204
170206
170207
170208
170209
170210
170212
170213
170214
170215
170216
170217
170219
171670
171672
171673
171674
171675
171676
171677
171678
171679
171680
171681
171682
171683
171684
171685
171686
171687
171688
171689
171690
171691
171692
171693
171694
171695
171696
171697
171824
171825
171826
171827
171828
171829
171830
171831
171832
171833
171834
171835
171836
171837
171838
171839
171840
171841
171842
171843
171844
171845
171846
171847
171848
171849
171850
171851
171852
171853
171854
171855
171857
171858
171859
171982
171985
171986
171987
171988
171989
171990
171991
171992
171993
171994
171995
171996
171997
171998
171999
172000
172001
172002
172003
172004
172005
172006
172007
172008
172009
172010
172011
172012
172013
172014
172015
172016
172017
172018
172019
172020
172021
172022
172023
172024
172025
172026
172027
172028
172029
172030
172031
172154
172155
172157
172159
172160
172161
172162
172163
172164
172165
172166
172167
172168
172169
172170
172171
172172
172173
172174
172175
172176
172177
172178
172179
172180
172181
172182
172183
172184
172185
172186
172187
172188
172189
172190
172191
172192
172193
172334
172335
172336
172337
172338
172339
172340
172341
172342
172343
172344
172345
172346
172347
172348
172349
172350
172351
172352
172353
172354
172355
172356
172357
172358
172359
172360
172361
172362
172363
172364
172365
172366
172367
172368
172369
172370
172371
172372
172373
172374
172375
172376
172377
172378
172380
172381
172516
172517
172519
172521
172522
172523
172524
172525
172526
172527
172528
172529
172530
172531
172532
172533
172534
172535
172536
172537
172538
172539
172540
172541
172542
172543
172544
172545
172546
172547
172686
172687
172689
172691
172692
172693
172694
172696
172697
172698
172699
172700
172702
172703
172704
172705
172706
172707
172709
174160
174162
174163
174164
174165
174166
174167
174168
174169
174170
174171
174172
174173
174174
174175
174176
174177
174178
174179
174180
174181
174182
174183
174184
174185
174186
174187
174314
174315
174316
174317
174318
174319
174320
174321
174322
174323
174324
174325
174326
174327
174328
174329
174330
174331
174332
174333
174334
174335
174336
174337
174338
174339
174340
174341
174342
174343
174344
174345
174347
174348
174349
174472
174475
174476
174477
174478
174479
174480
174481
174482
174483
174484
174485
174486
174487
174488
174489
174490
174491
174492
174493
174494
174495
174496
174497
174498
174499
174500
174501
174502
174503
174504
174505
174506
174507
174508
174509
174510
174511
174512
174513
174514
174515
174516
174517
174518
174519
174520
174521
174644
174645
174647
174649
174650
174651
174652
174653
174654
174655
174656
174657
174658
174659
174660
174661
174662
174663
174664
174665
174666
174667
174668
174669
174670
174671
174672
174673
174674
174675
174676
174677
174678
174679
174680
174681
174682
174683
174824
174825
174826
174827
174828
174829
174830
174831
174832
174833
174834
174835
174836
174837
174838
174839
174840
174841
174842
174843
174844
174845
174846
174847
174848
174849
174850
174851
174852
174853
174854
174855
174856
174857
174858
174859
174860
174861
174862
174863
174864
174865
174866
174867
174868
174870
174871
175006
175007
175009
175011
175012
175013
175014
175015
175016
175017
175018
175019
175020
175021
175022
175023
175024
175025
175026
175027
175028
175029
175030
175031
175032
175033
175034
175035
175036
175037
175176
175177
175179
175181
175182
175183
175184
175186
175187
175188
175189
175190
175192
175193
175194
175195
175196
175197
175199
176650
176652
176653
176654
176655
176656
176657
176658
176659
176660
176661
176662
176663
176664
176665
176666
176667
176668
176669
176670
176671
176672
176673
176674
176675
176676
176677
176804
176805
176806
176807
176808
176809
176810
176811
176812
176813
176814
176815
176816
176817
176818
176819
176820
176821
176822
176823
176824
176825
176826
176827
176828
176829
176830
176831
176832
176833
176834
176835
176837
176838
176839
176962
176965
176966
176967
176968
176969
176970
176971
176972
176973
176974
176975
176976
176977
176978
176979
176980
176981
176982
176983
176984
176985
176986
176987
176988
176989
176990
176991
176992
176993
176994
176995
176996
176997
176998
176999
177000
177001
177002
177003
177004
177005
177006
177007
177008
177009
177010
177011
177134
177135
177137
177139
177140
177141
177142
177143
177144
177145
177146
177147
177148
177149
177150
177151
177152
177153
177154
177155
177156
177157
177158
177159
177160
177161
177162
177163
177164
177165
177166
177167
177168
177169
177170
177171
177172
177173
177314
177315
177316
177317
177318
177319
177320
177321
177322
177323
177324
177325
177326
177327
177328
177329
177330
177331
177332
177333
177334
177335
177336
177337
177338
177339
177340
177341
177342
177343
177344
177345
177346
177347
177348
177349
177350
177351
177352
177353
177354
177355
177356
177357
177358
177360
177361
177496
177497
177499
177501
177502
177503
177504
177505
177506
177507
177508
177509
177510
177511
177512
177513
177514
177515
177516
177517
177518
177519
177520
177521
177522
177523
177524
177525
177526
177527
177666
177667
177669
177671
177672
177673
177674
177676
177677
177678
177679
177680
177682
177683
177684
177685
177686
177687
177689
179140
179142
179143
179144
179145
179146
179147
179148
179149
179150
179151
179152
179153
179154
179155
179156
179157
179158
179159
179160
179161
179162
179163
179164
179165
179166
179167
179294
179295
179296
179297
179298
179299
179300
179301
179302
179303
179304
179305
179306
179307
179308
179309
179310
179311
179312
179313
179314
179315
179316
179317
179318
179319
179320
179321
179322
179323
179324
179325
179327
179328
179329
179452
179455
179456
179457
179458
179459
179460
179461
179462
179463
179464
179465
179466
179467
179468
179469
179470
179471
179472
179473
179474
179475
179476
179477
179478
179479
179480
179481
179482
179483
179484
179485
179486
179487
179488
179489
179490
179491
179492
179493
179494
179495
179496
179497
179498
179499
179500
179501
179624
179625
179627
179629
179630
179631
179632
179633
179634
179635
179636
179637
179638
179639
179640
179641
179642
179643
179644
179645
179646
179647
179648
179649
179650
179651
179652
179653
179654
179655
179656
179657
179658
179659
179660
179661
179662
179663
179804
179805
179806
179807
179808
179809
179810
179811
179812
179813
179814
179815
179816
179817
179818
179819
179820
179821
179822
179823
179824
179825
179826
179827
179828
179829
179830
179831
179832
179833
179834
179835
179836
179837
179838
179839
179840
179841
179842
179843
179844
179845
179846
179847
179848
179850
179851
179986
179987
179989
179991
179992
179993
179994
179995
179996
179997
179998
179999
180000
180001
180002
180003
180004
180005
180006
180007
180008
180009
180010
180011
180012
180013
180014
180015
180016
180017
180156
180157
180159
180161
180162
180163
180164
180166
180167
180168
180169
180170
180172
180173
180174
180175
180176
180177
180179
181630
181632
181633
181634
181635
181636
181637
181638
181639
181640
181641
181642
181643
181644
181645
181646
181647
181648
181649
181650
181651
181652
181653
181654
181655
181656
181657
181784
181785
181786
181787
181788
181789
181790
181791
181792
181793
181794
181795
181796
181797
181798
181799
181800
181801
181802
181803
181804
181805
181806
181807
181808
181809
181810
181811
181812
181813
181814
181815
181817
181818
181819
181942
181945
181946
181947
181948
181949
181950
181951
181952
181953
181954
181955
181956
181957
181958
181959
181960
181961
181962
181963
181964
181965
181966
181967
181968
181969
181970
181971
181972
181973
181974
181975
181976
181977
181978
181979
181980
181981
181982
181983
181984
181985
181986
181987
181988
181989
181990
181991
182114
182115
182117
182119
182120
182121
182122
182123
182124
182125
182126
182127
182128
182129
182130
182131
182132
182133
182134
182135
182136
182137
182138
182139
182140
182141
182142
182143
182144
182145
182146
182147
182148
182149
182150
182151
182152
182153
182294
182295
182296
182297
182298
182299
182300
182301
182302
182303
182304
182305
182306
182307
182308
182309
182310
182311
182312
182313
182314
182315
182316
182317
182318
182319
182320
182321
182322
182323
182324
182325
182326
182327
182328
182329
182330
182331
182332
182333
182334
182335
182336
182337
182338
182340
182341
182476
182477
182479
182481
182482
182483
182484
182485
182486
182487
182488
182489
182490
182491
182492
182493
182494
182495
182496
182497
182498
182499
182500
182501
182502
182503
182504
182505
182506
182507
182646
182647
182649
182651
182652
182653
182654
182656
182657
182658
182659
182660
182662
182663
182664
182665
182666
182667
182669
184120
184122
184123
184124
184125
184126
184127
184128
184129
184130
184131
184132
184133
184134
184135
184136
184137
184138
184139
184140
184141
184142
184143
184144
184145
184146
184147
184274
184275
184276
184277
184278
184279
184280
184281
184282
184283
184284
184285
184286
184287
184288
184289
184290
184291
184292
184293
184294
184295
184296
184297
184298
184299
184300
184301
184302
184303
184304
184305
184307
184308
184309
184432
184435
184436
184437
184438
184439
184440
184441
184442
184443
184444
184445
184446
184447
184448
184449
184450
184451
184452
184453
184454
184455
184456
184457
184458
184459
184460
184461
184462
184463
184464
184465
184466
184467
184468
184469
184470
184471
184472
184473
184474
184475
184476
184477
184478
184479
184480
184481
184604
184605
184607
184609
184610
184611
184612
184613
184614
184615
184616
184617
184618
184619
184620
184621
184622
184623
184624
184625
184626
184627
184628
184629
184630
184631
184632
184633
184634
184635
184636
184637
184638
184639
184640
184641
184642
184643
184784
184785
184786
184787
184788
184789
184790
184791
184792
184793
184794
184795
184796
184797
184798
184799
184800
184801
184802
184803
184804
184805
184806
184807
184808
184809
184810
184811
184812
184813
184814
184815
184816
184817
184818
184819
184820
184821
184822
184823
184824
184825
184826
184827
184828
184830
184831
184966
184967
184969
184971
184972
184973
184974
184975
184976
184977
184978
184979
184980
184981
184982
184983
184984
184985
184986
184987
184988
184989
184990
184991
184992
184993
184994
184995
184996
184997
185136
185137
185139
185141
185142
185143
185144
185146
185147
185148
185149
185150
185152
185153
185154
185155
185156
185157
185159
186610
186612
186613
186614
186615
186616
186617
186618
186619
186620
186621
186622
186623
186624
186625
186626
186627
186628
186629
186630
186631
186632
186633
186634
186635
186636
186637
186764
186765
186766
186767
186768
186769
186770
186771
186772
186773
186774
186775
186776
186777
186778
186779
186780
186781
186782
186783
186784
186785
186786
186787
186788
186789
186790
186791
186792
186793
186794
186795
186797
186798
186799
186922
186925
186926
186927
186928
186929
186930
186931
186932
186933
186934
186935
186936
186937
186938
186939
186940
186941
186942
186943
186944
186945
186946
186947
186948
186949
186950
186951
186952
186953
186954
186955
186956
186957
186958
186959
186960
186961
186962
186963
186964
186965
186966
186967
186968
186969
186970
186971
187094
187095
187097
187099
187100
187101
187102
187103
187104
187105
187106
187107
187108
187109
187110
187111
187112
187113
187114
187115
187116
187117
187118
187119
187120
187121
187122
187123
187124
187125
187126
187127
187128
187129
187130
187131
187132
187133
187274
187275
187276
187277
187278
187279
187280
187281
187282
187283
187284
187285
187286
187287
187288
187289
187290
187291
187292
187293
187294
187295
187296
187297
187298
187299
187300
187301
187302
187303
187304
187305
187306
187307
187308
187309
187310
187311
187312
187313
187314
187315
187316
187317
187318
187320
187321
187456
187457
187459
187461
187462
187463
187464
187465
187466
187467
187468
187469
187470
187471
187472
187473
187474
187475
187476
187477
187478
187479
187480
187481
187482
187483
187484
187485
187486
187487
187626
187627
187629
187631
187632
187633
187634
187636
187637
187638
187639
187640
187642
187643
187644
187645
187646
187647
187649
189100
189102
189103
189104
189105
189106
189107
189108
189109
189110
189111
189112
189113
189114
189115
189116
189117
189118
189119
189120
189121
189122
189123
189124
189125
189126
189127
189254
189255
189256
189257
189258
189259
189260
189261
189262
189263
189264
189265
189266
189267
189268
189269
189270
189271
189272
189273
189274
189275
189276
189277
189278
189279
189280
189281
189282
189283
189284
189285
189287
189288
189289
189412
189415
189416
189417
189418
189419
189420
189421
189422
189423
189424
189425
189426
189427
189428
189429
189430
189431
189432
189433
189434
189435
189436
189437
189438
189439
189440
189441
189442
189443
189444
189445
189446
189447
189448
189449
189450
189451
189452
189453
189454
189455
189456
189457
189458
189459
189460
189461
189584
189585
189587
189589
189590
189591
189592
189593
189594
189595
189596
189597
189598
189599
189600
189601
189602
189603
189604
189605
189606
189607
189608
189609
189610
189611
189612
189613
189614
189615
189616
189617
189618
189619
189620
189621
189622
189623
189764
189765
189766
189767
189768
189769
189770
189771
189772
189773
189774
189775
189776
189777
189778
189779
189780
189781
189782
189783
189784
189785
189786
189787
189788
189789
189790
189791
189792
189793
189794
189795
189796
189797
189798
189799
189800
189801
189802
189803
189804
189805
189806
189807
189808
189810
189811
189946
189947
189949
189951
189952
189953
189954
189955
189956
189957
189958
189959
189960
189961
189962
189963
189964
189965
189966
189967
189968
189969
189970
189971
189972
189973
189974
189975
189976
189977
190116
190117
190119
190121
190122
190123
190124
190126
190127
190128
190129
190130
190132
190133
190134
190135
190136
190137
190139
191590
191592
191593
191594
191595
191596
191597
191598
191599
191600
191601
191602
191603
191604
191605
191606
191607
191608
191609
191610
191611
191612
191613
191614
191615
191616
191617
191744
191745
191746
191747
191748
191749
191750
191751
191752
191753
191754
191755
191756
191757
191758
191759
191760
191761
191762
191763
191764
191765
191766
191767
191768
191769
191770
191771
191772
191773
191774
191775
191777
191778
191779
191902
191905
191906
191907
191908
191909
191910
191911
191912
191913
191914
191915
191916
191917
191918
191919
191920
191921
191922
191923
191924
191925
191926
191927
191928
191929
191930
191931
191932
191933
191934
191935
191936
191937
191938
191939
191940
191941
191942
191943
191944
191945
191946
191947
191948
191949
191950
191951
192074
192075
192077
192079
192080
192081
192082
192083
192084
192085
192086
192087
192088
192089
192090
192091
192092
192093
192094
192095
192096
192097
192098
192099
192100
192101
192102
192103
192104
192105
192106
192107
192108
192109
192110
192111
192112
192113
192254
192255
192256
192257
192258
192259
192260
192261
192262
192263
192264
192265
192266
192267
192268
192269
192270
192271
192272
192273
192274
192275
192276
192277
192278
192279
192280
192281
192282
192283
192284
192285
192286
192287
192288
192289
192290
192291
192292
192293
192294
192295
192296
192297
192298
192300
192301
192436
192437
192439
192441
192442
192443
192444
192445
192446
192447
192448
192449
192450
192451
192452
192453
192454
192455
192456
192457
192458
192459
192460
192461
192462
192463
192464
192465
192466
192467
192606
192607
192609
192611
192612
192613
192614
192616
192617
192618
192619
192620
192622
192623
192624
192625
192626
192627
192629
194080
194082
194083
194084
194085
194086
194087
194088
194089
194090
194091
194092
194093
194094
194095
194096
194097
194098
194099
194100
194101
194102
194103
194104
194105
194106
194107
194234
194235
194236
194237
194238
194239
194240
194241
194242
194243
194244
194245
194246
194247
194248
194249
194250
194251
194252
194253
194254
194255
194256
194257
194258
194259
194260
194261
194262
194263
194264
194265
194267
194268
194269
194392
194395
194396
194397
194398
194399
194400
194401
194402
194403
194404
194405
194406
194407
194408
194409
194410
194411
194412
194413
194414
194415
194416
194417
194418
194419
194420
194421
194422
194423
194424
194425
194426
194427
194428
194429
194430
194431
194432
194433
194434
194435
194436
194437
194438
194439
194440
194441
194564
194565
194567
194569
194570
194571
194572
194573
194574
194575
194576
194577
194578
194579
194580
194581
194582
194583
194584
194585
194586
194587
194588
194589
194590
194591
194592
194593
194594
194595
194596
194597
194598
194599
194600
194601
194602
194603
194744
194745
194746
194747
194748
194749
194750
194751
194752
194753
194754
194755
194756
194757
194758
194759
194760
194761
194762
194763
194764
194765
194766
194767
194768
194769
194770
194771
194772
194773
194774
194775
194776
194777
194778
194779
194780
194781
194782
194783
194784
194785
194786
194787
194788
194790
194791
194926
194927
194929
194931
194932
194933
194934
194935
194936
194937
194938
194939
194940
194941
194942
194943
194944
194945
194946
194947
194948
194949
194950
194951
194952
194953
194954
194955
194956
194957
195096
195097
195099
195101
195102
195103
195104
195106
195107
195108
195109
195110
195112
195113
195114
195115
195116
195117
195119
196570
196572
196573
196574
196575
196576
196577
196578
196579
196580
196581
196582
196583
196584
196585
196586
196587
196588
196589
196590
196591
196592
196593
196594
196595
196596
196597
196724
196725
196726
196727
196728
196729
196730
196731
196732
196733
196734
196735
196736
196737
196738
196739
196740
196741
196742
196743
196744
196745
196746
196747
196748
196749
196750
196751
196752
196753
196754
196755
196757
196758
196759
196882
196885
196886
196887
196888
196889
196890
196891
196892
196893
196894
196895
196896
196897
196898
196899
196900
196901
196902
196903
196904
196905
196906
196907
196908
196909
196910
196911
196912
196913
196914
196915
196916
196917
196918
196919
196920
196921
196922
196923
196924
196925
196926
196927
196928
196929
196930
196931
197054
197055
197057
197059
197060
197061
197062
197063
197064
197065
197066
197067
197068
197069
197070
197071
197072
197073
197074
197075
197076
197077
197078
197079
197080
197081
197082
197083
197084
197085
197086
197087
197088
197089
197090
197091
197092
197093
197234
197235
197236
197237
197238
197239
197240
197241
197242
197243
197244
197245
197246
197247
197248
197249
197250
197251
197252
197253
197254
197255
197256
197257
197258
197259
197260
197261
197262
197263
197264
197265
197266
197267
197268
197269
197270
197271
197272
197273
197274
197275
197276
197277
197278
197280
197281
197416
197417
197419
197421
197422
197423
197424
197425
197426
197427
197428
197429
197430
197431
197432
197433
197434
197435
197436
197437
197438
197439
197440
197441
197442
197443
197444
197445
197446
197447
197586
197587
197589
197591
197592
197593
197594
197596
197597
197598
197599
197600
197602
197603
197604
197605
197606
197607
197609
199060
199062
199063
199064
199065
199066
199067
199068
199069
199070
199071
199072
199073
199074
199075
199076
199077
199078
199079
199080
199081
199082
199083
199084
199085
199086
199087
199214
199215
199216
199217
199218
199219
199220
199221
199222
199223
199224
199225
199226
199227
199228
199229
199230
199231
199232
199233
199234
199235
199236
199237
199238
199239
199240
199241
199242
199243
199244
199245
199247
199248
199249
199372
199375
199376
199377
199378
199379
199380
199381
199382
199383
199384
199385
199386
199387
199388
199389
199390
199391
199392
199393
199394
199395
199396
199397
199398
199399
199400
199401
199402
199403
199404
199405
199406
199407
199408
199409
199410
199411
199412
199413
199414
199415
199416
199417
199418
199419
199420
199421
199544
199545
199547
199549
199550
199551
199552
199553
199554
199555
199556
199557
199558
199559
199560
199561
199562
199563
199564
199565
199566
199567
199568
199569
199570
199571
199572
199573
199574
199575
199576
199577
199578
199579
199580
199581
199582
199583
199724
199725
199726
199727
199728
199729
199730
199731
199732
199733
199734
199735
199736
199737
199738
199739
199740
199741
199742
199743
199744
199745
199746
199747
199748
199749
199750
199751
199752
199753
199754
199755
199756
199757
199758
199759
199760
199761
199762
199763
199764
199765
199766
199767
199768
199770
199771
199906
199907
199909
199911
199912
199913
199914
199915
199916
199917
199918
199919
199920
199921
199922
199923
199924
199925
199926
199927
199928
199929
199930
199931
199932
199933
199934
199935
199936
199937
200076
200077
200079
200081
200082
200083
200084
200086
200087
200088
200089
200090
200092
200093
200094
200095
200096
200097
200099
201550
201552
201553
201554
201555
201556
201557
201558
201559
201560
201561
201562
201563
201564
201565
201566
201567
201568
201569
201570
201571
201572
201573
201574
201575
201576
201577
201704
201705
201706
201707
201708
201709
201710
201711
201712
201713
201714
201715
201716
201717
201718
201719
201720
201721
201722
201723
201724
201725
201726
201727
201728
201729
201730
201731
201732
201733
201734
201735
201737
201738
201739
201862
201865
201866
201867
201868
201869
201870
201871
201872
201873
201874
201875
201876
201877
201878
201879
201880
201881
201882
201883
201884
201885
201886
201887
201888
201889
201890
201891
201892
201893
201894
201895
201896
201897
201898
201899
201900
201901
201902
201903
201904
201905
201906
201907
201908
201909
201910
201911
202034
202035
202037
202039
202040
202041
202042
202043
202044
202045
202046
202047
202048
202049
202050
202051
202052
202053
202054
202055
202056
202057
202058
202059
202060
202061
202062
202063
202064
202065
202066
202067
202068
202069
202070
202071
202072
202073
202214
202215
202216
202217
202218
202219
202220
202221
202222
202223
202224
202225
202226
202227
202228
202229
202230
202231
202232
202233
202234
202235
202236
202237
202238
202239
202240
202241
202242
202243
202244
202245
202246
202247
202248
202249
202250
202251
202252
202253
202254
202255
202256
202257
202258
202260
202261
202396
202397
202399
202401
202402
202403
202404
202405
202406
202407
202408
202409
202410
202411
202412
202413
202414
202415
202416
202417
202418
202419
202420
202421
202422
202423
202424
202425
202426
202427
202566
202567
202569
202571
202572
202573
202574
202576
202577
202578
202579
202580
202582
202583
202584
202585
202586
202587
202589
204040
204042
204043
204044
204045
204046
204047
204048
204049
204050
204051
204052
204053
204054
204055
204056
204057
204058
204059
204060
204061
204062
204063
204064
204065
204066
204067
204194
204195
204196
204197
204198
204199
204200
204201
204202
204203
204204
204205
204206
204207
204208
204209
204210
204211
204212
204213
204214
204215
204216
204217
204218
204219
204220
204221
204222
204223
204224
204225
204227
204228
204229
204352
204355
204356
204357
204358
204359
204360
204361
204362
204363
204364
204365
204366
204367
204368
204369
204370
204371
204372
204373
204374
204375
204376
204377
204378
204379
204380
204381
204382
204383
204384
204385
204386
204387
204388
204389
204390
204391
204392
204393
204394
204395
204396
204397
204398
204399
204400
204401
204524
204525
204527
204529
204530
204531
204532
204533
204534
204535
204536
204537
204538
204539
204540
204541
204542
204543
204544
204545
204546
204547
204548
204549
204550
204551
204552
204553
204554
204555
204556
204557
204558
204559
204560
204561
204562
204563
204704
204705
204706
204707
204708
204709
204710
204711
204712
204713
204714
204715
204716
204717
204718
204719
204720
204721
204722
204723
204724
204725
204726
204727
204728
204729
204730
204731
204732
204733
204734
204735
204736
204737
204738
204739
204740
204741
204742
204743
204744
204745
204746
204747
204748
204750
204751
204886
204887
204889
204891
204892
204893
204894
204895
204896
204897
204898
204899
204900
204901
204902
204903
204904
204905
204906
204907
204908
204909
204910
204911
204912
204913
204914
204915
204916
204917
205056
205057
205059
205061
205062
205063
205064
205066
205067
205068
205069
205070
205072
205073
205074
205075
205076
205077
205079
206530
206532
206533
206534
206535
206536
206537
206538
206539
206540
206541
206542
206543
206544
206545
206546
206547
206548
206549
206550
206551
206552
206553
206554
206555
206556
206557
206684
206685
206686
206687
206688
206689
206690
206691
206692
206693
206694
206695
206696
206697
206698
206699
206700
206701
206702
206703
206704
206705
206706
206707
206708
206709
206710
206711
206712
206713
206714
206715
206717
206718
206719
206842
206845
206846
206847
206848
206849
206850
206851
206852
206853
206854
206855
206856
206857
206858
206859
206860
206861
206862
206863
206864
206865
206866
206867
206868
206869
206870
206871
206872
206873
206874
206875
206876
206877
206878
206879
206880
206881
206882
206883
206884
206885
206886
206887
206888
206889
206890
206891
207014
207015
207017
207019
207020
207021
207022
207023
207024
207025
207026
207027
207028
207029
207030
207031
207032
207033
207034
207035
207036
207037
207038
207039
207040
207041
207042
207043
207044
207045
207046
207047
207048
207049
207050
207051
207052
207053
207194
207195
207196
207197
207198
207199
207200
207201
207202
207203
207204
207205
207206
207207
207208
207209
207210
207211
207212
207213
207214
207215
207216
207217
207218
207219
207220
207221
207222
207223
207224
207225
207226
207227
207228
207229
207230
207231
207232
207233
207234
207235
207236
207237
207238
207240
207241
207376
207377
207379
207381
207382
207383
207384
207385
207386
207387
207388
207389
207390
207391
207392
207393
207394
207395
207396
207397
207398
207399
207400
207401
207402
207403
207404
207405
207406
207407
207546
207547
207549
207551
207552
207553
207554
207556
207557
207558
207559
207560
207562
207563
207564
207565
207566
207567
207569
209020
209022
209023
209024
209025
209026
209027
209028
209029
209030
209031
209032
209033
209034
209035
209036
209037
209038
209039
209040
209041
209042
209043
209044
209045
209046
209047
209174
209175
209176
209177
209178
209179
209180
209181
209182
209183
209184
209185
209186
209187
209188
209189
209190
209191
209192
209193
209194
209195
209196
209197
209198
209199
209200
209201
209202
209203
209204
209205
209207
209208
209209
209332
209335
209336
209337
209338
209339
209340
209341
209342
209343
209344
209345
209346
209347
209348
209349
209350
209351
209352
209353
209354
209355
209356
209357
209358
209359
209360
209361
209362
209363
209364
209365
209366
209367
209368
209369
209370
209371
209372
209373
209374
209375
209376
209377
209378
209379
209380
209381
209504
209505
209507
209509
209510
209511
209512
209513
209514
209515
209516
209517
209518
209519
209520
209521
209522
209523
209524
209525
209526
209527
209528
209529
209530
209531
209532
209533
209534
209535
209536
209537
209538
209539
209540
209541
209542
209543
209684
209685
209686
209687
209688
209689
209690
209691
209692
209693
209694
209695
209696
209697
209698
209699
209700
209701
209702
209703
209704
209705
209706
209707
209708
209709
209710
209711
209712
209713
209714
209715
209716
209717
209718
209719
209720
209721
209722
209723
209724
209725
209726
209727
209728
209730
209731
209866
209867
209869
209871
209872
209873
209874
209875
209876
209877
209878
209879
209880
209881
209882
209883
209884
209885
209886
209887
209888
209889
209890
209891
209892
209893
209894
209895
209896
209897
210036
210037
210039
210041
210042
210043
210044
210046
210047
210048
210049
210050
210052
210053
210054
210055
210056
210057
210059
211510
211512
211513
211514
211515
211516
211517
211518
211519
211520
211521
211522
211523
211524
211525
211526
211527
211528
211529
211530
211531
211532
211533
211534
211535
211536
211537
211664
211665
211666
211667
211668
211669
211670
211671
211672
211673
211674
211675
211676
211677
211678
211679
211680
211681
211682
211683
211684
211685
211686
211687
211688
211689
211690
211691
211692
211693
211694
211695
211697
211698
211699
211822
211825
211826
211827
211828
211829
211830
211831
211832
211833
211834
211835
211836
211837
211838
211839
211840
211841
211842
211843
211844
211845
211846
211847
211848
211849
211850
211851
211852
211853
211854
211855
211856
211857
211858
211859
211860
211861
211862
211863
211864
211865
211866
211867
211868
211869
211870
211871
211994
211995
211997
211999
212000
212001
212002
212003
212004
212005
212006
212007
212008
212009
212010
212011
212012
212013
212014
212015
212016
212017
212018
212019
212020
212021
212022
212023
212024
212025
212026
212027
212028
212029
212030
212031
212032
212033
212174
212175
212176
212177
212178
212179
212180
212181
212182
212183
212184
212185
212186
212187
212188
212189
212190
212191
212192
212193
212194
212195
212196
212197
212198
212199
212200
212201
212202
212203
212204
212205
212206
212207
212208
212209
212210
212211
212212
212213
212214
212215
212216
212217
212218
212220
212221
212356
212357
212359
212361
212362
212363
212364
212365
212366
212367
212368
212369
212370
212371
212372
212373
212374
212375
212376
212377
212378
212379
212380
212381
212382
212383
212384
212385
212386
212387
212526
212527
212529
212531
212532
212533
212534
212536
212537
212538
212539
212540
212542
212543
212544
212545
212546
212547
212549
214000
214002
214003
214004
214005
214006
214007
214008
214009
214010
214011
214012
214013
214014
214015
214016
214017
214018
214019
214020
214021
214022
214023
214024
214025
214026
214027
214154
214155
214156
214157
214158
214159
214160
214161
214162
214163
214164
214165
214166
214167
214168
214169
214170
214171
214172
214173
214174
214175
214176
214177
214178
214179
214180
214181
214182
214183
214184
214185
214187
214188
214189
214312
214315
214316
214317
214318
214319
214320
214321
214322
214323
214324
214325
214326
214327
214328
214329
214330
214331
214332
214333
214334
214335
214336
214337
214338
214339
214340
214341
214342
214343
214344
214345
214346
214347
214348
214349
214350
214351
214352
214353
214354
214355
214356
214357
214358
214359
214360
214361
214484
214485
214487
214489
214490
214491
214492
214493
214494
214495
214496
214497
214498
214499
214500
214501
214502
214503
214504
214505
214506
214507
214508
214509
214510
214511
214512
214513
214514
214515
214516
214517
214518
214519
214520
214521
214522
214523
214664
214665
214666
214667
214668
214669
214670
214671
214672
214673
214674
214675
214676
214677
214678
214679
214680
214681
214682
214683
214684
214685
214686
214687
214688
214689
214690
214691
214692
214693
214694
214695
214696
214697
214698
214699
214700
214701
214702
214703
214704
214705
214706
214707
214708
214710
214711
214846
214847
214849
214851
214852
214853
214854
214855
214856
214857
214858
214859
214860
214861
214862
214863
214864
214865
214866
214867
214868
214869
214870
214871
214872
214873
214874
214875
214876
214877
215016
215017
215019
215021
215022
215023
215024
215026
215027
215028
215029
215030
215032
215033
215034
215035
215036
215037
215039
216490
216492
216493
216494
216495
216496
216497
216498
216499
216500
216501
216502
216503
216504
216505
216506
216507
216508
216509
216510
216511
216512
216513
216514
216515
216516
216517
216644
216645
216646
216647
216648
216649
216650
216651
216652
216653
216654
216655
216656
216657
216658
216659
216660
216661
216662
216663
216664
216665
216666
216667
216668
216669
216670
216671
216672
216673
216674
216675
216677
216678
216679
216802
216805
216806
216807
216808
216809
216810
216811
216812
216813
216814
216815
216816
216817
216818
216819
216820
216821
216822
216823
216824
216825
216826
216827
216828
216829
216830
216831
216832
216833
216834
216835
216836
216837
216838
216839
216840
216841
216842
216843
216844
216845
216846
216847
216848
216849
216850
216851
216974
216975
216977
216979
216980
216981
216982
216983
216984
216985
216986
216987
216988
216989
216990
216991
216992
216993
216994
216995
216996
216997
216998
216999
217000
217001
217002
217003
217004
217005
217006
217007
217008
217009
217010
217011
217012
217013
217154
217155
217156
217157
217158
217159
217160
217161
217162
217163
217164
217165
217166
217167
217168
217169
217170
217171
217172
217173
217174
217175
217176
217177
217178
217179
217180
217181
217182
217183
217184
217185
217186
217187
217188
217189
217190
217191
217192
217193
217194
217195
217196
217197
217198
217200
217201
217336
217337
217339
217341
217342
217343
217344
217345
217346
217347
217348
217349
217350
217351
217352
217353
217354
217355
217356
217357
217358
217359
217360
217361
217362
217363
217364
217365
217366
217367
217506
217507
217509
217511
217512
217513
217514
217516
217517
217518
217519
217520
217522
217523
217524
217525
217526
217527
217529
218980
218982
218983
218984
218985
218986
218987
218988
218989
218990
218991
218992
218993
218994
218995
218996
218997
218998
218999
219000
219001
219002
219003
219004
219005
219006
219007
219134
219135
219136
219137
219138
219139
219140
219141
219142
219143
219144
219145
219146
219147
219148
219149
219150
219151
219152
219153
219154
219155
219156
219157
219158
219159
219160
219161
219162
219163
219164
219165
219167
219168
219169
219292
219295
219296
219297
219298
219299
219300
219301
219302
219303
219304
219305
219306
219307
219308
219309
219310
219311
219312
219313
219314
219315
219316
219317
219318
219319
219320
219321
219322
219323
219324
219325
219326
219327
219328
219329
219330
219331
219332
219333
219334
219335
219336
219337
219338
219339
219340
219341
219464
219465
219467
219469
219470
219471
219472
219473
219474
219475
219476
219477
219478
219479
219480
219481
219482
219483
219484
219485
219486
219487
219488
219489
219490
219491
219492
219493
219494
219495
219496
219497
219498
219499
219500
219501
219502
219503
219644
219645
219646
219647
219648
219649
219650
219651
219652
219653
219654
219655
219656
219657
219658
219659
219660
219661
219662
219663
219664
219665
219666
219667
219668
219669
219670
219671
219672
219673
219674
219675
219676
219677
219678
219679
219680
219681
219682
219683
219684
219685
219686
219687
219688
219690
219691
219826
219827
219829
219831
219832
219833
219834
219835
219836
219837
219838
219839
219840
219841
219842
219843
219844
219845
219846
219847
219848
219849
219850
219851
219852
219853
219854
219855
219856
219857
219996
219997
219999
220001
220002
220003
220004
220006
220007
220008
220009
220010
220012
220013
220014
220015
220016
220017
220019
221470
221472
221473
221474
221475
221476
221477
221478
221479
221480
221481
221482
221483
221484
221485
221486
221487
221488
221489
221490
221491
221492
221493
221494
221495
221496
221497
221624
221625
221626
221627
221628
221629
221630
221631
221632
221633
221634
221635
221636
221637
221638
221639
221640
221641
221642
221643
221644
221645
221646
221647
221648
221649
221650
221651
221652
221653
221654
221655
221657
221658
221659
221782
221785
221786
221787
221788
221789
221790
221791
221792
221793
221794
221795
221796
221797
221798
221799
221800
221801
221802
221803
221804
221805
221806
221807
221808
221809
221810
221811
221812
221813
221814
221815
221816
221817
221818
221819
221820
221821
221822
221823
221824
221825
221826
221827
221828
221829
221830
221831
221954
221955
221957
221959
221960
221961
221962
221963
221964
221965
221966
221967
221968
221969
221970
221971
221972
221973
221974
221975
221976
221977
221978
221979
221980
221981
221982
221983
221984
221985
221986
221987
221988
221989
221990
221991
221992
221993
222134
222135
222136
222137
222138
222139
222140
222141
222142
222143
222144
222145
222146
222147
222148
222149
222150
222151
222152
222153
222154
222155
222156
222157
222158
222159
222160
222161
222162
222163
222164
222165
222166
222167
222168
222169
222170
222171
222172
222173
222174
222175
222176
222177
222178
222180
222181
222316
222317
222319
222321
222322
222323
222324
222325
222326
222327
222328
222329
222330
222331
222332
222333
222334
222335
222336
222337
222338
222339
222340
222341
222342
222343
222344
222345
222346
222347
222486
222487
222489
222491
222492
222493
222494
222496
222497
222498
222499
222500
222502
222503
222504
222505
222506
222507
222509
223960
223962
223963
223964
223965
223966
223967
223968
223969
223970
223971
223972
223973
223974
223975
223976
223977
223978
223979
223980
223981
223982
223983
223984
223985
223986
223987
224114
224115
224116
224117
224118
224119
224120
224121
224122
224123
224124
224125
224126
224127
224128
224129
224130
224131
224132
224133
224134
224135
224136
224137
224138
224139
224140
224141
224142
224143
224144
224145
224147
224148
224149
224272
224275
224276
224277
224278
224279
224280
224281
224282
224283
224284
224285
224286
224287
224288
224289
224290
224291
224292
224293
224294
224295
224296
224297
224298
224299
224300
224301
224302
224303
224304
224305
224306
224307
224308
224309
224310
224311
224312
224313
224314
224315
224316
224317
224318
224319
224320
224321
224444
224445
224447
224449
224450
224451
224452
224453
224454
224455
224456
224457
224458
224459
224460
224461
224462
224463
224464
224465
224466
224467
224468
224469
224470
224471
224472
224473
224474
224475
224476
224477
224478
224479
224480
224481
224482
224483
224624
224625
224626
224627
224628
224629
224630
224631
224632
224633
224634
224635
224636
224637
224638
224639
224640
224641
224642
224643
224644
224645
224646
224647
224648
224649
224650
224651
224652
224653
224654
224655
224656
224657
224658
224659
224660
224661
224662
224663
224664
224665
224666
224667
224668
224670
224671
224806
224807
224809
224811
224812
224813
224814
224815
224816
224817
224818
224819
224820
224821
224822
224823
224824
224825
224826
224827
224828
224829
224830
224831
224832
224833
224834
224835
224836
224837
224976
224977
224979
224981
224982
224983
224984
224986
224987
224988
224989
224990
224992
224993
224994
224995
224996
224997
224999
226450
226452
226453
226454
226455
226456
226457
226458
226459
226460
226461
226462
226463
226464
226465
226466
226467
226468
226469
226470
226471
226472
226473
226474
226475
226476
226477
226604
226605
226606
226607
226608
226609
226610
226611
226612
226613
226614
226615
226616
226617
226618
226619
226620
226621
226622
226623
226624
226625
226626
226627
226628
226629
226630
226631
226632
226633
226634
226635
226637
226638
226639
226762
226765
226766
226767
226768
226769
226770
226771
226772
226773
226774
226775
226776
226777
226778
226779
226780
226781
226782
226783
226784
226785
226786
226787
226788
226789
226790
226791
226792
226793
226794
226795
226796
226797
226798
226799
226800
226801
226802
226803
226804
226805
226806
226807
226808
226809
226810
226811
226934
226935
226937
226939
226940
226941
226942
226943
226944
226945
226946
226947
226948
226949
226950
226951
226952
226953
226954
226955
226956
226957
226958
226959
226960
226961
226962
226963
226964
226965
226966
226967
226968
226969
226970
226971
226972
226973
227114
227115
227116
227117
227118
227119
227120
227121
227122
227123
227124
227125
227126
227127
227128
227129
227130
227131
227132
227133
227134
227135
227136
227137
227138
227139
227140
227141
227142
227143
227144
227145
227146
227147
227148
227149
227150
227151
227152
227153
227154
227155
227156
227157
227158
227160
227161
227296
227297
227299
227301
227302
227303
227304
227305
227306
227307
227308
227309
227310
227311
227312
227313
227314
227315
227316
227317
227318
227319
227320
227321
227322
227323
227324
227325
227326
227327
227466
227467
227469
227471
227472
227473
227474
227476
227477
227478
227479
227480
227482
227483
227484
227485
227486
227487
227489
228940
228942
228943
228944
228945
228946
228947
228948
228949
228950
228951
228952
228953
228954
228955
228956
228957
228958
228959
228960
228961
228962
228963
228964
228965
228966
228967
229094
229095
229096
229097
229098
229099
229100
229101
229102
229103
229104
229105
229106
229107
229108
229109
229110
229111
229112
229113
229114
229115
229116
229117
229118
229119
229120
229121
229122
229123
229124
229125
229127
229128
229129
229252
229255
229256
229257
229258
229259
229260
229261
229262
229263
229264
229265
229266
229267
229268
229269
229270
229271
229272
229273
229274
229275
229276
229277
229278
229279
229280
229281
229282
229283
229284
229285
229286
229287
229288
229289
229290
229291
229292
229293
229294
229295
229296
229297
229298
229299
229300
229301
229424
229425
229427
229429
229430
229431
229432
229433
229434
229435
229436
229437
229438
229439
229440
229441
229442
229443
229444
229445
229446
229447
229448
229449
229450
229451
229452
229453
229454
229455
229456
229457
229458
229459
229460
229461
229462
229463
229604
229605
229606
229607
229608
229609
229610
229611
229612
229613
229614
229615
229616
229617
229618
229619
229620
229621
229622
229623
229624
229625
229626
229627
229628
229629
229630
229631
229632
229633
229634
229635
229636
229637
229638
229639
229640
229641
229642
229643
229644
229645
229646
229647
229648
229650
229651
229786
229787
229789
229791
229792
229793
229794
229795
229796
229797
229798
229799
229800
229801
229802
229803
229804
229805
229806
229807
229808
229809
229810
229811
229812
229813
229814
229815
229816
229817
229956
229957
229959
229961
229962
229963
229964
229966
229967
229968
229969
229970
229972
229973
229974
229975
229976
229977
229979
231430
231432
231433
231434
231435
231436
231437
231438
231439
231440
231441
231442
231443
231444
231445
231446
231447
231448
231449
231450
231451
231452
231453
231454
231455
231456
231457
231584
231585
231586
231587
231588
231589
231590
231591
231592
231593
231594
231595
231596
231597
231598
231599
231600
231601
231602
231603
231604
231605
231606
231607
231608
231609
231610
231611
231612
231613
231614
231615
231617
231618
231619
231742
231745
231746
231747
231748
231749
231750
231751
231752
231753
231754
231755
231756
231757
231758
231759
231760
231761
231762
231763
231764
231765
231766
231767
231768
231769
231770
231771
231772
231773
231774
231775
231776
231777
231778
231779
231780
231781
231782
231783
231784
231785
231786
231787
231788
231789
231790
231791
231914
231915
231917
231919
231920
231921
231922
231923
231924
231925
231926
231927
231928
231929
231930
231931
231932
231933
231934
231935
231936
231937
231938
231939
231940
231941
231942
231943
231944
231945
231946
231947
231948
231949
231950
231951
231952
231953
232094
232095
232096
232097
232098
232099
232100
232101
232102
232103
232104
232105
232106
232107
232108
232109
232110
232111
232112
232113
232114
232115
232116
232117
232118
232119
232120
232121
232122
232123
232124
232125
232126
232127
232128
232129
232130
232131
232132
232133
232134
232135
232136
232137
232138
232140
232141
232276
232277
232279
232281
232282
232283
232284
232285
232286
232287
232288
232289
232290
232291
232292
232293
232294
232295
232296
232297
232298
232299
232300
232301
232302
232303
232304
232305
232306
232307
232446
232447
232449
232451
232452
232453
232454
232456
232457
232458
232459
232460
232462
232463
232464
232465
232466
232467
232469
233920
233922
233923
233924
233925
233926
233927
233928
233929
233930
233931
233932
233933
233934
233935
233936
233937
233938
233939
233940
233941
233942
233943
233944
233945
233946
233947
234074
234075
234076
234077
234078
234079
234080
234081
234082
234083
234084
234085
234086
234087
234088
234089
234090
234091
234092
234093
234094
234095
234096
234097
234098
234099
234100
234101
234102
234103
234104
234105
234107
234108
234109
234232
234235
234236
234237
234238
234239
234240
234241
234242
234243
234244
234245
234246
234247
234248
234249
234250
234251
234252
234253
234254
234255
234256
234257
234258
234259
234260
234261
234262
234263
234264
234265
234266
234267
234268
234269
234270
234271
234272
234273
234274
234275
234276
234277
234278
234279
234280
234281
234404
234405
234407
234409
234410
234411
234412
234413
234414
234415
234416
234417
234418
234419
234420
234421
234422
234423
234424
234425
234426
234427
234428
234429
234430
234431
234432
234433
234434
234435
234436
234437
234438
234439
234440
234441
234442
234443
234584
234585
234586
234587
234588
234589
234590
234591
234592
234593
234594
234595
234596
234597
234598
234599
234600
234601
234602
234603
234604
234605
234606
234607
234608
234609
234610
234611
234612
234613
234614
234615
234616
234617
234618
234619
234620
234621
234622
234623
234624
234625
234626
234627
234628
234630
234631
234766
234767
234769
234771
234772
234773
234774
234775
234776
234777
234778
234779
234780
234781
234782
234783
234784
234785
234786
234787
234788
234789
234790
234791
234792
234793
234794
234795
234796
234797
234936
234937
234939
234941
234942
234943
234944
234946
234947
234948
234949
234950
234952
234953
234954
234955
234956
234957
234959
236410
236412
236413
236414
236415
236416
236417
236418
236419
236420
236421
236422
236423
236424
236425
236426
236427
236428
236429
236430
236431
236432
236433
236434
236435
236436
236437
236564
236565
236566
236567
236568
236569
236570
236571
236572
236573
236574
236575
236576
236577
236578
236579
236580
236581
236582
236583
236584
236585
236586
236587
236588
236589
236590
236591
236592
236593
236594
236595
236597
236598
236599
236722
236725
236726
236727
236728
236729
236730
236731
236732
236733
236734
236735
236736
236737
236738
236739
236740
236741
236742
236743
236744
236745
236746
236747
236748
236749
236750
236751
236752
236753
236754
236755
236756
236757
236758
236759
236760
236761
236762
236763
236764
236765
236766
236767
236768
236769
236770
236771
236894
236895
236897
236899
236900
236901
236902
236903
236904
236905
236906
236907
236908
236909
236910
236911
236912
236913
236914
236915
236916
236917
236918
236919
236920
236921
236922
236923
236924
236925
236926
236927
236928
236929
236930
236931
236932
236933
237074
237075
237076
237077
237078
237079
237080
237081
237082
237083
237084
237085
237086
237087
237088
237089
237090
237091
237092
237093
237094
237095
237096
237097
237098
237099
237100
237101
237102
237103
237104
237105
237106
237107
237108
237109
237110
237111
237112
237113
237114
237115
237116
237117
237118
237120
237121
237256
237257
237259
237261
237262
237263
237264
237265
237266
237267
237268
237269
237270
237271
237272
237273
237274
237275
237276
237277
237278
237279
237280
237281
237282
237283
237284
237285
237286
237287
237426
237427
237429
237431
237432
237433
237434
237436
237437
237438
237439
237440
237442
237443
237444
237445
237446
237447
237449
238900
238902
238903
238904
238905
238906
238907
238908
238909
238910
238911
238912
238913
238914
238915
238916
238917
238918
238919
238920
238921
238922
238923
238924
238925
238926
238927
239054
239055
239056
239057
239058
239059
239060
239061
239062
239063
239064
239065
239066
239067
239068
239069
239070
239071
239072
239073
239074
239075
239076
239077
239078
239079
239080
239081
239082
239083
239084
239085
239087
239088
239089
239212
239215
239216
239217
239218
239219
239220
239221
239222
239223
239224
239225
239226
239227
239228
239229
239230
239231
239232
239233
239234
239235
239236
239237
239238
239239
239240
239241
239242
239243
239244
239245
239246
239247
239248
239249
239250
239251
239252
239253
239254
239255
239256
239257
239258
239259
239260
239261
239384
239385
239387
239389
239390
239391
239392
239393
239394
239395
239396
239397
239398
239399
239400
239401
239402
239403
239404
239405
239406
239407
239408
239409
239410
239411
239412
239413
239414
239415
239416
239417
239418
239419
239420
239421
239422
239423
239564
239565
239566
239567
239568
239569
239570
239571
239572
239573
239574
239575
239576
239577
239578
239579
239580
239581
239582
239583
239584
239585
239586
239587
239588
239589
239590
239591
239592
239593
239594
239595
239596
239597
239598
239599
239600
239601
239602
239603
239604
239605
239606
239607
239608
239610
239611
239746
239747
239749
239751
239752
239753
239754
239755
239756
239757
239758
239759
239760
239761
239762
239763
239764
239765
239766
239767
239768
239769
239770
239771
239772
239773
239774
239775
239776
239777
239916
239917
239919
239921
239922
239923
239924
239926
239927
239928
239929
239930
239932
239933
239934
239935
239936
239937
239939
241390
241392
241393
241394
241395
241396
241397
241398
241399
241400
241401
241402
241403
241404
241405
241406
241407
241408
241409
241410
241411
241412
241413
241414
241415
241416
241417
241544
241545
241546
241547
241548
241549
241550
241551
241552
241553
241554
241555
241556
241557
241558
241559
241560
241561
241562
241563
241564
241565
241566
241567
241568
241569
241570
241571
241572
241573
241574
241575
241577
241578
241579
241702
241705
241706
241707
241708
241709
241710
241711
241712
241713
241714
241715
241716
241717
241718
241719
241720
241721
241722
241723
241724
241725
241726
241727
241728
241729
241730
241731
241732
241733
241734
241735
241736
241737
241738
241739
241740
241741
241742
241743
241744
241745
241746
241747
241748
241749
241750
241751
241874
241875
241877
241879
241880
241881
241882
241883
241884
241885
241886
241887
241888
241889
241890
241891
241892
241893
241894
241895
241896
241897
241898
241899
241900
241901
241902
241903
241904
241905
241906
241907
241908
241909
241910
241911
241912
241913
242054
242055
242056
242057
242058
242059
242060
242061
242062
242063
242064
242065
242066
242067
242068
242069
242070
242071
242072
242073
242074
242075
242076
242077
242078
242079
242080
242081
242082
242083
242084
242085
242086
242087
242088
242089
242090
242091
242092
242093
242094
242095
242096
242097
242098
242100
242101
242236
242237
242239
242241
242242
242243
242244
242245
242246
242247
242248
242249
242250
242251
242252
242253
242254
242255
242256
242257
242258
242259
242260
242261
242262
242263
242264
242265
242266
242267
242406
242407
242409
242411
242412
242413
242414
242416
242417
242418
242419
242420
242422
242423
242424
242425
242426
242427
242429
243880
243882
243883
243884
243885
243886
243887
243888
243889
243890
243891
243892
243893
243894
243895
243896
243897
243898
243899
243900
243901
243902
243903
243904
243905
243906
243907
244034
244035
244036
244037
244038
244039
244040
244041
244042
244043
244044
244045
244046
244047
244048
244049
244050
244051
244052
244053
244054
244055
244056
244057
244058
244059
244060
244061
244062
244063
244064
244065
244067
244068
244069
244192
244195
244196
244197
244198
244199
244200
244201
244202
244203
244204
244205
244206
244207
244208
244209
244210
244211
244212
244213
244214
244215
244216
244217
244218
244219
244220
244221
244222
244223
244224
244225
244226
244227
244228
244229
244230
244231
244232
244233
244234
244235
244236
244237
244238
244239
244240
244241
244364
244365
244367
244369
244370
244371
244372
244373
244374
244375
244376
244377
244378
244379
244380
244381
244382
244383
244384
244385
244386
244387
244388
244389
244390
244391
244392
244393
244394
244395
244396
244397
244398
244399
244400
244401
244402
244403
244544
244545
244546
244547
244548
244549
244550
244551
244552
244553
244554
244555
244556
244557
244558
244559
244560
244561
244562
244563
244564
244565
244566
244567
244568
244569
244570
244571
244572
244573
244574
244575
244576
244577
244578
244579
244580
244581
244582
244583
244584
244585
244586
244587
244588
244590
244591
244726
244727
244729
244731
244732
244733
244734
244735
244736
244737
244738
244739
244740
244741
244742
244743
244744
244745
244746
244747
244748
244749
244750
244751
244752
244753
244754
244755
244756
244757
244896
244897
244899
244901
244902
244903
244904
244906
244907
244908
244909
244910
244912
244913
244914
244915
244916
244917
244919
246370
246372
246373
246374
246375
246376
246377
246378
246379
246380
246381
246382
246383
246384
246385
246386
246387
246388
246389
246390
246391
246392
246393
246394
246395
246396
246397
246524
246525
246526
246527
246528
246529
246530
246531
246532
246533
246534
246535
246536
246537
246538
246539
246540
246541
246542
246543
246544
246545
246546
246547
246548
246549
246550
246551
246552
246553
246554
246555
246557
246558
246559
246682
246685
246686
246687
246688
246689
246690
246691
246692
246693
246694
246695
246696
246697
246698
246699
246700
246701
246702
246703
246704
246705
246706
246707
246708
246709
246710
246711
246712
246713
246714
246715
246716
246717
246718
246719
246720
246721
246722
246723
246724
246725
246726
246727
246728
246729
246730
246731
246854
246855
246857
246859
246860
246861
246862
246863
246864
246865
246866
246867
246868
246869
246870
246871
246872
246873
246874
246875
246876
246877
246878
246879
246880
246881
246882
246883
246884
246885
246886
246887
246888
246889
246890
246891
246892
246893
247034
247035
247036
247037
247038
247039
247040
247041
247042
247043
247044
247045
247046
247047
247048
247049
247050
247051
247052
247053
247054
247055
247056
247057
247058
247059
247060
247061
247062
247063
247064
247065
247066
247067
247068
247069
247070
247071
247072
247073
247074
247075
247076
247077
247078
247080
247081
247216
247217
247219
247221
247222
247223
247224
247225
247226
247227
247228
247229
247230
247231
247232
247233
247234
247235
247236
247237
247238
247239
247240
247241
247242
247243
247244
247245
247246
247247
247386
247387
247389
247391
247392
247393
247394
247396
247397
247398
247399
247400
247402
247403
247404
247405
247406
247407
247409
248860
248862
248863
248864
248865
248866
248867
248868
248869
248870
248871
248872
248873
248874
248875
248876
248877
248878
248879
248880
248881
248882
248883
248884
248885
248886
248887
249014
249015
249016
249017
249018
249019
249020
249021
249022
249023
249024
249025
249026
249027
249028
249029
249030
249031
249032
249033
249034
249035
249036
249037
249038
249039
249040
249041
249042
249043
249044
249045
249047
249048
249049
249172
249175
249176
249177
249178
249179
249180
249181
249182
249183
249184
249185
249186
249187
249188
249189
249190
249191
249192
249193
249194
249195
249196
249197
249198
249199
249200
249201
249202
249203
249204
249205
249206
249207
249208
249209
249210
249211
249212
249213
249214
249215
249216
249217
249218
249219
249220
249221
249344
249345
249347
249349
249350
249351
249352
249353
249354
249355
249356
249357
249358
249359
249360
249361
249362
249363
249364
249365
249366
249367
249368
249369
249370
249371
249372
249373
249374
249375
249376
249377
249378
249379
249380
249381
249382
249383
249524
249525
249526
249527
249528
249529
249530
249531
249532
249533
249534
249535
249536
249537
249538
249539
249540
249541
249542
249543
249544
249545
249546
249547
249548
249549
249550
249551
249552
249553
249554
249555
249556
249557
249558
249559
249560
249561
249562
249563
249564
249565
249566
249567
249568
249570
249571
249706
249707
249709
249711
249712
249713
249714
249715
249716
249717
249718
249719
249720
249721
249722
249723
249724
249725
249726
249727
249728
249729
249730
249731
249732
249733
249734
249735
249736
249737
249876
249877
249879
249881
249882
249883
249884
249886
249887
249888
249889
249890
249892
249893
249894
249895
249896
249897
249899
251350
251352
251353
251354
251355
251356
251357
251358
251359
251360
251361
251362
251363
251364
251365
251366
251367
251368
251369
251370
251371
251372
251373
251374
251375
251376
251377
251504
251505
251506
251507
251508
251509
251510
251511
251512
251513
251514
251515
251516
251517
251518
251519
251520
251521
251522
251523
251524
251525
251526
251527
251528
251529
251530
251531
251532
251533
251534
251535
251537
251538
251539
251662
251665
251666
251667
251668
251669
251670
251671
251672
251673
251674
251675
251676
251677
251678
251679
251680
251681
251682
251683
251684
251685
251686
251687
251688
251689
251690
251691
251692
251693
251694
251695
251696
251697
251698
251699
251700
251701
251702
251703
251704
251705
251706
251707
251708
251709
251710
251711
251834
251835
251837
251839
251840
251841
251842
251843
251844
251845
251846
251847
251848
251849
251850
251851
251852
251853
251854
251855
251856
251857
251858
251859
251860
251861
251862
251863
251864
251865
251866
251867
251868
251869
251870
251871
251872
251873
252014
252015
252016
252017
252018
252019
252020
252021
252022
252023
252024
252025
252026
252027
252028
252029
252030
252031
252032
252033
252034
252035
252036
252037
252038
252039
252040
252041
252042
252043
252044
252045
252046
252047
252048
252049
252050
252051
252052
252053
252054
252055
252056
252057
252058
252060
252061
252196
252197
252199
252201
252202
252203
252204
252205
252206
252207
252208
252209
252210
252211
252212
252213
252214
252215
252216
252217
252218
252219
252220
252221
252222
252223
252224
252225
252226
252227
252366
252367
252369
252371
252372
252373
252374
252376
252377
252378
252379
252380
252382
252383
252384
252385
252386
252387
252389
253840
253842
253843
253844
253845
253846
253847
253848
253849
253850
253851
253852
253853
253854
253855
253856
253857
253858
253859
253860
253861
253862
253863
253864
253865
253866
253867
253994
253995
253996
253997
253998
253999
254000
254001
254002
254003
254004
254005
254006
254007
254008
254009
254010
254011
254012
254013
254014
254015
254016
254017
254018
254019
254020
254021
254022
254023
254024
254025
254027
254028
254029
254152
254155
254156
254157
254158
254159
254160
254161
254162
254163
254164
254165
254166
254167
254168
254169
254170
254171
254172
254173
254174
254175
254176
254177
254178
254179
254180
254181
254182
254183
254184
254185
254186
254187
254188
254189
254190
254191
254192
254193
254194
254195
254196
254197
254198
254199
254200
254201
254324
254325
254327
254329
254330
254331
254332
254333
254334
254335
254336
254337
254338
254339
254340
254341
254342
254343
254344
254345
254346
254347
254348
254349
254350
254351
254352
254353
254354
254355
254356
254357
254358
254359
254360
254361
254362
254363
254504
254505
254506
254507
254508
254509
254510
254511
254512
254513
254514
254515
254516
254517
254518
254519
254520
254521
254522
254523
254524
254525
254526
254527
254528
254529
254530
254531
254532
254533
254534
254535
254536
254537
254538
254539
254540
254541
254542
254543
254544
254545
254546
254547
254548
254550
254551
254686
254687
254689
254691
254692
254693
254694
254695
254696
254697
254698
254699
254700
254701
254702
254703
254704
254705
254706
254707
254708
254709
254710
254711
254712
254713
254714
254715
254716
254717
254856
254857
254859
254861
254862
254863
254864
254866
254867
254868
254869
254870
254872
254873
254874
254875
254876
254877
254879
256330
256332
256333
256334
256335
256336
256337
256338
256339
256340
256341
256342
256343
256344
256345
256346
256347
256348
256349
256350
256351
256352
256353
256354
256355
256356
256357
256484
256485
256486
256487
256488
256489
256490
256491
256492
256493
256494
256495
256496
256497
256498
256499
256500
256501
256502
256503
256504
256505
256506
256507
256508
256509
256510
256511
256512
256513
256514
256515
256517
256518
256519
256642
256645
256646
256647
256648
256649
256650
256651
256652
256653
256654
256655
256656
256657
256658
256659
256660
256661
256662
256663
256664
256665
256666
256667
256668
256669
256670
256671
256672
256673
256674
256675
256676
256677
256678
256679
256680
256681
256682
256683
256684
256685
256686
256687
256688
256689
256690
256691
256814
256815
256817
256819
256820
256821
256822
256823
256824
256825
256826
256827
256828
256829
256830
256831
256832
256833
256834
256835
256836
256837
256838
256839
256840
256841
256842
256843
256844
256845
256846
256847
256848
256849
256850
256851
256852
256853
256994
256995
256996
256997
256998
256999
257000
257001
257002
257003
257004
257005
257006
257007
257008
257009
257010
257011
257012
257013
257014
257015
257016
257017
257018
257019
257020
257021
257022
257023
257024
257025
257026
257027
257028
257029
257030
257031
257032
257033
257034
257035
257036
257037
257038
257040
257041
257176
257177
257179
257181
257182
257183
257184
257185
257186
257187
257188
257189
257190
257191
257192
257193
257194
257195
257196
257197
257198
257199
257200
257201
257202
257203
257204
257205
257206
257207
257346
257347
257349
257351
257352
257353
257354
257356
257357
257358
257359
257360
257362
257363
257364
257365
257366
257367
257369
258820
258822
258823
258824
258825
258826
258827
258828
258829
258830
258831
258832
258833
258834
258835
258836
258837
258838
258839
258840
258841
258842
258843
258844
258845
258846
258847
258974
258975
258976
258977
258978
258979
258980
258981
258982
258983
258984
258985
258986
258987
258988
258989
258990
258991
258992
258993
258994
258995
258996
258997
258998
258999
259000
259001
259002
259003
259004
259005
259007
259008
259009
259132
259135
259136
259137
259138
259139
259140
259141
259142
259143
259144
259145
259146
259147
259148
259149
259150
259151
259152
259153
259154
259155
259156
259157
259158
259159
259160
259161
259162
259163
259164
259165
259166
259167
259168
259169
259170
259171
259172
259173
259174
259175
259176
259177
259178
259179
259180
259181
259304
259305
259307
259309
259310
259311
259312
259313
259314
259315
259316
259317
259318
259319
259320
259321
259322
259323
259324
259325
259326
259327
259328
259329
259330
259331
259332
259333
259334
259335
259336
259337
259338
259339
259340
259341
259342
259343
259484
259485
259486
259487
259488
259489
259490
259491
259492
259493
259494
259495
259496
259497
259498
259499
259500
259501
259502
259503
259504
259505
259506
259507
259508
259509
259510
259511
259512
259513
259514
259515
259516
259517
259518
259519
259520
259521
259522
259523
259524
259525
259526
259527
259528
259530
259531
259666
259667
259669
259671
259672
259673
259674
259675
259676
259677
259678
259679
259680
259681
259682
259683
259684
259685
259686
259687
259688
259689
259690
259691
259692
259693
259694
259695
259696
259697
259836
259837
259839
259841
259842
259843
259844
259846
259847
259848
259849
259850
259852
259853
259854
259855
259856
259857
259859
261310
261312
261313
261314
261315
261316
261317
261318
261319
261320
261321
261322
261323
261324
261325
261326
261327
261328
261329
261330
261331
261332
261333
261334
261335
261336
261337
261464
261465
261466
261467
261468
261469
261470
261471
261472
261473
261474
261475
261476
261477
261478
261479
261480
261481
261482
261483
261484
261485
261486
261487
261488
261489
261490
261491
261492
261493
261494
261495
261497
261498
261499
261622
261625
261626
261627
261628
261629
261630
261631
261632
261633
261634
261635
261636
261637
261638
261639
261640
261641
261642
261643
261644
261645
261646
261647
261648
261649
261650
261651
261652
261653
261654
261655
261656
261657
261658
261659
261660
261661
261662
261663
261664
261665
261666
261667
261668
261669
261670
261671
261794
261795
261797
261799
261800
261801
261802
261803
261804
261805
261806
261807
261808
261809
261810
261811
261812
261813
261814
261815
261816
261817
261818
261819
261820
261821
261822
261823
261824
261825
261826
261827
261828
261829
261830
261831
261832
261833
261974
261975
261976
261977
261978
261979
261980
261981
261982
261983
261984
261985
261986
261987
261988
261989
261990
261991
261992
261993
261994
261995
261996
261997
261998
261999
262000
262001
262002
262003
262004
262005
262006
262007
262008
262009
262010
262011
262012
262013
262014
262015
262016
262017
262018
262020
262021
262156
262157
262159
262161
262162
262163
262164
262165
262166
262167
262168
262169
262170
262171
262172
262173
262174
262175
262176
262177
262178
262179
262180
262181
262182
262183
262184
262185
262186
262187
262326
262327
262329
262331
262332
262333
262334
262336
262337
262338
262339
262340
262342
262343
262344
262345
262346
262347
262349
263800
263802
263803
263804
263805
263806
263807
263808
263809
263810
263811
263812
263813
263814
263815
263816
263817
263818
263819
263820
263821
263822
263823
263824
263825
263826
263827
263954
263955
263956
263957
263958
263959
263960
263961
263962
263963
263964
263965
263966
263967
263968
263969
263970
263971
263972
263973
263974
263975
263976
263977
263978
263979
263980
263981
263982
263983
263984
263985
263987
263988
263989
264112
264115
264116
264117
264118
264119
264120
264121
264122
264123
264124
264125
264126
264127
264128
264129
264130
264131
264132
264133
264134
264135
264136
264137
264138
264139
264140
264141
264142
264143
264144
264145
264146
264147
264148
264149
264150
264151
264152
264153
264154
264155
264156
264157
264158
264159
264160
264161
264284
264285
264287
264289
264290
264291
264292
264293
264294
264295
264296
264297
264298
264299
264300
264301
264302
264303
264304
264305
264306
264307
264308
264309
264310
264311
264312
264313
264314
264315
264316
264317
264318
264319
264320
264321
264322
264323
264464
264465
264466
264467
264468
264469
264470
264471
264472
264473
264474
264475
264476
264477
264478
264479
264480
264481
264482
264483
264484
264485
264486
264487
264488
264489
264490
264491
264492
264493
264494
264495
264496
264497
264498
264499
264500
264501
264502
264503
264504
264505
264506
264507
264508
264510
264511
264646
264647
264649
264651
264652
264653
264654
264655
264656
264657
264658
264659
264660
264661
264662
264663
264664
264665
264666
264667
264668
264669
264670
264671
264672
264673
264674
264675
264676
264677
264816
264817
264819
264821
264822
264823
264824
264826
264827
264828
264829
264830
264832
264833
264834
264835
264836
264837
264839
266290
266292
266293
266294
266295
266296
266297
266298
266299
266300
266301
266302
266303
266304
266305
266306
266307
266308
266309
266310
266311
266312
266313
266314
266315
266316
266317
266444
266445
266446
266447
266448
266449
266450
266451
266452
266453
266454
266455
266456
266457
266458
266459
266460
266461
266462
266463
266464
266465
266466
266467
266468
266469
266470
266471
266472
266473
266474
266475
266477
266478
266479
266602
266605
266606
266607
266608
266609
266610
266611
266612
266613
266614
266615
266616
266617
266618
266619
266620
266621
266622
266623
266624
266625
266626
266627
266628
266629
266630
266631
266632
266633
266634
266635
266636
266637
266638
266639
266640
266641
266642
266643
266644
266645
266646
266647
266648
266649
266650
266651
266774
266775
266777
266779
266780
266781
266782
266783
266784
266785
266786
266787
266788
266789
266790
266791
266792
266793
266794
266795
266796
266797
266798
266799
266800
266801
266802
266803
266804
266805
266806
266807
266808
266809
266810
266811
266812
266813
266954
266955
266956
266957
266958
266959
266960
266961
266962
266963
266964
266965
266966
266967
266968
266969
266970
266971
266972
266973
266974
266975
266976
266977
266978
266979
266980
266981
266982
266983
266984
266985
266986
266987
266988
266989
266990
266991
266992
266993
266994
266995
266996
266997
266998
267000
267001
267136
267137
267139
267141
267142
267143
267144
267145
267146
267147
267148
267149
267150
267151
267152
267153
267154
267155
267156
267157
267158
267159
267160
267161
267162
267163
267164
267165
267166
267167
267306
267307
267309
267311
267312
267313
267314
267316
267317
267318
267319
267320
267322
267323
267324
267325
267326
267327
267329
268780
268782
268783
268784
268785
268786
268787
268788
268789
268790
268791
268792
268793
268794
268795
268796
268797
268798
268799
268800
268801
268802
268803
268804
268805
268806
268807
268934
268935
268936
268937
268938
268939
268940
268941
268942
268943
268944
268945
268946
268947
268948
268949
268950
268951
268952
268953
268954
268955
268956
268957
268958
268959
268960
268961
268962
268963
268964
268965
268967
268968
268969
269092
269095
269096
269097
269098
269099
269100
269101
269102
269103
269104
269105
269106
269107
269108
269109
269110
269111
269112
269113
269114
269115
269116
269117
269118
269119
269120
269121
269122
269123
269124
269125
269126
269127
269128
269129
269130
269131
269132
269133
269134
269135
269136
269137
269138
269139
269140
269141
269264
269265
269267
269269
269270
269271
269272
269273
269274
269275
269276
269277
269278
269279
269280
269281
269282
269283
269284
269285
269286
269287
269288
269289
269290
269291
269292
269293
269294
269295
269296
269297
269298
269299
269300
269301
269302
269303
269444
269445
269446
269447
269448
269449
269450
269451
269452
269453
269454
269455
269456
269457
269458
269459
269460
269461
269462
269463
269464
269465
269466
269467
269468
269469
269470
269471
269472
269473
269474
269475
269476
269477
269478
269479
269480
269481
269482
269483
269484
269485
269486
269487
269488
269490
269491
269626
269627
269629
269631
269632
269633
269634
269635
269636
269637
269638
269639
269640
269641
269642
269643
269644
269645
269646
269647
269648
269649
269650
269651
269652
269653
269654
269655
269656
269657
269796
269797
269799
269801
269802
269803
269804
269806
269807
269808
269809
269810
269812
269813
269814
269815
269816
269817
269819
271270
271272
271273
271274
271275
271276
271277
271278
271279
271280
271281
271282
271283
271284
271285
271286
271287
271288
271289
271290
271291
271292
271293
271294
271295
271296
271297
271424
271425
271426
271427
271428
271429
271430
271431
271432
271433
271434
271435
271436
271437
271438
271439
271440
271441
271442
271443
271444
271445
271446
271447
271448
271449
271450
271451
271452
271453
271454
271455
271457
271458
271459
271582
271585
271586
271587
271588
271589
271590
271591
271592
271593
271594
271595
271596
271597
271598
271599
271600
271601
271602
271603
271604
271605
271606
271607
271608
271609
271610
271611
271612
271613
271614
271615
271616
271617
271618
271619
271620
271621
271622
271623
271624
271625
271626
271627
271628
271629
271630
271631
271754
271755
271757
271759
271760
271761
271762
271763
271764
271765
271766
271767
271768
271769
271770
271771
271772
271773
271774
271775
271776
271777
271778
271779
271780
271781
271782
271783
271784
271785
271786
271787
271788
271789
271790
271791
271792
271793
271934
271935
271936
271937
271938
271939
271940
271941
271942
271943
271944
271945
271946
271947
271948
271949
271950
271951
271952
271953
271954
271955
271956
271957
271958
271959
271960
271961
271962
271963
271964
271965
271966
271967
271968
271969
271970
271971
271972
271973
271974
271975
271976
271977
271978
271980
271981
272116
272117
272119
272121
272122
272123
272124
272125
272126
272127
272128
272129
272130
272131
272132
272133
272134
272135
272136
272137
272138
272139
272140
272141
272142
272143
272144
272145
272146
272147
272286
272287
272289
272291
272292
272293
272294
272296
272297
272298
272299
272300
272302
272303
272304
272305
272306
272307
272309
273760
273762
273763
273764
273765
273766
273767
273768
273769
273770
273771
273772
273773
273774
273775
273776
273777
273778
273779
273780
273781
273782
273783
273784
273785
273786
273787
273914
273915
273916
273917
273918
273919
273920
273921
273922
273923
273924
273925
273926
273927
273928
273929
273930
273931
273932
273933
273934
273935
273936
273937
273938
273939
273940
273941
273942
273943
273944
273945
273947
273948
273949
274072
274075
274076
274077
274078
274079
274080
274081
274082
274083
274084
274085
274086
274087
274088
274089
274090
274091
274092
274093
274094
274095
274096
274097
274098
274099
274100
274101
274102
274103
274104
274105
274106
274107
274108
274109
274110
274111
274112
274113
274114
274115
274116
274117
274118
274119
274120
274121
274244
274245
274247
274249
274250
274251
274252
274253
274254
274255
274256
274257
274258
274259
274260
274261
274262
274263
274264
274265
274266
274267
274268
274269
274270
274271
274272
274273
274274
274275
274276
274277
274278
274279
274280
274281
274282
274283
274424
274425
274426
274427
274428
274429
274430
274431
274432
274433
274434
274435
274436
274437
274438
274439
274440
274441
274442
274443
274444
274445
274446
274447
274448
274449
274450
274451
274452
274453
274454
274455
274456
274457
274458
274459
274460
274461
274462
274463
274464
274465
274466
274467
274468
274470
274471
274606
274607
274609
274611
274612
274613
274614
274615
274616
274617
274618
274619
274620
274621
274622
274623
274624
274625
274626
274627
274628
274629
274630
274631
274632
274633
274634
274635
274636
274637
274776
274777
274779
274781
274782
274783
274784
274786
274787
274788
274789
274790
274792
274793
274794
274795
274796
274797
274799
276250
276252
276253
276254
276255
276256
276257
276258
276259
276260
276261
276262
276263
276264
276265
276266
276267
276268
276269
276270
276271
276272
276273
276274
276275
276276
276277
276404
276405
276406
276407
276408
276409
276410
276411
276412
276413
276414
276415
276416
276417
276418
276419
276420
276421
276422
276423
276424
276425
276426
276427
276428
276429
276430
276431
276432
276433
276434
276435
276437
276438
276439
276562
276565
276566
276567
276568
276569
276570
276571
276572
276573
276574
276575
276576
276577
276578
276579
276580
276581
276582
276583
276584
276585
276586
276587
276588
276589
276590
276591
276592
276593
276594
276595
276596
276597
276598
276599
276600
276601
276602
276603
276604
276605
276606
276607
276608
276609
276610
276611
276734
276735
276737
276739
276740
276741
276742
276743
276744
276745
276746
276747
276748
276749
276750
276751
276752
276753
276754
276755
276756
276757
276758
276759
276760
276761
276762
276763
276764
276765
276766
276767
276768
276769
276770
276771
276772
276773
276914
276915
276916
276917
276918
276919
276920
276921
276922
276923
276924
276925
276926
276927
276928
276929
276930
276931
276932
276933
276934
276935
276936
276937
276938
276939
276940
276941
276942
276943
276944
276945
276946
276947
276948
276949
276950
276951
276952
276953
276954
276955
276956
276957
276958
276960
276961
277096
277097
277099
277101
277102
277103
277104
277105
277106
277107
277108
277109
277110
277111
277112
277113
277114
277115
277116
277117
277118
277119
277120
277121
277122
277123
277124
277125
277126
277127
277266
277267
277269
277271
277272
277273
277274
277276
277277
277278
277279
277280
277282
277283
277284
277285
277286
277287
277289
278740
278742
278743
278744
278745
278746
278747
278748
278749
278750
278751
278752
278753
278754
278755
278756
278757
278758
278759
278760
278761
278762
278763
278764
278765
278766
278767
278894
278895
278896
278897
278898
278899
278900
278901
278902
278903
278904
278905
278906
278907
278908
278909
278910
278911
278912
278913
278914
278915
278916
278917
278918
278919
278920
278921
278922
278923
278924
278925
278927
278928
278929
279052
279055
279056
279057
279058
279059
279060
279061
279062
279063
279064
279065
279066
279067
279068
279069
279070
279071
279072
279073
279074
279075
279076
279077
279078
279079
279080
279081
279082
279083
279084
279085
279086
279087
279088
279089
279090
279091
279092
279093
279094
279095
279096
279097
279098
279099
279100
279101
279224
279225
279227
279229
279230
279231
279232
279233
279234
279235
279236
279237
279238
279239
279240
279241
279242
279243
279244
279245
279246
279247
279248
279249
279250
279251
279252
279253
279254
279255
279256
279257
279258
279259
279260
279261
279262
279263
279404
279405
279406
279407
279408
279409
279410
279411
279412
279413
279414
279415
279416
279417
279418
279419
279420
279421
279422
279423
279424
279425
279426
279427
279428
279429
279430
279431
279432
279433
279434
279435
279436
279437
279438
279439
279440
279441
279442
279443
279444
279445
279446
279447
279448
279450
279451
279586
279587
279589
279591
279592
279593
279594
279595
279596
279597
279598
279599
279600
279601
279602
279603
279604
279605
279606
279607
279608
279609
279610
279611
279612
279613
279614
279615
279616
279617
279756
279757
279759
279761
279762
279763
279764
279766
279767
279768
279769
279770
279772
279773
279774
279775
279776
279777
279779
281230
281232
281233
281234
281235
281236
281237
281238
281239
281240
281241
281242
281243
281244
281245
281246
281247
281248
281249
281250
281251
281252
281253
281254
281255
281256
281257
281384
281385
281386
281387
281388
281389
281390
281391
281392
281393
281394
281395
281396
281397
281398
281399
281400
281401
281402
281403
281404
281405
281406
281407
281408
281409
281410
281411
281412
281413
281414
281415
281417
281418
281419
281542
281545
281546
281547
281548
281549
281550
281551
281552
281553
281554
281555
281556
281557
281558
281559
281560
281561
281562
281563
281564
281565
281566
281567
281568
281569
281570
281571
281572
281573
281574
281575
281576
281577
281578
281579
281580
281581
281582
281583
281584
281585
281586
281587
281588
281589
281590
281591
281714
281715
281717
281719
281720
281721
281722
281723
281724
281725
281726
281727
281728
281729
281730
281731
281732
281733
281734
281735
281736
281737
281738
281739
281740
281741
281742
281743
281744
281745
281746
281747
281748
281749
281750
281751
281752
281753
281894
281895
281896
281897
281898
281899
281900
281901
281902
281903
281904
281905
281906
281907
281908
281909
281910
281911
281912
281913
281914
281915
281916
281917
281918
281919
281920
281921
281922
281923
281924
281925
281926
281927
281928
281929
281930
281931
281932
281933
281934
281935
281936
281937
281938
281940
281941
282076
282077
282079
282081
282082
282083
282084
282085
282086
282087
282088
282089
282090
282091
282092
282093
282094
282095
282096
282097
282098
282099
282100
282101
282102
282103
282104
282105
282106
282107
282246
282247
282249
282251
282252
282253
282254
282256
282257
282258
282259
282260
282262
282263
282264
282265
282266
282267
282269
283720
283722
283723
283724
283725
283726
283727
283728
283729
283730
283731
283732
283733
283734
283735
283736
283737
283738
283739
283740
283741
283742
283743
283744
283745
283746
283747
283874
283875
283876
283877
283878
283879
283880
283881
283882
283883
283884
283885
283886
283887
283888
283889
283890
283891
283892
283893
283894
283895
283896
283897
283898
283899
283900
283901
283902
283903
283904
283905
283907
283908
283909
284032
284035
284036
284037
284038
284039
284040
284041
284042
284043
284044
284045
284046
284047
284048
284049
284050
284051
284052
284053
284054
284055
284056
284057
284058
284059
284060
284061
284062
284063
284064
284065
284066
284067
284068
284069
284070
284071
284072
284073
284074
284075
284076
284077
284078
284079
284080
284081
284204
284205
284207
284209
284210
284211
284212
284213
284214
284215
284216
284217
284218
284219
284220
284221
284222
284223
284224
284225
284226
284227
284228
284229
284230
284231
284232
284233
284234
284235
284236
284237
284238
284239
284240
284241
284242
284243
284384
284385
284386
284387
284388
284389
284390
284391
284392
284393
284394
284395
284396
284397
284398
284399
284400
284401
284402
284403
284404
284405
284406
284407
284408
284409
284410
284411
284412
284413
284414
284415
284416
284417
284418
284419
284420
284421
284422
284423
284424
284425
284426
284427
284428
284430
284431
284566
284567
284569
284571
284572
284573
284574
284575
284576
284577
284578
284579
284580
284581
284582
284583
284584
284585
284586
284587
284588
284589
284590
284591
284592
284593
284594
284595
284596
284597
284736
284737
284739
284741
284742
284743
284744
284746
284747
284748
284749
284750
284752
284753
284754
284755
284756
284757
284759
286210
286212
286213
286214
286215
286216
286217
286218
286219
286220
286221
286222
286223
286224
286225
286226
286227
286228
286229
286230
286231
286232
286233
286234
286235
286236
286237
286364
286365
286366
286367
286368
286369
286370
286371
286372
286373
286374
286375
286376
286377
286378
286379
286380
286381
286382
286383
286384
286385
286386
286387
286388
286389
286390
286391
286392
286393
286394
286395
286397
286398
286399
286522
286525
286526
286527
286528
286529
286530
286531
286532
286533
286534
286535
286536
286537
286538
286539
286540
286541
286542
286543
286544
286545
286546
286547
286548
286549
286550
286551
286552
286553
286554
286555
286556
286557
286558
286559
286560
286561
286562
286563
286564
286565
286566
286567
286568
286569
286570
286571
286694
286695
286697
286699
286700
286701
286702
286703
286704
286705
286706
286707
286708
286709
286710
286711
286712
286713
286714
286715
286716
286717
286718
286719
286720
286721
286722
286723
286724
286725
286726
286727
286728
286729
286730
286731
286732
286733
286874
286875
286876
286877
286878
286879
286880
286881
286882
286883
286884
286885
286886
286887
286888
286889
286890
286891
286892
286893
286894
286895
286896
286897
286898
286899
286900
286901
286902
286903
286904
286905
286906
286907
286908
286909
286910
286911
286912
286913
286914
286915
286916
286917
286918
286920
286921
287056
287057
287059
287061
287062
287063
287064
287065
287066
287067
287068
287069
287070
287071
287072
287073
287074
287075
287076
287077
287078
287079
287080
287081
287082
287083
287084
287085
287086
287087
287226
287227
287229
287231
287232
287233
287234
287236
287237
287238
287239
287240
287242
287243
287244
287245
287246
287247
287249
288700
288702
288703
288704
288705
288706
288707
288708
288709
288710
288711
288712
288713
288714
288715
288716
288717
288718
288719
288720
288721
288722
288723
288724
288725
288726
288727
288854
288855
288856
288857
288858
288859
288860
288861
288862
288863
288864
288865
288866
288867
288868
288869
288870
288871
288872
288873
288874
288875
288876
288877
288878
288879
288880
288881
288882
288883
288884
288885
288887
288888
288889
289012
289015
289016
289017
289018
289019
289020
289021
289022
289023
289024
289025
289026
289027
289028
289029
289030
289031
289032
289033
289034
289035
289036
289037
289038
289039
289040
289041
289042
289043
289044
289045
289046
289047
289048
289049
289050
289051
289052
289053
289054
289055
289056
289057
289058
289059
289060
289061
289184
289185
289187
289189
289190
289191
289192
289193
289194
289195
289196
289197
289198
289199
289200
289201
289202
289203
289204
289205
289206
289207
289208
289209
289210
289211
289212
289213
289214
289215
289216
289217
289218
289219
289220
289221
289222
289223
289364
289365
289366
289367
289368
289369
289370
289371
289372
289373
289374
289375
289376
289377
289378
289379
289380
289381
289382
289383
289384
289385
289386
289387
289388
289389
289390
289391
289392
289393
289394
289395
289396
289397
289398
289399
289400
289401
289402
289403
289404
289405
289406
289407
289408
289410
289411
289546
289547
289549
289551
289552
289553
289554
289555
289556
289557
289558
289559
289560
289561
289562
289563
289564
289565
289566
289567
289568
289569
289570
289571
289572
289573
289574
289575
289576
289577
289716
289717
289719
289721
289722
289723
289724
289726
289727
289728
289729
289730
289732
289733
289734
289735
289736
289737
289739
291190
291192
291193
291194
291195
291196
291197
291198
291199
291200
291201
291202
291203
291204
291205
291206
291207
291208
291209
291210
291211
291212
291213
291214
291215
291216
291217
291344
291345
291346
291347
291348
291349
291350
291351
291352
291353
291354
291355
291356
291357
291358
291359
291360
291361
291362
291363
291364
291365
291366
291367
291368
291369
291370
291371
291372
291373
291374
291375
291377
291378
291379
291502
291505
291506
291507
291508
291509
291510
291511
291512
291513
291514
291515
291516
291517
291518
291519
291520
291521
291522
291523
291524
291525
291526
291527
291528
291529
291530
291531
291532
291533
291534
291535
291536
291537
291538
291539
291540
291541
291542
291543
291544
291545
291546
291547
291548
291549
291550
291551
291674
291675
291677
291679
291680
291681
291682
291683
291684
291685
291686
291687
291688
291689
291690
291691
291692
291693
291694
291695
291696
291697
291698
291699
291700
291701
291702
291703
291704
291705
291706
291707
291708
291709
291710
291711
291712
291713
291854
291855
291856
291857
291858
291859
291860
291861
291862
291863
291864
291865
291866
291867
291868
291869
291870
291871
291872
291873
291874
291875
291876
291877
291878
291879
291880
291881
291882
291883
291884
291885
291886
291887
291888
291889
291890
291891
291892
291893
291894
291895
291896
291897
291898
291900
291901
292036
292037
292039
292041
292042
292043
292044
292045
292046
292047
292048
292049
292050
292051
292052
292053
292054
292055
292056
292057
292058
292059
292060
292061
292062
292063
292064
292065
292066
292067
292206
292207
292209
292211
292212
292213
292214
292216
292217
292218
292219
292220
292222
292223
292224
292225
292226
292227
292229
293680
293682
293683
293684
293685
293686
293687
293688
293689
293690
293691
293692
293693
293694
293695
293696
293697
293698
293699
293700
293701
293702
293703
293704
293705
293706
293707
293834
293835
293836
293837
293838
293839
293840
293841
293842
293843
293844
293845
293846
293847
293848
293849
293850
293851
293852
293853
293854
293855
293856
293857
293858
293859
293860
293861
293862
293863
293864
293865
293867
293868
293869
293992
293995
293996
293997
293998
293999
294000
294001
294002
294003
294004
294005
294006
294007
294008
294009
294010
294011
294012
294013
294014
294015
294016
294017
294018
294019
294020
294021
294022
294023
294024
294025
294026
294027
294028
294029
294030
294031
294032
294033
294034
294035
294036
294037
294038
294039
294040
294041
294164
294165
294167
294169
294170
294171
294172
294173
294174
294175
294176
294177
294178
294179
294180
294181
294182
294183
294184
294185
294186
294187
294188
294189
294190
294191
294192
294193
294194
294195
294196
294197
294198
294199
294200
294201
294202
294203
294344
294345
294346
294347
294348
294349
294350
294351
294352
294353
294354
294355
294356
294357
294358
294359
294360
294361
294362
294363
294364
294365
294366
294367
294368
294369
294370
294371
294372
294373
294374
294375
294376
294377
294378
294379
294380
294381
294382
294383
294384
294385
294386
294387
294388
294390
294391
294526
294527
294529
294531
294532
294533
294534
294535
294536
294537
294538
294539
294540
294541
294542
294543
294544
294545
294546
294547
294548
294549
294550
294551
294552
294553
294554
294555
294556
294557
294696
294697
294699
294701
294702
294703
294704
294706
294707
294708
294709
294710
294712
294713
294714
294715
294716
294717
294719
296170
296172
296173
296174
296175
296176
296177
296178
296179
296180
296181
296182
296183
296184
296185
296186
296187
296188
296189
296190
296191
296192
296193
296194
296195
296196
296197
296324
296325
296326
296327
296328
296329
296330
296331
296332
296333
296334
296335
296336
296337
296338
296339
296340
296341
296342
296343
296344
296345
296346
296347
296348
296349
296350
296351
296352
296353
296354
296355
296357
296358
296359
296482
296485
296486
296487
296488
296489
296490
296491
296492
296493
296494
296495
296496
296497
296498
296499
296500
296501
296502
296503
296504
296505
296506
296507
296508
296509
296510
296511
296512
296513
296514
296515
296516
296517
296518
296519
296520
296521
296522
296523
296524
296525
296526
296527
296528
296529
296530
296531
296654
296655
296657
296659
296660
296661
296662
296663
296664
296665
296666
296667
296668
296669
296670
296671
296672
296673
296674
296675
296676
296677
296678
296679
296680
296681
296682
296683
296684
296685
296686
296687
296688
296689
296690
296691
296692
296693
296834
296835
296836
296837
296838
296839
296840
296841
296842
296843
296844
296845
296846
296847
296848
296849
296850
296851
296852
296853
296854
296855
296856
296857
296858
296859
296860
296861
296862
296863
296864
296865
296866
296867
296868
296869
296870
296871
296872
296873
296874
296875
296876
296877
296878
296880
296881
297016
297017
297019
297021
297022
297023
297024
297025
297026
297027
297028
297029
297030
297031
297032
297033
297034
297035
297036
297037
297038
297039
297040
297041
297042
297043
297044
297045
297046
297047
297186
297187
297189
297191
297192
297193
297194
297196
297197
297198
297199
297200
297202
297203
297204
297205
297206
297207
297209
298660
298662
298663
298664
298665
298666
298667
298668
298669
298670
298671
298672
298673
298674
298675
298676
298677
298678
298679
298680
298681
298682
298683
298684
298685
298686
298687
298814
298815
298816
298817
298818
298819
298820
298821
298822
298823
298824
298825
298826
298827
298828
298829
298830
298831
298832
298833
298834
298835
298836
298837
298838
298839
298840
298841
298842
298843
298844
298845
298847
298848
298849
298972
298975
298976
298977
298978
298979
298980
298981
298982
298983
298984
298985
298986
298987
298988
298989
298990
298991
298992
298993
298994
298995
298996
298997
298998
298999
299000
299001
299002
299003
299004
299005
299006
299007
299008
299009
299010
299011
299012
299013
299014
299015
299016
299017
299018
299019
299020
299021
299144
299145
299147
299149
299150
299151
299152
299153
299154
299155
299156
299157
299158
299159
299160
299161
299162
299163
299164
299165
299166
299167
299168
299169
299170
299171
299172
299173
299174
299175
299176
299177
299178
299179
299180
299181
299182
299183
299324
299325
299326
299327
299328
299329
299330
299331
299332
299333
299334
299335
299336
299337
299338
299339
299340
299341
299342
299343
299344
299345
299346
299347
299348
299349
299350
299351
299352
299353
299354
299355
299356
299357
299358
299359
299360
299361
299362
299363
299364
299365
299366
299367
299368
299370
299371
299506
299507
299509
299511
299512
299513
299514
299515
299516
299517
299518
299519
299520
299521
299522
299523
299524
299525
299526
299527
299528
299529
299530
299531
299532
299533
299534
299535
299536
299537
299676
299677
299679
299681
299682
299683
299684
299686
299687
299688
299689
299690
299692
299693
299694
299695
299696
299697
299699
301150
301152
301153
301154
301155
301156
301157
301158
301159
301160
301161
301162
301163
301164
301165
301166
301167
301168
301169
301170
301171
301172
301173
301174
301175
301176
301177
301304
301305
301306
301307
301308
301309
301310
301311
301312
301313
301314
301315
301316
301317
301318
301319
301320
301321
301322
301323
301324
301325
301326
301327
301328
301329
301330
301331
301332
301333
301334
301335
301337
301338
301339
301462
301465
301466
301467
301468
301469
301470
301471
301472
301473
301474
301475
301476
301477
301478
301479
301480
301481
301482
301483
301484
301485
301486
301487
301488
301489
301490
301491
301492
301493
301494
301495
301496
301497
301498
301499
301500
301501
301502
301503
301504
301505
301506
301507
301508
301509
301510
301511
301634
301635
301637
301639
301640
301641
301642
301643
301644
301645
301646
301647
301648
301649
301650
301651
301652
301653
301654
301655
301656
301657
301658
301659
301660
301661
301662
301663
301664
301665
301666
301667
301668
301669
301670
301671
301672
301673
301814
301815
301816
301817
301818
301819
301820
301821
301822
301823
301824
301825
301826
301827
301828
301829
301830
301831
301832
301833
301834
301835
301836
301837
301838
301839
301840
301841
301842
301843
301844
301845
301846
301847
301848
301849
301850
301851
301852
301853
301854
301855
301856
301857
301858
301860
301861
301996
301997
301999
302001
302002
302003
302004
302005
302006
302007
302008
302009
302010
302011
302012
302013
302014
302015
302016
302017
302018
302019
302020
302021
302022
302023
302024
302025
302026
302027
302166
302167
302169
302171
302172
302173
302174
302176
302177
302178
302179
302180
302182
302183
302184
302185
302186
302187
302189
303640
303642
303643
303644
303645
303646
303647
303648
303649
303650
303651
303652
303653
303654
303655
303656
303657
303658
303659
303660
303661
303662
303663
303664
303665
303666
303667
303794
303795
303796
303797
303798
303799
303800
303801
303802
303803
303804
303805
303806
303807
303808
303809
303810
303811
303812
303813
303814
303815
303816
303817
303818
303819
303820
303821
303822
303823
303824
303825
303827
303828
303829
303952
303955
303956
303957
303958
303959
303960
303961
303962
303963
303964
303965
303966
303967
303968
303969
303970
303971
303972
303973
303974
303975
303976
303977
303978
303979
303980
303981
303982
303983
303984
303985
303986
303987
303988
303989
303990
303991
303992
303993
303994
303995
303996
303997
303998
303999
304000
304001
304124
304125
304127
304129
304130
304131
304132
304133
304134
304135
304136
304137
304138
304139
304140
304141
304142
304143
304144
304145
304146
304147
304148
304149
304150
304151
304152
304153
304154
304155
304156
304157
304158
304159
304160
304161
304162
304163
304304
304305
304306
304307
304308
304309
304310
304311
304312
304313
304314
304315
304316
304317
304318
304319
304320
304321
304322
304323
304324
304325
304326
304327
304328
304329
304330
304331
304332
304333
304334
304335
304336
304337
304338
304339
304340
304341
304342
304343
304344
304345
304346
304347
304348
304350
304351
304486
304487
304489
304491
304492
304493
304494
304495
304496
304497
304498
304499
304500
304501
304502
304503
304504
304505
304506
304507
304508
304509
304510
304511
304512
304513
304514
304515
304516
304517
304656
304657
304659
304661
304662
304663
304664
304666
304667
304668
304669
304670
304672
304673
304674
304675
304676
304677
304679
306130
306132
306133
306134
306135
306136
306137
306138
306139
306140
306141
306142
306143
306144
306145
306146
306147
306148
306149
306150
306151
306152
306153
306154
306155
306156
306157
306284
306285
306286
306287
306288
306289
306290
306291
306292
306293
306294
306295
306296
306297
306298
306299
306300
306301
306302
306303
306304
306305
306306
306307
306308
306309
306310
306311
306312
306313
306314
306315
306317
306318
306319
306442
306445
306446
306447
306448
306449
306450
306451
306452
306453
306454
306455
306456
306457
306458
306459
306460
306461
306462
306463
306464
306465
306466
306467
306468
306469
306470
306471
306472
306473
306474
306475
306476
306477
306478
306479
306480
306481
306482
306483
306484
306485
306486
306487
306488
306489
306490
306491
306614
306615
306617
306619
306620
306621
306622
306623
306624
306625
306626
306627
306628
306629
306630
306631
306632
306633
306634
306635
306636
306637
306638
306639
306640
306641
306642
306643
306644
306645
306646
306647
306648
306649
306650
306651
306652
306653
306794
306795
306796
306797
306798
306799
306800
306801
306802
306803
306804
306805
306806
306807
306808
306809
306810
306811
306812
306813
306814
306815
306816
306817
306818
306819
306820
306821
306822
306823
306824
306825
306826
306827
306828
306829
306830
306831
306832
306833
306834
306835
306836
306837
306838
306840
306841
306976
306977
306979
306981
306982
306983
306984
306985
306986
306987
306988
306989
306990
306991
306992
306993
306994
306995
306996
306997
306998
306999
307000
307001
307002
307003
307004
307005
307006
307007
307146
307147
307149
307151
307152
307153
307154
307156
307157
307158
307159
307160
307162
307163
307164
307165
307166
307167
307169
308620
308622
308623
308624
308625
308626
308627
308628
308629
308630
308631
308632
308633
308634
308635
308636
308637
308638
308639
308640
308641
308642
308643
308644
308645
308646
308647
308774
308775
308776
308777
308778
308779
308780
308781
308782
308783
308784
308785
308786
308787
308788
308789
308790
308791
308792
308793
308794
308795
308796
308797
308798
308799
308800
308801
308802
308803
308804
308805
308807
308808
308809
308932
308935
308936
308937
308938
308939
308940
308941
308942
308943
308944
308945
308946
308947
308948
308949
308950
308951
308952
308953
308954
308955
308956
308957
308958
308959
308960
308961
308962
308963
308964
308965
308966
308967
308968
308969
308970
308971
308972
308973
308974
308975
308976
308977
308978
308979
308980
308981
309104
309105
309107
309109
309110
309111
309112
309113
309114
309115
309116
309117
309118
309119
309120
309121
309122
309123
309124
309125
309126
309127
309128
309129
309130
309131
309132
309133
309134
309135
309136
309137
309138
309139
309140
309141
309142
309143
309284
309285
309286
309287
309288
309289
309290
309291
309292
309293
309294
309295
309296
309297
309298
309299
309300
309301
309302
309303
309304
309305
309306
309307
309308
309309
309310
309311
309312
309313
309314
309315
309316
309317
309318
309319
309320
309321
309322
309323
309324
309325
309326
309327
309328
309330
309331
309466
309467
309469
309471
309472
309473
309474
309475
309476
309477
309478
309479
309480
309481
309482
309483
309484
309485
309486
309487
309488
309489
309490
309491
309492
309493
309494
309495
309496
309497
309636
309637
309639
309641
309642
309643
309644
309646
309647
309648
309649
309650
309652
309653
309654
309655
309656
309657
309659
311110
311112
311113
311114
311115
311116
311117
311118
311119
311120
311121
311122
311123
311124
311125
311126
311127
311128
311129
311130
311131
311132
311133
311134
311135
311136
311137
311264
311265
311266
311267
311268
311269
311270
311271
311272
311273
311274
311275
311276
311277
311278
311279
311280
311281
311282
311283
311284
311285
311286
311287
311288
311289
311290
311291
311292
311293
311294
311295
311297
311298
311299
311422
311425
311426
311427
311428
311429
311430
311431
311432
311433
311434
311435
311436
311437
311438
311439
311440
311441
311442
311443
311444
311445
311446
311447
311448
311449
311450
311451
311452
311453
311454
311455
311456
311457
311458
311459
311460
311461
311462
311463
311464
311465
311466
311467
311468
311469
311470
311471
311594
311595
311597
311599
311600
311601
311602
311603
311604
311605
311606
311607
311608
311609
311610
311611
311612
311613
311614
311615
311616
311617
311618
311619
311620
311621
311622
311623
311624
311625
311626
311627
311628
311629
311630
311631
311632
311633
311774
311775
311776
311777
311778
311779
311780
311781
311782
311783
311784
311785
311786
311787
311788
311789
311790
311791
311792
311793
311794
311795
311796
311797
311798
311799
311800
311801
311802
311803
311804
311805
311806
311807
311808
311809
311810
311811
311812
311813
311814
311815
311816
311817
311818
311820
311821
311956
311957
311959
311961
311962
311963
311964
311965
311966
311967
311968
311969
311970
311971
311972
311973
311974
311975
311976
311977
311978
311979
311980
311981
311982
311983
311984
311985
311986
311987
312126
312127
312129
312131
312132
312133
312134
312136
312137
312138
312139
312140
312142
312143
312144
312145
312146
312147
312149
313600
313602
313603
313604
313605
313606
313607
313608
313609
313610
313611
313612
313613
313614
313615
313616
313617
313618
313619
313620
313621
313622
313623
313624
313625
313626
313627
313754
313755
313756
313757
313758
313759
313760
313761
313762
313763
313764
313765
313766
313767
313768
313769
313770
313771
313772
313773
313774
313775
313776
313777
313778
313779
313780
313781
313782
313783
313784
313785
313787
313788
313789
313912
313915
313916
313917
313918
313919
313920
313921
313922
313923
313924
313925
313926
313927
313928
313929
313930
313931
313932
313933
313934
313935
313936
313937
313938
313939
313940
313941
313942
313943
313944
313945
313946
313947
313948
313949
313950
313951
313952
313953
313954
313955
313956
313957
313958
313959
313960
313961
314084
314085
314087
314089
314090
314091
314092
314093
314094
314095
314096
314097
314098
314099
314100
314101
314102
314103
314104
314105
314106
314107
314108
314109
314110
314111
314112
314113
314114
314115
314116
314117
314118
314119
314120
314121
314122
314123
314264
314265
314266
314267
314268
314269
314270
314271
314272
314273
314274
314275
314276
314277
314278
314279
314280
314281
314282
314283
314284
314285
314286
314287
314288
314289
314290
314291
314292
314293
314294
314295
314296
314297
314298
314299
314300
314301
314302
314303
314304
314305
314306
314307
314308
314310
314311
314446
314447
314449
314451
314452
314453
314454
314455
314456
314457
314458
314459
314460
314461
314462
314463
314464
314465
314466
314467
314468
314469
314470
314471
314472
314473
314474
314475
314476
314477
314616
314617
314619
314621
314622
314623
314624
314626
314627
314628
314629
314630
314632
314633
314634
314635
314636
314637
314639
316090
316092
316093
316094
316095
316096
316097
316098
316099
316100
316101
316102
316103
316104
316105
316106
316107
316108
316109
316110
316111
316112
316113
316114
316115
316116
316117
316244
316245
316246
316247
316248
316249
316250
316251
316252
316253
316254
316255
316256
316257
316258
316259
316260
316261
316262
316263
316264
316265
316266
316267
316268
316269
316270
316271
316272
316273
316274
316275
316277
316278
316279
316402
316405
316406
316407
316408
316409
316410
316411
316412
316413
316414
316415
316416
316417
316418
316419
316420
316421
316422
316423
316424
316425
316426
316427
316428
316429
316430
316431
316432
316433
316434
316435
316436
316437
316438
316439
316440
316441
316442
316443
316444
316445
316446
316447
316448
316449
316450
316451
316574
316575
316577
316579
316580
316581
316582
316583
316584
316585
316586
316587
316588
316589
316590
316591
316592
316593
316594
316595
316596
316597
316598
316599
316600
316601
316602
316603
316604
316605
316606
316607
316608
316609
316610
316611
316612
316613
316754
316755
316756
316757
316758
316759
316760
316761
316762
316763
316764
316765
316766
316767
316768
316769
316770
316771
316772
316773
316774
316775
316776
316777
316778
316779
316780
316781
316782
316783
316784
316785
316786
316787
316788
316789
316790
316791
316792
316793
316794
316795
316796
316797
316798
316800
316801
316936
316937
316939
316941
316942
316943
316944
316945
316946
316947
316948
316949
316950
316951
316952
316953
316954
316955
316956
316957
316958
316959
316960
316961
316962
316963
316964
316965
316966
316967
317106
317107
317109
317111
317112
317113
317114
317116
317117
317118
317119
317120
317122
317123
317124
317125
317126
317127
317129
318580
318582
318583
318584
318585
318586
318587
318588
318589
318590
318591
318592
318593
318594
318595
318596
318597
318598
318599
318600
318601
318602
318603
318604
318605
318606
318607
318734
318735
318736
318737
318738
318739
318740
318741
318742
318743
318744
318745
318746
318747
318748
318749
318750
318751
318752
318753
318754
318755
318756
318757
318758
318759
318760
318761
318762
318763
318764
318765
318767
318768
318769
318892
318895
318896
318897
318898
318899
318900
318901
318902
318903
318904
318905
318906
318907
318908
318909
318910
318911
318912
318913
318914
318915
318916
318917
318918
318919
318920
318921
318922
318923
318924
318925
318926
318927
318928
318929
318930
318931
318932
318933
318934
318935
318936
318937
318938
318939
318940
318941
319064
319065
319067
319069
319070
319071
319072
319073
319074
319075
319076
319077
319078
319079
319080
319081
319082
319083
319084
319085
319086
319087
319088
319089
319090
319091
319092
319093
319094
319095
319096
319097
319098
319099
319100
319101
319102
319103
319244
319245
319246
319247
319248
319249
319250
319251
319252
319253
319254
319255
319256
319257
319258
319259
319260
319261
319262
319263
319264
319265
319266
319267
319268
319269
319270
319271
319272
319273
319274
319275
319276
319277
319278
319279
319280
319281
319282
319283
319284
319285
319286
319287
319288
319290
319291
319426
319427
319429
319431
319432
319433
319434
319435
319436
319437
319438
319439
319440
319441
319442
319443
319444
319445
319446
319447
319448
319449
319450
319451
319452
319453
319454
319455
319456
319457
319596
319597
319599
319601
319602
319603
319604
319606
319607
319608
319609
319610
319612
319613
319614
319615
319616
319617
319619
321070
321072
321073
321074
321075
321076
321077
321078
321079
321080
321081
321082
321083
321084
321085
321086
321087
321088
321089
321090
321091
321092
321093
321094
321095
321096
321097
321224
321225
321226
321227
321228
321229
321230
321231
321232
321233
321234
321235
321236
321237
321238
321239
321240
321241
321242
321243
321244
321245
321246
321247
321248
321249
321250
321251
321252
321253
321254
321255
321257
321258
321259
321382
321385
321386
321387
321388
321389
321390
321391
321392
321393
321394
321395
321396
321397
321398
321399
321400
321401
321402
321403
321404
321405
321406
321407
321408
321409
321410
321411
321412
321413
321414
321415
321416
321417
321418
321419
321420
321421
321422
321423
321424
321425
321426
321427
321428
321429
321430
321431
321554
321555
321557
321559
321560
321561
321562
321563
321564
321565
321566
321567
321568
321569
321570
321571
321572
321573
321574
321575
321576
321577
321578
321579
321580
321581
321582
321583
321584
321585
321586
321587
321588
321589
321590
321591
321592
321593
321734
321735
321736
321737
321738
321739
321740
321741
321742
321743
321744
321745
321746
321747
321748
321749
321750
321751
321752
321753
321754
321755
321756
321757
321758
321759
321760
321761
321762
321763
321764
321765
321766
321767
321768
321769
321770
321771
321772
321773
321774
321775
321776
321777
321778
321780
321781
321916
321917
321919
321921
321922
321923
321924
321925
321926
321927
321928
321929
321930
321931
321932
321933
321934
321935
321936
321937
321938
321939
321940
321941
321942
321943
321944
321945
321946
321947
322086
322087
322089
322091
322092
322093
322094
322096
322097
322098
322099
322100
322102
322103
322104
322105
322106
322107
322109
323560
323562
323563
323564
323565
323566
323567
323568
323569
323570
323571
323572
323573
323574
323575
323576
323577
323578
323579
323580
323581
323582
323583
323584
323585
323586
323587
323714
323715
323716
323717
323718
323719
323720
323721
323722
323723
323724
323725
323726
323727
323728
323729
323730
323731
323732
323733
323734
323735
323736
323737
323738
323739
323740
323741
323742
323743
323744
323745
323747
323748
323749
323872
323875
323876
323877
323878
323879
323880
323881
323882
323883
323884
323885
323886
323887
323888
323889
323890
323891
323892
323893
323894
323895
323896
323897
323898
323899
323900
323901
323902
323903
323904
323905
323906
323907
323908
323909
323910
323911
323912
323913
323914
323915
323916
323917
323918
323919
323920
323921
324044
324045
324047
324049
324050
324051
324052
324053
324054
324055
324056
324057
324058
324059
324060
324061
324062
324063
324064
324065
324066
324067
324068
324069
324070
324071
324072
324073
324074
324075
324076
324077
324078
324079
324080
324081
324082
324083
324224
324225
324226
324227
324228
324229
324230
324231
324232
324233
324234
324235
324236
324237
324238
324239
324240
324241
324242
324243
324244
324245
324246
324247
324248
324249
324250
324251
324252
324253
324254
324255
324256
324257
324258
324259
324260
324261
324262
324263
324264
324265
324266
324267
324268
324270
324271
324406
324407
324409
324411
324412
324413
324414
324415
324416
324417
324418
324419
324420
324421
324422
324423
324424
324425
324426
324427
324428
324429
324430
324431
324432
324433
324434
324435
324436
324437
324576
324577
324579
324581
324582
324583
324584
324586
324587
324588
324589
324590
324592
324593
324594
324595
324596
324597
324599
326050
326052
326053
326054
326055
326056
326057
326058
326059
326060
326061
326062
326063
326064
326065
326066
326067
326068
326069
326070
326071
326072
326073
326074
326075
326076
326077
326204
326205
326206
326207
326208
326209
326210
326211
326212
326213
326214
326215
326216
326217
326218
326219
326220
326221
326222
326223
326224
326225
326226
326227
326228
326229
326230
326231
326232
326233
326234
326235
326237
326238
326239
326362
326365
326366
326367
326368
326369
326370
326371
326372
326373
326374
326375
326376
326377
326378
326379
326380
326381
326382
326383
326384
326385
326386
326387
326388
326389
326390
326391
326392
326393
326394
326395
326396
326397
326398
326399
326400
326401
326402
326403
326404
326405
326406
326407
326408
326409
326410
326411
326534
326535
326537
326539
326540
326541
326542
326543
326544
326545
326546
326547
326548
326549
326550
326551
326552
326553
326554
326555
326556
326557
326558
326559
326560
326561
326562
326563
326564
326565
326566
326567
326568
326569
326570
326571
326572
326573
326714
326715
326716
326717
326718
326719
326720
326721
326722
326723
326724
326725
326726
326727
326728
326729
326730
326731
326732
326733
326734
326735
326736
326737
326738
326739
326740
326741
326742
326743
326744
326745
326746
326747
326748
326749
326750
326751
326752
326753
326754
326755
326756
326757
326758
326760
326761
326896
326897
326899
326901
326902
326903
326904
326905
326906
326907
326908
326909
326910
326911
326912
326913
326914
326915
326916
326917
326918
326919
326920
326921
326922
326923
326924
326925
326926
326927
327066
327067
327069
327071
327072
327073
327074
327076
327077
327078
327079
327080
327082
327083
327084
327085
327086
327087
327089
328540
328542
328543
328544
328545
328546
328547
328548
328549
328550
328551
328552
328553
328554
328555
328556
328557
328558
328559
328560
328561
328562
328563
328564
328565
328566
328567
328694
328695
328696
328697
328698
328699
328700
328701
328702
328703
328704
328705
328706
328707
328708
328709
328710
328711
328712
328713
328714
328715
328716
328717
328718
328719
328720
328721
328722
328723
328724
328725
328727
328728
328729
328852
328855
328856
328857
328858
328859
328860
328861
328862
328863
328864
328865
328866
328867
328868
328869
328870
328871
328872
328873
328874
328875
328876
328877
328878
328879
328880
328881
328882
328883
328884
328885
328886
328887
328888
328889
328890
328891
328892
328893
328894
328895
328896
328897
328898
328899
328900
328901
329024
329025
329027
329029
329030
329031
329032
329033
329034
329035
329036
329037
329038
329039
329040
329041
329042
329043
329044
329045
329046
329047
329048
329049
329050
329051
329052
329053
329054
329055
329056
329057
329058
329059
329060
329061
329062
329063
329204
329205
329206
329207
329208
329209
329210
329211
329212
329213
329214
329215
329216
329217
329218
329219
329220
329221
329222
329223
329224
329225
329226
329227
329228
329229
329230
329231
329232
329233
329234
329235
329236
329237
329238
329239
329240
329241
329242
329243
329244
329245
329246
329247
329248
329250
329251
329386
329387
329389
329391
329392
329393
329394
329395
329396
329397
329398
329399
329400
329401
329402
329403
329404
329405
329406
329407
329408
329409
329410
329411
329412
329413
329414
329415
329416
329417
329556
329557
329559
329561
329562
329563
329564
329566
329567
329568
329569
329570
329572
329573
329574
329575
329576
329577
329579
331030
331032
331033
331034
331035
331036
331037
331038
331039
331040
331041
331042
331043
331044
331045
331046
331047
331048
331049
331050
331051
331052
331053
331054
331055
331056
331057
331184
331185
331186
331187
331188
331189
331190
331191
331192
331193
331194
331195
331196
331197
331198
331199
331200
331201
331202
331203
331204
331205
331206
331207
331208
331209
331210
331211
331212
331213
331214
331215
331217
331218
331219
331342
331345
331346
331347
331348
331349
331350
331351
331352
331353
331354
331355
331356
331357
331358
331359
331360
331361
331362
331363
331364
331365
331366
331367
331368
331369
331370
331371
331372
331373
331374
331375
331376
331377
331378
331379
331380
331381
331382
331383
331384
331385
331386
331387
331388
331389
331390
331391
331514
331515
331517
331519
331520
331521
331522
331523
331524
331525
331526
331527
331528
331529
331530
331531
331532
331533
331534
331535
331536
331537
331538
331539
331540
331541
331542
331543
331544
331545
331546
331547
331548
331549
331550
331551
331552
331553
331694
331695
331696
331697
331698
331699
331700
331701
331702
331703
331704
331705
331706
331707
331708
331709
331710
331711
331712
331713
331714
331715
331716
331717
331718
331719
331720
331721
331722
331723
331724
331725
331726
331727
331728
331729
331730
331731
331732
331733
331734
331735
331736
331737
331738
331740
331741
331876
331877
331879
331881
331882
331883
331884
331885
331886
331887
331888
331889
331890
331891
331892
331893
331894
331895
331896
331897
331898
331899
331900
331901
331902
331903
331904
331905
331906
331907
332046
332047
332049
332051
332052
332053
332054
332056
332057
332058
332059
332060
332062
332063
332064
332065
332066
332067
332069
333520
333522
333523
333524
333525
333526
333527
333528
333529
333530
333531
333532
333533
333534
333535
333536
333537
333538
333539
333540
333541
333542
333543
333544
333545
333546
333547
333674
333675
333676
333677
333678
333679
333680
333681
333682
333683
333684
333685
333686
333687
333688
333689
333690
333691
333692
333693
333694
333695
333696
333697
333698
333699
333700
333701
333702
333703
333704
333705
333707
333708
333709
333832
333835
333836
333837
333838
333839
333840
333841
333842
333843
333844
333845
333846
333847
333848
333849
333850
333851
333852
333853
333854
333855
333856
333857
333858
333859
333860
333861
333862
333863
333864
333865
333866
333867
333868
333869
333870
333871
333872
333873
333874
333875
333876
333877
333878
333879
333880
333881
334004
334005
334007
334009
334010
334011
334012
334013
334014
334015
334016
334017
334018
334019
334020
334021
334022
334023
334024
334025
334026
334027
334028
334029
334030
334031
334032
334033
334034
334035
334036
334037
334038
334039
334040
334041
334042
334043
334184
334185
334186
334187
334188
334189
334190
334191
334192
334193
334194
334195
334196
334197
334198
334199
334200
334201
334202
334203
334204
334205
334206
334207
334208
334209
334210
334211
334212
334213
334214
334215
334216
334217
334218
334219
334220
334221
334222
334223
334224
334225
334226
334227
334228
334230
334231
334366
334367
334369
334371
334372
334373
334374
334375
334376
334377
334378
334379
334380
334381
334382
334383
334384
334385
334386
334387
334388
334389
334390
334391
334392
334393
334394
334395
334396
334397
334536
334537
334539
334541
334542
334543
334544
334546
334547
334548
334549
334550
334552
334553
334554
334555
334556
334557
334559
336010
336012
336013
336014
336015
336016
336017
336018
336019
336020
336021
336022
336023
336024
336025
336026
336027
336028
336029
336030
336031
336032
336033
336034
336035
336036
336037
336164
336165
336166
336167
336168
336169
336170
336171
336172
336173
336174
336175
336176
336177
336178
336179
336180
336181
336182
336183
336184
336185
336186
336187
336188
336189
336190
336191
336192
336193
336194
336195
336197
336198
336199
336322
336325
336326
336327
336328
336329
336330
336331
336332
336333
336334
336335
336336
336337
336338
336339
336340
336341
336342
336343
336344
336345
336346
336347
336348
336349
336350
336351
336352
336353
336354
336355
336356
336357
336358
336359
336360
336361
336362
336363
336364
336365
336366
336367
336368
336369
336370
336371
336494
336495
336497
336499
336500
336501
336502
336503
336504
336505
336506
336507
336508
336509
336510
336511
336512
336513
336514
336515
336516
336517
336518
336519
336520
336521
336522
336523
336524
336525
336526
336527
336528
336529
336530
336531
336532
336533
336674
336675
336676
336677
336678
336679
336680
336681
336682
336683
336684
336685
336686
336687
336688
336689
336690
336691
336692
336693
336694
336695
336696
336697
336698
336699
336700
336701
336702
336703
336704
336705
336706
336707
336708
336709
336710
336711
336712
336713
336714
336715
336716
336717
336718
336720
336721
336856
336857
336859
336861
336862
336863
336864
336865
336866
336867
336868
336869
336870
336871
336872
336873
336874
336875
336876
336877
336878
336879
336880
336881
336882
336883
336884
336885
336886
336887
337026
337027
337029
337031
337032
337033
337034
337036
337037
337038
337039
337040
337042
337043
337044
337045
337046
337047
337049
338500
338502
338503
338504
338505
338506
338507
338508
338509
338510
338511
338512
338513
338514
338515
338516
338517
338518
338519
338520
338521
338522
338523
338524
338525
338526
338527
338654
338655
338656
338657
338658
338659
338660
338661
338662
338663
338664
338665
338666
338667
338668
338669
338670
338671
338672
338673
338674
338675
338676
338677
338678
338679
338680
338681
338682
338683
338684
338685
338687
338688
338689
338812
338815
338816
338817
338818
338819
338820
338821
338822
338823
338824
338825
338826
338827
338828
338829
338830
338831
338832
338833
338834
338835
338836
338837
338838
338839
338840
338841
338842
338843
338844
338845
338846
338847
338848
338849
338850
338851
338852
338853
338854
338855
338856
338857
338858
338859
338860
338861
338984
338985
338987
338989
338990
338991
338992
338993
338994
338995
338996
338997
338998
338999
339000
339001
339002
339003
339004
339005
339006
339007
339008
339009
339010
339011
339012
339013
339014
339015
339016
339017
339018
339019
339020
339021
339022
339023
339164
339165
339166
339167
339168
339169
339170
339171
339172
339173
339174
339175
339176
339177
339178
339179
339180
339181
339182
339183
339184
339185
339186
339187
339188
339189
339190
339191
339192
339193
339194
339195
339196
339197
339198
339199
339200
339201
339202
339203
339204
339205
339206
339207
339208
339210
339211
339346
339347
339349
339351
339352
339353
339354
339355
339356
339357
339358
339359
339360
339361
339362
339363
339364
339365
339366
339367
339368
339369
339370
339371
339372
339373
339374
339375
339376
339377
339516
339517
339519
339521
339522
339523
339524
339526
339527
339528
339529
339530
339532
339533
339534
339535
339536
339537
339539
340990
340992
340993
340994
340995
340996
340997
340998
340999
341000
341001
341002
341003
341004
341005
341006
341007
341008
341009
341010
341011
341012
341013
341014
341015
341016
341017
341144
341145
341146
341147
341148
341149
341150
341151
341152
341153
341154
341155
341156
341157
341158
341159
341160
341161
341162
341163
341164
341165
341166
341167
341168
341169
341170
341171
341172
341173
341174
341175
341177
341178
341179
341302
341305
341306
341307
341308
341309
341310
341311
341312
341313
341314
341315
341316
341317
341318
341319
341320
341321
341322
341323
341324
341325
341326
341327
341328
341329
341330
341331
341332
341333
341334
341335
341336
341337
341338
341339
341340
341341
341342
341343
341344
341345
341346
341347
341348
341349
341350
341351
341474
341475
341477
341479
341480
341481
341482
341483
341484
341485
341486
341487
341488
341489
341490
341491
341492
341493
341494
341495
341496
341497
341498
341499
341500
341501
341502
341503
341504
341505
341506
341507
341508
341509
341510
341511
341512
341513
341654
341655
341656
341657
341658
341659
341660
341661
341662
341663
341664
341665
341666
341667
341668
341669
341670
341671
341672
341673
341674
341675
341676
341677
341678
341679
341680
341681
341682
341683
341684
341685
341686
341687
341688
341689
341690
341691
341692
341693
341694
341695
341696
341697
341698
341700
341701
341836
341837
341839
341841
341842
341843
341844
341845
341846
341847
341848
341849
341850
341851
341852
341853
341854
341855
341856
341857
341858
341859
341860
341861
341862
341863
341864
341865
341866
341867
342006
342007
342009
342011
342012
342013
342014
342016
342017
342018
342019
342020
342022
342023
342024
342025
342026
342027
342029
343480
343482
343483
343484
343485
343486
343487
343488
343489
343490
343491
343492
343493
343494
343495
343496
343497
343498
343499
343500
343501
343502
343503
343504
343505
343506
343507
343634
343635
343636
343637
343638
343639
343640
343641
343642
343643
343644
343645
343646
343647
343648
343649
343650
343651
343652
343653
343654
343655
343656
343657
343658
343659
343660
343661
343662
343663
343664
343665
343667
343668
343669
343792
343795
343796
343797
343798
343799
343800
343801
343802
343803
343804
343805
343806
343807
343808
343809
343810
343811
343812
343813
343814
343815
343816
343817
343818
343819
343820
343821
343822
343823
343824
343825
343826
343827
343828
343829
343830
343831
343832
343833
343834
343835
343836
343837
343838
343839
343840
343841
343964
343965
343967
343969
343970
343971
343972
343973
343974
343975
343976
343977
343978
343979
343980
343981
343982
343983
343984
343985
343986
343987
343988
343989
343990
343991
343992
343993
343994
343995
343996
343997
343998
343999
344000
344001
344002
344003
344144
344145
344146
344147
344148
344149
344150
344151
344152
344153
344154
344155
344156
344157
344158
344159
344160
344161
344162
344163
344164
344165
344166
344167
344168
344169
344170
344171
344172
344173
344174
344175
344176
344177
344178
344179
344180
344181
344182
344183
344184
344185
344186
344187
344188
344190
344191
344326
344327
344329
344331
344332
344333
344334
344335
344336
344337
344338
344339
344340
344341
344342
344343
344344
344345
344346
344347
344348
344349
344350
344351
344352
344353
344354
344355
344356
344357
344496
344497
344499
344501
344502
344503
344504
344506
344507
344508
344509
344510
344512
344513
344514
344515
344516
344517
344519
345970
345972
345973
345974
345975
345976
345977
345978
345979
345980
345981
345982
345983
345984
345985
345986
345987
345988
345989
345990
345991
345992
345993
345994
345995
345996
345997
346124
346125
346126
346127
346128
346129
346130
346131
346132
346133
346134
346135
346136
346137
346138
346139
346140
346141
346142
346143
346144
346145
346146
346147
346148
346149
346150
346151
346152
346153
346154
346155
346157
346158
346159
346282
346285
346286
346287
346288
346289
346290
346291
346292
346293
346294
346295
346296
346297
346298
346299
346300
346301
346302
346303
346304
346305
346306
346307
346308
346309
346310
346311
346312
346313
346314
346315
346316
346317
346318
346319
346320
346321
346322
346323
346324
346325
346326
346327
346328
346329
346330
346331
346454
346455
346457
346459
346460
346461
346462
346463
346464
346465
346466
346467
346468
346469
346470
346471
346472
346473
346474
346475
346476
346477
346478
346479
346480
346481
346482
346483
346484
346485
346486
346487
346488
346489
346490
346491
346492
346493
346634
346635
346636
346637
346638
346639
346640
346641
346642
346643
346644
346645
346646
346647
346648
346649
346650
346651
346652
346653
346654
346655
346656
346657
346658
346659
346660
346661
346662
346663
346664
346665
346666
346667
346668
346669
346670
346671
346672
346673
346674
346675
346676
346677
346678
346680
346681
346816
346817
346819
346821
346822
346823
346824
346825
346826
346827
346828
346829
346830
346831
346832
346833
346834
346835
346836
346837
346838
346839
346840
346841
346842
346843
346844
346845
346846
346847
346986
346987
346989
346991
346992
346993
346994
346996
346997
346998
346999
347000
347002
347003
347004
347005
347006
347007
347009
348460
348462
348463
348464
348465
348466
348467
348468
348469
348470
348471
348472
348473
348474
348475
348476
348477
348478
348479
348480
348481
348482
348483
348484
348485
348486
348487
348614
348615
348616
348617
348618
348619
348620
348621
348622
348623
348624
348625
348626
348627
348628
348629
348630
348631
348632
348633
348634
348635
348636
348637
348638
348639
348640
348641
348642
348643
348644
348645
348647
348648
348649
348772
348775
348776
348777
348778
348779
348780
348781
348782
348783
348784
348785
348786
348787
348788
348789
348790
348791
348792
348793
348794
348795
348796
348797
348798
348799
348800
348801
348802
348803
348804
348805
348806
348807
348808
348809
348810
348811
348812
348813
348814
348815
348816
348817
348818
348819
348820
348821
348944
348945
348947
348949
348950
348951
348952
348953
348954
348955
348956
348957
348958
348959
348960
348961
348962
348963
348964
348965
348966
348967
348968
348969
348970
348971
348972
348973
348974
348975
348976
348977
348978
348979
348980
348981
348982
348983
349124
349125
349126
349127
349128
349129
349130
349131
349132
349133
349134
349135
349136
349137
349138
349139
349140
349141
349142
349143
349144
349145
349146
349147
349148
349149
349150
349151
349152
349153
349154
349155
349156
349157
349158
349159
349160
349161
349162
349163
349164
349165
349166
349167
349168
349170
349171
349306
349307
349309
349311
349312
349313
349314
349315
349316
349317
349318
349319
349320
349321
349322
349323
349324
349325
349326
349327
349328
349329
349330
349331
349332
349333
349334
349335
349336
349337
349476
349477
349479
349481
349482
349483
349484
349486
349487
349488
349489
349490
349492
349493
349494
349495
349496
349497
349499
350950
350952
350953
350954
350955
350956
350957
350958
350959
350960
350961
350962
350963
350964
350965
350966
350967
350968
350969
350970
350971
350972
350973
350974
350975
350976
350977
351104
351105
351106
351107
351108
351109
351110
351111
351112
351113
351114
351115
351116
351117
351118
351119
351120
351121
351122
351123
351124
351125
351126
351127
351128
351129
351130
351131
351132
351133
351134
351135
351137
351138
351139
351262
351265
351266
351267
351268
351269
351270
351271
351272
351273
351274
351275
351276
351277
351278
351279
351280
351281
351282
351283
351284
351285
351286
351287
351288
351289
351290
351291
351292
351293
351294
351295
351296
351297
351298
351299
351300
351301
351302
351303
351304
351305
351306
351307
351308
351309
351310
351311
351434
351435
351437
351439
351440
351441
351442
351443
351444
351445
351446
351447
351448
351449
351450
351451
351452
351453
351454
351455
351456
351457
351458
351459
351460
351461
351462
351463
351464
351465
351466
351467
351468
351469
351470
351471
351472
351473
351614
351615
351616
351617
351618
351619
351620
351621
351622
351623
351624
351625
351626
351627
351628
351629
351630
351631
351632
351633
351634
351635
351636
351637
351638
351639
351640
351641
351642
351643
351644
351645
351646
351647
351648
351649
351650
351651
351652
351653
351654
351655
351656
351657
351658
351660
351661
351796
351797
351799
351801
351802
351803
351804
351805
351806
351807
351808
351809
351810
351811
351812
351813
351814
351815
351816
351817
351818
351819
351820
351821
351822
351823
351824
351825
351826
351827
351966
351967
351969
351971
351972
351973
351974
351976
351977
351978
351979
351980
351982
351983
351984
351985
351986
351987
351989
353440
353442
353443
353444
353445
353446
353447
353448
353449
353450
353451
353452
353453
353454
353455
353456
353457
353458
353459
353460
353461
353462
353463
353464
353465
353466
353467
353594
353595
353596
353597
353598
353599
353600
353601
353602
353603
353604
353605
353606
353607
353608
353609
353610
353611
353612
353613
353614
353615
353616
353617
353618
353619
353620
353621
353622
353623
353624
353625
353627
353628
353629
353752
353755
353756
353757
353758
353759
353760
353761
353762
353763
353764
353765
353766
353767
353768
353769
353770
353771
353772
353773
353774
353775
353776
353777
353778
353779
353780
353781
353782
353783
353784
353785
353786
353787
353788
353789
353790
353791
353792
353793
353794
353795
353796
353797
353798
353799
353800
353801
353924
353925
353927
353929
353930
353931
353932
353933
353934
353935
353936
353937
353938
353939
353940
353941
353942
353943
353944
353945
353946
353947
353948
353949
353950
353951
353952
353953
353954
353955
353956
353957
353958
353959
353960
353961
353962
353963
354104
354105
354106
354107
354108
354109
354110
354111
354112
354113
354114
354115
354116
354117
354118
354119
354120
354121
354122
354123
354124
354125
354126
354127
354128
354129
354130
354131
354132
354133
354134
354135
354136
354137
354138
354139
354140
354141
354142
354143
354144
354145
354146
354147
354148
354150
354151
354286
354287
354289
354291
354292
354293
354294
354295
354296
354297
354298
354299
354300
354301
354302
354303
354304
354305
354306
354307
354308
354309
354310
354311
354312
354313
354314
354315
354316
354317
354456
354457
354459
354461
354462
354463
354464
354466
354467
354468
354469
354470
354472
354473
354474
354475
354476
354477
354479
355930
355932
355933
355934
355935
355936
355937
355938
355939
355940
355941
355942
355943
355944
355945
355946
355947
355948
355949
355950
355951
355952
355953
355954
355955
355956
355957
356084
356085
356086
356087
356088
356089
356090
356091
356092
356093
356094
356095
356096
356097
356098
356099
356100
356101
356102
356103
356104
356105
356106
356107
356108
356109
356110
356111
356112
356113
356114
356115
356117
356118
356119
356242
356245
356246
356247
356248
356249
356250
356251
356252
356253
356254
356255
356256
356257
356258
356259
356260
356261
356262
356263
356264
356265
356266
356267
356268
356269
356270
356271
356272
356273
356274
356275
356276
356277
356278
356279
356280
356281
356282
356283
356284
356285
356286
356287
356288
356289
356290
356291
356414
356415
356417
356419
356420
356421
356422
356423
356424
356425
356426
356427
356428
356429
356430
356431
356432
356433
356434
356435
356436
356437
356438
356439
356440
356441
356442
356443
356444
356445
356446
356447
356448
356449
356450
356451
356452
356453
356594
356595
356596
356597
356598
356599
356600
356601
356602
356603
356604
356605
356606
356607
356608
356609
356610
356611
356612
356613
356614
356615
356616
356617
356618
356619
356620
356621
356622
356623
356624
356625
356626
356627
356628
356629
356630
356631
356632
356633
356634
356635
356636
356637
356638
356640
356641
356776
356777
356779
356781
356782
356783
356784
356785
356786
356787
356788
356789
356790
356791
356792
356793
356794
356795
356796
356797
356798
356799
356800
356801
356802
356803
356804
356805
356806
356807
356946
356947
356949
356951
356952
356953
356954
356956
356957
356958
356959
356960
356962
356963
356964
356965
356966
356967
356969
358420
358422
358423
358424
358425
358426
358427
358428
358429
358430
358431
358432
358433
358434
358435
358436
358437
358438
358439
358440
358441
358442
358443
358444
358445
358446
358447
358574
358575
358576
358577
358578
358579
358580
358581
358582
358583
358584
358585
358586
358587
358588
358589
358590
358591
358592
358593
358594
358595
358596
358597
358598
358599
358600
358601
358602
358603
358604
358605
358607
358608
358609
358732
358735
358736
358737
358738
358739
358740
358741
358742
358743
358744
358745
358746
358747
358748
358749
358750
358751
358752
358753
358754
358755
358756
358757
358758
358759
358760
358761
358762
358763
358764
358765
358766
358767
358768
358769
358770
358771
358772
358773
358774
358775
358776
358777
358778
358779
358780
358781
358904
358905
358907
358909
358910
358911
358912
358913
358914
358915
358916
358917
358918
358919
358920
358921
358922
358923
358924
358925
358926
358927
358928
358929
358930
358931
358932
358933
358934
358935
358936
358937
358938
358939
358940
358941
358942
358943
359084
359085
359086
359087
359088
359089
359090
359091
359092
359093
359094
359095
359096
359097
359098
359099
359100
359101
359102
359103
359104
359105
359106
359107
359108
359109
359110
359111
359112
359113
359114
359115
359116
359117
359118
359119
359120
359121
359122
359123
359124
359125
359126
359127
359128
359130
359131
359266
359267
359269
359271
359272
359273
359274
359275
359276
359277
359278
359279
359280
359281
359282
359283
359284
359285
359286
359287
359288
359289
359290
359291
359292
359293
359294
359295
359296
359297
359436
359437
359439
359441
359442
359443
359444
359446
359447
359448
359449
359450
359452
359453
359454
359455
359456
359457
359459
360910
360912
360913
360914
360915
360916
360917
360918
360919
360920
360921
360922
360923
360924
360925
360926
360927
360928
360929
360930
360931
360932
360933
360934
360935
360936
360937
361064
361065
361066
361067
361068
361069
361070
361071
361072
361073
361074
361075
361076
361077
361078
361079
361080
361081
361082
361083
361084
361085
361086
361087
361088
361089
361090
361091
361092
361093
361094
361095
361097
361098
361099
361222
361225
361226
361227
361228
361229
361230
361231
361232
361233
361234
361235
361236
361237
361238
361239
361240
361241
361242
361243
361244
361245
361246
361247
361248
361249
361250
361251
361252
361253
361254
361255
361256
361257
361258
361259
361260
361261
361262
361263
361264
361265
361266
361267
361268
361269
361270
361271
361394
361395
361397
361399
361400
361401
361402
361403
361404
361405
361406
361407
361408
361409
361410
361411
361412
361413
361414
361415
361416
361417
361418
361419
361420
361421
361422
361423
361424
361425
361426
361427
361428
361429
361430
361431
361432
361433
361574
361575
361576
361577
361578
361579
361580
361581
361582
361583
361584
361585
361586
361587
361588
361589
361590
361591
361592
361593
361594
361595
361596
361597
361598
361599
361600
361601
361602
361603
361604
361605
361606
361607
361608
361609
361610
361611
361612
361613
361614
361615
361616
361617
361618
361620
361621
361756
361757
361759
361761
361762
361763
361764
361765
361766
361767
361768
361769
361770
361771
361772
361773
361774
361775
361776
361777
361778
361779
361780
361781
361782
361783
361784
361785
361786
361787
361926
361927
361929
361931
361932
361933
361934
361936
361937
361938
361939
361940
361942
361943
361944
361945
361946
361947
361949
363400
363402
363403
363404
363405
363406
363407
363408
363409
363410
363411
363412
363413
363414
363415
363416
363417
363418
363419
363420
363421
363422
363423
363424
363425
363426
363427
363554
363555
363556
363557
363558
363559
363560
363561
363562
363563
363564
363565
363566
363567
363568
363569
363570
363571
363572
363573
363574
363575
363576
363577
363578
363579
363580
363581
363582
363583
363584
363585
363587
363588
363589
363712
363715
363716
363717
363718
363719
363720
363721
363722
363723
363724
363725
363726
363727
363728
363729
363730
363731
363732
363733
363734
363735
363736
363737
363738
363739
363740
363741
363742
363743
363744
363745
363746
363747
363748
363749
363750
363751
363752
363753
363754
363755
363756
363757
363758
363759
363760
363761
363884
363885
363887
363889
363890
363891
363892
363893
363894
363895
363896
363897
363898
363899
363900
363901
363902
363903
363904
363905
363906
363907
363908
363909
363910
363911
363912
363913
363914
363915
363916
363917
363918
363919
363920
363921
363922
363923
364064
364065
364066
364067
364068
364069
364070
364071
364072
364073
364074
364075
364076
364077
364078
364079
364080
364081
364082
364083
364084
364085
364086
364087
364088
364089
364090
364091
364092
364093
364094
364095
364096
364097
364098
364099
364100
364101
364102
364103
364104
364105
364106
364107
364108
364110
364111
364246
364247
364249
364251
364252
364253
364254
364255
364256
364257
364258
364259
364260
364261
364262
364263
364264
364265
364266
364267
364268
364269
364270
364271
364272
364273
364274
364275
364276
364277
364416
364417
364419
364421
364422
364423
364424
364426
364427
364428
364429
364430
364432
364433
364434
364435
364436
364437
364439
365890
365892
365893
365894
365895
365896
365897
365898
365899
365900
365901
365902
365903
365904
365905
365906
365907
365908
365909
365910
365911
365912
365913
365914
365915
365916
365917
366044
366045
366046
366047
366048
366049
366050
366051
366052
366053
366054
366055
366056
366057
366058
366059
366060
366061
366062
366063
366064
366065
366066
366067
366068
366069
366070
366071
366072
366073
366074
366075
366077
366078
366079
366202
366205
366206
366207
366208
366209
366210
366211
366212
366213
366214
366215
366216
366217
366218
366219
366220
366221
366222
366223
366224
366225
366226
366227
366228
366229
366230
366231
366232
366233
366234
366235
366236
366237
366238
366239
366240
366241
366242
366243
366244
366245
366246
366247
366248
366249
366250
366251
366374
366375
366377
366379
366380
366381
366382
366383
366384
366385
366386
366387
366388
366389
366390
366391
366392
366393
366394
366395
366396
366397
366398
366399
366400
366401
366402
366403
366404
366405
366406
366407
366408
366409
366410
366411
366412
366413
366554
366555
366556
366557
366558
366559
366560
366561
366562
366563
366564
366565
366566
366567
366568
366569
366570
366571
366572
366573
366574
366575
366576
366577
366578
366579
366580
366581
366582
366583
366584
366585
366586
366587
366588
366589
366590
366591
366592
366593
366594
366595
366596
366597
366598
366600
366601
366736
366737
366739
366741
366742
366743
366744
366745
366746
366747
366748
366749
366750
366751
366752
366753
366754
366755
366756
366757
366758
366759
366760
366761
366762
366763
366764
366765
366766
366767
366906
366907
366909
366911
366912
366913
366914
366916
366917
366918
366919
366920
366922
366923
366924
366925
366926
366927
366929
368380
368382
368383
368384
368385
368386
368387
368388
368389
368390
368391
368392
368393
368394
368395
368396
368397
368398
368399
368400
368401
368402
368403
368404
368405
368406
368407
368534
368535
368536
368537
368538
368539
368540
368541
368542
368543
368544
368545
368546
368547
368548
368549
368550
368551
368552
368553
368554
368555
368556
368557
368558
368559
368560
368561
368562
368563
368564
368565
368567
368568
368569
368692
368695
368696
368697
368698
368699
368700
368701
368702
368703
368704
368705
368706
368707
368708
368709
368710
368711
368712
368713
368714
368715
368716
368717
368718
368719
368720
368721
368722
368723
368724
368725
368726
368727
368728
368729
368730
368731
368732
368733
368734
368735
368736
368737
368738
368739
368740
368741
368864
368865
368867
368869
368870
368871
368872
368873
368874
368875
368876
368877
368878
368879
368880
368881
368882
368883
368884
368885
368886
368887
368888
368889
368890
368891
368892
368893
368894
368895
368896
368897
368898
368899
368900
368901
368902
368903
369044
369045
369046
369047
369048
369049
369050
369051
369052
369053
369054
369055
369056
369057
369058
369059
369060
369061
369062
369063
369064
369065
369066
369067
369068
369069
369070
369071
369072
369073
369074
369075
369076
369077
369078
369079
369080
369081
369082
369083
369084
369085
369086
369087
369088
369090
369091
369226
369227
369229
369231
369232
369233
369234
369235
369236
369237
369238
369239
369240
369241
369242
369243
369244
369245
369246
369247
369248
369249
369250
369251
369252
369253
369254
369255
369256
369257
369396
369397
369399
369401
369402
369403
369404
369406
369407
369408
369409
369410
369412
369413
369414
369415
369416
369417
369419
370870
370872
370873
370874
370875
370876
370877
370878
370879
370880
370881
370882
370883
370884
370885
370886
370887
370888
370889
370890
370891
370892
370893
370894
370895
370896
370897
371024
371025
371026
371027
371028
371029
371030
371031
371032
371033
371034
371035
371036
371037
371038
371039
371040
371041
371042
371043
371044
371045
371046
371047
371048
371049
371050
371051
371052
371053
371054
371055
371057
371058
371059
371182
371185
371186
371187
371188
371189
371190
371191
371192
371193
371194
371195
371196
371197
371198
371199
371200
371201
371202
371203
371204
371205
371206
371207
371208
371209
371210
371211
371212
371213
371214
371215
371216
371217
371218
371219
371220
371221
371222
371223
371224
371225
371226
371227
371228
371229
371230
371231
371354
371355
371357
371359
371360
371361
371362
371363
371364
371365
371366
371367
371368
371369
371370
371371
371372
371373
371374
371375
371376
371377
371378
371379
371380
371381
371382
371383
371384
371385
371386
371387
371388
371389
371390
371391
371392
371393
371534
371535
371536
371537
371538
371539
371540
371541
371542
371543
371544
371545
371546
371547
371548
371549
371550
371551
371552
371553
371554
371555
371556
371557
371558
371559
371560
371561
371562
371563
371564
371565
371566
371567
371568
371569
371570
371571
371572
371573
371574
371575
371576
371577
371578
371580
371581
371716
371717
371719
371721
371722
371723
371724
371725
371726
371727
371728
371729
371730
371731
371732
371733
371734
371735
371736
371737
371738
371739
371740
371741
371742
371743
371744
371745
371746
371747
371886
371887
371889
371891
371892
371893
371894
371896
371897
371898
371899
371900
371902
371903
371904
371905
371906
371907
371909
373360
373362
373363
373364
373365
373366
373367
373368
373369
373370
373371
373372
373373
373374
373375
373376
373377
373378
373379
373380
373381
373382
373383
373384
373385
373386
373387
373514
373515
373516
373517
373518
373519
373520
373521
373522
373523
373524
373525
373526
373527
373528
373529
373530
373531
373532
373533
373534
373535
373536
373537
373538
373539
373540
373541
373542
373543
373544
373545
373547
373548
373549
373672
373675
373676
373677
373678
373679
373680
373681
373682
373683
373684
373685
373686
373687
373688
373689
373690
373691
373692
373693
373694
373695
373696
373697
373698
373699
373700
373701
373702
373703
373704
373705
373706
373707
373708
373709
373710
373711
373712
373713
373714
373715
373716
373717
373718
373719
373720
373721
373844
373845
373847
373849
373850
373851
373852
373853
373854
373855
373856
373857
373858
373859
373860
373861
373862
373863
373864
373865
373866
373867
373868
373869
373870
373871
373872
373873
373874
373875
373876
373877
373878
373879
373880
373881
373882
373883
374024
374025
374026
374027
374028
374029
374030
374031
374032
374033
374034
374035
374036
374037
374038
374039
374040
374041
374042
374043
374044
374045
374046
374047
374048
374049
374050
374051
374052
374053
374054
374055
374056
374057
374058
374059
374060
374061
374062
374063
374064
374065
374066
374067
374068
374070
374071
374206
374207
374209
374211
374212
374213
374214
374215
374216
374217
374218
374219
374220
374221
374222
374223
374224
374225
374226
374227
374228
374229
374230
374231
374232
374233
374234
374235
374236
374237
374376
374377
374379
374381
374382
374383
374384
374386
374387
374388
374389
374390
374392
374393
374394
374395
374396
374397
374399
375850
375852
375853
375854
375855
375856
375857
375858
375859
375860
375861
375862
375863
375864
375865
375866
375867
375868
375869
375870
375871
375872
375873
375874
375875
375876
375877
376004
376005
376006
376007
376008
376009
376010
376011
376012
376013
376014
376015
376016
376017
376018
376019
376020
376021
376022
376023
376024
376025
376026
376027
376028
376029
376030
376031
376032
376033
376034
376035
376037
376038
376039
376162
376165
376166
376167
376168
376169
376170
376171
376172
376173
376174
376175
376176
376177
376178
376179
376180
376181
376182
376183
376184
376185
376186
376187
376188
376189
376190
376191
376192
376193
376194
376195
376196
376197
376198
376199
376200
376201
376202
376203
376204
376205
376206
376207
376208
376209
376210
376211
376334
376335
376337
376339
376340
376341
376342
376343
376344
376345
376346
376347
376348
376349
376350
376351
376352
376353
376354
376355
376356
376357
376358
376359
376360
376361
376362
376363
376364
376365
376366
376367
376368
376369
376370
376371
376372
376373
376514
376515
376516
376517
376518
376519
376520
376521
376522
376523
376524
376525
376526
376527
376528
376529
376530
376531
376532
376533
376534
376535
376536
376537
376538
376539
376540
376541
376542
376543
376544
376545
376546
376547
376548
376549
376550
376551
376552
376553
376554
376555
376556
376557
376558
376560
376561
376696
376697
376699
376701
376702
376703
376704
376705
376706
376707
376708
376709
376710
376711
376712
376713
376714
376715
376716
376717
376718
376719
376720
376721
376722
376723
376724
376725
376726
376727
376866
376867
376869
376871
376872
376873
376874
376876
376877
376878
376879
376880
376882
376883
376884
376885
376886
376887
376889
378340
378342
378343
378344
378345
378346
378347
378348
378349
378350
378351
378352
378353
378354
378355
378356
378357
378358
378359
378360
378361
378362
378363
378364
378365
378366
378367
378494
378495
378496
378497
378498
378499
378500
378501
378502
378503
378504
378505
378506
378507
378508
378509
378510
378511
378512
378513
378514
378515
378516
378517
378518
378519
378520
378521
378522
378523
378524
378525
378527
378528
378529
378652
378655
378656
378657
378658
378659
378660
378661
378662
378663
378664
378665
378666
378667
378668
378669
378670
378671
378672
378673
378674
378675
378676
378677
378678
378679
378680
378681
378682
378683
378684
378685
378686
378687
378688
378689
378690
378691
378692
378693
378694
378695
378696
378697
378698
378699
378700
378701
378824
378825
378827
378829
378830
378831
378832
378833
378834
378835
378836
378837
378838
378839
378840
378841
378842
378843
378844
378845
378846
378847
378848
378849
378850
378851
378852
378853
378854
378855
378856
378857
378858
378859
378860
378861
378862
378863
379004
379005
379006
379007
379008
379009
379010
379011
379012
379013
379014
379015
379016
379017
379018
379019
379020
379021
379022
379023
379024
379025
379026
379027
379028
379029
379030
379031
379032
379033
379034
379035
379036
379037
379038
379039
379040
379041
379042
379043
379044
379045
379046
379047
379048
379050
379051
379186
379187
379189
379191
379192
379193
379194
379195
379196
379197
379198
379199
379200
379201
379202
379203
379204
379205
379206
379207
379208
379209
379210
379211
379212
379213
379214
379215
379216
379217
379356
379357
379359
379361
379362
379363
379364
379366
379367
379368
379369
379370
379372
379373
379374
379375
379376
379377
379379
380830
380832
380833
380834
380835
380836
380837
380838
380839
380840
380841
380842
380843
380844
380845
380846
380847
380848
380849
380850
380851
380852
380853
380854
380855
380856
380857
380984
380985
380986
380987
380988
380989
380990
380991
380992
380993
380994
380995
380996
380997
380998
380999
381000
381001
381002
381003
381004
381005
381006
381007
381008
381009
381010
381011
381012
381013
381014
381015
381017
381018
381019
381142
381145
381146
381147
381148
381149
381150
381151
381152
381153
381154
381155
381156
381157
381158
381159
381160
381161
381162
381163
381164
381165
381166
381167
381168
381169
381170
381171
381172
381173
381174
381175
381176
381177
381178
381179
381180
381181
381182
381183
381184
381185
381186
381187
381188
381189
381190
381191
381314
381315
381317
381319
381320
381321
381322
381323
381324
381325
381326
381327
381328
381329
381330
381331
381332
381333
381334
381335
381336
381337
381338
381339
381340
381341
381342
381343
381344
381345
381346
381347
381348
381349
381350
381351
381352
381353
381494
381495
381496
381497
381498
381499
381500
381501
381502
381503
381504
381505
381506
381507
381508
381509
381510
381511
381512
381513
381514
381515
381516
381517
381518
381519
381520
381521
381522
381523
381524
381525
381526
381527
381528
381529
381530
381531
381532
381533
381534
381535
381536
381537
381538
381540
381541
381676
381677
381679
381681
381682
381683
381684
381685
381686
381687
381688
381689
381690
381691
381692
381693
381694
381695
381696
381697
381698
381699
381700
381701
381702
381703
381704
381705
381706
381707
381846
381847
381849
381851
381852
381853
381854
381856
381857
381858
381859
381860
381862
381863
381864
381865
381866
381867
381869
383320
383322
383323
383324
383325
383326
383327
383328
383329
383330
383331
383332
383333
383334
383335
383336
383337
383338
383339
383340
383341
383342
383343
383344
383345
383346
383347
383474
383475
383476
383477
383478
383479
383480
383481
383482
383483
383484
383485
383486
383487
383488
383489
383490
383491
383492
383493
383494
383495
383496
383497
383498
383499
383500
383501
383502
383503
383504
383505
383507
383508
383509
383632
383635
383636
383637
383638
383639
383640
383641
383642
383643
383644
383645
383646
383647
383648
383649
383650
383651
383652
383653
383654
383655
383656
383657
383658
383659
383660
383661
383662
383663
383664
383665
383666
383667
383668
383669
383670
383671
383672
383673
383674
383675
383676
383677
383678
383679
383680
383681
383804
383805
383807
383809
383810
383811
383812
383813
383814
383815
383816
383817
383818
383819
383820
383821
383822
383823
383824
383825
383826
383827
383828
383829
383830
383831
383832
383833
383834
383835
383836
383837
383838
383839
383840
383841
383842
383843
383984
383985
383986
383987
383988
383989
383990
383991
383992
383993
383994
383995
383996
383997
383998
383999
384000
384001
384002
384003
384004
384005
384006
384007
384008
384009
384010
384011
384012
384013
384014
384015
384016
384017
384018
384019
384020
384021
384022
384023
384024
384025
384026
384027
384028
384030
384031
384166
384167
384169
384171
384172
384173
384174
384175
384176
384177
384178
384179
384180
384181
384182
384183
384184
384185
384186
384187
384188
384189
384190
384191
384192
384193
384194
384195
384196
384197
384336
384337
384339
384341
384342
384343
384344
384346
384347
384348
384349
384350
384352
384353
384354
384355
384356
384357
384359
385810
385812
385813
385814
385815
385816
385817
385818
385819
385820
385821
385822
385823
385824
385825
385826
385827
385828
385829
385830
385831
385832
385833
385834
385835
385836
385837
385964
385965
385966
385967
385968
385969
385970
385971
385972
385973
385974
385975
385976
385977
385978
385979
385980
385981
385982
385983
385984
385985
385986
385987
385988
385989
385990
385991
385992
385993
385994
385995
385997
385998
385999
386122
386125
386126
386127
386128
386129
386130
386131
386132
386133
386134
386135
386136
386137
386138
386139
386140
386141
386142
386143
386144
386145
386146
386147
386148
386149
386150
386151
386152
386153
386154
386155
386156
386157
386158
386159
386160
386161
386162
386163
386164
386165
386166
386167
386168
386169
386170
386171
386294
386295
386297
386299
386300
386301
386302
386303
386304
386305
386306
386307
386308
386309
386310
386311
386312
386313
386314
386315
386316
386317
386318
386319
386320
386321
386322
386323
386324
386325
386326
386327
386328
386329
386330
386331
386332
386333
386474
386475
386476
386477
386478
386479
386480
386481
386482
386483
386484
386485
386486
386487
386488
386489
386490
386491
386492
386493
386494
386495
386496
386497
386498
386499
386500
386501
386502
386503
386504
386505
386506
386507
386508
386509
386510
386511
386512
386513
386514
386515
386516
386517
386518
386520
386521
386656
386657
386659
386661
386662
386663
386664
386665
386666
386667
386668
386669
386670
386671
386672
386673
386674
386675
386676
386677
386678
386679
386680
386681
386682
386683
386684
386685
386686
386687
386826
386827
386829
386831
386832
386833
386834
386836
386837
386838
386839
386840
386842
386843
386844
386845
386846
386847
386849
388300
388302
388303
388304
388305
388306
388307
388308
388309
388310
388311
388312
388313
388314
388315
388316
388317
388318
388319
388320
388321
388322
388323
388324
388325
388326
388327
388454
388455
388456
388457
388458
388459
388460
388461
388462
388463
388464
388465
388466
388467
388468
388469
388470
388471
388472
388473
388474
388475
388476
388477
388478
388479
388480
388481
388482
388483
388484
388485
388487
388488
388489
388612
388615
388616
388617
388618
388619
388620
388621
388622
388623
388624
388625
388626
388627
388628
388629
388630
388631
388632
388633
388634
388635
388636
388637
388638
388639
388640
388641
388642
388643
388644
388645
388646
388647
388648
388649
388650
388651
388652
388653
388654
388655
388656
388657
388658
388659
388660
388661
388784
388785
388787
388789
388790
388791
388792
388793
388794
388795
388796
388797
388798
388799
388800
388801
388802
388803
388804
388805
388806
388807
388808
388809
388810
388811
388812
388813
388814
388815
388816
388817
388818
388819
388820
388821
388822
388823
388964
388965
388966
388967
388968
388969
388970
388971
388972
388973
388974
388975
388976
388977
388978
388979
388980
388981
388982
388983
388984
388985
388986
388987
388988
388989
388990
388991
388992
388993
388994
388995
388996
388997
388998
388999
389000
389001
389002
389003
389004
389005
389006
389007
389008
389010
389011
389146
389147
389149
389151
389152
389153
389154
389155
389156
389157
389158
389159
389160
389161
389162
389163
389164
389165
389166
389167
389168
389169
389170
389171
389172
389173
389174
389175
389176
389177
389316
389317
389319
389321
389322
389323
389324
389326
389327
389328
389329
389330
389332
389333
389334
389335
389336
389337
389339
390790
390792
390793
390794
390795
390796
390797
390798
390799
390800
390801
390802
390803
390804
390805
390806
390807
390808
390809
390810
390811
390812
390813
390814
390815
390816
390817
390944
390945
390946
390947
390948
390949
390950
390951
390952
390953
390954
390955
390956
390957
390958
390959
390960
390961
390962
390963
390964
390965
390966
390967
390968
390969
390970
390971
390972
390973
390974
390975
390977
390978
390979
391102
391105
391106
391107
391108
391109
391110
391111
391112
391113
391114
391115
391116
391117
391118
391119
391120
391121
391122
391123
391124
391125
391126
391127
391128
391129
391130
391131
391132
391133
391134
391135
391136
391137
391138
391139
391140
391141
391142
391143
391144
391145
391146
391147
391148
391149
391150
391151
391274
391275
391277
391279
391280
391281
391282
391283
391284
391285
391286
391287
391288
391289
391290
391291
391292
391293
391294
391295
391296
391297
391298
391299
391300
391301
391302
391303
391304
391305
391306
391307
391308
391309
391310
391311
391312
391313
391454
391455
391456
391457
391458
391459
391460
391461
391462
391463
391464
391465
391466
391467
391468
391469
391470
391471
391472
391473
391474
391475
391476
391477
391478
391479
391480
391481
391482
391483
391484
391485
391486
391487
391488
391489
391490
391491
391492
391493
391494
391495
391496
391497
391498
391500
391501
391636
391637
391639
391641
391642
391643
391644
391645
391646
391647
391648
391649
391650
391651
391652
391653
391654
391655
391656
391657
391658
391659
391660
391661
391662
391663
391664
391665
391666
391667
391806
391807
391809
391811
391812
391813
391814
391816
391817
391818
391819
391820
391822
391823
391824
391825
391826
391827
391829
393280
393282
393283
393284
393285
393286
393287
393288
393289
393290
393291
393292
393293
393294
393295
393296
393297
393298
393299
393300
393301
393302
393303
393304
393305
393306
393307
393434
393435
393436
393437
393438
393439
393440
393441
393442
393443
393444
393445
393446
393447
393448
393449
393450
393451
393452
393453
393454
393455
393456
393457
393458
393459
393460
393461
393462
393463
393464
393465
393467
393468
393469
393592
393595
393596
393597
393598
393599
393600
393601
393602
393603
393604
393605
393606
393607
393608
393609
393610
393611
393612
393613
393614
393615
393616
393617
393618
393619
393620
393621
393622
393623
393624
393625
393626
393627
393628
393629
393630
393631
393632
393633
393634
393635
393636
393637
393638
393639
393640
393641
393764
393765
393767
393769
393770
393771
393772
393773
393774
393775
393776
393777
393778
393779
393780
393781
393782
393783
393784
393785
393786
393787
393788
393789
393790
393791
393792
393793
393794
393795
393796
393797
393798
393799
393800
393801
393802
393803
393944
393945
393946
393947
393948
393949
393950
393951
393952
393953
393954
393955
393956
393957
393958
393959
393960
393961
393962
393963
393964
393965
393966
393967
393968
393969
393970
393971
393972
393973
393974
393975
393976
393977
393978
393979
393980
393981
393982
393983
393984
393985
393986
393987
393988
393990
393991
394126
394127
394129
394131
394132
394133
394134
394135
394136
394137
394138
394139
394140
394141
394142
394143
394144
394145
394146
394147
394148
394149
394150
394151
394152
394153
394154
394155
394156
394157
394296
394297
394299
394301
394302
394303
394304
394306
394307
394308
394309
394310
394312
394313
394314
394315
394316
394317
394319
395770
395772
395773
395774
395775
395776
395777
395778
395779
395780
395781
395782
395783
395784
395785
395786
395787
395788
395789
395790
395791
395792
395793
395794
395795
395796
395797
395924
395925
395926
395927
395928
395929
395930
395931
395932
395933
395934
395935
395936
395937
395938
395939
395940
395941
395942
395943
395944
395945
395946
395947
395948
395949
395950
395951
395952
395953
395954
395955
395957
395958
395959
396082
396085
396086
396087
396088
396089
396090
396091
396092
396093
396094
396095
396096
396097
396098
396099
396100
396101
396102
396103
396104
396105
396106
396107
396108
396109
396110
396111
396112
396113
396114
396115
396116
396117
396118
396119
396120
396121
396122
396123
396124
396125
396126
396127
396128
396129
396130
396131
396254
396255
396257
396259
396260
396261
396262
396263
396264
396265
396266
396267
396268
396269
396270
396271
396272
396273
396274
396275
396276
396277
396278
396279
396280
396281
396282
396283
396284
396285
396286
396287
396288
396289
396290
396291
396292
396293
396434
396435
396436
396437
396438
396439
396440
396441
396442
396443
396444
396445
396446
396447
396448
396449
396450
396451
396452
396453
396454
396455
396456
396457
396458
396459
396460
396461
396462
396463
396464
396465
396466
396467
396468
396469
396470
396471
396472
396473
396474
396475
396476
396477
396478
396480
396481
396616
396617
396619
396621
396622
396623
396624
396625
396626
396627
396628
396629
396630
396631
396632
396633
396634
396635
396636
396637
396638
396639
396640
396641
396642
396643
396644
396645
396646
396647
396786
396787
396789
396791
396792
396793
396794
396796
396797
396798
396799
396800
396802
396803
396804
396805
396806
396807
396809
398260
398262
398263
398264
398265
398266
398267
398268
398269
398270
398271
398272
398273
398274
398275
398276
398277
398278
398279
398280
398281
398282
398283
398284
398285
398286
398287
398414
398415
398416
398417
398418
398419
398420
398421
398422
398423
398424
398425
398426
398427
398428
398429
398430
398431
398432
398433
398434
398435
398436
398437
398438
398439
398440
398441
398442
398443
398444
398445
398447
398448
398449
398572
398575
398576
398577
398578
398579
398580
398581
398582
398583
398584
398585
398586
398587
398588
398589
398590
398591
398592
398593
398594
398595
398596
398597
398598
398599
398600
398601
398602
398603
398604
398605
398606
398607
398608
398609
398610
398611
398612
398613
398614
398615
398616
398617
398618
398619
398620
398621
398744
398745
398747
398749
398750
398751
398752
398753
398754
398755
398756
398757
398758
398759
398760
398761
398762
398763
398764
398765
398766
398767
398768
398769
398770
398771
398772
398773
398774
398775
398776
398777
398778
398779
398780
398781
398782
398783
398924
398925
398926
398927
398928
398929
398930
398931
398932
398933
398934
398935
398936
398937
398938
398939
398940
398941
398942
398943
398944
398945
398946
398947
398948
398949
398950
398951
398952
398953
398954
398955
398956
398957
398958
398959
398960
398961
398962
398963
398964
398965
398966
398967
398968
398970
398971
399106
399107
399109
399111
399112
399113
399114
399115
399116
399117
399118
399119
399120
399121
399122
399123
399124
399125
399126
399127
399128
399129
399130
399131
399132
399133
399134
399135
399136
399137
399276
399277
399279
399281
399282
399283
399284
399286
399287
399288
399289
399290
399292
399293
399294
399295
399296
399297
399299
400750
400752
400753
400754
400755
400756
400757
400758
400759
400760
400761
400762
400763
400764
400765
400766
400767
400768
400769
400770
400771
400772
400773
400774
400775
400776
400777
400904
400905
400906
400907
400908
400909
400910
400911
400912
400913
400914
400915
400916
400917
400918
400919
400920
400921
400922
400923
400924
400925
400926
400927
400928
400929
400930
400931
400932
400933
400934
400935
400937
400938
400939
401062
401065
401066
401067
401068
401069
401070
401071
401072
401073
401074
401075
401076
401077
401078
401079
401080
401081
401082
401083
401084
401085
401086
401087
401088
401089
401090
401091
401092
401093
401094
401095
401096
401097
401098
401099
401100
401101
401102
401103
401104
401105
401106
401107
401108
401109
401110
401111
401234
401235
401237
401239
401240
401241
401242
401243
401244
401245
401246
401247
401248
401249
401250
401251
401252
401253
401254
401255
401256
401257
401258
401259
401260
401261
401262
401263
401264
401265
401266
401267
401268
401269
401270
401271
401272
401273
401414
401415
401416
401417
401418
401419
401420
401421
401422
401423
401424
401425
401426
401427
401428
401429
401430
401431
401432
401433
401434
401435
401436
401437
401438
401439
401440
401441
401442
401443
401444
401445
401446
401447
401448
401449
401450
401451
401452
401453
401454
401455
401456
401457
401458
401460
401461
401596
401597
401599
401601
401602
401603
401604
401605
401606
401607
401608
401609
401610
401611
401612
401613
401614
401615
401616
401617
401618
401619
401620
401621
401622
401623
401624
401625
401626
401627
401766
401767
401769
401771
401772
401773
401774
401776
401777
401778
401779
401780
401782
401783
401784
401785
401786
401787
401789
403240
403242
403243
403244
403245
403246
403247
403248
403249
403250
403251
403252
403253
403254
403255
403256
403257
403258
403259
403260
403261
403262
403263
403264
403265
403266
403267
403394
403395
403396
403397
403398
403399
403400
403401
403402
403403
403404
403405
403406
403407
403408
403409
403410
403411
403412
403413
403414
403415
403416
403417
403418
403419
403420
403421
403422
403423
403424
403425
403427
403428
403429
403552
403555
403556
403557
403558
403559
403560
403561
403562
403563
403564
403565
403566
403567
403568
403569
403570
403571
403572
403573
403574
403575
403576
403577
403578
403579
403580
403581
403582
403583
403584
403585
403586
403587
403588
403589
403590
403591
403592
403593
403594
403595
403596
403597
403598
403599
403600
403601
403724
403725
403727
403729
403730
403731
403732
403733
403734
403735
403736
403737
403738
403739
403740
403741
403742
403743
403744
403745
403746
403747
403748
403749
403750
403751
403752
403753
403754
403755
403756
403757
403758
403759
403760
403761
403762
403763
403904
403905
403906
403907
403908
403909
403910
403911
403912
403913
403914
403915
403916
403917
403918
403919
403920
403921
403922
403923
403924
403925
403926
403927
403928
403929
403930
403931
403932
403933
403934
403935
403936
403937
403938
403939
403940
403941
403942
403943
403944
403945
403946
403947
403948
403950
403951
404086
404087
404089
404091
404092
404093
404094
404095
404096
404097
404098
404099
404100
404101
404102
404103
404104
404105
404106
404107
404108
404109
404110
404111
404112
404113
404114
404115
404116
404117
404256
404257
404259
404261
404262
404263
404264
404266
404267
404268
404269
404270
404272
404273
404274
404275
404276
404277
404279
405730
405732
405733
405734
405735
405736
405737
405738
405739
405740
405741
405742
405743
405744
405745
405746
405747
405748
405749
405750
405751
405752
405753
405754
405755
405756
405757
405884
405885
405886
405887
405888
405889
405890
405891
405892
405893
405894
405895
405896
405897
405898
405899
405900
405901
405902
405903
405904
405905
405906
405907
405908
405909
405910
405911
405912
405913
405914
405915
405917
405918
405919
406042
406045
406046
406047
406048
406049
406050
406051
406052
406053
406054
406055
406056
406057
406058
406059
406060
406061
406062
406063
406064
406065
406066
406067
406068
406069
406070
406071
406072
406073
406074
406075
406076
406077
406078
406079
406080
406081
406082
406083
406084
406085
406086
406087
406088
406089
406090
406091
406214
406215
406217
406219
406220
406221
406222
406223
406224
406225
406226
406227
406228
406229
406230
406231
406232
406233
406234
406235
406236
406237
406238
406239
406240
406241
406242
406243
406244
406245
406246
406247
406248
406249
406250
406251
406252
406253
406394
406395
406396
406397
406398
406399
406400
406401
406402
406403
406404
406405
406406
406407
406408
406409
406410
406411
406412
406413
406414
406415
406416
406417
406418
406419
406420
406421
406422
406423
406424
406425
406426
406427
406428
406429
406430
406431
406432
406433
406434
406435
406436
406437
406438
406440
406441
406576
406577
406579
406581
406582
406583
406584
406585
406586
406587
406588
406589
406590
406591
406592
406593
406594
406595
406596
406597
406598
406599
406600
406601
406602
406603
406604
406605
406606
406607
406746
406747
406749
406751
406752
406753
406754
406756
406757
406758
406759
406760
406762
406763
406764
406765
406766
406767
406769
408220
408222
408223
408224
408225
408226
408227
408228
408229
408230
408231
408232
408233
408234
408235
408236
408237
408238
408239
408240
408241
408242
408243
408244
408245
408246
408247
408374
408375
408376
408377
408378
408379
408380
408381
408382
408383
408384
408385
408386
408387
408388
408389
408390
408391
408392
408393
408394
408395
408396
408397
408398
408399
408400
408401
408402
408403
408404
408405
408407
408408
408409
408532
408535
408536
408537
408538
408539
408540
408541
408542
408543
408544
408545
408546
408547
408548
408549
408550
408551
408552
408553
408554
408555
408556
408557
408558
408559
408560
408561
408562
408563
408564
408565
408566
408567
408568
408569
408570
408571
408572
408573
408574
408575
408576
408577
408578
408579
408580
408581
408704
408705
408707
408709
408710
408711
408712
408713
408714
408715
408716
408717
408718
408719
408720
408721
408722
408723
408724
408725
408726
408727
408728
408729
408730
408731
408732
408733
408734
408735
408736
408737
408738
408739
408740
408741
408742
408743
408884
408885
408886
408887
408888
408889
408890
408891
408892
408893
408894
408895
408896
408897
408898
408899
408900
408901
408902
408903
408904
408905
408906
408907
408908
408909
408910
408911
408912
408913
408914
408915
408916
408917
408918
408919
408920
408921
408922
408923
408924
408925
408926
408927
408928
408930
408931
409066
409067
409069
409071
409072
409073
409074
409075
409076
409077
409078
409079
409080
409081
409082
409083
409084
409085
409086
409087
409088
409089
409090
409091
409092
409093
409094
409095
409096
409097
409236
409237
409239
409241
409242
409243
409244
409246
409247
409248
409249
409250
409252
409253
409254
409255
409256
409257
409259
410710
410712
410713
410714
410715
410716
410717
410718
410719
410720
410721
410722
410723
410724
410725
410726
410727
410728
410729
410730
410731
410732
410733
410734
410735
410736
410737
410864
410865
410866
410867
410868
410869
410870
410871
410872
410873
410874
410875
410876
410877
410878
410879
410880
410881
410882
410883
410884
410885
410886
410887
410888
410889
410890
410891
410892
410893
410894
410895
410897
410898
410899
411022
411025
411026
411027
411028
411029
411030
411031
411032
411033
411034
411035
411036
411037
411038
411039
411040
411041
411042
411043
411044
411045
411046
411047
411048
411049
411050
411051
411052
411053
411054
411055
411056
411057
411058
411059
411060
411061
411062
411063
411064
411065
411066
411067
411068
411069
411070
411071
411194
411195
411197
411199
411200
411201
411202
411203
411204
411205
411206
411207
411208
411209
411210
411211
411212
411213
411214
411215
411216
411217
411218
411219
411220
411221
411222
411223
411224
411225
411226
411227
411228
411229
411230
411231
411232
411233
411374
411375
411376
411377
411378
411379
411380
411381
411382
411383
411384
411385
411386
411387
411388
411389
411390
411391
411392
411393
411394
411395
411396
411397
411398
411399
411400
411401
411402
411403
411404
411405
411406
411407
411408
411409
411410
411411
411412
411413
411414
411415
411416
411417
411418
411420
411421
411556
411557
411559
411561
411562
411563
411564
411565
411566
411567
411568
411569
411570
411571
411572
411573
411574
411575
411576
411577
411578
411579
411580
411581
411582
411583
411584
411585
411586
411587
411726
411727
411729
411731
411732
411733
411734
411736
411737
411738
411739
411740
411742
411743
411744
411745
411746
411747
411749
413200
413202
413203
413204
413205
413206
413207
413208
413209
413210
413211
413212
413213
413214
413215
413216
413217
413218
413219
413220
413221
413222
413223
413224
413225
413226
413227
413354
413355
413356
413357
413358
413359
413360
413361
413362
413363
413364
413365
413366
413367
413368
413369
413370
413371
413372
413373
413374
413375
413376
413377
413378
413379
413380
413381
413382
413383
413384
413385
413387
413388
413389
413512
413515
413516
413517
413518
413519
413520
413521
413522
413523
413524
413525
413526
413527
413528
413529
413530
413531
413532
413533
413534
413535
413536
413537
413538
413539
413540
413541
413542
413543
413544
413545
413546
413547
413548
413549
413550
413551
413552
413553
413554
413555
413556
413557
413558
413559
413560
413561
413684
413685
413687
413689
413690
413691
413692
413693
413694
413695
413696
413697
413698
413699
413700
413701
413702
413703
413704
413705
413706
413707
413708
413709
413710
413711
413712
413713
413714
413715
413716
413717
413718
413719
413720
413721
413722
413723
413864
413865
413866
413867
413868
413869
413870
413871
413872
413873
413874
413875
413876
413877
413878
413879
413880
413881
413882
413883
413884
413885
413886
413887
413888
413889
413890
413891
413892
413893
413894
413895
413896
413897
413898
413899
413900
413901
413902
413903
413904
413905
413906
413907
413908
413910
413911
414046
414047
414049
414051
414052
414053
414054
414055
414056
414057
414058
414059
414060
414061
414062
414063
414064
414065
414066
414067
414068
414069
414070
414071
414072
414073
414074
414075
414076
414077
414216
414217
414219
414221
414222
414223
414224
414226
414227
414228
414229
414230
414232
414233
414234
414235
414236
414237
414239
415690
415692
415693
415694
415695
415696
415697
415698
415699
415700
415701
415702
415703
415704
415705
415706
415707
415708
415709
415710
415711
415712
415713
415714
415715
415716
415717
415844
415845
415846
415847
415848
415849
415850
415851
415852
415853
415854
415855
415856
415857
415858
415859
415860
415861
415862
415863
415864
415865
415866
415867
415868
415869
415870
415871
415872
415873
415874
415875
415877
415878
415879
416002
416005
416006
416007
416008
416009
416010
416011
416012
416013
416014
416015
416016
416017
416018
416019
416020
416021
416022
416023
416024
416025
416026
416027
416028
416029
416030
416031
416032
416033
416034
416035
416036
416037
416038
416039
416040
416041
416042
416043
416044
416045
416046
416047
416048
416049
416050
416051
416174
416175
416177
416179
416180
416181
416182
416183
416184
416185
416186
416187
416188
416189
416190
416191
416192
416193
416194
416195
416196
416197
416198
416199
416200
416201
416202
416203
416204
416205
416206
416207
416208
416209
416210
416211
416212
416213
416354
416355
416356
416357
416358
416359
416360
416361
416362
416363
416364
416365
416366
416367
416368
416369
416370
416371
416372
416373
416374
416375
416376
416377
416378
416379
416380
416381
416382
416383
416384
416385
416386
416387
416388
416389
416390
416391
416392
416393
416394
416395
416396
416397
416398
416400
416401
416536
416537
416539
416541
416542
416543
416544
416545
416546
416547
416548
416549
416550
416551
416552
416553
416554
416555
416556
416557
416558
416559
416560
416561
416562
416563
416564
416565
416566
416567
416706
416707
416709
416711
416712
416713
416714
416716
416717
416718
416719
416720
416722
416723
416724
416725
416726
416727
416729
418180
418182
418183
418184
418185
418186
418187
418188
418189
418190
418191
418192
418193
418194
418195
418196
418197
418198
418199
418200
418201
418202
418203
418204
418205
418206
418207
418334
418335
418336
418337
418338
418339
418340
418341
418342
418343
418344
418345
418346
418347
418348
418349
418350
418351
418352
418353
418354
418355
418356
418357
418358
418359
418360
418361
418362
418363
418364
418365
418367
418368
418369
418492
418495
418496
418497
418498
418499
418500
418501
418502
418503
418504
418505
418506
418507
418508
418509
418510
418511
418512
418513
418514
418515
418516
418517
418518
418519
418520
418521
418522
418523
418524
418525
418526
418527
418528
418529
418530
418531
418532
418533
418534
418535
418536
418537
418538
418539
418540
418541
418664
418665
418667
418669
418670
418671
418672
418673
418674
418675
418676
418677
418678
418679
418680
418681
418682
418683
418684
418685
418686
418687
418688
418689
418690
418691
418692
418693
418694
418695
418696
418697
418698
418699
418700
418701
418702
418703
418844
418845
418846
418847
418848
418849
418850
418851
418852
418853
418854
418855
418856
418857
418858
418859
418860
418861
418862
418863
418864
418865
418866
418867
418868
418869
418870
418871
418872
418873
418874
418875
418876
418877
418878
418879
418880
418881
418882
418883
418884
418885
418886
418887
418888
418890
418891
419026
419027
419029
419031
419032
419033
419034
419035
419036
419037
419038
419039
419040
419041
419042
419043
419044
419045
419046
419047
419048
419049
419050
419051
419052
419053
419054
419055
419056
419057
419196
419197
419199
419201
419202
419203
419204
419206
419207
419208
419209
419210
419212
419213
419214
419215
419216
419217
419219
420670
420672
420673
420674
420675
420676
420677
420678
420679
420680
420681
420682
420683
420684
420685
420686
420687
420688
420689
420690
420691
420692
420693
420694
420695
420696
420697
420824
420825
420826
420827
420828
420829
420830
420831
420832
420833
420834
420835
420836
420837
420838
420839
420840
420841
420842
420843
420844
420845
420846
420847
420848
420849
420850
420851
420852
420853
420854
420855
420857
420858
420859
420982
420985
420986
420987
420988
420989
420990
420991
420992
420993
420994
420995
420996
420997
420998
420999
421000
421001
421002
421003
421004
421005
421006
421007
421008
421009
421010
421011
421012
421013
421014
421015
421016
421017
421018
421019
421020
421021
421022
421023
421024
421025
421026
421027
421028
421029
421030
421031
421154
421155
421157
421159
421160
421161
421162
421163
421164
421165
421166
421167
421168
421169
421170
421171
421172
421173
421174
421175
421176
421177
421178
421179
421180
421181
421182
421183
421184
421185
421186
421187
421188
421189
421190
421191
421192
421193
421334
421335
421336
421337
421338
421339
421340
421341
421342
421343
421344
421345
421346
421347
421348
421349
421350
421351
421352
421353
421354
421355
421356
421357
421358
421359
421360
421361
421362
421363
421364
421365
421366
421367
421368
421369
421370
421371
421372
421373
421374
421375
421376
421377
421378
421380
421381
421516
421517
421519
421521
421522
421523
421524
421525
421526
421527
421528
421529
421530
421531
421532
421533
421534
421535
421536
421537
421538
421539
421540
421541
421542
421543
421544
421545
421546
421547
421686
421687
421689
421691
421692
421693
421694
421696
421697
421698
421699
421700
421702
421703
421704
421705
421706
421707
421709
423160
423162
423163
423164
423165
423166
423167
423168
423169
423170
423171
423172
423173
423174
423175
423176
423177
423178
423179
423180
423181
423182
423183
423184
423185
423186
423187
423314
423315
423316
423317
423318
423319
423320
423321
423322
423323
423324
423325
423326
423327
423328
423329
423330
423331
423332
423333
423334
423335
423336
423337
423338
423339
423340
423341
423342
423343
423344
423345
423347
423348
423349
423472
423475
423476
423477
423478
423479
423480
423481
423482
423483
423484
423485
423486
423487
423488
423489
423490
423491
423492
423493
423494
423495
423496
423497
423498
423499
423500
423501
423502
423503
423504
423505
423506
423507
423508
423509
423510
423511
423512
423513
423514
423515
423516
423517
423518
423519
423520
423521
423644
423645
423647
423649
423650
423651
423652
423653
423654
423655
423656
423657
423658
423659
423660
423661
423662
423663
423664
423665
423666
423667
423668
423669
423670
423671
423672
423673
423674
423675
423676
423677
423678
423679
423680
423681
423682
423683
423824
423825
423826
423827
423828
423829
423830
423831
423832
423833
423834
423835
423836
423837
423838
423839
423840
423841
423842
423843
423844
423845
423846
423847
423848
423849
423850
423851
423852
423853
423854
423855
423856
423857
423858
423859
423860
423861
423862
423863
423864
423865
423866
423867
423868
423870
423871
424006
424007
424009
424011
424012
424013
424014
424015
424016
424017
424018
424019
424020
424021
424022
424023
424024
424025
424026
424027
424028
424029
424030
424031
424032
424033
424034
424035
424036
424037
424176
424177
424179
424181
424182
424183
424184
424186
424187
424188
424189
424190
424192
424193
424194
424195
424196
424197
424199
425650
425652
425653
425654
425655
425656
425657
425658
425659
425660
425661
425662
425663
425664
425665
425666
425667
425668
425669
425670
425671
425672
425673
425674
425675
425676
425677
425804
425805
425806
425807
425808
425809
425810
425811
425812
425813
425814
425815
425816
425817
425818
425819
425820
425821
425822
425823
425824
425825
425826
425827
425828
425829
425830
425831
425832
425833
425834
425835
425837
425838
425839
425962
425965
425966
425967
425968
425969
425970
425971
425972
425973
425974
425975
425976
425977
425978
425979
425980
425981
425982
425983
425984
425985
425986
425987
425988
425989
425990
425991
425992
425993
425994
425995
425996
425997
425998
425999
426000
426001
426002
426003
426004
426005
426006
426007
426008
426009
426010
426011
426134
426135
426137
426139
426140
426141
426142
426143
426144
426145
426146
426147
426148
426149
426150
426151
426152
426153
426154
426155
426156
426157
426158
426159
426160
426161
426162
426163
426164
426165
426166
426167
426168
426169
426170
426171
426172
426173
426314
426315
426316
426317
426318
426319
426320
426321
426322
426323
426324
426325
426326
426327
426328
426329
426330
426331
426332
426333
426334
426335
426336
426337
426338
426339
426340
426341
426342
426343
426344
426345
426346
426347
426348
426349
426350
426351
426352
426353
426354
426355
426356
426357
426358
426360
426361
426496
426497
426499
426501
426502
426503
426504
426505
426506
426507
426508
426509
426510
426511
426512
426513
426514
426515
426516
426517
426518
426519
426520
426521
426522
426523
426524
426525
426526
426527
426666
426667
426669
426671
426672
426673
426674
426676
426677
426678
426679
426680
426682
426683
426684
426685
426686
426687
426689
428140
428142
428143
428144
428145
428146
428147
428148
428149
428150
428151
428152
428153
428154
428155
428156
428157
428158
428159
428160
428161
428162
428163
428164
428165
428166
428167
428294
428295
428296
428297
428298
428299
428300
428301
428302
428303
428304
428305
428306
428307
428308
428309
428310
428311
428312
428313
428314
428315
428316
428317
428318
428319
428320
428321
428322
428323
428324
428325
428327
428328
428329
428452
428455
428456
428457
428458
428459
428460
428461
428462
428463
428464
428465
428466
428467
428468
428469
428470
428471
428472
428473
428474
428475
428476
428477
428478
428479
428480
428481
428482
428483
428484
428485
428486
428487
428488
428489
428490
428491
428492
428493
428494
428495
428496
428497
428498
428499
428500
428501
428624
428625
428627
428629
428630
428631
428632
428633
428634
428635
428636
428637
428638
428639
428640
428641
428642
428643
428644
428645
428646
428647
428648
428649
428650
428651
428652
428653
428654
428655
428656
428657
428658
428659
428660
428661
428662
428663
428804
428805
428806
428807
428808
428809
428810
428811
428812
428813
428814
428815
428816
428817
428818
428819
428820
428821
428822
428823
428824
428825
428826
428827
428828
428829
428830
428831
428832
428833
428834
428835
428836
428837
428838
428839
428840
428841
428842
428843
428844
428845
428846
428847
428848
428850
428851
428986
428987
428989
428991
428992
428993
428994
428995
428996
428997
428998
428999
429000
429001
429002
429003
429004
429005
429006
429007
429008
429009
429010
429011
429012
429013
429014
429015
429016
429017
429156
429157
429159
429161
429162
429163
429164
429166
429167
429168
429169
429170
429172
429173
429174
429175
429176
429177
429179
430630
430632
430633
430634
430635
430636
430637
430638
430639
430640
430641
430642
430643
430644
430645
430646
430647
430648
430649
430650
430651
430652
430653
430654
430655
430656
430657
430784
430785
430786
430787
430788
430789
430790
430791
430792
430793
430794
430795
430796
430797
430798
430799
430800
430801
430802
430803
430804
430805
430806
430807
430808
430809
430810
430811
430812
430813
430814
430815
430817
430818
430819
430942
430945
430946
430947
430948
430949
430950
430951
430952
430953
430954
430955
430956
430957
430958
430959
430960
430961
430962
430963
430964
430965
430966
430967
430968
430969
430970
430971
430972
430973
430974
430975
430976
430977
430978
430979
430980
430981
430982
430983
430984
430985
430986
430987
430988
430989
430990
430991
431114
431115
431117
431119
431120
431121
431122
431123
431124
431125
431126
431127
431128
431129
431130
431131
431132
431133
431134
431135
431136
431137
431138
431139
431140
431141
431142
431143
431144
431145
431146
431147
431148
431149
431150
431151
431152
431153
431294
431295
431296
431297
431298
431299
431300
431301
431302
431303
431304
431305
431306
431307
431308
431309
431310
431311
431312
431313
431314
431315
431316
431317
431318
431319
431320
431321
431322
431323
431324
431325
431326
431327
431328
431329
431330
431331
431332
431333
431334
431335
431336
431337
431338
431340
431341
431476
431477
431479
431481
431482
431483
431484
431485
431486
431487
431488
431489
431490
431491
431492
431493
431494
431495
431496
431497
431498
431499
431500
431501
431502
431503
431504
431505
431506
431507
431646
431647
431649
431651
431652
431653
431654
431656
431657
431658
431659
431660
431662
431663
431664
431665
431666
431667
431669
433120
433122
433123
433124
433125
433126
433127
433128
433129
433130
433131
433132
433133
433134
433135
433136
433137
433138
433139
433140
433141
433142
433143
433144
433145
433146
433147
433274
433275
433276
433277
433278
433279
433280
433281
433282
433283
433284
433285
433286
433287
433288
433289
433290
433291
433292
433293
433294
433295
433296
433297
433298
433299
433300
433301
433302
433303
433304
433305
433307
433308
433309
433432
433435
433436
433437
433438
433439
433440
433441
433442
433443
433444
433445
433446
433447
433448
433449
433450
433451
433452
433453
433454
433455
433456
433457
433458
433459
433460
433461
433462
433463
433464
433465
433466
433467
433468
433469
433470
433471
433472
433473
433474
433475
433476
433477
433478
433479
433480
433481
433604
433605
433607
433609
433610
433611
433612
433613
433614
433615
433616
433617
433618
433619
433620
433621
433622
433623
433624
433625
433626
433627
433628
433629
433630
433631
433632
433633
433634
433635
433636
433637
433638
433639
433640
433641
433642
433643
433784
433785
433786
433787
433788
433789
433790
433791
433792
433793
433794
433795
433796
433797
433798
433799
433800
433801
433802
433803
433804
433805
433806
433807
433808
433809
433810
433811
433812
433813
433814
433815
433816
433817
433818
433819
433820
433821
433822
433823
433824
433825
433826
433827
433828
433830
433831
433966
433967
433969
433971
433972
433973
433974
433975
433976
433977
433978
433979
433980
433981
433982
433983
433984
433985
433986
433987
433988
433989
433990
433991
433992
433993
433994
433995
433996
433997
434136
434137
434139
434141
434142
434143
434144
434146
434147
434148
434149
434150
434152
434153
434154
434155
434156
434157
434159
435610
435612
435613
435614
435615
435616
435617
435618
435619
435620
435621
435622
435623
435624
435625
435626
435627
435628
435629
435630
435631
435632
435633
435634
435635
435636
435637
435764
435765
435766
435767
435768
435769
435770
435771
435772
435773
435774
435775
435776
435777
435778
435779
435780
435781
435782
435783
435784
435785
435786
435787
435788
435789
435790
435791
435792
435793
435794
435795
435797
435798
435799
435922
435925
435926
435927
435928
435929
435930
435931
435932
435933
435934
435935
435936
435937
435938
435939
435940
435941
435942
435943
435944
435945
435946
435947
435948
435949
435950
435951
435952
435953
435954
435955
435956
435957
435958
435959
435960
435961
435962
435963
435964
435965
435966
435967
435968
435969
435970
435971
436094
436095
436097
436099
436100
436101
436102
436103
436104
436105
436106
436107
436108
436109
436110
436111
436112
436113
436114
436115
436116
436117
436118
436119
436120
436121
436122
436123
436124
436125
436126
436127
436128
436129
436130
436131
436132
436133
436274
436275
436276
436277
436278
436279
436280
436281
436282
436283
436284
436285
436286
436287
436288
436289
436290
436291
436292
436293
436294
436295
436296
436297
436298
436299
436300
436301
436302
436303
436304
436305
436306
436307
436308
436309
436310
436311
436312
436313
436314
436315
436316
436317
436318
436320
436321
436456
436457
436459
436461
436462
436463
436464
436465
436466
436467
436468
436469
436470
436471
436472
436473
436474
436475
436476
436477
436478
436479
436480
436481
436482
436483
436484
436485
436486
436487
436626
436627
436629
436631
436632
436633
436634
436636
436637
436638
436639
436640
436642
436643
436644
436645
436646
436647
436649
438100
438102
438103
438104
438105
438106
438107
438108
438109
438110
438111
438112
438113
438114
438115
438116
438117
438118
438119
438120
438121
438122
438123
438124
438125
438126
438127
438254
438255
438256
438257
438258
438259
438260
438261
438262
438263
438264
438265
438266
438267
438268
438269
438270
438271
438272
438273
438274
438275
438276
438277
438278
438279
438280
438281
438282
438283
438284
438285
438287
438288
438289
438412
438415
438416
438417
438418
438419
438420
438421
438422
438423
438424
438425
438426
438427
438428
438429
438430
438431
438432
438433
438434
438435
438436
438437
438438
438439
438440
438441
438442
438443
438444
438445
438446
438447
438448
438449
438450
438451
438452
438453
438454
438455
438456
438457
438458
438459
438460
438461
438584
438585
438587
438589
438590
438591
438592
438593
438594
438595
438596
438597
438598
438599
438600
438601
438602
438603
438604
438605
438606
438607
438608
438609
438610
438611
438612
438613
438614
438615
438616
438617
438618
438619
438620
438621
438622
438623
438764
438765
438766
438767
438768
438769
438770
438771
438772
438773
438774
438775
438776
438777
438778
438779
438780
438781
438782
438783
438784
438785
438786
438787
438788
438789
438790
438791
438792
438793
438794
438795
438796
438797
438798
438799
438800
438801
438802
438803
438804
438805
438806
438807
438808
438810
438811
438946
438947
438949
438951
438952
438953
438954
438955
438956
438957
438958
438959
438960
438961
438962
438963
438964
438965
438966
438967
438968
438969
438970
438971
438972
438973
438974
438975
438976
438977
439116
439117
439119
439121
439122
439123
439124
439126
439127
439128
439129
439130
439132
439133
439134
439135
439136
439137
439139
440590
440592
440593
440594
440595
440596
440597
440598
440599
440600
440601
440602
440603
440604
440605
440606
440607
440608
440609
440610
440611
440612
440613
440614
440615
440616
440617
440744
440745
440746
440747
440748
440749
440750
440751
440752
440753
440754
440755
440756
440757
440758
440759
440760
440761
440762
440763
440764
440765
440766
440767
440768
440769
440770
440771
440772
440773
440774
440775
440777
440778
440779
440902
440905
440906
440907
440908
440909
440910
440911
440912
440913
440914
440915
440916
440917
440918
440919
440920
440921
440922
440923
440924
440925
440926
440927
440928
440929
440930
440931
440932
440933
440934
440935
440936
440937
440938
440939
440940
440941
440942
440943
440944
440945
440946
440947
440948
440949
440950
440951
441074
441075
441077
441079
441080
441081
441082
441083
441084
441085
441086
441087
441088
441089
441090
441091
441092
441093
441094
441095
441096
441097
441098
441099
441100
441101
441102
441103
441104
441105
441106
441107
441108
441109
441110
441111
441112
441113
441254
441255
441256
441257
441258
441259
441260
441261
441262
441263
441264
441265
441266
441267
441268
441269
441270
441271
441272
441273
441274
441275
441276
441277
441278
441279
441280
441281
441282
441283
441284
441285
441286
441287
441288
441289
441290
441291
441292
441293
441294
441295
441296
441297
441298
441300
441301
441436
441437
441439
441441
441442
441443
441444
441445
441446
441447
441448
441449
441450
441451
441452
441453
441454
441455
441456
441457
441458
441459
441460
441461
441462
441463
441464
441465
441466
441467
441606
441607
441609
441611
441612
441613
441614
441616
441617
441618
441619
441620
441622
441623
441624
441625
441626
441627
441629
443080
443082
443083
443084
443085
443086
443087
443088
443089
443090
443091
443092
443093
443094
443095
443096
443097
443098
443099
443100
443101
443102
443103
443104
443105
443106
443107
443234
443235
443236
443237
443238
443239
443240
443241
443242
443243
443244
443245
443246
443247
443248
443249
443250
443251
443252
443253
443254
443255
443256
443257
443258
443259
443260
443261
443262
443263
443264
443265
443267
443268
443269
443392
443395
443396
443397
443398
443399
443400
443401
443402
443403
443404
443405
443406
443407
443408
443409
443410
443411
443412
443413
443414
443415
443416
443417
443418
443419
443420
443421
443422
443423
443424
443425
443426
443427
443428
443429
443430
443431
443432
443433
443434
443435
443436
443437
443438
443439
443440
443441
443564
443565
443567
443569
443570
443571
443572
443573
443574
443575
443576
443577
443578
443579
443580
443581
443582
443583
443584
443585
443586
443587
443588
443589
443590
443591
443592
443593
443594
443595
443596
443597
443598
443599
443600
443601
443602
443603
443744
443745
443746
443747
443748
443749
443750
443751
443752
443753
443754
443755
443756
443757
443758
443759
443760
443761
443762
443763
443764
443765
443766
443767
443768
443769
443770
443771
443772
443773
443774
443775
443776
443777
443778
443779
443780
443781
443782
443783
443784
443785
443786
443787
443788
443790
443791
443926
443927
443929
443931
443932
443933
443934
443935
443936
443937
443938
443939
443940
443941
443942
443943
443944
443945
443946
443947
443948
443949
443950
443951
443952
443953
443954
443955
443956
443957
444096
444097
444099
444101
444102
444103
444104
444106
444107
444108
444109
444110
444112
444113
444114
444115
444116
444117
444119
445570
445572
445573
445574
445575
445576
445577
445578
445579
445580
445581
445582
445583
445584
445585
445586
445587
445588
445589
445590
445591
445592
445593
445594
445595
445596
445597
445724
445725
445726
445727
445728
445729
445730
445731
445732
445733
445734
445735
445736
445737
445738
445739
445740
445741
445742
445743
445744
445745
445746
445747
445748
445749
445750
445751
445752
445753
445754
445755
445757
445758
445759
445882
445885
445886
445887
445888
445889
445890
445891
445892
445893
445894
445895
445896
445897
445898
445899
445900
445901
445902
445903
445904
445905
445906
445907
445908
445909
445910
445911
445912
445913
445914
445915
445916
445917
445918
445919
445920
445921
445922
445923
445924
445925
445926
445927
445928
445929
445930
445931
446054
446055
446057
446059
446060
446061
446062
446063
446064
446065
446066
446067
446068
446069
446070
446071
446072
446073
446074
446075
446076
446077
446078
446079
446080
446081
446082
446083
446084
446085
446086
446087
446088
446089
446090
446091
446092
446093
446234
446235
446236
446237
446238
446239
446240
446241
446242
446243
446244
446245
446246
446247
446248
446249
446250
446251
446252
446253
446254
446255
446256
446257
446258
446259
446260
446261
446262
446263
446264
446265
446266
446267
446268
446269
446270
446271
446272
446273
446274
446275
446276
446277
446278
446280
446281
446416
446417
446419
446421
446422
446423
446424
446425
446426
446427
446428
446429
446430
446431
446432
446433
446434
446435
446436
446437
446438
446439
446440
446441
446442
446443
446444
446445
446446
446447
446586
446587
446589
446591
446592
446593
446594
446596
446597
446598
446599
446600
446602
446603
446604
446605
446606
446607
446609
448060
448062
448063
448064
448065
448066
448067
448068
448069
448070
448071
448072
448073
448074
448075
448076
448077
448078
448079
448080
448081
448082
448083
448084
448085
448086
448087
448214
448215
448216
448217
448218
448219
448220
448221
448222
448223
448224
448225
448226
448227
448228
448229
448230
448231
448232
448233
448234
448235
448236
448237
448238
448239
448240
448241
448242
448243
448244
448245
448247
448248
448249
448372
448375
448376
448377
448378
448379
448380
448381
448382
448383
448384
448385
448386
448387
448388
448389
448390
448391
448392
448393
448394
448395
448396
448397
448398
448399
448400
448401
448402
448403
448404
448405
448406
448407
448408
448409
448410
448411
448412
448413
448414
448415
448416
448417
448418
448419
448420
448421
448544
448545
448547
448549
448550
448551
448552
448553
448554
448555
448556
448557
448558
448559
448560
448561
448562
448563
448564
448565
448566
448567
448568
448569
448570
448571
448572
448573
448574
448575
448576
448577
448578
448579
448580
448581
448582
448583
448724
448725
448726
448727
448728
448729
448730
448731
448732
448733
448734
448735
448736
448737
448738
448739
448740
448741
448742
448743
448744
448745
448746
448747
448748
448749
448750
448751
448752
448753
448754
448755
448756
448757
448758
448759
448760
448761
448762
448763
448764
448765
448766
448767
448768
448770
448771
448906
448907
448909
448911
448912
448913
448914
448915
448916
448917
448918
448919
448920
448921
448922
448923
448924
448925
448926
448927
448928
448929
448930
448931
448932
448933
448934
448935
448936
448937
449076
449077
449079
449081
449082
449083
449084
449086
449087
449088
449089
449090
449092
449093
449094
449095
449096
449097
449099
450550
450552
450553
450554
450555
450556
450557
450558
450559
450560
450561
450562
450563
450564
450565
450566
450567
450568
450569
450570
450571
450572
450573
450574
450575
450576
450577
450704
450705
450706
450707
450708
450709
450710
450711
450712
450713
450714
450715
450716
450717
450718
450719
450720
450721
450722
450723
450724
450725
450726
450727
450728
450729
450730
450731
450732
450733
450734
450735
450737
450738
450739
450862
450865
450866
450867
450868
450869
450870
450871
450872
450873
450874
450875
450876
450877
450878
450879
450880
450881
450882
450883
450884
450885
450886
450887
450888
450889
450890
450891
450892
450893
450894
450895
450896
450897
450898
450899
450900
450901
450902
450903
450904
450905
450906
450907
450908
450909
450910
450911
451034
451035
451037
451039
451040
451041
451042
451043
451044
451045
451046
451047
451048
451049
451050
451051
451052
451053
451054
451055
451056
451057
451058
451059
451060
451061
451062
451063
451064
451065
451066
451067
451068
451069
451070
451071
451072
451073
451214
451215
451216
451217
451218
451219
451220
451221
451222
451223
451224
451225
451226
451227
451228
451229
451230
451231
451232
451233
451234
451235
451236
451237
451238
451239
451240
451241
451242
451243
451244
451245
451246
451247
451248
451249
451250
451251
451252
451253
451254
451255
451256
451257
451258
451260
451261
451396
451397
451399
451401
451402
451403
451404
451405
451406
451407
451408
451409
451410
451411
451412
451413
451414
451415
451416
451417
451418
451419
451420
451421
451422
451423
451424
451425
451426
451427
451566
451567
451569
451571
451572
451573
451574
451576
451577
451578
451579
451580
451582
451583
451584
451585
451586
451587
451589
453040
453042
453043
453044
453045
453046
453047
453048
453049
453050
453051
453052
453053
453054
453055
453056
453057
453058
453059
453060
453061
453062
453063
453064
453065
453066
453067
453194
453195
453196
453197
453198
453199
453200
453201
453202
453203
453204
453205
453206
453207
453208
453209
453210
453211
453212
453213
453214
453215
453216
453217
453218
453219
453220
453221
453222
453223
453224
453225
453227
453228
453229
453352
453355
453356
453357
453358
453359
453360
453361
453362
453363
453364
453365
453366
453367
453368
453369
453370
453371
453372
453373
453374
453375
453376
453377
453378
453379
453380
453381
453382
453383
453384
453385
453386
453387
453388
453389
453390
453391
453392
453393
453394
453395
453396
453397
453398
453399
453400
453401
453524
453525
453527
453529
453530
453531
453532
453533
453534
453535
453536
453537
453538
453539
453540
453541
453542
453543
453544
453545
453546
453547
453548
453549
453550
453551
453552
453553
453554
453555
453556
453557
453558
453559
453560
453561
453562
453563
453704
453705
453706
453707
453708
453709
453710
453711
453712
453713
453714
453715
453716
453717
453718
453719
453720
453721
453722
453723
453724
453725
453726
453727
453728
453729
453730
453731
453732
453733
453734
453735
453736
453737
453738
453739
453740
453741
453742
453743
453744
453745
453746
453747
453748
453750
453751
453886
453887
453889
453891
453892
453893
453894
453895
453896
453897
453898
453899
453900
453901
453902
453903
453904
453905
453906
453907
453908
453909
453910
453911
453912
453913
453914
453915
453916
453917
454056
454057
454059
454061
454062
454063
454064
454066
454067
454068
454069
454070
454072
454073
454074
454075
454076
454077
454079
455530
455532
455533
455534
455535
455536
455537
455538
455539
455540
455541
455542
455543
455544
455545
455546
455547
455548
455549
455550
455551
455552
455553
455554
455555
455556
455557
455684
455685
455686
455687
455688
455689
455690
455691
455692
455693
455694
455695
455696
455697
455698
455699
455700
455701
455702
455703
455704
455705
455706
455707
455708
455709
455710
455711
455712
455713
455714
455715
455717
455718
455719
455842
455845
455846
455847
455848
455849
455850
455851
455852
455853
455854
455855
455856
455857
455858
455859
455860
455861
455862
455863
455864
455865
455866
455867
455868
455869
455870
455871
455872
455873
455874
455875
455876
455877
455878
455879
455880
455881
455882
455883
455884
455885
455886
455887
455888
455889
455890
455891
456014
456015
456017
456019
456020
456021
456022
456023
456024
456025
456026
456027
456028
456029
456030
456031
456032
456033
456034
456035
456036
456037
456038
456039
456040
456041
456042
456043
456044
456045
456046
456047
456048
456049
456050
456051
456052
456053
456194
456195
456196
456197
456198
456199
456200
456201
456202
456203
456204
456205
456206
456207
456208
456209
456210
456211
456212
456213
456214
456215
456216
456217
456218
456219
456220
456221
456222
456223
456224
456225
456226
456227
456228
456229
456230
456231
456232
456233
456234
456235
456236
456237
456238
456240
456241
456376
456377
456379
456381
456382
456383
456384
456385
456386
456387
456388
456389
456390
456391
456392
456393
456394
456395
456396
456397
456398
456399
456400
456401
456402
456403
456404
456405
456406
456407
456546
456547
456549
456551
456552
456553
456554
456556
456557
456558
456559
456560
456562
456563
456564
456565
456566
456567
456569
458020
458022
458023
458024
458025
458026
458027
458028
458029
458030
458031
458032
458033
458034
458035
458036
458037
458038
458039
458040
458041
458042
458043
458044
458045
458046
458047
458174
458175
458176
458177
458178
458179
458180
458181
458182
458183
458184
458185
458186
458187
458188
458189
458190
458191
458192
458193
458194
458195
458196
458197
458198
458199
458200
458201
458202
458203
458204
458205
458207
458208
458209
458332
458335
458336
458337
458338
458339
458340
458341
458342
458343
458344
458345
458346
458347
458348
458349
458350
458351
458352
458353
458354
458355
458356
458357
458358
458359
458360
458361
458362
458363
458364
458365
458366
458367
458368
458369
458370
458371
458372
458373
458374
458375
458376
458377
458378
458379
458380
458381
458504
458505
458507
458509
458510
458511
458512
458513
458514
458515
458516
458517
458518
458519
458520
458521
458522
458523
458524
458525
458526
458527
458528
458529
458530
458531
458532
458533
458534
458535
458536
458537
458538
458539
458540
458541
458542
458543
458684
458685
458686
458687
458688
458689
458690
458691
458692
458693
458694
458695
458696
458697
458698
458699
458700
458701
458702
458703
458704
458705
458706
458707
458708
458709
458710
458711
458712
458713
458714
458715
458716
458717
458718
458719
458720
458721
458722
458723
458724
458725
458726
458727
458728
458730
458731
458866
458867
458869
458871
458872
458873
458874
458875
458876
458877
458878
458879
458880
458881
458882
458883
458884
458885
458886
458887
458888
458889
458890
458891
458892
458893
458894
458895
458896
458897
459036
459037
459039
459041
459042
459043
459044
459046
459047
459048
459049
459050
459052
459053
459054
459055
459056
459057
459059
460510
460512
460513
460514
460515
460516
460517
460518
460519
460520
460521
460522
460523
460524
460525
460526
460527
460528
460529
460530
460531
460532
460533
460534
460535
460536
460537
460664
460665
460666
460667
460668
460669
460670
460671
460672
460673
460674
460675
460676
460677
460678
460679
460680
460681
460682
460683
460684
460685
460686
460687
460688
460689
460690
460691
460692
460693
460694
460695
460697
460698
460699
460822
460825
460826
460827
460828
460829
460830
460831
460832
460833
460834
460835
460836
460837
460838
460839
460840
460841
460842
460843
460844
460845
460846
460847
460848
460849
460850
460851
460852
460853
460854
460855
460856
460857
460858
460859
460860
460861
460862
460863
460864
460865
460866
460867
460868
460869
460870
460871
460994
460995
460997
460999
461000
461001
461002
461003
461004
461005
461006
461007
461008
461009
461010
461011
461012
461013
461014
461015
461016
461017
461018
461019
461020
461021
461022
461023
461024
461025
461026
461027
461028
461029
461030
461031
461032
461033
461174
461175
461176
461177
461178
461179
461180
461181
461182
461183
461184
461185
461186
461187
461188
461189
461190
461191
461192
461193
461194
461195
461196
461197
461198
461199
461200
461201
461202
461203
461204
461205
461206
461207
461208
461209
461210
461211
461212
461213
461214
461215
461216
461217
461218
461220
461221
461356
461357
461359
461361
461362
461363
461364
461365
461366
461367
461368
461369
461370
461371
461372
461373
461374
461375
461376
461377
461378
461379
461380
461381
461382
461383
461384
461385
461386
461387
461526
461527
461529
461531
461532
461533
461534
461536
461537
461538
461539
461540
461542
461543
461544
461545
461546
461547
461549
463000
463002
463003
463004
463005
463006
463007
463008
463009
463010
463011
463012
463013
463014
463015
463016
463017
463018
463019
463020
463021
463022
463023
463024
463025
463026
463027
463154
463155
463156
463157
463158
463159
463160
463161
463162
463163
463164
463165
463166
463167
463168
463169
463170
463171
463172
463173
463174
463175
463176
463177
463178
463179
463180
463181
463182
463183
463184
463185
463187
463188
463189
463312
463315
463316
463317
463318
463319
463320
463321
463322
463323
463324
463325
463326
463327
463328
463329
463330
463331
463332
463333
463334
463335
463336
463337
463338
463339
463340
463341
463342
463343
463344
463345
463346
463347
463348
463349
463350
463351
463352
463353
463354
463355
463356
463357
463358
463359
463360
463361
463484
463485
463487
463489
463490
463491
463492
463493
463494
463495
463496
463497
463498
463499
463500
463501
463502
463503
463504
463505
463506
463507
463508
463509
463510
463511
463512
463513
463514
463515
463516
463517
463518
463519
463520
463521
463522
463523
463664
463665
463666
463667
463668
463669
463670
463671
463672
463673
463674
463675
463676
463677
463678
463679
463680
463681
463682
463683
463684
463685
463686
463687
463688
463689
463690
463691
463692
463693
463694
463695
463696
463697
463698
463699
463700
463701
463702
463703
463704
463705
463706
463707
463708
463710
463711
463846
463847
463849
463851
463852
463853
463854
463855
463856
463857
463858
463859
463860
463861
463862
463863
463864
463865
463866
463867
463868
463869
463870
463871
463872
463873
463874
463875
463876
463877
464016
464017
464019
464021
464022
464023
464024
464026
464027
464028
464029
464030
464032
464033
464034
464035
464036
464037
464039
465490
465492
465493
465494
465495
465496
465497
465498
465499
465500
465501
465502
465503
465504
465505
465506
465507
465508
465509
465510
465511
465512
465513
465514
465515
465516
465517
465644
465645
465646
465647
465648
465649
465650
465651
465652
465653
465654
465655
465656
465657
465658
465659
465660
465661
465662
465663
465664
465665
465666
465667
465668
465669
465670
465671
465672
465673
465674
465675
465677
465678
465679
465802
465805
465806
465807
465808
465809
465810
465811
465812
465813
465814
465815
465816
465817
465818
465819
465820
465821
465822
465823
465824
465825
465826
465827
465828
465829
465830
465831
465832
465833
465834
465835
465836
465837
465838
465839
465840
465841
465842
465843
465844
465845
465846
465847
465848
465849
465850
465851
465974
465975
465977
465979
465980
465981
465982
465983
465984
465985
465986
465987
465988
465989
465990
465991
465992
465993
465994
465995
465996
465997
465998
465999
466000
466001
466002
466003
466004
466005
466006
466007
466008
466009
466010
466011
466012
466013
466154
466155
466156
466157
466158
466159
466160
466161
466162
466163
466164
466165
466166
466167
466168
466169
466170
466171
466172
466173
466174
466175
466176
466177
466178
466179
466180
466181
466182
466183
466184
466185
466186
466187
466188
466189
466190
466191
466192
466193
466194
466195
466196
466197
466198
466200
466201
466336
466337
466339
466341
466342
466343
466344
466345
466346
466347
466348
466349
466350
466351
466352
466353
466354
466355
466356
466357
466358
466359
466360
466361
466362
466363
466364
466365
466366
466367
466506
466507
466509
466511
466512
466513
466514
466516
466517
466518
466519
466520
466522
466523
466524
466525
466526
466527
466529
467980
467982
467983
467984
467985
467986
467987
467988
467989
467990
467991
467992
467993
467994
467995
467996
467997
467998
467999
468000
468001
468002
468003
468004
468005
468006
468007
468134
468135
468136
468137
468138
468139
468140
468141
468142
468143
468144
468145
468146
468147
468148
468149
468150
468151
468152
468153
468154
468155
468156
468157
468158
468159
468160
468161
468162
468163
468164
468165
468167
468168
468169
468292
468295
468296
468297
468298
468299
468300
468301
468302
468303
468304
468305
468306
468307
468308
468309
468310
468311
468312
468313
468314
468315
468316
468317
468318
468319
468320
468321
468322
468323
468324
468325
468326
468327
468328
468329
468330
468331
468332
468333
468334
468335
468336
468337
468338
468339
468340
468341
468464
468465
468467
468469
468470
468471
468472
468473
468474
468475
468476
468477
468478
468479
468480
468481
468482
468483
468484
468485
468486
468487
468488
468489
468490
468491
468492
468493
468494
468495
468496
468497
468498
468499
468500
468501
468502
468503
468644
468645
468646
468647
468648
468649
468650
468651
468652
468653
468654
468655
468656
468657
468658
468659
468660
468661
468662
468663
468664
468665
468666
468667
468668
468669
468670
468671
468672
468673
468674
468675
468676
468677
468678
468679
468680
468681
468682
468683
468684
468685
468686
468687
468688
468690
468691
468826
468827
468829
468831
468832
468833
468834
468835
468836
468837
468838
468839
468840
468841
468842
468843
468844
468845
468846
468847
468848
468849
468850
468851
468852
468853
468854
468855
468856
468857
468996
468997
468999
469001
469002
469003
469004
469006
469007
469008
469009
469010
469012
469013
469014
469015
469016
469017
469019
470470
470472
470473
470474
470475
470476
470477
470478
470479
470480
470481
470482
470483
470484
470485
470486
470487
470488
470489
470490
470491
470492
470493
470494
470495
470496
470497
470624
470625
470626
470627
470628
470629
470630
470631
470632
470633
470634
470635
470636
470637
470638
470639
470640
470641
470642
470643
470644
470645
470646
470647
470648
470649
470650
470651
470652
470653
470654
470655
470657
470658
470659
470782
470785
470786
470787
470788
470789
470790
470791
470792
470793
470794
470795
470796
470797
470798
470799
470800
470801
470802
470803
470804
470805
470806
470807
470808
470809
470810
470811
470812
470813
470814
470815
470816
470817
470818
470819
470820
470821
470822
470823
470824
470825
470826
470827
470828
470829
470830
470831
470954
470955
470957
470959
470960
470961
470962
470963
470964
470965
470966
470967
470968
470969
470970
470971
470972
470973
470974
470975
470976
470977
470978
470979
470980
470981
470982
470983
470984
470985
470986
470987
470988
470989
470990
470991
470992
470993
471134
471135
471136
471137
471138
471139
471140
471141
471142
471143
471144
471145
471146
471147
471148
471149
471150
471151
471152
471153
471154
471155
471156
471157
471158
471159
471160
471161
471162
471163
471164
471165
471166
471167
471168
471169
471170
471171
471172
471173
471174
471175
471176
471177
471178
471180
471181
471316
471317
471319
471321
471322
471323
471324
471325
471326
471327
471328
471329
471330
471331
471332
471333
471334
471335
471336
471337
471338
471339
471340
471341
471342
471343
471344
471345
471346
471347
471486
471487
471489
471491
471492
471493
471494
471496
471497
471498
471499
471500
471502
471503
471504
471505
471506
471507
471509
472960
472962
472963
472964
472965
472966
472967
472968
472969
472970
472971
472972
472973
472974
472975
472976
472977
472978
472979
472980
472981
472982
472983
472984
472985
472986
472987
473114
473115
473116
473117
473118
473119
473120
473121
473122
473123
473124
473125
473126
473127
473128
473129
473130
473131
473132
473133
473134
473135
473136
473137
473138
473139
473140
473141
473142
473143
473144
473145
473147
473148
473149
473272
473275
473276
473277
473278
473279
473280
473281
473282
473283
473284
473285
473286
473287
473288
473289
473290
473291
473292
473293
473294
473295
473296
473297
473298
473299
473300
473301
473302
473303
473304
473305
473306
473307
473308
473309
473310
473311
473312
473313
473314
473315
473316
473317
473318
473319
473320
473321
473444
473445
473447
473449
473450
473451
473452
473453
473454
473455
473456
473457
473458
473459
473460
473461
473462
473463
473464
473465
473466
473467
473468
473469
473470
473471
473472
473473
473474
473475
473476
473477
473478
473479
473480
473481
473482
473483
473624
473625
473626
473627
473628
473629
473630
473631
473632
473633
473634
473635
473636
473637
473638
473639
473640
473641
473642
473643
473644
473645
473646
473647
473648
473649
473650
473651
473652
473653
473654
473655
473656
473657
473658
473659
473660
473661
473662
473663
473664
473665
473666
473667
473668
473670
473671
473806
473807
473809
473811
473812
473813
473814
473815
473816
473817
473818
473819
473820
473821
473822
473823
473824
473825
473826
473827
473828
473829
473830
473831
473832
473833
473834
473835
473836
473837
473976
473977
473979
473981
473982
473983
473984
473986
473987
473988
473989
473990
473992
473993
473994
473995
473996
473997
473999
475450
475452
475453
475454
475455
475456
475457
475458
475459
475460
475461
475462
475463
475464
475465
475466
475467
475468
475469
475470
475471
475472
475473
475474
475475
475476
475477
475604
475605
475606
475607
475608
475609
475610
475611
475612
475613
475614
475615
475616
475617
475618
475619
475620
475621
475622
475623
475624
475625
475626
475627
475628
475629
475630
475631
475632
475633
475634
475635
475637
475638
475639
475762
475765
475766
475767
475768
475769
475770
475771
475772
475773
475774
475775
475776
475777
475778
475779
475780
475781
475782
475783
475784
475785
475786
475787
475788
475789
475790
475791
475792
475793
475794
475795
475796
475797
475798
475799
475800
475801
475802
475803
475804
475805
475806
475807
475808
475809
475810
475811
475934
475935
475937
475939
475940
475941
475942
475943
475944
475945
475946
475947
475948
475949
475950
475951
475952
475953
475954
475955
475956
475957
475958
475959
475960
475961
475962
475963
475964
475965
475966
475967
475968
475969
475970
475971
475972
475973
476114
476115
476116
476117
476118
476119
476120
476121
476122
476123
476124
476125
476126
476127
476128
476129
476130
476131
476132
476133
476134
476135
476136
476137
476138
476139
476140
476141
476142
476143
476144
476145
476146
476147
476148
476149
476150
476151
476152
476153
476154
476155
476156
476157
476158
476160
476161
476296
476297
476299
476301
476302
476303
476304
476305
476306
476307
476308
476309
476310
476311
476312
476313
476314
476315
476316
476317
476318
476319
476320
476321
476322
476323
476324
476325
476326
476327
476466
476467
476469
476471
476472
476473
476474
476476
476477
476478
476479
476480
476482
476483
476484
476485
476486
476487
476489
477940
477942
477943
477944
477945
477946
477947
477948
477949
477950
477951
477952
477953
477954
477955
477956
477957
477958
477959
477960
477961
477962
477963
477964
477965
477966
477967
478094
478095
478096
478097
478098
478099
478100
478101
478102
478103
478104
478105
478106
478107
478108
478109
478110
478111
478112
478113
478114
478115
478116
478117
478118
478119
478120
478121
478122
478123
478124
478125
478127
478128
478129
478252
478255
478256
478257
478258
478259
478260
478261
478262
478263
478264
478265
478266
478267
478268
478269
478270
478271
478272
478273
478274
478275
478276
478277
478278
478279
478280
478281
478282
478283
478284
478285
478286
478287
478288
478289
478290
478291
478292
478293
478294
478295
478296
478297
478298
478299
478300
478301
478424
478425
478427
478429
478430
478431
478432
478433
478434
478435
478436
478437
478438
478439
478440
478441
478442
478443
478444
478445
478446
478447
478448
478449
478450
478451
478452
478453
478454
478455
478456
478457
478458
478459
478460
478461
478462
478463
478604
478605
478606
478607
478608
478609
478610
478611
478612
478613
478614
478615
478616
478617
478618
478619
478620
478621
478622
478623
478624
478625
478626
478627
478628
478629
478630
478631
478632
478633
478634
478635
478636
478637
478638
478639
478640
478641
478642
478643
478644
478645
478646
478647
478648
478650
478651
478786
478787
478789
478791
478792
478793
478794
478795
478796
478797
478798
478799
478800
478801
478802
478803
478804
478805
478806
478807
478808
478809
478810
478811
478812
478813
478814
478815
478816
478817
478956
478957
478959
478961
478962
478963
478964
478966
478967
478968
478969
478970
478972
478973
478974
478975
478976
478977
478979
480430
480432
480433
480434
480435
480436
480437
480438
480439
480440
480441
480442
480443
480444
480445
480446
480447
480448
480449
480450
480451
480452
480453
480454
480455
480456
480457
480584
480585
480586
480587
480588
480589
480590
480591
480592
480593
480594
480595
480596
480597
480598
480599
480600
480601
480602
480603
480604
480605
480606
480607
480608
480609
480610
480611
480612
480613
480614
480615
480617
480618
480619
480742
480745
480746
480747
480748
480749
480750
480751
480752
480753
480754
480755
480756
480757
480758
480759
480760
480761
480762
480763
480764
480765
480766
480767
480768
480769
480770
480771
480772
480773
480774
480775
480776
480777
480778
480779
480780
480781
480782
480783
480784
480785
480786
480787
480788
480789
480790
480791
480914
480915
480917
480919
480920
480921
480922
480923
480924
480925
480926
480927
480928
480929
480930
480931
480932
480933
480934
480935
480936
480937
480938
480939
480940
480941
480942
480943
480944
480945
480946
480947
480948
480949
480950
480951
480952
480953
481094
481095
481096
481097
481098
481099
481100
481101
481102
481103
481104
481105
481106
481107
481108
481109
481110
481111
481112
481113
481114
481115
481116
481117
481118
481119
481120
481121
481122
481123
481124
481125
481126
481127
481128
481129
481130
481131
481132
481133
481134
481135
481136
481137
481138
481140
481141
481276
481277
481279
481281
481282
481283
481284
481285
481286
481287
481288
481289
481290
481291
481292
481293
481294
481295
481296
481297
481298
481299
481300
481301
481302
481303
481304
481305
481306
481307
481446
481447
481449
481451
481452
481453
481454
481456
481457
481458
481459
481460
481462
481463
481464
481465
481466
481467
481469
482920
482922
482923
482924
482925
482926
482927
482928
482929
482930
482931
482932
482933
482934
482935
482936
482937
482938
482939
482940
482941
482942
482943
482944
482945
482946
482947
483074
483075
483076
483077
483078
483079
483080
483081
483082
483083
483084
483085
483086
483087
483088
483089
483090
483091
483092
483093
483094
483095
483096
483097
483098
483099
483100
483101
483102
483103
483104
483105
483107
483108
483109
483232
483235
483236
483237
483238
483239
483240
483241
483242
483243
483244
483245
483246
483247
483248
483249
483250
483251
483252
483253
483254
483255
483256
483257
483258
483259
483260
483261
483262
483263
483264
483265
483266
483267
483268
483269
483270
483271
483272
483273
483274
483275
483276
483277
483278
483279
483280
483281
483404
483405
483407
483409
483410
483411
483412
483413
483414
483415
483416
483417
483418
483419
483420
483421
483422
483423
483424
483425
483426
483427
483428
483429
483430
483431
483432
483433
483434
483435
483436
483437
483438
483439
483440
483441
483442
483443
483584
483585
483586
483587
483588
483589
483590
483591
483592
483593
483594
483595
483596
483597
483598
483599
483600
483601
483602
483603
483604
483605
483606
483607
483608
483609
483610
483611
483612
483613
483614
483615
483616
483617
483618
483619
483620
483621
483622
483623
483624
483625
483626
483627
483628
483630
483631
483766
483767
483769
483771
483772
483773
483774
483775
483776
483777
483778
483779
483780
483781
483782
483783
483784
483785
483786
483787
483788
483789
483790
483791
483792
483793
483794
483795
483796
483797
483936
483937
483939
483941
483942
483943
483944
483946
483947
483948
483949
483950
483952
483953
483954
483955
483956
483957
483959
485410
485412
485413
485414
485415
485416
485417
485418
485419
485420
485421
485422
485423
485424
485425
485426
485427
485428
485429
485430
485431
485432
485433
485434
485435
485436
485437
485564
485565
485566
485567
485568
485569
485570
485571
485572
485573
485574
485575
485576
485577
485578
485579
485580
485581
485582
485583
485584
485585
485586
485587
485588
485589
485590
485591
485592
485593
485594
485595
485597
485598
485599
485722
485725
485726
485727
485728
485729
485730
485731
485732
485733
485734
485735
485736
485737
485738
485739
485740
485741
485742
485743
485744
485745
485746
485747
485748
485749
485750
485751
485752
485753
485754
485755
485756
485757
485758
485759
485760
485761
485762
485763
485764
485765
485766
485767
485768
485769
485770
485771
485894
485895
485897
485899
485900
485901
485902
485903
485904
485905
485906
485907
485908
485909
485910
485911
485912
485913
485914
485915
485916
485917
485918
485919
485920
485921
485922
485923
485924
485925
485926
485927
485928
485929
485930
485931
485932
485933
486074
486075
486076
486077
486078
486079
486080
486081
486082
486083
486084
486085
486086
486087
486088
486089
486090
486091
486092
486093
486094
486095
486096
486097
486098
486099
486100
486101
486102
486103
486104
486105
486106
486107
486108
486109
486110
486111
486112
486113
486114
486115
486116
486117
486118
486120
486121
486256
486257
486259
486261
486262
486263
486264
486265
486266
486267
486268
486269
486270
486271
486272
486273
486274
486275
486276
486277
486278
486279
486280
486281
486282
486283
486284
486285
486286
486287
486426
486427
486429
486431
486432
486433
486434
486436
486437
486438
486439
486440
486442
486443
486444
486445
486446
486447
486449
487900
487902
487903
487904
487905
487906
487907
487908
487909
487910
487911
487912
487913
487914
487915
487916
487917
487918
487919
487920
487921
487922
487923
487924
487925
487926
487927
488054
488055
488056
488057
488058
488059
488060
488061
488062
488063
488064
488065
488066
488067
488068
488069
488070
488071
488072
488073
488074
488075
488076
488077
488078
488079
488080
488081
488082
488083
488084
488085
488087
488088
488089
488212
488215
488216
488217
488218
488219
488220
488221
488222
488223
488224
488225
488226
488227
488228
488229
488230
488231
488232
488233
488234
488235
488236
488237
488238
488239
488240
488241
488242
488243
488244
488245
488246
488247
488248
488249
488250
488251
488252
488253
488254
488255
488256
488257
488258
488259
488260
488261
488384
488385
488387
488389
488390
488391
488392
488393
488394
488395
488396
488397
488398
488399
488400
488401
488402
488403
488404
488405
488406
488407
488408
488409
488410
488411
488412
488413
488414
488415
488416
488417
488418
488419
488420
488421
488422
488423
488564
488565
488566
488567
488568
488569
488570
488571
488572
488573
488574
488575
488576
488577
488578
488579
488580
488581
488582
488583
488584
488585
488586
488587
488588
488589
488590
488591
488592
488593
488594
488595
488596
488597
488598
488599
488600
488601
488602
488603
488604
488605
488606
488607
488608
488610
488611
488746
488747
488749
488751
488752
488753
488754
488755
488756
488757
488758
488759
488760
488761
488762
488763
488764
488765
488766
488767
488768
488769
488770
488771
488772
488773
488774
488775
488776
488777
488916
488917
488919
488921
488922
488923
488924
488926
488927
488928
488929
488930
488932
488933
488934
488935
488936
488937
488939
490390
490392
490393
490394
490395
490396
490397
490398
490399
490400
490401
490402
490403
490404
490405
490406
490407
490408
490409
490410
490411
490412
490413
490414
490415
490416
490417
490544
490545
490546
490547
490548
490549
490550
490551
490552
490553
490554
490555
490556
490557
490558
490559
490560
490561
490562
490563
490564
490565
490566
490567
490568
490569
490570
490571
490572
490573
490574
490575
490577
490578
490579
490702
490705
490706
490707
490708
490709
490710
490711
490712
490713
490714
490715
490716
490717
490718
490719
490720
490721
490722
490723
490724
490725
490726
490727
490728
490729
490730
490731
490732
490733
490734
490735
490736
490737
490738
490739
490740
490741
490742
490743
490744
490745
490746
490747
490748
490749
490750
490751
490874
490875
490877
490879
490880
490881
490882
490883
490884
490885
490886
490887
490888
490889
490890
490891
490892
490893
490894
490895
490896
490897
490898
490899
490900
490901
490902
490903
490904
490905
490906
490907
490908
490909
490910
490911
490912
490913
491054
491055
491056
491057
491058
491059
491060
491061
491062
491063
491064
491065
491066
491067
491068
491069
491070
491071
491072
491073
491074
491075
491076
491077
491078
491079
491080
491081
491082
491083
491084
491085
491086
491087
491088
491089
491090
491091
491092
491093
491094
491095
491096
491097
491098
491100
491101
491236
491237
491239
491241
491242
491243
491244
491245
491246
491247
491248
491249
491250
491251
491252
491253
491254
491255
491256
491257
491258
491259
491260
491261
491262
491263
491264
491265
491266
491267
491406
491407
491409
491411
491412
491413
491414
491416
491417
491418
491419
491420
491422
491423
491424
491425
491426
491427
491429
492880
492882
492883
492884
492885
492886
492887
492888
492889
492890
492891
492892
492893
492894
492895
492896
492897
492898
492899
492900
492901
492902
492903
492904
492905
492906
492907
493034
493035
493036
493037
493038
493039
493040
493041
493042
493043
493044
493045
493046
493047
493048
493049
493050
493051
493052
493053
493054
493055
493056
493057
493058
493059
493060
493061
493062
493063
493064
493065
493067
493068
493069
493192
493195
493196
493197
493198
493199
493200
493201
493202
493203
493204
493205
493206
493207
493208
493209
493210
493211
493212
493213
493214
493215
493216
493217
493218
493219
493220
493221
493222
493223
493224
493225
493226
493227
493228
493229
493230
493231
493232
493233
493234
493235
493236
493237
493238
493239
493240
493241
493364
493365
493367
493369
493370
493371
493372
493373
493374
493375
493376
493377
493378
493379
493380
493381
493382
493383
493384
493385
493386
493387
493388
493389
493390
493391
493392
493393
493394
493395
493396
493397
493398
493399
493400
493401
493402
493403
493544
493545
493546
493547
493548
493549
493550
493551
493552
493553
493554
493555
493556
493557
493558
493559
493560
493561
493562
493563
493564
493565
493566
493567
493568
493569
493570
493571
493572
493573
493574
493575
493576
493577
493578
493579
493580
493581
493582
493583
493584
493585
493586
493587
493588
493590
493591
493726
493727
493729
493731
493732
493733
493734
493735
493736
493737
493738
493739
493740
493741
493742
493743
493744
493745
493746
493747
493748
493749
493750
493751
493752
493753
493754
493755
493756
493757
493896
493897
493899
493901
493902
493903
493904
493906
493907
493908
493909
493910
493912
493913
493914
493915
493916
493917
493919
495365
495367
495368
495369
495370
495371
495372
495373
495374
495375
495376
495377
495378
495379
495380
495381
495382
495383
495384
495385
495386
495387
495388
495498
495499
495500
495501
495502
495503
495504
495505
495506
495507
495508
495509
495510
495511
495512
495513
495514
495515
495516
495517
495518
495519
495520
495521
495522
495523
495524
495525
495527
495528
495529
495644
495647
495648
495649
495650
495651
495652
495653
495654
495655
495656
495657
495658
495659
495660
495661
495662
495663
495664
495665
495666
495667
495668
495669
495670
495671
495672
495673
495674
495675
495676
495677
495678
495679
495680
495681
495682
495683
495684
495685
495686
495687
495805
495806
495808
495810
495811
495812
495813
495814
495815
495816
495817
495818
495819
495820
495821
495822
495823
495824
495825
495826
495827
495828
495829
495830
495831
495832
495833
495834
495835
495836
495837
495838
495839
495840
495973
495974
495975
495976
495977
495978
495979
495980
495981
495982
495983
495984
495985
495986
495987
495988
495989
495990
495991
495992
495993
495994
495995
495996
495997
495998
495999
496000
496001
496002
496003
496004
496005
496006
496007
496008
496009
496010
496011
496012
496013
496015
496016
496140
496141
496143
496145
496146
496147
496148
496149
496150
496151
496152
496153
496154
496155
496156
496157
496158
496159
496160
496161
496162
496163
496164
496165
496166
496167
496168
496169
496170
496171
496295
496296
496298
496300
496301
496302
496303
496305
496306
496307
496308
496309
496311
496312
496313
496314
496315
496316
496318
497466
497467
497468
497479
497480
497481
497482
497483
497484
497485
497486
497487
497488
497489
497490
497491
497492
497493
497494
497495
497496
497497
497498
497499
497500
497501
497502
497503
497504
497505
497506
497508
497509
497510
497511
497512
497513
497514
497518
497528
497529
497575
497576
497579
497580
497581
497584
497585
497586
497590
497591
497592
497596
497597
497602
497603
497608
497609
497610
497749
497750
497751
497752
497753
497754
497755
497756
497757
497758
497759
497760
497761
497762
497763
497764
497765
497766
497767
497768
497770
497771
497772
497773
497775
497776
497777
497778
497780
497781
498124
498125
498128
498129
498130
498131
498133
498134
498135
498139
498140
498141
498143
498145
498146
498150
498151
498152
498155
498157
498158
498159
498503
498504
498508
498509
498514
498515
498516
498521
498523
498524
498525
498526
498527
498528
498529
498530
498531
498532
498533
498534
498535
498536
498537
498538
498539
498540
498541
498542
498543
498544
498545
498546
498547
498548
498549
498550
498551
498552
498553
498554
498555
498556
498557
498558
498559
498560
498561
498562
498566
498571
498577
498739
498740
498743
498744
498746
498748
498749
498750
498754
498756
498757
498758
498759
498760
498761
498762
498763
498764
498765
498766
498767
498768
498769
498770
498771
498772
498773
498774
498775
498776
498777
498778
498779
498780
498781
498782
498783
498784
498785
498786
498787
498788
498789
498790
498791
498792
498793
498794
498795
498797
498799
498803
498804
498807
498810
498990
498996
498999
499000
499008
499009
499015
499017
499019
499020
499021
499029
499030
499036
499038
499040
499041
499042
499050
499056
499060
500161
500162
500163
500174
500175
500176
500177
500178
500179
500180
500181
500182
500183
500184
500185
500186
500187
500188
500189
500190
500191
500192
500193
500194
500195
500196
500197
500198
500199
500200
500201
500203
500204
500205
500206
500207
500208
500209
500213
500223
500224
500270
500271
500274
500275
500276
500279
500280
500281
500285
500286
500287
500291
500292
500297
500298
500303
500304
500305
500444
500445
500446
500447
500448
500449
500450
500451
500452
500453
500454
500455
500456
500457
500458
500459
500460
500461
500462
500463
500465
500466
500467
500468
500470
500471
500472
500473
500475
500476
500819
500820
500823
500824
500825
500826
500828
500829
500830
500834
500835
500836
500838
500840
500841
500845
500846
500847
500850
500852
500853
500854
501198
501199
501203
501204
501209
501210
501211
501216
501218
501219
501220
501221
501222
501223
501224
501225
501226
501227
501228
501229
501230
501231
501232
501233
501234
501235
501236
501237
501238
501239
501240
501241
501242
501243
501244
501245
501246
501247
501248
501249
501250
501251
501252
501253
501254
501255
501256
501257
501261
501266
501272
501434
501435
501438
501439
501441
501443
501444
501445
501449
501451
501452
501453
501454
501455
501456
501457
501458
501459
501460
501461
501462
501463
501464
501465
501466
501467
501468
501469
501470
501471
501472
501473
501474
501475
501476
501477
501478
501479
501480
501481
501482
501483
501484
501485
501486
501487
501488
501489
501490
501492
501494
501498
501499
501502
501505
501685
501691
501694
501695
501703
501704
501710
501712
501714
501715
501716
501724
501725
501731
501733
501735
501736
501737
501745
501751
501755
502856
502857
502858
502869
502870
502871
502872
502873
502874
502875
502876
502877
502878
502879
502880
502881
502882
502883
502884
502885
502886
502887
502888
502889
502890
502891
502892
502893
502894
502895
502896
502898
502899
502900
502901
502902
502903
502904
502908
502918
502919
502965
502966
502969
502970
502971
502974
502975
502976
502980
502981
502982
502986
502987
502992
502993
502998
502999
503000
503139
503140
503141
503142
503143
503144
503145
503146
503147
503148
503149
503150
503151
503152
503153
503154
503155
503156
503157
503158
503160
503161
503162
503163
503165
503166
503167
503168
503170
503171
503514
503515
503518
503519
503520
503521
503523
503524
503525
503529
503530
503531
503533
503535
503536
503540
503541
503542
503545
503547
503548
503549
503893
503894
503898
503899
503904
503905
503906
503911
503913
503914
503915
503916
503917
503918
503919
503920
503921
503922
503923
503924
503925
503926
503927
503928
503929
503930
503931
503932
503933
503934
503935
503936
503937
503938
503939
503940
503941
503942
503943
503944
503945
503946
503947
503948
503949
503950
503951
503952
503956
503961
503967
504129
504130
504133
504134
504136
504138
504139
504140
504144
504146
504147
504148
504149
504150
504151
504152
504153
504154
504155
504156
504157
504158
504159
504160
504161
504162
504163
504164
504165
504166
504167
504168
504169
504170
504171
504172
504173
504174
504175
504176
504177
504178
504179
504180
504181
504182
504183
504184
504185
504187
504189
504193
504194
504197
504200
504380
504386
504389
504390
504398
504399
504405
504407
504409
504410
504411
504419
504420
504426
504428
504430
504431
504432
504440
504446
504450
505551
505552
505553
505564
505565
505566
505567
505568
505569
505570
505571
505572
505573
505574
505575
505576
505577
505578
505579
505580
505581
505582
505583
505584
505585
505586
505587
505588
505589
505590
505591
505593
505594
505595
505596
505597
505598
505599
505603
505613
505614
505660
505661
505664
505665
505666
505669
505670
505671
505675
505676
505677
505681
505682
505687
505688
505693
505694
505695
505834
505835
505836
505837
505838
505839
505840
505841
505842
505843
505844
505845
505846
505847
505848
505849
505850
505851
505852
505853
505855
505856
505857
505858
505860
505861
505862
505863
505865
505866
506209
506210
506213
506214
506215
506216
506218
506219
506220
506224
506225
506226
506228
506230
506231
506235
506236
506237
506240
506242
506243
506244
506588
506589
506593
506594
506599
506600
506601
506606
506608
506609
506610
506611
506612
506613
506614
506615
506616
506617
506618
506619
506620
506621
506622
506623
506624
506625
506626
506627
506628
506629
506630
506631
506632
506633
506634
506635
506636
506637
506638
506639
506640
506641
506642
506643
506644
506645
506646
506647
506651
506656
506662
506824
506825
506828
506829
506831
506833
506834
506835
506839
506841
506842
506843
506844
506845
506846
506847
506848
506849
506850
506851
506852
506853
506854
506855
506856
506857
506858
506859
506860
506861
506862
506863
506864
506865
506866
506867
506868
506869
506870
506871
506872
506873
506874
506875
506876
506877
506878
506879
506880
506882
506884
506888
506889
506892
506895
507075
507081
507084
507085
507093
507094
507100
507102
507104
507105
507106
507114
507115
507121
507123
507125
507126
507127
507135
507141
507145
508246
508247
508248
508259
508260
508261
508262
508263
508264
508265
508266
508267
508268
508269
508270
508271
508272
508273
508274
508275
508276
508277
508278
508279
508280
508281
508282
508283
508284
508285
508286
508288
508289
508290
508291
508292
508293
508294
508298
508308
508309
508355
508356
508359
508360
508361
508364
508365
508366
508370
508371
508372
508376
508377
508382
508383
508388
508389
508390
508529
508530
508531
508532
508533
508534
508535
508536
508537
508538
508539
508540
508541
508542
508543
508544
508545
508546
508547
508548
508550
508551
508552
508553
508555
508556
508557
508558
508560
508561
508904
508905
508908
508909
508910
508911
508913
508914
508915
508919
508920
508921
508923
508925
508926
508930
508931
508932
508935
508937
508938
508939
509283
509284
509288
509289
509294
509295
509296
509301
509303
509304
509305
509306
509307
509308
509309
509310
509311
509312
509313
509314
509315
509316
509317
509318
509319
509320
509321
509322
509323
509324
509325
509326
509327
509328
509329
509330
509331
509332
509333
509334
509335
509336
509337
509338
509339
509340
509341
509342
509346
509351
509357
509519
509520
509523
509524
509526
509528
509529
509530
509534
509536
509537
509538
509539
509540
509541
509542
509543
509544
509545
509546
509547
509548
509549
509550
509551
509552
509553
509554
509555
509556
509557
509558
509559
509560
509561
509562
509563
509564
509565
509566
509567
509568
509569
509570
509571
509572
509573
509574
509575
509577
509579
509583
509584
509587
509590
509770
509776
509779
509780
509788
509789
509795
509797
509799
509800
509801
509809
509810
509816
509818
509820
509821
509822
509830
509836
509840
510941
510942
510943
510954
510955
510956
510957
510958
510959
510960
510961
510962
510963
510964
510965
510966
510967
510968
510969
510970
510971
510972
510973
510974
510975
510976
510977
510978
510979
510980
510981
510983
510984
510985
510986
510987
510988
510989
510993
511003
511004
511050
511051
511054
511055
511056
511059
511060
511061
511065
511066
511067
511071
511072
511077
511078
511083
511084
511085
511224
511225
511226
511227
511228
511229
511230
511231
511232
511233
511234
511235
511236
511237
511238
511239
511240
511241
511242
511243
511245
511246
511247
511248
511250
511251
511252
511253
511255
511256
511599
511600
511603
511604
511605
511606
511608
511609
511610
511614
511615
511616
511618
511620
511621
511625
511626
511627
511630
511632
511633
511634
511978
511979
511983
511984
511989
511990
511991
511996
511998
511999
512000
512001
512002
512003
512004
512005
512006
512007
512008
512009
512010
512011
512012
512013
512014
512015
512016
512017
512018
512019
512020
512021
512022
512023
512024
512025
512026
512027
512028
512029
512030
512031
512032
512033
512034
512035
512036
512037
512041
512046
512052
512214
512215
512218
512219
512221
512223
512224
512225
512229
512231
512232
512233
512234
512235
512236
512237
512238
512239
512240
512241
512242
512243
512244
512245
512246
512247
512248
512249
512250
512251
512252
512253
512254
512255
512256
512257
512258
512259
512260
512261
512262
512263
512264
512265
512266
512267
512268
512269
512270
512272
512274
512278
512279
512282
512285
512465
512471
512474
512475
512483
512484
512490
512492
512494
512495
512496
512504
512505
512511
512513
512515
512516
512517
512525
512531
512535
513636
513637
513638
513649
513650
513651
513652
513653
513654
513655
513656
513657
513658
513659
513660
513661
513662
513663
513664
513665
513666
513667
513668
513669
513670
513671
513672
513673
513674
513675
513676
513678
513679
513680
513681
513682
513683
513684
513688
513698
513699
513745
513746
513749
513750
513751
513754
513755
513756
513760
513761
513762
513766
513767
513772
513773
513778
513779
513780
513919
513920
513921
513922
513923
513924
513925
513926
513927
513928
513929
513930
513931
513932
513933
513934
513935
513936
513937
513938
513940
513941
513942
513943
513945
513946
513947
513948
513950
513951
514294
514295
514298
514299
514300
514301
514303
514304
514305
514309
514310
514311
514313
514315
514316
514320
514321
514322
514325
514327
514328
514329
514673
514674
514678
514679
514684
514685
514686
514691
514693
514694
514695
514696
514697
514698
514699
514700
514701
514702
514703
514704
514705
514706
514707
514708
514709
514710
514711
514712
514713
514714
514715
514716
514717
514718
514719
514720
514721
514722
514723
514724
514725
514726
514727
514728
514729
514730
514731
514732
514736
514741
514747
514909
514910
514913
514914
514916
514918
514919
514920
514924
514926
514927
514928
514929
514930
514931
514932
514933
514934
514935
514936
514937
514938
514939
514940
514941
514942
514943
514944
514945
514946
514947
514948
514949
514950
514951
514952
514953
514954
514955
514956
514957
514958
514959
514960
514961
514962
514963
514964
514965
514967
514969
514973
514974
514977
514980
515160
515166
515169
515170
515178
515179
515185
515187
515189
515190
515191
515199
515200
515206
515208
515210
515211
515212
515220
515226
515230
516331
516332
516333
516344
516345
516346
516347
516348
516349
516350
516351
516352
516353
516354
516355
516356
516357
516358
516359
516360
516361
516362
516363
516364
516365
516366
516367
516368
516369
516370
516371
516373
516374
516375
516376
516377
516378
516379
516383
516393
516394
516440
516441
516444
516445
516446
516449
516450
516451
516455
516456
516457
516461
516462
516467
516468
516473
516474
516475
516614
516615
516616
516617
516618
516619
516620
516621
516622
516623
516624
516625
516626
516627
516628
516629
516630
516631
516632
516633
516635
516636
516637
516638
516640
516641
516642
516643
516645
516646
516989
516990
516993
516994
516995
516996
516998
516999
517000
517004
517005
517006
517008
517010
517011
517015
517016
517017
517020
517022
517023
517024
517368
517369
517373
517374
517379
517380
517381
517386
517388
517389
517390
517391
517392
517393
517394
517395
517396
517397
517398
517399
517400
517401
517402
517403
517404
517405
517406
517407
517408
517409
517410
517411
517412
517413
517414
517415
517416
517417
517418
517419
517420
517421
517422
517423
517424
517425
517426
517427
517431
517436
517442
517604
517605
517608
517609
517611
517613
517614
517615
517619
517621
517622
517623
517624
517625
517626
517627
517628
517629
517630
517631
517632
517633
517634
517635
517636
517637
517638
517639
517640
517641
517642
517643
517644
517645
517646
517647
517648
517649
517650
517651
517652
517653
517654
517655
517656
517657
517658
517659
517660
517662
517664
517668
517669
517672
517675
517855
517861
517864
517865
517873
517874
517880
517882
517884
517885
517886
517894
517895
517901
517903
517905
517906
517907
517915
517921
517925
519026
519027
519028
519039
519040
519041
519042
519043
519044
519045
519046
519047
519048
519049
519050
519051
519052
519053
519054
519055
519056
519057
519058
519059
519060
519061
519062
519063
519064
519065
519066
519068
519069
519070
519071
519072
519073
519074
519078
519088
519089
519135
519136
519139
519140
519141
519144
519145
519146
519150
519151
519152
519156
519157
519162
519163
519168
519169
519170
519309
519310
519311
519312
519313
519314
519315
519316
519317
519318
519319
519320
519321
519322
519323
519324
519325
519326
519327
519328
519330
519331
519332
519333
519335
519336
519337
519338
519340
519341
519684
519685
519688
519689
519690
519691
519693
519694
519695
519699
519700
519701
519703
519705
519706
519710
519711
519712
519715
519717
519718
519719
520063
520064
520068
520069
520074
520075
520076
520081
520083
520084
520085
520086
520087
520088
520089
520090
520091
520092
520093
520094
520095
520096
520097
520098
520099
520100
520101
520102
520103
520104
520105
520106
520107
520108
520109
520110
520111
520112
520113
520114
520115
520116
520117
520118
520119
520120
520121
520122
520126
520131
520137
520299
520300
520303
520304
520306
520308
520309
520310
520314
520316
520317
520318
520319
520320
520321
520322
520323
520324
520325
520326
520327
520328
520329
520330
520331
520332
520333
520334
520335
520336
520337
520338
520339
520340
520341
520342
520343
520344
520345
520346
520347
520348
520349
520350
520351
520352
520353
520354
520355
520357
520359
520363
520364
520367
520370
520550
520556
520559
520560
520568
520569
520575
520577
520579
520580
520581
520589
520590
520596
520598
520600
520601
520602
520610
520616
520620
521721
521722
521723
521734
521735
521736
521737
521738
521739
521740
521741
521742
521743
521744
521745
521746
521747
521748
521749
521750
521751
521752
521753
521754
521755
521756
521757
521758
521759
521760
521761
521763
521764
521765
521766
521767
521768
521769
521773
521783
521784
521830
521831
521834
521835
521836
521839
521840
521841
521845
521846
521847
521851
521852
521857
521858
521863
521864
521865
522004
522005
522006
522007
522008
522009
522010
522011
522012
522013
522014
522015
522016
522017
522018
522019
522020
522021
522022
522023
522025
522026
522027
522028
522030
522031
522032
522033
522035
522036
522379
522380
522383
522384
522385
522386
522388
522389
522390
522394
522395
522396
522398
522400
522401
522405
522406
522407
522410
522412
522413
522414
522758
522759
522763
522764
522769
522770
522771
522776
522778
522779
522780
522781
522782
522783
522784
522785
522786
522787
522788
522789
522790
522791
522792
522793
522794
522795
522796
522797
522798
522799
522800
522801
522802
522803
522804
522805
522806
522807
522808
522809
522810
522811
522812
522813
522814
522815
522816
522817
522821
522826
522832
522994
522995
522998
522999
523001
523003
523004
523005
523009
523011
523012
523013
523014
523015
523016
523017
523018
523019
523020
523021
523022
523023
523024
523025
523026
523027
523028
523029
523030
523031
523032
523033
523034
523035
523036
523037
523038
523039
523040
523041
523042
523043
523044
523045
523046
523047
523048
523049
523050
523052
523054
523058
523059
523062
523065
523245
523251
523254
523255
523263
523264
523270
523272
523274
523275
523276
523284
523285
523291
523293
523295
523296
523297
523305
523311
523315
524416
524417
524418
524429
524430
524431
524432
524433
524434
524435
524436
524437
524438
524439
524440
524441
524442
524443
524444
524445
524446
524447
524448
524449
524450
524451
524452
524453
524454
524455
524456
524458
524459
524460
524461
524462
524463
524464
524468
524478
524479
524525
524526
524529
524530
524531
524534
524535
524536
524540
524541
524542
524546
524547
524552
524553
524558
524559
524560
524699
524700
524701
524702
524703
524704
524705
524706
524707
524708
524709
524710
524711
524712
524713
524714
524715
524716
524717
524718
524720
524721
524722
524723
524725
524726
524727
524728
524730
524731
525074
525075
525078
525079
525080
525081
525083
525084
525085
525089
525090
525091
525093
525095
525096
525100
525101
525102
525105
525107
525108
525109
525453
525454
525458
525459
525464
525465
525466
525471
525473
525474
525475
525476
525477
525478
525479
525480
525481
525482
525483
525484
525485
525486
525487
525488
525489
525490
525491
525492
525493
525494
525495
525496
525497
525498
525499
525500
525501
525502
525503
525504
525505
525506
525507
525508
525509
525510
525511
525512
525516
525521
525527
525689
525690
525693
525694
525696
525698
525699
525700
525704
525706
525707
525708
525709
525710
525711
525712
525713
525714
525715
525716
525717
525718
525719
525720
525721
525722
525723
525724
525725
525726
525727
525728
525729
525730
525731
525732
525733
525734
525735
525736
525737
525738
525739
525740
525741
525742
525743
525744
525745
525747
525749
525753
525754
525757
525760
525940
525946
525949
525950
525958
525959
525965
525967
525969
525970
525971
525979
525980
525986
525988
525990
525991
525992
526000
526006
526010
527111
527112
527113
527124
527125
527126
527127
527128
527129
527130
527131
527132
527133
527134
527135
527136
527137
527138
527139
527140
527141
527142
527143
527144
527145
527146
527147
527148
527149
527150
527151
527153
527154
527155
527156
527157
527158
527159
527163
527173
527174
527220
527221
527224
527225
527226
527229
527230
527231
527235
527236
527237
527241
527242
527247
527248
527253
527254
527255
527394
527395
527396
527397
527398
527399
527400
527401
527402
527403
527404
527405
527406
527407
527408
527409
527410
527411
527412
527413
527415
527416
527417
527418
527420
527421
527422
527423
527425
527426
527769
527770
527773
527774
527775
527776
527778
527779
527780
527784
527785
527786
527788
527790
527791
527795
527796
527797
527800
527802
527803
527804
528148
528149
528153
528154
528159
528160
528161
528166
528168
528169
528170
528171
528172
528173
528174
528175
528176
528177
528178
528179
528180
528181
528182
528183
528184
528185
528186
528187
528188
528189
528190
528191
528192
528193
528194
528195
528196
528197
528198
528199
528200
528201
528202
528203
528204
528205
528206
528207
528211
528216
528222
528384
528385
528388
528389
528391
528393
528394
528395
528399
528401
528402
528403
528404
528405
528406
528407
528408
528409
528410
528411
528412
528413
528414
528415
528416
528417
528418
528419
528420
528421
528422
528423
528424
528425
528426
528427
528428
528429
528430
528431
528432
528433
528434
528435
528436
528437
528438
528439
528440
528442
528444
528448
528449
528452
528455
528635
528641
528644
528645
528653
528654
528660
528662
528664
528665
528666
528674
528675
528681
528683
528685
528686
528687
528695
528701
528705
529806
529807
529808
529819
529820
529821
529822
529823
529824
529825
529826
529827
529828
529829
529830
529831
529832
529833
529834
529835
529836
529837
529838
529839
529840
529841
529842
529843
529844
529845
529846
529848
529849
529850
529851
529852
529853
529854
529858
529868
529869
529915
529916
529919
529920
529921
529924
529925
529926
529930
529931
529932
529936
529937
529942
529943
529948
529949
529950
530089
530090
530091
530092
530093
530094
530095
530096
530097
530098
530099
530100
530101
530102
530103
530104
530105
530106
530107
530108
530110
530111
530112
530113
530115
530116
530117
530118
530120
530121
530464
530465
530468
530469
530470
530471
530473
530474
530475
530479
530480
530481
530483
530485
530486
530490
530491
530492
530495
530497
530498
530499
530843
530844
530848
530849
530854
530855
530856
530861
530863
530864
530865
530866
530867
530868
530869
530870
530871
530872
530873
530874
530875
530876
530877
530878
530879
530880
530881
530882
530883
530884
530885
530886
530887
530888
530889
530890
530891
530892
530893
530894
530895
530896
530897
530898
530899
530900
530901
530902
530906
530911
530917
531079
531080
531083
531084
531086
531088
531089
531090
531094
531096
531097
531098
531099
531100
531101
531102
531103
531104
531105
531106
531107
531108
531109
531110
531111
531112
531113
531114
531115
531116
531117
531118
531119
531120
531121
531122
531123
531124
531125
531126
531127
531128
531129
531130
531131
531132
531133
531134
531135
531137
531139
531143
531144
531147
531150
531330
531336
531339
531340
531348
531349
531355
531357
531359
531360
531361
531369
531370
531376
531378
531380
531381
531382
531390
531396
531400
532501
532502
532503
532514
532515
532516
532517
532518
532519
532520
532521
532522
532523
532524
532525
532526
532527
532528
532529
532530
532531
532532
532533
532534
532535
532536
532537
532538
532539
532540
532541
532543
532544
532545
532546
532547
532548
532549
532553
532563
532564
532610
532611
532614
532615
532616
532619
532620
532621
532625
532626
532627
532631
532632
532637
532638
532643
532644
532645
532784
532785
532786
532787
532788
532789
532790
532791
532792
532793
532794
532795
532796
532797
532798
532799
532800
532801
532802
532803
532805
532806
532807
532808
532810
532811
532812
532813
532815
532816
533159
533160
533163
533164
533165
533166
533168
533169
533170
533174
533175
533176
533178
533180
533181
533185
533186
533187
533190
533192
533193
533194
533538
533539
533543
533544
533549
533550
533551
533556
533558
533559
533560
533561
533562
533563
533564
533565
533566
533567
533568
533569
533570
533571
533572
533573
533574
533575
533576
533577
533578
533579
533580
533581
533582
533583
533584
533585
533586
533587
533588
533589
533590
533591
533592
533593
533594
533595
533596
533597
533601
533606
533612
533774
533775
533778
533779
533781
533783
533784
533785
533789
533791
533792
533793
533794
533795
533796
533797
533798
533799
533800
533801
533802
533803
533804
533805
533806
533807
533808
533809
533810
533811
533812
533813
533814
533815
533816
533817
533818
533819
533820
533821
533822
533823
533824
533825
533826
533827
533828
533829
533830
533832
533834
533838
533839
533842
533845
534025
534031
534034
534035
534043
534044
534050
534052
534054
534055
534056
534064
534065
534071
534073
534075
534076
534077
534085
534091
534095
535196
535197
535198
535209
535210
535211
535212
535213
535214
535215
535216
535217
535218
535219
535220
535221
535222
535223
535224
535225
535226
535227
535228
535229
535230
535231
535232
535233
535234
535235
535236
535238
535239
535240
535241
535242
535243
535244
535248
535258
535259
535305
535306
535309
535310
535311
535314
535315
535316
535320
535321
535322
535326
535327
535332
535333
535338
535339
535340
535479
535480
535481
535482
535483
535484
535485
535486
535487
535488
535489
535490
535491
535492
535493
535494
535495
535496
535497
535498
535500
535501
535502
535503
535505
535506
535507
535508
535510
535511
535854
535855
535858
535859
535860
535861
535863
535864
535865
535869
535870
535871
535873
535875
535876
535880
535881
535882
535885
535887
535888
535889
536233
536234
536238
536239
536244
536245
536246
536251
536253
536254
536255
536256
536257
536258
536259
536260
536261
536262
536263
536264
536265
536266
536267
536268
536269
536270
536271
536272
536273
536274
536275
536276
536277
536278
536279
536280
536281
536282
536283
536284
536285
536286
536287
536288
536289
536290
536291
536292
536296
536301
536307
536469
536470
536473
536474
536476
536478
536479
536480
536484
536486
536487
536488
536489
536490
536491
536492
536493
536494
536495
536496
536497
536498
536499
536500
536501
536502
536503
536504
536505
536506
536507
536508
536509
536510
536511
536512
536513
536514
536515
536516
536517
536518
536519
536520
536521
536522
536523
536524
536525
536527
536529
536533
536534
536537
536540
536720
536726
536729
536730
536738
536739
536745
536747
536749
536750
536751
536759
536760
536766
536768
536770
536771
536772
536780
536786
536790
537891
537892
537893
537904
537905
537906
537907
537908
537909
537910
537911
537912
537913
537914
537915
537916
537917
537918
537919
537920
537921
537922
537923
537924
537925
537926
537927
537928
537929
537930
537931
537933
537934
537935
537936
537937
537938
537939
537943
537953
537954
538000
538001
538004
538005
538006
538009
538010
538011
538015
538016
538017
538021
538022
538027
538028
538033
538034
538035
538174
538175
538176
538177
538178
538179
538180
538181
538182
538183
538184
538185
538186
538187
538188
538189
538190
538191
538192
538193
538195
538196
538197
538198
538200
538201
538202
538203
538205
538206
538549
538550
538553
538554
538555
538556
538558
538559
538560
538564
538565
538566
538568
538570
538571
538575
538576
538577
538580
538582
538583
538584
538928
538929
538933
538934
538939
538940
538941
538946
538948
538949
538950
538951
538952
538953
538954
538955
538956
538957
538958
538959
538960
538961
538962
538963
538964
538965
538966
538967
538968
538969
538970
538971
538972
538973
538974
538975
538976
538977
538978
538979
538980
538981
538982
538983
538984
538985
538986
538987
538991
538996
539002
539164
539165
539168
539169
539171
539173
539174
539175
539179
539181
539182
539183
539184
539185
539186
539187
539188
539189
539190
539191
539192
539193
539194
539195
539196
539197
539198
539199
539200
539201
539202
539203
539204
539205
539206
539207
539208
539209
539210
539211
539212
539213
539214
539215
539216
539217
539218
539219
539220
539222
539224
539228
539229
539232
539235
539415
539421
539424
539425
539433
539434
539440
539442
539444
539445
539446
539454
539455
539461
539463
539465
539466
539467
539475
539481
539485
540586
540587
540588
540599
540600
540601
540602
540603
540604
540605
540606
540607
540608
540609
540610
540611
540612
540613
540614
540615
540616
540617
540618
540619
540620
540621
540622
540623
540624
540625
540626
540628
540629
540630
540631
540632
540633
540634
540638
540648
540649
540695
540696
540699
540700
540701
540704
540705
540706
540710
540711
540712
540716
540717
540722
540723
540728
540729
540730
540869
540870
540871
540872
540873
540874
540875
540876
540877
540878
540879
540880
540881
540882
540883
540884
540885
540886
540887
540888
540890
540891
540892
540893
540895
540896
540897
540898
540900
540901
541244
541245
541248
541249
541250
541251
541253
541254
541255
541259
541260
541261
541263
541265
541266
541270
541271
541272
541275
541277
541278
541279
541623
541624
541628
541629
541634
541635
541636
541641
541643
541644
541645
541646
541647
541648
541649
541650
541651
541652
541653
541654
541655
541656
541657
541658
541659
541660
541661
541662
541663
541664
541665
541666
541667
541668
541669
541670
541671
541672
541673
541674
541675
541676
541677
541678
541679
541680
541681
541682
541686
541691
541697
541859
541860
541863
541864
541866
541868
541869
541870
541874
541876
541877
541878
541879
541880
541881
541882
541883
541884
541885
541886
541887
541888
541889
541890
541891
541892
541893
541894
541895
541896
541897
541898
541899
541900
541901
541902
541903
541904
541905
541906
541907
541908
541909
541910
541911
541912
541913
541914
541915
541917
541919
541923
541924
541927
541930
542110
542116
542119
542120
542128
542129
542135
542137
542139
542140
542141
542149
542150
542156
542158
542160
542161
542162
542170
542176
542180
543281
543282
543283
543294
543295
543296
543297
543298
543299
543300
543301
543302
543303
543304
543305
543306
543307
543308
543309
543310
543311
543312
543313
543314
543315
543316
543317
543318
543319
543320
543321
543323
543324
543325
543326
543327
543328
543329
543333
543343
543344
543390
543391
543394
543395
543396
543399
543400
543401
543405
543406
543407
543411
543412
543417
543418
543423
543424
543425
543564
543565
543566
543567
543568
543569
543570
543571
543572
543573
543574
543575
543576
543577
543578
543579
543580
543581
543582
543583
543585
543586
543587
543588
543590
543591
543592
543593
543595
543596
543939
543940
543943
543944
543945
543946
543948
543949
543950
543954
543955
543956
543958
543960
543961
543965
543966
543967
543970
543972
543973
543974
544318
544319
544323
544324
544329
544330
544331
544336
544338
544339
544340
544341
544342
544343
544344
544345
544346
544347
544348
544349
544350
544351
544352
544353
544354
544355
544356
544357
544358
544359
544360
544361
544362
544363
544364
544365
544366
544367
544368
544369
544370
544371
544372
544373
544374
544375
544376
544377
544381
544386
544392
544554
544555
544558
544559
544561
544563
544564
544565
544569
544571
544572
544573
544574
544575
544576
544577
544578
544579
544580
544581
544582
544583
544584
544585
544586
544587
544588
544589
544590
544591
544592
544593
544594
544595
544596
544597
544598
544599
544600
544601
544602
544603
544604
544605
544606
544607
544608
544609
544610
544612
544614
544618
544619
544622
544625
544805
544811
544814
544815
544823
544824
544830
544832
544834
544835
544836
544844
544845
544851
544853
544855
544856
544857
544865
544871
544875
545976
545977
545978
545989
545990
545991
545992
545993
545994
545995
545996
545997
545998
545999
546000
546001
546002
546003
546004
546005
546006
546007
546008
546009
546010
546011
546012
546013
546014
546015
546016
546018
546019
546020
546021
546022
546023
546024
546028
546038
546039
546085
546086
546089
546090
546091
546094
546095
546096
546100
546101
546102
546106
546107
546112
546113
546118
546119
546120
546259
546260
546261
546262
546263
546264
546265
546266
546267
546268
546269
546270
546271
546272
546273
546274
546275
546276
546277
546278
546280
546281
546282
546283
546285
546286
546287
546288
546290
546291
546634
546635
546638
546639
546640
546641
546643
546644
546645
546649
546650
546651
546653
546655
546656
546660
546661
546662
546665
546667
546668
546669
547013
547014
547018
547019
547024
547025
547026
547031
547033
547034
547035
547036
547037
547038
547039
547040
547041
547042
547043
547044
547045
547046
547047
547048
547049
547050
547051
547052
547053
547054
547055
547056
547057
547058
547059
547060
547061
547062
547063
547064
547065
547066
547067
547068
547069
547070
547071
547072
547076
547081
547087
547249
547250
547253
547254
547256
547258
547259
547260
547264
547266
547267
547268
547269
547270
547271
547272
547273
547274
547275
547276
547277
547278
547279
547280
547281
547282
547283
547284
547285
547286
547287
547288
547289
547290
547291
547292
547293
547294
547295
547296
547297
547298
547299
547300
547301
547302
547303
547304
547305
547307
547309
547313
547314
547317
547320
547500
547506
547509
547510
547518
547519
547525
547527
547529
547530
547531
547539
547540
547546
547548
547550
547551
547552
547560
547566
547570
548671
548672
548673
548684
548685
548686
548687
548688
548689
548690
548691
548692
548693
548694
548695
548696
548697
548698
548699
548700
548701
548702
548703
548704
548705
548706
548707
548708
548709
548710
548711
548713
548714
548715
548716
548717
548718
548719
548723
548733
548734
548780
548781
548784
548785
548786
548789
548790
548791
548795
548796
548797
548801
548802
548807
548808
548813
548814
548815
548954
548955
548956
548957
548958
548959
548960
548961
548962
548963
548964
548965
548966
548967
548968
548969
548970
548971
548972
548973
548975
548976
548977
548978
548980
548981
548982
548983
548985
548986
549329
549330
549333
549334
549335
549336
549338
549339
549340
549344
549345
549346
549348
549350
549351
549355
549356
549357
549360
549362
549363
549364
549708
549709
549713
549714
549719
549720
549721
549726
549728
549729
549730
549731
549732
549733
549734
549735
549736
549737
549738
549739
549740
549741
549742
549743
549744
549745
549746
549747
549748
549749
549750
549751
549752
549753
549754
549755
549756
549757
549758
549759
549760
549761
549762
549763
549764
549765
549766
549767
549771
549776
549782
549944
549945
549948
549949
549951
549953
549954
549955
549959
549961
549962
549963
549964
549965
549966
549967
549968
549969
549970
549971
549972
549973
549974
549975
549976
549977
549978
549979
549980
549981
549982
549983
549984
549985
549986
549987
549988
549989
549990
549991
549992
549993
549994
549995
549996
549997
549998
549999
550000
550002
550004
550008
550009
550012
550015
550195
550201
550204
550205
550213
550214
550220
550222
550224
550225
550226
550234
550235
550241
550243
550245
550246
550247
550255
550261
550265
551366
551367
551368
551379
551380
551381
551382
551383
551384
551385
551386
551387
551388
551389
551390
551391
551392
551393
551394
551395
551396
551397
551398
551399
551400
551401
551402
551403
551404
551405
551406
551408
551409
551410
551411
551412
551413
551414
551418
551428
551429
551475
551476
551479
551480
551481
551484
551485
551486
551490
551491
551492
551496
551497
551502
551503
551508
551509
551510
551649
551650
551651
551652
551653
551654
551655
551656
551657
551658
551659
551660
551661
551662
551663
551664
551665
551666
551667
551668
551670
551671
551672
551673
551675
551676
551677
551678
551680
551681
552024
552025
552028
552029
552030
552031
552033
552034
552035
552039
552040
552041
552043
552045
552046
552050
552051
552052
552055
552057
552058
552059
552403
552404
552408
552409
552414
552415
552416
552421
552423
552424
552425
552426
552427
552428
552429
552430
552431
552432
552433
552434
552435
552436
552437
552438
552439
552440
552441
552442
552443
552444
552445
552446
552447
552448
552449
552450
552451
552452
552453
552454
552455
552456
552457
552458
552459
552460
552461
552462
552466
552471
552477
552639
552640
552643
552644
552646
552648
552649
552650
552654
552656
552657
552658
552659
552660
552661
552662
552663
552664
552665
552666
552667
552668
552669
552670
552671
552672
552673
552674
552675
552676
552677
552678
552679
552680
552681
552682
552683
552684
552685
552686
552687
552688
552689
552690
552691
552692
552693
552694
552695
552697
552699
552703
552704
552707
552710
552890
552896
552899
552900
552908
552909
552915
552917
552919
552920
552921
552929
552930
552936
552938
552940
552941
552942
552950
552956
552960
554061
554062
554063
554074
554075
554076
554077
554078
554079
554080
554081
554082
554083
554084
554085
554086
554087
554088
554089
554090
554091
554092
554093
554094
554095
554096
554097
554098
554099
554100
554101
554103
554104
554105
554106
554107
554108
554109
554113
554123
554124
554170
554171
554174
554175
554176
554179
554180
554181
554185
554186
554187
554191
554192
554197
554198
554203
554204
554205
554344
554345
554346
554347
554348
554349
554350
554351
554352
554353
554354
554355
554356
554357
554358
554359
554360
554361
554362
554363
554365
554366
554367
554368
554370
554371
554372
554373
554375
554376
554719
554720
554723
554724
554725
554726
554728
554729
554730
554734
554735
554736
554738
554740
554741
554745
554746
554747
554750
554752
554753
554754
555098
555099
555103
555104
555109
555110
555111
555116
555118
555119
555120
555121
555122
555123
555124
555125
555126
555127
555128
555129
555130
555131
555132
555133
555134
555135
555136
555137
555138
555139
555140
555141
555142
555143
555144
555145
555146
555147
555148
555149
555150
555151
555152
555153
555154
555155
555156
555157
555161
555166
555172
555334
555335
555338
555339
555341
555343
555344
555345
555349
555351
555352
555353
555354
555355
555356
555357
555358
555359
555360
555361
555362
555363
555364
555365
555366
555367
555368
555369
555370
555371
555372
555373
555374
555375
555376
555377
555378
555379
555380
555381
555382
555383
555384
555385
555386
555387
555388
555389
555390
555392
555394
555398
555399
555402
555405
555585
555591
555594
555595
555603
555604
555610
555612
555614
555615
555616
555624
555625
555631
555633
555635
555636
555637
555645
555651
555655
556756
556757
556758
556769
556770
556771
556772
556773
556774
556775
556776
556777
556778
556779
556780
556781
556782
556783
556784
556785
556786
556787
556788
556789
556790
556791
556792
556793
556794
556795
556796
556798
556799
556800
556801
556802
556803
556804
556808
556818
556819
556865
556866
556869
556870
556871
556874
556875
556876
556880
556881
556882
556886
556887
556892
556893
556898
556899
556900
557039
557040
557041
557042
557043
557044
557045
557046
557047
557048
557049
557050
557051
557052
557053
557054
557055
557056
557057
557058
557060
557061
557062
557063
557065
557066
557067
557068
557070
557071
557414
557415
557418
557419
557420
557421
557423
557424
557425
557429
557430
557431
557433
557435
557436
557440
557441
557442
557445
557447
557448
557449
557793
557794
557798
557799
557804
557805
557806
557811
557813
557814
557815
557816
557817
557818
557819
557820
557821
557822
557823
557824
557825
557826
557827
557828
557829
557830
557831
557832
557833
557834
557835
557836
557837
557838
557839
557840
557841
557842
557843
557844
557845
557846
557847
557848
557849
557850
557851
557852
557856
557861
557867
558029
558030
558033
558034
558036
558038
558039
558040
558044
558046
558047
558048
558049
558050
558051
558052
558053
558054
558055
558056
558057
558058
558059
558060
558061
558062
558063
558064
558065
558066
558067
558068
558069
558070
558071
558072
558073
558074
558075
558076
558077
558078
558079
558080
558081
558082
558083
558084
558085
558087
558089
558093
558094
558097
558100
558280
558286
558289
558290
558298
558299
558305
558307
558309
558310
558311
558319
558320
558326
558328
558330
558331
558332
558340
558346
558350
559451
559452
559453
559464
559465
559466
559467
559468
559469
559470
559471
559472
559473
559474
559475
559476
559477
559478
559479
559480
559481
559482
559483
559484
559485
559486
559487
559488
559489
559490
559491
559493
559494
559495
559496
559497
559498
559499
559503
559513
559514
559560
559561
559564
559565
559566
559569
559570
559571
559575
559576
559577
559581
559582
559587
559588
559593
559594
559595
559734
559735
559736
559737
559738
559739
559740
559741
559742
559743
559744
559745
559746
559747
559748
559749
559750
559751
559752
559753
559755
559756
559757
559758
559760
559761
559762
559763
559765
559766
560109
560110
560113
560114
560115
560116
560118
560119
560120
560124
560125
560126
560128
560130
560131
560135
560136
560137
560140
560142
560143
560144
560488
560489
560493
560494
560499
560500
560501
560506
560508
560509
560510
560511
560512
560513
560514
560515
560516
560517
560518
560519
560520
560521
560522
560523
560524
560525
560526
560527
560528
560529
560530
560531
560532
560533
560534
560535
560536
560537
560538
560539
560540
560541
560542
560543
560544
560545
560546
560547
560551
560556
560562
560724
560725
560728
560729
560731
560733
560734
560735
560739
560741
560742
560743
560744
560745
560746
560747
560748
560749
560750
560751
560752
560753
560754
560755
560756
560757
560758
560759
560760
560761
560762
560763
560764
560765
560766
560767
560768
560769
560770
560771
560772
560773
560774
560775
560776
560777
560778
560779
560780
560782
560784
560788
560789
560792
560795
560975
560981
560984
560985
560993
560994
561000
561002
561004
561005
561006
561014
561015
561021
561023
561025
561026
561027
561035
561041
561045
562146
562147
562148
562159
562160
562161
562162
562163
562164
562165
562166
562167
562168
562169
562170
562171
562172
562173
562174
562175
562176
562177
562178
562179
562180
562181
562182
562183
562184
562185
562186
562188
562189
562190
562191
562192
562193
562194
562198
562208
562209
562255
562256
562259
562260
562261
562264
562265
562266
562270
562271
562272
562276
562277
562282
562283
562288
562289
562290
562429
562430
562431
562432
562433
562434
562435
562436
562437
562438
562439
562440
562441
562442
562443
562444
562445
562446
562447
562448
562450
562451
562452
562453
562455
562456
562457
562458
562460
562461
562804
562805
562808
562809
562810
562811
562813
562814
562815
562819
562820
562821
562823
562825
562826
562830
562831
562832
562835
562837
562838
562839
563183
563184
563188
563189
563194
563195
563196
563201
563203
563204
563205
563206
563207
563208
563209
563210
563211
563212
563213
563214
563215
563216
563217
563218
563219
563220
563221
563222
563223
563224
563225
563226
563227
563228
563229
563230
563231
563232
563233
563234
563235
563236
563237
563238
563239
563240
563241
563242
563246
563251
563257
563419
563420
563423
563424
563426
563428
563429
563430
563434
563436
563437
563438
563439
563440
563441
563442
563443
563444
563445
563446
563447
563448
563449
563450
563451
563452
563453
563454
563455
563456
563457
563458
563459
563460
563461
563462
563463
563464
563465
563466
563467
563468
563469
563470
563471
563472
563473
563474
563475
563477
563479
563483
563484
563487
563490
563670
563676
563679
563680
563688
563689
563695
563697
563699
563700
563701
563709
563710
563716
563718
563720
563721
563722
563730
563736
563740
564841
564842
564843
564854
564855
564856
564857
564858
564859
564860
564861
564862
564863
564864
564865
564866
564867
564868
564869
564870
564871
564872
564873
564874
564875
564876
564877
564878
564879
564880
564881
564883
564884
564885
564886
564887
564888
564889
564893
564903
564904
564950
564951
564954
564955
564956
564959
564960
564961
564965
564966
564967
564971
564972
564977
564978
564983
564984
564985
565124
565125
565126
565127
565128
565129
565130
565131
565132
565133
565134
565135
565136
565137
565138
565139
565140
565141
565142
565143
565145
565146
565147
565148
565150
565151
565152
565153
565155
565156
565499
565500
565503
565504
565505
565506
565508
565509
565510
565514
565515
565516
565518
565520
565521
565525
565526
565527
565530
565532
565533
565534
565878
565879
565883
565884
565889
565890
565891
565896
565898
565899
565900
565901
565902
565903
565904
565905
565906
565907
565908
565909
565910
565911
565912
565913
565914
565915
565916
565917
565918
565919
565920
565921
565922
565923
565924
565925
565926
565927
565928
565929
565930
565931
565932
565933
565934
565935
565936
565937
565941
565946
565952
566114
566115
566118
566119
566121
566123
566124
566125
566129
566131
566132
566133
566134
566135
566136
566137
566138
566139
566140
566141
566142
566143
566144
566145
566146
566147
566148
566149
566150
566151
566152
566153
566154
566155
566156
566157
566158
566159
566160
566161
566162
566163
566164
566165
566166
566167
566168
566169
566170
566172
566174
566178
566179
566182
566185
566365
566371
566374
566375
566383
566384
566390
566392
566394
566395
566396
566404
566405
566411
566413
566415
566416
566417
566425
566431
566435
567536
567537
567538
567549
567550
567551
567552
567553
567554
567555
567556
567557
567558
567559
567560
567561
567562
567563
567564
567565
567566
567567
567568
567569
567570
567571
567572
567573
567574
567575
567576
567578
567579
567580
567581
567582
567583
567584
567588
567598
567599
567645
567646
567649
567650
567651
567654
567655
567656
567660
567661
567662
567666
567667
567672
567673
567678
567679
567680
567819
567820
567821
567822
567823
567824
567825
567826
567827
567828
567829
567830
567831
567832
567833
567834
567835
567836
567837
567838
567840
567841
567842
567843
567845
567846
567847
567848
567850
567851
568194
568195
568198
568199
568200
568201
568203
568204
568205
568209
568210
568211
568213
568215
568216
568220
568221
568222
568225
568227
568228
568229
568573
568574
568578
568579
568584
568585
568586
568591
568593
568594
568595
568596
568597
568598
568599
568600
568601
568602
568603
568604
568605
568606
568607
568608
568609
568610
568611
568612
568613
568614
568615
568616
568617
568618
568619
568620
568621
568622
568623
568624
568625
568626
568627
568628
568629
568630
568631
568632
568636
568641
568647
568809
568810
568813
568814
568816
568818
568819
568820
568824
568826
568827
568828
568829
568830
568831
568832
568833
568834
568835
568836
568837
568838
568839
568840
568841
568842
568843
568844
568845
568846
568847
568848
568849
568850
568851
568852
568853
568854
568855
568856
568857
568858
568859
568860
568861
568862
568863
568864
568865
568867
568869
568873
568874
568877
568880
569060
569066
569069
569070
569078
569079
569085
569087
569089
569090
569091
569099
569100
569106
569108
569110
569111
569112
569120
569126
569130
570231
570232
570233
570244
570245
570246
570247
570248
570249
570250
570251
570252
570253
570254
570255
570256
570257
570258
570259
570260
570261
570262
570263
570264
570265
570266
570267
570268
570269
570270
570271
570273
570274
570275
570276
570277
570278
570279
570283
570293
570294
570340
570341
570344
570345
570346
570349
570350
570351
570355
570356
570357
570361
570362
570367
570368
570373
570374
570375
570514
570515
570516
570517
570518
570519
570520
570521
570522
570523
570524
570525
570526
570527
570528
570529
570530
570531
570532
570533
570535
570536
570537
570538
570540
570541
570542
570543
570545
570546
570889
570890
570893
570894
570895
570896
570898
570899
570900
570904
570905
570906
570908
570910
570911
570915
570916
570917
570920
570922
570923
570924
571268
571269
571273
571274
571279
571280
571281
571286
571288
571289
571290
571291
571292
571293
571294
571295
571296
571297
571298
571299
571300
571301
571302
571303
571304
571305
571306
571307
571308
571309
571310
571311
571312
571313
571314
571315
571316
571317
571318
571319
571320
571321
571322
571323
571324
571325
571326
571327
571331
571336
571342
571504
571505
571508
571509
571511
571513
571514
571515
571519
571521
571522
571523
571524
571525
571526
571527
571528
571529
571530
571531
571532
571533
571534
571535
571536
571537
571538
571539
571540
571541
571542
571543
571544
571545
571546
571547
571548
571549
571550
571551
571552
571553
571554
571555
571556
571557
571558
571559
571560
571562
571564
571568
571569
571572
571575
571755
571761
571764
571765
571773
571774
571780
571782
571784
571785
571786
571794
571795
571801
571803
571805
571806
571807
571815
571821
571825
572926
572927
572928
572939
572940
572941
572942
572943
572944
572945
572946
572947
572948
572949
572950
572951
572952
572953
572954
572955
572956
572957
572958
572959
572960
572961
572962
572963
572964
572965
572966
572968
572969
572970
572971
572972
572973
572974
572978
572988
572989
573035
573036
573039
573040
573041
573044
573045
573046
573050
573051
573052
573056
573057
573062
573063
573068
573069
573070
573209
573210
573211
573212
573213
573214
573215
573216
573217
573218
573219
573220
573221
573222
573223
573224
573225
573226
573227
573228
573230
573231
573232
573233
573235
573236
573237
573238
573240
573241
573584
573585
573588
573589
573590
573591
573593
573594
573595
573599
573600
573601
573603
573605
573606
573610
573611
573612
573615
573617
573618
573619
573963
573964
573968
573969
573974
573975
573976
573981
573983
573984
573985
573986
573987
573988
573989
573990
573991
573992
573993
573994
573995
573996
573997
573998
573999
574000
574001
574002
574003
574004
574005
574006
574007
574008
574009
574010
574011
574012
574013
574014
574015
574016
574017
574018
574019
574020
574021
574022
574026
574031
574037
574199
574200
574203
574204
574206
574208
574209
574210
574214
574216
574217
574218
574219
574220
574221
574222
574223
574224
574225
574226
574227
574228
574229
574230
574231
574232
574233
574234
574235
574236
574237
574238
574239
574240
574241
574242
574243
574244
574245
574246
574247
574248
574249
574250
574251
574252
574253
574254
574255
574257
574259
574263
574264
574267
574270
574450
574456
574459
574460
574468
574469
574475
574477
574479
574480
574481
574489
574490
574496
574498
574500
574501
574502
574510
574516
574520
575621
575622
575623
575634
575635
575636
575637
575638
575639
575640
575641
575642
575643
575644
575645
575646
575647
575648
575649
575650
575651
575652
575653
575654
575655
575656
575657
575658
575659
575660
575661
575663
575664
575665
575666
575667
575668
575669
575673
575683
575684
575730
575731
575734
575735
575736
575739
575740
575741
575745
575746
575747
575751
575752
575757
575758
575763
575764
575765
575904
575905
575906
575907
575908
575909
575910
575911
575912
575913
575914
575915
575916
575917
575918
575919
575920
575921
575922
575923
575925
575926
575927
575928
575930
575931
575932
575933
575935
575936
576279
576280
576283
576284
576285
576286
576288
576289
576290
576294
576295
576296
576298
576300
576301
576305
576306
576307
576310
576312
576313
576314
576658
576659
576663
576664
576669
576670
576671
576676
576678
576679
576680
576681
576682
576683
576684
576685
576686
576687
576688
576689
576690
576691
576692
576693
576694
576695
576696
576697
576698
576699
576700
576701
576702
576703
576704
576705
576706
576707
576708
576709
576710
576711
576712
576713
576714
576715
576716
576717
576721
576726
576732
576894
576895
576898
576899
576901
576903
576904
576905
576909
576911
576912
576913
576914
576915
576916
576917
576918
576919
576920
576921
576922
576923
576924
576925
576926
576927
576928
576929
576930
576931
576932
576933
576934
576935
576936
576937
576938
576939
576940
576941
576942
576943
576944
576945
576946
576947
576948
576949
576950
576952
576954
576958
576959
576962
576965
577145
577151
577154
577155
577163
577164
577170
577172
577174
577175
577176
577184
577185
577191
577193
577195
577196
577197
577205
577211
577215
578316
578317
578318
578329
578330
578331
578332
578333
578334
578335
578336
578337
578338
578339
578340
578341
578342
578343
578344
578345
578346
578347
578348
578349
578350
578351
578352
578353
578354
578355
578356
578358
578359
578360
578361
578362
578363
578364
578368
578378
578379
578425
578426
578429
578430
578431
578434
578435
578436
578440
578441
578442
578446
578447
578452
578453
578458
578459
578460
578599
578600
578601
578602
578603
578604
578605
578606
578607
578608
578609
578610
578611
578612
578613
578614
578615
578616
578617
578618
578620
578621
578622
578623
578625
578626
578627
578628
578630
578631
578974
578975
578978
578979
578980
578981
578983
578984
578985
578989
578990
578991
578993
578995
578996
579000
579001
579002
579005
579007
579008
579009
579353
579354
579358
579359
579364
579365
579366
579371
579373
579374
579375
579376
579377
579378
579379
579380
579381
579382
579383
579384
579385
579386
579387
579388
579389
579390
579391
579392
579393
579394
579395
579396
579397
579398
579399
579400
579401
579402
579403
579404
579405
579406
579407
579408
579409
579410
579411
579412
579416
579421
579427
579589
579590
579593
579594
579596
579598
579599
579600
579604
579606
579607
579608
579609
579610
579611
579612
579613
579614
579615
579616
579617
579618
579619
579620
579621
579622
579623
579624
579625
579626
579627
579628
579629
579630
579631
579632
579633
579634
579635
579636
579637
579638
579639
579640
579641
579642
579643
579644
579645
579647
579649
579653
579654
579657
579660
579840
579846
579849
579850
579858
579859
579865
579867
579869
579870
579871
579879
579880
579886
579888
579890
579891
579892
579900
579906
579910
581011
581012
581013
581024
581025
581026
581027
581028
581029
581030
581031
581032
581033
581034
581035
581036
581037
581038
581039
581040
581041
581042
581043
581044
581045
581046
581047
581048
581049
581050
581051
581053
581054
581055
581056
581057
581058
581059
581063
581073
581074
581120
581121
581124
581125
581126
581129
581130
581131
581135
581136
581137
581141
581142
581147
581148
581153
581154
581155
581294
581295
581296
581297
581298
581299
581300
581301
581302
581303
581304
581305
581306
581307
581308
581309
581310
581311
581312
581313
581315
581316
581317
581318
581320
581321
581322
581323
581325
581326
581669
581670
581673
581674
581675
581676
581678
581679
581680
581684
581685
581686
581688
581690
581691
581695
581696
581697
581700
581702
581703
581704
582048
582049
582053
582054
582059
582060
582061
582066
582068
582069
582070
582071
582072
582073
582074
582075
582076
582077
582078
582079
582080
582081
582082
582083
582084
582085
582086
582087
582088
582089
582090
582091
582092
582093
582094
582095
582096
582097
582098
582099
582100
582101
582102
582103
582104
582105
582106
582107
582111
582116
582122
582284
582285
582288
582289
582291
582293
582294
582295
582299
582301
582302
582303
582304
582305
582306
582307
582308
582309
582310
582311
582312
582313
582314
582315
582316
582317
582318
582319
582320
582321
582322
582323
582324
582325
582326
582327
582328
582329
582330
582331
582332
582333
582334
582335
582336
582337
582338
582339
582340
582342
582344
582348
582349
582352
582355
582535
582541
582544
582545
582553
582554
582560
582562
582564
582565
582566
582574
582575
582581
582583
582585
582586
582587
582595
582601
582605
583706
583707
583708
583719
583720
583721
583722
583723
583724
583725
583726
583727
583728
583729
583730
583731
583732
583733
583734
583735
583736
583737
583738
583739
583740
583741
583742
583743
583744
583745
583746
583748
583749
583750
583751
583752
583753
583754
583758
583768
583769
583815
583816
583819
583820
583821
583824
583825
583826
583830
583831
583832
583836
583837
583842
583843
583848
583849
583850
583989
583990
583991
583992
583993
583994
583995
583996
583997
583998
583999
584000
584001
584002
584003
584004
584005
584006
584007
584008
584010
584011
584012
584013
584015
584016
584017
584018
584020
584021
584364
584365
584368
584369
584370
584371
584373
584374
584375
584379
584380
584381
584383
584385
584386
584390
584391
584392
584395
584397
584398
584399
584743
584744
584748
584749
584754
584755
584756
584761
584763
584764
584765
584766
584767
584768
584769
584770
584771
584772
584773
584774
584775
584776
584777
584778
584779
584780
584781
584782
584783
584784
584785
584786
584787
584788
584789
584790
584791
584792
584793
584794
584795
584796
584797
584798
584799
584800
584801
584802
584806
584811
584817
584979
584980
584983
584984
584986
584988
584989
584990
584994
584996
584997
584998
584999
585000
585001
585002
585003
585004
585005
585006
585007
585008
585009
585010
585011
585012
585013
585014
585015
585016
585017
585018
585019
585020
585021
585022
585023
585024
585025
585026
585027
585028
585029
585030
585031
585032
585033
585034
585035
585037
585039
585043
585044
585047
585050
585230
585236
585239
585240
585248
585249
585255
585257
585259
585260
585261
585269
585270
585276
585278
585280
585281
585282
585290
585296
585300
586401
586402
586403
586414
586415
586416
586417
586418
586419
586420
586421
586422
586423
586424
586425
586426
586427
586428
586429
586430
586431
586432
586433
586434
586435
586436
586437
586438
586439
586440
586441
586443
586444
586445
586446
586447
586448
586449
586453
586463
586464
586510
586511
586514
586515
586516
586519
586520
586521
586525
586526
586527
586531
586532
586537
586538
586543
586544
586545
586684
586685
586686
586687
586688
586689
586690
586691
586692
586693
586694
586695
586696
586697
586698
586699
586700
586701
586702
586703
586705
586706
586707
586708
586710
586711
586712
586713
586715
586716
587059
587060
587063
587064
587065
587066
587068
587069
587070
587074
587075
587076
587078
587080
587081
587085
587086
587087
587090
587092
587093
587094
587438
587439
587443
587444
587449
587450
587451
587456
587458
587459
587460
587461
587462
587463
587464
587465
587466
587467
587468
587469
587470
587471
587472
587473
587474
587475
587476
587477
587478
587479
587480
587481
587482
587483
587484
587485
587486
587487
587488
587489
587490
587491
587492
587493
587494
587495
587496
587497
587501
587506
587512
587674
587675
587678
587679
587681
587683
587684
587685
587689
587691
587692
587693
587694
587695
587696
587697
587698
587699
587700
587701
587702
587703
587704
587705
587706
587707
587708
587709
587710
587711
587712
587713
587714
587715
587716
587717
587718
587719
587720
587721
587722
587723
587724
587725
587726
587727
587728
587729
587730
587732
587734
587738
587739
587742
587745
587925
587931
587934
587935
587943
587944
587950
587952
587954
587955
587956
587964
587965
587971
587973
587975
587976
587977
587985
587991
587995
589096
589097
589098
589109
589110
589111
589112
589113
589114
589115
589116
589117
589118
589119
589120
589121
589122
589123
589124
589125
589126
589127
589128
589129
589130
589131
589132
589133
589134
589135
589136
589138
589139
589140
589141
589142
589143
589144
589148
589158
589159
589205
589206
589209
589210
589211
589214
589215
589216
589220
589221
589222
589226
589227
589232
589233
589238
589239
589240
589379
589380
589381
589382
589383
589384
589385
589386
589387
589388
589389
589390
589391
589392
589393
589394
589395
589396
589397
589398
589400
589401
589402
589403
589405
589406
589407
589408
589410
589411
589754
589755
589758
589759
589760
589761
589763
589764
589765
589769
589770
589771
589773
589775
589776
589780
589781
589782
589785
589787
589788
589789
590133
590134
590138
590139
590144
590145
590146
590151
590153
590154
590155
590156
590157
590158
590159
590160
590161
590162
590163
590164
590165
590166
590167
590168
590169
590170
590171
590172
590173
590174
590175
590176
590177
590178
590179
590180
590181
590182
590183
590184
590185
590186
590187
590188
590189
590190
590191
590192
590196
590201
590207
590369
590370
590373
590374
590376
590378
590379
590380
590384
590386
590387
590388
590389
590390
590391
590392
590393
590394
590395
590396
590397
590398
590399
590400
590401
590402
590403
590404
590405
590406
590407
590408
590409
590410
590411
590412
590413
590414
590415
590416
590417
590418
590419
590420
590421
590422
590423
590424
590425
590427
590429
590433
590434
590437
590440
590620
590626
590629
590630
590638
590639
590645
590647
590649
590650
590651
590659
590660
590666
590668
590670
590671
590672
590680
590686
590690
591791
591792
591793
591804
591805
591806
591807
591808
591809
591810
591811
591812
591813
591814
591815
591816
591817
591818
591819
591820
591821
591822
591823
591824
591825
591826
591827
591828
591829
591830
591831
591833
591834
591835
591836
591837
591838
591839
591843
591853
591854
591900
591901
591904
591905
591906
591909
591910
591911
591915
591916
591917
591921
591922
591927
591928
591933
591934
591935
592074
592075
592076
592077
592078
592079
592080
592081
592082
592083
592084
592085
592086
592087
592088
592089
592090
592091
592092
592093
592095
592096
592097
592098
592100
592101
592102
592103
592105
592106
592449
592450
592453
592454
592455
592456
592458
592459
592460
592464
592465
592466
592468
592470
592471
592475
592476
592477
592480
592482
592483
592484
592828
592829
592833
592834
592839
592840
592841
592846
592848
592849
592850
592851
592852
592853
592854
592855
592856
592857
592858
592859
592860
592861
592862
592863
592864
592865
592866
592867
592868
592869
592870
592871
592872
592873
592874
592875
592876
592877
592878
592879
592880
592881
592882
592883
592884
592885
592886
592887
592891
592896
592902
593064
593065
593068
593069
593071
593073
593074
593075
593079
593081
593082
593083
593084
593085
593086
593087
593088
593089
593090
593091
593092
593093
593094
593095
593096
593097
593098
593099
593100
593101
593102
593103
593104
593105
593106
593107
593108
593109
593110
593111
593112
593113
593114
593115
593116
593117
593118
593119
593120
593122
593124
593128
593129
593132
593135
593315
593321
593324
593325
593333
593334
593340
593342
593344
593345
593346
593354
593355
593361
593363
593365
593366
593367
593375
593381
593385
594486
594487
594488
594499
594500
594501
594502
594503
594504
594505
594506
594507
594508
594509
594510
594511
594512
594513
594514
594515
594516
594517
594518
594519
594520
594521
594522
594523
594524
594525
594526
594528
594529
594530
594531
594532
594533
594534
594538
594548
594549
594595
594596
594599
594600
594601
594604
594605
594606
594610
594611
594612
594616
594617
594622
594623
594628
594629
594630
594769
594770
594771
594772
594773
594774
594775
594776
594777
594778
594779
594780
594781
594782
594783
594784
594785
594786
594787
594788
594790
594791
594792
594793
594795
594796
594797
594798
594800
594801
595144
595145
595148
595149
595150
595151
595153
595154
595155
595159
595160
595161
595163
595165
595166
595170
595171
595172
595175
595177
595178
595179
595523
595524
595528
595529
595534
595535
595536
595541
595543
595544
595545
595546
595547
595548
595549
595550
595551
595552
595553
595554
595555
595556
595557
595558
595559
595560
595561
595562
595563
595564
595565
595566
595567
595568
595569
595570
595571
595572
595573
595574
595575
595576
595577
595578
595579
595580
595581
595582
595586
595591
595597
595759
595760
595763
595764
595766
595768
595769
595770
595774
595776
595777
595778
595779
595780
595781
595782
595783
595784
595785
595786
595787
595788
595789
595790
595791
595792
595793
595794
595795
595796
595797
595798
595799
595800
595801
595802
595803
595804
595805
595806
595807
595808
595809
595810
595811
595812
595813
595814
595815
595817
595819
595823
595824
595827
595830
596010
596016
596019
596020
596028
596029
596035
596037
596039
596040
596041
596049
596050
596056
596058
596060
596061
596062
596070
596076
596080
597181
597182
597183
597194
597195
597196
597197
597198
597199
597200
597201
597202
597203
597204
597205
597206
597207
597208
597209
597210
597211
597212
597213
597214
597215
597216
597217
597218
597219
597220
597221
597223
597224
597225
597226
597227
597228
597229
597233
597243
597244
597290
597291
597294
597295
597296
597299
597300
597301
597305
597306
597307
597311
597312
597317
597318
597323
597324
597325
597464
597465
597466
597467
597468
597469
597470
597471
597472
597473
597474
597475
597476
597477
597478
597479
597480
597481
597482
597483
597485
597486
597487
597488
597490
597491
597492
597493
597495
597496
597839
597840
597843
597844
597845
597846
597848
597849
597850
597854
597855
597856
597858
597860
597861
597865
597866
597867
597870
597872
597873
597874
598218
598219
598223
598224
598229
598230
598231
598236
598238
598239
598240
598241
598242
598243
598244
598245
598246
598247
598248
598249
598250
598251
598252
598253
598254
598255
598256
598257
598258
598259
598260
598261
598262
598263
598264
598265
598266
598267
598268
598269
598270
598271
598272
598273
598274
598275
598276
598277
598281
598286
598292
598454
598455
598458
598459
598461
598463
598464
598465
598469
598471
598472
598473
598474
598475
598476
598477
598478
598479
598480
598481
598482
598483
598484
598485
598486
598487
598488
598489
598490
598491
598492
598493
598494
598495
598496
598497
598498
598499
598500
598501
598502
598503
598504
598505
598506
598507
598508
598509
598510
598512
598514
598518
598519
598522
598525
598705
598711
598714
598715
598723
598724
598730
598732
598734
598735
598736
598744
598745
598751
598753
598755
598756
598757
598765
598771
598775
599876
599877
599878
599889
599890
599891
599892
599893
599894
599895
599896
599897
599898
599899
599900
599901
599902
599903
599904
599905
599906
599907
599908
599909
599910
599911
599912
599913
599914
599915
599916
599918
599919
599920
599921
599922
599923
599924
599928
599938
599939
599985
599986
599989
599990
599991
599994
599995
599996
600000
600001
600002
600006
600007
600012
600013
600018
600019
600020
600159
600160
600161
600162
600163
600164
600165
600166
600167
600168
600169
600170
600171
600172
600173
600174
600175
600176
600177
600178
600180
600181
600182
600183
600185
600186
600187
600188
600190
600191
600534
600535
600538
600539
600540
600541
600543
600544
600545
600549
600550
600551
600553
600555
600556
600560
600561
600562
600565
600567
600568
600569
600913
600914
600918
600919
600924
600925
600926
600931
600933
600934
600935
600936
600937
600938
600939
600940
600941
600942
600943
600944
600945
600946
600947
600948
600949
600950
600951
600952
600953
600954
600955
600956
600957
600958
600959
600960
600961
600962
600963
600964
600965
600966
600967
600968
600969
600970
600971
600972
600976
600981
600987
601149
601150
601153
601154
601156
601158
601159
601160
601164
601166
601167
601168
601169
601170
601171
601172
601173
601174
601175
601176
601177
601178
601179
601180
601181
601182
601183
601184
601185
601186
601187
601188
601189
601190
601191
601192
601193
601194
601195
601196
601197
601198
601199
601200
601201
601202
601203
601204
601205
601207
601209
601213
601214
601217
601220
601400
601406
601409
601410
601418
601419
601425
601427
601429
601430
601431
601439
601440
601446
601448
601450
601451
601452
601460
601466
601470
602571
602572
602573
602584
602585
602586
602587
602588
602589
602590
602591
602592
602593
602594
602595
602596
602597
602598
602599
602600
602601
602602
602603
602604
602605
602606
602607
602608
602609
602610
602611
602613
602614
602615
602616
602617
602618
602619
602623
602633
602634
602680
602681
602684
602685
602686
602689
602690
602691
602695
602696
602697
602701
602702
602707
602708
602713
602714
602715
602854
602855
602856
602857
602858
602859
602860
602861
602862
602863
602864
602865
602866
602867
602868
602869
602870
602871
602872
602873
602875
602876
602877
602878
602880
602881
602882
602883
602885
602886
603229
603230
603233
603234
603235
603236
603238
603239
603240
603244
603245
603246
603248
603250
603251
603255
603256
603257
603260
603262
603263
603264
603608
603609
603613
603614
603619
603620
603621
603626
603628
603629
603630
603631
603632
603633
603634
603635
603636
603637
603638
603639
603640
603641
603642
603643
603644
603645
603646
603647
603648
603649
603650
603651
603652
603653
603654
603655
603656
603657
603658
603659
603660
603661
603662
603663
603664
603665
603666
603667
603671
603676
603682
603844
603845
603848
603849
603851
603853
603854
603855
603859
603861
603862
603863
603864
603865
603866
603867
603868
603869
603870
603871
603872
603873
603874
603875
603876
603877
603878
603879
603880
603881
603882
603883
603884
603885
603886
603887
603888
603889
603890
603891
603892
603893
603894
603895
603896
603897
603898
603899
603900
603902
603904
603908
603909
603912
603915
604095
604101
604104
604105
604113
604114
604120
604122
604124
604125
604126
604134
604135
604141
604143
604145
604146
604147
604155
604161
604165
605266
605267
605268
605279
605280
605281
605282
605283
605284
605285
605286
605287
605288
605289
605290
605291
605292
605293
605294
605295
605296
605297
605298
605299
605300
605301
605302
605303
605304
605305
605306
605308
605309
605310
605311
605312
605313
605314
605318
605328
605329
605375
605376
605379
605380
605381
605384
605385
605386
605390
605391
605392
605396
605397
605402
605403
605408
605409
605410
605549
605550
605551
605552
605553
605554
605555
605556
605557
605558
605559
605560
605561
605562
605563
605564
605565
605566
605567
605568
605570
605571
605572
605573
605575
605576
605577
605578
605580
605581
605924
605925
605928
605929
605930
605931
605933
605934
605935
605939
605940
605941
605943
605945
605946
605950
605951
605952
605955
605957
605958
605959
606303
606304
606308
606309
606314
606315
606316
606321
606323
606324
606325
606326
606327
606328
606329
606330
606331
606332
606333
606334
606335
606336
606337
606338
606339
606340
606341
606342
606343
606344
606345
606346
606347
606348
606349
606350
606351
606352
606353
606354
606355
606356
606357
606358
606359
606360
606361
606362
606366
606371
606377
606539
606540
606543
606544
606546
606548
606549
606550
606554
606556
606557
606558
606559
606560
606561
606562
606563
606564
606565
606566
606567
606568
606569
606570
606571
606572
606573
606574
606575
606576
606577
606578
606579
606580
606581
606582
606583
606584
606585
606586
606587
606588
606589
606590
606591
606592
606593
606594
606595
606597
606599
606603
606604
606607
606610
606790
606796
606799
606800
606808
606809
606815
606817
606819
606820
606821
606829
606830
606836
606838
606840
606841
606842
606850
606856
606860
607961
607962
607963
607974
607975
607976
607977
607978
607979
607980
607981
607982
607983
607984
607985
607986
607987
607988
607989
607990
607991
607992
607993
607994
607995
607996
607997
607998
607999
608000
608001
608003
608004
608005
608006
608007
608008
608009
608013
608023
608024
608070
608071
608074
608075
608076
608079
608080
608081
608085
608086
608087
608091
608092
608097
608098
608103
608104
608105
608244
608245
608246
608247
608248
608249
608250
608251
608252
608253
608254
608255
608256
608257
608258
608259
608260
608261
608262
608263
608265
608266
608267
608268
608270
608271
608272
608273
608275
608276
608619
608620
608623
608624
608625
608626
608628
608629
608630
608634
608635
608636
608638
608640
608641
608645
608646
608647
608650
608652
608653
608654
608998
608999
609003
609004
609009
609010
609011
609016
609018
609019
609020
609021
609022
609023
609024
609025
609026
609027
609028
609029
609030
609031
609032
609033
609034
609035
609036
609037
609038
609039
609040
609041
609042
609043
609044
609045
609046
609047
609048
609049
609050
609051
609052
609053
609054
609055
609056
609057
609061
609066
609072
609234
609235
609238
609239
609241
609243
609244
609245
609249
609251
609252
609253
609254
609255
609256
609257
609258
609259
609260
609261
609262
609263
609264
609265
609266
609267
609268
609269
609270
609271
609272
609273
609274
609275
609276
609277
609278
609279
609280
609281
609282
609283
609284
609285
609286
609287
609288
609289
609290
609292
609294
609298
609299
609302
609305
609485
609491
609494
609495
609503
609504
609510
609512
609514
609515
609516
609524
609525
609531
609533
609535
609536
609537
609545
609551
609555
610656
610657
610658
610669
610670
610671
610672
610673
610674
610675
610676
610677
610678
610679
610680
610681
610682
610683
610684
610685
610686
610687
610688
610689
610690
610691
610692
610693
610694
610695
610696
610698
610699
610700
610701
610702
610703
610704
610708
610718
610719
610765
610766
610769
610770
610771
610774
610775
610776
610780
610781
610782
610786
610787
610792
610793
610798
610799
610800
610939
610940
610941
610942
610943
610944
610945
610946
610947
610948
610949
610950
610951
610952
610953
610954
610955
610956
610957
610958
610960
610961
610962
610963
610965
610966
610967
610968
610970
610971
611314
611315
611318
611319
611320
611321
611323
611324
611325
611329
611330
611331
611333
611335
611336
611340
611341
611342
611345
611347
611348
611349
611693
611694
611698
611699
611704
611705
611706
611711
611713
611714
611715
611716
611717
611718
611719
611720
611721
611722
611723
611724
611725
611726
611727
611728
611729
611730
611731
611732
611733
611734
611735
611736
611737
611738
611739
611740
611741
611742
611743
611744
611745
611746
611747
611748
611749
611750
611751
611752
611756
611761
611767
611929
611930
611933
611934
611936
611938
611939
611940
611944
611946
611947
611948
611949
611950
611951
611952
611953
611954
611955
611956
611957
611958
611959
611960
611961
611962
611963
611964
611965
611966
611967
611968
611969
611970
611971
611972
611973
611974
611975
611976
611977
611978
611979
611980
611981
611982
611983
611984
611985
611987
611989
611993
611994
611997
612000
612180
612186
612189
612190
612198
612199
612205
612207
612209
612210
612211
612219
612220
612226
612228
612230
612231
612232
612240
612246
612250
613351
613352
613353
613364
613365
613366
613367
613368
613369
613370
613371
613372
613373
613374
613375
613376
613377
613378
613379
613380
613381
613382
613383
613384
613385
613386
613387
613388
613389
613390
613391
613393
613394
613395
613396
613397
613398
613399
613403
613413
613414
613460
613461
613464
613465
613466
613469
613470
613471
613475
613476
613477
613481
613482
613487
613488
613493
613494
613495
613634
613635
613636
613637
613638
613639
613640
613641
613642
613643
613644
613645
613646
613647
613648
613649
613650
613651
613652
613653
613655
613656
613657
613658
613660
613661
613662
613663
613665
613666
614009
614010
614013
614014
614015
614016
614018
614019
614020
614024
614025
614026
614028
614030
614031
614035
614036
614037
614040
614042
614043
614044
614388
614389
614393
614394
614399
614400
614401
614406
614408
614409
614410
614411
614412
614413
614414
614415
614416
614417
614418
614419
614420
614421
614422
614423
614424
614425
614426
614427
614428
614429
614430
614431
614432
614433
614434
614435
614436
614437
614438
614439
614440
614441
614442
614443
614444
614445
614446
614447
614451
614456
614462
614624
614625
614628
614629
614631
614633
614634
614635
614639
614641
614642
614643
614644
614645
614646
614647
614648
614649
614650
614651
614652
614653
614654
614655
614656
614657
614658
614659
614660
614661
614662
614663
614664
614665
614666
614667
614668
614669
614670
614671
614672
614673
614674
614675
614676
614677
614678
614679
614680
614682
614684
614688
614689
614692
614695
614875
614881
614884
614885
614893
614894
614900
614902
614904
614905
614906
614914
614915
614921
614923
614925
614926
614927
614935
614941
614945
616046
616047
616048
616059
616060
616061
616062
616063
616064
616065
616066
616067
616068
616069
616070
616071
616072
616073
616074
616075
616076
616077
616078
616079
616080
616081
616082
616083
616084
616085
616086
616088
616089
616090
616091
616092
616093
616094
616098
616108
616109
616155
616156
616159
616160
616161
616164
616165
616166
616170
616171
616172
616176
616177
616182
616183
616188
616189
616190
616329
616330
616331
616332
616333
616334
616335
616336
616337
616338
616339
616340
616341
616342
616343
616344
616345
616346
616347
616348
616350
616351
616352
616353
616355
616356
616357
616358
616360
616361
616704
616705
616708
616709
616710
616711
616713
616714
616715
616719
616720
616721
616723
616725
616726
616730
616731
616732
616735
616737
616738
616739
617083
617084
617088
617089
617094
617095
617096
617101
617103
617104
617105
617106
617107
617108
617109
617110
617111
617112
617113
617114
617115
617116
617117
617118
617119
617120
617121
617122
617123
617124
617125
617126
617127
617128
617129
617130
617131
617132
617133
617134
617135
617136
617137
617138
617139
617140
617141
617142
617146
617151
617157
617319
617320
617323
617324
617326
617328
617329
617330
617334
617336
617337
617338
617339
617340
617341
617342
617343
617344
617345
617346
617347
617348
617349
617350
617351
617352
617353
617354
617355
617356
617357
617358
617359
617360
617361
617362
617363
617364
617365
617366
617367
617368
617369
617370
617371
617372
617373
617374
617375
617377
617379
617383
617384
617387
617390
617570
617576
617579
617580
617588
617589
617595
617597
617599
617600
617601
617609
617610
617616
617618
617620
617621
617622
617630
617636
617640
618741
618742
618743
618754
618755
618756
618757
618758
618759
618760
618761
618762
618763
618764
618765
618766
618767
618768
618769
618770
618771
618772
618773
618774
618775
618776
618777
618778
618779
618780
618781
618783
618784
618785
618786
618787
618788
618789
618793
618803
618804
618850
618851
618854
618855
618856
618859
618860
618861
618865
618866
618867
618871
618872
618877
618878
618883
618884
618885
619024
619025
619026
619027
619028
619029
619030
619031
619032
619033
619034
619035
619036
619037
619038
619039
619040
619041
619042
619043
619045
619046
619047
619048
619050
619051
619052
619053
619055
619056
619399
619400
619403
619404
619405
619406
619408
619409
619410
619414
619415
619416
619418
619420
619421
619425
619426
619427
619430
619432
619433
619434
619778
619779
619783
619784
619789
619790
619791
619796
619798
619799
619800
619801
619802
619803
619804
619805
619806
619807
619808
619809
619810
619811
619812
619813
619814
619815
619816
619817
619818
619819
619820
619821
619822
619823
619824
619825
619826
619827
619828
619829
619830
619831
619832
619833
619834
619835
619836
619837
619841
619846
619852
620014
620015
620018
620019
620021
620023
620024
620025
620029
620031
620032
620033
620034
620035
620036
620037
620038
620039
620040
620041
620042
620043
620044
620045
620046
620047
620048
620049
620050
620051
620052
620053
620054
620055
620056
620057
620058
620059
620060
620061
620062
620063
620064
620065
620066
620067
620068
620069
620070
620072
620074
620078
620079
620082
620085
620265
620271
620274
620275
620283
620284
620290
620292
620294
620295
620296
620304
620305
620311
620313
620315
620316
620317
620325
620331
620335
621436
621437
621438
621449
621450
621451
621452
621453
621454
621455
621456
621457
621458
621459
621460
621461
621462
621463
621464
621465
621466
621467
621468
621469
621470
621471
621472
621473
621474
621475
621476
621478
621479
621480
621481
621482
621483
621484
621488
621498
621499
621545
621546
621549
621550
621551
621554
621555
621556
621560
621561
621562
621566
621567
621572
621573
621578
621579
621580
621719
621720
621721
621722
621723
621724
621725
621726
621727
621728
621729
621730
621731
621732
621733
621734
621735
621736
621737
621738
621740
621741
621742
621743
621745
621746
621747
621748
621750
621751
622094
622095
622098
622099
622100
622101
622103
622104
622105
622109
622110
622111
622113
622115
622116
622120
622121
622122
622125
622127
622128
622129
622473
622474
622478
622479
622484
622485
622486
622491
622493
622494
622495
622496
622497
622498
622499
622500
622501
622502
622503
622504
622505
622506
622507
622508
622509
622510
622511
622512
622513
622514
622515
622516
622517
622518
622519
622520
622521
622522
622523
622524
622525
622526
622527
622528
622529
622530
622531
622532
622536
622541
622547
622709
622710
622713
622714
622716
622718
622719
622720
622724
622726
622727
622728
622729
622730
622731
622732
622733
622734
622735
622736
622737
622738
622739
622740
622741
622742
622743
622744
622745
622746
622747
622748
622749
622750
622751
622752
622753
622754
622755
622756
622757
622758
622759
622760
622761
622762
622763
622764
622765
622767
622769
622773
622774
622777
622780
622960
622966
622969
622970
622978
622979
622985
622987
622989
622990
622991
622999
623000
623006
623008
623010
623011
623012
623020
623026
623030
624131
624132
624133
624144
624145
624146
624147
624148
624149
624150
624151
624152
624153
624154
624155
624156
624157
624158
624159
624160
624161
624162
624163
624164
624165
624166
624167
624168
624169
624170
624171
624173
624174
624175
624176
624177
624178
624179
624183
624193
624194
624240
624241
624244
624245
624246
624249
624250
624251
624255
624256
624257
624261
624262
624267
624268
624273
624274
624275
624414
624415
624416
624417
624418
624419
624420
624421
624422
624423
624424
624425
624426
624427
624428
624429
624430
624431
624432
624433
624435
624436
624437
624438
624440
624441
624442
624443
624445
624446
624789
624790
624793
624794
624795
624796
624798
624799
624800
624804
624805
624806
624808
624810
624811
624815
624816
624817
624820
624822
624823
624824
625168
625169
625173
625174
625179
625180
625181
625186
625188
625189
625190
625191
625192
625193
625194
625195
625196
625197
625198
625199
625200
625201
625202
625203
625204
625205
625206
625207
625208
625209
625210
625211
625212
625213
625214
625215
625216
625217
625218
625219
625220
625221
625222
625223
625224
625225
625226
625227
625231
625236
625242
625404
625405
625408
625409
625411
625413
625414
625415
625419
625421
625422
625423
625424
625425
625426
625427
625428
625429
625430
625431
625432
625433
625434
625435
625436
625437
625438
625439
625440
625441
625442
625443
625444
625445
625446
625447
625448
625449
625450
625451
625452
625453
625454
625455
625456
625457
625458
625459
625460
625462
625464
625468
625469
625472
625475
625655
625661
625664
625665
625673
625674
625680
625682
625684
625685
625686
625694
625695
625701
625703
625705
625706
625707
625715
625721
625725
626826
626827
626828
626839
626840
626841
626842
626843
626844
626845
626846
626847
626848
626849
626850
626851
626852
626853
626854
626855
626856
626857
626858
626859
626860
626861
626862
626863
626864
626865
626866
626868
626869
626870
626871
626872
626873
626874
626878
626888
626889
626935
626936
626939
626940
626941
626944
626945
626946
626950
626951
626952
626956
626957
626962
626963
626968
626969
626970
627109
627110
627111
627112
627113
627114
627115
627116
627117
627118
627119
627120
627121
627122
627123
627124
627125
627126
627127
627128
627130
627131
627132
627133
627135
627136
627137
627138
627140
627141
627484
627485
627488
627489
627490
627491
627493
627494
627495
627499
627500
627501
627503
627505
627506
627510
627511
627512
627515
627517
627518
627519
627863
627864
627868
627869
627874
627875
627876
627881
627883
627884
627885
627886
627887
627888
627889
627890
627891
627892
627893
627894
627895
627896
627897
627898
627899
627900
627901
627902
627903
627904
627905
627906
627907
627908
627909
627910
627911
627912
627913
627914
627915
627916
627917
627918
627919
627920
627921
627922
627926
627931
627937
628099
628100
628103
628104
628106
628108
628109
628110
628114
628116
628117
628118
628119
628120
628121
628122
628123
628124
628125
628126
628127
628128
628129
628130
628131
628132
628133
628134
628135
628136
628137
628138
628139
628140
628141
628142
628143
628144
628145
628146
628147
628148
628149
628150
628151
628152
628153
628154
628155
628157
628159
628163
628164
628167
628170
628350
628356
628359
628360
628368
628369
628375
628377
628379
628380
628381
628389
628390
628396
628398
628400
628401
628402
628410
628416
628420
629521
629522
629523
629534
629535
629536
629537
629538
629539
629540
629541
629542
629543
629544
629545
629546
629547
629548
629549
629550
629551
629552
629553
629554
629555
629556
629557
629558
629559
629560
629561
629563
629564
629565
629566
629567
629568
629569
629573
629583
629584
629630
629631
629634
629635
629636
629639
629640
629641
629645
629646
629647
629651
629652
629657
629658
629663
629664
629665
629804
629805
629806
629807
629808
629809
629810
629811
629812
629813
629814
629815
629816
629817
629818
629819
629820
629821
629822
629823
629825
629826
629827
629828
629830
629831
629832
629833
629835
629836
630179
630180
630183
630184
630185
630186
630188
630189
630190
630194
630195
630196
630198
630200
630201
630205
630206
630207
630210
630212
630213
630214
630558
630559
630563
630564
630569
630570
630571
630576
630578
630579
630580
630581
630582
630583
630584
630585
630586
630587
630588
630589
630590
630591
630592
630593
630594
630595
630596
630597
630598
630599
630600
630601
630602
630603
630604
630605
630606
630607
630608
630609
630610
630611
630612
630613
630614
630615
630616
630617
630621
630626
630632
630794
630795
630798
630799
630801
630803
630804
630805
630809
630811
630812
630813
630814
630815
630816
630817
630818
630819
630820
630821
630822
630823
630824
630825
630826
630827
630828
630829
630830
630831
630832
630833
630834
630835
630836
630837
630838
630839
630840
630841
630842
630843
630844
630845
630846
630847
630848
630849
630850
630852
630854
630858
630859
630862
630865
631045
631051
631054
631055
631063
631064
631070
631072
631074
631075
631076
631084
631085
631091
631093
631095
631096
631097
631105
631111
631115
632216
632217
632218
632229
632230
632231
632232
632233
632234
632235
632236
632237
632238
632239
632240
632241
632242
632243
632244
632245
632246
632247
632248
632249
632250
632251
632252
632253
632254
632255
632256
632258
632259
632260
632261
632262
632263
632264
632268
632278
632279
632325
632326
632329
632330
632331
632334
632335
632336
632340
632341
632342
632346
632347
632352
632353
632358
632359
632360
632499
632500
632501
632502
632503
632504
632505
632506
632507
632508
632509
632510
632511
632512
632513
632514
632515
632516
632517
632518
632520
632521
632522
632523
632525
632526
632527
632528
632530
632531
632874
632875
632878
632879
632880
632881
632883
632884
632885
632889
632890
632891
632893
632895
632896
632900
632901
632902
632905
632907
632908
632909
633253
633254
633258
633259
633264
633265
633266
633271
633273
633274
633275
633276
633277
633278
633279
633280
633281
633282
633283
633284
633285
633286
633287
633288
633289
633290
633291
633292
633293
633294
633295
633296
633297
633298
633299
633300
633301
633302
633303
633304
633305
633306
633307
633308
633309
633310
633311
633312
633316
633321
633327
633489
633490
633493
633494
633496
633498
633499
633500
633504
633506
633507
633508
633509
633510
633511
633512
633513
633514
633515
633516
633517
633518
633519
633520
633521
633522
633523
633524
633525
633526
633527
633528
633529
633530
633531
633532
633533
633534
633535
633536
633537
633538
633539
633540
633541
633542
633543
633544
633545
633547
633549
633553
633554
633557
633560
633740
633746
633749
633750
633758
633759
633765
633767
633769
633770
633771
633779
633780
633786
633788
633790
633791
633792
633800
633806
633810
634911
634912
634913
634924
634925
634926
634927
634928
634929
634930
634931
634932
634933
634934
634935
634936
634937
634938
634939
634940
634941
634942
634943
634944
634945
634946
634947
634948
634949
634950
634951
634953
634954
634955
634956
634957
634958
634959
634963
634973
634974
635020
635021
635024
635025
635026
635029
635030
635031
635035
635036
635037
635041
635042
635047
635048
635053
635054
635055
635194
635195
635196
635197
635198
635199
635200
635201
635202
635203
635204
635205
635206
635207
635208
635209
635210
635211
635212
635213
635215
635216
635217
635218
635220
635221
635222
635223
635225
635226
635569
635570
635573
635574
635575
635576
635578
635579
635580
635584
635585
635586
635588
635590
635591
635595
635596
635597
635600
635602
635603
635604
635948
635949
635953
635954
635959
635960
635961
635966
635968
635969
635970
635971
635972
635973
635974
635975
635976
635977
635978
635979
635980
635981
635982
635983
635984
635985
635986
635987
635988
635989
635990
635991
635992
635993
635994
635995
635996
635997
635998
635999
636000
636001
636002
636003
636004
636005
636006
636007
636011
636016
636022
636184
636185
636188
636189
636191
636193
636194
636195
636199
636201
636202
636203
636204
636205
636206
636207
636208
636209
636210
636211
636212
636213
636214
636215
636216
636217
636218
636219
636220
636221
636222
636223
636224
636225
636226
636227
636228
636229
636230
636231
636232
636233
636234
636235
636236
636237
636238
636239
636240
636242
636244
636248
636249
636252
636255
636435
636441
636444
636445
636453
636454
636460
636462
636464
636465
636466
636474
636475
636481
636483
636485
636486
636487
636495
636501
636505
637606
637607
637608
637619
637620
637621
637622
637623
637624
637625
637626
637627
637628
637629
637630
637631
637632
637633
637634
637635
637636
637637
637638
637639
637640
637641
637642
637643
637644
637645
637646
637648
637649
637650
637651
637652
637653
637654
637658
637668
637669
637715
637716
637719
637720
637721
637724
637725
637726
637730
637731
637732
637736
637737
637742
637743
637748
637749
637750
637889
637890
637891
637892
637893
637894
637895
637896
637897
637898
637899
637900
637901
637902
637903
637904
637905
637906
637907
637908
637910
637911
637912
637913
637915
637916
637917
637918
637920
637921
638264
638265
638268
638269
638270
638271
638273
638274
638275
638279
638280
638281
638283
638285
638286
638290
638291
638292
638295
638297
638298
638299
638643
638644
638648
638649
638654
638655
638656
638661
638663
638664
638665
638666
638667
638668
638669
638670
638671
638672
638673
638674
638675
638676
638677
638678
638679
638680
638681
638682
638683
638684
638685
638686
638687
638688
638689
638690
638691
638692
638693
638694
638695
638696
638697
638698
638699
638700
638701
638702
638706
638711
638717
638879
638880
638883
638884
638886
638888
638889
638890
638894
638896
638897
638898
638899
638900
638901
638902
638903
638904
638905
638906
638907
638908
638909
638910
638911
638912
638913
638914
638915
638916
638917
638918
638919
638920
638921
638922
638923
638924
638925
638926
638927
638928
638929
638930
638931
638932
638933
638934
638935
638937
638939
638943
638944
638947
638950
639130
639136
639139
639140
639148
639149
639155
639157
639159
639160
639161
639169
639170
639176
639178
639180
639181
639182
639190
639196
639200
640301
640302
640303
640314
640315
640316
640317
640318
640319
640320
640321
640322
640323
640324
640325
640326
640327
640328
640329
640330
640331
640332
640333
640334
640335
640336
640337
640338
640339
640340
640341
640343
640344
640345
640346
640347
640348
640349
640353
640363
640364
640410
640411
640414
640415
640416
640419
640420
640421
640425
640426
640427
640431
640432
640437
640438
640443
640444
640445
640584
640585
640586
640587
640588
640589
640590
640591
640592
640593
640594
640595
640596
640597
640598
640599
640600
640601
640602
640603
640605
640606
640607
640608
640610
640611
640612
640613
640615
640616
640959
640960
640963
640964
640965
640966
640968
640969
640970
640974
640975
640976
640978
640980
640981
640985
640986
640987
640990
640992
640993
640994
641338
641339
641343
641344
641349
641350
641351
641356
641358
641359
641360
641361
641362
641363
641364
641365
641366
641367
641368
641369
641370
641371
641372
641373
641374
641375
641376
641377
641378
641379
641380
641381
641382
641383
641384
641385
641386
641387
641388
641389
641390
641391
641392
641393
641394
641395
641396
641397
641401
641406
641412
641574
641575
641578
641579
641581
641583
641584
641585
641589
641591
641592
641593
641594
641595
641596
641597
641598
641599
641600
641601
641602
641603
641604
641605
641606
641607
641608
641609
641610
641611
641612
641613
641614
641615
641616
641617
641618
641619
641620
641621
641622
641623
641624
641625
641626
641627
641628
641629
641630
641632
641634
641638
641639
641642
641645
641825
641831
641834
641835
641843
641844
641850
641852
641854
641855
641856
641864
641865
641871
641873
641875
641876
641877
641885
641891
641895
642996
642997
642998
643009
643010
643011
643012
643013
643014
643015
643016
643017
643018
643019
643020
643021
643022
643023
643024
643025
643026
643027
643028
643029
643030
643031
643032
643033
643034
643035
643036
643038
643039
643040
643041
643042
643043
643044
643048
643058
643059
643105
643106
643109
643110
643111
643114
643115
643116
643120
643121
643122
643126
643127
643132
643133
643138
643139
643140
643279
643280
643281
643282
643283
643284
643285
643286
643287
643288
643289
643290
643291
643292
643293
643294
643295
643296
643297
643298
643300
643301
643302
643303
643305
643306
643307
643308
643310
643311
643654
643655
643658
643659
643660
643661
643663
643664
643665
643669
643670
643671
643673
643675
643676
643680
643681
643682
643685
643687
643688
643689
644033
644034
644038
644039
644044
644045
644046
644051
644053
644054
644055
644056
644057
644058
644059
644060
644061
644062
644063
644064
644065
644066
644067
644068
644069
644070
644071
644072
644073
644074
644075
644076
644077
644078
644079
644080
644081
644082
644083
644084
644085
644086
644087
644088
644089
644090
644091
644092
644096
644101
644107
644269
644270
644273
644274
644276
644278
644279
644280
644284
644286
644287
644288
644289
644290
644291
644292
644293
644294
644295
644296
644297
644298
644299
644300
644301
644302
644303
644304
644305
644306
644307
644308
644309
644310
644311
644312
644313
644314
644315
644316
644317
644318
644319
644320
644321
644322
644323
644324
644325
644327
644329
644333
644334
644337
644340
644520
644526
644529
644530
644538
644539
644545
644547
644549
644550
644551
644559
644560
644566
644568
644570
644571
644572
644580
644586
644590
645691
645692
645693
645704
645705
645706
645707
645708
645709
645710
645711
645712
645713
645714
645715
645716
645717
645718
645719
645720
645721
645722
645723
645724
645725
645726
645727
645728
645729
645730
645731
645733
645734
645735
645736
645737
645738
645739
645743
645753
645754
645800
645801
645804
645805
645806
645809
645810
645811
645815
645816
645817
645821
645822
645827
645828
645833
645834
645835
645974
645975
645976
645977
645978
645979
645980
645981
645982
645983
645984
645985
645986
645987
645988
645989
645990
645991
645992
645993
645995
645996
645997
645998
646000
646001
646002
646003
646005
646006
646349
646350
646353
646354
646355
646356
646358
646359
646360
646364
646365
646366
646368
646370
646371
646375
646376
646377
646380
646382
646383
646384
646728
646729
646733
646734
646739
646740
646741
646746
646748
646749
646750
646751
646752
646753
646754
646755
646756
646757
646758
646759
646760
646761
646762
646763
646764
646765
646766
646767
646768
646769
646770
646771
646772
646773
646774
646775
646776
646777
646778
646779
646780
646781
646782
646783
646784
646785
646786
646787
646791
646796
646802
646964
646965
646968
646969
646971
646973
646974
646975
646979
646981
646982
646983
646984
646985
646986
646987
646988
646989
646990
646991
646992
646993
646994
646995
646996
646997
646998
646999
647000
647001
647002
647003
647004
647005
647006
647007
647008
647009
647010
647011
647012
647013
647014
647015
647016
647017
647018
647019
647020
647022
647024
647028
647029
647032
647035
647215
647221
647224
647225
647233
647234
647240
647242
647244
647245
647246
647254
647255
647261
647263
647265
647266
647267
647275
647281
647285
648386
648387
648388
648399
648400
648401
648402
648403
648404
648405
648406
648407
648408
648409
648410
648411
648412
648413
648414
648415
648416
648417
648418
648419
648420
648421
648422
648423
648424
648425
648426
648428
648429
648430
648431
648432
648433
648434
648438
648448
648449
648495
648496
648499
648500
648501
648504
648505
648506
648510
648511
648512
648516
648517
648522
648523
648528
648529
648530
648669
648670
648671
648672
648673
648674
648675
648676
648677
648678
648679
648680
648681
648682
648683
648684
648685
648686
648687
648688
648690
648691
648692
648693
648695
648696
648697
648698
648700
648701
649044
649045
649048
649049
649050
649051
649053
649054
649055
649059
649060
649061
649063
649065
649066
649070
649071
649072
649075
649077
649078
649079
649423
649424
649428
649429
649434
649435
649436
649441
649443
649444
649445
649446
649447
649448
649449
649450
649451
649452
649453
649454
649455
649456
649457
649458
649459
649460
649461
649462
649463
649464
649465
649466
649467
649468
649469
649470
649471
649472
649473
649474
649475
649476
649477
649478
649479
649480
649481
649482
649486
649491
649497
649659
649660
649663
649664
649666
649668
649669
649670
649674
649676
649677
649678
649679
649680
649681
649682
649683
649684
649685
649686
649687
649688
649689
649690
649691
649692
649693
649694
649695
649696
649697
649698
649699
649700
649701
649702
649703
649704
649705
649706
649707
649708
649709
649710
649711
649712
649713
649714
649715
649717
649719
649723
649724
649727
649730
649910
649916
649919
649920
649928
649929
649935
649937
649939
649940
649941
649949
649950
649956
649958
649960
649961
649962
649970
649976
649980
651081
651082
651083
651094
651095
651096
651097
651098
651099
651100
651101
651102
651103
651104
651105
651106
651107
651108
651109
651110
651111
651112
651113
651114
651115
651116
651117
651118
651119
651120
651121
651123
651124
651125
651126
651127
651128
651129
651133
651143
651144
651190
651191
651194
651195
651196
651199
651200
651201
651205
651206
651207
651211
651212
651217
651218
651223
651224
651225
651364
651365
651366
651367
651368
651369
651370
651371
651372
651373
651374
651375
651376
651377
651378
651379
651380
651381
651382
651383
651385
651386
651387
651388
651390
651391
651392
651393
651395
651396
651739
651740
651743
651744
651745
651746
651748
651749
651750
651754
651755
651756
651758
651760
651761
651765
651766
651767
651770
651772
651773
651774
652118
652119
652123
652124
652129
652130
652131
652136
652138
652139
652140
652141
652142
652143
652144
652145
652146
652147
652148
652149
652150
652151
652152
652153
652154
652155
652156
652157
652158
652159
652160
652161
652162
652163
652164
652165
652166
652167
652168
652169
652170
652171
652172
652173
652174
652175
652176
652177
652181
652186
652192
652354
652355
652358
652359
652361
652363
652364
652365
652369
652371
652372
652373
652374
652375
652376
652377
652378
652379
652380
652381
652382
652383
652384
652385
652386
652387
652388
652389
652390
652391
652392
652393
652394
652395
652396
652397
652398
652399
652400
652401
652402
652403
652404
652405
652406
652407
652408
652409
652410
652412
652414
652418
652419
652422
652425
652605
652611
652614
652615
652623
652624
652630
652632
652634
652635
652636
652644
652645
652651
652653
652655
652656
652657
652665
652671
652675
653776
653777
653778
653789
653790
653791
653792
653793
653794
653795
653796
653797
653798
653799
653800
653801
653802
653803
653804
653805
653806
653807
653808
653809
653810
653811
653812
653813
653814
653815
653816
653818
653819
653820
653821
653822
653823
653824
653828
653838
653839
653885
653886
653889
653890
653891
653894
653895
653896
653900
653901
653902
653906
653907
653912
653913
653918
653919
653920
654059
654060
654061
654062
654063
654064
654065
654066
654067
654068
654069
654070
654071
654072
654073
654074
654075
654076
654077
654078
654080
654081
654082
654083
654085
654086
654087
654088
654090
654091
654434
654435
654438
654439
654440
654441
654443
654444
654445
654449
654450
654451
654453
654455
654456
654460
654461
654462
654465
654467
654468
654469
654813
654814
654818
654819
654824
654825
654826
654831
654833
654834
654835
654836
654837
654838
654839
654840
654841
654842
654843
654844
654845
654846
654847
654848
654849
654850
654851
654852
654853
654854
654855
654856
654857
654858
654859
654860
654861
654862
654863
654864
654865
654866
654867
654868
654869
654870
654871
654872
654876
654881
654887
655049
655050
655053
655054
655056
655058
655059
655060
655064
655066
655067
655068
655069
655070
655071
655072
655073
655074
655075
655076
655077
655078
655079
655080
655081
655082
655083
655084
655085
655086
655087
655088
655089
655090
655091
655092
655093
655094
655095
655096
655097
655098
655099
655100
655101
655102
655103
655104
655105
655107
655109
655113
655114
655117
655120
655300
655306
655309
655310
655318
655319
655325
655327
655329
655330
655331
655339
655340
655346
655348
655350
655351
655352
655360
655366
655370
656471
656472
656473
656484
656485
656486
656487
656488
656489
656490
656491
656492
656493
656494
656495
656496
656497
656498
656499
656500
656501
656502
656503
656504
656505
656506
656507
656508
656509
656510
656511
656513
656514
656515
656516
656517
656518
656519
656523
656533
656534
656580
656581
656584
656585
656586
656589
656590
656591
656595
656596
656597
656601
656602
656607
656608
656613
656614
656615
656754
656755
656756
656757
656758
656759
656760
656761
656762
656763
656764
656765
656766
656767
656768
656769
656770
656771
656772
656773
656775
656776
656777
656778
656780
656781
656782
656783
656785
656786
657129
657130
657133
657134
657135
657136
657138
657139
657140
657144
657145
657146
657148
657150
657151
657155
657156
657157
657160
657162
657163
657164
657508
657509
657513
657514
657519
657520
657521
657526
657528
657529
657530
657531
657532
657533
657534
657535
657536
657537
657538
657539
657540
657541
657542
657543
657544
657545
657546
657547
657548
657549
657550
657551
657552
657553
657554
657555
657556
657557
657558
657559
657560
657561
657562
657563
657564
657565
657566
657567
657571
657576
657582
657744
657745
657748
657749
657751
657753
657754
657755
657759
657761
657762
657763
657764
657765
657766
657767
657768
657769
657770
657771
657772
657773
657774
657775
657776
657777
657778
657779
657780
657781
657782
657783
657784
657785
657786
657787
657788
657789
657790
657791
657792
657793
657794
657795
657796
657797
657798
657799
657800
657802
657804
657808
657809
657812
657815
657995
658001
658004
658005
658013
658014
658020
658022
658024
658025
658026
658034
658035
658041
658043
658045
658046
658047
658055
658061
658065
659166
659167
659168
659179
659180
659181
659182
659183
659184
659185
659186
659187
659188
659189
659190
659191
659192
659193
659194
659195
659196
659197
659198
659199
659200
659201
659202
659203
659204
659205
659206
659208
659209
659210
659211
659212
659213
659214
659218
659228
659229
659275
659276
659279
659280
659281
659284
659285
659286
659290
659291
659292
659296
659297
659302
659303
659308
659309
659310
659449
659450
659451
659452
659453
659454
659455
659456
659457
659458
659459
659460
659461
659462
659463
659464
659465
659466
659467
659468
659470
659471
659472
659473
659475
659476
659477
659478
659480
659481
659824
659825
659828
659829
659830
659831
659833
659834
659835
659839
659840
659841
659843
659845
659846
659850
659851
659852
659855
659857
659858
659859
660203
660204
660208
660209
660214
660215
660216
660221
660223
660224
660225
660226
660227
660228
660229
660230
660231
660232
660233
660234
660235
660236
660237
660238
660239
660240
660241
660242
660243
660244
660245
660246
660247
660248
660249
660250
660251
660252
660253
660254
660255
660256
660257
660258
660259
660260
660261
660262
660266
660271
660277
660439
660440
660443
660444
660446
660448
660449
660450
660454
660456
660457
660458
660459
660460
660461
660462
660463
660464
660465
660466
660467
660468
660469
660470
660471
660472
660473
660474
660475
660476
660477
660478
660479
660480
660481
660482
660483
660484
660485
660486
660487
660488
660489
660490
660491
660492
660493
660494
660495
660497
660499
660503
660504
660507
660510
660690
660696
660699
660700
660708
660709
660715
660717
660719
660720
660721
660729
660730
660736
660738
660740
660741
660742
660750
660756
660760
661861
661862
661863
661874
661875
661876
661877
661878
661879
661880
661881
661882
661883
661884
661885
661886
661887
661888
661889
661890
661891
661892
661893
661894
661895
661896
661897
661898
661899
661900
661901
661903
661904
661905
661906
661907
661908
661909
661913
661923
661924
661970
661971
661974
661975
661976
661979
661980
661981
661985
661986
661987
661991
661992
661997
661998
662003
662004
662005
662144
662145
662146
662147
662148
662149
662150
662151
662152
662153
662154
662155
662156
662157
662158
662159
662160
662161
662162
662163
662165
662166
662167
662168
662170
662171
662172
662173
662175
662176
662519
662520
662523
662524
662525
662526
662528
662529
662530
662534
662535
662536
662538
662540
662541
662545
662546
662547
662550
662552
662553
662554
662898
662899
662903
662904
662909
662910
662911
662916
662918
662919
662920
662921
662922
662923
662924
662925
662926
662927
662928
662929
662930
662931
662932
662933
662934
662935
662936
662937
662938
662939
662940
662941
662942
662943
662944
662945
662946
662947
662948
662949
662950
662951
662952
662953
662954
662955
662956
662957
662961
662966
662972
663134
663135
663138
663139
663141
663143
663144
663145
663149
663151
663152
663153
663154
663155
663156
663157
663158
663159
663160
663161
663162
663163
663164
663165
663166
663167
663168
663169
663170
663171
663172
663173
663174
663175
663176
663177
663178
663179
663180
663181
663182
663183
663184
663185
663186
663187
663188
663189
663190
663192
663194
663198
663199
663202
663205
663385
663391
663394
663395
663403
663404
663410
663412
663414
663415
663416
663424
663425
663431
663433
663435
663436
663437
663445
663451
663455
664556
664557
664558
664569
664570
664571
664572
664573
664574
664575
664576
664577
664578
664579
664580
664581
664582
664583
664584
664585
664586
664587
664588
664589
664590
664591
664592
664593
664594
664595
664596
664598
664599
664600
664601
664602
664603
664604
664608
664618
664619
664665
664666
664669
664670
664671
664674
664675
664676
664680
664681
664682
664686
664687
664692
664693
664698
664699
664700
664839
664840
664841
664842
664843
664844
664845
664846
664847
664848
664849
664850
664851
664852
664853
664854
664855
664856
664857
664858
664860
664861
664862
664863
664865
664866
664867
664868
664870
664871
665214
665215
665218
665219
665220
665221
665223
665224
665225
665229
665230
665231
665233
665235
665236
665240
665241
665242
665245
665247
665248
665249
665593
665594
665598
665599
665604
665605
665606
665611
665613
665614
665615
665616
665617
665618
665619
665620
665621
665622
665623
665624
665625
665626
665627
665628
665629
665630
665631
665632
665633
665634
665635
665636
665637
665638
665639
665640
665641
665642
665643
665644
665645
665646
665647
665648
665649
665650
665651
665652
665656
665661
665667
665829
665830
665833
665834
665836
665838
665839
665840
665844
665846
665847
665848
665849
665850
665851
665852
665853
665854
665855
665856
665857
665858
665859
665860
665861
665862
665863
665864
665865
665866
665867
665868
665869
665870
665871
665872
665873
665874
665875
665876
665877
665878
665879
665880
665881
665882
665883
665884
665885
665887
665889
665893
665894
665897
665900
666080
666086
666089
666090
666098
666099
666105
666107
666109
666110
666111
666119
666120
666126
666128
666130
666131
666132
666140
666146
666150
667251
667252
667253
667264
667265
667266
667267
667268
667269
667270
667271
667272
667273
667274
667275
667276
667277
667278
667279
667280
667281
667282
667283
667284
667285
667286
667287
667288
667289
667290
667291
667293
667294
667295
667296
667297
667298
667299
667303
667313
667314
667360
667361
667364
667365
667366
667369
667370
667371
667375
667376
667377
667381
667382
667387
667388
667393
667394
667395
667534
667535
667536
667537
667538
667539
667540
667541
667542
667543
667544
667545
667546
667547
667548
667549
667550
667551
667552
667553
667555
667556
667557
667558
667560
667561
667562
667563
667565
667566
667909
667910
667913
667914
667915
667916
667918
667919
667920
667924
667925
667926
667928
667930
667931
667935
667936
667937
667940
667942
667943
667944
668288
668289
668293
668294
668299
668300
668301
668306
668308
668309
668310
668311
668312
668313
668314
668315
668316
668317
668318
668319
668320
668321
668322
668323
668324
668325
668326
668327
668328
668329
668330
668331
668332
668333
668334
668335
668336
668337
668338
668339
668340
668341
668342
668343
668344
668345
668346
668347
668351
668356
668362
668524
668525
668528
668529
668531
668533
668534
668535
668539
668541
668542
668543
668544
668545
668546
668547
668548
668549
668550
668551
668552
668553
668554
668555
668556
668557
668558
668559
668560
668561
668562
668563
668564
668565
668566
668567
668568
668569
668570
668571
668572
668573
668574
668575
668576
668577
668578
668579
668580
668582
668584
668588
668589
668592
668595
668775
668781
668784
668785
668793
668794
668800
668802
668804
668805
668806
668814
668815
668821
668823
668825
668826
668827
668835
668841
668845
669946
669947
669948
669959
669960
669961
669962
669963
669964
669965
669966
669967
669968
669969
669970
669971
669972
669973
669974
669975
669976
669977
669978
669979
669980
669981
669982
669983
669984
669985
669986
669988
669989
669990
669991
669992
669993
669994
669998
670008
670009
670055
670056
670059
670060
670061
670064
670065
670066
670070
670071
670072
670076
670077
670082
670083
670088
670089
670090
670229
670230
670231
670232
670233
670234
670235
670236
670237
670238
670239
670240
670241
670242
670243
670244
670245
670246
670247
670248
670250
670251
670252
670253
670255
670256
670257
670258
670260
670261
670604
670605
670608
670609
670610
670611
670613
670614
670615
670619
670620
670621
670623
670625
670626
670630
670631
670632
670635
670637
670638
670639
670983
670984
670988
670989
670994
670995
670996
671001
671003
671004
671005
671006
671007
671008
671009
671010
671011
671012
671013
671014
671015
671016
671017
671018
671019
671020
671021
671022
671023
671024
671025
671026
671027
671028
671029
671030
671031
671032
671033
671034
671035
671036
671037
671038
671039
671040
671041
671042
671046
671051
671057
671219
671220
671223
671224
671226
671228
671229
671230
671234
671236
671237
671238
671239
671240
671241
671242
671243
671244
671245
671246
671247
671248
671249
671250
671251
671252
671253
671254
671255
671256
671257
671258
671259
671260
671261
671262
671263
671264
671265
671266
671267
671268
671269
671270
671271
671272
671273
671274
671275
671277
671279
671283
671284
671287
671290
671470
671476
671479
671480
671488
671489
671495
671497
671499
671500
671501
671509
671510
671516
671518
671520
671521
671522
671530
671536
671540
672641
672642
672643
672654
672655
672656
672657
672658
672659
672660
672661
672662
672663
672664
672665
672666
672667
672668
672669
672670
672671
672672
672673
672674
672675
672676
672677
672678
672679
672680
672681
672683
672684
672685
672686
672687
672688
672689
672693
672703
672704
672750
672751
672754
672755
672756
672759
672760
672761
672765
672766
672767
672771
672772
672777
672778
672783
672784
672785
672924
672925
672926
672927
672928
672929
672930
672931
672932
672933
672934
672935
672936
672937
672938
672939
672940
672941
672942
672943
672945
672946
672947
672948
672950
672951
672952
672953
672955
672956
673299
673300
673303
673304
673305
673306
673308
673309
673310
673314
673315
673316
673318
673320
673321
673325
673326
673327
673330
673332
673333
673334
673678
673679
673683
673684
673689
673690
673691
673696
673698
673699
673700
673701
673702
673703
673704
673705
673706
673707
673708
673709
673710
673711
673712
673713
673714
673715
673716
673717
673718
673719
673720
673721
673722
673723
673724
673725
673726
673727
673728
673729
673730
673731
673732
673733
673734
673735
673736
673737
673741
673746
673752
673914
673915
673918
673919
673921
673923
673924
673925
673929
673931
673932
673933
673934
673935
673936
673937
673938
673939
673940
673941
673942
673943
673944
673945
673946
673947
673948
673949
673950
673951
673952
673953
673954
673955
673956
673957
673958
673959
673960
673961
673962
673963
673964
673965
673966
673967
673968
673969
673970
673972
673974
673978
673979
673982
673985
674165
674171
674174
674175
674183
674184
674190
674192
674194
674195
674196
674204
674205
674211
674213
674215
674216
674217
674225
674231
674235
675336
675337
675338
675349
675350
675351
675352
675353
675354
675355
675356
675357
675358
675359
675360
675361
675362
675363
675364
675365
675366
675367
675368
675369
675370
675371
675372
675373
675374
675375
675376
675378
675379
675380
675381
675382
675383
675384
675388
675398
675399
675445
675446
675449
675450
675451
675454
675455
675456
675460
675461
675462
675466
675467
675472
675473
675478
675479
675480
675619
675620
675621
675622
675623
675624
675625
675626
675627
675628
675629
675630
675631
675632
675633
675634
675635
675636
675637
675638
675640
675641
675642
675643
675645
675646
675647
675648
675650
675651
675994
675995
675998
675999
676000
676001
676003
676004
676005
676009
676010
676011
676013
676015
676016
676020
676021
676022
676025
676027
676028
676029
676373
676374
676378
676379
676384
676385
676386
676391
676393
676394
676395
676396
676397
676398
676399
676400
676401
676402
676403
676404
676405
676406
676407
676408
676409
676410
676411
676412
676413
676414
676415
676416
676417
676418
676419
676420
676421
676422
676423
676424
676425
676426
676427
676428
676429
676430
676431
676432
676436
676441
676447
676609
676610
676613
676614
676616
676618
676619
676620
676624
676626
676627
676628
676629
676630
676631
676632
676633
676634
676635
676636
676637
676638
676639
676640
676641
676642
676643
676644
676645
676646
676647
676648
676649
676650
676651
676652
676653
676654
676655
676656
676657
676658
676659
676660
676661
676662
676663
676664
676665
676667
676669
676673
676674
676677
676680
676860
676866
676869
676870
676878
676879
676885
676887
676889
676890
676891
676899
676900
676906
676908
676910
676911
676912
676920
676926
676930
678031
678032
678033
678044
678045
678046
678047
678048
678049
678050
678051
678052
678053
678054
678055
678056
678057
678058
678059
678060
678061
678062
678063
678064
678065
678066
678067
678068
678069
678070
678071
678073
678074
678075
678076
678077
678078
678079
678083
678093
678094
678140
678141
678144
678145
678146
678149
678150
678151
678155
678156
678157
678161
678162
678167
678168
678173
678174
678175
678314
678315
678316
678317
678318
678319
678320
678321
678322
678323
678324
678325
678326
678327
678328
678329
678330
678331
678332
678333
678335
678336
678337
678338
678340
678341
678342
678343
678345
678346
678689
678690
678693
678694
678695
678696
678698
678699
678700
678704
678705
678706
678708
678710
678711
678715
678716
678717
678720
678722
678723
678724
679068
679069
679073
679074
679079
679080
679081
679086
679088
679089
679090
679091
679092
679093
679094
679095
679096
679097
679098
679099
679100
679101
679102
679103
679104
679105
679106
679107
679108
679109
679110
679111
679112
679113
679114
679115
679116
679117
679118
679119
679120
679121
679122
679123
679124
679125
679126
679127
679131
679136
679142
679304
679305
679308
679309
679311
679313
679314
679315
679319
679321
679322
679323
679324
679325
679326
679327
679328
679329
679330
679331
679332
679333
679334
679335
679336
679337
679338
679339
679340
679341
679342
679343
679344
679345
679346
679347
679348
679349
679350
679351
679352
679353
679354
679355
679356
679357
679358
679359
679360
679362
679364
679368
679369
679372
679375
679555
679561
679564
679565
679573
679574
679580
679582
679584
679585
679586
679594
679595
679601
679603
679605
679606
679607
679615
679621
679625
680726
680727
680728
680739
680740
680741
680742
680743
680744
680745
680746
680747
680748
680749
680750
680751
680752
680753
680754
680755
680756
680757
680758
680759
680760
680761
680762
680763
680764
680765
680766
680768
680769
680770
680771
680772
680773
680774
680778
680788
680789
680835
680836
680839
680840
680841
680844
680845
680846
680850
680851
680852
680856
680857
680862
680863
680868
680869
680870
681009
681010
681011
681012
681013
681014
681015
681016
681017
681018
681019
681020
681021
681022
681023
681024
681025
681026
681027
681028
681030
681031
681032
681033
681035
681036
681037
681038
681040
681041
681384
681385
681388
681389
681390
681391
681393
681394
681395
681399
681400
681401
681403
681405
681406
681410
681411
681412
681415
681417
681418
681419
681763
681764
681768
681769
681774
681775
681776
681781
681783
681784
681785
681786
681787
681788
681789
681790
681791
681792
681793
681794
681795
681796
681797
681798
681799
681800
681801
681802
681803
681804
681805
681806
681807
681808
681809
681810
681811
681812
681813
681814
681815
681816
681817
681818
681819
681820
681821
681822
681826
681831
681837
681999
682000
682003
682004
682006
682008
682009
682010
682014
682016
682017
682018
682019
682020
682021
682022
682023
682024
682025
682026
682027
682028
682029
682030
682031
682032
682033
682034
682035
682036
682037
682038
682039
682040
682041
682042
682043
682044
682045
682046
682047
682048
682049
682050
682051
682052
682053
682054
682055
682057
682059
682063
682064
682067
682070
682250
682256
682259
682260
682268
682269
682275
682277
682279
682280
682281
682289
682290
682296
682298
682300
682301
682302
682310
682316
682320
683421
683422
683423
683434
683435
683436
683437
683438
683439
683440
683441
683442
683443
683444
683445
683446
683447
683448
683449
683450
683451
683452
683453
683454
683455
683456
683457
683458
683459
683460
683461
683463
683464
683465
683466
683467
683468
683469
683473
683483
683484
683530
683531
683534
683535
683536
683539
683540
683541
683545
683546
683547
683551
683552
683557
683558
683563
683564
683565
683704
683705
683706
683707
683708
683709
683710
683711
683712
683713
683714
683715
683716
683717
683718
683719
683720
683721
683722
683723
683725
683726
683727
683728
683730
683731
683732
683733
683735
683736
684079
684080
684083
684084
684085
684086
684088
684089
684090
684094
684095
684096
684098
684100
684101
684105
684106
684107
684110
684112
684113
684114
684458
684459
684463
684464
684469
684470
684471
684476
684478
684479
684480
684481
684482
684483
684484
684485
684486
684487
684488
684489
684490
684491
684492
684493
684494
684495
684496
684497
684498
684499
684500
684501
684502
684503
684504
684505
684506
684507
684508
684509
684510
684511
684512
684513
684514
684515
684516
684517
684521
684526
684532
684694
684695
684698
684699
684701
684703
684704
684705
684709
684711
684712
684713
684714
684715
684716
684717
684718
684719
684720
684721
684722
684723
684724
684725
684726
684727
684728
684729
684730
684731
684732
684733
684734
684735
684736
684737
684738
684739
684740
684741
684742
684743
684744
684745
684746
684747
684748
684749
684750
684752
684754
684758
684759
684762
684765
684945
684951
684954
684955
684963
684964
684970
684972
684974
684975
684976
684984
684985
684991
684993
684995
684996
684997
685005
685011
685015
686116
686117
686118
686129
686130
686131
686132
686133
686134
686135
686136
686137
686138
686139
686140
686141
686142
686143
686144
686145
686146
686147
686148
686149
686150
686151
686152
686153
686154
686155
686156
686158
686159
686160
686161
686162
686163
686164
686168
686178
686179
686225
686226
686229
686230
686231
686234
686235
686236
686240
686241
686242
686246
686247
686252
686253
686258
686259
686260
686399
686400
686401
686402
686403
686404
686405
686406
686407
686408
686409
686410
686411
686412
686413
686414
686415
686416
686417
686418
686420
686421
686422
686423
686425
686426
686427
686428
686430
686431
686774
686775
686778
686779
686780
686781
686783
686784
686785
686789
686790
686791
686793
686795
686796
686800
686801
686802
686805
686807
686808
686809
687153
687154
687158
687159
687164
687165
687166
687171
687173
687174
687175
687176
687177
687178
687179
687180
687181
687182
687183
687184
687185
687186
687187
687188
687189
687190
687191
687192
687193
687194
687195
687196
687197
687198
687199
687200
687201
687202
687203
687204
687205
687206
687207
687208
687209
687210
687211
687212
687216
687221
687227
687389
687390
687393
687394
687396
687398
687399
687400
687404
687406
687407
687408
687409
687410
687411
687412
687413
687414
687415
687416
687417
687418
687419
687420
687421
687422
687423
687424
687425
687426
687427
687428
687429
687430
687431
687432
687433
687434
687435
687436
687437
687438
687439
687440
687441
687442
687443
687444
687445
687447
687449
687453
687454
687457
687460
687640
687646
687649
687650
687658
687659
687665
687667
687669
687670
687671
687679
687680
687686
687688
687690
687691
687692
687700
687706
687710
688811
688812
688813
688824
688825
688826
688827
688828
688829
688830
688831
688832
688833
688834
688835
688836
688837
688838
688839
688840
688841
688842
688843
688844
688845
688846
688847
688848
688849
688850
688851
688853
688854
688855
688856
688857
688858
688859
688863
688873
688874
688920
688921
688924
688925
688926
688929
688930
688931
688935
688936
688937
688941
688942
688947
688948
688953
688954
688955
689094
689095
689096
689097
689098
689099
689100
689101
689102
689103
689104
689105
689106
689107
689108
689109
689110
689111
689112
689113
689115
689116
689117
689118
689120
689121
689122
689123
689125
689126
689469
689470
689473
689474
689475
689476
689478
689479
689480
689484
689485
689486
689488
689490
689491
689495
689496
689497
689500
689502
689503
689504
689848
689849
689853
689854
689859
689860
689861
689866
689868
689869
689870
689871
689872
689873
689874
689875
689876
689877
689878
689879
689880
689881
689882
689883
689884
689885
689886
689887
689888
689889
689890
689891
689892
689893
689894
689895
689896
689897
689898
689899
689900
689901
689902
689903
689904
689905
689906
689907
689911
689916
689922
690084
690085
690088
690089
690091
690093
690094
690095
690099
690101
690102
690103
690104
690105
690106
690107
690108
690109
690110
690111
690112
690113
690114
690115
690116
690117
690118
690119
690120
690121
690122
690123
690124
690125
690126
690127
690128
690129
690130
690131
690132
690133
690134
690135
690136
690137
690138
690139
690140
690142
690144
690148
690149
690152
690155
690335
690341
690344
690345
690353
690354
690360
690362
690364
690365
690366
690374
690375
690381
690383
690385
690386
690387
690395
690401
690405
691506
691507
691508
691519
691520
691521
691522
691523
691524
691525
691526
691527
691528
691529
691530
691531
691532
691533
691534
691535
691536
691537
691538
691539
691540
691541
691542
691543
691544
691545
691546
691548
691549
691550
691551
691552
691553
691554
691558
691568
691569
691615
691616
691619
691620
691621
691624
691625
691626
691630
691631
691632
691636
691637
691642
691643
691648
691649
691650
691789
691790
691791
691792
691793
691794
691795
691796
691797
691798
691799
691800
691801
691802
691803
691804
691805
691806
691807
691808
691810
691811
691812
691813
691815
691816
691817
691818
691820
691821
692164
692165
692168
692169
692170
692171
692173
692174
692175
692179
692180
692181
692183
692185
692186
692190
692191
692192
692195
692197
692198
692199
692543
692544
692548
692549
692554
692555
692556
692561
692563
692564
692565
692566
692567
692568
692569
692570
692571
692572
692573
692574
692575
692576
692577
692578
692579
692580
692581
692582
692583
692584
692585
692586
692587
692588
692589
692590
692591
692592
692593
692594
692595
692596
692597
692598
692599
692600
692601
692602
692606
692611
692617
692779
692780
692783
692784
692786
692788
692789
692790
692794
692796
692797
692798
692799
692800
692801
692802
692803
692804
692805
692806
692807
692808
692809
692810
692811
692812
692813
692814
692815
692816
692817
692818
692819
692820
692821
692822
692823
692824
692825
692826
692827
692828
692829
692830
692831
692832
692833
692834
692835
692837
692839
692843
692844
692847
692850
693030
693036
693039
693040
693048
693049
693055
693057
693059
693060
693061
693069
693070
693076
693078
693080
693081
693082
693090
693096
693100
694201
694202
694203
694214
694215
694216
694217
694218
694219
694220
694221
694222
694223
694224
694225
694226
694227
694228
694229
694230
694231
694232
694233
694234
694235
694236
694237
694238
694239
694240
694241
694243
694244
694245
694246
694247
694248
694249
694253
694263
694264
694310
694311
694314
694315
694316
694319
694320
694321
694325
694326
694327
694331
694332
694337
694338
694343
694344
694345
694484
694485
694486
694487
694488
694489
694490
694491
694492
694493
694494
694495
694496
694497
694498
694499
694500
694501
694502
694503
694505
694506
694507
694508
694510
694511
694512
694513
694515
694516
694859
694860
694863
694864
694865
694866
694868
694869
694870
694874
694875
694876
694878
694880
694881
694885
694886
694887
694890
694892
694893
694894
695238
695239
695243
695244
695249
695250
695251
695256
695258
695259
695260
695261
695262
695263
695264
695265
695266
695267
695268
695269
695270
695271
695272
695273
695274
695275
695276
695277
695278
695279
695280
695281
695282
695283
695284
695285
695286
695287
695288
695289
695290
695291
695292
695293
695294
695295
695296
695297
695301
695306
695312
695474
695475
695478
695479
695481
695483
695484
695485
695489
695491
695492
695493
695494
695495
695496
695497
695498
695499
695500
695501
695502
695503
695504
695505
695506
695507
695508
695509
695510
695511
695512
695513
695514
695515
695516
695517
695518
695519
695520
695521
695522
695523
695524
695525
695526
695527
695528
695529
695530
695532
695534
695538
695539
695542
695545
695725
695731
695734
695735
695743
695744
695750
695752
695754
695755
695756
695764
695765
695771
695773
695775
695776
695777
695785
695791
695795
696896
696897
696898
696909
696910
696911
696912
696913
696914
696915
696916
696917
696918
696919
696920
696921
696922
696923
696924
696925
696926
696927
696928
696929
696930
696931
696932
696933
696934
696935
696936
696938
696939
696940
696941
696942
696943
696944
696948
696958
696959
697005
697006
697009
697010
697011
697014
697015
697016
697020
697021
697022
697026
697027
697032
697033
697038
697039
697040
697179
697180
697181
697182
697183
697184
697185
697186
697187
697188
697189
697190
697191
697192
697193
697194
697195
697196
697197
697198
697200
697201
697202
697203
697205
697206
697207
697208
697210
697211
697554
697555
697558
697559
697560
697561
697563
697564
697565
697569
697570
697571
697573
697575
697576
697580
697581
697582
697585
697587
697588
697589
697933
697934
697938
697939
697944
697945
697946
697951
697953
697954
697955
697956
697957
697958
697959
697960
697961
697962
697963
697964
697965
697966
697967
697968
697969
697970
697971
697972
697973
697974
697975
697976
697977
697978
697979
697980
697981
697982
697983
697984
697985
697986
697987
697988
697989
697990
697991
697992
697996
698001
698007
698169
698170
698173
698174
698176
698178
698179
698180
698184
698186
698187
698188
698189
698190
698191
698192
698193
698194
698195
698196
698197
698198
698199
698200
698201
698202
698203
698204
698205
698206
698207
698208
698209
698210
698211
698212
698213
698214
698215
698216
698217
698218
698219
698220
698221
698222
698223
698224
698225
698227
698229
698233
698234
698237
698240
698420
698426
698429
698430
698438
698439
698445
698447
698449
698450
698451
698459
698460
698466
698468
698470
698471
698472
698480
698486
698490
699591
699592
699593
699604
699605
699606
699607
699608
699609
699610
699611
699612
699613
699614
699615
699616
699617
699618
699619
699620
699621
699622
699623
699624
699625
699626
699627
699628
699629
699630
699631
699633
699634
699635
699636
699637
699638
699639
699643
699653
699654
699700
699701
699704
699705
699706
699709
699710
699711
699715
699716
699717
699721
699722
699727
699728
699733
699734
699735
699874
699875
699876
699877
699878
699879
699880
699881
699882
699883
699884
699885
699886
699887
699888
699889
699890
699891
699892
699893
699895
699896
699897
699898
699900
699901
699902
699903
699905
699906
700249
700250
700253
700254
700255
700256
700258
700259
700260
700264
700265
700266
700268
700270
700271
700275
700276
700277
700280
700282
700283
700284
700628
700629
700633
700634
700639
700640
700641
700646
700648
700649
700650
700651
700652
700653
700654
700655
700656
700657
700658
700659
700660
700661
700662
700663
700664
700665
700666
700667
700668
700669
700670
700671
700672
700673
700674
700675
700676
700677
700678
700679
700680
700681
700682
700683
700684
700685
700686
700687
700691
700696
700702
700864
700865
700868
700869
700871
700873
700874
700875
700879
700881
700882
700883
700884
700885
700886
700887
700888
700889
700890
700891
700892
700893
700894
700895
700896
700897
700898
700899
700900
700901
700902
700903
700904
700905
700906
700907
700908
700909
700910
700911
700912
700913
700914
700915
700916
700917
700918
700919
700920
700922
700924
700928
700929
700932
700935
701115
701121
701124
701125
701133
701134
701140
701142
701144
701145
701146
701154
701155
701161
701163
701165
701166
701167
701175
701181
701185
702286
702287
702288
702299
702300
702301
702302
702303
702304
702305
702306
702307
702308
702309
702310
702311
702312
702313
702314
702315
702316
702317
702318
702319
702320
702321
702322
702323
702324
702325
702326
702328
702329
702330
702331
702332
702333
702334
702338
702348
702349
702395
702396
702399
702400
702401
702404
702405
702406
702410
702411
702412
702416
702417
702422
702423
702428
702429
702430
702569
702570
702571
702572
702573
702574
702575
702576
702577
702578
702579
702580
702581
702582
702583
702584
702585
702586
702587
702588
702590
702591
702592
702593
702595
702596
702597
702598
702600
702601
702944
702945
702948
702949
702950
702951
702953
702954
702955
702959
702960
702961
702963
702965
702966
702970
702971
702972
702975
702977
702978
702979
703323
703324
703328
703329
703334
703335
703336
703341
703343
703344
703345
703346
703347
703348
703349
703350
703351
703352
703353
703354
703355
703356
703357
703358
703359
703360
703361
703362
703363
703364
703365
703366
703367
703368
703369
703370
703371
703372
703373
703374
703375
703376
703377
703378
703379
703380
703381
703382
703386
703391
703397
703559
703560
703563
703564
703566
703568
703569
703570
703574
703576
703577
703578
703579
703580
703581
703582
703583
703584
703585
703586
703587
703588
703589
703590
703591
703592
703593
703594
703595
703596
703597
703598
703599
703600
703601
703602
703603
703604
703605
703606
703607
703608
703609
703610
703611
703612
703613
703614
703615
703617
703619
703623
703624
703627
703630
703810
703816
703819
703820
703828
703829
703835
703837
703839
703840
703841
703849
703850
703856
703858
703860
703861
703862
703870
703876
703880
704981
704982
704983
704994
704995
704996
704997
704998
704999
705000
705001
705002
705003
705004
705005
705006
705007
705008
705009
705010
705011
705012
705013
705014
705015
705016
705017
705018
705019
705020
705021
705023
705024
705025
705026
705027
705028
705029
705033
705043
705044
705090
705091
705094
705095
705096
705099
705100
705101
705105
705106
705107
705111
705112
705117
705118
705123
705124
705125
705264
705265
705266
705267
705268
705269
705270
705271
705272
705273
705274
705275
705276
705277
705278
705279
705280
705281
705282
705283
705285
705286
705287
705288
705290
705291
705292
705293
705295
705296
705639
705640
705643
705644
705645
705646
705648
705649
705650
705654
705655
705656
705658
705660
705661
705665
705666
705667
705670
705672
705673
705674
706018
706019
706023
706024
706029
706030
706031
706036
706038
706039
706040
706041
706042
706043
706044
706045
706046
706047
706048
706049
706050
706051
706052
706053
706054
706055
706056
706057
706058
706059
706060
706061
706062
706063
706064
706065
706066
706067
706068
706069
706070
706071
706072
706073
706074
706075
706076
706077
706081
706086
706092
706254
706255
706258
706259
706261
706263
706264
706265
706269
706271
706272
706273
706274
706275
706276
706277
706278
706279
706280
706281
706282
706283
706284
706285
706286
706287
706288
706289
706290
706291
706292
706293
706294
706295
706296
706297
706298
706299
706300
706301
706302
706303
706304
706305
706306
706307
706308
706309
706310
706312
706314
706318
706319
706322
706325
706505
706511
706514
706515
706523
706524
706530
706532
706534
706535
706536
706544
706545
706551
706553
706555
706556
706557
706565
706571
706575
707676
707677
707678
707689
707690
707691
707692
707693
707694
707695
707696
707697
707698
707699
707700
707701
707702
707703
707704
707705
707706
707707
707708
707709
707710
707711
707712
707713
707714
707715
707716
707718
707719
707720
707721
707722
707723
707724
707728
707738
707739
707785
707786
707789
707790
707791
707794
707795
707796
707800
707801
707802
707806
707807
707812
707813
707818
707819
707820
707959
707960
707961
707962
707963
707964
707965
707966
707967
707968
707969
707970
707971
707972
707973
707974
707975
707976
707977
707978
707980
707981
707982
707983
707985
707986
707987
707988
707990
707991
708334
708335
708338
708339
708340
708341
708343
708344
708345
708349
708350
708351
708353
708355
708356
708360
708361
708362
708365
708367
708368
708369
708713
708714
708718
708719
708724
708725
708726
708731
708733
708734
708735
708736
708737
708738
708739
708740
708741
708742
708743
708744
708745
708746
708747
708748
708749
708750
708751
708752
708753
708754
708755
708756
708757
708758
708759
708760
708761
708762
708763
708764
708765
708766
708767
708768
708769
708770
708771
708772
708776
708781
708787
708949
708950
708953
708954
708956
708958
708959
708960
708964
708966
708967
708968
708969
708970
708971
708972
708973
708974
708975
708976
708977
708978
708979
708980
708981
708982
708983
708984
708985
708986
708987
708988
708989
708990
708991
708992
708993
708994
708995
708996
708997
708998
708999
709000
709001
709002
709003
709004
709005
709007
709009
709013
709014
709017
709020
709200
709206
709209
709210
709218
709219
709225
709227
709229
709230
709231
709239
709240
709246
709248
709250
709251
709252
709260
709266
709270
710371
710372
710373
710384
710385
710386
710387
710388
710389
710390
710391
710392
710393
710394
710395
710396
710397
710398
710399
710400
710401
710402
710403
710404
710405
710406
710407
710408
710409
710410
710411
710413
710414
710415
710416
710417
710418
710419
710423
710433
710434
710480
710481
710484
710485
710486
710489
710490
710491
710495
710496
710497
710501
710502
710507
710508
710513
710514
710515
710654
710655
710656
710657
710658
710659
710660
710661
710662
710663
710664
710665
710666
710667
710668
710669
710670
710671
710672
710673
710675
710676
710677
710678
710680
710681
710682
710683
710685
710686
711029
711030
711033
711034
711035
711036
711038
711039
711040
711044
711045
711046
711048
711050
711051
711055
711056
711057
711060
711062
711063
711064
711408
711409
711413
711414
711419
711420
711421
711426
711428
711429
711430
711431
711432
711433
711434
711435
711436
711437
711438
711439
711440
711441
711442
711443
711444
711445
711446
711447
711448
711449
711450
711451
711452
711453
711454
711455
711456
711457
711458
711459
711460
711461
711462
711463
711464
711465
711466
711467
711471
711476
711482
711644
711645
711648
711649
711651
711653
711654
711655
711659
711661
711662
711663
711664
711665
711666
711667
711668
711669
711670
711671
711672
711673
711674
711675
711676
711677
711678
711679
711680
711681
711682
711683
711684
711685
711686
711687
711688
711689
711690
711691
711692
711693
711694
711695
711696
711697
711698
711699
711700
711702
711704
711708
711709
711712
711715
711895
711901
711904
711905
711913
711914
711920
711922
711924
711925
711926
711934
711935
711941
711943
711945
711946
711947
711955
711961
711965
713066
713067
713068
713079
713080
713081
713082
713083
713084
713085
713086
713087
713088
713089
713090
713091
713092
713093
713094
713095
713096
713097
713098
713099
713100
713101
713102
713103
713104
713105
713106
713108
713109
713110
713111
713112
713113
713114
713118
713128
713129
713175
713176
713179
713180
713181
713184
713185
713186
713190
713191
713192
713196
713197
713202
713203
713208
713209
713210
713349
713350
713351
713352
713353
713354
713355
713356
713357
713358
713359
713360
713361
713362
713363
713364
713365
713366
713367
713368
713370
713371
713372
713373
713375
713376
713377
713378
713380
713381
713724
713725
713728
713729
713730
713731
713733
713734
713735
713739
713740
713741
713743
713745
713746
713750
713751
713752
713755
713757
713758
713759
714103
714104
714108
714109
714114
714115
714116
714121
714123
714124
714125
714126
714127
714128
714129
714130
714131
714132
714133
714134
714135
714136
714137
714138
714139
714140
714141
714142
714143
714144
714145
714146
714147
714148
714149
714150
714151
714152
714153
714154
714155
714156
714157
714158
714159
714160
714161
714162
714166
714171
714177
714339
714340
714343
714344
714346
714348
714349
714350
714354
714356
714357
714358
714359
714360
714361
714362
714363
714364
714365
714366
714367
714368
714369
714370
714371
714372
714373
714374
714375
714376
714377
714378
714379
714380
714381
714382
714383
714384
714385
714386
714387
714388
714389
714390
714391
714392
714393
714394
714395
714397
714399
714403
714404
714407
714410
714590
714596
714599
714600
714608
714609
714615
714617
714619
714620
714621
714629
714630
714636
714638
714640
714641
714642
714650
714656
714660
715761
715762
715763
715774
715775
715776
715777
715778
715779
715780
715781
715782
715783
715784
715785
715786
715787
715788
715789
715790
715791
715792
715793
715794
715795
715796
715797
715798
715799
715800
715801
715803
715804
715805
715806
715807
715808
715809
715813
715823
715824
715870
715871
715874
715875
715876
715879
715880
715881
715885
715886
715887
715891
715892
715897
715898
715903
715904
715905
716044
716045
716046
716047
716048
716049
716050
716051
716052
716053
716054
716055
716056
716057
716058
716059
716060
716061
716062
716063
716065
716066
716067
716068
716070
716071
716072
716073
716075
716076
716419
716420
716423
716424
716425
716426
716428
716429
716430
716434
716435
716436
716438
716440
716441
716445
716446
716447
716450
716452
716453
716454
716798
716799
716803
716804
716809
716810
716811
716816
716818
716819
716820
716821
716822
716823
716824
716825
716826
716827
716828
716829
716830
716831
716832
716833
716834
716835
716836
716837
716838
716839
716840
716841
716842
716843
716844
716845
716846
716847
716848
716849
716850
716851
716852
716853
716854
716855
716856
716857
716861
716866
716872
717034
717035
717038
717039
717041
717043
717044
717045
717049
717051
717052
717053
717054
717055
717056
717057
717058
717059
717060
717061
717062
717063
717064
717065
717066
717067
717068
717069
717070
717071
717072
717073
717074
717075
717076
717077
717078
717079
717080
717081
717082
717083
717084
717085
717086
717087
717088
717089
717090
717092
717094
717098
717099
717102
717105
717285
717291
717294
717295
717303
717304
717310
717312
717314
717315
717316
717324
717325
717331
717333
717335
717336
717337
717345
717351
717355
718456
718457
718458
718469
718470
718471
718472
718473
718474
718475
718476
718477
718478
718479
718480
718481
718482
718483
718484
718485
718486
718487
718488
718489
718490
718491
718492
718493
718494
718495
718496
718498
718499
718500
718501
718502
718503
718504
718508
718518
718519
718565
718566
718569
718570
718571
718574
718575
718576
718580
718581
718582
718586
718587
718592
718593
718598
718599
718600
718739
718740
718741
718742
718743
718744
718745
718746
718747
718748
718749
718750
718751
718752
718753
718754
718755
718756
718757
718758
718760
718761
718762
718763
718765
718766
718767
718768
718770
718771
719114
719115
719118
719119
719120
719121
719123
719124
719125
719129
719130
719131
719133
719135
719136
719140
719141
719142
719145
719147
719148
719149
719493
719494
719498
719499
719504
719505
719506
719511
719513
719514
719515
719516
719517
719518
719519
719520
719521
719522
719523
719524
719525
719526
719527
719528
719529
719530
719531
719532
719533
719534
719535
719536
719537
719538
719539
719540
719541
719542
719543
719544
719545
719546
719547
719548
719549
719550
719551
719552
719556
719561
719567
719729
719730
719733
719734
719736
719738
719739
719740
719744
719746
719747
719748
719749
719750
719751
719752
719753
719754
719755
719756
719757
719758
719759
719760
719761
719762
719763
719764
719765
719766
719767
719768
719769
719770
719771
719772
719773
719774
719775
719776
719777
719778
719779
719780
719781
719782
719783
719784
719785
719787
719789
719793
719794
719797
719800
719980
719986
719989
719990
719998
719999
720005
720007
720009
720010
720011
720019
720020
720026
720028
720030
720031
720032
720040
720046
720050
721151
721152
721153
721164
721165
721166
721167
721168
721169
721170
721171
721172
721173
721174
721175
721176
721177
721178
721179
721180
721181
721182
721183
721184
721185
721186
721187
721188
721189
721190
721191
721193
721194
721195
721196
721197
721198
721199
721203
721213
721214
721260
721261
721264
721265
721266
721269
721270
721271
721275
721276
721277
721281
721282
721287
721288
721293
721294
721295
721434
721435
721436
721437
721438
721439
721440
721441
721442
721443
721444
721445
721446
721447
721448
721449
721450
721451
721452
721453
721455
721456
721457
721458
721460
721461
721462
721463
721465
721466
721809
721810
721813
721814
721815
721816
721818
721819
721820
721824
721825
721826
721828
721830
721831
721835
721836
721837
721840
721842
721843
721844
722188
722189
722193
722194
722199
722200
722201
722206
722208
722209
722210
722211
722212
722213
722214
722215
722216
722217
722218
722219
722220
722221
722222
722223
722224
722225
722226
722227
722228
722229
722230
722231
722232
722233
722234
722235
722236
722237
722238
722239
722240
722241
722242
722243
722244
722245
722246
722247
722251
722256
722262
722424
722425
722428
722429
722431
722433
722434
722435
722439
722441
722442
722443
722444
722445
722446
722447
722448
722449
722450
722451
722452
722453
722454
722455
722456
722457
722458
722459
722460
722461
722462
722463
722464
722465
722466
722467
722468
722469
722470
722471
722472
722473
722474
722475
722476
722477
722478
722479
722480
722482
722484
722488
722489
722492
722495
722675
722681
722684
722685
722693
722694
722700
722702
722704
722705
722706
722714
722715
722721
722723
722725
722726
722727
722735
722741
722745
723846
723847
723848
723859
723860
723861
723862
723863
723864
723865
723866
723867
723868
723869
723870
723871
723872
723873
723874
723875
723876
723877
723878
723879
723880
723881
723882
723883
723884
723885
723886
723888
723889
723890
723891
723892
723893
723894
723898
723908
723909
723955
723956
723959
723960
723961
723964
723965
723966
723970
723971
723972
723976
723977
723982
723983
723988
723989
723990
724129
724130
724131
724132
724133
724134
724135
724136
724137
724138
724139
724140
724141
724142
724143
724144
724145
724146
724147
724148
724150
724151
724152
724153
724155
724156
724157
724158
724160
724161
724504
724505
724508
724509
724510
724511
724513
724514
724515
724519
724520
724521
724523
724525
724526
724530
724531
724532
724535
724537
724538
724539
724883
724884
724888
724889
724894
724895
724896
724901
724903
724904
724905
724906
724907
724908
724909
724910
724911
724912
724913
724914
724915
724916
724917
724918
724919
724920
724921
724922
724923
724924
724925
724926
724927
724928
724929
724930
724931
724932
724933
724934
724935
724936
724937
724938
724939
724940
724941
724942
724946
724951
724957
725119
725120
725123
725124
725126
725128
725129
725130
725134
725136
725137
725138
725139
725140
725141
725142
725143
725144
725145
725146
725147
725148
725149
725150
725151
725152
725153
725154
725155
725156
725157
725158
725159
725160
725161
725162
725163
725164
725165
725166
725167
725168
725169
725170
725171
725172
725173
725174
725175
725177
725179
725183
725184
725187
725190
725370
725376
725379
725380
725388
725389
725395
725397
725399
725400
725401
725409
725410
725416
725418
725420
725421
725422
725430
725436
725440
726541
726542
726543
726554
726555
726556
726557
726558
726559
726560
726561
726562
726563
726564
726565
726566
726567
726568
726569
726570
726571
726572
726573
726574
726575
726576
726577
726578
726579
726580
726581
726583
726584
726585
726586
726587
726588
726589
726593
726603
726604
726650
726651
726654
726655
726656
726659
726660
726661
726665
726666
726667
726671
726672
726677
726678
726683
726684
726685
726824
726825
726826
726827
726828
726829
726830
726831
726832
726833
726834
726835
726836
726837
726838
726839
726840
726841
726842
726843
726845
726846
726847
726848
726850
726851
726852
726853
726855
726856
727199
727200
727203
727204
727205
727206
727208
727209
727210
727214
727215
727216
727218
727220
727221
727225
727226
727227
727230
727232
727233
727234
727578
727579
727583
727584
727589
727590
727591
727596
727598
727599
727600
727601
727602
727603
727604
727605
727606
727607
727608
727609
727610
727611
727612
727613
727614
727615
727616
727617
727618
727619
727620
727621
727622
727623
727624
727625
727626
727627
727628
727629
727630
727631
727632
727633
727634
727635
727636
727637
727641
727646
727652
727814
727815
727818
727819
727821
727823
727824
727825
727829
727831
727832
727833
727834
727835
727836
727837
727838
727839
727840
727841
727842
727843
727844
727845
727846
727847
727848
727849
727850
727851
727852
727853
727854
727855
727856
727857
727858
727859
727860
727861
727862
727863
727864
727865
727866
727867
727868
727869
727870
727872
727874
727878
727879
727882
727885
728065
728071
728074
728075
728083
728084
728090
728092
728094
728095
728096
728104
728105
728111
728113
728115
728116
728117
728125
728131
728135
729236
729237
729238
729249
729250
729251
729252
729253
729254
729255
729256
729257
729258
729259
729260
729261
729262
729263
729264
729265
729266
729267
729268
729269
729270
729271
729272
729273
729274
729275
729276
729278
729279
729280
729281
729282
729283
729284
729288
729298
729299
729345
729346
729349
729350
729351
729354
729355
729356
729360
729361
729362
729366
729367
729372
729373
729378
729379
729380
729519
729520
729521
729522
729523
729524
729525
729526
729527
729528
729529
729530
729531
729532
729533
729534
729535
729536
729537
729538
729540
729541
729542
729543
729545
729546
729547
729548
729550
729551
729894
729895
729898
729899
729900
729901
729903
729904
729905
729909
729910
729911
729913
729915
729916
729920
729921
729922
729925
729927
729928
729929
730273
730274
730278
730279
730284
730285
730286
730291
730293
730294
730295
730296
730297
730298
730299
730300
730301
730302
730303
730304
730305
730306
730307
730308
730309
730310
730311
730312
730313
730314
730315
730316
730317
730318
730319
730320
730321
730322
730323
730324
730325
730326
730327
730328
730329
730330
730331
730332
730336
730341
730347
730509
730510
730513
730514
730516
730518
730519
730520
730524
730526
730527
730528
730529
730530
730531
730532
730533
730534
730535
730536
730537
730538
730539
730540
730541
730542
730543
730544
730545
730546
730547
730548
730549
730550
730551
730552
730553
730554
730555
730556
730557
730558
730559
730560
730561
730562
730563
730564
730565
730567
730569
730573
730574
730577
730580
730760
730766
730769
730770
730778
730779
730785
730787
730789
730790
730791
730799
730800
730806
730808
730810
730811
730812
730820
730826
730830
731931
731932
731933
731944
731945
731946
731947
731948
731949
731950
731951
731952
731953
731954
731955
731956
731957
731958
731959
731960
731961
731962
731963
731964
731965
731966
731967
731968
731969
731970
731971
731973
731974
731975
731976
731977
731978
731979
731983
731993
731994
732040
732041
732044
732045
732046
732049
732050
732051
732055
732056
732057
732061
732062
732067
732068
732073
732074
732075
732214
732215
732216
732217
732218
732219
732220
732221
732222
732223
732224
732225
732226
732227
732228
732229
732230
732231
732232
732233
732235
732236
732237
732238
732240
732241
732242
732243
732245
732246
732589
732590
732593
732594
732595
732596
732598
732599
732600
732604
732605
732606
732608
732610
732611
732615
732616
732617
732620
732622
732623
732624
732968
732969
732973
732974
732979
732980
732981
732986
732988
732989
732990
732991
732992
732993
732994
732995
732996
732997
732998
732999
733000
733001
733002
733003
733004
733005
733006
733007
733008
733009
733010
733011
733012
733013
733014
733015
733016
733017
733018
733019
733020
733021
733022
733023
733024
733025
733026
733027
733031
733036
733042
733204
733205
733208
733209
733211
733213
733214
733215
733219
733221
733222
733223
733224
733225
733226
733227
733228
733229
733230
733231
733232
733233
733234
733235
733236
733237
733238
733239
733240
733241
733242
733243
733244
733245
733246
733247
733248
733249
733250
733251
733252
733253
733254
733255
733256
733257
733258
733259
733260
733262
733264
733268
733269
733272
733275
733455
733461
733464
733465
733473
733474
733480
733482
733484
733485
733486
733494
733495
733501
733503
733505
733506
733507
733515
733521
733525
734626
734627
734628
734639
734640
734641
734642
734643
734644
734645
734646
734647
734648
734649
734650
734651
734652
734653
734654
734655
734656
734657
734658
734659
734660
734661
734662
734663
734664
734665
734666
734668
734669
734670
734671
734672
734673
734674
734678
734688
734689
734735
734736
734739
734740
734741
734744
734745
734746
734750
734751
734752
734756
734757
734762
734763
734768
734769
734770
734909
734910
734911
734912
734913
734914
734915
734916
734917
734918
734919
734920
734921
734922
734923
734924
734925
734926
734927
734928
734930
734931
734932
734933
734935
734936
734937
734938
734940
734941
735284
735285
735288
735289
735290
735291
735293
735294
735295
735299
735300
735301
735303
735305
735306
735310
735311
735312
735315
735317
735318
735319
735663
735664
735668
735669
735674
735675
735676
735681
735683
735684
735685
735686
735687
735688
735689
735690
735691
735692
735693
735694
735695
735696
735697
735698
735699
735700
735701
735702
735703
735704
735705
735706
735707
735708
735709
735710
735711
735712
735713
735714
735715
735716
735717
735718
735719
735720
735721
735722
735726
735731
735737
735899
735900
735903
735904
735906
735908
735909
735910
735914
735916
735917
735918
735919
735920
735921
735922
735923
735924
735925
735926
735927
735928
735929
735930
735931
735932
735933
735934
735935
735936
735937
735938
735939
735940
735941
735942
735943
735944
735945
735946
735947
735948
735949
735950
735951
735952
735953
735954
735955
735957
735959
735963
735964
735967
735970
736150
736156
736159
736160
736168
736169
736175
736177
736179
736180
736181
736189
736190
736196
736198
736200
736201
736202
736210
736216
736220
737321
737322
737323
737334
737335
737336
737337
737338
737339
737340
737341
737342
737343
737344
737345
737346
737347
737348
737349
737350
737351
737352
737353
737354
737355
737356
737357
737358
737359
737360
737361
737363
737364
737365
737366
737367
737368
737369
737373
737383
737384
737430
737431
737434
737435
737436
737439
737440
737441
737445
737446
737447
737451
737452
737457
737458
737463
737464
737465
737604
737605
737606
737607
737608
737609
737610
737611
737612
737613
737614
737615
737616
737617
737618
737619
737620
737621
737622
737623
737625
737626
737627
737628
737630
737631
737632
737633
737635
737636
737979
737980
737983
737984
737985
737986
737988
737989
737990
737994
737995
737996
737998
738000
738001
738005
738006
738007
738010
738012
738013
738014
738358
738359
738363
738364
738369
738370
738371
738376
738378
738379
738380
738381
738382
738383
738384
738385
738386
738387
738388
738389
738390
738391
738392
738393
738394
738395
738396
738397
738398
738399
738400
738401
738402
738403
738404
738405
738406
738407
738408
738409
738410
738411
738412
738413
738414
738415
738416
738417
738421
738426
738432
738594
738595
738598
738599
738601
738603
738604
738605
738609
738611
738612
738613
738614
738615
738616
738617
738618
738619
738620
738621
738622
738623
738624
738625
738626
738627
738628
738629
738630
738631
738632
738633
738634
738635
738636
738637
738638
738639
738640
738641
738642
738643
738644
738645
738646
738647
738648
738649
738650
738652
738654
738658
738659
738662
738665
738845
738851
738854
738855
738863
738864
738870
738872
738874
738875
738876
738884
738885
738891
738893
738895
738896
738897
738905
738911
738915
740016
740017
740018
740029
740030
740031
740032
740033
740034
740035
740036
740037
740038
740039
740040
740041
740042
740043
740044
740045
740046
740047
740048
740049
740050
740051
740052
740053
740054
740055
740056
740058
740059
740060
740061
740062
740063
740064
740068
740078
740079
740125
740126
740129
740130
740131
740134
740135
740136
740140
740141
740142
740146
740147
740152
740153
740158
740159
740160
740299
740300
740301
740302
740303
740304
740305
740306
740307
740308
740309
740310
740311
740312
740313
740314
740315
740316
740317
740318
740320
740321
740322
740323
740325
740326
740327
740328
740330
740331
740674
740675
740678
740679
740680
740681
740683
740684
740685
740689
740690
740691
740693
740695
740696
740700
740701
740702
740705
740707
740708
740709
741053
741054
741058
741059
741064
741065
741066
741071
741073
741074
741075
741076
741077
741078
741079
741080
741081
741082
741083
741084
741085
741086
741087
741088
741089
741090
741091
741092
741093
741094
741095
741096
741097
741098
741099
741100
741101
741102
741103
741104
741105
741106
741107
741108
741109
741110
741111
741112
741116
741121
741127
741289
741290
741293
741294
741296
741298
741299
741300
741304
741306
741307
741308
741309
741310
741311
741312
741313
741314
741315
741316
741317
741318
741319
741320
741321
741322
741323
741324
741325
741326
741327
741328
741329
741330
741331
741332
741333
741334
741335
741336
741337
741338
741339
741340
741341
741342
741343
741344
741345
741347
741349
741353
741354
741357
741360
741540
741546
741549
741550
741558
741559
741565
741567
741569
741570
741571
741579
741580
741586
741588
741590
741591
741592
741600
741606
741610
742711
742712
742713
742724
742725
742726
742727
742728
742729
742730
742731
742732
742733
742734
742735
742736
742737
742738
742739
742740
742741
742742
742743
742744
742745
742746
742747
742748
742749
742750
742751
742753
742754
742755
742756
742757
742758
742759
742763
742773
742774
742820
742821
742824
742825
742826
742829
742830
742831
742835
742836
742837
742841
742842
742847
742848
742853
742854
742855
742994
742995
742996
742997
742998
742999
743000
743001
743002
743003
743004
743005
743006
743007
743008
743009
743010
743011
743012
743013
743015
743016
743017
743018
743020
743021
743022
743023
743025
743026
743369
743370
743373
743374
743375
743376
743378
743379
743380
743384
743385
743386
743388
743390
743391
743395
743396
743397
743400
743402
743403
743404
743748
743749
743753
743754
743759
743760
743761
743766
743768
743769
743770
743771
743772
743773
743774
743775
743776
743777
743778
743779
743780
743781
743782
743783
743784
743785
743786
743787
743788
743789
743790
743791
743792
743793
743794
743795
743796
743797
743798
743799
743800
743801
743802
743803
743804
743805
743806
743807
743811
743816
743822
743984
743985
743988
743989
743991
743993
743994
743995
743999
744001
744002
744003
744004
744005
744006
744007
744008
744009
744010
744011
744012
744013
744014
744015
744016
744017
744018
744019
744020
744021
744022
744023
744024
744025
744026
744027
744028
744029
744030
744031
744032
744033
744034
744035
744036
744037
744038
744039
744040
744042
744044
744048
744049
744052
744055
744235
744241
744244
744245
744253
744254
744260
744262
744264
744265
744266
744274
744275
744281
744283
744285
744286
744287
744295
744301
744305
745406
745407
745408
745419
745420
745421
745422
745423
745424
745425
745426
745427
745428
745429
745430
745431
745432
745433
745434
745435
745436
745437
745438
745439
745440
745441
745442
745443
745444
745445
745446
745448
745449
745450
745451
745452
745453
745454
745458
745468
745469
745515
745516
745519
745520
745521
745524
745525
745526
745530
745531
745532
745536
745537
745542
745543
745548
745549
745550
745689
745690
745691
745692
745693
745694
745695
745696
745697
745698
745699
745700
745701
745702
745703
745704
745705
745706
745707
745708
745710
745711
745712
745713
745715
745716
745717
745718
745720
745721
746064
746065
746068
746069
746070
746071
746073
746074
746075
746079
746080
746081
746083
746085
746086
746090
746091
746092
746095
746097
746098
746099
746443
746444
746448
746449
746454
746455
746456
746461
746463
746464
746465
746466
746467
746468
746469
746470
746471
746472
746473
746474
746475
746476
746477
746478
746479
746480
746481
746482
746483
746484
746485
746486
746487
746488
746489
746490
746491
746492
746493
746494
746495
746496
746497
746498
746499
746500
746501
746502
746506
746511
746517
746679
746680
746683
746684
746686
746688
746689
746690
746694
746696
746697
746698
746699
746700
746701
746702
746703
746704
746705
746706
746707
746708
746709
746710
746711
746712
746713
746714
746715
746716
746717
746718
746719
746720
746721
746722
746723
746724
746725
746726
746727
746728
746729
746730
746731
746732
746733
746734
746735
746737
746739
746743
746744
746747
746750
746930
746936
746939
746940
746948
746949
746955
746957
746959
746960
746961
746969
746970
746976
746978
746980
746981
746982
746990
746996
747000
748101
748102
748103
748114
748115
748116
748117
748118
748119
748120
748121
748122
748123
748124
748125
748126
748127
748128
748129
748130
748131
748132
748133
748134
748135
748136
748137
748138
748139
748140
748141
748143
748144
748145
748146
748147
748148
748149
748153
748163
748164
748210
748211
748214
748215
748216
748219
748220
748221
748225
748226
748227
748231
748232
748237
748238
748243
748244
748245
748384
748385
748386
748387
748388
748389
748390
748391
748392
748393
748394
748395
748396
748397
748398
748399
748400
748401
748402
748403
748405
748406
748407
748408
748410
748411
748412
748413
748415
748416
748759
748760
748763
748764
748765
748766
748768
748769
748770
748774
748775
748776
748778
748780
748781
748785
748786
748787
748790
748792
748793
748794
749138
749139
749143
749144
749149
749150
749151
749156
749158
749159
749160
749161
749162
749163
749164
749165
749166
749167
749168
749169
749170
749171
749172
749173
749174
749175
749176
749177
749178
749179
749180
749181
749182
749183
749184
749185
749186
749187
749188
749189
749190
749191
749192
749193
749194
749195
749196
749197
749201
749206
749212
749374
749375
749378
749379
749381
749383
749384
749385
749389
749391
749392
749393
749394
749395
749396
749397
749398
749399
749400
749401
749402
749403
749404
749405
749406
749407
749408
749409
749410
749411
749412
749413
749414
749415
749416
749417
749418
749419
749420
749421
749422
749423
749424
749425
749426
749427
749428
749429
749430
749432
749434
749438
749439
749442
749445
749625
749631
749634
749635
749643
749644
749650
749652
749654
749655
749656
749664
749665
749671
749673
749675
749676
749677
749685
749691
749695
750796
750797
750798
750809
750810
750811
750812
750813
750814
750815
750816
750817
750818
750819
750820
750821
750822
750823
750824
750825
750826
750827
750828
750829
750830
750831
750832
750833
750834
750835
750836
750838
750839
750840
750841
750842
750843
750844
750848
750858
750859
750905
750906
750909
750910
750911
750914
750915
750916
750920
750921
750922
750926
750927
750932
750933
750938
750939
750940
751079
751080
751081
751082
751083
751084
751085
751086
751087
751088
751089
751090
751091
751092
751093
751094
751095
751096
751097
751098
751100
751101
751102
751103
751105
751106
751107
751108
751110
751111
751454
751455
751458
751459
751460
751461
751463
751464
751465
751469
751470
751471
751473
751475
751476
751480
751481
751482
751485
751487
751488
751489
751833
751834
751838
751839
751844
751845
751846
751851
751853
751854
751855
751856
751857
751858
751859
751860
751861
751862
751863
751864
751865
751866
751867
751868
751869
751870
751871
751872
751873
751874
751875
751876
751877
751878
751879
751880
751881
751882
751883
751884
751885
751886
751887
751888
751889
751890
751891
751892
751896
751901
751907
752069
752070
752073
752074
752076
752078
752079
752080
752084
752086
752087
752088
752089
752090
752091
752092
752093
752094
752095
752096
752097
752098
752099
752100
752101
752102
752103
752104
752105
752106
752107
752108
752109
752110
752111
752112
752113
752114
752115
752116
752117
752118
752119
752120
752121
752122
752123
752124
752125
752127
752129
752133
752134
752137
752140
752320
752326
752329
752330
752338
752339
752345
752347
752349
752350
752351
752359
752360
752366
752368
752370
752371
752372
752380
752386
752390
753491
753492
753493
753504
753505
753506
753507
753508
753509
753510
753511
753512
753513
753514
753515
753516
753517
753518
753519
753520
753521
753522
753523
753524
753525
753526
753527
753528
753529
753530
753531
753533
753534
753535
753536
753537
753538
753539
753543
753553
753554
753600
753601
753604
753605
753606
753609
753610
753611
753615
753616
753617
753621
753622
753627
753628
753633
753634
753635
753774
753775
753776
753777
753778
753779
753780
753781
753782
753783
753784
753785
753786
753787
753788
753789
753790
753791
753792
753793
753795
753796
753797
753798
753800
753801
753802
753803
753805
753806
754149
754150
754153
754154
754155
754156
754158
754159
754160
754164
754165
754166
754168
754170
754171
754175
754176
754177
754180
754182
754183
754184
754528
754529
754533
754534
754539
754540
754541
754546
754548
754549
754550
754551
754552
754553
754554
754555
754556
754557
754558
754559
754560
754561
754562
754563
754564
754565
754566
754567
754568
754569
754570
754571
754572
754573
754574
754575
754576
754577
754578
754579
754580
754581
754582
754583
754584
754585
754586
754587
754591
754596
754602
754764
754765
754768
754769
754771
754773
754774
754775
754779
754781
754782
754783
754784
754785
754786
754787
754788
754789
754790
754791
754792
754793
754794
754795
754796
754797
754798
754799
754800
754801
754802
754803
754804
754805
754806
754807
754808
754809
754810
754811
754812
754813
754814
754815
754816
754817
754818
754819
754820
754822
754824
754828
754829
754832
754835
755015
755021
755024
755025
755033
755034
755040
755042
755044
755045
755046
755054
755055
755061
755063
755065
755066
755067
755075
755081
755085
756186
756187
756188
756199
756200
756201
756202
756203
756204
756205
756206
756207
756208
756209
756210
756211
756212
756213
756214
756215
756216
756217
756218
756219
756220
756221
756222
756223
756224
756225
756226
756228
756229
756230
756231
756232
756233
756234
756238
756248
756249
756295
756296
756299
756300
756301
756304
756305
756306
756310
756311
756312
756316
756317
756322
756323
756328
756329
756330
756469
756470
756471
756472
756473
756474
756475
756476
756477
756478
756479
756480
756481
756482
756483
756484
756485
756486
756487
756488
756490
756491
756492
756493
756495
756496
756497
756498
756500
756501
756844
756845
756848
756849
756850
756851
756853
756854
756855
756859
756860
756861
756863
756865
756866
756870
756871
756872
756875
756877
756878
756879
757223
757224
757228
757229
757234
757235
757236
757241
757243
757244
757245
757246
757247
757248
757249
757250
757251
757252
757253
757254
757255
757256
757257
757258
757259
757260
757261
757262
757263
757264
757265
757266
757267
757268
757269
757270
757271
757272
757273
757274
757275
757276
757277
757278
757279
757280
757281
757282
757286
757291
757297
757459
757460
757463
757464
757466
757468
757469
757470
757474
757476
757477
757478
757479
757480
757481
757482
757483
757484
757485
757486
757487
757488
757489
757490
757491
757492
757493
757494
757495
757496
757497
757498
757499
757500
757501
757502
757503
757504
757505
757506
757507
757508
757509
757510
757511
757512
757513
757514
757515
757517
757519
757523
757524
757527
757530
757710
757716
757719
757720
757728
757729
757735
757737
757739
757740
757741
757749
757750
757756
757758
757760
757761
757762
757770
757776
757780
758881
758882
758883
758894
758895
758896
758897
758898
758899
758900
758901
758902
758903
758904
758905
758906
758907
758908
758909
758910
758911
758912
758913
758914
758915
758916
758917
758918
758919
758920
758921
758923
758924
758925
758926
758927
758928
758929
758933
758943
758944
758990
758991
758994
758995
758996
758999
759000
759001
759005
759006
759007
759011
759012
759017
759018
759023
759024
759025
759164
759165
759166
759167
759168
759169
759170
759171
759172
759173
759174
759175
759176
759177
759178
759179
759180
759181
759182
759183
759185
759186
759187
759188
759190
759191
759192
759193
759195
759196
759539
759540
759543
759544
759545
759546
759548
759549
759550
759554
759555
759556
759558
759560
759561
759565
759566
759567
759570
759572
759573
759574
759918
759919
759923
759924
759929
759930
759931
759936
759938
759939
759940
759941
759942
759943
759944
759945
759946
759947
759948
759949
759950
759951
759952
759953
759954
759955
759956
759957
759958
759959
759960
759961
759962
759963
759964
759965
759966
759967
759968
759969
759970
759971
759972
759973
759974
759975
759976
759977
759981
759986
759992
760154
760155
760158
760159
760161
760163
760164
760165
760169
760171
760172
760173
760174
760175
760176
760177
760178
760179
760180
760181
760182
760183
760184
760185
760186
760187
760188
760189
760190
760191
760192
760193
760194
760195
760196
760197
760198
760199
760200
760201
760202
760203
760204
760205
760206
760207
760208
760209
760210
760212
760214
760218
760219
760222
760225
760405
760411
760414
760415
760423
760424
760430
760432
760434
760435
760436
760444
760445
760451
760453
760455
760456
760457
760465
760471
760475
761576
761577
761578
761589
761590
761591
761592
761593
761594
761595
761596
761597
761598
761599
761600
761601
761602
761603
761604
761605
761606
761607
761608
761609
761610
761611
761612
761613
761614
761615
761616
761618
761619
761620
761621
761622
761623
761624
761628
761638
761639
761685
761686
761689
761690
761691
761694
761695
761696
761700
761701
761702
761706
761707
761712
761713
761718
761719
761720
761859
761860
761861
761862
761863
761864
761865
761866
761867
761868
761869
761870
761871
761872
761873
761874
761875
761876
761877
761878
761880
761881
761882
761883
761885
761886
761887
761888
761890
761891
762234
762235
762238
762239
762240
762241
762243
762244
762245
762249
762250
762251
762253
762255
762256
762260
762261
762262
762265
762267
762268
762269
762613
762614
762618
762619
762624
762625
762626
762631
762633
762634
762635
762636
762637
762638
762639
762640
762641
762642
762643
762644
762645
762646
762647
762648
762649
762650
762651
762652
762653
762654
762655
762656
762657
762658
762659
762660
762661
762662
762663
762664
762665
762666
762667
762668
762669
762670
762671
762672
762676
762681
762687
762849
762850
762853
762854
762856
762858
762859
762860
762864
762866
762867
762868
762869
762870
762871
762872
762873
762874
762875
762876
762877
762878
762879
762880
762881
762882
762883
762884
762885
762886
762887
762888
762889
762890
762891
762892
762893
762894
762895
762896
762897
762898
762899
762900
762901
762902
762903
762904
762905
762907
762909
762913
762914
762917
762920
763100
763106
763109
763110
763118
763119
763125
763127
763129
763130
763131
763139
763140
763146
763148
763150
763151
763152
763160
763166
763170
764271
764272
764273
764284
764285
764286
764287
764288
764289
764290
764291
764292
764293
764294
764295
764296
764297
764298
764299
764300
764301
764302
764303
764304
764305
764306
764307
764308
764309
764310
764311
764313
764314
764315
764316
764317
764318
764319
764323
764333
764334
764380
764381
764384
764385
764386
764389
764390
764391
764395
764396
764397
764401
764402
764407
764408
764413
764414
764415
764554
764555
764556
764557
764558
764559
764560
764561
764562
764563
764564
764565
764566
764567
764568
764569
764570
764571
764572
764573
764575
764576
764577
764578
764580
764581
764582
764583
764585
764586
764929
764930
764933
764934
764935
764936
764938
764939
764940
764944
764945
764946
764948
764950
764951
764955
764956
764957
764960
764962
764963
764964
765308
765309
765313
765314
765319
765320
765321
765326
765328
765329
765330
765331
765332
765333
765334
765335
765336
765337
765338
765339
765340
765341
765342
765343
765344
765345
765346
765347
765348
765349
765350
765351
765352
765353
765354
765355
765356
765357
765358
765359
765360
765361
765362
765363
765364
765365
765366
765367
765371
765376
765382
765544
765545
765548
765549
765551
765553
765554
765555
765559
765561
765562
765563
765564
765565
765566
765567
765568
765569
765570
765571
765572
765573
765574
765575
765576
765577
765578
765579
765580
765581
765582
765583
765584
765585
765586
765587
765588
765589
765590
765591
765592
765593
765594
765595
765596
765597
765598
765599
765600
765602
765604
765608
765609
765612
765615
765795
765801
765804
765805
765813
765814
765820
765822
765824
765825
765826
765834
765835
765841
765843
765845
765846
765847
765855
765861
765865
766966
766967
766968
766979
766980
766981
766982
766983
766984
766985
766986
766987
766988
766989
766990
766991
766992
766993
766994
766995
766996
766997
766998
766999
767000
767001
767002
767003
767004
767005
767006
767008
767009
767010
767011
767012
767013
767014
767018
767028
767029
767075
767076
767079
767080
767081
767084
767085
767086
767090
767091
767092
767096
767097
767102
767103
767108
767109
767110
767249
767250
767251
767252
767253
767254
767255
767256
767257
767258
767259
767260
767261
767262
767263
767264
767265
767266
767267
767268
767270
767271
767272
767273
767275
767276
767277
767278
767280
767281
767624
767625
767628
767629
767630
767631
767633
767634
767635
767639
767640
767641
767643
767645
767646
767650
767651
767652
767655
767657
767658
767659
768003
768004
768008
768009
768014
768015
768016
768021
768023
768024
768025
768026
768027
768028
768029
768030
768031
768032
768033
768034
768035
768036
768037
768038
768039
768040
768041
768042
768043
768044
768045
768046
768047
768048
768049
768050
768051
768052
768053
768054
768055
768056
768057
768058
768059
768060
768061
768062
768066
768071
768077
768239
768240
768243
768244
768246
768248
768249
768250
768254
768256
768257
768258
768259
768260
768261
768262
768263
768264
768265
768266
768267
768268
768269
768270
768271
768272
768273
768274
768275
768276
768277
768278
768279
768280
768281
768282
768283
768284
768285
768286
768287
768288
768289
768290
768291
768292
768293
768294
768295
768297
768299
768303
768304
768307
768310
768490
768496
768499
768500
768508
768509
768515
768517
768519
768520
768521
768529
768530
768536
768538
768540
768541
768542
768550
768556
768560
769661
769662
769663
769674
769675
769676
769677
769678
769679
769680
769681
769682
769683
769684
769685
769686
769687
769688
769689
769690
769691
769692
769693
769694
769695
769696
769697
769698
769699
769700
769701
769703
769704
769705
769706
769707
769708
769709
769713
769723
769724
769770
769771
769774
769775
769776
769779
769780
769781
769785
769786
769787
769791
769792
769797
769798
769803
769804
769805
769944
769945
769946
769947
769948
769949
769950
769951
769952
769953
769954
769955
769956
769957
769958
769959
769960
769961
769962
769963
769965
769966
769967
769968
769970
769971
769972
769973
769975
769976
770319
770320
770323
770324
770325
770326
770328
770329
770330
770334
770335
770336
770338
770340
770341
770345
770346
770347
770350
770352
770353
770354
770698
770699
770703
770704
770709
770710
770711
770716
770718
770719
770720
770721
770722
770723
770724
770725
770726
770727
770728
770729
770730
770731
770732
770733
770734
770735
770736
770737
770738
770739
770740
770741
770742
770743
770744
770745
770746
770747
770748
770749
770750
770751
770752
770753
770754
770755
770756
770757
770761
770766
770772
770934
770935
770938
770939
770941
770943
770944
770945
770949
770951
770952
770953
770954
770955
770956
770957
770958
770959
770960
770961
770962
770963
770964
770965
770966
770967
770968
770969
770970
770971
770972
770973
770974
770975
770976
770977
770978
770979
770980
770981
770982
770983
770984
770985
770986
770987
770988
770989
770990
770992
770994
770998
770999
771002
771005
771185
771191
771194
771195
771203
771204
771210
771212
771214
771215
771216
771224
771225
771231
771233
771235
771236
771237
771245
771251
771255
772356
772357
772358
772369
772370
772371
772372
772373
772374
772375
772376
772377
772378
772379
772380
772381
772382
772383
772384
772385
772386
772387
772388
772389
772390
772391
772392
772393
772394
772395
772396
772398
772399
772400
772401
772402
772403
772404
772408
772418
772419
772465
772466
772469
772470
772471
772474
772475
772476
772480
772481
772482
772486
772487
772492
772493
772498
772499
772500
772639
772640
772641
772642
772643
772644
772645
772646
772647
772648
772649
772650
772651
772652
772653
772654
772655
772656
772657
772658
772660
772661
772662
772663
772665
772666
772667
772668
772670
772671
773014
773015
773018
773019
773020
773021
773023
773024
773025
773029
773030
773031
773033
773035
773036
773040
773041
773042
773045
773047
773048
773049
773393
773394
773398
773399
773404
773405
773406
773411
773413
773414
773415
773416
773417
773418
773419
773420
773421
773422
773423
773424
773425
773426
773427
773428
773429
773430
773431
773432
773433
773434
773435
773436
773437
773438
773439
773440
773441
773442
773443
773444
773445
773446
773447
773448
773449
773450
773451
773452
773456
773461
773467
773629
773630
773633
773634
773636
773638
773639
773640
773644
773646
773647
773648
773649
773650
773651
773652
773653
773654
773655
773656
773657
773658
773659
773660
773661
773662
773663
773664
773665
773666
773667
773668
773669
773670
773671
773672
773673
773674
773675
773676
773677
773678
773679
773680
773681
773682
773683
773684
773685
773687
773689
773693
773694
773697
773700
773880
773886
773889
773890
773898
773899
773905
773907
773909
773910
773911
773919
773920
773926
773928
773930
773931
773932
773940
773946
773950
775051
775052
775053
775064
775065
775066
775067
775068
775069
775070
775071
775072
775073
775074
775075
775076
775077
775078
775079
775080
775081
775082
775083
775084
775085
775086
775087
775088
775089
775090
775091
775093
775094
775095
775096
775097
775098
775099
775103
775113
775114
775160
775161
775164
775165
775166
775169
775170
775171
775175
775176
775177
775181
775182
775187
775188
775193
775194
775195
775334
775335
775336
775337
775338
775339
775340
775341
775342
775343
775344
775345
775346
775347
775348
775349
775350
775351
775352
775353
775355
775356
775357
775358
775360
775361
775362
775363
775365
775366
775709
775710
775713
775714
775715
775716
775718
775719
775720
775724
775725
775726
775728
775730
775731
775735
775736
775737
775740
775742
775743
775744
776088
776089
776093
776094
776099
776100
776101
776106
776108
776109
776110
776111
776112
776113
776114
776115
776116
776117
776118
776119
776120
776121
776122
776123
776124
776125
776126
776127
776128
776129
776130
776131
776132
776133
776134
776135
776136
776137
776138
776139
776140
776141
776142
776143
776144
776145
776146
776147
776151
776156
776162
776324
776325
776328
776329
776331
776333
776334
776335
776339
776341
776342
776343
776344
776345
776346
776347
776348
776349
776350
776351
776352
776353
776354
776355
776356
776357
776358
776359
776360
776361
776362
776363
776364
776365
776366
776367
776368
776369
776370
776371
776372
776373
776374
776375
776376
776377
776378
776379
776380
776382
776384
776388
776389
776392
776395
776575
776581
776584
776585
776593
776594
776600
776602
776604
776605
776606
776614
776615
776621
776623
776625
776626
776627
776635
776641
776645
777746
777747
777748
777759
777760
777761
777762
777763
777764
777765
777766
777767
777768
777769
777770
777771
777772
777773
777774
777775
777776
777777
777778
777779
777780
777781
777782
777783
777784
777785
777786
777788
777789
777790
777791
777792
777793
777794
777798
777808
777809
777855
777856
777859
777860
777861
777864
777865
777866
777870
777871
777872
777876
777877
777882
777883
777888
777889
777890
778029
778030
778031
778032
778033
778034
778035
778036
778037
778038
778039
778040
778041
778042
778043
778044
778045
778046
778047
778048
778050
778051
778052
778053
778055
778056
778057
778058
778060
778061
778404
778405
778408
778409
778410
778411
778413
778414
778415
778419
778420
778421
778423
778425
778426
778430
778431
778432
778435
778437
778438
778439
778783
778784
778788
778789
778794
778795
778796
778801
778803
778804
778805
778806
778807
778808
778809
778810
778811
778812
778813
778814
778815
778816
778817
778818
778819
778820
778821
778822
778823
778824
778825
778826
778827
778828
778829
778830
778831
778832
778833
778834
778835
778836
778837
778838
778839
778840
778841
778842
778846
778851
778857
779019
779020
779023
779024
779026
779028
779029
779030
779034
779036
779037
779038
779039
779040
779041
779042
779043
779044
779045
779046
779047
779048
779049
779050
779051
779052
779053
779054
779055
779056
779057
779058
779059
779060
779061
779062
779063
779064
779065
779066
779067
779068
779069
779070
779071
779072
779073
779074
779075
779077
779079
779083
779084
779087
779090
779270
779276
779279
779280
779288
779289
779295
779297
779299
779300
779301
779309
779310
779316
779318
779320
779321
779322
779330
779336
779340
780441
780442
780443
780454
780455
780456
780457
780458
780459
780460
780461
780462
780463
780464
780465
780466
780467
780468
780469
780470
780471
780472
780473
780474
780475
780476
780477
780478
780479
780480
780481
780483
780484
780485
780486
780487
780488
780489
780493
780503
780504
780550
780551
780554
780555
780556
780559
780560
780561
780565
780566
780567
780571
780572
780577
780578
780583
780584
780585
780724
780725
780726
780727
780728
780729
780730
780731
780732
780733
780734
780735
780736
780737
780738
780739
780740
780741
780742
780743
780745
780746
780747
780748
780750
780751
780752
780753
780755
780756
781099
781100
781103
781104
781105
781106
781108
781109
781110
781114
781115
781116
781118
781120
781121
781125
781126
781127
781130
781132
781133
781134
781478
781479
781483
781484
781489
781490
781491
781496
781498
781499
781500
781501
781502
781503
781504
781505
781506
781507
781508
781509
781510
781511
781512
781513
781514
781515
781516
781517
781518
781519
781520
781521
781522
781523
781524
781525
781526
781527
781528
781529
781530
781531
781532
781533
781534
781535
781536
781537
781541
781546
781552
781714
781715
781718
781719
781721
781723
781724
781725
781729
781731
781732
781733
781734
781735
781736
781737
781738
781739
781740
781741
781742
781743
781744
781745
781746
781747
781748
781749
781750
781751
781752
781753
781754
781755
781756
781757
781758
781759
781760
781761
781762
781763
781764
781765
781766
781767
781768
781769
781770
781772
781774
781778
781779
781782
781785
781965
781971
781974
781975
781983
781984
781990
781992
781994
781995
781996
782004
782005
782011
782013
782015
782016
782017
782025
782031
782035
783136
783137
783138
783149
783150
783151
783152
783153
783154
783155
783156
783157
783158
783159
783160
783161
783162
783163
783164
783165
783166
783167
783168
783169
783170
783171
783172
783173
783174
783175
783176
783178
783179
783180
783181
783182
783183
783184
783188
783198
783199
783245
783246
783249
783250
783251
783254
783255
783256
783260
783261
783262
783266
783267
783272
783273
783278
783279
783280
783419
783420
783421
783422
783423
783424
783425
783426
783427
783428
783429
783430
783431
783432
783433
783434
783435
783436
783437
783438
783440
783441
783442
783443
783445
783446
783447
783448
783450
783451
783794
783795
783798
783799
783800
783801
783803
783804
783805
783809
783810
783811
783813
783815
783816
783820
783821
783822
783825
783827
783828
783829
784173
784174
784178
784179
784184
784185
784186
784191
784193
784194
784195
784196
784197
784198
784199
784200
784201
784202
784203
784204
784205
784206
784207
784208
784209
784210
784211
784212
784213
784214
784215
784216
784217
784218
784219
784220
784221
784222
784223
784224
784225
784226
784227
784228
784229
784230
784231
784232
784236
784241
784247
784409
784410
784413
784414
784416
784418
784419
784420
784424
784426
784427
784428
784429
784430
784431
784432
784433
784434
784435
784436
784437
784438
784439
784440
784441
784442
784443
784444
784445
784446
784447
784448
784449
784450
784451
784452
784453
784454
784455
784456
784457
784458
784459
784460
784461
784462
784463
784464
784465
784467
784469
784473
784474
784477
784480
784660
784666
784669
784670
784678
784679
784685
784687
784689
784690
784691
784699
784700
784706
784708
784710
784711
784712
784720
784726
784730
785831
785832
785833
785844
785845
785846
785847
785848
785849
785850
785851
785852
785853
785854
785855
785856
785857
785858
785859
785860
785861
785862
785863
785864
785865
785866
785867
785868
785869
785870
785871
785873
785874
785875
785876
785877
785878
785879
785883
785893
785894
785940
785941
785944
785945
785946
785949
785950
785951
785955
785956
785957
785961
785962
785967
785968
785973
785974
785975
786114
786115
786116
786117
786118
786119
786120
786121
786122
786123
786124
786125
786126
786127
786128
786129
786130
786131
786132
786133
786135
786136
786137
786138
786140
786141
786142
786143
786145
786146
786489
786490
786493
786494
786495
786496
786498
786499
786500
786504
786505
786506
786508
786510
786511
786515
786516
786517
786520
786522
786523
786524
786868
786869
786873
786874
786879
786880
786881
786886
786888
786889
786890
786891
786892
786893
786894
786895
786896
786897
786898
786899
786900
786901
786902
786903
786904
786905
786906
786907
786908
786909
786910
786911
786912
786913
786914
786915
786916
786917
786918
786919
786920
786921
786922
786923
786924
786925
786926
786927
786931
786936
786942
787104
787105
787108
787109
787111
787113
787114
787115
787119
787121
787122
787123
787124
787125
787126
787127
787128
787129
787130
787131
787132
787133
787134
787135
787136
787137
787138
787139
787140
787141
787142
787143
787144
787145
787146
787147
787148
787149
787150
787151
787152
787153
787154
787155
787156
787157
787158
787159
787160
787162
787164
787168
787169
787172
787175
787355
787361
787364
787365
787373
787374
787380
787382
787384
787385
787386
787394
787395
787401
787403
787405
787406
787407
787415
787421
787425
788526
788527
788528
788539
788540
788541
788542
788543
788544
788545
788546
788547
788548
788549
788550
788551
788552
788553
788554
788555
788556
788557
788558
788559
788560
788561
788562
788563
788564
788565
788566
788568
788569
788570
788571
788572
788573
788574
788578
788588
788589
788635
788636
788639
788640
788641
788644
788645
788646
788650
788651
788652
788656
788657
788662
788663
788668
788669
788670
788809
788810
788811
788812
788813
788814
788815
788816
788817
788818
788819
788820
788821
788822
788823
788824
788825
788826
788827
788828
788830
788831
788832
788833
788835
788836
788837
788838
788840
788841
789184
789185
789188
789189
789190
789191
789193
789194
789195
789199
789200
789201
789203
789205
789206
789210
789211
789212
789215
789217
789218
789219
789563
789564
789568
789569
789574
789575
789576
789581
789583
789584
789585
789586
789587
789588
789589
789590
789591
789592
789593
789594
789595
789596
789597
789598
789599
789600
789601
789602
789603
789604
789605
789606
789607
789608
789609
789610
789611
789612
789613
789614
789615
789616
789617
789618
789619
789620
789621
789622
789626
789631
789637
789799
789800
789803
789804
789806
789808
789809
789810
789814
789816
789817
789818
789819
789820
789821
789822
789823
789824
789825
789826
789827
789828
789829
789830
789831
789832
789833
789834
789835
789836
789837
789838
789839
789840
789841
789842
789843
789844
789845
789846
789847
789848
789849
789850
789851
789852
789853
789854
789855
789857
789859
789863
789864
789867
789870
790050
790056
790059
790060
790068
790069
790075
790077
790079
790080
790081
790089
790090
790096
790098
790100
790101
790102
790110
790116
790120
791221
791222
791223
791234
791235
791236
791237
791238
791239
791240
791241
791242
791243
791244
791245
791246
791247
791248
791249
791250
791251
791252
791253
791254
791255
791256
791257
791258
791259
791260
791261
791263
791264
791265
791266
791267
791268
791269
791273
791283
791284
791330
791331
791334
791335
791336
791339
791340
791341
791345
791346
791347
791351
791352
791357
791358
791363
791364
791365
791504
791505
791506
791507
791508
791509
791510
791511
791512
791513
791514
791515
791516
791517
791518
791519
791520
791521
791522
791523
791525
791526
791527
791528
791530
791531
791532
791533
791535
791536
791879
791880
791883
791884
791885
791886
791888
791889
791890
791894
791895
791896
791898
791900
791901
791905
791906
791907
791910
791912
791913
791914
792258
792259
792263
792264
792269
792270
792271
792276
792278
792279
792280
792281
792282
792283
792284
792285
792286
792287
792288
792289
792290
792291
792292
792293
792294
792295
792296
792297
792298
792299
792300
792301
792302
792303
792304
792305
792306
792307
792308
792309
792310
792311
792312
792313
792314
792315
792316
792317
792321
792326
792332
792494
792495
792498
792499
792501
792503
792504
792505
792509
792511
792512
792513
792514
792515
792516
792517
792518
792519
792520
792521
792522
792523
792524
792525
792526
792527
792528
792529
792530
792531
792532
792533
792534
792535
792536
792537
792538
792539
792540
792541
792542
792543
792544
792545
792546
792547
792548
792549
792550
792552
792554
792558
792559
792562
792565
792745
792751
792754
792755
792763
792764
792770
792772
792774
792775
792776
792784
792785
792791
792793
792795
792796
792797
792805
792811
792815
793916
793917
793918
793929
793930
793931
793932
793933
793934
793935
793936
793937
793938
793939
793940
793941
793942
793943
793944
793945
793946
793947
793948
793949
793950
793951
793952
793953
793954
793955
793956
793958
793959
793960
793961
793962
793963
793964
793968
793978
793979
794025
794026
794029
794030
794031
794034
794035
794036
794040
794041
794042
794046
794047
794052
794053
794058
794059
794060
794199
794200
794201
794202
794203
794204
794205
794206
794207
794208
794209
794210
794211
794212
794213
794214
794215
794216
794217
794218
794220
794221
794222
794223
794225
794226
794227
794228
794230
794231
794574
794575
794578
794579
794580
794581
794583
794584
794585
794589
794590
794591
794593
794595
794596
794600
794601
794602
794605
794607
794608
794609
794953
794954
794958
794959
794964
794965
794966
794971
794973
794974
794975
794976
794977
794978
794979
794980
794981
794982
794983
794984
794985
794986
794987
794988
794989
794990
794991
794992
794993
794994
794995
794996
794997
794998
794999
795000
795001
795002
795003
795004
795005
795006
795007
795008
795009
795010
795011
795012
795016
795021
795027
795189
795190
795193
795194
795196
795198
795199
795200
795204
795206
795207
795208
795209
795210
795211
795212
795213
795214
795215
795216
795217
795218
795219
795220
795221
795222
795223
795224
795225
795226
795227
795228
795229
795230
795231
795232
795233
795234
795235
795236
795237
795238
795239
795240
795241
795242
795243
795244
795245
795247
795249
795253
795254
795257
795260
795440
795446
795449
795450
795458
795459
795465
795467
795469
795470
795471
795479
795480
795486
795488
795490
795491
795492
795500
795506
795510
796611
796612
796613
796624
796625
796626
796627
796628
796629
796630
796631
796632
796633
796634
796635
796636
796637
796638
796639
796640
796641
796642
796643
796644
796645
796646
796647
796648
796649
796650
796651
796653
796654
796655
796656
796657
796658
796659
796663
796673
796674
796720
796721
796724
796725
796726
796729
796730
796731
796735
796736
796737
796741
796742
796747
796748
796753
796754
796755
796894
796895
796896
796897
796898
796899
796900
796901
796902
796903
796904
796905
796906
796907
796908
796909
796910
796911
796912
796913
796915
796916
796917
796918
796920
796921
796922
796923
796925
796926
797269
797270
797273
797274
797275
797276
797278
797279
797280
797284
797285
797286
797288
797290
797291
797295
797296
797297
797300
797302
797303
797304
797648
797649
797653
797654
797659
797660
797661
797666
797668
797669
797670
797671
797672
797673
797674
797675
797676
797677
797678
797679
797680
797681
797682
797683
797684
797685
797686
797687
797688
797689
797690
797691
797692
797693
797694
797695
797696
797697
797698
797699
797700
797701
797702
797703
797704
797705
797706
797707
797711
797716
797722
797884
797885
797888
797889
797891
797893
797894
797895
797899
797901
797902
797903
797904
797905
797906
797907
797908
797909
797910
797911
797912
797913
797914
797915
797916
797917
797918
797919
797920
797921
797922
797923
797924
797925
797926
797927
797928
797929
797930
797931
797932
797933
797934
797935
797936
797937
797938
797939
797940
797942
797944
797948
797949
797952
797955
798135
798141
798144
798145
798153
798154
798160
798162
798164
798165
798166
798174
798175
798181
798183
798185
798186
798187
798195
798201
798205
799306
799307
799308
799319
799320
799321
799322
799323
799324
799325
799326
799327
799328
799329
799330
799331
799332
799333
799334
799335
799336
799337
799338
799339
799340
799341
799342
799343
799344
799345
799346
799348
799349
799350
799351
799352
799353
799354
799358
799368
799369
799415
799416
799419
799420
799421
799424
799425
799426
799430
799431
799432
799436
799437
799442
799443
799448
799449
799450
799589
799590
799591
799592
799593
799594
799595
799596
799597
799598
799599
799600
799601
799602
799603
799604
799605
799606
799607
799608
799610
799611
799612
799613
799615
799616
799617
799618
799620
799621
799964
799965
799968
799969
799970
799971
799973
799974
799975
799979
799980
799981
799983
799985
799986
799990
799991
799992
799995
799997
799998
799999
800343
800344
800348
800349
800354
800355
800356
800361
800363
800364
800365
800366
800367
800368
800369
800370
800371
800372
800373
800374
800375
800376
800377
800378
800379
800380
800381
800382
800383
800384
800385
800386
800387
800388
800389
800390
800391
800392
800393
800394
800395
800396
800397
800398
800399
800400
800401
800402
800406
800411
800417
800579
800580
800583
800584
800586
800588
800589
800590
800594
800596
800597
800598
800599
800600
800601
800602
800603
800604
800605
800606
800607
800608
800609
800610
800611
800612
800613
800614
800615
800616
800617
800618
800619
800620
800621
800622
800623
800624
800625
800626
800627
800628
800629
800630
800631
800632
800633
800634
800635
800637
800639
800643
800644
800647
800650
800830
800836
800839
800840
800848
800849
800855
800857
800859
800860
800861
800869
800870
800876
800878
800880
800881
800882
800890
800896
800900
802001
802002
802003
802014
802015
802016
802017
802018
802019
802020
802021
802022
802023
802024
802025
802026
802027
802028
802029
802030
802031
802032
802033
802034
802035
802036
802037
802038
802039
802040
802041
802043
802044
802045
802046
802047
802048
802049
802053
802063
802064
802110
802111
802114
802115
802116
802119
802120
802121
802125
802126
802127
802131
802132
802137
802138
802143
802144
802145
802284
802285
802286
802287
802288
802289
802290
802291
802292
802293
802294
802295
802296
802297
802298
802299
802300
802301
802302
802303
802305
802306
802307
802308
802310
802311
802312
802313
802315
802316
802659
802660
802663
802664
802665
802666
802668
802669
802670
802674
802675
802676
802678
802680
802681
802685
802686
802687
802690
802692
802693
802694
803038
803039
803043
803044
803049
803050
803051
803056
803058
803059
803060
803061
803062
803063
803064
803065
803066
803067
803068
803069
803070
803071
803072
803073
803074
803075
803076
803077
803078
803079
803080
803081
803082
803083
803084
803085
803086
803087
803088
803089
803090
803091
803092
803093
803094
803095
803096
803097
803101
803106
803112
803274
803275
803278
803279
803281
803283
803284
803285
803289
803291
803292
803293
803294
803295
803296
803297
803298
803299
803300
803301
803302
803303
803304
803305
803306
803307
803308
803309
803310
803311
803312
803313
803314
803315
803316
803317
803318
803319
803320
803321
803322
803323
803324
803325
803326
803327
803328
803329
803330
803332
803334
803338
803339
803342
803345
803525
803531
803534
803535
803543
803544
803550
803552
803554
803555
803556
803564
803565
803571
803573
803575
803576
803577
803585
803591
803595
804696
804697
804698
804709
804710
804711
804712
804713
804714
804715
804716
804717
804718
804719
804720
804721
804722
804723
804724
804725
804726
804727
804728
804729
804730
804731
804732
804733
804734
804735
804736
804738
804739
804740
804741
804742
804743
804744
804748
804758
804759
804805
804806
804809
804810
804811
804814
804815
804816
804820
804821
804822
804826
804827
804832
804833
804838
804839
804840
804979
804980
804981
804982
804983
804984
804985
804986
804987
804988
804989
804990
804991
804992
804993
804994
804995
804996
804997
804998
805000
805001
805002
805003
805005
805006
805007
805008
805010
805011
805354
805355
805358
805359
805360
805361
805363
805364
805365
805369
805370
805371
805373
805375
805376
805380
805381
805382
805385
805387
805388
805389
805733
805734
805738
805739
805744
805745
805746
805751
805753
805754
805755
805756
805757
805758
805759
805760
805761
805762
805763
805764
805765
805766
805767
805768
805769
805770
805771
805772
805773
805774
805775
805776
805777
805778
805779
805780
805781
805782
805783
805784
805785
805786
805787
805788
805789
805790
805791
805792
805796
805801
805807
805969
805970
805973
805974
805976
805978
805979
805980
805984
805986
805987
805988
805989
805990
805991
805992
805993
805994
805995
805996
805997
805998
805999
806000
806001
806002
806003
806004
806005
806006
806007
806008
806009
806010
806011
806012
806013
806014
806015
806016
806017
806018
806019
806020
806021
806022
806023
806024
806025
806027
806029
806033
806034
806037
806040
806220
806226
806229
806230
806238
806239
806245
806247
806249
806250
806251
806259
806260
806266
806268
806270
806271
806272
806280
806286
806290
807391
807392
807393
807404
807405
807406
807407
807408
807409
807410
807411
807412
807413
807414
807415
807416
807417
807418
807419
807420
807421
807422
807423
807424
807425
807426
807427
807428
807429
807430
807431
807433
807434
807435
807436
807437
807438
807439
807443
807453
807454
807500
807501
807504
807505
807506
807509
807510
807511
807515
807516
807517
807521
807522
807527
807528
807533
807534
807535
807674
807675
807676
807677
807678
807679
807680
807681
807682
807683
807684
807685
807686
807687
807688
807689
807690
807691
807692
807693
807695
807696
807697
807698
807700
807701
807702
807703
807705
807706
808049
808050
808053
808054
808055
808056
808058
808059
808060
808064
808065
808066
808068
808070
808071
808075
808076
808077
808080
808082
808083
808084
808428
808429
808433
808434
808439
808440
808441
808446
808448
808449
808450
808451
808452
808453
808454
808455
808456
808457
808458
808459
808460
808461
808462
808463
808464
808465
808466
808467
808468
808469
808470
808471
808472
808473
808474
808475
808476
808477
808478
808479
808480
808481
808482
808483
808484
808485
808486
808487
808491
808496
808502
808664
808665
808668
808669
808671
808673
808674
808675
808679
808681
808682
808683
808684
808685
808686
808687
808688
808689
808690
808691
808692
808693
808694
808695
808696
808697
808698
808699
808700
808701
808702
808703
808704
808705
808706
808707
808708
808709
808710
808711
808712
808713
808714
808715
808716
808717
808718
808719
808720
808722
808724
808728
808729
808732
808735
808915
808921
808924
808925
808933
808934
808940
808942
808944
808945
808946
808954
808955
808961
808963
808965
808966
808967
808975
808981
808985
810086
810087
810088
810099
810100
810101
810102
810103
810104
810105
810106
810107
810108
810109
810110
810111
810112
810113
810114
810115
810116
810117
810118
810119
810120
810121
810122
810123
810124
810125
810126
810128
810129
810130
810131
810132
810133
810134
810138
810148
810149
810195
810196
810199
810200
810201
810204
810205
810206
810210
810211
810212
810216
810217
810222
810223
810228
810229
810230
810369
810370
810371
810372
810373
810374
810375
810376
810377
810378
810379
810380
810381
810382
810383
810384
810385
810386
810387
810388
810390
810391
810392
810393
810395
810396
810397
810398
810400
810401
810744
810745
810748
810749
810750
810751
810753
810754
810755
810759
810760
810761
810763
810765
810766
810770
810771
810772
810775
810777
810778
810779
811123
811124
811128
811129
811134
811135
811136
811141
811143
811144
811145
811146
811147
811148
811149
811150
811151
811152
811153
811154
811155
811156
811157
811158
811159
811160
811161
811162
811163
811164
811165
811166
811167
811168
811169
811170
811171
811172
811173
811174
811175
811176
811177
811178
811179
811180
811181
811182
811186
811191
811197
811359
811360
811363
811364
811366
811368
811369
811370
811374
811376
811377
811378
811379
811380
811381
811382
811383
811384
811385
811386
811387
811388
811389
811390
811391
811392
811393
811394
811395
811396
811397
811398
811399
811400
811401
811402
811403
811404
811405
811406
811407
811408
811409
811410
811411
811412
811413
811414
811415
811417
811419
811423
811424
811427
811430
811610
811616
811619
811620
811628
811629
811635
811637
811639
811640
811641
811649
811650
811656
811658
811660
811661
811662
811670
811676
811680
812781
812782
812783
812794
812795
812796
812797
812798
812799
812800
812801
812802
812803
812804
812805
812806
812807
812808
812809
812810
812811
812812
812813
812814
812815
812816
812817
812818
812819
812820
812821
812823
812824
812825
812826
812827
812828
812829
812833
812843
812844
812890
812891
812894
812895
812896
812899
812900
812901
812905
812906
812907
812911
812912
812917
812918
812923
812924
812925
813064
813065
813066
813067
813068
813069
813070
813071
813072
813073
813074
813075
813076
813077
813078
813079
813080
813081
813082
813083
813085
813086
813087
813088
813090
813091
813092
813093
813095
813096
813439
813440
813443
813444
813445
813446
813448
813449
813450
813454
813455
813456
813458
813460
813461
813465
813466
813467
813470
813472
813473
813474
813818
813819
813823
813824
813829
813830
813831
813836
813838
813839
813840
813841
813842
813843
813844
813845
813846
813847
813848
813849
813850
813851
813852
813853
813854
813855
813856
813857
813858
813859
813860
813861
813862
813863
813864
813865
813866
813867
813868
813869
813870
813871
813872
813873
813874
813875
813876
813877
813881
813886
813892
814054
814055
814058
814059
814061
814063
814064
814065
814069
814071
814072
814073
814074
814075
814076
814077
814078
814079
814080
814081
814082
814083
814084
814085
814086
814087
814088
814089
814090
814091
814092
814093
814094
814095
814096
814097
814098
814099
814100
814101
814102
814103
814104
814105
814106
814107
814108
814109
814110
814112
814114
814118
814119
814122
814125
814305
814311
814314
814315
814323
814324
814330
814332
814334
814335
814336
814344
814345
814351
814353
814355
814356
814357
814365
814371
814375
815476
815477
815478
815489
815490
815491
815492
815493
815494
815495
815496
815497
815498
815499
815500
815501
815502
815503
815504
815505
815506
815507
815508
815509
815510
815511
815512
815513
815514
815515
815516
815518
815519
815520
815521
815522
815523
815524
815528
815538
815539
815585
815586
815589
815590
815591
815594
815595
815596
815600
815601
815602
815606
815607
815612
815613
815618
815619
815620
815759
815760
815761
815762
815763
815764
815765
815766
815767
815768
815769
815770
815771
815772
815773
815774
815775
815776
815777
815778
815780
815781
815782
815783
815785
815786
815787
815788
815790
815791
816134
816135
816138
816139
816140
816141
816143
816144
816145
816149
816150
816151
816153
816155
816156
816160
816161
816162
816165
816167
816168
816169
816513
816514
816518
816519
816524
816525
816526
816531
816533
816534
816535
816536
816537
816538
816539
816540
816541
816542
816543
816544
816545
816546
816547
816548
816549
816550
816551
816552
816553
816554
816555
816556
816557
816558
816559
816560
816561
816562
816563
816564
816565
816566
816567
816568
816569
816570
816571
816572
816576
816581
816587
816749
816750
816753
816754
816756
816758
816759
816760
816764
816766
816767
816768
816769
816770
816771
816772
816773
816774
816775
816776
816777
816778
816779
816780
816781
816782
816783
816784
816785
816786
816787
816788
816789
816790
816791
816792
816793
816794
816795
816796
816797
816798
816799
816800
816801
816802
816803
816804
816805
816807
816809
816813
816814
816817
816820
817000
817006
817009
817010
817018
817019
817025
817027
817029
817030
817031
817039
817040
817046
817048
817050
817051
817052
817060
817066
817070
818171
818172
818173
818184
818185
818186
818187
818188
818189
818190
818191
818192
818193
818194
818195
818196
818197
818198
818199
818200
818201
818202
818203
818204
818205
818206
818207
818208
818209
818210
818211
818213
818214
818215
818216
818217
818218
818219
818223
818233
818234
818280
818281
818284
818285
818286
818289
818290
818291
818295
818296
818297
818301
818302
818307
818308
818313
818314
818315
818454
818455
818456
818457
818458
818459
818460
818461
818462
818463
818464
818465
818466
818467
818468
818469
818470
818471
818472
818473
818475
818476
818477
818478
818480
818481
818482
818483
818485
818486
818829
818830
818833
818834
818835
818836
818838
818839
818840
818844
818845
818846
818848
818850
818851
818855
818856
818857
818860
818862
818863
818864
819208
819209
819213
819214
819219
819220
819221
819226
819228
819229
819230
819231
819232
819233
819234
819235
819236
819237
819238
819239
819240
819241
819242
819243
819244
819245
819246
819247
819248
819249
819250
819251
819252
819253
819254
819255
819256
819257
819258
819259
819260
819261
819262
819263
819264
819265
819266
819267
819271
819276
819282
819444
819445
819448
819449
819451
819453
819454
819455
819459
819461
819462
819463
819464
819465
819466
819467
819468
819469
819470
819471
819472
819473
819474
819475
819476
819477
819478
819479
819480
819481
819482
819483
819484
819485
819486
819487
819488
819489
819490
819491
819492
819493
819494
819495
819496
819497
819498
819499
819500
819502
819504
819508
819509
819512
819515
819695
819701
819704
819705
819713
819714
819720
819722
819724
819725
819726
819734
819735
819741
819743
819745
819746
819747
819755
819761
819765
820866
820867
820868
820879
820880
820881
820882
820883
820884
820885
820886
820887
820888
820889
820890
820891
820892
820893
820894
820895
820896
820897
820898
820899
820900
820901
820902
820903
820904
820905
820906
820908
820909
820910
820911
820912
820913
820914
820918
820928
820929
820975
820976
820979
820980
820981
820984
820985
820986
820990
820991
820992
820996
820997
821002
821003
821008
821009
821010
821149
821150
821151
821152
821153
821154
821155
821156
821157
821158
821159
821160
821161
821162
821163
821164
821165
821166
821167
821168
821170
821171
821172
821173
821175
821176
821177
821178
821180
821181
821524
821525
821528
821529
821530
821531
821533
821534
821535
821539
821540
821541
821543
821545
821546
821550
821551
821552
821555
821557
821558
821559
821903
821904
821908
821909
821914
821915
821916
821921
821923
821924
821925
821926
821927
821928
821929
821930
821931
821932
821933
821934
821935
821936
821937
821938
821939
821940
821941
821942
821943
821944
821945
821946
821947
821948
821949
821950
821951
821952
821953
821954
821955
821956
821957
821958
821959
821960
821961
821962
821966
821971
821977
822139
822140
822143
822144
822146
822148
822149
822150
822154
822156
822157
822158
822159
822160
822161
822162
822163
822164
822165
822166
822167
822168
822169
822170
822171
822172
822173
822174
822175
822176
822177
822178
822179
822180
822181
822182
822183
822184
822185
822186
822187
822188
822189
822190
822191
822192
822193
822194
822195
822197
822199
822203
822204
822207
822210
822390
822396
822399
822400
822408
822409
822415
822417
822419
822420
822421
822429
822430
822436
822438
822440
822441
822442
822450
822456
822460
823561
823562
823563
823574
823575
823576
823577
823578
823579
823580
823581
823582
823583
823584
823585
823586
823587
823588
823589
823590
823591
823592
823593
823594
823595
823596
823597
823598
823599
823600
823601
823603
823604
823605
823606
823607
823608
823609
823613
823623
823624
823670
823671
823674
823675
823676
823679
823680
823681
823685
823686
823687
823691
823692
823697
823698
823703
823704
823705
823844
823845
823846
823847
823848
823849
823850
823851
823852
823853
823854
823855
823856
823857
823858
823859
823860
823861
823862
823863
823865
823866
823867
823868
823870
823871
823872
823873
823875
823876
824219
824220
824223
824224
824225
824226
824228
824229
824230
824234
824235
824236
824238
824240
824241
824245
824246
824247
824250
824252
824253
824254
824598
824599
824603
824604
824609
824610
824611
824616
824618
824619
824620
824621
824622
824623
824624
824625
824626
824627
824628
824629
824630
824631
824632
824633
824634
824635
824636
824637
824638
824639
824640
824641
824642
824643
824644
824645
824646
824647
824648
824649
824650
824651
824652
824653
824654
824655
824656
824657
824661
824666
824672
824834
824835
824838
824839
824841
824843
824844
824845
824849
824851
824852
824853
824854
824855
824856
824857
824858
824859
824860
824861
824862
824863
824864
824865
824866
824867
824868
824869
824870
824871
824872
824873
824874
824875
824876
824877
824878
824879
824880
824881
824882
824883
824884
824885
824886
824887
824888
824889
824890
824892
824894
824898
824899
824902
824905
825085
825091
825094
825095
825103
825104
825110
825112
825114
825115
825116
825124
825125
825131
825133
825135
825136
825137
825145
825151
825155
826256
826257
826258
826269
826270
826271
826272
826273
826274
826275
826276
826277
826278
826279
826280
826281
826282
826283
826284
826285
826286
826287
826288
826289
826290
826291
826292
826293
826294
826295
826296
826298
826299
826300
826301
826302
826303
826304
826308
826318
826319
826365
826366
826369
826370
826371
826374
826375
826376
826380
826381
826382
826386
826387
826392
826393
826398
826399
826400
826539
826540
826541
826542
826543
826544
826545
826546
826547
826548
826549
826550
826551
826552
826553
826554
826555
826556
826557
826558
826560
826561
826562
826563
826565
826566
826567
826568
826570
826571
826914
826915
826918
826919
826920
826921
826923
826924
826925
826929
826930
826931
826933
826935
826936
826940
826941
826942
826945
826947
826948
826949
827293
827294
827298
827299
827304
827305
827306
827311
827313
827314
827315
827316
827317
827318
827319
827320
827321
827322
827323
827324
827325
827326
827327
827328
827329
827330
827331
827332
827333
827334
827335
827336
827337
827338
827339
827340
827341
827342
827343
827344
827345
827346
827347
827348
827349
827350
827351
827352
827356
827361
827367
827529
827530
827533
827534
827536
827538
827539
827540
827544
827546
827547
827548
827549
827550
827551
827552
827553
827554
827555
827556
827557
827558
827559
827560
827561
827562
827563
827564
827565
827566
827567
827568
827569
827570
827571
827572
827573
827574
827575
827576
827577
827578
827579
827580
827581
827582
827583
827584
827585
827587
827589
827593
827594
827597
827600
827780
827786
827789
827790
827798
827799
827805
827807
827809
827810
827811
827819
827820
827826
827828
827830
827831
827832
827840
827846
827850
828951
828952
828953
828964
828965
828966
828967
828968
828969
828970
828971
828972
828973
828974
828975
828976
828977
828978
828979
828980
828981
828982
828983
828984
828985
828986
828987
828988
828989
828990
828991
828993
828994
828995
828996
828997
828998
828999
829003
829013
829014
829060
829061
829064
829065
829066
829069
829070
829071
829075
829076
829077
829081
829082
829087
829088
829093
829094
829095
829234
829235
829236
829237
829238
829239
829240
829241
829242
829243
829244
829245
829246
829247
829248
829249
829250
829251
829252
829253
829255
829256
829257
829258
829260
829261
829262
829263
829265
829266
829609
829610
829613
829614
829615
829616
829618
829619
829620
829624
829625
829626
829628
829630
829631
829635
829636
829637
829640
829642
829643
829644
829988
829989
829993
829994
829999
830000
830001
830006
830008
830009
830010
830011
830012
830013
830014
830015
830016
830017
830018
830019
830020
830021
830022
830023
830024
830025
830026
830027
830028
830029
830030
830031
830032
830033
830034
830035
830036
830037
830038
830039
830040
830041
830042
830043
830044
830045
830046
830047
830051
830056
830062
830224
830225
830228
830229
830231
830233
830234
830235
830239
830241
830242
830243
830244
830245
830246
830247
830248
830249
830250
830251
830252
830253
830254
830255
830256
830257
830258
830259
830260
830261
830262
830263
830264
830265
830266
830267
830268
830269
830270
830271
830272
830273
830274
830275
830276
830277
830278
830279
830280
830282
830284
830288
830289
830292
830295
830475
830481
830484
830485
830493
830494
830500
830502
830504
830505
830506
830514
830515
830521
830523
830525
830526
830527
830535
830541
830545
831646
831647
831648
831659
831660
831661
831662
831663
831664
831665
831666
831667
831668
831669
831670
831671
831672
831673
831674
831675
831676
831677
831678
831679
831680
831681
831682
831683
831684
831685
831686
831688
831689
831690
831691
831692
831693
831694
831698
831708
831709
831755
831756
831759
831760
831761
831764
831765
831766
831770
831771
831772
831776
831777
831782
831783
831788
831789
831790
831929
831930
831931
831932
831933
831934
831935
831936
831937
831938
831939
831940
831941
831942
831943
831944
831945
831946
831947
831948
831950
831951
831952
831953
831955
831956
831957
831958
831960
831961
832304
832305
832308
832309
832310
832311
832313
832314
832315
832319
832320
832321
832323
832325
832326
832330
832331
832332
832335
832337
832338
832339
832683
832684
832688
832689
832694
832695
832696
832701
832703
832704
832705
832706
832707
832708
832709
832710
832711
832712
832713
832714
832715
832716
832717
832718
832719
832720
832721
832722
832723
832724
832725
832726
832727
832728
832729
832730
832731
832732
832733
832734
832735
832736
832737
832738
832739
832740
832741
832742
832746
832751
832757
832919
832920
832923
832924
832926
832928
832929
832930
832934
832936
832937
832938
832939
832940
832941
832942
832943
832944
832945
832946
832947
832948
832949
832950
832951
832952
832953
832954
832955
832956
832957
832958
832959
832960
832961
832962
832963
832964
832965
832966
832967
832968
832969
832970
832971
832972
832973
832974
832975
832977
832979
832983
832984
832987
832990
833170
833176
833179
833180
833188
833189
833195
833197
833199
833200
833201
833209
833210
833216
833218
833220
833221
833222
833230
833236
833240
834341
834342
834343
834354
834355
834356
834357
834358
834359
834360
834361
834362
834363
834364
834365
834366
834367
834368
834369
834370
834371
834372
834373
834374
834375
834376
834377
834378
834379
834380
834381
834383
834384
834385
834386
834387
834388
834389
834393
834403
834404
834450
834451
834454
834455
834456
834459
834460
834461
834465
834466
834467
834471
834472
834477
834478
834483
834484
834485
834624
834625
834626
834627
834628
834629
834630
834631
834632
834633
834634
834635
834636
834637
834638
834639
834640
834641
834642
834643
834645
834646
834647
834648
834650
834651
834652
834653
834655
834656
834999
835000
835003
835004
835005
835006
835008
835009
835010
835014
835015
835016
835018
835020
835021
835025
835026
835027
835030
835032
835033
835034
835378
835379
835383
835384
835389
835390
835391
835396
835398
835399
835400
835401
835402
835403
835404
835405
835406
835407
835408
835409
835410
835411
835412
835413
835414
835415
835416
835417
835418
835419
835420
835421
835422
835423
835424
835425
835426
835427
835428
835429
835430
835431
835432
835433
835434
835435
835436
835437
835441
835446
835452
835614
835615
835618
835619
835621
835623
835624
835625
835629
835631
835632
835633
835634
835635
835636
835637
835638
835639
835640
835641
835642
835643
835644
835645
835646
835647
835648
835649
835650
835651
835652
835653
835654
835655
835656
835657
835658
835659
835660
835661
835662
835663
835664
835665
835666
835667
835668
835669
835670
835672
835674
835678
835679
835682
835685
835865
835871
835874
835875
835883
835884
835890
835892
835894
835895
835896
835904
835905
835911
835913
835915
835916
835917
835925
835931
835935
837036
837037
837038
837049
837050
837051
837052
837053
837054
837055
837056
837057
837058
837059
837060
837061
837062
837063
837064
837065
837066
837067
837068
837069
837070
837071
837072
837073
837074
837075
837076
837078
837079
837080
837081
837082
837083
837084
837088
837098
837099
837145
837146
837149
837150
837151
837154
837155
837156
837160
837161
837162
837166
837167
837172
837173
837178
837179
837180
837319
837320
837321
837322
837323
837324
837325
837326
837327
837328
837329
837330
837331
837332
837333
837334
837335
837336
837337
837338
837340
837341
837342
837343
837345
837346
837347
837348
837350
837351
837694
837695
837698
837699
837700
837701
837703
837704
837705
837709
837710
837711
837713
837715
837716
837720
837721
837722
837725
837727
837728
837729
838073
838074
838078
838079
838084
838085
838086
838091
838093
838094
838095
838096
838097
838098
838099
838100
838101
838102
838103
838104
838105
838106
838107
838108
838109
838110
838111
838112
838113
838114
838115
838116
838117
838118
838119
838120
838121
838122
838123
838124
838125
838126
838127
838128
838129
838130
838131
838132
838136
838141
838147
838309
838310
838313
838314
838316
838318
838319
838320
838324
838326
838327
838328
838329
838330
838331
838332
838333
838334
838335
838336
838337
838338
838339
838340
838341
838342
838343
838344
838345
838346
838347
838348
838349
838350
838351
838352
838353
838354
838355
838356
838357
838358
838359
838360
838361
838362
838363
838364
838365
838367
838369
838373
838374
838377
838380
838560
838566
838569
838570
838578
838579
838585
838587
838589
838590
838591
838599
838600
838606
838608
838610
838611
838612
838620
838626
838630
839731
839732
839733
839744
839745
839746
839747
839748
839749
839750
839751
839752
839753
839754
839755
839756
839757
839758
839759
839760
839761
839762
839763
839764
839765
839766
839767
839768
839769
839770
839771
839773
839774
839775
839776
839777
839778
839779
839783
839793
839794
839840
839841
839844
839845
839846
839849
839850
839851
839855
839856
839857
839861
839862
839867
839868
839873
839874
839875
840014
840015
840016
840017
840018
840019
840020
840021
840022
840023
840024
840025
840026
840027
840028
840029
840030
840031
840032
840033
840035
840036
840037
840038
840040
840041
840042
840043
840045
840046
840389
840390
840393
840394
840395
840396
840398
840399
840400
840404
840405
840406
840408
840410
840411
840415
840416
840417
840420
840422
840423
840424
840768
840769
840773
840774
840779
840780
840781
840786
840788
840789
840790
840791
840792
840793
840794
840795
840796
840797
840798
840799
840800
840801
840802
840803
840804
840805
840806
840807
840808
840809
840810
840811
840812
840813
840814
840815
840816
840817
840818
840819
840820
840821
840822
840823
840824
840825
840826
840827
840831
840836
840842
841004
841005
841008
841009
841011
841013
841014
841015
841019
841021
841022
841023
841024
841025
841026
841027
841028
841029
841030
841031
841032
841033
841034
841035
841036
841037
841038
841039
841040
841041
841042
841043
841044
841045
841046
841047
841048
841049
841050
841051
841052
841053
841054
841055
841056
841057
841058
841059
841060
841062
841064
841068
841069
841072
841075
841255
841261
841264
841265
841273
841274
841280
841282
841284
841285
841286
841294
841295
841301
841303
841305
841306
841307
841315
841321
841325
842426
842427
842428
842439
842440
842441
842442
842443
842444
842445
842446
842447
842448
842449
842450
842451
842452
842453
842454
842455
842456
842457
842458
842459
842460
842461
842462
842463
842464
842465
842466
842468
842469
842470
842471
842472
842473
842474
842478
842488
842489
842535
842536
842539
842540
842541
842544
842545
842546
842550
842551
842552
842556
842557
842562
842563
842568
842569
842570
842709
842710
842711
842712
842713
842714
842715
842716
842717
842718
842719
842720
842721
842722
842723
842724
842725
842726
842727
842728
842730
842731
842732
842733
842735
842736
842737
842738
842740
842741
843084
843085
843088
843089
843090
843091
843093
843094
843095
843099
843100
843101
843103
843105
843106
843110
843111
843112
843115
843117
843118
843119
843463
843464
843468
843469
843474
843475
843476
843481
843483
843484
843485
843486
843487
843488
843489
843490
843491
843492
843493
843494
843495
843496
843497
843498
843499
843500
843501
843502
843503
843504
843505
843506
843507
843508
843509
843510
843511
843512
843513
843514
843515
843516
843517
843518
843519
843520
843521
843522
843526
843531
843537
843699
843700
843703
843704
843706
843708
843709
843710
843714
843716
843717
843718
843719
843720
843721
843722
843723
843724
843725
843726
843727
843728
843729
843730
843731
843732
843733
843734
843735
843736
843737
843738
843739
843740
843741
843742
843743
843744
843745
843746
843747
843748
843749
843750
843751
843752
843753
843754
843755
843757
843759
843763
843764
843767
843770
843950
843956
843959
843960
843968
843969
843975
843977
843979
843980
843981
843989
843990
843996
843998
844000
844001
844002
844010
844016
844020
845121
845122
845123
845134
845135
845136
845137
845138
845139
845140
845141
845142
845143
845144
845145
845146
845147
845148
845149
845150
845151
845152
845153
845154
845155
845156
845157
845158
845159
845160
845161
845163
845164
845165
845166
845167
845168
845169
845173
845183
845184
845230
845231
845234
845235
845236
845239
845240
845241
845245
845246
845247
845251
845252
845257
845258
845263
845264
845265
845404
845405
845406
845407
845408
845409
845410
845411
845412
845413
845414
845415
845416
845417
845418
845419
845420
845421
845422
845423
845425
845426
845427
845428
845430
845431
845432
845433
845435
845436
845779
845780
845783
845784
845785
845786
845788
845789
845790
845794
845795
845796
845798
845800
845801
845805
845806
845807
845810
845812
845813
845814
846158
846159
846163
846164
846169
846170
846171
846176
846178
846179
846180
846181
846182
846183
846184
846185
846186
846187
846188
846189
846190
846191
846192
846193
846194
846195
846196
846197
846198
846199
846200
846201
846202
846203
846204
846205
846206
846207
846208
846209
846210
846211
846212
846213
846214
846215
846216
846217
846221
846226
846232
846394
846395
846398
846399
846401
846403
846404
846405
846409
846411
846412
846413
846414
846415
846416
846417
846418
846419
846420
846421
846422
846423
846424
846425
846426
846427
846428
846429
846430
846431
846432
846433
846434
846435
846436
846437
846438
846439
846440
846441
846442
846443
846444
846445
846446
846447
846448
846449
846450
846452
846454
846458
846459
846462
846465
846645
846651
846654
846655
846663
846664
846670
846672
846674
846675
846676
846684
846685
846691
846693
846695
846696
846697
846705
846711
846715
847816
847817
847818
847829
847830
847831
847832
847833
847834
847835
847836
847837
847838
847839
847840
847841
847842
847843
847844
847845
847846
847847
847848
847849
847850
847851
847852
847853
847854
847855
847856
847858
847859
847860
847861
847862
847863
847864
847868
847878
847879
847925
847926
847929
847930
847931
847934
847935
847936
847940
847941
847942
847946
847947
847952
847953
847958
847959
847960
848099
848100
848101
848102
848103
848104
848105
848106
848107
848108
848109
848110
848111
848112
848113
848114
848115
848116
848117
848118
848120
848121
848122
848123
848125
848126
848127
848128
848130
848131
848474
848475
848478
848479
848480
848481
848483
848484
848485
848489
848490
848491
848493
848495
848496
848500
848501
848502
848505
848507
848508
848509
848853
848854
848858
848859
848864
848865
848866
848871
848873
848874
848875
848876
848877
848878
848879
848880
848881
848882
848883
848884
848885
848886
848887
848888
848889
848890
848891
848892
848893
848894
848895
848896
848897
848898
848899
848900
848901
848902
848903
848904
848905
848906
848907
848908
848909
848910
848911
848912
848916
848921
848927
849089
849090
849093
849094
849096
849098
849099
849100
849104
849106
849107
849108
849109
849110
849111
849112
849113
849114
849115
849116
849117
849118
849119
849120
849121
849122
849123
849124
849125
849126
849127
849128
849129
849130
849131
849132
849133
849134
849135
849136
849137
849138
849139
849140
849141
849142
849143
849144
849145
849147
849149
849153
849154
849157
849160
849340
849346
849349
849350
849358
849359
849365
849367
849369
849370
849371
849379
849380
849386
849388
849390
849391
849392
849400
849406
849410
850511
850512
850513
850524
850525
850526
850527
850528
850529
850530
850531
850532
850533
850534
850535
850536
850537
850538
850539
850540
850541
850542
850543
850544
850545
850546
850547
850548
850549
850550
850551
850553
850554
850555
850556
850557
850558
850559
850563
850573
850574
850620
850621
850624
850625
850626
850629
850630
850631
850635
850636
850637
850641
850642
850647
850648
850653
850654
850655
850794
850795
850796
850797
850798
850799
850800
850801
850802
850803
850804
850805
850806
850807
850808
850809
850810
850811
850812
850813
850815
850816
850817
850818
850820
850821
850822
850823
850825
850826
851169
851170
851173
851174
851175
851176
851178
851179
851180
851184
851185
851186
851188
851190
851191
851195
851196
851197
851200
851202
851203
851204
851548
851549
851553
851554
851559
851560
851561
851566
851568
851569
851570
851571
851572
851573
851574
851575
851576
851577
851578
851579
851580
851581
851582
851583
851584
851585
851586
851587
851588
851589
851590
851591
851592
851593
851594
851595
851596
851597
851598
851599
851600
851601
851602
851603
851604
851605
851606
851607
851611
851616
851622
851784
851785
851788
851789
851791
851793
851794
851795
851799
851801
851802
851803
851804
851805
851806
851807
851808
851809
851810
851811
851812
851813
851814
851815
851816
851817
851818
851819
851820
851821
851822
851823
851824
851825
851826
851827
851828
851829
851830
851831
851832
851833
851834
851835
851836
851837
851838
851839
851840
851842
851844
851848
851849
851852
851855
852035
852041
852044
852045
852053
852054
852060
852062
852064
852065
852066
852074
852075
852081
852083
852085
852086
852087
852095
852101
852105
853206
853207
853208
853219
853220
853221
853222
853223
853224
853225
853226
853227
853228
853229
853230
853231
853232
853233
853234
853235
853236
853237
853238
853239
853240
853241
853242
853243
853244
853245
853246
853248
853249
853250
853251
853252
853253
853254
853258
853268
853269
853315
853316
853319
853320
853321
853324
853325
853326
853330
853331
853332
853336
853337
853342
853343
853348
853349
853350
853489
853490
853491
853492
853493
853494
853495
853496
853497
853498
853499
853500
853501
853502
853503
853504
853505
853506
853507
853508
853510
853511
853512
853513
853515
853516
853517
853518
853520
853521
853864
853865
853868
853869
853870
853871
853873
853874
853875
853879
853880
853881
853883
853885
853886
853890
853891
853892
853895
853897
853898
853899
854243
854244
854248
854249
854254
854255
854256
854261
854263
854264
854265
854266
854267
854268
854269
854270
854271
854272
854273
854274
854275
854276
854277
854278
854279
854280
854281
854282
854283
854284
854285
854286
854287
854288
854289
854290
854291
854292
854293
854294
854295
854296
854297
854298
854299
854300
854301
854302
854306
854311
854317
854479
854480
854483
854484
854486
854488
854489
854490
854494
854496
854497
854498
854499
854500
854501
854502
854503
854504
854505
854506
854507
854508
854509
854510
854511
854512
854513
854514
854515
854516
854517
854518
854519
854520
854521
854522
854523
854524
854525
854526
854527
854528
854529
854530
854531
854532
854533
854534
854535
854537
854539
854543
854544
854547
854550
854730
854736
854739
854740
854748
854749
854755
854757
854759
854760
854761
854769
854770
854776
854778
854780
854781
854782
854790
854796
854800
855901
855902
855903
855914
855915
855916
855917
855918
855919
855920
855921
855922
855923
855924
855925
855926
855927
855928
855929
855930
855931
855932
855933
855934
855935
855936
855937
855938
855939
855940
855941
855943
855944
855945
855946
855947
855948
855949
855953
855963
855964
856010
856011
856014
856015
856016
856019
856020
856021
856025
856026
856027
856031
856032
856037
856038
856043
856044
856045
856184
856185
856186
856187
856188
856189
856190
856191
856192
856193
856194
856195
856196
856197
856198
856199
856200
856201
856202
856203
856205
856206
856207
856208
856210
856211
856212
856213
856215
856216
856559
856560
856563
856564
856565
856566
856568
856569
856570
856574
856575
856576
856578
856580
856581
856585
856586
856587
856590
856592
856593
856594
856938
856939
856943
856944
856949
856950
856951
856956
856958
856959
856960
856961
856962
856963
856964
856965
856966
856967
856968
856969
856970
856971
856972
856973
856974
856975
856976
856977
856978
856979
856980
856981
856982
856983
856984
856985
856986
856987
856988
856989
856990
856991
856992
856993
856994
856995
856996
856997
857001
857006
857012
857174
857175
857178
857179
857181
857183
857184
857185
857189
857191
857192
857193
857194
857195
857196
857197
857198
857199
857200
857201
857202
857203
857204
857205
857206
857207
857208
857209
857210
857211
857212
857213
857214
857215
857216
857217
857218
857219
857220
857221
857222
857223
857224
857225
857226
857227
857228
857229
857230
857232
857234
857238
857239
857242
857245
857425
857431
857434
857435
857443
857444
857450
857452
857454
857455
857456
857464
857465
857471
857473
857475
857476
857477
857485
857491
857495
858596
858597
858598
858609
858610
858611
858612
858613
858614
858615
858616
858617
858618
858619
858620
858621
858622
858623
858624
858625
858626
858627
858628
858629
858630
858631
858632
858633
858634
858635
858636
858638
858639
858640
858641
858642
858643
858644
858648
858658
858659
858705
858706
858709
858710
858711
858714
858715
858716
858720
858721
858722
858726
858727
858732
858733
858738
858739
858740
858879
858880
858881
858882
858883
858884
858885
858886
858887
858888
858889
858890
858891
858892
858893
858894
858895
858896
858897
858898
858900
858901
858902
858903
858905
858906
858907
858908
858910
858911
859254
859255
859258
859259
859260
859261
859263
859264
859265
859269
859270
859271
859273
859275
859276
859280
859281
859282
859285
859287
859288
859289
859633
859634
859638
859639
859644
859645
859646
859651
859653
859654
859655
859656
859657
859658
859659
859660
859661
859662
859663
859664
859665
859666
859667
859668
859669
859670
859671
859672
859673
859674
859675
859676
859677
859678
859679
859680
859681
859682
859683
859684
859685
859686
859687
859688
859689
859690
859691
859692
859696
859701
859707
859869
859870
859873
859874
859876
859878
859879
859880
859884
859886
859887
859888
859889
859890
859891
859892
859893
859894
859895
859896
859897
859898
859899
859900
859901
859902
859903
859904
859905
859906
859907
859908
859909
859910
859911
859912
859913
859914
859915
859916
859917
859918
859919
859920
859921
859922
859923
859924
859925
859927
859929
859933
859934
859937
859940
860120
860126
860129
860130
860138
860139
860145
860147
860149
860150
860151
860159
860160
860166
860168
860170
860171
860172
860180
860186
860190
861291
861292
861293
861304
861305
861306
861307
861308
861309
861310
861311
861312
861313
861314
861315
861316
861317
861318
861319
861320
861321
861322
861323
861324
861325
861326
861327
861328
861329
861330
861331
861333
861334
861335
861336
861337
861338
861339
861343
861353
861354
861400
861401
861404
861405
861406
861409
861410
861411
861415
861416
861417
861421
861422
861427
861428
861433
861434
861435
861574
861575
861576
861577
861578
861579
861580
861581
861582
861583
861584
861585
861586
861587
861588
861589
861590
861591
861592
861593
861595
861596
861597
861598
861600
861601
861602
861603
861605
861606
861949
861950
861953
861954
861955
861956
861958
861959
861960
861964
861965
861966
861968
861970
861971
861975
861976
861977
861980
861982
861983
861984
862328
862329
862333
862334
862339
862340
862341
862346
862348
862349
862350
862351
862352
862353
862354
862355
862356
862357
862358
862359
862360
862361
862362
862363
862364
862365
862366
862367
862368
862369
862370
862371
862372
862373
862374
862375
862376
862377
862378
862379
862380
862381
862382
862383
862384
862385
862386
862387
862391
862396
862402
862564
862565
862568
862569
862571
862573
862574
862575
862579
862581
862582
862583
862584
862585
862586
862587
862588
862589
862590
862591
862592
862593
862594
862595
862596
862597
862598
862599
862600
862601
862602
862603
862604
862605
862606
862607
862608
862609
862610
862611
862612
862613
862614
862615
862616
862617
862618
862619
862620
862622
862624
862628
862629
862632
862635
862815
862821
862824
862825
862833
862834
862840
862842
862844
862845
862846
862854
862855
862861
862863
862865
862866
862867
862875
862881
862885
863986
863987
863988
863999
864000
864001
864002
864003
864004
864005
864006
864007
864008
864009
864010
864011
864012
864013
864014
864015
864016
864017
864018
864019
864020
864021
864022
864023
864024
864025
864026
864028
864029
864030
864031
864032
864033
864034
864038
864048
864049
864095
864096
864099
864100
864101
864104
864105
864106
864110
864111
864112
864116
864117
864122
864123
864128
864129
864130
864269
864270
864271
864272
864273
864274
864275
864276
864277
864278
864279
864280
864281
864282
864283
864284
864285
864286
864287
864288
864290
864291
864292
864293
864295
864296
864297
864298
864300
864301
864644
864645
864648
864649
864650
864651
864653
864654
864655
864659
864660
864661
864663
864665
864666
864670
864671
864672
864675
864677
864678
864679
865023
865024
865028
865029
865034
865035
865036
865041
865043
865044
865045
865046
865047
865048
865049
865050
865051
865052
865053
865054
865055
865056
865057
865058
865059
865060
865061
865062
865063
865064
865065
865066
865067
865068
865069
865070
865071
865072
865073
865074
865075
865076
865077
865078
865079
865080
865081
865082
865086
865091
865097
865259
865260
865263
865264
865266
865268
865269
865270
865274
865276
865277
865278
865279
865280
865281
865282
865283
865284
865285
865286
865287
865288
865289
865290
865291
865292
865293
865294
865295
865296
865297
865298
865299
865300
865301
865302
865303
865304
865305
865306
865307
865308
865309
865310
865311
865312
865313
865314
865315
865317
865319
865323
865324
865327
865330
865510
865516
865519
865520
865528
865529
865535
865537
865539
865540
865541
865549
865550
865556
865558
865560
865561
865562
865570
865576
865580
866681
866682
866683
866694
866695
866696
866697
866698
866699
866700
866701
866702
866703
866704
866705
866706
866707
866708
866709
866710
866711
866712
866713
866714
866715
866716
866717
866718
866719
866720
866721
866723
866724
866725
866726
866727
866728
866729
866733
866743
866744
866790
866791
866794
866795
866796
866799
866800
866801
866805
866806
866807
866811
866812
866817
866818
866823
866824
866825
866964
866965
866966
866967
866968
866969
866970
866971
866972
866973
866974
866975
866976
866977
866978
866979
866980
866981
866982
866983
866985
866986
866987
866988
866990
866991
866992
866993
866995
866996
867339
867340
867343
867344
867345
867346
867348
867349
867350
867354
867355
867356
867358
867360
867361
867365
867366
867367
867370
867372
867373
867374
867718
867719
867723
867724
867729
867730
867731
867736
867738
867739
867740
867741
867742
867743
867744
867745
867746
867747
867748
867749
867750
867751
867752
867753
867754
867755
867756
867757
867758
867759
867760
867761
867762
867763
867764
867765
867766
867767
867768
867769
867770
867771
867772
867773
867774
867775
867776
867777
867781
867786
867792
867954
867955
867958
867959
867961
867963
867964
867965
867969
867971
867972
867973
867974
867975
867976
867977
867978
867979
867980
867981
867982
867983
867984
867985
867986
867987
867988
867989
867990
867991
867992
867993
867994
867995
867996
867997
867998
867999
868000
868001
868002
868003
868004
868005
868006
868007
868008
868009
868010
868012
868014
868018
868019
868022
868025
868205
868211
868214
868215
868223
868224
868230
868232
868234
868235
868236
868244
868245
868251
868253
868255
868256
868257
868265
868271
868275
869376
869377
869378
869389
869390
869391
869392
869393
869394
869395
869396
869397
869398
869399
869400
869401
869402
869403
869404
869405
869406
869407
869408
869409
869410
869411
869412
869413
869414
869415
869416
869418
869419
869420
869421
869422
869423
869424
869428
869438
869439
869485
869486
869489
869490
869491
869494
869495
869496
869500
869501
869502
869506
869507
869512
869513
869518
869519
869520
869659
869660
869661
869662
869663
869664
869665
869666
869667
869668
869669
869670
869671
869672
869673
869674
869675
869676
869677
869678
869680
869681
869682
869683
869685
869686
869687
869688
869690
869691
870034
870035
870038
870039
870040
870041
870043
870044
870045
870049
870050
870051
870053
870055
870056
870060
870061
870062
870065
870067
870068
870069
870413
870414
870418
870419
870424
870425
870426
870431
870433
870434
870435
870436
870437
870438
870439
870440
870441
870442
870443
870444
870445
870446
870447
870448
870449
870450
870451
870452
870453
870454
870455
870456
870457
870458
870459
870460
870461
870462
870463
870464
870465
870466
870467
870468
870469
870470
870471
870472
870476
870481
870487
870649
870650
870653
870654
870656
870658
870659
870660
870664
870666
870667
870668
870669
870670
870671
870672
870673
870674
870675
870676
870677
870678
870679
870680
870681
870682
870683
870684
870685
870686
870687
870688
870689
870690
870691
870692
870693
870694
870695
870696
870697
870698
870699
870700
870701
870702
870703
870704
870705
870707
870709
870713
870714
870717
870720
870900
870906
870909
870910
870918
870919
870925
870927
870929
870930
870931
870939
870940
870946
870948
870950
870951
870952
870960
870966
870970
872071
872072
872073
872084
872085
872086
872087
872088
872089
872090
872091
872092
872093
872094
872095
872096
872097
872098
872099
872100
872101
872102
872103
872104
872105
872106
872107
872108
872109
872110
872111
872113
872114
872115
872116
872117
872118
872119
872123
872133
872134
872180
872181
872184
872185
872186
872189
872190
872191
872195
872196
872197
872201
872202
872207
872208
872213
872214
872215
872354
872355
872356
872357
872358
872359
872360
872361
872362
872363
872364
872365
872366
872367
872368
872369
872370
872371
872372
872373
872375
872376
872377
872378
872380
872381
872382
872383
872385
872386
872729
872730
872733
872734
872735
872736
872738
872739
872740
872744
872745
872746
872748
872750
872751
872755
872756
872757
872760
872762
872763
872764
873108
873109
873113
873114
873119
873120
873121
873126
873128
873129
873130
873131
873132
873133
873134
873135
873136
873137
873138
873139
873140
873141
873142
873143
873144
873145
873146
873147
873148
873149
873150
873151
873152
873153
873154
873155
873156
873157
873158
873159
873160
873161
873162
873163
873164
873165
873166
873167
873171
873176
873182
873344
873345
873348
873349
873351
873353
873354
873355
873359
873361
873362
873363
873364
873365
873366
873367
873368
873369
873370
873371
873372
873373
873374
873375
873376
873377
873378
873379
873380
873381
873382
873383
873384
873385
873386
873387
873388
873389
873390
873391
873392
873393
873394
873395
873396
873397
873398
873399
873400
873402
873404
873408
873409
873412
873415
873595
873601
873604
873605
873613
873614
873620
873622
873624
873625
873626
873634
873635
873641
873643
873645
873646
873647
873655
873661
873665
874766
874767
874768
874779
874780
874781
874782
874783
874784
874785
874786
874787
874788
874789
874790
874791
874792
874793
874794
874795
874796
874797
874798
874799
874800
874801
874802
874803
874804
874805
874806
874808
874809
874810
874811
874812
874813
874814
874818
874828
874829
874875
874876
874879
874880
874881
874884
874885
874886
874890
874891
874892
874896
874897
874902
874903
874908
874909
874910
875049
875050
875051
875052
875053
875054
875055
875056
875057
875058
875059
875060
875061
875062
875063
875064
875065
875066
875067
875068
875070
875071
875072
875073
875075
875076
875077
875078
875080
875081
875424
875425
875428
875429
875430
875431
875433
875434
875435
875439
875440
875441
875443
875445
875446
875450
875451
875452
875455
875457
875458
875459
875803
875804
875808
875809
875814
875815
875816
875821
875823
875824
875825
875826
875827
875828
875829
875830
875831
875832
875833
875834
875835
875836
875837
875838
875839
875840
875841
875842
875843
875844
875845
875846
875847
875848
875849
875850
875851
875852
875853
875854
875855
875856
875857
875858
875859
875860
875861
875862
875866
875871
875877
876039
876040
876043
876044
876046
876048
876049
876050
876054
876056
876057
876058
876059
876060
876061
876062
876063
876064
876065
876066
876067
876068
876069
876070
876071
876072
876073
876074
876075
876076
876077
876078
876079
876080
876081
876082
876083
876084
876085
876086
876087
876088
876089
876090
876091
876092
876093
876094
876095
876097
876099
876103
876104
876107
876110
876290
876296
876299
876300
876308
876309
876315
876317
876319
876320
876321
876329
876330
876336
876338
876340
876341
876342
876350
876356
876360
877461
877462
877463
877474
877475
877476
877477
877478
877479
877480
877481
877482
877483
877484
877485
877486
877487
877488
877489
877490
877491
877492
877493
877494
877495
877496
877497
877498
877499
877500
877501
877503
877504
877505
877506
877507
877508
877509
877513
877523
877524
877570
877571
877574
877575
877576
877579
877580
877581
877585
877586
877587
877591
877592
877597
877598
877603
877604
877605
877744
877745
877746
877747
877748
877749
877750
877751
877752
877753
877754
877755
877756
877757
877758
877759
877760
877761
877762
877763
877765
877766
877767
877768
877770
877771
877772
877773
877775
877776
878119
878120
878123
878124
878125
878126
878128
878129
878130
878134
878135
878136
878138
878140
878141
878145
878146
878147
878150
878152
878153
878154
878498
878499
878503
878504
878509
878510
878511
878516
878518
878519
878520
878521
878522
878523
878524
878525
878526
878527
878528
878529
878530
878531
878532
878533
878534
878535
878536
878537
878538
878539
878540
878541
878542
878543
878544
878545
878546
878547
878548
878549
878550
878551
878552
878553
878554
878555
878556
878557
878561
878566
878572
878734
878735
878738
878739
878741
878743
878744
878745
878749
878751
878752
878753
878754
878755
878756
878757
878758
878759
878760
878761
878762
878763
878764
878765
878766
878767
878768
878769
878770
878771
878772
878773
878774
878775
878776
878777
878778
878779
878780
878781
878782
878783
878784
878785
878786
878787
878788
878789
878790
878792
878794
878798
878799
878802
878805
878985
878991
878994
878995
879003
879004
879010
879012
879014
879015
879016
879024
879025
879031
879033
879035
879036
879037
879045
879051
879055
880156
880157
880158
880169
880170
880171
880172
880173
880174
880175
880176
880177
880178
880179
880180
880181
880182
880183
880184
880185
880186
880187
880188
880189
880190
880191
880192
880193
880194
880195
880196
880198
880199
880200
880201
880202
880203
880204
880208
880218
880219
880265
880266
880269
880270
880271
880274
880275
880276
880280
880281
880282
880286
880287
880292
880293
880298
880299
880300
880439
880440
880441
880442
880443
880444
880445
880446
880447
880448
880449
880450
880451
880452
880453
880454
880455
880456
880457
880458
880460
880461
880462
880463
880465
880466
880467
880468
880470
880471
880814
880815
880818
880819
880820
880821
880823
880824
880825
880829
880830
880831
880833
880835
880836
880840
880841
880842
880845
880847
880848
880849
881193
881194
881198
881199
881204
881205
881206
881211
881213
881214
881215
881216
881217
881218
881219
881220
881221
881222
881223
881224
881225
881226
881227
881228
881229
881230
881231
881232
881233
881234
881235
881236
881237
881238
881239
881240
881241
881242
881243
881244
881245
881246
881247
881248
881249
881250
881251
881252
881256
881261
881267
881429
881430
881433
881434
881436
881438
881439
881440
881444
881446
881447
881448
881449
881450
881451
881452
881453
881454
881455
881456
881457
881458
881459
881460
881461
881462
881463
881464
881465
881466
881467
881468
881469
881470
881471
881472
881473
881474
881475
881476
881477
881478
881479
881480
881481
881482
881483
881484
881485
881487
881489
881493
881494
881497
881500
881680
881686
881689
881690
881698
881699
881705
881707
881709
881710
881711
881719
881720
881726
881728
881730
881731
881732
881740
881746
881750
882851
882852
882853
882864
882865
882866
882867
882868
882869
882870
882871
882872
882873
882874
882875
882876
882877
882878
882879
882880
882881
882882
882883
882884
882885
882886
882887
882888
882889
882890
882891
882893
882894
882895
882896
882897
882898
882899
882903
882913
882914
882960
882961
882964
882965
882966
882969
882970
882971
882975
882976
882977
882981
882982
882987
882988
882993
882994
882995
883134
883135
883136
883137
883138
883139
883140
883141
883142
883143
883144
883145
883146
883147
883148
883149
883150
883151
883152
883153
883155
883156
883157
883158
883160
883161
883162
883163
883165
883166
883509
883510
883513
883514
883515
883516
883518
883519
883520
883524
883525
883526
883528
883530
883531
883535
883536
883537
883540
883542
883543
883544
883888
883889
883893
883894
883899
883900
883901
883906
883908
883909
883910
883911
883912
883913
883914
883915
883916
883917
883918
883919
883920
883921
883922
883923
883924
883925
883926
883927
883928
883929
883930
883931
883932
883933
883934
883935
883936
883937
883938
883939
883940
883941
883942
883943
883944
883945
883946
883947
883951
883956
883962
884124
884125
884128
884129
884131
884133
884134
884135
884139
884141
884142
884143
884144
884145
884146
884147
884148
884149
884150
884151
884152
884153
884154
884155
884156
884157
884158
884159
884160
884161
884162
884163
884164
884165
884166
884167
884168
884169
884170
884171
884172
884173
884174
884175
884176
884177
884178
884179
884180
884182
884184
884188
884189
884192
884195
884375
884381
884384
884385
884393
884394
884400
884402
884404
884405
884406
884414
884415
884421
884423
884425
884426
884427
884435
884441
884445
885546
885547
885548
885559
885560
885561
885562
885563
885564
885565
885566
885567
885568
885569
885570
885571
885572
885573
885574
885575
885576
885577
885578
885579
885580
885581
885582
885583
885584
885585
885586
885588
885589
885590
885591
885592
885593
885594
885598
885608
885609
885655
885656
885659
885660
885661
885664
885665
885666
885670
885671
885672
885676
885677
885682
885683
885688
885689
885690
885829
885830
885831
885832
885833
885834
885835
885836
885837
885838
885839
885840
885841
885842
885843
885844
885845
885846
885847
885848
885850
885851
885852
885853
885855
885856
885857
885858
885860
885861
886204
886205
886208
886209
886210
886211
886213
886214
886215
886219
886220
886221
886223
886225
886226
886230
886231
886232
886235
886237
886238
886239
886583
886584
886588
886589
886594
886595
886596
886601
886603
886604
886605
886606
886607
886608
886609
886610
886611
886612
886613
886614
886615
886616
886617
886618
886619
886620
886621
886622
886623
886624
886625
886626
886627
886628
886629
886630
886631
886632
886633
886634
886635
886636
886637
886638
886639
886640
886641
886642
886646
886651
886657
886819
886820
886823
886824
886826
886828
886829
886830
886834
886836
886837
886838
886839
886840
886841
886842
886843
886844
886845
886846
886847
886848
886849
886850
886851
886852
886853
886854
886855
886856
886857
886858
886859
886860
886861
886862
886863
886864
886865
886866
886867
886868
886869
886870
886871
886872
886873
886874
886875
886877
886879
886883
886884
886887
886890
887070
887076
887079
887080
887088
887089
887095
887097
887099
887100
887101
887109
887110
887116
887118
887120
887121
887122
887130
887136
887140
888241
888242
888243
888254
888255
888256
888257
888258
888259
888260
888261
888262
888263
888264
888265
888266
888267
888268
888269
888270
888271
888272
888273
888274
888275
888276
888277
888278
888279
888280
888281
888283
888284
888285
888286
888287
888288
888289
888293
888303
888304
888350
888351
888354
888355
888356
888359
888360
888361
888365
888366
888367
888371
888372
888377
888378
888383
888384
888385
888524
888525
888526
888527
888528
888529
888530
888531
888532
888533
888534
888535
888536
888537
888538
888539
888540
888541
888542
888543
888545
888546
888547
888548
888550
888551
888552
888553
888555
888556
888899
888900
888903
888904
888905
888906
888908
888909
888910
888914
888915
888916
888918
888920
888921
888925
888926
888927
888930
888932
888933
888934
889278
889279
889283
889284
889289
889290
889291
889296
889298
889299
889300
889301
889302
889303
889304
889305
889306
889307
889308
889309
889310
889311
889312
889313
889314
889315
889316
889317
889318
889319
889320
889321
889322
889323
889324
889325
889326
889327
889328
889329
889330
889331
889332
889333
889334
889335
889336
889337
889341
889346
889352
889514
889515
889518
889519
889521
889523
889524
889525
889529
889531
889532
889533
889534
889535
889536
889537
889538
889539
889540
889541
889542
889543
889544
889545
889546
889547
889548
889549
889550
889551
889552
889553
889554
889555
889556
889557
889558
889559
889560
889561
889562
889563
889564
889565
889566
889567
889568
889569
889570
889572
889574
889578
889579
889582
889585
889765
889771
889774
889775
889783
889784
889790
889792
889794
889795
889796
889804
889805
889811
889813
889815
889816
889817
889825
889831
889835
890936
890937
890938
890949
890950
890951
890952
890953
890954
890955
890956
890957
890958
890959
890960
890961
890962
890963
890964
890965
890966
890967
890968
890969
890970
890971
890972
890973
890974
890975
890976
890978
890979
890980
890981
890982
890983
890984
890988
890998
890999
891045
891046
891049
891050
891051
891054
891055
891056
891060
891061
891062
891066
891067
891072
891073
891078
891079
891080
891219
891220
891221
891222
891223
891224
891225
891226
891227
891228
891229
891230
891231
891232
891233
891234
891235
891236
891237
891238
891240
891241
891242
891243
891245
891246
891247
891248
891250
891251
891594
891595
891598
891599
891600
891601
891603
891604
891605
891609
891610
891611
891613
891615
891616
891620
891621
891622
891625
891627
891628
891629
891973
891974
891978
891979
891984
891985
891986
891991
891993
891994
891995
891996
891997
891998
891999
892000
892001
892002
892003
892004
892005
892006
892007
892008
892009
892010
892011
892012
892013
892014
892015
892016
892017
892018
892019
892020
892021
892022
892023
892024
892025
892026
892027
892028
892029
892030
892031
892032
892036
892041
892047
892209
892210
892213
892214
892216
892218
892219
892220
892224
892226
892227
892228
892229
892230
892231
892232
892233
892234
892235
892236
892237
892238
892239
892240
892241
892242
892243
892244
892245
892246
892247
892248
892249
892250
892251
892252
892253
892254
892255
892256
892257
892258
892259
892260
892261
892262
892263
892264
892265
892267
892269
892273
892274
892277
892280
892460
892466
892469
892470
892478
892479
892485
892487
892489
892490
892491
892499
892500
892506
892508
892510
892511
892512
892520
892526
892530
893631
893632
893633
893644
893645
893646
893647
893648
893649
893650
893651
893652
893653
893654
893655
893656
893657
893658
893659
893660
893661
893662
893663
893664
893665
893666
893667
893668
893669
893670
893671
893673
893674
893675
893676
893677
893678
893679
893683
893693
893694
893740
893741
893744
893745
893746
893749
893750
893751
893755
893756
893757
893761
893762
893767
893768
893773
893774
893775
893914
893915
893916
893917
893918
893919
893920
893921
893922
893923
893924
893925
893926
893927
893928
893929
893930
893931
893932
893933
893935
893936
893937
893938
893940
893941
893942
893943
893945
893946
894289
894290
894293
894294
894295
894296
894298
894299
894300
894304
894305
894306
894308
894310
894311
894315
894316
894317
894320
894322
894323
894324
894668
894669
894673
894674
894679
894680
894681
894686
894688
894689
894690
894691
894692
894693
894694
894695
894696
894697
894698
894699
894700
894701
894702
894703
894704
894705
894706
894707
894708
894709
894710
894711
894712
894713
894714
894715
894716
894717
894718
894719
894720
894721
894722
894723
894724
894725
894726
894727
894731
894736
894742
894904
894905
894908
894909
894911
894913
894914
894915
894919
894921
894922
894923
894924
894925
894926
894927
894928
894929
894930
894931
894932
894933
894934
894935
894936
894937
894938
894939
894940
894941
894942
894943
894944
894945
894946
894947
894948
894949
894950
894951
894952
894953
894954
894955
894956
894957
894958
894959
894960
894962
894964
894968
894969
894972
894975
895155
895161
895164
895165
895173
895174
895180
895182
895184
895185
895186
895194
895195
895201
895203
895205
895206
895207
895215
895221
895225
896326
896327
896328
896339
896340
896341
896342
896343
896344
896345
896346
896347
896348
896349
896350
896351
896352
896353
896354
896355
896356
896357
896358
896359
896360
896361
896362
896363
896364
896365
896366
896368
896369
896370
896371
896372
896373
896374
896378
896388
896389
896435
896436
896439
896440
896441
896444
896445
896446
896450
896451
896452
896456
896457
896462
896463
896468
896469
896470
896609
896610
896611
896612
896613
896614
896615
896616
896617
896618
896619
896620
896621
896622
896623
896624
896625
896626
896627
896628
896630
896631
896632
896633
896635
896636
896637
896638
896640
896641
896984
896985
896988
896989
896990
896991
896993
896994
896995
896999
897000
897001
897003
897005
897006
897010
897011
897012
897015
897017
897018
897019
897363
897364
897368
897369
897374
897375
897376
897381
897383
897384
897385
897386
897387
897388
897389
897390
897391
897392
897393
897394
897395
897396
897397
897398
897399
897400
897401
897402
897403
897404
897405
897406
897407
897408
897409
897410
897411
897412
897413
897414
897415
897416
897417
897418
897419
897420
897421
897422
897426
897431
897437
897599
897600
897603
897604
897606
897608
897609
897610
897614
897616
897617
897618
897619
897620
897621
897622
897623
897624
897625
897626
897627
897628
897629
897630
897631
897632
897633
897634
897635
897636
897637
897638
897639
897640
897641
897642
897643
897644
897645
897646
897647
897648
897649
897650
897651
897652
897653
897654
897655
897657
897659
897663
897664
897667
897670
897850
897856
897859
897860
897868
897869
897875
897877
897879
897880
897881
897889
897890
897896
897898
897900
897901
897902
897910
897916
897920
899021
899022
899023
899034
899035
899036
899037
899038
899039
899040
899041
899042
899043
899044
899045
899046
899047
899048
899049
899050
899051
899052
899053
899054
899055
899056
899057
899058
899059
899060
899061
899063
899064
899065
899066
899067
899068
899069
899073
899083
899084
899130
899131
899134
899135
899136
899139
899140
899141
899145
899146
899147
899151
899152
899157
899158
899163
899164
899165
899304
899305
899306
899307
899308
899309
899310
899311
899312
899313
899314
899315
899316
899317
899318
899319
899320
899321
899322
899323
899325
899326
899327
899328
899330
899331
899332
899333
899335
899336
899679
899680
899683
899684
899685
899686
899688
899689
899690
899694
899695
899696
899698
899700
899701
899705
899706
899707
899710
899712
899713
899714
900058
900059
900063
900064
900069
900070
900071
900076
900078
900079
900080
900081
900082
900083
900084
900085
900086
900087
900088
900089
900090
900091
900092
900093
900094
900095
900096
900097
900098
900099
900100
900101
900102
900103
900104
900105
900106
900107
900108
900109
900110
900111
900112
900113
900114
900115
900116
900117
900121
900126
900132
900294
900295
900298
900299
900301
900303
900304
900305
900309
900311
900312
900313
900314
900315
900316
900317
900318
900319
900320
900321
900322
900323
900324
900325
900326
900327
900328
900329
900330
900331
900332
900333
900334
900335
900336
900337
900338
900339
900340
900341
900342
900343
900344
900345
900346
900347
900348
900349
900350
900352
900354
900358
900359
900362
900365
900545
900551
900554
900555
900563
900564
900570
900572
900574
900575
900576
900584
900585
900591
900593
900595
900596
900597
900605
900611
900615
901716
901717
901718
901729
901730
901731
901732
901733
901734
901735
901736
901737
901738
901739
901740
901741
901742
901743
901744
901745
901746
901747
901748
901749
901750
901751
901752
901753
901754
901755
901756
901758
901759
901760
901761
901762
901763
901764
901768
901778
901779
901825
901826
901829
901830
901831
901834
901835
901836
901840
901841
901842
901846
901847
901852
901853
901858
901859
901860
901999
902000
902001
902002
902003
902004
902005
902006
902007
902008
902009
902010
902011
902012
902013
902014
902015
902016
902017
902018
902020
902021
902022
902023
902025
902026
902027
902028
902030
902031
902374
902375
902378
902379
902380
902381
902383
902384
902385
902389
902390
902391
902393
902395
902396
902400
902401
902402
902405
902407
902408
902409
902753
902754
902758
902759
902764
902765
902766
902771
902773
902774
902775
902776
902777
902778
902779
902780
902781
902782
902783
902784
902785
902786
902787
902788
902789
902790
902791
902792
902793
902794
902795
902796
902797
902798
902799
902800
902801
902802
902803
902804
902805
902806
902807
902808
902809
902810
902811
902812
902816
902821
902827
902989
902990
902993
902994
902996
902998
902999
903000
903004
903006
903007
903008
903009
903010
903011
903012
903013
903014
903015
903016
903017
903018
903019
903020
903021
903022
903023
903024
903025
903026
903027
903028
903029
903030
903031
903032
903033
903034
903035
903036
903037
903038
903039
903040
903041
903042
903043
903044
903045
903047
903049
903053
903054
903057
903060
903240
903246
903249
903250
903258
903259
903265
903267
903269
903270
903271
903279
903280
903286
903288
903290
903291
903292
903300
903306
903310
904411
904412
904413
904424
904425
904426
904427
904428
904429
904430
904431
904432
904433
904434
904435
904436
904437
904438
904439
904440
904441
904442
904443
904444
904445
904446
904447
904448
904449
904450
904451
904453
904454
904455
904456
904457
904458
904459
904463
904473
904474
904520
904521
904524
904525
904526
904529
904530
904531
904535
904536
904537
904541
904542
904547
904548
904553
904554
904555
904694
904695
904696
904697
904698
904699
904700
904701
904702
904703
904704
904705
904706
904707
904708
904709
904710
904711
904712
904713
904715
904716
904717
904718
904720
904721
904722
904723
904725
904726
905069
905070
905073
905074
905075
905076
905078
905079
905080
905084
905085
905086
905088
905090
905091
905095
905096
905097
905100
905102
905103
905104
905448
905449
905453
905454
905459
905460
905461
905466
905468
905469
905470
905471
905472
905473
905474
905475
905476
905477
905478
905479
905480
905481
905482
905483
905484
905485
905486
905487
905488
905489
905490
905491
905492
905493
905494
905495
905496
905497
905498
905499
905500
905501
905502
905503
905504
905505
905506
905507
905511
905516
905522
905684
905685
905688
905689
905691
905693
905694
905695
905699
905701
905702
905703
905704
905705
905706
905707
905708
905709
905710
905711
905712
905713
905714
905715
905716
905717
905718
905719
905720
905721
905722
905723
905724
905725
905726
905727
905728
905729
905730
905731
905732
905733
905734
905735
905736
905737
905738
905739
905740
905742
905744
905748
905749
905752
905755
905935
905941
905944
905945
905953
905954
905960
905962
905964
905965
905966
905974
905975
905981
905983
905985
905986
905987
905995
906001
906005
907106
907107
907108
907119
907120
907121
907122
907123
907124
907125
907126
907127
907128
907129
907130
907131
907132
907133
907134
907135
907136
907137
907138
907139
907140
907141
907142
907143
907144
907145
907146
907148
907149
907150
907151
907152
907153
907154
907158
907168
907169
907215
907216
907219
907220
907221
907224
907225
907226
907230
907231
907232
907236
907237
907242
907243
907248
907249
907250
907389
907390
907391
907392
907393
907394
907395
907396
907397
907398
907399
907400
907401
907402
907403
907404
907405
907406
907407
907408
907410
907411
907412
907413
907415
907416
907417
907418
907420
907421
907764
907765
907768
907769
907770
907771
907773
907774
907775
907779
907780
907781
907783
907785
907786
907790
907791
907792
907795
907797
907798
907799
908143
908144
908148
908149
908154
908155
908156
908161
908163
908164
908165
908166
908167
908168
908169
908170
908171
908172
908173
908174
908175
908176
908177
908178
908179
908180
908181
908182
908183
908184
908185
908186
908187
908188
908189
908190
908191
908192
908193
908194
908195
908196
908197
908198
908199
908200
908201
908202
908206
908211
908217
908379
908380
908383
908384
908386
908388
908389
908390
908394
908396
908397
908398
908399
908400
908401
908402
908403
908404
908405
908406
908407
908408
908409
908410
908411
908412
908413
908414
908415
908416
908417
908418
908419
908420
908421
908422
908423
908424
908425
908426
908427
908428
908429
908430
908431
908432
908433
908434
908435
908437
908439
908443
908444
908447
908450
908630
908636
908639
908640
908648
908649
908655
908657
908659
908660
908661
908669
908670
908676
908678
908680
908681
908682
908690
908696
908700
909801
909802
909803
909814
909815
909816
909817
909818
909819
909820
909821
909822
909823
909824
909825
909826
909827
909828
909829
909830
909831
909832
909833
909834
909835
909836
909837
909838
909839
909840
909841
909843
909844
909845
909846
909847
909848
909849
909853
909863
909864
909910
909911
909914
909915
909916
909919
909920
909921
909925
909926
909927
909931
909932
909937
909938
909943
909944
909945
910084
910085
910086
910087
910088
910089
910090
910091
910092
910093
910094
910095
910096
910097
910098
910099
910100
910101
910102
910103
910105
910106
910107
910108
910110
910111
910112
910113
910115
910116
910459
910460
910463
910464
910465
910466
910468
910469
910470
910474
910475
910476
910478
910480
910481
910485
910486
910487
910490
910492
910493
910494
910838
910839
910843
910844
910849
910850
910851
910856
910858
910859
910860
910861
910862
910863
910864
910865
910866
910867
910868
910869
910870
910871
910872
910873
910874
910875
910876
910877
910878
910879
910880
910881
910882
910883
910884
910885
910886
910887
910888
910889
910890
910891
910892
910893
910894
910895
910896
910897
910901
910906
910912
911074
911075
911078
911079
911081
911083
911084
911085
911089
911091
911092
911093
911094
911095
911096
911097
911098
911099
911100
911101
911102
911103
911104
911105
911106
911107
911108
911109
911110
911111
911112
911113
911114
911115
911116
911117
911118
911119
911120
911121
911122
911123
911124
911125
911126
911127
911128
911129
911130
911132
911134
911138
911139
911142
911145
911325
911331
911334
911335
911343
911344
911350
911352
911354
911355
911356
911364
911365
911371
911373
911375
911376
911377
911385
911391
911395
912496
912497
912498
912509
912510
912511
912512
912513
912514
912515
912516
912517
912518
912519
912520
912521
912522
912523
912524
912525
912526
912527
912528
912529
912530
912531
912532
912533
912534
912535
912536
912538
912539
912540
912541
912542
912543
912544
912548
912558
912559
912605
912606
912609
912610
912611
912614
912615
912616
912620
912621
912622
912626
912627
912632
912633
912638
912639
912640
912779
912780
912781
912782
912783
912784
912785
912786
912787
912788
912789
912790
912791
912792
912793
912794
912795
912796
912797
912798
912800
912801
912802
912803
912805
912806
912807
912808
912810
912811
913154
913155
913158
913159
913160
913161
913163
913164
913165
913169
913170
913171
913173
913175
913176
913180
913181
913182
913185
913187
913188
913189
913533
913534
913538
913539
913544
913545
913546
913551
913553
913554
913555
913556
913557
913558
913559
913560
913561
913562
913563
913564
913565
913566
913567
913568
913569
913570
913571
913572
913573
913574
913575
913576
913577
913578
913579
913580
913581
913582
913583
913584
913585
913586
913587
913588
913589
913590
913591
913592
913596
913601
913607
913769
913770
913773
913774
913776
913778
913779
913780
913784
913786
913787
913788
913789
913790
913791
913792
913793
913794
913795
913796
913797
913798
913799
913800
913801
913802
913803
913804
913805
913806
913807
913808
913809
913810
913811
913812
913813
913814
913815
913816
913817
913818
913819
913820
913821
913822
913823
913824
913825
913827
913829
913833
913834
913837
913840
914020
914026
914029
914030
914038
914039
914045
914047
914049
914050
914051
914059
914060
914066
914068
914070
914071
914072
914080
914086
914090
915191
915192
915193
915204
915205
915206
915207
915208
915209
915210
915211
915212
915213
915214
915215
915216
915217
915218
915219
915220
915221
915222
915223
915224
915225
915226
915227
915228
915229
915230
915231
915233
915234
915235
915236
915237
915238
915239
915243
915253
915254
915300
915301
915304
915305
915306
915309
915310
915311
915315
915316
915317
915321
915322
915327
915328
915333
915334
915335
915474
915475
915476
915477
915478
915479
915480
915481
915482
915483
915484
915485
915486
915487
915488
915489
915490
915491
915492
915493
915495
915496
915497
915498
915500
915501
915502
915503
915505
915506
915849
915850
915853
915854
915855
915856
915858
915859
915860
915864
915865
915866
915868
915870
915871
915875
915876
915877
915880
915882
915883
915884
916228
916229
916233
916234
916239
916240
916241
916246
916248
916249
916250
916251
916252
916253
916254
916255
916256
916257
916258
916259
916260
916261
916262
916263
916264
916265
916266
916267
916268
916269
916270
916271
916272
916273
916274
916275
916276
916277
916278
916279
916280
916281
916282
916283
916284
916285
916286
916287
916291
916296
916302
916464
916465
916468
916469
916471
916473
916474
916475
916479
916481
916482
916483
916484
916485
916486
916487
916488
916489
916490
916491
916492
916493
916494
916495
916496
916497
916498
916499
916500
916501
916502
916503
916504
916505
916506
916507
916508
916509
916510
916511
916512
916513
916514
916515
916516
916517
916518
916519
916520
916522
916524
916528
916529
916532
916535
916715
916721
916724
916725
916733
916734
916740
916742
916744
916745
916746
916754
916755
916761
916763
916765
916766
916767
916775
916781
916785
917886
917887
917888
917899
917900
917901
917902
917903
917904
917905
917906
917907
917908
917909
917910
917911
917912
917913
917914
917915
917916
917917
917918
917919
917920
917921
917922
917923
917924
917925
917926
917928
917929
917930
917931
917932
917933
917934
917938
917948
917949
917995
917996
917999
918000
918001
918004
918005
918006
918010
918011
918012
918016
918017
918022
918023
918028
918029
918030
918169
918170
918171
918172
918173
918174
918175
918176
918177
918178
918179
918180
918181
918182
918183
918184
918185
918186
918187
918188
918190
918191
918192
918193
918195
918196
918197
918198
918200
918201
918544
918545
918548
918549
918550
918551
918553
918554
918555
918559
918560
918561
918563
918565
918566
918570
918571
918572
918575
918577
918578
918579
918923
918924
918928
918929
918934
918935
918936
918941
918943
918944
918945
918946
918947
918948
918949
918950
918951
918952
918953
918954
918955
918956
918957
918958
918959
918960
918961
918962
918963
918964
918965
918966
918967
918968
918969
918970
918971
918972
918973
918974
918975
918976
918977
918978
918979
918980
918981
918982
918986
918991
918997
919159
919160
919163
919164
919166
919168
919169
919170
919174
919176
919177
919178
919179
919180
919181
919182
919183
919184
919185
919186
919187
919188
919189
919190
919191
919192
919193
919194
919195
919196
919197
919198
919199
919200
919201
919202
919203
919204
919205
919206
919207
919208
919209
919210
919211
919212
919213
919214
919215
919217
919219
919223
919224
919227
919230
919410
919416
919419
919420
919428
919429
919435
919437
919439
919440
919441
919449
919450
919456
919458
919460
919461
919462
919470
919476
919480
920581
920582
920583
920594
920595
920596
920597
920598
920599
920600
920601
920602
920603
920604
920605
920606
920607
920608
920609
920610
920611
920612
920613
920614
920615
920616
920617
920618
920619
920620
920621
920623
920624
920625
920626
920627
920628
920629
920633
920643
920644
920690
920691
920694
920695
920696
920699
920700
920701
920705
920706
920707
920711
920712
920717
920718
920723
920724
920725
920864
920865
920866
920867
920868
920869
920870
920871
920872
920873
920874
920875
920876
920877
920878
920879
920880
920881
920882
920883
920885
920886
920887
920888
920890
920891
920892
920893
920895
920896
921239
921240
921243
921244
921245
921246
921248
921249
921250
921254
921255
921256
921258
921260
921261
921265
921266
921267
921270
921272
921273
921274
921618
921619
921623
921624
921629
921630
921631
921636
921638
921639
921640
921641
921642
921643
921644
921645
921646
921647
921648
921649
921650
921651
921652
921653
921654
921655
921656
921657
921658
921659
921660
921661
921662
921663
921664
921665
921666
921667
921668
921669
921670
921671
921672
921673
921674
921675
921676
921677
921681
921686
921692
921854
921855
921858
921859
921861
921863
921864
921865
921869
921871
921872
921873
921874
921875
921876
921877
921878
921879
921880
921881
921882
921883
921884
921885
921886
921887
921888
921889
921890
921891
921892
921893
921894
921895
921896
921897
921898
921899
921900
921901
921902
921903
921904
921905
921906
921907
921908
921909
921910
921912
921914
921918
921919
921922
921925
922105
922111
922114
922115
922123
922124
922130
922132
922134
922135
922136
922144
922145
922151
922153
922155
922156
922157
922165
922171
922175
923276
923277
923278
923289
923290
923291
923292
923293
923294
923295
923296
923297
923298
923299
923300
923301
923302
923303
923304
923305
923306
923307
923308
923309
923310
923311
923312
923313
923314
923315
923316
923318
923319
923320
923321
923322
923323
923324
923328
923338
923339
923385
923386
923389
923390
923391
923394
923395
923396
923400
923401
923402
923406
923407
923412
923413
923418
923419
923420
923559
923560
923561
923562
923563
923564
923565
923566
923567
923568
923569
923570
923571
923572
923573
923574
923575
923576
923577
923578
923580
923581
923582
923583
923585
923586
923587
923588
923590
923591
923934
923935
923938
923939
923940
923941
923943
923944
923945
923949
923950
923951
923953
923955
923956
923960
923961
923962
923965
923967
923968
923969
924313
924314
924318
924319
924324
924325
924326
924331
924333
924334
924335
924336
924337
924338
924339
924340
924341
924342
924343
924344
924345
924346
924347
924348
924349
924350
924351
924352
924353
924354
924355
924356
924357
924358
924359
924360
924361
924362
924363
924364
924365
924366
924367
924368
924369
924370
924371
924372
924376
924381
924387
924549
924550
924553
924554
924556
924558
924559
924560
924564
924566
924567
924568
924569
924570
924571
924572
924573
924574
924575
924576
924577
924578
924579
924580
924581
924582
924583
924584
924585
924586
924587
924588
924589
924590
924591
924592
924593
924594
924595
924596
924597
924598
924599
924600
924601
924602
924603
924604
924605
924607
924609
924613
924614
924617
924620
924800
924806
924809
924810
924818
924819
924825
924827
924829
924830
924831
924839
924840
924846
924848
924850
924851
924852
924860
924866
924870
925971
925972
925973
925984
925985
925986
925987
925988
925989
925990
925991
925992
925993
925994
925995
925996
925997
925998
925999
926000
926001
926002
926003
926004
926005
926006
926007
926008
926009
926010
926011
926013
926014
926015
926016
926017
926018
926019
926023
926033
926034
926080
926081
926084
926085
926086
926089
926090
926091
926095
926096
926097
926101
926102
926107
926108
926113
926114
926115
926254
926255
926256
926257
926258
926259
926260
926261
926262
926263
926264
926265
926266
926267
926268
926269
926270
926271
926272
926273
926275
926276
926277
926278
926280
926281
926282
926283
926285
926286
926629
926630
926633
926634
926635
926636
926638
926639
926640
926644
926645
926646
926648
926650
926651
926655
926656
926657
926660
926662
926663
926664
927008
927009
927013
927014
927019
927020
927021
927026
927028
927029
927030
927031
927032
927033
927034
927035
927036
927037
927038
927039
927040
927041
927042
927043
927044
927045
927046
927047
927048
927049
927050
927051
927052
927053
927054
927055
927056
927057
927058
927059
927060
927061
927062
927063
927064
927065
927066
927067
927071
927076
927082
927244
927245
927248
927249
927251
927253
927254
927255
927259
927261
927262
927263
927264
927265
927266
927267
927268
927269
927270
927271
927272
927273
927274
927275
927276
927277
927278
927279
927280
927281
927282
927283
927284
927285
927286
927287
927288
927289
927290
927291
927292
927293
927294
927295
927296
927297
927298
927299
927300
927302
927304
927308
927309
927312
927315
927495
927501
927504
927505
927513
927514
927520
927522
927524
927525
927526
927534
927535
927541
927543
927545
927546
927547
927555
927561
927565
928666
928667
928668
928679
928680
928681
928682
928683
928684
928685
928686
928687
928688
928689
928690
928691
928692
928693
928694
928695
928696
928697
928698
928699
928700
928701
928702
928703
928704
928705
928706
928708
928709
928710
928711
928712
928713
928714
928718
928728
928729
928775
928776
928779
928780
928781
928784
928785
928786
928790
928791
928792
928796
928797
928802
928803
928808
928809
928810
928949
928950
928951
928952
928953
928954
928955
928956
928957
928958
928959
928960
928961
928962
928963
928964
928965
928966
928967
928968
928970
928971
928972
928973
928975
928976
928977
928978
928980
928981
929324
929325
929328
929329
929330
929331
929333
929334
929335
929339
929340
929341
929343
929345
929346
929350
929351
929352
929355
929357
929358
929359
929703
929704
929708
929709
929714
929715
929716
929721
929723
929724
929725
929726
929727
929728
929729
929730
929731
929732
929733
929734
929735
929736
929737
929738
929739
929740
929741
929742
929743
929744
929745
929746
929747
929748
929749
929750
929751
929752
929753
929754
929755
929756
929757
929758
929759
929760
929761
929762
929766
929771
929777
929939
929940
929943
929944
929946
929948
929949
929950
929954
929956
929957
929958
929959
929960
929961
929962
929963
929964
929965
929966
929967
929968
929969
929970
929971
929972
929973
929974
929975
929976
929977
929978
929979
929980
929981
929982
929983
929984
929985
929986
929987
929988
929989
929990
929991
929992
929993
929994
929995
929997
929999
930003
930004
930007
930010
930190
930196
930199
930200
930208
930209
930215
930217
930219
930220
930221
930229
930230
930236
930238
930240
930241
930242
930250
930256
930260
931361
931362
931363
931374
931375
931376
931377
931378
931379
931380
931381
931382
931383
931384
931385
931386
931387
931388
931389
931390
931391
931392
931393
931394
931395
931396
931397
931398
931399
931400
931401
931403
931404
931405
931406
931407
931408
931409
931413
931423
931424
931470
931471
931474
931475
931476
931479
931480
931481
931485
931486
931487
931491
931492
931497
931498
931503
931504
931505
931644
931645
931646
931647
931648
931649
931650
931651
931652
931653
931654
931655
931656
931657
931658
931659
931660
931661
931662
931663
931665
931666
931667
931668
931670
931671
931672
931673
931675
931676
932019
932020
932023
932024
932025
932026
932028
932029
932030
932034
932035
932036
932038
932040
932041
932045
932046
932047
932050
932052
932053
932054
932398
932399
932403
932404
932409
932410
932411
932416
932418
932419
932420
932421
932422
932423
932424
932425
932426
932427
932428
932429
932430
932431
932432
932433
932434
932435
932436
932437
932438
932439
932440
932441
932442
932443
932444
932445
932446
932447
932448
932449
932450
932451
932452
932453
932454
932455
932456
932457
932461
932466
932472
932634
932635
932638
932639
932641
932643
932644
932645
932649
932651
932652
932653
932654
932655
932656
932657
932658
932659
932660
932661
932662
932663
932664
932665
932666
932667
932668
932669
932670
932671
932672
932673
932674
932675
932676
932677
932678
932679
932680
932681
932682
932683
932684
932685
932686
932687
932688
932689
932690
932692
932694
932698
932699
932702
932705
932885
932891
932894
932895
932903
932904
932910
932912
932914
932915
932916
932924
932925
932931
932933
932935
932936
932937
932945
932951
932955
934056
934057
934058
934069
934070
934071
934072
934073
934074
934075
934076
934077
934078
934079
934080
934081
934082
934083
934084
934085
934086
934087
934088
934089
934090
934091
934092
934093
934094
934095
934096
934098
934099
934100
934101
934102
934103
934104
934108
934118
934119
934165
934166
934169
934170
934171
934174
934175
934176
934180
934181
934182
934186
934187
934192
934193
934198
934199
934200
934339
934340
934341
934342
934343
934344
934345
934346
934347
934348
934349
934350
934351
934352
934353
934354
934355
934356
934357
934358
934360
934361
934362
934363
934365
934366
934367
934368
934370
934371
934714
934715
934718
934719
934720
934721
934723
934724
934725
934729
934730
934731
934733
934735
934736
934740
934741
934742
934745
934747
934748
934749
935093
935094
935098
935099
935104
935105
935106
935111
935113
935114
935115
935116
935117
935118
935119
935120
935121
935122
935123
935124
935125
935126
935127
935128
935129
935130
935131
935132
935133
935134
935135
935136
935137
935138
935139
935140
935141
935142
935143
935144
935145
935146
935147
935148
935149
935150
935151
935152
935156
935161
935167
935329
935330
935333
935334
935336
935338
935339
935340
935344
935346
935347
935348
935349
935350
935351
935352
935353
935354
935355
935356
935357
935358
935359
935360
935361
935362
935363
935364
935365
935366
935367
935368
935369
935370
935371
935372
935373
935374
935375
935376
935377
935378
935379
935380
935381
935382
935383
935384
935385
935387
935389
935393
935394
935397
935400
935580
935586
935589
935590
935598
935599
935605
935607
935609
935610
935611
935619
935620
935626
935628
935630
935631
935632
935640
935646
935650
936751
936752
936753
936764
936765
936766
936767
936768
936769
936770
936771
936772
936773
936774
936775
936776
936777
936778
936779
936780
936781
936782
936783
936784
936785
936786
936787
936788
936789
936790
936791
936793
936794
936795
936796
936797
936798
936799
936803
936813
936814
936860
936861
936864
936865
936866
936869
936870
936871
936875
936876
936877
936881
936882
936887
936888
936893
936894
936895
937034
937035
937036
937037
937038
937039
937040
937041
937042
937043
937044
937045
937046
937047
937048
937049
937050
937051
937052
937053
937055
937056
937057
937058
937060
937061
937062
937063
937065
937066
937409
937410
937413
937414
937415
937416
937418
937419
937420
937424
937425
937426
937428
937430
937431
937435
937436
937437
937440
937442
937443
937444
937788
937789
937793
937794
937799
937800
937801
937806
937808
937809
937810
937811
937812
937813
937814
937815
937816
937817
937818
937819
937820
937821
937822
937823
937824
937825
937826
937827
937828
937829
937830
937831
937832
937833
937834
937835
937836
937837
937838
937839
937840
937841
937842
937843
937844
937845
937846
937847
937851
937856
937862
938024
938025
938028
938029
938031
938033
938034
938035
938039
938041
938042
938043
938044
938045
938046
938047
938048
938049
938050
938051
938052
938053
938054
938055
938056
938057
938058
938059
938060
938061
938062
938063
938064
938065
938066
938067
938068
938069
938070
938071
938072
938073
938074
938075
938076
938077
938078
938079
938080
938082
938084
938088
938089
938092
938095
938275
938281
938284
938285
938293
938294
938300
938302
938304
938305
938306
938314
938315
938321
938323
938325
938326
938327
938335
938341
938345
939446
939447
939448
939459
939460
939461
939462
939463
939464
939465
939466
939467
939468
939469
939470
939471
939472
939473
939474
939475
939476
939477
939478
939479
939480
939481
939482
939483
939484
939485
939486
939488
939489
939490
939491
939492
939493
939494
939498
939508
939509
939555
939556
939559
939560
939561
939564
939565
939566
939570
939571
939572
939576
939577
939582
939583
939588
939589
939590
939729
939730
939731
939732
939733
939734
939735
939736
939737
939738
939739
939740
939741
939742
939743
939744
939745
939746
939747
939748
939750
939751
939752
939753
939755
939756
939757
939758
939760
939761
940104
940105
940108
940109
940110
940111
940113
940114
940115
940119
940120
940121
940123
940125
940126
940130
940131
940132
940135
940137
940138
940139
940483
940484
940488
940489
940494
940495
940496
940501
940503
940504
940505
940506
940507
940508
940509
940510
940511
940512
940513
940514
940515
940516
940517
940518
940519
940520
940521
940522
940523
940524
940525
940526
940527
940528
940529
940530
940531
940532
940533
940534
940535
940536
940537
940538
940539
940540
940541
940542
940546
940551
940557
940719
940720
940723
940724
940726
940728
940729
940730
940734
940736
940737
940738
940739
940740
940741
940742
940743
940744
940745
940746
940747
940748
940749
940750
940751
940752
940753
940754
940755
940756
940757
940758
940759
940760
940761
940762
940763
940764
940765
940766
940767
940768
940769
940770
940771
940772
940773
940774
940775
940777
940779
940783
940784
940787
940790
940970
940976
940979
940980
940988
940989
940995
940997
940999
941000
941001
941009
941010
941016
941018
941020
941021
941022
941030
941036
941040
942141
942142
942143
942154
942155
942156
942157
942158
942159
942160
942161
942162
942163
942164
942165
942166
942167
942168
942169
942170
942171
942172
942173
942174
942175
942176
942177
942178
942179
942180
942181
942183
942184
942185
942186
942187
942188
942189
942193
942203
942204
942250
942251
942254
942255
942256
942259
942260
942261
942265
942266
942267
942271
942272
942277
942278
942283
942284
942285
942424
942425
942426
942427
942428
942429
942430
942431
942432
942433
942434
942435
942436
942437
942438
942439
942440
942441
942442
942443
942445
942446
942447
942448
942450
942451
942452
942453
942455
942456
942799
942800
942803
942804
942805
942806
942808
942809
942810
942814
942815
942816
942818
942820
942821
942825
942826
942827
942830
942832
942833
942834
943178
943179
943183
943184
943189
943190
943191
943196
943198
943199
943200
943201
943202
943203
943204
943205
943206
943207
943208
943209
943210
943211
943212
943213
943214
943215
943216
943217
943218
943219
943220
943221
943222
943223
943224
943225
943226
943227
943228
943229
943230
943231
943232
943233
943234
943235
943236
943237
943241
943246
943252
943414
943415
943418
943419
943421
943423
943424
943425
943429
943431
943432
943433
943434
943435
943436
943437
943438
943439
943440
943441
943442
943443
943444
943445
943446
943447
943448
943449
943450
943451
943452
943453
943454
943455
943456
943457
943458
943459
943460
943461
943462
943463
943464
943465
943466
943467
943468
943469
943470
943472
943474
943478
943479
943482
943485
943665
943671
943674
943675
943683
943684
943690
943692
943694
943695
943696
943704
943705
943711
943713
943715
943716
943717
943725
943731
943735
944836
944837
944838
944849
944850
944851
944852
944853
944854
944855
944856
944857
944858
944859
944860
944861
944862
944863
944864
944865
944866
944867
944868
944869
944870
944871
944872
944873
944874
944875
944876
944878
944879
944880
944881
944882
944883
944884
944888
944898
944899
944945
944946
944949
944950
944951
944954
944955
944956
944960
944961
944962
944966
944967
944972
944973
944978
944979
944980
945119
945120
945121
945122
945123
945124
945125
945126
945127
945128
945129
945130
945131
945132
945133
945134
945135
945136
945137
945138
945140
945141
945142
945143
945145
945146
945147
945148
945150
945151
945494
945495
945498
945499
945500
945501
945503
945504
945505
945509
945510
945511
945513
945515
945516
945520
945521
945522
945525
945527
945528
945529
945873
945874
945878
945879
945884
945885
945886
945891
945893
945894
945895
945896
945897
945898
945899
945900
945901
945902
945903
945904
945905
945906
945907
945908
945909
945910
945911
945912
945913
945914
945915
945916
945917
945918
945919
945920
945921
945922
945923
945924
945925
945926
945927
945928
945929
945930
945931
945932
945936
945941
945947
946109
946110
946113
946114
946116
946118
946119
946120
946124
946126
946127
946128
946129
946130
946131
946132
946133
946134
946135
946136
946137
946138
946139
946140
946141
946142
946143
946144
946145
946146
946147
946148
946149
946150
946151
946152
946153
946154
946155
946156
946157
946158
946159
946160
946161
946162
946163
946164
946165
946167
946169
946173
946174
946177
946180
946360
946366
946369
946370
946378
946379
946385
946387
946389
946390
946391
946399
946400
946406
946408
946410
946411
946412
946420
946426
946430
947531
947532
947533
947544
947545
947546
947547
947548
947549
947550
947551
947552
947553
947554
947555
947556
947557
947558
947559
947560
947561
947562
947563
947564
947565
947566
947567
947568
947569
947570
947571
947573
947574
947575
947576
947577
947578
947579
947583
947593
947594
947640
947641
947644
947645
947646
947649
947650
947651
947655
947656
947657
947661
947662
947667
947668
947673
947674
947675
947814
947815
947816
947817
947818
947819
947820
947821
947822
947823
947824
947825
947826
947827
947828
947829
947830
947831
947832
947833
947835
947836
947837
947838
947840
947841
947842
947843
947845
947846
948189
948190
948193
948194
948195
948196
948198
948199
948200
948204
948205
948206
948208
948210
948211
948215
948216
948217
948220
948222
948223
948224
948568
948569
948573
948574
948579
948580
948581
948586
948588
948589
948590
948591
948592
948593
948594
948595
948596
948597
948598
948599
948600
948601
948602
948603
948604
948605
948606
948607
948608
948609
948610
948611
948612
948613
948614
948615
948616
948617
948618
948619
948620
948621
948622
948623
948624
948625
948626
948627
948631
948636
948642
948804
948805
948808
948809
948811
948813
948814
948815
948819
948821
948822
948823
948824
948825
948826
948827
948828
948829
948830
948831
948832
948833
948834
948835
948836
948837
948838
948839
948840
948841
948842
948843
948844
948845
948846
948847
948848
948849
948850
948851
948852
948853
948854
948855
948856
948857
948858
948859
948860
948862
948864
948868
948869
948872
948875
949055
949061
949064
949065
949073
949074
949080
949082
949084
949085
949086
949094
949095
949101
949103
949105
949106
949107
949115
949121
949125
950226
950227
950228
950239
950240
950241
950242
950243
950244
950245
950246
950247
950248
950249
950250
950251
950252
950253
950254
950255
950256
950257
950258
950259
950260
950261
950262
950263
950264
950265
950266
950268
950269
950270
950271
950272
950273
950274
950278
950288
950289
950335
950336
950339
950340
950341
950344
950345
950346
950350
950351
950352
950356
950357
950362
950363
950368
950369
950370
950509
950510
950511
950512
950513
950514
950515
950516
950517
950518
950519
950520
950521
950522
950523
950524
950525
950526
950527
950528
950530
950531
950532
950533
950535
950536
950537
950538
950540
950541
950884
950885
950888
950889
950890
950891
950893
950894
950895
950899
950900
950901
950903
950905
950906
950910
950911
950912
950915
950917
950918
950919
951263
951264
951268
951269
951274
951275
951276
951281
951283
951284
951285
951286
951287
951288
951289
951290
951291
951292
951293
951294
951295
951296
951297
951298
951299
951300
951301
951302
951303
951304
951305
951306
951307
951308
951309
951310
951311
951312
951313
951314
951315
951316
951317
951318
951319
951320
951321
951322
951326
951331
951337
951499
951500
951503
951504
951506
951508
951509
951510
951514
951516
951517
951518
951519
951520
951521
951522
951523
951524
951525
951526
951527
951528
951529
951530
951531
951532
951533
951534
951535
951536
951537
951538
951539
951540
951541
951542
951543
951544
951545
951546
951547
951548
951549
951550
951551
951552
951553
951554
951555
951557
951559
951563
951564
951567
951570
951750
951756
951759
951760
951768
951769
951775
951777
951779
951780
951781
951789
951790
951796
951798
951800
951801
951802
951810
951816
951820
952921
952922
952923
952934
952935
952936
952937
952938
952939
952940
952941
952942
952943
952944
952945
952946
952947
952948
952949
952950
952951
952952
952953
952954
952955
952956
952957
952958
952959
952960
952961
952963
952964
952965
952966
952967
952968
952969
952973
952983
952984
953030
953031
953034
953035
953036
953039
953040
953041
953045
953046
953047
953051
953052
953057
953058
953063
953064
953065
953204
953205
953206
953207
953208
953209
953210
953211
953212
953213
953214
953215
953216
953217
953218
953219
953220
953221
953222
953223
953225
953226
953227
953228
953230
953231
953232
953233
953235
953236
953579
953580
953583
953584
953585
953586
953588
953589
953590
953594
953595
953596
953598
953600
953601
953605
953606
953607
953610
953612
953613
953614
953958
953959
953963
953964
953969
953970
953971
953976
953978
953979
953980
953981
953982
953983
953984
953985
953986
953987
953988
953989
953990
953991
953992
953993
953994
953995
953996
953997
953998
953999
954000
954001
954002
954003
954004
954005
954006
954007
954008
954009
954010
954011
954012
954013
954014
954015
954016
954017
954021
954026
954032
954194
954195
954198
954199
954201
954203
954204
954205
954209
954211
954212
954213
954214
954215
954216
954217
954218
954219
954220
954221
954222
954223
954224
954225
954226
954227
954228
954229
954230
954231
954232
954233
954234
954235
954236
954237
954238
954239
954240
954241
954242
954243
954244
954245
954246
954247
954248
954249
954250
954252
954254
954258
954259
954262
954265
954445
954451
954454
954455
954463
954464
954470
954472
954474
954475
954476
954484
954485
954491
954493
954495
954496
954497
954505
954511
954515
955616
955617
955618
955629
955630
955631
955632
955633
955634
955635
955636
955637
955638
955639
955640
955641
955642
955643
955644
955645
955646
955647
955648
955649
955650
955651
955652
955653
955654
955655
955656
955658
955659
955660
955661
955662
955663
955664
955668
955678
955679
955725
955726
955729
955730
955731
955734
955735
955736
955740
955741
955742
955746
955747
955752
955753
955758
955759
955760
955899
955900
955901
955902
955903
955904
955905
955906
955907
955908
955909
955910
955911
955912
955913
955914
955915
955916
955917
955918
955920
955921
955922
955923
955925
955926
955927
955928
955930
955931
956274
956275
956278
956279
956280
956281
956283
956284
956285
956289
956290
956291
956293
956295
956296
956300
956301
956302
956305
956307
956308
956309
956653
956654
956658
956659
956664
956665
956666
956671
956673
956674
956675
956676
956677
956678
956679
956680
956681
956682
956683
956684
956685
956686
956687
956688
956689
956690
956691
956692
956693
956694
956695
956696
956697
956698
956699
956700
956701
956702
956703
956704
956705
956706
956707
956708
956709
956710
956711
956712
956716
956721
956727
956889
956890
956893
956894
956896
956898
956899
956900
956904
956906
956907
956908
956909
956910
956911
956912
956913
956914
956915
956916
956917
956918
956919
956920
956921
956922
956923
956924
956925
956926
956927
956928
956929
956930
956931
956932
956933
956934
956935
956936
956937
956938
956939
956940
956941
956942
956943
956944
956945
956947
956949
956953
956954
956957
956960
957140
957146
957149
957150
957158
957159
957165
957167
957169
957170
957171
957179
957180
957186
957188
957190
957191
957192
957200
957206
957210
958311
958312
958313
958324
958325
958326
958327
958328
958329
958330
958331
958332
958333
958334
958335
958336
958337
958338
958339
958340
958341
958342
958343
958344
958345
958346
958347
958348
958349
958350
958351
958353
958354
958355
958356
958357
958358
958359
958363
958373
958374
958420
958421
958424
958425
958426
958429
958430
958431
958435
958436
958437
958441
958442
958447
958448
958453
958454
958455
958594
958595
958596
958597
958598
958599
958600
958601
958602
958603
958604
958605
958606
958607
958608
958609
958610
958611
958612
958613
958615
958616
958617
958618
958620
958621
958622
958623
958625
958626
958969
958970
958973
958974
958975
958976
958978
958979
958980
958984
958985
958986
958988
958990
958991
958995
958996
958997
959000
959002
959003
959004
959348
959349
959353
959354
959359
959360
959361
959366
959368
959369
959370
959371
959372
959373
959374
959375
959376
959377
959378
959379
959380
959381
959382
959383
959384
959385
959386
959387
959388
959389
959390
959391
959392
959393
959394
959395
959396
959397
959398
959399
959400
959401
959402
959403
959404
959405
959406
959407
959411
959416
959422
959584
959585
959588
959589
959591
959593
959594
959595
959599
959601
959602
959603
959604
959605
959606
959607
959608
959609
959610
959611
959612
959613
959614
959615
959616
959617
959618
959619
959620
959621
959622
959623
959624
959625
959626
959627
959628
959629
959630
959631
959632
959633
959634
959635
959636
959637
959638
959639
959640
959642
959644
959648
959649
959652
959655
959835
959841
959844
959845
959853
959854
959860
959862
959864
959865
959866
959874
959875
959881
959883
959885
959886
959887
959895
959901
959905
961006
961007
961008
961019
961020
961021
961022
961023
961024
961025
961026
961027
961028
961029
961030
961031
961032
961033
961034
961035
961036
961037
961038
961039
961040
961041
961042
961043
961044
961045
961046
961048
961049
961050
961051
961052
961053
961054
961058
961068
961069
961115
961116
961119
961120
961121
961124
961125
961126
961130
961131
961132
961136
961137
961142
961143
961148
961149
961150
961289
961290
961291
961292
961293
961294
961295
961296
961297
961298
961299
961300
961301
961302
961303
961304
961305
961306
961307
961308
961310
961311
961312
961313
961315
961316
961317
961318
961320
961321
961664
961665
961668
961669
961670
961671
961673
961674
961675
961679
961680
961681
961683
961685
961686
961690
961691
961692
961695
961697
961698
961699
962043
962044
962048
962049
962054
962055
962056
962061
962063
962064
962065
962066
962067
962068
962069
962070
962071
962072
962073
962074
962075
962076
962077
962078
962079
962080
962081
962082
962083
962084
962085
962086
962087
962088
962089
962090
962091
962092
962093
962094
962095
962096
962097
962098
962099
962100
962101
962102
962106
962111
962117
962279
962280
962283
962284
962286
962288
962289
962290
962294
962296
962297
962298
962299
962300
962301
962302
962303
962304
962305
962306
962307
962308
962309
962310
962311
962312
962313
962314
962315
962316
962317
962318
962319
962320
962321
962322
962323
962324
962325
962326
962327
962328
962329
962330
962331
962332
962333
962334
962335
962337
962339
962343
962344
962347
962350
962530
962536
962539
962540
962548
962549
962555
962557
962559
962560
962561
962569
962570
962576
962578
962580
962581
962582
962590
962596
962600
963701
963702
963703
963714
963715
963716
963717
963718
963719
963720
963721
963722
963723
963724
963725
963726
963727
963728
963729
963730
963731
963732
963733
963734
963735
963736
963737
963738
963739
963740
963741
963743
963744
963745
963746
963747
963748
963749
963753
963763
963764
963810
963811
963814
963815
963816
963819
963820
963821
963825
963826
963827
963831
963832
963837
963838
963843
963844
963845
963984
963985
963986
963987
963988
963989
963990
963991
963992
963993
963994
963995
963996
963997
963998
963999
964000
964001
964002
964003
964005
964006
964007
964008
964010
964011
964012
964013
964015
964016
964359
964360
964363
964364
964365
964366
964368
964369
964370
964374
964375
964376
964378
964380
964381
964385
964386
964387
964390
964392
964393
964394
964738
964739
964743
964744
964749
964750
964751
964756
964758
964759
964760
964761
964762
964763
964764
964765
964766
964767
964768
964769
964770
964771
964772
964773
964774
964775
964776
964777
964778
964779
964780
964781
964782
964783
964784
964785
964786
964787
964788
964789
964790
964791
964792
964793
964794
964795
964796
964797
964801
964806
964812
964974
964975
964978
964979
964981
964983
964984
964985
964989
964991
964992
964993
964994
964995
964996
964997
964998
964999
965000
965001
965002
965003
965004
965005
965006
965007
965008
965009
965010
965011
965012
965013
965014
965015
965016
965017
965018
965019
965020
965021
965022
965023
965024
965025
965026
965027
965028
965029
965030
965032
965034
965038
965039
965042
965045
965225
965231
965234
965235
965243
965244
965250
965252
965254
965255
965256
965264
965265
965271
965273
965275
965276
965277
965285
965291
965295
966396
966397
966398
966409
966410
966411
966412
966413
966414
966415
966416
966417
966418
966419
966420
966421
966422
966423
966424
966425
966426
966427
966428
966429
966430
966431
966432
966433
966434
966435
966436
966438
966439
966440
966441
966442
966443
966444
966448
966458
966459
966505
966506
966509
966510
966511
966514
966515
966516
966520
966521
966522
966526
966527
966532
966533
966538
966539
966540
966679
966680
966681
966682
966683
966684
966685
966686
966687
966688
966689
966690
966691
966692
966693
966694
966695
966696
966697
966698
966700
966701
966702
966703
966705
966706
966707
966708
966710
966711
967054
967055
967058
967059
967060
967061
967063
967064
967065
967069
967070
967071
967073
967075
967076
967080
967081
967082
967085
967087
967088
967089
967433
967434
967438
967439
967444
967445
967446
967451
967453
967454
967455
967456
967457
967458
967459
967460
967461
967462
967463
967464
967465
967466
967467
967468
967469
967470
967471
967472
967473
967474
967475
967476
967477
967478
967479
967480
967481
967482
967483
967484
967485
967486
967487
967488
967489
967490
967491
967492
967496
967501
967507
967669
967670
967673
967674
967676
967678
967679
967680
967684
967686
967687
967688
967689
967690
967691
967692
967693
967694
967695
967696
967697
967698
967699
967700
967701
967702
967703
967704
967705
967706
967707
967708
967709
967710
967711
967712
967713
967714
967715
967716
967717
967718
967719
967720
967721
967722
967723
967724
967725
967727
967729
967733
967734
967737
967740
967920
967926
967929
967930
967938
967939
967945
967947
967949
967950
967951
967959
967960
967966
967968
967970
967971
967972
967980
967986
967990
969091
969092
969093
969104
969105
969106
969107
969108
969109
969110
969111
969112
969113
969114
969115
969116
969117
969118
969119
969120
969121
969122
969123
969124
969125
969126
969127
969128
969129
969130
969131
969133
969134
969135
969136
969137
969138
969139
969143
969153
969154
969200
969201
969204
969205
969206
969209
969210
969211
969215
969216
969217
969221
969222
969227
969228
969233
969234
969235
969374
969375
969376
969377
969378
969379
969380
969381
969382
969383
969384
969385
969386
969387
969388
969389
969390
969391
969392
969393
969395
969396
969397
969398
969400
969401
969402
969403
969405
969406
969749
969750
969753
969754
969755
969756
969758
969759
969760
969764
969765
969766
969768
969770
969771
969775
969776
969777
969780
969782
969783
969784
970128
970129
970133
970134
970139
970140
970141
970146
970148
970149
970150
970151
970152
970153
970154
970155
970156
970157
970158
970159
970160
970161
970162
970163
970164
970165
970166
970167
970168
970169
970170
970171
970172
970173
970174
970175
970176
970177
970178
970179
970180
970181
970182
970183
970184
970185
970186
970187
970191
970196
970202
970364
970365
970368
970369
970371
970373
970374
970375
970379
970381
970382
970383
970384
970385
970386
970387
970388
970389
970390
970391
970392
970393
970394
970395
970396
970397
970398
970399
970400
970401
970402
970403
970404
970405
970406
970407
970408
970409
970410
970411
970412
970413
970414
970415
970416
970417
970418
970419
970420
970422
970424
970428
970429
970432
970435
970615
970621
970624
970625
970633
970634
970640
970642
970644
970645
970646
970654
970655
970661
970663
970665
970666
970667
970675
970681
970685
971786
971787
971788
971799
971800
971801
971802
971803
971804
971805
971806
971807
971808
971809
971810
971811
971812
971813
971814
971815
971816
971817
971818
971819
971820
971821
971822
971823
971824
971825
971826
971828
971829
971830
971831
971832
971833
971834
971838
971848
971849
971895
971896
971899
971900
971901
971904
971905
971906
971910
971911
971912
971916
971917
971922
971923
971928
971929
971930
972069
972070
972071
972072
972073
972074
972075
972076
972077
972078
972079
972080
972081
972082
972083
972084
972085
972086
972087
972088
972090
972091
972092
972093
972095
972096
972097
972098
972100
972101
972444
972445
972448
972449
972450
972451
972453
972454
972455
972459
972460
972461
972463
972465
972466
972470
972471
972472
972475
972477
972478
972479
972823
972824
972828
972829
972834
972835
972836
972841
972843
972844
972845
972846
972847
972848
972849
972850
972851
972852
972853
972854
972855
972856
972857
972858
972859
972860
972861
972862
972863
972864
972865
972866
972867
972868
972869
972870
972871
972872
972873
972874
972875
972876
972877
972878
972879
972880
972881
972882
972886
972891
972897
973059
973060
973063
973064
973066
973068
973069
973070
973074
973076
973077
973078
973079
973080
973081
973082
973083
973084
973085
973086
973087
973088
973089
973090
973091
973092
973093
973094
973095
973096
973097
973098
973099
973100
973101
973102
973103
973104
973105
973106
973107
973108
973109
973110
973111
973112
973113
973114
973115
973117
973119
973123
973124
973127
973130
973310
973316
973319
973320
973328
973329
973335
973337
973339
973340
973341
973349
973350
973356
973358
973360
973361
973362
973370
973376
973380
974481
974482
974483
974494
974495
974496
974497
974498
974499
974500
974501
974502
974503
974504
974505
974506
974507
974508
974509
974510
974511
974512
974513
974514
974515
974516
974517
974518
974519
974520
974521
974523
974524
974525
974526
974527
974528
974529
974533
974543
974544
974590
974591
974594
974595
974596
974599
974600
974601
974605
974606
974607
974611
974612
974617
974618
974623
974624
974625
974764
974765
974766
974767
974768
974769
974770
974771
974772
974773
974774
974775
974776
974777
974778
974779
974780
974781
974782
974783
974785
974786
974787
974788
974790
974791
974792
974793
974795
974796
975139
975140
975143
975144
975145
975146
975148
975149
975150
975154
975155
975156
975158
975160
975161
975165
975166
975167
975170
975172
975173
975174
975518
975519
975523
975524
975529
975530
975531
975536
975538
975539
975540
975541
975542
975543
975544
975545
975546
975547
975548
975549
975550
975551
975552
975553
975554
975555
975556
975557
975558
975559
975560
975561
975562
975563
975564
975565
975566
975567
975568
975569
975570
975571
975572
975573
975574
975575
975576
975577
975581
975586
975592
975754
975755
975758
975759
975761
975763
975764
975765
975769
975771
975772
975773
975774
975775
975776
975777
975778
975779
975780
975781
975782
975783
975784
975785
975786
975787
975788
975789
975790
975791
975792
975793
975794
975795
975796
975797
975798
975799
975800
975801
975802
975803
975804
975805
975806
975807
975808
975809
975810
975812
975814
975818
975819
975822
975825
976005
976011
976014
976015
976023
976024
976030
976032
976034
976035
976036
976044
976045
976051
976053
976055
976056
976057
976065
976071
976075
977176
977177
977178
977189
977190
977191
977192
977193
977194
977195
977196
977197
977198
977199
977200
977201
977202
977203
977204
977205
977206
977207
977208
977209
977210
977211
977212
977213
977214
977215
977216
977218
977219
977220
977221
977222
977223
977224
977228
977238
977239
977285
977286
977289
977290
977291
977294
977295
977296
977300
977301
977302
977306
977307
977312
977313
977318
977319
977320
977459
977460
977461
977462
977463
977464
977465
977466
977467
977468
977469
977470
977471
977472
977473
977474
977475
977476
977477
977478
977480
977481
977482
977483
977485
977486
977487
977488
977490
977491
977834
977835
977838
977839
977840
977841
977843
977844
977845
977849
977850
977851
977853
977855
977856
977860
977861
977862
977865
977867
977868
977869
978213
978214
978218
978219
978224
978225
978226
978231
978233
978234
978235
978236
978237
978238
978239
978240
978241
978242
978243
978244
978245
978246
978247
978248
978249
978250
978251
978252
978253
978254
978255
978256
978257
978258
978259
978260
978261
978262
978263
978264
978265
978266
978267
978268
978269
978270
978271
978272
978276
978281
978287
978449
978450
978453
978454
978456
978458
978459
978460
978464
978466
978467
978468
978469
978470
978471
978472
978473
978474
978475
978476
978477
978478
978479
978480
978481
978482
978483
978484
978485
978486
978487
978488
978489
978490
978491
978492
978493
978494
978495
978496
978497
978498
978499
978500
978501
978502
978503
978504
978505
978507
978509
978513
978514
978517
978520
978700
978706
978709
978710
978718
978719
978725
978727
978729
978730
978731
978739
978740
978746
978748
978750
978751
978752
978760
978766
978770
979871
979872
979873
979884
979885
979886
979887
979888
979889
979890
979891
979892
979893
979894
979895
979896
979897
979898
979899
979900
979901
979902
979903
979904
979905
979906
979907
979908
979909
979910
979911
979913
979914
979915
979916
979917
979918
979919
979923
979933
979934
979980
979981
979984
979985
979986
979989
979990
979991
979995
979996
979997
980001
980002
980007
980008
980013
980014
980015
980154
980155
980156
980157
980158
980159
980160
980161
980162
980163
980164
980165
980166
980167
980168
980169
980170
980171
980172
980173
980175
980176
980177
980178
980180
980181
980182
980183
980185
980186
980529
980530
980533
980534
980535
980536
980538
980539
980540
980544
980545
980546
980548
980550
980551
980555
980556
980557
980560
980562
980563
980564
980908
980909
980913
980914
980919
980920
980921
980926
980928
980929
980930
980931
980932
980933
980934
980935
980936
980937
980938
980939
980940
980941
980942
980943
980944
980945
980946
980947
980948
980949
980950
980951
980952
980953
980954
980955
980956
980957
980958
980959
980960
980961
980962
980963
980964
980965
980966
980967
980971
980976
980982
981144
981145
981148
981149
981151
981153
981154
981155
981159
981161
981162
981163
981164
981165
981166
981167
981168
981169
981170
981171
981172
981173
981174
981175
981176
981177
981178
981179
981180
981181
981182
981183
981184
981185
981186
981187
981188
981189
981190
981191
981192
981193
981194
981195
981196
981197
981198
981199
981200
981202
981204
981208
981209
981212
981215
981395
981401
981404
981405
981413
981414
981420
981422
981424
981425
981426
981434
981435
981441
981443
981445
981446
981447
981455
981461
981465
982566
982567
982568
982579
982580
982581
982582
982583
982584
982585
982586
982587
982588
982589
982590
982591
982592
982593
982594
982595
982596
982597
982598
982599
982600
982601
982602
982603
982604
982605
982606
982608
982609
982610
982611
982612
982613
982614
982618
982628
982629
982675
982676
982679
982680
982681
982684
982685
982686
982690
982691
982692
982696
982697
982702
982703
982708
982709
982710
982849
982850
982851
982852
982853
982854
982855
982856
982857
982858
982859
982860
982861
982862
982863
982864
982865
982866
982867
982868
982870
982871
982872
982873
982875
982876
982877
982878
982880
982881
983224
983225
983228
983229
983230
983231
983233
983234
983235
983239
983240
983241
983243
983245
983246
983250
983251
983252
983255
983257
983258
983259
983603
983604
983608
983609
983614
983615
983616
983621
983623
983624
983625
983626
983627
983628
983629
983630
983631
983632
983633
983634
983635
983636
983637
983638
983639
983640
983641
983642
983643
983644
983645
983646
983647
983648
983649
983650
983651
983652
983653
983654
983655
983656
983657
983658
983659
983660
983661
983662
983666
983671
983677
983839
983840
983843
983844
983846
983848
983849
983850
983854
983856
983857
983858
983859
983860
983861
983862
983863
983864
983865
983866
983867
983868
983869
983870
983871
983872
983873
983874
983875
983876
983877
983878
983879
983880
983881
983882
983883
983884
983885
983886
983887
983888
983889
983890
983891
983892
983893
983894
983895
983897
983899
983903
983904
983907
983910
984090
984096
984099
984100
984108
984109
984115
984117
984119
984120
984121
984129
984130
984136
984138
984140
984141
984142
984150
984156
984160
985261
985262
985263
985274
985275
985276
985277
985278
985279
985280
985281
985282
985283
985284
985285
985286
985287
985288
985289
985290
985291
985292
985293
985294
985295
985296
985297
985298
985299
985300
985301
985303
985304
985305
985306
985307
985308
985309
985313
985323
985324
985370
985371
985374
985375
985376
985379
985380
985381
985385
985386
985387
985391
985392
985397
985398
985403
985404
985405
985544
985545
985546
985547
985548
985549
985550
985551
985552
985553
985554
985555
985556
985557
985558
985559
985560
985561
985562
985563
985565
985566
985567
985568
985570
985571
985572
985573
985575
985576
985919
985920
985923
985924
985925
985926
985928
985929
985930
985934
985935
985936
985938
985940
985941
985945
985946
985947
985950
985952
985953
985954
986298
986299
986303
986304
986309
986310
986311
986316
986318
986319
986320
986321
986322
986323
986324
986325
986326
986327
986328
986329
986330
986331
986332
986333
986334
986335
986336
986337
986338
986339
986340
986341
986342
986343
986344
986345
986346
986347
986348
986349
986350
986351
986352
986353
986354
986355
986356
986357
986361
986366
986372
986534
986535
986538
986539
986541
986543
986544
986545
986549
986551
986552
986553
986554
986555
986556
986557
986558
986559
986560
986561
986562
986563
986564
986565
986566
986567
986568
986569
986570
986571
986572
986573
986574
986575
986576
986577
986578
986579
986580
986581
986582
986583
986584
986585
986586
986587
986588
986589
986590
986592
986594
986598
986599
986602
986605
986785
986791
986794
986795
986803
986804
986810
986812
986814
986815
986816
986824
986825
986831
986833
986835
986836
986837
986845
986851
986855
987956
987957
987958
987969
987970
987971
987972
987973
987974
987975
987976
987977
987978
987979
987980
987981
987982
987983
987984
987985
987986
987987
987988
987989
987990
987991
987992
987993
987994
987995
987996
987998
987999
988000
988001
988002
988003
988004
988008
988018
988019
988065
988066
988069
988070
988071
988074
988075
988076
988080
988081
988082
988086
988087
988092
988093
988098
988099
988100
988239
988240
988241
988242
988243
988244
988245
988246
988247
988248
988249
988250
988251
988252
988253
988254
988255
988256
988257
988258
988260
988261
988262
988263
988265
988266
988267
988268
988270
988271
988614
988615
988618
988619
988620
988621
988623
988624
988625
988629
988630
988631
988633
988635
988636
988640
988641
988642
988645
988647
988648
988649
988993
988994
988998
988999
989004
989005
989006
989011
989013
989014
989015
989016
989017
989018
989019
989020
989021
989022
989023
989024
989025
989026
989027
989028
989029
989030
989031
989032
989033
989034
989035
989036
989037
989038
989039
989040
989041
989042
989043
989044
989045
989046
989047
989048
989049
989050
989051
989052
989056
989061
989067
989229
989230
989233
989234
989236
989238
989239
989240
989244
989246
989247
989248
989249
989250
989251
989252
989253
989254
989255
989256
989257
989258
989259
989260
989261
989262
989263
989264
989265
989266
989267
989268
989269
989270
989271
989272
989273
989274
989275
989276
989277
989278
989279
989280
989281
989282
989283
989284
989285
989287
989289
989293
989294
989297
989300
989480
989486
989489
989490
989498
989499
989505
989507
989509
989510
989511
989519
989520
989526
989528
989530
989531
989532
989540
989546
989550
990651
990652
990653
990664
990665
990666
990667
990668
990669
990670
990671
990672
990673
990674
990675
990676
990677
990678
990679
990680
990681
990682
990683
990684
990685
990686
990687
990688
990689
990690
990691
990693
990694
990695
990696
990697
990698
990699
990703
990713
990714
990760
990761
990764
990765
990766
990769
990770
990771
990775
990776
990777
990781
990782
990787
990788
990793
990794
990795
990934
990935
990936
990937
990938
990939
990940
990941
990942
990943
990944
990945
990946
990947
990948
990949
990950
990951
990952
990953
990955
990956
990957
990958
990960
990961
990962
990963
990965
990966
991309
991310
991313
991314
991315
991316
991318
991319
991320
991324
991325
991326
991328
991330
991331
991335
991336
991337
991340
991342
991343
991344
991688
991689
991693
991694
991699
991700
991701
991706
991708
991709
991710
991711
991712
991713
991714
991715
991716
991717
991718
991719
991720
991721
991722
991723
991724
991725
991726
991727
991728
991729
991730
991731
991732
991733
991734
991735
991736
991737
991738
991739
991740
991741
991742
991743
991744
991745
991746
991747
991751
991756
991762
991924
991925
991928
991929
991931
991933
991934
991935
991939
991941
991942
991943
991944
991945
991946
991947
991948
991949
991950
991951
991952
991953
991954
991955
991956
991957
991958
991959
991960
991961
991962
991963
991964
991965
991966
991967
991968
991969
991970
991971
991972
991973
991974
991975
991976
991977
991978
991979
991980
991982
991984
991988
991989
991992
991995
992175
992181
992184
992185
992193
992194
992200
992202
992204
992205
992206
992214
992215
992221
992223
992225
992226
992227
992235
992241
992245
993346
993347
993348
993359
993360
993361
993362
993363
993364
993365
993366
993367
993368
993369
993370
993371
993372
993373
993374
993375
993376
993377
993378
993379
993380
993381
993382
993383
993384
993385
993386
993388
993389
993390
993391
993392
993393
993394
993398
993408
993409
993455
993456
993459
993460
993461
993464
993465
993466
993470
993471
993472
993476
993477
993482
993483
993488
993489
993490
993629
993630
993631
993632
993633
993634
993635
993636
993637
993638
993639
993640
993641
993642
993643
993644
993645
993646
993647
993648
993650
993651
993652
993653
993655
993656
993657
993658
993660
993661
994004
994005
994008
994009
994010
994011
994013
994014
994015
994019
994020
994021
994023
994025
994026
994030
994031
994032
994035
994037
994038
994039
994383
994384
994388
994389
994394
994395
994396
994401
994403
994404
994405
994406
994407
994408
994409
994410
994411
994412
994413
994414
994415
994416
994417
994418
994419
994420
994421
994422
994423
994424
994425
994426
994427
994428
994429
994430
994431
994432
994433
994434
994435
994436
994437
994438
994439
994440
994441
994442
994446
994451
994457
994619
994620
994623
994624
994626
994628
994629
994630
994634
994636
994637
994638
994639
994640
994641
994642
994643
994644
994645
994646
994647
994648
994649
994650
994651
994652
994653
994654
994655
994656
994657
994658
994659
994660
994661
994662
994663
994664
994665
994666
994667
994668
994669
994670
994671
994672
994673
994674
994675
994677
994679
994683
994684
994687
994690
994870
994876
994879
994880
994888
994889
994895
994897
994899
994900
994901
994909
994910
994916
994918
994920
994921
994922
994930
994936
994940
996041
996042
996043
996054
996055
996056
996057
996058
996059
996060
996061
996062
996063
996064
996065
996066
996067
996068
996069
996070
996071
996072
996073
996074
996075
996076
996077
996078
996079
996080
996081
996083
996084
996085
996086
996087
996088
996089
996093
996103
996104
996150
996151
996154
996155
996156
996159
996160
996161
996165
996166
996167
996171
996172
996177
996178
996183
996184
996185
996324
996325
996326
996327
996328
996329
996330
996331
996332
996333
996334
996335
996336
996337
996338
996339
996340
996341
996342
996343
996345
996346
996347
996348
996350
996351
996352
996353
996355
996356
996699
996700
996703
996704
996705
996706
996708
996709
996710
996714
996715
996716
996718
996720
996721
996725
996726
996727
996730
996732
996733
996734
997078
997079
997083
997084
997089
997090
997091
997096
997098
997099
997100
997101
997102
997103
997104
997105
997106
997107
997108
997109
997110
997111
997112
997113
997114
997115
997116
997117
997118
997119
997120
997121
997122
997123
997124
997125
997126
997127
997128
997129
997130
997131
997132
997133
997134
997135
997136
997137
997141
997146
997152
997314
997315
997318
997319
997321
997323
997324
997325
997329
997331
997332
997333
997334
997335
997336
997337
997338
997339
997340
997341
997342
997343
997344
997345
997346
997347
997348
997349
997350
997351
997352
997353
997354
997355
997356
997357
997358
997359
997360
997361
997362
997363
997364
997365
997366
997367
997368
997369
997370
997372
997374
997378
997379
997382
997385
997565
997571
997574
997575
997583
997584
997590
997592
997594
997595
997596
997604
997605
997611
997613
997615
997616
997617
997625
997631
997635
998736
998737
998738
998749
998750
998751
998752
998753
998754
998755
998756
998757
998758
998759
998760
998761
998762
998763
998764
998765
998766
998767
998768
998769
998770
998771
998772
998773
998774
998775
998776
998778
998779
998780
998781
998782
998783
998784
998788
998798
998799
998845
998846
998849
998850
998851
998854
998855
998856
998860
998861
998862
998866
998867
998872
998873
998878
998879
998880
999019
999020
999021
999022
999023
999024
999025
999026
999027
999028
999029
999030
999031
999032
999033
999034
999035
999036
999037
999038
999040
999041
999042
999043
999045
999046
999047
999048
999050
999051
999394
999395
999398
999399
999400
999401
999403
999404
999405
999409
999410
999411
999413
999415
999416
999420
999421
999422
999425
999427
999428
999429
999773
999774
999778
999779
999784
999785
999786
999791
999793
999794
999795
999796
999797
999798
999799
999800
999801
999802
999803
999804
999805
999806
999807
999808
999809
999810
999811
999812
999813
999814
999815
999816
999817
999818
999819
999820
999821
999822
999823
999824
999825
999826
999827
999828
999829
999830
999831
999832
999836
999841
999847
1000009
1000010
1000013
1000014
1000016
1000018
1000019
1000020
1000024
1000026
1000027
1000028
1000029
1000030
1000031
1000032
1000033
1000034
1000035
1000036
1000037
1000038
1000039
1000040
1000041
1000042
1000043
1000044
1000045
1000046
1000047
1000048
1000049
1000050
1000051
1000052
1000053
1000054
1000055
1000056
1000057
1000058
1000059
1000060
1000061
1000062
1000063
1000064
1000065
1000067
1000069
1000073
1000074
1000077
1000080
1000260
1000266
1000269
1000270
1000278
1000279
1000285
1000287
1000289
1000290
1000291
1000299
1000300
1000306
1000308
1000310
1000311
1000312
1000320
1000326
1000330
1001431
1001432
1001433
1001444
1001445
1001446
1001447
1001448
1001449
1001450
1001451
1001452
1001453
1001454
1001455
1001456
1001457
1001458
1001459
1001460
1001461
1001462
1001463
1001464
1001465
1001466
1001467
1001468
1001469
1001470
1001471
1001473
1001474
1001475
1001476
1001477
1001478
1001479
1001483
1001493
1001494
1001540
1001541
1001544
1001545
1001546
1001549
1001550
1001551
1001555
1001556
1001557
1001561
1001562
1001567
1001568
1001573
1001574
1001575
1001714
1001715
1001716
1001717
1001718
1001719
1001720
1001721
1001722
1001723
1001724
1001725
1001726
1001727
1001728
1001729
1001730
1001731
1001732
1001733
1001735
1001736
1001737
1001738
1001740
1001741
1001742
1001743
1001745
1001746
1002089
1002090
1002093
1002094
1002095
1002096
1002098
1002099
1002100
1002104
1002105
1002106
1002108
1002110
1002111
1002115
1002116
1002117
1002120
1002122
1002123
1002124
1002468
1002469
1002473
1002474
1002479
1002480
1002481
1002486
1002488
1002489
1002490
1002491
1002492
1002493
1002494
1002495
1002496
1002497
1002498
1002499
1002500
1002501
1002502
1002503
1002504
1002505
1002506
1002507
1002508
1002509
1002510
1002511
1002512
1002513
1002514
1002515
1002516
1002517
1002518
1002519
1002520
1002521
1002522
1002523
1002524
1002525
1002526
1002527
1002531
1002536
1002542
1002704
1002705
1002708
1002709
1002711
1002713
1002714
1002715
1002719
1002721
1002722
1002723
1002724
1002725
1002726
1002727
1002728
1002729
1002730
1002731
1002732
1002733
1002734
1002735
1002736
1002737
1002738
1002739
1002740
1002741
1002742
1002743
1002744
1002745
1002746
1002747
1002748
1002749
1002750
1002751
1002752
1002753
1002754
1002755
1002756
1002757
1002758
1002759
1002760
1002762
1002764
1002768
1002769
1002772
1002775
1002955
1002961
1002964
1002965
1002973
1002974
1002980
1002982
1002984
1002985
1002986
1002994
1002995
1003001
1003003
1003005
1003006
1003007
1003015
1003021
1003025
1004126
1004127
1004128
1004139
1004140
1004141
1004142
1004143
1004144
1004145
1004146
1004147
1004148
1004149
1004150
1004151
1004152
1004153
1004154
1004155
1004156
1004157
1004158
1004159
1004160
1004161
1004162
1004163
1004164
1004165
1004166
1004168
1004169
1004170
1004171
1004172
1004173
1004174
1004178
1004188
1004189
1004235
1004236
1004239
1004240
1004241
1004244
1004245
1004246
1004250
1004251
1004252
1004256
1004257
1004262
1004263
1004268
1004269
1004270
1004409
1004410
1004411
1004412
1004413
1004414
1004415
1004416
1004417
1004418
1004419
1004420
1004421
1004422
1004423
1004424
1004425
1004426
1004427
1004428
1004430
1004431
1004432
1004433
1004435
1004436
1004437
1004438
1004440
1004441
1004784
1004785
1004788
1004789
1004790
1004791
1004793
1004794
1004795
1004799
1004800
1004801
1004803
1004805
1004806
1004810
1004811
1004812
1004815
1004817
1004818
1004819
1005163
1005164
1005168
1005169
1005174
1005175
1005176
1005181
1005183
1005184
1005185
1005186
1005187
1005188
1005189
1005190
1005191
1005192
1005193
1005194
1005195
1005196
1005197
1005198
1005199
1005200
1005201
1005202
1005203
1005204
1005205
1005206
1005207
1005208
1005209
1005210
1005211
1005212
1005213
1005214
1005215
1005216
1005217
1005218
1005219
1005220
1005221
1005222
1005226
1005231
1005237
1005399
1005400
1005403
1005404
1005406
1005408
1005409
1005410
1005414
1005416
1005417
1005418
1005419
1005420
1005421
1005422
1005423
1005424
1005425
1005426
1005427
1005428
1005429
1005430
1005431
1005432
1005433
1005434
1005435
1005436
1005437
1005438
1005439
1005440
1005441
1005442
1005443
1005444
1005445
1005446
1005447
1005448
1005449
1005450
1005451
1005452
1005453
1005454
1005455
1005457
1005459
1005463
1005464
1005467
1005470
1005650
1005656
1005659
1005660
1005668
1005669
1005675
1005677
1005679
1005680
1005681
1005689
1005690
1005696
1005698
1005700
1005701
1005702
1005710
1005716
1005720
1006821
1006822
1006823
1006834
1006835
1006836
1006837
1006838
1006839
1006840
1006841
1006842
1006843
1006844
1006845
1006846
1006847
1006848
1006849
1006850
1006851
1006852
1006853
1006854
1006855
1006856
1006857
1006858
1006859
1006860
1006861
1006863
1006864
1006865
1006866
1006867
1006868
1006869
1006873
1006883
1006884
1006930
1006931
1006934
1006935
1006936
1006939
1006940
1006941
1006945
1006946
1006947
1006951
1006952
1006957
1006958
1006963
1006964
1006965
1007104
1007105
1007106
1007107
1007108
1007109
1007110
1007111
1007112
1007113
1007114
1007115
1007116
1007117
1007118
1007119
1007120
1007121
1007122
1007123
1007125
1007126
1007127
1007128
1007130
1007131
1007132
1007133
1007135
1007136
1007479
1007480
1007483
1007484
1007485
1007486
1007488
1007489
1007490
1007494
1007495
1007496
1007498
1007500
1007501
1007505
1007506
1007507
1007510
1007512
1007513
1007514
1007858
1007859
1007863
1007864
1007869
1007870
1007871
1007876
1007878
1007879
1007880
1007881
1007882
1007883
1007884
1007885
1007886
1007887
1007888
1007889
1007890
1007891
1007892
1007893
1007894
1007895
1007896
1007897
1007898
1007899
1007900
1007901
1007902
1007903
1007904
1007905
1007906
1007907
1007908
1007909
1007910
1007911
1007912
1007913
1007914
1007915
1007916
1007917
1007921
1007926
1007932
1008094
1008095
1008098
1008099
1008101
1008103
1008104
1008105
1008109
1008111
1008112
1008113
1008114
1008115
1008116
1008117
1008118
1008119
1008120
1008121
1008122
1008123
1008124
1008125
1008126
1008127
1008128
1008129
1008130
1008131
1008132
1008133
1008134
1008135
1008136
1008137
1008138
1008139
1008140
1008141
1008142
1008143
1008144
1008145
1008146
1008147
1008148
1008149
1008150
1008152
1008154
1008158
1008159
1008162
1008165
1008345
1008351
1008354
1008355
1008363
1008364
1008370
1008372
1008374
1008375
1008376
1008384
1008385
1008391
1008393
1008395
1008396
1008397
1008405
1008411
1008415
1009516
1009517
1009518
1009529
1009530
1009531
1009532
1009533
1009534
1009535
1009536
1009537
1009538
1009539
1009540
1009541
1009542
1009543
1009544
1009545
1009546
1009547
1009548
1009549
1009550
1009551
1009552
1009553
1009554
1009555
1009556
1009558
1009559
1009560
1009561
1009562
1009563
1009564
1009568
1009578
1009579
1009625
1009626
1009629
1009630
1009631
1009634
1009635
1009636
1009640
1009641
1009642
1009646
1009647
1009652
1009653
1009658
1009659
1009660
1009799
1009800
1009801
1009802
1009803
1009804
1009805
1009806
1009807
1009808
1009809
1009810
1009811
1009812
1009813
1009814
1009815
1009816
1009817
1009818
1009820
1009821
1009822
1009823
1009825
1009826
1009827
1009828
1009830
1009831
1010174
1010175
1010178
1010179
1010180
1010181
1010183
1010184
1010185
1010189
1010190
1010191
1010193
1010195
1010196
1010200
1010201
1010202
1010205
1010207
1010208
1010209
1010553
1010554
1010558
1010559
1010564
1010565
1010566
1010571
1010573
1010574
1010575
1010576
1010577
1010578
1010579
1010580
1010581
1010582
1010583
1010584
1010585
1010586
1010587
1010588
1010589
1010590
1010591
1010592
1010593
1010594
1010595
1010596
1010597
1010598
1010599
1010600
1010601
1010602
1010603
1010604
1010605
1010606
1010607
1010608
1010609
1010610
1010611
1010612
1010616
1010621
1010627
1010789
1010790
1010793
1010794
1010796
1010798
1010799
1010800
1010804
1010806
1010807
1010808
1010809
1010810
1010811
1010812
1010813
1010814
1010815
1010816
1010817
1010818
1010819
1010820
1010821
1010822
1010823
1010824
1010825
1010826
1010827
1010828
1010829
1010830
1010831
1010832
1010833
1010834
1010835
1010836
1010837
1010838
1010839
1010840
1010841
1010842
1010843
1010844
1010845
1010847
1010849
1010853
1010854
1010857
1010860
1011040
1011046
1011049
1011050
1011058
1011059
1011065
1011067
1011069
1011070
1011071
1011079
1011080
1011086
1011088
1011090
1011091
1011092
1011100
1011106
1011110
1012211
1012212
1012213
1012224
1012225
1012226
1012227
1012228
1012229
1012230
1012231
1012232
1012233
1012234
1012235
1012236
1012237
1012238
1012239
1012240
1012241
1012242
1012243
1012244
1012245
1012246
1012247
1012248
1012249
1012250
1012251
1012253
1012254
1012255
1012256
1012257
1012258
1012259
1012263
1012273
1012274
1012320
1012321
1012324
1012325
1012326
1012329
1012330
1012331
1012335
1012336
1012337
1012341
1012342
1012347
1012348
1012353
1012354
1012355
1012494
1012495
1012496
1012497
1012498
1012499
1012500
1012501
1012502
1012503
1012504
1012505
1012506
1012507
1012508
1012509
1012510
1012511
1012512
1012513
1012515
1012516
1012517
1012518
1012520
1012521
1012522
1012523
1012525
1012526
1012869
1012870
1012873
1012874
1012875
1012876
1012878
1012879
1012880
1012884
1012885
1012886
1012888
1012890
1012891
1012895
1012896
1012897
1012900
1012902
1012903
1012904
1013248
1013249
1013253
1013254
1013259
1013260
1013261
1013266
1013268
1013269
1013270
1013271
1013272
1013273
1013274
1013275
1013276
1013277
1013278
1013279
1013280
1013281
1013282
1013283
1013284
1013285
1013286
1013287
1013288
1013289
1013290
1013291
1013292
1013293
1013294
1013295
1013296
1013297
1013298
1013299
1013300
1013301
1013302
1013303
1013304
1013305
1013306
1013307
1013311
1013316
1013322
1013484
1013485
1013488
1013489
1013491
1013493
1013494
1013495
1013499
1013501
1013502
1013503
1013504
1013505
1013506
1013507
1013508
1013509
1013510
1013511
1013512
1013513
1013514
1013515
1013516
1013517
1013518
1013519
1013520
1013521
1013522
1013523
1013524
1013525
1013526
1013527
1013528
1013529
1013530
1013531
1013532
1013533
1013534
1013535
1013536
1013537
1013538
1013539
1013540
1013542
1013544
1013548
1013549
1013552
1013555
1013735
1013741
1013744
1013745
1013753
1013754
1013760
1013762
1013764
1013765
1013766
1013774
1013775
1013781
1013783
1013785
1013786
1013787
1013795
1013801
1013805
1014906
1014907
1014908
1014919
1014920
1014921
1014922
1014923
1014924
1014925
1014926
1014927
1014928
1014929
1014930
1014931
1014932
1014933
1014934
1014935
1014936
1014937
1014938
1014939
1014940
1014941
1014942
1014943
1014944
1014945
1014946
1014948
1014949
1014950
1014951
1014952
1014953
1014954
1014958
1014968
1014969
1015015
1015016
1015019
1015020
1015021
1015024
1015025
1015026
1015030
1015031
1015032
1015036
1015037
1015042
1015043
1015048
1015049
1015050
1015189
1015190
1015191
1015192
1015193
1015194
1015195
1015196
1015197
1015198
1015199
1015200
1015201
1015202
1015203
1015204
1015205
1015206
1015207
1015208
1015210
1015211
1015212
1015213
1015215
1015216
1015217
1015218
1015220
1015221
1015564
1015565
1015568
1015569
1015570
1015571
1015573
1015574
1015575
1015579
1015580
1015581
1015583
1015585
1015586
1015590
1015591
1015592
1015595
1015597
1015598
1015599
1015943
1015944
1015948
1015949
1015954
1015955
1015956
1015961
1015963
1015964
1015965
1015966
1015967
1015968
1015969
1015970
1015971
1015972
1015973
1015974
1015975
1015976
1015977
1015978
1015979
1015980
1015981
1015982
1015983
1015984
1015985
1015986
1015987
1015988
1015989
1015990
1015991
1015992
1015993
1015994
1015995
1015996
1015997
1015998
1015999
1016000
1016001
1016002
1016006
1016011
1016017
1016179
1016180
1016183
1016184
1016186
1016188
1016189
1016190
1016194
1016196
1016197
1016198
1016199
1016200
1016201
1016202
1016203
1016204
1016205
1016206
1016207
1016208
1016209
1016210
1016211
1016212
1016213
1016214
1016215
1016216
1016217
1016218
1016219
1016220
1016221
1016222
1016223
1016224
1016225
1016226
1016227
1016228
1016229
1016230
1016231
1016232
1016233
1016234
1016235
1016237
1016239
1016243
1016244
1016247
1016250
1016430
1016436
1016439
1016440
1016448
1016449
1016455
1016457
1016459
1016460
1016461
1016469
1016470
1016476
1016478
1016480
1016481
1016482
1016490
1016496
1016500
1017601
1017602
1017603
1017614
1017615
1017616
1017617
1017618
1017619
1017620
1017621
1017622
1017623
1017624
1017625
1017626
1017627
1017628
1017629
1017630
1017631
1017632
1017633
1017634
1017635
1017636
1017637
1017638
1017639
1017640
1017641
1017643
1017644
1017645
1017646
1017647
1017648
1017649
1017653
1017663
1017664
1017710
1017711
1017714
1017715
1017716
1017719
1017720
1017721
1017725
1017726
1017727
1017731
1017732
1017737
1017738
1017743
1017744
1017745
1017884
1017885
1017886
1017887
1017888
1017889
1017890
1017891
1017892
1017893
1017894
1017895
1017896
1017897
1017898
1017899
1017900
1017901
1017902
1017903
1017905
1017906
1017907
1017908
1017910
1017911
1017912
1017913
1017915
1017916
1018259
1018260
1018263
1018264
1018265
1018266
1018268
1018269
1018270
1018274
1018275
1018276
1018278
1018280
1018281
1018285
1018286
1018287
1018290
1018292
1018293
1018294
1018638
1018639
1018643
1018644
1018649
1018650
1018651
1018656
1018658
1018659
1018660
1018661
1018662
1018663
1018664
1018665
1018666
1018667
1018668
1018669
1018670
1018671
1018672
1018673
1018674
1018675
1018676
1018677
1018678
1018679
1018680
1018681
1018682
1018683
1018684
1018685
1018686
1018687
1018688
1018689
1018690
1018691
1018692
1018693
1018694
1018695
1018696
1018697
1018701
1018706
1018712
1018874
1018875
1018878
1018879
1018881
1018883
1018884
1018885
1018889
1018891
1018892
1018893
1018894
1018895
1018896
1018897
1018898
1018899
1018900
1018901
1018902
1018903
1018904
1018905
1018906
1018907
1018908
1018909
1018910
1018911
1018912
1018913
1018914
1018915
1018916
1018917
1018918
1018919
1018920
1018921
1018922
1018923
1018924
1018925
1018926
1018927
1018928
1018929
1018930
1018932
1018934
1018938
1018939
1018942
1018945
1019125
1019131
1019134
1019135
1019143
1019144
1019150
1019152
1019154
1019155
1019156
1019164
1019165
1019171
1019173
1019175
1019176
1019177
1019185
1019191
1019195
1020296
1020297
1020298
1020309
1020310
1020311
1020312
1020313
1020314
1020315
1020316
1020317
1020318
1020319
1020320
1020321
1020322
1020323
1020324
1020325
1020326
1020327
1020328
1020329
1020330
1020331
1020332
1020333
1020334
1020335
1020336
1020338
1020339
1020340
1020341
1020342
1020343
1020344
1020348
1020358
1020359
1020405
1020406
1020409
1020410
1020411
1020414
1020415
1020416
1020420
1020421
1020422
1020426
1020427
1020432
1020433
1020438
1020439
1020440
1020579
1020580
1020581
1020582
1020583
1020584
1020585
1020586
1020587
1020588
1020589
1020590
1020591
1020592
1020593
1020594
1020595
1020596
1020597
1020598
1020600
1020601
1020602
1020603
1020605
1020606
1020607
1020608
1020610
1020611
1020954
1020955
1020958
1020959
1020960
1020961
1020963
1020964
1020965
1020969
1020970
1020971
1020973
1020975
1020976
1020980
1020981
1020982
1020985
1020987
1020988
1020989
1021333
1021334
1021338
1021339
1021344
1021345
1021346
1021351
1021353
1021354
1021355
1021356
1021357
1021358
1021359
1021360
1021361
1021362
1021363
1021364
1021365
1021366
1021367
1021368
1021369
1021370
1021371
1021372
1021373
1021374
1021375
1021376
1021377
1021378
1021379
1021380
1021381
1021382
1021383
1021384
1021385
1021386
1021387
1021388
1021389
1021390
1021391
1021392
1021396
1021401
1021407
1021569
1021570
1021573
1021574
1021576
1021578
1021579
1021580
1021584
1021586
1021587
1021588
1021589
1021590
1021591
1021592
1021593
1021594
1021595
1021596
1021597
1021598
1021599
1021600
1021601
1021602
1021603
1021604
1021605
1021606
1021607
1021608
1021609
1021610
1021611
1021612
1021613
1021614
1021615
1021616
1021617
1021618
1021619
1021620
1021621
1021622
1021623
1021624
1021625
1021627
1021629
1021633
1021634
1021637
1021640
1021820
1021826
1021829
1021830
1021838
1021839
1021845
1021847
1021849
1021850
1021851
1021859
1021860
1021866
1021868
1021870
1021871
1021872
1021880
1021886
1021890
1022991
1022992
1022993
1023004
1023005
1023006
1023007
1023008
1023009
1023010
1023011
1023012
1023013
1023014
1023015
1023016
1023017
1023018
1023019
1023020
1023021
1023022
1023023
1023024
1023025
1023026
1023027
1023028
1023029
1023030
1023031
1023033
1023034
1023035
1023036
1023037
1023038
1023039
1023043
1023053
1023054
1023100
1023101
1023104
1023105
1023106
1023109
1023110
1023111
1023115
1023116
1023117
1023121
1023122
1023127
1023128
1023133
1023134
1023135
1023274
1023275
1023276
1023277
1023278
1023279
1023280
1023281
1023282
1023283
1023284
1023285
1023286
1023287
1023288
1023289
1023290
1023291
1023292
1023293
1023295
1023296
1023297
1023298
1023300
1023301
1023302
1023303
1023305
1023306
1023649
1023650
1023653
1023654
1023655
1023656
1023658
1023659
1023660
1023664
1023665
1023666
1023668
1023670
1023671
1023675
1023676
1023677
1023680
1023682
1023683
1023684
1024028
1024029
1024033
1024034
1024039
1024040
1024041
1024046
1024048
1024049
1024050
1024051
1024052
1024053
1024054
1024055
1024056
1024057
1024058
1024059
1024060
1024061
1024062
1024063
1024064
1024065
1024066
1024067
1024068
1024069
1024070
1024071
1024072
1024073
1024074
1024075
1024076
1024077
1024078
1024079
1024080
1024081
1024082
1024083
1024084
1024085
1024086
1024087
1024091
1024096
1024102
1024264
1024265
1024268
1024269
1024271
1024273
1024274
1024275
1024279
1024281
1024282
1024283
1024284
1024285
1024286
1024287
1024288
1024289
1024290
1024291
1024292
1024293
1024294
1024295
1024296
1024297
1024298
1024299
1024300
1024301
1024302
1024303
1024304
1024305
1024306
1024307
1024308
1024309
1024310
1024311
1024312
1024313
1024314
1024315
1024316
1024317
1024318
1024319
1024320
1024322
1024324
1024328
1024329
1024332
1024335
1024515
1024521
1024524
1024525
1024533
1024534
1024540
1024542
1024544
1024545
1024546
1024554
1024555
1024561
1024563
1024565
1024566
1024567
1024575
1024581
1024585
1025686
1025687
1025688
1025699
1025700
1025701
1025702
1025703
1025704
1025705
1025706
1025707
1025708
1025709
1025710
1025711
1025712
1025713
1025714
1025715
1025716
1025717
1025718
1025719
1025720
1025721
1025722
1025723
1025724
1025725
1025726
1025728
1025729
1025730
1025731
1025732
1025733
1025734
1025738
1025748
1025749
1025795
1025796
1025799
1025800
1025801
1025804
1025805
1025806
1025810
1025811
1025812
1025816
1025817
1025822
1025823
1025828
1025829
1025830
1025969
1025970
1025971
1025972
1025973
1025974
1025975
1025976
1025977
1025978
1025979
1025980
1025981
1025982
1025983
1025984
1025985
1025986
1025987
1025988
1025990
1025991
1025992
1025993
1025995
1025996
1025997
1025998
1026000
1026001
1026344
1026345
1026348
1026349
1026350
1026351
1026353
1026354
1026355
1026359
1026360
1026361
1026363
1026365
1026366
1026370
1026371
1026372
1026375
1026377
1026378
1026379
1026723
1026724
1026728
1026729
1026734
1026735
1026736
1026741
1026743
1026744
1026745
1026746
1026747
1026748
1026749
1026750
1026751
1026752
1026753
1026754
1026755
1026756
1026757
1026758
1026759
1026760
1026761
1026762
1026763
1026764
1026765
1026766
1026767
1026768
1026769
1026770
1026771
1026772
1026773
1026774
1026775
1026776
1026777
1026778
1026779
1026780
1026781
1026782
1026786
1026791
1026797
1026959
1026960
1026963
1026964
1026966
1026968
1026969
1026970
1026974
1026976
1026977
1026978
1026979
1026980
1026981
1026982
1026983
1026984
1026985
1026986
1026987
1026988
1026989
1026990
1026991
1026992
1026993
1026994
1026995
1026996
1026997
1026998
1026999
1027000
1027001
1027002
1027003
1027004
1027005
1027006
1027007
1027008
1027009
1027010
1027011
1027012
1027013
1027014
1027015
1027017
1027019
1027023
1027024
1027027
1027030
1027210
1027216
1027219
1027220
1027228
1027229
1027235
1027237
1027239
1027240
1027241
1027249
1027250
1027256
1027258
1027260
1027261
1027262
1027270
1027276
1027280
1028381
1028382
1028383
1028394
1028395
1028396
1028397
1028398
1028399
1028400
1028401
1028402
1028403
1028404
1028405
1028406
1028407
1028408
1028409
1028410
1028411
1028412
1028413
1028414
1028415
1028416
1028417
1028418
1028419
1028420
1028421
1028423
1028424
1028425
1028426
1028427
1028428
1028429
1028433
1028443
1028444
1028490
1028491
1028494
1028495
1028496
1028499
1028500
1028501
1028505
1028506
1028507
1028511
1028512
1028517
1028518
1028523
1028524
1028525
1028664
1028665
1028666
1028667
1028668
1028669
1028670
1028671
1028672
1028673
1028674
1028675
1028676
1028677
1028678
1028679
1028680
1028681
1028682
1028683
1028685
1028686
1028687
1028688
1028690
1028691
1028692
1028693
1028695
1028696
1029039
1029040
1029043
1029044
1029045
1029046
1029048
1029049
1029050
1029054
1029055
1029056
1029058
1029060
1029061
1029065
1029066
1029067
1029070
1029072
1029073
1029074
1029418
1029419
1029423
1029424
1029429
1029430
1029431
1029436
1029438
1029439
1029440
1029441
1029442
1029443
1029444
1029445
1029446
1029447
1029448
1029449
1029450
1029451
1029452
1029453
1029454
1029455
1029456
1029457
1029458
1029459
1029460
1029461
1029462
1029463
1029464
1029465
1029466
1029467
1029468
1029469
1029470
1029471
1029472
1029473
1029474
1029475
1029476
1029477
1029481
1029486
1029492
1029654
1029655
1029658
1029659
1029661
1029663
1029664
1029665
1029669
1029671
1029672
1029673
1029674
1029675
1029676
1029677
1029678
1029679
1029680
1029681
1029682
1029683
1029684
1029685
1029686
1029687
1029688
1029689
1029690
1029691
1029692
1029693
1029694
1029695
1029696
1029697
1029698
1029699
1029700
1029701
1029702
1029703
1029704
1029705
1029706
1029707
1029708
1029709
1029710
1029712
1029714
1029718
1029719
1029722
1029725
1029905
1029911
1029914
1029915
1029923
1029924
1029930
1029932
1029934
1029935
1029936
1029944
1029945
1029951
1029953
1029955
1029956
1029957
1029965
1029971
1029975
1031076
1031077
1031078
1031089
1031090
1031091
1031092
1031093
1031094
1031095
1031096
1031097
1031098
1031099
1031100
1031101
1031102
1031103
1031104
1031105
1031106
1031107
1031108
1031109
1031110
1031111
1031112
1031113
1031114
1031115
1031116
1031118
1031119
1031120
1031121
1031122
1031123
1031124
1031128
1031138
1031139
1031185
1031186
1031189
1031190
1031191
1031194
1031195
1031196
1031200
1031201
1031202
1031206
1031207
1031212
1031213
1031218
1031219
1031220
1031359
1031360
1031361
1031362
1031363
1031364
1031365
1031366
1031367
1031368
1031369
1031370
1031371
1031372
1031373
1031374
1031375
1031376
1031377
1031378
1031380
1031381
1031382
1031383
1031385
1031386
1031387
1031388
1031390
1031391
1031734
1031735
1031738
1031739
1031740
1031741
1031743
1031744
1031745
1031749
1031750
1031751
1031753
1031755
1031756
1031760
1031761
1031762
1031765
1031767
1031768
1031769
1032113
1032114
1032118
1032119
1032124
1032125
1032126
1032131
1032133
1032134
1032135
1032136
1032137
1032138
1032139
1032140
1032141
1032142
1032143
1032144
1032145
1032146
1032147
1032148
1032149
1032150
1032151
1032152
1032153
1032154
1032155
1032156
1032157
1032158
1032159
1032160
1032161
1032162
1032163
1032164
1032165
1032166
1032167
1032168
1032169
1032170
1032171
1032172
1032176
1032181
1032187
1032349
1032350
1032353
1032354
1032356
1032358
1032359
1032360
1032364
1032366
1032367
1032368
1032369
1032370
1032371
1032372
1032373
1032374
1032375
1032376
1032377
1032378
1032379
1032380
1032381
1032382
1032383
1032384
1032385
1032386
1032387
1032388
1032389
1032390
1032391
1032392
1032393
1032394
1032395
1032396
1032397
1032398
1032399
1032400
1032401
1032402
1032403
1032404
1032405
1032407
1032409
1032413
1032414
1032417
1032420
1032600
1032606
1032609
1032610
1032618
1032619
1032625
1032627
1032629
1032630
1032631
1032639
1032640
1032646
1032648
1032650
1032651
1032652
1032660
1032666
1032670
1033771
1033772
1033773
1033782
1033783
1033784
1033785
1033786
1033787
1033788
1033789
1033790
1033791
1033792
1033793
1033794
1033795
1033796
1033797
1033798
1033799
1033800
1033801
1033802
1033803
1033804
1033805
1033807
1033808
1033809
1033810
1033814
1033823
1033862
1033863
1033866
1033867
1033868
1033871
1033872
1033875
1033876
1033880
1033881
1033886
1033887
1033891
1033892
1034009
1034010
1034011
1034012
1034013
1034014
1034015
1034016
1034017
1034018
1034019
1034020
1034021
1034022
1034023
1034024
1034025
1034027
1034028
1034029
1034030
1034032
1034033
1034035
1034339
1034340
1034343
1034344
1034345
1034346
1034348
1034349
1034352
1034353
1034355
1034357
1034358
1034362
1034363
1034364
1034368
1034369
1034679
1034680
1034684
1034685
1034690
1034691
1034695
1034697
1034698
1034699
1034700
1034701
1034702
1034703
1034704
1034705
1034706
1034707
1034708
1034709
1034710
1034711
1034712
1034713
1034714
1034715
1034716
1034717
1034718
1034719
1034720
1034721
1034722
1034723
1034724
1034725
1034726
1034727
1034728
1034729
1034733
1034738
1034885
1034886
1034889
1034890
1034892
1034894
1034895
1034898
1034900
1034901
1034902
1034903
1034904
1034905
1034906
1034907
1034908
1034909
1034910
1034911
1034912
1034913
1034914
1034915
1034916
1034917
1034918
1034919
1034920
1034921
1034922
1034923
1034924
1034925
1034926
1034927
1034928
1034929
1034930
1034931
1034932
1034934
1034936
1034940
1034941
1035103
1035109
1035112
1035118
1035119
1035125
1035127
1035129
1035130
1035136
1035137
1035143
1035145
1035147
1035148
1035154
1035160
1665742
1665743
1665744
1665745
1665746
1665747
1665748
1665749
1665750
1665751
1665752
1665753
1665754
1665755
1665756
1665757
1665758
1665759
1665760
1665761
1665762
1665763
1665764
1665765
1665914
1665915
1665916
1665917
1665918
1665919
1665920
1665921
1665922
1665923
1665924
1665925
1665926
1665927
1665928
1665929
1665930
1665931
1665932
1665933
1665934
1665935
1665936
1665937
1666067
1666068
1666069
1666070
1666071
1666072
1666073
1666074
1666075
1666076
1666077
1666078
1666079
1666080
1666081
1666082
1666083
1666084
1666085
1666086
1666087
1666088
1666089
1666090
1666091
1666092
1666093
1666520
1666521
1666522
1666523
1666524
1666525
1666526
1666527
1666528
1666529
1666530
1666531
1666532
1666533
1666534
1666535
1666536
1666537
1666538
1666539
1666540
1666541
1666542
1666543
1666695
1666696
1666697
1666698
1666699
1666700
1666701
1666702
1666703
1666704
1666705
1666706
1666707
1666708
1666709
1666710
1666711
1666712
1666713
1666714
1666715
1666716
1666717
1666718
1666854
1666855
1666856
1666857
1666858
1666859
1666860
1666861
1666862
1666863
1666864
1666865
1666866
1666867
1666868
1666869
1666870
1666871
1666872
1666873
1666874
1666875
1666876
1666877
1666878
1666879
1666880
1667325
1667326
1667327
1667328
1667329
1667330
1667331
1667332
1667333
1667334
1667335
1667336
1667337
1667338
1667339
1667340
1667341
1667342
1667343
1667344
1667345
1667346
1667347
1667348
1667500
1667501
1667502
1667503
1667504
1667505
1667506
1667507
1667508
1667509
1667510
1667511
1667512
1667513
1667514
1667515
1667516
1667517
1667518
1667519
1667520
1667521
1667522
1667523
1667659
1667660
1667661
1667662
1667663
1667664
1667665
1667666
1667667
1667668
1667669
1667670
1667671
1667672
1667673
1667674
1667675
1667676
1667677
1667678
1667679
1667680
1667681
1667682
1667683
1667684
1667685
1668130
1668131
1668132
1668133
1668134
1668135
1668136
1668137
1668138
1668139
1668140
1668141
1668142
1668143
1668144
1668145
1668146
1668147
1668148
1668149
1668150
1668151
1668152
1668153
1668305
1668306
1668307
1668308
1668309
1668310
1668311
1668312
1668313
1668314
1668315
1668316
1668317
1668318
1668319
1668320
1668321
1668322
1668323
1668324
1668325
1668326
1668327
1668328
1668464
1668465
1668466
1668467
1668468
1668469
1668470
1668471
1668472
1668473
1668474
1668475
1668476
1668477
1668478
1668479
1668480
1668481
1668482
1668483
1668484
1668485
1668486
1668487
1668488
1668489
1668490
1668935
1668936
1668937
1668938
1668939
1668940
1668941
1668942
1668943
1668944
1668945
1668946
1668947
1668948
1668949
1668950
1668951
1668952
1668953
1668954
1668955
1668956
1668957
1668958
1669110
1669111
1669112
1669113
1669114
1669115
1669116
1669117
1669118
1669119
1669120
1669121
1669122
1669123
1669124
1669125
1669126
1669127
1669128
1669129
1669130
1669131
1669132
1669133
1669269
1669270
1669271
1669272
1669273
1669274
1669275
1669276
1669277
1669278
1669279
1669280
1669281
1669282
1669283
1669284
1669285
1669286
1669287
1669288
1669289
1669290
1669291
1669292
1669293
1669294
1669295
1669740
1669741
1669742
1669743
1669744
1669745
1669746
1669747
1669748
1669749
1669750
1669751
1669752
1669753
1669754
1669755
1669756
1669757
1669758
1669759
1669760
1669761
1669762
1669763
1669915
1669916
1669917
1669918
1669919
1669920
1669921
1669922
1669923
1669924
1669925
1669926
1669927
1669928
1669929
1669930
1669931
1669932
1669933
1669934
1669935
1669936
1669937
1669938
1670074
1670075
1670076
1670077
1670078
1670079
1670080
1670081
1670082
1670083
1670084
1670085
1670086
1670087
1670088
1670089
1670090
1670091
1670092
1670093
1670094
1670095
1670096
1670097
1670098
1670099
1670100
1670545
1670546
1670547
1670548
1670549
1670550
1670551
1670552
1670553
1670554
1670555
1670556
1670557
1670558
1670559
1670560
1670561
1670562
1670563
1670564
1670565
1670566
1670567
1670568
1670720
1670721
1670722
1670723
1670724
1670725
1670726
1670727
1670728
1670729
1670730
1670731
1670732
1670733
1670734
1670735
1670736
1670737
1670738
1670739
1670740
1670741
1670742
1670743
1670879
1670880
1670881
1670882
1670883
1670884
1670885
1670886
1670887
1670888
1670889
1670890
1670891
1670892
1670893
1670894
1670895
1670896
1670897
1670898
1670899
1670900
1670901
1670902
1670903
1670904
1670905
1671350
1671351
1671352
1671353
1671354
1671355
1671356
1671357
1671358
1671359
1671360
1671361
1671362
1671363
1671364
1671365
1671366
1671367
1671368
1671369
1671370
1671371
1671372
1671373
1671525
1671526
1671527
1671528
1671529
1671530
1671531
1671532
1671533
1671534
1671535
1671536
1671537
1671538
1671539
1671540
1671541
1671542
1671543
1671544
1671545
1671546
1671547
1671548
1671684
1671685
1671686
1671687
1671688
1671689
1671690
1671691
1671692
1671693
1671694
1671695
1671696
1671697
1671698
1671699
1671700
1671701
1671702
1671703
1671704
1671705
1671706
1671707
1671708
1671709
1671710
1672155
1672156
1672157
1672158
1672159
1672160
1672161
1672162
1672163
1672164
1672165
1672166
1672167
1672168
1672169
1672170
1672171
1672172
1672173
1672174
1672175
1672176
1672177
1672178
1672330
1672331
1672332
1672333
1672334
1672335
1672336
1672337
1672338
1672339
1672340
1672341
1672342
1672343
1672344
1672345
1672346
1672347
1672348
1672349
1672350
1672351
1672352
1672353
1672489
1672490
1672491
1672492
1672493
1672494
1672495
1672496
1672497
1672498
1672499
1672500
1672501
1672502
1672503
1672504
1672505
1672506
1672507
1672508
1672509
1672510
1672511
1672512
1672513
1672514
1672515
1672960
1672961
1672962
1672963
1672964
1672965
1672966
1672967
1672968
1672969
1672970
1672971
1672972
1672973
1672974
1672975
1672976
1672977
1672978
1672979
1672980
1672981
1672982
1672983
1673135
1673136
1673137
1673138
1673139
1673140
1673141
1673142
1673143
1673144
1673145
1673146
1673147
1673148
1673149
1673150
1673151
1673152
1673153
1673154
1673155
1673156
1673157
1673158
1673294
1673295
1673296
1673297
1673298
1673299
1673300
1673301
1673302
1673303
1673304
1673305
1673306
1673307
1673308
1673309
1673310
1673311
1673312
1673313
1673314
1673315
1673316
1673317
1673318
1673319
1673320
1673765
1673766
1673767
1673768
1673769
1673770
1673771
1673772
1673773
1673774
1673775
1673776
1673777
1673778
1673779
1673780
1673781
1673782
1673783
1673784
1673785
1673786
1673787
1673788
1673940
1673941
1673942
1673943
1673944
1673945
1673946
1673947
1673948
1673949
1673950
1673951
1673952
1673953
1673954
1673955
1673956
1673957
1673958
1673959
1673960
1673961
1673962
1673963
1674099
1674100
1674101
1674102
1674103
1674104
1674105
1674106
1674107
1674108
1674109
1674110
1674111
1674112
1674113
1674114
1674115
1674116
1674117
1674118
1674119
1674120
1674121
1674122
1674123
1674124
1674125
1674570
1674571
1674572
1674573
1674574
1674575
1674576
1674577
1674578
1674579
1674580
1674581
1674582
1674583
1674584
1674585
1674586
1674587
1674588
1674589
1674590
1674591
1674592
1674593
1674745
1674746
1674747
1674748
1674749
1674750
1674751
1674752
1674753
1674754
1674755
1674756
1674757
1674758
1674759
1674760
1674761
1674762
1674763
1674764
1674765
1674766
1674767
1674768
1674904
1674905
1674906
1674907
1674908
1674909
1674910
1674911
1674912
1674913
1674914
1674915
1674916
1674917
1674918
1674919
1674920
1674921
1674922
1674923
1674924
1674925
1674926
1674927
1674928
1674929
1674930
1675375
1675376
1675377
1675378
1675379
1675380
1675381
1675382
1675383
1675384
1675385
1675386
1675387
1675388
1675389
1675390
1675391
1675392
1675393
1675394
1675395
1675396
1675397
1675398
1675550
1675551
1675552
1675553
1675554
1675555
1675556
1675557
1675558
1675559
1675560
1675561
1675562
1675563
1675564
1675565
1675566
1675567
1675568
1675569
1675570
1675571
1675572
1675573
1675709
1675710
1675711
1675712
1675713
1675714
1675715
1675716
1675717
1675718
1675719
1675720
1675721
1675722
1675723
1675724
1675725
1675726
1675727
1675728
1675729
1675730
1675731
1675732
1675733
1675734
1675735
1676180
1676181
1676182
1676183
1676184
1676185
1676186
1676187
1676188
1676189
1676190
1676191
1676192
1676193
1676194
1676195
1676196
1676197
1676198
1676199
1676200
1676201
1676202
1676203
1676355
1676356
1676357
1676358
1676359
1676360
1676361
1676362
1676363
1676364
1676365
1676366
1676367
1676368
1676369
1676370
1676371
1676372
1676373
1676374
1676375
1676376
1676377
1676378
1676514
1676515
1676516
1676517
1676518
1676519
1676520
1676521
1676522
1676523
1676524
1676525
1676526
1676527
1676528
1676529
1676530
1676531
1676532
1676533
1676534
1676535
1676536
1676537
1676538
1676539
1676540
1676985
1676986
1676987
1676988
1676989
1676990
1676991
1676992
1676993
1676994
1676995
1676996
1676997
1676998
1676999
1677000
1677001
1677002
1677003
1677004
1677005
1677006
1677007
1677008
1677160
1677161
1677162
1677163
1677164
1677165
1677166
1677167
1677168
1677169
1677170
1677171
1677172
1677173
1677174
1677175
1677176
1677177
1677178
1677179
1677180
1677181
1677182
1677183
1677319
1677320
1677321
1677322
1677323
1677324
1677325
1677326
1677327
1677328
1677329
1677330
1677331
1677332
1677333
1677334
1677335
1677336
1677337
1677338
1677339
1677340
1677341
1677342
1677343
1677344
1677345
1677790
1677791
1677792
1677793
1677794
1677795
1677796
1677797
1677798
1677799
1677800
1677801
1677802
1677803
1677804
1677805
1677806
1677807
1677808
1677809
1677810
1677811
1677812
1677813
1677965
1677966
1677967
1677968
1677969
1677970
1677971
1677972
1677973
1677974
1677975
1677976
1677977
1677978
1677979
1677980
1677981
1677982
1677983
1677984
1677985
1677986
1677987
1677988
1678124
1678125
1678126
1678127
1678128
1678129
1678130
1678131
1678132
1678133
1678134
1678135
1678136
1678137
1678138
1678139
1678140
1678141
1678142
1678143
1678144
1678145
1678146
1678147
1678148
1678149
1678150
1678595
1678596
1678597
1678598
1678599
1678600
1678601
1678602
1678603
1678604
1678605
1678606
1678607
1678608
1678609
1678610
1678611
1678612
1678613
1678614
1678615
1678616
1678617
1678618
1678770
1678771
1678772
1678773
1678774
1678775
1678776
1678777
1678778
1678779
1678780
1678781
1678782
1678783
1678784
1678785
1678786
1678787
1678788
1678789
1678790
1678791
1678792
1678793
1678929
1678930
1678931
1678932
1678933
1678934
1678935
1678936
1678937
1678938
1678939
1678940
1678941
1678942
1678943
1678944
1678945
1678946
1678947
1678948
1678949
1678950
1678951
1678952
1678953
1678954
1678955
1679400
1679401
1679402
1679403
1679404
1679405
1679406
1679407
1679408
1679409
1679410
1679411
1679412
1679413
1679414
1679415
1679416
1679417
1679418
1679419
1679420
1679421
1679422
1679423
1679575
1679576
1679577
1679578
1679579
1679580
1679581
1679582
1679583
1679584
1679585
1679586
1679587
1679588
1679589
1679590
1679591
1679592
1679593
1679594
1679595
1679596
1679597
1679598
1679734
1679735
1679736
1679737
1679738
1679739
1679740
1679741
1679742
1679743
1679744
1679745
1679746
1679747
1679748
1679749
1679750
1679751
1679752
1679753
1679754
1679755
1679756
1679757
1679758
1679759
1679760
1680205
1680206
1680207
1680208
1680209
1680210
1680211
1680212
1680213
1680214
1680215
1680216
1680217
1680218
1680219
1680220
1680221
1680222
1680223
1680224
1680225
1680226
1680227
1680228
1680380
1680381
1680382
1680383
1680384
1680385
1680386
1680387
1680388
1680389
1680390
1680391
1680392
1680393
1680394
1680395
1680396
1680397
1680398
1680399
1680400
1680401
1680402
1680403
1680539
1680540
1680541
1680542
1680543
1680544
1680545
1680546
1680547
1680548
1680549
1680550
1680551
1680552
1680553
1680554
1680555
1680556
1680557
1680558
1680559
1680560
1680561
1680562
1680563
1680564
1680565
1681010
1681011
1681012
1681013
1681014
1681015
1681016
1681017
1681018
1681019
1681020
1681021
1681022
1681023
1681024
1681025
1681026
1681027
1681028
1681029
1681030
1681031
1681032
1681033
1681185
1681186
1681187
1681188
1681189
1681190
1681191
1681192
1681193
1681194
1681195
1681196
1681197
1681198
1681199
1681200
1681201
1681202
1681203
1681204
1681205
1681206
1681207
1681208
1681344
1681345
1681346
1681347
1681348
1681349
1681350
1681351
1681352
1681353
1681354
1681355
1681356
1681357
1681358
1681359
1681360
1681361
1681362
1681363
1681364
1681365
1681366
1681367
1681368
1681369
1681370
1681815
1681816
1681817
1681818
1681819
1681820
1681821
1681822
1681823
1681824
1681825
1681826
1681827
1681828
1681829
1681830
1681831
1681832
1681833
1681834
1681835
1681836
1681837
1681838
1681990
1681991
1681992
1681993
1681994
1681995
1681996
1681997
1681998
1681999
1682000
1682001
1682002
1682003
1682004
1682005
1682006
1682007
1682008
1682009
1682010
1682011
1682012
1682013
1682149
1682150
1682151
1682152
1682153
1682154
1682155
1682156
1682157
1682158
1682159
1682160
1682161
1682162
1682163
1682164
1682165
1682166
1682167
1682168
1682169
1682170
1682171
1682172
1682173
1682174
1682175
1682620
1682621
1682622
1682623
1682624
1682625
1682626
1682627
1682628
1682629
1682630
1682631
1682632
1682633
1682634
1682635
1682636
1682637
1682638
1682639
1682640
1682641
1682642
1682643
1682795
1682796
1682797
1682798
1682799
1682800
1682801
1682802
1682803
1682804
1682805
1682806
1682807
1682808
1682809
1682810
1682811
1682812
1682813
1682814
1682815
1682816
1682817
1682818
1682954
1682955
1682956
1682957
1682958
1682959
1682960
1682961
1682962
1682963
1682964
1682965
1682966
1682967
1682968
1682969
1682970
1682971
1682972
1682973
1682974
1682975
1682976
1682977
1682978
1682979
1682980
1683425
1683426
1683427
1683428
1683429
1683430
1683431
1683432
1683433
1683434
1683435
1683436
1683437
1683438
1683439
1683440
1683441
1683442
1683443
1683444
1683445
1683446
1683447
1683448
1683600
1683601
1683602
1683603
1683604
1683605
1683606
1683607
1683608
1683609
1683610
1683611
1683612
1683613
1683614
1683615
1683616
1683617
1683618
1683619
1683620
1683621
1683622
1683623
1683759
1683760
1683761
1683762
1683763
1683764
1683765
1683766
1683767
1683768
1683769
1683770
1683771
1683772
1683773
1683774
1683775
1683776
1683777
1683778
1683779
1683780
1683781
1683782
1683783
1683784
1683785
1684230
1684231
1684232
1684233
1684234
1684235
1684236
1684237
1684238
1684239
1684240
1684241
1684242
1684243
1684244
1684245
1684246
1684247
1684248
1684249
1684250
1684251
1684252
1684253
1684405
1684406
1684407
1684408
1684409
1684410
1684411
1684412
1684413
1684414
1684415
1684416
1684417
1684418
1684419
1684420
1684421
1684422
1684423
1684424
1684425
1684426
1684427
1684428
1684564
1684565
1684566
1684567
1684568
1684569
1684570
1684571
1684572
1684573
1684574
1684575
1684576
1684577
1684578
1684579
1684580
1684581
1684582
1684583
1684584
1684585
1684586
1684587
1684588
1684589
1684590
1685035
1685036
1685037
1685038
1685039
1685040
1685041
1685042
1685043
1685044
1685045
1685046
1685047
1685048
1685049
1685050
1685051
1685052
1685053
1685054
1685055
1685056
1685057
1685058
1685210
1685211
1685212
1685213
1685214
1685215
1685216
1685217
1685218
1685219
1685220
1685221
1685222
1685223
1685224
1685225
1685226
1685227
1685228
1685229
1685230
1685231
1685232
1685233
1685369
1685370
1685371
1685372
1685373
1685374
1685375
1685376
1685377
1685378
1685379
1685380
1685381
1685382
1685383
1685384
1685385
1685386
1685387
1685388
1685389
1685390
1685391
1685392
1685393
1685394
1685395
1685840
1685841
1685842
1685843
1685844
1685845
1685846
1685847
1685848
1685849
1685850
1685851
1685852
1685853
1685854
1685855
1685856
1685857
1685858
1685859
1685860
1685861
1685862
1685863
1686015
1686016
1686017
1686018
1686019
1686020
1686021
1686022
1686023
1686024
1686025
1686026
1686027
1686028
1686029
1686030
1686031
1686032
1686033
1686034
1686035
1686036
1686037
1686038
1686174
1686175
1686176
1686177
1686178
1686179
1686180
1686181
1686182
1686183
1686184
1686185
1686186
1686187
1686188
1686189
1686190
1686191
1686192
1686193
1686194
1686195
1686196
1686197
1686198
1686199
1686200
1686645
1686646
1686647
1686648
1686649
1686650
1686651
1686652
1686653
1686654
1686655
1686656
1686657
1686658
1686659
1686660
1686661
1686662
1686663
1686664
1686665
1686666
1686667
1686668
1686820
1686821
1686822
1686823
1686824
1686825
1686826
1686827
1686828
1686829
1686830
1686831
1686832
1686833
1686834
1686835
1686836
1686837
1686838
1686839
1686840
1686841
1686842
1686843
1686979
1686980
1686981
1686982
1686983
1686984
1686985
1686986
1686987
1686988
1686989
1686990
1686991
1686992
1686993
1686994
1686995
1686996
1686997
1686998
1686999
1687000
1687001
1687002
1687003
1687004
1687005
1687450
1687451
1687452
1687453
1687454
1687455
1687456
1687457
1687458
1687459
1687460
1687461
1687462
1687463
1687464
1687465
1687466
1687467
1687468
1687469
1687470
1687471
1687472
1687473
1687625
1687626
1687627
1687628
1687629
1687630
1687631
1687632
1687633
1687634
1687635
1687636
1687637
1687638
1687639
1687640
1687641
1687642
1687643
1687644
1687645
1687646
1687647
1687648
1687784
1687785
1687786
1687787
1687788
1687789
1687790
1687791
1687792
1687793
1687794
1687795
1687796
1687797
1687798
1687799
1687800
1687801
1687802
1687803
1687804
1687805
1687806
1687807
1687808
1687809
1687810
1688255
1688256
1688257
1688258
1688259
1688260
1688261
1688262
1688263
1688264
1688265
1688266
1688267
1688268
1688269
1688270
1688271
1688272
1688273
1688274
1688275
1688276
1688277
1688278
1688430
1688431
1688432
1688433
1688434
1688435
1688436
1688437
1688438
1688439
1688440
1688441
1688442
1688443
1688444
1688445
1688446
1688447
1688448
1688449
1688450
1688451
1688452
1688453
1688589
1688590
1688591
1688592
1688593
1688594
1688595
1688596
1688597
1688598
1688599
1688600
1688601
1688602
1688603
1688604
1688605
1688606
1688607
1688608
1688609
1688610
1688611
1688612
1688613
1688614
1688615
1689060
1689061
1689062
1689063
1689064
1689065
1689066
1689067
1689068
1689069
1689070
1689071
1689072
1689073
1689074
1689075
1689076
1689077
1689078
1689079
1689080
1689081
1689082
1689083
1689235
1689236
1689237
1689238
1689239
1689240
1689241
1689242
1689243
1689244
1689245
1689246
1689247
1689248
1689249
1689250
1689251
1689252
1689253
1689254
1689255
1689256
1689257
1689258
1689394
1689395
1689396
1689397
1689398
1689399
1689400
1689401
1689402
1689403
1689404
1689405
1689406
1689407
1689408
1689409
1689410
1689411
1689412
1689413
1689414
1689415
1689416
1689417
1689418
1689419
1689420
1689865
1689866
1689867
1689868
1689869
1689870
1689871
1689872
1689873
1689874
1689875
1689876
1689877
1689878
1689879
1689880
1689881
1689882
1689883
1689884
1689885
1689886
1689887
1689888
1690040
1690041
1690042
1690043
1690044
1690045
1690046
1690047
1690048
1690049
1690050
1690051
1690052
1690053
1690054
1690055
1690056
1690057
1690058
1690059
1690060
1690061
1690062
1690063
1690199
1690200
1690201
1690202
1690203
1690204
1690205
1690206
1690207
1690208
1690209
1690210
1690211
1690212
1690213
1690214
1690215
1690216
1690217
1690218
1690219
1690220
1690221
1690222
1690223
1690224
1690225
1690670
1690671
1690672
1690673
1690674
1690675
1690676
1690677
1690678
1690679
1690680
1690681
1690682
1690683
1690684
1690685
1690686
1690687
1690688
1690689
1690690
1690691
1690692
1690693
1690845
1690846
1690847
1690848
1690849
1690850
1690851
1690852
1690853
1690854
1690855
1690856
1690857
1690858
1690859
1690860
1690861
1690862
1690863
1690864
1690865
1690866
1690867
1690868
1691004
1691005
1691006
1691007
1691008
1691009
1691010
1691011
1691012
1691013
1691014
1691015
1691016
1691017
1691018
1691019
1691020
1691021
1691022
1691023
1691024
1691025
1691026
1691027
1691028
1691029
1691030
1691475
1691476
1691477
1691478
1691479
1691480
1691481
1691482
1691483
1691484
1691485
1691486
1691487
1691488
1691489
1691490
1691491
1691492
1691493
1691494
1691495
1691496
1691497
1691498
1691650
1691651
1691652
1691653
1691654
1691655
1691656
1691657
1691658
1691659
1691660
1691661
1691662
1691663
1691664
1691665
1691666
1691667
1691668
1691669
1691670
1691671
1691672
1691673
1691809
1691810
1691811
1691812
1691813
1691814
1691815
1691816
1691817
1691818
1691819
1691820
1691821
1691822
1691823
1691824
1691825
1691826
1691827
1691828
1691829
1691830
1691831
1691832
1691833
1691834
1691835
1692280
1692281
1692282
1692283
1692284
1692285
1692286
1692287
1692288
1692289
1692290
1692291
1692292
1692293
1692294
1692295
1692296
1692297
1692298
1692299
1692300
1692301
1692302
1692303
1692455
1692456
1692457
1692458
1692459
1692460
1692461
1692462
1692463
1692464
1692465
1692466
1692467
1692468
1692469
1692470
1692471
1692472
1692473
1692474
1692475
1692476
1692477
1692478
1692614
1692615
1692616
1692617
1692618
1692619
1692620
1692621
1692622
1692623
1692624
1692625
1692626
1692627
1692628
1692629
1692630
1692631
1692632
1692633
1692634
1692635
1692636
1692637
1692638
1692639
1692640
1693085
1693086
1693087
1693088
1693089
1693090
1693091
1693092
1693093
1693094
1693095
1693096
1693097
1693098
1693099
1693100
1693101
1693102
1693103
1693104
1693105
1693106
1693107
1693108
1693260
1693261
1693262
1693263
1693264
1693265
1693266
1693267
1693268
1693269
1693270
1693271
1693272
1693273
1693274
1693275
1693276
1693277
1693278
1693279
1693280
1693281
1693282
1693283
1693419
1693420
1693421
1693422
1693423
1693424
1693425
1693426
1693427
1693428
1693429
1693430
1693431
1693432
1693433
1693434
1693435
1693436
1693437
1693438
1693439
1693440
1693441
1693442
1693443
1693444
1693445
1693890
1693891
1693892
1693893
1693894
1693895
1693896
1693897
1693898
1693899
1693900
1693901
1693902
1693903
1693904
1693905
1693906
1693907
1693908
1693909
1693910
1693911
1693912
1693913
1694065
1694066
1694067
1694068
1694069
1694070
1694071
1694072
1694073
1694074
1694075
1694076
1694077
1694078
1694079
1694080
1694081
1694082
1694083
1694084
1694085
1694086
1694087
1694088
1694224
1694225
1694226
1694227
1694228
1694229
1694230
1694231
1694232
1694233
1694234
1694235
1694236
1694237
1694238
1694239
1694240
1694241
1694242
1694243
1694244
1694245
1694246
1694247
1694248
1694249
1694250
1694695
1694696
1694697
1694698
1694699
1694700
1694701
1694702
1694703
1694704
1694705
1694706
1694707
1694708
1694709
1694710
1694711
1694712
1694713
1694714
1694715
1694716
1694717
1694718
1694870
1694871
1694872
1694873
1694874
1694875
1694876
1694877
1694878
1694879
1694880
1694881
1694882
1694883
1694884
1694885
1694886
1694887
1694888
1694889
1694890
1694891
1694892
1694893
1695029
1695030
1695031
1695032
1695033
1695034
1695035
1695036
1695037
1695038
1695039
1695040
1695041
1695042
1695043
1695044
1695045
1695046
1695047
1695048
1695049
1695050
1695051
1695052
1695053
1695054
1695055
1695500
1695501
1695502
1695503
1695504
1695505
1695506
1695507
1695508
1695509
1695510
1695511
1695512
1695513
1695514
1695515
1695516
1695517
1695518
1695519
1695520
1695521
1695522
1695523
1695675
1695676
1695677
1695678
1695679
1695680
1695681
1695682
1695683
1695684
1695685
1695686
1695687
1695688
1695689
1695690
1695691
1695692
1695693
1695694
1695695
1695696
1695697
1695698
1695834
1695835
1695836
1695837
1695838
1695839
1695840
1695841
1695842
1695843
1695844
1695845
1695846
1695847
1695848
1695849
1695850
1695851
1695852
1695853
1695854
1695855
1695856
1695857
1695858
1695859
1695860
1696305
1696306
1696307
1696308
1696309
1696310
1696311
1696312
1696313
1696314
1696315
1696316
1696317
1696318
1696319
1696320
1696321
1696322
1696323
1696324
1696325
1696326
1696327
1696328
1696480
1696481
1696482
1696483
1696484
1696485
1696486
1696487
1696488
1696489
1696490
1696491
1696492
1696493
1696494
1696495
1696496
1696497
1696498
1696499
1696500
1696501
1696502
1696503
1696639
1696640
1696641
1696642
1696643
1696644
1696645
1696646
1696647
1696648
1696649
1696650
1696651
1696652
1696653
1696654
1696655
1696656
1696657
1696658
1696659
1696660
1696661
1696662
1696663
1696664
1696665
1697110
1697111
1697112
1697113
1697114
1697115
1697116
1697117
1697118
1697119
1697120
1697121
1697122
1697123
1697124
1697125
1697126
1697127
1697128
1697129
1697130
1697131
1697132
1697133
1697285
1697286
1697287
1697288
1697289
1697290
1697291
1697292
1697293
1697294
1697295
1697296
1697297
1697298
1697299
1697300
1697301
1697302
1697303
1697304
1697305
1697306
1697307
1697308
1697444
1697445
1697446
1697447
1697448
1697449
1697450
1697451
1697452
1697453
1697454
1697455
1697456
1697457
1697458
1697459
1697460
1697461
1697462
1697463
1697464
1697465
1697466
1697467
1697468
1697469
1697470
1697915
1697916
1697917
1697918
1697919
1697920
1697921
1697922
1697923
1697924
1697925
1697926
1697927
1697928
1697929
1697930
1697931
1697932
1697933
1697934
1697935
1697936
1697937
1697938
1698090
1698091
1698092
1698093
1698094
1698095
1698096
1698097
1698098
1698099
1698100
1698101
1698102
1698103
1698104
1698105
1698106
1698107
1698108
1698109
1698110
1698111
1698112
1698113
1698249
1698250
1698251
1698252
1698253
1698254
1698255
1698256
1698257
1698258
1698259
1698260
1698261
1698262
1698263
1698264
1698265
1698266
1698267
1698268
1698269
1698270
1698271
1698272
1698273
1698274
1698275
1698720
1698721
1698722
1698723
1698724
1698725
1698726
1698727
1698728
1698729
1698730
1698731
1698732
1698733
1698734
1698735
1698736
1698737
1698738
1698739
1698740
1698741
1698742
1698743
1698895
1698896
1698897
1698898
1698899
1698900
1698901
1698902
1698903
1698904
1698905
1698906
1698907
1698908
1698909
1698910
1698911
1698912
1698913
1698914
1698915
1698916
1698917
1698918
1699054
1699055
1699056
1699057
1699058
1699059
1699060
1699061
1699062
1699063
1699064
1699065
1699066
1699067
1699068
1699069
1699070
1699071
1699072
1699073
1699074
1699075
1699076
1699077
1699078
1699079
1699080
1699525
1699526
1699527
1699528
1699529
1699530
1699531
1699532
1699533
1699534
1699535
1699536
1699537
1699538
1699539
1699540
1699541
1699542
1699543
1699544
1699545
1699546
1699547
1699548
1699700
1699701
1699702
1699703
1699704
1699705
1699706
1699707
1699708
1699709
1699710
1699711
1699712
1699713
1699714
1699715
1699716
1699717
1699718
1699719
1699720
1699721
1699722
1699723
1699859
1699860
1699861
1699862
1699863
1699864
1699865
1699866
1699867
1699868
1699869
1699870
1699871
1699872
1699873
1699874
1699875
1699876
1699877
1699878
1699879
1699880
1699881
1699882
1699883
1699884
1699885
1700330
1700331
1700332
1700333
1700334
1700335
1700336
1700337
1700338
1700339
1700340
1700341
1700342
1700343
1700344
1700345
1700346
1700347
1700348
1700349
1700350
1700351
1700352
1700353
1700505
1700506
1700507
1700508
1700509
1700510
1700511
1700512
1700513
1700514
1700515
1700516
1700517
1700518
1700519
1700520
1700521
1700522
1700523
1700524
1700525
1700526
1700527
1700528
1700664
1700665
1700666
1700667
1700668
1700669
1700670
1700671
1700672
1700673
1700674
1700675
1700676
1700677
1700678
1700679
1700680
1700681
1700682
1700683
1700684
1700685
1700686
1700687
1700688
1700689
1700690
1701135
1701136
1701137
1701138
1701139
1701140
1701141
1701142
1701143
1701144
1701145
1701146
1701147
1701148
1701149
1701150
1701151
1701152
1701153
1701154
1701155
1701156
1701157
1701158
1701310
1701311
1701312
1701313
1701314
1701315
1701316
1701317
1701318
1701319
1701320
1701321
1701322
1701323
1701324
1701325
1701326
1701327
1701328
1701329
1701330
1701331
1701332
1701333
1701469
1701470
1701471
1701472
1701473
1701474
1701475
1701476
1701477
1701478
1701479
1701480
1701481
1701482
1701483
1701484
1701485
1701486
1701487
1701488
1701489
1701490
1701491
1701492
1701493
1701494
1701495
1701940
1701941
1701942
1701943
1701944
1701945
1701946
1701947
1701948
1701949
1701950
1701951
1701952
1701953
1701954
1701955
1701956
1701957
1701958
1701959
1701960
1701961
1701962
1701963
1702115
1702116
1702117
1702118
1702119
1702120
1702121
1702122
1702123
1702124
1702125
1702126
1702127
1702128
1702129
1702130
1702131
1702132
1702133
1702134
1702135
1702136
1702137
1702138
1702274
1702275
1702276
1702277
1702278
1702279
1702280
1702281
1702282
1702283
1702284
1702285
1702286
1702287
1702288
1702289
1702290
1702291
1702292
1702293
1702294
1702295
1702296
1702297
1702298
1702299
1702300
1702745
1702746
1702747
1702748
1702749
1702750
1702751
1702752
1702753
1702754
1702755
1702756
1702757
1702758
1702759
1702760
1702761
1702762
1702763
1702764
1702765
1702766
1702767
1702768
1702920
1702921
1702922
1702923
1702924
1702925
1702926
1702927
1702928
1702929
1702930
1702931
1702932
1702933
1702934
1702935
1702936
1702937
1702938
1702939
1702940
1702941
1702942
1702943
1703079
1703080
1703081
1703082
1703083
1703084
1703085
1703086
1703087
1703088
1703089
1703090
1703091
1703092
1703093
1703094
1703095
1703096
1703097
1703098
1703099
1703100
1703101
1703102
1703103
1703104
1703105
1703550
1703551
1703552
1703553
1703554
1703555
1703556
1703557
1703558
1703559
1703560
1703561
1703562
1703563
1703564
1703565
1703566
1703567
1703568
1703569
1703570
1703571
1703572
1703573
1703725
1703726
1703727
1703728
1703729
1703730
1703731
1703732
1703733
1703734
1703735
1703736
1703737
1703738
1703739
1703740
1703741
1703742
1703743
1703744
1703745
1703746
1703747
1703748
1703884
1703885
1703886
1703887
1703888
1703889
1703890
1703891
1703892
1703893
1703894
1703895
1703896
1703897
1703898
1703899
1703900
1703901
1703902
1703903
1703904
1703905
1703906
1703907
1703908
1703909
1703910
1704355
1704356
1704357
1704358
1704359
1704360
1704361
1704362
1704363
1704364
1704365
1704366
1704367
1704368
1704369
1704370
1704371
1704372
1704373
1704374
1704375
1704376
1704377
1704378
1704530
1704531
1704532
1704533
1704534
1704535
1704536
1704537
1704538
1704539
1704540
1704541
1704542
1704543
1704544
1704545
1704546
1704547
1704548
1704549
1704550
1704551
1704552
1704553
1704689
1704690
1704691
1704692
1704693
1704694
1704695
1704696
1704697
1704698
1704699
1704700
1704701
1704702
1704703
1704704
1704705
1704706
1704707
1704708
1704709
1704710
1704711
1704712
1704713
1704714
1704715
1705160
1705161
1705162
1705163
1705164
1705165
1705166
1705167
1705168
1705169
1705170
1705171
1705172
1705173
1705174
1705175
1705176
1705177
1705178
1705179
1705180
1705181
1705182
1705183
1705335
1705336
1705337
1705338
1705339
1705340
1705341
1705342
1705343
1705344
1705345
1705346
1705347
1705348
1705349
1705350
1705351
1705352
1705353
1705354
1705355
1705356
1705357
1705358
1705494
1705495
1705496
1705497
1705498
1705499
1705500
1705501
1705502
1705503
1705504
1705505
1705506
1705507
1705508
1705509
1705510
1705511
1705512
1705513
1705514
1705515
1705516
1705517
1705518
1705519
1705520
1705965
1705966
1705967
1705968
1705969
1705970
1705971
1705972
1705973
1705974
1705975
1705976
1705977
1705978
1705979
1705980
1705981
1705982
1705983
1705984
1705985
1705986
1705987
1705988
1706140
1706141
1706142
1706143
1706144
1706145
1706146
1706147
1706148
1706149
1706150
1706151
1706152
1706153
1706154
1706155
1706156
1706157
1706158
1706159
1706160
1706161
1706162
1706163
1706299
1706300
1706301
1706302
1706303
1706304
1706305
1706306
1706307
1706308
1706309
1706310
1706311
1706312
1706313
1706314
1706315
1706316
1706317
1706318
1706319
1706320
1706321
1706322
1706323
1706324
1706325
1706770
1706771
1706772
1706773
1706774
1706775
1706776
1706777
1706778
1706779
1706780
1706781
1706782
1706783
1706784
1706785
1706786
1706787
1706788
1706789
1706790
1706791
1706792
1706793
1706945
1706946
1706947
1706948
1706949
1706950
1706951
1706952
1706953
1706954
1706955
1706956
1706957
1706958
1706959
1706960
1706961
1706962
1706963
1706964
1706965
1706966
1706967
1706968
1707104
1707105
1707106
1707107
1707108
1707109
1707110
1707111
1707112
1707113
1707114
1707115
1707116
1707117
1707118
1707119
1707120
1707121
1707122
1707123
1707124
1707125
1707126
1707127
1707128
1707129
1707130
1707575
1707576
1707577
1707578
1707579
1707580
1707581
1707582
1707583
1707584
1707585
1707586
1707587
1707588
1707589
1707590
1707591
1707592
1707593
1707594
1707595
1707596
1707597
1707598
1707750
1707751
1707752
1707753
1707754
1707755
1707756
1707757
1707758
1707759
1707760
1707761
1707762
1707763
1707764
1707765
1707766
1707767
1707768
1707769
1707770
1707771
1707772
1707773
1707909
1707910
1707911
1707912
1707913
1707914
1707915
1707916
1707917
1707918
1707919
1707920
1707921
1707922
1707923
1707924
1707925
1707926
1707927
1707928
1707929
1707930
1707931
1707932
1707933
1707934
1707935
1708380
1708381
1708382
1708383
1708384
1708385
1708386
1708387
1708388
1708389
1708390
1708391
1708392
1708393
1708394
1708395
1708396
1708397
1708398
1708399
1708400
1708401
1708402
1708403
1708555
1708556
1708557
1708558
1708559
1708560
1708561
1708562
1708563
1708564
1708565
1708566
1708567
1708568
1708569
1708570
1708571
1708572
1708573
1708574
1708575
1708576
1708577
1708578
1708714
1708715
1708716
1708717
1708718
1708719
1708720
1708721
1708722
1708723
1708724
1708725
1708726
1708727
1708728
1708729
1708730
1708731
1708732
1708733
1708734
1708735
1708736
1708737
1708738
1708739
1708740
1709185
1709186
1709187
1709188
1709189
1709190
1709191
1709192
1709193
1709194
1709195
1709196
1709197
1709198
1709199
1709200
1709201
1709202
1709203
1709204
1709205
1709206
1709207
1709208
1709360
1709361
1709362
1709363
1709364
1709365
1709366
1709367
1709368
1709369
1709370
1709371
1709372
1709373
1709374
1709375
1709376
1709377
1709378
1709379
1709380
1709381
1709382
1709383
1709519
1709520
1709521
1709522
1709523
1709524
1709525
1709526
1709527
1709528
1709529
1709530
1709531
1709532
1709533
1709534
1709535
1709536
1709537
1709538
1709539
1709540
1709541
1709542
1709543
1709544
1709545
1709990
1709991
1709992
1709993
1709994
1709995
1709996
1709997
1709998
1709999
1710000
1710001
1710002
1710003
1710004
1710005
1710006
1710007
1710008
1710009
1710010
1710011
1710012
1710013
1710165
1710166
1710167
1710168
1710169
1710170
1710171
1710172
1710173
1710174
1710175
1710176
1710177
1710178
1710179
1710180
1710181
1710182
1710183
1710184
1710185
1710186
1710187
1710188
1710324
1710325
1710326
1710327
1710328
1710329
1710330
1710331
1710332
1710333
1710334
1710335
1710336
1710337
1710338
1710339
1710340
1710341
1710342
1710343
1710344
1710345
1710346
1710347
1710348
1710349
1710350
1710795
1710796
1710797
1710798
1710799
1710800
1710801
1710802
1710803
1710804
1710805
1710806
1710807
1710808
1710809
1710810
1710811
1710812
1710813
1710814
1710815
1710816
1710817
1710818
1710970
1710971
1710972
1710973
1710974
1710975
1710976
1710977
1710978
1710979
1710980
1710981
1710982
1710983
1710984
1710985
1710986
1710987
1710988
1710989
1710990
1710991
1710992
1710993
1711129
1711130
1711131
1711132
1711133
1711134
1711135
1711136
1711137
1711138
1711139
1711140
1711141
1711142
1711143
1711144
1711145
1711146
1711147
1711148
1711149
1711150
1711151
1711152
1711153
1711154
1711155
1711600
1711601
1711602
1711603
1711604
1711605
1711606
1711607
1711608
1711609
1711610
1711611
1711612
1711613
1711614
1711615
1711616
1711617
1711618
1711619
1711620
1711621
1711622
1711623
1711775
1711776
1711777
1711778
1711779
1711780
1711781
1711782
1711783
1711784
1711785
1711786
1711787
1711788
1711789
1711790
1711791
1711792
1711793
1711794
1711795
1711796
1711797
1711798
1711934
1711935
1711936
1711937
1711938
1711939
1711940
1711941
1711942
1711943
1711944
1711945
1711946
1711947
1711948
1711949
1711950
1711951
1711952
1711953
1711954
1711955
1711956
1711957
1711958
1711959
1711960
1712405
1712406
1712407
1712408
1712409
1712410
1712411
1712412
1712413
1712414
1712415
1712416
1712417
1712418
1712419
1712420
1712421
1712422
1712423
1712424
1712425
1712426
1712427
1712428
1712580
1712581
1712582
1712583
1712584
1712585
1712586
1712587
1712588
1712589
1712590
1712591
1712592
1712593
1712594
1712595
1712596
1712597
1712598
1712599
1712600
1712601
1712602
1712603
1712739
1712740
1712741
1712742
1712743
1712744
1712745
1712746
1712747
1712748
1712749
1712750
1712751
1712752
1712753
1712754
1712755
1712756
1712757
1712758
1712759
1712760
1712761
1712762
1712763
1712764
1712765
1713210
1713211
1713212
1713213
1713214
1713215
1713216
1713217
1713218
1713219
1713220
1713221
1713222
1713223
1713224
1713225
1713226
1713227
1713228
1713229
1713230
1713231
1713232
1713233
1713385
1713386
1713387
1713388
1713389
1713390
1713391
1713392
1713393
1713394
1713395
1713396
1713397
1713398
1713399
1713400
1713401
1713402
1713403
1713404
1713405
1713406
1713407
1713408
1713544
1713545
1713546
1713547
1713548
1713549
1713550
1713551
1713552
1713553
1713554
1713555
1713556
1713557
1713558
1713559
1713560
1713561
1713562
1713563
1713564
1713565
1713566
1713567
1713568
1713569
1713570
1714015
1714016
1714017
1714018
1714019
1714020
1714021
1714022
1714023
1714024
1714025
1714026
1714027
1714028
1714029
1714030
1714031
1714032
1714033
1714034
1714035
1714036
1714037
1714038
1714190
1714191
1714192
1714193
1714194
1714195
1714196
1714197
1714198
1714199
1714200
1714201
1714202
1714203
1714204
1714205
1714206
1714207
1714208
1714209
1714210
1714211
1714212
1714213
1714349
1714350
1714351
1714352
1714353
1714354
1714355
1714356
1714357
1714358
1714359
1714360
1714361
1714362
1714363
1714364
1714365
1714366
1714367
1714368
1714369
1714370
1714371
1714372
1714373
1714374
1714375
1714820
1714821
1714822
1714823
1714824
1714825
1714826
1714827
1714828
1714829
1714830
1714831
1714832
1714833
1714834
1714835
1714836
1714837
1714838
1714839
1714840
1714841
1714842
1714843
1714995
1714996
1714997
1714998
1714999
1715000
1715001
1715002
1715003
1715004
1715005
1715006
1715007
1715008
1715009
1715010
1715011
1715012
1715013
1715014
1715015
1715016
1715017
1715018
1715154
1715155
1715156
1715157
1715158
1715159
1715160
1715161
1715162
1715163
1715164
1715165
1715166
1715167
1715168
1715169
1715170
1715171
1715172
1715173
1715174
1715175
1715176
1715177
1715178
1715179
1715180
1715625
1715626
1715627
1715628
1715629
1715630
1715631
1715632
1715633
1715634
1715635
1715636
1715637
1715638
1715639
1715640
1715641
1715642
1715643
1715644
1715645
1715646
1715647
1715648
1715800
1715801
1715802
1715803
1715804
1715805
1715806
1715807
1715808
1715809
1715810
1715811
1715812
1715813
1715814
1715815
1715816
1715817
1715818
1715819
1715820
1715821
1715822
1715823
1715959
1715960
1715961
1715962
1715963
1715964
1715965
1715966
1715967
1715968
1715969
1715970
1715971
1715972
1715973
1715974
1715975
1715976
1715977
1715978
1715979
1715980
1715981
1715982
1715983
1715984
1715985
1716430
1716431
1716432
1716433
1716434
1716435
1716436
1716437
1716438
1716439
1716440
1716441
1716442
1716443
1716444
1716445
1716446
1716447
1716448
1716449
1716450
1716451
1716452
1716453
1716605
1716606
1716607
1716608
1716609
1716610
1716611
1716612
1716613
1716614
1716615
1716616
1716617
1716618
1716619
1716620
1716621
1716622
1716623
1716624
1716625
1716626
1716627
1716628
1716764
1716765
1716766
1716767
1716768
1716769
1716770
1716771
1716772
1716773
1716774
1716775
1716776
1716777
1716778
1716779
1716780
1716781
1716782
1716783
1716784
1716785
1716786
1716787
1716788
1716789
1716790
1717235
1717236
1717237
1717238
1717239
1717240
1717241
1717242
1717243
1717244
1717245
1717246
1717247
1717248
1717249
1717250
1717251
1717252
1717253
1717254
1717255
1717256
1717257
1717258
1717410
1717411
1717412
1717413
1717414
1717415
1717416
1717417
1717418
1717419
1717420
1717421
1717422
1717423
1717424
1717425
1717426
1717427
1717428
1717429
1717430
1717431
1717432
1717433
1717569
1717570
1717571
1717572
1717573
1717574
1717575
1717576
1717577
1717578
1717579
1717580
1717581
1717582
1717583
1717584
1717585
1717586
1717587
1717588
1717589
1717590
1717591
1717592
1717593
1717594
1717595
1718040
1718041
1718042
1718043
1718044
1718045
1718046
1718047
1718048
1718049
1718050
1718051
1718052
1718053
1718054
1718055
1718056
1718057
1718058
1718059
1718060
1718061
1718062
1718063
1718215
1718216
1718217
1718218
1718219
1718220
1718221
1718222
1718223
1718224
1718225
1718226
1718227
1718228
1718229
1718230
1718231
1718232
1718233
1718234
1718235
1718236
1718237
1718238
1718374
1718375
1718376
1718377
1718378
1718379
1718380
1718381
1718382
1718383
1718384
1718385
1718386
1718387
1718388
1718389
1718390
1718391
1718392
1718393
1718394
1718395
1718396
1718397
1718398
1718399
1718400
1718845
1718846
1718847
1718848
1718849
1718850
1718851
1718852
1718853
1718854
1718855
1718856
1718857
1718858
1718859
1718860
1718861
1718862
1718863
1718864
1718865
1718866
1718867
1718868
1719020
1719021
1719022
1719023
1719024
1719025
1719026
1719027
1719028
1719029
1719030
1719031
1719032
1719033
1719034
1719035
1719036
1719037
1719038
1719039
1719040
1719041
1719042
1719043
1719179
1719180
1719181
1719182
1719183
1719184
1719185
1719186
1719187
1719188
1719189
1719190
1719191
1719192
1719193
1719194
1719195
1719196
1719197
1719198
1719199
1719200
1719201
1719202
1719203
1719204
1719205
1719650
1719651
1719652
1719653
1719654
1719655
1719656
1719657
1719658
1719659
1719660
1719661
1719662
1719663
1719664
1719665
1719666
1719667
1719668
1719669
1719670
1719671
1719672
1719673
1719825
1719826
1719827
1719828
1719829
1719830
1719831
1719832
1719833
1719834
1719835
1719836
1719837
1719838
1719839
1719840
1719841
1719842
1719843
1719844
1719845
1719846
1719847
1719848
1719984
1719985
1719986
1719987
1719988
1719989
1719990
1719991
1719992
1719993
1719994
1719995
1719996
1719997
1719998
1719999
1720000
1720001
1720002
1720003
1720004
1720005
1720006
1720007
1720008
1720009
1720010
1720455
1720456
1720457
1720458
1720459
1720460
1720461
1720462
1720463
1720464
1720465
1720466
1720467
1720468
1720469
1720470
1720471
1720472
1720473
1720474
1720475
1720476
1720477
1720478
1720630
1720631
1720632
1720633
1720634
1720635
1720636
1720637
1720638
1720639
1720640
1720641
1720642
1720643
1720644
1720645
1720646
1720647
1720648
1720649
1720650
1720651
1720652
1720653
1720789
1720790
1720791
1720792
1720793
1720794
1720795
1720796
1720797
1720798
1720799
1720800
1720801
1720802
1720803
1720804
1720805
1720806
1720807
1720808
1720809
1720810
1720811
1720812
1720813
1720814
1720815
1721260
1721261
1721262
1721263
1721264
1721265
1721266
1721267
1721268
1721269
1721270
1721271
1721272
1721273
1721274
1721275
1721276
1721277
1721278
1721279
1721280
1721281
1721282
1721283
1721435
1721436
1721437
1721438
1721439
1721440
1721441
1721442
1721443
1721444
1721445
1721446
1721447
1721448
1721449
1721450
1721451
1721452
1721453
1721454
1721455
1721456
1721457
1721458
1721594
1721595
1721596
1721597
1721598
1721599
1721600
1721601
1721602
1721603
1721604
1721605
1721606
1721607
1721608
1721609
1721610
1721611
1721612
1721613
1721614
1721615
1721616
1721617
1721618
1721619
1721620
1722065
1722066
1722067
1722068
1722069
1722070
1722071
1722072
1722073
1722074
1722075
1722076
1722077
1722078
1722079
1722080
1722081
1722082
1722083
1722084
1722085
1722086
1722087
1722088
1722240
1722241
1722242
1722243
1722244
1722245
1722246
1722247
1722248
1722249
1722250
1722251
1722252
1722253
1722254
1722255
1722256
1722257
1722258
1722259
1722260
1722261
1722262
1722263
1722399
1722400
1722401
1722402
1722403
1722404
1722405
1722406
1722407
1722408
1722409
1722410
1722411
1722412
1722413
1722414
1722415
1722416
1722417
1722418
1722419
1722420
1722421
1722422
1722423
1722424
1722425
1722870
1722871
1722872
1722873
1722874
1722875
1722876
1722877
1722878
1722879
1722880
1722881
1722882
1722883
1722884
1722885
1722886
1722887
1722888
1722889
1722890
1722891
1722892
1722893
1723045
1723046
1723047
1723048
1723049
1723050
1723051
1723052
1723053
1723054
1723055
1723056
1723057
1723058
1723059
1723060
1723061
1723062
1723063
1723064
1723065
1723066
1723067
1723068
1723204
1723205
1723206
1723207
1723208
1723209
1723210
1723211
1723212
1723213
1723214
1723215
1723216
1723217
1723218
1723219
1723220
1723221
1723222
1723223
1723224
1723225
1723226
1723227
1723228
1723229
1723230
1723675
1723676
1723677
1723678
1723679
1723680
1723681
1723682
1723683
1723684
1723685
1723686
1723687
1723688
1723689
1723690
1723691
1723692
1723693
1723694
1723695
1723696
1723697
1723698
1723850
1723851
1723852
1723853
1723854
1723855
1723856
1723857
1723858
1723859
1723860
1723861
1723862
1723863
1723864
1723865
1723866
1723867
1723868
1723869
1723870
1723871
1723872
1723873
1724009
1724010
1724011
1724012
1724013
1724014
1724015
1724016
1724017
1724018
1724019
1724020
1724021
1724022
1724023
1724024
1724025
1724026
1724027
1724028
1724029
1724030
1724031
1724032
1724033
1724034
1724035
1724480
1724481
1724482
1724483
1724484
1724485
1724486
1724487
1724488
1724489
1724490
1724491
1724492
1724493
1724494
1724495
1724496
1724497
1724498
1724499
1724500
1724501
1724502
1724503
1724655
1724656
1724657
1724658
1724659
1724660
1724661
1724662
1724663
1724664
1724665
1724666
1724667
1724668
1724669
1724670
1724671
1724672
1724673
1724674
1724675
1724676
1724677
1724678
1724814
1724815
1724816
1724817
1724818
1724819
1724820
1724821
1724822
1724823
1724824
1724825
1724826
1724827
1724828
1724829
1724830
1724831
1724832
1724833
1724834
1724835
1724836
1724837
1724838
1724839
1724840
1725285
1725286
1725287
1725288
1725289
1725290
1725291
1725292
1725293
1725294
1725295
1725296
1725297
1725298
1725299
1725300
1725301
1725302
1725303
1725304
1725305
1725306
1725307
1725308
1725460
1725461
1725462
1725463
1725464
1725465
1725466
1725467
1725468
1725469
1725470
1725471
1725472
1725473
1725474
1725475
1725476
1725477
1725478
1725479
1725480
1725481
1725482
1725483
1725619
1725620
1725621
1725622
1725623
1725624
1725625
1725626
1725627
1725628
1725629
1725630
1725631
1725632
1725633
1725634
1725635
1725636
1725637
1725638
1725639
1725640
1725641
1725642
1725643
1725644
1725645
1726090
1726091
1726092
1726093
1726094
1726095
1726096
1726097
1726098
1726099
1726100
1726101
1726102
1726103
1726104
1726105
1726106
1726107
1726108
1726109
1726110
1726111
1726112
1726113
1726265
1726266
1726267
1726268
1726269
1726270
1726271
1726272
1726273
1726274
1726275
1726276
1726277
1726278
1726279
1726280
1726281
1726282
1726283
1726284
1726285
1726286
1726287
1726288
1726424
1726425
1726426
1726427
1726428
1726429
1726430
1726431
1726432
1726433
1726434
1726435
1726436
1726437
1726438
1726439
1726440
1726441
1726442
1726443
1726444
1726445
1726446
1726447
1726448
1726449
1726450
1726895
1726896
1726897
1726898
1726899
1726900
1726901
1726902
1726903
1726904
1726905
1726906
1726907
1726908
1726909
1726910
1726911
1726912
1726913
1726914
1726915
1726916
1726917
1726918
1727070
1727071
1727072
1727073
1727074
1727075
1727076
1727077
1727078
1727079
1727080
1727081
1727082
1727083
1727084
1727085
1727086
1727087
1727088
1727089
1727090
1727091
1727092
1727093
1727229
1727230
1727231
1727232
1727233
1727234
1727235
1727236
1727237
1727238
1727239
1727240
1727241
1727242
1727243
1727244
1727245
1727246
1727247
1727248
1727249
1727250
1727251
1727252
1727253
1727254
1727255
1727700
1727701
1727702
1727703
1727704
1727705
1727706
1727707
1727708
1727709
1727710
1727711
1727712
1727713
1727714
1727715
1727716
1727717
1727718
1727719
1727720
1727721
1727722
1727723
1727875
1727876
1727877
1727878
1727879
1727880
1727881
1727882
1727883
1727884
1727885
1727886
1727887
1727888
1727889
1727890
1727891
1727892
1727893
1727894
1727895
1727896
1727897
1727898
1728034
1728035
1728036
1728037
1728038
1728039
1728040
1728041
1728042
1728043
1728044
1728045
1728046
1728047
1728048
1728049
1728050
1728051
1728052
1728053
1728054
1728055
1728056
1728057
1728058
1728059
1728060
1728505
1728506
1728507
1728508
1728509
1728510
1728511
1728512
1728513
1728514
1728515
1728516
1728517
1728518
1728519
1728520
1728521
1728522
1728523
1728524
1728525
1728526
1728527
1728528
1728680
1728681
1728682
1728683
1728684
1728685
1728686
1728687
1728688
1728689
1728690
1728691
1728692
1728693
1728694
1728695
1728696
1728697
1728698
1728699
1728700
1728701
1728702
1728703
1728839
1728840
1728841
1728842
1728843
1728844
1728845
1728846
1728847
1728848
1728849
1728850
1728851
1728852
1728853
1728854
1728855
1728856
1728857
1728858
1728859
1728860
1728861
1728862
1728863
1728864
1728865
1729310
1729311
1729312
1729313
1729314
1729315
1729316
1729317
1729318
1729319
1729320
1729321
1729322
1729323
1729324
1729325
1729326
1729327
1729328
1729329
1729330
1729331
1729332
1729333
1729485
1729486
1729487
1729488
1729489
1729490
1729491
1729492
1729493
1729494
1729495
1729496
1729497
1729498
1729499
1729500
1729501
1729502
1729503
1729504
1729505
1729506
1729507
1729508
1729644
1729645
1729646
1729647
1729648
1729649
1729650
1729651
1729652
1729653
1729654
1729655
1729656
1729657
1729658
1729659
1729660
1729661
1729662
1729663
1729664
1729665
1729666
1729667
1729668
1729669
1729670
1730115
1730116
1730117
1730118
1730119
1730120
1730121
1730122
1730123
1730124
1730125
1730126
1730127
1730128
1730129
1730130
1730131
1730132
1730133
1730134
1730135
1730136
1730137
1730138
1730290
1730291
1730292
1730293
1730294
1730295
1730296
1730297
1730298
1730299
1730300
1730301
1730302
1730303
1730304
1730305
1730306
1730307
1730308
1730309
1730310
1730311
1730312
1730313
1730449
1730450
1730451
1730452
1730453
1730454
1730455
1730456
1730457
1730458
1730459
1730460
1730461
1730462
1730463
1730464
1730465
1730466
1730467
1730468
1730469
1730470
1730471
1730472
1730473
1730474
1730475
1730920
1730921
1730922
1730923
1730924
1730925
1730926
1730927
1730928
1730929
1730930
1730931
1730932
1730933
1730934
1730935
1730936
1730937
1730938
1730939
1730940
1730941
1730942
1730943
1731095
1731096
1731097
1731098
1731099
1731100
1731101
1731102
1731103
1731104
1731105
1731106
1731107
1731108
1731109
1731110
1731111
1731112
1731113
1731114
1731115
1731116
1731117
1731118
1731254
1731255
1731256
1731257
1731258
1731259
1731260
1731261
1731262
1731263
1731264
1731265
1731266
1731267
1731268
1731269
1731270
1731271
1731272
1731273
1731274
1731275
1731276
1731277
1731278
1731279
1731280
1731725
1731726
1731727
1731728
1731729
1731730
1731731
1731732
1731733
1731734
1731735
1731736
1731737
1731738
1731739
1731740
1731741
1731742
1731743
1731744
1731745
1731746
1731747
1731748
1731900
1731901
1731902
1731903
1731904
1731905
1731906
1731907
1731908
1731909
1731910
1731911
1731912
1731913
1731914
1731915
1731916
1731917
1731918
1731919
1731920
1731921
1731922
1731923
1732059
1732060
1732061
1732062
1732063
1732064
1732065
1732066
1732067
1732068
1732069
1732070
1732071
1732072
1732073
1732074
1732075
1732076
1732077
1732078
1732079
1732080
1732081
1732082
1732083
1732084
1732085
1732530
1732531
1732532
1732533
1732534
1732535
1732536
1732537
1732538
1732539
1732540
1732541
1732542
1732543
1732544
1732545
1732546
1732547
1732548
1732549
1732550
1732551
1732552
1732553
1732705
1732706
1732707
1732708
1732709
1732710
1732711
1732712
1732713
1732714
1732715
1732716
1732717
1732718
1732719
1732720
1732721
1732722
1732723
1732724
1732725
1732726
1732727
1732728
1732864
1732865
1732866
1732867
1732868
1732869
1732870
1732871
1732872
1732873
1732874
1732875
1732876
1732877
1732878
1732879
1732880
1732881
1732882
1732883
1732884
1732885
1732886
1732887
1732888
1732889
1732890
1733335
1733336
1733337
1733338
1733339
1733340
1733341
1733342
1733343
1733344
1733345
1733346
1733347
1733348
1733349
1733350
1733351
1733352
1733353
1733354
1733355
1733356
1733357
1733358
1733510
1733511
1733512
1733513
1733514
1733515
1733516
1733517
1733518
1733519
1733520
1733521
1733522
1733523
1733524
1733525
1733526
1733527
1733528
1733529
1733530
1733531
1733532
1733533
1733669
1733670
1733671
1733672
1733673
1733674
1733675
1733676
1733677
1733678
1733679
1733680
1733681
1733682
1733683
1733684
1733685
1733686
1733687
1733688
1733689
1733690
1733691
1733692
1733693
1733694
1733695
1734140
1734141
1734142
1734143
1734144
1734145
1734146
1734147
1734148
1734149
1734150
1734151
1734152
1734153
1734154
1734155
1734156
1734157
1734158
1734159
1734160
1734161
1734162
1734163
1734315
1734316
1734317
1734318
1734319
1734320
1734321
1734322
1734323
1734324
1734325
1734326
1734327
1734328
1734329
1734330
1734331
1734332
1734333
1734334
1734335
1734336
1734337
1734338
1734474
1734475
1734476
1734477
1734478
1734479
1734480
1734481
1734482
1734483
1734484
1734485
1734486
1734487
1734488
1734489
1734490
1734491
1734492
1734493
1734494
1734495
1734496
1734497
1734498
1734499
1734500
1734945
1734946
1734947
1734948
1734949
1734950
1734951
1734952
1734953
1734954
1734955
1734956
1734957
1734958
1734959
1734960
1734961
1734962
1734963
1734964
1734965
1734966
1734967
1734968
1735120
1735121
1735122
1735123
1735124
1735125
1735126
1735127
1735128
1735129
1735130
1735131
1735132
1735133
1735134
1735135
1735136
1735137
1735138
1735139
1735140
1735141
1735142
1735143
1735279
1735280
1735281
1735282
1735283
1735284
1735285
1735286
1735287
1735288
1735289
1735290
1735291
1735292
1735293
1735294
1735295
1735296
1735297
1735298
1735299
1735300
1735301
1735302
1735303
1735304
1735305
1735750
1735751
1735752
1735753
1735754
1735755
1735756
1735757
1735758
1735759
1735760
1735761
1735762
1735763
1735764
1735765
1735766
1735767
1735768
1735769
1735770
1735771
1735772
1735773
1735925
1735926
1735927
1735928
1735929
1735930
1735931
1735932
1735933
1735934
1735935
1735936
1735937
1735938
1735939
1735940
1735941
1735942
1735943
1735944
1735945
1735946
1735947
1735948
1736084
1736085
1736086
1736087
1736088
1736089
1736090
1736091
1736092
1736093
1736094
1736095
1736096
1736097
1736098
1736099
1736100
1736101
1736102
1736103
1736104
1736105
1736106
1736107
1736108
1736109
1736110
1736555
1736556
1736557
1736558
1736559
1736560
1736561
1736562
1736563
1736564
1736565
1736566
1736567
1736568
1736569
1736570
1736571
1736572
1736573
1736574
1736575
1736576
1736577
1736578
1736730
1736731
1736732
1736733
1736734
1736735
1736736
1736737
1736738
1736739
1736740
1736741
1736742
1736743
1736744
1736745
1736746
1736747
1736748
1736749
1736750
1736751
1736752
1736753
1736889
1736890
1736891
1736892
1736893
1736894
1736895
1736896
1736897
1736898
1736899
1736900
1736901
1736902
1736903
1736904
1736905
1736906
1736907
1736908
1736909
1736910
1736911
1736912
1736913
1736914
1736915
1737360
1737361
1737362
1737363
1737364
1737365
1737366
1737367
1737368
1737369
1737370
1737371
1737372
1737373
1737374
1737375
1737376
1737377
1737378
1737379
1737380
1737381
1737382
1737383
1737535
1737536
1737537
1737538
1737539
1737540
1737541
1737542
1737543
1737544
1737545
1737546
1737547
1737548
1737549
1737550
1737551
1737552
1737553
1737554
1737555
1737556
1737557
1737558
1737694
1737695
1737696
1737697
1737698
1737699
1737700
1737701
1737702
1737703
1737704
1737705
1737706
1737707
1737708
1737709
1737710
1737711
1737712
1737713
1737714
1737715
1737716
1737717
1737718
1737719
1737720
1738165
1738166
1738167
1738168
1738169
1738170
1738171
1738172
1738173
1738174
1738175
1738176
1738177
1738178
1738179
1738180
1738181
1738182
1738183
1738184
1738185
1738186
1738187
1738188
1738340
1738341
1738342
1738343
1738344
1738345
1738346
1738347
1738348
1738349
1738350
1738351
1738352
1738353
1738354
1738355
1738356
1738357
1738358
1738359
1738360
1738361
1738362
1738363
1738499
1738500
1738501
1738502
1738503
1738504
1738505
1738506
1738507
1738508
1738509
1738510
1738511
1738512
1738513
1738514
1738515
1738516
1738517
1738518
1738519
1738520
1738521
1738522
1738523
1738524
1738525
1738970
1738971
1738972
1738973
1738974
1738975
1738976
1738977
1738978
1738979
1738980
1738981
1738982
1738983
1738984
1738985
1738986
1738987
1738988
1738989
1738990
1738991
1738992
1738993
1739145
1739146
1739147
1739148
1739149
1739150
1739151
1739152
1739153
1739154
1739155
1739156
1739157
1739158
1739159
1739160
1739161
1739162
1739163
1739164
1739165
1739166
1739167
1739168
1739304
1739305
1739306
1739307
1739308
1739309
1739310
1739311
1739312
1739313
1739314
1739315
1739316
1739317
1739318
1739319
1739320
1739321
1739322
1739323
1739324
1739325
1739326
1739327
1739328
1739329
1739330
1739775
1739776
1739777
1739778
1739779
1739780
1739781
1739782
1739783
1739784
1739785
1739786
1739787
1739788
1739789
1739790
1739791
1739792
1739793
1739794
1739795
1739796
1739797
1739798
1739950
1739951
1739952
1739953
1739954
1739955
1739956
1739957
1739958
1739959
1739960
1739961
1739962
1739963
1739964
1739965
1739966
1739967
1739968
1739969
1739970
1739971
1739972
1739973
1740109
1740110
1740111
1740112
1740113
1740114
1740115
1740116
1740117
1740118
1740119
1740120
1740121
1740122
1740123
1740124
1740125
1740126
1740127
1740128
1740129
1740130
1740131
1740132
1740133
1740134
1740135
1740580
1740581
1740582
1740583
1740584
1740585
1740586
1740587
1740588
1740589
1740590
1740591
1740592
1740593
1740594
1740595
1740596
1740597
1740598
1740599
1740600
1740601
1740602
1740603
1740755
1740756
1740757
1740758
1740759
1740760
1740761
1740762
1740763
1740764
1740765
1740766
1740767
1740768
1740769
1740770
1740771
1740772
1740773
1740774
1740775
1740776
1740777
1740778
1740914
1740915
1740916
1740917
1740918
1740919
1740920
1740921
1740922
1740923
1740924
1740925
1740926
1740927
1740928
1740929
1740930
1740931
1740932
1740933
1740934
1740935
1740936
1740937
1740938
1740939
1740940
1741385
1741386
1741387
1741388
1741389
1741390
1741391
1741392
1741393
1741394
1741395
1741396
1741397
1741398
1741399
1741400
1741401
1741402
1741403
1741404
1741405
1741406
1741407
1741408
1741560
1741561
1741562
1741563
1741564
1741565
1741566
1741567
1741568
1741569
1741570
1741571
1741572
1741573
1741574
1741575
1741576
1741577
1741578
1741579
1741580
1741581
1741582
1741583
1741719
1741720
1741721
1741722
1741723
1741724
1741725
1741726
1741727
1741728
1741729
1741730
1741731
1741732
1741733
1741734
1741735
1741736
1741737
1741738
1741739
1741740
1741741
1741742
1741743
1741744
1741745
1742190
1742191
1742192
1742193
1742194
1742195
1742196
1742197
1742198
1742199
1742200
1742201
1742202
1742203
1742204
1742205
1742206
1742207
1742208
1742209
1742210
1742211
1742212
1742213
1742365
1742366
1742367
1742368
1742369
1742370
1742371
1742372
1742373
1742374
1742375
1742376
1742377
1742378
1742379
1742380
1742381
1742382
1742383
1742384
1742385
1742386
1742387
1742388
1742524
1742525
1742526
1742527
1742528
1742529
1742530
1742531
1742532
1742533
1742534
1742535
1742536
1742537
1742538
1742539
1742540
1742541
1742542
1742543
1742544
1742545
1742546
1742547
1742548
1742549
1742550
1742995
1742996
1742997
1742998
1742999
1743000
1743001
1743002
1743003
1743004
1743005
1743006
1743007
1743008
1743009
1743010
1743011
1743012
1743013
1743014
1743015
1743016
1743017
1743018
1743170
1743171
1743172
1743173
1743174
1743175
1743176
1743177
1743178
1743179
1743180
1743181
1743182
1743183
1743184
1743185
1743186
1743187
1743188
1743189
1743190
1743191
1743192
1743193
1743329
1743330
1743331
1743332
1743333
1743334
1743335
1743336
1743337
1743338
1743339
1743340
1743341
1743342
1743343
1743344
1743345
1743346
1743347
1743348
1743349
1743350
1743351
1743352
1743353
1743354
1743355
1743800
1743801
1743802
1743803
1743804
1743805
1743806
1743807
1743808
1743809
1743810
1743811
1743812
1743813
1743814
1743815
1743816
1743817
1743818
1743819
1743820
1743821
1743822
1743823
1743975
1743976
1743977
1743978
1743979
1743980
1743981
1743982
1743983
1743984
1743985
1743986
1743987
1743988
1743989
1743990
1743991
1743992
1743993
1743994
1743995
1743996
1743997
1743998
1744134
1744135
1744136
1744137
1744138
1744139
1744140
1744141
1744142
1744143
1744144
1744145
1744146
1744147
1744148
1744149
1744150
1744151
1744152
1744153
1744154
1744155
1744156
1744157
1744158
1744159
1744160
1744605
1744606
1744607
1744608
1744609
1744610
1744611
1744612
1744613
1744614
1744615
1744616
1744617
1744618
1744619
1744620
1744621
1744622
1744623
1744624
1744625
1744626
1744627
1744628
1744780
1744781
1744782
1744783
1744784
1744785
1744786
1744787
1744788
1744789
1744790
1744791
1744792
1744793
1744794
1744795
1744796
1744797
1744798
1744799
1744800
1744801
1744802
1744803
1744939
1744940
1744941
1744942
1744943
1744944
1744945
1744946
1744947
1744948
1744949
1744950
1744951
1744952
1744953
1744954
1744955
1744956
1744957
1744958
1744959
1744960
1744961
1744962
1744963
1744964
1744965
1745410
1745411
1745412
1745413
1745414
1745415
1745416
1745417
1745418
1745419
1745420
1745421
1745422
1745423
1745424
1745425
1745426
1745427
1745428
1745429
1745430
1745431
1745432
1745433
1745585
1745586
1745587
1745588
1745589
1745590
1745591
1745592
1745593
1745594
1745595
1745596
1745597
1745598
1745599
1745600
1745601
1745602
1745603
1745604
1745605
1745606
1745607
1745608
1745744
1745745
1745746
1745747
1745748
1745749
1745750
1745751
1745752
1745753
1745754
1745755
1745756
1745757
1745758
1745759
1745760
1745761
1745762
1745763
1745764
1745765
1745766
1745767
1745768
1745769
1745770
1746215
1746216
1746217
1746218
1746219
1746220
1746221
1746222
1746223
1746224
1746225
1746226
1746227
1746228
1746229
1746230
1746231
1746232
1746233
1746234
1746235
1746236
1746237
1746238
1746390
1746391
1746392
1746393
1746394
1746395
1746396
1746397
1746398
1746399
1746400
1746401
1746402
1746403
1746404
1746405
1746406
1746407
1746408
1746409
1746410
1746411
1746412
1746413
1746549
1746550
1746551
1746552
1746553
1746554
1746555
1746556
1746557
1746558
1746559
1746560
1746561
1746562
1746563
1746564
1746565
1746566
1746567
1746568
1746569
1746570
1746571
1746572
1746573
1746574
1746575
1747020
1747021
1747022
1747023
1747024
1747025
1747026
1747027
1747028
1747029
1747030
1747031
1747032
1747033
1747034
1747035
1747036
1747037
1747038
1747039
1747040
1747041
1747042
1747043
1747195
1747196
1747197
1747198
1747199
1747200
1747201
1747202
1747203
1747204
1747205
1747206
1747207
1747208
1747209
1747210
1747211
1747212
1747213
1747214
1747215
1747216
1747217
1747218
1747354
1747355
1747356
1747357
1747358
1747359
1747360
1747361
1747362
1747363
1747364
1747365
1747366
1747367
1747368
1747369
1747370
1747371
1747372
1747373
1747374
1747375
1747376
1747377
1747378
1747379
1747380
1747825
1747826
1747827
1747828
1747829
1747830
1747831
1747832
1747833
1747834
1747835
1747836
1747837
1747838
1747839
1747840
1747841
1747842
1747843
1747844
1747845
1747846
1747847
1747848
1748000
1748001
1748002
1748003
1748004
1748005
1748006
1748007
1748008
1748009
1748010
1748011
1748012
1748013
1748014
1748015
1748016
1748017
1748018
1748019
1748020
1748021
1748022
1748023
1748159
1748160
1748161
1748162
1748163
1748164
1748165
1748166
1748167
1748168
1748169
1748170
1748171
1748172
1748173
1748174
1748175
1748176
1748177
1748178
1748179
1748180
1748181
1748182
1748183
1748184
1748185
1748630
1748631
1748632
1748633
1748634
1748635
1748636
1748637
1748638
1748639
1748640
1748641
1748642
1748643
1748644
1748645
1748646
1748647
1748648
1748649
1748650
1748651
1748652
1748653
1748805
1748806
1748807
1748808
1748809
1748810
1748811
1748812
1748813
1748814
1748815
1748816
1748817
1748818
1748819
1748820
1748821
1748822
1748823
1748824
1748825
1748826
1748827
1748828
1748964
1748965
1748966
1748967
1748968
1748969
1748970
1748971
1748972
1748973
1748974
1748975
1748976
1748977
1748978
1748979
1748980
1748981
1748982
1748983
1748984
1748985
1748986
1748987
1748988
1748989
1748990
1749435
1749436
1749437
1749438
1749439
1749440
1749441
1749442
1749443
1749444
1749445
1749446
1749447
1749448
1749449
1749450
1749451
1749452
1749453
1749454
1749455
1749456
1749457
1749458
1749610
1749611
1749612
1749613
1749614
1749615
1749616
1749617
1749618
1749619
1749620
1749621
1749622
1749623
1749624
1749625
1749626
1749627
1749628
1749629
1749630
1749631
1749632
1749633
1749769
1749770
1749771
1749772
1749773
1749774
1749775
1749776
1749777
1749778
1749779
1749780
1749781
1749782
1749783
1749784
1749785
1749786
1749787
1749788
1749789
1749790
1749791
1749792
1749793
1749794
1749795
1750240
1750241
1750242
1750243
1750244
1750245
1750246
1750247
1750248
1750249
1750250
1750251
1750252
1750253
1750254
1750255
1750256
1750257
1750258
1750259
1750260
1750261
1750262
1750263
1750415
1750416
1750417
1750418
1750419
1750420
1750421
1750422
1750423
1750424
1750425
1750426
1750427
1750428
1750429
1750430
1750431
1750432
1750433
1750434
1750435
1750436
1750437
1750438
1750574
1750575
1750576
1750577
1750578
1750579
1750580
1750581
1750582
1750583
1750584
1750585
1750586
1750587
1750588
1750589
1750590
1750591
1750592
1750593
1750594
1750595
1750596
1750597
1750598
1750599
1750600
1751045
1751046
1751047
1751048
1751049
1751050
1751051
1751052
1751053
1751054
1751055
1751056
1751057
1751058
1751059
1751060
1751061
1751062
1751063
1751064
1751065
1751066
1751067
1751068
1751220
1751221
1751222
1751223
1751224
1751225
1751226
1751227
1751228
1751229
1751230
1751231
1751232
1751233
1751234
1751235
1751236
1751237
1751238
1751239
1751240
1751241
1751242
1751243
1751379
1751380
1751381
1751382
1751383
1751384
1751385
1751386
1751387
1751388
1751389
1751390
1751391
1751392
1751393
1751394
1751395
1751396
1751397
1751398
1751399
1751400
1751401
1751402
1751403
1751404
1751405
1751850
1751851
1751852
1751853
1751854
1751855
1751856
1751857
1751858
1751859
1751860
1751861
1751862
1751863
1751864
1751865
1751866
1751867
1751868
1751869
1751870
1751871
1751872
1751873
1752025
1752026
1752027
1752028
1752029
1752030
1752031
1752032
1752033
1752034
1752035
1752036
1752037
1752038
1752039
1752040
1752041
1752042
1752043
1752044
1752045
1752046
1752047
1752048
1752184
1752185
1752186
1752187
1752188
1752189
1752190
1752191
1752192
1752193
1752194
1752195
1752196
1752197
1752198
1752199
1752200
1752201
1752202
1752203
1752204
1752205
1752206
1752207
1752208
1752209
1752210
1752655
1752656
1752657
1752658
1752659
1752660
1752661
1752662
1752663
1752664
1752665
1752666
1752667
1752668
1752669
1752670
1752671
1752672
1752673
1752674
1752675
1752676
1752677
1752678
1752830
1752831
1752832
1752833
1752834
1752835
1752836
1752837
1752838
1752839
1752840
1752841
1752842
1752843
1752844
1752845
1752846
1752847
1752848
1752849
1752850
1752851
1752852
1752853
1752989
1752990
1752991
1752992
1752993
1752994
1752995
1752996
1752997
1752998
1752999
1753000
1753001
1753002
1753003
1753004
1753005
1753006
1753007
1753008
1753009
1753010
1753011
1753012
1753013
1753014
1753015
1753460
1753461
1753462
1753463
1753464
1753465
1753466
1753467
1753468
1753469
1753470
1753471
1753472
1753473
1753474
1753475
1753476
1753477
1753478
1753479
1753480
1753481
1753482
1753483
1753635
1753636
1753637
1753638
1753639
1753640
1753641
1753642
1753643
1753644
1753645
1753646
1753647
1753648
1753649
1753650
1753651
1753652
1753653
1753654
1753655
1753656
1753657
1753658
1753794
1753795
1753796
1753797
1753798
1753799
1753800
1753801
1753802
1753803
1753804
1753805
1753806
1753807
1753808
1753809
1753810
1753811
1753812
1753813
1753814
1753815
1753816
1753817
1753818
1753819
1753820
1754265
1754266
1754267
1754268
1754269
1754270
1754271
1754272
1754273
1754274
1754275
1754276
1754277
1754278
1754279
1754280
1754281
1754282
1754283
1754284
1754285
1754286
1754287
1754288
1754440
1754441
1754442
1754443
1754444
1754445
1754446
1754447
1754448
1754449
1754450
1754451
1754452
1754453
1754454
1754455
1754456
1754457
1754458
1754459
1754460
1754461
1754462
1754463
1754599
1754600
1754601
1754602
1754603
1754604
1754605
1754606
1754607
1754608
1754609
1754610
1754611
1754612
1754613
1754614
1754615
1754616
1754617
1754618
1754619
1754620
1754621
1754622
1754623
1754624
1754625
1755070
1755071
1755072
1755073
1755074
1755075
1755076
1755077
1755078
1755079
1755080
1755081
1755082
1755083
1755084
1755085
1755086
1755087
1755088
1755089
1755090
1755091
1755092
1755093
1755245
1755246
1755247
1755248
1755249
1755250
1755251
1755252
1755253
1755254
1755255
1755256
1755257
1755258
1755259
1755260
1755261
1755262
1755263
1755264
1755265
1755266
1755267
1755268
1755404
1755405
1755406
1755407
1755408
1755409
1755410
1755411
1755412
1755413
1755414
1755415
1755416
1755417
1755418
1755419
1755420
1755421
1755422
1755423
1755424
1755425
1755426
1755427
1755428
1755429
1755430
1755875
1755876
1755877
1755878
1755879
1755880
1755881
1755882
1755883
1755884
1755885
1755886
1755887
1755888
1755889
1755890
1755891
1755892
1755893
1755894
1755895
1755896
1755897
1755898
1756050
1756051
1756052
1756053
1756054
1756055
1756056
1756057
1756058
1756059
1756060
1756061
1756062
1756063
1756064
1756065
1756066
1756067
1756068
1756069
1756070
1756071
1756072
1756073
1756209
1756210
1756211
1756212
1756213
1756214
1756215
1756216
1756217
1756218
1756219
1756220
1756221
1756222
1756223
1756224
1756225
1756226
1756227
1756228
1756229
1756230
1756231
1756232
1756233
1756234
1756235
1756680
1756681
1756682
1756683
1756684
1756685
1756686
1756687
1756688
1756689
1756690
1756691
1756692
1756693
1756694
1756695
1756696
1756697
1756698
1756699
1756700
1756701
1756702
1756703
1756855
1756856
1756857
1756858
1756859
1756860
1756861
1756862
1756863
1756864
1756865
1756866
1756867
1756868
1756869
1756870
1756871
1756872
1756873
1756874
1756875
1756876
1756877
1756878
1757014
1757015
1757016
1757017
1757018
1757019
1757020
1757021
1757022
1757023
1757024
1757025
1757026
1757027
1757028
1757029
1757030
1757031
1757032
1757033
1757034
1757035
1757036
1757037
1757038
1757039
1757040
1757485
1757486
1757487
1757488
1757489
1757490
1757491
1757492
1757493
1757494
1757495
1757496
1757497
1757498
1757499
1757500
1757501
1757502
1757503
1757504
1757505
1757506
1757507
1757508
1757660
1757661
1757662
1757663
1757664
1757665
1757666
1757667
1757668
1757669
1757670
1757671
1757672
1757673
1757674
1757675
1757676
1757677
1757678
1757679
1757680
1757681
1757682
1757683
1757819
1757820
1757821
1757822
1757823
1757824
1757825
1757826
1757827
1757828
1757829
1757830
1757831
1757832
1757833
1757834
1757835
1757836
1757837
1757838
1757839
1757840
1757841
1757842
1757843
1757844
1757845
1758290
1758291
1758292
1758293
1758294
1758295
1758296
1758297
1758298
1758299
1758300
1758301
1758302
1758303
1758304
1758305
1758306
1758307
1758308
1758309
1758310
1758311
1758312
1758313
1758465
1758466
1758467
1758468
1758469
1758470
1758471
1758472
1758473
1758474
1758475
1758476
1758477
1758478
1758479
1758480
1758481
1758482
1758483
1758484
1758485
1758486
1758487
1758488
1758624
1758625
1758626
1758627
1758628
1758629
1758630
1758631
1758632
1758633
1758634
1758635
1758636
1758637
1758638
1758639
1758640
1758641
1758642
1758643
1758644
1758645
1758646
1758647
1758648
1758649
1758650
1759095
1759096
1759097
1759098
1759099
1759100
1759101
1759102
1759103
1759104
1759105
1759106
1759107
1759108
1759109
1759110
1759111
1759112
1759113
1759114
1759115
1759116
1759117
1759118
1759270
1759271
1759272
1759273
1759274
1759275
1759276
1759277
1759278
1759279
1759280
1759281
1759282
1759283
1759284
1759285
1759286
1759287
1759288
1759289
1759290
1759291
1759292
1759293
1759429
1759430
1759431
1759432
1759433
1759434
1759435
1759436
1759437
1759438
1759439
1759440
1759441
1759442
1759443
1759444
1759445
1759446
1759447
1759448
1759449
1759450
1759451
1759452
1759453
1759454
1759455
1759900
1759901
1759902
1759903
1759904
1759905
1759906
1759907
1759908
1759909
1759910
1759911
1759912
1759913
1759914
1759915
1759916
1759917
1759918
1759919
1759920
1759921
1759922
1759923
1760075
1760076
1760077
1760078
1760079
1760080
1760081
1760082
1760083
1760084
1760085
1760086
1760087
1760088
1760089
1760090
1760091
1760092
1760093
1760094
1760095
1760096
1760097
1760098
1760234
1760235
1760236
1760237
1760238
1760239
1760240
1760241
1760242
1760243
1760244
1760245
1760246
1760247
1760248
1760249
1760250
1760251
1760252
1760253
1760254
1760255
1760256
1760257
1760258
1760259
1760260
1760705
1760706
1760707
1760708
1760709
1760710
1760711
1760712
1760713
1760714
1760715
1760716
1760717
1760718
1760719
1760720
1760721
1760722
1760723
1760724
1760725
1760726
1760727
1760728
1760880
1760881
1760882
1760883
1760884
1760885
1760886
1760887
1760888
1760889
1760890
1760891
1760892
1760893
1760894
1760895
1760896
1760897
1760898
1760899
1760900
1760901
1760902
1760903
1761039
1761040
1761041
1761042
1761043
1761044
1761045
1761046
1761047
1761048
1761049
1761050
1761051
1761052
1761053
1761054
1761055
1761056
1761057
1761058
1761059
1761060
1761061
1761062
1761063
1761064
1761065
1761510
1761511
1761512
1761513
1761514
1761515
1761516
1761517
1761518
1761519
1761520
1761521
1761522
1761523
1761524
1761525
1761526
1761527
1761528
1761529
1761530
1761531
1761532
1761533
1761685
1761686
1761687
1761688
1761689
1761690
1761691
1761692
1761693
1761694
1761695
1761696
1761697
1761698
1761699
1761700
1761701
1761702
1761703
1761704
1761705
1761706
1761707
1761708
1761844
1761845
1761846
1761847
1761848
1761849
1761850
1761851
1761852
1761853
1761854
1761855
1761856
1761857
1761858
1761859
1761860
1761861
1761862
1761863
1761864
1761865
1761866
1761867
1761868
1761869
1761870
1762315
1762316
1762317
1762318
1762319
1762320
1762321
1762322
1762323
1762324
1762325
1762326
1762327
1762328
1762329
1762330
1762331
1762332
1762333
1762334
1762335
1762336
1762337
1762338
1762490
1762491
1762492
1762493
1762494
1762495
1762496
1762497
1762498
1762499
1762500
1762501
1762502
1762503
1762504
1762505
1762506
1762507
1762508
1762509
1762510
1762511
1762512
1762513
1762649
1762650
1762651
1762652
1762653
1762654
1762655
1762656
1762657
1762658
1762659
1762660
1762661
1762662
1762663
1762664
1762665
1762666
1762667
1762668
1762669
1762670
1762671
1762672
1762673
1762674
1762675
1763120
1763121
1763122
1763123
1763124
1763125
1763126
1763127
1763128
1763129
1763130
1763131
1763132
1763133
1763134
1763135
1763136
1763137
1763138
1763139
1763140
1763141
1763142
1763143
1763295
1763296
1763297
1763298
1763299
1763300
1763301
1763302
1763303
1763304
1763305
1763306
1763307
1763308
1763309
1763310
1763311
1763312
1763313
1763314
1763315
1763316
1763317
1763318
1763454
1763455
1763456
1763457
1763458
1763459
1763460
1763461
1763462
1763463
1763464
1763465
1763466
1763467
1763468
1763469
1763470
1763471
1763472
1763473
1763474
1763475
1763476
1763477
1763478
1763479
1763480
1763925
1763926
1763927
1763928
1763929
1763930
1763931
1763932
1763933
1763934
1763935
1763936
1763937
1763938
1763939
1763940
1763941
1763942
1763943
1763944
1763945
1763946
1763947
1763948
1764100
1764101
1764102
1764103
1764104
1764105
1764106
1764107
1764108
1764109
1764110
1764111
1764112
1764113
1764114
1764115
1764116
1764117
1764118
1764119
1764120
1764121
1764122
1764123
1764259
1764260
1764261
1764262
1764263
1764264
1764265
1764266
1764267
1764268
1764269
1764270
1764271
1764272
1764273
1764274
1764275
1764276
1764277
1764278
1764279
1764280
1764281
1764282
1764283
1764284
1764285
1764730
1764731
1764732
1764733
1764734
1764735
1764736
1764737
1764738
1764739
1764740
1764741
1764742
1764743
1764744
1764745
1764746
1764747
1764748
1764749
1764750
1764751
1764752
1764753
1764905
1764906
1764907
1764908
1764909
1764910
1764911
1764912
1764913
1764914
1764915
1764916
1764917
1764918
1764919
1764920
1764921
1764922
1764923
1764924
1764925
1764926
1764927
1764928
1765064
1765065
1765066
1765067
1765068
1765069
1765070
1765071
1765072
1765073
1765074
1765075
1765076
1765077
1765078
1765079
1765080
1765081
1765082
1765083
1765084
1765085
1765086
1765087
1765088
1765089
1765090
1765535
1765536
1765537
1765538
1765539
1765540
1765541
1765542
1765543
1765544
1765545
1765546
1765547
1765548
1765549
1765550
1765551
1765552
1765553
1765554
1765555
1765556
1765557
1765558
1765710
1765711
1765712
1765713
1765714
1765715
1765716
1765717
1765718
1765719
1765720
1765721
1765722
1765723
1765724
1765725
1765726
1765727
1765728
1765729
1765730
1765731
1765732
1765733
1765869
1765870
1765871
1765872
1765873
1765874
1765875
1765876
1765877
1765878
1765879
1765880
1765881
1765882
1765883
1765884
1765885
1765886
1765887
1765888
1765889
1765890
1765891
1765892
1765893
1765894
1765895
1766340
1766341
1766342
1766343
1766344
1766345
1766346
1766347
1766348
1766349
1766350
1766351
1766352
1766353
1766354
1766355
1766356
1766357
1766358
1766359
1766360
1766361
1766362
1766363
1766515
1766516
1766517
1766518
1766519
1766520
1766521
1766522
1766523
1766524
1766525
1766526
1766527
1766528
1766529
1766530
1766531
1766532
1766533
1766534
1766535
1766536
1766537
1766538
1766674
1766675
1766676
1766677
1766678
1766679
1766680
1766681
1766682
1766683
1766684
1766685
1766686
1766687
1766688
1766689
1766690
1766691
1766692
1766693
1766694
1766695
1766696
1766697
1766698
1766699
1766700
1767145
1767146
1767147
1767148
1767149
1767150
1767151
1767152
1767153
1767154
1767155
1767156
1767157
1767158
1767159
1767160
1767161
1767162
1767163
1767164
1767165
1767166
1767167
1767168
1767320
1767321
1767322
1767323
1767324
1767325
1767326
1767327
1767328
1767329
1767330
1767331
1767332
1767333
1767334
1767335
1767336
1767337
1767338
1767339
1767340
1767341
1767342
1767343
1767479
1767480
1767481
1767482
1767483
1767484
1767485
1767486
1767487
1767488
1767489
1767490
1767491
1767492
1767493
1767494
1767495
1767496
1767497
1767498
1767499
1767500
1767501
1767502
1767503
1767504
1767505
1767950
1767951
1767952
1767953
1767954
1767955
1767956
1767957
1767958
1767959
1767960
1767961
1767962
1767963
1767964
1767965
1767966
1767967
1767968
1767969
1767970
1767971
1767972
1767973
1768125
1768126
1768127
1768128
1768129
1768130
1768131
1768132
1768133
1768134
1768135
1768136
1768137
1768138
1768139
1768140
1768141
1768142
1768143
1768144
1768145
1768146
1768147
1768148
1768284
1768285
1768286
1768287
1768288
1768289
1768290
1768291
1768292
1768293
1768294
1768295
1768296
1768297
1768298
1768299
1768300
1768301
1768302
1768303
1768304
1768305
1768306
1768307
1768308
1768309
1768310
1768755
1768756
1768757
1768758
1768759
1768760
1768761
1768762
1768763
1768764
1768765
1768766
1768767
1768768
1768769
1768770
1768771
1768772
1768773
1768774
1768775
1768776
1768777
1768778
1768930
1768931
1768932
1768933
1768934
1768935
1768936
1768937
1768938
1768939
1768940
1768941
1768942
1768943
1768944
1768945
1768946
1768947
1768948
1768949
1768950
1768951
1768952
1768953
1769089
1769090
1769091
1769092
1769093
1769094
1769095
1769096
1769097
1769098
1769099
1769100
1769101
1769102
1769103
1769104
1769105
1769106
1769107
1769108
1769109
1769110
1769111
1769112
1769113
1769114
1769115
1769560
1769561
1769562
1769563
1769564
1769565
1769566
1769567
1769568
1769569
1769570
1769571
1769572
1769573
1769574
1769575
1769576
1769577
1769578
1769579
1769580
1769581
1769582
1769583
1769735
1769736
1769737
1769738
1769739
1769740
1769741
1769742
1769743
1769744
1769745
1769746
1769747
1769748
1769749
1769750
1769751
1769752
1769753
1769754
1769755
1769756
1769757
1769758
1769894
1769895
1769896
1769897
1769898
1769899
1769900
1769901
1769902
1769903
1769904
1769905
1769906
1769907
1769908
1769909
1769910
1769911
1769912
1769913
1769914
1769915
1769916
1769917
1769918
1769919
1769920
1770365
1770366
1770367
1770368
1770369
1770370
1770371
1770372
1770373
1770374
1770375
1770376
1770377
1770378
1770379
1770380
1770381
1770382
1770383
1770384
1770385
1770386
1770387
1770388
1770540
1770541
1770542
1770543
1770544
1770545
1770546
1770547
1770548
1770549
1770550
1770551
1770552
1770553
1770554
1770555
1770556
1770557
1770558
1770559
1770560
1770561
1770562
1770563
1770699
1770700
1770701
1770702
1770703
1770704
1770705
1770706
1770707
1770708
1770709
1770710
1770711
1770712
1770713
1770714
1770715
1770716
1770717
1770718
1770719
1770720
1770721
1770722
1770723
1770724
1770725
1771170
1771171
1771172
1771173
1771174
1771175
1771176
1771177
1771178
1771179
1771180
1771181
1771182
1771183
1771184
1771185
1771186
1771187
1771188
1771189
1771190
1771191
1771192
1771193
1771345
1771346
1771347
1771348
1771349
1771350
1771351
1771352
1771353
1771354
1771355
1771356
1771357
1771358
1771359
1771360
1771361
1771362
1771363
1771364
1771365
1771366
1771367
1771368
1771504
1771505
1771506
1771507
1771508
1771509
1771510
1771511
1771512
1771513
1771514
1771515
1771516
1771517
1771518
1771519
1771520
1771521
1771522
1771523
1771524
1771525
1771526
1771527
1771528
1771529
1771530
1771975
1771976
1771977
1771978
1771979
1771980
1771981
1771982
1771983
1771984
1771985
1771986
1771987
1771988
1771989
1771990
1771991
1771992
1771993
1771994
1771995
1771996
1771997
1771998
1772150
1772151
1772152
1772153
1772154
1772155
1772156
1772157
1772158
1772159
1772160
1772161
1772162
1772163
1772164
1772165
1772166
1772167
1772168
1772169
1772170
1772171
1772172
1772173
1772309
1772310
1772311
1772312
1772313
1772314
1772315
1772316
1772317
1772318
1772319
1772320
1772321
1772322
1772323
1772324
1772325
1772326
1772327
1772328
1772329
1772330
1772331
1772332
1772333
1772334
1772335
1772780
1772781
1772782
1772783
1772784
1772785
1772786
1772787
1772788
1772789
1772790
1772791
1772792
1772793
1772794
1772795
1772796
1772797
1772798
1772799
1772800
1772801
1772802
1772803
1772955
1772956
1772957
1772958
1772959
1772960
1772961
1772962
1772963
1772964
1772965
1772966
1772967
1772968
1772969
1772970
1772971
1772972
1772973
1772974
1772975
1772976
1772977
1772978
1773114
1773115
1773116
1773117
1773118
1773119
1773120
1773121
1773122
1773123
1773124
1773125
1773126
1773127
1773128
1773129
1773130
1773131
1773132
1773133
1773134
1773135
1773136
1773137
1773138
1773139
1773140
1773585
1773586
1773587
1773588
1773589
1773590
1773591
1773592
1773593
1773594
1773595
1773596
1773597
1773598
1773599
1773600
1773601
1773602
1773603
1773604
1773605
1773606
1773607
1773608
1773760
1773761
1773762
1773763
1773764
1773765
1773766
1773767
1773768
1773769
1773770
1773771
1773772
1773773
1773774
1773775
1773776
1773777
1773778
1773779
1773780
1773781
1773782
1773783
1773919
1773920
1773921
1773922
1773923
1773924
1773925
1773926
1773927
1773928
1773929
1773930
1773931
1773932
1773933
1773934
1773935
1773936
1773937
1773938
1773939
1773940
1773941
1773942
1773943
1773944
1773945
1774390
1774391
1774392
1774393
1774394
1774395
1774396
1774397
1774398
1774399
1774400
1774401
1774402
1774403
1774404
1774405
1774406
1774407
1774408
1774409
1774410
1774411
1774412
1774413
1774565
1774566
1774567
1774568
1774569
1774570
1774571
1774572
1774573
1774574
1774575
1774576
1774577
1774578
1774579
1774580
1774581
1774582
1774583
1774584
1774585
1774586
1774587
1774588
1774724
1774725
1774726
1774727
1774728
1774729
1774730
1774731
1774732
1774733
1774734
1774735
1774736
1774737
1774738
1774739
1774740
1774741
1774742
1774743
1774744
1774745
1774746
1774747
1774748
1774749
1774750
1775195
1775196
1775197
1775198
1775199
1775200
1775201
1775202
1775203
1775204
1775205
1775206
1775207
1775208
1775209
1775210
1775211
1775212
1775213
1775214
1775215
1775216
1775217
1775218
1775370
1775371
1775372
1775373
1775374
1775375
1775376
1775377
1775378
1775379
1775380
1775381
1775382
1775383
1775384
1775385
1775386
1775387
1775388
1775389
1775390
1775391
1775392
1775393
1775529
1775530
1775531
1775532
1775533
1775534
1775535
1775536
1775537
1775538
1775539
1775540
1775541
1775542
1775543
1775544
1775545
1775546
1775547
1775548
1775549
1775550
1775551
1775552
1775553
1775554
1775555
1776000
1776001
1776002
1776003
1776004
1776005
1776006
1776007
1776008
1776009
1776010
1776011
1776012
1776013
1776014
1776015
1776016
1776017
1776018
1776019
1776020
1776021
1776022
1776023
1776175
1776176
1776177
1776178
1776179
1776180
1776181
1776182
1776183
1776184
1776185
1776186
1776187
1776188
1776189
1776190
1776191
1776192
1776193
1776194
1776195
1776196
1776197
1776198
1776334
1776335
1776336
1776337
1776338
1776339
1776340
1776341
1776342
1776343
1776344
1776345
1776346
1776347
1776348
1776349
1776350
1776351
1776352
1776353
1776354
1776355
1776356
1776357
1776358
1776359
1776360
1776805
1776806
1776807
1776808
1776809
1776810
1776811
1776812
1776813
1776814
1776815
1776816
1776817
1776818
1776819
1776820
1776821
1776822
1776823
1776824
1776825
1776826
1776827
1776828
1776980
1776981
1776982
1776983
1776984
1776985
1776986
1776987
1776988
1776989
1776990
1776991
1776992
1776993
1776994
1776995
1776996
1776997
1776998
1776999
1777000
1777001
1777002
1777003
1777139
1777140
1777141
1777142
1777143
1777144
1777145
1777146
1777147
1777148
1777149
1777150
1777151
1777152
1777153
1777154
1777155
1777156
1777157
1777158
1777159
1777160
1777161
1777162
1777163
1777164
1777165
1777610
1777611
1777612
1777613
1777614
1777615
1777616
1777617
1777618
1777619
1777620
1777621
1777622
1777623
1777624
1777625
1777626
1777627
1777628
1777629
1777630
1777631
1777632
1777633
1777785
1777786
1777787
1777788
1777789
1777790
1777791
1777792
1777793
1777794
1777795
1777796
1777797
1777798
1777799
1777800
1777801
1777802
1777803
1777804
1777805
1777806
1777807
1777808
1777944
1777945
1777946
1777947
1777948
1777949
1777950
1777951
1777952
1777953
1777954
1777955
1777956
1777957
1777958
1777959
1777960
1777961
1777962
1777963
1777964
1777965
1777966
1777967
1777968
1777969
1777970
1778415
1778416
1778417
1778418
1778419
1778420
1778421
1778422
1778423
1778424
1778425
1778426
1778427
1778428
1778429
1778430
1778431
1778432
1778433
1778434
1778435
1778436
1778437
1778438
1778590
1778591
1778592
1778593
1778594
1778595
1778596
1778597
1778598
1778599
1778600
1778601
1778602
1778603
1778604
1778605
1778606
1778607
1778608
1778609
1778610
1778611
1778612
1778613
1778749
1778750
1778751
1778752
1778753
1778754
1778755
1778756
1778757
1778758
1778759
1778760
1778761
1778762
1778763
1778764
1778765
1778766
1778767
1778768
1778769
1778770
1778771
1778772
1778773
1778774
1778775
1779220
1779221
1779222
1779223
1779224
1779225
1779226
1779227
1779228
1779229
1779230
1779231
1779232
1779233
1779234
1779235
1779236
1779237
1779238
1779239
1779240
1779241
1779242
1779243
1779395
1779396
1779397
1779398
1779399
1779400
1779401
1779402
1779403
1779404
1779405
1779406
1779407
1779408
1779409
1779410
1779411
1779412
1779413
1779414
1779415
1779416
1779417
1779418
1779554
1779555
1779556
1779557
1779558
1779559
1779560
1779561
1779562
1779563
1779564
1779565
1779566
1779567
1779568
1779569
1779570
1779571
1779572
1779573
1779574
1779575
1779576
1779577
1779578
1779579
1779580
1780025
1780026
1780027
1780028
1780029
1780030
1780031
1780032
1780033
1780034
1780035
1780036
1780037
1780038
1780039
1780040
1780041
1780042
1780043
1780044
1780045
1780046
1780047
1780048
1780200
1780201
1780202
1780203
1780204
1780205
1780206
1780207
1780208
1780209
1780210
1780211
1780212
1780213
1780214
1780215
1780216
1780217
1780218
1780219
1780220
1780221
1780222
1780223
1780359
1780360
1780361
1780362
1780363
1780364
1780365
1780366
1780367
1780368
1780369
1780370
1780371
1780372
1780373
1780374
1780375
1780376
1780377
1780378
1780379
1780380
1780381
1780382
1780383
1780384
1780385
1780830
1780831
1780832
1780833
1780834
1780835
1780836
1780837
1780838
1780839
1780840
1780841
1780842
1780843
1780844
1780845
1780846
1780847
1780848
1780849
1780850
1780851
1780852
1780853
1781005
1781006
1781007
1781008
1781009
1781010
1781011
1781012
1781013
1781014
1781015
1781016
1781017
1781018
1781019
1781020
1781021
1781022
1781023
1781024
1781025
1781026
1781027
1781028
1781164
1781165
1781166
1781167
1781168
1781169
1781170
1781171
1781172
1781173
1781174
1781175
1781176
1781177
1781178
1781179
1781180
1781181
1781182
1781183
1781184
1781185
1781186
1781187
1781188
1781189
1781190
1781635
1781636
1781637
1781638
1781639
1781640
1781641
1781642
1781643
1781644
1781645
1781646
1781647
1781648
1781649
1781650
1781651
1781652
1781653
1781654
1781655
1781656
1781657
1781658
1781810
1781811
1781812
1781813
1781814
1781815
1781816
1781817
1781818
1781819
1781820
1781821
1781822
1781823
1781824
1781825
1781826
1781827
1781828
1781829
1781830
1781831
1781832
1781833
1781969
1781970
1781971
1781972
1781973
1781974
1781975
1781976
1781977
1781978
1781979
1781980
1781981
1781982
1781983
1781984
1781985
1781986
1781987
1781988
1781989
1781990
1781991
1781992
1781993
1781994
1781995
1782440
1782441
1782442
1782443
1782444
1782445
1782446
1782447
1782448
1782449
1782450
1782451
1782452
1782453
1782454
1782455
1782456
1782457
1782458
1782459
1782460
1782461
1782462
1782463
1782615
1782616
1782617
1782618
1782619
1782620
1782621
1782622
1782623
1782624
1782625
1782626
1782627
1782628
1782629
1782630
1782631
1782632
1782633
1782634
1782635
1782636
1782637
1782638
1782774
1782775
1782776
1782777
1782778
1782779
1782780
1782781
1782782
1782783
1782784
1782785
1782786
1782787
1782788
1782789
1782790
1782791
1782792
1782793
1782794
1782795
1782796
1782797
1782798
1782799
1782800
1783245
1783246
1783247
1783248
1783249
1783250
1783251
1783252
1783253
1783254
1783255
1783256
1783257
1783258
1783259
1783260
1783261
1783262
1783263
1783264
1783265
1783266
1783267
1783268
1783420
1783421
1783422
1783423
1783424
1783425
1783426
1783427
1783428
1783429
1783430
1783431
1783432
1783433
1783434
1783435
1783436
1783437
1783438
1783439
1783440
1783441
1783442
1783443
1783579
1783580
1783581
1783582
1783583
1783584
1783585
1783586
1783587
1783588
1783589
1783590
1783591
1783592
1783593
1783594
1783595
1783596
1783597
1783598
1783599
1783600
1783601
1783602
1783603
1783604
1783605
1784050
1784051
1784052
1784053
1784054
1784055
1784056
1784057
1784058
1784059
1784060
1784061
1784062
1784063
1784064
1784065
1784066
1784067
1784068
1784069
1784070
1784071
1784072
1784073
1784225
1784226
1784227
1784228
1784229
1784230
1784231
1784232
1784233
1784234
1784235
1784236
1784237
1784238
1784239
1784240
1784241
1784242
1784243
1784244
1784245
1784246
1784247
1784248
1784384
1784385
1784386
1784387
1784388
1784389
1784390
1784391
1784392
1784393
1784394
1784395
1784396
1784397
1784398
1784399
1784400
1784401
1784402
1784403
1784404
1784405
1784406
1784407
1784408
1784409
1784410
1784855
1784856
1784857
1784858
1784859
1784860
1784861
1784862
1784863
1784864
1784865
1784866
1784867
1784868
1784869
1784870
1784871
1784872
1784873
1784874
1784875
1784876
1784877
1784878
1785030
1785031
1785032
1785033
1785034
1785035
1785036
1785037
1785038
1785039
1785040
1785041
1785042
1785043
1785044
1785045
1785046
1785047
1785048
1785049
1785050
1785051
1785052
1785053
1785189
1785190
1785191
1785192
1785193
1785194
1785195
1785196
1785197
1785198
1785199
1785200
1785201
1785202
1785203
1785204
1785205
1785206
1785207
1785208
1785209
1785210
1785211
1785212
1785213
1785214
1785215
1785660
1785661
1785662
1785663
1785664
1785665
1785666
1785667
1785668
1785669
1785670
1785671
1785672
1785673
1785674
1785675
1785676
1785677
1785678
1785679
1785680
1785681
1785682
1785683
1785835
1785836
1785837
1785838
1785839
1785840
1785841
1785842
1785843
1785844
1785845
1785846
1785847
1785848
1785849
1785850
1785851
1785852
1785853
1785854
1785855
1785856
1785857
1785858
1785994
1785995
1785996
1785997
1785998
1785999
1786000
1786001
1786002
1786003
1786004
1786005
1786006
1786007
1786008
1786009
1786010
1786011
1786012
1786013
1786014
1786015
1786016
1786017
1786018
1786019
1786020
1786465
1786466
1786467
1786468
1786469
1786470
1786471
1786472
1786473
1786474
1786475
1786476
1786477
1786478
1786479
1786480
1786481
1786482
1786483
1786484
1786485
1786486
1786487
1786488
1786640
1786641
1786642
1786643
1786644
1786645
1786646
1786647
1786648
1786649
1786650
1786651
1786652
1786653
1786654
1786655
1786656
1786657
1786658
1786659
1786660
1786661
1786662
1786663
1786799
1786800
1786801
1786802
1786803
1786804
1786805
1786806
1786807
1786808
1786809
1786810
1786811
1786812
1786813
1786814
1786815
1786816
1786817
1786818
1786819
1786820
1786821
1786822
1786823
1786824
1786825
1787270
1787271
1787272
1787273
1787274
1787275
1787276
1787277
1787278
1787279
1787280
1787281
1787282
1787283
1787284
1787285
1787286
1787287
1787288
1787289
1787290
1787291
1787292
1787293
1787445
1787446
1787447
1787448
1787449
1787450
1787451
1787452
1787453
1787454
1787455
1787456
1787457
1787458
1787459
1787460
1787461
1787462
1787463
1787464
1787465
1787466
1787467
1787468
1787604
1787605
1787606
1787607
1787608
1787609
1787610
1787611
1787612
1787613
1787614
1787615
1787616
1787617
1787618
1787619
1787620
1787621
1787622
1787623
1787624
1787625
1787626
1787627
1787628
1787629
1787630
1788075
1788076
1788077
1788078
1788079
1788080
1788081
1788082
1788083
1788084
1788085
1788086
1788087
1788088
1788089
1788090
1788091
1788092
1788093
1788094
1788095
1788096
1788097
1788098
1788250
1788251
1788252
1788253
1788254
1788255
1788256
1788257
1788258
1788259
1788260
1788261
1788262
1788263
1788264
1788265
1788266
1788267
1788268
1788269
1788270
1788271
1788272
1788273
1788409
1788410
1788411
1788412
1788413
1788414
1788415
1788416
1788417
1788418
1788419
1788420
1788421
1788422
1788423
1788424
1788425
1788426
1788427
1788428
1788429
1788430
1788431
1788432
1788433
1788434
1788435
1788880
1788881
1788882
1788883
1788884
1788885
1788886
1788887
1788888
1788889
1788890
1788891
1788892
1788893
1788894
1788895
1788896
1788897
1788898
1788899
1788900
1788901
1788902
1788903
1789055
1789056
1789057
1789058
1789059
1789060
1789061
1789062
1789063
1789064
1789065
1789066
1789067
1789068
1789069
1789070
1789071
1789072
1789073
1789074
1789075
1789076
1789077
1789078
1789214
1789215
1789216
1789217
1789218
1789219
1789220
1789221
1789222
1789223
1789224
1789225
1789226
1789227
1789228
1789229
1789230
1789231
1789232
1789233
1789234
1789235
1789236
1789237
1789238
1789239
1789240
1789685
1789686
1789687
1789688
1789689
1789690
1789691
1789692
1789693
1789694
1789695
1789696
1789697
1789698
1789699
1789700
1789701
1789702
1789703
1789704
1789705
1789706
1789707
1789708
1789860
1789861
1789862
1789863
1789864
1789865
1789866
1789867
1789868
1789869
1789870
1789871
1789872
1789873
1789874
1789875
1789876
1789877
1789878
1789879
1789880
1789881
1789882
1789883
1790019
1790020
1790021
1790022
1790023
1790024
1790025
1790026
1790027
1790028
1790029
1790030
1790031
1790032
1790033
1790034
1790035
1790036
1790037
1790038
1790039
1790040
1790041
1790042
1790043
1790044
1790045
1790490
1790491
1790492
1790493
1790494
1790495
1790496
1790497
1790498
1790499
1790500
1790501
1790502
1790503
1790504
1790505
1790506
1790507
1790508
1790509
1790510
1790511
1790512
1790513
1790665
1790666
1790667
1790668
1790669
1790670
1790671
1790672
1790673
1790674
1790675
1790676
1790677
1790678
1790679
1790680
1790681
1790682
1790683
1790684
1790685
1790686
1790687
1790688
1790824
1790825
1790826
1790827
1790828
1790829
1790830
1790831
1790832
1790833
1790834
1790835
1790836
1790837
1790838
1790839
1790840
1790841
1790842
1790843
1790844
1790845
1790846
1790847
1790848
1790849
1790850
1791295
1791296
1791297
1791298
1791299
1791300
1791301
1791302
1791303
1791304
1791305
1791306
1791307
1791308
1791309
1791310
1791311
1791312
1791313
1791314
1791315
1791316
1791317
1791318
1791470
1791471
1791472
1791473
1791474
1791475
1791476
1791477
1791478
1791479
1791480
1791481
1791482
1791483
1791484
1791485
1791486
1791487
1791488
1791489
1791490
1791491
1791492
1791493
1791629
1791630
1791631
1791632
1791633
1791634
1791635
1791636
1791637
1791638
1791639
1791640
1791641
1791642
1791643
1791644
1791645
1791646
1791647
1791648
1791649
1791650
1791651
1791652
1791653
1791654
1791655
1792100
1792101
1792102
1792103
1792104
1792105
1792106
1792107
1792108
1792109
1792110
1792111
1792112
1792113
1792114
1792115
1792116
1792117
1792118
1792119
1792120
1792121
1792122
1792123
1792275
1792276
1792277
1792278
1792279
1792280
1792281
1792282
1792283
1792284
1792285
1792286
1792287
1792288
1792289
1792290
1792291
1792292
1792293
1792294
1792295
1792296
1792297
1792298
1792434
1792435
1792436
1792437
1792438
1792439
1792440
1792441
1792442
1792443
1792444
1792445
1792446
1792447
1792448
1792449
1792450
1792451
1792452
1792453
1792454
1792455
1792456
1792457
1792458
1792459
1792460
1792905
1792906
1792907
1792908
1792909
1792910
1792911
1792912
1792913
1792914
1792915
1792916
1792917
1792918
1792919
1792920
1792921
1792922
1792923
1792924
1792925
1792926
1792927
1792928
1793080
1793081
1793082
1793083
1793084
1793085
1793086
1793087
1793088
1793089
1793090
1793091
1793092
1793093
1793094
1793095
1793096
1793097
1793098
1793099
1793100
1793101
1793102
1793103
1793239
1793240
1793241
1793242
1793243
1793244
1793245
1793246
1793247
1793248
1793249
1793250
1793251
1793252
1793253
1793254
1793255
1793256
1793257
1793258
1793259
1793260
1793261
1793262
1793263
1793264
1793265
1793710
1793711
1793712
1793713
1793714
1793715
1793716
1793717
1793718
1793719
1793720
1793721
1793722
1793723
1793724
1793725
1793726
1793727
1793728
1793729
1793730
1793731
1793732
1793733
1793885
1793886
1793887
1793888
1793889
1793890
1793891
1793892
1793893
1793894
1793895
1793896
1793897
1793898
1793899
1793900
1793901
1793902
1793903
1793904
1793905
1793906
1793907
1793908
1794044
1794045
1794046
1794047
1794048
1794049
1794050
1794051
1794052
1794053
1794054
1794055
1794056
1794057
1794058
1794059
1794060
1794061
1794062
1794063
1794064
1794065
1794066
1794067
1794068
1794069
1794070
1794515
1794516
1794517
1794518
1794519
1794520
1794521
1794522
1794523
1794524
1794525
1794526
1794527
1794528
1794529
1794530
1794531
1794532
1794533
1794534
1794535
1794536
1794537
1794538
1794690
1794691
1794692
1794693
1794694
1794695
1794696
1794697
1794698
1794699
1794700
1794701
1794702
1794703
1794704
1794705
1794706
1794707
1794708
1794709
1794710
1794711
1794712
1794713
1794849
1794850
1794851
1794852
1794853
1794854
1794855
1794856
1794857
1794858
1794859
1794860
1794861
1794862
1794863
1794864
1794865
1794866
1794867
1794868
1794869
1794870
1794871
1794872
1794873
1794874
1794875
1795320
1795321
1795322
1795323
1795324
1795325
1795326
1795327
1795328
1795329
1795330
1795331
1795332
1795333
1795334
1795335
1795336
1795337
1795338
1795339
1795340
1795341
1795342
1795343
1795495
1795496
1795497
1795498
1795499
1795500
1795501
1795502
1795503
1795504
1795505
1795506
1795507
1795508
1795509
1795510
1795511
1795512
1795513
1795514
1795515
1795516
1795517
1795518
1795654
1795655
1795656
1795657
1795658
1795659
1795660
1795661
1795662
1795663
1795664
1795665
1795666
1795667
1795668
1795669
1795670
1795671
1795672
1795673
1795674
1795675
1795676
1795677
1795678
1795679
1795680
1796125
1796126
1796127
1796128
1796129
1796130
1796131
1796132
1796133
1796134
1796135
1796136
1796137
1796138
1796139
1796140
1796141
1796142
1796143
1796144
1796145
1796146
1796147
1796148
1796300
1796301
1796302
1796303
1796304
1796305
1796306
1796307
1796308
1796309
1796310
1796311
1796312
1796313
1796314
1796315
1796316
1796317
1796318
1796319
1796320
1796321
1796322
1796323
1796459
1796460
1796461
1796462
1796463
1796464
1796465
1796466
1796467
1796468
1796469
1796470
1796471
1796472
1796473
1796474
1796475
1796476
1796477
1796478
1796479
1796480
1796481
1796482
1796483
1796484
1796485
1796930
1796931
1796932
1796933
1796934
1796935
1796936
1796937
1796938
1796939
1796940
1796941
1796942
1796943
1796944
1796945
1796946
1796947
1796948
1796949
1796950
1796951
1796952
1796953
1797105
1797106
1797107
1797108
1797109
1797110
1797111
1797112
1797113
1797114
1797115
1797116
1797117
1797118
1797119
1797120
1797121
1797122
1797123
1797124
1797125
1797126
1797127
1797128
1797264
1797265
1797266
1797267
1797268
1797269
1797270
1797271
1797272
1797273
1797274
1797275
1797276
1797277
1797278
1797279
1797280
1797281
1797282
1797283
1797284
1797285
1797286
1797287
1797288
1797289
1797290
1797735
1797736
1797737
1797738
1797739
1797740
1797741
1797742
1797743
1797744
1797745
1797746
1797747
1797748
1797749
1797750
1797751
1797752
1797753
1797754
1797755
1797756
1797757
1797758
1797910
1797911
1797912
1797913
1797914
1797915
1797916
1797917
1797918
1797919
1797920
1797921
1797922
1797923
1797924
1797925
1797926
1797927
1797928
1797929
1797930
1797931
1797932
1797933
1798069
1798070
1798071
1798072
1798073
1798074
1798075
1798076
1798077
1798078
1798079
1798080
1798081
1798082
1798083
1798084
1798085
1798086
1798087
1798088
1798089
1798090
1798091
1798092
1798093
1798094
1798095
1798540
1798541
1798542
1798543
1798544
1798545
1798546
1798547
1798548
1798549
1798550
1798551
1798552
1798553
1798554
1798555
1798556
1798557
1798558
1798559
1798560
1798561
1798562
1798563
1798715
1798716
1798717
1798718
1798719
1798720
1798721
1798722
1798723
1798724
1798725
1798726
1798727
1798728
1798729
1798730
1798731
1798732
1798733
1798734
1798735
1798736
1798737
1798738
1798874
1798875
1798876
1798877
1798878
1798879
1798880
1798881
1798882
1798883
1798884
1798885
1798886
1798887
1798888
1798889
1798890
1798891
1798892
1798893
1798894
1798895
1798896
1798897
1798898
1798899
1798900
1799345
1799346
1799347
1799348
1799349
1799350
1799351
1799352
1799353
1799354
1799355
1799356
1799357
1799358
1799359
1799360
1799361
1799362
1799363
1799364
1799365
1799366
1799367
1799368
1799520
1799521
1799522
1799523
1799524
1799525
1799526
1799527
1799528
1799529
1799530
1799531
1799532
1799533
1799534
1799535
1799536
1799537
1799538
1799539
1799540
1799541
1799542
1799543
1799679
1799680
1799681
1799682
1799683
1799684
1799685
1799686
1799687
1799688
1799689
1799690
1799691
1799692
1799693
1799694
1799695
1799696
1799697
1799698
1799699
1799700
1799701
1799702
1799703
1799704
1799705
1800150
1800151
1800152
1800153
1800154
1800155
1800156
1800157
1800158
1800159
1800160
1800161
1800162
1800163
1800164
1800165
1800166
1800167
1800168
1800169
1800170
1800171
1800172
1800173
1800325
1800326
1800327
1800328
1800329
1800330
1800331
1800332
1800333
1800334
1800335
1800336
1800337
1800338
1800339
1800340
1800341
1800342
1800343
1800344
1800345
1800346
1800347
1800348
1800484
1800485
1800486
1800487
1800488
1800489
1800490
1800491
1800492
1800493
1800494
1800495
1800496
1800497
1800498
1800499
1800500
1800501
1800502
1800503
1800504
1800505
1800506
1800507
1800508
1800509
1800510
1800955
1800956
1800957
1800958
1800959
1800960
1800961
1800962
1800963
1800964
1800965
1800966
1800967
1800968
1800969
1800970
1800971
1800972
1800973
1800974
1800975
1800976
1800977
1800978
1801130
1801131
1801132
1801133
1801134
1801135
1801136
1801137
1801138
1801139
1801140
1801141
1801142
1801143
1801144
1801145
1801146
1801147
1801148
1801149
1801150
1801151
1801152
1801153
1801289
1801290
1801291
1801292
1801293
1801294
1801295
1801296
1801297
1801298
1801299
1801300
1801301
1801302
1801303
1801304
1801305
1801306
1801307
1801308
1801309
1801310
1801311
1801312
1801313
1801314
1801315
1801760
1801761
1801762
1801763
1801764
1801765
1801766
1801767
1801768
1801769
1801770
1801771
1801772
1801773
1801774
1801775
1801776
1801777
1801778
1801779
1801780
1801781
1801782
1801783
1801935
1801936
1801937
1801938
1801939
1801940
1801941
1801942
1801943
1801944
1801945
1801946
1801947
1801948
1801949
1801950
1801951
1801952
1801953
1801954
1801955
1801956
1801957
1801958
1802094
1802095
1802096
1802097
1802098
1802099
1802100
1802101
1802102
1802103
1802104
1802105
1802106
1802107
1802108
1802109
1802110
1802111
1802112
1802113
1802114
1802115
1802116
1802117
1802118
1802119
1802120
1802565
1802566
1802567
1802568
1802569
1802570
1802571
1802572
1802573
1802574
1802575
1802576
1802577
1802578
1802579
1802580
1802581
1802582
1802583
1802584
1802585
1802586
1802587
1802588
1802740
1802741
1802742
1802743
1802744
1802745
1802746
1802747
1802748
1802749
1802750
1802751
1802752
1802753
1802754
1802755
1802756
1802757
1802758
1802759
1802760
1802761
1802762
1802763
1802899
1802900
1802901
1802902
1802903
1802904
1802905
1802906
1802907
1802908
1802909
1802910
1802911
1802912
1802913
1802914
1802915
1802916
1802917
1802918
1802919
1802920
1802921
1802922
1802923
1802924
1802925
1803370
1803371
1803372
1803373
1803374
1803375
1803376
1803377
1803378
1803379
1803380
1803381
1803382
1803383
1803384
1803385
1803386
1803387
1803388
1803389
1803390
1803391
1803392
1803393
1803545
1803546
1803547
1803548
1803549
1803550
1803551
1803552
1803553
1803554
1803555
1803556
1803557
1803558
1803559
1803560
1803561
1803562
1803563
1803564
1803565
1803566
1803567
1803568
1803704
1803705
1803706
1803707
1803708
1803709
1803710
1803711
1803712
1803713
1803714
1803715
1803716
1803717
1803718
1803719
1803720
1803721
1803722
1803723
1803724
1803725
1803726
1803727
1803728
1803729
1803730
1804175
1804176
1804177
1804178
1804179
1804180
1804181
1804182
1804183
1804184
1804185
1804186
1804187
1804188
1804189
1804190
1804191
1804192
1804193
1804194
1804195
1804196
1804197
1804198
1804350
1804351
1804352
1804353
1804354
1804355
1804356
1804357
1804358
1804359
1804360
1804361
1804362
1804363
1804364
1804365
1804366
1804367
1804368
1804369
1804370
1804371
1804372
1804373
1804509
1804510
1804511
1804512
1804513
1804514
1804515
1804516
1804517
1804518
1804519
1804520
1804521
1804522
1804523
1804524
1804525
1804526
1804527
1804528
1804529
1804530
1804531
1804532
1804533
1804534
1804535
1804980
1804981
1804982
1804983
1804984
1804985
1804986
1804987
1804988
1804989
1804990
1804991
1804992
1804993
1804994
1804995
1804996
1804997
1804998
1804999
1805000
1805001
1805002
1805003
1805155
1805156
1805157
1805158
1805159
1805160
1805161
1805162
1805163
1805164
1805165
1805166
1805167
1805168
1805169
1805170
1805171
1805172
1805173
1805174
1805175
1805176
1805177
1805178
1805314
1805315
1805316
1805317
1805318
1805319
1805320
1805321
1805322
1805323
1805324
1805325
1805326
1805327
1805328
1805329
1805330
1805331
1805332
1805333
1805334
1805335
1805336
1805337
1805338
1805339
1805340
1805785
1805786
1805787
1805788
1805789
1805790
1805791
1805792
1805793
1805794
1805795
1805796
1805797
1805798
1805799
1805800
1805801
1805802
1805803
1805804
1805805
1805806
1805807
1805808
1805960
1805961
1805962
1805963
1805964
1805965
1805966
1805967
1805968
1805969
1805970
1805971
1805972
1805973
1805974
1805975
1805976
1805977
1805978
1805979
1805980
1805981
1805982
1805983
1806119
1806120
1806121
1806122
1806123
1806124
1806125
1806126
1806127
1806128
1806129
1806130
1806131
1806132
1806133
1806134
1806135
1806136
1806137
1806138
1806139
1806140
1806141
1806142
1806143
1806144
1806145
1806590
1806591
1806592
1806593
1806594
1806595
1806596
1806597
1806598
1806599
1806600
1806601
1806602
1806603
1806604
1806605
1806606
1806607
1806608
1806609
1806610
1806611
1806612
1806613
1806765
1806766
1806767
1806768
1806769
1806770
1806771
1806772
1806773
1806774
1806775
1806776
1806777
1806778
1806779
1806780
1806781
1806782
1806783
1806784
1806785
1806786
1806787
1806788
1806924
1806925
1806926
1806927
1806928
1806929
1806930
1806931
1806932
1806933
1806934
1806935
1806936
1806937
1806938
1806939
1806940
1806941
1806942
1806943
1806944
1806945
1806946
1806947
1806948
1806949
1806950
1807395
1807396
1807397
1807398
1807399
1807400
1807401
1807402
1807403
1807404
1807405
1807406
1807407
1807408
1807409
1807410
1807411
1807412
1807413
1807414
1807415
1807416
1807417
1807418
1807570
1807571
1807572
1807573
1807574
1807575
1807576
1807577
1807578
1807579
1807580
1807581
1807582
1807583
1807584
1807585
1807586
1807587
1807588
1807589
1807590
1807591
1807592
1807593
1807729
1807730
1807731
1807732
1807733
1807734
1807735
1807736
1807737
1807738
1807739
1807740
1807741
1807742
1807743
1807744
1807745
1807746
1807747
1807748
1807749
1807750
1807751
1807752
1807753
1807754
1807755
1808200
1808201
1808202
1808203
1808204
1808205
1808206
1808207
1808208
1808209
1808210
1808211
1808212
1808213
1808214
1808215
1808216
1808217
1808218
1808219
1808220
1808221
1808222
1808223
1808375
1808376
1808377
1808378
1808379
1808380
1808381
1808382
1808383
1808384
1808385
1808386
1808387
1808388
1808389
1808390
1808391
1808392
1808393
1808394
1808395
1808396
1808397
1808398
1808534
1808535
1808536
1808537
1808538
1808539
1808540
1808541
1808542
1808543
1808544
1808545
1808546
1808547
1808548
1808549
1808550
1808551
1808552
1808553
1808554
1808555
1808556
1808557
1808558
1808559
1808560
1809005
1809006
1809007
1809008
1809009
1809010
1809011
1809012
1809013
1809014
1809015
1809016
1809017
1809018
1809019
1809020
1809021
1809022
1809023
1809024
1809025
1809026
1809027
1809028
1809180
1809181
1809182
1809183
1809184
1809185
1809186
1809187
1809188
1809189
1809190
1809191
1809192
1809193
1809194
1809195
1809196
1809197
1809198
1809199
1809200
1809201
1809202
1809203
1809339
1809340
1809341
1809342
1809343
1809344
1809345
1809346
1809347
1809348
1809349
1809350
1809351
1809352
1809353
1809354
1809355
1809356
1809357
1809358
1809359
1809360
1809361
1809362
1809363
1809364
1809365
1809810
1809811
1809812
1809813
1809814
1809815
1809816
1809817
1809818
1809819
1809820
1809821
1809822
1809823
1809824
1809825
1809826
1809827
1809828
1809829
1809830
1809831
1809832
1809833
1809985
1809986
1809987
1809988
1809989
1809990
1809991
1809992
1809993
1809994
1809995
1809996
1809997
1809998
1809999
1810000
1810001
1810002
1810003
1810004
1810005
1810006
1810007
1810008
1810144
1810145
1810146
1810147
1810148
1810149
1810150
1810151
1810152
1810153
1810154
1810155
1810156
1810157
1810158
1810159
1810160
1810161
1810162
1810163
1810164
1810165
1810166
1810167
1810168
1810169
1810170
1810615
1810616
1810617
1810618
1810619
1810620
1810621
1810622
1810623
1810624
1810625
1810626
1810627
1810628
1810629
1810630
1810631
1810632
1810633
1810634
1810635
1810636
1810637
1810638
1810790
1810791
1810792
1810793
1810794
1810795
1810796
1810797
1810798
1810799
1810800
1810801
1810802
1810803
1810804
1810805
1810806
1810807
1810808
1810809
1810810
1810811
1810812
1810813
1810949
1810950
1810951
1810952
1810953
1810954
1810955
1810956
1810957
1810958
1810959
1810960
1810961
1810962
1810963
1810964
1810965
1810966
1810967
1810968
1810969
1810970
1810971
1810972
1810973
1810974
1810975
1811420
1811421
1811422
1811423
1811424
1811425
1811426
1811427
1811428
1811429
1811430
1811431
1811432
1811433
1811434
1811435
1811436
1811437
1811438
1811439
1811440
1811441
1811442
1811443
1811595
1811596
1811597
1811598
1811599
1811600
1811601
1811602
1811603
1811604
1811605
1811606
1811607
1811608
1811609
1811610
1811611
1811612
1811613
1811614
1811615
1811616
1811617
1811618
1811754
1811755
1811756
1811757
1811758
1811759
1811760
1811761
1811762
1811763
1811764
1811765
1811766
1811767
1811768
1811769
1811770
1811771
1811772
1811773
1811774
1811775
1811776
1811777
1811778
1811779
1811780
1812225
1812226
1812227
1812228
1812229
1812230
1812231
1812232
1812233
1812234
1812235
1812236
1812237
1812238
1812239
1812240
1812241
1812242
1812243
1812244
1812245
1812246
1812247
1812248
1812400
1812401
1812402
1812403
1812404
1812405
1812406
1812407
1812408
1812409
1812410
1812411
1812412
1812413
1812414
1812415
1812416
1812417
1812418
1812419
1812420
1812421
1812422
1812423
1812559
1812560
1812561
1812562
1812563
1812564
1812565
1812566
1812567
1812568
1812569
1812570
1812571
1812572
1812573
1812574
1812575
1812576
1812577
1812578
1812579
1812580
1812581
1812582
1812583
1812584
1812585
1813030
1813031
1813032
1813033
1813034
1813035
1813036
1813037
1813038
1813039
1813040
1813041
1813042
1813043
1813044
1813045
1813046
1813047
1813048
1813049
1813050
1813051
1813052
1813053
1813205
1813206
1813207
1813208
1813209
1813210
1813211
1813212
1813213
1813214
1813215
1813216
1813217
1813218
1813219
1813220
1813221
1813222
1813223
1813224
1813225
1813226
1813227
1813228
1813364
1813365
1813366
1813367
1813368
1813369
1813370
1813371
1813372
1813373
1813374
1813375
1813376
1813377
1813378
1813379
1813380
1813381
1813382
1813383
1813384
1813385
1813386
1813387
1813388
1813389
1813390
1813835
1813836
1813837
1813838
1813839
1813840
1813841
1813842
1813843
1813844
1813845
1813846
1813847
1813848
1813849
1813850
1813851
1813852
1813853
1813854
1813855
1813856
1813857
1813858
1814010
1814011
1814012
1814013
1814014
1814015
1814016
1814017
1814018
1814019
1814020
1814021
1814022
1814023
1814024
1814025
1814026
1814027
1814028
1814029
1814030
1814031
1814032
1814033
1814169
1814170
1814171
1814172
1814173
1814174
1814175
1814176
1814177
1814178
1814179
1814180
1814181
1814182
1814183
1814184
1814185
1814186
1814187
1814188
1814189
1814190
1814191
1814192
1814193
1814194
1814195
1814640
1814641
1814642
1814643
1814644
1814645
1814646
1814647
1814648
1814649
1814650
1814651
1814652
1814653
1814654
1814655
1814656
1814657
1814658
1814659
1814660
1814661
1814662
1814663
1814815
1814816
1814817
1814818
1814819
1814820
1814821
1814822
1814823
1814824
1814825
1814826
1814827
1814828
1814829
1814830
1814831
1814832
1814833
1814834
1814835
1814836
1814837
1814838
1814974
1814975
1814976
1814977
1814978
1814979
1814980
1814981
1814982
1814983
1814984
1814985
1814986
1814987
1814988
1814989
1814990
1814991
1814992
1814993
1814994
1814995
1814996
1814997
1814998
1814999
1815000
1815445
1815446
1815447
1815448
1815449
1815450
1815451
1815452
1815453
1815454
1815455
1815456
1815457
1815458
1815459
1815460
1815461
1815462
1815463
1815464
1815465
1815466
1815467
1815468
1815620
1815621
1815622
1815623
1815624
1815625
1815626
1815627
1815628
1815629
1815630
1815631
1815632
1815633
1815634
1815635
1815636
1815637
1815638
1815639
1815640
1815641
1815642
1815643
1815779
1815780
1815781
1815782
1815783
1815784
1815785
1815786
1815787
1815788
1815789
1815790
1815791
1815792
1815793
1815794
1815795
1815796
1815797
1815798
1815799
1815800
1815801
1815802
1815803
1815804
1815805
1816250
1816251
1816252
1816253
1816254
1816255
1816256
1816257
1816258
1816259
1816260
1816261
1816262
1816263
1816264
1816265
1816266
1816267
1816268
1816269
1816270
1816271
1816272
1816273
1816425
1816426
1816427
1816428
1816429
1816430
1816431
1816432
1816433
1816434
1816435
1816436
1816437
1816438
1816439
1816440
1816441
1816442
1816443
1816444
1816445
1816446
1816447
1816448
1816584
1816585
1816586
1816587
1816588
1816589
1816590
1816591
1816592
1816593
1816594
1816595
1816596
1816597
1816598
1816599
1816600
1816601
1816602
1816603
1816604
1816605
1816606
1816607
1816608
1816609
1816610
1817055
1817056
1817057
1817058
1817059
1817060
1817061
1817062
1817063
1817064
1817065
1817066
1817067
1817068
1817069
1817070
1817071
1817072
1817073
1817074
1817075
1817076
1817077
1817078
1817230
1817231
1817232
1817233
1817234
1817235
1817236
1817237
1817238
1817239
1817240
1817241
1817242
1817243
1817244
1817245
1817246
1817247
1817248
1817249
1817250
1817251
1817252
1817253
1817389
1817390
1817391
1817392
1817393
1817394
1817395
1817396
1817397
1817398
1817399
1817400
1817401
1817402
1817403
1817404
1817405
1817406
1817407
1817408
1817409
1817410
1817411
1817412
1817413
1817414
1817415
1817860
1817861
1817862
1817863
1817864
1817865
1817866
1817867
1817868
1817869
1817870
1817871
1817872
1817873
1817874
1817875
1817876
1817877
1817878
1817879
1817880
1817881
1817882
1817883
1818035
1818036
1818037
1818038
1818039
1818040
1818041
1818042
1818043
1818044
1818045
1818046
1818047
1818048
1818049
1818050
1818051
1818052
1818053
1818054
1818055
1818056
1818057
1818058
1818194
1818195
1818196
1818197
1818198
1818199
1818200
1818201
1818202
1818203
1818204
1818205
1818206
1818207
1818208
1818209
1818210
1818211
1818212
1818213
1818214
1818215
1818216
1818217
1818218
1818219
1818220
1818665
1818666
1818667
1818668
1818669
1818670
1818671
1818672
1818673
1818674
1818675
1818676
1818677
1818678
1818679
1818680
1818681
1818682
1818683
1818684
1818685
1818686
1818687
1818688
1818840
1818841
1818842
1818843
1818844
1818845
1818846
1818847
1818848
1818849
1818850
1818851
1818852
1818853
1818854
1818855
1818856
1818857
1818858
1818859
1818860
1818861
1818862
1818863
1818999
1819000
1819001
1819002
1819003
1819004
1819005
1819006
1819007
1819008
1819009
1819010
1819011
1819012
1819013
1819014
1819015
1819016
1819017
1819018
1819019
1819020
1819021
1819022
1819023
1819024
1819025
1819470
1819471
1819472
1819473
1819474
1819475
1819476
1819477
1819478
1819479
1819480
1819481
1819482
1819483
1819484
1819485
1819486
1819487
1819488
1819489
1819490
1819491
1819492
1819493
1819645
1819646
1819647
1819648
1819649
1819650
1819651
1819652
1819653
1819654
1819655
1819656
1819657
1819658
1819659
1819660
1819661
1819662
1819663
1819664
1819665
1819666
1819667
1819668
1819804
1819805
1819806
1819807
1819808
1819809
1819810
1819811
1819812
1819813
1819814
1819815
1819816
1819817
1819818
1819819
1819820
1819821
1819822
1819823
1819824
1819825
1819826
1819827
1819828
1819829
1819830
1820275
1820276
1820277
1820278
1820279
1820280
1820281
1820282
1820283
1820284
1820285
1820286
1820287
1820288
1820289
1820290
1820291
1820292
1820293
1820294
1820295
1820296
1820297
1820298
1820450
1820451
1820452
1820453
1820454
1820455
1820456
1820457
1820458
1820459
1820460
1820461
1820462
1820463
1820464
1820465
1820466
1820467
1820468
1820469
1820470
1820471
1820472
1820473
1820609
1820610
1820611
1820612
1820613
1820614
1820615
1820616
1820617
1820618
1820619
1820620
1820621
1820622
1820623
1820624
1820625
1820626
1820627
1820628
1820629
1820630
1820631
1820632
1820633
1820634
1820635
1821080
1821081
1821082
1821083
1821084
1821085
1821086
1821087
1821088
1821089
1821090
1821091
1821092
1821093
1821094
1821095
1821096
1821097
1821098
1821099
1821100
1821101
1821102
1821103
1821255
1821256
1821257
1821258
1821259
1821260
1821261
1821262
1821263
1821264
1821265
1821266
1821267
1821268
1821269
1821270
1821271
1821272
1821273
1821274
1821275
1821276
1821277
1821278
1821414
1821415
1821416
1821417
1821418
1821419
1821420
1821421
1821422
1821423
1821424
1821425
1821426
1821427
1821428
1821429
1821430
1821431
1821432
1821433
1821434
1821435
1821436
1821437
1821438
1821439
1821440
1821885
1821886
1821887
1821888
1821889
1821890
1821891
1821892
1821893
1821894
1821895
1821896
1821897
1821898
1821899
1821900
1821901
1821902
1821903
1821904
1821905
1821906
1821907
1821908
1822060
1822061
1822062
1822063
1822064
1822065
1822066
1822067
1822068
1822069
1822070
1822071
1822072
1822073
1822074
1822075
1822076
1822077
1822078
1822079
1822080
1822081
1822082
1822083
1822219
1822220
1822221
1822222
1822223
1822224
1822225
1822226
1822227
1822228
1822229
1822230
1822231
1822232
1822233
1822234
1822235
1822236
1822237
1822238
1822239
1822240
1822241
1822242
1822243
1822244
1822245
1822690
1822691
1822692
1822693
1822694
1822695
1822696
1822697
1822698
1822699
1822700
1822701
1822702
1822703
1822704
1822705
1822706
1822707
1822708
1822709
1822710
1822711
1822712
1822713
1822865
1822866
1822867
1822868
1822869
1822870
1822871
1822872
1822873
1822874
1822875
1822876
1822877
1822878
1822879
1822880
1822881
1822882
1822883
1822884
1822885
1822886
1822887
1822888
1823024
1823025
1823026
1823027
1823028
1823029
1823030
1823031
1823032
1823033
1823034
1823035
1823036
1823037
1823038
1823039
1823040
1823041
1823042
1823043
1823044
1823045
1823046
1823047
1823048
1823049
1823050
1823495
1823496
1823497
1823498
1823499
1823500
1823501
1823502
1823503
1823504
1823505
1823506
1823507
1823508
1823509
1823510
1823511
1823512
1823513
1823514
1823515
1823516
1823517
1823518
1823670
1823671
1823672
1823673
1823674
1823675
1823676
1823677
1823678
1823679
1823680
1823681
1823682
1823683
1823684
1823685
1823686
1823687
1823688
1823689
1823690
1823691
1823692
1823693
1823829
1823830
1823831
1823832
1823833
1823834
1823835
1823836
1823837
1823838
1823839
1823840
1823841
1823842
1823843
1823844
1823845
1823846
1823847
1823848
1823849
1823850
1823851
1823852
1823853
1823854
1823855
1824300
1824301
1824302
1824303
1824304
1824305
1824306
1824307
1824308
1824309
1824310
1824311
1824312
1824313
1824314
1824315
1824316
1824317
1824318
1824319
1824320
1824321
1824322
1824323
1824475
1824476
1824477
1824478
1824479
1824480
1824481
1824482
1824483
1824484
1824485
1824486
1824487
1824488
1824489
1824490
1824491
1824492
1824493
1824494
1824495
1824496
1824497
1824498
1824634
1824635
1824636
1824637
1824638
1824639
1824640
1824641
1824642
1824643
1824644
1824645
1824646
1824647
1824648
1824649
1824650
1824651
1824652
1824653
1824654
1824655
1824656
1824657
1824658
1824659
1824660
1825105
1825106
1825107
1825108
1825109
1825110
1825111
1825112
1825113
1825114
1825115
1825116
1825117
1825118
1825119
1825120
1825121
1825122
1825123
1825124
1825125
1825126
1825127
1825128
1825280
1825281
1825282
1825283
1825284
1825285
1825286
1825287
1825288
1825289
1825290
1825291
1825292
1825293
1825294
1825295
1825296
1825297
1825298
1825299
1825300
1825301
1825302
1825303
1825439
1825440
1825441
1825442
1825443
1825444
1825445
1825446
1825447
1825448
1825449
1825450
1825451
1825452
1825453
1825454
1825455
1825456
1825457
1825458
1825459
1825460
1825461
1825462
1825463
1825464
1825465
1825898
1825899
1825900
1825901
1825902
1825903
1825904
1825905
1825906
1825907
1825908
1825909
1825910
1825911
1825912
1825913
1825914
1825915
1826040
1826041
1826042
1826043
1826044
1826045
1826046
1826047
1826048
1826049
1826050
1826051
1826052
1826053
1826054
1826055
1826056
1826057
1826172
1826173
1826174
1826175
1826176
1826177
1826178
1826179
1826180
1826181
1826182
1826183
1826184
1826185
1826186
1826187
1826188
1826189
1826190
1826191
1826192
2007036
2007037
2007038
2007039
2007040
2007041
2007042
2007043
2007044
2007045
2007046
2007047
2007048
2007049
2007050
2007051
2007052
2007053
2007054
2007055
2007056
2007057
2007058
2007059
2007060
2007061
2007062
2007063
2007064
2007065
2007066
2007067
2007068
2007069
2007070
2007071
2007072
2007073
2007074
2007075
2007076
2007077
2007078
2007079
2007080
2007081
2007082
2007083
2007084
2007085
2007086
2007087
2007088
2007089
2007090
2007091
2007092
2007093
2007094
2007095
2007096
2007097
2007098
2007099
2007100
2007101
2007102
2007103
2007104
2007105
2007106
2007107
2007108
2007109
2007110
2007111
2007112
2007113
2007114
2007115
2007116
2007117
2007118
2007119
2007120
2007121
2007122
2007123
2007124
2007125
2007126
2007127
2007128
2007129
2007130
2007131
2007132
2007133
2007134
2007135
2007136
2007137
2007138
2007139
2007140
2007141
2007142
2007143
2007144
2007145
2007146
2007147
2007148
2007149
2007150
2007151
2007152
2007153
2007154
2007155
2007156
2007157
2007158
2007159
2007160
2007161
2007162
2007163
2007164
2007165
2007166
2007167
2007168
2007169
2007170
2007171
2007172
2007173
2007174
2007175
2007176
2007177
2007178
2007179
2007180
2007181
2007182
2007183
2007184
2007185
2007186
2007187
2007188
2007189
2007190
2007191
2007192
2007193
2007194
2007195
2007196
2007197
2007198
2007199
2007200
2007201
2007202
2007203
2007204
2007205
2007206
2007207
2007208
2007209
2007210
2007211
2007212
2007213
2007214
2007215
2007216
2007217
2007218
2007219
2007220
2007221
2007222
2007223
2007224
2007225
2007226
2007227
2007228
2007229
2007230
2007231
2007232
2007233
2007234
2007235
2007236
2007237
2007238
2007239
2007240
2007241
2007242
2007243
2007244
2007245
2007246
2007247
2007248
2007249
2007250
2007251
2007252
2007253
2007254
2007255
2007256
2007257
2007258
2007259
2007260
2007261
2007262
2007263
2007264
2007265
2007266
2007267
2007268
2007269
2007270
2007271
2007272
2007273
2007274
2007275
2007276
2007277
2007278
2007279
2007280
2007281
2007282
2007283
2007284
2007285
2007286
2007287
2007288
2007289
2007290
2007291
2007292
2007293
2007294
2007295
2007296
2007297
2007298
2007299
2007300
2007301
2007302
2007303
2007304
2007305
2007306
2007307
2007308
2007309
2007310
2007311
2007312
2007313
2007314
2007315
2007316
2007317
2007318
2007319
2007320
2007321
2007322
2007323
2007324
2007325
2007326
2007327
2007328
2007329
2007330
2007331
2007332
2007333
2007334
2007335
2007336
2007337
2007338
2007339
2007340
2007341
2007342
2007343
2007344
2007345
2007346
2007347
2007348
2007349
2007350
2007351
2007352
2007353
2007354
2007355
2007356
2007357
2007358
2007359
2007360
2007361
2007362
2007363
2007364
2007365
2007366
2007367
2007368
2007369
2007370
2007371
2007372
2007373
2007374
2007375
2007376
2007377
2007378
2007379
2007380
2007381
2007382
2007383
2007384
2007385
2007386
2007387
2007388
2007389
2007390
2007391
2007392
2007393
2007394
2007395
2007396
2007397
2007398
2007399
2007400
2007401
2007402
2007403
2007404
2007405
2007406
2007407
2007408
2007409
2007410
2007411
2007412
2007413
2007414
2007415
2007416
2007417
2007418
2007419
2007420
2007421
2007422
2007423
2007424
2007425
2007426
2007427
2007428
2007429
2007430
2007431
2007432
2007433
2007434
2007435
2007436
2007437
2007438
2007439
2007440
2007441
2007442
2007443
2007444
2007445
2007446
2007447
2007448
2007449
2007450
2007451
2007452
2007453
2007454
2007455
2007456
2007457
2007458
2007459
2007460
2007461
2007462
2007463
2007464
2007465
2007466
2007467
2007468
2007469
2007470
2007471
2007472
2007473
2007474
2007475
2007476
2007477
2007478
2007479
2007480
2007481
2007482
2007483
2007484
2007485
2007486
2007487
2007488
2007489
2007490
2007491
2007492
2007493
2007494
2007495
2007496
2007497
2007498
2007499
2007500
2007501
2007502
2007503
2007504
2007505
2007506
2007507
2007508
2007509
2007510
2007511
2007512
2007513
2007514
2007515
2007516
2007517
2007518
2007519
2007520
2007521
2007522
2007523
2007524
2007525
2007526
2007527
2007528
2007529
2007530
2007531
2007532
2007533
2007534
2007535
2007536
2007537
2007538
2007539
2007540
2007541
2007542
2007543
2007544
2007545
2007546
2007547
2007548
2007549
2007550
2007551
2007552
2007553
2007554
2007555
2007556
2007557
2007558
2007559
2007560
2007561
2007562
2007563
2007564
2007565
2007566
2007567
2007568
2007569
2007570
2007571
2007572
2007573
2007574
2007575
2007576
2007577
2007578
2007579
2007580
2007581
2007582
2007583
2007584
2007585
2007586
2007587
2007588
2007589
2007590
2007591
2007592
2007593
2007594
2007595
2007596
2007597
2007598
2007599
2007600
2007601
2007602
2007603
2007604
2007605
2007606
2007607
2007608
2007609
2007610
2007611
2007612
2007613
2007614
2007615
2007616
2007617
2007618
2007619
2007620
2007621
2007622
2007623
2007624
2007625
2007626
2007627
2007628
2007629
2007630
2007631
2007632
2007633
2007634
2007635
2007636
2007637
2007638
2007639
2007640
2007641
2007642
2007643
2007644
2007645
2007646
2007647
2007648
2007649
2007650
2007651
2007652
2007653
2007654
2007655
2007656
2007657
2007658
2007659
2007660
2007661
2007662
2007663
2007664
2007665
2007666
2007667
2007668
2007669
2007670
2007671
2007672
2007673
2007674
2007675
2007676
2007677
2007678
2007679
2007680
2007681
2007682
2007683
2007684
2007685
2007686
2007687
2007688
2007689
2007690
2007691
2007692
2007693
2007694
2007695
2007696
2007697
2007698
2007699
2007700
2007701
2007702
2007703
2007704
2007705
2007706
2007707
2007708
2007709
2007710
2007711
2007712
2007713
2007714
2007715
2007716
2007717
2007718
2007719
2007720
2007721
2007722
2007723
2007724
2007725
2007726
2007727
2007728
2007729
2007730
2007731
2007732
2007733
2007734
2007735
2007736
2007737
2007738
2007739
2007740
2007741
2007742
2007743
2007744
2007745
2007746
2007747
2007748
2007749
2007750
2007751
2007752
2007753
2007754
2007755
2007756
2007757
2007758
2007759
2007760
2007761
2007762
2007763
2007764
2007765
2007766
2007767
2007768
2007769
2007770
2007771
2007772
2007773
2007774
2007775
2007776
2007777
2007778
2007779
2007780
2007781
2007782
2007783
2007784
2007785
2007786
2007787
2007788
2007789
2007790
2007791
2007792
2007793
2007794
2007795
2007796
2007797
2007798
2007799
2007800
2007801
2007802
2007803
2007804
2007805
2007806
2007807
2007808
2007809
2007810
2007811
2007812
2007813
2007814
2007815
2007816
2007817
2007818
2007819
2007820
2007821
2007822
2007823
2007824
2007825
2007826
2007827
2007828
2007829
2007830
2007831
2007832
2007833
2007834
2007835
2007836
2007837
2007838
2007839
2007840
2007841
2007842
2007843
2007844
2007845
2007846
2007847
2007848
2007849
2007850
2007851
2007852
2007853
2007854
2007855
2007856
2007857
2007858
2007859
2007860
2007861
2007862
2007863
2007864
2007865
2007866
2007867
2007868
2007869
2007870
2007871
2007872
2007873
2007874
2007875
2007876
2007877
2007878
2007879
2007880
2007881
2007882
2007883
2007884
2007885
2007886
2007887
2007888
2007889
2007890
2007891
2007892
2007893
2007894
2007895
2007896
2007897
2007898
2007899
2007900
2007901
2007902
2007903
2007904
2007905
2007906
2007907
2007908
2007909
2007910
2007911
2007912
2007913
2007914
2007915
2007916
2007917
2007918
2007919
2007920
2007921
2007922
2007923
2007924
2007925
2007926
2007927
2007928
2007929
2007930
2007931
2007932
2007933
2007934
2007935
2007936
2007937
2007938
2007939
2007940
2007941
2007942
2007943
2007944
2007945
2007946
2007947
2007948
2007949
2007950
2007951
2007952
2007953
2007954
2007955
2007956
2007957
2007958
2007959
2007960
2007961
2007962
2007963
2007964
2007965
2007966
2007967
2007968
2007969
2007970
2007971
2007972
2007973
2007974
2007975
2007976
2007977
2007978
2007979
2007980
2007981
2007982
2007983
2007984
2007985
2007986
2007987
2007988
2007989
2007990
2007991
2007992
2007993
2007994
2007995
2007996
2007997
2007998
2007999
2008000
2008001
2008002
2008003
2008004
2008005
2008006
2008007
2008008
2008009
2008010
2008011
2008012
2008013
2008014
2008015
2008016
2008017
2008018
2008019
2008020
2008021
2008022
2008023
2008024
2008025
2008026
2008027
2008028
2008029
2008030
2008031
2008032
2008033
2008034
2008035
2008036
2008037
2008038
2008039
2008040
2008041
2008042
2008043
2008044
2008045
2008046
2008047
2008048
2008049
2008050
2008051
2008052
2008053
2008054
2008055
2008056
2008057
2008058
2008059
2008060
2008061
2008062
2008063
2008064
2008065
2008066
2008067
2008068
2008069
2008070
2008071
2008072
2008073
2008074
2008075
2008076
2008077
2008078
2008079
2008080
2008081
2008082
2008083
2008084
2008085
2008086
2008087
2008088
2008089
2008090
2008091
2008092
2008093
2008094
2008095
2008096
2008097
2008098
2008099
2008100
2008101
2008102
2008103
2008104
2008105
2008106
2008107
2008108
2008109
2008110
2008111
2008112
2008113
2008114
2008115
2008116
2008117
2008118
2008119
2008120
2008121
2008122
2008123
2008124
2008125
2008126
2008127
2008128
2008129
2008130
2008131
2008132
2008133
2008134
2008135
2008136
2008137
2008138
2008139
2008140
2008141
2008142
2008143
2008144
2008145
2008146
2008147
2008148
2008149
2008150
2008151
2008152
2008153
2008154
2008155
2008156
2008157
2008158
2008159
2008160
2008161
2008162
2008163
2008164
2008165
2008166
2008167
2008168
2008169
2008170
2008171
2008172
2008173
2008174
2008175
2008176
2008177
2008178
2008179
2008180
2008181
2008182
2008183
2008184
2008185
2008186
2008187
2008188
2008189
2008190
2008191
2008192
2008193
2008194
2008195
2008196
2008197
2008198
2008199
2008200
2008201
2008202
2008203
2008204
2008205
2008206
2008207
2008208
2008209
2008210
2008211
2008212
2008213
2008214
2008215
2008216
2008217
2008218
2008219
2008220
2008221
2008222
2008223
2008224
2008225
2008226
2008227
2008228
2008229
2008230
2008231
2008232
2008233
2008234
2008235
2012236
2012237
2012238
2012239
2012240
2012241
2012242
2012243
2012244
2012245
2012246
2012247
2012248
2012249
2012250
2012251
2012252
2012253
2012254
2012255
2012256
2012257
2012258
2012259
2012260
2012261
2012262
2012263
2012264
2012265
2012266
2012267
2012268
2012269
2012270
2012271
2012272
2012273
2012274
2012275
2012276
2012277
2012278
2012279
2012280
2012281
2012282
2012283
2012284
2012285
2012286
2012287
2012288
2012289
2012290
2012291
2012292
2012293
2012294
2012295
2012296
2012297
2012298
2012299
2012300
2012301
2012302
2012303
2012304
2012305
2012306
2012307
2012308
2012309
2012310
2012311
2012312
2012313
2012314
2012315
2012316
2012317
2012318
2012319
2012320
2012321
2012322
2012323
2012324
2012325
2012326
2012327
2012328
2012329
2012330
2012331
2012332
2012333
2012334
2012335
2012336
2012337
2012338
2012339
2012340
2012341
2012342
2012343
2012344
2012345
2012346
2012347
2012348
2012349
2012350
2012351
2012352
2012353
2012354
2012355
2012356
2012357
2012358
2012359
2012360
2012361
2012362
2012363
2012364
2012365
2012366
2012367
2012368
2012369
2012370
2012371
2012372
2012373
2012374
2012375
2012376
2012377
2012378
2012379
2012380
2012381
2012382
2012383
2012384
2012385
2012386
2012387
2012388
2012389
2012390
2012391
2012392
2012393
2012394
2012395
2012396
2012397
2012398
2012399
2012400
2012401
2012402
2012403
2012404
2012405
2012406
2012407
2012408
2012409
2012410
2012411
2012412
2012413
2012414
2012415
2012416
2012417
2012418
2012419
2012420
2012421
2012422
2012423
2012424
2012425
2012426
2012427
2012428
2012429
2012430
2012431
2012432
2012433
2012434
2012435
2012436
2012437
2012438
2012439
2012440
2012441
2012442
2012443
2012444
2012445
2012446
2012447
2012448
2012449
2012450
2012451
2012452
2012453
2012454
2012455
2012456
2012457
2012458
2012459
2012460
2012461
2012462
2012463
2012464
2012465
2012466
2012467
2012468
2012469
2012470
2012471
2012472
2012473
2012474
2012475
2012476
2012477
2012478
2012479
2012480
2012481
2012482
2012483
2012484
2012485
2012486
2012487
2012488
2012489
2012490
2012491
2012492
2012493
2012494
2012495
2012496
2012497
2012498
2012499
2012500
2012501
2012502
2012503
2012504
2012505
2012506
2012507
2012508
2012509
2012510
2012511
2012512
2012513
2012514
2012515
2012516
2012517
2012518
2012519
2012520
2012521
2012522
2012523
2012524
2012525
2012526
2012527
2012528
2012529
2012530
2012531
2012532
2012533
2012534
2012535
2012536
2012537
2012538
2012539
2012540
2012541
2012542
2012543
2012544
2012545
2012546
2012547
2012548
2012549
2012550
2012551
2012552
2012553
2012554
2012555
2012556
2012557
2012558
2012559
2012560
2012561
2012562
2012563
2012564
2012565
2012566
2012567
2012568
2012569
2012570
2012571
2012572
2012573
2012574
2012575
2012576
2012577
2012578
2012579
2012580
2012581
2012582
2012583
2012584
2012585
2012586
2012587
2012588
2012589
2012590
2012591
2012592
2012593
2012594
2012595
2012596
2012597
2012598
2012599
2012600
2012601
2012602
2012603
2012604
2012605
2012606
2012607
2012608
2012609
2012610
2012611
2012612
2012613
2012614
2012615
2012616
2012617
2012618
2012619
2012620
2012621
2012622
2012623
2012624
2012625
2012626
2012627
2012628
2012629
2012630
2012631
2012632
2012633
2012634
2012635
2012636
2012637
2012638
2012639
2012640
2012641
2012642
2012643
2012644
2012645
2012646
2012647
2012648
2012649
2012650
2012651
2012652
2012653
2012654
2012655
2012656
2012657
2012658
2012659
2012660
2012661
2012662
2012663
2012664
2012665
2012666
2012667
2012668
2012669
2012670
2012671
2012672
2012673
2012674
2012675
2012676
2012677
2012678
2012679
2012680
2012681
2012682
2012683
2012684
2012685
2012686
2012687
2012688
2012689
2012690
2012691
2012692
2012693
2012694
2012695
2012696
2012697
2012698
2012699
2012700
2012701
2012702
2012703
2012704
2012705
2012706
2012707
2012708
2012709
2012710
2012711
2012712
2012713
2012714
2012715
2012716
2012717
2012718
2012719
2012720
2012721
2012722
2012723
2012724
2012725
2012726
2012727
2012728
2012729
2012730
2012731
2012732
2012733
2012734
2012735
2012736
2012737
2012738
2012739
2012740
2012741
2012742
2012743
2012744
2012745
2012746
2012747
2012748
2012749
2012750
2012751
2012752
2012753
2012754
2012755
2012756
2012757
2012758
2012759
2012760
2012761
2012762
2012763
2012764
2012765
2012766
2012767
2012768
2012769
2012770
2012771
2012772
2012773
2012774
2012775
2012776
2012777
2012778
2012779
2012780
2012781
2012782
2012783
2012784
2012785
2012786
2012787
2012788
2012789
2012790
2012791
2012792
2012793
2012794
2012795
2012796
2012797
2012798
2012799
2012800
2012801
2012802
2012803
2012804
2012805
2012806
2012807
2012808
2012809
2012810
2012811
2012812
2012813
2012814
2012815
2012816
2012817
2012818
2012819
2012820
2012821
2012822
2012823
2012824
2012825
2012826
2012827
2012828
2012829
2012830
2012831
2012832
2012833
2012834
2012835
2012836
2012837
2012838
2012839
2012840
2012841
2012842
2012843
2012844
2012845
2012846
2012847
2012848
2012849
2012850
2012851
2012852
2012853
2012854
2012855
2012856
2012857
2012858
2012859
2012860
2012861
2012862
2012863
2012864
2012865
2012866
2012867
2012868
2012869
2012870
2012871
2012872
2012873
2012874
2012875
2012876
2012877
2012878
2012879
2012880
2012881
2012882
2012883
2012884
2012885
2012886
2012887
2012888
2012889
2012890
2012891
2012892
2012893
2012894
2012895
2012896
2012897
2012898
2012899
2012900
2012901
2012902
2012903
2012904
2012905
2012906
2012907
2012908
2012909
2012910
2012911
2012912
2012913
2012914
2012915
2012916
2012917
2012918
2012919
2012920
2012921
2012922
2012923
2012924
2012925
2012926
2012927
2012928
2012929
2012930
2012931
2012932
2012933
2012934
2012935
2012936
2012937
2012938
2012939
2012940
2012941
2012942
2012943
2012944
2012945
2012946
2012947
2012948
2012949
2012950
2012951
2012952
2012953
2012954
2012955
2012956
2012957
2012958
2012959
2012960
2012961
2012962
2012963
2012964
2012965
2012966
2012967
2012968
2012969
2012970
2012971
2012972
2012973
2012974
2012975
2012976
2012977
2012978
2012979
2012980
2012981
2012982
2012983
2012984
2012985
2012986
2012987
2012988
2012989
2012990
2012991
2012992
2012993
2012994
2012995
2012996
2012997
2012998
2012999
2013000
2013001
2013002
2013003
2013004
2013005
2013006
2013007
2013008
2013009
2013010
2013011
2013012
2013013
2013014
2013015
2013016
2013017
2013018
2013019
2013020
2013021
2013022
2013023
2013024
2013025
2013026
2013027
2013028
2013029
2013030
2013031
2013032
2013033
2013034
2013035
2013036
2013037
2013038
2013039
2013040
2013041
2013042
2013043
2013044
2013045
2013046
2013047
2013048
2013049
2013050
2013051
2013052
2013053
2013054
2013055
2013056
2013057
2013058
2013059
2013060
2013061
2013062
2013063
2013064
2013065
2013066
2013067
2013068
2013069
2013070
2013071
2013072
2013073
2013074
2013075
2013076
2013077
2013078
2013079
2013080
2013081
2013082
2013083
2013084
2013085
2013086
2013087
2013088
2013089
2013090
2013091
2013092
2013093
2013094
2013095
2013096
2013097
2013098
2013099
2013100
2013101
2013102
2013103
2013104
2013105
2013106
2013107
2013108
2013109
2013110
2013111
2013112
2013113
2013114
2013115
2013116
2013117
2013118
2013119
2013120
2013121
2013122
2013123
2013124
2013125
2013126
2013127
2013128
2013129
2013130
2013131
2013132
2013133
2013134
2013135
2013136
2013137
2013138
2013139
2013140
2013141
2013142
2013143
2013144
2013145
2013146
2013147
2013148
2013149
2013150
2013151
2013152
2013153
2013154
2013155
2013156
2013157
2013158
2013159
2013160
2013161
2013162
2013163
2013164
2013165
2013166
2013167
2013168
2013169
2013170
2013171
2013172
2013173
2013174
2013175
2013176
2013177
2013178
2013179
2013180
2013181
2013182
2013183
2013184
2013185
2013186
2013187
2013188
2013189
2013190
2013191
2013192
2013193
2013194
2013195
2013196
2013197
2013198
2013199
2013200
2013201
2013202
2013203
2013204
2013205
2013206
2013207
2013208
2013209
2013210
2013211
2013212
2013213
2013214
2013215
2013216
2013217
2013218
2013219
2013220
2013221
2013222
2013223
2013224
2013225
2013226
2013227
2013228
2013229
2013230
2013231
2013232
2013233
2013234
2013235
2013236
2013237
2013238
2013239
2013240
2013241
2013242
2013243
2013244
2013245
2013246
2013247
2013248
2013249
2013250
2013251
2013252
2013253
2013254
2013255
2013256
2013257
2013258
2013259
2013260
2013261
2013262
2013263
2013264
2013265
2013266
2013267
2013268
2013269
2013270
2013271
2013272
2013273
2013274
2013275
2013276
2013277
2013278
2013279
2013280
2013281
2013282
2013283
2013284
2013285
2013286
2013287
2013288
2013289
2013290
2013291
2013292
2013293
2013294
2013295
2013296
2013297
2013298
2013299
2013300
2013301
2013302
2013303
2013304
2013305
2013306
2013307
2013308
2013309
2013310
2013311
2013312
2013313
2013314
2013315
2013316
2013317
2013318
2013319
2013320
2013321
2013322
2013323
2013324
2013325
2013326
2013327
2013328
2013329
2013330
2013331
2013332
2013333
2013334
2013335
2013336
2013337
2013338
2013339
2013340
2013341
2013342
2013343
2013344
2013345
2013346
2013347
2013348
2013349
2013350
2013351
2013352
2013353
2013354
2013355
2013356
2013357
2013358
2013359
2013360
2013361
2013362
2013363
2013364
2013365
2013366
2013367
2013368
2013369
2013370
2013371
2013372
2013373
2013374
2013375
2013376
2013377
2013378
2013379
2013380
2013381
2013382
2013383
2013384
2013385
2013386
2013387
2013388
2013389
2013390
2013391
2013392
2013393
2013394
2013395
2013396
2013397
2013398
2013399
2013400
2013401
2013402
2013403
2013404
2013405
2013406
2013407
2013408
2013409
2013410
2013411
2013412
2013413
2013414
2013415
2013416
2013417
2013418
2013419
2013420
2013421
2013422
2013423
2013424
2013425
2013426
2013427
2013428
2013429
2013430
2013431
2013432
2013433
2013434
2013435
2039946
2039947
2039962
2039963
2039964
2039965
2039966
2039967
2039980
2039981
2039982
2039983
2039984
2039985
2039986
2039998
2039999
2040000
2040001
2040002
2040003
2040004
2040016
2040017
2040018
2040019
2040020
2040021
2040022
2040034
2040035
2040036
2040037
2040038
2040039
2040040
2040052
2040053
2040054
2040055
2040056
2040057
2040071
2040072
2040073
2040074
2040386
2040389
2040390
2040391
2040392
2040393
2040395
2040396
2040398
2040399
2040403
2040404
2040405
2040406
2040407
2040408
2040410
2040411
2040415
2040416
2040417
2040420
2040423
2040429
2040433
2040434
2040435
2040438
2040439
2040440
2040441
2040442
2040443
2040444
2040445
2040447
2040451
2040454
2040457
2040458
2040459
2040460
2040462
2040463
2040949
2040950
2040951
2040952
2040953
2040954
2040958
2040959
2040960
2040961
2040962
2040963
2040967
2040968
2040969
2040970
2040971
2040972
2041311
2041312
2041327
2041328
2041329
2041330
2041331
2041332
2041345
2041346
2041347
2041348
2041349
2041350
2041351
2041363
2041364
2041365
2041366
2041367
2041368
2041369
2041381
2041382
2041383
2041384
2041385
2041386
2041387
2041399
2041400
2041401
2041402
2041403
2041404
2041405
2041417
2041418
2041419
2041420
2041421
2041422
2041436
2041437
2041438
2041439
2041751
2041753
2041754
2041756
2041757
2041758
2041759
2041760
2041762
2041763
2041768
2041769
2041770
2041771
2041772
2041773
2041774
2041775
2041780
2041781
2041782
2041783
2041786
2041792
2041798
2041799
2041800
2041801
2041804
2041805
2041806
2041807
2041808
2041809
2041810
2041812
2041818
2041821
2041822
2041823
2041824
2041825
2041827
2041830
2042314
2042315
2042316
2042317
2042318
2042319
2042323
2042324
2042325
2042326
2042327
2042328
2042332
2042333
2042334
2042335
2042336
2042337
26
-52
-54
-168
200
312
313
-361
466
468
-502
-622
668
794
796
-819
-820
948
950
954
959
965
-967
-968
2351
-2379
-2381
-2501
2536
2663
2664
-2714
2836
2838
-2876
-3010
3059
3198
3200
-3229
-3230
3368
3370
3375
3381
3388
-3391
-3392
4841
-4869
-4871
-4991
5026
5153
5154
-5204
5326
5328
-5366
-5500
5549
5688
5690
-5719
-5720
5858
5860
5865
5871
5878
-5881
-5882
7331
-7359
-7361
-7481
7516
7643
7644
-7694
7816
7818
-7856
-7990
8039
8178
8180
-8209
-8210
8348
8350
8355
8361
8368
-8371
-8372
9821
-9849
-9851
-9971
10006
10133
10134
-10184
10306
10308
-10346
-10480
10529
10668
10670
-10699
-10700
10838
10840
10845
10851
10858
-10861
-10862
12311
-12339
-12341
-12461
12496
12623
12624
-12674
12796
12798
-12836
-12970
13019
13158
13160
-13189
-13190
13328
13330
13335
13341
13348
-13351
-13352
14801
-14829
-14831
-14951
14986
15113
15114
-15164
15286
15288
-15326
-15460
15509
15648
15650
-15679
-15680
15818
15820
15825
15831
15838
-15841
-15842
17291
-17319
-17321
-17441
17476
17603
17604
-17654
17776
17778
-17816
-17950
17999
18138
18140
-18169
-18170
18308
18310
18315
18321
18328
-18331
-18332
19781
-19809
-19811
-19931
19966
20093
20094
-20144
20266
20268
-20306
-20440
20489
20628
20630
-20659
-20660
20798
20800
20805
20811
20818
-20821
-20822
22271
-22299
-22301
-22421
22456
22583
22584
-22634
22756
22758
-22796
-22930
22979
23118
23120
-23149
-23150
23288
23290
23295
23301
23308
-23311
-23312
24761
-24789
-24791
-24911
24946
25073
25074
-25124
25246
25248
-25286
-25420
25469
25608
25610
-25639
-25640
25778
25780
25785
25791
25798
-25801
-25802
27251
-27279
-27281
-27401
27436
27563
27564
-27614
27736
27738
-27776
-27910
27959
28098
28100
-28129
-28130
28268
28270
28275
28281
28288
-28291
-28292
29741
-29769
-29771
-29891
29926
30053
30054
-30104
30226
30228
-30266
-30400
30449
30588
30590
-30619
-30620
30758
30760
30765
30771
30778
-30781
-30782
32231
-32259
-32261
-32381
32416
32543
32544
-32594
32716
32718
-32756
-32890
32939
33078
33080
-33109
-33110
33248
33250
33255
33261
33268
-33271
-33272
34721
-34749
-34751
-34871
34906
35033
35034
-35084
35206
35208
-35246
-35380
35429
35568
35570
-35599
-35600
35738
35740
35745
35751
35758
-35761
-35762
37211
-37239
-37241
-37361
37396
37523
37524
-37574
37696
37698
-37736
-37870
37919
38058
38060
-38089
-38090
38228
38230
38235
38241
38248
-38251
-38252
39701
-39729
-39731
-39851
39886
40013
40014
-40064
40186
40188
-40226
-40360
40409
40548
40550
-40579
-40580
40718
40720
40725
40731
40738
-40741
-40742
42191
-42219
-42221
-42341
42376
42503
42504
-42554
42676
42678
-42716
-42850
42899
43038
43040
-43069
-43070
43208
43210
43215
43221
43228
-43231
-43232
44681
-44709
-44711
-44831
44866
44993
44994
-45044
45166
45168
-45206
-45340
45389
45528
45530
-45559
-45560
45698
45700
45705
45711
45718
-45721
-45722
47171
-47199
-47201
-47321
47356
47483
47484
-47534
47656
47658
-47696
-47830
47879
48018
48020
-48049
-48050
48188
48190
48195
48201
48208
-48211
-48212
49661
-49689
-49691
-49811
49846
49973
49974
-50024
50146
50148
-50186
-50320
50369
50508
50510
-50539
-50540
50678
50680
50685
50691
50698
-50701
-50702
52151
-52179
-52181
-52301
52336
52463
52464
-52514
52636
52638
-52676
-52810
52859
52998
53000
-53029
-53030
53168
53170
53175
53181
53188
-53191
-53192
54641
-54669
-54671
-54791
54826
54953
54954
-55004
55126
55128
-55166
-55300
55349
55488
55490
-55519
-55520
55658
55660
55665
55671
55678
-55681
-55682
57131
-57159
-57161
-57281
57316
57443
57444
-57494
57616
57618
-57656
-57790
57839
57978
57980
-58009
-58010
58148
58150
58155
58161
58168
-58171
-58172
59621
-59649
-59651
-59771
59806
59933
59934
-59984
60106
60108
-60146
-60280
60329
60468
60470
-60499
-60500
60638
60640
60645
60651
60658
-60661
-60662
62111
-62139
-62141
-62261
62296
62423
62424
-62474
62596
62598
-62636
-62770
62819
62958
62960
-62989
-62990
63128
63130
63135
63141
63148
-63151
-63152
64601
-64629
-64631
-64751
64786
64913
64914
-64964
65086
65088
-65126
-65260
65309
65448
65450
-65479
-65480
65618
65620
65625
65631
65638
-65641
-65642
67091
-67119
-67121
-67241
67276
67403
67404
-67454
67576
67578
-67616
-67750
67799
67938
67940
-67969
-67970
68108
68110
68115
68121
68128
-68131
-68132
69581
-69609
-69611
-69731
69766
69893
69894
-69944
70066
70068
-70106
-70240
70289
70428
70430
-70459
-70460
70598
70600
70605
70611
70618
-70621
-70622
72071
-72099
-72101
-72221
72256
72383
72384
-72434
72556
72558
-72596
-72730
72779
72918
72920
-72949
-72950
73088
73090
73095
73101
73108
-73111
-73112
74561
-74589
-74591
-74711
74746
74873
74874
-74924
75046
75048
-75086
-75220
75269
75408
75410
-75439
-75440
75578
75580
75585
75591
75598
-75601
-75602
77051
-77079
-77081
-77201
77236
77363
77364
-77414
77536
77538
-77576
-77710
77759
77898
77900
-77929
-77930
78068
78070
78075
78081
78088
-78091
-78092
79541
-79569
-79571
-79691
79726
79853
79854
-79904
80026
80028
-80066
-80200
80249
80388
80390
-80419
-80420
80558
80560
80565
80571
80578
-80581
-80582
82031
-82059
-82061
-82181
82216
82343
82344
-82394
82516
82518
-82556
-82690
82739
82878
82880
-82909
-82910
83048
83050
83055
83061
83068
-83071
-83072
84521
-84549
-84551
-84671
84706
84833
84834
-84884
85006
85008
-85046
-85180
85229
85368
85370
-85399
-85400
85538
85540
85545
85551
85558
-85561
-85562
87011
-87039
-87041
-87161
87196
87323
87324
-87374
87496
87498
-87536
-87670
87719
87858
87860
-87889
-87890
88028
88030
88035
88041
88048
-88051
-88052
89501
-89529
-89531
-89651
89686
89813
89814
-89864
89986
89988
-90026
-90160
90209
90348
90350
-90379
-90380
90518
90520
90525
90531
90538
-90541
-90542
91991
-92019
-92021
-92141
92176
92303
92304
-92354
92476
92478
-92516
-92650
92699
92838
92840
-92869
-92870
93008
93010
93015
93021
93028
-93031
-93032
94481
-94509
-94511
-94631
94666
94793
94794
-94844
94966
94968
-95006
-95140
95189
95328
95330
-95359
-95360
95498
95500
95505
95511
95518
-95521
-95522
96971
-96999
-97001
-97121
97156
97283
97284
-97334
97456
97458
-97496
-97630
97679
97818
97820
-97849
-97850
97988
97990
97995
98001
98008
-98011
-98012
99461
-99489
-99491
-99611
99646
99773
99774
-99824
99946
99948
-99986
-100120
100169
100308
100310
-100339
-100340
100478
100480
100485
100491
100498
-100501
-100502
101951
-101979
-101981
-102101
102136
102263
102264
-102314
102436
102438
-102476
-102610
102659
102798
102800
-102829
-102830
102968
102970
102975
102981
102988
-102991
-102992
104441
-104469
-104471
-104591
104626
104753
104754
-104804
104926
104928
-104966
-105100
105149
105288
105290
-105319
-105320
105458
105460
105465
105471
105478
-105481
-105482
106931
-106959
-106961
-107081
107116
107243
107244
-107294
107416
107418
-107456
-107590
107639
107778
107780
-107809
-107810
107948
107950
107955
107961
107968
-107971
-107972
109421
-109449
-109451
-109571
109606
109733
109734
-109784
109906
109908
-109946
-110080
110129
110268
110270
-110299
-110300
110438
110440
110445
110451
110458
-110461
-110462
111911
-111939
-111941
-112061
112096
112223
112224
-112274
112396
112398
-112436
-112570
112619
112758
112760
-112789
-112790
112928
112930
112935
112941
112948
-112951
-112952
114401
-114429
-114431
-114551
114586
114713
114714
-114764
114886
114888
-114926
-115060
115109
115248
115250
-115279
-115280
115418
115420
115425
115431
115438
-115441
-115442
116891
-116919
-116921
-117041
117076
117203
117204
-117254
117376
117378
-117416
-117550
117599
117738
117740
-117769
-117770
117908
117910
117915
117921
117928
-117931
-117932
119381
-119409
-119411
-119531
119566
119693
119694
-119744
119866
119868
-119906
-120040
120089
120228
120230
-120259
-120260
120398
120400
120405
120411
120418
-120421
-120422
121871
-121899
-121901
-122021
122056
122183
122184
-122234
122356
122358
-122396
-122530
122579
122718
122720
-122749
-122750
122888
122890
122895
122901
122908
-122911
-122912
124361
-124389
-124391
-124511
124546
124673
124674
-124724
124846
124848
-124886
-125020
125069
125208
125210
-125239
-125240
125378
125380
125385
125391
125398
-125401
-125402
126851
-126879
-126881
-127001
127036
127163
127164
-127214
127336
127338
-127376
-127510
127559
127698
127700
-127729
-127730
127868
127870
127875
127881
127888
-127891
-127892
129341
-129369
-129371
-129491
129526
129653
129654
-129704
129826
129828
-129866
-130000
130049
130188
130190
-130219
-130220
130358
130360
130365
130371
130378
-130381
-130382
131831
-131859
-131861
-131981
132016
132143
132144
-132194
132316
132318
-132356
-132490
132539
132678
132680
-132709
-132710
132848
132850
132855
132861
132868
-132871
-132872
134321
-134349
-134351
-134471
134506
134633
134634
-134684
134806
134808
-134846
-134980
135029
135168
135170
-135199
-135200
135338
135340
135345
135351
135358
-135361
-135362
136811
-136839
-136841
-136961
136996
137123
137124
-137174
137296
137298
-137336
-137470
137519
137658
137660
-137689
-137690
137828
137830
137835
137841
137848
-137851
-137852
139301
-139329
-139331
-139451
139486
139613
139614
-139664
139786
139788
-139826
-139960
140009
140148
140150
-140179
-140180
140318
140320
140325
140331
140338
-140341
-140342
141791
-141819
-141821
-141941
141976
142103
142104
-142154
142276
142278
-142316
-142450
142499
142638
142640
-142669
-142670
142808
142810
142815
142821
142828
-142831
-142832
144281
-144309
-144311
-144431
144466
144593
144594
-144644
144766
144768
-144806
-144940
144989
145128
145130
-145159
-145160
145298
145300
145305
145311
145318
-145321
-145322
146771
-146799
-146801
-146921
146956
147083
147084
-147134
147256
147258
-147296
-147430
147479
147618
147620
-147649
-147650
147788
147790
147795
147801
147808
-147811
-147812
149261
-149289
-149291
-149411
149446
149573
149574
-149624
149746
149748
-149786
-149920
149969
150108
150110
-150139
-150140
150278
150280
150285
150291
150298
-150301
-150302
151751
-151779
-151781
-151901
151936
152063
152064
-152114
152236
152238
-152276
-152410
152459
152598
152600
-152629
-152630
152768
152770
152775
152781
152788
-152791
-152792
154241
-154269
-154271
-154391
154426
154553
154554
-154604
154726
154728
-154766
-154900
154949
155088
155090
-155119
-155120
155258
155260
155265
155271
155278
-155281
-155282
156731
-156759
-156761
-156881
156916
157043
157044
-157094
157216
157218
-157256
-157390
157439
157578
157580
-157609
-157610
157748
157750
157755
157761
157768
-157771
-157772
159221
-159249
-159251
-159371
159406
159533
159534
-159584
159706
159708
-159746
-159880
159929
160068
160070
-160099
-160100
160238
160240
160245
160251
160258
-160261
-160262
161711
-161739
-161741
-161861
161896
162023
162024
-162074
162196
162198
-162236
-162370
162419
162558
162560
-162589
-162590
162728
162730
162735
162741
162748
-162751
-162752
164201
-164229
-164231
-164351
164386
164513
164514
-164564
164686
164688
-164726
-164860
164909
165048
165050
-165079
-165080
165218
165220
165225
165231
165238
-165241
-165242
166691
-166719
-166721
-166841
166876
167003
167004
-167054
167176
167178
-167216
-167350
167399
167538
167540
-167569
-167570
167708
167710
167715
167721
167728
-167731
-167732
169181
-169209
-169211
-169331
169366
169493
169494
-169544
169666
169668
-169706
-169840
169889
170028
170030
-170059
-170060
170198
170200
170205
170211
170218
-170221
-170222
171671
-171699
-171701
-171821
171856
171983
171984
-172034
172156
172158
-172196
-172330
172379
172518
172520
-172549
-172550
172688
172690
172695
172701
172708
-172711
-172712
174161
-174189
-174191
-174311
174346
174473
174474
-174524
174646
174648
-174686
-174820
174869
175008
175010
-175039
-175040
175178
175180
175185
175191
175198
-175201
-175202
176651
-176679
-176681
-176801
176836
176963
176964
-177014
177136
177138
-177176
-177310
177359
177498
177500
-177529
-177530
177668
177670
177675
177681
177688
-177691
-177692
179141
-179169
-179171
-179291
179326
179453
179454
-179504
179626
179628
-179666
-179800
179849
179988
179990
-180019
-180020
180158
180160
180165
180171
180178
-180181
-180182
181631
-181659
-181661
-181781
181816
181943
181944
-181994
182116
182118
-182156
-182290
182339
182478
182480
-182509
-182510
182648
182650
182655
182661
182668
-182671
-182672
184121
-184149
-184151
-184271
184306
184433
184434
-184484
184606
184608
-184646
-184780
184829
184968
184970
-184999
-185000
185138
185140
185145
185151
185158
-185161
-185162
186611
-186639
-186641
-186761
186796
186923
186924
-186974
187096
187098
-187136
-187270
187319
187458
187460
-187489
-187490
187628
187630
187635
187641
187648
-187651
-187652
189101
-189129
-189131
-189251
189286
189413
189414
-189464
189586
189588
-189626
-189760
189809
189948
189950
-189979
-189980
190118
190120
190125
190131
190138
-190141
-190142
191591
-191619
-191621
-191741
191776
191903
191904
-191954
192076
192078
-192116
-192250
192299
192438
192440
-192469
-192470
192608
192610
192615
192621
192628
-192631
-192632
194081
-194109
-194111
-194231
194266
194393
194394
-194444
194566
194568
-194606
-194740
194789
194928
194930
-194959
-194960
195098
195100
195105
195111
195118
-195121
-195122
196571
-196599
-196601
-196721
196756
196883
196884
-196934
197056
197058
-197096
-197230
197279
197418
197420
-197449
-197450
197588
197590
197595
197601
197608
-197611
-197612
199061
-199089
-199091
-199211
199246
199373
199374
-199424
199546
199548
-199586
-199720
199769
199908
199910
-199939
-199940
200078
200080
200085
200091
200098
-200101
-200102
201551
-201579
-201581
-201701
201736
201863
201864
-201914
202036
202038
-202076
-202210
202259
202398
202400
-202429
-202430
202568
202570
202575
202581
202588
-202591
-202592
204041
-204069
-204071
-204191
204226
204353
204354
-204404
204526
204528
-204566
-204700
204749
204888
204890
-204919
-204920
205058
205060
205065
205071
205078
-205081
-205082
206531
-206559
-206561
-206681
206716
206843
206844
-206894
207016
207018
-207056
-207190
207239
207378
207380
-207409
-207410
207548
207550
207555
207561
207568
-207571
-207572
209021
-209049
-209051
-209171
209206
209333
209334
-209384
209506
209508
-209546
-209680
209729
209868
209870
-209899
-209900
210038
210040
210045
210051
210058
-210061
-210062
211511
-211539
-211541
-211661
211696
211823
211824
-211874
211996
211998
-212036
-212170
212219
212358
212360
-212389
-212390
212528
212530
212535
212541
212548
-212551
-212552
214001
-214029
-214031
-214151
214186
214313
214314
-214364
214486
214488
-214526
-214660
214709
214848
214850
-214879
-214880
215018
215020
215025
215031
215038
-215041
-215042
216491
-216519
-216521
-216641
216676
216803
216804
-216854
216976
216978
-217016
-217150
217199
217338
217340
-217369
-217370
217508
217510
217515
217521
217528
-217531
-217532
218981
-219009
-219011
-219131
219166
219293
219294
-219344
219466
219468
-219506
-219640
219689
219828
219830
-219859
-219860
219998
220000
220005
220011
220018
-220021
-220022
221471
-221499
-221501
-221621
221656
221783
221784
-221834
221956
221958
-221996
-222130
222179
222318
222320
-222349
-222350
222488
222490
222495
222501
222508
-222511
-222512
223961
-223989
-223991
-224111
224146
224273
224274
-224324
224446
224448
-224486
-224620
224669
224808
224810
-224839
-224840
224978
224980
224985
224991
224998
-225001
-225002
226451
-226479
-226481
-226601
226636
226763
226764
-226814
226936
226938
-226976
-227110
227159
227298
227300
-227329
-227330
227468
227470
227475
227481
227488
-227491
-227492
228941
-228969
-228971
-229091
229126
229253
229254
-229304
229426
229428
-229466
-229600
229649
229788
229790
-229819
-229820
229958
229960
229965
229971
229978
-229981
-229982
231431
-231459
-231461
-231581
231616
231743
231744
-231794
231916
231918
-231956
-232090
232139
232278
232280
-232309
-232310
232448
232450
232455
232461
232468
-232471
-232472
233921
-233949
-233951
-234071
234106
234233
234234
-234284
234406
234408
-234446
-234580
234629
234768
234770
-234799
-234800
234938
234940
234945
234951
234958
-234961
-234962
236411
-236439
-236441
-236561
236596
236723
236724
-236774
236896
236898
-236936
-237070
237119
237258
237260
-237289
-237290
237428
237430
237435
237441
237448
-237451
-237452
238901
-238929
-238931
-239051
239086
239213
239214
-239264
239386
239388
-239426
-239560
239609
239748
239750
-239779
-239780
239918
239920
239925
239931
239938
-239941
-239942
241391
-241419
-241421
-241541
241576
241703
241704
-241754
241876
241878
-241916
-242050
242099
242238
242240
-242269
-242270
242408
242410
242415
242421
242428
-242431
-242432
243881
-243909
-243911
-244031
244066
244193
244194
-244244
244366
244368
-244406
-244540
244589
244728
244730
-244759
-244760
244898
244900
244905
244911
244918
-244921
-244922
246371
-246399
-246401
-246521
246556
246683
246684
-246734
246856
246858
-246896
-247030
247079
247218
247220
-247249
-247250
247388
247390
247395
247401
247408
-247411
-247412
248861
-248889
-248891
-249011
249046
249173
249174
-249224
249346
249348
-249386
-249520
249569
249708
249710
-249739
-249740
249878
249880
249885
249891
249898
-249901
-249902
251351
-251379
-251381
-251501
251536
251663
251664
-251714
251836
251838
-251876
-252010
252059
252198
252200
-252229
-252230
252368
252370
252375
252381
252388
-252391
-252392
253841
-253869
-253871
-253991
254026
254153
254154
-254204
254326
254328
-254366
-254500
254549
254688
254690
-254719
-254720
254858
254860
254865
254871
254878
-254881
-254882
256331
-256359
-256361
-256481
256516
256643
256644
-256694
256816
256818
-256856
-256990
257039
257178
257180
-257209
-257210
257348
257350
257355
257361
257368
-257371
-257372
258821
-258849
-258851
-258971
259006
259133
259134
-259184
259306
259308
-259346
-259480
259529
259668
259670
-259699
-259700
259838
259840
259845
259851
259858
-259861
-259862
261311
-261339
-261341
-261461
261496
261623
261624
-261674
261796
261798
-261836
-261970
262019
262158
262160
-262189
-262190
262328
262330
262335
262341
262348
-262351
-262352
263801
-263829
-263831
-263951
263986
264113
264114
-264164
264286
264288
-264326
-264460
264509
264648
264650
-264679
-264680
264818
264820
264825
264831
264838
-264841
-264842
266291
-266319
-266321
-266441
266476
266603
266604
-266654
266776
266778
-266816
-266950
266999
267138
267140
-267169
-267170
267308
267310
267315
267321
267328
-267331
-267332
268781
-268809
-268811
-268931
268966
269093
269094
-269144
269266
269268
-269306
-269440
269489
269628
269630
-269659
-269660
269798
269800
269805
269811
269818
-269821
-269822
271271
-271299
-271301
-271421
271456
271583
271584
-271634
271756
271758
-271796
-271930
271979
272118
272120
-272149
-272150
272288
272290
272295
272301
272308
-272311
-272312
273761
-273789
-273791
-273911
273946
274073
274074
-274124
274246
274248
-274286
-274420
274469
274608
274610
-274639
-274640
274778
274780
274785
274791
274798
-274801
-274802
276251
-276279
-276281
-276401
276436
276563
276564
-276614
276736
276738
-276776
-276910
276959
277098
277100
-277129
-277130
277268
277270
277275
277281
277288
-277291
-277292
278741
-278769
-278771
-278891
278926
279053
279054
-279104
279226
279228
-279266
-279400
279449
279588
279590
-279619
-279620
279758
279760
279765
279771
279778
-279781
-279782
281231
-281259
-281261
-281381
281416
281543
281544
-281594
281716
281718
-281756
-281890
281939
282078
282080
-282109
-282110
282248
282250
282255
282261
282268
-282271
-282272
283721
-283749
-283751
-283871
283906
284033
284034
-284084
284206
284208
-284246
-284380
284429
284568
284570
-284599
-284600
284738
284740
284745
284751
284758
-284761
-284762
286211
-286239
-286241
-286361
286396
286523
286524
-286574
286696
286698
-286736
-286870
286919
287058
287060
-287089
-287090
287228
287230
287235
287241
287248
-287251
-287252
288701
-288729
-288731
-288851
288886
289013
289014
-289064
289186
289188
-289226
-289360
289409
289548
289550
-289579
-289580
289718
289720
289725
289731
289738
-289741
-289742
291191
-291219
-291221
-291341
291376
291503
291504
-291554
291676
291678
-291716
-291850
291899
292038
292040
-292069
-292070
292208
292210
292215
292221
292228
-292231
-292232
293681
-293709
-293711
-293831
293866
293993
293994
-294044
294166
294168
-294206
-294340
294389
294528
294530
-294559
-294560
294698
294700
294705
294711
294718
-294721
-294722
296171
-296199
-296201
-296321
296356
296483
296484
-296534
296656
296658
-296696
-296830
296879
297018
297020
-297049
-297050
297188
297190
297195
297201
297208
-297211
-297212
298661
-298689
-298691
-298811
298846
298973
298974
-299024
299146
299148
-299186
-299320
299369
299508
299510
-299539
-299540
299678
299680
299685
299691
299698
-299701
-299702
301151
-301179
-301181
-301301
301336
301463
301464
-301514
301636
301638
-301676
-301810
301859
301998
302000
-302029
-302030
302168
302170
302175
302181
302188
-302191
-302192
303641
-303669
-303671
-303791
303826
303953
303954
-304004
304126
304128
-304166
-304300
304349
304488
304490
-304519
-304520
304658
304660
304665
304671
304678
-304681
-304682
306131
-306159
-306161
-306281
306316
306443
306444
-306494
306616
306618
-306656
-306790
306839
306978
306980
-307009
-307010
307148
307150
307155
307161
307168
-307171
-307172
308621
-308649
-308651
-308771
308806
308933
308934
-308984
309106
309108
-309146
-309280
309329
309468
309470
-309499
-309500
309638
309640
309645
309651
309658
-309661
-309662
311111
-311139
-311141
-311261
311296
311423
311424
-311474
311596
311598
-311636
-311770
311819
311958
311960
-311989
-311990
312128
312130
312135
312141
312148
-312151
-312152
313601
-313629
-313631
-313751
313786
313913
313914
-313964
314086
314088
-314126
-314260
314309
314448
314450
-314479
-314480
314618
314620
314625
314631
314638
-314641
-314642
316091
-316119
-316121
-316241
316276
316403
316404
-316454
316576
316578
-316616
-316750
316799
316938
316940
-316969
-316970
317108
317110
317115
317121
317128
-317131
-317132
318581
-318609
-318611
-318731
318766
318893
318894
-318944
319066
319068
-319106
-319240
319289
319428
319430
-319459
-319460
319598
319600
319605
319611
319618
-319621
-319622
321071
-321099
-321101
-321221
321256
321383
321384
-321434
321556
321558
-321596
-321730
321779
321918
321920
-321949
-321950
322088
322090
322095
322101
322108
-322111
-322112
323561
-323589
-323591
-323711
323746
323873
323874
-323924
324046
324048
-324086
-324220
324269
324408
324410
-324439
-324440
324578
324580
324585
324591
324598
-324601
-324602
326051
-326079
-326081
-326201
326236
326363
326364
-326414
326536
326538
-326576
-326710
326759
326898
326900
-326929
-326930
327068
327070
327075
327081
327088
-327091
-327092
328541
-328569
-328571
-328691
328726
328853
328854
-328904
329026
329028
-329066
-329200
329249
329388
329390
-329419
-329420
329558
329560
329565
329571
329578
-329581
-329582
331031
-331059
-331061
-331181
331216
331343
331344
-331394
331516
331518
-331556
-331690
331739
331878
331880
-331909
-331910
332048
332050
332055
332061
332068
-332071
-332072
333521
-333549
-333551
-333671
333706
333833
333834
-333884
334006
334008
-334046
-334180
334229
334368
334370
-334399
-334400
334538
334540
334545
334551
334558
-334561
-334562
336011
-336039
-336041
-336161
336196
336323
336324
-336374
336496
336498
-336536
-336670
336719
336858
336860
-336889
-336890
337028
337030
337035
337041
337048
-337051
-337052
338501
-338529
-338531
-338651
338686
338813
338814
-338864
338986
338988
-339026
-339160
339209
339348
339350
-339379
-339380
339518
339520
339525
339531
339538
-339541
-339542
340991
-341019
-341021
-341141
341176
341303
341304
-341354
341476
341478
-341516
-341650
341699
341838
341840
-341869
-341870
342008
342010
342015
342021
342028
-342031
-342032
343481
-343509
-343511
-343631
343666
343793
343794
-343844
343966
343968
-344006
-344140
344189
344328
344330
-344359
-344360
344498
344500
344505
344511
344518
-344521
-344522
345971
-345999
-346001
-346121
346156
346283
346284
-346334
346456
346458
-346496
-346630
346679
346818
346820
-346849
-346850
346988
346990
346995
347001
347008
-347011
-347012
348461
-348489
-348491
-348611
348646
348773
348774
-348824
348946
348948
-348986
-349120
349169
349308
349310
-349339
-349340
349478
349480
349485
349491
349498
-349501
-349502
350951
-350979
-350981
-351101
351136
351263
351264
-351314
351436
351438
-351476
-351610
351659
351798
351800
-351829
-351830
351968
351970
351975
351981
351988
-351991
-351992
353441
-353469
-353471
-353591
353626
353753
353754
-353804
353926
353928
-353966
-354100
354149
354288
354290
-354319
-354320
354458
354460
354465
354471
354478
-354481
-354482
355931
-355959
-355961
-356081
356116
356243
356244
-356294
356416
356418
-356456
-356590
356639
356778
356780
-356809
-356810
356948
356950
356955
356961
356968
-356971
-356972
358421
-358449
-358451
-358571
358606
358733
358734
-358784
358906
358908
-358946
-359080
359129
359268
359270
-359299
-359300
359438
359440
359445
359451
359458
-359461
-359462
360911
-360939
-360941
-361061
361096
361223
361224
-361274
361396
361398
-361436
-361570
361619
361758
361760
-361789
-361790
361928
361930
361935
361941
361948
-361951
-361952
363401
-363429
-363431
-363551
363586
363713
363714
-363764
363886
363888
-363926
-364060
364109
364248
364250
-364279
-364280
364418
364420
364425
364431
364438
-364441
-364442
365891
-365919
-365921
-366041
366076
366203
366204
-366254
366376
366378
-366416
-366550
366599
366738
366740
-366769
-366770
366908
366910
366915
366921
366928
-366931
-366932
368381
-368409
-368411
-368531
368566
368693
368694
-368744
368866
368868
-368906
-369040
369089
369228
369230
-369259
-369260
369398
369400
369405
369411
369418
-369421
-369422
370871
-370899
-370901
-371021
371056
371183
371184
-371234
371356
371358
-371396
-371530
371579
371718
371720
-371749
-371750
371888
371890
371895
371901
371908
-371911
-371912
373361
-373389
-373391
-373511
373546
373673
373674
-373724
373846
373848
-373886
-374020
374069
374208
374210
-374239
-374240
374378
374380
374385
374391
374398
-374401
-374402
375851
-375879
-375881
-376001
376036
376163
376164
-376214
376336
376338
-376376
-376510
376559
376698
376700
-376729
-376730
376868
376870
376875
376881
376888
-376891
-376892
378341
-378369
-378371
-378491
378526
378653
378654
-378704
378826
378828
-378866
-379000
379049
379188
379190
-379219
-379220
379358
379360
379365
379371
379378
-379381
-379382
380831
-380859
-380861
-380981
381016
381143
381144
-381194
381316
381318
-381356
-381490
381539
381678
381680
-381709
-381710
381848
381850
381855
381861
381868
-381871
-381872
383321
-383349
-383351
-383471
383506
383633
383634
-383684
383806
383808
-383846
-383980
384029
384168
384170
-384199
-384200
384338
384340
384345
384351
384358
-384361
-384362
385811
-385839
-385841
-385961
385996
386123
386124
-386174
386296
386298
-386336
-386470
386519
386658
386660
-386689
-386690
386828
386830
386835
386841
386848
-386851
-386852
388301
-388329
-388331
-388451
388486
388613
388614
-388664
388786
388788
-388826
-388960
389009
389148
389150
-389179
-389180
389318
389320
389325
389331
389338
-389341
-389342
390791
-390819
-390821
-390941
390976
391103
391104
-391154
391276
391278
-391316
-391450
391499
391638
391640
-391669
-391670
391808
391810
391815
391821
391828
-391831
-391832
393281
-393309
-393311
-393431
393466
393593
393594
-393644
393766
393768
-393806
-393940
393989
394128
394130
-394159
-394160
394298
394300
394305
394311
394318
-394321
-394322
395771
-395799
-395801
-395921
395956
396083
396084
-396134
396256
396258
-396296
-396430
396479
396618
396620
-396649
-396650
396788
396790
396795
396801
396808
-396811
-396812
398261
-398289
-398291
-398411
398446
398573
398574
-398624
398746
398748
-398786
-398920
398969
399108
399110
-399139
-399140
399278
399280
399285
399291
399298
-399301
-399302
400751
-400779
-400781
-400901
400936
401063
401064
-401114
401236
401238
-401276
-401410
401459
401598
401600
-401629
-401630
401768
401770
401775
401781
401788
-401791
-401792
403241
-403269
-403271
-403391
403426
403553
403554
-403604
403726
403728
-403766
-403900
403949
404088
404090
-404119
-404120
404258
404260
404265
404271
404278
-404281
-404282
405731
-405759
-405761
-405881
405916
406043
406044
-406094
406216
406218
-406256
-406390
406439
406578
406580
-406609
-406610
406748
406750
406755
406761
406768
-406771
-406772
408221
-408249
-408251
-408371
408406
408533
408534
-408584
408706
408708
-408746
-408880
408929
409068
409070
-409099
-409100
409238
409240
409245
409251
409258
-409261
-409262
410711
-410739
-410741
-410861
410896
411023
411024
-411074
411196
411198
-411236
-411370
411419
411558
411560
-411589
-411590
411728
411730
411735
411741
411748
-411751
-411752
413201
-413229
-413231
-413351
413386
413513
413514
-413564
413686
413688
-413726
-413860
413909
414048
414050
-414079
-414080
414218
414220
414225
414231
414238
-414241
-414242
415691
-415719
-415721
-415841
415876
416003
416004
-416054
416176
416178
-416216
-416350
416399
416538
416540
-416569
-416570
416708
416710
416715
416721
416728
-416731
-416732
418181
-418209
-418211
-418331
418366
418493
418494
-418544
418666
418668
-418706
-418840
418889
419028
419030
-419059
-419060
419198
419200
419205
419211
419218
-419221
-419222
420671
-420699
-420701
-420821
420856
420983
420984
-421034
421156
421158
-421196
-421330
421379
421518
421520
-421549
-421550
421688
421690
421695
421701
421708
-421711
-421712
423161
-423189
-423191
-423311
423346
423473
423474
-423524
423646
423648
-423686
-423820
423869
424008
424010
-424039
-424040
424178
424180
424185
424191
424198
-424201
-424202
425651
-425679
-425681
-425801
425836
425963
425964
-426014
426136
426138
-426176
-426310
426359
426498
426500
-426529
-426530
426668
426670
426675
426681
426688
-426691
-426692
428141
-428169
-428171
-428291
428326
428453
428454
-428504
428626
428628
-428666
-428800
428849
428988
428990
-429019
-429020
429158
429160
429165
429171
429178
-429181
-429182
430631
-430659
-430661
-430781
430816
430943
430944
-430994
431116
431118
-431156
-431290
431339
431478
431480
-431509
-431510
431648
431650
431655
431661
431668
-431671
-431672
433121
-433149
-433151
-433271
433306
433433
433434
-433484
433606
433608
-433646
-433780
433829
433968
433970
-433999
-434000
434138
434140
434145
434151
434158
-434161
-434162
435611
-435639
-435641
-435761
435796
435923
435924
-435974
436096
436098
-436136
-436270
436319
436458
436460
-436489
-436490
436628
436630
436635
436641
436648
-436651
-436652
438101
-438129
-438131
-438251
438286
438413
438414
-438464
438586
438588
-438626
-438760
438809
438948
438950
-438979
-438980
439118
439120
439125
439131
439138
-439141
-439142
440591
-440619
-440621
-440741
440776
440903
440904
-440954
441076
441078
-441116
-441250
441299
441438
441440
-441469
-441470
441608
441610
441615
441621
441628
-441631
-441632
443081
-443109
-443111
-443231
443266
443393
443394
-443444
443566
443568
-443606
-443740
443789
443928
443930
-443959
-443960
444098
444100
444105
444111
444118
-444121
-444122
445571
-445599
-445601
-445721
445756
445883
445884
-445934
446056
446058
-446096
-446230
446279
446418
446420
-446449
-446450
446588
446590
446595
446601
446608
-446611
-446612
448061
-448089
-448091
-448211
448246
448373
448374
-448424
448546
448548
-448586
-448720
448769
448908
448910
-448939
-448940
449078
449080
449085
449091
449098
-449101
-449102
450551
-450579
-450581
-450701
450736
450863
450864
-450914
451036
451038
-451076
-451210
451259
451398
451400
-451429
-451430
451568
451570
451575
451581
451588
-451591
-451592
453041
-453069
-453071
-453191
453226
453353
453354
-453404
453526
453528
-453566
-453700
453749
453888
453890
-453919
-453920
454058
454060
454065
454071
454078
-454081
-454082
455531
-455559
-455561
-455681
455716
455843
455844
-455894
456016
456018
-456056
-456190
456239
456378
456380
-456409
-456410
456548
456550
456555
456561
456568
-456571
-456572
458021
-458049
-458051
-458171
458206
458333
458334
-458384
458506
458508
-458546
-458680
458729
458868
458870
-458899
-458900
459038
459040
459045
459051
459058
-459061
-459062
460511
-460539
-460541
-460661
460696
460823
460824
-460874
460996
460998
-461036
-461170
461219
461358
461360
-461389
-461390
461528
461530
461535
461541
461548
-461551
-461552
463001
-463029
-463031
-463151
463186
463313
463314
-463364
463486
463488
-463526
-463660
463709
463848
463850
-463879
-463880
464018
464020
464025
464031
464038
-464041
-464042
465491
-465519
-465521
-465641
465676
465803
465804
-465854
465976
465978
-466016
-466150
466199
466338
466340
-466369
-466370
466508
466510
466515
466521
466528
-466531
-466532
467981
-468009
-468011
-468131
468166
468293
468294
-468344
468466
468468
-468506
-468640
468689
468828
468830
-468859
-468860
468998
469000
469005
469011
469018
-469021
-469022
470471
-470499
-470501
-470621
470656
470783
470784
-470834
470956
470958
-470996
-471130
471179
471318
471320
-471349
-471350
471488
471490
471495
471501
471508
-471511
-471512
472961
-472989
-472991
-473111
473146
473273
473274
-473324
473446
473448
-473486
-473620
473669
473808
473810
-473839
-473840
473978
473980
473985
473991
473998
-474001
-474002
475451
-475479
-475481
-475601
475636
475763
475764
-475814
475936
475938
-475976
-476110
476159
476298
476300
-476329
-476330
476468
476470
476475
476481
476488
-476491
-476492
477941
-477969
-477971
-478091
478126
478253
478254
-478304
478426
478428
-478466
-478600
478649
478788
478790
-478819
-478820
478958
478960
478965
478971
478978
-478981
-478982
480431
-480459
-480461
-480581
480616
480743
480744
-480794
480916
480918
-480956
-481090
481139
481278
481280
-481309
-481310
481448
481450
481455
481461
481468
-481471
-481472
482921
-482949
-482951
-483071
483106
483233
483234
-483284
483406
483408
-483446
-483580
483629
483768
483770
-483799
-483800
483938
483940
483945
483951
483958
-483961
-483962
485411
-485439
-485441
-485561
485596
485723
485724
-485774
485896
485898
-485936
-486070
486119
486258
486260
-486289
-486290
486428
486430
486435
486441
486448
-486451
-486452
487901
-487929
-487931
-488051
488086
488213
488214
-488264
488386
488388
-488426
-488560
488609
488748
488750
-488779
-488780
488918
488920
488925
488931
488938
-488941
-488942
490391
-490419
-490421
-490541
490576
490703
490704
-490754
490876
490878
-490916
-491050
491099
491238
491240
-491269
-491270
491408
491410
491415
491421
491428
-491431
-491432
492881
-492909
-492911
-493031
493066
493193
493194
-493244
493366
493368
-493406
-493540
493589
493728
493730
-493759
-493760
493898
493900
493905
493911
493918
-493921
-493922
495366
-495390
-495392
-495495
495526
495645
495646
-495690
495807
495809
-495843
-495969
496014
496142
496144
-496173
-496174
496297
496299
496304
496310
496317
-496320
-496321
-497461
-497463
-497472
-497473
-497475
497507
497517
-497523
497527
-497577
-497582
-497587
-497588
497595
-497600
497601
497607
-497612
-497736
-497741
-497746
497769
497774
497779
-498116
-498126
498132
-498136
498142
498144
498153
498154
498156
-498505
498510
-498511
-498517
498522
498565
498570
498575
498576
-498733
-498741
498745
498747
-498751
498755
498796
498798
498805
498806
498808
498809
-498983
498989
498997
498998
499007
499016
499018
499028
499037
499039
499049
499057
499058
499059
-500156
-500158
-500167
-500168
-500170
500202
500212
-500218
500222
-500272
-500277
-500282
-500283
500290
-500295
500296
500302
-500307
-500431
-500436
-500441
500464
500469
500474
-500811
-500821
500827
-500831
500837
500839
500848
500849
500851
-501200
501205
-501206
-501212
501217
501260
501265
501270
501271
-501428
-501436
501440
501442
-501446
501450
501491
501493
501500
501501
501503
501504
-501678
501684
501692
501693
501702
501711
501713
501723
501732
501734
501744
501752
501753
501754
-502851
-502853
-502862
-502863
-502865
502897
502907
-502913
502917
-502967
-502972
-502977
-502978
502985
-502990
502991
502997
-503002
-503126
-503131
-503136
503159
503164
503169
-503506
-503516
503522
-503526
503532
503534
503543
503544
503546
-503895
503900
-503901
-503907
503912
503955
503960
503965
503966
-504123
-504131
504135
504137
-504141
504145
504186
504188
504195
504196
504198
504199
-504373
504379
504387
504388
504397
504406
504408
504418
504427
504429
504439
504447
504448
504449
-505546
-505548
-505557
-505558
-505560
505592
505602
-505608
505612
-505662
-505667
-505672
-505673
505680
-505685
505686
505692
-505697
-505821
-505826
-505831
505854
505859
505864
-506201
-506211
506217
-506221
506227
506229
506238
506239
506241
-506590
506595
-506596
-506602
506607
506650
506655
506660
506661
-506818
-506826
506830
506832
-506836
506840
506881
506883
506890
506891
506893
506894
-507068
507074
507082
507083
507092
507101
507103
507113
507122
507124
507134
507142
507143
507144
-508241
-508243
-508252
-508253
-508255
508287
508297
-508303
508307
-508357
-508362
-508367
-508368
508375
-508380
508381
508387
-508392
-508516
-508521
-508526
508549
508554
508559
-508896
-508906
508912
-508916
508922
508924
508933
508934
508936
-509285
509290
-509291
-509297
509302
509345
509350
509355
509356
-509513
-509521
509525
509527
-509531
509535
509576
509578
509585
509586
509588
509589
-509763
509769
509777
509778
509787
509796
509798
509808
509817
509819
509829
509837
509838
509839
-510936
-510938
-510947
-510948
-510950
510982
510992
-510998
511002
-511052
-511057
-511062
-511063
511070
-511075
511076
511082
-511087
-511211
-511216
-511221
511244
511249
511254
-511591
-511601
511607
-511611
511617
511619
511628
511629
511631
-511980
511985
-511986
-511992
511997
512040
512045
512050
512051
-512208
-512216
512220
512222
-512226
512230
512271
512273
512280
512281
512283
512284
-512458
512464
512472
512473
512482
512491
512493
512503
512512
512514
512524
512532
512533
512534
-513631
-513633
-513642
-513643
-513645
513677
513687
-513693
513697
-513747
-513752
-513757
-513758
513765
-513770
513771
513777
-513782
-513906
-513911
-513916
513939
513944
513949
-514286
-514296
514302
-514306
514312
514314
514323
514324
514326
-514675
514680
-514681
-514687
514692
514735
514740
514745
514746
-514903
-514911
514915
514917
-514921
514925
514966
514968
514975
514976
514978
514979
-515153
515159
515167
515168
515177
515186
515188
515198
515207
515209
515219
515227
515228
515229
-516326
-516328
-516337
-516338
-516340
516372
516382
-516388
516392
-516442
-516447
-516452
-516453
516460
-516465
516466
516472
-516477
-516601
-516606
-516611
516634
516639
516644
-516981
-516991
516997
-517001
517007
517009
517018
517019
517021
-517370
517375
-517376
-517382
517387
517430
517435
517440
517441
-517598
-517606
517610
517612
-517616
517620
517661
517663
517670
517671
517673
517674
-517848
517854
517862
517863
517872
517881
517883
517893
517902
517904
517914
517922
517923
517924
-519021
-519023
-519032
-519033
-519035
519067
519077
-519083
519087
-519137
-519142
-519147
-519148
519155
-519160
519161
519167
-519172
-519296
-519301
-519306
519329
519334
519339
-519676
-519686
519692
-519696
519702
519704
519713
519714
519716
-520065
520070
-520071
-520077
520082
520125
520130
520135
520136
-520293
-520301
520305
520307
-520311
520315
520356
520358
520365
520366
520368
520369
-520543
520549
520557
520558
520567
520576
520578
520588
520597
520599
520609
520617
520618
520619
-521716
-521718
-521727
-521728
-521730
521762
521772
-521778
521782
-521832
-521837
-521842
-521843
521850
-521855
521856
521862
-521867
-521991
-521996
-522001
522024
522029
522034
-522371
-522381
522387
-522391
522397
522399
522408
522409
522411
-522760
522765
-522766
-522772
522777
522820
522825
522830
522831
-522988
-522996
523000
523002
-523006
523010
523051
523053
523060
523061
523063
523064
-523238
523244
523252
523253
523262
523271
523273
523283
523292
523294
523304
523312
523313
523314
-524411
-524413
-524422
-524423
-524425
524457
524467
-524473
524477
-524527
-524532
-524537
-524538
524545
-524550
524551
524557
-524562
-524686
-524691
-524696
524719
524724
524729
-525066
-525076
525082
-525086
525092
525094
525103
525104
525106
-525455
525460
-525461
-525467
525472
525515
525520
525525
525526
-525683
-525691
525695
525697
-525701
525705
525746
525748
525755
525756
525758
525759
-525933
525939
525947
525948
525957
525966
525968
525978
525987
525989
525999
526007
526008
526009
-527106
-527108
-527117
-527118
-527120
527152
527162
-527168
527172
-527222
-527227
-527232
-527233
527240
-527245
527246
527252
-527257
-527381
-527386
-527391
527414
527419
527424
-527761
-527771
527777
-527781
527787
527789
527798
527799
527801
-528150
528155
-528156
-528162
528167
528210
528215
528220
528221
-528378
-528386
528390
528392
-528396
528400
528441
528443
528450
528451
528453
528454
-528628
528634
528642
528643
528652
528661
528663
528673
528682
528684
528694
528702
528703
528704
-529801
-529803
-529812
-529813
-529815
529847
529857
-529863
529867
-529917
-529922
-529927
-529928
529935
-529940
529941
529947
-529952
-530076
-530081
-530086
530109
530114
530119
-530456
-530466
530472
-530476
530482
530484
530493
530494
530496
-530845
530850
-530851
-530857
530862
530905
530910
530915
530916
-531073
-531081
531085
531087
-531091
531095
531136
531138
531145
531146
531148
531149
-531323
531329
531337
531338
531347
531356
531358
531368
531377
531379
531389
531397
531398
531399
-532496
-532498
-532507
-532508
-532510
532542
532552
-532558
532562
-532612
-532617
-532622
-532623
532630
-532635
532636
532642
-532647
-532771
-532776
-532781
532804
532809
532814
-533151
-533161
533167
-533171
533177
533179
533188
533189
533191
-533540
533545
-533546
-533552
533557
533600
533605
533610
533611
-533768
-533776
533780
533782
-533786
533790
533831
533833
533840
533841
533843
533844
-534018
534024
534032
534033
534042
534051
534053
534063
534072
534074
534084
534092
534093
534094
-535191
-535193
-535202
-535203
-535205
535237
535247
-535253
535257
-535307
-535312
-535317
-535318
535325
-535330
535331
535337
-535342
-535466
-535471
-535476
535499
535504
535509
-535846
-535856
535862
-535866
535872
535874
535883
535884
535886
-536235
536240
-536241
-536247
536252
536295
536300
536305
536306
-536463
-536471
536475
536477
-536481
536485
536526
536528
536535
536536
536538
536539
-536713
536719
536727
536728
536737
536746
536748
536758
536767
536769
536779
536787
536788
536789
-537886
-537888
-537897
-537898
-537900
537932
537942
-537948
537952
-538002
-538007
-538012
-538013
538020
-538025
538026
538032
-538037
-538161
-538166
-538171
538194
538199
538204
-538541
-538551
538557
-538561
538567
538569
538578
538579
538581
-538930
538935
-538936
-538942
538947
538990
538995
539000
539001
-539158
-539166
539170
539172
-539176
539180
539221
539223
539230
539231
539233
539234
-539408
539414
539422
539423
539432
539441
539443
539453
539462
539464
539474
539482
539483
539484
-540581
-540583
-540592
-540593
-540595
540627
540637
-540643
540647
-540697
-540702
-540707
-540708
540715
-540720
540721
540727
-540732
-540856
-540861
-540866
540889
540894
540899
-541236
-541246
541252
-541256
541262
541264
541273
541274
541276
-541625
541630
-541631
-541637
541642
541685
541690
541695
541696
-541853
-541861
541865
541867
-541871
541875
541916
541918
541925
541926
541928
541929
-542103
542109
542117
542118
542127
542136
542138
542148
542157
542159
542169
542177
542178
542179
-543276
-543278
-543287
-543288
-543290
543322
543332
-543338
543342
-543392
-543397
-543402
-543403
543410
-543415
543416
543422
-543427
-543551
-543556
-543561
543584
543589
543594
-543931
-543941
543947
-543951
543957
543959
543968
543969
543971
-544320
544325
-544326
-544332
544337
544380
544385
544390
544391
-544548
-544556
544560
544562
-544566
544570
544611
544613
544620
544621
544623
544624
-544798
544804
544812
544813
544822
544831
544833
544843
544852
544854
544864
544872
544873
544874
-545971
-545973
-545982
-545983
-545985
546017
546027
-546033
546037
-546087
-546092
-546097
-546098
546105
-546110
546111
546117
-546122
-546246
-546251
-546256
546279
546284
546289
-546626
-546636
546642
-546646
546652
546654
546663
546664
546666
-547015
547020
-547021
-547027
547032
547075
547080
547085
547086
-547243
-547251
547255
547257
-547261
547265
547306
547308
547315
547316
547318
547319
-547493
547499
547507
547508
547517
547526
547528
547538
547547
547549
547559
547567
547568
547569
-548666
-548668
-548677
-548678
-548680
548712
548722
-548728
548732
-548782
-548787
-548792
-548793
548800
-548805
548806
548812
-548817
-548941
-548946
-548951
548974
548979
548984
-549321
-549331
549337
-549341
549347
549349
549358
549359
549361
-549710
549715
-549716
-549722
549727
549770
549775
549780
549781
-549938
-549946
549950
549952
-549956
549960
550001
550003
550010
550011
550013
550014
-550188
550194
550202
550203
550212
550221
550223
550233
550242
550244
550254
550262
550263
550264
-551361
-551363
-551372
-551373
-551375
551407
551417
-551423
551427
-551477
-551482
-551487
-551488
551495
-551500
551501
551507
-551512
-551636
-551641
-551646
551669
551674
551679
-552016
-552026
552032
-552036
552042
552044
552053
552054
552056
-552405
552410
-552411
-552417
552422
552465
552470
552475
552476
-552633
-552641
552645
552647
-552651
552655
552696
552698
552705
552706
552708
552709
-552883
552889
552897
552898
552907
552916
552918
552928
552937
552939
552949
552957
552958
552959
-554056
-554058
-554067
-554068
-554070
554102
554112
-554118
554122
-554172
-554177
-554182
-554183
554190
-554195
554196
554202
-554207
-554331
-554336
-554341
554364
554369
554374
-554711
-554721
554727
-554731
554737
554739
554748
554749
554751
-555100
555105
-555106
-555112
555117
555160
555165
555170
555171
-555328
-555336
555340
555342
-555346
555350
555391
555393
555400
555401
555403
555404
-555578
555584
555592
555593
555602
555611
555613
555623
555632
555634
555644
555652
555653
555654
-556751
-556753
-556762
-556763
-556765
556797
556807
-556813
556817
-556867
-556872
-556877
-556878
556885
-556890
556891
556897
-556902
-557026
-557031
-557036
557059
557064
557069
-557406
-557416
557422
-557426
557432
557434
557443
557444
557446
-557795
557800
-557801
-557807
557812
557855
557860
557865
557866
-558023
-558031
558035
558037
-558041
558045
558086
558088
558095
558096
558098
558099
-558273
558279
558287
558288
558297
558306
558308
558318
558327
558329
558339
558347
558348
558349
-559446
-559448
-559457
-559458
-559460
559492
559502
-559508
559512
-559562
-559567
-559572
-559573
559580
-559585
559586
559592
-559597
-559721
-559726
-559731
559754
559759
559764
-560101
-560111
560117
-560121
560127
560129
560138
560139
560141
-560490
560495
-560496
-560502
560507
560550
560555
560560
560561
-560718
-560726
560730
560732
-560736
560740
560781
560783
560790
560791
560793
560794
-560968
560974
560982
560983
560992
561001
561003
561013
561022
561024
561034
561042
561043
561044
-562141
-562143
-562152
-562153
-562155
562187
562197
-562203
562207
-562257
-562262
-562267
-562268
562275
-562280
562281
562287
-562292
-562416
-562421
-562426
562449
562454
562459
-562796
-562806
562812
-562816
562822
562824
562833
562834
562836
-563185
563190
-563191
-563197
563202
563245
563250
563255
563256
-563413
-563421
563425
563427
-563431
563435
563476
563478
563485
563486
563488
563489
-563663
563669
563677
563678
563687
563696
563698
563708
563717
563719
563729
563737
563738
563739
-564836
-564838
-564847
-564848
-564850
564882
564892
-564898
564902
-564952
-564957
-564962
-564963
564970
-564975
564976
564982
-564987
-565111
-565116
-565121
565144
565149
565154
-565491
-565501
565507
-565511
565517
565519
565528
565529
565531
-565880
565885
-565886
-565892
565897
565940
565945
565950
565951
-566108
-566116
566120
566122
-566126
566130
566171
566173
566180
566181
566183
566184
-566358
566364
566372
566373
566382
566391
566393
566403
566412
566414
566424
566432
566433
566434
-567531
-567533
-567542
-567543
-567545
567577
567587
-567593
567597
-567647
-567652
-567657
-567658
567665
-567670
567671
567677
-567682
-567806
-567811
-567816
567839
567844
567849
-568186
-568196
568202
-568206
568212
568214
568223
568224
568226
-568575
568580
-568581
-568587
568592
568635
568640
568645
568646
-568803
-568811
568815
568817
-568821
568825
568866
568868
568875
568876
568878
568879
-569053
569059
569067
569068
569077
569086
569088
569098
569107
569109
569119
569127
569128
569129
-570226
-570228
-570237
-570238
-570240
570272
570282
-570288
570292
-570342
-570347
-570352
-570353
570360
-570365
570366
570372
-570377
-570501
-570506
-570511
570534
570539
570544
-570881
-570891
570897
-570901
570907
570909
570918
570919
570921
-571270
571275
-571276
-571282
571287
571330
571335
571340
571341
-571498
-571506
571510
571512
-571516
571520
571561
571563
571570
571571
571573
571574
-571748
571754
571762
571763
571772
571781
571783
571793
571802
571804
571814
571822
571823
571824
-572921
-572923
-572932
-572933
-572935
572967
572977
-572983
572987
-573037
-573042
-573047
-573048
573055
-573060
573061
573067
-573072
-573196
-573201
-573206
573229
573234
573239
-573576
-573586
573592
-573596
573602
573604
573613
573614
573616
-573965
573970
-573971
-573977
573982
574025
574030
574035
574036
-574193
-574201
574205
574207
-574211
574215
574256
574258
574265
574266
574268
574269
-574443
574449
574457
574458
574467
574476
574478
574488
574497
574499
574509
574517
574518
574519
-575616
-575618
-575627
-575628
-575630
575662
575672
-575678
575682
-575732
-575737
-575742
-575743
575750
-575755
575756
575762
-575767
-575891
-575896
-575901
575924
575929
575934
-576271
-576281
576287
-576291
576297
576299
576308
576309
576311
-576660
576665
-576666
-576672
576677
576720
576725
576730
576731
-576888
-576896
576900
576902
-576906
576910
576951
576953
576960
576961
576963
576964
-577138
577144
577152
577153
577162
577171
577173
577183
577192
577194
577204
577212
577213
577214
-578311
-578313
-578322
-578323
-578325
578357
578367
-578373
578377
-578427
-578432
-578437
-578438
578445
-578450
578451
578457
-578462
-578586
-578591
-578596
578619
578624
578629
-578966
-578976
578982
-578986
578992
578994
579003
579004
579006
-579355
579360
-579361
-579367
579372
579415
579420
579425
579426
-579583
-579591
579595
579597
-579601
579605
579646
579648
579655
579656
579658
579659
-579833
579839
579847
579848
579857
579866
579868
579878
579887
579889
579899
579907
579908
579909
-581006
-581008
-581017
-581018
-581020
581052
581062
-581068
581072
-581122
-581127
-581132
-581133
581140
-581145
581146
581152
-581157
-581281
-581286
-581291
581314
581319
581324
-581661
-581671
581677
-581681
581687
581689
581698
581699
581701
-582050
582055
-582056
-582062
582067
582110
582115
582120
582121
-582278
-582286
582290
582292
-582296
582300
582341
582343
582350
582351
582353
582354
-582528
582534
582542
582543
582552
582561
582563
582573
582582
582584
582594
582602
582603
582604
-583701
-583703
-583712
-583713
-583715
583747
583757
-583763
583767
-583817
-583822
-583827
-583828
583835
-583840
583841
583847
-583852
-583976
-583981
-583986
584009
584014
584019
-584356
-584366
584372
-584376
584382
584384
584393
584394
584396
-584745
584750
-584751
-584757
584762
584805
584810
584815
584816
-584973
-584981
584985
584987
-584991
584995
585036
585038
585045
585046
585048
585049
-585223
585229
585237
585238
585247
585256
585258
585268
585277
585279
585289
585297
585298
585299
-586396
-586398
-586407
-586408
-586410
586442
586452
-586458
586462
-586512
-586517
-586522
-586523
586530
-586535
586536
586542
-586547
-586671
-586676
-586681
586704
586709
586714
-587051
-587061
587067
-587071
587077
587079
587088
587089
587091
-587440
587445
-587446
-587452
587457
587500
587505
587510
587511
-587668
-587676
587680
587682
-587686
587690
587731
587733
587740
587741
587743
587744
-587918
587924
587932
587933
587942
587951
587953
587963
587972
587974
587984
587992
587993
587994
-589091
-589093
-589102
-589103
-589105
589137
589147
-589153
589157
-589207
-589212
-589217
-589218
589225
-589230
589231
589237
-589242
-589366
-589371
-589376
589399
589404
589409
-589746
-589756
589762
-589766
589772
589774
589783
589784
589786
-590135
590140
-590141
-590147
590152
590195
590200
590205
590206
-590363
-590371
590375
590377
-590381
590385
590426
590428
590435
590436
590438
590439
-590613
590619
590627
590628
590637
590646
590648
590658
590667
590669
590679
590687
590688
590689
-591786
-591788
-591797
-591798
-591800
591832
591842
-591848
591852
-591902
-591907
-591912
-591913
591920
-591925
591926
591932
-591937
-592061
-592066
-592071
592094
592099
592104
-592441
-592451
592457
-592461
592467
592469
592478
592479
592481
-592830
592835
-592836
-592842
592847
592890
592895
592900
592901
-593058
-593066
593070
593072
-593076
593080
593121
593123
593130
593131
593133
593134
-593308
593314
593322
593323
593332
593341
593343
593353
593362
593364
593374
593382
593383
593384
-594481
-594483
-594492
-594493
-594495
594527
594537
-594543
594547
-594597
-594602
-594607
-594608
594615
-594620
594621
594627
-594632
-594756
-594761
-594766
594789
594794
594799
-595136
-595146
595152
-595156
595162
595164
595173
595174
595176
-595525
595530
-595531
-595537
595542
595585
595590
595595
595596
-595753
-595761
595765
595767
-595771
595775
595816
595818
595825
595826
595828
595829
-596003
596009
596017
596018
596027
596036
596038
596048
596057
596059
596069
596077
596078
596079
-597176
-597178
-597187
-597188
-597190
597222
597232
-597238
597242
-597292
-597297
-597302
-597303
597310
-597315
597316
597322
-597327
-597451
-597456
-597461
597484
597489
597494
-597831
-597841
597847
-597851
597857
597859
597868
597869
597871
-598220
598225
-598226
-598232
598237
598280
598285
598290
598291
-598448
-598456
598460
598462
-598466
598470
598511
598513
598520
598521
598523
598524
-598698
598704
598712
598713
598722
598731
598733
598743
598752
598754
598764
598772
598773
598774
-599871
-599873
-599882
-599883
-599885
599917
599927
-599933
599937
-599987
-599992
-599997
-599998
600005
-600010
600011
600017
-600022
-600146
-600151
-600156
600179
600184
600189
-600526
-600536
600542
-600546
600552
600554
600563
600564
600566
-600915
600920
-600921
-600927
600932
600975
600980
600985
600986
-601143
-601151
601155
601157
-601161
601165
601206
601208
601215
601216
601218
601219
-601393
601399
601407
601408
601417
601426
601428
601438
601447
601449
601459
601467
601468
601469
-602566
-602568
-602577
-602578
-602580
602612
602622
-602628
602632
-602682
-602687
-602692
-602693
602700
-602705
602706
602712
-602717
-602841
-602846
-602851
602874
602879
602884
-603221
-603231
603237
-603241
603247
603249
603258
603259
603261
-603610
603615
-603616
-603622
603627
603670
603675
603680
603681
-603838
-603846
603850
603852
-603856
603860
603901
603903
603910
603911
603913
603914
-604088
604094
604102
604103
604112
604121
604123
604133
604142
604144
604154
604162
604163
604164
-605261
-605263
-605272
-605273
-605275
605307
605317
-605323
605327
-605377
-605382
-605387
-605388
605395
-605400
605401
605407
-605412
-605536
-605541
-605546
605569
605574
605579
-605916
-605926
605932
-605936
605942
605944
605953
605954
605956
-606305
606310
-606311
-606317
606322
606365
606370
606375
606376
-606533
-606541
606545
606547
-606551
606555
606596
606598
606605
606606
606608
606609
-606783
606789
606797
606798
606807
606816
606818
606828
606837
606839
606849
606857
606858
606859
-607956
-607958
-607967
-607968
-607970
608002
608012
-608018
608022
-608072
-608077
-608082
-608083
608090
-608095
608096
608102
-608107
-608231
-608236
-608241
608264
608269
608274
-608611
-608621
608627
-608631
608637
608639
608648
608649
608651
-609000
609005
-609006
-609012
609017
609060
609065
609070
609071
-609228
-609236
609240
609242
-609246
609250
609291
609293
609300
609301
609303
609304
-609478
609484
609492
609493
609502
609511
609513
609523
609532
609534
609544
609552
609553
609554
-610651
-610653
-610662
-610663
-610665
610697
610707
-610713
610717
-610767
-610772
-610777
-610778
610785
-610790
610791
610797
-610802
-610926
-610931
-610936
610959
610964
610969
-611306
-611316
611322
-611326
611332
611334
611343
611344
611346
-611695
611700
-611701
-611707
611712
611755
611760
611765
611766
-611923
-611931
611935
611937
-611941
611945
611986
611988
611995
611996
611998
611999
-612173
612179
612187
612188
612197
612206
612208
612218
612227
612229
612239
612247
612248
612249
-613346
-613348
-613357
-613358
-613360
613392
613402
-613408
613412
-613462
-613467
-613472
-613473
613480
-613485
613486
613492
-613497
-613621
-613626
-613631
613654
613659
613664
-614001
-614011
614017
-614021
614027
614029
614038
614039
614041
-614390
614395
-614396
-614402
614407
614450
614455
614460
614461
-614618
-614626
614630
614632
-614636
614640
614681
614683
614690
614691
614693
614694
-614868
614874
614882
614883
614892
614901
614903
614913
614922
614924
614934
614942
614943
614944
-616041
-616043
-616052
-616053
-616055
616087
616097
-616103
616107
-616157
-616162
-616167
-616168
616175
-616180
616181
616187
-616192
-616316
-616321
-616326
616349
616354
616359
-616696
-616706
616712
-616716
616722
616724
616733
616734
616736
-617085
617090
-617091
-617097
617102
617145
617150
617155
617156
-617313
-617321
617325
617327
-617331
617335
617376
617378
617385
617386
617388
617389
-617563
617569
617577
617578
617587
617596
617598
617608
617617
617619
617629
617637
617638
617639
-618736
-618738
-618747
-618748
-618750
618782
618792
-618798
618802
-618852
-618857
-618862
-618863
618870
-618875
618876
618882
-618887
-619011
-619016
-619021
619044
619049
619054
-619391
-619401
619407
-619411
619417
619419
619428
619429
619431
-619780
619785
-619786
-619792
619797
619840
619845
619850
619851
-620008
-620016
620020
620022
-620026
620030
620071
620073
620080
620081
620083
620084
-620258
620264
620272
620273
620282
620291
620293
620303
620312
620314
620324
620332
620333
620334
-621431
-621433
-621442
-621443
-621445
621477
621487
-621493
621497
-621547
-621552
-621557
-621558
621565
-621570
621571
621577
-621582
-621706
-621711
-621716
621739
621744
621749
-622086
-622096
622102
-622106
622112
622114
622123
622124
622126
-622475
622480
-622481
-622487
622492
622535
622540
622545
622546
-622703
-622711
622715
622717
-622721
622725
622766
622768
622775
622776
622778
622779
-622953
622959
622967
622968
622977
622986
622988
622998
623007
623009
623019
623027
623028
623029
-624126
-624128
-624137
-624138
-624140
624172
624182
-624188
624192
-624242
-624247
-624252
-624253
624260
-624265
624266
624272
-624277
-624401
-624406
-624411
624434
624439
624444
-624781
-624791
624797
-624801
624807
624809
624818
624819
624821
-625170
625175
-625176
-625182
625187
625230
625235
625240
625241
-625398
-625406
625410
625412
-625416
625420
625461
625463
625470
625471
625473
625474
-625648
625654
625662
625663
625672
625681
625683
625693
625702
625704
625714
625722
625723
625724
-626821
-626823
-626832
-626833
-626835
626867
626877
-626883
626887
-626937
-626942
-626947
-626948
626955
-626960
626961
626967
-626972
-627096
-627101
-627106
627129
627134
627139
-627476
-627486
627492
-627496
627502
627504
627513
627514
627516
-627865
627870
-627871
-627877
627882
627925
627930
627935
627936
-628093
-628101
628105
628107
-628111
628115
628156
628158
628165
628166
628168
628169
-628343
628349
628357
628358
628367
628376
628378
628388
628397
628399
628409
628417
628418
628419
-629516
-629518
-629527
-629528
-629530
629562
629572
-629578
629582
-629632
-629637
-629642
-629643
629650
-629655
629656
629662
-629667
-629791
-629796
-629801
629824
629829
629834
-630171
-630181
630187
-630191
630197
630199
630208
630209
630211
-630560
630565
-630566
-630572
630577
630620
630625
630630
630631
-630788
-630796
630800
630802
-630806
630810
630851
630853
630860
630861
630863
630864
-631038
631044
631052
631053
631062
631071
631073
631083
631092
631094
631104
631112
631113
631114
-632211
-632213
-632222
-632223
-632225
632257
632267
-632273
632277
-632327
-632332
-632337
-632338
632345
-632350
632351
632357
-632362
-632486
-632491
-632496
632519
632524
632529
-632866
-632876
632882
-632886
632892
632894
632903
632904
632906
-633255
633260
-633261
-633267
633272
633315
633320
633325
633326
-633483
-633491
633495
633497
-633501
633505
633546
633548
633555
633556
633558
633559
-633733
633739
633747
633748
633757
633766
633768
633778
633787
633789
633799
633807
633808
633809
-634906
-634908
-634917
-634918
-634920
634952
634962
-634968
634972
-635022
-635027
-635032
-635033
635040
-635045
635046
635052
-635057
-635181
-635186
-635191
635214
635219
635224
-635561
-635571
635577
-635581
635587
635589
635598
635599
635601
-635950
635955
-635956
-635962
635967
636010
636015
636020
636021
-636178
-636186
636190
636192
-636196
636200
636241
636243
636250
636251
636253
636254
-636428
636434
636442
636443
636452
636461
636463
636473
636482
636484
636494
636502
636503
636504
-637601
-637603
-637612
-637613
-637615
637647
637657
-637663
637667
-637717
-637722
-637727
-637728
637735
-637740
637741
637747
-637752
-637876
-637881
-637886
637909
637914
637919
-638256
-638266
638272
-638276
638282
638284
638293
638294
638296
-638645
638650
-638651
-638657
638662
638705
638710
638715
638716
-638873
-638881
638885
638887
-638891
638895
638936
638938
638945
638946
638948
638949
-639123
639129
639137
639138
639147
639156
639158
639168
639177
639179
639189
639197
639198
639199
-640296
-640298
-640307
-640308
-640310
640342
640352
-640358
640362
-640412
-640417
-640422
-640423
640430
-640435
640436
640442
-640447
-640571
-640576
-640581
640604
640609
640614
-640951
-640961
640967
-640971
640977
640979
640988
640989
640991
-641340
641345
-641346
-641352
641357
641400
641405
641410
641411
-641568
-641576
641580
641582
-641586
641590
641631
641633
641640
641641
641643
641644
-641818
641824
641832
641833
641842
641851
641853
641863
641872
641874
641884
641892
641893
641894
-642991
-642993
-643002
-643003
-643005
643037
643047
-643053
643057
-643107
-643112
-643117
-643118
643125
-643130
643131
643137
-643142
-643266
-643271
-643276
643299
643304
643309
-643646
-643656
643662
-643666
643672
643674
643683
643684
643686
-644035
644040
-644041
-644047
644052
644095
644100
644105
644106
-644263
-644271
644275
644277
-644281
644285
644326
644328
644335
644336
644338
644339
-644513
644519
644527
644528
644537
644546
644548
644558
644567
644569
644579
644587
644588
644589
-645686
-645688
-645697
-645698
-645700
645732
645742
-645748
645752
-645802
-645807
-645812
-645813
645820
-645825
645826
645832
-645837
-645961
-645966
-645971
645994
645999
646004
-646341
-646351
646357
-646361
646367
646369
646378
646379
646381
-646730
646735
-646736
-646742
646747
646790
646795
646800
646801
-646958
-646966
646970
646972
-646976
646980
647021
647023
647030
647031
647033
647034
-647208
647214
647222
647223
647232
647241
647243
647253
647262
647264
647274
647282
647283
647284
-648381
-648383
-648392
-648393
-648395
648427
648437
-648443
648447
-648497
-648502
-648507
-648508
648515
-648520
648521
648527
-648532
-648656
-648661
-648666
648689
648694
648699
-649036
-649046
649052
-649056
649062
649064
649073
649074
649076
-649425
649430
-649431
-649437
649442
649485
649490
649495
649496
-649653
-649661
649665
649667
-649671
649675
649716
649718
649725
649726
649728
649729
-649903
649909
649917
649918
649927
649936
649938
649948
649957
649959
649969
649977
649978
649979
-651076
-651078
-651087
-651088
-651090
651122
651132
-651138
651142
-651192
-651197
-651202
-651203
651210
-651215
651216
651222
-651227
-651351
-651356
-651361
651384
651389
651394
-651731
-651741
651747
-651751
651757
651759
651768
651769
651771
-652120
652125
-652126
-652132
652137
652180
652185
652190
652191
-652348
-652356
652360
652362
-652366
652370
652411
652413
652420
652421
652423
652424
-652598
652604
652612
652613
652622
652631
652633
652643
652652
652654
652664
652672
652673
652674
-653771
-653773
-653782
-653783
-653785
653817
653827
-653833
653837
-653887
-653892
-653897
-653898
653905
-653910
653911
653917
-653922
-654046
-654051
-654056
654079
654084
654089
-654426
-654436
654442
-654446
654452
654454
654463
654464
654466
-654815
654820
-654821
-654827
654832
654875
654880
654885
654886
-655043
-655051
655055
655057
-655061
655065
655106
655108
655115
655116
655118
655119
-655293
655299
655307
655308
655317
655326
655328
655338
655347
655349
655359
655367
655368
655369
-656466
-656468
-656477
-656478
-656480
656512
656522
-656528
656532
-656582
-656587
-656592
-656593
656600
-656605
656606
656612
-656617
-656741
-656746
-656751
656774
656779
656784
-657121
-657131
657137
-657141
657147
657149
657158
657159
657161
-657510
657515
-657516
-657522
657527
657570
657575
657580
657581
-657738
-657746
657750
657752
-657756
657760
657801
657803
657810
657811
657813
657814
-657988
657994
658002
658003
658012
658021
658023
658033
658042
658044
658054
658062
658063
658064
-659161
-659163
-659172
-659173
-659175
659207
659217
-659223
659227
-659277
-659282
-659287
-659288
659295
-659300
659301
659307
-659312
-659436
-659441
-659446
659469
659474
659479
-659816
-659826
659832
-659836
659842
659844
659853
659854
659856
-660205
660210
-660211
-660217
660222
660265
660270
660275
660276
-660433
-660441
660445
660447
-660451
660455
660496
660498
660505
660506
660508
660509
-660683
660689
660697
660698
660707
660716
660718
660728
660737
660739
660749
660757
660758
660759
-661856
-661858
-661867
-661868
-661870
661902
661912
-661918
661922
-661972
-661977
-661982
-661983
661990
-661995
661996
662002
-662007
-662131
-662136
-662141
662164
662169
662174
-662511
-662521
662527
-662531
662537
662539
662548
662549
662551
-662900
662905
-662906
-662912
662917
662960
662965
662970
662971
-663128
-663136
663140
663142
-663146
663150
663191
663193
663200
663201
663203
663204
-663378
663384
663392
663393
663402
663411
663413
663423
663432
663434
663444
663452
663453
663454
-664551
-664553
-664562
-664563
-664565
664597
664607
-664613
664617
-664667
-664672
-664677
-664678
664685
-664690
664691
664697
-664702
-664826
-664831
-664836
664859
664864
664869
-665206
-665216
665222
-665226
665232
665234
665243
665244
665246
-665595
665600
-665601
-665607
665612
665655
665660
665665
665666
-665823
-665831
665835
665837
-665841
665845
665886
665888
665895
665896
665898
665899
-666073
666079
666087
666088
666097
666106
666108
666118
666127
666129
666139
666147
666148
666149
-667246
-667248
-667257
-667258
-667260
667292
667302
-667308
667312
-667362
-667367
-667372
-667373
667380
-667385
667386
667392
-667397
-667521
-667526
-667531
667554
667559
667564
-667901
-667911
667917
-667921
667927
667929
667938
667939
667941
-668290
668295
-668296
-668302
668307
668350
668355
668360
668361
-668518
-668526
668530
668532
-668536
668540
668581
668583
668590
668591
668593
668594
-668768
668774
668782
668783
668792
668801
668803
668813
668822
668824
668834
668842
668843
668844
-669941
-669943
-669952
-669953
-669955
669987
669997
-670003
670007
-670057
-670062
-670067
-670068
670075
-670080
670081
670087
-670092
-670216
-670221
-670226
670249
670254
670259
-670596
-670606
670612
-670616
670622
670624
670633
670634
670636
-670985
670990
-670991
-670997
671002
671045
671050
671055
671056
-671213
-671221
671225
671227
-671231
671235
671276
671278
671285
671286
671288
671289
-671463
671469
671477
671478
671487
671496
671498
671508
671517
671519
671529
671537
671538
671539
-672636
-672638
-672647
-672648
-672650
672682
672692
-672698
672702
-672752
-672757
-672762
-672763
672770
-672775
672776
672782
-672787
-672911
-672916
-672921
672944
672949
672954
-673291
-673301
673307
-673311
673317
673319
673328
673329
673331
-673680
673685
-673686
-673692
673697
673740
673745
673750
673751
-673908
-673916
673920
673922
-673926
673930
673971
673973
673980
673981
673983
673984
-674158
674164
674172
674173
674182
674191
674193
674203
674212
674214
674224
674232
674233
674234
-675331
-675333
-675342
-675343
-675345
675377
675387
-675393
675397
-675447
-675452
-675457
-675458
675465
-675470
675471
675477
-675482
-675606
-675611
-675616
675639
675644
675649
-675986
-675996
676002
-676006
676012
676014
676023
676024
676026
-676375
676380
-676381
-676387
676392
676435
676440
676445
676446
-676603
-676611
676615
676617
-676621
676625
676666
676668
676675
676676
676678
676679
-676853
676859
676867
676868
676877
676886
676888
676898
676907
676909
676919
676927
676928
676929
-678026
-678028
-678037
-678038
-678040
678072
678082
-678088
678092
-678142
-678147
-678152
-678153
678160
-678165
678166
678172
-678177
-678301
-678306
-678311
678334
678339
678344
-678681
-678691
678697
-678701
678707
678709
678718
678719
678721
-679070
679075
-679076
-679082
679087
679130
679135
679140
679141
-679298
-679306
679310
679312
-679316
679320
679361
679363
679370
679371
679373
679374
-679548
679554
679562
679563
679572
679581
679583
679593
679602
679604
679614
679622
679623
679624
-680721
-680723
-680732
-680733
-680735
680767
680777
-680783
680787
-680837
-680842
-680847
-680848
680855
-680860
680861
680867
-680872
-680996
-681001
-681006
681029
681034
681039
-681376
-681386
681392
-681396
681402
681404
681413
681414
681416
-681765
681770
-681771
-681777
681782
681825
681830
681835
681836
-681993
-682001
682005
682007
-682011
682015
682056
682058
682065
682066
682068
682069
-682243
682249
682257
682258
682267
682276
682278
682288
682297
682299
682309
682317
682318
682319
-683416
-683418
-683427
-683428
-683430
683462
683472
-683478
683482
-683532
-683537
-683542
-683543
683550
-683555
683556
683562
-683567
-683691
-683696
-683701
683724
683729
683734
-684071
-684081
684087
-684091
684097
684099
684108
684109
684111
-684460
684465
-684466
-684472
684477
684520
684525
684530
684531
-684688
-684696
684700
684702
-684706
684710
684751
684753
684760
684761
684763
684764
-684938
684944
684952
684953
684962
684971
684973
684983
684992
684994
685004
685012
685013
685014
-686111
-686113
-686122
-686123
-686125
686157
686167
-686173
686177
-686227
-686232
-686237
-686238
686245
-686250
686251
686257
-686262
-686386
-686391
-686396
686419
686424
686429
-686766
-686776
686782
-686786
686792
686794
686803
686804
686806
-687155
687160
-687161
-687167
687172
687215
687220
687225
687226
-687383
-687391
687395
687397
-687401
687405
687446
687448
687455
687456
687458
687459
-687633
687639
687647
687648
687657
687666
687668
687678
687687
687689
687699
687707
687708
687709
-688806
-688808
-688817
-688818
-688820
688852
688862
-688868
688872
-688922
-688927
-688932
-688933
688940
-688945
688946
688952
-688957
-689081
-689086
-689091
689114
689119
689124
-689461
-689471
689477
-689481
689487
689489
689498
689499
689501
-689850
689855
-689856
-689862
689867
689910
689915
689920
689921
-690078
-690086
690090
690092
-690096
690100
690141
690143
690150
690151
690153
690154
-690328
690334
690342
690343
690352
690361
690363
690373
690382
690384
690394
690402
690403
690404
-691501
-691503
-691512
-691513
-691515
691547
691557
-691563
691567
-691617
-691622
-691627
-691628
691635
-691640
691641
691647
-691652
-691776
-691781
-691786
691809
691814
691819
-692156
-692166
692172
-692176
692182
692184
692193
692194
692196
-692545
692550
-692551
-692557
692562
692605
692610
692615
692616
-692773
-692781
692785
692787
-692791
692795
692836
692838
692845
692846
692848
692849
-693023
693029
693037
693038
693047
693056
693058
693068
693077
693079
693089
693097
693098
693099
-694196
-694198
-694207
-694208
-694210
694242
694252
-694258
694262
-694312
-694317
-694322
-694323
694330
-694335
694336
694342
-694347
-694471
-694476
-694481
694504
694509
694514
-694851
-694861
694867
-694871
694877
694879
694888
694889
694891
-695240
695245
-695246
-695252
695257
695300
695305
695310
695311
-695468
-695476
695480
695482
-695486
695490
695531
695533
695540
695541
695543
695544
-695718
695724
695732
695733
695742
695751
695753
695763
695772
695774
695784
695792
695793
695794
-696891
-696893
-696902
-696903
-696905
696937
696947
-696953
696957
-697007
-697012
-697017
-697018
697025
-697030
697031
697037
-697042
-697166
-697171
-697176
697199
697204
697209
-697546
-697556
697562
-697566
697572
697574
697583
697584
697586
-697935
697940
-697941
-697947
697952
697995
698000
698005
698006
-698163
-698171
698175
698177
-698181
698185
698226
698228
698235
698236
698238
698239
-698413
698419
698427
698428
698437
698446
698448
698458
698467
698469
698479
698487
698488
698489
-699586
-699588
-699597
-699598
-699600
699632
699642
-699648
699652
-699702
-699707
-699712
-699713
699720
-699725
699726
699732
-699737
-699861
-699866
-699871
699894
699899
699904
-700241
-700251
700257
-700261
700267
700269
700278
700279
700281
-700630
700635
-700636
-700642
700647
700690
700695
700700
700701
-700858
-700866
700870
700872
-700876
700880
700921
700923
700930
700931
700933
700934
-701108
701114
701122
701123
701132
701141
701143
701153
701162
701164
701174
701182
701183
701184
-702281
-702283
-702292
-702293
-702295
702327
702337
-702343
702347
-702397
-702402
-702407
-702408
702415
-702420
702421
702427
-702432
-702556
-702561
-702566
702589
702594
702599
-702936
-702946
702952
-702956
702962
702964
702973
702974
702976
-703325
703330
-703331
-703337
703342
703385
703390
703395
703396
-703553
-703561
703565
703567
-703571
703575
703616
703618
703625
703626
703628
703629
-703803
703809
703817
703818
703827
703836
703838
703848
703857
703859
703869
703877
703878
703879
-704976
-704978
-704987
-704988
-704990
705022
705032
-705038
705042
-705092
-705097
-705102
-705103
705110
-705115
705116
705122
-705127
-705251
-705256
-705261
705284
705289
705294
-705631
-705641
705647
-705651
705657
705659
705668
705669
705671
-706020
706025
-706026
-706032
706037
706080
706085
706090
706091
-706248
-706256
706260
706262
-706266
706270
706311
706313
706320
706321
706323
706324
-706498
706504
706512
706513
706522
706531
706533
706543
706552
706554
706564
706572
706573
706574
-707671
-707673
-707682
-707683
-707685
707717
707727
-707733
707737
-707787
-707792
-707797
-707798
707805
-707810
707811
707817
-707822
-707946
-707951
-707956
707979
707984
707989
-708326
-708336
708342
-708346
708352
708354
708363
708364
708366
-708715
708720
-708721
-708727
708732
708775
708780
708785
708786
-708943
-708951
708955
708957
-708961
708965
709006
709008
709015
709016
709018
709019
-709193
709199
709207
709208
709217
709226
709228
709238
709247
709249
709259
709267
709268
709269
-710366
-710368
-710377
-710378
-710380
710412
710422
-710428
710432
-710482
-710487
-710492
-710493
710500
-710505
710506
710512
-710517
-710641
-710646
-710651
710674
710679
710684
-711021
-711031
711037
-711041
711047
711049
711058
711059
711061
-711410
711415
-711416
-711422
711427
711470
711475
711480
711481
-711638
-711646
711650
711652
-711656
711660
711701
711703
711710
711711
711713
711714
-711888
711894
711902
711903
711912
711921
711923
711933
711942
711944
711954
711962
711963
711964
-713061
-713063
-713072
-713073
-713075
713107
713117
-713123
713127
-713177
-713182
-713187
-713188
713195
-713200
713201
713207
-713212
-713336
-713341
-713346
713369
713374
713379
-713716
-713726
713732
-713736
713742
713744
713753
713754
713756
-714105
714110
-714111
-714117
714122
714165
714170
714175
714176
-714333
-714341
714345
714347
-714351
714355
714396
714398
714405
714406
714408
714409
-714583
714589
714597
714598
714607
714616
714618
714628
714637
714639
714649
714657
714658
714659
-715756
-715758
-715767
-715768
-715770
715802
715812
-715818
715822
-715872
-715877
-715882
-715883
715890
-715895
715896
715902
-715907
-716031
-716036
-716041
716064
716069
716074
-716411
-716421
716427
-716431
716437
716439
716448
716449
716451
-716800
716805
-716806
-716812
716817
716860
716865
716870
716871
-717028
-717036
717040
717042
-717046
717050
717091
717093
717100
717101
717103
717104
-717278
717284
717292
717293
717302
717311
717313
717323
717332
717334
717344
717352
717353
717354
-718451
-718453
-718462
-718463
-718465
718497
718507
-718513
718517
-718567
-718572
-718577
-718578
718585
-718590
718591
718597
-718602
-718726
-718731
-718736
718759
718764
718769
-719106
-719116
719122
-719126
719132
719134
719143
719144
719146
-719495
719500
-719501
-719507
719512
719555
719560
719565
719566
-719723
-719731
719735
719737
-719741
719745
719786
719788
719795
719796
719798
719799
-719973
719979
719987
719988
719997
720006
720008
720018
720027
720029
720039
720047
720048
720049
-721146
-721148
-721157
-721158
-721160
721192
721202
-721208
721212
-721262
-721267
-721272
-721273
721280
-721285
721286
721292
-721297
-721421
-721426
-721431
721454
721459
721464
-721801
-721811
721817
-721821
721827
721829
721838
721839
721841
-722190
722195
-722196
-722202
722207
722250
722255
722260
722261
-722418
-722426
722430
722432
-722436
722440
722481
722483
722490
722491
722493
722494
-722668
722674
722682
722683
722692
722701
722703
722713
722722
722724
722734
722742
722743
722744
-723841
-723843
-723852
-723853
-723855
723887
723897
-723903
723907
-723957
-723962
-723967
-723968
723975
-723980
723981
723987
-723992
-724116
-724121
-724126
724149
724154
724159
-724496
-724506
724512
-724516
724522
724524
724533
724534
724536
-724885
724890
-724891
-724897
724902
724945
724950
724955
724956
-725113
-725121
725125
725127
-725131
725135
725176
725178
725185
725186
725188
725189
-725363
725369
725377
725378
725387
725396
725398
725408
725417
725419
725429
725437
725438
725439
-726536
-726538
-726547
-726548
-726550
726582
726592
-726598
726602
-726652
-726657
-726662
-726663
726670
-726675
726676
726682
-726687
-726811
-726816
-726821
726844
726849
726854
-727191
-727201
727207
-727211
727217
727219
727228
727229
727231
-727580
727585
-727586
-727592
727597
727640
727645
727650
727651
-727808
-727816
727820
727822
-727826
727830
727871
727873
727880
727881
727883
727884
-728058
728064
728072
728073
728082
728091
728093
728103
728112
728114
728124
728132
728133
728134
-729231
-729233
-729242
-729243
-729245
729277
729287
-729293
729297
-729347
-729352
-729357
-729358
729365
-729370
729371
729377
-729382
-729506
-729511
-729516
729539
729544
729549
-729886
-729896
729902
-729906
729912
729914
729923
729924
729926
-730275
730280
-730281
-730287
730292
730335
730340
730345
730346
-730503
-730511
730515
730517
-730521
730525
730566
730568
730575
730576
730578
730579
-730753
730759
730767
730768
730777
730786
730788
730798
730807
730809
730819
730827
730828
730829
-731926
-731928
-731937
-731938
-731940
731972
731982
-731988
731992
-732042
-732047
-732052
-732053
732060
-732065
732066
732072
-732077
-732201
-732206
-732211
732234
732239
732244
-732581
-732591
732597
-732601
732607
732609
732618
732619
732621
-732970
732975
-732976
-732982
732987
733030
733035
733040
733041
-733198
-733206
733210
733212
-733216
733220
733261
733263
733270
733271
733273
733274
-733448
733454
733462
733463
733472
733481
733483
733493
733502
733504
733514
733522
733523
733524
-734621
-734623
-734632
-734633
-734635
734667
734677
-734683
734687
-734737
-734742
-734747
-734748
734755
-734760
734761
734767
-734772
-734896
-734901
-734906
734929
734934
734939
-735276
-735286
735292
-735296
735302
735304
735313
735314
735316
-735665
735670
-735671
-735677
735682
735725
735730
735735
735736
-735893
-735901
735905
735907
-735911
735915
735956
735958
735965
735966
735968
735969
-736143
736149
736157
736158
736167
736176
736178
736188
736197
736199
736209
736217
736218
736219
-737316
-737318
-737327
-737328
-737330
737362
737372
-737378
737382
-737432
-737437
-737442
-737443
737450
-737455
737456
737462
-737467
-737591
-737596
-737601
737624
737629
737634
-737971
-737981
737987
-737991
737997
737999
738008
738009
738011
-738360
738365
-738366
-738372
738377
738420
738425
738430
738431
-738588
-738596
738600
738602
-738606
738610
738651
738653
738660
738661
738663
738664
-738838
738844
738852
738853
738862
738871
738873
738883
738892
738894
738904
738912
738913
738914
-740011
-740013
-740022
-740023
-740025
740057
740067
-740073
740077
-740127
-740132
-740137
-740138
740145
-740150
740151
740157
-740162
-740286
-740291
-740296
740319
740324
740329
-740666
-740676
740682
-740686
740692
740694
740703
740704
740706
-741055
741060
-741061
-741067
741072
741115
741120
741125
741126
-741283
-741291
741295
741297
-741301
741305
741346
741348
741355
741356
741358
741359
-741533
741539
741547
741548
741557
741566
741568
741578
741587
741589
741599
741607
741608
741609
-742706
-742708
-742717
-742718
-742720
742752
742762
-742768
742772
-742822
-742827
-742832
-742833
742840
-742845
742846
742852
-742857
-742981
-742986
-742991
743014
743019
743024
-743361
-743371
743377
-743381
743387
743389
743398
743399
743401
-743750
743755
-743756
-743762
743767
743810
743815
743820
743821
-743978
-743986
743990
743992
-743996
744000
744041
744043
744050
744051
744053
744054
-744228
744234
744242
744243
744252
744261
744263
744273
744282
744284
744294
744302
744303
744304
-745401
-745403
-745412
-745413
-745415
745447
745457
-745463
745467
-745517
-745522
-745527
-745528
745535
-745540
745541
745547
-745552
-745676
-745681
-745686
745709
745714
745719
-746056
-746066
746072
-746076
746082
746084
746093
746094
746096
-746445
746450
-746451
-746457
746462
746505
746510
746515
746516
-746673
-746681
746685
746687
-746691
746695
746736
746738
746745
746746
746748
746749
-746923
746929
746937
746938
746947
746956
746958
746968
746977
746979
746989
746997
746998
746999
-748096
-748098
-748107
-748108
-748110
748142
748152
-748158
748162
-748212
-748217
-748222
-748223
748230
-748235
748236
748242
-748247
-748371
-748376
-748381
748404
748409
748414
-748751
-748761
748767
-748771
748777
748779
748788
748789
748791
-749140
749145
-749146
-749152
749157
749200
749205
749210
749211
-749368
-749376
749380
749382
-749386
749390
749431
749433
749440
749441
749443
749444
-749618
749624
749632
749633
749642
749651
749653
749663
749672
749674
749684
749692
749693
749694
-750791
-750793
-750802
-750803
-750805
750837
750847
-750853
750857
-750907
-750912
-750917
-750918
750925
-750930
750931
750937
-750942
-751066
-751071
-751076
751099
751104
751109
-751446
-751456
751462
-751466
751472
751474
751483
751484
751486
-751835
751840
-751841
-751847
751852
751895
751900
751905
751906
-752063
-752071
752075
752077
-752081
752085
752126
752128
752135
752136
752138
752139
-752313
752319
752327
752328
752337
752346
752348
752358
752367
752369
752379
752387
752388
752389
-753486
-753488
-753497
-753498
-753500
753532
753542
-753548
753552
-753602
-753607
-753612
-753613
753620
-753625
753626
753632
-753637
-753761
-753766
-753771
753794
753799
753804
-754141
-754151
754157
-754161
754167
754169
754178
754179
754181
-754530
754535
-754536
-754542
754547
754590
754595
754600
754601
-754758
-754766
754770
754772
-754776
754780
754821
754823
754830
754831
754833
754834
-755008
755014
755022
755023
755032
755041
755043
755053
755062
755064
755074
755082
755083
755084
-756181
-756183
-756192
-756193
-756195
756227
756237
-756243
756247
-756297
-756302
-756307
-756308
756315
-756320
756321
756327
-756332
-756456
-756461
-756466
756489
756494
756499
-756836
-756846
756852
-756856
756862
756864
756873
756874
756876
-757225
757230
-757231
-757237
757242
757285
757290
757295
757296
-757453
-757461
757465
757467
-757471
757475
757516
757518
757525
757526
757528
757529
-757703
757709
757717
757718
757727
757736
757738
757748
757757
757759
757769
757777
757778
757779
-758876
-758878
-758887
-758888
-758890
758922
758932
-758938
758942
-758992
-758997
-759002
-759003
759010
-759015
759016
759022
-759027
-759151
-759156
-759161
759184
759189
759194
-759531
-759541
759547
-759551
759557
759559
759568
759569
759571
-759920
759925
-759926
-759932
759937
759980
759985
759990
759991
-760148
-760156
760160
760162
-760166
760170
760211
760213
760220
760221
760223
760224
-760398
760404
760412
760413
760422
760431
760433
760443
760452
760454
760464
760472
760473
760474
-761571
-761573
-761582
-761583
-761585
761617
761627
-761633
761637
-761687
-761692
-761697
-761698
761705
-761710
761711
761717
-761722
-761846
-761851
-761856
761879
761884
761889
-762226
-762236
762242
-762246
762252
762254
762263
762264
762266
-762615
762620
-762621
-762627
762632
762675
762680
762685
762686
-762843
-762851
762855
762857
-762861
762865
762906
762908
762915
762916
762918
762919
-763093
763099
763107
763108
763117
763126
763128
763138
763147
763149
763159
763167
763168
763169
-764266
-764268
-764277
-764278
-764280
764312
764322
-764328
764332
-764382
-764387
-764392
-764393
764400
-764405
764406
764412
-764417
-764541
-764546
-764551
764574
764579
764584
-764921
-764931
764937
-764941
764947
764949
764958
764959
764961
-765310
765315
-765316
-765322
765327
765370
765375
765380
765381
-765538
-765546
765550
765552
-765556
765560
765601
765603
765610
765611
765613
765614
-765788
765794
765802
765803
765812
765821
765823
765833
765842
765844
765854
765862
765863
765864
-766961
-766963
-766972
-766973
-766975
767007
767017
-767023
767027
-767077
-767082
-767087
-767088
767095
-767100
767101
767107
-767112
-767236
-767241
-767246
767269
767274
767279
-767616
-767626
767632
-767636
767642
767644
767653
767654
767656
-768005
768010
-768011
-768017
768022
768065
768070
768075
768076
-768233
-768241
768245
768247
-768251
768255
768296
768298
768305
768306
768308
768309
-768483
768489
768497
768498
768507
768516
768518
768528
768537
768539
768549
768557
768558
768559
-769656
-769658
-769667
-769668
-769670
769702
769712
-769718
769722
-769772
-769777
-769782
-769783
769790
-769795
769796
769802
-769807
-769931
-769936
-769941
769964
769969
769974
-770311
-770321
770327
-770331
770337
770339
770348
770349
770351
-770700
770705
-770706
-770712
770717
770760
770765
770770
770771
-770928
-770936
770940
770942
-770946
770950
770991
770993
771000
771001
771003
771004
-771178
771184
771192
771193
771202
771211
771213
771223
771232
771234
771244
771252
771253
771254
-772351
-772353
-772362
-772363
-772365
772397
772407
-772413
772417
-772467
-772472
-772477
-772478
772485
-772490
772491
772497
-772502
-772626
-772631
-772636
772659
772664
772669
-773006
-773016
773022
-773026
773032
773034
773043
773044
773046
-773395
773400
-773401
-773407
773412
773455
773460
773465
773466
-773623
-773631
773635
773637
-773641
773645
773686
773688
773695
773696
773698
773699
-773873
773879
773887
773888
773897
773906
773908
773918
773927
773929
773939
773947
773948
773949
-775046
-775048
-775057
-775058
-775060
775092
775102
-775108
775112
-775162
-775167
-775172
-775173
775180
-775185
775186
775192
-775197
-775321
-775326
-775331
775354
775359
775364
-775701
-775711
775717
-775721
775727
775729
775738
775739
775741
-776090
776095
-776096
-776102
776107
776150
776155
776160
776161
-776318
-776326
776330
776332
-776336
776340
776381
776383
776390
776391
776393
776394
-776568
776574
776582
776583
776592
776601
776603
776613
776622
776624
776634
776642
776643
776644
-777741
-777743
-777752
-777753
-777755
777787
777797
-777803
777807
-777857
-777862
-777867
-777868
777875
-777880
777881
777887
-777892
-778016
-778021
-778026
778049
778054
778059
-778396
-778406
778412
-778416
778422
778424
778433
778434
778436
-778785
778790
-778791
-778797
778802
778845
778850
778855
778856
-779013
-779021
779025
779027
-779031
779035
779076
779078
779085
779086
779088
779089
-779263
779269
779277
779278
779287
779296
779298
779308
779317
779319
779329
779337
779338
779339
-780436
-780438
-780447
-780448
-780450
780482
780492
-780498
780502
-780552
-780557
-780562
-780563
780570
-780575
780576
780582
-780587
-780711
-780716
-780721
780744
780749
780754
-781091
-781101
781107
-781111
781117
781119
781128
781129
781131
-781480
781485
-781486
-781492
781497
781540
781545
781550
781551
-781708
-781716
781720
781722
-781726
781730
781771
781773
781780
781781
781783
781784
-781958
781964
781972
781973
781982
781991
781993
782003
782012
782014
782024
782032
782033
782034
-783131
-783133
-783142
-783143
-783145
783177
783187
-783193
783197
-783247
-783252
-783257
-783258
783265
-783270
783271
783277
-783282
-783406
-783411
-783416
783439
783444
783449
-783786
-783796
783802
-783806
783812
783814
783823
783824
783826
-784175
784180
-784181
-784187
784192
784235
784240
784245
784246
-784403
-784411
784415
784417
-784421
784425
784466
784468
784475
784476
784478
784479
-784653
784659
784667
784668
784677
784686
784688
784698
784707
784709
784719
784727
784728
784729
-785826
-785828
-785837
-785838
-785840
785872
785882
-785888
785892
-785942
-785947
-785952
-785953
785960
-785965
785966
785972
-785977
-786101
-786106
-786111
786134
786139
786144
-786481
-786491
786497
-786501
786507
786509
786518
786519
786521
-786870
786875
-786876
-786882
786887
786930
786935
786940
786941
-787098
-787106
787110
787112
-787116
787120
787161
787163
787170
787171
787173
787174
-787348
787354
787362
787363
787372
787381
787383
787393
787402
787404
787414
787422
787423
787424
-788521
-788523
-788532
-788533
-788535
788567
788577
-788583
788587
-788637
-788642
-788647
-788648
788655
-788660
788661
788667
-788672
-788796
-788801
-788806
788829
788834
788839
-789176
-789186
789192
-789196
789202
789204
789213
789214
789216
-789565
789570
-789571
-789577
789582
789625
789630
789635
789636
-789793
-789801
789805
789807
-789811
789815
789856
789858
789865
789866
789868
789869
-790043
790049
790057
790058
790067
790076
790078
790088
790097
790099
790109
790117
790118
790119
-791216
-791218
-791227
-791228
-791230
791262
791272
-791278
791282
-791332
-791337
-791342
-791343
791350
-791355
791356
791362
-791367
-791491
-791496
-791501
791524
791529
791534
-791871
-791881
791887
-791891
791897
791899
791908
791909
791911
-792260
792265
-792266
-792272
792277
792320
792325
792330
792331
-792488
-792496
792500
792502
-792506
792510
792551
792553
792560
792561
792563
792564
-792738
792744
792752
792753
792762
792771
792773
792783
792792
792794
792804
792812
792813
792814
-793911
-793913
-793922
-793923
-793925
793957
793967
-793973
793977
-794027
-794032
-794037
-794038
794045
-794050
794051
794057
-794062
-794186
-794191
-794196
794219
794224
794229
-794566
-794576
794582
-794586
794592
794594
794603
794604
794606
-794955
794960
-794961
-794967
794972
795015
795020
795025
795026
-795183
-795191
795195
795197
-795201
795205
795246
795248
795255
795256
795258
795259
-795433
795439
795447
795448
795457
795466
795468
795478
795487
795489
795499
795507
795508
795509
-796606
-796608
-796617
-796618
-796620
796652
796662
-796668
796672
-796722
-796727
-796732
-796733
796740
-796745
796746
796752
-796757
-796881
-796886
-796891
796914
796919
796924
-797261
-797271
797277
-797281
797287
797289
797298
797299
797301
-797650
797655
-797656
-797662
797667
797710
797715
797720
797721
-797878
-797886
797890
797892
-797896
797900
797941
797943
797950
797951
797953
797954
-798128
798134
798142
798143
798152
798161
798163
798173
798182
798184
798194
798202
798203
798204
-799301
-799303
-799312
-799313
-799315
799347
799357
-799363
799367
-799417
-799422
-799427
-799428
799435
-799440
799441
799447
-799452
-799576
-799581
-799586
799609
799614
799619
-799956
-799966
799972
-799976
799982
799984
799993
799994
799996
-800345
800350
-800351
-800357
800362
800405
800410
800415
800416
-800573
-800581
800585
800587
-800591
800595
800636
800638
800645
800646
800648
800649
-800823
800829
800837
800838
800847
800856
800858
800868
800877
800879
800889
800897
800898
800899
-801996
-801998
-802007
-802008
-802010
802042
802052
-802058
802062
-802112
-802117
-802122
-802123
802130
-802135
802136
802142
-802147
-802271
-802276
-802281
802304
802309
802314
-802651
-802661
802667
-802671
802677
802679
802688
802689
802691
-803040
803045
-803046
-803052
803057
803100
803105
803110
803111
-803268
-803276
803280
803282
-803286
803290
803331
803333
803340
803341
803343
803344
-803518
803524
803532
803533
803542
803551
803553
803563
803572
803574
803584
803592
803593
803594
-804691
-804693
-804702
-804703
-804705
804737
804747
-804753
804757
-804807
-804812
-804817
-804818
804825
-804830
804831
804837
-804842
-804966
-804971
-804976
804999
805004
805009
-805346
-805356
805362
-805366
805372
805374
805383
805384
805386
-805735
805740
-805741
-805747
805752
805795
805800
805805
805806
-805963
-805971
805975
805977
-805981
805985
806026
806028
806035
806036
806038
806039
-806213
806219
806227
806228
806237
806246
806248
806258
806267
806269
806279
806287
806288
806289
-807386
-807388
-807397
-807398
-807400
807432
807442
-807448
807452
-807502
-807507
-807512
-807513
807520
-807525
807526
807532
-807537
-807661
-807666
-807671
807694
807699
807704
-808041
-808051
808057
-808061
808067
808069
808078
808079
808081
-808430
808435
-808436
-808442
808447
808490
808495
808500
808501
-808658
-808666
808670
808672
-808676
808680
808721
808723
808730
808731
808733
808734
-808908
808914
808922
808923
808932
808941
808943
808953
808962
808964
808974
808982
808983
808984
-810081
-810083
-810092
-810093
-810095
810127
810137
-810143
810147
-810197
-810202
-810207
-810208
810215
-810220
810221
810227
-810232
-810356
-810361
-810366
810389
810394
810399
-810736
-810746
810752
-810756
810762
810764
810773
810774
810776
-811125
811130
-811131
-811137
811142
811185
811190
811195
811196
-811353
-811361
811365
811367
-811371
811375
811416
811418
811425
811426
811428
811429
-811603
811609
811617
811618
811627
811636
811638
811648
811657
811659
811669
811677
811678
811679
-812776
-812778
-812787
-812788
-812790
812822
812832
-812838
812842
-812892
-812897
-812902
-812903
812910
-812915
812916
812922
-812927
-813051
-813056
-813061
813084
813089
813094
-813431
-813441
813447
-813451
813457
813459
813468
813469
813471
-813820
813825
-813826
-813832
813837
813880
813885
813890
813891
-814048
-814056
814060
814062
-814066
814070
814111
814113
814120
814121
814123
814124
-814298
814304
814312
814313
814322
814331
814333
814343
814352
814354
814364
814372
814373
814374
-815471
-815473
-815482
-815483
-815485
815517
815527
-815533
815537
-815587
-815592
-815597
-815598
815605
-815610
815611
815617
-815622
-815746
-815751
-815756
815779
815784
815789
-816126
-816136
816142
-816146
816152
816154
816163
816164
816166
-816515
816520
-816521
-816527
816532
816575
816580
816585
816586
-816743
-816751
816755
816757
-816761
816765
816806
816808
816815
816816
816818
816819
-816993
816999
817007
817008
817017
817026
817028
817038
817047
817049
817059
817067
817068
817069
-818166
-818168
-818177
-818178
-818180
818212
818222
-818228
818232
-818282
-818287
-818292
-818293
818300
-818305
818306
818312
-818317
-818441
-818446
-818451
818474
818479
818484
-818821
-818831
818837
-818841
818847
818849
818858
818859
818861
-819210
819215
-819216
-819222
819227
819270
819275
819280
819281
-819438
-819446
819450
819452
-819456
819460
819501
819503
819510
819511
819513
819514
-819688
819694
819702
819703
819712
819721
819723
819733
819742
819744
819754
819762
819763
819764
-820861
-820863
-820872
-820873
-820875
820907
820917
-820923
820927
-820977
-820982
-820987
-820988
820995
-821000
821001
821007
-821012
-821136
-821141
-821146
821169
821174
821179
-821516
-821526
821532
-821536
821542
821544
821553
821554
821556
-821905
821910
-821911
-821917
821922
821965
821970
821975
821976
-822133
-822141
822145
822147
-822151
822155
822196
822198
822205
822206
822208
822209
-822383
822389
822397
822398
822407
822416
822418
822428
822437
822439
822449
822457
822458
822459
-823556
-823558
-823567
-823568
-823570
823602
823612
-823618
823622
-823672
-823677
-823682
-823683
823690
-823695
823696
823702
-823707
-823831
-823836
-823841
823864
823869
823874
-824211
-824221
824227
-824231
824237
824239
824248
824249
824251
-824600
824605
-824606
-824612
824617
824660
824665
824670
824671
-824828
-824836
824840
824842
-824846
824850
824891
824893
824900
824901
824903
824904
-825078
825084
825092
825093
825102
825111
825113
825123
825132
825134
825144
825152
825153
825154
-826251
-826253
-826262
-826263
-826265
826297
826307
-826313
826317
-826367
-826372
-826377
-826378
826385
-826390
826391
826397
-826402
-826526
-826531
-826536
826559
826564
826569
-826906
-826916
826922
-826926
826932
826934
826943
826944
826946
-827295
827300
-827301
-827307
827312
827355
827360
827365
827366
-827523
-827531
827535
827537
-827541
827545
827586
827588
827595
827596
827598
827599
-827773
827779
827787
827788
827797
827806
827808
827818
827827
827829
827839
827847
827848
827849
-828946
-828948
-828957
-828958
-828960
828992
829002
-829008
829012
-829062
-829067
-829072
-829073
829080
-829085
829086
829092
-829097
-829221
-829226
-829231
829254
829259
829264
-829601
-829611
829617
-829621
829627
829629
829638
829639
829641
-829990
829995
-829996
-830002
830007
830050
830055
830060
830061
-830218
-830226
830230
830232
-830236
830240
830281
830283
830290
830291
830293
830294
-830468
830474
830482
830483
830492
830501
830503
830513
830522
830524
830534
830542
830543
830544
-831641
-831643
-831652
-831653
-831655
831687
831697
-831703
831707
-831757
-831762
-831767
-831768
831775
-831780
831781
831787
-831792
-831916
-831921
-831926
831949
831954
831959
-832296
-832306
832312
-832316
832322
832324
832333
832334
832336
-832685
832690
-832691
-832697
832702
832745
832750
832755
832756
-832913
-832921
832925
832927
-832931
832935
832976
832978
832985
832986
832988
832989
-833163
833169
833177
833178
833187
833196
833198
833208
833217
833219
833229
833237
833238
833239
-834336
-834338
-834347
-834348
-834350
834382
834392
-834398
834402
-834452
-834457
-834462
-834463
834470
-834475
834476
834482
-834487
-834611
-834616
-834621
834644
834649
834654
-834991
-835001
835007
-835011
835017
835019
835028
835029
835031
-835380
835385
-835386
-835392
835397
835440
835445
835450
835451
-835608
-835616
835620
835622
-835626
835630
835671
835673
835680
835681
835683
835684
-835858
835864
835872
835873
835882
835891
835893
835903
835912
835914
835924
835932
835933
835934
-837031
-837033
-837042
-837043
-837045
837077
837087
-837093
837097
-837147
-837152
-837157
-837158
837165
-837170
837171
837177
-837182
-837306
-837311
-837316
837339
837344
837349
-837686
-837696
837702
-837706
837712
837714
837723
837724
837726
-838075
838080
-838081
-838087
838092
838135
838140
838145
838146
-838303
-838311
838315
838317
-838321
838325
838366
838368
838375
838376
838378
838379
-838553
838559
838567
838568
838577
838586
838588
838598
838607
838609
838619
838627
838628
838629
-839726
-839728
-839737
-839738
-839740
839772
839782
-839788
839792
-839842
-839847
-839852
-839853
839860
-839865
839866
839872
-839877
-840001
-840006
-840011
840034
840039
840044
-840381
-840391
840397
-840401
840407
840409
840418
840419
840421
-840770
840775
-840776
-840782
840787
840830
840835
840840
840841
-840998
-841006
841010
841012
-841016
841020
841061
841063
841070
841071
841073
841074
-841248
841254
841262
841263
841272
841281
841283
841293
841302
841304
841314
841322
841323
841324
-842421
-842423
-842432
-842433
-842435
842467
842477
-842483
842487
-842537
-842542
-842547
-842548
842555
-842560
842561
842567
-842572
-842696
-842701
-842706
842729
842734
842739
-843076
-843086
843092
-843096
843102
843104
843113
843114
843116
-843465
843470
-843471
-843477
843482
843525
843530
843535
843536
-843693
-843701
843705
843707
-843711
843715
843756
843758
843765
843766
843768
843769
-843943
843949
843957
843958
843967
843976
843978
843988
843997
843999
844009
844017
844018
844019
-845116
-845118
-845127
-845128
-845130
845162
845172
-845178
845182
-845232
-845237
-845242
-845243
845250
-845255
845256
845262
-845267
-845391
-845396
-845401
845424
845429
845434
-845771
-845781
845787
-845791
845797
845799
845808
845809
845811
-846160
846165
-846166
-846172
846177
846220
846225
846230
846231
-846388
-846396
846400
846402
-846406
846410
846451
846453
846460
846461
846463
846464
-846638
846644
846652
846653
846662
846671
846673
846683
846692
846694
846704
846712
846713
846714
-847811
-847813
-847822
-847823
-847825
847857
847867
-847873
847877
-847927
-847932
-847937
-847938
847945
-847950
847951
847957
-847962
-848086
-848091
-848096
848119
848124
848129
-848466
-848476
848482
-848486
848492
848494
848503
848504
848506
-848855
848860
-848861
-848867
848872
848915
848920
848925
848926
-849083
-849091
849095
849097
-849101
849105
849146
849148
849155
849156
849158
849159
-849333
849339
849347
849348
849357
849366
849368
849378
849387
849389
849399
849407
849408
849409
-850506
-850508
-850517
-850518
-850520
850552
850562
-850568
850572
-850622
-850627
-850632
-850633
850640
-850645
850646
850652
-850657
-850781
-850786
-850791
850814
850819
850824
-851161
-851171
851177
-851181
851187
851189
851198
851199
851201
-851550
851555
-851556
-851562
851567
851610
851615
851620
851621
-851778
-851786
851790
851792
-851796
851800
851841
851843
851850
851851
851853
851854
-852028
852034
852042
852043
852052
852061
852063
852073
852082
852084
852094
852102
852103
852104
-853201
-853203
-853212
-853213
-853215
853247
853257
-853263
853267
-853317
-853322
-853327
-853328
853335
-853340
853341
853347
-853352
-853476
-853481
-853486
853509
853514
853519
-853856
-853866
853872
-853876
853882
853884
853893
853894
853896
-854245
854250
-854251
-854257
854262
854305
854310
854315
854316
-854473
-854481
854485
854487
-854491
854495
854536
854538
854545
854546
854548
854549
-854723
854729
854737
854738
854747
854756
854758
854768
854777
854779
854789
854797
854798
854799
-855896
-855898
-855907
-855908
-855910
855942
855952
-855958
855962
-856012
-856017
-856022
-856023
856030
-856035
856036
856042
-856047
-856171
-856176
-856181
856204
856209
856214
-856551
-856561
856567
-856571
856577
856579
856588
856589
856591
-856940
856945
-856946
-856952
856957
857000
857005
857010
857011
-857168
-857176
857180
857182
-857186
857190
857231
857233
857240
857241
857243
857244
-857418
857424
857432
857433
857442
857451
857453
857463
857472
857474
857484
857492
857493
857494
-858591
-858593
-858602
-858603
-858605
858637
858647
-858653
858657
-858707
-858712
-858717
-858718
858725
-858730
858731
858737
-858742
-858866
-858871
-858876
858899
858904
858909
-859246
-859256
859262
-859266
859272
859274
859283
859284
859286
-859635
859640
-859641
-859647
859652
859695
859700
859705
859706
-859863
-859871
859875
859877
-859881
859885
859926
859928
859935
859936
859938
859939
-860113
860119
860127
860128
860137
860146
860148
860158
860167
860169
860179
860187
860188
860189
-861286
-861288
-861297
-861298
-861300
861332
861342
-861348
861352
-861402
-861407
-861412
-861413
861420
-861425
861426
861432
-861437
-861561
-861566
-861571
861594
861599
861604
-861941
-861951
861957
-861961
861967
861969
861978
861979
861981
-862330
862335
-862336
-862342
862347
862390
862395
862400
862401
-862558
-862566
862570
862572
-862576
862580
862621
862623
862630
862631
862633
862634
-862808
862814
862822
862823
862832
862841
862843
862853
862862
862864
862874
862882
862883
862884
-863981
-863983
-863992
-863993
-863995
864027
864037
-864043
864047
-864097
-864102
-864107
-864108
864115
-864120
864121
864127
-864132
-864256
-864261
-864266
864289
864294
864299
-864636
-864646
864652
-864656
864662
864664
864673
864674
864676
-865025
865030
-865031
-865037
865042
865085
865090
865095
865096
-865253
-865261
865265
865267
-865271
865275
865316
865318
865325
865326
865328
865329
-865503
865509
865517
865518
865527
865536
865538
865548
865557
865559
865569
865577
865578
865579
-866676
-866678
-866687
-866688
-866690
866722
866732
-866738
866742
-866792
-866797
-866802
-866803
866810
-866815
866816
866822
-866827
-866951
-866956
-866961
866984
866989
866994
-867331
-867341
867347
-867351
867357
867359
867368
867369
867371
-867720
867725
-867726
-867732
867737
867780
867785
867790
867791
-867948
-867956
867960
867962
-867966
867970
868011
868013
868020
868021
868023
868024
-868198
868204
868212
868213
868222
868231
868233
868243
868252
868254
868264
868272
868273
868274
-869371
-869373
-869382
-869383
-869385
869417
869427
-869433
869437
-869487
-869492
-869497
-869498
869505
-869510
869511
869517
-869522
-869646
-869651
-869656
869679
869684
869689
-870026
-870036
870042
-870046
870052
870054
870063
870064
870066
-870415
870420
-870421
-870427
870432
870475
870480
870485
870486
-870643
-870651
870655
870657
-870661
870665
870706
870708
870715
870716
870718
870719
-870893
870899
870907
870908
870917
870926
870928
870938
870947
870949
870959
870967
870968
870969
-872066
-872068
-872077
-872078
-872080
872112
872122
-872128
872132
-872182
-872187
-872192
-872193
872200
-872205
872206
872212
-872217
-872341
-872346
-872351
872374
872379
872384
-872721
-872731
872737
-872741
872747
872749
872758
872759
872761
-873110
873115
-873116
-873122
873127
873170
873175
873180
873181
-873338
-873346
873350
873352
-873356
873360
873401
873403
873410
873411
873413
873414
-873588
873594
873602
873603
873612
873621
873623
873633
873642
873644
873654
873662
873663
873664
-874761
-874763
-874772
-874773
-874775
874807
874817
-874823
874827
-874877
-874882
-874887
-874888
874895
-874900
874901
874907
-874912
-875036
-875041
-875046
875069
875074
875079
-875416
-875426
875432
-875436
875442
875444
875453
875454
875456
-875805
875810
-875811
-875817
875822
875865
875870
875875
875876
-876033
-876041
876045
876047
-876051
876055
876096
876098
876105
876106
876108
876109
-876283
876289
876297
876298
876307
876316
876318
876328
876337
876339
876349
876357
876358
876359
-877456
-877458
-877467
-877468
-877470
877502
877512
-877518
877522
-877572
-877577
-877582
-877583
877590
-877595
877596
877602
-877607
-877731
-877736
-877741
877764
877769
877774
-878111
-878121
878127
-878131
878137
878139
878148
878149
878151
-878500
878505
-878506
-878512
878517
878560
878565
878570
878571
-878728
-878736
878740
878742
-878746
878750
878791
878793
878800
878801
878803
878804
-878978
878984
878992
878993
879002
879011
879013
879023
879032
879034
879044
879052
879053
879054
-880151
-880153
-880162
-880163
-880165
880197
880207
-880213
880217
-880267
-880272
-880277
-880278
880285
-880290
880291
880297
-880302
-880426
-880431
-880436
880459
880464
880469
-880806
-880816
880822
-880826
880832
880834
880843
880844
880846
-881195
881200
-881201
-881207
881212
881255
881260
881265
881266
-881423
-881431
881435
881437
-881441
881445
881486
881488
881495
881496
881498
881499
-881673
881679
881687
881688
881697
881706
881708
881718
881727
881729
881739
881747
881748
881749
-882846
-882848
-882857
-882858
-882860
882892
882902
-882908
882912
-882962
-882967
-882972
-882973
882980
-882985
882986
882992
-882997
-883121
-883126
-883131
883154
883159
883164
-883501
-883511
883517
-883521
883527
883529
883538
883539
883541
-883890
883895
-883896
-883902
883907
883950
883955
883960
883961
-884118
-884126
884130
884132
-884136
884140
884181
884183
884190
884191
884193
884194
-884368
884374
884382
884383
884392
884401
884403
884413
884422
884424
884434
884442
884443
884444
-885541
-885543
-885552
-885553
-885555
885587
885597
-885603
885607
-885657
-885662
-885667
-885668
885675
-885680
885681
885687
-885692
-885816
-885821
-885826
885849
885854
885859
-886196
-886206
886212
-886216
886222
886224
886233
886234
886236
-886585
886590
-886591
-886597
886602
886645
886650
886655
886656
-886813
-886821
886825
886827
-886831
886835
886876
886878
886885
886886
886888
886889
-887063
887069
887077
887078
887087
887096
887098
887108
887117
887119
887129
887137
887138
887139
-888236
-888238
-888247
-888248
-888250
888282
888292
-888298
888302
-888352
-888357
-888362
-888363
888370
-888375
888376
888382
-888387
-888511
-888516
-888521
888544
888549
888554
-888891
-888901
888907
-888911
888917
888919
888928
888929
888931
-889280
889285
-889286
-889292
889297
889340
889345
889350
889351
-889508
-889516
889520
889522
-889526
889530
889571
889573
889580
889581
889583
889584
-889758
889764
889772
889773
889782
889791
889793
889803
889812
889814
889824
889832
889833
889834
-890931
-890933
-890942
-890943
-890945
890977
890987
-890993
890997
-891047
-891052
-891057
-891058
891065
-891070
891071
891077
-891082
-891206
-891211
-891216
891239
891244
891249
-891586
-891596
891602
-891606
891612
891614
891623
891624
891626
-891975
891980
-891981
-891987
891992
892035
892040
892045
892046
-892203
-892211
892215
892217
-892221
892225
892266
892268
892275
892276
892278
892279
-892453
892459
892467
892468
892477
892486
892488
892498
892507
892509
892519
892527
892528
892529
-893626
-893628
-893637
-893638
-893640
893672
893682
-893688
893692
-893742
-893747
-893752
-893753
893760
-893765
893766
893772
-893777
-893901
-893906
-893911
893934
893939
893944
-894281
-894291
894297
-894301
894307
894309
894318
894319
894321
-894670
894675
-894676
-894682
894687
894730
894735
894740
894741
-894898
-894906
894910
894912
-894916
894920
894961
894963
894970
894971
894973
894974
-895148
895154
895162
895163
895172
895181
895183
895193
895202
895204
895214
895222
895223
895224
-896321
-896323
-896332
-896333
-896335
896367
896377
-896383
896387
-896437
-896442
-896447
-896448
896455
-896460
896461
896467
-896472
-896596
-896601
-896606
896629
896634
896639
-896976
-896986
896992
-896996
897002
897004
897013
897014
897016
-897365
897370
-897371
-897377
897382
897425
897430
897435
897436
-897593
-897601
897605
897607
-897611
897615
897656
897658
897665
897666
897668
897669
-897843
897849
897857
897858
897867
897876
897878
897888
897897
897899
897909
897917
897918
897919
-899016
-899018
-899027
-899028
-899030
899062
899072
-899078
899082
-899132
-899137
-899142
-899143
899150
-899155
899156
899162
-899167
-899291
-899296
-899301
899324
899329
899334
-899671
-899681
899687
-899691
899697
899699
899708
899709
899711
-900060
900065
-900066
-900072
900077
900120
900125
900130
900131
-900288
-900296
900300
900302
-900306
900310
900351
900353
900360
900361
900363
900364
-900538
900544
900552
900553
900562
900571
900573
900583
900592
900594
900604
900612
900613
900614
-901711
-901713
-901722
-901723
-901725
901757
901767
-901773
901777
-901827
-901832
-901837
-901838
901845
-901850
901851
901857
-901862
-901986
-901991
-901996
902019
902024
902029
-902366
-902376
902382
-902386
902392
902394
902403
902404
902406
-902755
902760
-902761
-902767
902772
902815
902820
902825
902826
-902983
-902991
902995
902997
-903001
903005
903046
903048
903055
903056
903058
903059
-903233
903239
903247
903248
903257
903266
903268
903278
903287
903289
903299
903307
903308
903309
-904406
-904408
-904417
-904418
-904420
904452
904462
-904468
904472
-904522
-904527
-904532
-904533
904540
-904545
904546
904552
-904557
-904681
-904686
-904691
904714
904719
904724
-905061
-905071
905077
-905081
905087
905089
905098
905099
905101
-905450
905455
-905456
-905462
905467
905510
905515
905520
905521
-905678
-905686
905690
905692
-905696
905700
905741
905743
905750
905751
905753
905754
-905928
905934
905942
905943
905952
905961
905963
905973
905982
905984
905994
906002
906003
906004
-907101
-907103
-907112
-907113
-907115
907147
907157
-907163
907167
-907217
-907222
-907227
-907228
907235
-907240
907241
907247
-907252
-907376
-907381
-907386
907409
907414
907419
-907756
-907766
907772
-907776
907782
907784
907793
907794
907796
-908145
908150
-908151
-908157
908162
908205
908210
908215
908216
-908373
-908381
908385
908387
-908391
908395
908436
908438
908445
908446
908448
908449
-908623
908629
908637
908638
908647
908656
908658
908668
908677
908679
908689
908697
908698
908699
-909796
-909798
-909807
-909808
-909810
909842
909852
-909858
909862
-909912
-909917
-909922
-909923
909930
-909935
909936
909942
-909947
-910071
-910076
-910081
910104
910109
910114
-910451
-910461
910467
-910471
910477
910479
910488
910489
910491
-910840
910845
-910846
-910852
910857
910900
910905
910910
910911
-911068
-911076
911080
911082
-911086
911090
911131
911133
911140
911141
911143
911144
-911318
911324
911332
911333
911342
911351
911353
911363
911372
911374
911384
911392
911393
911394
-912491
-912493
-912502
-912503
-912505
912537
912547
-912553
912557
-912607
-912612
-912617
-912618
912625
-912630
912631
912637
-912642
-912766
-912771
-912776
912799
912804
912809
-913146
-913156
913162
-913166
913172
913174
913183
913184
913186
-913535
913540
-913541
-913547
913552
913595
913600
913605
913606
-913763
-913771
913775
913777
-913781
913785
913826
913828
913835
913836
913838
913839
-914013
914019
914027
914028
914037
914046
914048
914058
914067
914069
914079
914087
914088
914089
-915186
-915188
-915197
-915198
-915200
915232
915242
-915248
915252
-915302
-915307
-915312
-915313
915320
-915325
915326
915332
-915337
-915461
-915466
-915471
915494
915499
915504
-915841
-915851
915857
-915861
915867
915869
915878
915879
915881
-916230
916235
-916236
-916242
916247
916290
916295
916300
916301
-916458
-916466
916470
916472
-916476
916480
916521
916523
916530
916531
916533
916534
-916708
916714
916722
916723
916732
916741
916743
916753
916762
916764
916774
916782
916783
916784
-917881
-917883
-917892
-917893
-917895
917927
917937
-917943
917947
-917997
-918002
-918007
-918008
918015
-918020
918021
918027
-918032
-918156
-918161
-918166
918189
918194
918199
-918536
-918546
918552
-918556
918562
918564
918573
918574
918576
-918925
918930
-918931
-918937
918942
918985
918990
918995
918996
-919153
-919161
919165
919167
-919171
919175
919216
919218
919225
919226
919228
919229
-919403
919409
919417
919418
919427
919436
919438
919448
919457
919459
919469
919477
919478
919479
-920576
-920578
-920587
-920588
-920590
920622
920632
-920638
920642
-920692
-920697
-920702
-920703
920710
-920715
920716
920722
-920727
-920851
-920856
-920861
920884
920889
920894
-921231
-921241
921247
-921251
921257
921259
921268
921269
921271
-921620
921625
-921626
-921632
921637
921680
921685
921690
921691
-921848
-921856
921860
921862
-921866
921870
921911
921913
921920
921921
921923
921924
-922098
922104
922112
922113
922122
922131
922133
922143
922152
922154
922164
922172
922173
922174
-923271
-923273
-923282
-923283
-923285
923317
923327
-923333
923337
-923387
-923392
-923397
-923398
923405
-923410
923411
923417
-923422
-923546
-923551
-923556
923579
923584
923589
-923926
-923936
923942
-923946
923952
923954
923963
923964
923966
-924315
924320
-924321
-924327
924332
924375
924380
924385
924386
-924543
-924551
924555
924557
-924561
924565
924606
924608
924615
924616
924618
924619
-924793
924799
924807
924808
924817
924826
924828
924838
924847
924849
924859
924867
924868
924869
-925966
-925968
-925977
-925978
-925980
926012
926022
-926028
926032
-926082
-926087
-926092
-926093
926100
-926105
926106
926112
-926117
-926241
-926246
-926251
926274
926279
926284
-926621
-926631
926637
-926641
926647
926649
926658
926659
926661
-927010
927015
-927016
-927022
927027
927070
927075
927080
927081
-927238
-927246
927250
927252
-927256
927260
927301
927303
927310
927311
927313
927314
-927488
927494
927502
927503
927512
927521
927523
927533
927542
927544
927554
927562
927563
927564
-928661
-928663
-928672
-928673
-928675
928707
928717
-928723
928727
-928777
-928782
-928787
-928788
928795
-928800
928801
928807
-928812
-928936
-928941
-928946
928969
928974
928979
-929316
-929326
929332
-929336
929342
929344
929353
929354
929356
-929705
929710
-929711
-929717
929722
929765
929770
929775
929776
-929933
-929941
929945
929947
-929951
929955
929996
929998
930005
930006
930008
930009
-930183
930189
930197
930198
930207
930216
930218
930228
930237
930239
930249
930257
930258
930259
-931356
-931358
-931367
-931368
-931370
931402
931412
-931418
931422
-931472
-931477
-931482
-931483
931490
-931495
931496
931502
-931507
-931631
-931636
-931641
931664
931669
931674
-932011
-932021
932027
-932031
932037
932039
932048
932049
932051
-932400
932405
-932406
-932412
932417
932460
932465
932470
932471
-932628
-932636
932640
932642
-932646
932650
932691
932693
932700
932701
932703
932704
-932878
932884
932892
932893
932902
932911
932913
932923
932932
932934
932944
932952
932953
932954
-934051
-934053
-934062
-934063
-934065
934097
934107
-934113
934117
-934167
-934172
-934177
-934178
934185
-934190
934191
934197
-934202
-934326
-934331
-934336
934359
934364
934369
-934706
-934716
934722
-934726
934732
934734
934743
934744
934746
-935095
935100
-935101
-935107
935112
935155
935160
935165
935166
-935323
-935331
935335
935337
-935341
935345
935386
935388
935395
935396
935398
935399
-935573
935579
935587
935588
935597
935606
935608
935618
935627
935629
935639
935647
935648
935649
-936746
-936748
-936757
-936758
-936760
936792
936802
-936808
936812
-936862
-936867
-936872
-936873
936880
-936885
936886
936892
-936897
-937021
-937026
-937031
937054
937059
937064
-937401
-937411
937417
-937421
937427
937429
937438
937439
937441
-937790
937795
-937796
-937802
937807
937850
937855
937860
937861
-938018
-938026
938030
938032
-938036
938040
938081
938083
938090
938091
938093
938094
-938268
938274
938282
938283
938292
938301
938303
938313
938322
938324
938334
938342
938343
938344
-939441
-939443
-939452
-939453
-939455
939487
939497
-939503
939507
-939557
-939562
-939567
-939568
939575
-939580
939581
939587
-939592
-939716
-939721
-939726
939749
939754
939759
-940096
-940106
940112
-940116
940122
940124
940133
940134
940136
-940485
940490
-940491
-940497
940502
940545
940550
940555
940556
-940713
-940721
940725
940727
-940731
940735
940776
940778
940785
940786
940788
940789
-940963
940969
940977
940978
940987
940996
940998
941008
941017
941019
941029
941037
941038
941039
-942136
-942138
-942147
-942148
-942150
942182
942192
-942198
942202
-942252
-942257
-942262
-942263
942270
-942275
942276
942282
-942287
-942411
-942416
-942421
942444
942449
942454
-942791
-942801
942807
-942811
942817
942819
942828
942829
942831
-943180
943185
-943186
-943192
943197
943240
943245
943250
943251
-943408
-943416
943420
943422
-943426
943430
943471
943473
943480
943481
943483
943484
-943658
943664
943672
943673
943682
943691
943693
943703
943712
943714
943724
943732
943733
943734
-944831
-944833
-944842
-944843
-944845
944877
944887
-944893
944897
-944947
-944952
-944957
-944958
944965
-944970
944971
944977
-944982
-945106
-945111
-945116
945139
945144
945149
-945486
-945496
945502
-945506
945512
945514
945523
945524
945526
-945875
945880
-945881
-945887
945892
945935
945940
945945
945946
-946103
-946111
946115
946117
-946121
946125
946166
946168
946175
946176
946178
946179
-946353
946359
946367
946368
946377
946386
946388
946398
946407
946409
946419
946427
946428
946429
-947526
-947528
-947537
-947538
-947540
947572
947582
-947588
947592
-947642
-947647
-947652
-947653
947660
-947665
947666
947672
-947677
-947801
-947806
-947811
947834
947839
947844
-948181
-948191
948197
-948201
948207
948209
948218
948219
948221
-948570
948575
-948576
-948582
948587
948630
948635
948640
948641
-948798
-948806
948810
948812
-948816
948820
948861
948863
948870
948871
948873
948874
-949048
949054
949062
949063
949072
949081
949083
949093
949102
949104
949114
949122
949123
949124
-950221
-950223
-950232
-950233
-950235
950267
950277
-950283
950287
-950337
-950342
-950347
-950348
950355
-950360
950361
950367
-950372
-950496
-950501
-950506
950529
950534
950539
-950876
-950886
950892
-950896
950902
950904
950913
950914
950916
-951265
951270
-951271
-951277
951282
951325
951330
951335
951336
-951493
-951501
951505
951507
-951511
951515
951556
951558
951565
951566
951568
951569
-951743
951749
951757
951758
951767
951776
951778
951788
951797
951799
951809
951817
951818
951819
-952916
-952918
-952927
-952928
-952930
952962
952972
-952978
952982
-953032
-953037
-953042
-953043
953050
-953055
953056
953062
-953067
-953191
-953196
-953201
953224
953229
953234
-953571
-953581
953587
-953591
953597
953599
953608
953609
953611
-953960
953965
-953966
-953972
953977
954020
954025
954030
954031
-954188
-954196
954200
954202
-954206
954210
954251
954253
954260
954261
954263
954264
-954438
954444
954452
954453
954462
954471
954473
954483
954492
954494
954504
954512
954513
954514
-955611
-955613
-955622
-955623
-955625
955657
955667
-955673
955677
-955727
-955732
-955737
-955738
955745
-955750
955751
955757
-955762
-955886
-955891
-955896
955919
955924
955929
-956266
-956276
956282
-956286
956292
956294
956303
956304
956306
-956655
956660
-956661
-956667
956672
956715
956720
956725
956726
-956883
-956891
956895
956897
-956901
956905
956946
956948
956955
956956
956958
956959
-957133
957139
957147
957148
957157
957166
957168
957178
957187
957189
957199
957207
957208
957209
-958306
-958308
-958317
-958318
-958320
958352
958362
-958368
958372
-958422
-958427
-958432
-958433
958440
-958445
958446
958452
-958457
-958581
-958586
-958591
958614
958619
958624
-958961
-958971
958977
-958981
958987
958989
958998
958999
959001
-959350
959355
-959356
-959362
959367
959410
959415
959420
959421
-959578
-959586
959590
959592
-959596
959600
959641
959643
959650
959651
959653
959654
-959828
959834
959842
959843
959852
959861
959863
959873
959882
959884
959894
959902
959903
959904
-961001
-961003
-961012
-961013
-961015
961047
961057
-961063
961067
-961117
-961122
-961127
-961128
961135
-961140
961141
961147
-961152
-961276
-961281
-961286
961309
961314
961319
-961656
-961666
961672
-961676
961682
961684
961693
961694
961696
-962045
962050
-962051
-962057
962062
962105
962110
962115
962116
-962273
-962281
962285
962287
-962291
962295
962336
962338
962345
962346
962348
962349
-962523
962529
962537
962538
962547
962556
962558
962568
962577
962579
962589
962597
962598
962599
-963696
-963698
-963707
-963708
-963710
963742
963752
-963758
963762
-963812
-963817
-963822
-963823
963830
-963835
963836
963842
-963847
-963971
-963976
-963981
964004
964009
964014
-964351
-964361
964367
-964371
964377
964379
964388
964389
964391
-964740
964745
-964746
-964752
964757
964800
964805
964810
964811
-964968
-964976
964980
964982
-964986
964990
965031
965033
965040
965041
965043
965044
-965218
965224
965232
965233
965242
965251
965253
965263
965272
965274
965284
965292
965293
965294
-966391
-966393
-966402
-966403
-966405
966437
966447
-966453
966457
-966507
-966512
-966517
-966518
966525
-966530
966531
966537
-966542
-966666
-966671
-966676
966699
966704
966709
-967046
-967056
967062
-967066
967072
967074
967083
967084
967086
-967435
967440
-967441
-967447
967452
967495
967500
967505
967506
-967663
-967671
967675
967677
-967681
967685
967726
967728
967735
967736
967738
967739
-967913
967919
967927
967928
967937
967946
967948
967958
967967
967969
967979
967987
967988
967989
-969086
-969088
-969097
-969098
-969100
969132
969142
-969148
969152
-969202
-969207
-969212
-969213
969220
-969225
969226
969232
-969237
-969361
-969366
-969371
969394
969399
969404
-969741
-969751
969757
-969761
969767
969769
969778
969779
969781
-970130
970135
-970136
-970142
970147
970190
970195
970200
970201
-970358
-970366
970370
970372
-970376
970380
970421
970423
970430
970431
970433
970434
-970608
970614
970622
970623
970632
970641
970643
970653
970662
970664
970674
970682
970683
970684
-971781
-971783
-971792
-971793
-971795
971827
971837
-971843
971847
-971897
-971902
-971907
-971908
971915
-971920
971921
971927
-971932
-972056
-972061
-972066
972089
972094
972099
-972436
-972446
972452
-972456
972462
972464
972473
972474
972476
-972825
972830
-972831
-972837
972842
972885
972890
972895
972896
-973053
-973061
973065
973067
-973071
973075
973116
973118
973125
973126
973128
973129
-973303
973309
973317
973318
973327
973336
973338
973348
973357
973359
973369
973377
973378
973379
-974476
-974478
-974487
-974488
-974490
974522
974532
-974538
974542
-974592
-974597
-974602
-974603
974610
-974615
974616
974622
-974627
-974751
-974756
-974761
974784
974789
974794
-975131
-975141
975147
-975151
975157
975159
975168
975169
975171
-975520
975525
-975526
-975532
975537
975580
975585
975590
975591
-975748
-975756
975760
975762
-975766
975770
975811
975813
975820
975821
975823
975824
-975998
976004
976012
976013
976022
976031
976033
976043
976052
976054
976064
976072
976073
976074
-977171
-977173
-977182
-977183
-977185
977217
977227
-977233
977237
-977287
-977292
-977297
-977298
977305
-977310
977311
977317
-977322
-977446
-977451
-977456
977479
977484
977489
-977826
-977836
977842
-977846
977852
977854
977863
977864
977866
-978215
978220
-978221
-978227
978232
978275
978280
978285
978286
-978443
-978451
978455
978457
-978461
978465
978506
978508
978515
978516
978518
978519
-978693
978699
978707
978708
978717
978726
978728
978738
978747
978749
978759
978767
978768
978769
-979866
-979868
-979877
-979878
-979880
979912
979922
-979928
979932
-979982
-979987
-979992
-979993
980000
-980005
980006
980012
-980017
-980141
-980146
-980151
980174
980179
980184
-980521
-980531
980537
-980541
980547
980549
980558
980559
980561
-980910
980915
-980916
-980922
980927
980970
980975
980980
980981
-981138
-981146
981150
981152
-981156
981160
981201
981203
981210
981211
981213
981214
-981388
981394
981402
981403
981412
981421
981423
981433
981442
981444
981454
981462
981463
981464
-982561
-982563
-982572
-982573
-982575
982607
982617
-982623
982627
-982677
-982682
-982687
-982688
982695
-982700
982701
982707
-982712
-982836
-982841
-982846
982869
982874
982879
-983216
-983226
983232
-983236
983242
983244
983253
983254
983256
-983605
983610
-983611
-983617
983622
983665
983670
983675
983676
-983833
-983841
983845
983847
-983851
983855
983896
983898
983905
983906
983908
983909
-984083
984089
984097
984098
984107
984116
984118
984128
984137
984139
984149
984157
984158
984159
-985256
-985258
-985267
-985268
-985270
985302
985312
-985318
985322
-985372
-985377
-985382
-985383
985390
-985395
985396
985402
-985407
-985531
-985536
-985541
985564
985569
985574
-985911
-985921
985927
-985931
985937
985939
985948
985949
985951
-986300
986305
-986306
-986312
986317
986360
986365
986370
986371
-986528
-986536
986540
986542
-986546
986550
986591
986593
986600
986601
986603
986604
-986778
986784
986792
986793
986802
986811
986813
986823
986832
986834
986844
986852
986853
986854
-987951
-987953
-987962
-987963
-987965
987997
988007
-988013
988017
-988067
-988072
-988077
-988078
988085
-988090
988091
988097
-988102
-988226
-988231
-988236
988259
988264
988269
-988606
-988616
988622
-988626
988632
988634
988643
988644
988646
-988995
989000
-989001
-989007
989012
989055
989060
989065
989066
-989223
-989231
989235
989237
-989241
989245
989286
989288
989295
989296
989298
989299
-989473
989479
989487
989488
989497
989506
989508
989518
989527
989529
989539
989547
989548
989549
-990646
-990648
-990657
-990658
-990660
990692
990702
-990708
990712
-990762
-990767
-990772
-990773
990780
-990785
990786
990792
-990797
-990921
-990926
-990931
990954
990959
990964
-991301
-991311
991317
-991321
991327
991329
991338
991339
991341
-991690
991695
-991696
-991702
991707
991750
991755
991760
991761
-991918
-991926
991930
991932
-991936
991940
991981
991983
991990
991991
991993
991994
-992168
992174
992182
992183
992192
992201
992203
992213
992222
992224
992234
992242
992243
992244
-993341
-993343
-993352
-993353
-993355
993387
993397
-993403
993407
-993457
-993462
-993467
-993468
993475
-993480
993481
993487
-993492
-993616
-993621
-993626
993649
993654
993659
-993996
-994006
994012
-994016
994022
994024
994033
994034
994036
-994385
994390
-994391
-994397
994402
994445
994450
994455
994456
-994613
-994621
994625
994627
-994631
994635
994676
994678
994685
994686
994688
994689
-994863
994869
994877
994878
994887
994896
994898
994908
994917
994919
994929
994937
994938
994939
-996036
-996038
-996047
-996048
-996050
996082
996092
-996098
996102
-996152
-996157
-996162
-996163
996170
-996175
996176
996182
-996187
-996311
-996316
-996321
996344
996349
996354
-996691
-996701
996707
-996711
996717
996719
996728
996729
996731
-997080
997085
-997086
-997092
997097
997140
997145
997150
997151
-997308
-997316
997320
997322
-997326
997330
997371
997373
997380
997381
997383
997384
-997558
997564
997572
997573
997582
997591
997593
997603
997612
997614
997624
997632
997633
997634
-998731
-998733
-998742
-998743
-998745
998777
998787
-998793
998797
-998847
-998852
-998857
-998858
998865
-998870
998871
998877
-998882
-999006
-999011
-999016
999039
999044
999049
-999386
-999396
999402
-999406
999412
999414
999423
999424
999426
-999775
999780
-999781
-999787
999792
999835
999840
999845
999846
-1000003
-1000011
1000015
1000017
-1000021
1000025
1000066
1000068
1000075
1000076
1000078
1000079
-1000253
1000259
1000267
1000268
1000277
1000286
1000288
1000298
1000307
1000309
1000319
1000327
1000328
1000329
-1001426
-1001428
-1001437
-1001438
-1001440
1001472
1001482
-1001488
1001492
-1001542
-1001547
-1001552
-1001553
1001560
-1001565
1001566
1001572
-1001577
-1001701
-1001706
-1001711
1001734
1001739
1001744
-1002081
-1002091
1002097
-1002101
1002107
1002109
1002118
1002119
1002121
-1002470
1002475
-1002476
-1002482
1002487
1002530
1002535
1002540
1002541
-1002698
-1002706
1002710
1002712
-1002716
1002720
1002761
1002763
1002770
1002771
1002773
1002774
-1002948
1002954
1002962
1002963
1002972
1002981
1002983
1002993
1003002
1003004
1003014
1003022
1003023
1003024
-1004121
-1004123
-1004132
-1004133
-1004135
1004167
1004177
-1004183
1004187
-1004237
-1004242
-1004247
-1004248
1004255
-1004260
1004261
1004267
-1004272
-1004396
-1004401
-1004406
1004429
1004434
1004439
-1004776
-1004786
1004792
-1004796
1004802
1004804
1004813
1004814
1004816
-1005165
1005170
-1005171
-1005177
1005182
1005225
1005230
1005235
1005236
-1005393
-1005401
1005405
1005407
-1005411
1005415
1005456
1005458
1005465
1005466
1005468
1005469
-1005643
1005649
1005657
1005658
1005667
1005676
1005678
1005688
1005697
1005699
1005709
1005717
1005718
1005719
-1006816
-1006818
-1006827
-1006828
-1006830
1006862
1006872
-1006878
1006882
-1006932
-1006937
-1006942
-1006943
1006950
-1006955
1006956
1006962
-1006967
-1007091
-1007096
-1007101
1007124
1007129
1007134
-1007471
-1007481
1007487
-1007491
1007497
1007499
1007508
1007509
1007511
-1007860
1007865
-1007866
-1007872
1007877
1007920
1007925
1007930
1007931
-1008088
-1008096
1008100
1008102
-1008106
1008110
1008151
1008153
1008160
1008161
1008163
1008164
-1008338
1008344
1008352
1008353
1008362
1008371
1008373
1008383
1008392
1008394
1008404
1008412
1008413
1008414
-1009511
-1009513
-1009522
-1009523
-1009525
1009557
1009567
-1009573
1009577
-1009627
-1009632
-1009637
-1009638
1009645
-1009650
1009651
1009657
-1009662
-1009786
-1009791
-1009796
1009819
1009824
1009829
-1010166
-1010176
1010182
-1010186
1010192
1010194
1010203
1010204
1010206
-1010555
1010560
-1010561
-1010567
1010572
1010615
1010620
1010625
1010626
-1010783
-1010791
1010795
1010797
-1010801
1010805
1010846
1010848
1010855
1010856
1010858
1010859
-1011033
1011039
1011047
1011048
1011057
1011066
1011068
1011078
1011087
1011089
1011099
1011107
1011108
1011109
-1012206
-1012208
-1012217
-1012218
-1012220
1012252
1012262
-1012268
1012272
-1012322
-1012327
-1012332
-1012333
1012340
-1012345
1012346
1012352
-1012357
-1012481
-1012486
-1012491
1012514
1012519
1012524
-1012861
-1012871
1012877
-1012881
1012887
1012889
1012898
1012899
1012901
-1013250
1013255
-1013256
-1013262
1013267
1013310
1013315
1013320
1013321
-1013478
-1013486
1013490
1013492
-1013496
1013500
1013541
1013543
1013550
1013551
1013553
1013554
-1013728
1013734
1013742
1013743
1013752
1013761
1013763
1013773
1013782
1013784
1013794
1013802
1013803
1013804
-1014901
-1014903
-1014912
-1014913
-1014915
1014947
1014957
-1014963
1014967
-1015017
-1015022
-1015027
-1015028
1015035
-1015040
1015041
1015047
-1015052
-1015176
-1015181
-1015186
1015209
1015214
1015219
-1015556
-1015566
1015572
-1015576
1015582
1015584
1015593
1015594
1015596
-1015945
1015950
-1015951
-1015957
1015962
1016005
1016010
1016015
1016016
-1016173
-1016181
1016185
1016187
-1016191
1016195
1016236
1016238
1016245
1016246
1016248
1016249
-1016423
1016429
1016437
1016438
1016447
1016456
1016458
1016468
1016477
1016479
1016489
1016497
1016498
1016499
-1017596
-1017598
-1017607
-1017608
-1017610
1017642
1017652
-1017658
1017662
-1017712
-1017717
-1017722
-1017723
1017730
-1017735
1017736
1017742
-1017747
-1017871
-1017876
-1017881
1017904
1017909
1017914
-1018251
-1018261
1018267
-1018271
1018277
1018279
1018288
1018289
1018291
-1018640
1018645
-1018646
-1018652
1018657
1018700
1018705
1018710
1018711
-1018868
-1018876
1018880
1018882
-1018886
1018890
1018931
1018933
1018940
1018941
1018943
1018944
-1019118
1019124
1019132
1019133
1019142
1019151
1019153
1019163
1019172
1019174
1019184
1019192
1019193
1019194
-1020291
-1020293
-1020302
-1020303
-1020305
1020337
1020347
-1020353
1020357
-1020407
-1020412
-1020417
-1020418
1020425
-1020430
1020431
1020437
-1020442
-1020566
-1020571
-1020576
1020599
1020604
1020609
-1020946
-1020956
1020962
-1020966
1020972
1020974
1020983
1020984
1020986
-1021335
1021340
-1021341
-1021347
1021352
1021395
1021400
1021405
1021406
-1021563
-1021571
1021575
1021577
-1021581
1021585
1021626
1021628
1021635
1021636
1021638
1021639
-1021813
1021819
1021827
1021828
1021837
1021846
1021848
1021858
1021867
1021869
1021879
1021887
1021888
1021889
-1022986
-1022988
-1022997
-1022998
-1023000
1023032
1023042
-1023048
1023052
-1023102
-1023107
-1023112
-1023113
1023120
-1023125
1023126
1023132
-1023137
-1023261
-1023266
-1023271
1023294
1023299
1023304
-1023641
-1023651
1023657
-1023661
1023667
1023669
1023678
1023679
1023681
-1024030
1024035
-1024036
-1024042
1024047
1024090
1024095
1024100
1024101
-1024258
-1024266
1024270
1024272
-1024276
1024280
1024321
1024323
1024330
1024331
1024333
1024334
-1024508
1024514
1024522
1024523
1024532
1024541
1024543
1024553
1024562
1024564
1024574
1024582
1024583
1024584
-1025681
-1025683
-1025692
-1025693
-1025695
1025727
1025737
-1025743
1025747
-1025797
-1025802
-1025807
-1025808
1025815
-1025820
1025821
1025827
-1025832
-1025956
-1025961
-1025966
1025989
1025994
1025999
-1026336
-1026346
1026352
-1026356
1026362
1026364
1026373
1026374
1026376
-1026725
1026730
-1026731
-1026737
1026742
1026785
1026790
1026795
1026796
-1026953
-1026961
1026965
1026967
-1026971
1026975
1027016
1027018
1027025
1027026
1027028
1027029
-1027203
1027209
1027217
1027218
1027227
1027236
1027238
1027248
1027257
1027259
1027269
1027277
1027278
1027279
-1028376
-1028378
-1028387
-1028388
-1028390
1028422
1028432
-1028438
1028442
-1028492
-1028497
-1028502
-1028503
1028510
-1028515
1028516
1028522
-1028527
-1028651
-1028656
-1028661
1028684
1028689
1028694
-1029031
-1029041
1029047
-1029051
1029057
1029059
1029068
1029069
1029071
-1029420
1029425
-1029426
-1029432
1029437
1029480
1029485
1029490
1029491
-1029648
-1029656
1029660
1029662
-1029666
1029670
1029711
1029713
1029720
1029721
1029723
1029724
-1029898
1029904
1029912
1029913
1029922
1029931
1029933
1029943
1029952
1029954
1029964
1029972
1029973
1029974
-1031071
-1031073
-1031082
-1031083
-1031085
1031117
1031127
-1031133
1031137
-1031187
-1031192
-1031197
-1031198
1031205
-1031210
1031211
1031217
-1031222
-1031346
-1031351
-1031356
1031379
1031384
1031389
-1031726
-1031736
1031742
-1031746
1031752
1031754
1031763
1031764
1031766
-1032115
1032120
-1032121
-1032127
1032132
1032175
1032180
1032185
1032186
-1032343
-1032351
1032355
1032357
-1032361
1032365
1032406
1032408
1032415
1032416
1032418
1032419
-1032593
1032599
1032607
1032608
1032617
1032626
1032628
1032638
1032647
1032649
1032659
1032667
1032668
1032669
-1033766
-1033768
-1033777
-1033778
-1033779
1033806
1033813
-1033819
1033822
-1033864
-1033869
-1033873
-1033874
1033879
-1033884
1033885
1033890
-1033894
-1033999
-1034004
-1034007
1034026
1034031
1034034
-1034334
-1034341
1034347
-1034350
1034354
1034356
1034365
1034366
1034367
-1034681
1034686
-1034687
-1034692
1034696
1034732
1034737
1034741
1034742
-1034882
-1034887
1034891
1034893
-1034896
1034899
1034933
1034935
1034942
1034943
1034944
1034945
-1035099
1035102
1035110
1035111
1035117
1035126
1035128
1035135
1035144
1035146
1035153
1035161
1035162
1035163
)


// ************************************************************************* //
