/*--------------------------------*- C++ -*----------------------------------*\
  =========                 |
  \\      /  F ield         | OpenFOAM: The Open Source CFD Toolbox
   \\    /   O peration     | Website:  https://openfoam.org
    \\  /    A nd           | Version:  11
     \\/     M anipulation  |
\*---------------------------------------------------------------------------*/
FoamFile
{
    format      ascii;
    class       labelList;
    location    "constant/fuelPin1_wall/polyMesh";
    object      pointRegionAddressing;
}
// * * * * * * * * * * * * * * * * * * * * * * * * * * * * * * * * * * * * * //


55145
(
7
8
9
10
11
12
13
38
39
40
41
42
43
44
68
69
70
71
72
73
74
75
76
99
100
101
102
103
104
105
106
107
131
132
133
134
135
136
137
162
163
164
165
166
167
168
194
195
196
197
198
596
597
598
599
600
601
602
627
628
629
630
631
632
633
657
658
659
660
661
662
663
664
665
688
689
690
691
692
693
694
695
696
720
721
722
723
724
725
726
751
752
753
754
755
756
757
783
784
785
786
787
1185
1186
1187
1188
1189
1190
1191
1216
1217
1218
1219
1220
1221
1222
1246
1247
1248
1249
1250
1251
1252
1253
1254
1277
1278
1279
1280
1281
1282
1283
1284
1285
1309
1310
1311
1312
1313
1314
1315
1340
1341
1342
1343
1344
1345
1346
1372
1373
1374
1375
1376
1774
1775
1776
1777
1778
1779
1780
1805
1806
1807
1808
1809
1810
1811
1835
1836
1837
1838
1839
1840
1841
1842
1843
1866
1867
1868
1869
1870
1871
1872
1873
1874
1898
1899
1900
1901
1902
1903
1904
1929
1930
1931
1932
1933
1934
1935
1961
1962
1963
1964
1965
2363
2364
2365
2366
2367
2368
2369
2394
2395
2396
2397
2398
2399
2400
2424
2425
2426
2427
2428
2429
2430
2431
2432
2455
2456
2457
2458
2459
2460
2461
2462
2463
2487
2488
2489
2490
2491
2492
2493
2518
2519
2520
2521
2522
2523
2524
2550
2551
2552
2553
2554
2952
2953
2954
2955
2956
2957
2958
2983
2984
2985
2986
2987
2988
2989
3013
3014
3015
3016
3017
3018
3019
3020
3021
3044
3045
3046
3047
3048
3049
3050
3051
3052
3076
3077
3078
3079
3080
3081
3082
3107
3108
3109
3110
3111
3112
3113
3139
3140
3141
3142
3143
3541
3542
3543
3544
3545
3546
3547
3572
3573
3574
3575
3576
3577
3578
3602
3603
3604
3605
3606
3607
3608
3609
3610
3633
3634
3635
3636
3637
3638
3639
3640
3641
3665
3666
3667
3668
3669
3670
3671
3696
3697
3698
3699
3700
3701
3702
3728
3729
3730
3731
3732
4130
4131
4132
4133
4134
4135
4136
4161
4162
4163
4164
4165
4166
4167
4191
4192
4193
4194
4195
4196
4197
4198
4199
4222
4223
4224
4225
4226
4227
4228
4229
4230
4254
4255
4256
4257
4258
4259
4260
4285
4286
4287
4288
4289
4290
4291
4317
4318
4319
4320
4321
4719
4720
4721
4722
4723
4724
4725
4750
4751
4752
4753
4754
4755
4756
4780
4781
4782
4783
4784
4785
4786
4787
4788
4811
4812
4813
4814
4815
4816
4817
4818
4819
4843
4844
4845
4846
4847
4848
4849
4874
4875
4876
4877
4878
4879
4880
4906
4907
4908
4909
4910
5308
5309
5310
5311
5312
5313
5314
5339
5340
5341
5342
5343
5344
5345
5369
5370
5371
5372
5373
5374
5375
5376
5377
5400
5401
5402
5403
5404
5405
5406
5407
5408
5432
5433
5434
5435
5436
5437
5438
5463
5464
5465
5466
5467
5468
5469
5495
5496
5497
5498
5499
5897
5898
5899
5900
5901
5902
5903
5928
5929
5930
5931
5932
5933
5934
5958
5959
5960
5961
5962
5963
5964
5965
5966
5989
5990
5991
5992
5993
5994
5995
5996
5997
6021
6022
6023
6024
6025
6026
6027
6052
6053
6054
6055
6056
6057
6058
6084
6085
6086
6087
6088
6486
6487
6488
6489
6490
6491
6492
6517
6518
6519
6520
6521
6522
6523
6547
6548
6549
6550
6551
6552
6553
6554
6555
6578
6579
6580
6581
6582
6583
6584
6585
6586
6610
6611
6612
6613
6614
6615
6616
6641
6642
6643
6644
6645
6646
6647
6673
6674
6675
6676
6677
7075
7076
7077
7078
7079
7080
7081
7106
7107
7108
7109
7110
7111
7112
7136
7137
7138
7139
7140
7141
7142
7143
7144
7167
7168
7169
7170
7171
7172
7173
7174
7175
7199
7200
7201
7202
7203
7204
7205
7230
7231
7232
7233
7234
7235
7236
7262
7263
7264
7265
7266
7664
7665
7666
7667
7668
7669
7670
7695
7696
7697
7698
7699
7700
7701
7725
7726
7727
7728
7729
7730
7731
7732
7733
7756
7757
7758
7759
7760
7761
7762
7763
7764
7788
7789
7790
7791
7792
7793
7794
7819
7820
7821
7822
7823
7824
7825
7851
7852
7853
7854
7855
8253
8254
8255
8256
8257
8258
8259
8284
8285
8286
8287
8288
8289
8290
8314
8315
8316
8317
8318
8319
8320
8321
8322
8345
8346
8347
8348
8349
8350
8351
8352
8353
8377
8378
8379
8380
8381
8382
8383
8408
8409
8410
8411
8412
8413
8414
8440
8441
8442
8443
8444
8842
8843
8844
8845
8846
8847
8848
8873
8874
8875
8876
8877
8878
8879
8903
8904
8905
8906
8907
8908
8909
8910
8911
8934
8935
8936
8937
8938
8939
8940
8941
8942
8966
8967
8968
8969
8970
8971
8972
8997
8998
8999
9000
9001
9002
9003
9029
9030
9031
9032
9033
9431
9432
9433
9434
9435
9436
9437
9462
9463
9464
9465
9466
9467
9468
9492
9493
9494
9495
9496
9497
9498
9499
9500
9523
9524
9525
9526
9527
9528
9529
9530
9531
9555
9556
9557
9558
9559
9560
9561
9586
9587
9588
9589
9590
9591
9592
9618
9619
9620
9621
9622
10020
10021
10022
10023
10024
10025
10026
10051
10052
10053
10054
10055
10056
10057
10081
10082
10083
10084
10085
10086
10087
10088
10089
10112
10113
10114
10115
10116
10117
10118
10119
10120
10144
10145
10146
10147
10148
10149
10150
10175
10176
10177
10178
10179
10180
10181
10207
10208
10209
10210
10211
10609
10610
10611
10612
10613
10614
10615
10640
10641
10642
10643
10644
10645
10646
10670
10671
10672
10673
10674
10675
10676
10677
10678
10701
10702
10703
10704
10705
10706
10707
10708
10709
10733
10734
10735
10736
10737
10738
10739
10764
10765
10766
10767
10768
10769
10770
10796
10797
10798
10799
10800
11198
11199
11200
11201
11202
11203
11204
11229
11230
11231
11232
11233
11234
11235
11259
11260
11261
11262
11263
11264
11265
11266
11267
11290
11291
11292
11293
11294
11295
11296
11297
11298
11322
11323
11324
11325
11326
11327
11328
11353
11354
11355
11356
11357
11358
11359
11385
11386
11387
11388
11389
11787
11788
11789
11790
11791
11792
11793
11818
11819
11820
11821
11822
11823
11824
11848
11849
11850
11851
11852
11853
11854
11855
11856
11879
11880
11881
11882
11883
11884
11885
11886
11887
11911
11912
11913
11914
11915
11916
11917
11942
11943
11944
11945
11946
11947
11948
11974
11975
11976
11977
11978
12376
12377
12378
12379
12380
12381
12382
12407
12408
12409
12410
12411
12412
12413
12437
12438
12439
12440
12441
12442
12443
12444
12445
12468
12469
12470
12471
12472
12473
12474
12475
12476
12500
12501
12502
12503
12504
12505
12506
12531
12532
12533
12534
12535
12536
12537
12563
12564
12565
12566
12567
12965
12966
12967
12968
12969
12970
12971
12996
12997
12998
12999
13000
13001
13002
13026
13027
13028
13029
13030
13031
13032
13033
13034
13057
13058
13059
13060
13061
13062
13063
13064
13065
13089
13090
13091
13092
13093
13094
13095
13120
13121
13122
13123
13124
13125
13126
13152
13153
13154
13155
13156
13554
13555
13556
13557
13558
13559
13560
13585
13586
13587
13588
13589
13590
13591
13615
13616
13617
13618
13619
13620
13621
13622
13623
13646
13647
13648
13649
13650
13651
13652
13653
13654
13678
13679
13680
13681
13682
13683
13684
13709
13710
13711
13712
13713
13714
13715
13741
13742
13743
13744
13745
14143
14144
14145
14146
14147
14148
14149
14174
14175
14176
14177
14178
14179
14180
14204
14205
14206
14207
14208
14209
14210
14211
14212
14235
14236
14237
14238
14239
14240
14241
14242
14243
14267
14268
14269
14270
14271
14272
14273
14298
14299
14300
14301
14302
14303
14304
14330
14331
14332
14333
14334
14732
14733
14734
14735
14736
14737
14738
14763
14764
14765
14766
14767
14768
14769
14793
14794
14795
14796
14797
14798
14799
14800
14801
14824
14825
14826
14827
14828
14829
14830
14831
14832
14856
14857
14858
14859
14860
14861
14862
14887
14888
14889
14890
14891
14892
14893
14919
14920
14921
14922
14923
15321
15322
15323
15324
15325
15326
15327
15352
15353
15354
15355
15356
15357
15358
15382
15383
15384
15385
15386
15387
15388
15389
15390
15413
15414
15415
15416
15417
15418
15419
15420
15421
15445
15446
15447
15448
15449
15450
15451
15476
15477
15478
15479
15480
15481
15482
15508
15509
15510
15511
15512
15910
15911
15912
15913
15914
15915
15916
15941
15942
15943
15944
15945
15946
15947
15971
15972
15973
15974
15975
15976
15977
15978
15979
16002
16003
16004
16005
16006
16007
16008
16009
16010
16034
16035
16036
16037
16038
16039
16040
16065
16066
16067
16068
16069
16070
16071
16097
16098
16099
16100
16101
16499
16500
16501
16502
16503
16504
16505
16530
16531
16532
16533
16534
16535
16536
16560
16561
16562
16563
16564
16565
16566
16567
16568
16591
16592
16593
16594
16595
16596
16597
16598
16599
16623
16624
16625
16626
16627
16628
16629
16654
16655
16656
16657
16658
16659
16660
16686
16687
16688
16689
16690
17088
17089
17090
17091
17092
17093
17094
17119
17120
17121
17122
17123
17124
17125
17149
17150
17151
17152
17153
17154
17155
17156
17157
17180
17181
17182
17183
17184
17185
17186
17187
17188
17212
17213
17214
17215
17216
17217
17218
17243
17244
17245
17246
17247
17248
17249
17275
17276
17277
17278
17279
17677
17678
17679
17680
17681
17682
17683
17708
17709
17710
17711
17712
17713
17714
17738
17739
17740
17741
17742
17743
17744
17745
17746
17769
17770
17771
17772
17773
17774
17775
17776
17777
17801
17802
17803
17804
17805
17806
17807
17832
17833
17834
17835
17836
17837
17838
17864
17865
17866
17867
17868
18266
18267
18268
18269
18270
18271
18272
18297
18298
18299
18300
18301
18302
18303
18327
18328
18329
18330
18331
18332
18333
18334
18335
18358
18359
18360
18361
18362
18363
18364
18365
18366
18390
18391
18392
18393
18394
18395
18396
18421
18422
18423
18424
18425
18426
18427
18453
18454
18455
18456
18457
18855
18856
18857
18858
18859
18860
18861
18886
18887
18888
18889
18890
18891
18892
18916
18917
18918
18919
18920
18921
18922
18923
18924
18947
18948
18949
18950
18951
18952
18953
18954
18955
18979
18980
18981
18982
18983
18984
18985
19010
19011
19012
19013
19014
19015
19016
19042
19043
19044
19045
19046
19444
19445
19446
19447
19448
19449
19450
19475
19476
19477
19478
19479
19480
19481
19505
19506
19507
19508
19509
19510
19511
19512
19513
19536
19537
19538
19539
19540
19541
19542
19543
19544
19568
19569
19570
19571
19572
19573
19574
19599
19600
19601
19602
19603
19604
19605
19631
19632
19633
19634
19635
20033
20034
20035
20036
20037
20038
20039
20064
20065
20066
20067
20068
20069
20070
20094
20095
20096
20097
20098
20099
20100
20101
20102
20125
20126
20127
20128
20129
20130
20131
20132
20133
20157
20158
20159
20160
20161
20162
20163
20188
20189
20190
20191
20192
20193
20194
20220
20221
20222
20223
20224
20622
20623
20624
20625
20626
20627
20628
20653
20654
20655
20656
20657
20658
20659
20683
20684
20685
20686
20687
20688
20689
20690
20691
20714
20715
20716
20717
20718
20719
20720
20721
20722
20746
20747
20748
20749
20750
20751
20752
20777
20778
20779
20780
20781
20782
20783
20809
20810
20811
20812
20813
21211
21212
21213
21214
21215
21216
21217
21242
21243
21244
21245
21246
21247
21248
21272
21273
21274
21275
21276
21277
21278
21279
21280
21303
21304
21305
21306
21307
21308
21309
21310
21311
21335
21336
21337
21338
21339
21340
21341
21366
21367
21368
21369
21370
21371
21372
21398
21399
21400
21401
21402
21800
21801
21802
21803
21804
21805
21806
21831
21832
21833
21834
21835
21836
21837
21861
21862
21863
21864
21865
21866
21867
21868
21869
21892
21893
21894
21895
21896
21897
21898
21899
21900
21924
21925
21926
21927
21928
21929
21930
21955
21956
21957
21958
21959
21960
21961
21987
21988
21989
21990
21991
22389
22390
22391
22392
22393
22394
22395
22420
22421
22422
22423
22424
22425
22426
22450
22451
22452
22453
22454
22455
22456
22457
22458
22481
22482
22483
22484
22485
22486
22487
22488
22489
22513
22514
22515
22516
22517
22518
22519
22544
22545
22546
22547
22548
22549
22550
22576
22577
22578
22579
22580
22978
22979
22980
22981
22982
22983
22984
23009
23010
23011
23012
23013
23014
23015
23039
23040
23041
23042
23043
23044
23045
23046
23047
23070
23071
23072
23073
23074
23075
23076
23077
23078
23102
23103
23104
23105
23106
23107
23108
23133
23134
23135
23136
23137
23138
23139
23165
23166
23167
23168
23169
23567
23568
23569
23570
23571
23572
23573
23598
23599
23600
23601
23602
23603
23604
23628
23629
23630
23631
23632
23633
23634
23635
23636
23659
23660
23661
23662
23663
23664
23665
23666
23667
23691
23692
23693
23694
23695
23696
23697
23722
23723
23724
23725
23726
23727
23728
23754
23755
23756
23757
23758
24156
24157
24158
24159
24160
24161
24162
24187
24188
24189
24190
24191
24192
24193
24217
24218
24219
24220
24221
24222
24223
24224
24225
24248
24249
24250
24251
24252
24253
24254
24255
24256
24280
24281
24282
24283
24284
24285
24286
24311
24312
24313
24314
24315
24316
24317
24343
24344
24345
24346
24347
24745
24746
24747
24748
24749
24750
24751
24776
24777
24778
24779
24780
24781
24782
24806
24807
24808
24809
24810
24811
24812
24813
24814
24837
24838
24839
24840
24841
24842
24843
24844
24845
24869
24870
24871
24872
24873
24874
24875
24900
24901
24902
24903
24904
24905
24906
24932
24933
24934
24935
24936
25334
25335
25336
25337
25338
25339
25340
25365
25366
25367
25368
25369
25370
25371
25395
25396
25397
25398
25399
25400
25401
25402
25403
25426
25427
25428
25429
25430
25431
25432
25433
25434
25458
25459
25460
25461
25462
25463
25464
25489
25490
25491
25492
25493
25494
25495
25521
25522
25523
25524
25525
25923
25924
25925
25926
25927
25928
25929
25954
25955
25956
25957
25958
25959
25960
25984
25985
25986
25987
25988
25989
25990
25991
25992
26015
26016
26017
26018
26019
26020
26021
26022
26023
26047
26048
26049
26050
26051
26052
26053
26078
26079
26080
26081
26082
26083
26084
26110
26111
26112
26113
26114
26512
26513
26514
26515
26516
26517
26518
26543
26544
26545
26546
26547
26548
26549
26573
26574
26575
26576
26577
26578
26579
26580
26581
26604
26605
26606
26607
26608
26609
26610
26611
26612
26636
26637
26638
26639
26640
26641
26642
26667
26668
26669
26670
26671
26672
26673
26699
26700
26701
26702
26703
27101
27102
27103
27104
27105
27106
27107
27132
27133
27134
27135
27136
27137
27138
27162
27163
27164
27165
27166
27167
27168
27169
27170
27193
27194
27195
27196
27197
27198
27199
27200
27201
27225
27226
27227
27228
27229
27230
27231
27256
27257
27258
27259
27260
27261
27262
27288
27289
27290
27291
27292
27690
27691
27692
27693
27694
27695
27696
27721
27722
27723
27724
27725
27726
27727
27751
27752
27753
27754
27755
27756
27757
27758
27759
27782
27783
27784
27785
27786
27787
27788
27789
27790
27814
27815
27816
27817
27818
27819
27820
27845
27846
27847
27848
27849
27850
27851
27877
27878
27879
27880
27881
28279
28280
28281
28282
28283
28284
28285
28310
28311
28312
28313
28314
28315
28316
28340
28341
28342
28343
28344
28345
28346
28347
28348
28371
28372
28373
28374
28375
28376
28377
28378
28379
28403
28404
28405
28406
28407
28408
28409
28434
28435
28436
28437
28438
28439
28440
28466
28467
28468
28469
28470
28868
28869
28870
28871
28872
28873
28874
28899
28900
28901
28902
28903
28904
28905
28929
28930
28931
28932
28933
28934
28935
28936
28937
28960
28961
28962
28963
28964
28965
28966
28967
28968
28992
28993
28994
28995
28996
28997
28998
29023
29024
29025
29026
29027
29028
29029
29055
29056
29057
29058
29059
29457
29458
29459
29460
29461
29462
29463
29488
29489
29490
29491
29492
29493
29494
29518
29519
29520
29521
29522
29523
29524
29525
29526
29549
29550
29551
29552
29553
29554
29555
29556
29557
29581
29582
29583
29584
29585
29586
29587
29612
29613
29614
29615
29616
29617
29618
29644
29645
29646
29647
29648
30046
30047
30048
30049
30050
30051
30052
30077
30078
30079
30080
30081
30082
30083
30107
30108
30109
30110
30111
30112
30113
30114
30115
30138
30139
30140
30141
30142
30143
30144
30145
30146
30170
30171
30172
30173
30174
30175
30176
30201
30202
30203
30204
30205
30206
30207
30233
30234
30235
30236
30237
30635
30636
30637
30638
30639
30640
30641
30666
30667
30668
30669
30670
30671
30672
30696
30697
30698
30699
30700
30701
30702
30703
30704
30727
30728
30729
30730
30731
30732
30733
30734
30735
30759
30760
30761
30762
30763
30764
30765
30790
30791
30792
30793
30794
30795
30796
30822
30823
30824
30825
30826
31224
31225
31226
31227
31228
31229
31230
31255
31256
31257
31258
31259
31260
31261
31285
31286
31287
31288
31289
31290
31291
31292
31293
31316
31317
31318
31319
31320
31321
31322
31323
31324
31348
31349
31350
31351
31352
31353
31354
31379
31380
31381
31382
31383
31384
31385
31411
31412
31413
31414
31415
31813
31814
31815
31816
31817
31818
31819
31844
31845
31846
31847
31848
31849
31850
31874
31875
31876
31877
31878
31879
31880
31881
31882
31905
31906
31907
31908
31909
31910
31911
31912
31913
31937
31938
31939
31940
31941
31942
31943
31968
31969
31970
31971
31972
31973
31974
32000
32001
32002
32003
32004
32402
32403
32404
32405
32406
32407
32408
32433
32434
32435
32436
32437
32438
32439
32463
32464
32465
32466
32467
32468
32469
32470
32471
32494
32495
32496
32497
32498
32499
32500
32501
32502
32526
32527
32528
32529
32530
32531
32532
32557
32558
32559
32560
32561
32562
32563
32589
32590
32591
32592
32593
32991
32992
32993
32994
32995
32996
32997
33022
33023
33024
33025
33026
33027
33028
33052
33053
33054
33055
33056
33057
33058
33059
33060
33083
33084
33085
33086
33087
33088
33089
33090
33091
33115
33116
33117
33118
33119
33120
33121
33146
33147
33148
33149
33150
33151
33152
33178
33179
33180
33181
33182
33580
33581
33582
33583
33584
33585
33586
33611
33612
33613
33614
33615
33616
33617
33641
33642
33643
33644
33645
33646
33647
33648
33649
33672
33673
33674
33675
33676
33677
33678
33679
33680
33704
33705
33706
33707
33708
33709
33710
33735
33736
33737
33738
33739
33740
33741
33767
33768
33769
33770
33771
34169
34170
34171
34172
34173
34174
34175
34200
34201
34202
34203
34204
34205
34206
34230
34231
34232
34233
34234
34235
34236
34237
34238
34261
34262
34263
34264
34265
34266
34267
34268
34269
34293
34294
34295
34296
34297
34298
34299
34324
34325
34326
34327
34328
34329
34330
34356
34357
34358
34359
34360
34758
34759
34760
34761
34762
34763
34764
34789
34790
34791
34792
34793
34794
34795
34819
34820
34821
34822
34823
34824
34825
34826
34827
34850
34851
34852
34853
34854
34855
34856
34857
34858
34882
34883
34884
34885
34886
34887
34888
34913
34914
34915
34916
34917
34918
34919
34945
34946
34947
34948
34949
35347
35348
35349
35350
35351
35352
35353
35378
35379
35380
35381
35382
35383
35384
35408
35409
35410
35411
35412
35413
35414
35415
35416
35439
35440
35441
35442
35443
35444
35445
35446
35447
35471
35472
35473
35474
35475
35476
35477
35502
35503
35504
35505
35506
35507
35508
35534
35535
35536
35537
35538
35936
35937
35938
35939
35940
35941
35942
35967
35968
35969
35970
35971
35972
35973
35997
35998
35999
36000
36001
36002
36003
36004
36005
36028
36029
36030
36031
36032
36033
36034
36035
36036
36060
36061
36062
36063
36064
36065
36066
36091
36092
36093
36094
36095
36096
36097
36123
36124
36125
36126
36127
36525
36526
36527
36528
36529
36530
36531
36556
36557
36558
36559
36560
36561
36562
36586
36587
36588
36589
36590
36591
36592
36593
36594
36617
36618
36619
36620
36621
36622
36623
36624
36625
36649
36650
36651
36652
36653
36654
36655
36680
36681
36682
36683
36684
36685
36686
36712
36713
36714
36715
36716
37114
37115
37116
37117
37118
37119
37120
37145
37146
37147
37148
37149
37150
37151
37175
37176
37177
37178
37179
37180
37181
37182
37183
37206
37207
37208
37209
37210
37211
37212
37213
37214
37238
37239
37240
37241
37242
37243
37244
37269
37270
37271
37272
37273
37274
37275
37301
37302
37303
37304
37305
37703
37704
37705
37706
37707
37708
37709
37734
37735
37736
37737
37738
37739
37740
37764
37765
37766
37767
37768
37769
37770
37771
37772
37795
37796
37797
37798
37799
37800
37801
37802
37803
37827
37828
37829
37830
37831
37832
37833
37858
37859
37860
37861
37862
37863
37864
37890
37891
37892
37893
37894
38292
38293
38294
38295
38296
38297
38298
38323
38324
38325
38326
38327
38328
38329
38353
38354
38355
38356
38357
38358
38359
38360
38361
38384
38385
38386
38387
38388
38389
38390
38391
38392
38416
38417
38418
38419
38420
38421
38422
38447
38448
38449
38450
38451
38452
38453
38479
38480
38481
38482
38483
38881
38882
38883
38884
38885
38886
38887
38912
38913
38914
38915
38916
38917
38918
38942
38943
38944
38945
38946
38947
38948
38949
38950
38973
38974
38975
38976
38977
38978
38979
38980
38981
39005
39006
39007
39008
39009
39010
39011
39036
39037
39038
39039
39040
39041
39042
39068
39069
39070
39071
39072
39470
39471
39472
39473
39474
39475
39476
39501
39502
39503
39504
39505
39506
39507
39531
39532
39533
39534
39535
39536
39537
39538
39539
39562
39563
39564
39565
39566
39567
39568
39569
39570
39594
39595
39596
39597
39598
39599
39600
39625
39626
39627
39628
39629
39630
39631
39657
39658
39659
39660
39661
40059
40060
40061
40062
40063
40064
40065
40090
40091
40092
40093
40094
40095
40096
40120
40121
40122
40123
40124
40125
40126
40127
40128
40151
40152
40153
40154
40155
40156
40157
40158
40159
40183
40184
40185
40186
40187
40188
40189
40214
40215
40216
40217
40218
40219
40220
40246
40247
40248
40249
40250
40648
40649
40650
40651
40652
40653
40654
40679
40680
40681
40682
40683
40684
40685
40709
40710
40711
40712
40713
40714
40715
40716
40717
40740
40741
40742
40743
40744
40745
40746
40747
40748
40772
40773
40774
40775
40776
40777
40778
40803
40804
40805
40806
40807
40808
40809
40835
40836
40837
40838
40839
41237
41238
41239
41240
41241
41242
41243
41268
41269
41270
41271
41272
41273
41274
41298
41299
41300
41301
41302
41303
41304
41305
41306
41329
41330
41331
41332
41333
41334
41335
41336
41337
41361
41362
41363
41364
41365
41366
41367
41392
41393
41394
41395
41396
41397
41398
41424
41425
41426
41427
41428
41826
41827
41828
41829
41830
41831
41832
41857
41858
41859
41860
41861
41862
41863
41887
41888
41889
41890
41891
41892
41893
41894
41895
41918
41919
41920
41921
41922
41923
41924
41925
41926
41950
41951
41952
41953
41954
41955
41956
41981
41982
41983
41984
41985
41986
41987
42013
42014
42015
42016
42017
42415
42416
42417
42418
42419
42420
42421
42446
42447
42448
42449
42450
42451
42452
42476
42477
42478
42479
42480
42481
42482
42483
42484
42507
42508
42509
42510
42511
42512
42513
42514
42515
42539
42540
42541
42542
42543
42544
42545
42570
42571
42572
42573
42574
42575
42576
42602
42603
42604
42605
42606
43004
43005
43006
43007
43008
43009
43010
43035
43036
43037
43038
43039
43040
43041
43065
43066
43067
43068
43069
43070
43071
43072
43073
43096
43097
43098
43099
43100
43101
43102
43103
43104
43128
43129
43130
43131
43132
43133
43134
43159
43160
43161
43162
43163
43164
43165
43191
43192
43193
43194
43195
43593
43594
43595
43596
43597
43598
43599
43624
43625
43626
43627
43628
43629
43630
43654
43655
43656
43657
43658
43659
43660
43661
43662
43685
43686
43687
43688
43689
43690
43691
43692
43693
43717
43718
43719
43720
43721
43722
43723
43748
43749
43750
43751
43752
43753
43754
43780
43781
43782
43783
43784
44182
44183
44184
44185
44186
44187
44188
44213
44214
44215
44216
44217
44218
44219
44243
44244
44245
44246
44247
44248
44249
44250
44251
44274
44275
44276
44277
44278
44279
44280
44281
44282
44306
44307
44308
44309
44310
44311
44312
44337
44338
44339
44340
44341
44342
44343
44369
44370
44371
44372
44373
44771
44772
44773
44774
44775
44776
44777
44802
44803
44804
44805
44806
44807
44808
44832
44833
44834
44835
44836
44837
44838
44839
44840
44863
44864
44865
44866
44867
44868
44869
44870
44871
44895
44896
44897
44898
44899
44900
44901
44926
44927
44928
44929
44930
44931
44932
44958
44959
44960
44961
44962
45360
45361
45362
45363
45364
45365
45366
45391
45392
45393
45394
45395
45396
45397
45421
45422
45423
45424
45425
45426
45427
45428
45429
45452
45453
45454
45455
45456
45457
45458
45459
45460
45484
45485
45486
45487
45488
45489
45490
45515
45516
45517
45518
45519
45520
45521
45547
45548
45549
45550
45551
45949
45950
45951
45952
45953
45954
45955
45980
45981
45982
45983
45984
45985
45986
46010
46011
46012
46013
46014
46015
46016
46017
46018
46041
46042
46043
46044
46045
46046
46047
46048
46049
46073
46074
46075
46076
46077
46078
46079
46104
46105
46106
46107
46108
46109
46110
46136
46137
46138
46139
46140
46538
46539
46540
46541
46542
46543
46544
46569
46570
46571
46572
46573
46574
46575
46599
46600
46601
46602
46603
46604
46605
46606
46607
46630
46631
46632
46633
46634
46635
46636
46637
46638
46662
46663
46664
46665
46666
46667
46668
46693
46694
46695
46696
46697
46698
46699
46725
46726
46727
46728
46729
47127
47128
47129
47130
47131
47132
47133
47158
47159
47160
47161
47162
47163
47164
47188
47189
47190
47191
47192
47193
47194
47195
47196
47219
47220
47221
47222
47223
47224
47225
47226
47227
47251
47252
47253
47254
47255
47256
47257
47282
47283
47284
47285
47286
47287
47288
47314
47315
47316
47317
47318
47716
47717
47718
47719
47720
47721
47722
47747
47748
47749
47750
47751
47752
47753
47777
47778
47779
47780
47781
47782
47783
47784
47785
47808
47809
47810
47811
47812
47813
47814
47815
47816
47840
47841
47842
47843
47844
47845
47846
47871
47872
47873
47874
47875
47876
47877
47903
47904
47905
47906
47907
48305
48306
48307
48308
48309
48310
48311
48336
48337
48338
48339
48340
48341
48342
48366
48367
48368
48369
48370
48371
48372
48373
48374
48397
48398
48399
48400
48401
48402
48403
48404
48405
48429
48430
48431
48432
48433
48434
48435
48460
48461
48462
48463
48464
48465
48466
48492
48493
48494
48495
48496
48894
48895
48896
48897
48898
48899
48900
48925
48926
48927
48928
48929
48930
48931
48955
48956
48957
48958
48959
48960
48961
48962
48963
48986
48987
48988
48989
48990
48991
48992
48993
48994
49018
49019
49020
49021
49022
49023
49024
49049
49050
49051
49052
49053
49054
49055
49081
49082
49083
49084
49085
49483
49484
49485
49486
49487
49488
49489
49514
49515
49516
49517
49518
49519
49520
49544
49545
49546
49547
49548
49549
49550
49551
49552
49575
49576
49577
49578
49579
49580
49581
49582
49583
49607
49608
49609
49610
49611
49612
49613
49638
49639
49640
49641
49642
49643
49644
49670
49671
49672
49673
49674
50072
50073
50074
50075
50076
50077
50078
50103
50104
50105
50106
50107
50108
50109
50133
50134
50135
50136
50137
50138
50139
50140
50141
50164
50165
50166
50167
50168
50169
50170
50171
50172
50196
50197
50198
50199
50200
50201
50202
50227
50228
50229
50230
50231
50232
50233
50259
50260
50261
50262
50263
50661
50662
50663
50664
50665
50666
50667
50692
50693
50694
50695
50696
50697
50698
50722
50723
50724
50725
50726
50727
50728
50729
50730
50753
50754
50755
50756
50757
50758
50759
50760
50761
50785
50786
50787
50788
50789
50790
50791
50816
50817
50818
50819
50820
50821
50822
50848
50849
50850
50851
50852
51250
51251
51252
51253
51254
51255
51256
51281
51282
51283
51284
51285
51286
51287
51311
51312
51313
51314
51315
51316
51317
51318
51319
51342
51343
51344
51345
51346
51347
51348
51349
51350
51374
51375
51376
51377
51378
51379
51380
51405
51406
51407
51408
51409
51410
51411
51437
51438
51439
51440
51441
51839
51840
51841
51842
51843
51844
51845
51870
51871
51872
51873
51874
51875
51876
51900
51901
51902
51903
51904
51905
51906
51907
51908
51931
51932
51933
51934
51935
51936
51937
51938
51939
51963
51964
51965
51966
51967
51968
51969
51994
51995
51996
51997
51998
51999
52000
52026
52027
52028
52029
52030
52428
52429
52430
52431
52432
52433
52434
52459
52460
52461
52462
52463
52464
52465
52489
52490
52491
52492
52493
52494
52495
52496
52497
52520
52521
52522
52523
52524
52525
52526
52527
52528
52552
52553
52554
52555
52556
52557
52558
52583
52584
52585
52586
52587
52588
52589
52615
52616
52617
52618
52619
53017
53018
53019
53020
53021
53022
53023
53048
53049
53050
53051
53052
53053
53054
53078
53079
53080
53081
53082
53083
53084
53085
53086
53109
53110
53111
53112
53113
53114
53115
53116
53117
53141
53142
53143
53144
53145
53146
53147
53172
53173
53174
53175
53176
53177
53178
53204
53205
53206
53207
53208
53606
53607
53608
53609
53610
53611
53612
53637
53638
53639
53640
53641
53642
53643
53667
53668
53669
53670
53671
53672
53673
53674
53675
53698
53699
53700
53701
53702
53703
53704
53705
53706
53730
53731
53732
53733
53734
53735
53736
53761
53762
53763
53764
53765
53766
53767
53793
53794
53795
53796
53797
54195
54196
54197
54198
54199
54200
54201
54226
54227
54228
54229
54230
54231
54232
54256
54257
54258
54259
54260
54261
54262
54263
54264
54287
54288
54289
54290
54291
54292
54293
54294
54295
54319
54320
54321
54322
54323
54324
54325
54350
54351
54352
54353
54354
54355
54356
54382
54383
54384
54385
54386
54784
54785
54786
54787
54788
54789
54790
54815
54816
54817
54818
54819
54820
54821
54845
54846
54847
54848
54849
54850
54851
54852
54853
54876
54877
54878
54879
54880
54881
54882
54883
54884
54908
54909
54910
54911
54912
54913
54914
54939
54940
54941
54942
54943
54944
54945
54971
54972
54973
54974
54975
55373
55374
55375
55376
55377
55378
55379
55404
55405
55406
55407
55408
55409
55410
55434
55435
55436
55437
55438
55439
55440
55441
55442
55465
55466
55467
55468
55469
55470
55471
55472
55473
55497
55498
55499
55500
55501
55502
55503
55528
55529
55530
55531
55532
55533
55534
55560
55561
55562
55563
55564
55962
55963
55964
55965
55966
55967
55968
55993
55994
55995
55996
55997
55998
55999
56023
56024
56025
56026
56027
56028
56029
56030
56031
56054
56055
56056
56057
56058
56059
56060
56061
56062
56086
56087
56088
56089
56090
56091
56092
56117
56118
56119
56120
56121
56122
56123
56149
56150
56151
56152
56153
56551
56552
56553
56554
56555
56556
56557
56582
56583
56584
56585
56586
56587
56588
56612
56613
56614
56615
56616
56617
56618
56619
56620
56643
56644
56645
56646
56647
56648
56649
56650
56651
56675
56676
56677
56678
56679
56680
56681
56706
56707
56708
56709
56710
56711
56712
56738
56739
56740
56741
56742
57140
57141
57142
57143
57144
57145
57146
57171
57172
57173
57174
57175
57176
57177
57201
57202
57203
57204
57205
57206
57207
57208
57209
57232
57233
57234
57235
57236
57237
57238
57239
57240
57264
57265
57266
57267
57268
57269
57270
57295
57296
57297
57298
57299
57300
57301
57327
57328
57329
57330
57331
57729
57730
57731
57732
57733
57734
57735
57760
57761
57762
57763
57764
57765
57766
57790
57791
57792
57793
57794
57795
57796
57797
57798
57821
57822
57823
57824
57825
57826
57827
57828
57829
57853
57854
57855
57856
57857
57858
57859
57884
57885
57886
57887
57888
57889
57890
57916
57917
57918
57919
57920
58318
58319
58320
58321
58322
58323
58324
58349
58350
58351
58352
58353
58354
58355
58379
58380
58381
58382
58383
58384
58385
58386
58387
58410
58411
58412
58413
58414
58415
58416
58417
58418
58442
58443
58444
58445
58446
58447
58448
58473
58474
58475
58476
58477
58478
58479
58505
58506
58507
58508
58509
58907
58908
58909
58910
58911
58912
58913
58938
58939
58940
58941
58942
58943
58944
58968
58969
58970
58971
58972
58973
58974
58975
58976
58999
59000
59001
59002
59003
59004
59005
59006
59007
59031
59032
59033
59034
59035
59036
59037
59062
59063
59064
59065
59066
59067
59068
59094
59095
59096
59097
59098
59496
59497
59498
59499
59500
59501
59502
59527
59528
59529
59530
59531
59532
59533
59557
59558
59559
59560
59561
59562
59563
59564
59565
59588
59589
59590
59591
59592
59593
59594
59595
59596
59620
59621
59622
59623
59624
59625
59626
59651
59652
59653
59654
59655
59656
59657
59683
59684
59685
59686
59687
60085
60086
60087
60088
60089
60090
60091
60116
60117
60118
60119
60120
60121
60122
60146
60147
60148
60149
60150
60151
60152
60153
60154
60177
60178
60179
60180
60181
60182
60183
60184
60185
60209
60210
60211
60212
60213
60214
60215
60240
60241
60242
60243
60244
60245
60246
60272
60273
60274
60275
60276
60674
60675
60676
60677
60678
60679
60680
60705
60706
60707
60708
60709
60710
60711
60735
60736
60737
60738
60739
60740
60741
60742
60743
60766
60767
60768
60769
60770
60771
60772
60773
60774
60798
60799
60800
60801
60802
60803
60804
60829
60830
60831
60832
60833
60834
60835
60861
60862
60863
60864
60865
61263
61264
61265
61266
61267
61268
61269
61294
61295
61296
61297
61298
61299
61300
61324
61325
61326
61327
61328
61329
61330
61331
61332
61355
61356
61357
61358
61359
61360
61361
61362
61363
61387
61388
61389
61390
61391
61392
61393
61418
61419
61420
61421
61422
61423
61424
61450
61451
61452
61453
61454
61852
61853
61854
61855
61856
61857
61858
61883
61884
61885
61886
61887
61888
61889
61913
61914
61915
61916
61917
61918
61919
61920
61921
61944
61945
61946
61947
61948
61949
61950
61951
61952
61976
61977
61978
61979
61980
61981
61982
62007
62008
62009
62010
62011
62012
62013
62039
62040
62041
62042
62043
62441
62442
62443
62444
62445
62446
62447
62472
62473
62474
62475
62476
62477
62478
62502
62503
62504
62505
62506
62507
62508
62509
62510
62533
62534
62535
62536
62537
62538
62539
62540
62541
62565
62566
62567
62568
62569
62570
62571
62596
62597
62598
62599
62600
62601
62602
62628
62629
62630
62631
62632
63030
63031
63032
63033
63034
63035
63036
63061
63062
63063
63064
63065
63066
63067
63091
63092
63093
63094
63095
63096
63097
63098
63099
63122
63123
63124
63125
63126
63127
63128
63129
63130
63154
63155
63156
63157
63158
63159
63160
63185
63186
63187
63188
63189
63190
63191
63217
63218
63219
63220
63221
63619
63620
63621
63622
63623
63624
63625
63650
63651
63652
63653
63654
63655
63656
63680
63681
63682
63683
63684
63685
63686
63687
63688
63711
63712
63713
63714
63715
63716
63717
63718
63719
63743
63744
63745
63746
63747
63748
63749
63774
63775
63776
63777
63778
63779
63780
63806
63807
63808
63809
63810
64208
64209
64210
64211
64212
64213
64214
64239
64240
64241
64242
64243
64244
64245
64269
64270
64271
64272
64273
64274
64275
64276
64277
64300
64301
64302
64303
64304
64305
64306
64307
64308
64332
64333
64334
64335
64336
64337
64338
64363
64364
64365
64366
64367
64368
64369
64395
64396
64397
64398
64399
64797
64798
64799
64800
64801
64802
64803
64828
64829
64830
64831
64832
64833
64834
64858
64859
64860
64861
64862
64863
64864
64865
64866
64889
64890
64891
64892
64893
64894
64895
64896
64897
64921
64922
64923
64924
64925
64926
64927
64952
64953
64954
64955
64956
64957
64958
64984
64985
64986
64987
64988
65386
65387
65388
65389
65390
65391
65392
65417
65418
65419
65420
65421
65422
65423
65447
65448
65449
65450
65451
65452
65453
65454
65455
65478
65479
65480
65481
65482
65483
65484
65485
65486
65510
65511
65512
65513
65514
65515
65516
65541
65542
65543
65544
65545
65546
65547
65573
65574
65575
65576
65577
65975
65976
65977
65978
65979
65980
65981
66006
66007
66008
66009
66010
66011
66012
66036
66037
66038
66039
66040
66041
66042
66043
66044
66067
66068
66069
66070
66071
66072
66073
66074
66075
66099
66100
66101
66102
66103
66104
66105
66130
66131
66132
66133
66134
66135
66136
66162
66163
66164
66165
66166
66564
66565
66566
66567
66568
66569
66570
66595
66596
66597
66598
66599
66600
66601
66625
66626
66627
66628
66629
66630
66631
66632
66633
66656
66657
66658
66659
66660
66661
66662
66663
66664
66688
66689
66690
66691
66692
66693
66694
66719
66720
66721
66722
66723
66724
66725
66751
66752
66753
66754
66755
67153
67154
67155
67156
67157
67158
67159
67184
67185
67186
67187
67188
67189
67190
67214
67215
67216
67217
67218
67219
67220
67221
67222
67245
67246
67247
67248
67249
67250
67251
67252
67253
67277
67278
67279
67280
67281
67282
67283
67308
67309
67310
67311
67312
67313
67314
67340
67341
67342
67343
67344
67742
67743
67744
67745
67746
67747
67748
67773
67774
67775
67776
67777
67778
67779
67803
67804
67805
67806
67807
67808
67809
67810
67811
67834
67835
67836
67837
67838
67839
67840
67841
67842
67866
67867
67868
67869
67870
67871
67872
67897
67898
67899
67900
67901
67902
67903
67929
67930
67931
67932
67933
68331
68332
68333
68334
68335
68336
68337
68362
68363
68364
68365
68366
68367
68368
68392
68393
68394
68395
68396
68397
68398
68399
68400
68423
68424
68425
68426
68427
68428
68429
68430
68431
68455
68456
68457
68458
68459
68460
68461
68486
68487
68488
68489
68490
68491
68492
68518
68519
68520
68521
68522
68920
68921
68922
68923
68924
68925
68926
68951
68952
68953
68954
68955
68956
68957
68981
68982
68983
68984
68985
68986
68987
68988
68989
69012
69013
69014
69015
69016
69017
69018
69019
69020
69044
69045
69046
69047
69048
69049
69050
69075
69076
69077
69078
69079
69080
69081
69107
69108
69109
69110
69111
69509
69510
69511
69512
69513
69514
69515
69540
69541
69542
69543
69544
69545
69546
69570
69571
69572
69573
69574
69575
69576
69577
69578
69601
69602
69603
69604
69605
69606
69607
69608
69609
69633
69634
69635
69636
69637
69638
69639
69664
69665
69666
69667
69668
69669
69670
69696
69697
69698
69699
69700
70098
70099
70100
70101
70102
70103
70104
70129
70130
70131
70132
70133
70134
70135
70159
70160
70161
70162
70163
70164
70165
70166
70167
70190
70191
70192
70193
70194
70195
70196
70197
70198
70222
70223
70224
70225
70226
70227
70228
70253
70254
70255
70256
70257
70258
70259
70285
70286
70287
70288
70289
70687
70688
70689
70690
70691
70692
70693
70718
70719
70720
70721
70722
70723
70724
70748
70749
70750
70751
70752
70753
70754
70755
70756
70779
70780
70781
70782
70783
70784
70785
70786
70787
70811
70812
70813
70814
70815
70816
70817
70842
70843
70844
70845
70846
70847
70848
70874
70875
70876
70877
70878
71276
71277
71278
71279
71280
71281
71282
71307
71308
71309
71310
71311
71312
71313
71337
71338
71339
71340
71341
71342
71343
71344
71345
71368
71369
71370
71371
71372
71373
71374
71375
71376
71400
71401
71402
71403
71404
71405
71406
71431
71432
71433
71434
71435
71436
71437
71463
71464
71465
71466
71467
71865
71866
71867
71868
71869
71870
71871
71896
71897
71898
71899
71900
71901
71902
71926
71927
71928
71929
71930
71931
71932
71933
71934
71957
71958
71959
71960
71961
71962
71963
71964
71965
71989
71990
71991
71992
71993
71994
71995
72020
72021
72022
72023
72024
72025
72026
72052
72053
72054
72055
72056
72454
72455
72456
72457
72458
72459
72460
72485
72486
72487
72488
72489
72490
72491
72515
72516
72517
72518
72519
72520
72521
72522
72523
72546
72547
72548
72549
72550
72551
72552
72553
72554
72578
72579
72580
72581
72582
72583
72584
72609
72610
72611
72612
72613
72614
72615
72641
72642
72643
72644
72645
73043
73044
73045
73046
73047
73048
73049
73074
73075
73076
73077
73078
73079
73080
73104
73105
73106
73107
73108
73109
73110
73111
73112
73135
73136
73137
73138
73139
73140
73141
73142
73143
73167
73168
73169
73170
73171
73172
73173
73198
73199
73200
73201
73202
73203
73204
73230
73231
73232
73233
73234
73632
73633
73634
73635
73636
73637
73638
73663
73664
73665
73666
73667
73668
73669
73693
73694
73695
73696
73697
73698
73699
73700
73701
73724
73725
73726
73727
73728
73729
73730
73731
73732
73756
73757
73758
73759
73760
73761
73762
73787
73788
73789
73790
73791
73792
73793
73819
73820
73821
73822
73823
74221
74222
74223
74224
74225
74226
74227
74252
74253
74254
74255
74256
74257
74258
74282
74283
74284
74285
74286
74287
74288
74289
74290
74313
74314
74315
74316
74317
74318
74319
74320
74321
74345
74346
74347
74348
74349
74350
74351
74376
74377
74378
74379
74380
74381
74382
74408
74409
74410
74411
74412
74810
74811
74812
74813
74814
74815
74816
74841
74842
74843
74844
74845
74846
74847
74871
74872
74873
74874
74875
74876
74877
74878
74879
74902
74903
74904
74905
74906
74907
74908
74909
74910
74934
74935
74936
74937
74938
74939
74940
74965
74966
74967
74968
74969
74970
74971
74997
74998
74999
75000
75001
75399
75400
75401
75402
75403
75404
75405
75430
75431
75432
75433
75434
75435
75436
75460
75461
75462
75463
75464
75465
75466
75467
75468
75491
75492
75493
75494
75495
75496
75497
75498
75499
75523
75524
75525
75526
75527
75528
75529
75554
75555
75556
75557
75558
75559
75560
75586
75587
75588
75589
75590
75988
75989
75990
75991
75992
75993
75994
76019
76020
76021
76022
76023
76024
76025
76049
76050
76051
76052
76053
76054
76055
76056
76057
76080
76081
76082
76083
76084
76085
76086
76087
76088
76112
76113
76114
76115
76116
76117
76118
76143
76144
76145
76146
76147
76148
76149
76175
76176
76177
76178
76179
76577
76578
76579
76580
76581
76582
76583
76608
76609
76610
76611
76612
76613
76614
76638
76639
76640
76641
76642
76643
76644
76645
76646
76669
76670
76671
76672
76673
76674
76675
76676
76677
76701
76702
76703
76704
76705
76706
76707
76732
76733
76734
76735
76736
76737
76738
76764
76765
76766
76767
76768
77166
77167
77168
77169
77170
77171
77172
77197
77198
77199
77200
77201
77202
77203
77227
77228
77229
77230
77231
77232
77233
77234
77235
77258
77259
77260
77261
77262
77263
77264
77265
77266
77290
77291
77292
77293
77294
77295
77296
77321
77322
77323
77324
77325
77326
77327
77353
77354
77355
77356
77357
77755
77756
77757
77758
77759
77760
77761
77786
77787
77788
77789
77790
77791
77792
77816
77817
77818
77819
77820
77821
77822
77823
77824
77847
77848
77849
77850
77851
77852
77853
77854
77855
77879
77880
77881
77882
77883
77884
77885
77910
77911
77912
77913
77914
77915
77916
77942
77943
77944
77945
77946
78344
78345
78346
78347
78348
78349
78350
78375
78376
78377
78378
78379
78380
78381
78405
78406
78407
78408
78409
78410
78411
78412
78413
78436
78437
78438
78439
78440
78441
78442
78443
78444
78468
78469
78470
78471
78472
78473
78474
78499
78500
78501
78502
78503
78504
78505
78531
78532
78533
78534
78535
78933
78934
78935
78936
78937
78938
78939
78964
78965
78966
78967
78968
78969
78970
78994
78995
78996
78997
78998
78999
79000
79001
79002
79025
79026
79027
79028
79029
79030
79031
79032
79033
79057
79058
79059
79060
79061
79062
79063
79088
79089
79090
79091
79092
79093
79094
79120
79121
79122
79123
79124
79522
79523
79524
79525
79526
79527
79528
79553
79554
79555
79556
79557
79558
79559
79583
79584
79585
79586
79587
79588
79589
79590
79591
79614
79615
79616
79617
79618
79619
79620
79621
79622
79646
79647
79648
79649
79650
79651
79652
79677
79678
79679
79680
79681
79682
79683
79709
79710
79711
79712
79713
80111
80112
80113
80114
80115
80116
80117
80142
80143
80144
80145
80146
80147
80148
80172
80173
80174
80175
80176
80177
80178
80179
80180
80203
80204
80205
80206
80207
80208
80209
80210
80211
80235
80236
80237
80238
80239
80240
80241
80266
80267
80268
80269
80270
80271
80272
80298
80299
80300
80301
80302
80700
80701
80702
80703
80704
80705
80706
80731
80732
80733
80734
80735
80736
80737
80761
80762
80763
80764
80765
80766
80767
80768
80769
80792
80793
80794
80795
80796
80797
80798
80799
80800
80824
80825
80826
80827
80828
80829
80830
80855
80856
80857
80858
80859
80860
80861
80887
80888
80889
80890
80891
81289
81290
81291
81292
81293
81294
81295
81320
81321
81322
81323
81324
81325
81326
81350
81351
81352
81353
81354
81355
81356
81357
81358
81381
81382
81383
81384
81385
81386
81387
81388
81389
81413
81414
81415
81416
81417
81418
81419
81444
81445
81446
81447
81448
81449
81450
81476
81477
81478
81479
81480
81878
81879
81880
81881
81882
81883
81884
81909
81910
81911
81912
81913
81914
81915
81939
81940
81941
81942
81943
81944
81945
81946
81947
81970
81971
81972
81973
81974
81975
81976
81977
81978
82002
82003
82004
82005
82006
82007
82008
82033
82034
82035
82036
82037
82038
82039
82065
82066
82067
82068
82069
82467
82468
82469
82470
82471
82472
82473
82498
82499
82500
82501
82502
82503
82504
82528
82529
82530
82531
82532
82533
82534
82535
82536
82559
82560
82561
82562
82563
82564
82565
82566
82567
82591
82592
82593
82594
82595
82596
82597
82622
82623
82624
82625
82626
82627
82628
82654
82655
82656
82657
82658
83056
83057
83058
83059
83060
83061
83062
83087
83088
83089
83090
83091
83092
83093
83117
83118
83119
83120
83121
83122
83123
83124
83125
83148
83149
83150
83151
83152
83153
83154
83155
83156
83180
83181
83182
83183
83184
83185
83186
83211
83212
83213
83214
83215
83216
83217
83243
83244
83245
83246
83247
83645
83646
83647
83648
83649
83650
83651
83676
83677
83678
83679
83680
83681
83682
83706
83707
83708
83709
83710
83711
83712
83713
83714
83737
83738
83739
83740
83741
83742
83743
83744
83745
83769
83770
83771
83772
83773
83774
83775
83800
83801
83802
83803
83804
83805
83806
83832
83833
83834
83835
83836
84234
84235
84236
84237
84238
84239
84240
84265
84266
84267
84268
84269
84270
84271
84295
84296
84297
84298
84299
84300
84301
84302
84303
84326
84327
84328
84329
84330
84331
84332
84333
84334
84358
84359
84360
84361
84362
84363
84364
84389
84390
84391
84392
84393
84394
84395
84421
84422
84423
84424
84425
84823
84824
84825
84826
84827
84828
84829
84854
84855
84856
84857
84858
84859
84860
84884
84885
84886
84887
84888
84889
84890
84891
84892
84915
84916
84917
84918
84919
84920
84921
84922
84923
84947
84948
84949
84950
84951
84952
84953
84978
84979
84980
84981
84982
84983
84984
85010
85011
85012
85013
85014
85412
85413
85414
85415
85416
85417
85418
85443
85444
85445
85446
85447
85448
85449
85473
85474
85475
85476
85477
85478
85479
85480
85481
85504
85505
85506
85507
85508
85509
85510
85511
85512
85536
85537
85538
85539
85540
85541
85542
85567
85568
85569
85570
85571
85572
85573
85599
85600
85601
85602
85603
86001
86002
86003
86004
86005
86006
86007
86032
86033
86034
86035
86036
86037
86038
86062
86063
86064
86065
86066
86067
86068
86069
86070
86093
86094
86095
86096
86097
86098
86099
86100
86101
86125
86126
86127
86128
86129
86130
86131
86156
86157
86158
86159
86160
86161
86162
86188
86189
86190
86191
86192
86590
86591
86592
86593
86594
86595
86596
86621
86622
86623
86624
86625
86626
86627
86651
86652
86653
86654
86655
86656
86657
86658
86659
86682
86683
86684
86685
86686
86687
86688
86689
86690
86714
86715
86716
86717
86718
86719
86720
86745
86746
86747
86748
86749
86750
86751
86777
86778
86779
86780
86781
87179
87180
87181
87182
87183
87184
87185
87210
87211
87212
87213
87214
87215
87216
87240
87241
87242
87243
87244
87245
87246
87247
87248
87271
87272
87273
87274
87275
87276
87277
87278
87279
87303
87304
87305
87306
87307
87308
87309
87334
87335
87336
87337
87338
87339
87340
87366
87367
87368
87369
87370
87768
87769
87770
87771
87772
87773
87774
87799
87800
87801
87802
87803
87804
87805
87829
87830
87831
87832
87833
87834
87835
87836
87837
87860
87861
87862
87863
87864
87865
87866
87867
87868
87892
87893
87894
87895
87896
87897
87898
87923
87924
87925
87926
87927
87928
87929
87955
87956
87957
87958
87959
88357
88358
88359
88360
88361
88362
88363
88388
88389
88390
88391
88392
88393
88394
88418
88419
88420
88421
88422
88423
88424
88425
88426
88449
88450
88451
88452
88453
88454
88455
88456
88457
88481
88482
88483
88484
88485
88486
88487
88512
88513
88514
88515
88516
88517
88518
88544
88545
88546
88547
88548
88946
88947
88948
88949
88950
88951
88952
88977
88978
88979
88980
88981
88982
88983
89007
89008
89009
89010
89011
89012
89013
89014
89015
89038
89039
89040
89041
89042
89043
89044
89045
89046
89070
89071
89072
89073
89074
89075
89076
89101
89102
89103
89104
89105
89106
89107
89133
89134
89135
89136
89137
89535
89536
89537
89538
89539
89540
89541
89566
89567
89568
89569
89570
89571
89572
89596
89597
89598
89599
89600
89601
89602
89603
89604
89627
89628
89629
89630
89631
89632
89633
89634
89635
89659
89660
89661
89662
89663
89664
89665
89690
89691
89692
89693
89694
89695
89696
89722
89723
89724
89725
89726
90124
90125
90126
90127
90128
90129
90130
90155
90156
90157
90158
90159
90160
90161
90185
90186
90187
90188
90189
90190
90191
90192
90193
90216
90217
90218
90219
90220
90221
90222
90223
90224
90248
90249
90250
90251
90252
90253
90254
90279
90280
90281
90282
90283
90284
90285
90311
90312
90313
90314
90315
90713
90714
90715
90716
90717
90718
90719
90744
90745
90746
90747
90748
90749
90750
90774
90775
90776
90777
90778
90779
90780
90781
90782
90805
90806
90807
90808
90809
90810
90811
90812
90813
90837
90838
90839
90840
90841
90842
90843
90868
90869
90870
90871
90872
90873
90874
90900
90901
90902
90903
90904
91302
91303
91304
91305
91306
91307
91308
91333
91334
91335
91336
91337
91338
91339
91363
91364
91365
91366
91367
91368
91369
91370
91371
91394
91395
91396
91397
91398
91399
91400
91401
91402
91426
91427
91428
91429
91430
91431
91432
91457
91458
91459
91460
91461
91462
91463
91489
91490
91491
91492
91493
91891
91892
91893
91894
91895
91896
91897
91922
91923
91924
91925
91926
91927
91928
91952
91953
91954
91955
91956
91957
91958
91959
91960
91983
91984
91985
91986
91987
91988
91989
91990
91991
92015
92016
92017
92018
92019
92020
92021
92046
92047
92048
92049
92050
92051
92052
92078
92079
92080
92081
92082
92480
92481
92482
92483
92484
92485
92486
92511
92512
92513
92514
92515
92516
92517
92541
92542
92543
92544
92545
92546
92547
92548
92549
92572
92573
92574
92575
92576
92577
92578
92579
92580
92604
92605
92606
92607
92608
92609
92610
92635
92636
92637
92638
92639
92640
92641
92667
92668
92669
92670
92671
93069
93070
93071
93072
93073
93074
93075
93100
93101
93102
93103
93104
93105
93106
93130
93131
93132
93133
93134
93135
93136
93137
93138
93161
93162
93163
93164
93165
93166
93167
93168
93169
93193
93194
93195
93196
93197
93198
93199
93224
93225
93226
93227
93228
93229
93230
93256
93257
93258
93259
93260
93658
93659
93660
93661
93662
93663
93664
93689
93690
93691
93692
93693
93694
93695
93719
93720
93721
93722
93723
93724
93725
93726
93727
93750
93751
93752
93753
93754
93755
93756
93757
93758
93782
93783
93784
93785
93786
93787
93788
93813
93814
93815
93816
93817
93818
93819
93845
93846
93847
93848
93849
94247
94248
94249
94250
94251
94252
94253
94278
94279
94280
94281
94282
94283
94284
94308
94309
94310
94311
94312
94313
94314
94315
94316
94339
94340
94341
94342
94343
94344
94345
94346
94347
94371
94372
94373
94374
94375
94376
94377
94402
94403
94404
94405
94406
94407
94408
94434
94435
94436
94437
94438
94836
94837
94838
94839
94840
94841
94842
94867
94868
94869
94870
94871
94872
94873
94897
94898
94899
94900
94901
94902
94903
94904
94905
94928
94929
94930
94931
94932
94933
94934
94935
94936
94960
94961
94962
94963
94964
94965
94966
94991
94992
94993
94994
94995
94996
94997
95023
95024
95025
95026
95027
95425
95426
95427
95428
95429
95430
95431
95456
95457
95458
95459
95460
95461
95462
95486
95487
95488
95489
95490
95491
95492
95493
95494
95517
95518
95519
95520
95521
95522
95523
95524
95525
95549
95550
95551
95552
95553
95554
95555
95580
95581
95582
95583
95584
95585
95586
95612
95613
95614
95615
95616
96014
96015
96016
96017
96018
96019
96020
96045
96046
96047
96048
96049
96050
96051
96075
96076
96077
96078
96079
96080
96081
96082
96083
96106
96107
96108
96109
96110
96111
96112
96113
96114
96138
96139
96140
96141
96142
96143
96144
96169
96170
96171
96172
96173
96174
96175
96201
96202
96203
96204
96205
96603
96604
96605
96606
96607
96608
96609
96634
96635
96636
96637
96638
96639
96640
96664
96665
96666
96667
96668
96669
96670
96671
96672
96695
96696
96697
96698
96699
96700
96701
96702
96703
96727
96728
96729
96730
96731
96732
96733
96758
96759
96760
96761
96762
96763
96764
96790
96791
96792
96793
96794
97192
97193
97194
97195
97196
97197
97198
97223
97224
97225
97226
97227
97228
97229
97253
97254
97255
97256
97257
97258
97259
97260
97261
97284
97285
97286
97287
97288
97289
97290
97291
97292
97316
97317
97318
97319
97320
97321
97322
97347
97348
97349
97350
97351
97352
97353
97379
97380
97381
97382
97383
97781
97782
97783
97784
97785
97786
97787
97812
97813
97814
97815
97816
97817
97818
97842
97843
97844
97845
97846
97847
97848
97849
97850
97873
97874
97875
97876
97877
97878
97879
97880
97881
97905
97906
97907
97908
97909
97910
97911
97936
97937
97938
97939
97940
97941
97942
97968
97969
97970
97971
97972
98370
98371
98372
98373
98374
98375
98376
98401
98402
98403
98404
98405
98406
98407
98431
98432
98433
98434
98435
98436
98437
98438
98439
98462
98463
98464
98465
98466
98467
98468
98469
98470
98494
98495
98496
98497
98498
98499
98500
98525
98526
98527
98528
98529
98530
98531
98557
98558
98559
98560
98561
98959
98960
98961
98962
98963
98964
98965
98990
98991
98992
98993
98994
98995
98996
99020
99021
99022
99023
99024
99025
99026
99027
99028
99051
99052
99053
99054
99055
99056
99057
99058
99059
99083
99084
99085
99086
99087
99088
99089
99114
99115
99116
99117
99118
99119
99120
99146
99147
99148
99149
99150
99548
99549
99550
99551
99552
99553
99554
99579
99580
99581
99582
99583
99584
99585
99609
99610
99611
99612
99613
99614
99615
99616
99617
99640
99641
99642
99643
99644
99645
99646
99647
99648
99672
99673
99674
99675
99676
99677
99678
99703
99704
99705
99706
99707
99708
99709
99735
99736
99737
99738
99739
100137
100138
100139
100140
100141
100142
100143
100168
100169
100170
100171
100172
100173
100174
100198
100199
100200
100201
100202
100203
100204
100205
100206
100229
100230
100231
100232
100233
100234
100235
100236
100237
100261
100262
100263
100264
100265
100266
100267
100292
100293
100294
100295
100296
100297
100298
100324
100325
100326
100327
100328
100726
100727
100728
100729
100730
100731
100732
100757
100758
100759
100760
100761
100762
100763
100787
100788
100789
100790
100791
100792
100793
100794
100795
100818
100819
100820
100821
100822
100823
100824
100825
100826
100850
100851
100852
100853
100854
100855
100856
100881
100882
100883
100884
100885
100886
100887
100913
100914
100915
100916
100917
101315
101316
101317
101318
101319
101320
101321
101346
101347
101348
101349
101350
101351
101352
101376
101377
101378
101379
101380
101381
101382
101383
101384
101407
101408
101409
101410
101411
101412
101413
101414
101415
101439
101440
101441
101442
101443
101444
101445
101470
101471
101472
101473
101474
101475
101476
101502
101503
101504
101505
101506
101904
101905
101906
101907
101908
101909
101910
101935
101936
101937
101938
101939
101940
101941
101965
101966
101967
101968
101969
101970
101971
101972
101973
101996
101997
101998
101999
102000
102001
102002
102003
102004
102028
102029
102030
102031
102032
102033
102034
102059
102060
102061
102062
102063
102064
102065
102091
102092
102093
102094
102095
102493
102494
102495
102496
102497
102498
102499
102524
102525
102526
102527
102528
102529
102530
102554
102555
102556
102557
102558
102559
102560
102561
102562
102585
102586
102587
102588
102589
102590
102591
102592
102593
102617
102618
102619
102620
102621
102622
102623
102648
102649
102650
102651
102652
102653
102654
102680
102681
102682
102683
102684
103082
103083
103084
103085
103086
103087
103088
103113
103114
103115
103116
103117
103118
103119
103143
103144
103145
103146
103147
103148
103149
103150
103151
103174
103175
103176
103177
103178
103179
103180
103181
103182
103206
103207
103208
103209
103210
103211
103212
103237
103238
103239
103240
103241
103242
103243
103269
103270
103271
103272
103273
103671
103672
103673
103674
103675
103676
103677
103702
103703
103704
103705
103706
103707
103708
103732
103733
103734
103735
103736
103737
103738
103739
103740
103763
103764
103765
103766
103767
103768
103769
103770
103771
103795
103796
103797
103798
103799
103800
103801
103826
103827
103828
103829
103830
103831
103832
103858
103859
103860
103861
103862
104260
104261
104262
104263
104264
104265
104266
104291
104292
104293
104294
104295
104296
104297
104321
104322
104323
104324
104325
104326
104327
104328
104329
104352
104353
104354
104355
104356
104357
104358
104359
104360
104384
104385
104386
104387
104388
104389
104390
104415
104416
104417
104418
104419
104420
104421
104447
104448
104449
104450
104451
104849
104850
104851
104852
104853
104854
104855
104880
104881
104882
104883
104884
104885
104886
104910
104911
104912
104913
104914
104915
104916
104917
104918
104941
104942
104943
104944
104945
104946
104947
104948
104949
104973
104974
104975
104976
104977
104978
104979
105004
105005
105006
105007
105008
105009
105010
105036
105037
105038
105039
105040
105438
105439
105440
105441
105442
105443
105444
105469
105470
105471
105472
105473
105474
105475
105499
105500
105501
105502
105503
105504
105505
105506
105507
105530
105531
105532
105533
105534
105535
105536
105537
105538
105562
105563
105564
105565
105566
105567
105568
105593
105594
105595
105596
105597
105598
105599
105625
105626
105627
105628
105629
106027
106028
106029
106030
106031
106032
106033
106058
106059
106060
106061
106062
106063
106064
106088
106089
106090
106091
106092
106093
106094
106095
106096
106119
106120
106121
106122
106123
106124
106125
106126
106127
106151
106152
106153
106154
106155
106156
106157
106182
106183
106184
106185
106186
106187
106188
106214
106215
106216
106217
106218
106616
106617
106618
106619
106620
106621
106622
106647
106648
106649
106650
106651
106652
106653
106677
106678
106679
106680
106681
106682
106683
106684
106685
106708
106709
106710
106711
106712
106713
106714
106715
106716
106740
106741
106742
106743
106744
106745
106746
106771
106772
106773
106774
106775
106776
106777
106803
106804
106805
106806
106807
107205
107206
107207
107208
107209
107210
107211
107236
107237
107238
107239
107240
107241
107242
107266
107267
107268
107269
107270
107271
107272
107273
107274
107297
107298
107299
107300
107301
107302
107303
107304
107305
107329
107330
107331
107332
107333
107334
107335
107360
107361
107362
107363
107364
107365
107366
107392
107393
107394
107395
107396
107794
107795
107796
107797
107798
107799
107800
107825
107826
107827
107828
107829
107830
107831
107855
107856
107857
107858
107859
107860
107861
107862
107863
107886
107887
107888
107889
107890
107891
107892
107893
107894
107918
107919
107920
107921
107922
107923
107924
107949
107950
107951
107952
107953
107954
107955
107981
107982
107983
107984
107985
108383
108384
108385
108386
108387
108388
108389
108414
108415
108416
108417
108418
108419
108420
108444
108445
108446
108447
108448
108449
108450
108451
108452
108475
108476
108477
108478
108479
108480
108481
108482
108483
108507
108508
108509
108510
108511
108512
108513
108538
108539
108540
108541
108542
108543
108544
108570
108571
108572
108573
108574
108972
108973
108974
108975
108976
108977
108978
109003
109004
109005
109006
109007
109008
109009
109033
109034
109035
109036
109037
109038
109039
109040
109041
109064
109065
109066
109067
109068
109069
109070
109071
109072
109096
109097
109098
109099
109100
109101
109102
109127
109128
109129
109130
109131
109132
109133
109159
109160
109161
109162
109163
109561
109562
109563
109564
109565
109566
109567
109592
109593
109594
109595
109596
109597
109598
109622
109623
109624
109625
109626
109627
109628
109629
109630
109653
109654
109655
109656
109657
109658
109659
109660
109661
109685
109686
109687
109688
109689
109690
109691
109716
109717
109718
109719
109720
109721
109722
109748
109749
109750
109751
109752
110150
110151
110152
110153
110154
110155
110156
110181
110182
110183
110184
110185
110186
110187
110211
110212
110213
110214
110215
110216
110217
110218
110219
110242
110243
110244
110245
110246
110247
110248
110249
110250
110274
110275
110276
110277
110278
110279
110280
110305
110306
110307
110308
110309
110310
110311
110337
110338
110339
110340
110341
110739
110740
110741
110742
110743
110744
110745
110770
110771
110772
110773
110774
110775
110776
110800
110801
110802
110803
110804
110805
110806
110807
110808
110831
110832
110833
110834
110835
110836
110837
110838
110839
110863
110864
110865
110866
110867
110868
110869
110894
110895
110896
110897
110898
110899
110900
110926
110927
110928
110929
110930
111328
111329
111330
111331
111332
111333
111334
111359
111360
111361
111362
111363
111364
111365
111389
111390
111391
111392
111393
111394
111395
111396
111397
111420
111421
111422
111423
111424
111425
111426
111427
111428
111452
111453
111454
111455
111456
111457
111458
111483
111484
111485
111486
111487
111488
111489
111515
111516
111517
111518
111519
111917
111918
111919
111920
111921
111922
111923
111948
111949
111950
111951
111952
111953
111954
111978
111979
111980
111981
111982
111983
111984
111985
111986
112009
112010
112011
112012
112013
112014
112015
112016
112017
112041
112042
112043
112044
112045
112046
112047
112072
112073
112074
112075
112076
112077
112078
112104
112105
112106
112107
112108
112506
112507
112508
112509
112510
112511
112512
112537
112538
112539
112540
112541
112542
112543
112567
112568
112569
112570
112571
112572
112573
112574
112575
112598
112599
112600
112601
112602
112603
112604
112605
112606
112630
112631
112632
112633
112634
112635
112636
112661
112662
112663
112664
112665
112666
112667
112693
112694
112695
112696
112697
113095
113096
113097
113098
113099
113100
113101
113126
113127
113128
113129
113130
113131
113132
113156
113157
113158
113159
113160
113161
113162
113163
113164
113187
113188
113189
113190
113191
113192
113193
113194
113195
113219
113220
113221
113222
113223
113224
113225
113250
113251
113252
113253
113254
113255
113256
113282
113283
113284
113285
113286
113684
113685
113686
113687
113688
113689
113690
113715
113716
113717
113718
113719
113720
113721
113745
113746
113747
113748
113749
113750
113751
113752
113753
113776
113777
113778
113779
113780
113781
113782
113783
113784
113808
113809
113810
113811
113812
113813
113814
113839
113840
113841
113842
113843
113844
113845
113871
113872
113873
113874
113875
114273
114274
114275
114276
114277
114278
114279
114304
114305
114306
114307
114308
114309
114310
114334
114335
114336
114337
114338
114339
114340
114341
114342
114365
114366
114367
114368
114369
114370
114371
114372
114373
114397
114398
114399
114400
114401
114402
114403
114428
114429
114430
114431
114432
114433
114434
114460
114461
114462
114463
114464
114862
114863
114864
114865
114866
114867
114868
114893
114894
114895
114896
114897
114898
114899
114923
114924
114925
114926
114927
114928
114929
114930
114931
114954
114955
114956
114957
114958
114959
114960
114961
114962
114986
114987
114988
114989
114990
114991
114992
115017
115018
115019
115020
115021
115022
115023
115049
115050
115051
115052
115053
115451
115452
115453
115454
115455
115456
115457
115482
115483
115484
115485
115486
115487
115488
115512
115513
115514
115515
115516
115517
115518
115519
115520
115543
115544
115545
115546
115547
115548
115549
115550
115551
115575
115576
115577
115578
115579
115580
115581
115606
115607
115608
115609
115610
115611
115612
115638
115639
115640
115641
115642
116040
116041
116042
116043
116044
116045
116046
116071
116072
116073
116074
116075
116076
116077
116101
116102
116103
116104
116105
116106
116107
116108
116109
116132
116133
116134
116135
116136
116137
116138
116139
116140
116164
116165
116166
116167
116168
116169
116170
116195
116196
116197
116198
116199
116200
116201
116227
116228
116229
116230
116231
116629
116630
116631
116632
116633
116634
116635
116660
116661
116662
116663
116664
116665
116666
116690
116691
116692
116693
116694
116695
116696
116697
116698
116721
116722
116723
116724
116725
116726
116727
116728
116729
116753
116754
116755
116756
116757
116758
116759
116784
116785
116786
116787
116788
116789
116790
116816
116817
116818
116819
116820
117218
117219
117220
117221
117222
117223
117224
117249
117250
117251
117252
117253
117254
117255
117279
117280
117281
117282
117283
117284
117285
117286
117287
117310
117311
117312
117313
117314
117315
117316
117317
117318
117342
117343
117344
117345
117346
117347
117348
117373
117374
117375
117376
117377
117378
117379
117405
117406
117407
117408
117409
117807
117808
117809
117810
117811
117812
117813
117838
117839
117840
117841
117842
117843
117844
117868
117869
117870
117871
117872
117873
117874
117875
117876
117899
117900
117901
117902
117903
117904
117905
117906
117907
117931
117932
117933
117934
117935
117936
117937
117962
117963
117964
117965
117966
117967
117968
117994
117995
117996
117997
117998
118389
118390
118391
118392
118395
118396
118404
118405
118419
118420
118432
118433
118434
118435
118442
118443
118444
118445
118453
118454
118455
118456
118496
118497
118498
118499
118502
118503
118511
118512
118526
118527
118539
118540
118541
118542
118549
118550
118551
118552
118560
118561
118562
118563
118603
118604
118605
118606
118609
118610
118618
118619
118633
118634
118646
118647
118648
118649
118656
118657
118658
118659
118667
118668
118669
118670
118710
118711
118712
118713
118716
118717
118725
118726
118740
118741
118753
118754
118755
118756
118763
118764
118765
118766
118774
118775
118776
118777
118817
118818
118819
118820
118823
118824
118832
118833
118847
118848
118860
118861
118862
118863
118870
118871
118872
118873
118881
118882
118883
118884
118924
118925
118926
118927
118930
118931
118939
118940
118954
118955
118967
118968
118969
118970
118977
118978
118979
118980
118988
118989
118990
118991
119031
119032
119033
119034
119037
119038
119046
119047
119061
119062
119074
119075
119076
119077
119084
119085
119086
119087
119095
119096
119097
119098
119138
119139
119140
119141
119144
119145
119153
119154
119168
119169
119181
119182
119183
119184
119191
119192
119193
119194
119202
119203
119204
119205
119245
119246
119247
119248
119251
119252
119260
119261
119275
119276
119288
119289
119290
119291
119298
119299
119300
119301
119309
119310
119311
119312
119352
119353
119354
119355
119358
119359
119367
119368
119382
119383
119395
119396
119397
119398
119405
119406
119407
119408
119416
119417
119418
119419
119459
119460
119461
119462
119465
119466
119474
119475
119489
119490
119502
119503
119504
119505
119512
119513
119514
119515
119523
119524
119525
119526
119566
119567
119568
119569
119572
119573
119581
119582
119596
119597
119609
119610
119611
119612
119619
119620
119621
119622
119630
119631
119632
119633
119673
119674
119675
119676
119679
119680
119688
119689
119703
119704
119716
119717
119718
119719
119726
119727
119728
119729
119737
119738
119739
119740
119780
119781
119782
119783
119786
119787
119795
119796
119810
119811
119823
119824
119825
119826
119833
119834
119835
119836
119844
119845
119846
119847
119887
119888
119889
119890
119893
119894
119902
119903
119917
119918
119930
119931
119932
119933
119940
119941
119942
119943
119951
119952
119953
119954
119994
119995
119996
119997
120000
120001
120009
120010
120024
120025
120037
120038
120039
120040
120047
120048
120049
120050
120058
120059
120060
120061
120101
120102
120103
120104
120107
120108
120116
120117
120131
120132
120144
120145
120146
120147
120154
120155
120156
120157
120165
120166
120167
120168
120208
120209
120210
120211
120214
120215
120223
120224
120238
120239
120251
120252
120253
120254
120261
120262
120263
120264
120272
120273
120274
120275
120315
120316
120317
120318
120321
120322
120330
120331
120345
120346
120358
120359
120360
120361
120368
120369
120370
120371
120379
120380
120381
120382
120422
120423
120424
120425
120428
120429
120437
120438
120452
120453
120465
120466
120467
120468
120475
120476
120477
120478
120486
120487
120488
120489
120529
120530
120531
120532
120535
120536
120544
120545
120559
120560
120572
120573
120574
120575
120582
120583
120584
120585
120593
120594
120595
120596
120636
120637
120638
120639
120642
120643
120651
120652
120666
120667
120679
120680
120681
120682
120689
120690
120691
120692
120700
120701
120702
120703
120743
120744
120745
120746
120749
120750
120758
120759
120773
120774
120786
120787
120788
120789
120796
120797
120798
120799
120807
120808
120809
120810
120850
120851
120852
120853
120856
120857
120865
120866
120880
120881
120893
120894
120895
120896
120903
120904
120905
120906
120914
120915
120916
120917
120957
120958
120959
120960
120963
120964
120972
120973
120987
120988
121000
121001
121002
121003
121010
121011
121012
121013
121021
121022
121023
121024
121064
121065
121066
121067
121070
121071
121079
121080
121094
121095
121107
121108
121109
121110
121117
121118
121119
121120
121128
121129
121130
121131
121171
121172
121173
121174
121177
121178
121186
121187
121201
121202
121214
121215
121216
121217
121224
121225
121226
121227
121235
121236
121237
121238
121278
121279
121280
121281
121284
121285
121293
121294
121308
121309
121321
121322
121323
121324
121331
121332
121333
121334
121342
121343
121344
121345
121385
121386
121387
121388
121391
121392
121400
121401
121415
121416
121428
121429
121430
121431
121438
121439
121440
121441
121449
121450
121451
121452
121492
121493
121494
121495
121498
121499
121507
121508
121522
121523
121535
121536
121537
121538
121545
121546
121547
121548
121556
121557
121558
121559
121599
121600
121601
121602
121605
121606
121614
121615
121629
121630
121642
121643
121644
121645
121652
121653
121654
121655
121663
121664
121665
121666
121706
121707
121708
121709
121712
121713
121721
121722
121736
121737
121749
121750
121751
121752
121759
121760
121761
121762
121770
121771
121772
121773
121813
121814
121815
121816
121819
121820
121828
121829
121843
121844
121856
121857
121858
121859
121866
121867
121868
121869
121877
121878
121879
121880
121920
121921
121922
121923
121926
121927
121935
121936
121950
121951
121963
121964
121965
121966
121973
121974
121975
121976
121984
121985
121986
121987
122027
122028
122029
122030
122033
122034
122042
122043
122057
122058
122070
122071
122072
122073
122080
122081
122082
122083
122091
122092
122093
122094
122134
122135
122136
122137
122140
122141
122149
122150
122164
122165
122177
122178
122179
122180
122187
122188
122189
122190
122198
122199
122200
122201
122241
122242
122243
122244
122247
122248
122256
122257
122271
122272
122284
122285
122286
122287
122294
122295
122296
122297
122305
122306
122307
122308
122348
122349
122350
122351
122354
122355
122363
122364
122378
122379
122391
122392
122393
122394
122401
122402
122403
122404
122412
122413
122414
122415
122455
122456
122457
122458
122461
122462
122470
122471
122485
122486
122498
122499
122500
122501
122508
122509
122510
122511
122519
122520
122521
122522
122562
122563
122564
122565
122568
122569
122577
122578
122592
122593
122605
122606
122607
122608
122615
122616
122617
122618
122626
122627
122628
122629
122669
122670
122671
122672
122675
122676
122684
122685
122699
122700
122712
122713
122714
122715
122722
122723
122724
122725
122733
122734
122735
122736
122776
122777
122778
122779
122782
122783
122791
122792
122806
122807
122819
122820
122821
122822
122829
122830
122831
122832
122840
122841
122842
122843
122883
122884
122885
122886
122889
122890
122898
122899
122913
122914
122926
122927
122928
122929
122936
122937
122938
122939
122947
122948
122949
122950
122990
122991
122992
122993
122996
122997
123005
123006
123020
123021
123033
123034
123035
123036
123043
123044
123045
123046
123054
123055
123056
123057
123097
123098
123099
123100
123103
123104
123112
123113
123127
123128
123140
123141
123142
123143
123150
123151
123152
123153
123161
123162
123163
123164
123204
123205
123206
123207
123210
123211
123219
123220
123234
123235
123247
123248
123249
123250
123257
123258
123259
123260
123268
123269
123270
123271
123311
123312
123313
123314
123317
123318
123326
123327
123341
123342
123354
123355
123356
123357
123364
123365
123366
123367
123375
123376
123377
123378
123418
123419
123420
123421
123424
123425
123433
123434
123448
123449
123461
123462
123463
123464
123471
123472
123473
123474
123482
123483
123484
123485
123525
123526
123527
123528
123531
123532
123540
123541
123555
123556
123568
123569
123570
123571
123578
123579
123580
123581
123589
123590
123591
123592
123632
123633
123634
123635
123638
123639
123647
123648
123662
123663
123675
123676
123677
123678
123685
123686
123687
123688
123696
123697
123698
123699
123739
123740
123741
123742
123745
123746
123754
123755
123769
123770
123782
123783
123784
123785
123792
123793
123794
123795
123803
123804
123805
123806
123846
123847
123848
123849
123852
123853
123861
123862
123876
123877
123889
123890
123891
123892
123899
123900
123901
123902
123910
123911
123912
123913
123953
123954
123955
123956
123959
123960
123968
123969
123983
123984
123996
123997
123998
123999
124006
124007
124008
124009
124017
124018
124019
124020
124060
124061
124062
124063
124066
124067
124075
124076
124090
124091
124103
124104
124105
124106
124113
124114
124115
124116
124124
124125
124126
124127
124167
124168
124169
124170
124173
124174
124182
124183
124197
124198
124210
124211
124212
124213
124220
124221
124222
124223
124231
124232
124233
124234
124274
124275
124276
124277
124280
124281
124289
124290
124304
124305
124317
124318
124319
124320
124327
124328
124329
124330
124338
124339
124340
124341
124381
124382
124383
124384
124387
124388
124396
124397
124411
124412
124424
124425
124426
124427
124434
124435
124436
124437
124445
124446
124447
124448
124488
124489
124490
124491
124494
124495
124503
124504
124518
124519
124531
124532
124533
124534
124541
124542
124543
124544
124552
124553
124554
124555
124595
124596
124597
124598
124601
124602
124610
124611
124625
124626
124638
124639
124640
124641
124648
124649
124650
124651
124659
124660
124661
124662
124702
124703
124704
124705
124708
124709
124717
124718
124732
124733
124745
124746
124747
124748
124755
124756
124757
124758
124766
124767
124768
124769
124809
124810
124811
124812
124815
124816
124824
124825
124839
124840
124852
124853
124854
124855
124862
124863
124864
124865
124873
124874
124875
124876
124916
124917
124918
124919
124922
124923
124931
124932
124946
124947
124959
124960
124961
124962
124969
124970
124971
124972
124980
124981
124982
124983
125023
125024
125025
125026
125029
125030
125038
125039
125053
125054
125066
125067
125068
125069
125076
125077
125078
125079
125087
125088
125089
125090
125130
125131
125132
125133
125136
125137
125145
125146
125160
125161
125173
125174
125175
125176
125183
125184
125185
125186
125194
125195
125196
125197
125237
125238
125239
125240
125243
125244
125252
125253
125267
125268
125280
125281
125282
125283
125290
125291
125292
125293
125301
125302
125303
125304
125344
125345
125346
125347
125350
125351
125359
125360
125374
125375
125387
125388
125389
125390
125397
125398
125399
125400
125408
125409
125410
125411
125451
125452
125453
125454
125457
125458
125466
125467
125481
125482
125494
125495
125496
125497
125504
125505
125506
125507
125515
125516
125517
125518
125558
125559
125560
125561
125564
125565
125573
125574
125588
125589
125601
125602
125603
125604
125611
125612
125613
125614
125622
125623
125624
125625
125665
125666
125667
125668
125671
125672
125680
125681
125695
125696
125708
125709
125710
125711
125718
125719
125720
125721
125729
125730
125731
125732
125772
125773
125774
125775
125778
125779
125787
125788
125802
125803
125815
125816
125817
125818
125825
125826
125827
125828
125836
125837
125838
125839
125879
125880
125881
125882
125885
125886
125894
125895
125909
125910
125922
125923
125924
125925
125932
125933
125934
125935
125943
125944
125945
125946
125986
125987
125988
125989
125992
125993
126001
126002
126016
126017
126029
126030
126031
126032
126039
126040
126041
126042
126050
126051
126052
126053
126093
126094
126095
126096
126099
126100
126108
126109
126123
126124
126136
126137
126138
126139
126146
126147
126148
126149
126157
126158
126159
126160
126200
126201
126202
126203
126206
126207
126215
126216
126230
126231
126243
126244
126245
126246
126253
126254
126255
126256
126264
126265
126266
126267
126307
126308
126309
126310
126313
126314
126322
126323
126337
126338
126350
126351
126352
126353
126360
126361
126362
126363
126371
126372
126373
126374
126414
126415
126416
126417
126420
126421
126429
126430
126444
126445
126457
126458
126459
126460
126467
126468
126469
126470
126478
126479
126480
126481
126521
126522
126523
126524
126527
126528
126536
126537
126551
126552
126564
126565
126566
126567
126574
126575
126576
126577
126585
126586
126587
126588
126628
126629
126630
126631
126634
126635
126643
126644
126658
126659
126671
126672
126673
126674
126681
126682
126683
126684
126692
126693
126694
126695
126735
126736
126737
126738
126741
126742
126750
126751
126765
126766
126778
126779
126780
126781
126788
126789
126790
126791
126799
126800
126801
126802
126842
126843
126844
126845
126848
126849
126857
126858
126872
126873
126885
126886
126887
126888
126895
126896
126897
126898
126906
126907
126908
126909
126949
126950
126951
126952
126955
126956
126964
126965
126979
126980
126992
126993
126994
126995
127002
127003
127004
127005
127013
127014
127015
127016
127056
127057
127058
127059
127062
127063
127071
127072
127086
127087
127099
127100
127101
127102
127109
127110
127111
127112
127120
127121
127122
127123
127163
127164
127165
127166
127169
127170
127178
127179
127193
127194
127206
127207
127208
127209
127216
127217
127218
127219
127227
127228
127229
127230
127270
127271
127272
127273
127276
127277
127285
127286
127300
127301
127313
127314
127315
127316
127323
127324
127325
127326
127334
127335
127336
127337
127377
127378
127379
127380
127383
127384
127392
127393
127407
127408
127420
127421
127422
127423
127430
127431
127432
127433
127441
127442
127443
127444
127484
127485
127486
127487
127490
127491
127499
127500
127514
127515
127527
127528
127529
127530
127537
127538
127539
127540
127548
127549
127550
127551
127591
127592
127593
127594
127597
127598
127606
127607
127621
127622
127634
127635
127636
127637
127644
127645
127646
127647
127655
127656
127657
127658
127698
127699
127700
127701
127704
127705
127713
127714
127728
127729
127741
127742
127743
127744
127751
127752
127753
127754
127762
127763
127764
127765
127805
127806
127807
127808
127811
127812
127820
127821
127835
127836
127848
127849
127850
127851
127858
127859
127860
127861
127869
127870
127871
127872
127912
127913
127914
127915
127918
127919
127927
127928
127942
127943
127955
127956
127957
127958
127965
127966
127967
127968
127976
127977
127978
127979
128019
128020
128021
128022
128025
128026
128034
128035
128049
128050
128062
128063
128064
128065
128072
128073
128074
128075
128083
128084
128085
128086
128126
128127
128128
128129
128132
128133
128141
128142
128156
128157
128169
128170
128171
128172
128179
128180
128181
128182
128190
128191
128192
128193
128233
128234
128235
128236
128239
128240
128248
128249
128263
128264
128276
128277
128278
128279
128286
128287
128288
128289
128297
128298
128299
128300
128340
128341
128342
128343
128346
128347
128355
128356
128370
128371
128383
128384
128385
128386
128393
128394
128395
128396
128404
128405
128406
128407
128447
128448
128449
128450
128453
128454
128462
128463
128477
128478
128490
128491
128492
128493
128500
128501
128502
128503
128511
128512
128513
128514
128554
128555
128556
128557
128560
128561
128569
128570
128584
128585
128597
128598
128599
128600
128607
128608
128609
128610
128618
128619
128620
128621
128661
128662
128663
128664
128667
128668
128676
128677
128691
128692
128704
128705
128706
128707
128714
128715
128716
128717
128725
128726
128727
128728
128768
128769
128770
128771
128774
128775
128783
128784
128798
128799
128811
128812
128813
128814
128821
128822
128823
128824
128832
128833
128834
128835
128875
128876
128877
128878
128881
128882
128890
128891
128905
128906
128918
128919
128920
128921
128928
128929
128930
128931
128939
128940
128941
128942
128982
128983
128984
128985
128988
128989
128997
128998
129012
129013
129025
129026
129027
129028
129035
129036
129037
129038
129046
129047
129048
129049
129089
129090
129091
129092
129095
129096
129104
129105
129119
129120
129132
129133
129134
129135
129142
129143
129144
129145
129153
129154
129155
129156
129196
129197
129198
129199
129202
129203
129211
129212
129226
129227
129239
129240
129241
129242
129249
129250
129251
129252
129260
129261
129262
129263
129303
129304
129305
129306
129309
129310
129318
129319
129333
129334
129346
129347
129348
129349
129356
129357
129358
129359
129367
129368
129369
129370
129410
129411
129412
129413
129416
129417
129425
129426
129440
129441
129453
129454
129455
129456
129463
129464
129465
129466
129474
129475
129476
129477
129517
129518
129519
129520
129523
129524
129532
129533
129547
129548
129560
129561
129562
129563
129570
129571
129572
129573
129581
129582
129583
129584
129624
129625
129626
129627
129630
129631
129639
129640
129654
129655
129667
129668
129669
129670
129677
129678
129679
129680
129688
129689
129690
129691
129731
129732
129733
129734
129737
129738
129746
129747
129761
129762
129774
129775
129776
129777
129784
129785
129786
129787
129795
129796
129797
129798
129838
129839
129840
129841
129844
129845
129853
129854
129868
129869
129881
129882
129883
129884
129891
129892
129893
129894
129902
129903
129904
129905
129945
129946
129947
129948
129951
129952
129960
129961
129975
129976
129988
129989
129990
129991
129998
129999
130000
130001
130009
130010
130011
130012
130052
130053
130054
130055
130058
130059
130067
130068
130082
130083
130095
130096
130097
130098
130105
130106
130107
130108
130116
130117
130118
130119
130159
130160
130161
130162
130165
130166
130174
130175
130189
130190
130202
130203
130204
130205
130212
130213
130214
130215
130223
130224
130225
130226
130266
130267
130268
130269
130272
130273
130281
130282
130296
130297
130309
130310
130311
130312
130319
130320
130321
130322
130330
130331
130332
130333
130373
130374
130375
130376
130379
130380
130388
130389
130403
130404
130416
130417
130418
130419
130426
130427
130428
130429
130437
130438
130439
130440
130480
130481
130482
130483
130486
130487
130495
130496
130510
130511
130523
130524
130525
130526
130533
130534
130535
130536
130544
130545
130546
130547
130587
130588
130589
130590
130593
130594
130602
130603
130617
130618
130630
130631
130632
130633
130640
130641
130642
130643
130651
130652
130653
130654
130694
130695
130696
130697
130700
130701
130709
130710
130724
130725
130737
130738
130739
130740
130747
130748
130749
130750
130758
130759
130760
130761
130801
130802
130803
130804
130807
130808
130816
130817
130831
130832
130844
130845
130846
130847
130854
130855
130856
130857
130865
130866
130867
130868
130908
130909
130910
130911
130914
130915
130923
130924
130938
130939
130951
130952
130953
130954
130961
130962
130963
130964
130972
130973
130974
130975
131015
131016
131017
131018
131021
131022
131030
131031
131045
131046
131058
131059
131060
131061
131068
131069
131070
131071
131079
131080
131081
131082
131122
131123
131124
131125
131128
131129
131137
131138
131152
131153
131165
131166
131167
131168
131175
131176
131177
131178
131186
131187
131188
131189
131229
131230
131231
131232
131235
131236
131244
131245
131259
131260
131272
131273
131274
131275
131282
131283
131284
131285
131293
131294
131295
131296
131336
131337
131338
131339
131342
131343
131351
131352
131366
131367
131379
131380
131381
131382
131389
131390
131391
131392
131400
131401
131402
131403
131443
131444
131445
131446
131449
131450
131458
131459
131473
131474
131486
131487
131488
131489
131496
131497
131498
131499
131507
131508
131509
131510
131550
131551
131552
131553
131556
131557
131565
131566
131580
131581
131593
131594
131595
131596
131603
131604
131605
131606
131614
131615
131616
131617
131657
131658
131659
131660
131663
131664
131672
131673
131687
131688
131700
131701
131702
131703
131710
131711
131712
131713
131721
131722
131723
131724
131764
131765
131766
131767
131770
131771
131779
131780
131794
131795
131807
131808
131809
131810
131817
131818
131819
131820
131828
131829
131830
131831
131871
131872
131873
131874
131877
131878
131886
131887
131901
131902
131914
131915
131916
131917
131924
131925
131926
131927
131935
131936
131937
131938
131978
131979
131980
131981
131984
131985
131993
131994
132008
132009
132021
132022
132023
132024
132031
132032
132033
132034
132042
132043
132044
132045
132085
132086
132087
132088
132091
132092
132100
132101
132115
132116
132128
132129
132130
132131
132138
132139
132140
132141
132149
132150
132151
132152
132192
132193
132194
132195
132198
132199
132207
132208
132222
132223
132235
132236
132237
132238
132245
132246
132247
132248
132256
132257
132258
132259
132299
132300
132301
132302
132305
132306
132314
132315
132329
132330
132342
132343
132344
132345
132352
132353
132354
132355
132363
132364
132365
132366
132406
132407
132408
132409
132412
132413
132421
132422
132436
132437
132449
132450
132451
132452
132459
132460
132461
132462
132470
132471
132472
132473
132513
132514
132515
132516
132519
132520
132528
132529
132543
132544
132556
132557
132558
132559
132566
132567
132568
132569
132577
132578
132579
132580
132620
132621
132622
132623
132626
132627
132635
132636
132650
132651
132663
132664
132665
132666
132673
132674
132675
132676
132684
132685
132686
132687
132727
132728
132729
132730
132733
132734
132742
132743
132757
132758
132770
132771
132772
132773
132780
132781
132782
132783
132791
132792
132793
132794
132834
132835
132836
132837
132840
132841
132849
132850
132864
132865
132877
132878
132879
132880
132887
132888
132889
132890
132898
132899
132900
132901
132941
132942
132943
132944
132947
132948
132956
132957
132971
132972
132984
132985
132986
132987
132994
132995
132996
132997
133005
133006
133007
133008
133048
133049
133050
133051
133054
133055
133063
133064
133078
133079
133091
133092
133093
133094
133101
133102
133103
133104
133112
133113
133114
133115
133155
133156
133157
133158
133161
133162
133170
133171
133185
133186
133198
133199
133200
133201
133208
133209
133210
133211
133219
133220
133221
133222
133262
133263
133264
133265
133268
133269
133277
133278
133292
133293
133305
133306
133307
133308
133315
133316
133317
133318
133326
133327
133328
133329
133369
133370
133371
133372
133375
133376
133384
133385
133399
133400
133412
133413
133414
133415
133422
133423
133424
133425
133433
133434
133435
133436
133476
133477
133478
133479
133482
133483
133491
133492
133506
133507
133519
133520
133521
133522
133529
133530
133531
133532
133540
133541
133542
133543
133583
133584
133585
133586
133589
133590
133598
133599
133613
133614
133626
133627
133628
133629
133636
133637
133638
133639
133647
133648
133649
133650
133690
133691
133692
133693
133696
133697
133705
133706
133720
133721
133733
133734
133735
133736
133743
133744
133745
133746
133754
133755
133756
133757
133797
133798
133799
133800
133803
133804
133812
133813
133827
133828
133840
133841
133842
133843
133850
133851
133852
133853
133861
133862
133863
133864
133904
133905
133906
133907
133910
133911
133919
133920
133934
133935
133947
133948
133949
133950
133957
133958
133959
133960
133968
133969
133970
133971
134011
134012
134013
134014
134017
134018
134026
134027
134041
134042
134054
134055
134056
134057
134064
134065
134066
134067
134075
134076
134077
134078
134118
134119
134120
134121
134124
134125
134133
134134
134148
134149
134161
134162
134163
134164
134171
134172
134173
134174
134182
134183
134184
134185
134225
134226
134227
134228
134231
134232
134240
134241
134255
134256
134268
134269
134270
134271
134278
134279
134280
134281
134289
134290
134291
134292
134332
134333
134334
134335
134338
134339
134347
134348
134362
134363
134375
134376
134377
134378
134385
134386
134387
134388
134396
134397
134398
134399
134439
134440
134441
134442
134445
134446
134454
134455
134469
134470
134482
134483
134484
134485
134492
134493
134494
134495
134503
134504
134505
134506
134546
134547
134548
134549
134552
134553
134561
134562
134576
134577
134589
134590
134591
134592
134599
134600
134601
134602
134610
134611
134612
134613
134653
134654
134655
134656
134659
134660
134668
134669
134683
134684
134696
134697
134698
134699
134706
134707
134708
134709
134717
134718
134719
134720
134760
134761
134762
134763
134766
134767
134775
134776
134790
134791
134803
134804
134805
134806
134813
134814
134815
134816
134824
134825
134826
134827
134867
134868
134869
134870
134873
134874
134882
134883
134897
134898
134910
134911
134912
134913
134920
134921
134922
134923
134931
134932
134933
134934
134974
134975
134976
134977
134980
134981
134989
134990
135004
135005
135017
135018
135019
135020
135027
135028
135029
135030
135038
135039
135040
135041
135081
135082
135083
135084
135087
135088
135096
135097
135111
135112
135124
135125
135126
135127
135134
135135
135136
135137
135145
135146
135147
135148
135188
135189
135190
135191
135194
135195
135203
135204
135218
135219
135231
135232
135233
135234
135241
135242
135243
135244
135252
135253
135254
135255
135295
135296
135297
135298
135301
135302
135310
135311
135325
135326
135338
135339
135340
135341
135348
135349
135350
135351
135359
135360
135361
135362
135402
135403
135404
135405
135408
135409
135417
135418
135432
135433
135445
135446
135447
135448
135455
135456
135457
135458
135466
135467
135468
135469
135509
135510
135511
135512
135515
135516
135524
135525
135539
135540
135552
135553
135554
135555
135562
135563
135564
135565
135573
135574
135575
135576
135616
135617
135618
135619
135622
135623
135631
135632
135646
135647
135659
135660
135661
135662
135669
135670
135671
135672
135680
135681
135682
135683
135723
135724
135725
135726
135729
135730
135738
135739
135753
135754
135766
135767
135768
135769
135776
135777
135778
135779
135787
135788
135789
135790
135830
135831
135832
135833
135836
135837
135845
135846
135860
135861
135873
135874
135875
135876
135883
135884
135885
135886
135894
135895
135896
135897
135937
135938
135939
135940
135943
135944
135952
135953
135967
135968
135980
135981
135982
135983
135990
135991
135992
135993
136001
136002
136003
136004
136044
136045
136046
136047
136050
136051
136059
136060
136074
136075
136087
136088
136089
136090
136097
136098
136099
136100
136108
136109
136110
136111
136151
136152
136153
136154
136157
136158
136166
136167
136181
136182
136194
136195
136196
136197
136204
136205
136206
136207
136215
136216
136217
136218
136258
136259
136260
136261
136264
136265
136273
136274
136288
136289
136301
136302
136303
136304
136311
136312
136313
136314
136322
136323
136324
136325
136365
136366
136367
136368
136371
136372
136380
136381
136395
136396
136408
136409
136410
136411
136418
136419
136420
136421
136429
136430
136431
136432
136472
136473
136474
136475
136478
136479
136487
136488
136502
136503
136515
136516
136517
136518
136525
136526
136527
136528
136536
136537
136538
136539
136579
136580
136581
136582
136585
136586
136594
136595
136609
136610
136622
136623
136624
136625
136632
136633
136634
136635
136643
136644
136645
136646
136686
136687
136688
136689
136692
136693
136701
136702
136716
136717
136729
136730
136731
136732
136739
136740
136741
136742
136750
136751
136752
136753
136793
136794
136795
136796
136799
136800
136808
136809
136823
136824
136836
136837
136838
136839
136846
136847
136848
136849
136857
136858
136859
136860
136900
136901
136902
136903
136906
136907
136915
136916
136930
136931
136943
136944
136945
136946
136953
136954
136955
136956
136964
136965
136966
136967
137007
137008
137009
137010
137013
137014
137022
137023
137037
137038
137050
137051
137052
137053
137060
137061
137062
137063
137071
137072
137073
137074
137114
137115
137116
137117
137120
137121
137129
137130
137144
137145
137157
137158
137159
137160
137167
137168
137169
137170
137178
137179
137180
137181
137221
137222
137223
137224
137227
137228
137236
137237
137251
137252
137264
137265
137266
137267
137274
137275
137276
137277
137285
137286
137287
137288
137328
137329
137330
137331
137334
137335
137343
137344
137358
137359
137371
137372
137373
137374
137381
137382
137383
137384
137392
137393
137394
137395
137435
137436
137437
137438
137441
137442
137450
137451
137465
137466
137478
137479
137480
137481
137488
137489
137490
137491
137499
137500
137501
137502
137542
137543
137544
137545
137548
137549
137557
137558
137572
137573
137585
137586
137587
137588
137595
137596
137597
137598
137606
137607
137608
137609
137649
137650
137651
137652
137655
137656
137664
137665
137679
137680
137692
137693
137694
137695
137702
137703
137704
137705
137713
137714
137715
137716
137756
137757
137758
137759
137762
137763
137771
137772
137786
137787
137799
137800
137801
137802
137809
137810
137811
137812
137820
137821
137822
137823
137863
137864
137865
137866
137869
137870
137878
137879
137893
137894
137906
137907
137908
137909
137916
137917
137918
137919
137927
137928
137929
137930
137970
137971
137972
137973
137976
137977
137985
137986
138000
138001
138013
138014
138015
138016
138023
138024
138025
138026
138034
138035
138036
138037
138077
138078
138079
138080
138083
138084
138092
138093
138107
138108
138120
138121
138122
138123
138130
138131
138132
138133
138141
138142
138143
138144
138184
138185
138186
138187
138190
138191
138199
138200
138214
138215
138227
138228
138229
138230
138237
138238
138239
138240
138248
138249
138250
138251
138291
138292
138293
138294
138297
138298
138306
138307
138321
138322
138334
138335
138336
138337
138344
138345
138346
138347
138355
138356
138357
138358
138398
138399
138400
138401
138404
138405
138413
138414
138428
138429
138441
138442
138443
138444
138451
138452
138453
138454
138462
138463
138464
138465
138505
138506
138507
138508
138511
138512
138520
138521
138535
138536
138548
138549
138550
138551
138558
138559
138560
138561
138569
138570
138571
138572
138612
138613
138614
138615
138618
138619
138627
138628
138642
138643
138655
138656
138657
138658
138665
138666
138667
138668
138676
138677
138678
138679
138719
138720
138721
138722
138725
138726
138734
138735
138749
138750
138762
138763
138764
138765
138772
138773
138774
138775
138783
138784
138785
138786
138826
138827
138828
138829
138832
138833
138841
138842
138856
138857
138869
138870
138871
138872
138879
138880
138881
138882
138890
138891
138892
138893
138933
138934
138935
138936
138939
138940
138948
138949
138963
138964
138976
138977
138978
138979
138986
138987
138988
138989
138997
138998
138999
139000
139040
139041
139042
139043
139046
139047
139055
139056
139070
139071
139083
139084
139085
139086
139093
139094
139095
139096
139104
139105
139106
139107
139147
139148
139149
139150
139153
139154
139162
139163
139177
139178
139190
139191
139192
139193
139200
139201
139202
139203
139211
139212
139213
139214
139254
139255
139256
139257
139260
139261
139269
139270
139284
139285
139297
139298
139299
139300
139307
139308
139309
139310
139318
139319
139320
139321
139361
139362
139363
139364
139367
139368
139376
139377
139391
139392
139404
139405
139406
139407
139414
139415
139416
139417
139425
139426
139427
139428
139468
139469
139470
139471
139474
139475
139483
139484
139498
139499
139511
139512
139513
139514
139521
139522
139523
139524
139532
139533
139534
139535
139575
139576
139577
139578
139581
139582
139590
139591
139605
139606
139618
139619
139620
139621
139628
139629
139630
139631
139639
139640
139641
139642
139682
139683
139684
139685
139688
139689
139697
139698
139712
139713
139725
139726
139727
139728
139735
139736
139737
139738
139746
139747
139748
139749
139792
139793
139794
139795
139796
139797
139798
139799
139801
139802
139813
139816
139817
139818
139819
139820
139821
139822
139823
139824
139850
139851
139852
139853
139854
139855
139856
139857
139859
139860
139906
139907
139908
139909
139910
139911
139912
139913
139915
139916
139961
139964
139965
139966
139967
139968
139969
139970
139971
139972
139973
139974
140007
140010
140011
140012
140013
140014
140015
140016
140017
140018
140019
140020
140021
140022
140023
140024
140025
140026
140050
140053
140054
140055
140056
140057
140058
140059
140060
140061
140062
140063
140064
140065
140066
140067
140257
140258
140259
140260
140261
140262
140263
140264
140266
140267
140278
140281
140282
140283
140284
140285
140286
140287
140288
140289
140315
140316
140317
140318
140319
140320
140321
140322
140324
140325
140371
140372
140373
140374
140375
140376
140377
140378
140380
140381
140426
140429
140430
140431
140432
140433
140434
140435
140436
140437
140438
140439
140472
140475
140476
140477
140478
140479
140480
140481
140482
140483
140484
140485
140486
140487
140488
140489
140490
140491
140515
140518
140519
140520
140521
140522
140523
140524
140525
140526
140527
140528
140529
140530
140531
140532
140722
140723
140724
140725
140726
140727
140728
140729
140731
140732
140743
140746
140747
140748
140749
140750
140751
140752
140753
140754
140780
140781
140782
140783
140784
140785
140786
140787
140789
140790
140836
140837
140838
140839
140840
140841
140842
140843
140845
140846
140891
140894
140895
140896
140897
140898
140899
140900
140901
140902
140903
140904
140937
140940
140941
140942
140943
140944
140945
140946
140947
140948
140949
140950
140951
140952
140953
140954
140955
140956
140980
140983
140984
140985
140986
140987
140988
140989
140990
140991
140992
140993
140994
140995
140996
140997
141187
141188
141189
141190
141191
141192
141193
141194
141196
141197
141208
141211
141212
141213
141214
141215
141216
141217
141218
141219
141245
141246
141247
141248
141249
141250
141251
141252
141254
141255
141301
141302
141303
141304
141305
141306
141307
141308
141310
141311
141356
141359
141360
141361
141362
141363
141364
141365
141366
141367
141368
141369
141402
141405
141406
141407
141408
141409
141410
141411
141412
141413
141414
141415
141416
141417
141418
141419
141420
141421
141445
141448
141449
141450
141451
141452
141453
141454
141455
141456
141457
141458
141459
141460
141461
141462
141652
141653
141654
141655
141656
141657
141658
141659
141661
141662
141673
141676
141677
141678
141679
141680
141681
141682
141683
141684
141710
141711
141712
141713
141714
141715
141716
141717
141719
141720
141766
141767
141768
141769
141770
141771
141772
141773
141775
141776
141821
141824
141825
141826
141827
141828
141829
141830
141831
141832
141833
141834
141867
141870
141871
141872
141873
141874
141875
141876
141877
141878
141879
141880
141881
141882
141883
141884
141885
141886
141910
141913
141914
141915
141916
141917
141918
141919
141920
141921
141922
141923
141924
141925
141926
141927
142117
142118
142119
142120
142121
142122
142123
142124
142126
142127
142138
142141
142142
142143
142144
142145
142146
142147
142148
142149
142175
142176
142177
142178
142179
142180
142181
142182
142184
142185
142231
142232
142233
142234
142235
142236
142237
142238
142240
142241
142286
142289
142290
142291
142292
142293
142294
142295
142296
142297
142298
142299
142332
142335
142336
142337
142338
142339
142340
142341
142342
142343
142344
142345
142346
142347
142348
142349
142350
142351
142375
142378
142379
142380
142381
142382
142383
142384
142385
142386
142387
142388
142389
142390
142391
142392
142582
142583
142584
142585
142586
142587
142588
142589
142591
142592
142603
142606
142607
142608
142609
142610
142611
142612
142613
142614
142640
142641
142642
142643
142644
142645
142646
142647
142649
142650
142696
142697
142698
142699
142700
142701
142702
142703
142705
142706
142751
142754
142755
142756
142757
142758
142759
142760
142761
142762
142763
142764
142797
142800
142801
142802
142803
142804
142805
142806
142807
142808
142809
142810
142811
142812
142813
142814
142815
142816
142840
142843
142844
142845
142846
142847
142848
142849
142850
142851
142852
142853
142854
142855
142856
142857
143047
143048
143049
143050
143051
143052
143053
143054
143056
143057
143068
143071
143072
143073
143074
143075
143076
143077
143078
143079
143105
143106
143107
143108
143109
143110
143111
143112
143114
143115
143161
143162
143163
143164
143165
143166
143167
143168
143170
143171
143216
143219
143220
143221
143222
143223
143224
143225
143226
143227
143228
143229
143262
143265
143266
143267
143268
143269
143270
143271
143272
143273
143274
143275
143276
143277
143278
143279
143280
143281
143305
143308
143309
143310
143311
143312
143313
143314
143315
143316
143317
143318
143319
143320
143321
143322
143512
143513
143514
143515
143516
143517
143518
143519
143521
143522
143533
143536
143537
143538
143539
143540
143541
143542
143543
143544
143570
143571
143572
143573
143574
143575
143576
143577
143579
143580
143626
143627
143628
143629
143630
143631
143632
143633
143635
143636
143681
143684
143685
143686
143687
143688
143689
143690
143691
143692
143693
143694
143727
143730
143731
143732
143733
143734
143735
143736
143737
143738
143739
143740
143741
143742
143743
143744
143745
143746
143770
143773
143774
143775
143776
143777
143778
143779
143780
143781
143782
143783
143784
143785
143786
143787
143977
143978
143979
143980
143981
143982
143983
143984
143986
143987
143998
144001
144002
144003
144004
144005
144006
144007
144008
144009
144035
144036
144037
144038
144039
144040
144041
144042
144044
144045
144091
144092
144093
144094
144095
144096
144097
144098
144100
144101
144146
144149
144150
144151
144152
144153
144154
144155
144156
144157
144158
144159
144192
144195
144196
144197
144198
144199
144200
144201
144202
144203
144204
144205
144206
144207
144208
144209
144210
144211
144235
144238
144239
144240
144241
144242
144243
144244
144245
144246
144247
144248
144249
144250
144251
144252
144442
144443
144444
144445
144446
144447
144448
144449
144451
144452
144463
144466
144467
144468
144469
144470
144471
144472
144473
144474
144500
144501
144502
144503
144504
144505
144506
144507
144509
144510
144556
144557
144558
144559
144560
144561
144562
144563
144565
144566
144611
144614
144615
144616
144617
144618
144619
144620
144621
144622
144623
144624
144657
144660
144661
144662
144663
144664
144665
144666
144667
144668
144669
144670
144671
144672
144673
144674
144675
144676
144700
144703
144704
144705
144706
144707
144708
144709
144710
144711
144712
144713
144714
144715
144716
144717
144907
144908
144909
144910
144911
144912
144913
144914
144916
144917
144928
144931
144932
144933
144934
144935
144936
144937
144938
144939
144965
144966
144967
144968
144969
144970
144971
144972
144974
144975
145021
145022
145023
145024
145025
145026
145027
145028
145030
145031
145076
145079
145080
145081
145082
145083
145084
145085
145086
145087
145088
145089
145122
145125
145126
145127
145128
145129
145130
145131
145132
145133
145134
145135
145136
145137
145138
145139
145140
145141
145165
145168
145169
145170
145171
145172
145173
145174
145175
145176
145177
145178
145179
145180
145181
145182
145372
145373
145374
145375
145376
145377
145378
145379
145381
145382
145393
145396
145397
145398
145399
145400
145401
145402
145403
145404
145430
145431
145432
145433
145434
145435
145436
145437
145439
145440
145486
145487
145488
145489
145490
145491
145492
145493
145495
145496
145541
145544
145545
145546
145547
145548
145549
145550
145551
145552
145553
145554
145587
145590
145591
145592
145593
145594
145595
145596
145597
145598
145599
145600
145601
145602
145603
145604
145605
145606
145630
145633
145634
145635
145636
145637
145638
145639
145640
145641
145642
145643
145644
145645
145646
145647
145837
145838
145839
145840
145841
145842
145843
145844
145846
145847
145858
145861
145862
145863
145864
145865
145866
145867
145868
145869
145895
145896
145897
145898
145899
145900
145901
145902
145904
145905
145951
145952
145953
145954
145955
145956
145957
145958
145960
145961
146006
146009
146010
146011
146012
146013
146014
146015
146016
146017
146018
146019
146052
146055
146056
146057
146058
146059
146060
146061
146062
146063
146064
146065
146066
146067
146068
146069
146070
146071
146095
146098
146099
146100
146101
146102
146103
146104
146105
146106
146107
146108
146109
146110
146111
146112
146302
146303
146304
146305
146306
146307
146308
146309
146311
146312
146323
146326
146327
146328
146329
146330
146331
146332
146333
146334
146360
146361
146362
146363
146364
146365
146366
146367
146369
146370
146416
146417
146418
146419
146420
146421
146422
146423
146425
146426
146471
146474
146475
146476
146477
146478
146479
146480
146481
146482
146483
146484
146517
146520
146521
146522
146523
146524
146525
146526
146527
146528
146529
146530
146531
146532
146533
146534
146535
146536
146560
146563
146564
146565
146566
146567
146568
146569
146570
146571
146572
146573
146574
146575
146576
146577
146767
146768
146769
146770
146771
146772
146773
146774
146776
146777
146788
146791
146792
146793
146794
146795
146796
146797
146798
146799
146825
146826
146827
146828
146829
146830
146831
146832
146834
146835
146881
146882
146883
146884
146885
146886
146887
146888
146890
146891
146936
146939
146940
146941
146942
146943
146944
146945
146946
146947
146948
146949
146982
146985
146986
146987
146988
146989
146990
146991
146992
146993
146994
146995
146996
146997
146998
146999
147000
147001
147025
147028
147029
147030
147031
147032
147033
147034
147035
147036
147037
147038
147039
147040
147041
147042
147232
147233
147234
147235
147236
147237
147238
147239
147241
147242
147253
147256
147257
147258
147259
147260
147261
147262
147263
147264
147290
147291
147292
147293
147294
147295
147296
147297
147299
147300
147346
147347
147348
147349
147350
147351
147352
147353
147355
147356
147401
147404
147405
147406
147407
147408
147409
147410
147411
147412
147413
147414
147447
147450
147451
147452
147453
147454
147455
147456
147457
147458
147459
147460
147461
147462
147463
147464
147465
147466
147490
147493
147494
147495
147496
147497
147498
147499
147500
147501
147502
147503
147504
147505
147506
147507
147697
147698
147699
147700
147701
147702
147703
147704
147706
147707
147718
147721
147722
147723
147724
147725
147726
147727
147728
147729
147755
147756
147757
147758
147759
147760
147761
147762
147764
147765
147811
147812
147813
147814
147815
147816
147817
147818
147820
147821
147866
147869
147870
147871
147872
147873
147874
147875
147876
147877
147878
147879
147912
147915
147916
147917
147918
147919
147920
147921
147922
147923
147924
147925
147926
147927
147928
147929
147930
147931
147955
147958
147959
147960
147961
147962
147963
147964
147965
147966
147967
147968
147969
147970
147971
147972
148162
148163
148164
148165
148166
148167
148168
148169
148171
148172
148183
148186
148187
148188
148189
148190
148191
148192
148193
148194
148220
148221
148222
148223
148224
148225
148226
148227
148229
148230
148276
148277
148278
148279
148280
148281
148282
148283
148285
148286
148331
148334
148335
148336
148337
148338
148339
148340
148341
148342
148343
148344
148377
148380
148381
148382
148383
148384
148385
148386
148387
148388
148389
148390
148391
148392
148393
148394
148395
148396
148420
148423
148424
148425
148426
148427
148428
148429
148430
148431
148432
148433
148434
148435
148436
148437
148627
148628
148629
148630
148631
148632
148633
148634
148636
148637
148648
148651
148652
148653
148654
148655
148656
148657
148658
148659
148685
148686
148687
148688
148689
148690
148691
148692
148694
148695
148741
148742
148743
148744
148745
148746
148747
148748
148750
148751
148796
148799
148800
148801
148802
148803
148804
148805
148806
148807
148808
148809
148842
148845
148846
148847
148848
148849
148850
148851
148852
148853
148854
148855
148856
148857
148858
148859
148860
148861
148885
148888
148889
148890
148891
148892
148893
148894
148895
148896
148897
148898
148899
148900
148901
148902
149092
149093
149094
149095
149096
149097
149098
149099
149101
149102
149113
149116
149117
149118
149119
149120
149121
149122
149123
149124
149150
149151
149152
149153
149154
149155
149156
149157
149159
149160
149206
149207
149208
149209
149210
149211
149212
149213
149215
149216
149261
149264
149265
149266
149267
149268
149269
149270
149271
149272
149273
149274
149307
149310
149311
149312
149313
149314
149315
149316
149317
149318
149319
149320
149321
149322
149323
149324
149325
149326
149350
149353
149354
149355
149356
149357
149358
149359
149360
149361
149362
149363
149364
149365
149366
149367
149557
149558
149559
149560
149561
149562
149563
149564
149566
149567
149578
149581
149582
149583
149584
149585
149586
149587
149588
149589
149615
149616
149617
149618
149619
149620
149621
149622
149624
149625
149671
149672
149673
149674
149675
149676
149677
149678
149680
149681
149726
149729
149730
149731
149732
149733
149734
149735
149736
149737
149738
149739
149772
149775
149776
149777
149778
149779
149780
149781
149782
149783
149784
149785
149786
149787
149788
149789
149790
149791
149815
149818
149819
149820
149821
149822
149823
149824
149825
149826
149827
149828
149829
149830
149831
149832
150022
150023
150024
150025
150026
150027
150028
150029
150031
150032
150043
150046
150047
150048
150049
150050
150051
150052
150053
150054
150080
150081
150082
150083
150084
150085
150086
150087
150089
150090
150136
150137
150138
150139
150140
150141
150142
150143
150145
150146
150191
150194
150195
150196
150197
150198
150199
150200
150201
150202
150203
150204
150237
150240
150241
150242
150243
150244
150245
150246
150247
150248
150249
150250
150251
150252
150253
150254
150255
150256
150280
150283
150284
150285
150286
150287
150288
150289
150290
150291
150292
150293
150294
150295
150296
150297
150487
150488
150489
150490
150491
150492
150493
150494
150496
150497
150508
150511
150512
150513
150514
150515
150516
150517
150518
150519
150545
150546
150547
150548
150549
150550
150551
150552
150554
150555
150601
150602
150603
150604
150605
150606
150607
150608
150610
150611
150656
150659
150660
150661
150662
150663
150664
150665
150666
150667
150668
150669
150702
150705
150706
150707
150708
150709
150710
150711
150712
150713
150714
150715
150716
150717
150718
150719
150720
150721
150745
150748
150749
150750
150751
150752
150753
150754
150755
150756
150757
150758
150759
150760
150761
150762
150952
150953
150954
150955
150956
150957
150958
150959
150961
150962
150973
150976
150977
150978
150979
150980
150981
150982
150983
150984
151010
151011
151012
151013
151014
151015
151016
151017
151019
151020
151066
151067
151068
151069
151070
151071
151072
151073
151075
151076
151121
151124
151125
151126
151127
151128
151129
151130
151131
151132
151133
151134
151167
151170
151171
151172
151173
151174
151175
151176
151177
151178
151179
151180
151181
151182
151183
151184
151185
151186
151210
151213
151214
151215
151216
151217
151218
151219
151220
151221
151222
151223
151224
151225
151226
151227
151417
151418
151419
151420
151421
151422
151423
151424
151426
151427
151438
151441
151442
151443
151444
151445
151446
151447
151448
151449
151475
151476
151477
151478
151479
151480
151481
151482
151484
151485
151531
151532
151533
151534
151535
151536
151537
151538
151540
151541
151586
151589
151590
151591
151592
151593
151594
151595
151596
151597
151598
151599
151632
151635
151636
151637
151638
151639
151640
151641
151642
151643
151644
151645
151646
151647
151648
151649
151650
151651
151675
151678
151679
151680
151681
151682
151683
151684
151685
151686
151687
151688
151689
151690
151691
151692
151882
151883
151884
151885
151886
151887
151888
151889
151891
151892
151903
151906
151907
151908
151909
151910
151911
151912
151913
151914
151940
151941
151942
151943
151944
151945
151946
151947
151949
151950
151996
151997
151998
151999
152000
152001
152002
152003
152005
152006
152051
152054
152055
152056
152057
152058
152059
152060
152061
152062
152063
152064
152097
152100
152101
152102
152103
152104
152105
152106
152107
152108
152109
152110
152111
152112
152113
152114
152115
152116
152140
152143
152144
152145
152146
152147
152148
152149
152150
152151
152152
152153
152154
152155
152156
152157
152347
152348
152349
152350
152351
152352
152353
152354
152356
152357
152368
152371
152372
152373
152374
152375
152376
152377
152378
152379
152405
152406
152407
152408
152409
152410
152411
152412
152414
152415
152461
152462
152463
152464
152465
152466
152467
152468
152470
152471
152516
152519
152520
152521
152522
152523
152524
152525
152526
152527
152528
152529
152562
152565
152566
152567
152568
152569
152570
152571
152572
152573
152574
152575
152576
152577
152578
152579
152580
152581
152605
152608
152609
152610
152611
152612
152613
152614
152615
152616
152617
152618
152619
152620
152621
152622
152812
152813
152814
152815
152816
152817
152818
152819
152821
152822
152833
152836
152837
152838
152839
152840
152841
152842
152843
152844
152870
152871
152872
152873
152874
152875
152876
152877
152879
152880
152926
152927
152928
152929
152930
152931
152932
152933
152935
152936
152981
152984
152985
152986
152987
152988
152989
152990
152991
152992
152993
152994
153027
153030
153031
153032
153033
153034
153035
153036
153037
153038
153039
153040
153041
153042
153043
153044
153045
153046
153070
153073
153074
153075
153076
153077
153078
153079
153080
153081
153082
153083
153084
153085
153086
153087
153277
153278
153279
153280
153281
153282
153283
153284
153286
153287
153298
153301
153302
153303
153304
153305
153306
153307
153308
153309
153335
153336
153337
153338
153339
153340
153341
153342
153344
153345
153391
153392
153393
153394
153395
153396
153397
153398
153400
153401
153446
153449
153450
153451
153452
153453
153454
153455
153456
153457
153458
153459
153492
153495
153496
153497
153498
153499
153500
153501
153502
153503
153504
153505
153506
153507
153508
153509
153510
153511
153535
153538
153539
153540
153541
153542
153543
153544
153545
153546
153547
153548
153549
153550
153551
153552
153742
153743
153744
153745
153746
153747
153748
153749
153751
153752
153763
153766
153767
153768
153769
153770
153771
153772
153773
153774
153800
153801
153802
153803
153804
153805
153806
153807
153809
153810
153856
153857
153858
153859
153860
153861
153862
153863
153865
153866
153911
153914
153915
153916
153917
153918
153919
153920
153921
153922
153923
153924
153957
153960
153961
153962
153963
153964
153965
153966
153967
153968
153969
153970
153971
153972
153973
153974
153975
153976
154000
154003
154004
154005
154006
154007
154008
154009
154010
154011
154012
154013
154014
154015
154016
154017
154207
154208
154209
154210
154211
154212
154213
154214
154216
154217
154228
154231
154232
154233
154234
154235
154236
154237
154238
154239
154265
154266
154267
154268
154269
154270
154271
154272
154274
154275
154321
154322
154323
154324
154325
154326
154327
154328
154330
154331
154376
154379
154380
154381
154382
154383
154384
154385
154386
154387
154388
154389
154422
154425
154426
154427
154428
154429
154430
154431
154432
154433
154434
154435
154436
154437
154438
154439
154440
154441
154465
154468
154469
154470
154471
154472
154473
154474
154475
154476
154477
154478
154479
154480
154481
154482
154672
154673
154674
154675
154676
154677
154678
154679
154681
154682
154693
154696
154697
154698
154699
154700
154701
154702
154703
154704
154730
154731
154732
154733
154734
154735
154736
154737
154739
154740
154786
154787
154788
154789
154790
154791
154792
154793
154795
154796
154841
154844
154845
154846
154847
154848
154849
154850
154851
154852
154853
154854
154887
154890
154891
154892
154893
154894
154895
154896
154897
154898
154899
154900
154901
154902
154903
154904
154905
154906
154930
154933
154934
154935
154936
154937
154938
154939
154940
154941
154942
154943
154944
154945
154946
154947
155137
155138
155139
155140
155141
155142
155143
155144
155146
155147
155158
155161
155162
155163
155164
155165
155166
155167
155168
155169
155195
155196
155197
155198
155199
155200
155201
155202
155204
155205
155251
155252
155253
155254
155255
155256
155257
155258
155260
155261
155306
155309
155310
155311
155312
155313
155314
155315
155316
155317
155318
155319
155352
155355
155356
155357
155358
155359
155360
155361
155362
155363
155364
155365
155366
155367
155368
155369
155370
155371
155395
155398
155399
155400
155401
155402
155403
155404
155405
155406
155407
155408
155409
155410
155411
155412
155602
155603
155604
155605
155606
155607
155608
155609
155611
155612
155623
155626
155627
155628
155629
155630
155631
155632
155633
155634
155660
155661
155662
155663
155664
155665
155666
155667
155669
155670
155716
155717
155718
155719
155720
155721
155722
155723
155725
155726
155771
155774
155775
155776
155777
155778
155779
155780
155781
155782
155783
155784
155817
155820
155821
155822
155823
155824
155825
155826
155827
155828
155829
155830
155831
155832
155833
155834
155835
155836
155860
155863
155864
155865
155866
155867
155868
155869
155870
155871
155872
155873
155874
155875
155876
155877
156067
156068
156069
156070
156071
156072
156073
156074
156076
156077
156088
156091
156092
156093
156094
156095
156096
156097
156098
156099
156125
156126
156127
156128
156129
156130
156131
156132
156134
156135
156181
156182
156183
156184
156185
156186
156187
156188
156190
156191
156236
156239
156240
156241
156242
156243
156244
156245
156246
156247
156248
156249
156282
156285
156286
156287
156288
156289
156290
156291
156292
156293
156294
156295
156296
156297
156298
156299
156300
156301
156325
156328
156329
156330
156331
156332
156333
156334
156335
156336
156337
156338
156339
156340
156341
156342
156532
156533
156534
156535
156536
156537
156538
156539
156541
156542
156553
156556
156557
156558
156559
156560
156561
156562
156563
156564
156590
156591
156592
156593
156594
156595
156596
156597
156599
156600
156646
156647
156648
156649
156650
156651
156652
156653
156655
156656
156701
156704
156705
156706
156707
156708
156709
156710
156711
156712
156713
156714
156747
156750
156751
156752
156753
156754
156755
156756
156757
156758
156759
156760
156761
156762
156763
156764
156765
156766
156790
156793
156794
156795
156796
156797
156798
156799
156800
156801
156802
156803
156804
156805
156806
156807
156997
156998
156999
157000
157001
157002
157003
157004
157006
157007
157018
157021
157022
157023
157024
157025
157026
157027
157028
157029
157055
157056
157057
157058
157059
157060
157061
157062
157064
157065
157111
157112
157113
157114
157115
157116
157117
157118
157120
157121
157166
157169
157170
157171
157172
157173
157174
157175
157176
157177
157178
157179
157212
157215
157216
157217
157218
157219
157220
157221
157222
157223
157224
157225
157226
157227
157228
157229
157230
157231
157255
157258
157259
157260
157261
157262
157263
157264
157265
157266
157267
157268
157269
157270
157271
157272
157462
157463
157464
157465
157466
157467
157468
157469
157471
157472
157483
157486
157487
157488
157489
157490
157491
157492
157493
157494
157520
157521
157522
157523
157524
157525
157526
157527
157529
157530
157576
157577
157578
157579
157580
157581
157582
157583
157585
157586
157631
157634
157635
157636
157637
157638
157639
157640
157641
157642
157643
157644
157677
157680
157681
157682
157683
157684
157685
157686
157687
157688
157689
157690
157691
157692
157693
157694
157695
157696
157720
157723
157724
157725
157726
157727
157728
157729
157730
157731
157732
157733
157734
157735
157736
157737
157927
157928
157929
157930
157931
157932
157933
157934
157936
157937
157948
157951
157952
157953
157954
157955
157956
157957
157958
157959
157985
157986
157987
157988
157989
157990
157991
157992
157994
157995
158041
158042
158043
158044
158045
158046
158047
158048
158050
158051
158096
158099
158100
158101
158102
158103
158104
158105
158106
158107
158108
158109
158142
158145
158146
158147
158148
158149
158150
158151
158152
158153
158154
158155
158156
158157
158158
158159
158160
158161
158185
158188
158189
158190
158191
158192
158193
158194
158195
158196
158197
158198
158199
158200
158201
158202
158392
158393
158394
158395
158396
158397
158398
158399
158401
158402
158413
158416
158417
158418
158419
158420
158421
158422
158423
158424
158450
158451
158452
158453
158454
158455
158456
158457
158459
158460
158506
158507
158508
158509
158510
158511
158512
158513
158515
158516
158561
158564
158565
158566
158567
158568
158569
158570
158571
158572
158573
158574
158607
158610
158611
158612
158613
158614
158615
158616
158617
158618
158619
158620
158621
158622
158623
158624
158625
158626
158650
158653
158654
158655
158656
158657
158658
158659
158660
158661
158662
158663
158664
158665
158666
158667
158857
158858
158859
158860
158861
158862
158863
158864
158866
158867
158878
158881
158882
158883
158884
158885
158886
158887
158888
158889
158915
158916
158917
158918
158919
158920
158921
158922
158924
158925
158971
158972
158973
158974
158975
158976
158977
158978
158980
158981
159026
159029
159030
159031
159032
159033
159034
159035
159036
159037
159038
159039
159072
159075
159076
159077
159078
159079
159080
159081
159082
159083
159084
159085
159086
159087
159088
159089
159090
159091
159115
159118
159119
159120
159121
159122
159123
159124
159125
159126
159127
159128
159129
159130
159131
159132
159322
159323
159324
159325
159326
159327
159328
159329
159331
159332
159343
159346
159347
159348
159349
159350
159351
159352
159353
159354
159380
159381
159382
159383
159384
159385
159386
159387
159389
159390
159436
159437
159438
159439
159440
159441
159442
159443
159445
159446
159491
159494
159495
159496
159497
159498
159499
159500
159501
159502
159503
159504
159537
159540
159541
159542
159543
159544
159545
159546
159547
159548
159549
159550
159551
159552
159553
159554
159555
159556
159580
159583
159584
159585
159586
159587
159588
159589
159590
159591
159592
159593
159594
159595
159596
159597
159787
159788
159789
159790
159791
159792
159793
159794
159796
159797
159808
159811
159812
159813
159814
159815
159816
159817
159818
159819
159845
159846
159847
159848
159849
159850
159851
159852
159854
159855
159901
159902
159903
159904
159905
159906
159907
159908
159910
159911
159956
159959
159960
159961
159962
159963
159964
159965
159966
159967
159968
159969
160002
160005
160006
160007
160008
160009
160010
160011
160012
160013
160014
160015
160016
160017
160018
160019
160020
160021
160045
160048
160049
160050
160051
160052
160053
160054
160055
160056
160057
160058
160059
160060
160061
160062
160252
160253
160254
160255
160256
160257
160258
160259
160261
160262
160273
160276
160277
160278
160279
160280
160281
160282
160283
160284
160310
160311
160312
160313
160314
160315
160316
160317
160319
160320
160366
160367
160368
160369
160370
160371
160372
160373
160375
160376
160421
160424
160425
160426
160427
160428
160429
160430
160431
160432
160433
160434
160467
160470
160471
160472
160473
160474
160475
160476
160477
160478
160479
160480
160481
160482
160483
160484
160485
160486
160510
160513
160514
160515
160516
160517
160518
160519
160520
160521
160522
160523
160524
160525
160526
160527
160717
160718
160719
160720
160721
160722
160723
160724
160726
160727
160738
160741
160742
160743
160744
160745
160746
160747
160748
160749
160775
160776
160777
160778
160779
160780
160781
160782
160784
160785
160831
160832
160833
160834
160835
160836
160837
160838
160840
160841
160886
160889
160890
160891
160892
160893
160894
160895
160896
160897
160898
160899
160932
160935
160936
160937
160938
160939
160940
160941
160942
160943
160944
160945
160946
160947
160948
160949
160950
160951
160975
160978
160979
160980
160981
160982
160983
160984
160985
160986
160987
160988
160989
160990
160991
160992
161182
161183
161184
161185
161186
161187
161188
161189
161191
161192
161203
161206
161207
161208
161209
161210
161211
161212
161213
161214
161240
161241
161242
161243
161244
161245
161246
161247
161249
161250
161296
161297
161298
161299
161300
161301
161302
161303
161305
161306
161351
161354
161355
161356
161357
161358
161359
161360
161361
161362
161363
161364
161397
161400
161401
161402
161403
161404
161405
161406
161407
161408
161409
161410
161411
161412
161413
161414
161415
161416
161440
161443
161444
161445
161446
161447
161448
161449
161450
161451
161452
161453
161454
161455
161456
161457
161647
161648
161649
161650
161651
161652
161653
161654
161656
161657
161668
161671
161672
161673
161674
161675
161676
161677
161678
161679
161705
161706
161707
161708
161709
161710
161711
161712
161714
161715
161761
161762
161763
161764
161765
161766
161767
161768
161770
161771
161816
161819
161820
161821
161822
161823
161824
161825
161826
161827
161828
161829
161862
161865
161866
161867
161868
161869
161870
161871
161872
161873
161874
161875
161876
161877
161878
161879
161880
161881
161905
161908
161909
161910
161911
161912
161913
161914
161915
161916
161917
161918
161919
161920
161921
161922
162112
162113
162114
162115
162116
162117
162118
162119
162121
162122
162133
162136
162137
162138
162139
162140
162141
162142
162143
162144
162170
162171
162172
162173
162174
162175
162176
162177
162179
162180
162226
162227
162228
162229
162230
162231
162232
162233
162235
162236
162281
162284
162285
162286
162287
162288
162289
162290
162291
162292
162293
162294
162327
162330
162331
162332
162333
162334
162335
162336
162337
162338
162339
162340
162341
162342
162343
162344
162345
162346
162370
162373
162374
162375
162376
162377
162378
162379
162380
162381
162382
162383
162384
162385
162386
162387
162577
162578
162579
162580
162581
162582
162583
162584
162586
162587
162598
162601
162602
162603
162604
162605
162606
162607
162608
162609
162635
162636
162637
162638
162639
162640
162641
162642
162644
162645
162691
162692
162693
162694
162695
162696
162697
162698
162700
162701
162746
162749
162750
162751
162752
162753
162754
162755
162756
162757
162758
162759
162792
162795
162796
162797
162798
162799
162800
162801
162802
162803
162804
162805
162806
162807
162808
162809
162810
162811
162835
162838
162839
162840
162841
162842
162843
162844
162845
162846
162847
162848
162849
162850
162851
162852
163042
163043
163044
163045
163046
163047
163048
163049
163051
163052
163063
163066
163067
163068
163069
163070
163071
163072
163073
163074
163100
163101
163102
163103
163104
163105
163106
163107
163109
163110
163156
163157
163158
163159
163160
163161
163162
163163
163165
163166
163211
163214
163215
163216
163217
163218
163219
163220
163221
163222
163223
163224
163257
163260
163261
163262
163263
163264
163265
163266
163267
163268
163269
163270
163271
163272
163273
163274
163275
163276
163300
163303
163304
163305
163306
163307
163308
163309
163310
163311
163312
163313
163314
163315
163316
163317
163507
163508
163509
163510
163511
163512
163513
163514
163516
163517
163528
163531
163532
163533
163534
163535
163536
163537
163538
163539
163565
163566
163567
163568
163569
163570
163571
163572
163574
163575
163621
163622
163623
163624
163625
163626
163627
163628
163630
163631
163676
163679
163680
163681
163682
163683
163684
163685
163686
163687
163688
163689
163722
163725
163726
163727
163728
163729
163730
163731
163732
163733
163734
163735
163736
163737
163738
163739
163740
163741
163765
163768
163769
163770
163771
163772
163773
163774
163775
163776
163777
163778
163779
163780
163781
163782
163972
163973
163974
163975
163976
163977
163978
163979
163981
163982
163993
163996
163997
163998
163999
164000
164001
164002
164003
164004
164030
164031
164032
164033
164034
164035
164036
164037
164039
164040
164086
164087
164088
164089
164090
164091
164092
164093
164095
164096
164141
164144
164145
164146
164147
164148
164149
164150
164151
164152
164153
164154
164187
164190
164191
164192
164193
164194
164195
164196
164197
164198
164199
164200
164201
164202
164203
164204
164205
164206
164230
164233
164234
164235
164236
164237
164238
164239
164240
164241
164242
164243
164244
164245
164246
164247
164437
164438
164439
164440
164441
164442
164443
164444
164446
164447
164458
164461
164462
164463
164464
164465
164466
164467
164468
164469
164495
164496
164497
164498
164499
164500
164501
164502
164504
164505
164551
164552
164553
164554
164555
164556
164557
164558
164560
164561
164606
164609
164610
164611
164612
164613
164614
164615
164616
164617
164618
164619
164652
164655
164656
164657
164658
164659
164660
164661
164662
164663
164664
164665
164666
164667
164668
164669
164670
164671
164695
164698
164699
164700
164701
164702
164703
164704
164705
164706
164707
164708
164709
164710
164711
164712
164902
164903
164904
164905
164906
164907
164908
164909
164911
164912
164923
164926
164927
164928
164929
164930
164931
164932
164933
164934
164960
164961
164962
164963
164964
164965
164966
164967
164969
164970
165016
165017
165018
165019
165020
165021
165022
165023
165025
165026
165071
165074
165075
165076
165077
165078
165079
165080
165081
165082
165083
165084
165117
165120
165121
165122
165123
165124
165125
165126
165127
165128
165129
165130
165131
165132
165133
165134
165135
165136
165160
165163
165164
165165
165166
165167
165168
165169
165170
165171
165172
165173
165174
165175
165176
165177
165367
165368
165369
165370
165371
165372
165373
165374
165376
165377
165388
165391
165392
165393
165394
165395
165396
165397
165398
165399
165425
165426
165427
165428
165429
165430
165431
165432
165434
165435
165481
165482
165483
165484
165485
165486
165487
165488
165490
165491
165536
165539
165540
165541
165542
165543
165544
165545
165546
165547
165548
165549
165582
165585
165586
165587
165588
165589
165590
165591
165592
165593
165594
165595
165596
165597
165598
165599
165600
165601
165625
165628
165629
165630
165631
165632
165633
165634
165635
165636
165637
165638
165639
165640
165641
165642
165832
165833
165834
165835
165836
165837
165838
165839
165841
165842
165853
165856
165857
165858
165859
165860
165861
165862
165863
165864
165890
165891
165892
165893
165894
165895
165896
165897
165899
165900
165946
165947
165948
165949
165950
165951
165952
165953
165955
165956
166001
166004
166005
166006
166007
166008
166009
166010
166011
166012
166013
166014
166047
166050
166051
166052
166053
166054
166055
166056
166057
166058
166059
166060
166061
166062
166063
166064
166065
166066
166090
166093
166094
166095
166096
166097
166098
166099
166100
166101
166102
166103
166104
166105
166106
166107
166297
166298
166299
166300
166301
166302
166303
166304
166306
166307
166318
166321
166322
166323
166324
166325
166326
166327
166328
166329
166355
166356
166357
166358
166359
166360
166361
166362
166364
166365
166411
166412
166413
166414
166415
166416
166417
166418
166420
166421
166466
166469
166470
166471
166472
166473
166474
166475
166476
166477
166478
166479
166512
166515
166516
166517
166518
166519
166520
166521
166522
166523
166524
166525
166526
166527
166528
166529
166530
166531
166555
166558
166559
166560
166561
166562
166563
166564
166565
166566
166567
166568
166569
166570
166571
166572
166762
166763
166764
166765
166766
166767
166768
166769
166771
166772
166783
166786
166787
166788
166789
166790
166791
166792
166793
166794
166820
166821
166822
166823
166824
166825
166826
166827
166829
166830
166876
166877
166878
166879
166880
166881
166882
166883
166885
166886
166931
166934
166935
166936
166937
166938
166939
166940
166941
166942
166943
166944
166977
166980
166981
166982
166983
166984
166985
166986
166987
166988
166989
166990
166991
166992
166993
166994
166995
166996
167020
167023
167024
167025
167026
167027
167028
167029
167030
167031
167032
167033
167034
167035
167036
167037
167227
167228
167229
167230
167231
167232
167233
167234
167236
167237
167248
167251
167252
167253
167254
167255
167256
167257
167258
167259
167285
167286
167287
167288
167289
167290
167291
167292
167294
167295
167341
167342
167343
167344
167345
167346
167347
167348
167350
167351
167396
167399
167400
167401
167402
167403
167404
167405
167406
167407
167408
167409
167442
167445
167446
167447
167448
167449
167450
167451
167452
167453
167454
167455
167456
167457
167458
167459
167460
167461
167485
167488
167489
167490
167491
167492
167493
167494
167495
167496
167497
167498
167499
167500
167501
167502
167692
167693
167694
167695
167696
167697
167698
167699
167701
167702
167713
167716
167717
167718
167719
167720
167721
167722
167723
167724
167750
167751
167752
167753
167754
167755
167756
167757
167759
167760
167806
167807
167808
167809
167810
167811
167812
167813
167815
167816
167861
167864
167865
167866
167867
167868
167869
167870
167871
167872
167873
167874
167907
167910
167911
167912
167913
167914
167915
167916
167917
167918
167919
167920
167921
167922
167923
167924
167925
167926
167950
167953
167954
167955
167956
167957
167958
167959
167960
167961
167962
167963
167964
167965
167966
167967
168157
168158
168159
168160
168161
168162
168163
168164
168166
168167
168178
168181
168182
168183
168184
168185
168186
168187
168188
168189
168215
168216
168217
168218
168219
168220
168221
168222
168224
168225
168271
168272
168273
168274
168275
168276
168277
168278
168280
168281
168326
168329
168330
168331
168332
168333
168334
168335
168336
168337
168338
168339
168372
168375
168376
168377
168378
168379
168380
168381
168382
168383
168384
168385
168386
168387
168388
168389
168390
168391
168415
168418
168419
168420
168421
168422
168423
168424
168425
168426
168427
168428
168429
168430
168431
168432
168622
168623
168624
168625
168626
168627
168628
168629
168631
168632
168643
168646
168647
168648
168649
168650
168651
168652
168653
168654
168680
168681
168682
168683
168684
168685
168686
168687
168689
168690
168736
168737
168738
168739
168740
168741
168742
168743
168745
168746
168791
168794
168795
168796
168797
168798
168799
168800
168801
168802
168803
168804
168837
168840
168841
168842
168843
168844
168845
168846
168847
168848
168849
168850
168851
168852
168853
168854
168855
168856
168880
168883
168884
168885
168886
168887
168888
168889
168890
168891
168892
168893
168894
168895
168896
168897
169087
169088
169089
169090
169091
169092
169093
169094
169096
169097
169108
169111
169112
169113
169114
169115
169116
169117
169118
169119
169145
169146
169147
169148
169149
169150
169151
169152
169154
169155
169201
169202
169203
169204
169205
169206
169207
169208
169210
169211
169256
169259
169260
169261
169262
169263
169264
169265
169266
169267
169268
169269
169302
169305
169306
169307
169308
169309
169310
169311
169312
169313
169314
169315
169316
169317
169318
169319
169320
169321
169345
169348
169349
169350
169351
169352
169353
169354
169355
169356
169357
169358
169359
169360
169361
169362
169552
169553
169554
169555
169556
169557
169558
169559
169561
169562
169573
169576
169577
169578
169579
169580
169581
169582
169583
169584
169610
169611
169612
169613
169614
169615
169616
169617
169619
169620
169666
169667
169668
169669
169670
169671
169672
169673
169675
169676
169721
169724
169725
169726
169727
169728
169729
169730
169731
169732
169733
169734
169767
169770
169771
169772
169773
169774
169775
169776
169777
169778
169779
169780
169781
169782
169783
169784
169785
169786
169810
169813
169814
169815
169816
169817
169818
169819
169820
169821
169822
169823
169824
169825
169826
169827
170017
170018
170019
170020
170021
170022
170023
170024
170026
170027
170038
170041
170042
170043
170044
170045
170046
170047
170048
170049
170075
170076
170077
170078
170079
170080
170081
170082
170084
170085
170131
170132
170133
170134
170135
170136
170137
170138
170140
170141
170186
170189
170190
170191
170192
170193
170194
170195
170196
170197
170198
170199
170232
170235
170236
170237
170238
170239
170240
170241
170242
170243
170244
170245
170246
170247
170248
170249
170250
170251
170275
170278
170279
170280
170281
170282
170283
170284
170285
170286
170287
170288
170289
170290
170291
170292
170482
170483
170484
170485
170486
170487
170488
170489
170491
170492
170503
170506
170507
170508
170509
170510
170511
170512
170513
170514
170540
170541
170542
170543
170544
170545
170546
170547
170549
170550
170596
170597
170598
170599
170600
170601
170602
170603
170605
170606
170651
170654
170655
170656
170657
170658
170659
170660
170661
170662
170663
170664
170697
170700
170701
170702
170703
170704
170705
170706
170707
170708
170709
170710
170711
170712
170713
170714
170715
170716
170740
170743
170744
170745
170746
170747
170748
170749
170750
170751
170752
170753
170754
170755
170756
170757
170947
170948
170949
170950
170951
170952
170953
170954
170956
170957
170968
170971
170972
170973
170974
170975
170976
170977
170978
170979
171005
171006
171007
171008
171009
171010
171011
171012
171014
171015
171061
171062
171063
171064
171065
171066
171067
171068
171070
171071
171116
171119
171120
171121
171122
171123
171124
171125
171126
171127
171128
171129
171162
171165
171166
171167
171168
171169
171170
171171
171172
171173
171174
171175
171176
171177
171178
171179
171180
171181
171205
171208
171209
171210
171211
171212
171213
171214
171215
171216
171217
171218
171219
171220
171221
171222
171412
171413
171414
171415
171416
171417
171418
171419
171421
171422
171433
171436
171437
171438
171439
171440
171441
171442
171443
171444
171470
171471
171472
171473
171474
171475
171476
171477
171479
171480
171526
171527
171528
171529
171530
171531
171532
171533
171535
171536
171581
171584
171585
171586
171587
171588
171589
171590
171591
171592
171593
171594
171627
171630
171631
171632
171633
171634
171635
171636
171637
171638
171639
171640
171641
171642
171643
171644
171645
171646
171670
171673
171674
171675
171676
171677
171678
171679
171680
171681
171682
171683
171684
171685
171686
171687
171877
171878
171879
171880
171881
171882
171883
171884
171886
171887
171898
171901
171902
171903
171904
171905
171906
171907
171908
171909
171935
171936
171937
171938
171939
171940
171941
171942
171944
171945
171991
171992
171993
171994
171995
171996
171997
171998
172000
172001
172046
172049
172050
172051
172052
172053
172054
172055
172056
172057
172058
172059
172092
172095
172096
172097
172098
172099
172100
172101
172102
172103
172104
172105
172106
172107
172108
172109
172110
172111
172135
172138
172139
172140
172141
172142
172143
172144
172145
172146
172147
172148
172149
172150
172151
172152
172342
172343
172344
172345
172346
172347
172348
172349
172351
172352
172363
172366
172367
172368
172369
172370
172371
172372
172373
172374
172400
172401
172402
172403
172404
172405
172406
172407
172409
172410
172456
172457
172458
172459
172460
172461
172462
172463
172465
172466
172511
172514
172515
172516
172517
172518
172519
172520
172521
172522
172523
172524
172557
172560
172561
172562
172563
172564
172565
172566
172567
172568
172569
172570
172571
172572
172573
172574
172575
172576
172600
172603
172604
172605
172606
172607
172608
172609
172610
172611
172612
172613
172614
172615
172616
172617
172807
172808
172809
172810
172811
172812
172813
172814
172816
172817
172828
172831
172832
172833
172834
172835
172836
172837
172838
172839
172865
172866
172867
172868
172869
172870
172871
172872
172874
172875
172921
172922
172923
172924
172925
172926
172927
172928
172930
172931
172976
172979
172980
172981
172982
172983
172984
172985
172986
172987
172988
172989
173022
173025
173026
173027
173028
173029
173030
173031
173032
173033
173034
173035
173036
173037
173038
173039
173040
173041
173065
173068
173069
173070
173071
173072
173073
173074
173075
173076
173077
173078
173079
173080
173081
173082
173272
173273
173274
173275
173276
173277
173278
173279
173281
173282
173293
173296
173297
173298
173299
173300
173301
173302
173303
173304
173330
173331
173332
173333
173334
173335
173336
173337
173339
173340
173386
173387
173388
173389
173390
173391
173392
173393
173395
173396
173441
173444
173445
173446
173447
173448
173449
173450
173451
173452
173453
173454
173487
173490
173491
173492
173493
173494
173495
173496
173497
173498
173499
173500
173501
173502
173503
173504
173505
173506
173530
173533
173534
173535
173536
173537
173538
173539
173540
173541
173542
173543
173544
173545
173546
173547
173737
173738
173739
173740
173741
173742
173743
173744
173746
173747
173758
173761
173762
173763
173764
173765
173766
173767
173768
173769
173795
173796
173797
173798
173799
173800
173801
173802
173804
173805
173851
173852
173853
173854
173855
173856
173857
173858
173860
173861
173906
173909
173910
173911
173912
173913
173914
173915
173916
173917
173918
173919
173952
173955
173956
173957
173958
173959
173960
173961
173962
173963
173964
173965
173966
173967
173968
173969
173970
173971
173995
173998
173999
174000
174001
174002
174003
174004
174005
174006
174007
174008
174009
174010
174011
174012
174202
174203
174204
174205
174206
174207
174208
174209
174211
174212
174223
174226
174227
174228
174229
174230
174231
174232
174233
174234
174260
174261
174262
174263
174264
174265
174266
174267
174269
174270
174316
174317
174318
174319
174320
174321
174322
174323
174325
174326
174371
174374
174375
174376
174377
174378
174379
174380
174381
174382
174383
174384
174417
174420
174421
174422
174423
174424
174425
174426
174427
174428
174429
174430
174431
174432
174433
174434
174435
174436
174460
174463
174464
174465
174466
174467
174468
174469
174470
174471
174472
174473
174474
174475
174476
174477
174667
174668
174669
174670
174671
174672
174673
174674
174676
174677
174688
174691
174692
174693
174694
174695
174696
174697
174698
174699
174725
174726
174727
174728
174729
174730
174731
174732
174734
174735
174781
174782
174783
174784
174785
174786
174787
174788
174790
174791
174836
174839
174840
174841
174842
174843
174844
174845
174846
174847
174848
174849
174882
174885
174886
174887
174888
174889
174890
174891
174892
174893
174894
174895
174896
174897
174898
174899
174900
174901
174925
174928
174929
174930
174931
174932
174933
174934
174935
174936
174937
174938
174939
174940
174941
174942
175132
175133
175134
175135
175136
175137
175138
175139
175141
175142
175153
175156
175157
175158
175159
175160
175161
175162
175163
175164
175190
175191
175192
175193
175194
175195
175196
175197
175199
175200
175246
175247
175248
175249
175250
175251
175252
175253
175255
175256
175301
175304
175305
175306
175307
175308
175309
175310
175311
175312
175313
175314
175347
175350
175351
175352
175353
175354
175355
175356
175357
175358
175359
175360
175361
175362
175363
175364
175365
175366
175390
175393
175394
175395
175396
175397
175398
175399
175400
175401
175402
175403
175404
175405
175406
175407
175597
175598
175599
175600
175601
175602
175603
175604
175606
175607
175618
175621
175622
175623
175624
175625
175626
175627
175628
175629
175655
175656
175657
175658
175659
175660
175661
175662
175664
175665
175711
175712
175713
175714
175715
175716
175717
175718
175720
175721
175766
175769
175770
175771
175772
175773
175774
175775
175776
175777
175778
175779
175812
175815
175816
175817
175818
175819
175820
175821
175822
175823
175824
175825
175826
175827
175828
175829
175830
175831
175855
175858
175859
175860
175861
175862
175863
175864
175865
175866
175867
175868
175869
175870
175871
175872
176062
176063
176064
176065
176066
176067
176068
176069
176071
176072
176083
176086
176087
176088
176089
176090
176091
176092
176093
176094
176120
176121
176122
176123
176124
176125
176126
176127
176129
176130
176176
176177
176178
176179
176180
176181
176182
176183
176185
176186
176231
176234
176235
176236
176237
176238
176239
176240
176241
176242
176243
176244
176277
176280
176281
176282
176283
176284
176285
176286
176287
176288
176289
176290
176291
176292
176293
176294
176295
176296
176320
176323
176324
176325
176326
176327
176328
176329
176330
176331
176332
176333
176334
176335
176336
176337
176527
176528
176529
176530
176531
176532
176533
176534
176536
176537
176548
176551
176552
176553
176554
176555
176556
176557
176558
176559
176585
176586
176587
176588
176589
176590
176591
176592
176594
176595
176641
176642
176643
176644
176645
176646
176647
176648
176650
176651
176696
176699
176700
176701
176702
176703
176704
176705
176706
176707
176708
176709
176742
176745
176746
176747
176748
176749
176750
176751
176752
176753
176754
176755
176756
176757
176758
176759
176760
176761
176785
176788
176789
176790
176791
176792
176793
176794
176795
176796
176797
176798
176799
176800
176801
176802
176992
176993
176994
176995
176996
176997
176998
176999
177001
177002
177013
177016
177017
177018
177019
177020
177021
177022
177023
177024
177050
177051
177052
177053
177054
177055
177056
177057
177059
177060
177106
177107
177108
177109
177110
177111
177112
177113
177115
177116
177161
177164
177165
177166
177167
177168
177169
177170
177171
177172
177173
177174
177207
177210
177211
177212
177213
177214
177215
177216
177217
177218
177219
177220
177221
177222
177223
177224
177225
177226
177250
177253
177254
177255
177256
177257
177258
177259
177260
177261
177262
177263
177264
177265
177266
177267
177457
177458
177459
177460
177461
177462
177463
177464
177466
177467
177478
177481
177482
177483
177484
177485
177486
177487
177488
177489
177515
177516
177517
177518
177519
177520
177521
177522
177524
177525
177571
177572
177573
177574
177575
177576
177577
177578
177580
177581
177626
177629
177630
177631
177632
177633
177634
177635
177636
177637
177638
177639
177672
177675
177676
177677
177678
177679
177680
177681
177682
177683
177684
177685
177686
177687
177688
177689
177690
177691
177715
177718
177719
177720
177721
177722
177723
177724
177725
177726
177727
177728
177729
177730
177731
177732
177922
177923
177924
177925
177926
177927
177928
177929
177931
177932
177943
177946
177947
177948
177949
177950
177951
177952
177953
177954
177980
177981
177982
177983
177984
177985
177986
177987
177989
177990
178036
178037
178038
178039
178040
178041
178042
178043
178045
178046
178091
178094
178095
178096
178097
178098
178099
178100
178101
178102
178103
178104
178137
178140
178141
178142
178143
178144
178145
178146
178147
178148
178149
178150
178151
178152
178153
178154
178155
178156
178180
178183
178184
178185
178186
178187
178188
178189
178190
178191
178192
178193
178194
178195
178196
178197
178387
178388
178389
178390
178391
178392
178393
178394
178396
178397
178408
178411
178412
178413
178414
178415
178416
178417
178418
178419
178445
178446
178447
178448
178449
178450
178451
178452
178454
178455
178501
178502
178503
178504
178505
178506
178507
178508
178510
178511
178556
178559
178560
178561
178562
178563
178564
178565
178566
178567
178568
178569
178602
178605
178606
178607
178608
178609
178610
178611
178612
178613
178614
178615
178616
178617
178618
178619
178620
178621
178645
178648
178649
178650
178651
178652
178653
178654
178655
178656
178657
178658
178659
178660
178661
178662
178852
178853
178854
178855
178856
178857
178858
178859
178861
178862
178873
178876
178877
178878
178879
178880
178881
178882
178883
178884
178910
178911
178912
178913
178914
178915
178916
178917
178919
178920
178966
178967
178968
178969
178970
178971
178972
178973
178975
178976
179021
179024
179025
179026
179027
179028
179029
179030
179031
179032
179033
179034
179067
179070
179071
179072
179073
179074
179075
179076
179077
179078
179079
179080
179081
179082
179083
179084
179085
179086
179110
179113
179114
179115
179116
179117
179118
179119
179120
179121
179122
179123
179124
179125
179126
179127
179317
179318
179319
179320
179321
179322
179323
179324
179326
179327
179338
179341
179342
179343
179344
179345
179346
179347
179348
179349
179375
179376
179377
179378
179379
179380
179381
179382
179384
179385
179431
179432
179433
179434
179435
179436
179437
179438
179440
179441
179486
179489
179490
179491
179492
179493
179494
179495
179496
179497
179498
179499
179532
179535
179536
179537
179538
179539
179540
179541
179542
179543
179544
179545
179546
179547
179548
179549
179550
179551
179575
179578
179579
179580
179581
179582
179583
179584
179585
179586
179587
179588
179589
179590
179591
179592
179782
179783
179784
179785
179786
179787
179788
179789
179791
179792
179803
179806
179807
179808
179809
179810
179811
179812
179813
179814
179840
179841
179842
179843
179844
179845
179846
179847
179849
179850
179896
179897
179898
179899
179900
179901
179902
179903
179905
179906
179951
179954
179955
179956
179957
179958
179959
179960
179961
179962
179963
179964
179997
180000
180001
180002
180003
180004
180005
180006
180007
180008
180009
180010
180011
180012
180013
180014
180015
180016
180040
180043
180044
180045
180046
180047
180048
180049
180050
180051
180052
180053
180054
180055
180056
180057
180247
180248
180249
180250
180251
180252
180253
180254
180256
180257
180268
180271
180272
180273
180274
180275
180276
180277
180278
180279
180305
180306
180307
180308
180309
180310
180311
180312
180314
180315
180361
180362
180363
180364
180365
180366
180367
180368
180370
180371
180416
180419
180420
180421
180422
180423
180424
180425
180426
180427
180428
180429
180462
180465
180466
180467
180468
180469
180470
180471
180472
180473
180474
180475
180476
180477
180478
180479
180480
180481
180505
180508
180509
180510
180511
180512
180513
180514
180515
180516
180517
180518
180519
180520
180521
180522
180712
180713
180714
180715
180716
180717
180718
180719
180721
180722
180733
180736
180737
180738
180739
180740
180741
180742
180743
180744
180770
180771
180772
180773
180774
180775
180776
180777
180779
180780
180826
180827
180828
180829
180830
180831
180832
180833
180835
180836
180881
180884
180885
180886
180887
180888
180889
180890
180891
180892
180893
180894
180927
180930
180931
180932
180933
180934
180935
180936
180937
180938
180939
180940
180941
180942
180943
180944
180945
180946
180970
180973
180974
180975
180976
180977
180978
180979
180980
180981
180982
180983
180984
180985
180986
180987
181177
181178
181179
181180
181181
181182
181183
181184
181186
181187
181198
181201
181202
181203
181204
181205
181206
181207
181208
181209
181235
181236
181237
181238
181239
181240
181241
181242
181244
181245
181291
181292
181293
181294
181295
181296
181297
181298
181300
181301
181346
181349
181350
181351
181352
181353
181354
181355
181356
181357
181358
181359
181392
181395
181396
181397
181398
181399
181400
181401
181402
181403
181404
181405
181406
181407
181408
181409
181410
181411
181435
181438
181439
181440
181441
181442
181443
181444
181445
181446
181447
181448
181449
181450
181451
181452
181642
181643
181644
181645
181646
181647
181648
181649
181651
181652
181663
181666
181667
181668
181669
181670
181671
181672
181673
181674
181700
181701
181702
181703
181704
181705
181706
181707
181709
181710
181756
181757
181758
181759
181760
181761
181762
181763
181765
181766
181811
181814
181815
181816
181817
181818
181819
181820
181821
181822
181823
181824
181857
181860
181861
181862
181863
181864
181865
181866
181867
181868
181869
181870
181871
181872
181873
181874
181875
181876
181900
181903
181904
181905
181906
181907
181908
181909
181910
181911
181912
181913
181914
181915
181916
181917
182107
182108
182109
182110
182111
182112
182113
182114
182116
182117
182128
182131
182132
182133
182134
182135
182136
182137
182138
182139
182165
182166
182167
182168
182169
182170
182171
182172
182174
182175
182221
182222
182223
182224
182225
182226
182227
182228
182230
182231
182276
182279
182280
182281
182282
182283
182284
182285
182286
182287
182288
182289
182322
182325
182326
182327
182328
182329
182330
182331
182332
182333
182334
182335
182336
182337
182338
182339
182340
182341
182365
182368
182369
182370
182371
182372
182373
182374
182375
182376
182377
182378
182379
182380
182381
182382
182572
182573
182574
182575
182576
182577
182578
182579
182581
182582
182593
182596
182597
182598
182599
182600
182601
182602
182603
182604
182630
182631
182632
182633
182634
182635
182636
182637
182639
182640
182686
182687
182688
182689
182690
182691
182692
182693
182695
182696
182741
182744
182745
182746
182747
182748
182749
182750
182751
182752
182753
182754
182787
182790
182791
182792
182793
182794
182795
182796
182797
182798
182799
182800
182801
182802
182803
182804
182805
182806
182830
182833
182834
182835
182836
182837
182838
182839
182840
182841
182842
182843
182844
182845
182846
182847
183037
183038
183039
183040
183041
183042
183043
183044
183046
183047
183058
183061
183062
183063
183064
183065
183066
183067
183068
183069
183095
183096
183097
183098
183099
183100
183101
183102
183104
183105
183151
183152
183153
183154
183155
183156
183157
183158
183160
183161
183206
183209
183210
183211
183212
183213
183214
183215
183216
183217
183218
183219
183252
183255
183256
183257
183258
183259
183260
183261
183262
183263
183264
183265
183266
183267
183268
183269
183270
183271
183295
183298
183299
183300
183301
183302
183303
183304
183305
183306
183307
183308
183309
183310
183311
183312
183502
183503
183504
183505
183506
183507
183508
183509
183511
183512
183523
183526
183527
183528
183529
183530
183531
183532
183533
183534
183560
183561
183562
183563
183564
183565
183566
183567
183569
183570
183616
183617
183618
183619
183620
183621
183622
183623
183625
183626
183671
183674
183675
183676
183677
183678
183679
183680
183681
183682
183683
183684
183717
183720
183721
183722
183723
183724
183725
183726
183727
183728
183729
183730
183731
183732
183733
183734
183735
183736
183760
183763
183764
183765
183766
183767
183768
183769
183770
183771
183772
183773
183774
183775
183776
183777
183967
183968
183969
183970
183971
183972
183973
183974
183976
183977
183988
183991
183992
183993
183994
183995
183996
183997
183998
183999
184025
184026
184027
184028
184029
184030
184031
184032
184034
184035
184081
184082
184083
184084
184085
184086
184087
184088
184090
184091
184136
184139
184140
184141
184142
184143
184144
184145
184146
184147
184148
184149
184182
184185
184186
184187
184188
184189
184190
184191
184192
184193
184194
184195
184196
184197
184198
184199
184200
184201
184225
184228
184229
184230
184231
184232
184233
184234
184235
184236
184237
184238
184239
184240
184241
184242
184432
184433
184434
184435
184436
184437
184438
184439
184441
184442
184453
184456
184457
184458
184459
184460
184461
184462
184463
184464
184490
184491
184492
184493
184494
184495
184496
184497
184499
184500
184546
184547
184548
184549
184550
184551
184552
184553
184555
184556
184601
184604
184605
184606
184607
184608
184609
184610
184611
184612
184613
184614
184647
184650
184651
184652
184653
184654
184655
184656
184657
184658
184659
184660
184661
184662
184663
184664
184665
184666
184690
184693
184694
184695
184696
184697
184698
184699
184700
184701
184702
184703
184704
184705
184706
184707
184897
184898
184899
184900
184901
184902
184903
184904
184906
184907
184918
184921
184922
184923
184924
184925
184926
184927
184928
184929
184955
184956
184957
184958
184959
184960
184961
184962
184964
184965
185011
185012
185013
185014
185015
185016
185017
185018
185020
185021
185066
185069
185070
185071
185072
185073
185074
185075
185076
185077
185078
185079
185112
185115
185116
185117
185118
185119
185120
185121
185122
185123
185124
185125
185126
185127
185128
185129
185130
185131
185155
185158
185159
185160
185161
185162
185163
185164
185165
185166
185167
185168
185169
185170
185171
185172
185362
185363
185364
185365
185366
185367
185368
185369
185371
185372
185383
185386
185387
185388
185389
185390
185391
185392
185393
185394
185420
185421
185422
185423
185424
185425
185426
185427
185429
185430
185476
185477
185478
185479
185480
185481
185482
185483
185485
185486
185531
185534
185535
185536
185537
185538
185539
185540
185541
185542
185543
185544
185577
185580
185581
185582
185583
185584
185585
185586
185587
185588
185589
185590
185591
185592
185593
185594
185595
185596
185620
185623
185624
185625
185626
185627
185628
185629
185630
185631
185632
185633
185634
185635
185636
185637
185827
185828
185829
185830
185831
185832
185833
185834
185836
185837
185848
185851
185852
185853
185854
185855
185856
185857
185858
185859
185885
185886
185887
185888
185889
185890
185891
185892
185894
185895
185941
185942
185943
185944
185945
185946
185947
185948
185950
185951
185996
185999
186000
186001
186002
186003
186004
186005
186006
186007
186008
186009
186042
186045
186046
186047
186048
186049
186050
186051
186052
186053
186054
186055
186056
186057
186058
186059
186060
186061
186085
186088
186089
186090
186091
186092
186093
186094
186095
186096
186097
186098
186099
186100
186101
186102
186292
186293
186294
186295
186296
186297
186298
186299
186301
186302
186313
186316
186317
186318
186319
186320
186321
186322
186323
186324
186350
186351
186352
186353
186354
186355
186356
186357
186359
186360
186406
186407
186408
186409
186410
186411
186412
186413
186415
186416
186461
186464
186465
186466
186467
186468
186469
186470
186471
186472
186473
186474
186507
186510
186511
186512
186513
186514
186515
186516
186517
186518
186519
186520
186521
186522
186523
186524
186525
186526
186550
186553
186554
186555
186556
186557
186558
186559
186560
186561
186562
186563
186564
186565
186566
186567
186757
186758
186759
186760
186761
186762
186763
186764
186766
186767
186778
186781
186782
186783
186784
186785
186786
186787
186788
186789
186815
186816
186817
186818
186819
186820
186821
186822
186824
186825
186871
186872
186873
186874
186875
186876
186877
186878
186880
186881
186926
186929
186930
186931
186932
186933
186934
186935
186936
186937
186938
186939
186972
186975
186976
186977
186978
186979
186980
186981
186982
186983
186984
186985
186986
186987
186988
186989
186990
186991
187015
187018
187019
187020
187021
187022
187023
187024
187025
187026
187027
187028
187029
187030
187031
187032
187222
187223
187224
187225
187226
187227
187228
187229
187231
187232
187243
187246
187247
187248
187249
187250
187251
187252
187253
187254
187280
187281
187282
187283
187284
187285
187286
187287
187289
187290
187336
187337
187338
187339
187340
187341
187342
187343
187345
187346
187391
187394
187395
187396
187397
187398
187399
187400
187401
187402
187403
187404
187437
187440
187441
187442
187443
187444
187445
187446
187447
187448
187449
187450
187451
187452
187453
187454
187455
187456
187480
187483
187484
187485
187486
187487
187488
187489
187490
187491
187492
187493
187494
187495
187496
187497
187687
187688
187689
187690
187691
187692
187693
187694
187696
187697
187708
187711
187712
187713
187714
187715
187716
187717
187718
187719
187745
187746
187747
187748
187749
187750
187751
187752
187754
187755
187801
187802
187803
187804
187805
187806
187807
187808
187810
187811
187856
187859
187860
187861
187862
187863
187864
187865
187866
187867
187868
187869
187902
187905
187906
187907
187908
187909
187910
187911
187912
187913
187914
187915
187916
187917
187918
187919
187920
187921
187945
187948
187949
187950
187951
187952
187953
187954
187955
187956
187957
187958
187959
187960
187961
187962
188152
188153
188154
188155
188156
188157
188158
188159
188161
188162
188173
188176
188177
188178
188179
188180
188181
188182
188183
188184
188210
188211
188212
188213
188214
188215
188216
188217
188219
188220
188266
188267
188268
188269
188270
188271
188272
188273
188275
188276
188321
188324
188325
188326
188327
188328
188329
188330
188331
188332
188333
188334
188367
188370
188371
188372
188373
188374
188375
188376
188377
188378
188379
188380
188381
188382
188383
188384
188385
188386
188410
188413
188414
188415
188416
188417
188418
188419
188420
188421
188422
188423
188424
188425
188426
188427
188617
188618
188619
188620
188621
188622
188623
188624
188626
188627
188638
188641
188642
188643
188644
188645
188646
188647
188648
188649
188675
188676
188677
188678
188679
188680
188681
188682
188684
188685
188731
188732
188733
188734
188735
188736
188737
188738
188740
188741
188786
188789
188790
188791
188792
188793
188794
188795
188796
188797
188798
188799
188832
188835
188836
188837
188838
188839
188840
188841
188842
188843
188844
188845
188846
188847
188848
188849
188850
188851
188875
188878
188879
188880
188881
188882
188883
188884
188885
188886
188887
188888
188889
188890
188891
188892
189082
189083
189084
189085
189086
189087
189088
189089
189091
189092
189103
189106
189107
189108
189109
189110
189111
189112
189113
189114
189140
189141
189142
189143
189144
189145
189146
189147
189149
189150
189196
189197
189198
189199
189200
189201
189202
189203
189205
189206
189251
189254
189255
189256
189257
189258
189259
189260
189261
189262
189263
189264
189297
189300
189301
189302
189303
189304
189305
189306
189307
189308
189309
189310
189311
189312
189313
189314
189315
189316
189340
189343
189344
189345
189346
189347
189348
189349
189350
189351
189352
189353
189354
189355
189356
189357
189547
189548
189549
189550
189551
189552
189553
189554
189556
189557
189568
189571
189572
189573
189574
189575
189576
189577
189578
189579
189605
189606
189607
189608
189609
189610
189611
189612
189614
189615
189661
189662
189663
189664
189665
189666
189667
189668
189670
189671
189716
189719
189720
189721
189722
189723
189724
189725
189726
189727
189728
189729
189762
189765
189766
189767
189768
189769
189770
189771
189772
189773
189774
189775
189776
189777
189778
189779
189780
189781
189805
189808
189809
189810
189811
189812
189813
189814
189815
189816
189817
189818
189819
189820
189821
189822
190012
190013
190014
190015
190016
190017
190018
190019
190021
190022
190033
190036
190037
190038
190039
190040
190041
190042
190043
190044
190070
190071
190072
190073
190074
190075
190076
190077
190079
190080
190126
190127
190128
190129
190130
190131
190132
190133
190135
190136
190181
190184
190185
190186
190187
190188
190189
190190
190191
190192
190193
190194
190227
190230
190231
190232
190233
190234
190235
190236
190237
190238
190239
190240
190241
190242
190243
190244
190245
190246
190270
190273
190274
190275
190276
190277
190278
190279
190280
190281
190282
190283
190284
190285
190286
190287
190477
190478
190479
190480
190481
190482
190483
190484
190486
190487
190498
190501
190502
190503
190504
190505
190506
190507
190508
190509
190535
190536
190537
190538
190539
190540
190541
190542
190544
190545
190591
190592
190593
190594
190595
190596
190597
190598
190600
190601
190646
190649
190650
190651
190652
190653
190654
190655
190656
190657
190658
190659
190692
190695
190696
190697
190698
190699
190700
190701
190702
190703
190704
190705
190706
190707
190708
190709
190710
190711
190735
190738
190739
190740
190741
190742
190743
190744
190745
190746
190747
190748
190749
190750
190751
190752
190942
190943
190944
190945
190946
190947
190948
190949
190951
190952
190963
190966
190967
190968
190969
190970
190971
190972
190973
190974
191000
191001
191002
191003
191004
191005
191006
191007
191009
191010
191056
191057
191058
191059
191060
191061
191062
191063
191065
191066
191111
191114
191115
191116
191117
191118
191119
191120
191121
191122
191123
191124
191157
191160
191161
191162
191163
191164
191165
191166
191167
191168
191169
191170
191171
191172
191173
191174
191175
191176
191200
191203
191204
191205
191206
191207
191208
191209
191210
191211
191212
191213
191214
191215
191216
191217
191407
191408
191409
191410
191411
191412
191413
191414
191416
191417
191428
191431
191432
191433
191434
191435
191436
191437
191438
191439
191465
191466
191467
191468
191469
191470
191471
191472
191474
191475
191521
191522
191523
191524
191525
191526
191527
191528
191530
191531
191576
191579
191580
191581
191582
191583
191584
191585
191586
191587
191588
191589
191622
191625
191626
191627
191628
191629
191630
191631
191632
191633
191634
191635
191636
191637
191638
191639
191640
191641
191665
191668
191669
191670
191671
191672
191673
191674
191675
191676
191677
191678
191679
191680
191681
191682
191872
191873
191874
191875
191876
191877
191878
191879
191881
191882
191893
191896
191897
191898
191899
191900
191901
191902
191903
191904
191930
191931
191932
191933
191934
191935
191936
191937
191939
191940
191986
191987
191988
191989
191990
191991
191992
191993
191995
191996
192041
192044
192045
192046
192047
192048
192049
192050
192051
192052
192053
192054
192087
192090
192091
192092
192093
192094
192095
192096
192097
192098
192099
192100
192101
192102
192103
192104
192105
192106
192130
192133
192134
192135
192136
192137
192138
192139
192140
192141
192142
192143
192144
192145
192146
192147
192337
192338
192339
192340
192341
192342
192343
192344
192346
192347
192358
192361
192362
192363
192364
192365
192366
192367
192368
192369
192395
192396
192397
192398
192399
192400
192401
192402
192404
192405
192451
192452
192453
192454
192455
192456
192457
192458
192460
192461
192506
192509
192510
192511
192512
192513
192514
192515
192516
192517
192518
192519
192552
192555
192556
192557
192558
192559
192560
192561
192562
192563
192564
192565
192566
192567
192568
192569
192570
192571
192595
192598
192599
192600
192601
192602
192603
192604
192605
192606
192607
192608
192609
192610
192611
192612
192802
192803
192804
192805
192806
192807
192808
192809
192811
192812
192823
192826
192827
192828
192829
192830
192831
192832
192833
192834
192860
192861
192862
192863
192864
192865
192866
192867
192869
192870
192916
192917
192918
192919
192920
192921
192922
192923
192925
192926
192971
192974
192975
192976
192977
192978
192979
192980
192981
192982
192983
192984
193017
193020
193021
193022
193023
193024
193025
193026
193027
193028
193029
193030
193031
193032
193033
193034
193035
193036
193060
193063
193064
193065
193066
193067
193068
193069
193070
193071
193072
193073
193074
193075
193076
193077
193267
193268
193269
193270
193271
193272
193273
193274
193276
193277
193288
193291
193292
193293
193294
193295
193296
193297
193298
193299
193325
193326
193327
193328
193329
193330
193331
193332
193334
193335
193381
193382
193383
193384
193385
193386
193387
193388
193390
193391
193436
193439
193440
193441
193442
193443
193444
193445
193446
193447
193448
193449
193482
193485
193486
193487
193488
193489
193490
193491
193492
193493
193494
193495
193496
193497
193498
193499
193500
193501
193525
193528
193529
193530
193531
193532
193533
193534
193535
193536
193537
193538
193539
193540
193541
193542
193732
193733
193734
193735
193736
193737
193738
193739
193741
193742
193753
193756
193757
193758
193759
193760
193761
193762
193763
193764
193790
193791
193792
193793
193794
193795
193796
193797
193799
193800
193846
193847
193848
193849
193850
193851
193852
193853
193855
193856
193901
193904
193905
193906
193907
193908
193909
193910
193911
193912
193913
193914
193947
193950
193951
193952
193953
193954
193955
193956
193957
193958
193959
193960
193961
193962
193963
193964
193965
193966
193990
193993
193994
193995
193996
193997
193998
193999
194000
194001
194002
194003
194004
194005
194006
194007
194197
194198
194199
194200
194201
194202
194203
194204
194206
194207
194218
194221
194222
194223
194224
194225
194226
194227
194228
194229
194255
194256
194257
194258
194259
194260
194261
194262
194264
194265
194311
194312
194313
194314
194315
194316
194317
194318
194320
194321
194366
194369
194370
194371
194372
194373
194374
194375
194376
194377
194378
194379
194412
194415
194416
194417
194418
194419
194420
194421
194422
194423
194424
194425
194426
194427
194428
194429
194430
194431
194455
194458
194459
194460
194461
194462
194463
194464
194465
194466
194467
194468
194469
194470
194471
194472
194662
194663
194664
194665
194666
194667
194668
194669
194671
194672
194683
194686
194687
194688
194689
194690
194691
194692
194693
194694
194720
194721
194722
194723
194724
194725
194726
194727
194729
194730
194776
194777
194778
194779
194780
194781
194782
194783
194785
194786
194831
194834
194835
194836
194837
194838
194839
194840
194841
194842
194843
194844
194877
194880
194881
194882
194883
194884
194885
194886
194887
194888
194889
194890
194891
194892
194893
194894
194895
194896
194920
194923
194924
194925
194926
194927
194928
194929
194930
194931
194932
194933
194934
194935
194936
194937
195127
195128
195129
195130
195131
195132
195133
195134
195136
195137
195148
195151
195152
195153
195154
195155
195156
195157
195158
195159
195185
195186
195187
195188
195189
195190
195191
195192
195194
195195
195241
195242
195243
195244
195245
195246
195247
195248
195250
195251
195296
195299
195300
195301
195302
195303
195304
195305
195306
195307
195308
195309
195342
195345
195346
195347
195348
195349
195350
195351
195352
195353
195354
195355
195356
195357
195358
195359
195360
195361
195385
195388
195389
195390
195391
195392
195393
195394
195395
195396
195397
195398
195399
195400
195401
195402
195592
195593
195594
195595
195596
195597
195598
195599
195601
195602
195613
195616
195617
195618
195619
195620
195621
195622
195623
195624
195650
195651
195652
195653
195654
195655
195656
195657
195659
195660
195706
195707
195708
195709
195710
195711
195712
195713
195715
195716
195761
195764
195765
195766
195767
195768
195769
195770
195771
195772
195773
195774
195807
195810
195811
195812
195813
195814
195815
195816
195817
195818
195819
195820
195821
195822
195823
195824
195825
195826
195850
195853
195854
195855
195856
195857
195858
195859
195860
195861
195862
195863
195864
195865
195866
195867
196057
196058
196059
196060
196061
196062
196063
196064
196066
196067
196078
196081
196082
196083
196084
196085
196086
196087
196088
196089
196115
196116
196117
196118
196119
196120
196121
196122
196124
196125
196171
196172
196173
196174
196175
196176
196177
196178
196180
196181
196226
196229
196230
196231
196232
196233
196234
196235
196236
196237
196238
196239
196272
196275
196276
196277
196278
196279
196280
196281
196282
196283
196284
196285
196286
196287
196288
196289
196290
196291
196315
196318
196319
196320
196321
196322
196323
196324
196325
196326
196327
196328
196329
196330
196331
196332
196522
196523
196524
196525
196526
196527
196528
196529
196531
196532
196543
196546
196547
196548
196549
196550
196551
196552
196553
196554
196580
196581
196582
196583
196584
196585
196586
196587
196589
196590
196636
196637
196638
196639
196640
196641
196642
196643
196645
196646
196691
196694
196695
196696
196697
196698
196699
196700
196701
196702
196703
196704
196737
196740
196741
196742
196743
196744
196745
196746
196747
196748
196749
196750
196751
196752
196753
196754
196755
196756
196780
196783
196784
196785
196786
196787
196788
196789
196790
196791
196792
196793
196794
196795
196796
196797
196987
196988
196989
196990
196991
196992
196993
196994
196996
196997
197008
197011
197012
197013
197014
197015
197016
197017
197018
197019
197045
197046
197047
197048
197049
197050
197051
197052
197054
197055
197101
197102
197103
197104
197105
197106
197107
197108
197110
197111
197156
197159
197160
197161
197162
197163
197164
197165
197166
197167
197168
197169
197202
197205
197206
197207
197208
197209
197210
197211
197212
197213
197214
197215
197216
197217
197218
197219
197220
197221
197245
197248
197249
197250
197251
197252
197253
197254
197255
197256
197257
197258
197259
197260
197261
197262
197452
197453
197454
197455
197456
197457
197458
197459
197461
197462
197473
197476
197477
197478
197479
197480
197481
197482
197483
197484
197510
197511
197512
197513
197514
197515
197516
197517
197519
197520
197566
197567
197568
197569
197570
197571
197572
197573
197575
197576
197621
197624
197625
197626
197627
197628
197629
197630
197631
197632
197633
197634
197667
197670
197671
197672
197673
197674
197675
197676
197677
197678
197679
197680
197681
197682
197683
197684
197685
197686
197710
197713
197714
197715
197716
197717
197718
197719
197720
197721
197722
197723
197724
197725
197726
197727
197917
197918
197919
197920
197921
197922
197923
197924
197926
197927
197938
197941
197942
197943
197944
197945
197946
197947
197948
197949
197975
197976
197977
197978
197979
197980
197981
197982
197984
197985
198031
198032
198033
198034
198035
198036
198037
198038
198040
198041
198086
198089
198090
198091
198092
198093
198094
198095
198096
198097
198098
198099
198132
198135
198136
198137
198138
198139
198140
198141
198142
198143
198144
198145
198146
198147
198148
198149
198150
198151
198175
198178
198179
198180
198181
198182
198183
198184
198185
198186
198187
198188
198189
198190
198191
198192
198382
198383
198384
198385
198386
198387
198388
198389
198391
198392
198403
198406
198407
198408
198409
198410
198411
198412
198413
198414
198440
198441
198442
198443
198444
198445
198446
198447
198449
198450
198496
198497
198498
198499
198500
198501
198502
198503
198505
198506
198551
198554
198555
198556
198557
198558
198559
198560
198561
198562
198563
198564
198597
198600
198601
198602
198603
198604
198605
198606
198607
198608
198609
198610
198611
198612
198613
198614
198615
198616
198640
198643
198644
198645
198646
198647
198648
198649
198650
198651
198652
198653
198654
198655
198656
198657
198847
198848
198849
198850
198851
198852
198853
198854
198856
198857
198868
198871
198872
198873
198874
198875
198876
198877
198878
198879
198905
198906
198907
198908
198909
198910
198911
198912
198914
198915
198961
198962
198963
198964
198965
198966
198967
198968
198970
198971
199016
199019
199020
199021
199022
199023
199024
199025
199026
199027
199028
199029
199062
199065
199066
199067
199068
199069
199070
199071
199072
199073
199074
199075
199076
199077
199078
199079
199080
199081
199105
199108
199109
199110
199111
199112
199113
199114
199115
199116
199117
199118
199119
199120
199121
199122
199312
199313
199314
199315
199316
199317
199318
199319
199321
199322
199333
199336
199337
199338
199339
199340
199341
199342
199343
199344
199370
199371
199372
199373
199374
199375
199376
199377
199379
199380
199426
199427
199428
199429
199430
199431
199432
199433
199435
199436
199481
199484
199485
199486
199487
199488
199489
199490
199491
199492
199493
199494
199527
199530
199531
199532
199533
199534
199535
199536
199537
199538
199539
199540
199541
199542
199543
199544
199545
199546
199570
199573
199574
199575
199576
199577
199578
199579
199580
199581
199582
199583
199584
199585
199586
199587
199777
199778
199779
199780
199781
199782
199783
199784
199786
199787
199798
199801
199802
199803
199804
199805
199806
199807
199808
199809
199835
199836
199837
199838
199839
199840
199841
199842
199844
199845
199891
199892
199893
199894
199895
199896
199897
199898
199900
199901
199946
199949
199950
199951
199952
199953
199954
199955
199956
199957
199958
199959
199992
199995
199996
199997
199998
199999
200000
200001
200002
200003
200004
200005
200006
200007
200008
200009
200010
200011
200035
200038
200039
200040
200041
200042
200043
200044
200045
200046
200047
200048
200049
200050
200051
200052
200242
200243
200244
200245
200246
200247
200248
200249
200251
200252
200263
200266
200267
200268
200269
200270
200271
200272
200273
200274
200300
200301
200302
200303
200304
200305
200306
200307
200309
200310
200356
200357
200358
200359
200360
200361
200362
200363
200365
200366
200411
200414
200415
200416
200417
200418
200419
200420
200421
200422
200423
200424
200457
200460
200461
200462
200463
200464
200465
200466
200467
200468
200469
200470
200471
200472
200473
200474
200475
200476
200500
200503
200504
200505
200506
200507
200508
200509
200510
200511
200512
200513
200514
200515
200516
200517
200707
200708
200709
200710
200711
200712
200713
200714
200716
200717
200728
200731
200732
200733
200734
200735
200736
200737
200738
200739
200765
200766
200767
200768
200769
200770
200771
200772
200774
200775
200821
200822
200823
200824
200825
200826
200827
200828
200830
200831
200876
200879
200880
200881
200882
200883
200884
200885
200886
200887
200888
200889
200922
200925
200926
200927
200928
200929
200930
200931
200932
200933
200934
200935
200936
200937
200938
200939
200940
200941
200965
200968
200969
200970
200971
200972
200973
200974
200975
200976
200977
200978
200979
200980
200981
200982
201172
201173
201174
201175
201176
201177
201178
201179
201181
201182
201193
201196
201197
201198
201199
201200
201201
201202
201203
201204
201230
201231
201232
201233
201234
201235
201236
201237
201239
201240
201286
201287
201288
201289
201290
201291
201292
201293
201295
201296
201341
201344
201345
201346
201347
201348
201349
201350
201351
201352
201353
201354
201387
201390
201391
201392
201393
201394
201395
201396
201397
201398
201399
201400
201401
201402
201403
201404
201405
201406
201430
201433
201434
201435
201436
201437
201438
201439
201440
201441
201442
201443
201444
201445
201446
201447
201637
201638
201639
201640
201641
201642
201643
201644
201646
201647
201658
201661
201662
201663
201664
201665
201666
201667
201668
201669
201695
201696
201697
201698
201699
201700
201701
201702
201704
201705
201751
201752
201753
201754
201755
201756
201757
201758
201760
201761
201806
201809
201810
201811
201812
201813
201814
201815
201816
201817
201818
201819
201852
201855
201856
201857
201858
201859
201860
201861
201862
201863
201864
201865
201866
201867
201868
201869
201870
201871
201895
201898
201899
201900
201901
201902
201903
201904
201905
201906
201907
201908
201909
201910
201911
201912
202102
202103
202104
202105
202106
202107
202108
202109
202111
202112
202123
202126
202127
202128
202129
202130
202131
202132
202133
202134
202160
202161
202162
202163
202164
202165
202166
202167
202169
202170
202216
202217
202218
202219
202220
202221
202222
202223
202225
202226
202271
202274
202275
202276
202277
202278
202279
202280
202281
202282
202283
202284
202317
202320
202321
202322
202323
202324
202325
202326
202327
202328
202329
202330
202331
202332
202333
202334
202335
202336
202360
202363
202364
202365
202366
202367
202368
202369
202370
202371
202372
202373
202374
202375
202376
202377
202567
202568
202569
202570
202571
202572
202573
202574
202576
202577
202588
202591
202592
202593
202594
202595
202596
202597
202598
202599
202625
202626
202627
202628
202629
202630
202631
202632
202634
202635
202681
202682
202683
202684
202685
202686
202687
202688
202690
202691
202736
202739
202740
202741
202742
202743
202744
202745
202746
202747
202748
202749
202782
202785
202786
202787
202788
202789
202790
202791
202792
202793
202794
202795
202796
202797
202798
202799
202800
202801
202825
202828
202829
202830
202831
202832
202833
202834
202835
202836
202837
202838
202839
202840
202841
202842
203032
203033
203034
203035
203036
203037
203038
203039
203041
203042
203053
203056
203057
203058
203059
203060
203061
203062
203063
203064
203090
203091
203092
203093
203094
203095
203096
203097
203099
203100
203146
203147
203148
203149
203150
203151
203152
203153
203155
203156
203201
203204
203205
203206
203207
203208
203209
203210
203211
203212
203213
203214
203247
203250
203251
203252
203253
203254
203255
203256
203257
203258
203259
203260
203261
203262
203263
203264
203265
203266
203290
203293
203294
203295
203296
203297
203298
203299
203300
203301
203302
203303
203304
203305
203306
203307
203497
203498
203499
203500
203501
203502
203503
203504
203506
203507
203518
203521
203522
203523
203524
203525
203526
203527
203528
203529
203555
203556
203557
203558
203559
203560
203561
203562
203564
203565
203611
203612
203613
203614
203615
203616
203617
203618
203620
203621
203666
203669
203670
203671
203672
203673
203674
203675
203676
203677
203678
203679
203712
203715
203716
203717
203718
203719
203720
203721
203722
203723
203724
203725
203726
203727
203728
203729
203730
203731
203755
203758
203759
203760
203761
203762
203763
203764
203765
203766
203767
203768
203769
203770
203771
203772
203962
203963
203964
203965
203966
203967
203968
203969
203971
203972
203983
203986
203987
203988
203989
203990
203991
203992
203993
203994
204020
204021
204022
204023
204024
204025
204026
204027
204029
204030
204076
204077
204078
204079
204080
204081
204082
204083
204085
204086
204131
204134
204135
204136
204137
204138
204139
204140
204141
204142
204143
204144
204177
204180
204181
204182
204183
204184
204185
204186
204187
204188
204189
204190
204191
204192
204193
204194
204195
204196
204220
204223
204224
204225
204226
204227
204228
204229
204230
204231
204232
204233
204234
204235
204236
204237
204427
204428
204429
204430
204431
204432
204433
204434
204436
204437
204448
204451
204452
204453
204454
204455
204456
204457
204458
204459
204485
204486
204487
204488
204489
204490
204491
204492
204494
204495
204541
204542
204543
204544
204545
204546
204547
204548
204550
204551
204596
204599
204600
204601
204602
204603
204604
204605
204606
204607
204608
204609
204642
204645
204646
204647
204648
204649
204650
204651
204652
204653
204654
204655
204656
204657
204658
204659
204660
204661
204685
204688
204689
204690
204691
204692
204693
204694
204695
204696
204697
204698
204699
204700
204701
204702
204892
204893
204894
204895
204896
204897
204898
204899
204901
204902
204913
204916
204917
204918
204919
204920
204921
204922
204923
204924
204950
204951
204952
204953
204954
204955
204956
204957
204959
204960
205006
205007
205008
205009
205010
205011
205012
205013
205015
205016
205061
205064
205065
205066
205067
205068
205069
205070
205071
205072
205073
205074
205107
205110
205111
205112
205113
205114
205115
205116
205117
205118
205119
205120
205121
205122
205123
205124
205125
205126
205150
205153
205154
205155
205156
205157
205158
205159
205160
205161
205162
205163
205164
205165
205166
205167
205357
205358
205359
205360
205361
205362
205363
205364
205366
205367
205378
205381
205382
205383
205384
205385
205386
205387
205388
205389
205415
205416
205417
205418
205419
205420
205421
205422
205424
205425
205471
205472
205473
205474
205475
205476
205477
205478
205480
205481
205526
205529
205530
205531
205532
205533
205534
205535
205536
205537
205538
205539
205572
205575
205576
205577
205578
205579
205580
205581
205582
205583
205584
205585
205586
205587
205588
205589
205590
205591
205615
205618
205619
205620
205621
205622
205623
205624
205625
205626
205627
205628
205629
205630
205631
205632
205822
205823
205824
205825
205826
205827
205828
205829
205831
205832
205843
205846
205847
205848
205849
205850
205851
205852
205853
205854
205880
205881
205882
205883
205884
205885
205886
205887
205889
205890
205936
205937
205938
205939
205940
205941
205942
205943
205945
205946
205991
205994
205995
205996
205997
205998
205999
206000
206001
206002
206003
206004
206037
206040
206041
206042
206043
206044
206045
206046
206047
206048
206049
206050
206051
206052
206053
206054
206055
206056
206080
206083
206084
206085
206086
206087
206088
206089
206090
206091
206092
206093
206094
206095
206096
206097
206287
206288
206289
206290
206291
206292
206293
206294
206296
206297
206308
206311
206312
206313
206314
206315
206316
206317
206318
206319
206345
206346
206347
206348
206349
206350
206351
206352
206354
206355
206401
206402
206403
206404
206405
206406
206407
206408
206410
206411
206456
206459
206460
206461
206462
206463
206464
206465
206466
206467
206468
206469
206502
206505
206506
206507
206508
206509
206510
206511
206512
206513
206514
206515
206516
206517
206518
206519
206520
206521
206545
206548
206549
206550
206551
206552
206553
206554
206555
206556
206557
206558
206559
206560
206561
206562
206752
206753
206754
206755
206756
206757
206758
206759
206761
206762
206773
206776
206777
206778
206779
206780
206781
206782
206783
206784
206810
206811
206812
206813
206814
206815
206816
206817
206819
206820
206866
206867
206868
206869
206870
206871
206872
206873
206875
206876
206921
206924
206925
206926
206927
206928
206929
206930
206931
206932
206933
206934
206967
206970
206971
206972
206973
206974
206975
206976
206977
206978
206979
206980
206981
206982
206983
206984
206985
206986
207010
207013
207014
207015
207016
207017
207018
207019
207020
207021
207022
207023
207024
207025
207026
207027
207217
207218
207219
207220
207221
207222
207223
207224
207226
207227
207238
207241
207242
207243
207244
207245
207246
207247
207248
207249
207275
207276
207277
207278
207279
207280
207281
207282
207284
207285
207331
207332
207333
207334
207335
207336
207337
207338
207340
207341
207386
207389
207390
207391
207392
207393
207394
207395
207396
207397
207398
207399
207432
207435
207436
207437
207438
207439
207440
207441
207442
207443
207444
207445
207446
207447
207448
207449
207450
207451
207475
207478
207479
207480
207481
207482
207483
207484
207485
207486
207487
207488
207489
207490
207491
207492
207682
207683
207684
207685
207686
207687
207688
207689
207691
207692
207703
207706
207707
207708
207709
207710
207711
207712
207713
207714
207740
207741
207742
207743
207744
207745
207746
207747
207749
207750
207796
207797
207798
207799
207800
207801
207802
207803
207805
207806
207851
207854
207855
207856
207857
207858
207859
207860
207861
207862
207863
207864
207897
207900
207901
207902
207903
207904
207905
207906
207907
207908
207909
207910
207911
207912
207913
207914
207915
207916
207940
207943
207944
207945
207946
207947
207948
207949
207950
207951
207952
207953
207954
207955
207956
207957
208147
208148
208149
208150
208151
208152
208153
208154
208156
208157
208168
208171
208172
208173
208174
208175
208176
208177
208178
208179
208205
208206
208207
208208
208209
208210
208211
208212
208214
208215
208261
208262
208263
208264
208265
208266
208267
208268
208270
208271
208316
208319
208320
208321
208322
208323
208324
208325
208326
208327
208328
208329
208362
208365
208366
208367
208368
208369
208370
208371
208372
208373
208374
208375
208376
208377
208378
208379
208380
208381
208405
208408
208409
208410
208411
208412
208413
208414
208415
208416
208417
208418
208419
208420
208421
208422
208612
208613
208614
208615
208616
208617
208618
208619
208621
208622
208633
208636
208637
208638
208639
208640
208641
208642
208643
208644
208670
208671
208672
208673
208674
208675
208676
208677
208679
208680
208726
208727
208728
208729
208730
208731
208732
208733
208735
208736
208781
208784
208785
208786
208787
208788
208789
208790
208791
208792
208793
208794
208827
208830
208831
208832
208833
208834
208835
208836
208837
208838
208839
208840
208841
208842
208843
208844
208845
208846
208870
208873
208874
208875
208876
208877
208878
208879
208880
208881
208882
208883
208884
208885
208886
208887
209077
209078
209079
209080
209081
209082
209083
209084
209086
209087
209098
209101
209102
209103
209104
209105
209106
209107
209108
209109
209135
209136
209137
209138
209139
209140
209141
209142
209144
209145
209191
209192
209193
209194
209195
209196
209197
209198
209200
209201
209246
209249
209250
209251
209252
209253
209254
209255
209256
209257
209258
209259
209292
209295
209296
209297
209298
209299
209300
209301
209302
209303
209304
209305
209306
209307
209308
209309
209310
209311
209335
209338
209339
209340
209341
209342
209343
209344
209345
209346
209347
209348
209349
209350
209351
209352
209542
209543
209544
209545
209546
209547
209548
209549
209551
209552
209563
209566
209567
209568
209569
209570
209571
209572
209573
209574
209600
209601
209602
209603
209604
209605
209606
209607
209609
209610
209656
209657
209658
209659
209660
209661
209662
209663
209665
209666
209711
209714
209715
209716
209717
209718
209719
209720
209721
209722
209723
209724
209757
209760
209761
209762
209763
209764
209765
209766
209767
209768
209769
209770
209771
209772
209773
209774
209775
209776
209800
209803
209804
209805
209806
209807
209808
209809
209810
209811
209812
209813
209814
209815
209816
209817
210007
210008
210009
210010
210011
210012
210013
210014
210016
210017
210028
210031
210032
210033
210034
210035
210036
210037
210038
210039
210065
210066
210067
210068
210069
210070
210071
210072
210074
210075
210121
210122
210123
210124
210125
210126
210127
210128
210130
210131
210176
210179
210180
210181
210182
210183
210184
210185
210186
210187
210188
210189
210222
210225
210226
210227
210228
210229
210230
210231
210232
210233
210234
210235
210236
210237
210238
210239
210240
210241
210265
210268
210269
210270
210271
210272
210273
210274
210275
210276
210277
210278
210279
210280
210281
210282
210472
210473
210474
210475
210476
210477
210478
210479
210481
210482
210493
210496
210497
210498
210499
210500
210501
210502
210503
210504
210530
210531
210532
210533
210534
210535
210536
210537
210539
210540
210586
210587
210588
210589
210590
210591
210592
210593
210595
210596
210641
210644
210645
210646
210647
210648
210649
210650
210651
210652
210653
210654
210687
210690
210691
210692
210693
210694
210695
210696
210697
210698
210699
210700
210701
210702
210703
210704
210705
210706
210730
210733
210734
210735
210736
210737
210738
210739
210740
210741
210742
210743
210744
210745
210746
210747
210937
210938
210939
210940
210941
210942
210943
210944
210946
210947
210958
210961
210962
210963
210964
210965
210966
210967
210968
210969
210995
210996
210997
210998
210999
211000
211001
211002
211004
211005
211051
211052
211053
211054
211055
211056
211057
211058
211060
211061
211106
211109
211110
211111
211112
211113
211114
211115
211116
211117
211118
211119
211152
211155
211156
211157
211158
211159
211160
211161
211162
211163
211164
211165
211166
211167
211168
211169
211170
211171
211195
211198
211199
211200
211201
211202
211203
211204
211205
211206
211207
211208
211209
211210
211211
211212
211402
211403
211404
211405
211406
211407
211408
211409
211411
211412
211423
211426
211427
211428
211429
211430
211431
211432
211433
211434
211460
211461
211462
211463
211464
211465
211466
211467
211469
211470
211516
211517
211518
211519
211520
211521
211522
211523
211525
211526
211571
211574
211575
211576
211577
211578
211579
211580
211581
211582
211583
211584
211617
211620
211621
211622
211623
211624
211625
211626
211627
211628
211629
211630
211631
211632
211633
211634
211635
211636
211660
211663
211664
211665
211666
211667
211668
211669
211670
211671
211672
211673
211674
211675
211676
211677
211867
211868
211869
211870
211871
211872
211873
211874
211876
211877
211888
211891
211892
211893
211894
211895
211896
211897
211898
211899
211925
211926
211927
211928
211929
211930
211931
211932
211934
211935
211981
211982
211983
211984
211985
211986
211987
211988
211990
211991
212036
212039
212040
212041
212042
212043
212044
212045
212046
212047
212048
212049
212082
212085
212086
212087
212088
212089
212090
212091
212092
212093
212094
212095
212096
212097
212098
212099
212100
212101
212125
212128
212129
212130
212131
212132
212133
212134
212135
212136
212137
212138
212139
212140
212141
212142
212332
212333
212334
212335
212336
212337
212338
212339
212341
212342
212353
212356
212357
212358
212359
212360
212361
212362
212363
212364
212390
212391
212392
212393
212394
212395
212396
212397
212399
212400
212446
212447
212448
212449
212450
212451
212452
212453
212455
212456
212501
212504
212505
212506
212507
212508
212509
212510
212511
212512
212513
212514
212547
212550
212551
212552
212553
212554
212555
212556
212557
212558
212559
212560
212561
212562
212563
212564
212565
212566
212590
212593
212594
212595
212596
212597
212598
212599
212600
212601
212602
212603
212604
212605
212606
212607
212797
212798
212799
212800
212801
212802
212803
212804
212806
212807
212818
212821
212822
212823
212824
212825
212826
212827
212828
212829
212855
212856
212857
212858
212859
212860
212861
212862
212864
212865
212911
212912
212913
212914
212915
212916
212917
212918
212920
212921
212966
212969
212970
212971
212972
212973
212974
212975
212976
212977
212978
212979
213012
213015
213016
213017
213018
213019
213020
213021
213022
213023
213024
213025
213026
213027
213028
213029
213030
213031
213055
213058
213059
213060
213061
213062
213063
213064
213065
213066
213067
213068
213069
213070
213071
213072
213262
213263
213264
213265
213266
213267
213268
213269
213271
213272
213283
213286
213287
213288
213289
213290
213291
213292
213293
213294
213320
213321
213322
213323
213324
213325
213326
213327
213329
213330
213376
213377
213378
213379
213380
213381
213382
213383
213385
213386
213431
213434
213435
213436
213437
213438
213439
213440
213441
213442
213443
213444
213477
213480
213481
213482
213483
213484
213485
213486
213487
213488
213489
213490
213491
213492
213493
213494
213495
213496
213520
213523
213524
213525
213526
213527
213528
213529
213530
213531
213532
213533
213534
213535
213536
213537
213727
213728
213729
213730
213731
213732
213733
213734
213736
213737
213748
213751
213752
213753
213754
213755
213756
213757
213758
213759
213785
213786
213787
213788
213789
213790
213791
213792
213794
213795
213841
213842
213843
213844
213845
213846
213847
213848
213850
213851
213896
213899
213900
213901
213902
213903
213904
213905
213906
213907
213908
213909
213942
213945
213946
213947
213948
213949
213950
213951
213952
213953
213954
213955
213956
213957
213958
213959
213960
213961
213985
213988
213989
213990
213991
213992
213993
213994
213995
213996
213997
213998
213999
214000
214001
214002
214192
214193
214194
214195
214196
214197
214198
214199
214201
214202
214213
214216
214217
214218
214219
214220
214221
214222
214223
214224
214250
214251
214252
214253
214254
214255
214256
214257
214259
214260
214306
214307
214308
214309
214310
214311
214312
214313
214315
214316
214361
214364
214365
214366
214367
214368
214369
214370
214371
214372
214373
214374
214407
214410
214411
214412
214413
214414
214415
214416
214417
214418
214419
214420
214421
214422
214423
214424
214425
214426
214450
214453
214454
214455
214456
214457
214458
214459
214460
214461
214462
214463
214464
214465
214466
214467
214657
214658
214659
214660
214661
214662
214663
214664
214666
214667
214678
214681
214682
214683
214684
214685
214686
214687
214688
214689
214715
214716
214717
214718
214719
214720
214721
214722
214724
214725
214771
214772
214773
214774
214775
214776
214777
214778
214780
214781
214826
214829
214830
214831
214832
214833
214834
214835
214836
214837
214838
214839
214872
214875
214876
214877
214878
214879
214880
214881
214882
214883
214884
214885
214886
214887
214888
214889
214890
214891
214915
214918
214919
214920
214921
214922
214923
214924
214925
214926
214927
214928
214929
214930
214931
214932
215122
215123
215124
215125
215126
215127
215128
215129
215131
215132
215143
215146
215147
215148
215149
215150
215151
215152
215153
215154
215180
215181
215182
215183
215184
215185
215186
215187
215189
215190
215236
215237
215238
215239
215240
215241
215242
215243
215245
215246
215291
215294
215295
215296
215297
215298
215299
215300
215301
215302
215303
215304
215337
215340
215341
215342
215343
215344
215345
215346
215347
215348
215349
215350
215351
215352
215353
215354
215355
215356
215380
215383
215384
215385
215386
215387
215388
215389
215390
215391
215392
215393
215394
215395
215396
215397
215587
215588
215589
215590
215591
215592
215593
215594
215596
215597
215608
215611
215612
215613
215614
215615
215616
215617
215618
215619
215645
215646
215647
215648
215649
215650
215651
215652
215654
215655
215701
215702
215703
215704
215705
215706
215707
215708
215710
215711
215756
215759
215760
215761
215762
215763
215764
215765
215766
215767
215768
215769
215802
215805
215806
215807
215808
215809
215810
215811
215812
215813
215814
215815
215816
215817
215818
215819
215820
215821
215845
215848
215849
215850
215851
215852
215853
215854
215855
215856
215857
215858
215859
215860
215861
215862
216052
216053
216054
216055
216056
216057
216058
216059
216061
216062
216073
216076
216077
216078
216079
216080
216081
216082
216083
216084
216110
216111
216112
216113
216114
216115
216116
216117
216119
216120
216166
216167
216168
216169
216170
216171
216172
216173
216175
216176
216221
216224
216225
216226
216227
216228
216229
216230
216231
216232
216233
216234
216267
216270
216271
216272
216273
216274
216275
216276
216277
216278
216279
216280
216281
216282
216283
216284
216285
216286
216310
216313
216314
216315
216316
216317
216318
216319
216320
216321
216322
216323
216324
216325
216326
216327
216517
216518
216519
216520
216521
216522
216523
216524
216526
216527
216538
216541
216542
216543
216544
216545
216546
216547
216548
216549
216575
216576
216577
216578
216579
216580
216581
216582
216584
216585
216631
216632
216633
216634
216635
216636
216637
216638
216640
216641
216686
216689
216690
216691
216692
216693
216694
216695
216696
216697
216698
216699
216732
216735
216736
216737
216738
216739
216740
216741
216742
216743
216744
216745
216746
216747
216748
216749
216750
216751
216775
216778
216779
216780
216781
216782
216783
216784
216785
216786
216787
216788
216789
216790
216791
216792
216982
216983
216984
216985
216986
216987
216988
216989
216991
216992
217003
217006
217007
217008
217009
217010
217011
217012
217013
217014
217040
217041
217042
217043
217044
217045
217046
217047
217049
217050
217096
217097
217098
217099
217100
217101
217102
217103
217105
217106
217151
217154
217155
217156
217157
217158
217159
217160
217161
217162
217163
217164
217197
217200
217201
217202
217203
217204
217205
217206
217207
217208
217209
217210
217211
217212
217213
217214
217215
217216
217240
217243
217244
217245
217246
217247
217248
217249
217250
217251
217252
217253
217254
217255
217256
217257
217447
217448
217449
217450
217451
217452
217453
217454
217456
217457
217468
217471
217472
217473
217474
217475
217476
217477
217478
217479
217505
217506
217507
217508
217509
217510
217511
217512
217514
217515
217561
217562
217563
217564
217565
217566
217567
217568
217570
217571
217616
217619
217620
217621
217622
217623
217624
217625
217626
217627
217628
217629
217662
217665
217666
217667
217668
217669
217670
217671
217672
217673
217674
217675
217676
217677
217678
217679
217680
217681
217705
217708
217709
217710
217711
217712
217713
217714
217715
217716
217717
217718
217719
217720
217721
217722
217912
217913
217914
217915
217916
217917
217918
217919
217921
217922
217933
217936
217937
217938
217939
217940
217941
217942
217943
217944
217970
217971
217972
217973
217974
217975
217976
217977
217979
217980
218026
218027
218028
218029
218030
218031
218032
218033
218035
218036
218081
218084
218085
218086
218087
218088
218089
218090
218091
218092
218093
218094
218127
218130
218131
218132
218133
218134
218135
218136
218137
218138
218139
218140
218141
218142
218143
218144
218145
218146
218170
218173
218174
218175
218176
218177
218178
218179
218180
218181
218182
218183
218184
218185
218186
218187
218377
218378
218379
218380
218381
218382
218383
218384
218386
218387
218398
218401
218402
218403
218404
218405
218406
218407
218408
218409
218435
218436
218437
218438
218439
218440
218441
218442
218444
218445
218491
218492
218493
218494
218495
218496
218497
218498
218500
218501
218546
218549
218550
218551
218552
218553
218554
218555
218556
218557
218558
218559
218592
218595
218596
218597
218598
218599
218600
218601
218602
218603
218604
218605
218606
218607
218608
218609
218610
218611
218635
218638
218639
218640
218641
218642
218643
218644
218645
218646
218647
218648
218649
218650
218651
218652
218842
218843
218844
218845
218846
218847
218848
218849
218851
218852
218863
218866
218867
218868
218869
218870
218871
218872
218873
218874
218900
218901
218902
218903
218904
218905
218906
218907
218909
218910
218956
218957
218958
218959
218960
218961
218962
218963
218965
218966
219011
219014
219015
219016
219017
219018
219019
219020
219021
219022
219023
219024
219057
219060
219061
219062
219063
219064
219065
219066
219067
219068
219069
219070
219071
219072
219073
219074
219075
219076
219100
219103
219104
219105
219106
219107
219108
219109
219110
219111
219112
219113
219114
219115
219116
219117
219307
219308
219309
219310
219311
219312
219313
219314
219316
219317
219328
219331
219332
219333
219334
219335
219336
219337
219338
219339
219365
219366
219367
219368
219369
219370
219371
219372
219374
219375
219421
219422
219423
219424
219425
219426
219427
219428
219430
219431
219476
219479
219480
219481
219482
219483
219484
219485
219486
219487
219488
219489
219522
219525
219526
219527
219528
219529
219530
219531
219532
219533
219534
219535
219536
219537
219538
219539
219540
219541
219565
219568
219569
219570
219571
219572
219573
219574
219575
219576
219577
219578
219579
219580
219581
219582
219772
219773
219774
219775
219776
219777
219778
219779
219781
219782
219793
219796
219797
219798
219799
219800
219801
219802
219803
219804
219830
219831
219832
219833
219834
219835
219836
219837
219839
219840
219886
219887
219888
219889
219890
219891
219892
219893
219895
219896
219941
219944
219945
219946
219947
219948
219949
219950
219951
219952
219953
219954
219987
219990
219991
219992
219993
219994
219995
219996
219997
219998
219999
220000
220001
220002
220003
220004
220005
220006
220030
220033
220034
220035
220036
220037
220038
220039
220040
220041
220042
220043
220044
220045
220046
220047
220237
220238
220239
220240
220241
220242
220243
220244
220246
220247
220258
220261
220262
220263
220264
220265
220266
220267
220268
220269
220295
220296
220297
220298
220299
220300
220301
220302
220304
220305
220351
220352
220353
220354
220355
220356
220357
220358
220360
220361
220406
220409
220410
220411
220412
220413
220414
220415
220416
220417
220418
220419
220452
220455
220456
220457
220458
220459
220460
220461
220462
220463
220464
220465
220466
220467
220468
220469
220470
220471
220495
220498
220499
220500
220501
220502
220503
220504
220505
220506
220507
220508
220509
220510
220511
220512
220702
220703
220704
220705
220706
220707
220708
220709
220711
220712
220723
220726
220727
220728
220729
220730
220731
220732
220733
220734
220760
220761
220762
220763
220764
220765
220766
220767
220769
220770
220816
220817
220818
220819
220820
220821
220822
220823
220825
220826
220871
220874
220875
220876
220877
220878
220879
220880
220881
220882
220883
220884
220917
220920
220921
220922
220923
220924
220925
220926
220927
220928
220929
220930
220931
220932
220933
220934
220935
220936
220960
220963
220964
220965
220966
220967
220968
220969
220970
220971
220972
220973
220974
220975
220976
220977
221167
221168
221169
221170
221171
221172
221173
221174
221176
221177
221188
221191
221192
221193
221194
221195
221196
221197
221198
221199
221225
221226
221227
221228
221229
221230
221231
221232
221234
221235
221281
221282
221283
221284
221285
221286
221287
221288
221290
221291
221336
221339
221340
221341
221342
221343
221344
221345
221346
221347
221348
221349
221382
221385
221386
221387
221388
221389
221390
221391
221392
221393
221394
221395
221396
221397
221398
221399
221400
221401
221425
221428
221429
221430
221431
221432
221433
221434
221435
221436
221437
221438
221439
221440
221441
221442
221632
221633
221634
221635
221636
221637
221638
221639
221641
221642
221653
221656
221657
221658
221659
221660
221661
221662
221663
221664
221690
221691
221692
221693
221694
221695
221696
221697
221699
221700
221746
221747
221748
221749
221750
221751
221752
221753
221755
221756
221801
221804
221805
221806
221807
221808
221809
221810
221811
221812
221813
221814
221847
221850
221851
221852
221853
221854
221855
221856
221857
221858
221859
221860
221861
221862
221863
221864
221865
221866
221890
221893
221894
221895
221896
221897
221898
221899
221900
221901
221902
221903
221904
221905
221906
221907
222097
222098
222099
222100
222101
222102
222103
222104
222106
222107
222118
222121
222122
222123
222124
222125
222126
222127
222128
222129
222155
222156
222157
222158
222159
222160
222161
222162
222164
222165
222211
222212
222213
222214
222215
222216
222217
222218
222220
222221
222266
222269
222270
222271
222272
222273
222274
222275
222276
222277
222278
222279
222312
222315
222316
222317
222318
222319
222320
222321
222322
222323
222324
222325
222326
222327
222328
222329
222330
222331
222355
222358
222359
222360
222361
222362
222363
222364
222365
222366
222367
222368
222369
222370
222371
222372
222562
222563
222564
222565
222566
222567
222568
222569
222571
222572
222583
222586
222587
222588
222589
222590
222591
222592
222593
222594
222620
222621
222622
222623
222624
222625
222626
222627
222629
222630
222676
222677
222678
222679
222680
222681
222682
222683
222685
222686
222731
222734
222735
222736
222737
222738
222739
222740
222741
222742
222743
222744
222777
222780
222781
222782
222783
222784
222785
222786
222787
222788
222789
222790
222791
222792
222793
222794
222795
222796
222820
222823
222824
222825
222826
222827
222828
222829
222830
222831
222832
222833
222834
222835
222836
222837
223027
223028
223029
223030
223031
223032
223033
223034
223036
223037
223048
223051
223052
223053
223054
223055
223056
223057
223058
223059
223085
223086
223087
223088
223089
223090
223091
223092
223094
223095
223141
223142
223143
223144
223145
223146
223147
223148
223150
223151
223196
223199
223200
223201
223202
223203
223204
223205
223206
223207
223208
223209
223242
223245
223246
223247
223248
223249
223250
223251
223252
223253
223254
223255
223256
223257
223258
223259
223260
223261
223285
223288
223289
223290
223291
223292
223293
223294
223295
223296
223297
223298
223299
223300
223301
223302
223492
223493
223494
223495
223496
223497
223498
223499
223501
223502
223513
223516
223517
223518
223519
223520
223521
223522
223523
223524
223550
223551
223552
223553
223554
223555
223556
223557
223559
223560
223606
223607
223608
223609
223610
223611
223612
223613
223615
223616
223661
223664
223665
223666
223667
223668
223669
223670
223671
223672
223673
223674
223707
223710
223711
223712
223713
223714
223715
223716
223717
223718
223719
223720
223721
223722
223723
223724
223725
223726
223750
223753
223754
223755
223756
223757
223758
223759
223760
223761
223762
223763
223764
223765
223766
223767
223957
223958
223959
223960
223961
223962
223963
223964
223966
223967
223978
223981
223982
223983
223984
223985
223986
223987
223988
223989
224015
224016
224017
224018
224019
224020
224021
224022
224024
224025
224071
224072
224073
224074
224075
224076
224077
224078
224080
224081
224126
224129
224130
224131
224132
224133
224134
224135
224136
224137
224138
224139
224172
224175
224176
224177
224178
224179
224180
224181
224182
224183
224184
224185
224186
224187
224188
224189
224190
224191
224215
224218
224219
224220
224221
224222
224223
224224
224225
224226
224227
224228
224229
224230
224231
224232
224422
224423
224424
224425
224426
224427
224428
224429
224431
224432
224443
224446
224447
224448
224449
224450
224451
224452
224453
224454
224480
224481
224482
224483
224484
224485
224486
224487
224489
224490
224536
224537
224538
224539
224540
224541
224542
224543
224545
224546
224591
224594
224595
224596
224597
224598
224599
224600
224601
224602
224603
224604
224637
224640
224641
224642
224643
224644
224645
224646
224647
224648
224649
224650
224651
224652
224653
224654
224655
224656
224680
224683
224684
224685
224686
224687
224688
224689
224690
224691
224692
224693
224694
224695
224696
224697
224887
224888
224889
224890
224891
224892
224893
224894
224896
224897
224908
224911
224912
224913
224914
224915
224916
224917
224918
224919
224945
224946
224947
224948
224949
224950
224951
224952
224954
224955
225001
225002
225003
225004
225005
225006
225007
225008
225010
225011
225056
225059
225060
225061
225062
225063
225064
225065
225066
225067
225068
225069
225102
225105
225106
225107
225108
225109
225110
225111
225112
225113
225114
225115
225116
225117
225118
225119
225120
225121
225145
225148
225149
225150
225151
225152
225153
225154
225155
225156
225157
225158
225159
225160
225161
225162
225352
225353
225354
225355
225356
225357
225358
225359
225361
225362
225373
225376
225377
225378
225379
225380
225381
225382
225383
225384
225410
225411
225412
225413
225414
225415
225416
225417
225419
225420
225466
225467
225468
225469
225470
225471
225472
225473
225475
225476
225521
225524
225525
225526
225527
225528
225529
225530
225531
225532
225533
225534
225567
225570
225571
225572
225573
225574
225575
225576
225577
225578
225579
225580
225581
225582
225583
225584
225585
225586
225610
225613
225614
225615
225616
225617
225618
225619
225620
225621
225622
225623
225624
225625
225626
225627
225817
225818
225819
225820
225821
225822
225823
225824
225826
225827
225838
225841
225842
225843
225844
225845
225846
225847
225848
225849
225875
225876
225877
225878
225879
225880
225881
225882
225884
225885
225931
225932
225933
225934
225935
225936
225937
225938
225940
225941
225986
225989
225990
225991
225992
225993
225994
225995
225996
225997
225998
225999
226032
226035
226036
226037
226038
226039
226040
226041
226042
226043
226044
226045
226046
226047
226048
226049
226050
226051
226075
226078
226079
226080
226081
226082
226083
226084
226085
226086
226087
226088
226089
226090
226091
226092
226282
226283
226284
226285
226286
226287
226288
226289
226291
226292
226303
226306
226307
226308
226309
226310
226311
226312
226313
226314
226340
226341
226342
226343
226344
226345
226346
226347
226349
226350
226396
226397
226398
226399
226400
226401
226402
226403
226405
226406
226451
226454
226455
226456
226457
226458
226459
226460
226461
226462
226463
226464
226497
226500
226501
226502
226503
226504
226505
226506
226507
226508
226509
226510
226511
226512
226513
226514
226515
226516
226540
226543
226544
226545
226546
226547
226548
226549
226550
226551
226552
226553
226554
226555
226556
226557
226747
226748
226749
226750
226751
226752
226753
226754
226756
226757
226768
226771
226772
226773
226774
226775
226776
226777
226778
226779
226805
226806
226807
226808
226809
226810
226811
226812
226814
226815
226861
226862
226863
226864
226865
226866
226867
226868
226870
226871
226916
226919
226920
226921
226922
226923
226924
226925
226926
226927
226928
226929
226962
226965
226966
226967
226968
226969
226970
226971
226972
226973
226974
226975
226976
226977
226978
226979
226980
226981
227005
227008
227009
227010
227011
227012
227013
227014
227015
227016
227017
227018
227019
227020
227021
227022
227212
227213
227214
227215
227216
227217
227218
227219
227221
227222
227233
227236
227237
227238
227239
227240
227241
227242
227243
227244
227270
227271
227272
227273
227274
227275
227276
227277
227279
227280
227326
227327
227328
227329
227330
227331
227332
227333
227335
227336
227381
227384
227385
227386
227387
227388
227389
227390
227391
227392
227393
227394
227427
227430
227431
227432
227433
227434
227435
227436
227437
227438
227439
227440
227441
227442
227443
227444
227445
227446
227470
227473
227474
227475
227476
227477
227478
227479
227480
227481
227482
227483
227484
227485
227486
227487
227677
227678
227679
227680
227681
227682
227683
227684
227686
227687
227698
227701
227702
227703
227704
227705
227706
227707
227708
227709
227735
227736
227737
227738
227739
227740
227741
227742
227744
227745
227791
227792
227793
227794
227795
227796
227797
227798
227800
227801
227846
227849
227850
227851
227852
227853
227854
227855
227856
227857
227858
227859
227892
227895
227896
227897
227898
227899
227900
227901
227902
227903
227904
227905
227906
227907
227908
227909
227910
227911
227935
227938
227939
227940
227941
227942
227943
227944
227945
227946
227947
227948
227949
227950
227951
227952
228142
228143
228144
228145
228146
228147
228148
228149
228151
228152
228163
228166
228167
228168
228169
228170
228171
228172
228173
228174
228200
228201
228202
228203
228204
228205
228206
228207
228209
228210
228256
228257
228258
228259
228260
228261
228262
228263
228265
228266
228311
228314
228315
228316
228317
228318
228319
228320
228321
228322
228323
228324
228357
228360
228361
228362
228363
228364
228365
228366
228367
228368
228369
228370
228371
228372
228373
228374
228375
228376
228400
228403
228404
228405
228406
228407
228408
228409
228410
228411
228412
228413
228414
228415
228416
228417
228607
228608
228609
228610
228611
228612
228613
228614
228616
228617
228628
228631
228632
228633
228634
228635
228636
228637
228638
228639
228665
228666
228667
228668
228669
228670
228671
228672
228674
228675
228721
228722
228723
228724
228725
228726
228727
228728
228730
228731
228776
228779
228780
228781
228782
228783
228784
228785
228786
228787
228788
228789
228822
228825
228826
228827
228828
228829
228830
228831
228832
228833
228834
228835
228836
228837
228838
228839
228840
228841
228865
228868
228869
228870
228871
228872
228873
228874
228875
228876
228877
228878
228879
228880
228881
228882
229072
229073
229074
229075
229076
229077
229078
229079
229081
229082
229093
229096
229097
229098
229099
229100
229101
229102
229103
229104
229130
229131
229132
229133
229134
229135
229136
229137
229139
229140
229186
229187
229188
229189
229190
229191
229192
229193
229195
229196
229241
229244
229245
229246
229247
229248
229249
229250
229251
229252
229253
229254
229287
229290
229291
229292
229293
229294
229295
229296
229297
229298
229299
229300
229301
229302
229303
229304
229305
229306
229330
229333
229334
229335
229336
229337
229338
229339
229340
229341
229342
229343
229344
229345
229346
229347
229537
229538
229539
229540
229541
229542
229543
229544
229546
229547
229558
229561
229562
229563
229564
229565
229566
229567
229568
229569
229595
229596
229597
229598
229599
229600
229601
229602
229604
229605
229651
229652
229653
229654
229655
229656
229657
229658
229660
229661
229706
229709
229710
229711
229712
229713
229714
229715
229716
229717
229718
229719
229752
229755
229756
229757
229758
229759
229760
229761
229762
229763
229764
229765
229766
229767
229768
229769
229770
229771
229795
229798
229799
229800
229801
229802
229803
229804
229805
229806
229807
229808
229809
229810
229811
229812
230002
230003
230004
230005
230006
230007
230008
230009
230011
230012
230023
230026
230027
230028
230029
230030
230031
230032
230033
230034
230060
230061
230062
230063
230064
230065
230066
230067
230069
230070
230116
230117
230118
230119
230120
230121
230122
230123
230125
230126
230171
230174
230175
230176
230177
230178
230179
230180
230181
230182
230183
230184
230217
230220
230221
230222
230223
230224
230225
230226
230227
230228
230229
230230
230231
230232
230233
230234
230235
230236
230260
230263
230264
230265
230266
230267
230268
230269
230270
230271
230272
230273
230274
230275
230276
230277
230467
230468
230469
230470
230471
230472
230473
230474
230476
230477
230488
230491
230492
230493
230494
230495
230496
230497
230498
230499
230525
230526
230527
230528
230529
230530
230531
230532
230534
230535
230581
230582
230583
230584
230585
230586
230587
230588
230590
230591
230636
230639
230640
230641
230642
230643
230644
230645
230646
230647
230648
230649
230682
230685
230686
230687
230688
230689
230690
230691
230692
230693
230694
230695
230696
230697
230698
230699
230700
230701
230725
230728
230729
230730
230731
230732
230733
230734
230735
230736
230737
230738
230739
230740
230741
230742
230932
230933
230934
230935
230936
230937
230938
230939
230941
230942
230953
230956
230957
230958
230959
230960
230961
230962
230963
230964
230990
230991
230992
230993
230994
230995
230996
230997
230999
231000
231046
231047
231048
231049
231050
231051
231052
231053
231055
231056
231101
231104
231105
231106
231107
231108
231109
231110
231111
231112
231113
231114
231147
231150
231151
231152
231153
231154
231155
231156
231157
231158
231159
231160
231161
231162
231163
231164
231165
231166
231190
231193
231194
231195
231196
231197
231198
231199
231200
231201
231202
231203
231204
231205
231206
231207
231397
231398
231399
231400
231401
231402
231403
231404
231406
231407
231418
231421
231422
231423
231424
231425
231426
231427
231428
231429
231455
231456
231457
231458
231459
231460
231461
231462
231464
231465
231511
231512
231513
231514
231515
231516
231517
231518
231520
231521
231566
231569
231570
231571
231572
231573
231574
231575
231576
231577
231578
231579
231612
231615
231616
231617
231618
231619
231620
231621
231622
231623
231624
231625
231626
231627
231628
231629
231630
231631
231655
231658
231659
231660
231661
231662
231663
231664
231665
231666
231667
231668
231669
231670
231671
231672
231862
231863
231864
231865
231866
231867
231868
231869
231871
231872
231883
231886
231887
231888
231889
231890
231891
231892
231893
231894
231920
231921
231922
231923
231924
231925
231926
231927
231929
231930
231976
231977
231978
231979
231980
231981
231982
231983
231985
231986
232031
232034
232035
232036
232037
232038
232039
232040
232041
232042
232043
232044
232077
232080
232081
232082
232083
232084
232085
232086
232087
232088
232089
232090
232091
232092
232093
232094
232095
232096
232120
232123
232124
232125
232126
232127
232128
232129
232130
232131
232132
232133
232134
232135
232136
232137
232327
232328
232329
232330
232331
232332
232333
232334
232336
232337
232348
232351
232352
232353
232354
232355
232356
232357
232358
232359
232385
232386
232387
232388
232389
232390
232391
232392
232394
232395
232441
232442
232443
232444
232445
232446
232447
232448
232450
232451
232496
232499
232500
232501
232502
232503
232504
232505
232506
232507
232508
232509
232542
232545
232546
232547
232548
232549
232550
232551
232552
232553
232554
232555
232556
232557
232558
232559
232560
232561
232585
232588
232589
232590
232591
232592
232593
232594
232595
232596
232597
232598
232599
232600
232601
232602
232791
232792
232793
232794
232795
232797
232804
232806
232807
232808
232809
232810
232827
232828
232829
232830
232831
232833
232863
232864
232865
232866
232867
232869
232897
232899
232900
232901
232902
232903
232904
232905
232925
232927
232928
232929
232930
232931
232932
232933
232934
232935
232936
232937
232952
232954
232955
232956
232957
232958
232959
232960
232961
232962
232963
233077
233078
233079
233080
233081
233082
233083
233084
233085
233086
233088
233089
233103
233104
233105
233106
233108
233109
233137
233140
233141
233142
233143
233144
233145
233146
233189
233192
233193
233194
233195
233196
233197
233198
233199
233200
233235
233236
233237
233238
233239
233240
233241
233242
233243
233244
233245
233246
233248
233249
233268
233271
233272
233273
233274
233275
233276
233277
233278
233279
233280
233281
233282
233283
233284
233285
233307
233310
233312
233313
233315
233316
233318
233319
233321
233461
233462
233463
233464
233465
233466
233467
233468
233469
233470
233472
233473
233487
233488
233489
233490
233492
233493
233521
233524
233525
233526
233527
233528
233529
233530
233573
233576
233577
233578
233579
233580
233581
233582
233583
233584
233619
233620
233621
233622
233623
233624
233625
233626
233627
233628
233629
233630
233632
233633
233652
233655
233656
233657
233658
233659
233660
233661
233662
233663
233664
233665
233666
233667
233668
233669
233691
233694
233696
233697
233699
233700
233702
233703
233705
233845
233846
233847
233848
233849
233850
233851
233852
233853
233854
233856
233857
233871
233872
233873
233874
233876
233877
233905
233908
233909
233910
233911
233912
233913
233914
233957
233960
233961
233962
233963
233964
233965
233966
233967
233968
234003
234004
234005
234006
234007
234008
234009
234010
234011
234012
234013
234014
234016
234017
234036
234039
234040
234041
234042
234043
234044
234045
234046
234047
234048
234049
234050
234051
234052
234053
234075
234078
234080
234081
234083
234084
234086
234087
234089
234229
234230
234231
234232
234233
234234
234235
234236
234237
234238
234240
234241
234255
234256
234257
234258
234260
234261
234289
234292
234293
234294
234295
234296
234297
234298
234341
234344
234345
234346
234347
234348
234349
234350
234351
234352
234387
234388
234389
234390
234391
234392
234393
234394
234395
234396
234397
234398
234400
234401
234420
234423
234424
234425
234426
234427
234428
234429
234430
234431
234432
234433
234434
234435
234436
234437
234459
234462
234464
234465
234467
234468
234470
234471
234473
234613
234614
234615
234616
234617
234618
234619
234620
234621
234622
234624
234625
234639
234640
234641
234642
234644
234645
234673
234676
234677
234678
234679
234680
234681
234682
234725
234728
234729
234730
234731
234732
234733
234734
234735
234736
234771
234772
234773
234774
234775
234776
234777
234778
234779
234780
234781
234782
234784
234785
234804
234807
234808
234809
234810
234811
234812
234813
234814
234815
234816
234817
234818
234819
234820
234821
234843
234846
234848
234849
234851
234852
234854
234855
234857
234997
234998
234999
235000
235001
235002
235003
235004
235005
235006
235008
235009
235023
235024
235025
235026
235028
235029
235057
235060
235061
235062
235063
235064
235065
235066
235109
235112
235113
235114
235115
235116
235117
235118
235119
235120
235155
235156
235157
235158
235159
235160
235161
235162
235163
235164
235165
235166
235168
235169
235188
235191
235192
235193
235194
235195
235196
235197
235198
235199
235200
235201
235202
235203
235204
235205
235227
235230
235232
235233
235235
235236
235238
235239
235241
235381
235382
235383
235384
235385
235386
235387
235388
235389
235390
235392
235393
235407
235408
235409
235410
235412
235413
235441
235444
235445
235446
235447
235448
235449
235450
235493
235496
235497
235498
235499
235500
235501
235502
235503
235504
235539
235540
235541
235542
235543
235544
235545
235546
235547
235548
235549
235550
235552
235553
235572
235575
235576
235577
235578
235579
235580
235581
235582
235583
235584
235585
235586
235587
235588
235589
235611
235614
235616
235617
235619
235620
235622
235623
235625
235765
235766
235767
235768
235769
235770
235771
235772
235773
235774
235776
235777
235791
235792
235793
235794
235796
235797
235825
235828
235829
235830
235831
235832
235833
235834
235877
235880
235881
235882
235883
235884
235885
235886
235887
235888
235923
235924
235925
235926
235927
235928
235929
235930
235931
235932
235933
235934
235936
235937
235956
235959
235960
235961
235962
235963
235964
235965
235966
235967
235968
235969
235970
235971
235972
235973
235995
235998
236000
236001
236003
236004
236006
236007
236009
236149
236150
236151
236152
236153
236154
236155
236156
236157
236158
236160
236161
236175
236176
236177
236178
236180
236181
236209
236212
236213
236214
236215
236216
236217
236218
236261
236264
236265
236266
236267
236268
236269
236270
236271
236272
236307
236308
236309
236310
236311
236312
236313
236314
236315
236316
236317
236318
236320
236321
236340
236343
236344
236345
236346
236347
236348
236349
236350
236351
236352
236353
236354
236355
236356
236357
236379
236382
236384
236385
236387
236388
236390
236391
236393
236533
236534
236535
236536
236537
236538
236539
236540
236541
236542
236544
236545
236559
236560
236561
236562
236564
236565
236593
236596
236597
236598
236599
236600
236601
236602
236645
236648
236649
236650
236651
236652
236653
236654
236655
236656
236691
236692
236693
236694
236695
236696
236697
236698
236699
236700
236701
236702
236704
236705
236724
236727
236728
236729
236730
236731
236732
236733
236734
236735
236736
236737
236738
236739
236740
236741
236763
236766
236768
236769
236771
236772
236774
236775
236777
236917
236918
236919
236920
236921
236922
236923
236924
236925
236926
236928
236929
236943
236944
236945
236946
236948
236949
236977
236980
236981
236982
236983
236984
236985
236986
237029
237032
237033
237034
237035
237036
237037
237038
237039
237040
237075
237076
237077
237078
237079
237080
237081
237082
237083
237084
237085
237086
237088
237089
237108
237111
237112
237113
237114
237115
237116
237117
237118
237119
237120
237121
237122
237123
237124
237125
237147
237150
237152
237153
237155
237156
237158
237159
237161
237301
237302
237303
237304
237305
237306
237307
237308
237309
237310
237312
237313
237327
237328
237329
237330
237332
237333
237361
237364
237365
237366
237367
237368
237369
237370
237413
237416
237417
237418
237419
237420
237421
237422
237423
237424
237459
237460
237461
237462
237463
237464
237465
237466
237467
237468
237469
237470
237472
237473
237492
237495
237496
237497
237498
237499
237500
237501
237502
237503
237504
237505
237506
237507
237508
237509
237531
237534
237536
237537
237539
237540
237542
237543
237545
237685
237686
237687
237688
237689
237690
237691
237692
237693
237694
237696
237697
237711
237712
237713
237714
237716
237717
237745
237748
237749
237750
237751
237752
237753
237754
237797
237800
237801
237802
237803
237804
237805
237806
237807
237808
237843
237844
237845
237846
237847
237848
237849
237850
237851
237852
237853
237854
237856
237857
237876
237879
237880
237881
237882
237883
237884
237885
237886
237887
237888
237889
237890
237891
237892
237893
237915
237918
237920
237921
237923
237924
237926
237927
237929
238069
238070
238071
238072
238073
238074
238075
238076
238077
238078
238080
238081
238095
238096
238097
238098
238100
238101
238129
238132
238133
238134
238135
238136
238137
238138
238181
238184
238185
238186
238187
238188
238189
238190
238191
238192
238227
238228
238229
238230
238231
238232
238233
238234
238235
238236
238237
238238
238240
238241
238260
238263
238264
238265
238266
238267
238268
238269
238270
238271
238272
238273
238274
238275
238276
238277
238299
238302
238304
238305
238307
238308
238310
238311
238313
238453
238454
238455
238456
238457
238458
238459
238460
238461
238462
238464
238465
238479
238480
238481
238482
238484
238485
238513
238516
238517
238518
238519
238520
238521
238522
238565
238568
238569
238570
238571
238572
238573
238574
238575
238576
238611
238612
238613
238614
238615
238616
238617
238618
238619
238620
238621
238622
238624
238625
238644
238647
238648
238649
238650
238651
238652
238653
238654
238655
238656
238657
238658
238659
238660
238661
238683
238686
238688
238689
238691
238692
238694
238695
238697
238837
238838
238839
238840
238841
238842
238843
238844
238845
238846
238848
238849
238863
238864
238865
238866
238868
238869
238897
238900
238901
238902
238903
238904
238905
238906
238949
238952
238953
238954
238955
238956
238957
238958
238959
238960
238995
238996
238997
238998
238999
239000
239001
239002
239003
239004
239005
239006
239008
239009
239028
239031
239032
239033
239034
239035
239036
239037
239038
239039
239040
239041
239042
239043
239044
239045
239067
239070
239072
239073
239075
239076
239078
239079
239081
239221
239222
239223
239224
239225
239226
239227
239228
239229
239230
239232
239233
239247
239248
239249
239250
239252
239253
239281
239284
239285
239286
239287
239288
239289
239290
239333
239336
239337
239338
239339
239340
239341
239342
239343
239344
239379
239380
239381
239382
239383
239384
239385
239386
239387
239388
239389
239390
239392
239393
239412
239415
239416
239417
239418
239419
239420
239421
239422
239423
239424
239425
239426
239427
239428
239429
239451
239454
239456
239457
239459
239460
239462
239463
239465
239605
239606
239607
239608
239609
239610
239611
239612
239613
239614
239616
239617
239631
239632
239633
239634
239636
239637
239665
239668
239669
239670
239671
239672
239673
239674
239717
239720
239721
239722
239723
239724
239725
239726
239727
239728
239763
239764
239765
239766
239767
239768
239769
239770
239771
239772
239773
239774
239776
239777
239796
239799
239800
239801
239802
239803
239804
239805
239806
239807
239808
239809
239810
239811
239812
239813
239835
239838
239840
239841
239843
239844
239846
239847
239849
239989
239990
239991
239992
239993
239994
239995
239996
239997
239998
240000
240001
240015
240016
240017
240018
240020
240021
240049
240052
240053
240054
240055
240056
240057
240058
240101
240104
240105
240106
240107
240108
240109
240110
240111
240112
240147
240148
240149
240150
240151
240152
240153
240154
240155
240156
240157
240158
240160
240161
240180
240183
240184
240185
240186
240187
240188
240189
240190
240191
240192
240193
240194
240195
240196
240197
240219
240222
240224
240225
240227
240228
240230
240231
240233
240373
240374
240375
240376
240377
240378
240379
240380
240381
240382
240384
240385
240399
240400
240401
240402
240404
240405
240433
240436
240437
240438
240439
240440
240441
240442
240485
240488
240489
240490
240491
240492
240493
240494
240495
240496
240531
240532
240533
240534
240535
240536
240537
240538
240539
240540
240541
240542
240544
240545
240564
240567
240568
240569
240570
240571
240572
240573
240574
240575
240576
240577
240578
240579
240580
240581
240603
240606
240608
240609
240611
240612
240614
240615
240617
240757
240758
240759
240760
240761
240762
240763
240764
240765
240766
240768
240769
240783
240784
240785
240786
240788
240789
240817
240820
240821
240822
240823
240824
240825
240826
240869
240872
240873
240874
240875
240876
240877
240878
240879
240880
240915
240916
240917
240918
240919
240920
240921
240922
240923
240924
240925
240926
240928
240929
240948
240951
240952
240953
240954
240955
240956
240957
240958
240959
240960
240961
240962
240963
240964
240965
240987
240990
240992
240993
240995
240996
240998
240999
241001
241141
241142
241143
241144
241145
241146
241147
241148
241149
241150
241152
241153
241167
241168
241169
241170
241172
241173
241201
241204
241205
241206
241207
241208
241209
241210
241253
241256
241257
241258
241259
241260
241261
241262
241263
241264
241299
241300
241301
241302
241303
241304
241305
241306
241307
241308
241309
241310
241312
241313
241332
241335
241336
241337
241338
241339
241340
241341
241342
241343
241344
241345
241346
241347
241348
241349
241371
241374
241376
241377
241379
241380
241382
241383
241385
241525
241526
241527
241528
241529
241530
241531
241532
241533
241534
241536
241537
241551
241552
241553
241554
241556
241557
241585
241588
241589
241590
241591
241592
241593
241594
241637
241640
241641
241642
241643
241644
241645
241646
241647
241648
241683
241684
241685
241686
241687
241688
241689
241690
241691
241692
241693
241694
241696
241697
241716
241719
241720
241721
241722
241723
241724
241725
241726
241727
241728
241729
241730
241731
241732
241733
241755
241758
241760
241761
241763
241764
241766
241767
241769
241909
241910
241911
241912
241913
241914
241915
241916
241917
241918
241920
241921
241935
241936
241937
241938
241940
241941
241969
241972
241973
241974
241975
241976
241977
241978
242021
242024
242025
242026
242027
242028
242029
242030
242031
242032
242067
242068
242069
242070
242071
242072
242073
242074
242075
242076
242077
242078
242080
242081
242100
242103
242104
242105
242106
242107
242108
242109
242110
242111
242112
242113
242114
242115
242116
242117
242139
242142
242144
242145
242147
242148
242150
242151
242153
242293
242294
242295
242296
242297
242298
242299
242300
242301
242302
242304
242305
242319
242320
242321
242322
242324
242325
242353
242356
242357
242358
242359
242360
242361
242362
242405
242408
242409
242410
242411
242412
242413
242414
242415
242416
242451
242452
242453
242454
242455
242456
242457
242458
242459
242460
242461
242462
242464
242465
242484
242487
242488
242489
242490
242491
242492
242493
242494
242495
242496
242497
242498
242499
242500
242501
242523
242526
242528
242529
242531
242532
242534
242535
242537
242677
242678
242679
242680
242681
242682
242683
242684
242685
242686
242688
242689
242703
242704
242705
242706
242708
242709
242737
242740
242741
242742
242743
242744
242745
242746
242789
242792
242793
242794
242795
242796
242797
242798
242799
242800
242835
242836
242837
242838
242839
242840
242841
242842
242843
242844
242845
242846
242848
242849
242868
242871
242872
242873
242874
242875
242876
242877
242878
242879
242880
242881
242882
242883
242884
242885
242907
242910
242912
242913
242915
242916
242918
242919
242921
243061
243062
243063
243064
243065
243066
243067
243068
243069
243070
243072
243073
243087
243088
243089
243090
243092
243093
243121
243124
243125
243126
243127
243128
243129
243130
243173
243176
243177
243178
243179
243180
243181
243182
243183
243184
243219
243220
243221
243222
243223
243224
243225
243226
243227
243228
243229
243230
243232
243233
243252
243255
243256
243257
243258
243259
243260
243261
243262
243263
243264
243265
243266
243267
243268
243269
243291
243294
243296
243297
243299
243300
243302
243303
243305
243445
243446
243447
243448
243449
243450
243451
243452
243453
243454
243456
243457
243471
243472
243473
243474
243476
243477
243505
243508
243509
243510
243511
243512
243513
243514
243557
243560
243561
243562
243563
243564
243565
243566
243567
243568
243603
243604
243605
243606
243607
243608
243609
243610
243611
243612
243613
243614
243616
243617
243636
243639
243640
243641
243642
243643
243644
243645
243646
243647
243648
243649
243650
243651
243652
243653
243675
243678
243680
243681
243683
243684
243686
243687
243689
243829
243830
243831
243832
243833
243834
243835
243836
243837
243838
243840
243841
243855
243856
243857
243858
243860
243861
243889
243892
243893
243894
243895
243896
243897
243898
243941
243944
243945
243946
243947
243948
243949
243950
243951
243952
243987
243988
243989
243990
243991
243992
243993
243994
243995
243996
243997
243998
244000
244001
244020
244023
244024
244025
244026
244027
244028
244029
244030
244031
244032
244033
244034
244035
244036
244037
244059
244062
244064
244065
244067
244068
244070
244071
244073
244213
244214
244215
244216
244217
244218
244219
244220
244221
244222
244224
244225
244239
244240
244241
244242
244244
244245
244273
244276
244277
244278
244279
244280
244281
244282
244325
244328
244329
244330
244331
244332
244333
244334
244335
244336
244371
244372
244373
244374
244375
244376
244377
244378
244379
244380
244381
244382
244384
244385
244404
244407
244408
244409
244410
244411
244412
244413
244414
244415
244416
244417
244418
244419
244420
244421
244443
244446
244448
244449
244451
244452
244454
244455
244457
244597
244598
244599
244600
244601
244602
244603
244604
244605
244606
244608
244609
244623
244624
244625
244626
244628
244629
244657
244660
244661
244662
244663
244664
244665
244666
244709
244712
244713
244714
244715
244716
244717
244718
244719
244720
244755
244756
244757
244758
244759
244760
244761
244762
244763
244764
244765
244766
244768
244769
244788
244791
244792
244793
244794
244795
244796
244797
244798
244799
244800
244801
244802
244803
244804
244805
244827
244830
244832
244833
244835
244836
244838
244839
244841
244981
244982
244983
244984
244985
244986
244987
244988
244989
244990
244992
244993
245007
245008
245009
245010
245012
245013
245041
245044
245045
245046
245047
245048
245049
245050
245093
245096
245097
245098
245099
245100
245101
245102
245103
245104
245139
245140
245141
245142
245143
245144
245145
245146
245147
245148
245149
245150
245152
245153
245172
245175
245176
245177
245178
245179
245180
245181
245182
245183
245184
245185
245186
245187
245188
245189
245211
245214
245216
245217
245219
245220
245222
245223
245225
245365
245366
245367
245368
245369
245370
245371
245372
245373
245374
245376
245377
245391
245392
245393
245394
245396
245397
245425
245428
245429
245430
245431
245432
245433
245434
245477
245480
245481
245482
245483
245484
245485
245486
245487
245488
245523
245524
245525
245526
245527
245528
245529
245530
245531
245532
245533
245534
245536
245537
245556
245559
245560
245561
245562
245563
245564
245565
245566
245567
245568
245569
245570
245571
245572
245573
245595
245598
245600
245601
245603
245604
245606
245607
245609
245749
245750
245751
245752
245753
245754
245755
245756
245757
245758
245760
245761
245775
245776
245777
245778
245780
245781
245809
245812
245813
245814
245815
245816
245817
245818
245861
245864
245865
245866
245867
245868
245869
245870
245871
245872
245907
245908
245909
245910
245911
245912
245913
245914
245915
245916
245917
245918
245920
245921
245940
245943
245944
245945
245946
245947
245948
245949
245950
245951
245952
245953
245954
245955
245956
245957
245979
245982
245984
245985
245987
245988
245990
245991
245993
246133
246134
246135
246136
246137
246138
246139
246140
246141
246142
246144
246145
246159
246160
246161
246162
246164
246165
246193
246196
246197
246198
246199
246200
246201
246202
246245
246248
246249
246250
246251
246252
246253
246254
246255
246256
246291
246292
246293
246294
246295
246296
246297
246298
246299
246300
246301
246302
246304
246305
246324
246327
246328
246329
246330
246331
246332
246333
246334
246335
246336
246337
246338
246339
246340
246341
246363
246366
246368
246369
246371
246372
246374
246375
246377
246517
246518
246519
246520
246521
246522
246523
246524
246525
246526
246528
246529
246543
246544
246545
246546
246548
246549
246577
246580
246581
246582
246583
246584
246585
246586
246629
246632
246633
246634
246635
246636
246637
246638
246639
246640
246675
246676
246677
246678
246679
246680
246681
246682
246683
246684
246685
246686
246688
246689
246708
246711
246712
246713
246714
246715
246716
246717
246718
246719
246720
246721
246722
246723
246724
246725
246747
246750
246752
246753
246755
246756
246758
246759
246761
246901
246902
246903
246904
246905
246906
246907
246908
246909
246910
246912
246913
246927
246928
246929
246930
246932
246933
246961
246964
246965
246966
246967
246968
246969
246970
247013
247016
247017
247018
247019
247020
247021
247022
247023
247024
247059
247060
247061
247062
247063
247064
247065
247066
247067
247068
247069
247070
247072
247073
247092
247095
247096
247097
247098
247099
247100
247101
247102
247103
247104
247105
247106
247107
247108
247109
247131
247134
247136
247137
247139
247140
247142
247143
247145
247285
247286
247287
247288
247289
247290
247291
247292
247293
247294
247296
247297
247311
247312
247313
247314
247316
247317
247345
247348
247349
247350
247351
247352
247353
247354
247397
247400
247401
247402
247403
247404
247405
247406
247407
247408
247443
247444
247445
247446
247447
247448
247449
247450
247451
247452
247453
247454
247456
247457
247476
247479
247480
247481
247482
247483
247484
247485
247486
247487
247488
247489
247490
247491
247492
247493
247515
247518
247520
247521
247523
247524
247526
247527
247529
247669
247670
247671
247672
247673
247674
247675
247676
247677
247678
247680
247681
247695
247696
247697
247698
247700
247701
247729
247732
247733
247734
247735
247736
247737
247738
247781
247784
247785
247786
247787
247788
247789
247790
247791
247792
247827
247828
247829
247830
247831
247832
247833
247834
247835
247836
247837
247838
247840
247841
247860
247863
247864
247865
247866
247867
247868
247869
247870
247871
247872
247873
247874
247875
247876
247877
247899
247902
247904
247905
247907
247908
247910
247911
247913
248053
248054
248055
248056
248057
248058
248059
248060
248061
248062
248064
248065
248079
248080
248081
248082
248084
248085
248113
248116
248117
248118
248119
248120
248121
248122
248165
248168
248169
248170
248171
248172
248173
248174
248175
248176
248211
248212
248213
248214
248215
248216
248217
248218
248219
248220
248221
248222
248224
248225
248244
248247
248248
248249
248250
248251
248252
248253
248254
248255
248256
248257
248258
248259
248260
248261
248283
248286
248288
248289
248291
248292
248294
248295
248297
248437
248438
248439
248440
248441
248442
248443
248444
248445
248446
248448
248449
248463
248464
248465
248466
248468
248469
248497
248500
248501
248502
248503
248504
248505
248506
248549
248552
248553
248554
248555
248556
248557
248558
248559
248560
248595
248596
248597
248598
248599
248600
248601
248602
248603
248604
248605
248606
248608
248609
248628
248631
248632
248633
248634
248635
248636
248637
248638
248639
248640
248641
248642
248643
248644
248645
248667
248670
248672
248673
248675
248676
248678
248679
248681
248821
248822
248823
248824
248825
248826
248827
248828
248829
248830
248832
248833
248847
248848
248849
248850
248852
248853
248881
248884
248885
248886
248887
248888
248889
248890
248933
248936
248937
248938
248939
248940
248941
248942
248943
248944
248979
248980
248981
248982
248983
248984
248985
248986
248987
248988
248989
248990
248992
248993
249012
249015
249016
249017
249018
249019
249020
249021
249022
249023
249024
249025
249026
249027
249028
249029
249051
249054
249056
249057
249059
249060
249062
249063
249065
249205
249206
249207
249208
249209
249210
249211
249212
249213
249214
249216
249217
249231
249232
249233
249234
249236
249237
249265
249268
249269
249270
249271
249272
249273
249274
249317
249320
249321
249322
249323
249324
249325
249326
249327
249328
249363
249364
249365
249366
249367
249368
249369
249370
249371
249372
249373
249374
249376
249377
249396
249399
249400
249401
249402
249403
249404
249405
249406
249407
249408
249409
249410
249411
249412
249413
249435
249438
249440
249441
249443
249444
249446
249447
249449
249589
249590
249591
249592
249593
249594
249595
249596
249597
249598
249600
249601
249615
249616
249617
249618
249620
249621
249649
249652
249653
249654
249655
249656
249657
249658
249701
249704
249705
249706
249707
249708
249709
249710
249711
249712
249747
249748
249749
249750
249751
249752
249753
249754
249755
249756
249757
249758
249760
249761
249780
249783
249784
249785
249786
249787
249788
249789
249790
249791
249792
249793
249794
249795
249796
249797
249819
249822
249824
249825
249827
249828
249830
249831
249833
249973
249974
249975
249976
249977
249978
249979
249980
249981
249982
249984
249985
249999
250000
250001
250002
250004
250005
250033
250036
250037
250038
250039
250040
250041
250042
250085
250088
250089
250090
250091
250092
250093
250094
250095
250096
250131
250132
250133
250134
250135
250136
250137
250138
250139
250140
250141
250142
250144
250145
250164
250167
250168
250169
250170
250171
250172
250173
250174
250175
250176
250177
250178
250179
250180
250181
250203
250206
250208
250209
250211
250212
250214
250215
250217
250357
250358
250359
250360
250361
250362
250363
250364
250365
250366
250368
250369
250383
250384
250385
250386
250388
250389
250417
250420
250421
250422
250423
250424
250425
250426
250469
250472
250473
250474
250475
250476
250477
250478
250479
250480
250515
250516
250517
250518
250519
250520
250521
250522
250523
250524
250525
250526
250528
250529
250548
250551
250552
250553
250554
250555
250556
250557
250558
250559
250560
250561
250562
250563
250564
250565
250587
250590
250592
250593
250595
250596
250598
250599
250601
250741
250742
250743
250744
250745
250746
250747
250748
250749
250750
250752
250753
250767
250768
250769
250770
250772
250773
250801
250804
250805
250806
250807
250808
250809
250810
250853
250856
250857
250858
250859
250860
250861
250862
250863
250864
250899
250900
250901
250902
250903
250904
250905
250906
250907
250908
250909
250910
250912
250913
250932
250935
250936
250937
250938
250939
250940
250941
250942
250943
250944
250945
250946
250947
250948
250949
250971
250974
250976
250977
250979
250980
250982
250983
250985
251125
251126
251127
251128
251129
251130
251131
251132
251133
251134
251136
251137
251151
251152
251153
251154
251156
251157
251185
251188
251189
251190
251191
251192
251193
251194
251237
251240
251241
251242
251243
251244
251245
251246
251247
251248
251283
251284
251285
251286
251287
251288
251289
251290
251291
251292
251293
251294
251296
251297
251316
251319
251320
251321
251322
251323
251324
251325
251326
251327
251328
251329
251330
251331
251332
251333
251355
251358
251360
251361
251363
251364
251366
251367
251369
251509
251510
251511
251512
251513
251514
251515
251516
251517
251518
251520
251521
251535
251536
251537
251538
251540
251541
251569
251572
251573
251574
251575
251576
251577
251578
251621
251624
251625
251626
251627
251628
251629
251630
251631
251632
251667
251668
251669
251670
251671
251672
251673
251674
251675
251676
251677
251678
251680
251681
251700
251703
251704
251705
251706
251707
251708
251709
251710
251711
251712
251713
251714
251715
251716
251717
251739
251742
251744
251745
251747
251748
251750
251751
251753
251893
251894
251895
251896
251897
251898
251899
251900
251901
251902
251904
251905
251919
251920
251921
251922
251924
251925
251953
251956
251957
251958
251959
251960
251961
251962
252005
252008
252009
252010
252011
252012
252013
252014
252015
252016
252051
252052
252053
252054
252055
252056
252057
252058
252059
252060
252061
252062
252064
252065
252084
252087
252088
252089
252090
252091
252092
252093
252094
252095
252096
252097
252098
252099
252100
252101
252123
252126
252128
252129
252131
252132
252134
252135
252137
252277
252278
252279
252280
252281
252282
252283
252284
252285
252286
252288
252289
252303
252304
252305
252306
252308
252309
252337
252340
252341
252342
252343
252344
252345
252346
252389
252392
252393
252394
252395
252396
252397
252398
252399
252400
252435
252436
252437
252438
252439
252440
252441
252442
252443
252444
252445
252446
252448
252449
252468
252471
252472
252473
252474
252475
252476
252477
252478
252479
252480
252481
252482
252483
252484
252485
252507
252510
252512
252513
252515
252516
252518
252519
252521
252661
252662
252663
252664
252665
252666
252667
252668
252669
252670
252672
252673
252687
252688
252689
252690
252692
252693
252721
252724
252725
252726
252727
252728
252729
252730
252773
252776
252777
252778
252779
252780
252781
252782
252783
252784
252819
252820
252821
252822
252823
252824
252825
252826
252827
252828
252829
252830
252832
252833
252852
252855
252856
252857
252858
252859
252860
252861
252862
252863
252864
252865
252866
252867
252868
252869
252891
252894
252896
252897
252899
252900
252902
252903
252905
253045
253046
253047
253048
253049
253050
253051
253052
253053
253054
253056
253057
253071
253072
253073
253074
253076
253077
253105
253108
253109
253110
253111
253112
253113
253114
253157
253160
253161
253162
253163
253164
253165
253166
253167
253168
253203
253204
253205
253206
253207
253208
253209
253210
253211
253212
253213
253214
253216
253217
253236
253239
253240
253241
253242
253243
253244
253245
253246
253247
253248
253249
253250
253251
253252
253253
253275
253278
253280
253281
253283
253284
253286
253287
253289
253429
253430
253431
253432
253433
253434
253435
253436
253437
253438
253440
253441
253455
253456
253457
253458
253460
253461
253489
253492
253493
253494
253495
253496
253497
253498
253541
253544
253545
253546
253547
253548
253549
253550
253551
253552
253587
253588
253589
253590
253591
253592
253593
253594
253595
253596
253597
253598
253600
253601
253620
253623
253624
253625
253626
253627
253628
253629
253630
253631
253632
253633
253634
253635
253636
253637
253659
253662
253664
253665
253667
253668
253670
253671
253673
253813
253814
253815
253816
253817
253818
253819
253820
253821
253822
253824
253825
253839
253840
253841
253842
253844
253845
253873
253876
253877
253878
253879
253880
253881
253882
253925
253928
253929
253930
253931
253932
253933
253934
253935
253936
253971
253972
253973
253974
253975
253976
253977
253978
253979
253980
253981
253982
253984
253985
254004
254007
254008
254009
254010
254011
254012
254013
254014
254015
254016
254017
254018
254019
254020
254021
254043
254046
254048
254049
254051
254052
254054
254055
254057
254197
254198
254199
254200
254201
254202
254203
254204
254205
254206
254208
254209
254223
254224
254225
254226
254228
254229
254257
254260
254261
254262
254263
254264
254265
254266
254309
254312
254313
254314
254315
254316
254317
254318
254319
254320
254355
254356
254357
254358
254359
254360
254361
254362
254363
254364
254365
254366
254368
254369
254388
254391
254392
254393
254394
254395
254396
254397
254398
254399
254400
254401
254402
254403
254404
254405
254427
254430
254432
254433
254435
254436
254438
254439
254441
254581
254582
254583
254584
254585
254586
254587
254588
254589
254590
254592
254593
254607
254608
254609
254610
254612
254613
254641
254644
254645
254646
254647
254648
254649
254650
254693
254696
254697
254698
254699
254700
254701
254702
254703
254704
254739
254740
254741
254742
254743
254744
254745
254746
254747
254748
254749
254750
254752
254753
254772
254775
254776
254777
254778
254779
254780
254781
254782
254783
254784
254785
254786
254787
254788
254789
254811
254814
254816
254817
254819
254820
254822
254823
254825
254965
254966
254967
254968
254969
254970
254971
254972
254973
254974
254976
254977
254991
254992
254993
254994
254996
254997
255025
255028
255029
255030
255031
255032
255033
255034
255077
255080
255081
255082
255083
255084
255085
255086
255087
255088
255123
255124
255125
255126
255127
255128
255129
255130
255131
255132
255133
255134
255136
255137
255156
255159
255160
255161
255162
255163
255164
255165
255166
255167
255168
255169
255170
255171
255172
255173
255195
255198
255200
255201
255203
255204
255206
255207
255209
255349
255350
255351
255352
255353
255354
255355
255356
255357
255358
255360
255361
255375
255376
255377
255378
255380
255381
255409
255412
255413
255414
255415
255416
255417
255418
255461
255464
255465
255466
255467
255468
255469
255470
255471
255472
255507
255508
255509
255510
255511
255512
255513
255514
255515
255516
255517
255518
255520
255521
255540
255543
255544
255545
255546
255547
255548
255549
255550
255551
255552
255553
255554
255555
255556
255557
255579
255582
255584
255585
255587
255588
255590
255591
255593
255733
255734
255735
255736
255737
255738
255739
255740
255741
255742
255744
255745
255759
255760
255761
255762
255764
255765
255793
255796
255797
255798
255799
255800
255801
255802
255845
255848
255849
255850
255851
255852
255853
255854
255855
255856
255891
255892
255893
255894
255895
255896
255897
255898
255899
255900
255901
255902
255904
255905
255924
255927
255928
255929
255930
255931
255932
255933
255934
255935
255936
255937
255938
255939
255940
255941
255963
255966
255968
255969
255971
255972
255974
255975
255977
256117
256118
256119
256120
256121
256122
256123
256124
256125
256126
256128
256129
256143
256144
256145
256146
256148
256149
256177
256180
256181
256182
256183
256184
256185
256186
256229
256232
256233
256234
256235
256236
256237
256238
256239
256240
256275
256276
256277
256278
256279
256280
256281
256282
256283
256284
256285
256286
256288
256289
256308
256311
256312
256313
256314
256315
256316
256317
256318
256319
256320
256321
256322
256323
256324
256325
256347
256350
256352
256353
256355
256356
256358
256359
256361
256501
256502
256503
256504
256505
256506
256507
256508
256509
256510
256512
256513
256527
256528
256529
256530
256532
256533
256561
256564
256565
256566
256567
256568
256569
256570
256613
256616
256617
256618
256619
256620
256621
256622
256623
256624
256659
256660
256661
256662
256663
256664
256665
256666
256667
256668
256669
256670
256672
256673
256692
256695
256696
256697
256698
256699
256700
256701
256702
256703
256704
256705
256706
256707
256708
256709
256731
256734
256736
256737
256739
256740
256742
256743
256745
256885
256886
256887
256888
256889
256890
256891
256892
256893
256894
256896
256897
256911
256912
256913
256914
256916
256917
256945
256948
256949
256950
256951
256952
256953
256954
256997
257000
257001
257002
257003
257004
257005
257006
257007
257008
257043
257044
257045
257046
257047
257048
257049
257050
257051
257052
257053
257054
257056
257057
257076
257079
257080
257081
257082
257083
257084
257085
257086
257087
257088
257089
257090
257091
257092
257093
257115
257118
257120
257121
257123
257124
257126
257127
257129
257269
257270
257271
257272
257273
257274
257275
257276
257277
257278
257280
257281
257295
257296
257297
257298
257300
257301
257329
257332
257333
257334
257335
257336
257337
257338
257381
257384
257385
257386
257387
257388
257389
257390
257391
257392
257427
257428
257429
257430
257431
257432
257433
257434
257435
257436
257437
257438
257440
257441
257460
257463
257464
257465
257466
257467
257468
257469
257470
257471
257472
257473
257474
257475
257476
257477
257499
257502
257504
257505
257507
257508
257510
257511
257513
257653
257654
257655
257656
257657
257658
257659
257660
257661
257662
257664
257665
257679
257680
257681
257682
257684
257685
257713
257716
257717
257718
257719
257720
257721
257722
257765
257768
257769
257770
257771
257772
257773
257774
257775
257776
257811
257812
257813
257814
257815
257816
257817
257818
257819
257820
257821
257822
257824
257825
257844
257847
257848
257849
257850
257851
257852
257853
257854
257855
257856
257857
257858
257859
257860
257861
257883
257886
257888
257889
257891
257892
257894
257895
257897
258037
258038
258039
258040
258041
258042
258043
258044
258045
258046
258048
258049
258063
258064
258065
258066
258068
258069
258097
258100
258101
258102
258103
258104
258105
258106
258149
258152
258153
258154
258155
258156
258157
258158
258159
258160
258195
258196
258197
258198
258199
258200
258201
258202
258203
258204
258205
258206
258208
258209
258228
258231
258232
258233
258234
258235
258236
258237
258238
258239
258240
258241
258242
258243
258244
258245
258267
258270
258272
258273
258275
258276
258278
258279
258281
258421
258422
258423
258424
258425
258426
258427
258428
258429
258430
258432
258433
258447
258448
258449
258450
258452
258453
258481
258484
258485
258486
258487
258488
258489
258490
258533
258536
258537
258538
258539
258540
258541
258542
258543
258544
258579
258580
258581
258582
258583
258584
258585
258586
258587
258588
258589
258590
258592
258593
258612
258615
258616
258617
258618
258619
258620
258621
258622
258623
258624
258625
258626
258627
258628
258629
258651
258654
258656
258657
258659
258660
258662
258663
258665
258805
258806
258807
258808
258809
258810
258811
258812
258813
258814
258816
258817
258831
258832
258833
258834
258836
258837
258865
258868
258869
258870
258871
258872
258873
258874
258917
258920
258921
258922
258923
258924
258925
258926
258927
258928
258963
258964
258965
258966
258967
258968
258969
258970
258971
258972
258973
258974
258976
258977
258996
258999
259000
259001
259002
259003
259004
259005
259006
259007
259008
259009
259010
259011
259012
259013
259035
259038
259040
259041
259043
259044
259046
259047
259049
259189
259190
259191
259192
259193
259194
259195
259196
259197
259198
259200
259201
259215
259216
259217
259218
259220
259221
259249
259252
259253
259254
259255
259256
259257
259258
259301
259304
259305
259306
259307
259308
259309
259310
259311
259312
259347
259348
259349
259350
259351
259352
259353
259354
259355
259356
259357
259358
259360
259361
259380
259383
259384
259385
259386
259387
259388
259389
259390
259391
259392
259393
259394
259395
259396
259397
259419
259422
259424
259425
259427
259428
259430
259431
259433
259573
259574
259575
259576
259577
259578
259579
259580
259581
259582
259584
259585
259599
259600
259601
259602
259604
259605
259633
259636
259637
259638
259639
259640
259641
259642
259685
259688
259689
259690
259691
259692
259693
259694
259695
259696
259731
259732
259733
259734
259735
259736
259737
259738
259739
259740
259741
259742
259744
259745
259764
259767
259768
259769
259770
259771
259772
259773
259774
259775
259776
259777
259778
259779
259780
259781
259803
259806
259808
259809
259811
259812
259814
259815
259817
259957
259958
259959
259960
259961
259962
259963
259964
259965
259966
259968
259969
259983
259984
259985
259986
259988
259989
260017
260020
260021
260022
260023
260024
260025
260026
260069
260072
260073
260074
260075
260076
260077
260078
260079
260080
260115
260116
260117
260118
260119
260120
260121
260122
260123
260124
260125
260126
260128
260129
260148
260151
260152
260153
260154
260155
260156
260157
260158
260159
260160
260161
260162
260163
260164
260165
260187
260190
260192
260193
260195
260196
260198
260199
260201
260341
260342
260343
260344
260345
260346
260347
260348
260349
260350
260352
260353
260367
260368
260369
260370
260372
260373
260401
260404
260405
260406
260407
260408
260409
260410
260453
260456
260457
260458
260459
260460
260461
260462
260463
260464
260499
260500
260501
260502
260503
260504
260505
260506
260507
260508
260509
260510
260512
260513
260532
260535
260536
260537
260538
260539
260540
260541
260542
260543
260544
260545
260546
260547
260548
260549
260571
260574
260576
260577
260579
260580
260582
260583
260585
260725
260726
260727
260728
260729
260730
260731
260732
260733
260734
260736
260737
260751
260752
260753
260754
260756
260757
260785
260788
260789
260790
260791
260792
260793
260794
260837
260840
260841
260842
260843
260844
260845
260846
260847
260848
260883
260884
260885
260886
260887
260888
260889
260890
260891
260892
260893
260894
260896
260897
260916
260919
260920
260921
260922
260923
260924
260925
260926
260927
260928
260929
260930
260931
260932
260933
260955
260958
260960
260961
260963
260964
260966
260967
260969
261109
261110
261111
261112
261113
261114
261115
261116
261117
261118
261120
261121
261135
261136
261137
261138
261140
261141
261169
261172
261173
261174
261175
261176
261177
261178
261221
261224
261225
261226
261227
261228
261229
261230
261231
261232
261267
261268
261269
261270
261271
261272
261273
261274
261275
261276
261277
261278
261280
261281
261300
261303
261304
261305
261306
261307
261308
261309
261310
261311
261312
261313
261314
261315
261316
261317
261339
261342
261344
261345
261347
261348
261350
261351
261353
261493
261494
261495
261496
261497
261498
261499
261500
261501
261502
261504
261505
261519
261520
261521
261522
261524
261525
261553
261556
261557
261558
261559
261560
261561
261562
261605
261608
261609
261610
261611
261612
261613
261614
261615
261616
261651
261652
261653
261654
261655
261656
261657
261658
261659
261660
261661
261662
261664
261665
261684
261687
261688
261689
261690
261691
261692
261693
261694
261695
261696
261697
261698
261699
261700
261701
261723
261726
261728
261729
261731
261732
261734
261735
261737
261877
261878
261879
261880
261881
261882
261883
261884
261885
261886
261888
261889
261903
261904
261905
261906
261908
261909
261937
261940
261941
261942
261943
261944
261945
261946
261989
261992
261993
261994
261995
261996
261997
261998
261999
262000
262035
262036
262037
262038
262039
262040
262041
262042
262043
262044
262045
262046
262048
262049
262068
262071
262072
262073
262074
262075
262076
262077
262078
262079
262080
262081
262082
262083
262084
262085
262107
262110
262112
262113
262115
262116
262118
262119
262121
262261
262262
262263
262264
262265
262266
262267
262268
262269
262270
262272
262273
262287
262288
262289
262290
262292
262293
262321
262324
262325
262326
262327
262328
262329
262330
262373
262376
262377
262378
262379
262380
262381
262382
262383
262384
262419
262420
262421
262422
262423
262424
262425
262426
262427
262428
262429
262430
262432
262433
262452
262455
262456
262457
262458
262459
262460
262461
262462
262463
262464
262465
262466
262467
262468
262469
262491
262494
262496
262497
262499
262500
262502
262503
262505
262645
262646
262647
262648
262649
262650
262651
262652
262653
262654
262656
262657
262671
262672
262673
262674
262676
262677
262705
262708
262709
262710
262711
262712
262713
262714
262757
262760
262761
262762
262763
262764
262765
262766
262767
262768
262803
262804
262805
262806
262807
262808
262809
262810
262811
262812
262813
262814
262816
262817
262836
262839
262840
262841
262842
262843
262844
262845
262846
262847
262848
262849
262850
262851
262852
262853
262875
262878
262880
262881
262883
262884
262886
262887
262889
263029
263030
263031
263032
263033
263034
263035
263036
263037
263038
263040
263041
263055
263056
263057
263058
263060
263061
263089
263092
263093
263094
263095
263096
263097
263098
263141
263144
263145
263146
263147
263148
263149
263150
263151
263152
263187
263188
263189
263190
263191
263192
263193
263194
263195
263196
263197
263198
263200
263201
263220
263223
263224
263225
263226
263227
263228
263229
263230
263231
263232
263233
263234
263235
263236
263237
263259
263262
263264
263265
263267
263268
263270
263271
263273
263413
263414
263415
263416
263417
263418
263419
263420
263421
263422
263424
263425
263439
263440
263441
263442
263444
263445
263473
263476
263477
263478
263479
263480
263481
263482
263525
263528
263529
263530
263531
263532
263533
263534
263535
263536
263571
263572
263573
263574
263575
263576
263577
263578
263579
263580
263581
263582
263584
263585
263604
263607
263608
263609
263610
263611
263612
263613
263614
263615
263616
263617
263618
263619
263620
263621
263643
263646
263648
263649
263651
263652
263654
263655
263657
263797
263798
263799
263800
263801
263802
263803
263804
263805
263806
263808
263809
263823
263824
263825
263826
263828
263829
263857
263860
263861
263862
263863
263864
263865
263866
263909
263912
263913
263914
263915
263916
263917
263918
263919
263920
263955
263956
263957
263958
263959
263960
263961
263962
263963
263964
263965
263966
263968
263969
263988
263991
263992
263993
263994
263995
263996
263997
263998
263999
264000
264001
264002
264003
264004
264005
264027
264030
264032
264033
264035
264036
264038
264039
264041
264181
264182
264183
264184
264185
264186
264187
264188
264189
264190
264192
264193
264207
264208
264209
264210
264212
264213
264241
264244
264245
264246
264247
264248
264249
264250
264293
264296
264297
264298
264299
264300
264301
264302
264303
264304
264339
264340
264341
264342
264343
264344
264345
264346
264347
264348
264349
264350
264352
264353
264372
264375
264376
264377
264378
264379
264380
264381
264382
264383
264384
264385
264386
264387
264388
264389
264411
264414
264416
264417
264419
264420
264422
264423
264425
264565
264566
264567
264568
264569
264570
264571
264572
264573
264574
264576
264577
264591
264592
264593
264594
264596
264597
264625
264628
264629
264630
264631
264632
264633
264634
264677
264680
264681
264682
264683
264684
264685
264686
264687
264688
264723
264724
264725
264726
264727
264728
264729
264730
264731
264732
264733
264734
264736
264737
264756
264759
264760
264761
264762
264763
264764
264765
264766
264767
264768
264769
264770
264771
264772
264773
264795
264798
264800
264801
264803
264804
264806
264807
264809
264949
264950
264951
264952
264953
264954
264955
264956
264957
264958
264960
264961
264975
264976
264977
264978
264980
264981
265009
265012
265013
265014
265015
265016
265017
265018
265061
265064
265065
265066
265067
265068
265069
265070
265071
265072
265107
265108
265109
265110
265111
265112
265113
265114
265115
265116
265117
265118
265120
265121
265140
265143
265144
265145
265146
265147
265148
265149
265150
265151
265152
265153
265154
265155
265156
265157
265179
265182
265184
265185
265187
265188
265190
265191
265193
265333
265334
265335
265336
265337
265338
265339
265340
265341
265342
265344
265345
265359
265360
265361
265362
265364
265365
265393
265396
265397
265398
265399
265400
265401
265402
265445
265448
265449
265450
265451
265452
265453
265454
265455
265456
265491
265492
265493
265494
265495
265496
265497
265498
265499
265500
265501
265502
265504
265505
265524
265527
265528
265529
265530
265531
265532
265533
265534
265535
265536
265537
265538
265539
265540
265541
265563
265566
265568
265569
265571
265572
265574
265575
265577
265717
265718
265719
265720
265721
265722
265723
265724
265725
265726
265728
265729
265743
265744
265745
265746
265748
265749
265777
265780
265781
265782
265783
265784
265785
265786
265829
265832
265833
265834
265835
265836
265837
265838
265839
265840
265875
265876
265877
265878
265879
265880
265881
265882
265883
265884
265885
265886
265888
265889
265908
265911
265912
265913
265914
265915
265916
265917
265918
265919
265920
265921
265922
265923
265924
265925
265947
265950
265952
265953
265955
265956
265958
265959
265961
266101
266102
266103
266104
266105
266106
266107
266108
266109
266110
266112
266113
266127
266128
266129
266130
266132
266133
266161
266164
266165
266166
266167
266168
266169
266170
266213
266216
266217
266218
266219
266220
266221
266222
266223
266224
266259
266260
266261
266262
266263
266264
266265
266266
266267
266268
266269
266270
266272
266273
266292
266295
266296
266297
266298
266299
266300
266301
266302
266303
266304
266305
266306
266307
266308
266309
266331
266334
266336
266337
266339
266340
266342
266343
266345
266485
266486
266487
266488
266489
266490
266491
266492
266493
266494
266496
266497
266511
266512
266513
266514
266516
266517
266545
266548
266549
266550
266551
266552
266553
266554
266597
266600
266601
266602
266603
266604
266605
266606
266607
266608
266643
266644
266645
266646
266647
266648
266649
266650
266651
266652
266653
266654
266656
266657
266676
266679
266680
266681
266682
266683
266684
266685
266686
266687
266688
266689
266690
266691
266692
266693
266715
266718
266720
266721
266723
266724
266726
266727
266729
266869
266870
266871
266872
266873
266874
266875
266876
266877
266878
266880
266881
266895
266896
266897
266898
266900
266901
266929
266932
266933
266934
266935
266936
266937
266938
266981
266984
266985
266986
266987
266988
266989
266990
266991
266992
267027
267028
267029
267030
267031
267032
267033
267034
267035
267036
267037
267038
267040
267041
267060
267063
267064
267065
267066
267067
267068
267069
267070
267071
267072
267073
267074
267075
267076
267077
267099
267102
267104
267105
267107
267108
267110
267111
267113
267253
267254
267255
267256
267257
267258
267259
267260
267261
267262
267264
267265
267279
267280
267281
267282
267284
267285
267313
267316
267317
267318
267319
267320
267321
267322
267365
267368
267369
267370
267371
267372
267373
267374
267375
267376
267411
267412
267413
267414
267415
267416
267417
267418
267419
267420
267421
267422
267424
267425
267444
267447
267448
267449
267450
267451
267452
267453
267454
267455
267456
267457
267458
267459
267460
267461
267483
267486
267488
267489
267491
267492
267494
267495
267497
267637
267638
267639
267640
267641
267642
267643
267644
267645
267646
267648
267649
267663
267664
267665
267666
267668
267669
267697
267700
267701
267702
267703
267704
267705
267706
267749
267752
267753
267754
267755
267756
267757
267758
267759
267760
267795
267796
267797
267798
267799
267800
267801
267802
267803
267804
267805
267806
267808
267809
267828
267831
267832
267833
267834
267835
267836
267837
267838
267839
267840
267841
267842
267843
267844
267845
267867
267870
267872
267873
267875
267876
267878
267879
267881
268021
268022
268023
268024
268025
268026
268027
268028
268029
268030
268032
268033
268047
268048
268049
268050
268052
268053
268081
268084
268085
268086
268087
268088
268089
268090
268133
268136
268137
268138
268139
268140
268141
268142
268143
268144
268179
268180
268181
268182
268183
268184
268185
268186
268187
268188
268189
268190
268192
268193
268212
268215
268216
268217
268218
268219
268220
268221
268222
268223
268224
268225
268226
268227
268228
268229
268251
268254
268256
268257
268259
268260
268262
268263
268265
268405
268406
268407
268408
268409
268410
268411
268412
268413
268414
268416
268417
268431
268432
268433
268434
268436
268437
268465
268468
268469
268470
268471
268472
268473
268474
268517
268520
268521
268522
268523
268524
268525
268526
268527
268528
268563
268564
268565
268566
268567
268568
268569
268570
268571
268572
268573
268574
268576
268577
268596
268599
268600
268601
268602
268603
268604
268605
268606
268607
268608
268609
268610
268611
268612
268613
268635
268638
268640
268641
268643
268644
268646
268647
268649
268789
268790
268791
268792
268793
268794
268795
268796
268797
268798
268800
268801
268815
268816
268817
268818
268820
268821
268849
268852
268853
268854
268855
268856
268857
268858
268901
268904
268905
268906
268907
268908
268909
268910
268911
268912
268947
268948
268949
268950
268951
268952
268953
268954
268955
268956
268957
268958
268960
268961
268980
268983
268984
268985
268986
268987
268988
268989
268990
268991
268992
268993
268994
268995
268996
268997
269019
269022
269024
269025
269027
269028
269030
269031
269033
269173
269174
269175
269176
269177
269178
269179
269180
269181
269182
269184
269185
269199
269200
269201
269202
269204
269205
269233
269236
269237
269238
269239
269240
269241
269242
269285
269288
269289
269290
269291
269292
269293
269294
269295
269296
269331
269332
269333
269334
269335
269336
269337
269338
269339
269340
269341
269342
269344
269345
269364
269367
269368
269369
269370
269371
269372
269373
269374
269375
269376
269377
269378
269379
269380
269381
269403
269406
269408
269409
269411
269412
269414
269415
269417
269557
269558
269559
269560
269561
269562
269563
269564
269565
269566
269568
269569
269583
269584
269585
269586
269588
269589
269617
269620
269621
269622
269623
269624
269625
269626
269669
269672
269673
269674
269675
269676
269677
269678
269679
269680
269715
269716
269717
269718
269719
269720
269721
269722
269723
269724
269725
269726
269728
269729
269748
269751
269752
269753
269754
269755
269756
269757
269758
269759
269760
269761
269762
269763
269764
269765
269787
269790
269792
269793
269795
269796
269798
269799
269801
269941
269942
269943
269944
269945
269946
269947
269948
269949
269950
269952
269953
269967
269968
269969
269970
269972
269973
270001
270004
270005
270006
270007
270008
270009
270010
270053
270056
270057
270058
270059
270060
270061
270062
270063
270064
270099
270100
270101
270102
270103
270104
270105
270106
270107
270108
270109
270110
270112
270113
270132
270135
270136
270137
270138
270139
270140
270141
270142
270143
270144
270145
270146
270147
270148
270149
270171
270174
270176
270177
270179
270180
270182
270183
270185
270325
270326
270327
270328
270329
270330
270331
270332
270333
270334
270336
270337
270351
270352
270353
270354
270356
270357
270385
270388
270389
270390
270391
270392
270393
270394
270437
270440
270441
270442
270443
270444
270445
270446
270447
270448
270483
270484
270485
270486
270487
270488
270489
270490
270491
270492
270493
270494
270496
270497
270516
270519
270520
270521
270522
270523
270524
270525
270526
270527
270528
270529
270530
270531
270532
270533
270555
270558
270560
270561
270563
270564
270566
270567
270569
270709
270710
270711
270712
270713
270714
270715
270716
270717
270718
270720
270721
270735
270736
270737
270738
270740
270741
270769
270772
270773
270774
270775
270776
270777
270778
270821
270824
270825
270826
270827
270828
270829
270830
270831
270832
270867
270868
270869
270870
270871
270872
270873
270874
270875
270876
270877
270878
270880
270881
270900
270903
270904
270905
270906
270907
270908
270909
270910
270911
270912
270913
270914
270915
270916
270917
270939
270942
270944
270945
270947
270948
270950
270951
270953
271093
271094
271095
271096
271097
271098
271099
271100
271101
271102
271104
271105
271119
271120
271121
271122
271124
271125
271153
271156
271157
271158
271159
271160
271161
271162
271205
271208
271209
271210
271211
271212
271213
271214
271215
271216
271251
271252
271253
271254
271255
271256
271257
271258
271259
271260
271261
271262
271264
271265
271284
271287
271288
271289
271290
271291
271292
271293
271294
271295
271296
271297
271298
271299
271300
271301
271323
271326
271328
271329
271331
271332
271334
271335
271337
271477
271478
271479
271480
271481
271482
271483
271484
271485
271486
271488
271489
271503
271504
271505
271506
271508
271509
271537
271540
271541
271542
271543
271544
271545
271546
271589
271592
271593
271594
271595
271596
271597
271598
271599
271600
271635
271636
271637
271638
271639
271640
271641
271642
271643
271644
271645
271646
271648
271649
271668
271671
271672
271673
271674
271675
271676
271677
271678
271679
271680
271681
271682
271683
271684
271685
271707
271710
271712
271713
271715
271716
271718
271719
271721
271861
271862
271863
271864
271865
271866
271867
271868
271869
271870
271872
271873
271887
271888
271889
271890
271892
271893
271921
271924
271925
271926
271927
271928
271929
271930
271973
271976
271977
271978
271979
271980
271981
271982
271983
271984
272019
272020
272021
272022
272023
272024
272025
272026
272027
272028
272029
272030
272032
272033
272052
272055
272056
272057
272058
272059
272060
272061
272062
272063
272064
272065
272066
272067
272068
272069
272091
272094
272096
272097
272099
272100
272102
272103
272105
272245
272246
272247
272248
272249
272250
272251
272252
272253
272254
272256
272257
272271
272272
272273
272274
272276
272277
272305
272308
272309
272310
272311
272312
272313
272314
272357
272360
272361
272362
272363
272364
272365
272366
272367
272368
272403
272404
272405
272406
272407
272408
272409
272410
272411
272412
272413
272414
272416
272417
272436
272439
272440
272441
272442
272443
272444
272445
272446
272447
272448
272449
272450
272451
272452
272453
272475
272478
272480
272481
272483
272484
272486
272487
272489
272629
272630
272631
272632
272633
272634
272635
272636
272637
272638
272640
272641
272655
272656
272657
272658
272660
272661
272689
272692
272693
272694
272695
272696
272697
272698
272741
272744
272745
272746
272747
272748
272749
272750
272751
272752
272787
272788
272789
272790
272791
272792
272793
272794
272795
272796
272797
272798
272800
272801
272820
272823
272824
272825
272826
272827
272828
272829
272830
272831
272832
272833
272834
272835
272836
272837
272859
272862
272864
272865
272867
272868
272870
272871
272873
273013
273014
273015
273016
273017
273018
273019
273020
273021
273022
273024
273025
273039
273040
273041
273042
273044
273045
273073
273076
273077
273078
273079
273080
273081
273082
273125
273128
273129
273130
273131
273132
273133
273134
273135
273136
273171
273172
273173
273174
273175
273176
273177
273178
273179
273180
273181
273182
273184
273185
273204
273207
273208
273209
273210
273211
273212
273213
273214
273215
273216
273217
273218
273219
273220
273221
273243
273246
273248
273249
273251
273252
273254
273255
273257
273397
273398
273399
273400
273401
273402
273403
273404
273405
273406
273408
273409
273423
273424
273425
273426
273428
273429
273457
273460
273461
273462
273463
273464
273465
273466
273509
273512
273513
273514
273515
273516
273517
273518
273519
273520
273555
273556
273557
273558
273559
273560
273561
273562
273563
273564
273565
273566
273568
273569
273588
273591
273592
273593
273594
273595
273596
273597
273598
273599
273600
273601
273602
273603
273604
273605
273627
273630
273632
273633
273635
273636
273638
273639
273641
273781
273782
273783
273784
273785
273786
273787
273788
273789
273790
273792
273793
273807
273808
273809
273810
273812
273813
273841
273844
273845
273846
273847
273848
273849
273850
273893
273896
273897
273898
273899
273900
273901
273902
273903
273904
273939
273940
273941
273942
273943
273944
273945
273946
273947
273948
273949
273950
273952
273953
273972
273975
273976
273977
273978
273979
273980
273981
273982
273983
273984
273985
273986
273987
273988
273989
274011
274014
274016
274017
274019
274020
274022
274023
274025
274165
274166
274167
274168
274169
274170
274171
274172
274173
274174
274176
274177
274191
274192
274193
274194
274196
274197
274225
274228
274229
274230
274231
274232
274233
274234
274277
274280
274281
274282
274283
274284
274285
274286
274287
274288
274323
274324
274325
274326
274327
274328
274329
274330
274331
274332
274333
274334
274336
274337
274356
274359
274360
274361
274362
274363
274364
274365
274366
274367
274368
274369
274370
274371
274372
274373
274395
274398
274400
274401
274403
274404
274406
274407
274409
274549
274550
274551
274552
274553
274554
274555
274556
274557
274558
274560
274561
274575
274576
274577
274578
274580
274581
274609
274612
274613
274614
274615
274616
274617
274618
274661
274664
274665
274666
274667
274668
274669
274670
274671
274672
274707
274708
274709
274710
274711
274712
274713
274714
274715
274716
274717
274718
274720
274721
274740
274743
274744
274745
274746
274747
274748
274749
274750
274751
274752
274753
274754
274755
274756
274757
274779
274782
274784
274785
274787
274788
274790
274791
274793
274933
274934
274935
274936
274937
274938
274939
274940
274941
274942
274944
274945
274959
274960
274961
274962
274964
274965
274993
274996
274997
274998
274999
275000
275001
275002
275045
275048
275049
275050
275051
275052
275053
275054
275055
275056
275091
275092
275093
275094
275095
275096
275097
275098
275099
275100
275101
275102
275104
275105
275124
275127
275128
275129
275130
275131
275132
275133
275134
275135
275136
275137
275138
275139
275140
275141
275163
275166
275168
275169
275171
275172
275174
275175
275177
275317
275318
275319
275320
275321
275322
275323
275324
275325
275326
275328
275329
275343
275344
275345
275346
275348
275349
275377
275380
275381
275382
275383
275384
275385
275386
275429
275432
275433
275434
275435
275436
275437
275438
275439
275440
275475
275476
275477
275478
275479
275480
275481
275482
275483
275484
275485
275486
275488
275489
275508
275511
275512
275513
275514
275515
275516
275517
275518
275519
275520
275521
275522
275523
275524
275525
275547
275550
275552
275553
275555
275556
275558
275559
275561
275701
275702
275703
275704
275705
275706
275707
275708
275709
275710
275712
275713
275727
275728
275729
275730
275732
275733
275761
275764
275765
275766
275767
275768
275769
275770
275813
275816
275817
275818
275819
275820
275821
275822
275823
275824
275859
275860
275861
275862
275863
275864
275865
275866
275867
275868
275869
275870
275872
275873
275892
275895
275896
275897
275898
275899
275900
275901
275902
275903
275904
275905
275906
275907
275908
275909
275931
275934
275936
275937
275939
275940
275942
275943
275945
276085
276086
276087
276088
276089
276090
276091
276092
276093
276094
276096
276097
276111
276112
276113
276114
276116
276117
276145
276148
276149
276150
276151
276152
276153
276154
276197
276200
276201
276202
276203
276204
276205
276206
276207
276208
276243
276244
276245
276246
276247
276248
276249
276250
276251
276252
276253
276254
276256
276257
276276
276279
276280
276281
276282
276283
276284
276285
276286
276287
276288
276289
276290
276291
276292
276293
276315
276318
276320
276321
276323
276324
276326
276327
276329
276469
276470
276471
276472
276473
276474
276475
276476
276477
276478
276480
276481
276495
276496
276497
276498
276500
276501
276529
276532
276533
276534
276535
276536
276537
276538
276581
276584
276585
276586
276587
276588
276589
276590
276591
276592
276627
276628
276629
276630
276631
276632
276633
276634
276635
276636
276637
276638
276640
276641
276660
276663
276664
276665
276666
276667
276668
276669
276670
276671
276672
276673
276674
276675
276676
276677
276699
276702
276704
276705
276707
276708
276710
276711
276713
276853
276854
276855
276856
276857
276858
276859
276860
276861
276862
276864
276865
276879
276880
276881
276882
276884
276885
276913
276916
276917
276918
276919
276920
276921
276922
276965
276968
276969
276970
276971
276972
276973
276974
276975
276976
277011
277012
277013
277014
277015
277016
277017
277018
277019
277020
277021
277022
277024
277025
277044
277047
277048
277049
277050
277051
277052
277053
277054
277055
277056
277057
277058
277059
277060
277061
277083
277086
277088
277089
277091
277092
277094
277095
277097
277237
277238
277239
277240
277241
277242
277243
277244
277245
277246
277248
277249
277263
277264
277265
277266
277268
277269
277297
277300
277301
277302
277303
277304
277305
277306
277349
277352
277353
277354
277355
277356
277357
277358
277359
277360
277395
277396
277397
277398
277399
277400
277401
277402
277403
277404
277405
277406
277408
277409
277428
277431
277432
277433
277434
277435
277436
277437
277438
277439
277440
277441
277442
277443
277444
277445
277467
277470
277472
277473
277475
277476
277478
277479
277481
277621
277622
277623
277624
277625
277626
277627
277628
277629
277630
277632
277633
277647
277648
277649
277650
277652
277653
277681
277684
277685
277686
277687
277688
277689
277690
277733
277736
277737
277738
277739
277740
277741
277742
277743
277744
277779
277780
277781
277782
277783
277784
277785
277786
277787
277788
277789
277790
277792
277793
277812
277815
277816
277817
277818
277819
277820
277821
277822
277823
277824
277825
277826
277827
277828
277829
277851
277854
277856
277857
277859
277860
277862
277863
277865
278005
278006
278007
278008
278009
278010
278011
278012
278013
278014
278016
278017
278031
278032
278033
278034
278036
278037
278065
278068
278069
278070
278071
278072
278073
278074
278117
278120
278121
278122
278123
278124
278125
278126
278127
278128
278163
278164
278165
278166
278167
278168
278169
278170
278171
278172
278173
278174
278176
278177
278196
278199
278200
278201
278202
278203
278204
278205
278206
278207
278208
278209
278210
278211
278212
278213
278235
278238
278240
278241
278243
278244
278246
278247
278249
278389
278390
278391
278392
278393
278394
278395
278396
278397
278398
278400
278401
278415
278416
278417
278418
278420
278421
278449
278452
278453
278454
278455
278456
278457
278458
278501
278504
278505
278506
278507
278508
278509
278510
278511
278512
278547
278548
278549
278550
278551
278552
278553
278554
278555
278556
278557
278558
278560
278561
278580
278583
278584
278585
278586
278587
278588
278589
278590
278591
278592
278593
278594
278595
278596
278597
278619
278622
278624
278625
278627
278628
278630
278631
278633
278773
278774
278775
278776
278777
278778
278779
278780
278781
278782
278784
278785
278799
278800
278801
278802
278804
278805
278833
278836
278837
278838
278839
278840
278841
278842
278885
278888
278889
278890
278891
278892
278893
278894
278895
278896
278931
278932
278933
278934
278935
278936
278937
278938
278939
278940
278941
278942
278944
278945
278964
278967
278968
278969
278970
278971
278972
278973
278974
278975
278976
278977
278978
278979
278980
278981
279003
279006
279008
279009
279011
279012
279014
279015
279017
279157
279158
279159
279160
279161
279162
279163
279164
279165
279166
279168
279169
279183
279184
279185
279186
279188
279189
279217
279220
279221
279222
279223
279224
279225
279226
279269
279272
279273
279274
279275
279276
279277
279278
279279
279280
279315
279316
279317
279318
279319
279320
279321
279322
279323
279324
279325
279326
279328
279329
279348
279351
279352
279353
279354
279355
279356
279357
279358
279359
279360
279361
279362
279363
279364
279365
279387
279390
279392
279393
279395
279396
279398
279399
279401
279541
279542
279543
279544
279545
279546
279547
279548
279549
279550
279552
279553
279567
279568
279569
279570
279572
279573
279601
279604
279605
279606
279607
279608
279609
279610
279653
279656
279657
279658
279659
279660
279661
279662
279663
279664
279699
279700
279701
279702
279703
279704
279705
279706
279707
279708
279709
279710
279712
279713
279732
279735
279736
279737
279738
279739
279740
279741
279742
279743
279744
279745
279746
279747
279748
279749
279771
279774
279776
279777
279779
279780
279782
279783
279785
279925
279926
279927
279928
279929
279930
279931
279932
279933
279934
279936
279937
279951
279952
279953
279954
279956
279957
279985
279988
279989
279990
279991
279992
279993
279994
280037
280040
280041
280042
280043
280044
280045
280046
280047
280048
280083
280084
280085
280086
280087
280088
280089
280090
280091
280092
280093
280094
280096
280097
280116
280119
280120
280121
280122
280123
280124
280125
280126
280127
280128
280129
280130
280131
280132
280133
280155
280158
280160
280161
280163
280164
280166
280167
280169
280309
280310
280311
280312
280313
280314
280315
280316
280317
280318
280320
280321
280335
280336
280337
280338
280340
280341
280369
280372
280373
280374
280375
280376
280377
280378
280421
280424
280425
280426
280427
280428
280429
280430
280431
280432
280467
280468
280469
280470
280471
280472
280473
280474
280475
280476
280477
280478
280480
280481
280500
280503
280504
280505
280506
280507
280508
280509
280510
280511
280512
280513
280514
280515
280516
280517
280539
280542
280544
280545
280547
280548
280550
280551
280553
280693
280694
280695
280696
280697
280698
280699
280700
280701
280702
280704
280705
280719
280720
280721
280722
280724
280725
280753
280756
280757
280758
280759
280760
280761
280762
280805
280808
280809
280810
280811
280812
280813
280814
280815
280816
280851
280852
280853
280854
280855
280856
280857
280858
280859
280860
280861
280862
280864
280865
280884
280887
280888
280889
280890
280891
280892
280893
280894
280895
280896
280897
280898
280899
280900
280901
280923
280926
280928
280929
280931
280932
280934
280935
280937
281077
281078
281079
281080
281081
281082
281083
281084
281085
281086
281088
281089
281103
281104
281105
281106
281108
281109
281137
281140
281141
281142
281143
281144
281145
281146
281189
281192
281193
281194
281195
281196
281197
281198
281199
281200
281235
281236
281237
281238
281239
281240
281241
281242
281243
281244
281245
281246
281248
281249
281268
281271
281272
281273
281274
281275
281276
281277
281278
281279
281280
281281
281282
281283
281284
281285
281307
281310
281312
281313
281315
281316
281318
281319
281321
281461
281462
281463
281464
281465
281466
281467
281468
281469
281470
281472
281473
281487
281488
281489
281490
281492
281493
281521
281524
281525
281526
281527
281528
281529
281530
281573
281576
281577
281578
281579
281580
281581
281582
281583
281584
281619
281620
281621
281622
281623
281624
281625
281626
281627
281628
281629
281630
281632
281633
281652
281655
281656
281657
281658
281659
281660
281661
281662
281663
281664
281665
281666
281667
281668
281669
281691
281694
281696
281697
281699
281700
281702
281703
281705
281845
281846
281847
281848
281849
281850
281851
281852
281853
281854
281856
281857
281871
281872
281873
281874
281876
281877
281905
281908
281909
281910
281911
281912
281913
281914
281957
281960
281961
281962
281963
281964
281965
281966
281967
281968
282003
282004
282005
282006
282007
282008
282009
282010
282011
282012
282013
282014
282016
282017
282036
282039
282040
282041
282042
282043
282044
282045
282046
282047
282048
282049
282050
282051
282052
282053
282075
282078
282080
282081
282083
282084
282086
282087
282089
282229
282230
282231
282232
282233
282234
282235
282236
282237
282238
282240
282241
282255
282256
282257
282258
282260
282261
282289
282292
282293
282294
282295
282296
282297
282298
282341
282344
282345
282346
282347
282348
282349
282350
282351
282352
282387
282388
282389
282390
282391
282392
282393
282394
282395
282396
282397
282398
282400
282401
282420
282423
282424
282425
282426
282427
282428
282429
282430
282431
282432
282433
282434
282435
282436
282437
282459
282462
282464
282465
282467
282468
282470
282471
282473
282613
282614
282615
282616
282617
282618
282619
282620
282621
282622
282624
282625
282639
282640
282641
282642
282644
282645
282673
282676
282677
282678
282679
282680
282681
282682
282725
282728
282729
282730
282731
282732
282733
282734
282735
282736
282771
282772
282773
282774
282775
282776
282777
282778
282779
282780
282781
282782
282784
282785
282804
282807
282808
282809
282810
282811
282812
282813
282814
282815
282816
282817
282818
282819
282820
282821
282843
282846
282848
282849
282851
282852
282854
282855
282857
282997
282998
282999
283000
283001
283002
283003
283004
283005
283006
283008
283009
283023
283024
283025
283026
283028
283029
283057
283060
283061
283062
283063
283064
283065
283066
283109
283112
283113
283114
283115
283116
283117
283118
283119
283120
283155
283156
283157
283158
283159
283160
283161
283162
283163
283164
283165
283166
283168
283169
283188
283191
283192
283193
283194
283195
283196
283197
283198
283199
283200
283201
283202
283203
283204
283205
283227
283230
283232
283233
283235
283236
283238
283239
283241
283381
283382
283383
283384
283385
283386
283387
283388
283389
283390
283392
283393
283407
283408
283409
283410
283412
283413
283441
283444
283445
283446
283447
283448
283449
283450
283493
283496
283497
283498
283499
283500
283501
283502
283503
283504
283539
283540
283541
283542
283543
283544
283545
283546
283547
283548
283549
283550
283552
283553
283572
283575
283576
283577
283578
283579
283580
283581
283582
283583
283584
283585
283586
283587
283588
283589
283611
283614
283616
283617
283619
283620
283622
283623
283625
283765
283766
283767
283768
283769
283770
283771
283772
283773
283774
283776
283777
283791
283792
283793
283794
283796
283797
283825
283828
283829
283830
283831
283832
283833
283834
283877
283880
283881
283882
283883
283884
283885
283886
283887
283888
283923
283924
283925
283926
283927
283928
283929
283930
283931
283932
283933
283934
283936
283937
283956
283959
283960
283961
283962
283963
283964
283965
283966
283967
283968
283969
283970
283971
283972
283973
283995
283998
284000
284001
284003
284004
284006
284007
284009
284149
284150
284151
284152
284153
284154
284155
284156
284157
284158
284160
284161
284175
284176
284177
284178
284180
284181
284209
284212
284213
284214
284215
284216
284217
284218
284261
284264
284265
284266
284267
284268
284269
284270
284271
284272
284307
284308
284309
284310
284311
284312
284313
284314
284315
284316
284317
284318
284320
284321
284340
284343
284344
284345
284346
284347
284348
284349
284350
284351
284352
284353
284354
284355
284356
284357
284379
284382
284384
284385
284387
284388
284390
284391
284393
284533
284534
284535
284536
284537
284538
284539
284540
284541
284542
284544
284545
284559
284560
284561
284562
284564
284565
284593
284596
284597
284598
284599
284600
284601
284602
284645
284648
284649
284650
284651
284652
284653
284654
284655
284656
284691
284692
284693
284694
284695
284696
284697
284698
284699
284700
284701
284702
284704
284705
284724
284727
284728
284729
284730
284731
284732
284733
284734
284735
284736
284737
284738
284739
284740
284741
284763
284766
284768
284769
284771
284772
284774
284775
284777
284917
284918
284919
284920
284921
284922
284923
284924
284925
284926
284928
284929
284943
284944
284945
284946
284948
284949
284977
284980
284981
284982
284983
284984
284985
284986
285029
285032
285033
285034
285035
285036
285037
285038
285039
285040
285075
285076
285077
285078
285079
285080
285081
285082
285083
285084
285085
285086
285088
285089
285108
285111
285112
285113
285114
285115
285116
285117
285118
285119
285120
285121
285122
285123
285124
285125
285147
285150
285152
285153
285155
285156
285158
285159
285161
285301
285302
285303
285304
285305
285306
285307
285308
285309
285310
285312
285313
285327
285328
285329
285330
285332
285333
285361
285364
285365
285366
285367
285368
285369
285370
285413
285416
285417
285418
285419
285420
285421
285422
285423
285424
285459
285460
285461
285462
285463
285464
285465
285466
285467
285468
285469
285470
285472
285473
285492
285495
285496
285497
285498
285499
285500
285501
285502
285503
285504
285505
285506
285507
285508
285509
285531
285534
285536
285537
285539
285540
285542
285543
285545
285685
285686
285687
285688
285689
285690
285691
285692
285693
285694
285696
285697
285711
285712
285713
285714
285716
285717
285745
285748
285749
285750
285751
285752
285753
285754
285797
285800
285801
285802
285803
285804
285805
285806
285807
285808
285843
285844
285845
285846
285847
285848
285849
285850
285851
285852
285853
285854
285856
285857
285876
285879
285880
285881
285882
285883
285884
285885
285886
285887
285888
285889
285890
285891
285892
285893
285915
285918
285920
285921
285923
285924
285926
285927
285929
286069
286070
286071
286072
286073
286074
286075
286076
286077
286078
286080
286081
286095
286096
286097
286098
286100
286101
286129
286132
286133
286134
286135
286136
286137
286138
286181
286184
286185
286186
286187
286188
286189
286190
286191
286192
286227
286228
286229
286230
286231
286232
286233
286234
286235
286236
286237
286238
286240
286241
286260
286263
286264
286265
286266
286267
286268
286269
286270
286271
286272
286273
286274
286275
286276
286277
286299
286302
286304
286305
286307
286308
286310
286311
286313
286453
286454
286455
286456
286457
286458
286459
286460
286461
286462
286464
286465
286479
286480
286481
286482
286484
286485
286513
286516
286517
286518
286519
286520
286521
286522
286565
286568
286569
286570
286571
286572
286573
286574
286575
286576
286611
286612
286613
286614
286615
286616
286617
286618
286619
286620
286621
286622
286624
286625
286644
286647
286648
286649
286650
286651
286652
286653
286654
286655
286656
286657
286658
286659
286660
286661
286683
286686
286688
286689
286691
286692
286694
286695
286697
286837
286838
286839
286840
286841
286842
286843
286844
286845
286846
286848
286849
286863
286864
286865
286866
286868
286869
286897
286900
286901
286902
286903
286904
286905
286906
286949
286952
286953
286954
286955
286956
286957
286958
286959
286960
286995
286996
286997
286998
286999
287000
287001
287002
287003
287004
287005
287006
287008
287009
287028
287031
287032
287033
287034
287035
287036
287037
287038
287039
287040
287041
287042
287043
287044
287045
287067
287070
287072
287073
287075
287076
287078
287079
287081
287221
287222
287223
287224
287225
287226
287227
287228
287229
287230
287232
287233
287247
287248
287249
287250
287252
287253
287281
287284
287285
287286
287287
287288
287289
287290
287333
287336
287337
287338
287339
287340
287341
287342
287343
287344
287379
287380
287381
287382
287383
287384
287385
287386
287387
287388
287389
287390
287392
287393
287412
287415
287416
287417
287418
287419
287420
287421
287422
287423
287424
287425
287426
287427
287428
287429
287451
287454
287456
287457
287459
287460
287462
287463
287465
287605
287606
287607
287608
287609
287610
287611
287612
287613
287614
287616
287617
287631
287632
287633
287634
287636
287637
287665
287668
287669
287670
287671
287672
287673
287674
287717
287720
287721
287722
287723
287724
287725
287726
287727
287728
287763
287764
287765
287766
287767
287768
287769
287770
287771
287772
287773
287774
287776
287777
287796
287799
287800
287801
287802
287803
287804
287805
287806
287807
287808
287809
287810
287811
287812
287813
287835
287838
287840
287841
287843
287844
287846
287847
287849
287989
287990
287991
287992
287993
287994
287995
287996
287997
287998
288000
288001
288015
288016
288017
288018
288020
288021
288049
288052
288053
288054
288055
288056
288057
288058
288101
288104
288105
288106
288107
288108
288109
288110
288111
288112
288147
288148
288149
288150
288151
288152
288153
288154
288155
288156
288157
288158
288160
288161
288180
288183
288184
288185
288186
288187
288188
288189
288190
288191
288192
288193
288194
288195
288196
288197
288219
288222
288224
288225
288227
288228
288230
288231
288233
288373
288374
288375
288376
288377
288378
288379
288380
288381
288382
288384
288385
288399
288400
288401
288402
288404
288405
288433
288436
288437
288438
288439
288440
288441
288442
288485
288488
288489
288490
288491
288492
288493
288494
288495
288496
288531
288532
288533
288534
288535
288536
288537
288538
288539
288540
288541
288542
288544
288545
288564
288567
288568
288569
288570
288571
288572
288573
288574
288575
288576
288577
288578
288579
288580
288581
288603
288606
288608
288609
288611
288612
288614
288615
288617
288757
288758
288759
288760
288761
288762
288763
288764
288765
288766
288768
288769
288783
288784
288785
288786
288788
288789
288817
288820
288821
288822
288823
288824
288825
288826
288869
288872
288873
288874
288875
288876
288877
288878
288879
288880
288915
288916
288917
288918
288919
288920
288921
288922
288923
288924
288925
288926
288928
288929
288948
288951
288952
288953
288954
288955
288956
288957
288958
288959
288960
288961
288962
288963
288964
288965
288987
288990
288992
288993
288995
288996
288998
288999
289001
289141
289142
289143
289144
289145
289146
289147
289148
289149
289150
289152
289153
289167
289168
289169
289170
289172
289173
289201
289204
289205
289206
289207
289208
289209
289210
289253
289256
289257
289258
289259
289260
289261
289262
289263
289264
289299
289300
289301
289302
289303
289304
289305
289306
289307
289308
289309
289310
289312
289313
289332
289335
289336
289337
289338
289339
289340
289341
289342
289343
289344
289345
289346
289347
289348
289349
289371
289374
289376
289377
289379
289380
289382
289383
289385
289525
289526
289527
289528
289529
289530
289531
289532
289533
289534
289536
289537
289551
289552
289553
289554
289556
289557
289585
289588
289589
289590
289591
289592
289593
289594
289637
289640
289641
289642
289643
289644
289645
289646
289647
289648
289683
289684
289685
289686
289687
289688
289689
289690
289691
289692
289693
289694
289696
289697
289716
289719
289720
289721
289722
289723
289724
289725
289726
289727
289728
289729
289730
289731
289732
289733
289755
289758
289760
289761
289763
289764
289766
289767
289769
289909
289910
289911
289912
289913
289914
289915
289916
289917
289918
289920
289921
289935
289936
289937
289938
289940
289941
289969
289972
289973
289974
289975
289976
289977
289978
290021
290024
290025
290026
290027
290028
290029
290030
290031
290032
290067
290068
290069
290070
290071
290072
290073
290074
290075
290076
290077
290078
290080
290081
290100
290103
290104
290105
290106
290107
290108
290109
290110
290111
290112
290113
290114
290115
290116
290117
290139
290142
290144
290145
290147
290148
290150
290151
290153
290293
290294
290295
290296
290297
290298
290299
290300
290301
290302
290304
290305
290319
290320
290321
290322
290324
290325
290353
290356
290357
290358
290359
290360
290361
290362
290405
290408
290409
290410
290411
290412
290413
290414
290415
290416
290451
290452
290453
290454
290455
290456
290457
290458
290459
290460
290461
290462
290464
290465
290484
290487
290488
290489
290490
290491
290492
290493
290494
290495
290496
290497
290498
290499
290500
290501
290523
290526
290528
290529
290531
290532
290534
290535
290537
290677
290678
290679
290680
290681
290682
290683
290684
290685
290686
290688
290689
290703
290704
290705
290706
290708
290709
290737
290740
290741
290742
290743
290744
290745
290746
290789
290792
290793
290794
290795
290796
290797
290798
290799
290800
290835
290836
290837
290838
290839
290840
290841
290842
290843
290844
290845
290846
290848
290849
290868
290871
290872
290873
290874
290875
290876
290877
290878
290879
290880
290881
290882
290883
290884
290885
290907
290910
290912
290913
290915
290916
290918
290919
290921
291061
291062
291063
291064
291065
291066
291067
291068
291069
291070
291072
291073
291087
291088
291089
291090
291092
291093
291121
291124
291125
291126
291127
291128
291129
291130
291173
291176
291177
291178
291179
291180
291181
291182
291183
291184
291219
291220
291221
291222
291223
291224
291225
291226
291227
291228
291229
291230
291232
291233
291252
291255
291256
291257
291258
291259
291260
291261
291262
291263
291264
291265
291266
291267
291268
291269
291291
291294
291296
291297
291299
291300
291302
291303
291305
291445
291446
291447
291448
291449
291450
291451
291452
291453
291454
291456
291457
291471
291472
291473
291474
291476
291477
291505
291508
291509
291510
291511
291512
291513
291514
291557
291560
291561
291562
291563
291564
291565
291566
291567
291568
291603
291604
291605
291606
291607
291608
291609
291610
291611
291612
291613
291614
291616
291617
291636
291639
291640
291641
291642
291643
291644
291645
291646
291647
291648
291649
291650
291651
291652
291653
291675
291678
291680
291681
291683
291684
291686
291687
291689
291829
291830
291831
291832
291833
291834
291835
291836
291837
291838
291840
291841
291855
291856
291857
291858
291860
291861
291889
291892
291893
291894
291895
291896
291897
291898
291941
291944
291945
291946
291947
291948
291949
291950
291951
291952
291987
291988
291989
291990
291991
291992
291993
291994
291995
291996
291997
291998
292000
292001
292020
292023
292024
292025
292026
292027
292028
292029
292030
292031
292032
292033
292034
292035
292036
292037
292059
292062
292064
292065
292067
292068
292070
292071
292073
292213
292214
292215
292216
292217
292218
292219
292220
292221
292222
292224
292225
292239
292240
292241
292242
292244
292245
292273
292276
292277
292278
292279
292280
292281
292282
292325
292328
292329
292330
292331
292332
292333
292334
292335
292336
292371
292372
292373
292374
292375
292376
292377
292378
292379
292380
292381
292382
292384
292385
292404
292407
292408
292409
292410
292411
292412
292413
292414
292415
292416
292417
292418
292419
292420
292421
292443
292446
292448
292449
292451
292452
292454
292455
292457
292597
292598
292599
292600
292601
292602
292603
292604
292605
292606
292608
292609
292623
292624
292625
292626
292628
292629
292657
292660
292661
292662
292663
292664
292665
292666
292709
292712
292713
292714
292715
292716
292717
292718
292719
292720
292755
292756
292757
292758
292759
292760
292761
292762
292763
292764
292765
292766
292768
292769
292788
292791
292792
292793
292794
292795
292796
292797
292798
292799
292800
292801
292802
292803
292804
292805
292827
292830
292832
292833
292835
292836
292838
292839
292841
292981
292982
292983
292984
292985
292986
292987
292988
292989
292990
292992
292993
293007
293008
293009
293010
293012
293013
293041
293044
293045
293046
293047
293048
293049
293050
293093
293096
293097
293098
293099
293100
293101
293102
293103
293104
293139
293140
293141
293142
293143
293144
293145
293146
293147
293148
293149
293150
293152
293153
293172
293175
293176
293177
293178
293179
293180
293181
293182
293183
293184
293185
293186
293187
293188
293189
293211
293214
293216
293217
293219
293220
293222
293223
293225
293365
293366
293367
293368
293369
293370
293371
293372
293373
293374
293376
293377
293391
293392
293393
293394
293396
293397
293425
293428
293429
293430
293431
293432
293433
293434
293477
293480
293481
293482
293483
293484
293485
293486
293487
293488
293523
293524
293525
293526
293527
293528
293529
293530
293531
293532
293533
293534
293536
293537
293556
293559
293560
293561
293562
293563
293564
293565
293566
293567
293568
293569
293570
293571
293572
293573
293595
293598
293600
293601
293603
293604
293606
293607
293609
293749
293750
293751
293752
293753
293754
293755
293756
293757
293758
293760
293761
293775
293776
293777
293778
293780
293781
293809
293812
293813
293814
293815
293816
293817
293818
293861
293864
293865
293866
293867
293868
293869
293870
293871
293872
293907
293908
293909
293910
293911
293912
293913
293914
293915
293916
293917
293918
293920
293921
293940
293943
293944
293945
293946
293947
293948
293949
293950
293951
293952
293953
293954
293955
293956
293957
293979
293982
293984
293985
293987
293988
293990
293991
293993
294133
294134
294135
294136
294137
294138
294139
294140
294141
294142
294144
294145
294159
294160
294161
294162
294164
294165
294193
294196
294197
294198
294199
294200
294201
294202
294245
294248
294249
294250
294251
294252
294253
294254
294255
294256
294291
294292
294293
294294
294295
294296
294297
294298
294299
294300
294301
294302
294304
294305
294324
294327
294328
294329
294330
294331
294332
294333
294334
294335
294336
294337
294338
294339
294340
294341
294363
294366
294368
294369
294371
294372
294374
294375
294377
294517
294518
294519
294520
294521
294522
294523
294524
294525
294526
294528
294529
294543
294544
294545
294546
294548
294549
294577
294580
294581
294582
294583
294584
294585
294586
294629
294632
294633
294634
294635
294636
294637
294638
294639
294640
294675
294676
294677
294678
294679
294680
294681
294682
294683
294684
294685
294686
294688
294689
294708
294711
294712
294713
294714
294715
294716
294717
294718
294719
294720
294721
294722
294723
294724
294725
294747
294750
294752
294753
294755
294756
294758
294759
294761
294901
294902
294903
294904
294905
294906
294907
294908
294909
294910
294912
294913
294927
294928
294929
294930
294932
294933
294961
294964
294965
294966
294967
294968
294969
294970
295013
295016
295017
295018
295019
295020
295021
295022
295023
295024
295059
295060
295061
295062
295063
295064
295065
295066
295067
295068
295069
295070
295072
295073
295092
295095
295096
295097
295098
295099
295100
295101
295102
295103
295104
295105
295106
295107
295108
295109
295131
295134
295136
295137
295139
295140
295142
295143
295145
295285
295286
295287
295288
295289
295290
295291
295292
295293
295294
295296
295297
295311
295312
295313
295314
295316
295317
295345
295348
295349
295350
295351
295352
295353
295354
295397
295400
295401
295402
295403
295404
295405
295406
295407
295408
295443
295444
295445
295446
295447
295448
295449
295450
295451
295452
295453
295454
295456
295457
295476
295479
295480
295481
295482
295483
295484
295485
295486
295487
295488
295489
295490
295491
295492
295493
295515
295518
295520
295521
295523
295524
295526
295527
295529
295669
295670
295671
295672
295673
295674
295675
295676
295677
295678
295680
295681
295695
295696
295697
295698
295700
295701
295729
295732
295733
295734
295735
295736
295737
295738
295781
295784
295785
295786
295787
295788
295789
295790
295791
295792
295827
295828
295829
295830
295831
295832
295833
295834
295835
295836
295837
295838
295840
295841
295860
295863
295864
295865
295866
295867
295868
295869
295870
295871
295872
295873
295874
295875
295876
295877
295899
295902
295904
295905
295907
295908
295910
295911
295913
296053
296054
296055
296056
296057
296058
296059
296060
296061
296062
296064
296065
296079
296080
296081
296082
296084
296085
296113
296116
296117
296118
296119
296120
296121
296122
296165
296168
296169
296170
296171
296172
296173
296174
296175
296176
296211
296212
296213
296214
296215
296216
296217
296218
296219
296220
296221
296222
296224
296225
296244
296247
296248
296249
296250
296251
296252
296253
296254
296255
296256
296257
296258
296259
296260
296261
296283
296286
296288
296289
296291
296292
296294
296295
296297
296437
296438
296439
296440
296441
296442
296443
296444
296445
296446
296448
296449
296463
296464
296465
296466
296468
296469
296497
296500
296501
296502
296503
296504
296505
296506
296549
296552
296553
296554
296555
296556
296557
296558
296559
296560
296595
296596
296597
296598
296599
296600
296601
296602
296603
296604
296605
296606
296608
296609
296628
296631
296632
296633
296634
296635
296636
296637
296638
296639
296640
296641
296642
296643
296644
296645
296667
296670
296672
296673
296675
296676
296678
296679
296681
296821
296822
296823
296824
296825
296826
296827
296828
296829
296830
296832
296833
296847
296848
296849
296850
296852
296853
296881
296884
296885
296886
296887
296888
296889
296890
296933
296936
296937
296938
296939
296940
296941
296942
296943
296944
296979
296980
296981
296982
296983
296984
296985
296986
296987
296988
296989
296990
296992
296993
297012
297015
297016
297017
297018
297019
297020
297021
297022
297023
297024
297025
297026
297027
297028
297029
297051
297054
297056
297057
297059
297060
297062
297063
297065
297205
297206
297207
297208
297209
297210
297211
297212
297213
297214
297216
297217
297231
297232
297233
297234
297236
297237
297265
297268
297269
297270
297271
297272
297273
297274
297317
297320
297321
297322
297323
297324
297325
297326
297327
297328
297363
297364
297365
297366
297367
297368
297369
297370
297371
297372
297373
297374
297376
297377
297396
297399
297400
297401
297402
297403
297404
297405
297406
297407
297408
297409
297410
297411
297412
297413
297435
297438
297440
297441
297443
297444
297446
297447
297449
297589
297590
297591
297592
297593
297594
297595
297596
297597
297598
297600
297601
297615
297616
297617
297618
297620
297621
297649
297652
297653
297654
297655
297656
297657
297658
297701
297704
297705
297706
297707
297708
297709
297710
297711
297712
297747
297748
297749
297750
297751
297752
297753
297754
297755
297756
297757
297758
297760
297761
297780
297783
297784
297785
297786
297787
297788
297789
297790
297791
297792
297793
297794
297795
297796
297797
297819
297822
297824
297825
297827
297828
297830
297831
297833
297973
297974
297975
297976
297977
297978
297979
297980
297981
297982
297984
297985
297999
298000
298001
298002
298004
298005
298033
298036
298037
298038
298039
298040
298041
298042
298085
298088
298089
298090
298091
298092
298093
298094
298095
298096
298131
298132
298133
298134
298135
298136
298137
298138
298139
298140
298141
298142
298144
298145
298164
298167
298168
298169
298170
298171
298172
298173
298174
298175
298176
298177
298178
298179
298180
298181
298203
298206
298208
298209
298211
298212
298214
298215
298217
298357
298358
298359
298360
298361
298362
298363
298364
298365
298366
298368
298369
298383
298384
298385
298386
298388
298389
298417
298420
298421
298422
298423
298424
298425
298426
298469
298472
298473
298474
298475
298476
298477
298478
298479
298480
298515
298516
298517
298518
298519
298520
298521
298522
298523
298524
298525
298526
298528
298529
298548
298551
298552
298553
298554
298555
298556
298557
298558
298559
298560
298561
298562
298563
298564
298565
298587
298590
298592
298593
298595
298596
298598
298599
298601
298741
298742
298743
298744
298745
298746
298747
298748
298749
298750
298752
298753
298767
298768
298769
298770
298772
298773
298801
298804
298805
298806
298807
298808
298809
298810
298853
298856
298857
298858
298859
298860
298861
298862
298863
298864
298899
298900
298901
298902
298903
298904
298905
298906
298907
298908
298909
298910
298912
298913
298932
298935
298936
298937
298938
298939
298940
298941
298942
298943
298944
298945
298946
298947
298948
298949
298971
298974
298976
298977
298979
298980
298982
298983
298985
299125
299126
299127
299128
299129
299130
299131
299132
299133
299134
299136
299137
299151
299152
299153
299154
299156
299157
299185
299188
299189
299190
299191
299192
299193
299194
299237
299240
299241
299242
299243
299244
299245
299246
299247
299248
299283
299284
299285
299286
299287
299288
299289
299290
299291
299292
299293
299294
299296
299297
299316
299319
299320
299321
299322
299323
299324
299325
299326
299327
299328
299329
299330
299331
299332
299333
299355
299358
299360
299361
299363
299364
299366
299367
299369
299509
299510
299511
299512
299513
299514
299515
299516
299517
299518
299520
299521
299535
299536
299537
299538
299540
299541
299569
299572
299573
299574
299575
299576
299577
299578
299621
299624
299625
299626
299627
299628
299629
299630
299631
299632
299667
299668
299669
299670
299671
299672
299673
299674
299675
299676
299677
299678
299680
299681
299700
299703
299704
299705
299706
299707
299708
299709
299710
299711
299712
299713
299714
299715
299716
299717
299739
299742
299744
299745
299747
299748
299750
299751
299753
299893
299894
299895
299896
299897
299898
299899
299900
299901
299902
299904
299905
299919
299920
299921
299922
299924
299925
299953
299956
299957
299958
299959
299960
299961
299962
300005
300008
300009
300010
300011
300012
300013
300014
300015
300016
300051
300052
300053
300054
300055
300056
300057
300058
300059
300060
300061
300062
300064
300065
300084
300087
300088
300089
300090
300091
300092
300093
300094
300095
300096
300097
300098
300099
300100
300101
300123
300126
300128
300129
300131
300132
300134
300135
300137
300277
300278
300279
300280
300281
300282
300283
300284
300285
300286
300288
300289
300303
300304
300305
300306
300308
300309
300337
300340
300341
300342
300343
300344
300345
300346
300389
300392
300393
300394
300395
300396
300397
300398
300399
300400
300435
300436
300437
300438
300439
300440
300441
300442
300443
300444
300445
300446
300448
300449
300468
300471
300472
300473
300474
300475
300476
300477
300478
300479
300480
300481
300482
300483
300484
300485
300507
300510
300512
300513
300515
300516
300518
300519
300521
300661
300662
300663
300664
300665
300666
300667
300668
300669
300670
300672
300673
300687
300688
300689
300690
300692
300693
300721
300724
300725
300726
300727
300728
300729
300730
300773
300776
300777
300778
300779
300780
300781
300782
300783
300784
300819
300820
300821
300822
300823
300824
300825
300826
300827
300828
300829
300830
300832
300833
300852
300855
300856
300857
300858
300859
300860
300861
300862
300863
300864
300865
300866
300867
300868
300869
300891
300894
300896
300897
300899
300900
300902
300903
300905
301045
301046
301047
301048
301049
301050
301051
301052
301053
301054
301056
301057
301071
301072
301073
301074
301076
301077
301105
301108
301109
301110
301111
301112
301113
301114
301157
301160
301161
301162
301163
301164
301165
301166
301167
301168
301203
301204
301205
301206
301207
301208
301209
301210
301211
301212
301213
301214
301216
301217
301236
301239
301240
301241
301242
301243
301244
301245
301246
301247
301248
301249
301250
301251
301252
301253
301275
301278
301280
301281
301283
301284
301286
301287
301289
301429
301430
301431
301432
301433
301434
301435
301436
301437
301438
301440
301441
301455
301456
301457
301458
301460
301461
301489
301492
301493
301494
301495
301496
301497
301498
301541
301544
301545
301546
301547
301548
301549
301550
301551
301552
301587
301588
301589
301590
301591
301592
301593
301594
301595
301596
301597
301598
301600
301601
301620
301623
301624
301625
301626
301627
301628
301629
301630
301631
301632
301633
301634
301635
301636
301637
301659
301662
301664
301665
301667
301668
301670
301671
301673
301813
301814
301815
301816
301817
301818
301819
301820
301821
301822
301824
301825
301839
301840
301841
301842
301844
301845
301873
301876
301877
301878
301879
301880
301881
301882
301925
301928
301929
301930
301931
301932
301933
301934
301935
301936
301971
301972
301973
301974
301975
301976
301977
301978
301979
301980
301981
301982
301984
301985
302004
302007
302008
302009
302010
302011
302012
302013
302014
302015
302016
302017
302018
302019
302020
302021
302043
302046
302048
302049
302051
302052
302054
302055
302057
302197
302198
302199
302200
302201
302202
302203
302204
302205
302206
302208
302209
302223
302224
302225
302226
302228
302229
302257
302260
302261
302262
302263
302264
302265
302266
302309
302312
302313
302314
302315
302316
302317
302318
302319
302320
302355
302356
302357
302358
302359
302360
302361
302362
302363
302364
302365
302366
302368
302369
302388
302391
302392
302393
302394
302395
302396
302397
302398
302399
302400
302401
302402
302403
302404
302405
302427
302430
302432
302433
302435
302436
302438
302439
302441
302581
302582
302583
302584
302585
302586
302587
302588
302589
302590
302592
302593
302607
302608
302609
302610
302612
302613
302641
302644
302645
302646
302647
302648
302649
302650
302693
302696
302697
302698
302699
302700
302701
302702
302703
302704
302739
302740
302741
302742
302743
302744
302745
302746
302747
302748
302749
302750
302752
302753
302772
302775
302776
302777
302778
302779
302780
302781
302782
302783
302784
302785
302786
302787
302788
302789
302811
302814
302816
302817
302819
302820
302822
302823
302825
302965
302966
302967
302968
302969
302970
302971
302972
302973
302974
302976
302977
302991
302992
302993
302994
302996
302997
303025
303028
303029
303030
303031
303032
303033
303034
303077
303080
303081
303082
303083
303084
303085
303086
303087
303088
303123
303124
303125
303126
303127
303128
303129
303130
303131
303132
303133
303134
303136
303137
303156
303159
303160
303161
303162
303163
303164
303165
303166
303167
303168
303169
303170
303171
303172
303173
303195
303198
303200
303201
303203
303204
303206
303207
303209
303349
303350
303351
303352
303353
303354
303355
303356
303357
303358
303360
303361
303375
303376
303377
303378
303380
303381
303409
303412
303413
303414
303415
303416
303417
303418
303461
303464
303465
303466
303467
303468
303469
303470
303471
303472
303507
303508
303509
303510
303511
303512
303513
303514
303515
303516
303517
303518
303520
303521
303540
303543
303544
303545
303546
303547
303548
303549
303550
303551
303552
303553
303554
303555
303556
303557
303579
303582
303584
303585
303587
303588
303590
303591
303593
303733
303734
303735
303736
303737
303738
303739
303740
303741
303742
303744
303745
303759
303760
303761
303762
303764
303765
303793
303796
303797
303798
303799
303800
303801
303802
303845
303848
303849
303850
303851
303852
303853
303854
303855
303856
303891
303892
303893
303894
303895
303896
303897
303898
303899
303900
303901
303902
303904
303905
303924
303927
303928
303929
303930
303931
303932
303933
303934
303935
303936
303937
303938
303939
303940
303941
303963
303966
303968
303969
303971
303972
303974
303975
303977
304117
304118
304119
304120
304121
304122
304123
304124
304125
304126
304128
304129
304143
304144
304145
304146
304148
304149
304177
304180
304181
304182
304183
304184
304185
304186
304229
304232
304233
304234
304235
304236
304237
304238
304239
304240
304275
304276
304277
304278
304279
304280
304281
304282
304283
304284
304285
304286
304288
304289
304308
304311
304312
304313
304314
304315
304316
304317
304318
304319
304320
304321
304322
304323
304324
304325
304347
304350
304352
304353
304355
304356
304358
304359
304361
304501
304502
304503
304504
304505
304506
304507
304508
304509
304510
304512
304513
304527
304528
304529
304530
304532
304533
304561
304564
304565
304566
304567
304568
304569
304570
304613
304616
304617
304618
304619
304620
304621
304622
304623
304624
304659
304660
304661
304662
304663
304664
304665
304666
304667
304668
304669
304670
304672
304673
304692
304695
304696
304697
304698
304699
304700
304701
304702
304703
304704
304705
304706
304707
304708
304709
304731
304734
304736
304737
304739
304740
304742
304743
304745
304885
304886
304887
304888
304889
304890
304891
304892
304893
304894
304896
304897
304911
304912
304913
304914
304916
304917
304945
304948
304949
304950
304951
304952
304953
304954
304997
305000
305001
305002
305003
305004
305005
305006
305007
305008
305043
305044
305045
305046
305047
305048
305049
305050
305051
305052
305053
305054
305056
305057
305076
305079
305080
305081
305082
305083
305084
305085
305086
305087
305088
305089
305090
305091
305092
305093
305115
305118
305120
305121
305123
305124
305126
305127
305129
305269
305270
305271
305272
305273
305274
305275
305276
305277
305278
305280
305281
305295
305296
305297
305298
305300
305301
305329
305332
305333
305334
305335
305336
305337
305338
305381
305384
305385
305386
305387
305388
305389
305390
305391
305392
305427
305428
305429
305430
305431
305432
305433
305434
305435
305436
305437
305438
305440
305441
305460
305463
305464
305465
305466
305467
305468
305469
305470
305471
305472
305473
305474
305475
305476
305477
305499
305502
305504
305505
305507
305508
305510
305511
305513
305653
305654
305655
305656
305657
305658
305659
305660
305661
305662
305664
305665
305679
305680
305681
305682
305684
305685
305713
305716
305717
305718
305719
305720
305721
305722
305765
305768
305769
305770
305771
305772
305773
305774
305775
305776
305811
305812
305813
305814
305815
305816
305817
305818
305819
305820
305821
305822
305824
305825
305844
305847
305848
305849
305850
305851
305852
305853
305854
305855
305856
305857
305858
305859
305860
305861
305883
305886
305888
305889
305891
305892
305894
305895
305897
306037
306038
306039
306040
306041
306042
306043
306044
306045
306046
306048
306049
306063
306064
306065
306066
306068
306069
306097
306100
306101
306102
306103
306104
306105
306106
306149
306152
306153
306154
306155
306156
306157
306158
306159
306160
306195
306196
306197
306198
306199
306200
306201
306202
306203
306204
306205
306206
306208
306209
306228
306231
306232
306233
306234
306235
306236
306237
306238
306239
306240
306241
306242
306243
306244
306245
306267
306270
306272
306273
306275
306276
306278
306279
306281
306421
306422
306423
306424
306425
306426
306427
306428
306429
306430
306432
306433
306447
306448
306449
306450
306452
306453
306481
306484
306485
306486
306487
306488
306489
306490
306533
306536
306537
306538
306539
306540
306541
306542
306543
306544
306579
306580
306581
306582
306583
306584
306585
306586
306587
306588
306589
306590
306592
306593
306612
306615
306616
306617
306618
306619
306620
306621
306622
306623
306624
306625
306626
306627
306628
306629
306651
306654
306656
306657
306659
306660
306662
306663
306665
306805
306806
306807
306808
306809
306810
306811
306812
306813
306814
306816
306817
306831
306832
306833
306834
306836
306837
306865
306868
306869
306870
306871
306872
306873
306874
306917
306920
306921
306922
306923
306924
306925
306926
306927
306928
306963
306964
306965
306966
306967
306968
306969
306970
306971
306972
306973
306974
306976
306977
306996
306999
307000
307001
307002
307003
307004
307005
307006
307007
307008
307009
307010
307011
307012
307013
307035
307038
307040
307041
307043
307044
307046
307047
307049
307189
307190
307191
307192
307193
307194
307195
307196
307197
307198
307200
307201
307215
307216
307217
307218
307220
307221
307249
307252
307253
307254
307255
307256
307257
307258
307301
307304
307305
307306
307307
307308
307309
307310
307311
307312
307347
307348
307349
307350
307351
307352
307353
307354
307355
307356
307357
307358
307360
307361
307380
307383
307384
307385
307386
307387
307388
307389
307390
307391
307392
307393
307394
307395
307396
307397
307419
307422
307424
307425
307427
307428
307430
307431
307433
307573
307574
307575
307576
307577
307578
307579
307580
307581
307582
307584
307585
307599
307600
307601
307602
307604
307605
307633
307636
307637
307638
307639
307640
307641
307642
307685
307688
307689
307690
307691
307692
307693
307694
307695
307696
307731
307732
307733
307734
307735
307736
307737
307738
307739
307740
307741
307742
307744
307745
307764
307767
307768
307769
307770
307771
307772
307773
307774
307775
307776
307777
307778
307779
307780
307781
307803
307806
307808
307809
307811
307812
307814
307815
307817
307957
307958
307959
307960
307961
307962
307963
307964
307965
307966
307968
307969
307983
307984
307985
307986
307988
307989
308017
308020
308021
308022
308023
308024
308025
308026
308069
308072
308073
308074
308075
308076
308077
308078
308079
308080
308115
308116
308117
308118
308119
308120
308121
308122
308123
308124
308125
308126
308128
308129
308148
308151
308152
308153
308154
308155
308156
308157
308158
308159
308160
308161
308162
308163
308164
308165
308187
308190
308192
308193
308195
308196
308198
308199
308201
308341
308342
308343
308344
308345
308346
308347
308348
308349
308350
308352
308353
308367
308368
308369
308370
308372
308373
308401
308404
308405
308406
308407
308408
308409
308410
308453
308456
308457
308458
308459
308460
308461
308462
308463
308464
308499
308500
308501
308502
308503
308504
308505
308506
308507
308508
308509
308510
308512
308513
308532
308535
308536
308537
308538
308539
308540
308541
308542
308543
308544
308545
308546
308547
308548
308549
308571
308574
308576
308577
308579
308580
308582
308583
308585
308725
308726
308727
308728
308729
308730
308731
308732
308733
308734
308736
308737
308751
308752
308753
308754
308756
308757
308785
308788
308789
308790
308791
308792
308793
308794
308837
308840
308841
308842
308843
308844
308845
308846
308847
308848
308883
308884
308885
308886
308887
308888
308889
308890
308891
308892
308893
308894
308896
308897
308916
308919
308920
308921
308922
308923
308924
308925
308926
308927
308928
308929
308930
308931
308932
308933
308955
308958
308960
308961
308963
308964
308966
308967
308969
309109
309110
309111
309112
309113
309114
309115
309116
309117
309118
309120
309121
309135
309136
309137
309138
309140
309141
309169
309172
309173
309174
309175
309176
309177
309178
309221
309224
309225
309226
309227
309228
309229
309230
309231
309232
309267
309268
309269
309270
309271
309272
309273
309274
309275
309276
309277
309278
309280
309281
309300
309303
309304
309305
309306
309307
309308
309309
309310
309311
309312
309313
309314
309315
309316
309317
309339
309342
309344
309345
309347
309348
309350
309351
309353
309493
309494
309495
309496
309497
309498
309499
309501
309513
309514
309515
309517
309539
309541
309542
309543
309544
309545
309576
309578
309579
309580
309581
309582
309583
309584
309608
309609
309610
309611
309612
309613
309614
309615
309616
309618
309632
309634
309635
309636
309637
309638
309639
309640
309641
309642
309643
309644
309660
309662
309664
309666
309668
309968
309969
309970
309971
309972
309973
309974
309975
309976
309977
309978
309979
309980
309981
309982
309983
309984
309985
309986
309987
309988
309989
309990
309991
309992
309993
309994
309995
309996
309997
309998
309999
310000
310001
310002
310003
310004
310005
310006
310007
310008
310009
310010
310011
310012
310013
310014
310015
310016
310017
310018
310019
310020
310021
310022
310023
310024
310025
310026
310027
310028
310029
310030
310031
310032
310033
310034
310035
310036
310037
310038
310039
310040
310041
310042
310043
310044
310045
310046
310047
310048
310049
310050
310051
310052
310053
310054
310055
310056
310057
310058
310059
310060
310061
310062
310063
310064
310065
310066
310067
310068
310069
310070
310071
310072
310073
310074
310075
310076
310077
310078
310079
310080
310081
310082
310083
310084
310085
310086
310087
310088
310089
310090
310091
310092
310093
310094
310095
310096
310097
310098
310099
310100
310101
310102
310103
310104
310105
310106
310107
310108
310109
310110
310111
310112
310113
310114
310115
310116
310117
310118
310119
310120
310121
310122
310123
310124
310125
310126
310127
310128
310129
310130
310131
310132
310133
310134
310135
310136
310137
310138
310139
310140
310141
310142
310143
310144
310145
310146
310147
310148
310149
310150
310151
310152
310153
310154
310155
310156
310157
310158
310159
310160
310161
310162
310163
310164
310165
310166
310167
310168
310169
310170
310171
310172
310173
310174
310175
310176
310177
310178
310179
310180
310181
310182
310183
310184
310185
310186
310187
310188
310189
310190
310191
310192
310193
310194
310195
310196
310197
310198
310199
310200
310201
310202
310203
310204
310205
310206
310207
310208
310209
310210
310211
310212
310213
310214
310215
310216
310217
310218
310219
310220
310221
310222
310223
310224
310225
310226
310227
310228
310229
310230
310231
310232
310233
310234
310235
310236
310237
310238
310239
310240
310241
310242
310243
310244
310245
310246
310247
310248
310249
310250
310251
310252
310253
310254
310255
310256
310257
310258
310259
310260
310261
310262
310263
310264
310265
310266
310267
310268
310269
310270
310271
310272
310273
310274
310275
310276
310277
310278
310279
310280
310281
310282
310283
310284
310285
310286
310287
310288
310289
310290
310291
310292
310293
310294
310295
310296
310297
310298
310299
310300
310301
310302
310303
310304
310305
310306
310307
310308
310309
310310
310311
310312
310313
310314
310315
310316
310317
310318
310319
310320
310321
310322
310323
310324
310325
310326
310327
310328
310329
310330
310331
310332
310333
310334
310335
310336
310337
310338
310339
310340
310341
310342
310343
310344
310345
310346
310347
310348
310349
310350
310351
310352
310353
310354
310355
310356
310357
310358
310359
310360
310361
310362
310363
310364
310365
310366
310367
311571
311572
311573
311574
311575
311577
311578
311579
311581
311582
311583
311585
311587
311588
311589
311590
311591
311593
311594
311595
311596
311597
311678
311679
311680
311681
311682
311684
311685
311686
311688
311689
311690
311692
311694
311695
311696
311697
311698
311700
311701
311702
311703
311704
592887
592888
592899
592900
592910
592911
592939
592940
592951
592952
592962
592963
592991
592992
593003
593004
593014
593015
593043
593044
593055
593056
593066
593067
593095
593096
593107
593108
593118
593119
593147
593148
593159
593160
593170
593171
593199
593200
593211
593212
593222
593223
593251
593252
593263
593264
593274
593275
593303
593304
593315
593316
593326
593327
593355
593356
593367
593368
593378
593379
593407
593408
593419
593420
593430
593431
593459
593460
593471
593472
593482
593483
593511
593512
593523
593524
593534
593535
593563
593564
593575
593576
593586
593587
593615
593616
593627
593628
593638
593639
593667
593668
593679
593680
593690
593691
593719
593720
593731
593732
593742
593743
593771
593772
593783
593784
593794
593795
593823
593824
593835
593836
593846
593847
593875
593876
593887
593888
593898
593899
593927
593928
593939
593940
593950
593951
593979
593980
593991
593992
594002
594003
594031
594032
594043
594044
594054
594055
594083
594084
594095
594096
594106
594107
594135
594136
594147
594148
594158
594159
594187
594188
594199
594200
594210
594211
594239
594240
594251
594252
594262
594263
594291
594292
594303
594304
594314
594315
594343
594344
594355
594356
594366
594367
594395
594396
594407
594408
594418
594419
594447
594448
594459
594460
594470
594471
594499
594500
594511
594512
594522
594523
594551
594552
594563
594564
594574
594575
594603
594604
594615
594616
594626
594627
594655
594656
594667
594668
594678
594679
594707
594708
594719
594720
594730
594731
594759
594760
594771
594772
594782
594783
594811
594812
594823
594824
594834
594835
594863
594864
594875
594876
594886
594887
594915
594916
594927
594928
594938
594939
594967
594968
594979
594980
594990
594991
595019
595020
595031
595032
595042
595043
595071
595072
595083
595084
595094
595095
595123
595124
595135
595136
595146
595147
595175
595176
595187
595188
595198
595199
595227
595228
595239
595240
595250
595251
595279
595280
595291
595292
595302
595303
595331
595332
595343
595344
595354
595355
595383
595384
595395
595396
595406
595407
595435
595436
595447
595448
595458
595459
595487
595488
595499
595500
595510
595511
595539
595540
595551
595552
595562
595563
595591
595592
595603
595604
595614
595615
595643
595644
595655
595656
595666
595667
595695
595696
595707
595708
595718
595719
595747
595748
595759
595760
595770
595771
595799
595800
595811
595812
595822
595823
595851
595852
595863
595864
595874
595875
595903
595904
595915
595916
595926
595927
595955
595956
595967
595968
595978
595979
596007
596008
596019
596020
596030
596031
596059
596060
596071
596072
596082
596083
596111
596112
596123
596124
596134
596135
596163
596164
596175
596176
596186
596187
596215
596216
596227
596228
596238
596239
596267
596268
596279
596280
596290
596291
596319
596320
596331
596332
596342
596343
596371
596372
596383
596384
596394
596395
596423
596424
596435
596436
596446
596447
596475
596476
596487
596488
596498
596499
596527
596528
596539
596540
596550
596551
596579
596580
596591
596592
596602
596603
596631
596632
596643
596644
596654
596655
596683
596684
596695
596696
596706
596707
596735
596736
596747
596748
596758
596759
596787
596788
596799
596800
596810
596811
596839
596840
596851
596852
596862
596863
596891
596892
596903
596904
596914
596915
596943
596944
596955
596956
596966
596967
596995
596996
597007
597008
597018
597019
597047
597048
597059
597060
597070
597071
597099
597100
597111
597112
597122
597123
597151
597152
597163
597164
597174
597175
597203
597204
597215
597216
597226
597227
597255
597256
597267
597268
597278
597279
597307
597308
597319
597320
597330
597331
597359
597360
597371
597372
597382
597383
597411
597412
597423
597424
597434
597435
597463
597464
597475
597476
597486
597487
597515
597516
597527
597528
597538
597539
597567
597568
597579
597580
597590
597591
597619
597620
597631
597632
597642
597643
597671
597672
597683
597684
597694
597695
597723
597724
597735
597736
597746
597747
597775
597776
597787
597788
597798
597799
597827
597828
597839
597840
597850
597851
597879
597880
597891
597892
597902
597903
597931
597932
597943
597944
597954
597955
597983
597984
597995
597996
598006
598007
598035
598036
598047
598048
598058
598059
598087
598088
598099
598100
598110
598111
598139
598140
598151
598152
598162
598163
598191
598192
598203
598204
598214
598215
598243
598244
598255
598256
598266
598267
598295
598296
598307
598308
598318
598319
598347
598348
598359
598360
598370
598371
598399
598400
598411
598412
598422
598423
598451
598452
598463
598464
598474
598475
598503
598504
598515
598516
598526
598527
598555
598556
598567
598568
598578
598579
598607
598608
598619
598620
598630
598631
598659
598660
598671
598672
598682
598683
598711
598712
598723
598724
598734
598735
598763
598764
598775
598776
598786
598787
598815
598816
598827
598828
598838
598839
598867
598868
598879
598880
598890
598891
598919
598920
598931
598932
598942
598943
598971
598972
598983
598984
598994
598995
599023
599024
599035
599036
599046
599047
599075
599076
599087
599088
599098
599099
599127
599128
599139
599140
599150
599151
599179
599180
599191
599192
599202
599203
599231
599232
599243
599244
599254
599255
599283
599284
599295
599296
599306
599307
599335
599336
599347
599348
599358
599359
599387
599388
599399
599400
599410
599411
599439
599440
599451
599452
599462
599463
599491
599492
599503
599504
599514
599515
599543
599544
599555
599556
599566
599567
599595
599596
599607
599608
599618
599619
599647
599648
599659
599660
599670
599671
599699
599700
599711
599712
599722
599723
599751
599752
599763
599764
599774
599775
599803
599804
599815
599816
599826
599827
599855
599856
599867
599868
599878
599879
599907
599908
599919
599920
599930
599931
599959
599960
599971
599972
599982
599983
600011
600012
600023
600024
600034
600035
600063
600064
600075
600076
600086
600087
600115
600116
600127
600128
600138
600139
600167
600168
600179
600180
600190
600191
600219
600220
600231
600232
600242
600243
600271
600272
600283
600284
600294
600295
600323
600324
600335
600336
600346
600347
600375
600376
600387
600388
600398
600399
600427
600428
600439
600440
600450
600451
600479
600480
600491
600492
600502
600503
600531
600532
600543
600544
600554
600555
600583
600584
600595
600596
600606
600607
600635
600636
600647
600648
600658
600659
600687
600688
600699
600700
600710
600711
600739
600740
600751
600752
600762
600763
600791
600792
600803
600804
600814
600815
600843
600844
600855
600856
600866
600867
600895
600896
600907
600908
600918
600919
600947
600948
600959
600960
600970
600971
600999
601000
601011
601012
601022
601023
601051
601052
601063
601064
601074
601075
601103
601104
601115
601116
601126
601127
601155
601156
601167
601168
601178
601179
601207
601208
601219
601220
601230
601231
601259
601260
601271
601272
601282
601283
601311
601312
601323
601324
601334
601335
601363
601364
601375
601376
601386
601387
601415
601416
601427
601428
601438
601439
601467
601468
601479
601480
601490
601491
601519
601520
601531
601532
601542
601543
601571
601572
601583
601584
601594
601595
601623
601624
601635
601636
601646
601647
601675
601676
601687
601688
601698
601699
601727
601728
601739
601740
601750
601751
601779
601780
601791
601792
601802
601803
601831
601832
601843
601844
601854
601855
601883
601884
601895
601896
601906
601907
601935
601936
601947
601948
601958
601959
601987
601988
601999
602000
602010
602011
602039
602040
602051
602052
602062
602063
602091
602092
602103
602104
602114
602115
602143
602144
602155
602156
602166
602167
602195
602196
602207
602208
602218
602219
602247
602248
602259
602260
602270
602271
602299
602300
602311
602312
602322
602323
602351
602352
602363
602364
602374
602375
602403
602404
602415
602416
602426
602427
602455
602456
602467
602468
602478
602479
602507
602508
602519
602520
602530
602531
602559
602560
602571
602572
602582
602583
602611
602612
602623
602624
602634
602635
602663
602664
602675
602676
602686
602687
602715
602716
602727
602728
602738
602739
602767
602768
602779
602780
602790
602791
602819
602820
602831
602832
602842
602843
602871
602872
602883
602884
602894
602895
602923
602924
602935
602936
602946
602947
602975
602976
602987
602988
602998
602999
603027
603028
603039
603040
603050
603051
603079
603080
603091
603092
603102
603103
603131
603132
603143
603144
603154
603155
603183
603184
603195
603196
603206
603207
603235
603236
603247
603248
603258
603259
614695
614696
614712
614713
614714
614715
614726
614727
614728
614729
614730
614731
614753
614754
614755
614756
614857
614858
614874
614875
614876
614877
614889
614890
614891
614892
614893
614894
614917
614918
614919
614920
615028
615029
615045
615046
615047
615048
615060
615061
615062
615063
615064
615065
615088
615089
615090
615091
615199
615200
615216
615217
615218
615219
615231
615232
615233
615234
615235
615236
615259
615260
615261
615262
615370
615371
615387
615388
615389
615390
615402
615403
615404
615405
615406
615407
615430
615431
615432
615433
615541
615542
615558
615559
615560
615561
615573
615574
615575
615576
615577
615578
615601
615602
615603
615604
615712
615713
615729
615730
615731
615732
615744
615745
615746
615747
615748
615749
615772
615773
615774
615775
615883
615884
615900
615901
615902
615903
615915
615916
615917
615918
615919
615920
615943
615944
615945
615946
616054
616055
616071
616072
616073
616074
616086
616087
616088
616089
616090
616091
616114
616115
616116
616117
616225
616226
616242
616243
616244
616245
616257
616258
616259
616260
616261
616262
616285
616286
616287
616288
616396
616397
616413
616414
616415
616416
616428
616429
616430
616431
616432
616433
616456
616457
616458
616459
616567
616568
616584
616585
616586
616587
616599
616600
616601
616602
616603
616604
616627
616628
616629
616630
616738
616739
616755
616756
616757
616758
616770
616771
616772
616773
616774
616775
616798
616799
616800
616801
616909
616910
616926
616927
616928
616929
616941
616942
616943
616944
616945
616946
616969
616970
616971
616972
617080
617081
617097
617098
617099
617100
617112
617113
617114
617115
617116
617117
617140
617141
617142
617143
617251
617252
617268
617269
617270
617271
617283
617284
617285
617286
617287
617288
617311
617312
617313
617314
617422
617423
617439
617440
617441
617442
617454
617455
617456
617457
617458
617459
617482
617483
617484
617485
617593
617594
617610
617611
617612
617613
617625
617626
617627
617628
617629
617630
617653
617654
617655
617656
617764
617765
617781
617782
617783
617784
617796
617797
617798
617799
617800
617801
617824
617825
617826
617827
617935
617936
617952
617953
617954
617955
617967
617968
617969
617970
617971
617972
617995
617996
617997
617998
618106
618107
618123
618124
618125
618126
618138
618139
618140
618141
618142
618143
618166
618167
618168
618169
618277
618278
618294
618295
618296
618297
618309
618310
618311
618312
618313
618314
618337
618338
618339
618340
618448
618449
618465
618466
618467
618468
618480
618481
618482
618483
618484
618485
618508
618509
618510
618511
618619
618620
618636
618637
618638
618639
618651
618652
618653
618654
618655
618656
618679
618680
618681
618682
618790
618791
618807
618808
618809
618810
618822
618823
618824
618825
618826
618827
618850
618851
618852
618853
618961
618962
618978
618979
618980
618981
618993
618994
618995
618996
618997
618998
619021
619022
619023
619024
619132
619133
619149
619150
619151
619152
619164
619165
619166
619167
619168
619169
619192
619193
619194
619195
619303
619304
619320
619321
619322
619323
619335
619336
619337
619338
619339
619340
619363
619364
619365
619366
619474
619475
619491
619492
619493
619494
619506
619507
619508
619509
619510
619511
619534
619535
619536
619537
619645
619646
619662
619663
619664
619665
619677
619678
619679
619680
619681
619682
619705
619706
619707
619708
619816
619817
619833
619834
619835
619836
619848
619849
619850
619851
619852
619853
619876
619877
619878
619879
619987
619988
620004
620005
620006
620007
620019
620020
620021
620022
620023
620024
620047
620048
620049
620050
620158
620159
620175
620176
620177
620178
620190
620191
620192
620193
620194
620195
620218
620219
620220
620221
620329
620330
620346
620347
620348
620349
620361
620362
620363
620364
620365
620366
620389
620390
620391
620392
620500
620501
620517
620518
620519
620520
620532
620533
620534
620535
620536
620537
620560
620561
620562
620563
620671
620672
620688
620689
620690
620691
620703
620704
620705
620706
620707
620708
620731
620732
620733
620734
620842
620843
620859
620860
620861
620862
620874
620875
620876
620877
620878
620879
620902
620903
620904
620905
621013
621014
621030
621031
621032
621033
621045
621046
621047
621048
621049
621050
621073
621074
621075
621076
621184
621185
621201
621202
621203
621204
621216
621217
621218
621219
621220
621221
621244
621245
621246
621247
621355
621356
621372
621373
621374
621375
621387
621388
621389
621390
621391
621392
621415
621416
621417
621418
621526
621527
621543
621544
621545
621546
621558
621559
621560
621561
621562
621563
621586
621587
621588
621589
621697
621698
621714
621715
621716
621717
621729
621730
621731
621732
621733
621734
621757
621758
621759
621760
621868
621869
621885
621886
621887
621888
621900
621901
621902
621903
621904
621905
621928
621929
621930
621931
622039
622040
622056
622057
622058
622059
622071
622072
622073
622074
622075
622076
622099
622100
622101
622102
622210
622211
622227
622228
622229
622230
622242
622243
622244
622245
622246
622247
622270
622271
622272
622273
622381
622382
622398
622399
622400
622401
622413
622414
622415
622416
622417
622418
622441
622442
622443
622444
622552
622553
622569
622570
622571
622572
622584
622585
622586
622587
622588
622589
622612
622613
622614
622615
622723
622724
622740
622741
622742
622743
622755
622756
622757
622758
622759
622760
622783
622784
622785
622786
622894
622895
622911
622912
622913
622914
622926
622927
622928
622929
622930
622931
622954
622955
622956
622957
623065
623066
623082
623083
623084
623085
623097
623098
623099
623100
623101
623102
623125
623126
623127
623128
623236
623237
623253
623254
623255
623256
623268
623269
623270
623271
623272
623273
623296
623297
623298
623299
623407
623408
623424
623425
623426
623427
623439
623440
623441
623442
623443
623444
623467
623468
623469
623470
623578
623579
623595
623596
623597
623598
623610
623611
623612
623613
623614
623615
623638
623639
623640
623641
623749
623750
623766
623767
623768
623769
623781
623782
623783
623784
623785
623786
623809
623810
623811
623812
623920
623921
623937
623938
623939
623940
623952
623953
623954
623955
623956
623957
623980
623981
623982
623983
624091
624092
624108
624109
624110
624111
624123
624124
624125
624126
624127
624128
624151
624152
624153
624154
624262
624263
624279
624280
624281
624282
624294
624295
624296
624297
624298
624299
624322
624323
624324
624325
624433
624434
624450
624451
624452
624453
624465
624466
624467
624468
624469
624470
624493
624494
624495
624496
624604
624605
624621
624622
624623
624624
624636
624637
624638
624639
624640
624641
624664
624665
624666
624667
624775
624776
624792
624793
624794
624795
624807
624808
624809
624810
624811
624812
624835
624836
624837
624838
624946
624947
624963
624964
624965
624966
624978
624979
624980
624981
624982
624983
625006
625007
625008
625009
625117
625118
625134
625135
625136
625137
625149
625150
625151
625152
625153
625154
625177
625178
625179
625180
625288
625289
625305
625306
625307
625308
625320
625321
625322
625323
625324
625325
625348
625349
625350
625351
625459
625460
625476
625477
625478
625479
625491
625492
625493
625494
625495
625496
625519
625520
625521
625522
625630
625631
625647
625648
625649
625650
625662
625663
625664
625665
625666
625667
625690
625691
625692
625693
625801
625802
625818
625819
625820
625821
625833
625834
625835
625836
625837
625838
625861
625862
625863
625864
625972
625973
625989
625990
625991
625992
626004
626005
626006
626007
626008
626009
626032
626033
626034
626035
626143
626144
626160
626161
626162
626163
626175
626176
626177
626178
626179
626180
626203
626204
626205
626206
626314
626315
626331
626332
626333
626334
626346
626347
626348
626349
626350
626351
626374
626375
626376
626377
626485
626486
626502
626503
626504
626505
626517
626518
626519
626520
626521
626522
626545
626546
626547
626548
626656
626657
626673
626674
626675
626676
626688
626689
626690
626691
626692
626693
626716
626717
626718
626719
626827
626828
626844
626845
626846
626847
626859
626860
626861
626862
626863
626864
626887
626888
626889
626890
626998
626999
627015
627016
627017
627018
627030
627031
627032
627033
627034
627035
627058
627059
627060
627061
627169
627170
627186
627187
627188
627189
627201
627202
627203
627204
627205
627206
627229
627230
627231
627232
627340
627341
627357
627358
627359
627360
627372
627373
627374
627375
627376
627377
627400
627401
627402
627403
627511
627512
627528
627529
627530
627531
627543
627544
627545
627546
627547
627548
627571
627572
627573
627574
627682
627683
627699
627700
627701
627702
627714
627715
627716
627717
627718
627719
627742
627743
627744
627745
627853
627854
627870
627871
627872
627873
627885
627886
627887
627888
627889
627890
627913
627914
627915
627916
628024
628025
628041
628042
628043
628044
628056
628057
628058
628059
628060
628061
628084
628085
628086
628087
628195
628196
628212
628213
628214
628215
628227
628228
628229
628230
628231
628232
628255
628256
628257
628258
628366
628367
628383
628384
628385
628386
628398
628399
628400
628401
628402
628403
628426
628427
628428
628429
628537
628538
628554
628555
628556
628557
628569
628570
628571
628572
628573
628574
628597
628598
628599
628600
628708
628709
628725
628726
628727
628728
628740
628741
628742
628743
628744
628745
628768
628769
628770
628771
628879
628880
628896
628897
628898
628899
628911
628912
628913
628914
628915
628916
628939
628940
628941
628942
629050
629051
629067
629068
629069
629070
629082
629083
629084
629085
629086
629087
629110
629111
629112
629113
629221
629222
629238
629239
629240
629241
629253
629254
629255
629256
629257
629258
629281
629282
629283
629284
629392
629393
629409
629410
629411
629412
629424
629425
629426
629427
629428
629429
629452
629453
629454
629455
629563
629564
629580
629581
629582
629583
629595
629596
629597
629598
629599
629600
629623
629624
629625
629626
629734
629735
629751
629752
629753
629754
629766
629767
629768
629769
629770
629771
629794
629795
629796
629797
629905
629906
629922
629923
629924
629925
629937
629938
629939
629940
629941
629942
629965
629966
629967
629968
630076
630077
630093
630094
630095
630096
630108
630109
630110
630111
630112
630113
630136
630137
630138
630139
630247
630248
630264
630265
630266
630267
630279
630280
630281
630282
630283
630284
630307
630308
630309
630310
630418
630419
630435
630436
630437
630438
630450
630451
630452
630453
630454
630455
630478
630479
630480
630481
630589
630590
630606
630607
630608
630609
630621
630622
630623
630624
630625
630626
630649
630650
630651
630652
630760
630761
630777
630778
630779
630780
630792
630793
630794
630795
630796
630797
630820
630821
630822
630823
630931
630932
630948
630949
630950
630951
630963
630964
630965
630966
630967
630968
630991
630992
630993
630994
631102
631103
631119
631120
631121
631122
631134
631135
631136
631137
631138
631139
631162
631163
631164
631165
631273
631274
631290
631291
631292
631293
631305
631306
631307
631308
631309
631310
631333
631334
631335
631336
631444
631445
631461
631462
631463
631464
631476
631477
631478
631479
631480
631481
631504
631505
631506
631507
631615
631616
631632
631633
631634
631635
631647
631648
631649
631650
631651
631652
631675
631676
631677
631678
631786
631787
631803
631804
631805
631806
631818
631819
631820
631821
631822
631823
631846
631847
631848
631849
631957
631958
631974
631975
631976
631977
631989
631990
631991
631992
631993
631994
632017
632018
632019
632020
632128
632129
632145
632146
632147
632148
632160
632161
632162
632163
632164
632165
632188
632189
632190
632191
632299
632300
632316
632317
632318
632319
632331
632332
632333
632334
632335
632336
632359
632360
632361
632362
632470
632471
632487
632488
632489
632490
632502
632503
632504
632505
632506
632507
632530
632531
632532
632533
632641
632642
632658
632659
632660
632661
632673
632674
632675
632676
632677
632678
632701
632702
632703
632704
632812
632813
632829
632830
632831
632832
632844
632845
632846
632847
632848
632849
632872
632873
632874
632875
632983
632984
633000
633001
633002
633003
633015
633016
633017
633018
633019
633020
633043
633044
633045
633046
633154
633155
633171
633172
633173
633174
633186
633187
633188
633189
633190
633191
633214
633215
633216
633217
633325
633326
633342
633343
633344
633345
633357
633358
633359
633360
633361
633362
633385
633386
633387
633388
633496
633497
633513
633514
633515
633516
633528
633529
633530
633531
633532
633533
633556
633557
633558
633559
633667
633668
633684
633685
633686
633687
633699
633700
633701
633702
633703
633704
633727
633728
633729
633730
633838
633839
633855
633856
633857
633858
633870
633871
633872
633873
633874
633875
633898
633899
633900
633901
634009
634010
634026
634027
634028
634029
634041
634042
634043
634044
634045
634046
634069
634070
634071
634072
634180
634181
634197
634198
634199
634200
634212
634213
634214
634215
634216
634217
634240
634241
634242
634243
634351
634352
634368
634369
634370
634371
634383
634384
634385
634386
634387
634388
634411
634412
634413
634414
634522
634523
634539
634540
634541
634542
634554
634555
634556
634557
634558
634559
634582
634583
634584
634585
634693
634694
634710
634711
634712
634713
634725
634726
634727
634728
634729
634730
634753
634754
634755
634756
634864
634865
634881
634882
634883
634884
634896
634897
634898
634899
634900
634901
634924
634925
634926
634927
635035
635036
635052
635053
635054
635055
635067
635068
635069
635070
635071
635072
635095
635096
635097
635098
635206
635207
635223
635224
635225
635226
635238
635239
635240
635241
635242
635243
635266
635267
635268
635269
635377
635378
635394
635395
635396
635397
635409
635410
635411
635412
635413
635414
635437
635438
635439
635440
635548
635549
635565
635566
635567
635568
635580
635581
635582
635583
635584
635585
635608
635609
635610
635611
635719
635720
635736
635737
635738
635739
635751
635752
635753
635754
635755
635756
635779
635780
635781
635782
635890
635891
635907
635908
635909
635910
635922
635923
635924
635925
635926
635927
635950
635951
635952
635953
636061
636062
636078
636079
636080
636081
636093
636094
636095
636096
636097
636098
636121
636122
636123
636124
636232
636233
636249
636250
636251
636252
636264
636265
636266
636267
636268
636269
636292
636293
636294
636295
636403
636404
636420
636421
636422
636423
636435
636436
636437
636438
636439
636440
636463
636464
636465
636466
636574
636575
636591
636592
636593
636594
636606
636607
636608
636609
636610
636611
636634
636635
636636
636637
636745
636746
636762
636763
636764
636765
636777
636778
636779
636780
636781
636782
636805
636806
636807
636808
636916
636917
636933
636934
636935
636936
636948
636949
636950
636951
636952
636953
636976
636977
636978
636979
637087
637088
637104
637105
637106
637107
637119
637120
637121
637122
637123
637124
637147
637148
637149
637150
637258
637259
637275
637276
637277
637278
637290
637291
637292
637293
637294
637295
637318
637319
637320
637321
637429
637430
637446
637447
637448
637449
637461
637462
637463
637464
637465
637466
637489
637490
637491
637492
637600
637601
637617
637618
637619
637620
637632
637633
637634
637635
637636
637637
637660
637661
637662
637663
637771
637772
637788
637789
637790
637791
637803
637804
637805
637806
637807
637808
637831
637832
637833
637834
637942
637943
637959
637960
637961
637962
637974
637975
637976
637977
637978
637979
638002
638003
638004
638005
638113
638114
638130
638131
638132
638133
638145
638146
638147
638148
638149
638150
638173
638174
638175
638176
638284
638285
638301
638302
638303
638304
638316
638317
638318
638319
638320
638321
638344
638345
638346
638347
638455
638456
638472
638473
638474
638475
638487
638488
638489
638490
638491
638492
638515
638516
638517
638518
638626
638627
638643
638644
638645
638646
638658
638659
638660
638661
638662
638663
638686
638687
638688
638689
638797
638798
638814
638815
638816
638817
638829
638830
638831
638832
638833
638834
638857
638858
638859
638860
638968
638969
638985
638986
638987
638988
639000
639001
639002
639003
639004
639005
639028
639029
639030
639031
639139
639140
639156
639157
639158
639159
639171
639172
639173
639174
639175
639176
639199
639200
639201
639202
639310
639311
639327
639328
639329
639330
639342
639343
639344
639345
639346
639347
639370
639371
639372
639373
639481
639482
639498
639499
639500
639501
639513
639514
639515
639516
639517
639518
639541
639542
639543
639544
639652
639653
639669
639670
639671
639672
639684
639685
639686
639687
639688
639689
639712
639713
639714
639715
639823
639824
639840
639841
639842
639843
639855
639856
639857
639858
639859
639860
639883
639884
639885
639886
639994
639995
640011
640012
640013
640014
640026
640027
640028
640029
640030
640031
640054
640055
640056
640057
640165
640166
640182
640183
640184
640185
640197
640198
640199
640200
640201
640202
640225
640226
640227
640228
640336
640337
640353
640354
640355
640356
640368
640369
640370
640371
640372
640373
640396
640397
640398
640399
640507
640508
640524
640525
640526
640527
640539
640540
640541
640542
640543
640544
640567
640568
640569
640570
640678
640679
640695
640696
640697
640698
640710
640711
640712
640713
640714
640715
640738
640739
640740
640741
640849
640850
640866
640867
640868
640869
640881
640882
640883
640884
640885
640886
640909
640910
640911
640912
641020
641021
641037
641038
641039
641040
641052
641053
641054
641055
641056
641057
641080
641081
641082
641083
641191
641192
641208
641209
641210
641211
641223
641224
641225
641226
641227
641228
641251
641252
641253
641254
641362
641363
641379
641380
641381
641382
641394
641395
641396
641397
641398
641399
641422
641423
641424
641425
641533
641534
641550
641551
641552
641553
641565
641566
641567
641568
641569
641570
641593
641594
641595
641596
641704
641705
641721
641722
641723
641724
641736
641737
641738
641739
641740
641741
641764
641765
641766
641767
641875
641876
641892
641893
641894
641895
641907
641908
641909
641910
641911
641912
641935
641936
641937
641938
642046
642047
642063
642064
642065
642066
642078
642079
642080
642081
642082
642083
642106
642107
642108
642109
642217
642218
642234
642235
642236
642237
642249
642250
642251
642252
642253
642254
642277
642278
642279
642280
642388
642389
642405
642406
642407
642408
642420
642421
642422
642423
642424
642425
642448
642449
642450
642451
642559
642560
642576
642577
642578
642579
642591
642592
642593
642594
642595
642596
642619
642620
642621
642622
642730
642731
642747
642748
642749
642750
642762
642763
642764
642765
642766
642767
642790
642791
642792
642793
642901
642902
642918
642919
642920
642921
642933
642934
642935
642936
642937
642938
642961
642962
642963
642964
643072
643073
643089
643090
643091
643092
643104
643105
643106
643107
643108
643109
643132
643133
643134
643135
643243
643244
643260
643261
643262
643263
643275
643276
643277
643278
643279
643280
643303
643304
643305
643306
643414
643415
643431
643432
643433
643434
643446
643447
643448
643449
643450
643451
643474
643475
643476
643477
643585
643586
643602
643603
643604
643605
643617
643618
643619
643620
643621
643622
643645
643646
643647
643648
643756
643757
643773
643774
643775
643776
643788
643789
643790
643791
643792
643793
643816
643817
643818
643819
643927
643928
643944
643945
643946
643947
643959
643960
643961
643962
643963
643964
643987
643988
643989
643990
644098
644099
644115
644116
644117
644118
644130
644131
644132
644133
644134
644135
644158
644159
644160
644161
644269
644270
644286
644287
644288
644289
644301
644302
644303
644304
644305
644306
644329
644330
644331
644332
644440
644441
644457
644458
644459
644460
644472
644473
644474
644475
644476
644477
644500
644501
644502
644503
644611
644612
644628
644629
644630
644631
644643
644644
644645
644646
644647
644648
644671
644672
644673
644674
644782
644783
644799
644800
644801
644802
644814
644815
644816
644817
644818
644819
644842
644843
644844
644845
644953
644954
644970
644971
644972
644973
644985
644986
644987
644988
644989
644990
645013
645014
645015
645016
645124
645125
645141
645142
645143
645144
645156
645157
645158
645159
645160
645161
645184
645185
645186
645187
645295
645296
645312
645313
645314
645315
645327
645328
645329
645330
645331
645332
645355
645356
645357
645358
645466
645467
645483
645484
645485
645486
645498
645499
645500
645501
645502
645503
645526
645527
645528
645529
645637
645638
645654
645655
645656
645657
645669
645670
645671
645672
645673
645674
645697
645698
645699
645700
645808
645809
645825
645826
645827
645828
645840
645841
645842
645843
645844
645845
645868
645869
645870
645871
645979
645980
645996
645997
645998
645999
646011
646012
646013
646014
646015
646016
646039
646040
646041
646042
646150
646151
646167
646168
646169
646170
646182
646183
646184
646185
646186
646187
646210
646211
646212
646213
646321
646322
646338
646339
646340
646341
646353
646354
646355
646356
646357
646358
646381
646382
646383
646384
646492
646493
646509
646510
646511
646512
646524
646525
646526
646527
646528
646529
646552
646553
646554
646555
646663
646664
646680
646681
646682
646683
646695
646696
646697
646698
646699
646700
646723
646724
646725
646726
646834
646835
646851
646852
646853
646854
646866
646867
646868
646869
646870
646871
646894
646895
646896
646897
647005
647006
647022
647023
647024
647025
647037
647038
647039
647040
647041
647042
647065
647066
647067
647068
647176
647177
647193
647194
647195
647196
647208
647209
647210
647211
647212
647213
647236
647237
647238
647239
647347
647348
647364
647365
647366
647367
647379
647380
647381
647382
647383
647384
647407
647408
647409
647410
647518
647519
647535
647536
647537
647538
647550
647551
647552
647553
647554
647555
647578
647579
647580
647581
647689
647690
647706
647707
647708
647709
647721
647722
647723
647724
647725
647726
647749
647750
647751
647752
647860
647861
647877
647878
647879
647880
647892
647893
647894
647895
647896
647897
647920
647921
647922
647923
648031
648032
648048
648049
648050
648051
648063
648064
648065
648066
648067
648068
648091
648092
648093
648094
648202
648203
648219
648220
648221
648222
648234
648235
648236
648237
648238
648239
648262
648263
648264
648265
648373
648374
648390
648391
648392
648393
648405
648406
648407
648408
648409
648410
648433
648434
648435
648436
648544
648545
648561
648562
648563
648564
648576
648577
648578
648579
648580
648581
648604
648605
648606
648607
648715
648716
648732
648733
648734
648735
648747
648748
648749
648750
648751
648752
648775
648776
648777
648778
648882
648883
648894
648895
648905
648906
648907
648908
648927
648928
648929
677442
677443
677444
677445
677446
677447
677464
677465
677478
677479
677480
677481
677499
677500
677514
677515
677516
677623
677624
677625
677626
677627
677628
677645
677646
677660
677661
677662
677663
677683
677684
677698
677699
677700
677813
677814
677815
677816
677817
677818
677835
677836
677850
677851
677852
677853
677873
677874
677888
677889
677890
678003
678004
678005
678006
678007
678008
678025
678026
678040
678041
678042
678043
678063
678064
678078
678079
678080
678193
678194
678195
678196
678197
678198
678215
678216
678230
678231
678232
678233
678253
678254
678268
678269
678270
678383
678384
678385
678386
678387
678388
678405
678406
678420
678421
678422
678423
678443
678444
678458
678459
678460
678573
678574
678575
678576
678577
678578
678595
678596
678610
678611
678612
678613
678633
678634
678648
678649
678650
678763
678764
678765
678766
678767
678768
678785
678786
678800
678801
678802
678803
678823
678824
678838
678839
678840
678953
678954
678955
678956
678957
678958
678975
678976
678990
678991
678992
678993
679013
679014
679028
679029
679030
679143
679144
679145
679146
679147
679148
679165
679166
679180
679181
679182
679183
679203
679204
679218
679219
679220
679333
679334
679335
679336
679337
679338
679355
679356
679370
679371
679372
679373
679393
679394
679408
679409
679410
679523
679524
679525
679526
679527
679528
679545
679546
679560
679561
679562
679563
679583
679584
679598
679599
679600
679713
679714
679715
679716
679717
679718
679735
679736
679750
679751
679752
679753
679773
679774
679788
679789
679790
679903
679904
679905
679906
679907
679908
679925
679926
679940
679941
679942
679943
679963
679964
679978
679979
679980
680093
680094
680095
680096
680097
680098
680115
680116
680130
680131
680132
680133
680153
680154
680168
680169
680170
680283
680284
680285
680286
680287
680288
680305
680306
680320
680321
680322
680323
680343
680344
680358
680359
680360
680473
680474
680475
680476
680477
680478
680495
680496
680510
680511
680512
680513
680533
680534
680548
680549
680550
680663
680664
680665
680666
680667
680668
680685
680686
680700
680701
680702
680703
680723
680724
680738
680739
680740
680853
680854
680855
680856
680857
680858
680875
680876
680890
680891
680892
680893
680913
680914
680928
680929
680930
681043
681044
681045
681046
681047
681048
681065
681066
681080
681081
681082
681083
681103
681104
681118
681119
681120
681233
681234
681235
681236
681237
681238
681255
681256
681270
681271
681272
681273
681293
681294
681308
681309
681310
681423
681424
681425
681426
681427
681428
681445
681446
681460
681461
681462
681463
681483
681484
681498
681499
681500
681613
681614
681615
681616
681617
681618
681635
681636
681650
681651
681652
681653
681673
681674
681688
681689
681690
681803
681804
681805
681806
681807
681808
681825
681826
681840
681841
681842
681843
681863
681864
681878
681879
681880
681993
681994
681995
681996
681997
681998
682015
682016
682030
682031
682032
682033
682053
682054
682068
682069
682070
682183
682184
682185
682186
682187
682188
682205
682206
682220
682221
682222
682223
682243
682244
682258
682259
682260
682373
682374
682375
682376
682377
682378
682395
682396
682410
682411
682412
682413
682433
682434
682448
682449
682450
682563
682564
682565
682566
682567
682568
682585
682586
682600
682601
682602
682603
682623
682624
682638
682639
682640
682753
682754
682755
682756
682757
682758
682775
682776
682790
682791
682792
682793
682813
682814
682828
682829
682830
682943
682944
682945
682946
682947
682948
682965
682966
682980
682981
682982
682983
683003
683004
683018
683019
683020
683133
683134
683135
683136
683137
683138
683155
683156
683170
683171
683172
683173
683193
683194
683208
683209
683210
683323
683324
683325
683326
683327
683328
683345
683346
683360
683361
683362
683363
683383
683384
683398
683399
683400
683513
683514
683515
683516
683517
683518
683535
683536
683550
683551
683552
683553
683573
683574
683588
683589
683590
683703
683704
683705
683706
683707
683708
683725
683726
683740
683741
683742
683743
683763
683764
683778
683779
683780
683893
683894
683895
683896
683897
683898
683915
683916
683930
683931
683932
683933
683953
683954
683968
683969
683970
684083
684084
684085
684086
684087
684088
684105
684106
684120
684121
684122
684123
684143
684144
684158
684159
684160
684273
684274
684275
684276
684277
684278
684295
684296
684310
684311
684312
684313
684333
684334
684348
684349
684350
684463
684464
684465
684466
684467
684468
684485
684486
684500
684501
684502
684503
684523
684524
684538
684539
684540
684653
684654
684655
684656
684657
684658
684675
684676
684690
684691
684692
684693
684713
684714
684728
684729
684730
684843
684844
684845
684846
684847
684848
684865
684866
684880
684881
684882
684883
684903
684904
684918
684919
684920
685033
685034
685035
685036
685037
685038
685055
685056
685070
685071
685072
685073
685093
685094
685108
685109
685110
685223
685224
685225
685226
685227
685228
685245
685246
685260
685261
685262
685263
685283
685284
685298
685299
685300
685413
685414
685415
685416
685417
685418
685435
685436
685450
685451
685452
685453
685473
685474
685488
685489
685490
685603
685604
685605
685606
685607
685608
685625
685626
685640
685641
685642
685643
685663
685664
685678
685679
685680
685793
685794
685795
685796
685797
685798
685815
685816
685830
685831
685832
685833
685853
685854
685868
685869
685870
685983
685984
685985
685986
685987
685988
686005
686006
686020
686021
686022
686023
686043
686044
686058
686059
686060
686173
686174
686175
686176
686177
686178
686195
686196
686210
686211
686212
686213
686233
686234
686248
686249
686250
686363
686364
686365
686366
686367
686368
686385
686386
686400
686401
686402
686403
686423
686424
686438
686439
686440
686553
686554
686555
686556
686557
686558
686575
686576
686590
686591
686592
686593
686613
686614
686628
686629
686630
686743
686744
686745
686746
686747
686748
686765
686766
686780
686781
686782
686783
686803
686804
686818
686819
686820
686933
686934
686935
686936
686937
686938
686955
686956
686970
686971
686972
686973
686993
686994
687008
687009
687010
687123
687124
687125
687126
687127
687128
687145
687146
687160
687161
687162
687163
687183
687184
687198
687199
687200
687313
687314
687315
687316
687317
687318
687335
687336
687350
687351
687352
687353
687373
687374
687388
687389
687390
687503
687504
687505
687506
687507
687508
687525
687526
687540
687541
687542
687543
687563
687564
687578
687579
687580
687693
687694
687695
687696
687697
687698
687715
687716
687730
687731
687732
687733
687753
687754
687768
687769
687770
687883
687884
687885
687886
687887
687888
687905
687906
687920
687921
687922
687923
687943
687944
687958
687959
687960
688073
688074
688075
688076
688077
688078
688095
688096
688110
688111
688112
688113
688133
688134
688148
688149
688150
688263
688264
688265
688266
688267
688268
688285
688286
688300
688301
688302
688303
688323
688324
688338
688339
688340
688453
688454
688455
688456
688457
688458
688475
688476
688490
688491
688492
688493
688513
688514
688528
688529
688530
688643
688644
688645
688646
688647
688648
688665
688666
688680
688681
688682
688683
688703
688704
688718
688719
688720
688833
688834
688835
688836
688837
688838
688855
688856
688870
688871
688872
688873
688893
688894
688908
688909
688910
689023
689024
689025
689026
689027
689028
689045
689046
689060
689061
689062
689063
689083
689084
689098
689099
689100
689213
689214
689215
689216
689217
689218
689235
689236
689250
689251
689252
689253
689273
689274
689288
689289
689290
689403
689404
689405
689406
689407
689408
689425
689426
689440
689441
689442
689443
689463
689464
689478
689479
689480
689593
689594
689595
689596
689597
689598
689615
689616
689630
689631
689632
689633
689653
689654
689668
689669
689670
689783
689784
689785
689786
689787
689788
689805
689806
689820
689821
689822
689823
689843
689844
689858
689859
689860
689973
689974
689975
689976
689977
689978
689995
689996
690010
690011
690012
690013
690033
690034
690048
690049
690050
690163
690164
690165
690166
690167
690168
690185
690186
690200
690201
690202
690203
690223
690224
690238
690239
690240
690353
690354
690355
690356
690357
690358
690375
690376
690390
690391
690392
690393
690413
690414
690428
690429
690430
690543
690544
690545
690546
690547
690548
690565
690566
690580
690581
690582
690583
690603
690604
690618
690619
690620
690733
690734
690735
690736
690737
690738
690755
690756
690770
690771
690772
690773
690793
690794
690808
690809
690810
690923
690924
690925
690926
690927
690928
690945
690946
690960
690961
690962
690963
690983
690984
690998
690999
691000
691113
691114
691115
691116
691117
691118
691135
691136
691150
691151
691152
691153
691173
691174
691188
691189
691190
691303
691304
691305
691306
691307
691308
691325
691326
691340
691341
691342
691343
691363
691364
691378
691379
691380
691493
691494
691495
691496
691497
691498
691515
691516
691530
691531
691532
691533
691553
691554
691568
691569
691570
691683
691684
691685
691686
691687
691688
691705
691706
691720
691721
691722
691723
691743
691744
691758
691759
691760
691873
691874
691875
691876
691877
691878
691895
691896
691910
691911
691912
691913
691933
691934
691948
691949
691950
692063
692064
692065
692066
692067
692068
692085
692086
692100
692101
692102
692103
692123
692124
692138
692139
692140
692253
692254
692255
692256
692257
692258
692275
692276
692290
692291
692292
692293
692313
692314
692328
692329
692330
692443
692444
692445
692446
692447
692448
692465
692466
692480
692481
692482
692483
692503
692504
692518
692519
692520
692633
692634
692635
692636
692637
692638
692655
692656
692670
692671
692672
692673
692693
692694
692708
692709
692710
692823
692824
692825
692826
692827
692828
692845
692846
692860
692861
692862
692863
692883
692884
692898
692899
692900
693013
693014
693015
693016
693017
693018
693035
693036
693050
693051
693052
693053
693073
693074
693088
693089
693090
693203
693204
693205
693206
693207
693208
693225
693226
693240
693241
693242
693243
693263
693264
693278
693279
693280
693393
693394
693395
693396
693397
693398
693415
693416
693430
693431
693432
693433
693453
693454
693468
693469
693470
693583
693584
693585
693586
693587
693588
693605
693606
693620
693621
693622
693623
693643
693644
693658
693659
693660
693773
693774
693775
693776
693777
693778
693795
693796
693810
693811
693812
693813
693833
693834
693848
693849
693850
693963
693964
693965
693966
693967
693968
693985
693986
694000
694001
694002
694003
694023
694024
694038
694039
694040
694153
694154
694155
694156
694157
694158
694175
694176
694190
694191
694192
694193
694213
694214
694228
694229
694230
694343
694344
694345
694346
694347
694348
694365
694366
694380
694381
694382
694383
694403
694404
694418
694419
694420
694533
694534
694535
694536
694537
694538
694555
694556
694570
694571
694572
694573
694593
694594
694608
694609
694610
694723
694724
694725
694726
694727
694728
694745
694746
694760
694761
694762
694763
694783
694784
694798
694799
694800
694913
694914
694915
694916
694917
694918
694935
694936
694950
694951
694952
694953
694973
694974
694988
694989
694990
695103
695104
695105
695106
695107
695108
695125
695126
695140
695141
695142
695143
695163
695164
695178
695179
695180
695293
695294
695295
695296
695297
695298
695315
695316
695330
695331
695332
695333
695353
695354
695368
695369
695370
695483
695484
695485
695486
695487
695488
695505
695506
695520
695521
695522
695523
695543
695544
695558
695559
695560
695673
695674
695675
695676
695677
695678
695695
695696
695710
695711
695712
695713
695733
695734
695748
695749
695750
695863
695864
695865
695866
695867
695868
695885
695886
695900
695901
695902
695903
695923
695924
695938
695939
695940
696053
696054
696055
696056
696057
696058
696075
696076
696090
696091
696092
696093
696113
696114
696128
696129
696130
696243
696244
696245
696246
696247
696248
696265
696266
696280
696281
696282
696283
696303
696304
696318
696319
696320
696433
696434
696435
696436
696437
696438
696455
696456
696470
696471
696472
696473
696493
696494
696508
696509
696510
696623
696624
696625
696626
696627
696628
696645
696646
696660
696661
696662
696663
696683
696684
696698
696699
696700
696813
696814
696815
696816
696817
696818
696835
696836
696850
696851
696852
696853
696873
696874
696888
696889
696890
697003
697004
697005
697006
697007
697008
697025
697026
697040
697041
697042
697043
697063
697064
697078
697079
697080
697193
697194
697195
697196
697197
697198
697215
697216
697230
697231
697232
697233
697253
697254
697268
697269
697270
697383
697384
697385
697386
697387
697388
697405
697406
697420
697421
697422
697423
697443
697444
697458
697459
697460
697573
697574
697575
697576
697577
697578
697595
697596
697610
697611
697612
697613
697633
697634
697648
697649
697650
697763
697764
697765
697766
697767
697768
697785
697786
697800
697801
697802
697803
697823
697824
697838
697839
697840
697953
697954
697955
697956
697957
697958
697975
697976
697990
697991
697992
697993
698013
698014
698028
698029
698030
698143
698144
698145
698146
698147
698148
698165
698166
698180
698181
698182
698183
698203
698204
698218
698219
698220
698333
698334
698335
698336
698337
698338
698355
698356
698370
698371
698372
698373
698393
698394
698408
698409
698410
698523
698524
698525
698526
698527
698528
698545
698546
698560
698561
698562
698563
698583
698584
698598
698599
698600
698713
698714
698715
698716
698717
698718
698735
698736
698750
698751
698752
698753
698773
698774
698788
698789
698790
698903
698904
698905
698906
698907
698908
698925
698926
698940
698941
698942
698943
698963
698964
698978
698979
698980
699093
699094
699095
699096
699097
699098
699115
699116
699130
699131
699132
699133
699153
699154
699168
699169
699170
699283
699284
699285
699286
699287
699288
699305
699306
699320
699321
699322
699323
699343
699344
699358
699359
699360
699473
699474
699475
699476
699477
699478
699495
699496
699510
699511
699512
699513
699533
699534
699548
699549
699550
699663
699664
699665
699666
699667
699668
699685
699686
699700
699701
699702
699703
699723
699724
699738
699739
699740
699853
699854
699855
699856
699857
699858
699875
699876
699890
699891
699892
699893
699913
699914
699928
699929
699930
700043
700044
700045
700046
700047
700048
700065
700066
700080
700081
700082
700083
700103
700104
700118
700119
700120
700233
700234
700235
700236
700237
700238
700255
700256
700270
700271
700272
700273
700293
700294
700308
700309
700310
700423
700424
700425
700426
700427
700428
700445
700446
700460
700461
700462
700463
700483
700484
700498
700499
700500
700613
700614
700615
700616
700617
700618
700635
700636
700650
700651
700652
700653
700673
700674
700688
700689
700690
700803
700804
700805
700806
700807
700808
700825
700826
700840
700841
700842
700843
700863
700864
700878
700879
700880
700993
700994
700995
700996
700997
700998
701015
701016
701030
701031
701032
701033
701053
701054
701068
701069
701070
701183
701184
701185
701186
701187
701188
701205
701206
701220
701221
701222
701223
701243
701244
701258
701259
701260
701373
701374
701375
701376
701377
701378
701395
701396
701410
701411
701412
701413
701433
701434
701448
701449
701450
701563
701564
701565
701566
701567
701568
701585
701586
701600
701601
701602
701603
701623
701624
701638
701639
701640
701753
701754
701755
701756
701757
701758
701775
701776
701790
701791
701792
701793
701813
701814
701828
701829
701830
701943
701944
701945
701946
701947
701948
701965
701966
701980
701981
701982
701983
702003
702004
702018
702019
702020
702133
702134
702135
702136
702137
702138
702155
702156
702170
702171
702172
702173
702193
702194
702208
702209
702210
702323
702324
702325
702326
702327
702328
702345
702346
702360
702361
702362
702363
702383
702384
702398
702399
702400
702513
702514
702515
702516
702517
702518
702535
702536
702550
702551
702552
702553
702573
702574
702588
702589
702590
702703
702704
702705
702706
702707
702708
702725
702726
702740
702741
702742
702743
702763
702764
702778
702779
702780
702893
702894
702895
702896
702897
702898
702915
702916
702930
702931
702932
702933
702953
702954
702968
702969
702970
703083
703084
703085
703086
703087
703088
703105
703106
703120
703121
703122
703123
703143
703144
703158
703159
703160
703273
703274
703275
703276
703277
703278
703295
703296
703310
703311
703312
703313
703333
703334
703348
703349
703350
703463
703464
703465
703466
703467
703468
703485
703486
703500
703501
703502
703503
703523
703524
703538
703539
703540
703653
703654
703655
703656
703657
703658
703675
703676
703690
703691
703692
703693
703713
703714
703728
703729
703730
703843
703844
703845
703846
703847
703848
703865
703866
703880
703881
703882
703883
703903
703904
703918
703919
703920
704033
704034
704035
704036
704037
704038
704055
704056
704070
704071
704072
704073
704093
704094
704108
704109
704110
704223
704224
704225
704226
704227
704228
704245
704246
704260
704261
704262
704263
704283
704284
704298
704299
704300
704413
704414
704415
704416
704417
704418
704435
704436
704450
704451
704452
704453
704473
704474
704488
704489
704490
704603
704604
704605
704606
704607
704608
704625
704626
704640
704641
704642
704643
704663
704664
704678
704679
704680
704793
704794
704795
704796
704797
704798
704815
704816
704830
704831
704832
704833
704853
704854
704868
704869
704870
704983
704984
704985
704986
704987
704988
705005
705006
705020
705021
705022
705023
705043
705044
705058
705059
705060
705173
705174
705175
705176
705177
705178
705195
705196
705210
705211
705212
705213
705233
705234
705248
705249
705250
705363
705364
705365
705366
705367
705368
705385
705386
705400
705401
705402
705403
705423
705424
705438
705439
705440
705553
705554
705555
705556
705557
705558
705575
705576
705590
705591
705592
705593
705613
705614
705628
705629
705630
705743
705744
705745
705746
705747
705748
705765
705766
705780
705781
705782
705783
705803
705804
705818
705819
705820
705933
705934
705935
705936
705937
705938
705955
705956
705970
705971
705972
705973
705993
705994
706008
706009
706010
706123
706124
706125
706126
706127
706128
706145
706146
706160
706161
706162
706163
706183
706184
706198
706199
706200
706313
706314
706315
706316
706317
706318
706335
706336
706350
706351
706352
706353
706373
706374
706388
706389
706390
706503
706504
706505
706506
706507
706508
706525
706526
706540
706541
706542
706543
706563
706564
706578
706579
706580
706693
706694
706695
706696
706697
706698
706715
706716
706730
706731
706732
706733
706753
706754
706768
706769
706770
706883
706884
706885
706886
706887
706888
706905
706906
706920
706921
706922
706923
706943
706944
706958
706959
706960
707073
707074
707075
707076
707077
707078
707095
707096
707110
707111
707112
707113
707133
707134
707148
707149
707150
707263
707264
707265
707266
707267
707268
707285
707286
707300
707301
707302
707303
707323
707324
707338
707339
707340
707453
707454
707455
707456
707457
707458
707475
707476
707490
707491
707492
707493
707513
707514
707528
707529
707530
707643
707644
707645
707646
707647
707648
707665
707666
707680
707681
707682
707683
707703
707704
707718
707719
707720
707833
707834
707835
707836
707837
707838
707855
707856
707870
707871
707872
707873
707893
707894
707908
707909
707910
708023
708024
708025
708026
708027
708028
708045
708046
708060
708061
708062
708063
708083
708084
708098
708099
708100
708213
708214
708215
708216
708217
708218
708235
708236
708250
708251
708252
708253
708273
708274
708288
708289
708290
708403
708404
708405
708406
708407
708408
708425
708426
708440
708441
708442
708443
708463
708464
708478
708479
708480
708593
708594
708595
708596
708597
708598
708615
708616
708630
708631
708632
708633
708653
708654
708668
708669
708670
708783
708784
708785
708786
708787
708788
708805
708806
708820
708821
708822
708823
708843
708844
708858
708859
708860
708973
708974
708975
708976
708977
708978
708995
708996
709010
709011
709012
709013
709033
709034
709048
709049
709050
709163
709164
709165
709166
709167
709168
709185
709186
709200
709201
709202
709203
709223
709224
709238
709239
709240
709353
709354
709355
709356
709357
709358
709375
709376
709390
709391
709392
709393
709413
709414
709428
709429
709430
709543
709544
709545
709546
709547
709548
709565
709566
709580
709581
709582
709583
709603
709604
709618
709619
709620
709733
709734
709735
709736
709737
709738
709755
709756
709770
709771
709772
709773
709793
709794
709808
709809
709810
709923
709924
709925
709926
709927
709928
709945
709946
709960
709961
709962
709963
709983
709984
709998
709999
710000
710113
710114
710115
710116
710117
710118
710135
710136
710150
710151
710152
710153
710173
710174
710188
710189
710190
710303
710304
710305
710306
710307
710308
710325
710326
710340
710341
710342
710343
710363
710364
710378
710379
710380
710493
710494
710495
710496
710497
710498
710515
710516
710530
710531
710532
710533
710553
710554
710568
710569
710570
710683
710684
710685
710686
710687
710688
710705
710706
710720
710721
710722
710723
710743
710744
710758
710759
710760
710873
710874
710875
710876
710877
710878
710895
710896
710910
710911
710912
710913
710933
710934
710948
710949
710950
711063
711064
711065
711066
711067
711068
711085
711086
711100
711101
711102
711103
711123
711124
711138
711139
711140
711253
711254
711255
711256
711257
711258
711275
711276
711290
711291
711292
711293
711313
711314
711328
711329
711330
711443
711444
711445
711446
711447
711448
711465
711466
711480
711481
711482
711483
711503
711504
711518
711519
711520
711633
711634
711635
711636
711637
711638
711655
711656
711670
711671
711672
711673
711693
711694
711708
711709
711710
711823
711824
711825
711826
711827
711828
711845
711846
711860
711861
711862
711863
711883
711884
711898
711899
711900
712013
712014
712015
712016
712017
712018
712035
712036
712050
712051
712052
712053
712073
712074
712088
712089
712090
712203
712204
712205
712206
712207
712208
712225
712226
712240
712241
712242
712243
712263
712264
712278
712279
712280
712393
712394
712395
712396
712397
712398
712415
712416
712430
712431
712432
712433
712453
712454
712468
712469
712470
712583
712584
712585
712586
712587
712588
712605
712606
712620
712621
712622
712623
712643
712644
712658
712659
712660
712773
712774
712775
712776
712777
712778
712795
712796
712810
712811
712812
712813
712833
712834
712848
712849
712850
712963
712964
712965
712966
712967
712968
712985
712986
713000
713001
713002
713003
713023
713024
713038
713039
713040
713153
713154
713155
713156
713157
713158
713175
713176
713190
713191
713192
713193
713213
713214
713228
713229
713230
713343
713344
713345
713346
713347
713348
713365
713366
713380
713381
713382
713383
713403
713404
713418
713419
713420
713533
713534
713535
713536
713537
713538
713555
713556
713570
713571
713572
713573
713593
713594
713608
713609
713610
713723
713724
713725
713726
713727
713728
713745
713746
713760
713761
713762
713763
713783
713784
713798
713799
713800
713913
713914
713915
713916
713917
713918
713935
713936
713950
713951
713952
713953
713973
713974
713988
713989
713990
714103
714104
714105
714106
714107
714108
714125
714126
714140
714141
714142
714143
714163
714164
714178
714179
714180
714293
714294
714295
714296
714297
714298
714315
714316
714330
714331
714332
714333
714353
714354
714368
714369
714370
714483
714484
714485
714486
714487
714488
714505
714506
714520
714521
714522
714523
714543
714544
714558
714559
714560
714673
714674
714675
714676
714677
714678
714695
714696
714710
714711
714712
714713
714733
714734
714748
714749
714750
714863
714864
714865
714866
714867
714868
714885
714886
714900
714901
714902
714903
714923
714924
714938
714939
714940
715053
715054
715055
715056
715057
715058
715075
715076
715090
715091
715092
715093
715113
715114
715128
715129
715130
715239
715240
715241
715242
715254
715255
715265
715266
715283
715284
715294
741355
741356
741358
741359
741361
741362
741431
741432
741434
741435
741437
741438
)


// ************************************************************************* //
