/*--------------------------------*- C++ -*----------------------------------*\
  =========                 |
  \\      /  F ield         | OpenFOAM: The Open Source CFD Toolbox
   \\    /   O peration     | Website:  https://openfoam.org
    \\  /    A nd           | Version:  11
     \\/     M anipulation  |
\*---------------------------------------------------------------------------*/
FoamFile
{
    format      ascii;
    class       vectorField;
    location    "constant/polyMesh";
    object      points;
}
// * * * * * * * * * * * * * * * * * * * * * * * * * * * * * * * * * * * * * //


3360
(
(-0.0275 -0.0275 0)
(-0.02475 -0.0275 0)
(-0.022 -0.0275 0)
(-0.01925 -0.0275 0)
(-0.0165 -0.0275 0)
(-0.01375 -0.0275 0)
(-0.011 -0.0275 0)
(-0.00825 -0.0275 0)
(-0.0055 -0.0275 0)
(-0.00275 -0.0275 0)
(0 -0.0275 0)
(0.00275 -0.0275 0)
(0.0055 -0.0275 0)
(0.00825 -0.0275 0)
(0.011 -0.0275 0)
(0.01375 -0.0275 0)
(0.0165 -0.0275 0)
(0.01925 -0.0275 0)
(0.022 -0.0275 0)
(0.02475 -0.0275 0)
(0.0275 -0.0275 0)
(-0.026406 -0.026406 0)
(-0.0237705957 -0.02642719851 0)
(-0.02113359755 -0.02644653304 0)
(-0.01849515683 -0.0264638842 0)
(-0.01585543374 -0.02647914483 0)
(-0.01321459639 -0.0264922207 0)
(-0.01057281978 -0.02650303105 0)
(-0.007930284704 -0.02651150912 0)
(-0.005287176641 -0.02651760256 0)
(-0.00264368461 -0.02652127375 0)
(0 -0.0265225 0)
(0.00264368461 -0.02652127375 0)
(0.005287176641 -0.02651760256 0)
(0.007930284704 -0.02651150912 0)
(0.01057281978 -0.02650303105 0)
(0.01321459639 -0.0264922207 0)
(0.01585543374 -0.02647914483 0)
(0.01849515683 -0.0264638842 0)
(0.02113359755 -0.02644653304 0)
(0.0237705957 -0.02642719851 0)
(0.026406 -0.026406 0)
(-0.025312 -0.025312 0)
(-0.02279119141 -0.02535439702 0)
(-0.0202671951 -0.02539306608 0)
(-0.01774031366 -0.0254277684 0)
(-0.01521086748 -0.02545828966 0)
(-0.01267919278 -0.02548444139 0)
(-0.01014563956 -0.02550606209 0)
(-0.007610569409 -0.02552301824 0)
(-0.005074353282 -0.02553520513 0)
(-0.00253736922 -0.0255425475 0)
(0 -0.025545 0)
(0.00253736922 -0.0255425475 0)
(0.005074353282 -0.02553520513 0)
(0.007610569409 -0.02552301824 0)
(0.01014563956 -0.02550606209 0)
(0.01267919278 -0.02548444139 0)
(0.01521086748 -0.02545828966 0)
(0.01774031366 -0.0254277684 0)
(0.0202671951 -0.02539306608 0)
(0.02279119141 -0.02535439702 0)
(0.025312 -0.025312 0)
(-0.024218 -0.024218 0)
(-0.02181178711 -0.02428159553 0)
(-0.01940079265 -0.02433959912 0)
(-0.0169854705 -0.0243916526 0)
(-0.01456630122 -0.02443743449 0)
(-0.01214378918 -0.02447666209 0)
(-0.009718459344 -0.02450909314 0)
(-0.007290854113 -0.02453452736 0)
(-0.004861529924 -0.02455280769 0)
(-0.00243105383 -0.02456382124 0)
(0 -0.0245675 0)
(0.00243105383 -0.02456382124 0)
(0.004861529924 -0.02455280769 0)
(0.007290854113 -0.02453452736 0)
(0.009718459344 -0.02450909314 0)
(0.01214378918 -0.02447666209 0)
(0.01456630122 -0.02443743449 0)
(0.0169854705 -0.0243916526 0)
(0.01940079265 -0.02433959912 0)
(0.02181178711 -0.02428159553 0)
(0.024218 -0.024218 0)
(-0.023124 -0.023124 0)
(-0.02083238281 -0.02320879403 0)
(-0.0185343902 -0.02328613216 0)
(-0.01623062733 -0.0233555368 0)
(-0.01392173496 -0.02341657933 0)
(-0.01160838557 -0.02346888279 0)
(-0.009291279125 -0.02351212418 0)
(-0.006971138818 -0.02354603648 0)
(-0.004648706565 -0.02357041026 0)
(-0.00232473844 -0.02358509499 0)
(0 -0.02359 0)
(0.00232473844 -0.02358509499 0)
(0.004648706565 -0.02357041026 0)
(0.006971138818 -0.02354603648 0)
(0.009291279125 -0.02351212418 0)
(0.01160838557 -0.02346888279 0)
(0.01392173496 -0.02341657933 0)
(0.01623062733 -0.0233555368 0)
(0.0185343902 -0.02328613216 0)
(0.02083238281 -0.02320879403 0)
(0.023124 -0.023124 0)
(-0.02203 -0.02203 0)
(-0.01985297851 -0.02213599254 0)
(-0.01766798776 -0.02223266521 0)
(-0.01547578416 -0.022319421 0)
(-0.0132771687 -0.02239572416 0)
(-0.01107298196 -0.02246110348 0)
(-0.008864098907 -0.02251515523 0)
(-0.006651423522 -0.0225575456 0)
(-0.004435883206 -0.02258801282 0)
(-0.00221842305 -0.02260636874 0)
(0 -0.0226125 0)
(0.00221842305 -0.02260636874 0)
(0.004435883206 -0.02258801282 0)
(0.006651423522 -0.0225575456 0)
(0.008864098907 -0.02251515523 0)
(0.01107298196 -0.02246110348 0)
(0.0132771687 -0.02239572416 0)
(0.01547578416 -0.022319421 0)
(0.01766798776 -0.02223266521 0)
(0.01985297851 -0.02213599254 0)
(0.02203 -0.02203 0)
(-0.020936 -0.020936 0)
(-0.01887357422 -0.02106319105 0)
(-0.01680158531 -0.02117919825 0)
(-0.01472094099 -0.0212833052 0)
(-0.01263260245 -0.02137486899 0)
(-0.01053757835 -0.02145332418 0)
(-0.008436918688 -0.02151818628 0)
(-0.006331708226 -0.02156905472 0)
(-0.004223059847 -0.02160561539 0)
(-0.00211210766 -0.02162764249 0)
(0 -0.021635 0)
(0.00211210766 -0.02162764249 0)
(0.004223059847 -0.02160561539 0)
(0.006331708226 -0.02156905472 0)
(0.008436918688 -0.02151818628 0)
(0.01053757835 -0.02145332418 0)
(0.01263260245 -0.02137486899 0)
(0.01472094099 -0.0212833052 0)
(0.01680158531 -0.02117919825 0)
(0.01887357422 -0.02106319105 0)
(0.020936 -0.020936 0)
(-0.019842 -0.019842 0)
(-0.01789416992 -0.01999038956 0)
(-0.01593518286 -0.02012573129 0)
(-0.01396609782 -0.0202471894 0)
(-0.01198803619 -0.02035401382 0)
(-0.01000217474 -0.02044554488 0)
(-0.008009738469 -0.02052121732 0)
(-0.006011992931 -0.02058056384 0)
(-0.004010236488 -0.02062321795 0)
(-0.00200579227 -0.02064891624 0)
(0 -0.0206575 0)
(0.00200579227 -0.02064891624 0)
(0.004010236488 -0.02062321795 0)
(0.006011992931 -0.02058056384 0)
(0.008009738469 -0.02052121732 0)
(0.01000217474 -0.02044554488 0)
(0.01198803619 -0.02035401382 0)
(0.01396609782 -0.0202471894 0)
(0.01593518286 -0.02012573129 0)
(0.01789416992 -0.01999038956 0)
(0.019842 -0.019842 0)
(-0.018748 -0.018748 0)
(-0.01691476562 -0.01891758807 0)
(-0.01506878041 -0.01907226433 0)
(-0.01321125466 -0.01921107359 0)
(-0.01134346993 -0.01933315865 0)
(-0.009466771137 -0.01943776558 0)
(-0.007582558251 -0.01952424837 0)
(-0.005692277635 -0.01959207296 0)
(-0.00379741313 -0.01964082052 0)
(-0.001899476879 -0.01967018998 0)
(0 -0.01968 0)
(0.001899476879 -0.01967018998 0)
(0.00379741313 -0.01964082052 0)
(0.005692277635 -0.01959207296 0)
(0.007582558251 -0.01952424837 0)
(0.009466771137 -0.01943776558 0)
(0.01134346993 -0.01933315865 0)
(0.01321125466 -0.01921107359 0)
(0.01506878041 -0.01907226433 0)
(0.01691476562 -0.01891758807 0)
(0.018748 -0.018748 0)
(-0.017654 -0.017654 0)
(-0.01593536132 -0.01784478658 0)
(-0.01420237796 -0.01801879737 0)
(-0.01245641149 -0.01817495779 0)
(-0.01069890367 -0.01831230348 0)
(-0.008931367529 -0.01842998627 0)
(-0.007155378032 -0.01852727942 0)
(-0.00537256234 -0.01860358209 0)
(-0.003584589771 -0.01865842308 0)
(-0.001793161489 -0.01869146373 0)
(0 -0.0187025 0)
(0.001793161489 -0.01869146373 0)
(0.003584589771 -0.01865842308 0)
(0.00537256234 -0.01860358209 0)
(0.007155378032 -0.01852727942 0)
(0.008931367529 -0.01842998627 0)
(0.01069890367 -0.01831230348 0)
(0.01245641149 -0.01817495779 0)
(0.01420237796 -0.01801879737 0)
(0.01593536132 -0.01784478658 0)
(0.017654 -0.017654 0)
(-0.01656 -0.01656 0)
(-0.01495595703 -0.01677198508 0)
(-0.01333597551 -0.01696533041 0)
(-0.01170156832 -0.01713884199 0)
(-0.01005433741 -0.01729144832 0)
(-0.008395963921 -0.01742220697 0)
(-0.006728197813 -0.01753031046 0)
(-0.005052847044 -0.01761509121 0)
(-0.003371766412 -0.01767602564 0)
(-0.001686846099 -0.01771273748 0)
(0 -0.017725 0)
(0.001686846099 -0.01771273748 0)
(0.003371766412 -0.01767602564 0)
(0.005052847044 -0.01761509121 0)
(0.006728197813 -0.01753031046 0)
(0.008395963921 -0.01742220697 0)
(0.01005433741 -0.01729144832 0)
(0.01170156832 -0.01713884199 0)
(0.01333597551 -0.01696533041 0)
(0.01495595703 -0.01677198508 0)
(0.01656 -0.01656 0)
(-0.015466 -0.015466 0)
(-0.01397655273 -0.01569918359 0)
(-0.01246957306 -0.01591186345 0)
(-0.01094672515 -0.01610272619 0)
(-0.00940977115 -0.01627059315 0)
(-0.007860560313 -0.01641442767 0)
(-0.006301017595 -0.01653334151 0)
(-0.004733131749 -0.01662660033 0)
(-0.003158943053 -0.01669362821 0)
(-0.001580530709 -0.01673401123 0)
(0 -0.0167475 0)
(0.001580530709 -0.01673401123 0)
(0.003158943053 -0.01669362821 0)
(0.004733131749 -0.01662660033 0)
(0.006301017595 -0.01653334151 0)
(0.007860560313 -0.01641442767 0)
(0.00940977115 -0.01627059315 0)
(0.01094672515 -0.01610272619 0)
(0.01246957306 -0.01591186345 0)
(0.01397655273 -0.01569918359 0)
(0.015466 -0.015466 0)
(-0.014372 -0.014372 0)
(-0.01299714843 -0.0146263821 0)
(-0.01160317061 -0.01485839649 0)
(-0.01019188199 -0.01506661039 0)
(-0.008765204891 -0.01524973798 0)
(-0.007325156706 -0.01540664836 0)
(-0.005873837376 -0.01553637255 0)
(-0.004413416453 -0.01563810945 0)
(-0.002946119695 -0.01571123077 0)
(-0.001474215319 -0.01575528498 0)
(0 -0.01577 0)
(0.001474215319 -0.01575528498 0)
(0.002946119695 -0.01571123077 0)
(0.004413416453 -0.01563810945 0)
(0.005873837376 -0.01553637255 0)
(0.007325156706 -0.01540664836 0)
(0.008765204891 -0.01524973798 0)
(0.01019188199 -0.01506661039 0)
(0.01160317061 -0.01485839649 0)
(0.01299714843 -0.0146263821 0)
(0.014372 -0.014372 0)
(-0.013278 -0.013278 0)
(-0.01201774414 -0.01355358061 0)
(-0.01073676817 -0.01380492954 0)
(-0.009437038818 -0.01403049459 0)
(-0.008120638632 -0.01422888281 0)
(-0.006789753098 -0.01439886906 0)
(-0.005446657157 -0.0145394036 0)
(-0.004093701157 -0.01464961857 0)
(-0.002733296336 -0.01472883334 0)
(-0.001367899929 -0.01477655872 0)
(0 -0.0147925 0)
(0.001367899929 -0.01477655872 0)
(0.002733296336 -0.01472883334 0)
(0.004093701157 -0.01464961857 0)
(0.005446657157 -0.0145394036 0)
(0.006789753098 -0.01439886906 0)
(0.008120638632 -0.01422888281 0)
(0.009437038818 -0.01403049459 0)
(0.01073676817 -0.01380492954 0)
(0.01201774414 -0.01355358061 0)
(0.013278 -0.013278 0)
(-0.012184 -0.012184 0)
(-0.01103833984 -0.01248077912 0)
(-0.009870365716 -0.01275146258 0)
(-0.00868219565 -0.01299437879 0)
(-0.007476072373 -0.01320802764 0)
(-0.00625434949 -0.01339108976 0)
(-0.005019476938 -0.01354243465 0)
(-0.003773985862 -0.01366112769 0)
(-0.002520472977 -0.0137464359 0)
(-0.001261584539 -0.01379783247 0)
(0 -0.013815 0)
(0.001261584539 -0.01379783247 0)
(0.002520472977 -0.0137464359 0)
(0.003773985862 -0.01366112769 0)
(0.005019476938 -0.01354243465 0)
(0.00625434949 -0.01339108976 0)
(0.007476072373 -0.01320802764 0)
(0.00868219565 -0.01299437879 0)
(0.009870365716 -0.01275146258 0)
(0.01103833984 -0.01248077912 0)
(0.012184 -0.012184 0)
(-0.01109 -0.01109 0)
(-0.01005893554 -0.01140797763 0)
(-0.009003963268 -0.01169799562 0)
(-0.007927352482 -0.01195826299 0)
(-0.006831506114 -0.01218717247 0)
(-0.005718945882 -0.01238331045 0)
(-0.00459229672 -0.01254546569 0)
(-0.003454270566 -0.01267263681 0)
(-0.002307649618 -0.01276403847 0)
(-0.001155269149 -0.01281910622 0)
(0 -0.0128375 0)
(0.001155269149 -0.01281910622 0)
(0.002307649618 -0.01276403847 0)
(0.003454270566 -0.01267263681 0)
(0.00459229672 -0.01254546569 0)
(0.005718945882 -0.01238331045 0)
(0.006831506114 -0.01218717247 0)
(0.007927352482 -0.01195826299 0)
(0.009003963268 -0.01169799562 0)
(0.01005893554 -0.01140797763 0)
(0.01109 -0.01109 0)
(-0.009996 -0.009996 0)
(-0.009079531244 -0.01033517613 0)
(-0.008137560819 -0.01064452866 0)
(-0.007172509314 -0.01092214719 0)
(-0.006186939855 -0.0111663173 0)
(-0.005183542274 -0.01137553115 0)
(-0.004165116501 -0.01154849674 0)
(-0.003134555271 -0.01168414593 0)
(-0.002094826259 -0.01178164103 0)
(-0.001048953759 -0.01184037997 0)
(0 -0.01186 0)
(0.001048953759 -0.01184037997 0)
(0.002094826259 -0.01178164103 0)
(0.003134555271 -0.01168414593 0)
(0.004165116501 -0.01154849674 0)
(0.005183542274 -0.01137553115 0)
(0.006186939855 -0.0111663173 0)
(0.007172509314 -0.01092214719 0)
(0.008137560819 -0.01064452866 0)
(0.009079531244 -0.01033517613 0)
(0.009996 -0.009996 0)
(-0.008902 -0.008902 0)
(-0.008100126947 -0.009262374643 0)
(-0.00727115837 -0.009591061701 0)
(-0.006417666146 -0.009886031388 0)
(-0.005542373596 -0.01014546214 0)
(-0.004648138666 -0.01036775185 0)
(-0.003737936282 -0.01055152778 0)
(-0.002814839975 -0.01069565505 0)
(-0.001882002901 -0.01079924359 0)
(-0.0009426383689 -0.01086165371 0)
(0 -0.0108825 0)
(0.0009426383689 -0.01086165371 0)
(0.001882002901 -0.01079924359 0)
(0.002814839975 -0.01069565505 0)
(0.003737936282 -0.01055152778 0)
(0.004648138666 -0.01036775185 0)
(0.005542373596 -0.01014546214 0)
(0.006417666146 -0.009886031388 0)
(0.00727115837 -0.009591061701 0)
(0.008100126947 -0.009262374643 0)
(0.008902 -0.008902 0)
(-0.007808 -0.007808 0)
(-0.007120722649 -0.008189573151 0)
(-0.006404755921 -0.008537594742 0)
(-0.005662822978 -0.008849915587 0)
(-0.004897807337 -0.009124606968 0)
(-0.004112735058 -0.009359972544 0)
(-0.003310756064 -0.00955455883 0)
(-0.002495124679 -0.00970716417 0)
(-0.001669179542 -0.009816846159 0)
(-0.0008363229789 -0.009882927463 0)
(0 -0.009905 0)
(0.0008363229789 -0.009882927463 0)
(0.001669179542 -0.009816846159 0)
(0.002495124679 -0.00970716417 0)
(0.003310756064 -0.00955455883 0)
(0.004112735058 -0.009359972544 0)
(0.004897807337 -0.009124606968 0)
(0.005662822978 -0.008849915587 0)
(0.006404755921 -0.008537594742 0)
(0.007120722649 -0.008189573151 0)
(0.007808 -0.007808 0)
(-0.006714 -0.006714 0)
(-0.006141318352 -0.00711677166 0)
(-0.005538353472 -0.007484127784 0)
(-0.00490797981 -0.007813799787 0)
(-0.004253241078 -0.0081037518 0)
(-0.003577331451 -0.008352193241 0)
(-0.002883575845 -0.008557589876 0)
(-0.002175409384 -0.008718673291 0)
(-0.001456356183 -0.008834448724 0)
(-0.0007300075888 -0.008904201211 0)
(0 -0.0089275 0)
(0.0007300075888 -0.008904201211 0)
(0.001456356183 -0.008834448724 0)
(0.002175409384 -0.008718673291 0)
(0.002883575845 -0.008557589876 0)
(0.003577331451 -0.008352193241 0)
(0.004253241078 -0.0081037518 0)
(0.00490797981 -0.007813799787 0)
(0.005538353472 -0.007484127784 0)
(0.006141318352 -0.00711677166 0)
(0.006714 -0.006714 0)
(-0.00562 -0.00562 0)
(-0.005161914055 -0.006043970168 0)
(-0.004671951023 -0.006430660825 0)
(-0.004153136642 -0.006777683986 0)
(-0.003608674818 -0.007082896631 0)
(-0.003041927843 -0.007344413938 0)
(-0.002456395626 -0.007560620923 0)
(-0.001855694088 -0.007730182411 0)
(-0.001243532824 -0.007852051288 0)
(-0.0006236921987 -0.007925474959 0)
(0 -0.00795 0)
(0.0006236921987 -0.007925474959 0)
(0.001243532824 -0.007852051288 0)
(0.001855694088 -0.007730182411 0)
(0.002456395626 -0.007560620923 0)
(0.003041927843 -0.007344413938 0)
(0.003608674818 -0.007082896631 0)
(0.004153136642 -0.006777683986 0)
(0.004671951023 -0.006430660825 0)
(0.005161914055 -0.006043970168 0)
(0.00562 -0.00562 0)
(-0.0275 -0.0275 0.0114)
(-0.02475 -0.0275 0.0114)
(-0.022 -0.0275 0.0114)
(-0.01925 -0.0275 0.0114)
(-0.0165 -0.0275 0.0114)
(-0.01375 -0.0275 0.0114)
(-0.011 -0.0275 0.0114)
(-0.00825 -0.0275 0.0114)
(-0.0055 -0.0275 0.0114)
(-0.00275 -0.0275 0.0114)
(0 -0.0275 0.0114)
(0.00275 -0.0275 0.0114)
(0.0055 -0.0275 0.0114)
(0.00825 -0.0275 0.0114)
(0.011 -0.0275 0.0114)
(0.01375 -0.0275 0.0114)
(0.0165 -0.0275 0.0114)
(0.01925 -0.0275 0.0114)
(0.022 -0.0275 0.0114)
(0.02475 -0.0275 0.0114)
(0.0275 -0.0275 0.0114)
(-0.026406 -0.026406 0.0114)
(-0.0237705957 -0.02642719851 0.0114)
(-0.02113359755 -0.02644653304 0.0114)
(-0.01849515683 -0.0264638842 0.0114)
(-0.01585543374 -0.02647914483 0.0114)
(-0.01321459639 -0.0264922207 0.0114)
(-0.01057281978 -0.02650303105 0.0114)
(-0.007930284704 -0.02651150912 0.0114)
(-0.005287176641 -0.02651760256 0.0114)
(-0.00264368461 -0.02652127375 0.0114)
(0 -0.0265225 0.0114)
(0.00264368461 -0.02652127375 0.0114)
(0.005287176641 -0.02651760256 0.0114)
(0.007930284704 -0.02651150912 0.0114)
(0.01057281978 -0.02650303105 0.0114)
(0.01321459639 -0.0264922207 0.0114)
(0.01585543374 -0.02647914483 0.0114)
(0.01849515683 -0.0264638842 0.0114)
(0.02113359755 -0.02644653304 0.0114)
(0.0237705957 -0.02642719851 0.0114)
(0.026406 -0.026406 0.0114)
(-0.025312 -0.025312 0.0114)
(-0.02279119141 -0.02535439702 0.0114)
(-0.0202671951 -0.02539306608 0.0114)
(-0.01774031366 -0.0254277684 0.0114)
(-0.01521086748 -0.02545828966 0.0114)
(-0.01267919278 -0.02548444139 0.0114)
(-0.01014563956 -0.02550606209 0.0114)
(-0.007610569409 -0.02552301824 0.0114)
(-0.005074353282 -0.02553520513 0.0114)
(-0.00253736922 -0.0255425475 0.0114)
(0 -0.025545 0.0114)
(0.00253736922 -0.0255425475 0.0114)
(0.005074353282 -0.02553520513 0.0114)
(0.007610569409 -0.02552301824 0.0114)
(0.01014563956 -0.02550606209 0.0114)
(0.01267919278 -0.02548444139 0.0114)
(0.01521086748 -0.02545828966 0.0114)
(0.01774031366 -0.0254277684 0.0114)
(0.0202671951 -0.02539306608 0.0114)
(0.02279119141 -0.02535439702 0.0114)
(0.025312 -0.025312 0.0114)
(-0.024218 -0.024218 0.0114)
(-0.02181178711 -0.02428159553 0.0114)
(-0.01940079265 -0.02433959912 0.0114)
(-0.0169854705 -0.0243916526 0.0114)
(-0.01456630122 -0.02443743449 0.0114)
(-0.01214378918 -0.02447666209 0.0114)
(-0.009718459344 -0.02450909314 0.0114)
(-0.007290854113 -0.02453452736 0.0114)
(-0.004861529924 -0.02455280769 0.0114)
(-0.00243105383 -0.02456382124 0.0114)
(0 -0.0245675 0.0114)
(0.00243105383 -0.02456382124 0.0114)
(0.004861529924 -0.02455280769 0.0114)
(0.007290854113 -0.02453452736 0.0114)
(0.009718459344 -0.02450909314 0.0114)
(0.01214378918 -0.02447666209 0.0114)
(0.01456630122 -0.02443743449 0.0114)
(0.0169854705 -0.0243916526 0.0114)
(0.01940079265 -0.02433959912 0.0114)
(0.02181178711 -0.02428159553 0.0114)
(0.024218 -0.024218 0.0114)
(-0.023124 -0.023124 0.0114)
(-0.02083238281 -0.02320879403 0.0114)
(-0.0185343902 -0.02328613216 0.0114)
(-0.01623062733 -0.0233555368 0.0114)
(-0.01392173496 -0.02341657933 0.0114)
(-0.01160838557 -0.02346888279 0.0114)
(-0.009291279125 -0.02351212418 0.0114)
(-0.006971138818 -0.02354603648 0.0114)
(-0.004648706565 -0.02357041026 0.0114)
(-0.00232473844 -0.02358509499 0.0114)
(0 -0.02359 0.0114)
(0.00232473844 -0.02358509499 0.0114)
(0.004648706565 -0.02357041026 0.0114)
(0.006971138818 -0.02354603648 0.0114)
(0.009291279125 -0.02351212418 0.0114)
(0.01160838557 -0.02346888279 0.0114)
(0.01392173496 -0.02341657933 0.0114)
(0.01623062733 -0.0233555368 0.0114)
(0.0185343902 -0.02328613216 0.0114)
(0.02083238281 -0.02320879403 0.0114)
(0.023124 -0.023124 0.0114)
(-0.02203 -0.02203 0.0114)
(-0.01985297851 -0.02213599254 0.0114)
(-0.01766798776 -0.02223266521 0.0114)
(-0.01547578416 -0.022319421 0.0114)
(-0.0132771687 -0.02239572416 0.0114)
(-0.01107298196 -0.02246110348 0.0114)
(-0.008864098907 -0.02251515523 0.0114)
(-0.006651423522 -0.0225575456 0.0114)
(-0.004435883206 -0.02258801282 0.0114)
(-0.00221842305 -0.02260636874 0.0114)
(0 -0.0226125 0.0114)
(0.00221842305 -0.02260636874 0.0114)
(0.004435883206 -0.02258801282 0.0114)
(0.006651423522 -0.0225575456 0.0114)
(0.008864098907 -0.02251515523 0.0114)
(0.01107298196 -0.02246110348 0.0114)
(0.0132771687 -0.02239572416 0.0114)
(0.01547578416 -0.022319421 0.0114)
(0.01766798776 -0.02223266521 0.0114)
(0.01985297851 -0.02213599254 0.0114)
(0.02203 -0.02203 0.0114)
(-0.020936 -0.020936 0.0114)
(-0.01887357422 -0.02106319105 0.0114)
(-0.01680158531 -0.02117919825 0.0114)
(-0.01472094099 -0.0212833052 0.0114)
(-0.01263260245 -0.02137486899 0.0114)
(-0.01053757835 -0.02145332418 0.0114)
(-0.008436918688 -0.02151818628 0.0114)
(-0.006331708226 -0.02156905472 0.0114)
(-0.004223059847 -0.02160561539 0.0114)
(-0.00211210766 -0.02162764249 0.0114)
(0 -0.021635 0.0114)
(0.00211210766 -0.02162764249 0.0114)
(0.004223059847 -0.02160561539 0.0114)
(0.006331708226 -0.02156905472 0.0114)
(0.008436918688 -0.02151818628 0.0114)
(0.01053757835 -0.02145332418 0.0114)
(0.01263260245 -0.02137486899 0.0114)
(0.01472094099 -0.0212833052 0.0114)
(0.01680158531 -0.02117919825 0.0114)
(0.01887357422 -0.02106319105 0.0114)
(0.020936 -0.020936 0.0114)
(-0.019842 -0.019842 0.0114)
(-0.01789416992 -0.01999038956 0.0114)
(-0.01593518286 -0.02012573129 0.0114)
(-0.01396609782 -0.0202471894 0.0114)
(-0.01198803619 -0.02035401382 0.0114)
(-0.01000217474 -0.02044554488 0.0114)
(-0.008009738469 -0.02052121732 0.0114)
(-0.006011992931 -0.02058056384 0.0114)
(-0.004010236488 -0.02062321795 0.0114)
(-0.00200579227 -0.02064891624 0.0114)
(0 -0.0206575 0.0114)
(0.00200579227 -0.02064891624 0.0114)
(0.004010236488 -0.02062321795 0.0114)
(0.006011992931 -0.02058056384 0.0114)
(0.008009738469 -0.02052121732 0.0114)
(0.01000217474 -0.02044554488 0.0114)
(0.01198803619 -0.02035401382 0.0114)
(0.01396609782 -0.0202471894 0.0114)
(0.01593518286 -0.02012573129 0.0114)
(0.01789416992 -0.01999038956 0.0114)
(0.019842 -0.019842 0.0114)
(-0.018748 -0.018748 0.0114)
(-0.01691476562 -0.01891758807 0.0114)
(-0.01506878041 -0.01907226433 0.0114)
(-0.01321125466 -0.01921107359 0.0114)
(-0.01134346993 -0.01933315865 0.0114)
(-0.009466771137 -0.01943776558 0.0114)
(-0.007582558251 -0.01952424837 0.0114)
(-0.005692277635 -0.01959207296 0.0114)
(-0.00379741313 -0.01964082052 0.0114)
(-0.001899476879 -0.01967018998 0.0114)
(0 -0.01968 0.0114)
(0.001899476879 -0.01967018998 0.0114)
(0.00379741313 -0.01964082052 0.0114)
(0.005692277635 -0.01959207296 0.0114)
(0.007582558251 -0.01952424837 0.0114)
(0.009466771137 -0.01943776558 0.0114)
(0.01134346993 -0.01933315865 0.0114)
(0.01321125466 -0.01921107359 0.0114)
(0.01506878041 -0.01907226433 0.0114)
(0.01691476562 -0.01891758807 0.0114)
(0.018748 -0.018748 0.0114)
(-0.017654 -0.017654 0.0114)
(-0.01593536132 -0.01784478658 0.0114)
(-0.01420237796 -0.01801879737 0.0114)
(-0.01245641149 -0.01817495779 0.0114)
(-0.01069890367 -0.01831230348 0.0114)
(-0.008931367529 -0.01842998627 0.0114)
(-0.007155378032 -0.01852727942 0.0114)
(-0.00537256234 -0.01860358209 0.0114)
(-0.003584589771 -0.01865842308 0.0114)
(-0.001793161489 -0.01869146373 0.0114)
(0 -0.0187025 0.0114)
(0.001793161489 -0.01869146373 0.0114)
(0.003584589771 -0.01865842308 0.0114)
(0.00537256234 -0.01860358209 0.0114)
(0.007155378032 -0.01852727942 0.0114)
(0.008931367529 -0.01842998627 0.0114)
(0.01069890367 -0.01831230348 0.0114)
(0.01245641149 -0.01817495779 0.0114)
(0.01420237796 -0.01801879737 0.0114)
(0.01593536132 -0.01784478658 0.0114)
(0.017654 -0.017654 0.0114)
(-0.01656 -0.01656 0.0114)
(-0.01495595703 -0.01677198508 0.0114)
(-0.01333597551 -0.01696533041 0.0114)
(-0.01170156832 -0.01713884199 0.0114)
(-0.01005433741 -0.01729144832 0.0114)
(-0.008395963921 -0.01742220697 0.0114)
(-0.006728197813 -0.01753031046 0.0114)
(-0.005052847044 -0.01761509121 0.0114)
(-0.003371766412 -0.01767602564 0.0114)
(-0.001686846099 -0.01771273748 0.0114)
(0 -0.017725 0.0114)
(0.001686846099 -0.01771273748 0.0114)
(0.003371766412 -0.01767602564 0.0114)
(0.005052847044 -0.01761509121 0.0114)
(0.006728197813 -0.01753031046 0.0114)
(0.008395963921 -0.01742220697 0.0114)
(0.01005433741 -0.01729144832 0.0114)
(0.01170156832 -0.01713884199 0.0114)
(0.01333597551 -0.01696533041 0.0114)
(0.01495595703 -0.01677198508 0.0114)
(0.01656 -0.01656 0.0114)
(-0.015466 -0.015466 0.0114)
(-0.01397655273 -0.01569918359 0.0114)
(-0.01246957306 -0.01591186345 0.0114)
(-0.01094672515 -0.01610272619 0.0114)
(-0.00940977115 -0.01627059315 0.0114)
(-0.007860560313 -0.01641442767 0.0114)
(-0.006301017595 -0.01653334151 0.0114)
(-0.004733131749 -0.01662660033 0.0114)
(-0.003158943053 -0.01669362821 0.0114)
(-0.001580530709 -0.01673401123 0.0114)
(0 -0.0167475 0.0114)
(0.001580530709 -0.01673401123 0.0114)
(0.003158943053 -0.01669362821 0.0114)
(0.004733131749 -0.01662660033 0.0114)
(0.006301017595 -0.01653334151 0.0114)
(0.007860560313 -0.01641442767 0.0114)
(0.00940977115 -0.01627059315 0.0114)
(0.01094672515 -0.01610272619 0.0114)
(0.01246957306 -0.01591186345 0.0114)
(0.01397655273 -0.01569918359 0.0114)
(0.015466 -0.015466 0.0114)
(-0.014372 -0.014372 0.0114)
(-0.01299714843 -0.0146263821 0.0114)
(-0.01160317061 -0.01485839649 0.0114)
(-0.01019188199 -0.01506661039 0.0114)
(-0.008765204891 -0.01524973798 0.0114)
(-0.007325156706 -0.01540664836 0.0114)
(-0.005873837376 -0.01553637255 0.0114)
(-0.004413416453 -0.01563810945 0.0114)
(-0.002946119695 -0.01571123077 0.0114)
(-0.001474215319 -0.01575528498 0.0114)
(0 -0.01577 0.0114)
(0.001474215319 -0.01575528498 0.0114)
(0.002946119695 -0.01571123077 0.0114)
(0.004413416453 -0.01563810945 0.0114)
(0.005873837376 -0.01553637255 0.0114)
(0.007325156706 -0.01540664836 0.0114)
(0.008765204891 -0.01524973798 0.0114)
(0.01019188199 -0.01506661039 0.0114)
(0.01160317061 -0.01485839649 0.0114)
(0.01299714843 -0.0146263821 0.0114)
(0.014372 -0.014372 0.0114)
(-0.013278 -0.013278 0.0114)
(-0.01201774414 -0.01355358061 0.0114)
(-0.01073676817 -0.01380492954 0.0114)
(-0.009437038818 -0.01403049459 0.0114)
(-0.008120638632 -0.01422888281 0.0114)
(-0.006789753098 -0.01439886906 0.0114)
(-0.005446657157 -0.0145394036 0.0114)
(-0.004093701157 -0.01464961857 0.0114)
(-0.002733296336 -0.01472883334 0.0114)
(-0.001367899929 -0.01477655872 0.0114)
(0 -0.0147925 0.0114)
(0.001367899929 -0.01477655872 0.0114)
(0.002733296336 -0.01472883334 0.0114)
(0.004093701157 -0.01464961857 0.0114)
(0.005446657157 -0.0145394036 0.0114)
(0.006789753098 -0.01439886906 0.0114)
(0.008120638632 -0.01422888281 0.0114)
(0.009437038818 -0.01403049459 0.0114)
(0.01073676817 -0.01380492954 0.0114)
(0.01201774414 -0.01355358061 0.0114)
(0.013278 -0.013278 0.0114)
(-0.012184 -0.012184 0.0114)
(-0.01103833984 -0.01248077912 0.0114)
(-0.009870365716 -0.01275146258 0.0114)
(-0.00868219565 -0.01299437879 0.0114)
(-0.007476072373 -0.01320802764 0.0114)
(-0.00625434949 -0.01339108976 0.0114)
(-0.005019476938 -0.01354243465 0.0114)
(-0.003773985862 -0.01366112769 0.0114)
(-0.002520472977 -0.0137464359 0.0114)
(-0.001261584539 -0.01379783247 0.0114)
(0 -0.013815 0.0114)
(0.001261584539 -0.01379783247 0.0114)
(0.002520472977 -0.0137464359 0.0114)
(0.003773985862 -0.01366112769 0.0114)
(0.005019476938 -0.01354243465 0.0114)
(0.00625434949 -0.01339108976 0.0114)
(0.007476072373 -0.01320802764 0.0114)
(0.00868219565 -0.01299437879 0.0114)
(0.009870365716 -0.01275146258 0.0114)
(0.01103833984 -0.01248077912 0.0114)
(0.012184 -0.012184 0.0114)
(-0.01109 -0.01109 0.0114)
(-0.01005893554 -0.01140797763 0.0114)
(-0.009003963268 -0.01169799562 0.0114)
(-0.007927352482 -0.01195826299 0.0114)
(-0.006831506114 -0.01218717247 0.0114)
(-0.005718945882 -0.01238331045 0.0114)
(-0.00459229672 -0.01254546569 0.0114)
(-0.003454270566 -0.01267263681 0.0114)
(-0.002307649618 -0.01276403847 0.0114)
(-0.001155269149 -0.01281910622 0.0114)
(0 -0.0128375 0.0114)
(0.001155269149 -0.01281910622 0.0114)
(0.002307649618 -0.01276403847 0.0114)
(0.003454270566 -0.01267263681 0.0114)
(0.00459229672 -0.01254546569 0.0114)
(0.005718945882 -0.01238331045 0.0114)
(0.006831506114 -0.01218717247 0.0114)
(0.007927352482 -0.01195826299 0.0114)
(0.009003963268 -0.01169799562 0.0114)
(0.01005893554 -0.01140797763 0.0114)
(0.01109 -0.01109 0.0114)
(-0.009996 -0.009996 0.0114)
(-0.009079531244 -0.01033517613 0.0114)
(-0.008137560819 -0.01064452866 0.0114)
(-0.007172509314 -0.01092214719 0.0114)
(-0.006186939855 -0.0111663173 0.0114)
(-0.005183542274 -0.01137553115 0.0114)
(-0.004165116501 -0.01154849674 0.0114)
(-0.003134555271 -0.01168414593 0.0114)
(-0.002094826259 -0.01178164103 0.0114)
(-0.001048953759 -0.01184037997 0.0114)
(0 -0.01186 0.0114)
(0.001048953759 -0.01184037997 0.0114)
(0.002094826259 -0.01178164103 0.0114)
(0.003134555271 -0.01168414593 0.0114)
(0.004165116501 -0.01154849674 0.0114)
(0.005183542274 -0.01137553115 0.0114)
(0.006186939855 -0.0111663173 0.0114)
(0.007172509314 -0.01092214719 0.0114)
(0.008137560819 -0.01064452866 0.0114)
(0.009079531244 -0.01033517613 0.0114)
(0.009996 -0.009996 0.0114)
(-0.008902 -0.008902 0.0114)
(-0.008100126947 -0.009262374643 0.0114)
(-0.00727115837 -0.009591061701 0.0114)
(-0.006417666146 -0.009886031388 0.0114)
(-0.005542373596 -0.01014546214 0.0114)
(-0.004648138666 -0.01036775185 0.0114)
(-0.003737936282 -0.01055152778 0.0114)
(-0.002814839975 -0.01069565505 0.0114)
(-0.001882002901 -0.01079924359 0.0114)
(-0.0009426383689 -0.01086165371 0.0114)
(0 -0.0108825 0.0114)
(0.0009426383689 -0.01086165371 0.0114)
(0.001882002901 -0.01079924359 0.0114)
(0.002814839975 -0.01069565505 0.0114)
(0.003737936282 -0.01055152778 0.0114)
(0.004648138666 -0.01036775185 0.0114)
(0.005542373596 -0.01014546214 0.0114)
(0.006417666146 -0.009886031388 0.0114)
(0.00727115837 -0.009591061701 0.0114)
(0.008100126947 -0.009262374643 0.0114)
(0.008902 -0.008902 0.0114)
(-0.007808 -0.007808 0.0114)
(-0.007120722649 -0.008189573151 0.0114)
(-0.006404755921 -0.008537594742 0.0114)
(-0.005662822978 -0.008849915587 0.0114)
(-0.004897807337 -0.009124606968 0.0114)
(-0.004112735058 -0.009359972544 0.0114)
(-0.003310756064 -0.00955455883 0.0114)
(-0.002495124679 -0.00970716417 0.0114)
(-0.001669179542 -0.009816846159 0.0114)
(-0.0008363229789 -0.009882927463 0.0114)
(0 -0.009905 0.0114)
(0.0008363229789 -0.009882927463 0.0114)
(0.001669179542 -0.009816846159 0.0114)
(0.002495124679 -0.00970716417 0.0114)
(0.003310756064 -0.00955455883 0.0114)
(0.004112735058 -0.009359972544 0.0114)
(0.004897807337 -0.009124606968 0.0114)
(0.005662822978 -0.008849915587 0.0114)
(0.006404755921 -0.008537594742 0.0114)
(0.007120722649 -0.008189573151 0.0114)
(0.007808 -0.007808 0.0114)
(-0.006714 -0.006714 0.0114)
(-0.006141318352 -0.00711677166 0.0114)
(-0.005538353472 -0.007484127784 0.0114)
(-0.00490797981 -0.007813799787 0.0114)
(-0.004253241078 -0.0081037518 0.0114)
(-0.003577331451 -0.008352193241 0.0114)
(-0.002883575845 -0.008557589876 0.0114)
(-0.002175409384 -0.008718673291 0.0114)
(-0.001456356183 -0.008834448724 0.0114)
(-0.0007300075888 -0.008904201211 0.0114)
(0 -0.0089275 0.0114)
(0.0007300075888 -0.008904201211 0.0114)
(0.001456356183 -0.008834448724 0.0114)
(0.002175409384 -0.008718673291 0.0114)
(0.002883575845 -0.008557589876 0.0114)
(0.003577331451 -0.008352193241 0.0114)
(0.004253241078 -0.0081037518 0.0114)
(0.00490797981 -0.007813799787 0.0114)
(0.005538353472 -0.007484127784 0.0114)
(0.006141318352 -0.00711677166 0.0114)
(0.006714 -0.006714 0.0114)
(-0.00562 -0.00562 0.0114)
(-0.005161914055 -0.006043970168 0.0114)
(-0.004671951023 -0.006430660825 0.0114)
(-0.004153136642 -0.006777683986 0.0114)
(-0.003608674818 -0.007082896631 0.0114)
(-0.003041927843 -0.007344413938 0.0114)
(-0.002456395626 -0.007560620923 0.0114)
(-0.001855694088 -0.007730182411 0.0114)
(-0.001243532824 -0.007852051288 0.0114)
(-0.0006236921987 -0.007925474959 0.0114)
(0 -0.00795 0.0114)
(0.0006236921987 -0.007925474959 0.0114)
(0.001243532824 -0.007852051288 0.0114)
(0.001855694088 -0.007730182411 0.0114)
(0.002456395626 -0.007560620923 0.0114)
(0.003041927843 -0.007344413938 0.0114)
(0.003608674818 -0.007082896631 0.0114)
(0.004153136642 -0.006777683986 0.0114)
(0.004671951023 -0.006430660825 0.0114)
(0.005161914055 -0.006043970168 0.0114)
(0.00562 -0.00562 0.0114)
(0.0275 -0.02475 0)
(0.0275 -0.022 0)
(0.0275 -0.01925 0)
(0.0275 -0.0165 0)
(0.0275 -0.01375 0)
(0.0275 -0.011 0)
(0.0275 -0.00825 0)
(0.0275 -0.0055 0)
(0.0275 -0.00275 0)
(0.0275 0 0)
(0.0275 0.00275 0)
(0.0275 0.0055 0)
(0.0275 0.00825 0)
(0.0275 0.011 0)
(0.0275 0.01375 0)
(0.0275 0.0165 0)
(0.0275 0.01925 0)
(0.0275 0.022 0)
(0.0275 0.02475 0)
(0.0275 0.0275 0)
(0.02642719851 -0.0237705957 0)
(0.02644653304 -0.02113359755 0)
(0.0264638842 -0.01849515683 0)
(0.02647914483 -0.01585543374 0)
(0.0264922207 -0.01321459639 0)
(0.02650303105 -0.01057281978 0)
(0.02651150912 -0.007930284704 0)
(0.02651760256 -0.005287176641 0)
(0.02652127375 -0.00264368461 0)
(0.0265225 0 0)
(0.02652127375 0.00264368461 0)
(0.02651760256 0.005287176641 0)
(0.02651150912 0.007930284704 0)
(0.02650303105 0.01057281978 0)
(0.0264922207 0.01321459639 0)
(0.02647914483 0.01585543374 0)
(0.0264638842 0.01849515683 0)
(0.02644653304 0.02113359755 0)
(0.02642719851 0.0237705957 0)
(0.026406 0.026406 0)
(0.02535439702 -0.02279119141 0)
(0.02539306608 -0.0202671951 0)
(0.0254277684 -0.01774031366 0)
(0.02545828966 -0.01521086748 0)
(0.02548444139 -0.01267919278 0)
(0.02550606209 -0.01014563956 0)
(0.02552301824 -0.007610569409 0)
(0.02553520513 -0.005074353282 0)
(0.0255425475 -0.00253736922 0)
(0.025545 0 0)
(0.0255425475 0.00253736922 0)
(0.02553520513 0.005074353282 0)
(0.02552301824 0.007610569409 0)
(0.02550606209 0.01014563956 0)
(0.02548444139 0.01267919278 0)
(0.02545828966 0.01521086748 0)
(0.0254277684 0.01774031366 0)
(0.02539306608 0.0202671951 0)
(0.02535439702 0.02279119141 0)
(0.025312 0.025312 0)
(0.02428159553 -0.02181178711 0)
(0.02433959912 -0.01940079265 0)
(0.0243916526 -0.0169854705 0)
(0.02443743449 -0.01456630122 0)
(0.02447666209 -0.01214378918 0)
(0.02450909314 -0.009718459344 0)
(0.02453452736 -0.007290854113 0)
(0.02455280769 -0.004861529924 0)
(0.02456382124 -0.00243105383 0)
(0.0245675 0 0)
(0.02456382124 0.00243105383 0)
(0.02455280769 0.004861529924 0)
(0.02453452736 0.007290854113 0)
(0.02450909314 0.009718459344 0)
(0.02447666209 0.01214378918 0)
(0.02443743449 0.01456630122 0)
(0.0243916526 0.0169854705 0)
(0.02433959912 0.01940079265 0)
(0.02428159553 0.02181178711 0)
(0.024218 0.024218 0)
(0.02320879403 -0.02083238281 0)
(0.02328613216 -0.0185343902 0)
(0.0233555368 -0.01623062733 0)
(0.02341657933 -0.01392173496 0)
(0.02346888279 -0.01160838557 0)
(0.02351212418 -0.009291279125 0)
(0.02354603648 -0.006971138818 0)
(0.02357041026 -0.004648706565 0)
(0.02358509499 -0.00232473844 0)
(0.02359 0 0)
(0.02358509499 0.00232473844 0)
(0.02357041026 0.004648706565 0)
(0.02354603648 0.006971138818 0)
(0.02351212418 0.009291279125 0)
(0.02346888279 0.01160838557 0)
(0.02341657933 0.01392173496 0)
(0.0233555368 0.01623062733 0)
(0.02328613216 0.0185343902 0)
(0.02320879403 0.02083238281 0)
(0.023124 0.023124 0)
(0.02213599254 -0.01985297851 0)
(0.02223266521 -0.01766798776 0)
(0.022319421 -0.01547578416 0)
(0.02239572416 -0.0132771687 0)
(0.02246110348 -0.01107298196 0)
(0.02251515523 -0.008864098907 0)
(0.0225575456 -0.006651423522 0)
(0.02258801282 -0.004435883206 0)
(0.02260636874 -0.00221842305 0)
(0.0226125 0 0)
(0.02260636874 0.00221842305 0)
(0.02258801282 0.004435883206 0)
(0.0225575456 0.006651423522 0)
(0.02251515523 0.008864098907 0)
(0.02246110348 0.01107298196 0)
(0.02239572416 0.0132771687 0)
(0.022319421 0.01547578416 0)
(0.02223266521 0.01766798776 0)
(0.02213599254 0.01985297851 0)
(0.02203 0.02203 0)
(0.02106319105 -0.01887357422 0)
(0.02117919825 -0.01680158531 0)
(0.0212833052 -0.01472094099 0)
(0.02137486899 -0.01263260245 0)
(0.02145332418 -0.01053757835 0)
(0.02151818628 -0.008436918688 0)
(0.02156905472 -0.006331708226 0)
(0.02160561539 -0.004223059847 0)
(0.02162764249 -0.00211210766 0)
(0.021635 0 0)
(0.02162764249 0.00211210766 0)
(0.02160561539 0.004223059847 0)
(0.02156905472 0.006331708226 0)
(0.02151818628 0.008436918688 0)
(0.02145332418 0.01053757835 0)
(0.02137486899 0.01263260245 0)
(0.0212833052 0.01472094099 0)
(0.02117919825 0.01680158531 0)
(0.02106319105 0.01887357422 0)
(0.020936 0.020936 0)
(0.01999038956 -0.01789416992 0)
(0.02012573129 -0.01593518286 0)
(0.0202471894 -0.01396609782 0)
(0.02035401382 -0.01198803619 0)
(0.02044554488 -0.01000217474 0)
(0.02052121732 -0.008009738469 0)
(0.02058056384 -0.006011992931 0)
(0.02062321795 -0.004010236488 0)
(0.02064891624 -0.00200579227 0)
(0.0206575 0 0)
(0.02064891624 0.00200579227 0)
(0.02062321795 0.004010236488 0)
(0.02058056384 0.006011992931 0)
(0.02052121732 0.008009738469 0)
(0.02044554488 0.01000217474 0)
(0.02035401382 0.01198803619 0)
(0.0202471894 0.01396609782 0)
(0.02012573129 0.01593518286 0)
(0.01999038956 0.01789416992 0)
(0.019842 0.019842 0)
(0.01891758807 -0.01691476562 0)
(0.01907226433 -0.01506878041 0)
(0.01921107359 -0.01321125466 0)
(0.01933315865 -0.01134346993 0)
(0.01943776558 -0.009466771137 0)
(0.01952424837 -0.007582558251 0)
(0.01959207296 -0.005692277635 0)
(0.01964082052 -0.00379741313 0)
(0.01967018998 -0.001899476879 0)
(0.01968 0 0)
(0.01967018998 0.001899476879 0)
(0.01964082052 0.00379741313 0)
(0.01959207296 0.005692277635 0)
(0.01952424837 0.007582558251 0)
(0.01943776558 0.009466771137 0)
(0.01933315865 0.01134346993 0)
(0.01921107359 0.01321125466 0)
(0.01907226433 0.01506878041 0)
(0.01891758807 0.01691476562 0)
(0.018748 0.018748 0)
(0.01784478658 -0.01593536132 0)
(0.01801879737 -0.01420237796 0)
(0.01817495779 -0.01245641149 0)
(0.01831230348 -0.01069890367 0)
(0.01842998627 -0.008931367529 0)
(0.01852727942 -0.007155378032 0)
(0.01860358209 -0.00537256234 0)
(0.01865842308 -0.003584589771 0)
(0.01869146373 -0.001793161489 0)
(0.0187025 0 0)
(0.01869146373 0.001793161489 0)
(0.01865842308 0.003584589771 0)
(0.01860358209 0.00537256234 0)
(0.01852727942 0.007155378032 0)
(0.01842998627 0.008931367529 0)
(0.01831230348 0.01069890367 0)
(0.01817495779 0.01245641149 0)
(0.01801879737 0.01420237796 0)
(0.01784478658 0.01593536132 0)
(0.017654 0.017654 0)
(0.01677198508 -0.01495595703 0)
(0.01696533041 -0.01333597551 0)
(0.01713884199 -0.01170156832 0)
(0.01729144832 -0.01005433741 0)
(0.01742220697 -0.008395963921 0)
(0.01753031046 -0.006728197813 0)
(0.01761509121 -0.005052847044 0)
(0.01767602564 -0.003371766412 0)
(0.01771273748 -0.001686846099 0)
(0.017725 0 0)
(0.01771273748 0.001686846099 0)
(0.01767602564 0.003371766412 0)
(0.01761509121 0.005052847044 0)
(0.01753031046 0.006728197813 0)
(0.01742220697 0.008395963921 0)
(0.01729144832 0.01005433741 0)
(0.01713884199 0.01170156832 0)
(0.01696533041 0.01333597551 0)
(0.01677198508 0.01495595703 0)
(0.01656 0.01656 0)
(0.01569918359 -0.01397655273 0)
(0.01591186345 -0.01246957306 0)
(0.01610272619 -0.01094672515 0)
(0.01627059315 -0.00940977115 0)
(0.01641442767 -0.007860560313 0)
(0.01653334151 -0.006301017595 0)
(0.01662660033 -0.004733131749 0)
(0.01669362821 -0.003158943053 0)
(0.01673401123 -0.001580530709 0)
(0.0167475 0 0)
(0.01673401123 0.001580530709 0)
(0.01669362821 0.003158943053 0)
(0.01662660033 0.004733131749 0)
(0.01653334151 0.006301017595 0)
(0.01641442767 0.007860560313 0)
(0.01627059315 0.00940977115 0)
(0.01610272619 0.01094672515 0)
(0.01591186345 0.01246957306 0)
(0.01569918359 0.01397655273 0)
(0.015466 0.015466 0)
(0.0146263821 -0.01299714843 0)
(0.01485839649 -0.01160317061 0)
(0.01506661039 -0.01019188199 0)
(0.01524973798 -0.008765204891 0)
(0.01540664836 -0.007325156706 0)
(0.01553637255 -0.005873837376 0)
(0.01563810945 -0.004413416453 0)
(0.01571123077 -0.002946119695 0)
(0.01575528498 -0.001474215319 0)
(0.01577 0 0)
(0.01575528498 0.001474215319 0)
(0.01571123077 0.002946119695 0)
(0.01563810945 0.004413416453 0)
(0.01553637255 0.005873837376 0)
(0.01540664836 0.007325156706 0)
(0.01524973798 0.008765204891 0)
(0.01506661039 0.01019188199 0)
(0.01485839649 0.01160317061 0)
(0.0146263821 0.01299714843 0)
(0.014372 0.014372 0)
(0.01355358061 -0.01201774414 0)
(0.01380492954 -0.01073676817 0)
(0.01403049459 -0.009437038818 0)
(0.01422888281 -0.008120638632 0)
(0.01439886906 -0.006789753098 0)
(0.0145394036 -0.005446657157 0)
(0.01464961857 -0.004093701157 0)
(0.01472883334 -0.002733296336 0)
(0.01477655872 -0.001367899929 0)
(0.0147925 0 0)
(0.01477655872 0.001367899929 0)
(0.01472883334 0.002733296336 0)
(0.01464961857 0.004093701157 0)
(0.0145394036 0.005446657157 0)
(0.01439886906 0.006789753098 0)
(0.01422888281 0.008120638632 0)
(0.01403049459 0.009437038818 0)
(0.01380492954 0.01073676817 0)
(0.01355358061 0.01201774414 0)
(0.013278 0.013278 0)
(0.01248077912 -0.01103833984 0)
(0.01275146258 -0.009870365716 0)
(0.01299437879 -0.00868219565 0)
(0.01320802764 -0.007476072373 0)
(0.01339108976 -0.00625434949 0)
(0.01354243465 -0.005019476938 0)
(0.01366112769 -0.003773985862 0)
(0.0137464359 -0.002520472977 0)
(0.01379783247 -0.001261584539 0)
(0.013815 0 0)
(0.01379783247 0.001261584539 0)
(0.0137464359 0.002520472977 0)
(0.01366112769 0.003773985862 0)
(0.01354243465 0.005019476938 0)
(0.01339108976 0.00625434949 0)
(0.01320802764 0.007476072373 0)
(0.01299437879 0.00868219565 0)
(0.01275146258 0.009870365716 0)
(0.01248077912 0.01103833984 0)
(0.012184 0.012184 0)
(0.01140797763 -0.01005893554 0)
(0.01169799562 -0.009003963268 0)
(0.01195826299 -0.007927352482 0)
(0.01218717247 -0.006831506114 0)
(0.01238331045 -0.005718945882 0)
(0.01254546569 -0.00459229672 0)
(0.01267263681 -0.003454270566 0)
(0.01276403847 -0.002307649618 0)
(0.01281910622 -0.001155269149 0)
(0.0128375 0 0)
(0.01281910622 0.001155269149 0)
(0.01276403847 0.002307649618 0)
(0.01267263681 0.003454270566 0)
(0.01254546569 0.00459229672 0)
(0.01238331045 0.005718945882 0)
(0.01218717247 0.006831506114 0)
(0.01195826299 0.007927352482 0)
(0.01169799562 0.009003963268 0)
(0.01140797763 0.01005893554 0)
(0.01109 0.01109 0)
(0.01033517613 -0.009079531244 0)
(0.01064452866 -0.008137560819 0)
(0.01092214719 -0.007172509314 0)
(0.0111663173 -0.006186939855 0)
(0.01137553115 -0.005183542274 0)
(0.01154849674 -0.004165116501 0)
(0.01168414593 -0.003134555271 0)
(0.01178164103 -0.002094826259 0)
(0.01184037997 -0.001048953759 0)
(0.01186 0 0)
(0.01184037997 0.001048953759 0)
(0.01178164103 0.002094826259 0)
(0.01168414593 0.003134555271 0)
(0.01154849674 0.004165116501 0)
(0.01137553115 0.005183542274 0)
(0.0111663173 0.006186939855 0)
(0.01092214719 0.007172509314 0)
(0.01064452866 0.008137560819 0)
(0.01033517613 0.009079531244 0)
(0.009996 0.009996 0)
(0.009262374643 -0.008100126947 0)
(0.009591061701 -0.00727115837 0)
(0.009886031388 -0.006417666146 0)
(0.01014546214 -0.005542373596 0)
(0.01036775185 -0.004648138666 0)
(0.01055152778 -0.003737936282 0)
(0.01069565505 -0.002814839975 0)
(0.01079924359 -0.001882002901 0)
(0.01086165371 -0.0009426383689 0)
(0.0108825 0 0)
(0.01086165371 0.0009426383689 0)
(0.01079924359 0.001882002901 0)
(0.01069565505 0.002814839975 0)
(0.01055152778 0.003737936282 0)
(0.01036775185 0.004648138666 0)
(0.01014546214 0.005542373596 0)
(0.009886031388 0.006417666146 0)
(0.009591061701 0.00727115837 0)
(0.009262374643 0.008100126947 0)
(0.008902 0.008902 0)
(0.008189573151 -0.007120722649 0)
(0.008537594742 -0.006404755921 0)
(0.008849915587 -0.005662822978 0)
(0.009124606968 -0.004897807337 0)
(0.009359972544 -0.004112735058 0)
(0.00955455883 -0.003310756064 0)
(0.00970716417 -0.002495124679 0)
(0.009816846159 -0.001669179542 0)
(0.009882927463 -0.0008363229789 0)
(0.009905 0 0)
(0.009882927463 0.0008363229789 0)
(0.009816846159 0.001669179542 0)
(0.00970716417 0.002495124679 0)
(0.00955455883 0.003310756064 0)
(0.009359972544 0.004112735058 0)
(0.009124606968 0.004897807337 0)
(0.008849915587 0.005662822978 0)
(0.008537594742 0.006404755921 0)
(0.008189573151 0.007120722649 0)
(0.007808 0.007808 0)
(0.00711677166 -0.006141318352 0)
(0.007484127784 -0.005538353472 0)
(0.007813799787 -0.00490797981 0)
(0.0081037518 -0.004253241078 0)
(0.008352193241 -0.003577331451 0)
(0.008557589876 -0.002883575845 0)
(0.008718673291 -0.002175409384 0)
(0.008834448724 -0.001456356183 0)
(0.008904201211 -0.0007300075888 0)
(0.0089275 0 0)
(0.008904201211 0.0007300075888 0)
(0.008834448724 0.001456356183 0)
(0.008718673291 0.002175409384 0)
(0.008557589876 0.002883575845 0)
(0.008352193241 0.003577331451 0)
(0.0081037518 0.004253241078 0)
(0.007813799787 0.00490797981 0)
(0.007484127784 0.005538353472 0)
(0.00711677166 0.006141318352 0)
(0.006714 0.006714 0)
(0.006043970168 -0.005161914055 0)
(0.006430660825 -0.004671951023 0)
(0.006777683986 -0.004153136642 0)
(0.007082896631 -0.003608674818 0)
(0.007344413938 -0.003041927843 0)
(0.007560620923 -0.002456395626 0)
(0.007730182411 -0.001855694088 0)
(0.007852051288 -0.001243532824 0)
(0.007925474959 -0.0006236921987 0)
(0.00795 0 0)
(0.007925474959 0.0006236921987 0)
(0.007852051288 0.001243532824 0)
(0.007730182411 0.001855694088 0)
(0.007560620923 0.002456395626 0)
(0.007344413938 0.003041927843 0)
(0.007082896631 0.003608674818 0)
(0.006777683986 0.004153136642 0)
(0.006430660825 0.004671951023 0)
(0.006043970168 0.005161914055 0)
(0.00562 0.00562 0)
(0.0275 -0.02475 0.0114)
(0.0275 -0.022 0.0114)
(0.0275 -0.01925 0.0114)
(0.0275 -0.0165 0.0114)
(0.0275 -0.01375 0.0114)
(0.0275 -0.011 0.0114)
(0.0275 -0.00825 0.0114)
(0.0275 -0.0055 0.0114)
(0.0275 -0.00275 0.0114)
(0.0275 0 0.0114)
(0.0275 0.00275 0.0114)
(0.0275 0.0055 0.0114)
(0.0275 0.00825 0.0114)
(0.0275 0.011 0.0114)
(0.0275 0.01375 0.0114)
(0.0275 0.0165 0.0114)
(0.0275 0.01925 0.0114)
(0.0275 0.022 0.0114)
(0.0275 0.02475 0.0114)
(0.0275 0.0275 0.0114)
(0.02642719851 -0.0237705957 0.0114)
(0.02644653304 -0.02113359755 0.0114)
(0.0264638842 -0.01849515683 0.0114)
(0.02647914483 -0.01585543374 0.0114)
(0.0264922207 -0.01321459639 0.0114)
(0.02650303105 -0.01057281978 0.0114)
(0.02651150912 -0.007930284704 0.0114)
(0.02651760256 -0.005287176641 0.0114)
(0.02652127375 -0.00264368461 0.0114)
(0.0265225 0 0.0114)
(0.02652127375 0.00264368461 0.0114)
(0.02651760256 0.005287176641 0.0114)
(0.02651150912 0.007930284704 0.0114)
(0.02650303105 0.01057281978 0.0114)
(0.0264922207 0.01321459639 0.0114)
(0.02647914483 0.01585543374 0.0114)
(0.0264638842 0.01849515683 0.0114)
(0.02644653304 0.02113359755 0.0114)
(0.02642719851 0.0237705957 0.0114)
(0.026406 0.026406 0.0114)
(0.02535439702 -0.02279119141 0.0114)
(0.02539306608 -0.0202671951 0.0114)
(0.0254277684 -0.01774031366 0.0114)
(0.02545828966 -0.01521086748 0.0114)
(0.02548444139 -0.01267919278 0.0114)
(0.02550606209 -0.01014563956 0.0114)
(0.02552301824 -0.007610569409 0.0114)
(0.02553520513 -0.005074353282 0.0114)
(0.0255425475 -0.00253736922 0.0114)
(0.025545 0 0.0114)
(0.0255425475 0.00253736922 0.0114)
(0.02553520513 0.005074353282 0.0114)
(0.02552301824 0.007610569409 0.0114)
(0.02550606209 0.01014563956 0.0114)
(0.02548444139 0.01267919278 0.0114)
(0.02545828966 0.01521086748 0.0114)
(0.0254277684 0.01774031366 0.0114)
(0.02539306608 0.0202671951 0.0114)
(0.02535439702 0.02279119141 0.0114)
(0.025312 0.025312 0.0114)
(0.02428159553 -0.02181178711 0.0114)
(0.02433959912 -0.01940079265 0.0114)
(0.0243916526 -0.0169854705 0.0114)
(0.02443743449 -0.01456630122 0.0114)
(0.02447666209 -0.01214378918 0.0114)
(0.02450909314 -0.009718459344 0.0114)
(0.02453452736 -0.007290854113 0.0114)
(0.02455280769 -0.004861529924 0.0114)
(0.02456382124 -0.00243105383 0.0114)
(0.0245675 0 0.0114)
(0.02456382124 0.00243105383 0.0114)
(0.02455280769 0.004861529924 0.0114)
(0.02453452736 0.007290854113 0.0114)
(0.02450909314 0.009718459344 0.0114)
(0.02447666209 0.01214378918 0.0114)
(0.02443743449 0.01456630122 0.0114)
(0.0243916526 0.0169854705 0.0114)
(0.02433959912 0.01940079265 0.0114)
(0.02428159553 0.02181178711 0.0114)
(0.024218 0.024218 0.0114)
(0.02320879403 -0.02083238281 0.0114)
(0.02328613216 -0.0185343902 0.0114)
(0.0233555368 -0.01623062733 0.0114)
(0.02341657933 -0.01392173496 0.0114)
(0.02346888279 -0.01160838557 0.0114)
(0.02351212418 -0.009291279125 0.0114)
(0.02354603648 -0.006971138818 0.0114)
(0.02357041026 -0.004648706565 0.0114)
(0.02358509499 -0.00232473844 0.0114)
(0.02359 0 0.0114)
(0.02358509499 0.00232473844 0.0114)
(0.02357041026 0.004648706565 0.0114)
(0.02354603648 0.006971138818 0.0114)
(0.02351212418 0.009291279125 0.0114)
(0.02346888279 0.01160838557 0.0114)
(0.02341657933 0.01392173496 0.0114)
(0.0233555368 0.01623062733 0.0114)
(0.02328613216 0.0185343902 0.0114)
(0.02320879403 0.02083238281 0.0114)
(0.023124 0.023124 0.0114)
(0.02213599254 -0.01985297851 0.0114)
(0.02223266521 -0.01766798776 0.0114)
(0.022319421 -0.01547578416 0.0114)
(0.02239572416 -0.0132771687 0.0114)
(0.02246110348 -0.01107298196 0.0114)
(0.02251515523 -0.008864098907 0.0114)
(0.0225575456 -0.006651423522 0.0114)
(0.02258801282 -0.004435883206 0.0114)
(0.02260636874 -0.00221842305 0.0114)
(0.0226125 0 0.0114)
(0.02260636874 0.00221842305 0.0114)
(0.02258801282 0.004435883206 0.0114)
(0.0225575456 0.006651423522 0.0114)
(0.02251515523 0.008864098907 0.0114)
(0.02246110348 0.01107298196 0.0114)
(0.02239572416 0.0132771687 0.0114)
(0.022319421 0.01547578416 0.0114)
(0.02223266521 0.01766798776 0.0114)
(0.02213599254 0.01985297851 0.0114)
(0.02203 0.02203 0.0114)
(0.02106319105 -0.01887357422 0.0114)
(0.02117919825 -0.01680158531 0.0114)
(0.0212833052 -0.01472094099 0.0114)
(0.02137486899 -0.01263260245 0.0114)
(0.02145332418 -0.01053757835 0.0114)
(0.02151818628 -0.008436918688 0.0114)
(0.02156905472 -0.006331708226 0.0114)
(0.02160561539 -0.004223059847 0.0114)
(0.02162764249 -0.00211210766 0.0114)
(0.021635 0 0.0114)
(0.02162764249 0.00211210766 0.0114)
(0.02160561539 0.004223059847 0.0114)
(0.02156905472 0.006331708226 0.0114)
(0.02151818628 0.008436918688 0.0114)
(0.02145332418 0.01053757835 0.0114)
(0.02137486899 0.01263260245 0.0114)
(0.0212833052 0.01472094099 0.0114)
(0.02117919825 0.01680158531 0.0114)
(0.02106319105 0.01887357422 0.0114)
(0.020936 0.020936 0.0114)
(0.01999038956 -0.01789416992 0.0114)
(0.02012573129 -0.01593518286 0.0114)
(0.0202471894 -0.01396609782 0.0114)
(0.02035401382 -0.01198803619 0.0114)
(0.02044554488 -0.01000217474 0.0114)
(0.02052121732 -0.008009738469 0.0114)
(0.02058056384 -0.006011992931 0.0114)
(0.02062321795 -0.004010236488 0.0114)
(0.02064891624 -0.00200579227 0.0114)
(0.0206575 0 0.0114)
(0.02064891624 0.00200579227 0.0114)
(0.02062321795 0.004010236488 0.0114)
(0.02058056384 0.006011992931 0.0114)
(0.02052121732 0.008009738469 0.0114)
(0.02044554488 0.01000217474 0.0114)
(0.02035401382 0.01198803619 0.0114)
(0.0202471894 0.01396609782 0.0114)
(0.02012573129 0.01593518286 0.0114)
(0.01999038956 0.01789416992 0.0114)
(0.019842 0.019842 0.0114)
(0.01891758807 -0.01691476562 0.0114)
(0.01907226433 -0.01506878041 0.0114)
(0.01921107359 -0.01321125466 0.0114)
(0.01933315865 -0.01134346993 0.0114)
(0.01943776558 -0.009466771137 0.0114)
(0.01952424837 -0.007582558251 0.0114)
(0.01959207296 -0.005692277635 0.0114)
(0.01964082052 -0.00379741313 0.0114)
(0.01967018998 -0.001899476879 0.0114)
(0.01968 0 0.0114)
(0.01967018998 0.001899476879 0.0114)
(0.01964082052 0.00379741313 0.0114)
(0.01959207296 0.005692277635 0.0114)
(0.01952424837 0.007582558251 0.0114)
(0.01943776558 0.009466771137 0.0114)
(0.01933315865 0.01134346993 0.0114)
(0.01921107359 0.01321125466 0.0114)
(0.01907226433 0.01506878041 0.0114)
(0.01891758807 0.01691476562 0.0114)
(0.018748 0.018748 0.0114)
(0.01784478658 -0.01593536132 0.0114)
(0.01801879737 -0.01420237796 0.0114)
(0.01817495779 -0.01245641149 0.0114)
(0.01831230348 -0.01069890367 0.0114)
(0.01842998627 -0.008931367529 0.0114)
(0.01852727942 -0.007155378032 0.0114)
(0.01860358209 -0.00537256234 0.0114)
(0.01865842308 -0.003584589771 0.0114)
(0.01869146373 -0.001793161489 0.0114)
(0.0187025 0 0.0114)
(0.01869146373 0.001793161489 0.0114)
(0.01865842308 0.003584589771 0.0114)
(0.01860358209 0.00537256234 0.0114)
(0.01852727942 0.007155378032 0.0114)
(0.01842998627 0.008931367529 0.0114)
(0.01831230348 0.01069890367 0.0114)
(0.01817495779 0.01245641149 0.0114)
(0.01801879737 0.01420237796 0.0114)
(0.01784478658 0.01593536132 0.0114)
(0.017654 0.017654 0.0114)
(0.01677198508 -0.01495595703 0.0114)
(0.01696533041 -0.01333597551 0.0114)
(0.01713884199 -0.01170156832 0.0114)
(0.01729144832 -0.01005433741 0.0114)
(0.01742220697 -0.008395963921 0.0114)
(0.01753031046 -0.006728197813 0.0114)
(0.01761509121 -0.005052847044 0.0114)
(0.01767602564 -0.003371766412 0.0114)
(0.01771273748 -0.001686846099 0.0114)
(0.017725 0 0.0114)
(0.01771273748 0.001686846099 0.0114)
(0.01767602564 0.003371766412 0.0114)
(0.01761509121 0.005052847044 0.0114)
(0.01753031046 0.006728197813 0.0114)
(0.01742220697 0.008395963921 0.0114)
(0.01729144832 0.01005433741 0.0114)
(0.01713884199 0.01170156832 0.0114)
(0.01696533041 0.01333597551 0.0114)
(0.01677198508 0.01495595703 0.0114)
(0.01656 0.01656 0.0114)
(0.01569918359 -0.01397655273 0.0114)
(0.01591186345 -0.01246957306 0.0114)
(0.01610272619 -0.01094672515 0.0114)
(0.01627059315 -0.00940977115 0.0114)
(0.01641442767 -0.007860560313 0.0114)
(0.01653334151 -0.006301017595 0.0114)
(0.01662660033 -0.004733131749 0.0114)
(0.01669362821 -0.003158943053 0.0114)
(0.01673401123 -0.001580530709 0.0114)
(0.0167475 0 0.0114)
(0.01673401123 0.001580530709 0.0114)
(0.01669362821 0.003158943053 0.0114)
(0.01662660033 0.004733131749 0.0114)
(0.01653334151 0.006301017595 0.0114)
(0.01641442767 0.007860560313 0.0114)
(0.01627059315 0.00940977115 0.0114)
(0.01610272619 0.01094672515 0.0114)
(0.01591186345 0.01246957306 0.0114)
(0.01569918359 0.01397655273 0.0114)
(0.015466 0.015466 0.0114)
(0.0146263821 -0.01299714843 0.0114)
(0.01485839649 -0.01160317061 0.0114)
(0.01506661039 -0.01019188199 0.0114)
(0.01524973798 -0.008765204891 0.0114)
(0.01540664836 -0.007325156706 0.0114)
(0.01553637255 -0.005873837376 0.0114)
(0.01563810945 -0.004413416453 0.0114)
(0.01571123077 -0.002946119695 0.0114)
(0.01575528498 -0.001474215319 0.0114)
(0.01577 0 0.0114)
(0.01575528498 0.001474215319 0.0114)
(0.01571123077 0.002946119695 0.0114)
(0.01563810945 0.004413416453 0.0114)
(0.01553637255 0.005873837376 0.0114)
(0.01540664836 0.007325156706 0.0114)
(0.01524973798 0.008765204891 0.0114)
(0.01506661039 0.01019188199 0.0114)
(0.01485839649 0.01160317061 0.0114)
(0.0146263821 0.01299714843 0.0114)
(0.014372 0.014372 0.0114)
(0.01355358061 -0.01201774414 0.0114)
(0.01380492954 -0.01073676817 0.0114)
(0.01403049459 -0.009437038818 0.0114)
(0.01422888281 -0.008120638632 0.0114)
(0.01439886906 -0.006789753098 0.0114)
(0.0145394036 -0.005446657157 0.0114)
(0.01464961857 -0.004093701157 0.0114)
(0.01472883334 -0.002733296336 0.0114)
(0.01477655872 -0.001367899929 0.0114)
(0.0147925 0 0.0114)
(0.01477655872 0.001367899929 0.0114)
(0.01472883334 0.002733296336 0.0114)
(0.01464961857 0.004093701157 0.0114)
(0.0145394036 0.005446657157 0.0114)
(0.01439886906 0.006789753098 0.0114)
(0.01422888281 0.008120638632 0.0114)
(0.01403049459 0.009437038818 0.0114)
(0.01380492954 0.01073676817 0.0114)
(0.01355358061 0.01201774414 0.0114)
(0.013278 0.013278 0.0114)
(0.01248077912 -0.01103833984 0.0114)
(0.01275146258 -0.009870365716 0.0114)
(0.01299437879 -0.00868219565 0.0114)
(0.01320802764 -0.007476072373 0.0114)
(0.01339108976 -0.00625434949 0.0114)
(0.01354243465 -0.005019476938 0.0114)
(0.01366112769 -0.003773985862 0.0114)
(0.0137464359 -0.002520472977 0.0114)
(0.01379783247 -0.001261584539 0.0114)
(0.013815 0 0.0114)
(0.01379783247 0.001261584539 0.0114)
(0.0137464359 0.002520472977 0.0114)
(0.01366112769 0.003773985862 0.0114)
(0.01354243465 0.005019476938 0.0114)
(0.01339108976 0.00625434949 0.0114)
(0.01320802764 0.007476072373 0.0114)
(0.01299437879 0.00868219565 0.0114)
(0.01275146258 0.009870365716 0.0114)
(0.01248077912 0.01103833984 0.0114)
(0.012184 0.012184 0.0114)
(0.01140797763 -0.01005893554 0.0114)
(0.01169799562 -0.009003963268 0.0114)
(0.01195826299 -0.007927352482 0.0114)
(0.01218717247 -0.006831506114 0.0114)
(0.01238331045 -0.005718945882 0.0114)
(0.01254546569 -0.00459229672 0.0114)
(0.01267263681 -0.003454270566 0.0114)
(0.01276403847 -0.002307649618 0.0114)
(0.01281910622 -0.001155269149 0.0114)
(0.0128375 0 0.0114)
(0.01281910622 0.001155269149 0.0114)
(0.01276403847 0.002307649618 0.0114)
(0.01267263681 0.003454270566 0.0114)
(0.01254546569 0.00459229672 0.0114)
(0.01238331045 0.005718945882 0.0114)
(0.01218717247 0.006831506114 0.0114)
(0.01195826299 0.007927352482 0.0114)
(0.01169799562 0.009003963268 0.0114)
(0.01140797763 0.01005893554 0.0114)
(0.01109 0.01109 0.0114)
(0.01033517613 -0.009079531244 0.0114)
(0.01064452866 -0.008137560819 0.0114)
(0.01092214719 -0.007172509314 0.0114)
(0.0111663173 -0.006186939855 0.0114)
(0.01137553115 -0.005183542274 0.0114)
(0.01154849674 -0.004165116501 0.0114)
(0.01168414593 -0.003134555271 0.0114)
(0.01178164103 -0.002094826259 0.0114)
(0.01184037997 -0.001048953759 0.0114)
(0.01186 0 0.0114)
(0.01184037997 0.001048953759 0.0114)
(0.01178164103 0.002094826259 0.0114)
(0.01168414593 0.003134555271 0.0114)
(0.01154849674 0.004165116501 0.0114)
(0.01137553115 0.005183542274 0.0114)
(0.0111663173 0.006186939855 0.0114)
(0.01092214719 0.007172509314 0.0114)
(0.01064452866 0.008137560819 0.0114)
(0.01033517613 0.009079531244 0.0114)
(0.009996 0.009996 0.0114)
(0.009262374643 -0.008100126947 0.0114)
(0.009591061701 -0.00727115837 0.0114)
(0.009886031388 -0.006417666146 0.0114)
(0.01014546214 -0.005542373596 0.0114)
(0.01036775185 -0.004648138666 0.0114)
(0.01055152778 -0.003737936282 0.0114)
(0.01069565505 -0.002814839975 0.0114)
(0.01079924359 -0.001882002901 0.0114)
(0.01086165371 -0.0009426383689 0.0114)
(0.0108825 0 0.0114)
(0.01086165371 0.0009426383689 0.0114)
(0.01079924359 0.001882002901 0.0114)
(0.01069565505 0.002814839975 0.0114)
(0.01055152778 0.003737936282 0.0114)
(0.01036775185 0.004648138666 0.0114)
(0.01014546214 0.005542373596 0.0114)
(0.009886031388 0.006417666146 0.0114)
(0.009591061701 0.00727115837 0.0114)
(0.009262374643 0.008100126947 0.0114)
(0.008902 0.008902 0.0114)
(0.008189573151 -0.007120722649 0.0114)
(0.008537594742 -0.006404755921 0.0114)
(0.008849915587 -0.005662822978 0.0114)
(0.009124606968 -0.004897807337 0.0114)
(0.009359972544 -0.004112735058 0.0114)
(0.00955455883 -0.003310756064 0.0114)
(0.00970716417 -0.002495124679 0.0114)
(0.009816846159 -0.001669179542 0.0114)
(0.009882927463 -0.0008363229789 0.0114)
(0.009905 0 0.0114)
(0.009882927463 0.0008363229789 0.0114)
(0.009816846159 0.001669179542 0.0114)
(0.00970716417 0.002495124679 0.0114)
(0.00955455883 0.003310756064 0.0114)
(0.009359972544 0.004112735058 0.0114)
(0.009124606968 0.004897807337 0.0114)
(0.008849915587 0.005662822978 0.0114)
(0.008537594742 0.006404755921 0.0114)
(0.008189573151 0.007120722649 0.0114)
(0.007808 0.007808 0.0114)
(0.00711677166 -0.006141318352 0.0114)
(0.007484127784 -0.005538353472 0.0114)
(0.007813799787 -0.00490797981 0.0114)
(0.0081037518 -0.004253241078 0.0114)
(0.008352193241 -0.003577331451 0.0114)
(0.008557589876 -0.002883575845 0.0114)
(0.008718673291 -0.002175409384 0.0114)
(0.008834448724 -0.001456356183 0.0114)
(0.008904201211 -0.0007300075888 0.0114)
(0.0089275 0 0.0114)
(0.008904201211 0.0007300075888 0.0114)
(0.008834448724 0.001456356183 0.0114)
(0.008718673291 0.002175409384 0.0114)
(0.008557589876 0.002883575845 0.0114)
(0.008352193241 0.003577331451 0.0114)
(0.0081037518 0.004253241078 0.0114)
(0.007813799787 0.00490797981 0.0114)
(0.007484127784 0.005538353472 0.0114)
(0.00711677166 0.006141318352 0.0114)
(0.006714 0.006714 0.0114)
(0.006043970168 -0.005161914055 0.0114)
(0.006430660825 -0.004671951023 0.0114)
(0.006777683986 -0.004153136642 0.0114)
(0.007082896631 -0.003608674818 0.0114)
(0.007344413938 -0.003041927843 0.0114)
(0.007560620923 -0.002456395626 0.0114)
(0.007730182411 -0.001855694088 0.0114)
(0.007852051288 -0.001243532824 0.0114)
(0.007925474959 -0.0006236921987 0.0114)
(0.00795 0 0.0114)
(0.007925474959 0.0006236921987 0.0114)
(0.007852051288 0.001243532824 0.0114)
(0.007730182411 0.001855694088 0.0114)
(0.007560620923 0.002456395626 0.0114)
(0.007344413938 0.003041927843 0.0114)
(0.007082896631 0.003608674818 0.0114)
(0.006777683986 0.004153136642 0.0114)
(0.006430660825 0.004671951023 0.0114)
(0.006043970168 0.005161914055 0.0114)
(0.00562 0.00562 0.0114)
(-0.0275 0.0275 0)
(-0.026406 0.026406 0)
(-0.025312 0.025312 0)
(-0.024218 0.024218 0)
(-0.023124 0.023124 0)
(-0.02203 0.02203 0)
(-0.020936 0.020936 0)
(-0.019842 0.019842 0)
(-0.018748 0.018748 0)
(-0.017654 0.017654 0)
(-0.01656 0.01656 0)
(-0.015466 0.015466 0)
(-0.014372 0.014372 0)
(-0.013278 0.013278 0)
(-0.012184 0.012184 0)
(-0.01109 0.01109 0)
(-0.009996 0.009996 0)
(-0.008902 0.008902 0)
(-0.007808 0.007808 0)
(-0.006714 0.006714 0)
(-0.00562 0.00562 0)
(-0.02475 0.0275 0)
(-0.0237705957 0.02642719851 0)
(-0.02279119141 0.02535439702 0)
(-0.02181178711 0.02428159553 0)
(-0.02083238281 0.02320879403 0)
(-0.01985297851 0.02213599254 0)
(-0.01887357422 0.02106319105 0)
(-0.01789416992 0.01999038956 0)
(-0.01691476562 0.01891758807 0)
(-0.01593536132 0.01784478658 0)
(-0.01495595703 0.01677198508 0)
(-0.01397655273 0.01569918359 0)
(-0.01299714843 0.0146263821 0)
(-0.01201774414 0.01355358061 0)
(-0.01103833984 0.01248077912 0)
(-0.01005893554 0.01140797763 0)
(-0.009079531244 0.01033517613 0)
(-0.008100126947 0.009262374643 0)
(-0.007120722649 0.008189573151 0)
(-0.006141318352 0.00711677166 0)
(-0.005161914055 0.006043970168 0)
(-0.022 0.0275 0)
(-0.02113359755 0.02644653304 0)
(-0.0202671951 0.02539306608 0)
(-0.01940079265 0.02433959912 0)
(-0.0185343902 0.02328613216 0)
(-0.01766798776 0.02223266521 0)
(-0.01680158531 0.02117919825 0)
(-0.01593518286 0.02012573129 0)
(-0.01506878041 0.01907226433 0)
(-0.01420237796 0.01801879737 0)
(-0.01333597551 0.01696533041 0)
(-0.01246957306 0.01591186345 0)
(-0.01160317061 0.01485839649 0)
(-0.01073676817 0.01380492954 0)
(-0.009870365716 0.01275146258 0)
(-0.009003963268 0.01169799562 0)
(-0.008137560819 0.01064452866 0)
(-0.00727115837 0.009591061701 0)
(-0.006404755921 0.008537594742 0)
(-0.005538353472 0.007484127784 0)
(-0.004671951023 0.006430660825 0)
(-0.01925 0.0275 0)
(-0.01849515683 0.0264638842 0)
(-0.01774031366 0.0254277684 0)
(-0.0169854705 0.0243916526 0)
(-0.01623062733 0.0233555368 0)
(-0.01547578416 0.022319421 0)
(-0.01472094099 0.0212833052 0)
(-0.01396609782 0.0202471894 0)
(-0.01321125466 0.01921107359 0)
(-0.01245641149 0.01817495779 0)
(-0.01170156832 0.01713884199 0)
(-0.01094672515 0.01610272619 0)
(-0.01019188199 0.01506661039 0)
(-0.009437038818 0.01403049459 0)
(-0.00868219565 0.01299437879 0)
(-0.007927352482 0.01195826299 0)
(-0.007172509314 0.01092214719 0)
(-0.006417666146 0.009886031388 0)
(-0.005662822978 0.008849915587 0)
(-0.00490797981 0.007813799787 0)
(-0.004153136642 0.006777683986 0)
(-0.0165 0.0275 0)
(-0.01585543374 0.02647914483 0)
(-0.01521086748 0.02545828966 0)
(-0.01456630122 0.02443743449 0)
(-0.01392173496 0.02341657933 0)
(-0.0132771687 0.02239572416 0)
(-0.01263260245 0.02137486899 0)
(-0.01198803619 0.02035401382 0)
(-0.01134346993 0.01933315865 0)
(-0.01069890367 0.01831230348 0)
(-0.01005433741 0.01729144832 0)
(-0.00940977115 0.01627059315 0)
(-0.008765204891 0.01524973798 0)
(-0.008120638632 0.01422888281 0)
(-0.007476072373 0.01320802764 0)
(-0.006831506114 0.01218717247 0)
(-0.006186939855 0.0111663173 0)
(-0.005542373596 0.01014546214 0)
(-0.004897807337 0.009124606968 0)
(-0.004253241078 0.0081037518 0)
(-0.003608674818 0.007082896631 0)
(-0.01375 0.0275 0)
(-0.01321459639 0.0264922207 0)
(-0.01267919278 0.02548444139 0)
(-0.01214378918 0.02447666209 0)
(-0.01160838557 0.02346888279 0)
(-0.01107298196 0.02246110348 0)
(-0.01053757835 0.02145332418 0)
(-0.01000217474 0.02044554488 0)
(-0.009466771137 0.01943776558 0)
(-0.008931367529 0.01842998627 0)
(-0.008395963921 0.01742220697 0)
(-0.007860560313 0.01641442767 0)
(-0.007325156706 0.01540664836 0)
(-0.006789753098 0.01439886906 0)
(-0.00625434949 0.01339108976 0)
(-0.005718945882 0.01238331045 0)
(-0.005183542274 0.01137553115 0)
(-0.004648138666 0.01036775185 0)
(-0.004112735058 0.009359972544 0)
(-0.003577331451 0.008352193241 0)
(-0.003041927843 0.007344413938 0)
(-0.011 0.0275 0)
(-0.01057281978 0.02650303105 0)
(-0.01014563956 0.02550606209 0)
(-0.009718459344 0.02450909314 0)
(-0.009291279125 0.02351212418 0)
(-0.008864098907 0.02251515523 0)
(-0.008436918688 0.02151818628 0)
(-0.008009738469 0.02052121732 0)
(-0.007582558251 0.01952424837 0)
(-0.007155378032 0.01852727942 0)
(-0.006728197813 0.01753031046 0)
(-0.006301017595 0.01653334151 0)
(-0.005873837376 0.01553637255 0)
(-0.005446657157 0.0145394036 0)
(-0.005019476938 0.01354243465 0)
(-0.00459229672 0.01254546569 0)
(-0.004165116501 0.01154849674 0)
(-0.003737936282 0.01055152778 0)
(-0.003310756064 0.00955455883 0)
(-0.002883575845 0.008557589876 0)
(-0.002456395626 0.007560620923 0)
(-0.00825 0.0275 0)
(-0.007930284704 0.02651150912 0)
(-0.007610569409 0.02552301824 0)
(-0.007290854113 0.02453452736 0)
(-0.006971138818 0.02354603648 0)
(-0.006651423522 0.0225575456 0)
(-0.006331708226 0.02156905472 0)
(-0.006011992931 0.02058056384 0)
(-0.005692277635 0.01959207296 0)
(-0.00537256234 0.01860358209 0)
(-0.005052847044 0.01761509121 0)
(-0.004733131749 0.01662660033 0)
(-0.004413416453 0.01563810945 0)
(-0.004093701157 0.01464961857 0)
(-0.003773985862 0.01366112769 0)
(-0.003454270566 0.01267263681 0)
(-0.003134555271 0.01168414593 0)
(-0.002814839975 0.01069565505 0)
(-0.002495124679 0.00970716417 0)
(-0.002175409384 0.008718673291 0)
(-0.001855694088 0.007730182411 0)
(-0.0055 0.0275 0)
(-0.005287176641 0.02651760256 0)
(-0.005074353282 0.02553520513 0)
(-0.004861529924 0.02455280769 0)
(-0.004648706565 0.02357041026 0)
(-0.004435883206 0.02258801282 0)
(-0.004223059847 0.02160561539 0)
(-0.004010236488 0.02062321795 0)
(-0.00379741313 0.01964082052 0)
(-0.003584589771 0.01865842308 0)
(-0.003371766412 0.01767602564 0)
(-0.003158943053 0.01669362821 0)
(-0.002946119695 0.01571123077 0)
(-0.002733296336 0.01472883334 0)
(-0.002520472977 0.0137464359 0)
(-0.002307649618 0.01276403847 0)
(-0.002094826259 0.01178164103 0)
(-0.001882002901 0.01079924359 0)
(-0.001669179542 0.009816846159 0)
(-0.001456356183 0.008834448724 0)
(-0.001243532824 0.007852051288 0)
(-0.00275 0.0275 0)
(-0.00264368461 0.02652127375 0)
(-0.00253736922 0.0255425475 0)
(-0.00243105383 0.02456382124 0)
(-0.00232473844 0.02358509499 0)
(-0.00221842305 0.02260636874 0)
(-0.00211210766 0.02162764249 0)
(-0.00200579227 0.02064891624 0)
(-0.001899476879 0.01967018998 0)
(-0.001793161489 0.01869146373 0)
(-0.001686846099 0.01771273748 0)
(-0.001580530709 0.01673401123 0)
(-0.001474215319 0.01575528498 0)
(-0.001367899929 0.01477655872 0)
(-0.001261584539 0.01379783247 0)
(-0.001155269149 0.01281910622 0)
(-0.001048953759 0.01184037997 0)
(-0.0009426383689 0.01086165371 0)
(-0.0008363229789 0.009882927463 0)
(-0.0007300075888 0.008904201211 0)
(-0.0006236921987 0.007925474959 0)
(0 0.0275 0)
(0 0.0265225 0)
(0 0.025545 0)
(0 0.0245675 0)
(0 0.02359 0)
(0 0.0226125 0)
(0 0.021635 0)
(0 0.0206575 0)
(0 0.01968 0)
(-2.960594732e-19 0.0187025 0)
(2.960594732e-19 0.017725 0)
(2.960594732e-19 0.0167475 0)
(0 0.01577 0)
(0 0.0147925 0)
(0 0.013815 0)
(0 0.0128375 0)
(1.480297366e-19 0.01186 0)
(0 0.0108825 0)
(-7.401486831e-20 0.009905 0)
(7.401486831e-20 0.0089275 0)
(0 0.00795 0)
(0.00275 0.0275 0)
(0.00264368461 0.02652127375 0)
(0.00253736922 0.0255425475 0)
(0.00243105383 0.02456382124 0)
(0.00232473844 0.02358509499 0)
(0.00221842305 0.02260636874 0)
(0.00211210766 0.02162764249 0)
(0.00200579227 0.02064891624 0)
(0.001899476879 0.01967018998 0)
(0.001793161489 0.01869146373 0)
(0.001686846099 0.01771273748 0)
(0.001580530709 0.01673401123 0)
(0.001474215319 0.01575528498 0)
(0.001367899929 0.01477655872 0)
(0.001261584539 0.01379783247 0)
(0.001155269149 0.01281910622 0)
(0.001048953759 0.01184037997 0)
(0.0009426383689 0.01086165371 0)
(0.0008363229789 0.009882927463 0)
(0.0007300075888 0.008904201211 0)
(0.0006236921987 0.007925474959 0)
(0.0055 0.0275 0)
(0.005287176641 0.02651760256 0)
(0.005074353282 0.02553520513 0)
(0.004861529924 0.02455280769 0)
(0.004648706565 0.02357041026 0)
(0.004435883206 0.02258801282 0)
(0.004223059847 0.02160561539 0)
(0.004010236488 0.02062321795 0)
(0.00379741313 0.01964082052 0)
(0.003584589771 0.01865842308 0)
(0.003371766412 0.01767602564 0)
(0.003158943053 0.01669362821 0)
(0.002946119695 0.01571123077 0)
(0.002733296336 0.01472883334 0)
(0.002520472977 0.0137464359 0)
(0.002307649618 0.01276403847 0)
(0.002094826259 0.01178164103 0)
(0.001882002901 0.01079924359 0)
(0.001669179542 0.009816846159 0)
(0.001456356183 0.008834448724 0)
(0.001243532824 0.007852051288 0)
(0.00825 0.0275 0)
(0.007930284704 0.02651150912 0)
(0.007610569409 0.02552301824 0)
(0.007290854113 0.02453452736 0)
(0.006971138818 0.02354603648 0)
(0.006651423522 0.0225575456 0)
(0.006331708226 0.02156905472 0)
(0.006011992931 0.02058056384 0)
(0.005692277635 0.01959207296 0)
(0.00537256234 0.01860358209 0)
(0.005052847044 0.01761509121 0)
(0.004733131749 0.01662660033 0)
(0.004413416453 0.01563810945 0)
(0.004093701157 0.01464961857 0)
(0.003773985862 0.01366112769 0)
(0.003454270566 0.01267263681 0)
(0.003134555271 0.01168414593 0)
(0.002814839975 0.01069565505 0)
(0.002495124679 0.00970716417 0)
(0.002175409384 0.008718673291 0)
(0.001855694088 0.007730182411 0)
(0.011 0.0275 0)
(0.01057281978 0.02650303105 0)
(0.01014563956 0.02550606209 0)
(0.009718459344 0.02450909314 0)
(0.009291279125 0.02351212418 0)
(0.008864098907 0.02251515523 0)
(0.008436918688 0.02151818628 0)
(0.008009738469 0.02052121732 0)
(0.007582558251 0.01952424837 0)
(0.007155378032 0.01852727942 0)
(0.006728197813 0.01753031046 0)
(0.006301017595 0.01653334151 0)
(0.005873837376 0.01553637255 0)
(0.005446657157 0.0145394036 0)
(0.005019476938 0.01354243465 0)
(0.00459229672 0.01254546569 0)
(0.004165116501 0.01154849674 0)
(0.003737936282 0.01055152778 0)
(0.003310756064 0.00955455883 0)
(0.002883575845 0.008557589876 0)
(0.002456395626 0.007560620923 0)
(0.01375 0.0275 0)
(0.01321459639 0.0264922207 0)
(0.01267919278 0.02548444139 0)
(0.01214378918 0.02447666209 0)
(0.01160838557 0.02346888279 0)
(0.01107298196 0.02246110348 0)
(0.01053757835 0.02145332418 0)
(0.01000217474 0.02044554488 0)
(0.009466771137 0.01943776558 0)
(0.008931367529 0.01842998627 0)
(0.008395963921 0.01742220697 0)
(0.007860560313 0.01641442767 0)
(0.007325156706 0.01540664836 0)
(0.006789753098 0.01439886906 0)
(0.00625434949 0.01339108976 0)
(0.005718945882 0.01238331045 0)
(0.005183542274 0.01137553115 0)
(0.004648138666 0.01036775185 0)
(0.004112735058 0.009359972544 0)
(0.003577331451 0.008352193241 0)
(0.003041927843 0.007344413938 0)
(0.0165 0.0275 0)
(0.01585543374 0.02647914483 0)
(0.01521086748 0.02545828966 0)
(0.01456630122 0.02443743449 0)
(0.01392173496 0.02341657933 0)
(0.0132771687 0.02239572416 0)
(0.01263260245 0.02137486899 0)
(0.01198803619 0.02035401382 0)
(0.01134346993 0.01933315865 0)
(0.01069890367 0.01831230348 0)
(0.01005433741 0.01729144832 0)
(0.00940977115 0.01627059315 0)
(0.008765204891 0.01524973798 0)
(0.008120638632 0.01422888281 0)
(0.007476072373 0.01320802764 0)
(0.006831506114 0.01218717247 0)
(0.006186939855 0.0111663173 0)
(0.005542373596 0.01014546214 0)
(0.004897807337 0.009124606968 0)
(0.004253241078 0.0081037518 0)
(0.003608674818 0.007082896631 0)
(0.01925 0.0275 0)
(0.01849515683 0.0264638842 0)
(0.01774031366 0.0254277684 0)
(0.0169854705 0.0243916526 0)
(0.01623062733 0.0233555368 0)
(0.01547578416 0.022319421 0)
(0.01472094099 0.0212833052 0)
(0.01396609782 0.0202471894 0)
(0.01321125466 0.01921107359 0)
(0.01245641149 0.01817495779 0)
(0.01170156832 0.01713884199 0)
(0.01094672515 0.01610272619 0)
(0.01019188199 0.01506661039 0)
(0.009437038818 0.01403049459 0)
(0.00868219565 0.01299437879 0)
(0.007927352482 0.01195826299 0)
(0.007172509314 0.01092214719 0)
(0.006417666146 0.009886031388 0)
(0.005662822978 0.008849915587 0)
(0.00490797981 0.007813799787 0)
(0.004153136642 0.006777683986 0)
(0.022 0.0275 0)
(0.02113359755 0.02644653304 0)
(0.0202671951 0.02539306608 0)
(0.01940079265 0.02433959912 0)
(0.0185343902 0.02328613216 0)
(0.01766798776 0.02223266521 0)
(0.01680158531 0.02117919825 0)
(0.01593518286 0.02012573129 0)
(0.01506878041 0.01907226433 0)
(0.01420237796 0.01801879737 0)
(0.01333597551 0.01696533041 0)
(0.01246957306 0.01591186345 0)
(0.01160317061 0.01485839649 0)
(0.01073676817 0.01380492954 0)
(0.009870365716 0.01275146258 0)
(0.009003963268 0.01169799562 0)
(0.008137560819 0.01064452866 0)
(0.00727115837 0.009591061701 0)
(0.006404755921 0.008537594742 0)
(0.005538353472 0.007484127784 0)
(0.004671951023 0.006430660825 0)
(0.02475 0.0275 0)
(0.0237705957 0.02642719851 0)
(0.02279119141 0.02535439702 0)
(0.02181178711 0.02428159553 0)
(0.02083238281 0.02320879403 0)
(0.01985297851 0.02213599254 0)
(0.01887357422 0.02106319105 0)
(0.01789416992 0.01999038956 0)
(0.01691476562 0.01891758807 0)
(0.01593536132 0.01784478658 0)
(0.01495595703 0.01677198508 0)
(0.01397655273 0.01569918359 0)
(0.01299714843 0.0146263821 0)
(0.01201774414 0.01355358061 0)
(0.01103833984 0.01248077912 0)
(0.01005893554 0.01140797763 0)
(0.009079531244 0.01033517613 0)
(0.008100126947 0.009262374643 0)
(0.007120722649 0.008189573151 0)
(0.006141318352 0.00711677166 0)
(0.005161914055 0.006043970168 0)
(-0.0275 0.0275 0.0114)
(-0.026406 0.026406 0.0114)
(-0.025312 0.025312 0.0114)
(-0.024218 0.024218 0.0114)
(-0.023124 0.023124 0.0114)
(-0.02203 0.02203 0.0114)
(-0.020936 0.020936 0.0114)
(-0.019842 0.019842 0.0114)
(-0.018748 0.018748 0.0114)
(-0.017654 0.017654 0.0114)
(-0.01656 0.01656 0.0114)
(-0.015466 0.015466 0.0114)
(-0.014372 0.014372 0.0114)
(-0.013278 0.013278 0.0114)
(-0.012184 0.012184 0.0114)
(-0.01109 0.01109 0.0114)
(-0.009996 0.009996 0.0114)
(-0.008902 0.008902 0.0114)
(-0.007808 0.007808 0.0114)
(-0.006714 0.006714 0.0114)
(-0.00562 0.00562 0.0114)
(-0.02475 0.0275 0.0114)
(-0.0237705957 0.02642719851 0.0114)
(-0.02279119141 0.02535439702 0.0114)
(-0.02181178711 0.02428159553 0.0114)
(-0.02083238281 0.02320879403 0.0114)
(-0.01985297851 0.02213599254 0.0114)
(-0.01887357422 0.02106319105 0.0114)
(-0.01789416992 0.01999038956 0.0114)
(-0.01691476562 0.01891758807 0.0114)
(-0.01593536132 0.01784478658 0.0114)
(-0.01495595703 0.01677198508 0.0114)
(-0.01397655273 0.01569918359 0.0114)
(-0.01299714843 0.0146263821 0.0114)
(-0.01201774414 0.01355358061 0.0114)
(-0.01103833984 0.01248077912 0.0114)
(-0.01005893554 0.01140797763 0.0114)
(-0.009079531244 0.01033517613 0.0114)
(-0.008100126947 0.009262374643 0.0114)
(-0.007120722649 0.008189573151 0.0114)
(-0.006141318352 0.00711677166 0.0114)
(-0.005161914055 0.006043970168 0.0114)
(-0.022 0.0275 0.0114)
(-0.02113359755 0.02644653304 0.0114)
(-0.0202671951 0.02539306608 0.0114)
(-0.01940079265 0.02433959912 0.0114)
(-0.0185343902 0.02328613216 0.0114)
(-0.01766798776 0.02223266521 0.0114)
(-0.01680158531 0.02117919825 0.0114)
(-0.01593518286 0.02012573129 0.0114)
(-0.01506878041 0.01907226433 0.0114)
(-0.01420237796 0.01801879737 0.0114)
(-0.01333597551 0.01696533041 0.0114)
(-0.01246957306 0.01591186345 0.0114)
(-0.01160317061 0.01485839649 0.0114)
(-0.01073676817 0.01380492954 0.0114)
(-0.009870365716 0.01275146258 0.0114)
(-0.009003963268 0.01169799562 0.0114)
(-0.008137560819 0.01064452866 0.0114)
(-0.00727115837 0.009591061701 0.0114)
(-0.006404755921 0.008537594742 0.0114)
(-0.005538353472 0.007484127784 0.0114)
(-0.004671951023 0.006430660825 0.0114)
(-0.01925 0.0275 0.0114)
(-0.01849515683 0.0264638842 0.0114)
(-0.01774031366 0.0254277684 0.0114)
(-0.0169854705 0.0243916526 0.0114)
(-0.01623062733 0.0233555368 0.0114)
(-0.01547578416 0.022319421 0.0114)
(-0.01472094099 0.0212833052 0.0114)
(-0.01396609782 0.0202471894 0.0114)
(-0.01321125466 0.01921107359 0.0114)
(-0.01245641149 0.01817495779 0.0114)
(-0.01170156832 0.01713884199 0.0114)
(-0.01094672515 0.01610272619 0.0114)
(-0.01019188199 0.01506661039 0.0114)
(-0.009437038818 0.01403049459 0.0114)
(-0.00868219565 0.01299437879 0.0114)
(-0.007927352482 0.01195826299 0.0114)
(-0.007172509314 0.01092214719 0.0114)
(-0.006417666146 0.009886031388 0.0114)
(-0.005662822978 0.008849915587 0.0114)
(-0.00490797981 0.007813799787 0.0114)
(-0.004153136642 0.006777683986 0.0114)
(-0.0165 0.0275 0.0114)
(-0.01585543374 0.02647914483 0.0114)
(-0.01521086748 0.02545828966 0.0114)
(-0.01456630122 0.02443743449 0.0114)
(-0.01392173496 0.02341657933 0.0114)
(-0.0132771687 0.02239572416 0.0114)
(-0.01263260245 0.02137486899 0.0114)
(-0.01198803619 0.02035401382 0.0114)
(-0.01134346993 0.01933315865 0.0114)
(-0.01069890367 0.01831230348 0.0114)
(-0.01005433741 0.01729144832 0.0114)
(-0.00940977115 0.01627059315 0.0114)
(-0.008765204891 0.01524973798 0.0114)
(-0.008120638632 0.01422888281 0.0114)
(-0.007476072373 0.01320802764 0.0114)
(-0.006831506114 0.01218717247 0.0114)
(-0.006186939855 0.0111663173 0.0114)
(-0.005542373596 0.01014546214 0.0114)
(-0.004897807337 0.009124606968 0.0114)
(-0.004253241078 0.0081037518 0.0114)
(-0.003608674818 0.007082896631 0.0114)
(-0.01375 0.0275 0.0114)
(-0.01321459639 0.0264922207 0.0114)
(-0.01267919278 0.02548444139 0.0114)
(-0.01214378918 0.02447666209 0.0114)
(-0.01160838557 0.02346888279 0.0114)
(-0.01107298196 0.02246110348 0.0114)
(-0.01053757835 0.02145332418 0.0114)
(-0.01000217474 0.02044554488 0.0114)
(-0.009466771137 0.01943776558 0.0114)
(-0.008931367529 0.01842998627 0.0114)
(-0.008395963921 0.01742220697 0.0114)
(-0.007860560313 0.01641442767 0.0114)
(-0.007325156706 0.01540664836 0.0114)
(-0.006789753098 0.01439886906 0.0114)
(-0.00625434949 0.01339108976 0.0114)
(-0.005718945882 0.01238331045 0.0114)
(-0.005183542274 0.01137553115 0.0114)
(-0.004648138666 0.01036775185 0.0114)
(-0.004112735058 0.009359972544 0.0114)
(-0.003577331451 0.008352193241 0.0114)
(-0.003041927843 0.007344413938 0.0114)
(-0.011 0.0275 0.0114)
(-0.01057281978 0.02650303105 0.0114)
(-0.01014563956 0.02550606209 0.0114)
(-0.009718459344 0.02450909314 0.0114)
(-0.009291279125 0.02351212418 0.0114)
(-0.008864098907 0.02251515523 0.0114)
(-0.008436918688 0.02151818628 0.0114)
(-0.008009738469 0.02052121732 0.0114)
(-0.007582558251 0.01952424837 0.0114)
(-0.007155378032 0.01852727942 0.0114)
(-0.006728197813 0.01753031046 0.0114)
(-0.006301017595 0.01653334151 0.0114)
(-0.005873837376 0.01553637255 0.0114)
(-0.005446657157 0.0145394036 0.0114)
(-0.005019476938 0.01354243465 0.0114)
(-0.00459229672 0.01254546569 0.0114)
(-0.004165116501 0.01154849674 0.0114)
(-0.003737936282 0.01055152778 0.0114)
(-0.003310756064 0.00955455883 0.0114)
(-0.002883575845 0.008557589876 0.0114)
(-0.002456395626 0.007560620923 0.0114)
(-0.00825 0.0275 0.0114)
(-0.007930284704 0.02651150912 0.0114)
(-0.007610569409 0.02552301824 0.0114)
(-0.007290854113 0.02453452736 0.0114)
(-0.006971138818 0.02354603648 0.0114)
(-0.006651423522 0.0225575456 0.0114)
(-0.006331708226 0.02156905472 0.0114)
(-0.006011992931 0.02058056384 0.0114)
(-0.005692277635 0.01959207296 0.0114)
(-0.00537256234 0.01860358209 0.0114)
(-0.005052847044 0.01761509121 0.0114)
(-0.004733131749 0.01662660033 0.0114)
(-0.004413416453 0.01563810945 0.0114)
(-0.004093701157 0.01464961857 0.0114)
(-0.003773985862 0.01366112769 0.0114)
(-0.003454270566 0.01267263681 0.0114)
(-0.003134555271 0.01168414593 0.0114)
(-0.002814839975 0.01069565505 0.0114)
(-0.002495124679 0.00970716417 0.0114)
(-0.002175409384 0.008718673291 0.0114)
(-0.001855694088 0.007730182411 0.0114)
(-0.0055 0.0275 0.0114)
(-0.005287176641 0.02651760256 0.0114)
(-0.005074353282 0.02553520513 0.0114)
(-0.004861529924 0.02455280769 0.0114)
(-0.004648706565 0.02357041026 0.0114)
(-0.004435883206 0.02258801282 0.0114)
(-0.004223059847 0.02160561539 0.0114)
(-0.004010236488 0.02062321795 0.0114)
(-0.00379741313 0.01964082052 0.0114)
(-0.003584589771 0.01865842308 0.0114)
(-0.003371766412 0.01767602564 0.0114)
(-0.003158943053 0.01669362821 0.0114)
(-0.002946119695 0.01571123077 0.0114)
(-0.002733296336 0.01472883334 0.0114)
(-0.002520472977 0.0137464359 0.0114)
(-0.002307649618 0.01276403847 0.0114)
(-0.002094826259 0.01178164103 0.0114)
(-0.001882002901 0.01079924359 0.0114)
(-0.001669179542 0.009816846159 0.0114)
(-0.001456356183 0.008834448724 0.0114)
(-0.001243532824 0.007852051288 0.0114)
(-0.00275 0.0275 0.0114)
(-0.00264368461 0.02652127375 0.0114)
(-0.00253736922 0.0255425475 0.0114)
(-0.00243105383 0.02456382124 0.0114)
(-0.00232473844 0.02358509499 0.0114)
(-0.00221842305 0.02260636874 0.0114)
(-0.00211210766 0.02162764249 0.0114)
(-0.00200579227 0.02064891624 0.0114)
(-0.001899476879 0.01967018998 0.0114)
(-0.001793161489 0.01869146373 0.0114)
(-0.001686846099 0.01771273748 0.0114)
(-0.001580530709 0.01673401123 0.0114)
(-0.001474215319 0.01575528498 0.0114)
(-0.001367899929 0.01477655872 0.0114)
(-0.001261584539 0.01379783247 0.0114)
(-0.001155269149 0.01281910622 0.0114)
(-0.001048953759 0.01184037997 0.0114)
(-0.0009426383689 0.01086165371 0.0114)
(-0.0008363229789 0.009882927463 0.0114)
(-0.0007300075888 0.008904201211 0.0114)
(-0.0006236921987 0.007925474959 0.0114)
(0 0.0275 0.0114)
(0 0.0265225 0.0114)
(0 0.025545 0.0114)
(0 0.0245675 0.0114)
(0 0.02359 0.0114)
(0 0.0226125 0.0114)
(0 0.021635 0.0114)
(0 0.0206575 0.0114)
(0 0.01968 0.0114)
(-2.960594732e-19 0.0187025 0.0114)
(2.960594732e-19 0.017725 0.0114)
(2.960594732e-19 0.0167475 0.0114)
(0 0.01577 0.0114)
(0 0.0147925 0.0114)
(0 0.013815 0.0114)
(0 0.0128375 0.0114)
(1.480297366e-19 0.01186 0.0114)
(0 0.0108825 0.0114)
(-7.401486831e-20 0.009905 0.0114)
(7.401486831e-20 0.0089275 0.0114)
(0 0.00795 0.0114)
(0.00275 0.0275 0.0114)
(0.00264368461 0.02652127375 0.0114)
(0.00253736922 0.0255425475 0.0114)
(0.00243105383 0.02456382124 0.0114)
(0.00232473844 0.02358509499 0.0114)
(0.00221842305 0.02260636874 0.0114)
(0.00211210766 0.02162764249 0.0114)
(0.00200579227 0.02064891624 0.0114)
(0.001899476879 0.01967018998 0.0114)
(0.001793161489 0.01869146373 0.0114)
(0.001686846099 0.01771273748 0.0114)
(0.001580530709 0.01673401123 0.0114)
(0.001474215319 0.01575528498 0.0114)
(0.001367899929 0.01477655872 0.0114)
(0.001261584539 0.01379783247 0.0114)
(0.001155269149 0.01281910622 0.0114)
(0.001048953759 0.01184037997 0.0114)
(0.0009426383689 0.01086165371 0.0114)
(0.0008363229789 0.009882927463 0.0114)
(0.0007300075888 0.008904201211 0.0114)
(0.0006236921987 0.007925474959 0.0114)
(0.0055 0.0275 0.0114)
(0.005287176641 0.02651760256 0.0114)
(0.005074353282 0.02553520513 0.0114)
(0.004861529924 0.02455280769 0.0114)
(0.004648706565 0.02357041026 0.0114)
(0.004435883206 0.02258801282 0.0114)
(0.004223059847 0.02160561539 0.0114)
(0.004010236488 0.02062321795 0.0114)
(0.00379741313 0.01964082052 0.0114)
(0.003584589771 0.01865842308 0.0114)
(0.003371766412 0.01767602564 0.0114)
(0.003158943053 0.01669362821 0.0114)
(0.002946119695 0.01571123077 0.0114)
(0.002733296336 0.01472883334 0.0114)
(0.002520472977 0.0137464359 0.0114)
(0.002307649618 0.01276403847 0.0114)
(0.002094826259 0.01178164103 0.0114)
(0.001882002901 0.01079924359 0.0114)
(0.001669179542 0.009816846159 0.0114)
(0.001456356183 0.008834448724 0.0114)
(0.001243532824 0.007852051288 0.0114)
(0.00825 0.0275 0.0114)
(0.007930284704 0.02651150912 0.0114)
(0.007610569409 0.02552301824 0.0114)
(0.007290854113 0.02453452736 0.0114)
(0.006971138818 0.02354603648 0.0114)
(0.006651423522 0.0225575456 0.0114)
(0.006331708226 0.02156905472 0.0114)
(0.006011992931 0.02058056384 0.0114)
(0.005692277635 0.01959207296 0.0114)
(0.00537256234 0.01860358209 0.0114)
(0.005052847044 0.01761509121 0.0114)
(0.004733131749 0.01662660033 0.0114)
(0.004413416453 0.01563810945 0.0114)
(0.004093701157 0.01464961857 0.0114)
(0.003773985862 0.01366112769 0.0114)
(0.003454270566 0.01267263681 0.0114)
(0.003134555271 0.01168414593 0.0114)
(0.002814839975 0.01069565505 0.0114)
(0.002495124679 0.00970716417 0.0114)
(0.002175409384 0.008718673291 0.0114)
(0.001855694088 0.007730182411 0.0114)
(0.011 0.0275 0.0114)
(0.01057281978 0.02650303105 0.0114)
(0.01014563956 0.02550606209 0.0114)
(0.009718459344 0.02450909314 0.0114)
(0.009291279125 0.02351212418 0.0114)
(0.008864098907 0.02251515523 0.0114)
(0.008436918688 0.02151818628 0.0114)
(0.008009738469 0.02052121732 0.0114)
(0.007582558251 0.01952424837 0.0114)
(0.007155378032 0.01852727942 0.0114)
(0.006728197813 0.01753031046 0.0114)
(0.006301017595 0.01653334151 0.0114)
(0.005873837376 0.01553637255 0.0114)
(0.005446657157 0.0145394036 0.0114)
(0.005019476938 0.01354243465 0.0114)
(0.00459229672 0.01254546569 0.0114)
(0.004165116501 0.01154849674 0.0114)
(0.003737936282 0.01055152778 0.0114)
(0.003310756064 0.00955455883 0.0114)
(0.002883575845 0.008557589876 0.0114)
(0.002456395626 0.007560620923 0.0114)
(0.01375 0.0275 0.0114)
(0.01321459639 0.0264922207 0.0114)
(0.01267919278 0.02548444139 0.0114)
(0.01214378918 0.02447666209 0.0114)
(0.01160838557 0.02346888279 0.0114)
(0.01107298196 0.02246110348 0.0114)
(0.01053757835 0.02145332418 0.0114)
(0.01000217474 0.02044554488 0.0114)
(0.009466771137 0.01943776558 0.0114)
(0.008931367529 0.01842998627 0.0114)
(0.008395963921 0.01742220697 0.0114)
(0.007860560313 0.01641442767 0.0114)
(0.007325156706 0.01540664836 0.0114)
(0.006789753098 0.01439886906 0.0114)
(0.00625434949 0.01339108976 0.0114)
(0.005718945882 0.01238331045 0.0114)
(0.005183542274 0.01137553115 0.0114)
(0.004648138666 0.01036775185 0.0114)
(0.004112735058 0.009359972544 0.0114)
(0.003577331451 0.008352193241 0.0114)
(0.003041927843 0.007344413938 0.0114)
(0.0165 0.0275 0.0114)
(0.01585543374 0.02647914483 0.0114)
(0.01521086748 0.02545828966 0.0114)
(0.01456630122 0.02443743449 0.0114)
(0.01392173496 0.02341657933 0.0114)
(0.0132771687 0.02239572416 0.0114)
(0.01263260245 0.02137486899 0.0114)
(0.01198803619 0.02035401382 0.0114)
(0.01134346993 0.01933315865 0.0114)
(0.01069890367 0.01831230348 0.0114)
(0.01005433741 0.01729144832 0.0114)
(0.00940977115 0.01627059315 0.0114)
(0.008765204891 0.01524973798 0.0114)
(0.008120638632 0.01422888281 0.0114)
(0.007476072373 0.01320802764 0.0114)
(0.006831506114 0.01218717247 0.0114)
(0.006186939855 0.0111663173 0.0114)
(0.005542373596 0.01014546214 0.0114)
(0.004897807337 0.009124606968 0.0114)
(0.004253241078 0.0081037518 0.0114)
(0.003608674818 0.007082896631 0.0114)
(0.01925 0.0275 0.0114)
(0.01849515683 0.0264638842 0.0114)
(0.01774031366 0.0254277684 0.0114)
(0.0169854705 0.0243916526 0.0114)
(0.01623062733 0.0233555368 0.0114)
(0.01547578416 0.022319421 0.0114)
(0.01472094099 0.0212833052 0.0114)
(0.01396609782 0.0202471894 0.0114)
(0.01321125466 0.01921107359 0.0114)
(0.01245641149 0.01817495779 0.0114)
(0.01170156832 0.01713884199 0.0114)
(0.01094672515 0.01610272619 0.0114)
(0.01019188199 0.01506661039 0.0114)
(0.009437038818 0.01403049459 0.0114)
(0.00868219565 0.01299437879 0.0114)
(0.007927352482 0.01195826299 0.0114)
(0.007172509314 0.01092214719 0.0114)
(0.006417666146 0.009886031388 0.0114)
(0.005662822978 0.008849915587 0.0114)
(0.00490797981 0.007813799787 0.0114)
(0.004153136642 0.006777683986 0.0114)
(0.022 0.0275 0.0114)
(0.02113359755 0.02644653304 0.0114)
(0.0202671951 0.02539306608 0.0114)
(0.01940079265 0.02433959912 0.0114)
(0.0185343902 0.02328613216 0.0114)
(0.01766798776 0.02223266521 0.0114)
(0.01680158531 0.02117919825 0.0114)
(0.01593518286 0.02012573129 0.0114)
(0.01506878041 0.01907226433 0.0114)
(0.01420237796 0.01801879737 0.0114)
(0.01333597551 0.01696533041 0.0114)
(0.01246957306 0.01591186345 0.0114)
(0.01160317061 0.01485839649 0.0114)
(0.01073676817 0.01380492954 0.0114)
(0.009870365716 0.01275146258 0.0114)
(0.009003963268 0.01169799562 0.0114)
(0.008137560819 0.01064452866 0.0114)
(0.00727115837 0.009591061701 0.0114)
(0.006404755921 0.008537594742 0.0114)
(0.005538353472 0.007484127784 0.0114)
(0.004671951023 0.006430660825 0.0114)
(0.02475 0.0275 0.0114)
(0.0237705957 0.02642719851 0.0114)
(0.02279119141 0.02535439702 0.0114)
(0.02181178711 0.02428159553 0.0114)
(0.02083238281 0.02320879403 0.0114)
(0.01985297851 0.02213599254 0.0114)
(0.01887357422 0.02106319105 0.0114)
(0.01789416992 0.01999038956 0.0114)
(0.01691476562 0.01891758807 0.0114)
(0.01593536132 0.01784478658 0.0114)
(0.01495595703 0.01677198508 0.0114)
(0.01397655273 0.01569918359 0.0114)
(0.01299714843 0.0146263821 0.0114)
(0.01201774414 0.01355358061 0.0114)
(0.01103833984 0.01248077912 0.0114)
(0.01005893554 0.01140797763 0.0114)
(0.009079531244 0.01033517613 0.0114)
(0.008100126947 0.009262374643 0.0114)
(0.007120722649 0.008189573151 0.0114)
(0.006141318352 0.00711677166 0.0114)
(0.005161914055 0.006043970168 0.0114)
(-0.0275 -0.02475 0)
(-0.02642719851 -0.0237705957 0)
(-0.02535439702 -0.02279119141 0)
(-0.02428159553 -0.02181178711 0)
(-0.02320879403 -0.02083238281 0)
(-0.02213599254 -0.01985297851 0)
(-0.02106319105 -0.01887357422 0)
(-0.01999038956 -0.01789416992 0)
(-0.01891758807 -0.01691476562 0)
(-0.01784478658 -0.01593536132 0)
(-0.01677198508 -0.01495595703 0)
(-0.01569918359 -0.01397655273 0)
(-0.0146263821 -0.01299714843 0)
(-0.01355358061 -0.01201774414 0)
(-0.01248077912 -0.01103833984 0)
(-0.01140797763 -0.01005893554 0)
(-0.01033517613 -0.009079531244 0)
(-0.009262374643 -0.008100126947 0)
(-0.008189573151 -0.007120722649 0)
(-0.00711677166 -0.006141318352 0)
(-0.006043970168 -0.005161914055 0)
(-0.0275 -0.022 0)
(-0.02644653304 -0.02113359755 0)
(-0.02539306608 -0.0202671951 0)
(-0.02433959912 -0.01940079265 0)
(-0.02328613216 -0.0185343902 0)
(-0.02223266521 -0.01766798776 0)
(-0.02117919825 -0.01680158531 0)
(-0.02012573129 -0.01593518286 0)
(-0.01907226433 -0.01506878041 0)
(-0.01801879737 -0.01420237796 0)
(-0.01696533041 -0.01333597551 0)
(-0.01591186345 -0.01246957306 0)
(-0.01485839649 -0.01160317061 0)
(-0.01380492954 -0.01073676817 0)
(-0.01275146258 -0.009870365716 0)
(-0.01169799562 -0.009003963268 0)
(-0.01064452866 -0.008137560819 0)
(-0.009591061701 -0.00727115837 0)
(-0.008537594742 -0.006404755921 0)
(-0.007484127784 -0.005538353472 0)
(-0.006430660825 -0.004671951023 0)
(-0.0275 -0.01925 0)
(-0.0264638842 -0.01849515683 0)
(-0.0254277684 -0.01774031366 0)
(-0.0243916526 -0.0169854705 0)
(-0.0233555368 -0.01623062733 0)
(-0.022319421 -0.01547578416 0)
(-0.0212833052 -0.01472094099 0)
(-0.0202471894 -0.01396609782 0)
(-0.01921107359 -0.01321125466 0)
(-0.01817495779 -0.01245641149 0)
(-0.01713884199 -0.01170156832 0)
(-0.01610272619 -0.01094672515 0)
(-0.01506661039 -0.01019188199 0)
(-0.01403049459 -0.009437038818 0)
(-0.01299437879 -0.00868219565 0)
(-0.01195826299 -0.007927352482 0)
(-0.01092214719 -0.007172509314 0)
(-0.009886031388 -0.006417666146 0)
(-0.008849915587 -0.005662822978 0)
(-0.007813799787 -0.00490797981 0)
(-0.006777683986 -0.004153136642 0)
(-0.0275 -0.0165 0)
(-0.02647914483 -0.01585543374 0)
(-0.02545828966 -0.01521086748 0)
(-0.02443743449 -0.01456630122 0)
(-0.02341657933 -0.01392173496 0)
(-0.02239572416 -0.0132771687 0)
(-0.02137486899 -0.01263260245 0)
(-0.02035401382 -0.01198803619 0)
(-0.01933315865 -0.01134346993 0)
(-0.01831230348 -0.01069890367 0)
(-0.01729144832 -0.01005433741 0)
(-0.01627059315 -0.00940977115 0)
(-0.01524973798 -0.008765204891 0)
(-0.01422888281 -0.008120638632 0)
(-0.01320802764 -0.007476072373 0)
(-0.01218717247 -0.006831506114 0)
(-0.0111663173 -0.006186939855 0)
(-0.01014546214 -0.005542373596 0)
(-0.009124606968 -0.004897807337 0)
(-0.0081037518 -0.004253241078 0)
(-0.007082896631 -0.003608674818 0)
(-0.0275 -0.01375 0)
(-0.0264922207 -0.01321459639 0)
(-0.02548444139 -0.01267919278 0)
(-0.02447666209 -0.01214378918 0)
(-0.02346888279 -0.01160838557 0)
(-0.02246110348 -0.01107298196 0)
(-0.02145332418 -0.01053757835 0)
(-0.02044554488 -0.01000217474 0)
(-0.01943776558 -0.009466771137 0)
(-0.01842998627 -0.008931367529 0)
(-0.01742220697 -0.008395963921 0)
(-0.01641442767 -0.007860560313 0)
(-0.01540664836 -0.007325156706 0)
(-0.01439886906 -0.006789753098 0)
(-0.01339108976 -0.00625434949 0)
(-0.01238331045 -0.005718945882 0)
(-0.01137553115 -0.005183542274 0)
(-0.01036775185 -0.004648138666 0)
(-0.009359972544 -0.004112735058 0)
(-0.008352193241 -0.003577331451 0)
(-0.007344413938 -0.003041927843 0)
(-0.0275 -0.011 0)
(-0.02650303105 -0.01057281978 0)
(-0.02550606209 -0.01014563956 0)
(-0.02450909314 -0.009718459344 0)
(-0.02351212418 -0.009291279125 0)
(-0.02251515523 -0.008864098907 0)
(-0.02151818628 -0.008436918688 0)
(-0.02052121732 -0.008009738469 0)
(-0.01952424837 -0.007582558251 0)
(-0.01852727942 -0.007155378032 0)
(-0.01753031046 -0.006728197813 0)
(-0.01653334151 -0.006301017595 0)
(-0.01553637255 -0.005873837376 0)
(-0.0145394036 -0.005446657157 0)
(-0.01354243465 -0.005019476938 0)
(-0.01254546569 -0.00459229672 0)
(-0.01154849674 -0.004165116501 0)
(-0.01055152778 -0.003737936282 0)
(-0.00955455883 -0.003310756064 0)
(-0.008557589876 -0.002883575845 0)
(-0.007560620923 -0.002456395626 0)
(-0.0275 -0.00825 0)
(-0.02651150912 -0.007930284704 0)
(-0.02552301824 -0.007610569409 0)
(-0.02453452736 -0.007290854113 0)
(-0.02354603648 -0.006971138818 0)
(-0.0225575456 -0.006651423522 0)
(-0.02156905472 -0.006331708226 0)
(-0.02058056384 -0.006011992931 0)
(-0.01959207296 -0.005692277635 0)
(-0.01860358209 -0.00537256234 0)
(-0.01761509121 -0.005052847044 0)
(-0.01662660033 -0.004733131749 0)
(-0.01563810945 -0.004413416453 0)
(-0.01464961857 -0.004093701157 0)
(-0.01366112769 -0.003773985862 0)
(-0.01267263681 -0.003454270566 0)
(-0.01168414593 -0.003134555271 0)
(-0.01069565505 -0.002814839975 0)
(-0.00970716417 -0.002495124679 0)
(-0.008718673291 -0.002175409384 0)
(-0.007730182411 -0.001855694088 0)
(-0.0275 -0.0055 0)
(-0.02651760256 -0.005287176641 0)
(-0.02553520513 -0.005074353282 0)
(-0.02455280769 -0.004861529924 0)
(-0.02357041026 -0.004648706565 0)
(-0.02258801282 -0.004435883206 0)
(-0.02160561539 -0.004223059847 0)
(-0.02062321795 -0.004010236488 0)
(-0.01964082052 -0.00379741313 0)
(-0.01865842308 -0.003584589771 0)
(-0.01767602564 -0.003371766412 0)
(-0.01669362821 -0.003158943053 0)
(-0.01571123077 -0.002946119695 0)
(-0.01472883334 -0.002733296336 0)
(-0.0137464359 -0.002520472977 0)
(-0.01276403847 -0.002307649618 0)
(-0.01178164103 -0.002094826259 0)
(-0.01079924359 -0.001882002901 0)
(-0.009816846159 -0.001669179542 0)
(-0.008834448724 -0.001456356183 0)
(-0.007852051288 -0.001243532824 0)
(-0.0275 -0.00275 0)
(-0.02652127375 -0.00264368461 0)
(-0.0255425475 -0.00253736922 0)
(-0.02456382124 -0.00243105383 0)
(-0.02358509499 -0.00232473844 0)
(-0.02260636874 -0.00221842305 0)
(-0.02162764249 -0.00211210766 0)
(-0.02064891624 -0.00200579227 0)
(-0.01967018998 -0.001899476879 0)
(-0.01869146373 -0.001793161489 0)
(-0.01771273748 -0.001686846099 0)
(-0.01673401123 -0.001580530709 0)
(-0.01575528498 -0.001474215319 0)
(-0.01477655872 -0.001367899929 0)
(-0.01379783247 -0.001261584539 0)
(-0.01281910622 -0.001155269149 0)
(-0.01184037997 -0.001048953759 0)
(-0.01086165371 -0.0009426383689 0)
(-0.009882927463 -0.0008363229789 0)
(-0.008904201211 -0.0007300075888 0)
(-0.007925474959 -0.0006236921987 0)
(-0.0275 0 0)
(-0.0265225 0 0)
(-0.025545 0 0)
(-0.0245675 0 0)
(-0.02359 0 0)
(-0.0226125 0 0)
(-0.021635 0 0)
(-0.0206575 0 0)
(-0.01968 0 0)
(-0.0187025 -2.960594732e-19 0)
(-0.017725 2.960594732e-19 0)
(-0.0167475 2.960594732e-19 0)
(-0.01577 0 0)
(-0.0147925 0 0)
(-0.013815 0 0)
(-0.0128375 0 0)
(-0.01186 1.480297366e-19 0)
(-0.0108825 0 0)
(-0.009905 -7.401486831e-20 0)
(-0.0089275 7.401486831e-20 0)
(-0.00795 0 0)
(-0.0275 0.00275 0)
(-0.02652127375 0.00264368461 0)
(-0.0255425475 0.00253736922 0)
(-0.02456382124 0.00243105383 0)
(-0.02358509499 0.00232473844 0)
(-0.02260636874 0.00221842305 0)
(-0.02162764249 0.00211210766 0)
(-0.02064891624 0.00200579227 0)
(-0.01967018998 0.001899476879 0)
(-0.01869146373 0.001793161489 0)
(-0.01771273748 0.001686846099 0)
(-0.01673401123 0.001580530709 0)
(-0.01575528498 0.001474215319 0)
(-0.01477655872 0.001367899929 0)
(-0.01379783247 0.001261584539 0)
(-0.01281910622 0.001155269149 0)
(-0.01184037997 0.001048953759 0)
(-0.01086165371 0.0009426383689 0)
(-0.009882927463 0.0008363229789 0)
(-0.008904201211 0.0007300075888 0)
(-0.007925474959 0.0006236921987 0)
(-0.0275 0.0055 0)
(-0.02651760256 0.005287176641 0)
(-0.02553520513 0.005074353282 0)
(-0.02455280769 0.004861529924 0)
(-0.02357041026 0.004648706565 0)
(-0.02258801282 0.004435883206 0)
(-0.02160561539 0.004223059847 0)
(-0.02062321795 0.004010236488 0)
(-0.01964082052 0.00379741313 0)
(-0.01865842308 0.003584589771 0)
(-0.01767602564 0.003371766412 0)
(-0.01669362821 0.003158943053 0)
(-0.01571123077 0.002946119695 0)
(-0.01472883334 0.002733296336 0)
(-0.0137464359 0.002520472977 0)
(-0.01276403847 0.002307649618 0)
(-0.01178164103 0.002094826259 0)
(-0.01079924359 0.001882002901 0)
(-0.009816846159 0.001669179542 0)
(-0.008834448724 0.001456356183 0)
(-0.007852051288 0.001243532824 0)
(-0.0275 0.00825 0)
(-0.02651150912 0.007930284704 0)
(-0.02552301824 0.007610569409 0)
(-0.02453452736 0.007290854113 0)
(-0.02354603648 0.006971138818 0)
(-0.0225575456 0.006651423522 0)
(-0.02156905472 0.006331708226 0)
(-0.02058056384 0.006011992931 0)
(-0.01959207296 0.005692277635 0)
(-0.01860358209 0.00537256234 0)
(-0.01761509121 0.005052847044 0)
(-0.01662660033 0.004733131749 0)
(-0.01563810945 0.004413416453 0)
(-0.01464961857 0.004093701157 0)
(-0.01366112769 0.003773985862 0)
(-0.01267263681 0.003454270566 0)
(-0.01168414593 0.003134555271 0)
(-0.01069565505 0.002814839975 0)
(-0.00970716417 0.002495124679 0)
(-0.008718673291 0.002175409384 0)
(-0.007730182411 0.001855694088 0)
(-0.0275 0.011 0)
(-0.02650303105 0.01057281978 0)
(-0.02550606209 0.01014563956 0)
(-0.02450909314 0.009718459344 0)
(-0.02351212418 0.009291279125 0)
(-0.02251515523 0.008864098907 0)
(-0.02151818628 0.008436918688 0)
(-0.02052121732 0.008009738469 0)
(-0.01952424837 0.007582558251 0)
(-0.01852727942 0.007155378032 0)
(-0.01753031046 0.006728197813 0)
(-0.01653334151 0.006301017595 0)
(-0.01553637255 0.005873837376 0)
(-0.0145394036 0.005446657157 0)
(-0.01354243465 0.005019476938 0)
(-0.01254546569 0.00459229672 0)
(-0.01154849674 0.004165116501 0)
(-0.01055152778 0.003737936282 0)
(-0.00955455883 0.003310756064 0)
(-0.008557589876 0.002883575845 0)
(-0.007560620923 0.002456395626 0)
(-0.0275 0.01375 0)
(-0.0264922207 0.01321459639 0)
(-0.02548444139 0.01267919278 0)
(-0.02447666209 0.01214378918 0)
(-0.02346888279 0.01160838557 0)
(-0.02246110348 0.01107298196 0)
(-0.02145332418 0.01053757835 0)
(-0.02044554488 0.01000217474 0)
(-0.01943776558 0.009466771137 0)
(-0.01842998627 0.008931367529 0)
(-0.01742220697 0.008395963921 0)
(-0.01641442767 0.007860560313 0)
(-0.01540664836 0.007325156706 0)
(-0.01439886906 0.006789753098 0)
(-0.01339108976 0.00625434949 0)
(-0.01238331045 0.005718945882 0)
(-0.01137553115 0.005183542274 0)
(-0.01036775185 0.004648138666 0)
(-0.009359972544 0.004112735058 0)
(-0.008352193241 0.003577331451 0)
(-0.007344413938 0.003041927843 0)
(-0.0275 0.0165 0)
(-0.02647914483 0.01585543374 0)
(-0.02545828966 0.01521086748 0)
(-0.02443743449 0.01456630122 0)
(-0.02341657933 0.01392173496 0)
(-0.02239572416 0.0132771687 0)
(-0.02137486899 0.01263260245 0)
(-0.02035401382 0.01198803619 0)
(-0.01933315865 0.01134346993 0)
(-0.01831230348 0.01069890367 0)
(-0.01729144832 0.01005433741 0)
(-0.01627059315 0.00940977115 0)
(-0.01524973798 0.008765204891 0)
(-0.01422888281 0.008120638632 0)
(-0.01320802764 0.007476072373 0)
(-0.01218717247 0.006831506114 0)
(-0.0111663173 0.006186939855 0)
(-0.01014546214 0.005542373596 0)
(-0.009124606968 0.004897807337 0)
(-0.0081037518 0.004253241078 0)
(-0.007082896631 0.003608674818 0)
(-0.0275 0.01925 0)
(-0.0264638842 0.01849515683 0)
(-0.0254277684 0.01774031366 0)
(-0.0243916526 0.0169854705 0)
(-0.0233555368 0.01623062733 0)
(-0.022319421 0.01547578416 0)
(-0.0212833052 0.01472094099 0)
(-0.0202471894 0.01396609782 0)
(-0.01921107359 0.01321125466 0)
(-0.01817495779 0.01245641149 0)
(-0.01713884199 0.01170156832 0)
(-0.01610272619 0.01094672515 0)
(-0.01506661039 0.01019188199 0)
(-0.01403049459 0.009437038818 0)
(-0.01299437879 0.00868219565 0)
(-0.01195826299 0.007927352482 0)
(-0.01092214719 0.007172509314 0)
(-0.009886031388 0.006417666146 0)
(-0.008849915587 0.005662822978 0)
(-0.007813799787 0.00490797981 0)
(-0.006777683986 0.004153136642 0)
(-0.0275 0.022 0)
(-0.02644653304 0.02113359755 0)
(-0.02539306608 0.0202671951 0)
(-0.02433959912 0.01940079265 0)
(-0.02328613216 0.0185343902 0)
(-0.02223266521 0.01766798776 0)
(-0.02117919825 0.01680158531 0)
(-0.02012573129 0.01593518286 0)
(-0.01907226433 0.01506878041 0)
(-0.01801879737 0.01420237796 0)
(-0.01696533041 0.01333597551 0)
(-0.01591186345 0.01246957306 0)
(-0.01485839649 0.01160317061 0)
(-0.01380492954 0.01073676817 0)
(-0.01275146258 0.009870365716 0)
(-0.01169799562 0.009003963268 0)
(-0.01064452866 0.008137560819 0)
(-0.009591061701 0.00727115837 0)
(-0.008537594742 0.006404755921 0)
(-0.007484127784 0.005538353472 0)
(-0.006430660825 0.004671951023 0)
(-0.0275 0.02475 0)
(-0.02642719851 0.0237705957 0)
(-0.02535439702 0.02279119141 0)
(-0.02428159553 0.02181178711 0)
(-0.02320879403 0.02083238281 0)
(-0.02213599254 0.01985297851 0)
(-0.02106319105 0.01887357422 0)
(-0.01999038956 0.01789416992 0)
(-0.01891758807 0.01691476562 0)
(-0.01784478658 0.01593536132 0)
(-0.01677198508 0.01495595703 0)
(-0.01569918359 0.01397655273 0)
(-0.0146263821 0.01299714843 0)
(-0.01355358061 0.01201774414 0)
(-0.01248077912 0.01103833984 0)
(-0.01140797763 0.01005893554 0)
(-0.01033517613 0.009079531244 0)
(-0.009262374643 0.008100126947 0)
(-0.008189573151 0.007120722649 0)
(-0.00711677166 0.006141318352 0)
(-0.006043970168 0.005161914055 0)
(-0.0275 -0.02475 0.0114)
(-0.02642719851 -0.0237705957 0.0114)
(-0.02535439702 -0.02279119141 0.0114)
(-0.02428159553 -0.02181178711 0.0114)
(-0.02320879403 -0.02083238281 0.0114)
(-0.02213599254 -0.01985297851 0.0114)
(-0.02106319105 -0.01887357422 0.0114)
(-0.01999038956 -0.01789416992 0.0114)
(-0.01891758807 -0.01691476562 0.0114)
(-0.01784478658 -0.01593536132 0.0114)
(-0.01677198508 -0.01495595703 0.0114)
(-0.01569918359 -0.01397655273 0.0114)
(-0.0146263821 -0.01299714843 0.0114)
(-0.01355358061 -0.01201774414 0.0114)
(-0.01248077912 -0.01103833984 0.0114)
(-0.01140797763 -0.01005893554 0.0114)
(-0.01033517613 -0.009079531244 0.0114)
(-0.009262374643 -0.008100126947 0.0114)
(-0.008189573151 -0.007120722649 0.0114)
(-0.00711677166 -0.006141318352 0.0114)
(-0.006043970168 -0.005161914055 0.0114)
(-0.0275 -0.022 0.0114)
(-0.02644653304 -0.02113359755 0.0114)
(-0.02539306608 -0.0202671951 0.0114)
(-0.02433959912 -0.01940079265 0.0114)
(-0.02328613216 -0.0185343902 0.0114)
(-0.02223266521 -0.01766798776 0.0114)
(-0.02117919825 -0.01680158531 0.0114)
(-0.02012573129 -0.01593518286 0.0114)
(-0.01907226433 -0.01506878041 0.0114)
(-0.01801879737 -0.01420237796 0.0114)
(-0.01696533041 -0.01333597551 0.0114)
(-0.01591186345 -0.01246957306 0.0114)
(-0.01485839649 -0.01160317061 0.0114)
(-0.01380492954 -0.01073676817 0.0114)
(-0.01275146258 -0.009870365716 0.0114)
(-0.01169799562 -0.009003963268 0.0114)
(-0.01064452866 -0.008137560819 0.0114)
(-0.009591061701 -0.00727115837 0.0114)
(-0.008537594742 -0.006404755921 0.0114)
(-0.007484127784 -0.005538353472 0.0114)
(-0.006430660825 -0.004671951023 0.0114)
(-0.0275 -0.01925 0.0114)
(-0.0264638842 -0.01849515683 0.0114)
(-0.0254277684 -0.01774031366 0.0114)
(-0.0243916526 -0.0169854705 0.0114)
(-0.0233555368 -0.01623062733 0.0114)
(-0.022319421 -0.01547578416 0.0114)
(-0.0212833052 -0.01472094099 0.0114)
(-0.0202471894 -0.01396609782 0.0114)
(-0.01921107359 -0.01321125466 0.0114)
(-0.01817495779 -0.01245641149 0.0114)
(-0.01713884199 -0.01170156832 0.0114)
(-0.01610272619 -0.01094672515 0.0114)
(-0.01506661039 -0.01019188199 0.0114)
(-0.01403049459 -0.009437038818 0.0114)
(-0.01299437879 -0.00868219565 0.0114)
(-0.01195826299 -0.007927352482 0.0114)
(-0.01092214719 -0.007172509314 0.0114)
(-0.009886031388 -0.006417666146 0.0114)
(-0.008849915587 -0.005662822978 0.0114)
(-0.007813799787 -0.00490797981 0.0114)
(-0.006777683986 -0.004153136642 0.0114)
(-0.0275 -0.0165 0.0114)
(-0.02647914483 -0.01585543374 0.0114)
(-0.02545828966 -0.01521086748 0.0114)
(-0.02443743449 -0.01456630122 0.0114)
(-0.02341657933 -0.01392173496 0.0114)
(-0.02239572416 -0.0132771687 0.0114)
(-0.02137486899 -0.01263260245 0.0114)
(-0.02035401382 -0.01198803619 0.0114)
(-0.01933315865 -0.01134346993 0.0114)
(-0.01831230348 -0.01069890367 0.0114)
(-0.01729144832 -0.01005433741 0.0114)
(-0.01627059315 -0.00940977115 0.0114)
(-0.01524973798 -0.008765204891 0.0114)
(-0.01422888281 -0.008120638632 0.0114)
(-0.01320802764 -0.007476072373 0.0114)
(-0.01218717247 -0.006831506114 0.0114)
(-0.0111663173 -0.006186939855 0.0114)
(-0.01014546214 -0.005542373596 0.0114)
(-0.009124606968 -0.004897807337 0.0114)
(-0.0081037518 -0.004253241078 0.0114)
(-0.007082896631 -0.003608674818 0.0114)
(-0.0275 -0.01375 0.0114)
(-0.0264922207 -0.01321459639 0.0114)
(-0.02548444139 -0.01267919278 0.0114)
(-0.02447666209 -0.01214378918 0.0114)
(-0.02346888279 -0.01160838557 0.0114)
(-0.02246110348 -0.01107298196 0.0114)
(-0.02145332418 -0.01053757835 0.0114)
(-0.02044554488 -0.01000217474 0.0114)
(-0.01943776558 -0.009466771137 0.0114)
(-0.01842998627 -0.008931367529 0.0114)
(-0.01742220697 -0.008395963921 0.0114)
(-0.01641442767 -0.007860560313 0.0114)
(-0.01540664836 -0.007325156706 0.0114)
(-0.01439886906 -0.006789753098 0.0114)
(-0.01339108976 -0.00625434949 0.0114)
(-0.01238331045 -0.005718945882 0.0114)
(-0.01137553115 -0.005183542274 0.0114)
(-0.01036775185 -0.004648138666 0.0114)
(-0.009359972544 -0.004112735058 0.0114)
(-0.008352193241 -0.003577331451 0.0114)
(-0.007344413938 -0.003041927843 0.0114)
(-0.0275 -0.011 0.0114)
(-0.02650303105 -0.01057281978 0.0114)
(-0.02550606209 -0.01014563956 0.0114)
(-0.02450909314 -0.009718459344 0.0114)
(-0.02351212418 -0.009291279125 0.0114)
(-0.02251515523 -0.008864098907 0.0114)
(-0.02151818628 -0.008436918688 0.0114)
(-0.02052121732 -0.008009738469 0.0114)
(-0.01952424837 -0.007582558251 0.0114)
(-0.01852727942 -0.007155378032 0.0114)
(-0.01753031046 -0.006728197813 0.0114)
(-0.01653334151 -0.006301017595 0.0114)
(-0.01553637255 -0.005873837376 0.0114)
(-0.0145394036 -0.005446657157 0.0114)
(-0.01354243465 -0.005019476938 0.0114)
(-0.01254546569 -0.00459229672 0.0114)
(-0.01154849674 -0.004165116501 0.0114)
(-0.01055152778 -0.003737936282 0.0114)
(-0.00955455883 -0.003310756064 0.0114)
(-0.008557589876 -0.002883575845 0.0114)
(-0.007560620923 -0.002456395626 0.0114)
(-0.0275 -0.00825 0.0114)
(-0.02651150912 -0.007930284704 0.0114)
(-0.02552301824 -0.007610569409 0.0114)
(-0.02453452736 -0.007290854113 0.0114)
(-0.02354603648 -0.006971138818 0.0114)
(-0.0225575456 -0.006651423522 0.0114)
(-0.02156905472 -0.006331708226 0.0114)
(-0.02058056384 -0.006011992931 0.0114)
(-0.01959207296 -0.005692277635 0.0114)
(-0.01860358209 -0.00537256234 0.0114)
(-0.01761509121 -0.005052847044 0.0114)
(-0.01662660033 -0.004733131749 0.0114)
(-0.01563810945 -0.004413416453 0.0114)
(-0.01464961857 -0.004093701157 0.0114)
(-0.01366112769 -0.003773985862 0.0114)
(-0.01267263681 -0.003454270566 0.0114)
(-0.01168414593 -0.003134555271 0.0114)
(-0.01069565505 -0.002814839975 0.0114)
(-0.00970716417 -0.002495124679 0.0114)
(-0.008718673291 -0.002175409384 0.0114)
(-0.007730182411 -0.001855694088 0.0114)
(-0.0275 -0.0055 0.0114)
(-0.02651760256 -0.005287176641 0.0114)
(-0.02553520513 -0.005074353282 0.0114)
(-0.02455280769 -0.004861529924 0.0114)
(-0.02357041026 -0.004648706565 0.0114)
(-0.02258801282 -0.004435883206 0.0114)
(-0.02160561539 -0.004223059847 0.0114)
(-0.02062321795 -0.004010236488 0.0114)
(-0.01964082052 -0.00379741313 0.0114)
(-0.01865842308 -0.003584589771 0.0114)
(-0.01767602564 -0.003371766412 0.0114)
(-0.01669362821 -0.003158943053 0.0114)
(-0.01571123077 -0.002946119695 0.0114)
(-0.01472883334 -0.002733296336 0.0114)
(-0.0137464359 -0.002520472977 0.0114)
(-0.01276403847 -0.002307649618 0.0114)
(-0.01178164103 -0.002094826259 0.0114)
(-0.01079924359 -0.001882002901 0.0114)
(-0.009816846159 -0.001669179542 0.0114)
(-0.008834448724 -0.001456356183 0.0114)
(-0.007852051288 -0.001243532824 0.0114)
(-0.0275 -0.00275 0.0114)
(-0.02652127375 -0.00264368461 0.0114)
(-0.0255425475 -0.00253736922 0.0114)
(-0.02456382124 -0.00243105383 0.0114)
(-0.02358509499 -0.00232473844 0.0114)
(-0.02260636874 -0.00221842305 0.0114)
(-0.02162764249 -0.00211210766 0.0114)
(-0.02064891624 -0.00200579227 0.0114)
(-0.01967018998 -0.001899476879 0.0114)
(-0.01869146373 -0.001793161489 0.0114)
(-0.01771273748 -0.001686846099 0.0114)
(-0.01673401123 -0.001580530709 0.0114)
(-0.01575528498 -0.001474215319 0.0114)
(-0.01477655872 -0.001367899929 0.0114)
(-0.01379783247 -0.001261584539 0.0114)
(-0.01281910622 -0.001155269149 0.0114)
(-0.01184037997 -0.001048953759 0.0114)
(-0.01086165371 -0.0009426383689 0.0114)
(-0.009882927463 -0.0008363229789 0.0114)
(-0.008904201211 -0.0007300075888 0.0114)
(-0.007925474959 -0.0006236921987 0.0114)
(-0.0275 0 0.0114)
(-0.0265225 0 0.0114)
(-0.025545 0 0.0114)
(-0.0245675 0 0.0114)
(-0.02359 0 0.0114)
(-0.0226125 0 0.0114)
(-0.021635 0 0.0114)
(-0.0206575 0 0.0114)
(-0.01968 0 0.0114)
(-0.0187025 -2.960594732e-19 0.0114)
(-0.017725 2.960594732e-19 0.0114)
(-0.0167475 2.960594732e-19 0.0114)
(-0.01577 0 0.0114)
(-0.0147925 0 0.0114)
(-0.013815 0 0.0114)
(-0.0128375 0 0.0114)
(-0.01186 1.480297366e-19 0.0114)
(-0.0108825 0 0.0114)
(-0.009905 -7.401486831e-20 0.0114)
(-0.0089275 7.401486831e-20 0.0114)
(-0.00795 0 0.0114)
(-0.0275 0.00275 0.0114)
(-0.02652127375 0.00264368461 0.0114)
(-0.0255425475 0.00253736922 0.0114)
(-0.02456382124 0.00243105383 0.0114)
(-0.02358509499 0.00232473844 0.0114)
(-0.02260636874 0.00221842305 0.0114)
(-0.02162764249 0.00211210766 0.0114)
(-0.02064891624 0.00200579227 0.0114)
(-0.01967018998 0.001899476879 0.0114)
(-0.01869146373 0.001793161489 0.0114)
(-0.01771273748 0.001686846099 0.0114)
(-0.01673401123 0.001580530709 0.0114)
(-0.01575528498 0.001474215319 0.0114)
(-0.01477655872 0.001367899929 0.0114)
(-0.01379783247 0.001261584539 0.0114)
(-0.01281910622 0.001155269149 0.0114)
(-0.01184037997 0.001048953759 0.0114)
(-0.01086165371 0.0009426383689 0.0114)
(-0.009882927463 0.0008363229789 0.0114)
(-0.008904201211 0.0007300075888 0.0114)
(-0.007925474959 0.0006236921987 0.0114)
(-0.0275 0.0055 0.0114)
(-0.02651760256 0.005287176641 0.0114)
(-0.02553520513 0.005074353282 0.0114)
(-0.02455280769 0.004861529924 0.0114)
(-0.02357041026 0.004648706565 0.0114)
(-0.02258801282 0.004435883206 0.0114)
(-0.02160561539 0.004223059847 0.0114)
(-0.02062321795 0.004010236488 0.0114)
(-0.01964082052 0.00379741313 0.0114)
(-0.01865842308 0.003584589771 0.0114)
(-0.01767602564 0.003371766412 0.0114)
(-0.01669362821 0.003158943053 0.0114)
(-0.01571123077 0.002946119695 0.0114)
(-0.01472883334 0.002733296336 0.0114)
(-0.0137464359 0.002520472977 0.0114)
(-0.01276403847 0.002307649618 0.0114)
(-0.01178164103 0.002094826259 0.0114)
(-0.01079924359 0.001882002901 0.0114)
(-0.009816846159 0.001669179542 0.0114)
(-0.008834448724 0.001456356183 0.0114)
(-0.007852051288 0.001243532824 0.0114)
(-0.0275 0.00825 0.0114)
(-0.02651150912 0.007930284704 0.0114)
(-0.02552301824 0.007610569409 0.0114)
(-0.02453452736 0.007290854113 0.0114)
(-0.02354603648 0.006971138818 0.0114)
(-0.0225575456 0.006651423522 0.0114)
(-0.02156905472 0.006331708226 0.0114)
(-0.02058056384 0.006011992931 0.0114)
(-0.01959207296 0.005692277635 0.0114)
(-0.01860358209 0.00537256234 0.0114)
(-0.01761509121 0.005052847044 0.0114)
(-0.01662660033 0.004733131749 0.0114)
(-0.01563810945 0.004413416453 0.0114)
(-0.01464961857 0.004093701157 0.0114)
(-0.01366112769 0.003773985862 0.0114)
(-0.01267263681 0.003454270566 0.0114)
(-0.01168414593 0.003134555271 0.0114)
(-0.01069565505 0.002814839975 0.0114)
(-0.00970716417 0.002495124679 0.0114)
(-0.008718673291 0.002175409384 0.0114)
(-0.007730182411 0.001855694088 0.0114)
(-0.0275 0.011 0.0114)
(-0.02650303105 0.01057281978 0.0114)
(-0.02550606209 0.01014563956 0.0114)
(-0.02450909314 0.009718459344 0.0114)
(-0.02351212418 0.009291279125 0.0114)
(-0.02251515523 0.008864098907 0.0114)
(-0.02151818628 0.008436918688 0.0114)
(-0.02052121732 0.008009738469 0.0114)
(-0.01952424837 0.007582558251 0.0114)
(-0.01852727942 0.007155378032 0.0114)
(-0.01753031046 0.006728197813 0.0114)
(-0.01653334151 0.006301017595 0.0114)
(-0.01553637255 0.005873837376 0.0114)
(-0.0145394036 0.005446657157 0.0114)
(-0.01354243465 0.005019476938 0.0114)
(-0.01254546569 0.00459229672 0.0114)
(-0.01154849674 0.004165116501 0.0114)
(-0.01055152778 0.003737936282 0.0114)
(-0.00955455883 0.003310756064 0.0114)
(-0.008557589876 0.002883575845 0.0114)
(-0.007560620923 0.002456395626 0.0114)
(-0.0275 0.01375 0.0114)
(-0.0264922207 0.01321459639 0.0114)
(-0.02548444139 0.01267919278 0.0114)
(-0.02447666209 0.01214378918 0.0114)
(-0.02346888279 0.01160838557 0.0114)
(-0.02246110348 0.01107298196 0.0114)
(-0.02145332418 0.01053757835 0.0114)
(-0.02044554488 0.01000217474 0.0114)
(-0.01943776558 0.009466771137 0.0114)
(-0.01842998627 0.008931367529 0.0114)
(-0.01742220697 0.008395963921 0.0114)
(-0.01641442767 0.007860560313 0.0114)
(-0.01540664836 0.007325156706 0.0114)
(-0.01439886906 0.006789753098 0.0114)
(-0.01339108976 0.00625434949 0.0114)
(-0.01238331045 0.005718945882 0.0114)
(-0.01137553115 0.005183542274 0.0114)
(-0.01036775185 0.004648138666 0.0114)
(-0.009359972544 0.004112735058 0.0114)
(-0.008352193241 0.003577331451 0.0114)
(-0.007344413938 0.003041927843 0.0114)
(-0.0275 0.0165 0.0114)
(-0.02647914483 0.01585543374 0.0114)
(-0.02545828966 0.01521086748 0.0114)
(-0.02443743449 0.01456630122 0.0114)
(-0.02341657933 0.01392173496 0.0114)
(-0.02239572416 0.0132771687 0.0114)
(-0.02137486899 0.01263260245 0.0114)
(-0.02035401382 0.01198803619 0.0114)
(-0.01933315865 0.01134346993 0.0114)
(-0.01831230348 0.01069890367 0.0114)
(-0.01729144832 0.01005433741 0.0114)
(-0.01627059315 0.00940977115 0.0114)
(-0.01524973798 0.008765204891 0.0114)
(-0.01422888281 0.008120638632 0.0114)
(-0.01320802764 0.007476072373 0.0114)
(-0.01218717247 0.006831506114 0.0114)
(-0.0111663173 0.006186939855 0.0114)
(-0.01014546214 0.005542373596 0.0114)
(-0.009124606968 0.004897807337 0.0114)
(-0.0081037518 0.004253241078 0.0114)
(-0.007082896631 0.003608674818 0.0114)
(-0.0275 0.01925 0.0114)
(-0.0264638842 0.01849515683 0.0114)
(-0.0254277684 0.01774031366 0.0114)
(-0.0243916526 0.0169854705 0.0114)
(-0.0233555368 0.01623062733 0.0114)
(-0.022319421 0.01547578416 0.0114)
(-0.0212833052 0.01472094099 0.0114)
(-0.0202471894 0.01396609782 0.0114)
(-0.01921107359 0.01321125466 0.0114)
(-0.01817495779 0.01245641149 0.0114)
(-0.01713884199 0.01170156832 0.0114)
(-0.01610272619 0.01094672515 0.0114)
(-0.01506661039 0.01019188199 0.0114)
(-0.01403049459 0.009437038818 0.0114)
(-0.01299437879 0.00868219565 0.0114)
(-0.01195826299 0.007927352482 0.0114)
(-0.01092214719 0.007172509314 0.0114)
(-0.009886031388 0.006417666146 0.0114)
(-0.008849915587 0.005662822978 0.0114)
(-0.007813799787 0.00490797981 0.0114)
(-0.006777683986 0.004153136642 0.0114)
(-0.0275 0.022 0.0114)
(-0.02644653304 0.02113359755 0.0114)
(-0.02539306608 0.0202671951 0.0114)
(-0.02433959912 0.01940079265 0.0114)
(-0.02328613216 0.0185343902 0.0114)
(-0.02223266521 0.01766798776 0.0114)
(-0.02117919825 0.01680158531 0.0114)
(-0.02012573129 0.01593518286 0.0114)
(-0.01907226433 0.01506878041 0.0114)
(-0.01801879737 0.01420237796 0.0114)
(-0.01696533041 0.01333597551 0.0114)
(-0.01591186345 0.01246957306 0.0114)
(-0.01485839649 0.01160317061 0.0114)
(-0.01380492954 0.01073676817 0.0114)
(-0.01275146258 0.009870365716 0.0114)
(-0.01169799562 0.009003963268 0.0114)
(-0.01064452866 0.008137560819 0.0114)
(-0.009591061701 0.00727115837 0.0114)
(-0.008537594742 0.006404755921 0.0114)
(-0.007484127784 0.005538353472 0.0114)
(-0.006430660825 0.004671951023 0.0114)
(-0.0275 0.02475 0.0114)
(-0.02642719851 0.0237705957 0.0114)
(-0.02535439702 0.02279119141 0.0114)
(-0.02428159553 0.02181178711 0.0114)
(-0.02320879403 0.02083238281 0.0114)
(-0.02213599254 0.01985297851 0.0114)
(-0.02106319105 0.01887357422 0.0114)
(-0.01999038956 0.01789416992 0.0114)
(-0.01891758807 0.01691476562 0.0114)
(-0.01784478658 0.01593536132 0.0114)
(-0.01677198508 0.01495595703 0.0114)
(-0.01569918359 0.01397655273 0.0114)
(-0.0146263821 0.01299714843 0.0114)
(-0.01355358061 0.01201774414 0.0114)
(-0.01248077912 0.01103833984 0.0114)
(-0.01140797763 0.01005893554 0.0114)
(-0.01033517613 0.009079531244 0.0114)
(-0.009262374643 0.008100126947 0.0114)
(-0.008189573151 0.007120722649 0.0114)
(-0.00711677166 0.006141318352 0.0114)
(-0.006043970168 0.005161914055 0.0114)
)


// ************************************************************************* //
