$MeshFormat
2.2 0 8
$EndMeshFormat
$PhysicalNames
12
2 5 "bottom"
2 6 "top"
2 7 "sym1"
2 8 "outer"
2 9 "sym2"
2 10 "heatPipe_BC"
2 11 "fuelPin1_BC"
2 12 "fuelPin2_BC"
3 1 "graphite"
3 2 "heatPipe"
3 3 "fuelPin1"
3 4 "fuelPin2"
$EndPhysicalNames
$Nodes
5544
1 1.19056236985954e-12 3.129369098776415e-13 1.419242409664497e-12
2 0.02750000000131942 2.99589669561261e-13 2.344918633948304e-13
3 0.02656296022322739 0.007117523740729537 1.367945427074294e-13
4 0.02381569860483835 0.01375000000121885 1.194106585670172e-12
5 8.886046975800277e-14 8.614596145569044e-13 1.600000000001493
6 0.02750000000124793 1.564725373886228e-12 1.600000000000661
7 0.02656296022414922 0.007117523740694562 1.600000000000808
8 0.02381569860564823 0.01375000000092102 1.600000000001066
9 0.003928571430002976 1.021887921352452e-12 1.359314131688005e-12
10 0.005892857144259724 7.634801247641287e-13 7.230934009617549e-13
11 0.006383928572427058 1.205990183299375e-12 1.123774988239029e-12
12 0.006629464285962395 1.442964894861509e-12 7.890240240559862e-13
13 0.006660156250566126 2.704499697671298e-13 8.791990334095669e-15
14 0.006675502233606189 7.948581683965568e-13 1.301827235748638e-12
15 0.006683175224270457 1.51799535385973e-12 1.994892173539547e-13
16 0.006685093472436563 1.456925596627304e-12 1.473402152982984e-12
17 0.006685333253157761 1.477150755835888e-12 1.441883026288304e-12
18 0.00668539319759615 4.682105429011089e-13 6.582608042437686e-13
19 0.006685423170310006 1.080041937372818e-12 3.011420318668971e-13
20 0.006685430663152897 1.231702536742306e-13 1.263543086122165e-12
21 0.006685432537554962 1.362314855253408e-13 1.014940562360398e-12
22 0.006685432771177638 6.467142073236678e-13 1.418185900838428e-12
23 0.006685433004568515 5.29913231877203e-13 3.173030669137612e-13
24 0.006685433473975207 4.139935609267865e-13 9.823639193057623e-13
25 0.00668543441080773 9.509866611324431e-13 9.508562190290318e-13
26 0.006685438156192407 1.595776320003199e-12 1.183466419740219e-12
27 0.006685453142690118 1.1069802665433e-12 2.617504825200853e-13
28 0.006685573033080708 1.170067784017409e-12 3.169264884553001e-13
29 0.006686052595664353 1.387398384590821e-12 3.376899710814271e-13
30 0.00668701172027652 5.640241649710092e-13 1.568494924054215e-12
31 0.006690848215397363 3.280815518947377e-13 5.024204788678765e-13
32 0.006752232143746585 2.508920707404115e-13 1.051502091358906e-12
33 0.006875000001171597 1.369980983106798e-12 7.345139831148458e-13
34 0.007857142857291095 1.41864368637903e-12 5.7363698317584e-13
35 0.0117857142867912 4.744885252939649e-13 1.530129649319511e-12
36 0.01571428571521975 6.09400470815168e-13 1.164601457359886e-12
37 0.01964285714323816 1.423678778100448e-12 8.879337351582631e-13
38 0.02357142857211919 5.306278446612597e-13 2.588514773997437e-13
39 0.02744112038979037 0.001798586060184807 1.099911900644968e-12
40 0.02736757998424994 0.002695471367681953 1.151850821675986e-12
41 0.02736619813955432 0.002709464795069855 1.552495808347298e-12
42 0.02736550453366452 0.002716461243190206 6.168009376183866e-13
43 0.02736515705919449 0.002719959400555744 1.023703456427458e-12
44 0.02736511359367556 0.002720396667320734 1.22945017238439e-12
45 0.02736510272663584 0.002720505984072236 1.811782130516093e-13
46 0.02736509729308905 0.002720560642257314 4.334031557349266e-13
47 0.02736509457518458 0.002720587972334077 1.771244116409136e-13
48 0.0273650942366345 0.002720591387573392 1.10899346381902e-12
49 0.02736509406629222 0.002720593095371315 1.523246439383973e-12
50 0.027365094045196 0.002720593309700497 3.917312829648718e-13
51 0.0273650940241901 0.002720593522292906 8.576579417941388e-13
52 0.02736509398061442 0.002720593949642069 1.233744246034643e-14
53 0.02736509389686658 0.002720594804786797 1.213144596466672e-12
54 0.02736509321780099 0.00272060163585454 2.531072934645543e-13
55 0.02736509185800484 0.002720615300537257 1.595100287867659e-12
56 0.02736507012113914 0.002720833934196169 1.127473089201131e-13
57 0.02736498315593165 0.002721708463653983 3.383846753834161e-13
58 0.02736480913943886 0.002723457515159293 1.34840087787156e-12
59 0.02736200967518804 0.002751440812588741 2.232082693345382e-13
60 0.02735632490564377 0.002807398748619202 5.946072666033031e-13
61 0.02734461207077475 0.002919279154446754 4.342763843103245e-14
62 0.02731981392236477 0.003142891546739926 2.509952975054321e-13
63 0.02726473368740703 0.003589470296495394 8.296159069458276e-13
64 0.02540668714068551 0.01052379439906246 1.376203250813342e-12
65 0.02523109865019677 0.0109380830579246 1.31803966396628e-12
66 0.02514076827916217 0.01114413614283047 2.699028811028681e-13
67 0.0250949716906983 0.01124688383243793 1.098115685330307e-12
68 0.02507191587836441 0.01129818721121177 1.092966437485905e-12
69 0.02506034863486573 0.01132382118965776 8.537521740881155e-13
70 0.02505962481132747 0.01132542292052764 1.572575201547669e-13
71 0.02505926286211467 0.01132622376824424 5.612461727186831e-13
72 0.02505917237127877 0.01132642397858948 4.739690834489518e-14
73 0.02505916671497454 0.01132643649175405 2.30660187435489e-14
74 0.02505916388773496 0.01132644274872425 1.581426669170583e-12
75 0.02505916353378769 0.01132644353085115 2.147032361274262e-13
76 0.02505916335606336 0.01132644392119321 1.095423799964337e-12
77 0.02505916326911184 0.01132644411732639 1.136684363420353e-13
78 0.02505916317998415 0.01132644431360914 1.238092394147774e-12
79 0.02505916247231596 0.01132644587775926 1.462720821990672e-12
80 0.02505916105936949 0.01132644900585462 1.209508525162884e-12
81 0.02505914974817302 0.011326474030746 5.326829887323617e-13
82 0.02505912712478883 0.01132652408320018 5.798685035012629e-14
83 0.02505908187829357 0.01132662418780138 1.092445875579184e-13
84 0.02505890088714765 0.01132702460568747 9.41356692495035e-13
85 0.02505745272917394 0.01133022783525682 1.594069292303505e-12
86 0.0250545551842386 0.01133663374027808 1.294273319746112e-13
87 0.02504875518357434 0.01134944332609037 8.016840815493037e-13
88 0.02466400039022965 0.01216293898523803 2.820484867266891e-13
89 0.003928571429960158 4.000668865313711e-13 1.600000000000422
90 0.005892857144081946 1.09466899462659e-12 1.600000000000184
91 0.006383928572942949 1.002243893828075e-12 1.600000000001239
92 0.006629464287205891 1.090263297847197e-14 1.600000000000394
93 0.006660156251434539 5.035848251188408e-13 1.60000000000122
94 0.006675502232876078 1.072446544807071e-12 1.600000000000785
95 0.006683175223547679 1.538695563804968e-12 1.600000000000697
96 0.006685093471037817 1.075447775120287e-12 1.600000000000257
97 0.006685333253502516 2.449523127035808e-13 1.600000000001018
98 0.006685393198165661 9.814146994246034e-13 1.600000000000595
99 0.006685423170886684 6.943607515643871e-13 1.600000000000627
100 0.006685430664014369 3.612489175811445e-13 1.600000000000828
101 0.006685432536317962 5.221433503901112e-13 1.600000000001099
102 0.006685432771545926 2.321551508635546e-13 1.600000000001259
103 0.006685432889019474 1.002275848003728e-12 1.600000000000768
104 0.006685433005572192 9.168736540986935e-13 1.600000000001301
105 0.006685433473457104 5.918085342063233e-13 1.600000000001476
106 0.006685434409918449 1.184366529051408e-12 1.600000000000412
107 0.006685438157229762 1.309132234244886e-12 1.60000000000064
108 0.006685453143109219 9.534156800133841e-13 1.600000000000358
109 0.006685573033809493 9.998926353989339e-14 1.600000000001279
110 0.006686052595761784 2.564554410944282e-13 1.60000000000036
111 0.006687011719407922 8.121932524245561e-13 1.600000000001152
112 0.006690848215327012 6.201006140747953e-13 1.600000000001249
113 0.006752232144308078 6.982505187082365e-13 1.600000000000995
114 0.006875000001008067 1.200492403252271e-12 1.600000000000619
115 0.007857142857894751 8.479863527665576e-13 1.600000000001506
116 0.01178571428667159 5.688075163027469e-13 1.6000000000002
117 0.01571428571567938 1.596120367487761e-12 1.600000000001409
118 0.01964285714324621 1.082482141221281e-12 1.600000000000438
119 0.02357142857221057 3.196588689332137e-13 1.600000000000758
120 0.02744112038891725 0.001798586059433207 1.600000000000242
121 0.02736757998286425 0.002695471367203105 1.600000000001315
122 0.02736619813869031 0.00270946479506522 1.600000000000388
123 0.0273655045328398 0.002716461243402649 1.600000000001059
124 0.02736515705955466 0.002719959401245334 1.600000000000745
125 0.02736511359477978 0.002720396668064267 1.600000000000787
126 0.02736510272730138 0.002720505984156429 1.600000000001168
127 0.02736509729279375 0.002720560642644461 1.60000000000011
128 0.02736509457598454 0.002720587971482855 1.600000000000762
129 0.02736509423535261 0.002720591387339851 1.600000000001027
130 0.0273650940667753 0.002720593096312391 1.600000000000089
131 0.02736509404535492 0.002720593308995408 1.600000000000583
132 0.02736509403383976 0.002720593416895901 1.600000000001245
133 0.02736509402362371 0.002720593522895465 1.600000000000583
134 0.02736509398211752 0.002720593950009859 1.600000000001319
135 0.02736509389618665 0.002720594804083865 1.600000000001131
136 0.02736509321775262 0.00272060163631208 1.60000000000046
137 0.02736509185841442 0.002720615301480309 1.600000000000191
138 0.02736507012219695 0.002720833933141304 1.60000000000102
139 0.02736498315601057 0.002721708464126445 1.60000000000051
140 0.02736480913850989 0.002723457514151743 1.600000000000864
141 0.02736200967586119 0.002751440813084311 1.600000000001362
142 0.02735632490546156 0.002807398748967236 1.600000000001543
143 0.02734461207067685 0.002919279154222978 1.600000000000708
144 0.02731981392327296 0.003142891546835728 1.600000000001165
145 0.02726473368664036 0.003589470297263714 1.600000000000374
146 0.025406687141622 0.01052379439874287 1.60000000000102
147 0.02523109864963663 0.0109380830573328 1.600000000000146
148 0.02514076828044471 0.01114413614237731 1.6000000000005
149 0.0250949716898682 0.01124688383200068 1.600000000000891
150 0.02507191587807214 0.01129818721135843 1.600000000001073
151 0.02506034863549846 0.01132382118938639 1.600000000001077
152 0.02505962481224648 0.0113254229210859 1.600000000001253
153 0.02505926286208987 0.01132622376819413 1.600000000000931
154 0.02505917237124628 0.01132642397932347 1.600000000000283
155 0.02505916671540897 0.0113264364929155 1.600000000001108
156 0.02505916388726171 0.01132644274845575 1.60000000000106
157 0.02505916353315129 0.01132644353076934 1.600000000000448
158 0.02505916335614956 0.01132644392170408 1.600000000000032
159 0.02505916331264964 0.01132644402026792 1.600000000000536
160 0.02505916326765101 0.01132644411745416 1.600000000000711
161 0.02505916317971536 0.01132644431231431 1.600000000000162
162 0.02505916247315041 0.01132644587765867 1.600000000000711
163 0.0250591610596082 0.01132644900507039 1.600000000000418
164 0.02505914974726449 0.01132647403138096 1.600000000000638
165 0.02505912712503663 0.01132652408362912 1.600000000001413
166 0.0250590818780845 0.01132662418784131 1.60000000000119
167 0.0250589008871316 0.01132702460565429 1.600000000000684
168 0.02505745272884008 0.01133022783517616 1.600000000001014
169 0.02505455518412109 0.01133663373955139 1.600000000000028
170 0.0250487551836798 0.01134944332633874 1.600000000000213
171 0.02466400039063648 0.01216293898624165 1.600000000000614
172 1.406780109014501e-12 1.583284276237489e-12 0.00400000000117584
173 7.373187584794874e-13 4.690285978180064e-14 0.008000000001150157
174 1.08529341711705e-12 9.048887270278967e-13 0.01200000000034602
175 7.513132543626248e-13 4.864555962113337e-13 0.01600000000066961
176 1.169641858009855e-12 6.877196642431387e-13 0.02000000000094021
177 1.518026508417145e-12 6.334189429380486e-13 0.02400000000015028
178 8.07379378479735e-13 1.277468609901959e-12 0.02800000000133569
179 1.471834782744712e-12 1.308333414133553e-12 0.03200000000090107
180 1.562101684852317e-12 1.350415587938544e-12 0.03600000000077684
181 1.347404683958635e-12 2.82832415904514e-13 0.0400000000001944
182 1.298222994169203e-13 8.927040638164416e-14 0.04400000000016977
183 1.312975837408252e-12 8.265891648611317e-13 0.04800000000020909
184 8.774176576084157e-13 3.115404634408114e-13 0.05200000000110619
185 1.24537505028202e-12 1.062853717803436e-12 0.05599999999998428
186 3.437514275862547e-13 6.321534580211374e-13 0.06000000000066399
187 1.32020832252821e-12 5.498378479009113e-13 0.06400000000128907
188 1.513877486856863e-12 1.357217227125864e-12 0.06800000000095732
189 1.299767288006362e-12 1.228709891333205e-12 0.07200000000065644
190 6.581765261208416e-13 1.190469457648152e-12 0.07600000000039762
191 1.499841972719188e-12 9.375320230694163e-13 0.08000000000067158
192 1.661396952046724e-13 1.067354323231554e-12 0.08400000000075197
193 4.157216946728629e-13 7.799880421024347e-13 0.08799999999996956
194 7.122065531776365e-13 5.706358117347969e-14 0.09200000000027396
195 3.132380209181536e-13 1.3024386314555e-12 0.09600000000132967
196 4.007250848700044e-13 4.584794050438417e-14 0.1000000000003543
197 1.175931813810211e-12 1.366056263032594e-12 0.1040000000008979
198 9.842153671510958e-13 1.279591631352086e-12 0.1080000000006485
199 4.696254118565689e-13 9.790168008210777e-13 0.1120000000002706
200 1.263368870695595e-12 3.68512084045486e-14 0.1159999999998552
201 2.068436811436411e-13 1.536693181123737e-12 0.1200000000007873
202 1.033493025288355e-12 1.024907585362558e-13 0.1240000000002489
203 3.490706580225588e-13 5.182124532091186e-13 0.1280000000010242
204 4.912374548726772e-13 1.230419006386755e-12 0.1320000000010767
205 9.449447159088243e-13 1.543657028050126e-12 0.1360000000007742
206 8.61163576211037e-13 3.440399943827599e-13 0.1400000000008144
207 1.409535894534387e-12 1.519971808192971e-12 0.1440000000005739
208 9.074039422212776e-13 9.038450568066963e-13 0.1480000000002469
209 1.621470992418785e-13 1.373470468663265e-12 0.1520000000012195
210 6.456001475956846e-13 1.036497221566707e-12 0.1560000000012502
211 7.191805350602723e-13 1.243340902710348e-12 0.1600000000011802
212 1.299508278021228e-13 6.764918094613316e-13 0.1640000000012771
213 6.080754437755273e-13 1.02556246748389e-12 0.1680000000001904
214 2.658459833139956e-13 1.516799923101785e-12 0.1719999999998159
215 1.581022222563314e-12 8.614025204732386e-13 0.1759999999997543
216 9.979528569386095e-13 1.222239781469049e-13 0.180000000000092
217 4.607314318182885e-13 1.531759872681292e-12 0.1840000000000054
218 1.289566269730561e-12 8.388216963651988e-13 0.1880000000009028
219 1.973085026653959e-13 1.000968795607077e-12 0.1920000000006679
220 8.406753716652547e-14 4.622682466539124e-14 0.196000000000096
221 7.677780072203647e-15 7.654073604708809e-13 0.199999999999731
222 1.467981204101619e-12 8.953581882730037e-13 0.2040000000003978
223 1.430433268875136e-12 1.503433632793748e-12 0.2079999999998132
224 3.10755667575184e-13 1.689374975703732e-13 0.2119999999997199
225 4.214970734072046e-13 1.496176023415343e-13 0.2160000000005701
226 4.755533887519806e-13 1.147570459280144e-12 0.2200000000006808
227 8.736496992247339e-13 7.959772561061423e-15 0.2240000000006007
228 1.191375699353087e-12 1.297526042291623e-12 0.2279999999998278
229 8.126046377507668e-13 1.494834545702236e-12 0.2320000000008172
230 2.069619270195579e-13 1.578902082868761e-12 0.2360000000008519
231 6.378164378550556e-13 1.586579862940965e-12 0.2400000000000055
232 7.116697328635305e-13 1.454218948505213e-12 0.2440000000008894
233 1.462014838078555e-12 1.284310098842978e-12 0.248000000000781
234 3.723817370272735e-14 1.59506576716338e-12 0.2520000000009385
235 1.292614324286852e-13 4.162207220332134e-13 0.2560000000010766
236 1.082687211627882e-12 8.917741115304113e-13 0.2600000000006124
237 5.579948504366124e-13 1.650816922177746e-13 0.2640000000006088
238 1.565062361926635e-12 1.356457391570862e-12 0.2680000000002946
239 2.102673327071152e-13 5.687199107842584e-13 0.2720000000001776
240 1.456783218377261e-12 7.756818385490335e-13 0.2760000000001446
241 1.149183810920644e-12 1.413498276404089e-12 0.2800000000001194
242 6.649644652320119e-15 5.248258914754663e-13 0.2839999999999618
243 1.359815785939588e-12 3.8649861101665e-13 0.2879999999996339
244 1.015731322945863e-12 4.237367847193774e-13 0.2919999999996136
245 8.405843582677282e-13 5.529982171480626e-13 0.2960000000000149
246 8.150549951859104e-13 3.534331023857358e-14 0.3000000000008917
247 3.367539735920829e-13 5.93338160675186e-13 0.3039999999994414
248 1.46675484235147e-12 5.580584040644504e-13 0.308000000000783
249 6.935975170729562e-13 7.683257367715656e-13 0.3119999999997364
250 1.415274737496678e-12 6.247668373566727e-13 0.3160000000005002
251 5.151698037144201e-13 1.736085297399461e-13 0.3200000000003019
252 1.201644732873127e-12 1.802581743922662e-13 0.3240000000008152
253 1.416543742075233e-13 1.540073961077072e-12 0.3279999999995898
254 3.659741143848974e-13 9.554631654855637e-13 0.3320000000000022
255 5.850175031882805e-13 1.957054052159212e-13 0.3360000000005436
256 1.220281614024877e-12 1.010760401147049e-12 0.3400000000005675
257 1.146977718599732e-12 1.347514374739132e-12 0.343999999999549
258 1.238755514647143e-12 1.213927098553231e-12 0.3480000000000956
259 1.086648584473263e-12 3.071824978340343e-13 0.3519999999992521
260 1.503261565083642e-12 1.221151167933418e-13 0.3559999999998653
261 1.095214265705684e-12 6.372849212529794e-13 0.3600000000000275
262 5.003231241944434e-13 2.38587535588736e-13 0.3640000000001963
263 4.30257874903887e-13 3.802419097962592e-13 0.3680000000001244
264 7.466912358847633e-13 7.462160241811567e-13 0.3719999999994681
265 1.486861382330234e-12 1.331233527369437e-12 0.3759999999996524
266 1.179687626641179e-12 9.511730236021609e-13 0.3800000000006516
267 9.07857181935916e-13 4.978086236645214e-13 0.3840000000003873
268 1.229364897160621e-12 1.362220197742937e-13 0.3879999999999894
269 5.085888986576231e-13 1.222870604247557e-12 0.3920000000002852
270 5.561386369261909e-13 1.125790050793828e-12 0.3960000000003958
271 1.228455212551431e-12 6.206621979621414e-13 0.3999999999994212
272 4.740381993792472e-13 1.120985322901802e-12 0.4039999999996484
273 1.5002214791367e-12 1.551243197805689e-12 0.4080000000000171
274 8.657944836417004e-13 6.975923151530817e-13 0.4119999999991514
275 1.186830653632264e-12 5.841115789459451e-13 0.4160000000004713
276 1.032301103013792e-13 1.634570877949714e-13 0.4199999999998105
277 3.038996886276021e-14 1.071314269730887e-12 0.4240000000002969
278 1.305064201418056e-12 7.003370483541378e-13 0.4280000000004217
279 5.929812961970589e-13 1.208925947011761e-12 0.4320000000000326
280 1.880808888100961e-13 1.647224654005811e-13 0.4359999999995466
281 1.505637717499063e-12 1.393177677952013e-12 0.4400000000001558
282 2.597952296210511e-13 2.66873758793889e-13 0.4439999999996649
283 8.528823966143629e-13 1.667531201384356e-13 0.4479999999996044
284 2.258693556117806e-13 1.032547603780136e-12 0.4520000000002906
285 3.450723387903551e-13 6.190361388750299e-13 0.4559999999992628
286 1.95166730800996e-13 7.222662491764091e-13 0.4599999999994148
287 9.964341471590153e-13 7.526562180391692e-13 0.4640000000004745
288 6.951680678989676e-13 4.573783016650717e-13 0.4679999999995632
289 5.301240091584311e-13 1.05035959786213e-12 0.4719999999991602
290 1.587950555410669e-12 1.238440487417444e-12 0.4759999999993135
291 5.708829153819941e-13 1.143736086379136e-12 0.4799999999990948
292 1.744774733154605e-13 1.403531316000188e-12 0.4839999999993502
293 8.990573548959463e-13 6.560715948223971e-13 0.4879999999995055
294 1.574538314999533e-12 8.819409504341778e-13 0.4919999999989261
295 1.347269472464049e-12 1.227013289224533e-12 0.4959999999995338
296 1.037700910823558e-13 1.422180020025529e-12 0.5000000000002446
297 6.240699152877877e-13 8.182720486471733e-13 0.5039999999993853
298 6.153418914319535e-13 1.513440117291358e-12 0.5079999999998314
299 1.306950915930257e-12 4.432220079124187e-13 0.5119999999992698
300 6.801650365580228e-15 4.30830444785717e-13 0.5159999999988965
301 4.717169694840725e-13 1.001713360167711e-12 0.5200000000000287
302 7.294678487624239e-13 1.176190834228389e-12 0.5239999999998204
303 1.254092486834664e-12 4.749060705869647e-13 0.5279999999988646
304 3.451281265079693e-13 4.491022670491274e-13 0.531999999999735
305 4.687113699614106e-13 1.960296217210227e-13 0.5359999999993503
306 1.211330752289882e-12 2.997997128033786e-13 0.5399999999991607
307 1.075874265257391e-12 9.23869628091166e-13 0.5439999999999675
308 9.273187847191645e-14 1.53921151952312e-12 0.547999999999869
309 1.167309911888884e-12 1.245820316916006e-12 0.5519999999987004
310 9.156330683845838e-14 1.252621968026804e-12 0.5559999999991199
311 2.542571884602591e-13 1.239968189735055e-13 0.5600000000001101
312 1.560687157206414e-12 8.534646677359293e-13 0.5639999999996744
313 1.069964204878014e-12 5.072150360332227e-13 0.5680000000001378
314 1.235312847372012e-12 8.523431625411921e-13 0.5719999999989751
315 6.822603217628164e-13 1.321054532502603e-12 0.5759999999991597
316 1.356221085378154e-12 9.320431662551136e-13 0.579999999999448
317 2.51677631944279e-13 4.075753137203513e-13 0.5839999999987601
318 1.565748346440165e-12 5.003071921922678e-13 0.5879999999986865
319 1.192574941152669e-12 6.727498628899865e-14 0.5919999999999139
320 1.262623544522808e-12 1.58838293127457e-13 0.5959999999995479
321 1.631604741412936e-13 4.130954815877161e-13 0.5999999999996534
322 6.541076392749036e-14 3.734405202567589e-13 0.603999999998888
323 1.143851888687293e-12 1.443404725134773e-12 0.6079999999993768
324 1.096856964751473e-12 1.078375453969414e-12 0.6119999999986103
325 1.498964308609998e-12 1.602936571948598e-13 0.6159999999999189
326 4.967591556521742e-13 1.516514742573014e-12 0.6199999999992394
327 1.3946958340351e-12 1.678502567251395e-13 0.6239999999996354
328 1.581790417966784e-14 1.332564846279342e-13 0.627999999998524
329 1.761514938473554e-13 1.32583142652582e-12 0.6319999999985797
330 1.582305400431049e-12 9.881128525112575e-13 0.635999999998727
331 1.040397038712022e-12 1.151273326652551e-12 0.6399999999991286
332 6.224854959665011e-13 1.216684090580042e-12 0.6439999999994906
333 1.058038620956909e-12 7.601938607299642e-13 0.6479999999993221
334 4.004646641883865e-13 2.567087076892841e-13 0.6519999999987888
335 5.952338707062734e-13 1.553308977619111e-13 0.6559999999989375
336 5.10715491189392e-13 6.520900541593028e-13 0.6599999999988424
337 1.358240277927624e-12 4.464437696570319e-13 0.6639999999989986
338 1.012998260594055e-12 4.622616738366998e-13 0.6679999999991204
339 1.168063435452753e-12 6.384131676840551e-13 0.6719999999988343
340 1.39040359660045e-12 6.203764503229508e-13 0.6759999999998109
341 1.712399323382326e-13 6.043137049760242e-14 0.6799999999993505
342 9.655138682011025e-13 6.829168664641034e-13 0.6839999999989554
343 5.328862065285778e-13 1.406133688836417e-13 0.6879999999997041
344 1.543663270736043e-12 5.410780338172455e-13 0.6919999999983489
345 4.321315518381818e-13 1.136311904523519e-12 0.6959999999984928
346 1.081235608672551e-12 4.668527717554016e-14 0.6999999999991333
347 4.617017175040921e-14 1.404925555103165e-12 0.7039999999995683
348 7.792971100907781e-13 8.175816971598486e-13 0.7079999999984187
349 4.533841526692765e-14 3.853030140752308e-13 0.7119999999990457
350 6.372111462236801e-13 1.753644921383097e-13 0.7159999999996546
351 6.168546118995366e-13 3.466044244765423e-13 0.7199999999997035
352 1.47429284945356e-13 1.312118293422862e-12 0.7239999999987746
353 8.946880493164341e-13 2.446623814140692e-13 0.7279999999989037
354 8.01798556625323e-13 1.87983533612742e-13 0.7319999999994333
355 9.656177708782786e-13 6.201150854509238e-13 0.7359999999989578
356 1.284767883638363e-12 1.01008576331321e-13 0.739999999998993
357 6.556659320203786e-13 1.471787480817302e-13 0.7439999999987862
358 4.730077508046439e-13 9.264758589177257e-13 0.7479999999995922
359 7.52611243425609e-13 9.718142741846533e-13 0.7519999999983658
360 7.028578519325842e-14 8.683301870962635e-15 0.7559999999985296
361 8.336778029076078e-15 6.255379137704992e-13 0.7599999999988647
362 6.819140617278792e-15 7.729671994610725e-13 0.763999999998565
363 6.882183704148023e-13 6.731313024013588e-14 0.7679999999987982
364 1.510230969095968e-12 8.691116868654589e-13 0.7719999999989747
365 1.272979483057008e-12 2.343873399515841e-13 0.775999999997983
366 5.716977830041955e-13 1.519155223589947e-12 0.7799999999980725
367 1.517443478664294e-12 5.744790378181722e-13 0.7839999999982082
368 6.674304923528166e-13 1.047486788622816e-12 0.7879999999991241
369 6.349992039464048e-13 1.997559135110543e-13 0.791999999998491
370 9.87870930360441e-13 2.700416987043128e-13 0.7959999999984951
371 1.516107148912787e-12 2.783784767333888e-13 0.7999999999991161
372 7.906056734043046e-13 2.85197618095885e-13 0.8039999999982911
373 1.377222492063902e-12 9.734159885106871e-13 0.8079999999983609
374 6.081595736001973e-13 8.833048390692841e-13 0.8119999999992326
375 2.70801887492348e-14 5.559422035889208e-13 0.8159999999994754
376 6.611589009441348e-14 1.127639986593116e-12 0.8199999999994034
377 2.061601677709132e-13 1.04474134672004e-12 0.8239999999983869
378 4.933831942743605e-13 1.11829720535486e-13 0.8279999999994488
379 1.067399604129454e-13 7.468289252271081e-13 0.8319999999980646
380 6.919110014814008e-13 1.343577370501784e-13 0.8359999999983508
381 1.285765344420819e-12 5.012276742559466e-14 0.8399999999986413
382 9.048154825933656e-13 8.407284408298994e-13 0.8439999999989357
383 1.296832820972202e-12 6.176088143564302e-13 0.8479999999983182
384 1.558211710538039e-13 1.225768387956627e-12 0.8519999999992108
385 1.484263326538235e-12 1.25284857745108e-12 0.8559999999981758
386 1.446750704182097e-12 1.318964467545493e-12 0.8599999999993126
387 1.328051186878535e-12 1.525124636061624e-12 0.8639999999987664
388 1.834885888557747e-13 4.181657117986135e-13 0.8679999999988876
389 8.641277945583019e-14 5.249056722115589e-13 0.8719999999996437
390 1.8909288356694e-13 1.21681667369296e-12 0.8759999999981871
391 5.618146863823626e-13 9.02239899576408e-13 0.8799999999982465
392 1.212914966676391e-12 2.067132643776203e-13 0.8839999999990966
393 5.488707465289343e-13 1.503546085349823e-12 0.8879999999981238
394 8.582425148921645e-13 5.902513786625564e-14 0.8919999999993661
395 4.505770037873079e-13 1.543288464404491e-12 0.8959999999990349
396 5.988536962713722e-13 1.389697050049217e-12 0.8999999999987697
397 2.744282568111822e-13 1.117406118390382e-12 0.9039999999987038
398 9.947441640710323e-13 1.300894707246157e-12 0.9079999999991313
399 2.26547674074215e-13 1.387307486701987e-12 0.9119999999996655
400 2.051801085592883e-13 1.576400370268927e-12 0.9159999999992914
401 3.181702808397573e-13 5.378729388591359e-13 0.9199999999986026
402 4.812832198006037e-13 1.504457869981564e-13 0.9239999999988187
403 1.485124600336567e-12 6.993165342723079e-13 0.9279999999987312
404 1.506232677436806e-12 1.557559049164472e-12 0.9319999999987996
405 1.152767023956303e-12 4.07793935159627e-13 0.9359999999987518
406 4.518078293895089e-13 1.006647631430999e-12 0.9399999999985504
407 1.069813102368208e-12 1.281075888987399e-12 0.9439999999996772
408 1.225877507900618e-14 6.754779345210606e-13 0.947999999999387
409 9.732122773805716e-13 9.020256085952755e-13 0.9519999999991869
410 8.587293341015424e-13 1.107205717899781e-12 0.9559999999991791
411 3.607209467233197e-13 1.425375998739538e-12 0.9599999999997332
412 7.649524589215051e-13 3.063171000027714e-13 0.9639999999998974
413 1.375897235497311e-12 1.910995825471847e-13 0.9679999999990058
414 2.897038603481974e-13 9.69901414466206e-14 0.9719999999989722
415 8.628777416027105e-13 1.249757165402924e-12 0.9759999999993894
416 1.378997968724344e-12 1.01222876255062e-13 0.979999999998805
417 8.413100956566997e-14 1.17103597862327e-12 0.9839999999984951
418 1.507012288079966e-12 1.183294753702276e-12 0.9879999999991799
419 1.030104036765677e-12 5.561649132906941e-13 0.9919999999984908
420 3.401611536160047e-13 1.414894247392236e-12 0.9959999999996074
421 1.226618641480476e-12 1.752730755781855e-13 0.9999999999994418
422 1.050606949666712e-12 9.402255344996905e-13 1.003999999999758
423 1.025041045596323e-12 7.157806514596305e-13 1.007999999999958
424 9.844955651565243e-14 1.005484511807828e-12 1.011999999998464
425 7.294171173446722e-13 2.680201348731676e-13 1.015999999999729
426 1.678364947959483e-13 4.66759858053579e-14 1.019999999999847
427 6.129035044234412e-13 1.308069953710279e-13 1.023999999999434
428 7.387042837557448e-13 3.747716491362338e-14 1.027999999999033
429 1.539982998354326e-12 1.067581201679301e-12 1.031999999999605
430 4.260308521865947e-14 1.407742356040523e-12 1.035999999999436
431 1.252771007774927e-12 1.034018878983628e-12 1.039999999999619
432 6.87630692741209e-13 4.84283710858187e-13 1.043999999998961
433 4.288074777102623e-13 1.509324756454509e-12 1.047999999999679
434 3.610838452265004e-13 7.432194432791192e-15 1.051999999999087
435 3.903503541893591e-13 7.368493125226808e-13 1.055999999999357
436 6.903191001777088e-14 9.046858073186291e-13 1.059999999999406
437 1.449278460638616e-12 1.51758931174207e-12 1.063999999999545
438 7.998767528079883e-13 6.559514777056616e-13 1.067999999999599
439 1.333769799424855e-12 5.955923575226173e-13 1.071999999999082
440 8.23485640795044e-13 6.381954427412768e-13 1.075999999998906
441 1.277536117653168e-13 2.906243327240504e-13 1.079999999999956
442 1.207636776851146e-12 9.782550254652595e-13 1.083999999998856
443 2.706123936192372e-14 1.407062503175522e-12 1.087999999998781
444 1.16260847261492e-12 1.678042298646513e-13 1.091999999998805
445 1.029559813462207e-13 5.581545840540104e-13 1.095999999999558
446 9.116657434880595e-13 6.271864940717812e-13 1.099999999998879
447 1.667093728978854e-13 4.76122836173026e-13 1.103999999998798
448 1.15290211621611e-12 1.275999588981014e-12 1.107999999999457
449 5.762299066558045e-13 1.009427270613716e-12 1.112000000000055
450 1.067138899520017e-12 2.325707928713888e-13 1.115999999999095
451 1.365448129142165e-12 3.603244046367056e-13 1.119999999999388
452 1.097434119955787e-12 1.567961181487851e-12 1.123999999998768
453 1.313703821627597e-12 1.595022421594992e-12 1.128000000000188
454 1.438956161216545e-12 1.157288775672542e-12 1.131999999998772
455 1.571640695983502e-12 1.260244757018763e-12 1.135999999999346
456 8.408324239905515e-13 5.715683819694516e-13 1.13999999999999
457 1.014709960061448e-12 7.38277754867337e-13 1.143999999998881
458 1.10583469008226e-12 2.908377532912936e-13 1.148000000000174
459 2.525687785261465e-13 8.670676599470982e-13 1.151999999999599
460 1.595237343775238e-12 3.338644409297448e-13 1.155999999999848
461 3.754171154360827e-13 9.897045227975643e-14 1.160000000000225
462 1.046563337613131e-12 1.196404572235544e-12 1.164000000000203
463 1.095622467463285e-12 9.097662760709874e-13 1.1680000000002
464 9.51401981206373e-13 7.483803187501618e-13 1.17199999999976
465 9.749857255593294e-13 7.19678896196293e-13 1.175999999999422
466 1.556724053221079e-12 1.560511320932062e-12 1.179999999999996
467 1.165306757162456e-12 9.748791624561385e-13 1.183999999999136
468 1.250012296531642e-12 4.803717340010281e-13 1.187999999999432
469 1.010375307089689e-12 7.32940513272392e-13 1.192000000000315
470 1.798234697240806e-13 7.278357385102595e-13 1.195999999999064
471 1.182184544512449e-12 1.103252853946342e-12 1.19999999999918
472 9.445279054001525e-13 5.494740737673196e-13 1.204000000000393
473 6.744903292383364e-13 4.475442269323412e-14 1.207999999999718
474 3.991330568793593e-13 9.961564038996071e-13 1.212000000000482
475 1.281064560192924e-12 3.708000109215658e-13 1.215999999999606
476 2.225565834505105e-13 3.271819463504914e-13 1.219999999999569
477 1.335959107960136e-12 1.492488703512948e-12 1.224000000000546
478 1.587297269544946e-12 1.142158881507219e-12 1.227999999999428
479 5.291310651384607e-13 5.521920708047545e-13 1.232000000000164
480 3.380325214242912e-13 7.320155405288352e-13 1.235999999999294
481 4.807984193850839e-13 3.138579665039135e-13 1.240000000000408
482 7.225347688804155e-13 1.258385871904066e-12 1.243999999999373
483 5.603335728191379e-13 3.32534083350249e-13 1.247999999999434
484 1.307898652828847e-12 7.316671402296083e-13 1.252000000000447
485 1.203501933796566e-12 4.123895818851619e-13 1.255999999999234
486 2.18441992423206e-13 6.349461653356722e-13 1.259999999999577
487 7.938933719819084e-13 3.705631555036553e-13 1.263999999999485
488 7.438817954593787e-13 3.575183065112303e-13 1.268000000000644
489 1.174241953683095e-12 8.86649371649691e-13 1.271999999999612
490 7.372005066418317e-13 1.2246818938192e-12 1.276000000000357
491 1.027994798856046e-12 1.051381946669128e-13 1.280000000000673
492 8.21699826479231e-13 8.276729635473284e-13 1.284000000000333
493 1.164878927869736e-12 1.388006537111684e-12 1.288000000000668
494 1.552812451953475e-12 1.09556307140316e-12 1.291999999999802
495 1.33656026139945e-12 6.987228866623552e-13 1.296000000000217
496 1.491108082512209e-12 9.171648790855611e-13 1.299999999999254
497 3.724957314380885e-13 1.107161325300988e-13 1.303999999999641
498 7.463720838769154e-13 8.545979287346948e-13 1.308000000000014
499 6.620652000308079e-13 4.284977638804187e-13 1.311999999999317
500 1.129950386244238e-12 1.165698271267468e-12 1.316000000000558
501 7.29508995194349e-13 5.933509515861427e-13 1.320000000000679
502 6.429255713935914e-13 1.415050778065374e-12 1.323999999999923
503 2.14385900959529e-13 9.795875873977387e-13 1.327999999999727
504 1.183803138757155e-13 9.320579208138429e-13 1.332000000000839
505 7.540418670215102e-13 6.682760636759227e-13 1.335999999999953
506 2.017508835150961e-13 5.590420283959784e-13 1.340000000000878
507 2.844060653443542e-13 9.31537759834067e-13 1.34399999999939
508 7.37624403422485e-13 7.756772591882884e-14 1.348000000000247
509 1.548361047266629e-12 7.396329259496367e-13 1.352000000000678
510 4.506282643093931e-14 2.692411936565036e-13 1.356000000000246
511 1.36678861795182e-12 9.987501895960699e-13 1.360000000000842
512 1.193310485602243e-12 4.133364245229069e-14 1.364000000000664
513 2.471631990078413e-13 2.557195434118196e-13 1.36800000000006
514 6.890224487799056e-13 3.740998572875351e-13 1.371999999999408
515 6.261026521629769e-13 1.128141724309045e-12 1.376000000000092
516 1.261905742953621e-12 1.329892607824142e-12 1.380000000000668
517 1.214531594292455e-12 1.395655463112498e-14 1.384000000000015
518 1.277873578161388e-12 7.515809580536099e-13 1.388000000000109
519 5.95471372972862e-13 6.995998875280853e-13 1.392000000000865
520 3.415669316647551e-13 7.446627139590247e-13 1.39599999999955
521 1.253360761624116e-12 5.111092141186915e-13 1.400000000000565
522 1.158163424632249e-12 1.040775811835641e-13 1.404000000000609
523 8.77674747168385e-13 3.512407801914055e-13 1.408000000000867
524 1.57677365710226e-12 1.040263229716529e-12 1.411999999999643
525 7.246250775236055e-15 6.602376334213468e-14 1.416000000000774
526 7.063370266615058e-13 1.327929506295755e-12 1.420000000000506
527 3.641277131516005e-13 9.421189820508391e-13 1.424000000000522
528 9.534561594757621e-13 6.196504424200735e-13 1.427999999999686
529 2.001021318138187e-14 1.215121815392936e-12 1.432000000000402
530 1.426539311374009e-12 1.556688747057691e-12 1.435999999999562
531 1.501967484685769e-12 1.209707390144436e-12 1.440000000000089
532 9.758037298014457e-13 7.675286962393143e-13 1.44400000000021
533 4.909736166241956e-13 4.486132487032874e-14 1.448000000000577
534 2.618630476039825e-13 2.129286343521779e-14 1.452000000000033
535 4.068523351260873e-13 2.853911421045385e-14 1.456000000000116
536 7.964122916508408e-14 7.348761408719596e-13 1.45999999999986
537 1.082322730283005e-12 1.09900385402356e-12 1.464000000000813
538 4.986186682398974e-13 4.521178949619516e-13 1.467999999999835
539 6.664955649956172e-13 4.721281081433335e-13 1.472000000001052
540 1.533972348534205e-12 2.983253009799717e-13 1.476000000001011
541 1.545769728239664e-12 1.999506678735874e-13 1.480000000000623
542 4.683342035264437e-13 1.175754397675033e-12 1.483999999999792
543 1.095318379279376e-12 6.63858957618579e-14 1.487999999999841
544 4.732012166863424e-13 3.282489433658405e-13 1.491999999999879
545 8.913472838098377e-13 7.351012792371451e-13 1.495999999999923
546 1.375517114275468e-12 8.147425084022293e-13 1.500000000000675
547 1.587274333244699e-12 2.967231201478634e-13 1.50400000000019
548 1.140808416472617e-12 7.953417891329783e-13 1.508000000000658
549 1.313992941375391e-12 1.461837354128595e-12 1.512000000001146
550 1.101957163878948e-12 1.39546758412543e-12 1.51599999999986
551 8.462680141576062e-13 1.34089519457294e-12 1.520000000000077
552 1.999441367885475e-13 2.088872795620134e-13 1.524000000001268
553 3.211489549135858e-13 1.304205658841389e-12 1.528000000001341
554 4.872150986541703e-13 1.770647569903609e-13 1.532000000000071
555 6.745741050847552e-13 1.068412040800199e-12 1.536000000000809
556 8.904722264710112e-13 8.43587037283513e-13 1.540000000000026
557 2.409043701918562e-13 8.305192519908418e-13 1.544000000000325
558 6.903403679362614e-13 3.709855499260885e-13 1.548000000001122
559 1.591894261387835e-12 8.463637350932655e-14 1.552000000000993
560 1.365234145190589e-12 1.186593537388274e-12 1.556000000000805
561 1.436899329973315e-12 4.325194330085096e-13 1.560000000000561
562 1.081730640922575e-13 6.32463569797057e-13 1.564000000000786
563 1.555543314423604e-12 9.536125254558604e-13 1.568000000000507
564 1.468957341979437e-12 1.44082762411003e-12 1.5720000000007
565 1.102781951089575e-13 5.15059610657415e-13 1.576000000000184
566 1.087042446012994e-12 1.405531837128426e-12 1.580000000001044
567 1.278207086781889e-12 4.609408878291176e-14 1.58400000000029
568 1.657527299064937e-13 7.364344574643904e-13 1.588000000000676
569 1.44898227995623e-12 7.279866003148551e-13 1.592000000000763
570 9.933649478050382e-13 4.928786269680735e-13 1.596000000000352
571 0.02750000000033287 3.294358384040179e-13 0.004000000000779132
572 0.02750000000101328 4.376089024962754e-13 0.008000000001404283
573 0.02750000000030222 3.928100983825084e-13 0.01200000000075024
574 0.02750000000089538 2.614253225697921e-13 0.01600000000058356
575 0.02750000000006526 3.717035176787496e-13 0.02000000000109148
576 0.02750000000030355 1.458745964436961e-12 0.02400000000088952
577 0.02750000000138542 1.136610932681479e-12 0.02800000000092847
578 0.02750000000009713 1.302363662587973e-12 0.03200000000005742
579 0.02750000000078017 1.151003824752049e-12 0.03600000000077826
580 0.02750000000154785 5.440266540197168e-13 0.04000000000126373
581 0.02750000000030143 8.768997352616222e-13 0.04399999999998525
582 0.02750000000108788 2.898340259759641e-13 0.04800000000041527
583 0.02750000000090644 5.920589242621269e-13 0.05200000000080029
584 0.02750000000007828 1.487437971914564e-12 0.0560000000010537
585 0.02750000000069094 1.552693806641047e-12 0.0600000000014174
586 0.02750000000021833 2.558963514496231e-13 0.06400000000126746
587 0.02750000000115124 4.097476216117474e-14 0.06800000000079484
588 0.02750000000052991 1.381061722291733e-13 0.07200000000048801
589 0.02750000000064501 9.182761330701423e-13 0.07600000000002978
590 0.0275000000014881 8.657788981656022e-13 0.08000000000056492
591 0.02750000000122372 1.167208006394262e-12 0.08400000000143294
592 0.02750000000128878 6.547407714820443e-13 0.08800000000011378
593 0.02750000000019111 1.561182882508593e-12 0.09200000000069869
594 0.02750000000108659 3.912050931765638e-14 0.09600000000057865
595 0.02750000000064315 7.300655130940067e-13 0.1000000000005239
596 0.02750000000057141 9.483932674203175e-13 0.1040000000007735
597 0.02750000000035809 4.992934923780789e-13 0.1080000000008082
598 0.02750000000128136 1.029202394542356e-12 0.11200000000094
599 0.02750000000030632 7.387019430279823e-14 0.1160000000002524
600 0.02750000000048229 1.561967730539436e-12 0.1200000000011128
601 0.02750000000120228 1.185347273863015e-12 0.1240000000006742
602 0.02750000000119883 8.737867819601387e-13 0.1280000000013242
603 0.02750000000148521 1.064895157327085e-12 0.1320000000012805
604 0.02750000000076331 5.511403812994242e-13 0.1360000000013151
605 0.02750000000152885 1.194289893493886e-12 0.1400000000004392
606 0.02750000000064639 1.653629760049125e-13 0.143999999999781
607 0.02750000000001983 5.234477118068353e-13 0.148000000000274
608 0.02750000000103459 2.044707957611746e-13 0.1520000000012969
609 0.02750000000058712 5.107958919463374e-13 0.1559999999997642
610 0.02750000000105792 9.930847065770024e-13 0.1600000000013198
611 0.02750000000079415 5.950217743902986e-13 0.1640000000008992
612 0.02750000000009726 1.935068306478478e-13 0.1680000000001681
613 0.0275000000000551 7.837390207083171e-14 0.1720000000012284
614 0.02750000000157413 8.416819129213772e-13 0.1760000000001743
615 0.02750000000153193 7.701845980393066e-13 0.1799999999997619
616 0.02750000000061946 1.416575764065667e-12 0.183999999999921
617 0.02750000000065538 1.436409643912711e-12 0.188000000000438
618 0.02750000000119059 8.706609997416126e-13 0.1920000000006344
619 0.02750000000115467 1.457778123064134e-12 0.1960000000011372
620 0.02750000000119261 9.153529091304588e-13 0.200000000000522
621 0.02750000000119219 1.091642568514059e-13 0.2040000000011072
622 0.02750000000077676 2.064201726212381e-13 0.2079999999996907
623 0.02750000000123512 2.61519309384629e-13 0.2119999999997593
624 0.02750000000115804 2.353024311128008e-13 0.2160000000005897
625 0.02750000000003175 1.668900471234099e-13 0.2199999999997481
626 0.02750000000009976 7.86347670510463e-13 0.2240000000011532
627 0.02750000000033312 1.441726450156907e-12 0.2280000000009778
628 0.02750000000108994 1.031977760648667e-12 0.2320000000002366
629 0.02750000000045088 5.863039965280989e-13 0.2360000000000825
630 0.02750000000032262 1.785753513527844e-13 0.2400000000009864
631 0.02750000000118744 1.370759557152594e-12 0.2440000000010841
632 0.02750000000104695 5.471775306879958e-13 0.2479999999996786
633 0.02750000000109996 1.819581739469334e-13 0.2519999999999287
634 0.02750000000123134 1.339996643511274e-12 0.2560000000001525
635 0.02750000000060407 1.371749083605701e-12 0.260000000000308
636 0.02750000000074698 1.471505389214534e-12 0.2639999999994824
637 0.02750000000070612 2.042864170600987e-13 0.2680000000009127
638 0.02750000000050133 1.294224116023971e-12 0.2720000000003329
639 0.0275000000011672 1.44762927745648e-13 0.2760000000009077
640 0.02750000000009016 4.673829805009917e-13 0.2799999999994744
641 0.02750000000152882 5.448474379226271e-14 0.2840000000008337
642 0.02750000000147631 1.101432111292348e-12 0.2879999999997687
643 0.02750000000002987 6.010476765743532e-13 0.2919999999999356
644 0.02750000000044529 2.320474609916988e-13 0.2959999999996603
645 0.02750000000109601 8.361133767205443e-13 0.2999999999994168
646 0.02750000000031328 1.58308790475326e-12 0.3040000000008733
647 0.0275000000003169 6.888625720807725e-13 0.3079999999994623
648 0.0275000000001619 1.190189141898379e-12 0.3120000000007416
649 0.02750000000103888 7.570443761277344e-13 0.3160000000008745
650 0.02750000000090183 8.472063993234072e-13 0.31999999999973
651 0.02750000000094335 7.756860005880508e-13 0.323999999999773
652 0.02750000000075528 6.516474382635059e-13 0.3280000000008629
653 0.0275000000011144 6.815108834805759e-13 0.3319999999998522
654 0.02750000000005513 1.126795647114325e-12 0.3360000000000727
655 0.02750000000033585 6.224620402497471e-13 0.3399999999992971
656 0.02750000000038798 9.357422300380591e-13 0.3439999999992683
657 0.02750000000031128 1.252641766961918e-12 0.3479999999999456
658 0.02750000000043886 1.414544984131294e-12 0.351999999999524
659 0.02750000000026033 8.530875236574837e-13 0.3560000000002695
660 0.02750000000022656 1.545733820685857e-13 0.3599999999995049
661 0.02750000000066017 1.097920029999973e-12 0.3640000000002692
662 0.02750000000114827 2.528606682469092e-13 0.3679999999993089
663 0.02750000000113745 1.36725706531735e-12 0.3719999999999791
664 0.02750000000012734 1.422383158083486e-12 0.375999999999494
665 0.02750000000094962 1.578934715192222e-13 0.380000000000105
666 0.02750000000100767 5.458792077676293e-13 0.3839999999994289
667 0.02750000000104847 8.571615197137175e-13 0.38800000000067
668 0.02750000000017779 1.296026824417586e-12 0.3920000000004728
669 0.0275000000004973 1.556357118620617e-12 0.395999999999714
670 0.02750000000157385 1.825732130215222e-13 0.3999999999998571
671 0.02750000000029692 8.42742323705601e-13 0.4039999999993433
672 0.02750000000139603 3.906649588808088e-13 0.4079999999995846
673 0.02750000000154643 1.528115348376864e-12 0.41199999999934
674 0.02750000000077801 5.511481390122569e-14 0.4159999999991506
675 0.02750000000113638 1.004737171312487e-12 0.4199999999992969
676 0.02750000000051687 4.120694424642973e-13 0.4239999999998314
677 0.02750000000083311 1.460541650647288e-12 0.4279999999990767
678 0.02750000000080164 3.799001382055479e-14 0.4320000000003612
679 0.02750000000058438 5.352879094667829e-13 0.4360000000003058
680 0.0275000000012202 5.087954781294001e-13 0.4400000000004769
681 0.02750000000041026 8.057191191318138e-13 0.4439999999997077
682 0.02750000000069823 6.014027137794866e-13 0.448000000000087
683 0.02750000000123907 5.474937018263594e-13 0.4520000000000033
684 0.02750000000154682 1.325502966007791e-12 0.456000000000047
685 0.02750000000007627 8.615419163633633e-13 0.4599999999994398
686 0.02750000000036395 1.37841471317063e-12 0.4639999999998403
687 0.02750000000119752 6.11179347902474e-13 0.4679999999996892
688 0.0275000000012879 1.412819707548618e-12 0.4719999999997156
689 0.02750000000107397 3.968544206282444e-13 0.4760000000002395
690 0.02750000000081606 1.671313008142444e-14 0.4799999999991364
691 0.02750000000074071 4.269692172315267e-13 0.4839999999999307
692 0.02750000000150811 1.125200595031588e-12 0.4879999999989202
693 0.02750000000106583 7.639258117007115e-13 0.4919999999994562
694 0.02750000000055133 7.104019340466823e-13 0.4959999999991699
695 0.02750000000009194 7.86670000125181e-13 0.50000000000002
696 0.02750000000063729 1.150623482945864e-12 0.5039999999997865
697 0.0275000000015947 7.477994709937741e-13 0.507999999998786
698 0.02750000000081198 4.353594847278447e-13 0.5120000000001873
699 0.02750000000006724 1.509330348565662e-12 0.5159999999989724
700 0.02750000000145814 7.250428255157302e-13 0.5199999999989775
701 0.02750000000015714 1.46575436641953e-12 0.523999999999393
702 0.02750000000126221 1.373523057907923e-12 0.5279999999989063
703 0.02750000000136834 8.390138596069328e-13 0.5319999999996587
704 0.02750000000042161 1.390342119148207e-12 0.5359999999987575
705 0.02750000000080039 1.482280533386036e-12 0.5399999999995326
706 0.02750000000044038 5.192241536051011e-13 0.5439999999990714
707 0.02750000000145877 5.135845422975043e-13 0.5479999999998078
708 0.02750000000148801 1.325561230827946e-12 0.5519999999986313
709 0.02750000000132972 1.392802114479611e-12 0.5560000000001292
710 0.02750000000156828 1.250595104209716e-12 0.5599999999992424
711 0.02750000000022322 1.407735677402443e-12 0.5639999999990962
712 0.02750000000090547 1.069600834652238e-12 0.567999999998858
713 0.02750000000111258 8.375932912290191e-13 0.5719999999996854
714 0.02750000000048327 1.259206747468713e-12 0.5759999999994641
715 0.02750000000056436 4.592599337948025e-13 0.5799999999993345
716 0.02750000000143212 8.996368843628048e-13 0.5839999999998422
717 0.02750000000024982 7.580680752686081e-13 0.5879999999987431
718 0.02750000000141566 6.457328559051214e-13 0.5920000000000502
719 0.02750000000141652 3.751088145383746e-13 0.5959999999998243
720 0.02750000000132637 3.430503725418296e-13 0.5999999999994562
721 0.02750000000036092 5.662706599969107e-13 0.603999999999245
722 0.02750000000086122 1.471738894135145e-12 0.6079999999986958
723 0.02750000000113471 9.839714336585952e-13 0.611999999999515
724 0.02750000000064686 1.467236208805344e-12 0.6159999999991614
725 0.02750000000154936 4.31250916547333e-13 0.6199999999996094
726 0.02750000000073346 2.630276762923304e-13 0.6239999999988971
727 0.02750000000043678 5.128478517036129e-13 0.6279999999996437
728 0.02750000000065368 3.28168795237584e-13 0.6319999999986776
729 0.0275000000005958 1.443499923673055e-13 0.6359999999990413
730 0.02750000000033039 1.47072179165844e-12 0.6399999999993728
731 0.02750000000131556 2.313006622693866e-13 0.6439999999983274
732 0.02750000000050779 1.092525209184854e-12 0.6479999999997875
733 0.02750000000076962 6.268921347006509e-13 0.6519999999991597
734 0.0275000000002687 1.273757416961082e-12 0.655999999999015
735 0.02750000000102699 1.222778938784831e-12 0.6599999999994349
736 0.0275000000006442 3.558951142753453e-13 0.6639999999996865
737 0.02750000000116104 7.926722163203142e-13 0.6679999999985874
738 0.02750000000083561 1.446352668679872e-12 0.671999999998904
739 0.02750000000115591 4.418134651072217e-13 0.6759999999990368
740 0.02750000000025098 7.721988386193463e-13 0.6799999999988959
741 0.02750000000128944 4.874196570964369e-13 0.6839999999991158
742 0.02750000000129383 9.952115979409371e-13 0.6879999999985964
743 0.02750000000116961 1.644912579851257e-13 0.6919999999992118
744 0.02750000000042903 4.331940484858271e-13 0.6959999999988737
745 0.02750000000115568 1.460184597629166e-12 0.6999999999984846
746 0.02750000000071324 5.040386021352037e-13 0.7039999999988291
747 0.02750000000053383 6.473506564933269e-14 0.7079999999996103
748 0.02750000000086726 9.003420634401612e-13 0.7119999999994449
749 0.02750000000152887 4.559082143380691e-13 0.7159999999982748
750 0.02750000000073448 7.068844514188018e-13 0.7199999999990355
751 0.02750000000141081 3.959790286868183e-13 0.7239999999995115
752 0.02750000000071811 8.946260613902928e-14 0.7279999999988949
753 0.02750000000111792 1.259074078655797e-12 0.7319999999990477
754 0.02750000000054429 8.775852353838612e-14 0.7359999999994695
755 0.02750000000124441 1.243436388157318e-12 0.7399999999993179
756 0.02750000000156698 3.563322334478131e-13 0.7439999999982102
757 0.02750000000064509 8.901579727769433e-13 0.7479999999982634
758 0.02750000000051588 1.570772207735801e-13 0.7519999999991523
759 0.02750000000023268 8.560089195789558e-14 0.7559999999995967
760 0.02750000000039129 8.200789779519779e-13 0.7599999999986917
761 0.0275000000013221 6.305490348299597e-13 0.7639999999990762
762 0.02750000000113999 1.348653842653381e-12 0.7679999999991542
763 0.02750000000035275 8.662343742775712e-13 0.7719999999988014
764 0.02750000000133034 1.410524882940552e-12 0.7759999999988777
765 0.02750000000114078 1.054598550019099e-12 0.7799999999985093
766 0.02750000000081106 1.021234312807608e-12 0.7839999999988543
767 0.02750000000098539 6.598516853448796e-14 0.7879999999981334
768 0.02750000000122444 5.818654505669902e-13 0.791999999998286
769 0.0275000000007635 8.145435920006788e-13 0.795999999998367
770 0.02750000000075847 1.205833056452341e-12 0.7999999999991825
771 0.02750000000146032 9.275905654943868e-13 0.803999999998215
772 0.02750000000095781 4.672357762232532e-13 0.8079999999979659
773 0.02750000000054476 8.199802865798775e-13 0.8119999999988347
774 0.02750000000139079 5.499732367572318e-13 0.8159999999986532
775 0.02750000000072423 9.040867449592582e-14 0.8199999999981168
776 0.02750000000130111 9.014711974251259e-13 0.8239999999991474
777 0.02750000000063397 2.865151720957288e-13 0.8279999999992278
778 0.027500000000857 1.510959900486591e-12 0.8319999999982256
779 0.0275000000012371 6.741210911709802e-13 0.8359999999990564
780 0.02750000000010246 1.432591195561705e-12 0.8399999999986739
781 0.02750000000138824 1.292570429493262e-12 0.8439999999980105
782 0.02750000000010389 6.500378209072519e-13 0.8479999999984871
783 0.0275000000001682 1.194798095225292e-12 0.8519999999993163
784 0.02750000000109873 9.852410940284361e-13 0.8559999999982753
785 0.02750000000023911 1.091253408550723e-13 0.8599999999983751
786 0.02750000000043408 1.410229343890323e-12 0.8639999999992858
787 0.02750000000004995 4.438589802246724e-13 0.8679999999995817
788 0.02750000000133214 1.300856460455022e-12 0.8719999999995016
789 0.02750000000159586 9.376147682802109e-13 0.8759999999985847
790 0.02750000000107378 1.040076914940723e-12 0.8799999999984263
791 0.02750000000015719 8.279797598511643e-13 0.8839999999981278
792 0.02750000000016819 9.318723378414954e-13 0.8879999999987879
793 0.02750000000064643 1.100066373027726e-12 0.8919999999983989
794 0.0275000000003443 5.984541211500581e-13 0.8959999999994004
795 0.02750000000059215 8.375604658942591e-13 0.8999999999995257
796 0.02750000000093041 1.27164183799684e-12 0.9039999999993449
797 0.02750000000056979 1.321590432473255e-12 0.9079999999981978
798 0.02750000000049569 1.053391417857993e-12 0.911999999999508
799 0.02750000000033221 1.048910244718042e-12 0.9159999999988545
800 0.02750000000084285 5.223483872619301e-13 0.9199999999983036
801 0.02750000000118574 6.795389019419963e-13 0.923999999999141
802 0.02750000000122086 8.477302364604748e-13 0.9279999999984818
803 0.02750000000030567 1.494158166295401e-12 0.9319999999995912
804 0.02750000000058528 2.381187424423463e-13 0.9359999999985986
805 0.02750000000024979 8.302694387332834e-13 0.9399999999994455
806 0.02750000000002343 1.603346918441793e-13 0.9439999999991261
807 0.02750000000120729 7.301278184827482e-13 0.9479999999988566
808 0.02750000000123468 1.225821872207348e-12 0.9519999999983226
809 0.02750000000096257 1.558034634967199e-12 0.9559999999993877
810 0.02750000000002774 8.005450793959117e-13 0.9599999999983259
811 0.02750000000013298 3.859444010551906e-13 0.9639999999990192
812 0.02750000000106621 6.460911646145137e-15 0.9679999999998763
813 0.02750000000133096 3.121324320760273e-13 0.9719999999997794
814 0.02750000000109544 8.974149382875404e-13 0.9759999999984265
815 0.02750000000145838 1.14720740577175e-12 0.9799999999992661
816 0.02750000000105853 1.170635176874163e-12 0.9839999999994358
817 0.02750000000032998 7.775854754572966e-13 0.9879999999985749
818 0.02750000000092303 4.119172832362587e-13 0.9919999999998099
819 0.02750000000096912 1.374487059175636e-12 0.9959999999997771
820 0.02750000000046377 1.402225335971333e-12 0.9999999999989866
821 0.02750000000048078 1.535209028564073e-12 1.003999999999382
822 0.02750000000117733 1.001075779012865e-12 1.007999999999397
823 0.02750000000112127 7.31697924413989e-13 1.011999999999719
824 0.02750000000095902 2.267997207482344e-13 1.015999999999031
825 0.02750000000103489 8.483528916565958e-14 1.019999999998595
826 0.02750000000034068 1.143365095560523e-12 1.023999999999782
827 0.02750000000140716 1.473346740854925e-12 1.027999999998975
828 0.02750000000000307 7.960285389847487e-13 1.031999999999403
829 0.02750000000142516 1.648019078079872e-13 1.035999999999194
830 0.02750000000120459 6.285770927879007e-13 1.039999999999003
831 0.02750000000018422 1.109360361903831e-12 1.043999999998941
832 0.02750000000115015 6.863485000508388e-13 1.047999999999944
833 0.02750000000052219 2.072717436893986e-13 1.051999999999078
834 0.02750000000020636 1.166288258369694e-12 1.055999999999307
835 0.02750000000078795 6.008325509497651e-13 1.059999999999394
836 0.0275000000009164 9.415161787002657e-13 1.063999999998945
837 0.02750000000061514 7.483317141827872e-13 1.067999999998834
838 0.02750000000109148 7.514069758800776e-13 1.071999999999646
839 0.02750000000037938 5.762217182073315e-13 1.075999999999828
840 0.02750000000104178 1.804684575943772e-13 1.079999999998872
841 0.02750000000150605 3.646922726919092e-13 1.083999999999997
842 0.02750000000030486 1.514837565300335e-12 1.0879999999991
843 0.02750000000010473 4.366810099910588e-13 1.091999999999323
844 0.02750000000063631 6.430392766600663e-13 1.095999999998905
845 0.02750000000139468 1.430985185057527e-12 1.099999999999522
846 0.02750000000063755 7.470419031352328e-13 1.103999999998866
847 0.02750000000102379 1.362186727795151e-12 1.107999999999617
848 0.02750000000128302 8.533208966746193e-13 1.11199999999877
849 0.02750000000073795 1.232703811547268e-12 1.115999999999349
850 0.02750000000035767 6.741382960044256e-13 1.119999999999532
851 0.02750000000060598 5.798496852722093e-13 1.123999999999899
852 0.0275000000003633 8.847048901225379e-13 1.127999999999826
853 0.02750000000080697 9.894375710309066e-13 1.132000000000279
854 0.02750000000145791 2.540353387393319e-14 1.135999999999338
855 0.02750000000007446 1.420086737965029e-12 1.139999999999185
856 0.02750000000089218 4.572961161125227e-13 1.143999999999948
857 0.02750000000105107 1.481081001696898e-12 1.147999999999726
858 0.02750000000035796 1.163761779960967e-12 1.151999999998996
859 0.02750000000041625 3.013669913799137e-13 1.156000000000244
860 0.02750000000105076 6.590406615538781e-13 1.159999999999335
861 0.0275000000002654 1.26501776473339e-12 1.163999999999926
862 0.02750000000144507 2.797442723797476e-14 1.167999999999212
863 0.0275000000009389 8.349433854479945e-13 1.172000000000204
864 0.02750000000086941 6.925121459781066e-13 1.176000000000232
865 0.02750000000144296 7.669689686884397e-13 1.180000000000054
866 0.0275000000002468 5.8804285246171e-14 1.183999999998913
867 0.02750000000139804 1.109876392888937e-12 1.188000000000399
868 0.02750000000071077 1.467832769470001e-12 1.191999999999978
869 0.02750000000087683 2.837382723320687e-13 1.196000000000296
870 0.02750000000067524 1.334498857502432e-12 1.199999999999371
871 0.0275000000011478 1.599898744755508e-12 1.203999999999052
872 0.02750000000059986 1.444630206783206e-12 1.207999999999096
873 0.02750000000093663 7.831886910937087e-13 1.211999999999947
874 0.02750000000066249 5.225520767807421e-14 1.215999999999043
875 0.02750000000041376 1.495211152478957e-12 1.219999999999813
876 0.02750000000158512 1.416732356591846e-13 1.223999999999874
877 0.02750000000001308 1.539709716711319e-12 1.227999999999386
878 0.02750000000152247 6.501388492810279e-13 1.231999999999256
879 0.02750000000099494 1.526965767117673e-12 1.235999999999542
880 0.02750000000076877 6.018679261564084e-13 1.239999999999287
881 0.02750000000120164 1.49325741684249e-13 1.243999999999303
882 0.02750000000129919 7.491888989734038e-13 1.247999999999164
883 0.02750000000142472 8.547805032645155e-14 1.251999999999963
884 0.02750000000078484 7.479728853116698e-13 1.256000000000032
885 0.02750000000083748 1.161734820756056e-12 1.259999999999943
886 0.02750000000005675 1.146508474596832e-12 1.2640000000001
887 0.02750000000093515 1.159589964436957e-12 1.268000000000056
888 0.0275000000013231 1.081718171945522e-12 1.272000000000723
889 0.02750000000157854 4.763127600365599e-13 1.276000000000662
890 0.02750000000051737 1.245082838627354e-12 1.279999999999666
891 0.0275000000007907 8.463848314518226e-13 1.283999999999818
892 0.02750000000106359 5.452365039885749e-13 1.288000000000569
893 0.02750000000118076 3.69612283475585e-13 1.292000000000657
894 0.02750000000048079 1.154455555360847e-12 1.295999999999807
895 0.0275000000014334 3.915942285477271e-13 1.299999999999371
896 0.02750000000068055 4.48339391007252e-13 1.304000000000534
897 0.02750000000006937 1.383495327985593e-12 1.308000000000109
898 0.0275000000009979 1.106254194551729e-12 1.311999999999607
899 0.02750000000097622 1.084448761666093e-12 1.316000000000099
900 0.02750000000088117 1.475183123385886e-15 1.31999999999976
901 0.02750000000138799 7.921744349634081e-13 1.324000000000623
902 0.02750000000044379 2.554189063295556e-13 1.327999999999584
903 0.02750000000024878 1.436180923287623e-12 1.33199999999997
904 0.02750000000013925 3.16622820573988e-13 1.33599999999954
905 0.02750000000077769 1.496840444319024e-13 1.339999999999939
906 0.02750000000097752 8.302336288029523e-13 1.34400000000039
907 0.02750000000072353 8.99602690063734e-13 1.348000000000176
908 0.02750000000002877 2.971588263881958e-13 1.351999999999684
909 0.02750000000041574 1.273383006339954e-12 1.356000000000771
910 0.02750000000127902 5.54214641424568e-13 1.360000000000775
911 0.02750000000018669 3.418637755906006e-13 1.363999999999974
912 0.0275000000015411 7.856561520127352e-13 1.368000000000246
913 0.02750000000024005 1.034438551127005e-12 1.372000000000098
914 0.02750000000090897 1.173689022514644e-12 1.376000000000431
915 0.02750000000113199 3.510383336951684e-13 1.380000000000597
916 0.02750000000014627 1.328563423962005e-12 1.383999999999843
917 0.02750000000120923 4.517464122998737e-13 1.388000000000759
918 0.027500000000455 4.805193824283198e-13 1.391999999999472
919 0.02750000000080702 8.962583877554946e-13 1.396000000000761
920 0.02750000000064315 5.749340705258052e-13 1.399999999999731
921 0.02750000000048075 7.616292686213876e-13 1.404000000000076
922 0.02750000000111054 7.023866949566936e-13 1.408000000000864
923 0.02750000000039539 9.424428542655154e-13 1.412000000000301
924 0.02750000000111643 2.510679114860673e-13 1.415999999999876
925 0.02750000000055374 1.38305953977135e-12 1.42000000000023
926 0.02750000000014075 1.529327731339566e-12 1.42399999999996
927 0.02750000000055798 1.138211877197968e-12 1.428000000000425
928 0.02750000000027448 1.593207306077367e-12 1.432000000000921
929 0.02750000000028813 7.998839754547486e-13 1.436000000000234
930 0.02750000000157517 1.443032766278795e-12 1.440000000000825
931 0.02750000000021574 3.234446238529335e-13 1.444000000000002
932 0.02750000000079851 1.433978221705748e-12 1.448000000000721
933 0.0275000000005666 2.290261105546823e-13 1.452000000000079
934 0.02750000000136913 1.3454534507621e-12 1.456000000000347
935 0.02750000000014466 2.988567080350945e-13 1.460000000000146
936 0.02750000000087157 4.396041631350919e-13 1.464000000000086
937 0.02750000000132671 9.975873278181089e-13 1.468000000001226
938 0.02750000000063325 1.272066772120074e-12 1.472000000001222
939 0.0275000000004203 1.560201323919617e-12 1.476000000000423
940 0.02750000000110362 1.535031871019323e-12 1.480000000000269
941 0.02750000000076153 1.504309363063861e-13 1.484000000000595
942 0.02750000000118106 9.489465331913678e-13 1.488000000000432
943 0.02750000000070265 1.515550575867044e-12 1.492000000000678
944 0.02750000000116667 1.284339498413483e-12 1.496000000000439
945 0.02750000000028142 1.429002321854896e-12 1.500000000000754
946 0.02750000000077923 7.002352628395128e-13 1.50400000000121
947 0.02750000000120603 4.266017438389052e-13 1.508000000000623
948 0.02750000000117069 1.059848178643381e-12 1.512000000000311
949 0.02750000000112822 1.48015183114389e-12 1.516000000000287
950 0.02750000000028529 9.834289713037729e-13 1.520000000000238
951 0.0275000000008854 1.446136689036176e-13 1.524000000000405
952 0.0275000000002086 1.325677311102183e-12 1.52800000000136
953 0.02750000000096579 4.27980238734484e-13 1.532000000001277
954 0.02750000000035166 1.594649542395561e-12 1.536000000000964
955 0.02750000000108298 2.757267779593695e-13 1.540000000000795
956 0.02750000000051282 1.054955723017217e-12 1.543999999999897
957 0.02750000000038226 6.606377532965594e-13 1.548000000000326
958 0.02750000000124929 2.309847452501464e-13 1.552000000001396
959 0.0275000000001877 1.35920400644578e-12 1.556000000001291
960 0.02750000000068632 4.4153156726097e-14 1.560000000000691
961 0.02750000000111962 9.295491994446336e-13 1.564000000000851
962 0.02750000000010301 1.138152522124799e-12 1.568000000000593
963 0.02750000000003535 5.035992271897537e-13 1.572000000001038
964 0.02750000000148323 8.552575452219853e-13 1.576000000001048
965 0.02750000000101478 3.378966899088524e-13 1.58000000000134
966 0.02750000000037498 8.507154878228202e-13 1.584000000000811
967 0.02750000000043542 1.232975984306827e-12 1.588000000001486
968 0.02750000000092246 8.819233878963942e-13 1.592000000000119
969 0.02750000000086901 1.069624471456813e-12 1.59600000000148
970 0.02656296022364475 0.007117523740474916 0.004000000001519686
971 0.02656296022445453 0.007117523741594533 0.00800000000084158
972 0.02656296022380859 0.007117523741697542 0.01200000000037208
973 0.02656296022448832 0.007117523741732888 0.01600000000086851
974 0.02656296022399569 0.00711752374161578 0.02000000000011629
975 0.02656296022349738 0.007117523741030216 0.02400000000044704
976 0.02656296022327478 0.007117523741405199 0.02800000000129061
977 0.02656296022410715 0.007117523741840621 0.03200000000091609
978 0.0265629602239998 0.007117523741162741 0.03600000000019053
979 0.02656296022412345 0.007117523740431409 0.04000000000125274
980 0.02656296022400595 0.007117523741126776 0.04400000000140077
981 0.02656296022393261 0.007117523741031586 0.04800000000106806
982 0.02656296022318847 0.007117523741890796 0.05200000000083815
983 0.02656296022358249 0.007117523741829398 0.05600000000064335
984 0.02656296022448011 0.007117523741275373 0.06000000000033146
985 0.0265629602230323 0.007117523741823371 0.06400000000103401
986 0.02656296022352273 0.007117523740548433 0.06800000000051067
987 0.02656296022326353 0.007117523741706201 0.07200000000042277
988 0.02656296022423731 0.007117523741156284 0.0760000000012573
989 0.02656296022449267 0.00711752374073001 0.0800000000013605
990 0.02656296022421731 0.007117523741786583 0.08400000000055874
991 0.02656296022409755 0.007117523741169473 0.08800000000126235
992 0.02656296022365266 0.00711752374140857 0.09200000000122634
993 0.02656296022298565 0.007117523740441342 0.09600000000112893
994 0.0265629602237322 0.007117523740371732 0.1000000000004775
995 0.02656296022417487 0.007117523740454653 0.1040000000003749
996 0.0265629602237281 0.007117523741028003 0.1080000000005978
997 0.02656296022436721 0.007117523741342157 0.112000000000378
998 0.02656296022332693 0.007117523741029746 0.1160000000012095
999 0.02656296022313007 0.007117523740972695 0.1200000000000144
1000 0.0265629602230453 0.007117523740640287 0.1239999999998759
1001 0.02656296022376798 0.007117523741788459 0.1280000000007213
1002 0.02656296022360259 0.007117523740891397 0.1320000000002057
1003 0.02656296022340833 0.007117523740927666 0.1360000000003232
1004 0.02656296022312381 0.007117523741710491 0.1400000000003699
1005 0.02656296022379534 0.007117523741335645 0.144000000000499
1006 0.02656296022437058 0.007117523740514026 0.1480000000012014
1007 0.02656296022357459 0.007117523740331511 0.1520000000006176
1008 0.02656296022416548 0.007117523740709059 0.1560000000013218
1009 0.02656296022399299 0.007117523740889749 0.1600000000003685
1010 0.0265629602242312 0.007117523740985668 0.1640000000006838
1011 0.02656296022433632 0.007117523741804272 0.1680000000005481
1012 0.02656296022369125 0.007117523740857144 0.1720000000011156
1013 0.02656296022413543 0.0071175237413161 0.1760000000001186
1014 0.02656296022310129 0.007117523741490535 0.1799999999999032
1015 0.0265629602237199 0.007117523740736158 0.1840000000009132
1016 0.02656296022447385 0.007117523740557021 0.1880000000011015
1017 0.02656296022433614 0.007117523741182237 0.1920000000011056
1018 0.02656296022362092 0.007117523740798 0.195999999999887
1019 0.02656296022361613 0.007117523741841617 0.2000000000004494
1020 0.02656296022426471 0.007117523741523093 0.204000000001106
1021 0.02656296022363392 0.00711752374130969 0.2080000000009809
1022 0.02656296022447226 0.007117523740451219 0.2119999999999087
1023 0.02656296022428235 0.007117523741637272 0.2160000000008941
1024 0.02656296022310043 0.007117523741789185 0.2200000000004535
1025 0.02656296022330968 0.00711752374095937 0.2240000000008589
1026 0.02656296022453526 0.007117523740883501 0.2280000000010851
1027 0.0265629602243552 0.00711752374066992 0.2320000000003362
1028 0.02656296022418733 0.007117523741341463 0.2360000000008034
1029 0.0265629602244092 0.007117523740407871 0.2400000000007139
1030 0.02656296022360115 0.007117523741723205 0.2440000000003058
1031 0.02656296022345946 0.007117523740807404 0.2479999999996843
1032 0.02656296022320237 0.007117523740729948 0.2519999999998048
1033 0.02656296022348311 0.007117523740462573 0.2559999999995109
1034 0.02656296022316028 0.007117523740613624 0.2600000000009693
1035 0.02656296022400867 0.007117523740973928 0.2639999999999975
1036 0.02656296022367355 0.007117523740959468 0.2680000000005502
1037 0.02656296022357614 0.007117523740764948 0.2720000000008894
1038 0.02656296022434164 0.00711752374040256 0.2760000000002997
1039 0.02656296022398547 0.007117523741862384 0.2800000000003767
1040 0.02656296022355126 0.00711752374091382 0.2840000000001688
1041 0.02656296022432083 0.007117523741423901 0.288000000000645
1042 0.02656296022448042 0.007117523741676895 0.2919999999994403
1043 0.02656296022317157 0.007117523740610282 0.2959999999995686
1044 0.02656296022318067 0.007117523740821185 0.2999999999998479
1045 0.02656296022305929 0.007117523741880476 0.3040000000004875
1046 0.02656296022357797 0.007117523741004308 0.3079999999995124
1047 0.02656296022306048 0.007117523741631065 0.3119999999999432
1048 0.02656296022449393 0.007117523741422981 0.3160000000000144
1049 0.02656296022374884 0.007117523740858734 0.3199999999999457
1050 0.0265629602230923 0.007117523741460621 0.3240000000005287
1051 0.02656296022383965 0.00711752374123173 0.3280000000000214
1052 0.02656296022347474 0.007117523741162432 0.3319999999997673
1053 0.02656296022352045 0.007117523741384623 0.3360000000000467
1054 0.02656296022370942 0.007117523741615913 0.3400000000005371
1055 0.02656296022419269 0.007117523741725828 0.3440000000004864
1056 0.02656296022373023 0.007117523740754072 0.3479999999995595
1057 0.02656296022390792 0.007117523740865169 0.3519999999992595
1058 0.02656296022453123 0.007117523740809378 0.3560000000003516
1059 0.02656296022363744 0.00711752374160884 0.3599999999992792
1060 0.02656296022428671 0.007117523741751764 0.3640000000004091
1061 0.02656296022393015 0.007117523741041692 0.3679999999997096
1062 0.02656296022307782 0.007117523741567051 0.3720000000005413
1063 0.02656296022358306 0.007117523740537784 0.3759999999999947
1064 0.02656296022437927 0.007117523741297827 0.3799999999996795
1065 0.026562960224077 0.007117523740940801 0.3839999999994742
1066 0.02656296022373554 0.007117523741721653 0.3879999999998974
1067 0.02656296022407907 0.007117523741079849 0.3920000000004319
1068 0.026562960224134 0.007117523741061358 0.39599999999931
1069 0.02656296022369226 0.00711752374174942 0.4000000000005881
1070 0.02656296022378992 0.007117523741486414 0.4040000000004088
1071 0.02656296022342855 0.00711752374086684 0.4079999999995192
1072 0.02656296022397958 0.007117523740995278 0.4119999999991552
1073 0.02656296022377339 0.007117523741628961 0.4159999999993622
1074 0.02656296022303215 0.007117523741458509 0.4200000000003291
1075 0.02656296022358751 0.007117523740985786 0.4239999999993389
1076 0.02656296022394903 0.007117523741771947 0.4279999999991294
1077 0.02656296022314496 0.007117523741301298 0.4319999999998783
1078 0.02656296022448708 0.007117523740885582 0.4359999999990086
1079 0.02656296022311858 0.00711752374162846 0.4400000000004272
1080 0.02656296022303959 0.007117523740868662 0.4439999999999824
1081 0.02656296022439305 0.007117523741347832 0.4480000000005185
1082 0.0265629602232682 0.007117523740777693 0.4519999999995827
1083 0.02656296022339107 0.007117523741601702 0.4559999999992805
1084 0.02656296022373241 0.007117523741684472 0.4600000000004081
1085 0.02656296022345192 0.007117523740722258 0.4639999999994627
1086 0.0265629602237929 0.007117523741721908 0.4679999999993036
1087 0.02656296022393588 0.00711752374191749 0.472000000000274
1088 0.02656296022323904 0.007117523741854852 0.4759999999992285
1089 0.02656296022328424 0.00711752374042371 0.4799999999989258
1090 0.0265629602231592 0.007117523740513925 0.4839999999994637
1091 0.02656296022420124 0.007117523740357257 0.4879999999988804
1092 0.02656296022419047 0.007117523740676077 0.4919999999993272
1093 0.02656296022325532 0.007117523741117773 0.4959999999989979
1094 0.0265629602236298 0.007117523741900809 0.5000000000003515
1095 0.02656296022354313 0.007117523740803005 0.5039999999991426
1096 0.02656296022412293 0.007117523741646529 0.5079999999989335
1097 0.02656296022295467 0.007117523741032685 0.5119999999989198
1098 0.02656296022436873 0.007117523741322345 0.5159999999988435
1099 0.02656296022314836 0.007117523741657205 0.5199999999989363
1100 0.02656296022323714 0.007117523741867022 0.5239999999991194
1101 0.02656296022387526 0.007117523741518548 0.5279999999991459
1102 0.02656296022394154 0.007117523741159301 0.5319999999994911
1103 0.0265629602244662 0.00711752374146524 0.535999999998678
1104 0.02656296022307256 0.007117523740545321 0.5400000000002478
1105 0.02656296022304407 0.007117523741139074 0.5439999999991197
1106 0.02656296022341852 0.007117523740712283 0.5479999999988351
1107 0.02656296022359521 0.007117523740717573 0.551999999999537
1108 0.02656296022376973 0.007117523740536581 0.5559999999989281
1109 0.02656296022387944 0.007117523740735566 0.5599999999986542
1110 0.02656296022409354 0.007117523741023328 0.5640000000001905
1111 0.02656296022450224 0.007117523740348865 0.5679999999997779
1112 0.02656296022334854 0.007117523741341032 0.571999999999006
1113 0.02656296022415194 0.007117523741257516 0.5760000000001405
1114 0.02656296022415345 0.007117523741380699 0.5799999999987546
1115 0.0265629602241361 0.00711752374147539 0.583999999999563
1116 0.0265629602230021 0.007117523740344187 0.5879999999999435
1117 0.0265629602231953 0.007117523740990017 0.591999999998723
1118 0.02656296022410187 0.007117523741810369 0.5959999999989218
1119 0.02656296022441112 0.007117523741140088 0.5999999999993197
1120 0.02656296022445792 0.007117523740683906 0.6040000000000052
1121 0.02656296022445207 0.00711752374063643 0.6080000000000163
1122 0.02656296022404511 0.007117523741035593 0.6119999999994192
1123 0.02656296022447813 0.007117523740637811 0.6159999999987447
1124 0.02656296022445673 0.00711752374184188 0.6199999999997947
1125 0.02656296022306098 0.007117523741428261 0.6239999999993389
1126 0.02656296022408533 0.00711752374148098 0.6279999999993523
1127 0.0265629602239023 0.007117523741726904 0.6319999999984112
1128 0.02656296022411753 0.007117523741279056 0.6359999999998908
1129 0.02656296022294967 0.007117523741140459 0.6399999999990996
1130 0.0265629602237984 0.007117523741048657 0.6439999999994528
1131 0.0265629602237508 0.007117523740951008 0.6479999999997583
1132 0.02656296022373274 0.007117523740446398 0.6519999999988628
1133 0.02656296022313605 0.007117523740374808 0.6559999999991698
1134 0.02656296022347756 0.007117523741882157 0.6599999999990808
1135 0.0265629602232801 0.007117523740393418 0.6639999999985777
1136 0.02656296022423871 0.007117523741529373 0.6679999999997279
1137 0.02656296022362185 0.007117523740881957 0.6719999999995236
1138 0.02656296022367568 0.007117523740449766 0.6759999999988714
1139 0.02656296022362022 0.00711752374045006 0.6799999999996813
1140 0.02656296022438553 0.007117523741299085 0.6839999999987988
1141 0.02656296022391508 0.007117523740500164 0.687999999999419
1142 0.02656296022376174 0.007117523741283527 0.6919999999995345
1143 0.02656296022432467 0.0071175237414702 0.6959999999995785
1144 0.02656296022360576 0.007117523740398038 0.6999999999995296
1145 0.0265629602244094 0.007117523740728758 0.7039999999995922
1146 0.0265629602231213 0.007117523740417749 0.7079999999991904
1147 0.02656296022299486 0.007117523741090218 0.7119999999981412
1148 0.026562960224276 0.007117523741816519 0.7159999999982601
1149 0.02656296022331619 0.007117523740887018 0.7199999999983794
1150 0.02656296022317752 0.007117523740722826 0.7239999999993477
1151 0.02656296022376819 0.007117523741688527 0.727999999999517
1152 0.02656296022339021 0.007117523740900547 0.7319999999988693
1153 0.0265629602231393 0.0071175237406755 0.7359999999984085
1154 0.02656296022454422 0.007117523741331878 0.7399999999984757
1155 0.02656296022431129 0.007117523741191556 0.7439999999988738
1156 0.02656296022415246 0.007117523741363475 0.7479999999989606
1157 0.02656296022360335 0.007117523741408951 0.7519999999981197
1158 0.02656296022361686 0.007117523741135228 0.755999999998005
1159 0.02656296022376083 0.00711752374150204 0.7599999999985613
1160 0.02656296022403554 0.007117523741730184 0.7639999999989533
1161 0.02656296022368966 0.007117523740948654 0.7679999999987107
1162 0.02656296022352464 0.00711752374138948 0.7719999999992805
1163 0.02656296022432382 0.007117523741579398 0.7759999999980247
1164 0.02656296022307319 0.007117523741573897 0.7799999999990258
1165 0.02656296022350162 0.007117523741335469 0.7839999999982863
1166 0.02656296022433949 0.007117523740938214 0.7879999999993198
1167 0.02656296022367545 0.007117523741592184 0.7919999999988045
1168 0.02656296022378231 0.00711752374065933 0.7959999999980156
1169 0.02656296022378602 0.007117523741470784 0.7999999999991938
1170 0.02656296022435743 0.007117523740956601 0.8039999999990066
1171 0.02656296022373201 0.007117523741696889 0.8079999999980382
1172 0.02656296022447579 0.007117523740671806 0.8119999999991108
1173 0.02656296022420045 0.007117523740445901 0.8159999999987789
1174 0.02656296022428129 0.007117523740569713 0.8199999999984425
1175 0.02656296022377435 0.007117523741121959 0.8239999999994679
1176 0.02656296022413965 0.007117523740911734 0.8279999999985009
1177 0.02656296022394876 0.00711752374163781 0.8319999999981899
1178 0.02656296022324715 0.007117523740870399 0.835999999998546
1179 0.02656296022336146 0.007117523741707043 0.8399999999981091
1180 0.02656296022305814 0.007117523741514755 0.8439999999987557
1181 0.02656296022416568 0.007117523740697041 0.8479999999985424
1182 0.02656296022430222 0.007117523740623107 0.8519999999989041
1183 0.02656296022390858 0.007117523741874179 0.8559999999990401
1184 0.02656296022317466 0.007117523741605753 0.8599999999992998
1185 0.02656296022369533 0.007117523740830387 0.8639999999985114
1186 0.0265629602236318 0.007117523740420318 0.8679999999991131
1187 0.02656296022418717 0.007117523741419697 0.8719999999988406
1188 0.02656296022441506 0.007117523741717474 0.875999999999401
1189 0.02656296022338262 0.007117523740529211 0.8799999999991978
1190 0.02656296022350164 0.007117523740637973 0.8839999999988022
1191 0.02656296022425794 0.00711752374185428 0.8879999999991899
1192 0.02656296022319113 0.00711752374160678 0.8919999999995101
1193 0.02656296022407714 0.007117523740965634 0.8959999999994809
1194 0.02656296022348939 0.007117523741190921 0.8999999999991832
1195 0.02656296022315204 0.007117523740336531 0.9039999999997036
1196 0.02656296022361732 0.007117523741018957 0.9079999999982136
1197 0.02656296022307467 0.007117523740656409 0.9119999999993234
1198 0.02656296022385051 0.00711752374052175 0.9159999999991305
1199 0.02656296022357709 0.00711752374095499 0.9199999999993497
1200 0.02656296022309105 0.00711752374150725 0.9239999999996776
1201 0.02656296022380045 0.007117523741215471 0.9279999999996216
1202 0.02656296022328722 0.007117523741457219 0.931999999999318
1203 0.02656296022307778 0.007117523740984638 0.9359999999983734
1204 0.0265629602244232 0.00711752374152465 0.9399999999992543
1205 0.02656296022385436 0.007117523741727306 0.9439999999992809
1206 0.0265629602237966 0.007117523740794901 0.9479999999983894
1207 0.02656296022383983 0.007117523740920192 0.9519999999987394
1208 0.02656296022338309 0.007117523741821326 0.9559999999989579
1209 0.02656296022432451 0.007117523740848697 0.9599999999996098
1210 0.02656296022387548 0.007117523740990371 0.9639999999992112
1211 0.0265629602237451 0.00711752374184144 0.9679999999985164
1212 0.02656296022354934 0.007117523740578939 0.9719999999996636
1213 0.02656296022304069 0.007117523740707341 0.9759999999987379
1214 0.02656296022317836 0.007117523740580818 0.9799999999999526
1215 0.02656296022418763 0.007117523741485804 0.9839999999997695
1216 0.02656296022361377 0.007117523740732681 0.9879999999986541
1217 0.02656296022373955 0.007117523741623131 0.9919999999992641
1218 0.02656296022420241 0.007117523740456505 0.9959999999991752
1219 0.02656296022326736 0.007117523741831639 0.999999999999714
1220 0.02656296022296798 0.0071175237411574 1.003999999998794
1221 0.02656296022385653 0.007117523740352781 1.007999999998725
1222 0.0265629602240409 0.007117523740952742 1.011999999998994
1223 0.02656296022376281 0.00711752374104406 1.015999999999397
1224 0.02656296022415005 0.007117523741273047 1.019999999999675
1225 0.02656296022414227 0.007117523740910962 1.023999999999258
1226 0.02656296022394214 0.007117523741575356 1.027999999999687
1227 0.02656296022421758 0.007117523740765184 1.031999999999407
1228 0.02656296022349356 0.007117523740417876 1.035999999999561
1229 0.02656296022427154 0.007117523740735861 1.03999999999948
1230 0.02656296022397855 0.007117523740754468 1.04399999999872
1231 0.02656296022435662 0.007117523741661626 1.047999999998756
1232 0.02656296022305612 0.007117523741152801 1.051999999999392
1233 0.02656296022361558 0.007117523740365894 1.056000000000119
1234 0.02656296022296273 0.007117523741566563 1.059999999999475
1235 0.02656296022417171 0.007117523741159113 1.064000000000074
1236 0.02656296022334649 0.007117523740551527 1.067999999999746
1237 0.02656296022453497 0.00711752374181973 1.071999999998608
1238 0.02656296022382658 0.007117523740763567 1.075999999998723
1239 0.02656296022325538 0.007117523740485385 1.079999999999155
1240 0.02656296022419649 0.007117523741514561 1.083999999999607
1241 0.02656296022437534 0.007117523741321462 1.087999999999365
1242 0.02656296022298731 0.007117523741428208 1.092000000000215
1243 0.02656296022383304 0.007117523740494074 1.096000000000277
1244 0.02656296022380317 0.007117523740507423 1.099999999999941
1245 0.02656296022312669 0.007117523741729754 1.103999999999183
1246 0.02656296022304184 0.007117523740526524 1.107999999999417
1247 0.02656296022421303 0.007117523740511777 1.11199999999932
1248 0.02656296022422975 0.007117523741388981 1.115999999999766
1249 0.02656296022434501 0.00711752374169498 1.119999999999935
1250 0.02656296022327648 0.00711752374134175 1.123999999999532
1251 0.02656296022424344 0.00711752374116737 1.127999999998947
1252 0.02656296022335202 0.007117523741205302 1.132000000000072
1253 0.02656296022329408 0.007117523740488623 1.136000000000263
1254 0.02656296022328271 0.007117523741342419 1.139999999998867
1255 0.02656296022451859 0.007117523741519727 1.144000000000293
1256 0.02656296022339357 0.007117523741612192 1.147999999998916
1257 0.02656296022410111 0.007117523741275505 1.151999999999125
1258 0.02656296022310837 0.007117523740955532 1.156000000000211
1259 0.02656296022416021 0.007117523740750828 1.160000000000003
1260 0.02656296022377778 0.007117523741077933 1.163999999999436
1261 0.02656296022299025 0.007117523740771654 1.168000000000286
1262 0.02656296022320486 0.007117523741174295 1.171999999999574
1263 0.02656296022452836 0.007117523741518996 1.175999999999746
1264 0.02656296022442627 0.00711752374185233 1.179999999999171
1265 0.02656296022451228 0.007117523741821199 1.184000000000374
1266 0.02656296022440838 0.007117523740665052 1.188000000000071
1267 0.02656296022451169 0.007117523741816782 1.191999999999443
1268 0.02656296022320711 0.007117523740375428 1.196000000000095
1269 0.02656296022297219 0.007117523741586264 1.199999999998943
1270 0.02656296022411293 0.007117523740814328 1.203999999999718
1271 0.02656296022307542 0.007117523740855203 1.208000000000186
1272 0.02656296022448629 0.007117523741110688 1.211999999999457
1273 0.02656296022358247 0.007117523741089329 1.21599999999906
1274 0.02656296022444829 0.007117523740965879 1.219999999998995
1275 0.02656296022313652 0.007117523740928439 1.2240000000005
1276 0.02656296022302516 0.007117523740787103 1.227999999999247
1277 0.02656296022420668 0.007117523740749073 1.231999999999147
1278 0.02656296022314369 0.007117523741006804 1.235999999999206
1279 0.02656296022431726 0.007117523741029618 1.240000000000484
1280 0.02656296022432199 0.007117523740592829 1.243999999999394
1281 0.02656296022348499 0.007117523740718868 1.247999999999947
1282 0.02656296022310033 0.007117523740655442 1.251999999999154
1283 0.02656296022357064 0.007117523741288534 1.25599999999994
1284 0.02656296022364029 0.007117523741187104 1.260000000000603
1285 0.0265629602236426 0.007117523741374249 1.263999999999628
1286 0.02656296022354645 0.007117523741450035 1.268000000000112
1287 0.02656296022379603 0.007117523741106991 1.272000000000558
1288 0.02656296022394273 0.007117523741301302 1.275999999999658
1289 0.02656296022414554 0.007117523741068838 1.280000000000371
1290 0.02656296022401495 0.007117523740841106 1.284000000000647
1291 0.02656296022437937 0.00711752374137672 1.287999999999448
1292 0.02656296022367933 0.007117523741527671 1.291999999999787
1293 0.02656296022377066 0.00711752374054859 1.296000000000758
1294 0.02656296022303166 0.007117523741239497 1.300000000000028
1295 0.02656296022453955 0.007117523740332377 1.303999999999499
1296 0.02656296022345588 0.007117523740929448 1.308000000000646
1297 0.02656296022444033 0.007117523741776101 1.311999999999849
1298 0.0265629602242542 0.007117523741169115 1.315999999999247
1299 0.0265629602231552 0.007117523740764937 1.320000000000013
1300 0.02656296022436685 0.007117523741830513 1.324000000000551
1301 0.02656296022425166 0.007117523741660166 1.328000000000025
1302 0.02656296022453602 0.00711752374078978 1.331999999999649
1303 0.02656296022355616 0.007117523741611062 1.335999999999894
1304 0.02656296022354551 0.007117523741693339 1.340000000000822
1305 0.02656296022440265 0.007117523741683169 1.344000000000837
1306 0.02656296022311403 0.007117523740589327 1.34799999999985
1307 0.02656296022295612 0.007117523740479941 1.351999999999709
1308 0.02656296022358589 0.00711752374178476 1.356000000000561
1309 0.02656296022359729 0.007117523740390244 1.359999999999408
1310 0.02656296022435821 0.007117523741807715 1.364000000000927
1311 0.02656296022404058 0.007117523741509656 1.368000000000684
1312 0.02656296022318 0.007117523741495956 1.37199999999957
1313 0.02656296022352778 0.007117523740502396 1.376000000000878
1314 0.02656296022410482 0.00711752374109853 1.380000000000668
1315 0.0265629602240017 0.007117523740951458 1.384000000000448
1316 0.02656296022391164 0.007117523741116107 1.388000000000734
1317 0.0265629602244317 0.007117523741122851 1.392000000000911
1318 0.02656296022320786 0.00711752374175936 1.396000000000792
1319 0.02656296022443415 0.007117523740806932 1.400000000000879
1320 0.02656296022450572 0.007117523740615425 1.40400000000077
1321 0.02656296022448814 0.007117523741706626 1.408000000000363
1322 0.02656296022421107 0.00711752374033691 1.411999999999941
1323 0.02656296022440445 0.007117523740915309 1.416000000000127
1324 0.02656296022428923 0.00711752374047041 1.420000000000908
1325 0.02656296022394769 0.007117523741522731 1.423999999999942
1326 0.02656296022336966 0.007117523740884646 1.428000000000752
1327 0.02656296022306164 0.007117523740766623 1.431999999999972
1328 0.02656296022451457 0.007117523741025102 1.435999999999827
1329 0.02656296022423227 0.007117523740909534 1.440000000000331
1330 0.02656296022402088 0.007117523740865535 1.444000000000644
1331 0.02656296022369755 0.007117523740803958 1.448000000000447
1332 0.02656296022296421 0.007117523740465304 1.452000000000481
1333 0.02656296022340751 0.007117523740320035 1.456000000001093
1334 0.02656296022403389 0.007117523741659892 1.45999999999966
1335 0.02656296022383913 0.007117523741057867 1.464000000000874
1336 0.02656296022427651 0.007117523741478152 1.467999999999842
1337 0.02656296022391033 0.007117523741590411 1.472000000000292
1338 0.02656296022434769 0.007117523741555265 1.476000000001
1339 0.0265629602230244 0.007117523741237812 1.479999999999992
1340 0.02656296022378906 0.007117523740708975 1.484000000000541
1341 0.02656296022324949 0.007117523741457148 1.488000000001029
1342 0.02656296022409722 0.007117523741471984 1.492000000001191
1343 0.0265629602233622 0.007117523740329777 1.496000000001209
1344 0.02656296022322318 0.007117523741414286 1.500000000000965
1345 0.02656296022323523 0.007117523740703697 1.50400000000012
1346 0.0265629602244507 0.007117523740430486 1.508000000001295
1347 0.02656296022303081 0.007117523741391442 1.512000000000981
1348 0.02656296022365857 0.007117523741189411 1.516000000000633
1349 0.02656296022339176 0.007117523741264432 1.519999999999968
1350 0.02656296022371517 0.007117523740503776 1.524000000000374
1351 0.02656296022298445 0.007117523740803889 1.527999999999917
1352 0.02656296022433871 0.007117523740351394 1.532000000001072
1353 0.02656296022423861 0.007117523740764221 1.536000000001085
1354 0.02656296022413923 0.007117523741038018 1.540000000000582
1355 0.02656296022378007 0.007117523741323873 1.544000000000969
1356 0.02656296022415947 0.007117523741224855 1.548000000001083
1357 0.02656296022409735 0.007117523741306288 1.552000000000564
1358 0.02656296022370598 0.007117523740415133 1.55600000000145
1359 0.02656296022295021 0.007117523740857516 1.560000000000811
1360 0.02656296022311294 0.007117523741623306 1.564000000001011
1361 0.02656296022366532 0.007117523741658377 1.568000000001512
1362 0.02656296022375518 0.007117523741447366 1.571999999999961
1363 0.02656296022339737 0.007117523741136257 1.576000000000422
1364 0.02656296022305002 0.007117523740725766 1.580000000001156
1365 0.02656296022379763 0.007117523741556463 1.584000000000577
1366 0.02656296022332927 0.007117523741166211 1.588000000001497
1367 0.02656296022297209 0.007117523740713841 1.592000000000886
1368 0.02656296022368702 0.007117523741470444 1.596000000000984
1369 0.02381569860479438 0.01375000000115196 0.00400000000151721
1370 0.02381569860412383 0.01375000000131552 0.00800000000121354
1371 0.02381569860523808 0.01375000000043112 0.01200000000094494
1372 0.02381569860523655 0.01375000000123693 0.01600000000046548
1373 0.0238156986052671 0.01375000000008458 0.02000000000127528
1374 0.0238156986041422 0.01375000000018522 0.02400000000007423
1375 0.02381569860533635 0.01375000000103347 0.02800000000130423
1376 0.02381569860433436 0.01375000000141336 0.03200000000054364
1377 0.02381569860423791 0.01375000000143607 0.03600000000093101
1378 0.02381569860512842 0.01375000000057337 0.04000000000047438
1379 0.02381569860451441 0.01375000000129568 0.04400000000001842
1380 0.02381569860443859 0.01375000000134745 0.04800000000132636
1381 0.02381569860566676 0.01375000000091312 0.05200000000014935
1382 0.02381569860503329 0.01375000000047727 0.05600000000137827
1383 0.02381569860552788 0.01375000000007196 0.06000000000145483
1384 0.02381569860523906 0.01375000000014211 0.06400000000003137
1385 0.02381569860535668 0.01375000000140639 0.06800000000105597
1386 0.02381569860511111 0.01375000000006835 0.07200000000086013
1387 0.02381569860411209 0.01375000000023419 0.07600000000068696
1388 0.02381569860510792 0.01375000000129055 0.08000000000125145
1389 0.02381569860565454 0.01375000000013255 0.08400000000093792
1390 0.02381569860415243 0.01375000000049908 0.08800000000067637
1391 0.02381569860556619 0.01375000000049343 0.09199999999998201
1392 0.02381569860421038 0.01375000000145466 0.09600000000045214
1393 0.02381569860409151 0.01375000000131013 0.100000000000517
1394 0.02381569860565755 0.01375000000087679 0.1040000000006528
1395 0.02381569860420813 0.01375000000056107 0.1080000000004526
1396 0.02381569860539253 0.01375000000160012 0.1120000000005146
1397 0.02381569860478961 0.0137500000000398 0.1160000000007433
1398 0.02381569860562276 0.01375000000107566 0.1200000000004281
1399 0.02381569860542894 0.0137500000010578 0.1240000000005552
1400 0.02381569860493046 0.01375000000113817 0.1280000000010496
1401 0.0238156986041791 0.01375000000103195 0.1319999999999381
1402 0.02381569860434085 0.01375000000117027 0.1359999999997879
1403 0.02381569860497989 0.01375000000118972 0.1400000000010924
1404 0.02381569860409054 0.01375000000117486 0.1440000000003626
1405 0.02381569860494365 0.01375000000131093 0.1480000000009173
1406 0.0238156986056028 0.01375000000103106 0.1520000000009108
1407 0.02381569860472996 0.01375000000014827 0.1560000000009444
1408 0.02381569860409131 0.01375000000009863 0.1600000000004134
1409 0.02381569860474322 0.0137500000014555 0.1639999999998652
1410 0.02381569860552767 0.01375000000071356 0.1680000000009989
1411 0.02381569860521087 0.0137500000008206 0.1720000000004259
1412 0.02381569860538749 0.01375000000108939 0.1759999999999909
1413 0.02381569860541843 0.01375000000039687 0.1800000000011743
1414 0.02381569860515917 0.01375000000041535 0.1840000000007426
1415 0.02381569860417635 0.01375000000128694 0.1880000000004467
1416 0.02381569860535495 0.01375000000121733 0.1919999999998694
1417 0.02381569860493298 0.01375000000027489 0.1960000000000096
1418 0.02381569860455082 0.01375000000029413 0.2000000000001002
1419 0.02381569860524431 0.01375000000096529 0.2039999999999457
1420 0.02381569860539526 0.01375000000082056 0.2080000000006495
1421 0.02381569860508405 0.01375000000035902 0.21199999999986
1422 0.02381569860420444 0.01375000000007411 0.2160000000009381
1423 0.0238156986044951 0.01375000000142048 0.2199999999997232
1424 0.02381569860437514 0.01375000000090724 0.2240000000001271
1425 0.02381569860543004 0.01375000000101153 0.2279999999998022
1426 0.02381569860459519 0.01375000000069408 0.232000000001008
1427 0.02381569860479141 0.01375000000155499 0.2359999999996711
1428 0.02381569860513589 0.0137500000004334 0.2399999999999537
1429 0.023815698605579 0.01375000000000531 0.2440000000009075
1430 0.02381569860427694 0.01375000000132851 0.2480000000001162
1431 0.02381569860528878 0.01375000000074015 0.2520000000004638
1432 0.02381569860552088 0.01375000000087252 0.2560000000005264
1433 0.02381569860524202 0.01375000000129556 0.2600000000003351
1434 0.02381569860536005 0.01375000000159863 0.2639999999996305
1435 0.02381569860429308 0.01375000000135627 0.2680000000006306
1436 0.02381569860451306 0.01375000000027906 0.2719999999997129
1437 0.02381569860435002 0.0137500000009984 0.275999999999656
1438 0.02381569860446188 0.01375000000046189 0.2800000000000779
1439 0.02381569860486787 0.01375000000036849 0.2840000000000718
1440 0.02381569860463881 0.01375000000057336 0.287999999999788
1441 0.02381569860523031 0.01375000000018973 0.2920000000005132
1442 0.02381569860458049 0.0137500000000382 0.2959999999997704
1443 0.02381569860560512 0.01375000000120816 0.2999999999994507
1444 0.02381569860484955 0.0137500000008958 0.303999999999434
1445 0.02381569860500123 0.01375000000111683 0.3080000000007753
1446 0.0238156986045641 0.01375000000155782 0.3119999999994391
1447 0.02381569860482104 0.01375000000023544 0.3160000000004256
1448 0.02381569860503264 0.01375000000062526 0.320000000000876
1449 0.02381569860407729 0.01375000000142107 0.3239999999996327
1450 0.0238156986047276 0.01375000000038747 0.3280000000001945
1451 0.02381569860510608 0.01375000000154572 0.3320000000003728
1452 0.02381569860462437 0.0137500000004538 0.3360000000003995
1453 0.02381569860501518 0.01375000000038652 0.3399999999999959
1454 0.02381569860510121 0.013750000001164 0.3439999999992798
1455 0.02381569860518553 0.01375000000049283 0.3480000000003852
1456 0.02381569860502579 0.01375000000098486 0.3520000000003312
1457 0.0238156986051451 0.0137500000001335 0.3560000000005551
1458 0.02381569860466247 0.01375000000109407 0.3599999999995686
1459 0.02381569860464174 0.0137500000010993 0.3639999999993778
1460 0.02381569860498949 0.0137500000001545 0.3679999999997537
1461 0.02381569860431026 0.01375000000118852 0.3719999999996877
1462 0.02381569860542111 0.01375000000014049 0.37600000000013
1463 0.02381569860496981 0.0137500000010836 0.380000000000505
1464 0.02381569860412634 0.01375000000051241 0.3840000000000572
1465 0.02381569860417867 0.01375000000002553 0.3880000000005386
1466 0.02381569860534783 0.01375000000097925 0.3919999999999116
1467 0.02381569860487413 0.01375000000045195 0.3960000000000336
1468 0.02381569860463587 0.01375000000104236 0.3999999999995159
1469 0.02381569860502288 0.01375000000001169 0.4040000000006038
1470 0.02381569860523061 0.01375000000092911 0.4079999999991464
1471 0.02381569860422548 0.01375000000116731 0.4120000000003234
1472 0.02381569860476607 0.01375000000091601 0.4160000000004525
1473 0.02381569860416012 0.01375000000021341 0.4199999999999242
1474 0.02381569860554103 0.01375000000026769 0.4240000000004251
1475 0.02381569860488526 0.01375000000037429 0.4280000000004392
1476 0.02381569860472232 0.01375000000004972 0.4319999999998066
1477 0.02381569860554424 0.01375000000085178 0.4360000000002471
1478 0.02381569860489932 0.01375000000141559 0.4399999999996776
1479 0.02381569860534847 0.01375000000076606 0.4439999999996778
1480 0.02381569860529659 0.01375000000032427 0.4479999999989951
1481 0.02381569860539921 0.01375000000047769 0.452000000000151
1482 0.02381569860509001 0.01375000000117169 0.4559999999994552
1483 0.0238156986049213 0.01375000000125975 0.459999999999657
1484 0.02381569860423586 0.01375000000112838 0.4639999999999132
1485 0.02381569860566317 0.01375000000034124 0.4680000000002761
1486 0.02381569860551566 0.01375000000099149 0.4720000000003143
1487 0.02381569860474707 0.01375000000086333 0.4759999999995543
1488 0.02381569860443044 0.01375000000009024 0.479999999999358
1489 0.02381569860515615 0.01375000000136665 0.4840000000001126
1490 0.02381569860429322 0.01375000000099083 0.487999999998825
1491 0.0238156986043594 0.01375000000071763 0.4919999999992912
1492 0.02381569860559289 0.01375000000013524 0.4959999999988511
1493 0.02381569860454171 0.01375000000098448 0.5000000000000994
1494 0.02381569860530428 0.01375000000114828 0.5039999999996159
1495 0.0238156986047342 0.01375000000113904 0.5079999999999458
1496 0.02381569860453842 0.01375000000098229 0.5119999999993254
1497 0.02381569860439235 0.01375000000005696 0.5160000000001773
1498 0.02381569860509806 0.01375000000041533 0.520000000000256
1499 0.02381569860561902 0.01375000000149943 0.5240000000000108
1500 0.0238156986053057 0.01375000000012024 0.5279999999993898
1501 0.02381569860531664 0.01375000000040758 0.532000000000096
1502 0.02381569860420494 0.01375000000032807 0.5360000000002199
1503 0.02381569860426492 0.01375000000079771 0.5399999999995925
1504 0.02381569860558467 0.01375000000042959 0.543999999999129
1505 0.0238156986048321 0.01375000000109173 0.5479999999986561
1506 0.02381569860442078 0.01375000000155808 0.5519999999996269
1507 0.02381569860500095 0.01375000000027802 0.5559999999996724
1508 0.02381569860484411 0.01375000000130402 0.5600000000000763
1509 0.02381569860477752 0.01375000000125064 0.5639999999999639
1510 0.02381569860447723 0.01375000000088393 0.5680000000000727
1511 0.02381569860516777 0.01375000000052816 0.5719999999988683
1512 0.02381569860497561 0.01375000000066104 0.5759999999991849
1513 0.02381569860491869 0.0137500000008539 0.5799999999999712
1514 0.02381569860424591 0.01375000000076616 0.5839999999987889
1515 0.02381569860472142 0.0137500000015262 0.5879999999998683
1516 0.02381569860473561 0.01375000000027457 0.5919999999998076
1517 0.02381569860413176 0.01375000000120346 0.5960000000000673
1518 0.02381569860518522 0.01375000000037517 0.5999999999997525
1519 0.02381569860505367 0.01375000000108062 0.6039999999993843
1520 0.0238156986048212 0.01375000000148579 0.6079999999986495
1521 0.02381569860470898 0.01375000000098115 0.6119999999991592
1522 0.02381569860500434 0.01375000000028436 0.6159999999998078
1523 0.02381569860562777 0.01375000000113099 0.6199999999990501
1524 0.02381569860544858 0.01375000000130484 0.6239999999998047
1525 0.02381569860409863 0.01375000000035385 0.6279999999997191
1526 0.02381569860544075 0.01375000000101739 0.6319999999983817
1527 0.02381569860514027 0.01375000000107709 0.6359999999995738
1528 0.02381569860511781 0.01375000000058991 0.6399999999983371
1529 0.02381569860479904 0.01375000000157151 0.6439999999994063
1530 0.02381569860413055 0.01375000000072031 0.6479999999992802
1531 0.023815698604346 0.01375000000135722 0.6519999999986495
1532 0.02381569860508961 0.01375000000068916 0.6559999999989224
1533 0.02381569860489392 0.01375000000064453 0.6599999999984417
1534 0.02381569860555213 0.01375000000042069 0.663999999999735
1535 0.02381569860537616 0.01375000000044726 0.667999999998477
1536 0.02381569860512604 0.0137500000002156 0.6719999999994828
1537 0.0238156986051505 0.01375000000128381 0.675999999998948
1538 0.02381569860477808 0.01375000000072922 0.6799999999995266
1539 0.02381569860478083 0.01375000000145619 0.6839999999994864
1540 0.02381569860426387 0.01375000000151468 0.6879999999985948
1541 0.02381569860523269 0.01375000000018828 0.6919999999983402
1542 0.02381569860558232 0.01375000000120583 0.6959999999990178
1543 0.02381569860461598 0.01375000000042735 0.6999999999996509
1544 0.02381569860478062 0.01375000000030707 0.7039999999984597
1545 0.02381569860464977 0.01375000000001082 0.7079999999988955
1546 0.02381569860487276 0.0137500000010648 0.7119999999990997
1547 0.0238156986045128 0.01375000000054289 0.7159999999987716
1548 0.02381569860522994 0.01375000000124891 0.7199999999994894
1549 0.02381569860493665 0.01375000000035734 0.7239999999993338
1550 0.02381569860461452 0.01375000000054914 0.7279999999992366
1551 0.02381569860501271 0.01375000000010942 0.7319999999994133
1552 0.02381569860516778 0.01375000000001934 0.7359999999990074
1553 0.02381569860441167 0.01375000000056326 0.7399999999994232
1554 0.02381569860430008 0.01375000000127182 0.7439999999981186
1555 0.02381569860460919 0.01375000000024918 0.7479999999981179
1556 0.02381569860536556 0.01375000000104988 0.7519999999991712
1557 0.0238156986047372 0.01375000000149062 0.7559999999981023
1558 0.02381569860539265 0.01375000000104815 0.7599999999993396
1559 0.02381569860517697 0.0137500000003124 0.7639999999980852
1560 0.02381569860481715 0.01375000000085486 0.7679999999986229
1561 0.02381569860437167 0.01375000000019516 0.7719999999987208
1562 0.02381569860411447 0.01375000000129087 0.7759999999987286
1563 0.0238156986050631 0.01375000000003013 0.7799999999992805
1564 0.02381569860483874 0.01375000000025815 0.7839999999989404
1565 0.02381569860492145 0.01375000000079528 0.787999999999179
1566 0.02381569860501499 0.01375000000048844 0.791999999998624
1567 0.02381569860457299 0.01375000000115357 0.7959999999985098
1568 0.02381569860467388 0.01375000000087381 0.799999999997953
1569 0.02381569860442334 0.01375000000037838 0.8039999999982678
1570 0.02381569860453015 0.01375000000112347 0.8079999999991252
1571 0.02381569860518609 0.01375000000142307 0.8119999999993227
1572 0.02381569860435112 0.01375000000146548 0.8159999999990217
1573 0.02381569860513584 0.01375000000085617 0.8199999999990611
1574 0.02381569860488348 0.0137500000000225 0.8239999999993287
1575 0.0238156986043026 0.0137500000008719 0.827999999998538
1576 0.02381569860557125 0.01375000000021448 0.8319999999990428
1577 0.02381569860468909 0.01375000000071541 0.8359999999986123
1578 0.02381569860529755 0.01375000000131723 0.839999999999498
1579 0.02381569860535384 0.01375000000006817 0.8439999999982855
1580 0.02381569860412217 0.01375000000052626 0.8479999999994182
1581 0.0238156986053457 0.01375000000003995 0.8519999999992504
1582 0.02381569860516405 0.013750000000319 0.8559999999991248
1583 0.02381569860467294 0.01375000000138278 0.8599999999983899
1584 0.02381569860421196 0.01375000000059385 0.8639999999984218
1585 0.02381569860560947 0.01375000000082439 0.867999999999303
1586 0.02381569860460158 0.01375000000072323 0.8719999999995268
1587 0.02381569860408213 0.01375000000134026 0.8759999999986512
1588 0.02381569860471626 0.01375000000096541 0.8799999999983774
1589 0.02381569860462385 0.01375000000064684 0.8839999999984549
1590 0.02381569860490983 0.01375000000069694 0.8879999999989912
1591 0.02381569860471894 0.01375000000037024 0.8919999999990476
1592 0.02381569860435078 0.01375000000146223 0.895999999999383
1593 0.0238156986054481 0.01375000000046276 0.8999999999991816
1594 0.02381569860420091 0.01375000000060266 0.9039999999981844
1595 0.02381569860457656 0.01375000000053972 0.9079999999990181
1596 0.02381569860422377 0.01375000000106924 0.9119999999997507
1597 0.02381569860408547 0.01375000000107931 0.9159999999994999
1598 0.02381569860466259 0.01375000000012316 0.9199999999988743
1599 0.0238156986049566 0.01375000000067495 0.9239999999995305
1600 0.02381569860531878 0.01375000000151272 0.9279999999986365
1601 0.02381569860460689 0.01375000000055926 0.9319999999990159
1602 0.02381569860553527 0.01375000000083798 0.9359999999988872
1603 0.02381569860518233 0.01375000000061368 0.9399999999993593
1604 0.02381569860461183 0.01375000000074253 0.9439999999983709
1605 0.02381569860463517 0.01375000000124703 0.9479999999989199
1606 0.02381569860548291 0.01375000000139874 0.9519999999984018
1607 0.02381569860545353 0.01375000000141215 0.9559999999994973
1608 0.02381569860516407 0.01375000000040233 0.9599999999996366
1609 0.02381569860423968 0.01375000000128687 0.963999999998725
1610 0.02381569860556246 0.01375000000093324 0.9679999999986467
1611 0.02381569860438151 0.01375000000146807 0.9719999999992153
1612 0.02381569860517114 0.01375000000133094 0.9759999999984622
1613 0.02381569860422232 0.01375000000084086 0.9799999999990853
1614 0.0238156986053366 0.01375000000138062 0.9839999999998371
1615 0.0238156986054532 0.01375000000034339 0.9879999999994931
1616 0.02381569860450918 0.0137500000001539 0.9919999999993008
1617 0.02381569860463441 0.01375000000153537 0.995999999999122
1618 0.02381569860423861 0.01375000000102704 0.9999999999995336
1619 0.02381569860556631 0.01375000000119466 1.00399999999923
1620 0.02381569860436828 0.01375000000108472 1.007999999998572
1621 0.02381569860468297 0.01375000000139417 1.011999999998449
1622 0.02381569860555693 0.0137500000008929 1.015999999999795
1623 0.02381569860566853 0.01375000000104316 1.019999999999052
1624 0.02381569860479348 0.01375000000070736 1.023999999998849
1625 0.02381569860466095 0.01375000000048815 1.027999999999208
1626 0.0238156986041751 0.01375000000092527 1.031999999999379
1627 0.023815698605088 0.01375000000148762 1.03599999999933
1628 0.02381569860421236 0.01375000000005382 1.039999999998764
1629 0.0238156986053394 0.01375000000154806 1.043999999999961
1630 0.02381569860455262 0.01375000000024393 1.047999999999448
1631 0.02381569860469908 0.01375000000085484 1.051999999999244
1632 0.02381569860471328 0.01375000000073937 1.056000000000139
1633 0.02381569860445806 0.0137500000007355 1.059999999999585
1634 0.02381569860504371 0.01375000000145691 1.063999999998699
1635 0.02381569860540965 0.01375000000044545 1.067999999999204
1636 0.02381569860451863 0.01375000000054849 1.072000000000145
1637 0.02381569860538186 0.01375000000156442 1.076000000000049
1638 0.02381569860457977 0.01375000000010437 1.080000000000119
1639 0.02381569860480473 0.0137500000013717 1.084000000000083
1640 0.023815698604624 0.01375000000025192 1.087999999998742
1641 0.02381569860552799 0.01375000000087894 1.091999999999614
1642 0.02381569860462546 0.01375000000152015 1.095999999998769
1643 0.02381569860461584 0.01375000000030581 1.09999999999952
1644 0.02381569860564938 0.01375000000127746 1.103999999999379
1645 0.02381569860418959 0.0137500000010147 1.107999999999828
1646 0.02381569860481829 0.01375000000146127 1.111999999998778
1647 0.02381569860477193 0.01375000000117072 1.115999999998744
1648 0.02381569860461284 0.01375000000007809 1.119999999998851
1649 0.02381569860450756 0.01375000000081076 1.124000000000225
1650 0.02381569860435001 0.01375000000136269 1.12799999999889
1651 0.02381569860443639 0.01375000000121828 1.131999999999785
1652 0.02381569860537761 0.01375000000017133 1.135999999999721
1653 0.02381569860545787 0.01375000000071511 1.140000000000043
1654 0.02381569860467328 0.01375000000069208 1.143999999999736
1655 0.0238156986053456 0.01375000000080961 1.147999999999167
1656 0.02381569860486304 0.01375000000155584 1.151999999999044
1657 0.02381569860492897 0.01375000000065536 1.156000000000231
1658 0.02381569860495898 0.01375000000119613 1.160000000000326
1659 0.02381569860509336 0.01375000000003129 1.163999999999547
1660 0.02381569860499911 0.01375000000030923 1.167999999999312
1661 0.02381569860515678 0.01375000000067355 1.171999999998932
1662 0.02381569860459304 0.01375000000037876 1.175999999999106
1663 0.02381569860554945 0.01375000000016422 1.179999999999823
1664 0.02381569860521134 0.01375000000076544 1.183999999998917
1665 0.02381569860455034 0.01375000000043863 1.187999999999731
1666 0.02381569860490404 0.01375000000122961 1.191999999999703
1667 0.02381569860511868 0.01375000000048617 1.196000000000375
1668 0.02381569860490369 0.01375000000137309 1.199999999999986
1669 0.0238156986047668 0.01375000000079404 1.204000000000034
1670 0.02381569860544066 0.01375000000012075 1.20800000000036
1671 0.02381569860427654 0.01375000000120546 1.211999999999449
1672 0.02381569860433069 0.01375000000012609 1.215999999999832
1673 0.02381569860455618 0.01375000000000314 1.219999999999998
1674 0.02381569860549677 0.01375000000114241 1.223999999999166
1675 0.02381569860552911 0.01375000000002035 1.227999999999607
1676 0.02381569860477071 0.01375000000085233 1.231999999999239
1677 0.02381569860556815 0.0137500000002986 1.235999999999728
1678 0.02381569860542061 0.01375000000113023 1.239999999999511
1679 0.02381569860486885 0.01375000000022462 1.244000000000321
1680 0.02381569860434839 0.01375000000159322 1.248000000000458
1681 0.02381569860413715 0.01375000000019735 1.25200000000008
1682 0.02381569860459947 0.01375000000045598 1.256000000000222
1683 0.02381569860544055 0.0137500000009401 1.260000000000242
1684 0.02381569860484551 0.01375000000076447 1.2639999999998
1685 0.02381569860501591 0.01375000000062117 1.267999999999836
1686 0.02381569860562494 0.01375000000131982 1.272000000000705
1687 0.0238156986042629 0.01375000000121557 1.275999999999416
1688 0.02381569860498739 0.01375000000096377 1.280000000000549
1689 0.02381569860548461 0.01375000000016022 1.283999999999175
1690 0.02381569860517554 0.01375000000043654 1.287999999999171
1691 0.02381569860498723 0.01375000000050163 1.29199999999937
1692 0.02381569860440402 0.01375000000102904 1.295999999999829
1693 0.02381569860554726 0.01375000000079718 1.300000000000771
1694 0.02381569860509329 0.01375000000157063 1.303999999999952
1695 0.0238156986041814 0.01375000000091414 1.308000000000589
1696 0.0238156986048902 0.01375000000086667 1.312000000000325
1697 0.02381569860485099 0.01375000000105751 1.315999999999956
1698 0.02381569860511039 0.01375000000037249 1.319999999999336
1699 0.02381569860489967 0.0137500000001847 1.323999999999512
1700 0.02381569860491357 0.01375000000128819 1.327999999999965
1701 0.02381569860492036 0.01375000000060301 1.332000000000483
1702 0.0238156986051245 0.01375000000093497 1.335999999999928
1703 0.02381569860418429 0.01375000000080982 1.340000000000733
1704 0.02381569860418417 0.0137500000002307 1.344000000000705
1705 0.02381569860494852 0.01375000000034004 1.348000000000022
1706 0.0238156986047337 0.01375000000115818 1.352000000000891
1707 0.02381569860423836 0.01375000000033677 1.35600000000035
1708 0.0238156986049586 0.01375000000137509 1.360000000000725
1709 0.02381569860504226 0.01375000000060235 1.364000000000918
1710 0.02381569860528614 0.01375000000144386 1.368000000000622
1711 0.02381569860436623 0.01375000000069181 1.371999999999641
1712 0.02381569860554829 0.01375000000014391 1.376000000000592
1713 0.02381569860455871 0.01375000000025613 1.379999999999818
1714 0.02381569860436631 0.01375000000036824 1.384000000000065
1715 0.0238156986041442 0.01375000000124469 1.388000000000421
1716 0.02381569860483623 0.01375000000030598 1.391999999999995
1717 0.0238156986047946 0.01375000000047228 1.396000000000348
1718 0.02381569860421013 0.01375000000135882 1.400000000000139
1719 0.0238156986055985 0.01375000000072867 1.404000000000744
1720 0.02381569860557124 0.01375000000034241 1.40800000000059
1721 0.02381569860523182 0.01375000000063658 1.411999999999684
1722 0.02381569860549541 0.01375000000051246 1.41599999999983
1723 0.02381569860509363 0.01375000000099911 1.420000000000088
1724 0.02381569860550167 0.01375000000129336 1.424000000000459
1725 0.02381569860454007 0.0137500000013655 1.428000000000116
1726 0.02381569860551886 0.01375000000052933 1.432000000000438
1727 0.02381569860445515 0.01375000000125186 1.436000000000927
1728 0.02381569860532854 0.01375000000138992 1.440000000000701
1729 0.02381569860437634 0.01375000000131602 1.443999999999846
1730 0.02381569860562684 0.01375000000121485 1.448000000000205
1731 0.02381569860512051 0.01375000000077427 1.452000000000857
1732 0.02381569860530599 0.01375000000059728 1.455999999999786
1733 0.02381569860563539 0.0137500000000185 1.460000000000801
1734 0.02381569860462058 0.01375000000144811 1.464000000000505
1735 0.02381569860557435 0.01375000000031578 1.468000000000273
1736 0.02381569860457212 0.01375000000016223 1.472000000000805
1737 0.02381569860547623 0.01375000000054532 1.476000000000459
1738 0.02381569860525227 0.01375000000020146 1.48000000000025
1739 0.02381569860478679 0.01375000000050574 1.483999999999969
1740 0.02381569860504999 0.01375000000046017 1.488000000001188
1741 0.0238156986056556 0.01375000000150861 1.492000000000378
1742 0.02381569860529745 0.0137500000011422 1.496000000000991
1743 0.02381569860545176 0.01375000000110519 1.500000000001026
1744 0.02381569860500483 0.01375000000005337 1.50400000000089
1745 0.02381569860425093 0.01375000000155566 1.508000000001222
1746 0.02381569860486252 0.01375000000045538 1.5119999999998
1747 0.02381569860440309 0.0137500000002592 1.516000000000362
1748 0.02381569860519553 0.01375000000143941 1.52000000000058
1749 0.02381569860417721 0.0137500000005538 1.524000000001101
1750 0.02381569860447491 0.01375000000153173 1.527999999999967
1751 0.02381569860438713 0.01375000000151492 1.531999999999878
1752 0.02381569860507362 0.01375000000113997 1.536000000001023
1753 0.02381569860475704 0.01375000000091932 1.54000000000053
1754 0.02381569860445896 0.01375000000025175 1.544000000000586
1755 0.023815698605609 0.01375000000043061 1.548000000000543
1756 0.02381569860547446 0.01375000000122106 1.552000000001008
1757 0.02381569860550217 0.01375000000155209 1.556000000001283
1758 0.02381569860447485 0.01375000000107522 1.560000000001138
1759 0.02381569860524934 0.01375000000118036 1.564000000000108
1760 0.02381569860492922 0.01375000000158321 1.568000000000056
1761 0.02381569860506928 0.01375000000029793 1.571999999999987
1762 0.02381569860511761 0.01375000000129948 1.576000000001143
1763 0.02381569860470779 0.01375000000038411 1.580000000000478
1764 0.02381569860540318 0.01375000000077101 1.584000000000746
1765 0.02381569860455159 0.0137500000007076 1.588000000001191
1766 0.02381569860525565 0.01375000000050966 1.592000000000814
1767 0.02381569860481476 0.01375000000033942 1.596000000000769
1768 0.01375000000115914 3.658506885030345e-13 0.003402242657700961
1769 0.01325937805899031 3.127423306411906e-13 1.59653165786628
1770 0.003449908480090553 2.916282105732889e-13 0.6012266565276687
1771 0.02403589840938392 1.288990449210559e-12 0.5899999999985542
1772 0.003484538169012499 3.863647163211586e-13 0.6146763704105828
1773 0.02403589841036249 2.151403806372847e-13 0.2980000000009555
1774 0.02403589841016376 5.910355940038519e-13 0.3099999999996255
1775 0.003464101612804236 8.29119443878451e-13 0.2859999999995693
1776 0.02402991441830065 4.985898208754641e-14 0.329145269328971
1777 0.003464101612986712 1.581767752180444e-12 0.5059999999997812
1778 0.003464101613754921 1.171536591060968e-12 0.52600000000009
1779 0.003463078431307752 1.120183504035768e-12 0.5659881953342966
1780 0.02407198999953395 4.859065908479937e-13 0.6273155080435497
1781 0.02404711066391057 5.927498346624798e-13 0.6420014161581344
1782 0.00346477193870745 7.572447717857663e-13 0.6579997633706811
1783 0.00346410161549797 2.453014761053956e-13 0.6939999999978442
1784 0.003462754765466996 1.135016552784811e-12 0.7099925701341303
1785 0.02402763168478074 1.360148808678363e-12 0.7328055153565884
1786 0.003464101612970428 1.230069211785827e-12 0.749999999998568
1787 0.02403565598038627 3.570090055842025e-14 0.4733887348099988
1788 0.003453241747714918 1.209883262934439e-12 0.2611429546891004
1789 0.003464101613791941 8.191265014709076e-13 0.3420000000004553
1790 0.003455768024196234 1.46655309114304e-12 0.3659889686544437
1791 0.003464101612678582 1.349628617528628e-12 0.3939999999997842
1792 0.003550293310585309 1.270236455658514e-12 0.4055680969032799
1793 0.003464101613220855 1.224455236701012e-12 0.4179999999991177
1794 0.003436767893708486 1.161716103131347e-12 0.4288984442058285
1795 0.003464101613570467 1.397617724780907e-12 0.4419999999999427
1796 0.003474260454145544 1.869648922621656e-13 0.4579988872340357
1797 0.003464101613018529 5.938050557529315e-13 0.4899999999994701
1798 0.02403589841023946 4.197298254369737e-13 0.5379999999989424
1799 0.02403589841034121 3.058988981732677e-14 0.5499999999997277
1800 0.0240358984099628 1.339469699562987e-12 0.5779999999995127
1801 0.003464101613379928 1.437313226682066e-12 0.7739999999986572
1802 0.003464101614080178 1.276880333818817e-14 0.6699999999986246
1803 0.003464101613937353 6.528853829272525e-13 0.2299999999995773
1804 0.003464101614039806 3.721191090118025e-13 0.246000000000693
1805 0.02403589841036723 1.361847694133061e-12 0.6819999999991738
1806 0.02403589840976417 1.250506345839954e-12 0.7219999999992466
1807 0.003464101613700896 8.795404547481139e-14 0.7619999999981242
1808 0.02403589840945353 1.056300664500665e-12 0.2740000000000104
1809 0.02403979532230441 5.260564383663705e-13 0.3530526043665761
1810 0.02403589841081715 1.217746990390284e-12 0.3779999999994599
1811 0.02403589841017439 4.165946743456589e-13 0.2179999999997777
1812 0.02403589840928053 3.15691442687127e-13 0.7859999999980956
1813 0.003464101612968899 7.193995015351909e-14 0.2060000000004748
1814 0.00345347524799979 1.530983791387602e-12 0.07318075792204955
1815 0.003464101614133235 1.02681316430729e-12 0.0860000000007977
1816 0.003464101613492896 1.519918995383102e-12 0.06200000000050081
1817 0.003326752409666517 1.039686260816557e-12 0.1937219575719173
1818 0.003464101613180297 1.222157979703446e-12 0.05000000000006876
1819 0.003464101613740677 7.653317864868479e-14 0.03800000000061755
1820 0.02403973702735276 2.228047691533305e-14 0.017999346371821
1821 0.003464101613060999 9.256108485994956e-13 0.09800000000052966
1822 0.003343426969978569 9.354686741550589e-13 0.1824761360491885
1823 0.0240533780546951 1.322090408495319e-12 0.1548238027044799
1824 0.003463668989812918 1.092470519917644e-13 0.1419994178689589
1825 0.02403589841052571 5.899682631311206e-14 0.1100000000002551
1826 0.003464101613210867 9.686153377028981e-13 0.1220000000001578
1827 0.02403589841050651 1.424725361376352e-12 0.1660000000011362
1828 0.0240358984096098 4.207898330585998e-13 0.7979999999989446
1829 0.024035898409764 1.577222816751792e-12 1.418000000000625
1830 0.003464101613783604 1.235878459159248e-13 1.053999999999696
1831 0.003464101614087136 6.000388571887274e-13 1.109999999999178
1832 0.003363460903110367 1.243204841667959e-12 1.169550595247431
1833 0.003464101612642396 4.655124834092191e-13 1.226000000000125
1834 0.003457987188423758 5.201892846223491e-13 1.282009016478033
1835 0.003464101613188212 1.790122357817804e-13 1.342000000000624
1836 0.02403589841031961 8.038290325110084e-13 1.474000000000336
1837 0.02403589841070406 4.444617820848112e-13 1.530000000000322
1838 0.02403589841052766 7.892066500058053e-13 1.04199999999945
1839 0.02407018655930413 1.29402218074685e-12 1.122370553808231
1840 0.0240358984094954 8.846226956273805e-13 1.181999999999892
1841 0.02403079507809138 7.787551850376803e-13 1.353095675264103
1842 0.02403589840950986 1.393014323323409e-12 1.406000000000749
1843 0.003552872969991183 1.442749435379539e-12 1.545667326523873
1844 0.003464101613776124 9.999004706143731e-13 1.29799999999981
1845 0.003465354828875067 1.595451221905947e-12 0.8100102125118581
1846 0.02404961821009239 1.05553061648681e-12 1.214063039998841
1847 0.02403589841043657 9.000576489948475e-13 1.486000000000137
1848 0.003489789990800039 5.683764631996794e-13 1.461977638809314
1849 0.003464101613571787 1.282645038804753e-12 1.237999999999955
1850 0.0240358984095136 1.519054435921382e-12 1.097999999998929
1851 0.003450207644591886 1.299885132210116e-12 1.005225576744682
1852 0.02403589841053221 1.550747975525235e-12 0.9459999999990626
1853 0.003464101613529764 6.427404437490576e-15 0.9899999999990271
1854 0.02404400236323714 1.189698063026508e-12 0.822842679251917
1855 0.02403589840933889 4.087806491623754e-13 0.9099999999982148
1856 0.003464101613501348 9.233562247425106e-13 0.8419999999990899
1857 0.003464101613521516 5.013558918855055e-13 0.8539999999984191
1858 0.003464101613986146 5.675050119677114e-13 0.8659999999990166
1859 0.003464101613639641 1.542593417302511e-12 0.8779999999987237
1860 0.003456109948726214 2.028175705200188e-13 0.92199887552826
1861 0.003445128722109871 1.472791671657837e-12 0.9332235114751553
1862 0.003464101612628823 1.151528223783015e-12 0.9659999999985406
1863 0.003436998163627861 4.822320685635116e-13 0.9769074495035486
1864 0.003456907112758009 1.5307578072007e-12 1.066001456084096
1865 0.003464101614125178 1.626836870481647e-14 1.365999999999572
1866 0.0240404770246363 9.188023459601887e-13 0.897994946873596
1867 0.02403589841030922 2.411624143752779e-13 1.157999999998896
1868 0.003453748727927777 2.815247606270098e-14 1.429160006045221
1869 0.02403589841006748 1.068979181028263e-12 1.269999999999696
1870 0.003447517621729425 1.456980472198856e-12 1.581998668015903
1871 0.003485169381844137 4.764369281549245e-13 1.0186030377777
1872 0.003464101613298852 5.064458524715188e-13 1.505999999999927
1873 0.003445183916400807 1.339679450679895e-12 1.193220854116789
1874 0.003464101613735052 1.218202920339632e-12 1.309999999999804
1875 0.003464101613545819 1.141916732810322e-12 1.558000000000483
1876 0.003464101616981804 1.10592999146054e-12 1.518000000002065
1877 0.02403589840995022 5.65431194984943e-13 1.257999999999258
1878 0.003464101613351649 4.204779923783793e-13 1.441999999999768
1879 0.003167174229669079 1.239446847585745e-12 1.029689071619374
1880 0.003450200510446966 1.104298561591835e-12 1.077230397347302
1881 0.003464101613672603 1.534087571808465e-12 1.134000000000363
1882 0.003464101612701104 6.280147733710094e-13 1.145999999999304
1883 0.003464101612881134 1.537170259596858e-12 1.321999999999504
1884 0.003464101613543396 1.067297199339193e-12 1.378000000000862
1885 0.003464101614136073 4.080936548793074e-13 1.390000000000457
1886 0.02403589840978688 1.568682393916946e-12 1.570000000000428
1887 0.003315437591544882 6.713932870729423e-13 0.3179852996597038
1888 0.003464101613216614 1.418266462562326e-12 0.6339999999998462
1889 0.003437065182253019 1.176122695278067e-12 0.02488971653846838
1890 0.00346064419112129 1.487555404013111e-12 1.493995385751862
1891 0.003431145987653418 9.55040039259672e-13 1.206615701005525
1892 0.003473083024927719 1.051368274166021e-12 0.8900045713668933
1893 0.003453613034825104 1.327726213977802e-12 0.9531634418582147
1894 0.003464101613371486 6.66003808721156e-13 0.8299999999985596
1895 0.003494706555236024 5.969588655967829e-13 1.090723980447714
1896 0.00345637235110014 1.136859754054716e-12 1.250045087207935
1897 0.0240358984098139 3.824582235186332e-15 0.5139999999987918
1898 0.02405478086075599 6.397000023334295e-13 0.7028253496203702
1899 0.02403589841078399 1.472296371874776e-12 0.4499999999999682
1900 0.02403589836661457 3.699086355579655e-13 0.2540000000004404
1901 0.02403589836565278 3.898593841192243e-13 0.2379999999998409
1902 0.0240358984099288 4.082434279213238e-13 0.4980000000001247
1903 0.02403589840952321 9.315066186905654e-13 0.1340000000008255
1904 0.02403589836695012 9.864417152253711e-14 1.289999999999298
1905 0.02403589836594571 7.282011238038073e-13 1.334000000000038
1906 0.0240358984106638 7.614099727603911e-13 0.9979999999986675
1907 0.02403589841003803 1.304200709107611e-12 1.45399999999989
1908 0.003450229666280454 1.321662410038256e-12 0.5862992766731134
1909 0.003455362387980113 1.234273067930706e-12 0.3019987969256017
1910 0.003464101614567333 6.811374125785522e-13 0.6460000000006929
1911 0.003478241819608598 7.665540055736305e-13 0.5425455197779899
1912 0.003453482582005589 1.424268300932252e-12 0.4771670956665337
1913 0.003453398966451537 8.161083420546739e-14 0.7371401583830933
1914 0.003464101613163009 1.476436102810093e-12 0.5540000000000036
1915 0.003464101608178756 2.746728319358396e-13 0.7259999999985062
1916 0.003464101614023874 8.50989135367557e-14 0.3820000000003863
1917 0.003464101634544176 8.760546229924166e-13 0.7899999999988798
1918 0.003472868203190429 1.182490110462405e-13 0.1578734330037505
1919 0.003444902408825403 8.302906587979241e-13 0.1692085037454122
1920 0.003464101634911459 9.876180237055753e-13 1.414000000000512
1921 0.003464101634462222 4.774443927353697e-13 1.401999999999666
1922 0.003448945428096458 2.548098044017618e-13 1.5333333603795
1923 0.003464101634750943 1.37108253361599e-12 1.477999999999742
1924 0.003458570540593048 3.529624387437448e-13 0.9059989371123051
1925 0.003448496596984664 1.067137567071358e-12 1.265997674546382
1926 0.02402892325982798 9.098825463756534e-13 0.6059852763278653
1927 0.02403589841081016 1.018057130711348e-12 0.6619999999994632
1928 0.02406505556394834 1.395485903058845e-12 0.7706844216843693
1929 0.02403012812638335 1.081526747214203e-12 0.4011296257533338
1930 0.02403589840960159 1.548476034306982e-12 0.4340000000004971
1931 0.02403589841060986 1.56590028284821e-12 0.4619999999992935
1932 0.02411388482690745 1.523658876957112e-12 0.7464656793719442
1933 0.02409269666325471 2.296531260176413e-13 0.4146235186248379
1934 0.02404316215494191 2.157317680029511e-13 0.3907849998587623
1935 0.02403589841081878 1.580538973690361e-12 0.5619999999988521
1936 0.0240358984094492 2.51249512016784e-13 0.7579999999991559
1937 0.02408505143575507 1.899575928173521e-13 0.4866779165001098
1938 0.02404435690805394 1.100521806662305e-12 0.2028272979672265
1939 0.02403178382967282 1.103920326515158e-12 0.06937721615397013
1940 0.02405729852037151 1.434426220306616e-12 0.08280820244361986
1941 0.02404344690777163 1.172834783568295e-12 0.05881098229632061
1942 0.02403589840993573 1.085700021128609e-12 0.1900000000009685
1943 0.02403589841059508 9.969481153824379e-13 0.04600000000143746
1944 0.02403589840942477 9.881899012804677e-13 0.03400000000007521
1945 0.024035898410208 9.355193630954205e-13 0.09399999999993332
1946 0.02403589841045741 1.113609332017918e-12 0.1780000000000649
1947 0.02403589836630592 7.216603047346164e-15 1.229999999999554
1948 0.02402547702625198 9.273791920392618e-14 1.542449725588705
1949 0.02405601834243138 1.488422290788681e-12 1.058960814332605
1950 0.02403589841080824 2.235340209874241e-13 1.302000000000173
1951 0.0240444544836859 4.863753720709054e-13 1.010801118703129
1952 0.02410971549877542 1.15404861674669e-12 0.862077234538163
1953 0.02403969667834287 8.810214423696028e-13 0.9699960135726894
1954 0.02403928252867999 1.0383763810652e-12 0.8820219600569675
1955 0.02403589841012646 3.787337545302912e-13 0.8499999999993861
1956 0.02403589841024312 1.569573248373604e-12 0.9819999999992487
1957 0.02403746630076429 7.197510526134624e-13 0.9260013622289879
1958 0.02403589840956739 4.476664172438029e-13 0.8379999999989719
1959 0.02403589840962293 5.484631267860995e-13 1.241999999999893
1960 0.02411577641814123 5.033258106624021e-13 1.554197846984491
1961 0.02404252023981217 2.603883846423217e-13 1.070007233266472
1962 0.02403754859873409 1.385551132319286e-12 1.369997787130596
1963 0.02403589836709814 6.014465742930773e-13 0.9579999999987195
1964 0.02403589836654754 1.338412075146513e-12 1.434000000001006
1965 0.02403589841068993 6.114951658078038e-13 1.201999999999176
1966 0.02403589841046381 1.234819222092384e-15 1.085999999998855
1967 0.02403807991339353 1.359222665943534e-12 1.497373194192658
1968 0.02410154176641615 7.438994392258558e-14 1.510595379150641
1969 0.02403589841003273 4.479426968962942e-13 1.38599999999975
1970 0.02403589840930791 3.831170135598591e-13 1.314000000000055
1971 0.02403589841040696 1.314339114965114e-12 1.025999999999579
1972 0.02404278671607697 1.213759547605611e-12 1.142008201585361
1973 0.003464101613264494 1.167078332609961e-12 0.3300000000007395
1974 0.003350438275157217 5.70901466823229e-13 0.2177074500371078
1975 0.003495843821992856 4.134188530163188e-13 0.3545908220469991
1976 0.003464101613778777 2.980773425684499e-14 0.2739999999996722
1977 0.003464101613984587 5.336774440531606e-13 0.6819999999997952
1978 0.003321221147652458 3.319024661700237e-13 0.1099953122623779
1979 0.003464101634946606 1.117562838348731e-12 1.353999999999837
1980 0.003467981334699607 1.178396615048441e-12 1.041608598293208
1981 0.003459315271316695 7.379378172565758e-13 1.122521189225397
1982 0.003464101635577349 2.825618170440423e-13 1.181999999999097
1983 0.003464101634856893 9.66317231902747e-13 1.158000000000233
1984 0.003464101634730672 4.69541266382334e-13 1.570000000000269
1985 0.02403589841075648 1.430952420830592e-12 0.2860000000001806
1986 0.02409919421360238 1.02860021270307e-12 0.342572152770711
1987 0.02403589840959763 8.320578911185901e-13 0.3660000000004928
1988 0.02403589840957868 1.561076508690614e-12 0.5259999999987648
1989 0.02403589840962882 4.62638244842987e-13 0.1220000000009511
1990 0.0240358983664219 1.285890464181766e-12 1.109999999999463
1991 0.02403589836570806 1.333474740294613e-12 1.170000000000371
1992 0.02403589841001207 8.657794593142827e-13 0.8099999999980756
1993 0.02403589841021484 1.268355752069627e-12 1.582000000001113
1994 0.003464101613332118 1.542308075806788e-12 0.01399999999998579
1995 0.02402715970852043 1.425706387134907e-12 1.461317370921766
1996 0.02403589840951534 1.530045851861789e-12 1.522000000000686
1997 0.02404417134015909 2.562191706721539e-13 0.8899969026624361
1998 0.02403589836633166 5.637911287921253e-13 1.129999999998798
1999 0.02403589841009385 9.268095508617e-13 1.393999999999993
2000 0.02404368498541439 1.928750167302365e-13 0.8299886367863335
2001 0.02403589841043279 3.454466570045297e-13 0.9899999999999256
2002 0.02404281119641512 1.098521469602757e-12 1.017977760269654
2003 0.0240475689754466 4.651747635653542e-13 1.190001476035461
2004 0.02403589836633383 1.212826991530087e-12 1.249999999999482
2005 0.02403589841007303 7.116953825002248e-13 0.3179999999995473
2006 0.02404345609887117 9.755409080294582e-13 0.6139820867239101
2007 0.0240358984107613 4.338291853276958e-13 1.149999999999262
2008 0.02403589836558354 1.220579775495034e-12 0.7139999999991172
2009 0.02403589840935016 4.670109091171907e-13 0.7779999999982593
2010 0.02403589840987582 8.910275423350494e-13 0.6499999999988195
2011 0.02403589836637127 4.703420538675268e-13 1.346000000000187
2012 0.0240358984100132 1.543234379508569e-12 0.9179999999985501
2013 0.02403589841082327 1.191582100717913e-12 0.9379999999990685
2014 0.02403589840970102 3.817024479078693e-13 0.8739999999985067
2015 0.02383406135245669 1.183478807488578e-12 1.033974483911075
2016 0.02404569111803241 2.268372431880842e-13 0.4259947340722749
2017 0.02411749508140167 1.40720087737263e-13 0.6744237814229139
2018 0.02403589836568696 1.56843113717334e-13 0.2660000000000499
2019 0.02403589841038126 2.359407112815407e-13 0.1420000000007919
2020 0.02403589841070323 8.406511252728701e-13 0.1020000000001372
2021 0.02400499862509066 5.618058279834728e-14 0.02601827316309284
2022 0.02403589836677773 8.16345943435173e-13 0.2260000000003356
2023 0.02403589836713587 7.86242428677671e-13 0.6899999999985291
2024 0.02404670713062471 1.234225791340686e-12 0.5700005051393718
2025 0.02403589841049825 5.019198701562647e-13 0.4419999999992492
2026 0.02403589841004537 1.503105374974844e-14 0.5059999999992929
2027 0.0240358983668499 1.303605193237709e-12 1.362000000000013
2028 0.02403589840990012 1.423177222962775e-12 1.077999999999443
2029 0.02403097706108319 9.375382717170725e-13 0.6340029065336117
2030 0.02404568763085684 7.734978903623016e-13 1.377991568037496
2031 0.0240358984102847 1.123931096373916e-12 0.5979999999988411
2032 0.02403589840945907 7.339424282190751e-13 1.322000000000436
2033 0.02403973985443336 7.020533555005356e-13 1.44599455933487
2034 0.02390089743831761 1.493438642528869e-12 1.278505901788236
2035 0.02403589840966586 1.120241043014204e-12 1.562000000000387
2036 0.003464101616052427 2.941559394567645e-13 0.8179999999984339
2037 0.003464101613854109 1.591066359913814e-12 1.333999999999526
2038 0.003453713685654211 6.437751326105021e-13 0.6211866983063934
2039 0.003464101616488416 2.732041530696682e-13 1.454000000000597
2040 0.003453561086245422 9.463643304085032e-13 1.213137527887947
2041 0.003417092993592703 3.535989691420975e-13 0.5768347940771964
2042 0.003474555883358746 5.655922416753487e-13 0.9463421659607173
2043 0.003453825424793025 1.52523641046989e-12 1.097182278450004
2044 0.003464101613813054 1.223429337678459e-12 1.290000000000169
2045 0.003513703750399082 4.187347269935836e-14 0.4699907359881391
2046 0.003464101615427379 7.643897415585376e-13 0.513999999999556
2047 0.003457977351726622 4.171311496241221e-13 0.702001848279299
2048 0.003464101616157998 7.411599046611801e-13 0.450000000000374
2049 0.003455996975878155 2.929770018496751e-13 0.9139892706716443
2050 0.003469688428946922 9.088652717537357e-13 0.7179963340973262
2051 0.003442134341487089 2.287916018262732e-13 0.129402975420866
2052 0.003455657203258424 1.509620813430811e-12 0.3739988338052547
2053 0.00346410161307261 7.666724943904103e-13 0.3099999999996422
2054 0.003471294577161864 3.86531191174895e-13 0.8022755982520087
2055 0.003459531810548843 3.080576587580754e-15 0.253993917323504
2056 0.003462520779754295 1.182405222751669e-13 0.1499996639716109
2057 0.003433601587438139 7.470420804969672e-13 0.5332121167597923
2058 0.003464101616867599 1.592748327443754e-12 0.2379999999998556
2059 0.003455449978862657 8.778522475131262e-13 0.2939885482790043
2060 0.003464324684383338 1.140234232449962e-12 0.5940025004284077
2061 0.003505190227610817 1.553050053333974e-12 0.4981349624326762
2062 0.003457669724460765 3.954657020955521e-14 1.273991469638748
2063 0.003464101616545937 5.343504483705218e-13 0.9979999999992102
2064 0.003461208834863499 5.38830807733103e-13 0.8979993269851112
2065 0.02403241254326463 1.546426289335733e-12 1.425345158721114
2066 0.00346410161677271 1.47669370060831e-12 1.486000000000988
2067 0.02404406143244263 6.237889802623794e-13 0.2099863940178699
2068 0.02403589840942312 5.787784882117569e-13 0.2459999999999858
2069 0.003462636019569305 3.850952400200081e-13 0.7819947657792905
2070 0.02403589841030798 3.159433880115839e-13 1.221999999999861
2071 0.00347989636059589 1.317687262594987e-12 1.422347948242076
2072 0.02403589841034364 5.432415965827923e-13 1.049999999999408
2073 0.00346333296187894 1.585407501877175e-13 1.257993275754047
2074 0.003456565444982304 8.847901534228295e-14 1.46999891545828
2075 0.003458523090372073 1.556485730470165e-12 1.525999942291845
2076 0.004910714286829929 1.403750130450762e-12 0.001275840996801467
2077 0.005053034233612876 3.946619583330483e-13 1.598851172527646
2078 0.02407162959633829 5.466944815332979e-13 0.01102549778775381
2079 0.02406110739495657 1.000665486920538e-12 1.589270787935104
2080 0.003464101625010868 4.492098578070729e-13 1.590000000000458
2081 0.003142871464924514 1.401534985229226e-12 0.006892071567706269
2082 0.02159141428718745 8.857482339385299e-13 1.59673239950136
2083 0.02160714285798258 4.114704181110123e-13 0.003402242658654715
2084 0.006582033099206822 7.453740313918664e-13 1.599828441439494
2085 0.005605651009068734 6.736481464186164e-13 1.597354950207702
2086 0.007484642067075518 1.993733412692779e-13 1.598170570930631
2087 0.006723548882486369 1.041132255265954e-12 1.595569719201802
2088 0.006381018064522318 7.452827333213042e-13 0.0007755468091317613
2089 0.006088688719732232 9.045731028790834e-13 0.001834302364183282
2090 0.0048787669391902 7.965134921698295e-13 0.002864822160500909
2091 0.006645499754671521 1.561338135133939e-12 0.00320712455168518
2092 0.003400843179101164 1.551412846540209e-12 0.002040295942577382
2093 0.009821428571703565 8.062841980886301e-13 0.002551681994300103
2094 0.01112298368319347 1.460644755941877e-12 0.006037983869826746
2095 0.0148576633873942 8.526410907583124e-13 0.007133270224170198
2096 0.01202725050030307 5.286994933641029e-13 0.009855952372578235
2097 0.01589878684052023 3.651715443397532e-13 0.01098157937034499
2098 0.01297279353750564 9.858462254380771e-13 0.01371898501598212
2099 0.01679251455357857 1.369159905588243e-12 0.01482824482014754
2100 0.01392496584165543 2.998657062728893e-13 0.01759243066242873
2101 0.01013024222917201 1.294591253323558e-12 0.0164591035470797
2102 0.01113078596850074 8.699974537231247e-13 0.02035484261779987
2103 0.01489172501229108 1.16966802333697e-12 0.02146767927891842
2104 0.01200852269482311 7.518015930702223e-13 0.0242362221836832
2105 0.0158468452175 1.305219298292971e-12 0.02534420818354507
2106 0.0129772844588536 1.185722632400639e-12 0.02812423374634956
2107 0.01694254948698478 1.967196065614008e-13 0.02981521804904564
2108 0.01387279645778311 3.332142991361099e-13 0.03209105962904184
2109 0.01008642364162283 5.415590716302588e-13 0.03088783718649534
2110 0.01103864474366657 2.220772939174496e-13 0.03478125982670301
2111 0.01485938863753534 1.424320941596908e-12 0.03598796061432681
2112 0.01200068584444986 7.487986450309664e-13 0.03868390563498654
2113 0.01585402763433678 6.816007566955247e-13 0.0398132829434952
2114 0.0129683323301674 3.385557690944183e-14 0.04253437904542818
2115 0.01680050939420148 1.151279255601955e-12 0.04365723882121756
2116 0.01392805550746034 1.506835701371722e-12 0.04641859110360108
2117 0.01008629101872361 1.299898256978455e-12 0.04530818408510335
2118 0.01104726460397207 1.571599176942891e-12 0.04919106456333432
2119 0.01489051031719407 1.466879076794181e-12 0.05030039006102777
2120 0.01200848311794759 2.899689408740365e-13 0.05307342022008191
2121 0.01586782326243718 4.377243798896588e-13 0.05410533729149972
2122 0.01296957509768564 2.707992926454621e-13 0.05695619313685039
2123 0.009126440537757557 1.340606525681655e-12 0.05584713886440102
2124 0.01009573267982365 1.252746040012127e-12 0.05973134019622148
2125 0.01393068564204686 1.467862591578755e-12 0.06083898539146692
2126 0.01104863640051428 1.238255153347698e-12 0.06361272693830348
2127 0.01487050995841968 1.092623217937842e-12 0.06471721206863969
2128 0.01200974047396891 1.396138330434157e-12 0.0674955322429089
2129 0.01585290394354604 1.534304597737349e-12 0.06860459340597992
2130 0.01297084616927054 1.275939806898291e-12 0.07137834313706634
2131 0.01681401456453084 9.209096641898726e-13 0.07248740540081543
2132 0.0139319537287293 1.634633058887154e-13 0.07526115757406215
2133 0.01777512472265208 1.473940303510098e-12 0.0763702201782735
2134 0.01489306266261361 1.220982324778877e-12 0.07914397308110685
2135 0.01104989091290883 1.563909642557094e-13 0.07803491019133053
2136 0.01201099993167161 1.18572763802572e-12 0.08191772634990674
2137 0.01585417223851116 6.936886228774366e-13 0.08302678948096572
2138 0.01297210932509217 4.773356454000643e-13 0.08580054303659126
2139 0.01681528201481958 8.698830032392787e-13 0.0869096061062956
2140 0.01393321890197661 8.125476509784027e-13 0.08968335985920098
2141 0.01872288812207276 5.274068825348856e-13 0.05142986445325447
2142 0.01969305462232968 1.438781638760419e-12 0.04086969622392662
2143 0.01873496017882475 1.094786327611227e-12 0.06583084386365232
2144 0.01012065769823877 1.770217072732701e-13 0.0886023251820436
2145 0.01105115569574564 3.196854724481428e-13 0.09245711368408663
2146 0.01489432860372496 1.07371476020043e-12 0.09356617679101061
2147 0.01201226536788184 7.452610363175461e-13 0.09633993065073281
2148 0.01585543831086941 6.342225562875124e-13 0.09744899371305839
2149 0.01297337503024707 7.11856380006284e-13 0.1002227475957161
2150 0.01679565734797383 8.446994642402362e-13 0.1013391916540151
2151 0.01393295307052384 1.32272075135384e-12 0.1041056943054173
2152 0.01009120259499412 9.833025019541664e-13 0.1029965151508102
2153 0.01105232950178432 9.724400943189492e-14 0.1068794027162688
2154 0.01489559435604519 5.151799468680576e-15 0.1079883816274357
2155 0.01201587706761578 3.594297950297148e-13 0.1107626611159187
2156 0.01585688636363925 1.027598468411165e-12 0.1118712393213396
2157 0.0129746406699977 4.722873588598749e-14 0.1146449525781968
2158 0.01681781367271881 1.112859346746127e-13 0.1157540157126096
2159 0.01393575031567306 1.015566276673827e-12 0.1185277696293846
2160 0.01008820861601468 1.09369012180102e-12 0.1173717163690509
2161 0.01104048175015262 2.12551584171121e-14 0.1212752122150909
2162 0.01489533753681635 3.195131707397821e-13 0.12240836535542
2163 0.01201479657427319 5.515853446299397e-13 0.1251843405700711
2164 0.01585777686707703 5.910698665507465e-13 0.1262938639476132
2165 0.01303789749177005 5.860694199849091e-14 0.1290420218550946
2166 0.01682308837619584 7.10929653766253e-13 0.1301744679467442
2167 0.01393693045508394 5.330814035502293e-13 0.1329255787122821
2168 0.008180003336204842 2.187508142278563e-13 0.06629586506958349
2169 0.008203016397613663 2.452735311991986e-13 0.08073741267574676
2170 0.0200888497217063 1.482532558448752e-12 0.1272413662110385
2171 0.007137854152858537 1.542391309134961e-12 0.01997161138263698
2172 0.007202146881978547 9.522566672831443e-13 0.09118191956693293
2173 0.01009227522481956 1.150910270163287e-12 0.1309731948906244
2174 0.0110641024334645 3.245420980231065e-14 0.1350272661629397
2175 0.01487840190446517 9.74594430548225e-13 0.1367545361490321
2176 0.01200214881628623 1.096332167029214e-12 0.1390611906176273
2177 0.01583823187041383 1.471382180190926e-12 0.1406425249112491
2178 0.01298099923319277 1.244663387813536e-12 0.143310592046547
2179 0.01681081592322416 1.050398346184556e-12 0.1445633433184462
2180 0.01392677056757667 1.013175181159681e-16 0.1472513006212944
2181 0.01777519459539386 5.388138845918237e-13 0.1484608044231657
2182 0.014891099602075 7.885725616847777e-13 0.1511913158165527
2183 0.01009937152183495 1.323377322137735e-13 0.1457443924998842
2184 0.008463690079911209 2.676955241480768e-13 0.009289795667591267
2185 0.007169442544490674 1.199797737701586e-12 0.1339601066058938
2186 0.01862735580791349 8.738993008405589e-14 0.02259589739495622
2187 0.0186545127196947 1.158754806781394e-12 0.1379417312911757
2188 0.01985378067889749 1.260436868095281e-12 0.09887843186619522
2189 0.007227580446025915 5.037220479551113e-13 0.03370285031093156
2190 0.01867405295470699 1.504518741572083e-12 0.008208459210261533
2191 0.007209248333232918 5.554907158803217e-13 0.1057702553980512
2192 0.01865291079778004 8.785773663716798e-13 0.1522730119389697
2193 0.01585710005607108 1.192949745248569e-12 0.1551034196413121
2194 0.01208943577889257 4.498510793487762e-13 0.1542832771690292
2195 0.0130592925498646 8.406933530152007e-13 0.1580297894543056
2196 0.01682733021342097 8.23741389708963e-13 0.1590134997539854
2197 0.01393954630713387 1.10992484468675e-12 0.1617943847745222
2198 0.01009637331616115 6.319830022162048e-13 0.1606853215023342
2199 0.01105748284420395 1.20900879580777e-12 0.1645681385842002
2200 0.01490065581319348 1.485933638123275e-12 0.1656772018634635
2201 0.0121058806281623 1.344947969819316e-12 0.1684173443613163
2202 0.01586739720277648 7.281009814934855e-13 0.1695569757352383
2203 0.01298114679015464 5.876493404289266e-13 0.1722671344099877
2204 0.01682142906757466 4.74161198996774e-13 0.1734285144726214
2205 0.01393665968978655 4.200907662541207e-13 0.1761716726896366
2206 0.01009968239739466 1.400032474239627e-12 0.1750951388312995
2207 0.01106002730322811 1.30963425141733e-12 0.1789730692561217
2208 0.01490192084923964 1.993616093122054e-14 0.1800994069213249
2209 0.01201861992819905 3.75943707641771e-13 0.1828610551077856
2210 0.01586268384735454 2.273710021492299e-13 0.1839811942328666
2211 0.01298009193809398 1.174661480509084e-12 0.1867498789179403
2212 0.01680592904788166 5.559447909836331e-13 0.1878479042108726
2213 0.01394152383793964 7.601356130498082e-13 0.1906325258476246
2214 0.01009890330158685 3.192295618744466e-13 0.1895297315442452
2215 0.01106031276434718 1.101264280142996e-12 0.1934115420715528
2216 0.01490285070042602 1.105353268482301e-12 0.1945192846915008
2217 0.01202115862294134 4.188864569764165e-13 0.1972940121430412
2218 0.01586429511410808 2.006186531519547e-13 0.1984044291101806
2219 0.01298213322138726 1.106446058216079e-13 0.2011773118981106
2220 0.009139106381771333 6.526863629404875e-13 0.2000688359064871
2221 0.01010670921859538 1.305784304963702e-13 0.2039526571554479
2222 0.01394376796237738 7.001536421617311e-13 0.205060635044337
2223 0.01106127741544785 3.93051279787258e-14 0.2078347536798958
2224 0.01490444101652691 9.413247517332944e-13 0.2089434428822528
2225 0.01202240598306832 6.55379356444689e-13 0.2117175119355271
2226 0.01586553230868409 2.21622951281102e-14 0.2128264115412813
2227 0.01298350245135849 1.465757075284674e-12 0.2156002928640641
2228 0.01873655454978396 1.295062187479455e-12 0.195650532074032
2229 0.01970620326692974 1.420606324382212e-13 0.1850912873605905
2230 0.01680417375419389 8.161033259965494e-13 0.2167173142295602
2231 0.01394295404458813 2.097549920384308e-15 0.2194832654084126
2232 0.01776522894029004 6.453333933116301e-13 0.2206183476619336
2233 0.01490307714827188 2.73227600589031e-13 0.2233710029567248
2234 0.0110623610042894 1.073771632209319e-12 0.2222573166165379
2235 0.01202326728633555 3.204424486040916e-13 0.2261408597376922
2236 0.01586690441069228 3.367293605527519e-14 0.2272504733521619
2237 0.01298476076983527 1.315345026512558e-14 0.2300225929677866
2238 0.01682802028136793 1.568518241905755e-12 0.2311323013924314
2239 0.01394584927016117 1.519019236324077e-12 0.2339054850373333
2240 0.008179213823075061 2.406001404166463e-13 0.2106085073706667
2241 0.01012933967332788 1.161316194152651e-12 0.2328172623400979
2242 0.0110638065634304 6.548025224290618e-13 0.236679163776189
2243 0.01490698133815243 8.773460355121013e-13 0.2377882529684998
2244 0.01202491465993956 9.887402279142068e-13 0.2405619849640666
2245 0.0158680907921613 1.308214662255042e-12 0.2416710582650146
2246 0.01301139057623408 1.336691499395014e-12 0.2444506432517937
2247 0.01681114697653191 5.791818907694889e-13 0.2455613800196365
2248 0.01394713463536429 1.054914411892253e-12 0.2483276151382988
2249 0.0177704191544879 1.364165597377891e-12 0.2494581652375266
2250 0.01490602330864919 1.723793451063962e-14 0.2522128167442883
2251 0.01099392843953334 8.675020240509452e-13 0.2509275652333767
2252 0.0120881090282546 8.448520586752193e-13 0.254966138748893
2253 0.01596278777778119 6.494416805451929e-13 0.2560691194748059
2254 0.01298728967740757 3.205760183848092e-13 0.2588670030575951
2255 0.01683046258885945 7.995798239273625e-13 0.2599760665388981
2256 0.01394839898150498 1.141490335825389e-12 0.2627498201907866
2257 0.01772951885206495 1.36846984846178e-12 0.206184573074658
2258 0.007134507466585713 1.345933319329058e-12 0.1644891789469361
2259 0.009144116751527487 7.686008173693069e-13 0.2577579395714569
2260 0.008221909370967978 1.378875093558118e-12 0.2249472603541768
2261 0.01774183656440272 7.921752375625167e-13 0.2638131771223304
2262 0.01490923449735819 6.109409178402584e-13 0.2666228876172199
2263 0.01106633534523843 1.480505526957756e-12 0.2655235738147398
2264 0.01202794339274348 4.734124291745152e-13 0.2694048535162289
2265 0.01586990285604274 2.637753752372269e-13 0.2705096885769228
2266 0.01298871576952337 1.172036813749982e-12 0.2732867364824434
2267 0.01682004514769216 3.118544518374953e-14 0.2743992589214695
2268 0.01394966313462138 5.505895538796119e-14 0.2771720252365171
2269 0.01778144643643144 1.211833469221436e-12 0.2782934535398206
2270 0.01490949750813994 2.195018673961399e-13 0.2810562172788637
2271 0.01106753537487861 5.193485266582425e-13 0.2799458981874819
2272 0.01202870869697596 7.200540408565322e-14 0.2838285959759861
2273 0.01587188158126041 1.132617142135239e-12 0.2849376595431058
2274 0.01305507628680515 1.377845538499143e-12 0.2876961389202384
2275 0.01683742213932006 1.96088703299417e-13 0.2888190521945085
2276 0.01395092711970543 4.959034173284749e-13 0.2915942302855579
2277 0.01779409557768779 4.132969429065886e-13 0.2927016837857609
2278 0.01491212086753695 5.274511722936818e-13 0.2954767958443495
2279 0.008203712767705226 2.929383980994199e-13 0.2682574044210048
2280 0.01071453032482767 1.073924218446911e-12 0.2939143170152346
2281 0.01198709731616673 1.287304449309424e-12 0.2983476402430644
2282 0.01587193334378689 2.002389969457512e-13 0.2993678443046394
2283 0.01299260236099873 2.579220385684822e-13 0.3021618122148833
2284 0.01683551431549198 5.09453135440222e-13 0.303251396635743
2285 0.0139534106693651 1.275408307436215e-12 0.3060284561552355
2286 0.01013266578530467 1.54683141409081e-13 0.3049294365625483
2287 0.01100100266897132 1.489452210258951e-12 0.3087716701584548
2288 0.01490876520715642 2.468168882981229e-13 0.3099036853086619
2289 0.01195442273678919 9.733947319303953e-13 0.3127610954325502
2290 0.01587077802712912 1.237102321450334e-12 0.3137977370487953
2291 0.01299234563790043 8.164726326239037e-13 0.3165558232209476
2292 0.01683551850430191 5.036809022684035e-13 0.3176648868473351
2293 0.01395345479222929 9.096680497145265e-13 0.3204386403906181
2294 0.01777726478448747 3.142553633548522e-13 0.3215436735301395
2295 0.01491456394040792 7.911973923917012e-13 0.3243214575603691
2296 0.01107139103535691 1.003927392034495e-12 0.3232123939107152
2297 0.01203250020047534 5.241400589862797e-13 0.3270952110838252
2298 0.01587567310483997 9.833629569681758e-13 0.3282042747316711
2299 0.01299360936937755 8.36312922085556e-13 0.3309780282635133
2300 0.01683678223063657 1.294823425050292e-12 0.3320870919151952
2301 0.01395471848824725 9.780542147211517e-13 0.3348608454375798
2302 0.01779789134481583 4.053538170111617e-13 0.3359699091101858
2303 0.01491582760420667 1.249069755288563e-12 0.3387436626158123
2304 0.01107265473275144 1.441134934613853e-12 0.3376345989489489
2305 0.01203376385375418 7.590527749488025e-13 0.3415174161078894
2306 0.01587693674748824 9.99254098130201e-13 0.3426264798205189
2307 0.01299487299289364 1.057300202949152e-12 0.345400233320288
2308 0.0168380458499641 1.346488032312243e-12 0.3465092969816565
2309 0.01392766161270591 7.939266407210042e-13 0.3492571268424861
2310 0.01011019823430513 1.292896544812225e-12 0.3481718311324853
2311 0.01107353692115965 7.166377252128587e-13 0.352053107714218
2312 0.0149198273543527 3.52454631977546e-13 0.353163708540247
2313 0.01203501285540084 4.005862620520382e-13 0.3559376139658471
2314 0.01583848279043381 1.118954654750035e-12 0.3571237517780303
2315 0.01299613650251204 1.416670826974388e-12 0.3598224383560735
2316 0.01684055109294176 9.688009683691573e-13 0.360955125242154
2317 0.01397438101925468 1.530370338135578e-12 0.3637025621748274
2318 0.009288552617211674 1.390146910948296e-12 0.3582635763631103
2319 0.02075386304485475 7.949475751054314e-13 0.2607787140274717
2320 0.01774723686116346 7.18167063282599e-13 0.3648491770430132
2321 0.01491835463974654 7.965655776475443e-13 0.3675880727373087
2322 0.01072347781554792 2.462736337772353e-13 0.3659725344289831
2323 0.0119895860681097 1.171314251732229e-12 0.3704281466301478
2324 0.01587739441441913 1.280671244152309e-12 0.3714765728047999
2325 0.01299739986394106 8.885999758827646e-13 0.3742446433993574
2326 0.01682955564009751 7.862978378248608e-13 0.3753492313078383
2327 0.01395832189862008 3.773501049661567e-13 0.3781268274777789
2328 0.01013874300966904 1.858968362929323e-13 0.377025547431554
2329 0.01107644505930704 1.195300988773363e-12 0.3809012140388484
2330 0.01491956785070414 1.041191248163481e-12 0.3820101142638834
2331 0.01203755992271929 1.01839103876836e-12 0.3847840032726999
2332 0.01590461955412256 5.046124582622162e-13 0.385787559150688
2333 0.01299866303846592 1.505551440703147e-12 0.3886668484544291
2334 0.009155491997050047 4.692513872580384e-13 0.387557780582524
2335 0.01012463517056689 4.37189349587678e-13 0.391441977690509
2336 0.01395977200677311 5.680759855939328e-13 0.3925496656760316
2337 0.01107770816052688 2.60823273379198e-13 0.395323419080207
2338 0.01489348910658985 5.7273141738306e-13 0.3964259599221043
2339 0.01207039070510195 1.249946330635174e-12 0.3991374546335841
2340 0.01588198996567005 1.486052536064391e-12 0.4003153001095869
2341 0.01299992610624371 9.736044599455651e-13 0.4030890535124649
2342 0.01684309891824068 4.292398274915554e-13 0.4041981173369217
2343 0.0139930576280295 2.054132706799079e-13 0.4070011967307368
2344 0.0178071600773161 7.027110515626608e-13 0.4080833728546078
2345 0.01492214400028705 1.439745707842913e-12 0.4108546879500749
2346 0.01107897117761488 6.325038286750934e-13 0.4097456240980012
2347 0.01204008012050783 8.501285009657298e-13 0.4136284413243819
2348 0.0158832529209974 4.223058272660939e-13 0.4147375051834405
2349 0.01300118904114543 7.391827177792638e-13 0.417511258551356
2350 0.01684436184030011 9.953646298185173e-13 0.4186203224406962
2351 0.0139622979552821 3.086765081290824e-13 0.421394075787756
2352 0.01872310901056658 1.076026048895875e-12 0.3976722062866342
2353 0.01972263653367147 3.430026495666049e-13 0.3725799537192773
2354 0.00822286332034306 8.812626804108726e-13 0.4124664821429206
2355 0.01874522296098744 7.707931477610283e-13 0.3831539280879376
2356 0.01015366707827559 9.001940289902713e-13 0.4203166565105992
2357 0.0110802340550059 4.554210426408746e-13 0.4241678291355322
2358 0.0149234068487917 1.414166412961583e-12 0.4252768930206343
2359 0.01212202336990189 7.616427391705867e-13 0.4280474573681965
2360 0.0158903315755169 1.293493130069055e-12 0.4291592914727795
2361 0.01301779966031114 8.50224595255292e-13 0.431841490235378
2362 0.01682194454818477 4.502281749880928e-13 0.4330355189928142
2363 0.01395836620605643 5.981163275296734e-13 0.435760761162547
2364 0.01012038791262302 1.199098374300593e-12 0.4347072169302554
2365 0.01108415047133681 1.122083585511954e-12 0.4385810387172578
2366 0.01492170331271341 8.042613100062167e-13 0.4396787295128352
2367 0.01204291138765379 8.137075333773142e-13 0.4424608385028732
2368 0.01595246607757505 1.411245530494879e-12 0.443578386132446
2369 0.01300371451040762 1.569264598714166e-12 0.4463556686551795
2370 0.01684688733585452 9.373689516234135e-13 0.4474647325700887
2371 0.01396482339260991 1.001611123796577e-12 0.45023848589774
2372 0.01779720955743164 1.135253458132285e-12 0.4513683358220051
2373 0.01492424724582802 1.671936620942887e-13 0.4541240201931178
2374 0.01108269374749783 1.503529244927671e-12 0.4530124736130733
2375 0.01204386828785362 1.045944901837765e-12 0.4568950564497413
2376 0.01588708420959986 2.341863406674816e-13 0.4580050756171833
2377 0.01306474901643727 1.301099509374503e-12 0.4607539575478256
2378 0.01683417787414462 2.957865533124478e-13 0.4618915868625493
2379 0.01396567598290011 8.412375368221501e-13 0.4646372952181435
2380 0.01779087895026813 4.759509406081325e-13 0.465783382672414
2381 0.01492375561352612 1.952913944889123e-13 0.4685309138651762
2382 0.01011408197259427 3.079354065935719e-13 0.4627082731269192
2383 0.0071491804179292 2.895669080258325e-13 0.4241895030499297
2384 0.009230861772423679 4.831885476070818e-13 0.4452441488125516
2385 0.008196943767905151 1.697208887012562e-13 0.3977687738131396
2386 0.0186889611297208 1.199570783241667e-13 0.4697177541640168
2387 0.01587942536344538 1.234091145466085e-12 0.4724289378629964
2388 0.01204501388569554 7.668598964383606e-13 0.471315360542974
2389 0.01300623954008774 1.324297442025772e-13 0.4752000787262357
2390 0.01684941230037832 9.244342718410377e-14 0.4763091427325703
2391 0.01396734831305634 3.400519584050594e-13 0.4790828959894126
2392 0.01781052111366718 1.251378138381478e-13 0.4801919599886338
2393 0.0149284571209157 1.49827128775405e-12 0.4829657132545833
2394 0.01108528433497008 2.56542352070327e-13 0.4818566492653312
2395 0.01204639313331428 7.997336181623132e-13 0.4857394665119196
2396 0.01588956593675267 1.049244435212438e-12 0.4868485305116434
2397 0.01300750195310306 2.089939946895479e-13 0.4896222837860961
2398 0.01685067471620398 6.930319477631099e-13 0.4907313477825586
2399 0.0139686107360306 7.119195893436966e-13 0.4935051010481658
2400 0.008232392812419036 2.345793988628861e-13 0.4845710857444112
2401 0.0101579963751007 1.98380327944092e-13 0.4924258559880664
2402 0.01108654674517785 4.591383336954986e-15 0.496278854307411
2403 0.01492971954648742 7.884660216833254e-13 0.4973879183060386
2404 0.012047655553818 1.116855788030556e-12 0.5001616715705689
2405 0.01589082831311944 8.929478087689475e-13 0.5012707355787073
2406 0.01300876432573957 1.162686984991048e-12 0.5040444888348912
2407 0.01682909974717369 5.599175395721839e-13 0.5051616625754785
2408 0.01396819669689265 3.857389818868604e-13 0.5079274539004678
2409 0.01779014503333127 9.359378667379594e-13 0.5090628842884412
2410 0.01492830775339779 1.451409611665043e-12 0.5118152380719239
2411 0.01108762229943924 8.077630394840905e-13 0.5107014411283426
2412 0.01204891782248311 8.006316632213845e-13 0.5145838766054398
2413 0.01589217438156299 1.376087724235612e-13 0.5156945829814705
2414 0.01301388841830184 7.086033921633889e-13 0.5184656150135157
2415 0.01685358038914709 1.396461953001014e-12 0.5195765629339408
2416 0.01397113527892348 7.705632251003206e-13 0.52234951115544
2417 0.01012051320812657 5.512064045776299e-13 0.5211602548706679
2418 0.01106635605264959 3.721405191068728e-13 0.5250782830836365
2419 0.01492962601727872 1.00022546512641e-12 0.5262285265643091
2420 0.0120501799164181 9.67548869046665e-13 0.5290060816484747
2421 0.01589302250201992 3.665541580517418e-13 0.5301159467236144
2422 0.01307141992805201 1.137635409084071e-12 0.5328647520207671
2423 0.01685837926355541 2.052461989070573e-13 0.5339966707782091
2424 0.01397231396400099 6.67999933812123e-13 0.5367481405964653
2425 0.02011504921287772 1.182096847332224e-12 0.5311281147157348
2426 0.01012105082452389 9.469284398375195e-13 0.5348116164513993
2427 0.01103251519417018 1.011739145795232e-12 0.5390130647804482
2428 0.014914232485006 1.585522961385342e-12 0.5405928920109777
2429 0.01201436855920586 1.606275965510014e-13 0.5431608352039862
2430 0.01588082517527864 6.496568777106487e-13 0.5444994259613136
2431 0.01299367024121728 8.650596739764536e-14 0.5471854398148766
2432 0.009169377750195393 2.698973120934542e-13 0.5462020398377436
2433 0.01016590365354211 1.20442229513503e-12 0.5500033720864657
2434 0.01397365911035207 4.778627018761749e-13 0.5511939212893188
2435 0.01076876159484487 8.074164381395973e-13 0.5542972059310955
2436 0.01491662561543922 1.485689195647309e-12 0.5551042366248139
2437 0.01205270363598357 4.746837208251816e-13 0.5578504917388389
2438 0.01589587634564108 1.535001791810575e-12 0.5589595559043854
2439 0.01301381224528874 2.513560341330194e-13 0.5617333090424482
2440 0.01877718558865238 7.603685516052165e-13 0.5561881682965761
2441 0.0168521139563712 1.312764719562685e-12 0.5628440305740603
2442 0.01397456687241961 1.115965458952145e-12 0.5656161472890355
2443 0.009170639493823969 9.706024322497626e-13 0.5606242448603383
2444 0.01777706614638622 1.014284413369535e-12 0.5667445283008714
2445 0.01493276169668238 3.552726751922618e-13 0.5695003874508751
2446 0.01109285674378685 3.900291714641751e-13 0.5683898794907508
2447 0.01205396537522915 2.887750087482242e-13 0.5722726967950393
2448 0.01589713808685854 6.027165916220391e-13 0.5733817609635697
2449 0.01306909837130974 1.036523206551218e-13 0.5761342945614545
2450 0.008232716312863883 1.392149779511253e-12 0.5706171574863729
2451 0.01683909630474326 6.347314831154199e-13 0.5772707000737322
2452 0.01397570239876342 1.398635825848889e-12 0.5800173383644333
2453 0.01779625323077726 2.047186192883523e-14 0.5811667375235612
2454 0.01493346685903385 1.506512145874428e-12 0.5839107711363325
2455 0.01109470253128426 1.233881388387437e-13 0.5828078982059363
2456 0.01205526997985822 2.538809244835286e-13 0.5866898345007726
2457 0.01589746048633296 1.244576824108932e-12 0.5878017577764898
2458 0.01301603054201245 9.065307479258787e-13 0.5905741793358432
2459 0.01688422238168116 8.252656558292757e-13 0.5916873158798366
2460 0.01397850777643024 1.161409145860559e-12 0.5944600117699789
2461 0.009251501390079993 9.642759764477891e-13 0.589451536830639
2462 0.009261013111715836 3.203721157338291e-13 0.4740728766164548
2463 0.01779313663932934 1.099936994349504e-12 0.5955181268251808
2464 0.0149397681232783 1.306708671845536e-12 0.5983322631285739
2465 0.01109532228440792 1.418549848607668e-12 0.5972333139084413
2466 0.01205706700930747 6.425348457285583e-13 0.6011149057091004
2467 0.01589887018472466 4.643528588555179e-13 0.6022177421799235
2468 0.01301784832020772 1.35868760806851e-12 0.6049965315787412
2469 0.01684418368673339 5.951453105643324e-14 0.6061100442160173
2470 0.01397870588963046 1.887389753661237e-14 0.6088827415141206
2471 0.01013572557085003 3.967921420673283e-13 0.6077731597510417
2472 0.01109661739479765 9.056918656738953e-13 0.6116561044234667
2473 0.01493980445681294 1.061196408771087e-12 0.612765525649471
2474 0.01205772245852401 2.335660858165128e-13 0.6155390968700046
2475 0.01590091380443156 1.03742742797186e-12 0.6166483495511484
2476 0.0130188434472618 6.273688733546506e-13 0.6194220264728663
2477 0.01686202611993064 9.937617127116461e-13 0.6205311794125955
2478 0.01397996000072139 8.250388362537011e-13 0.6233048996459535
2479 0.009277826039332627 7.239168348576366e-13 0.618294800035873
2480 0.0177665830878491 7.940480291785747e-13 0.6244364464023606
2481 0.0149368011913452 8.272400816808324e-13 0.6271884639066242
2482 0.01109760800838588 1.458224473989395e-12 0.6260787591505116
2483 0.01205873941239132 8.849527963688438e-13 0.6299618065563962
2484 0.01590218451525383 7.282390277949511e-13 0.6310705812241392
2485 0.01302012036116884 8.942531970952089e-13 0.6338443343169157
2486 0.01685798035113098 1.506383443108361e-12 0.6349485422641006
2487 0.01398119412357908 1.218168571035348e-12 0.6377261323100719
2488 0.01016639872088961 1.27418540573032e-12 0.6366439665215731
2489 0.01109916473655191 9.80622576581784e-13 0.6405009047162994
2490 0.01494226212648167 1.162745739419016e-12 0.64160938747012
2491 0.01215885154833399 1.381621922310421e-12 0.6443704769973559
2492 0.0159103023397992 1.001184983166419e-12 0.6454912059462518
2493 0.01302138176952827 3.418070369756208e-13 0.6482665393701919
2494 0.01684230480788936 5.034250788327475e-13 0.6493743068269137
2495 0.01398249027740635 1.192405662045965e-12 0.652149356699164
2496 0.01014298005478844 6.266143981481992e-13 0.6499792357653846
2497 0.01780274223505752 1.048928252895814e-12 0.6532787647573576
2498 0.01494127239544627 1.323357965116522e-12 0.6560342320976636
2499 0.008251318297707314 1.208249025831897e-12 0.628780583308349
2500 0.007166674296860447 7.631159660983736e-13 0.64036491899839
2501 0.01882037072238834 6.83268270734553e-15 0.6570231005612711
2502 0.01594482191309248 9.365334377539471e-13 0.6599288117723466
2503 0.01214091022442148 1.257225859837332e-12 0.6589407245888366
2504 0.01308005409581368 4.297642399364334e-13 0.6627105523729283
2505 0.01686581578704459 2.880567816599181e-13 0.6637978087038688
2506 0.01398375159084439 2.691887944422754e-13 0.6665715617438224
2507 0.01787331564542275 1.000529153128591e-12 0.6677128154909189
2508 0.0149448600604991 2.751553326105523e-13 0.6704543790810696
2509 0.01014057889966262 5.18448287679231e-13 0.6654624974364621
2510 0.01956865122930916 8.539827354001102e-13 0.1706538087395632
2511 0.01877667863469443 4.75464586414394e-13 0.5417635976595304
2512 0.009277550270910005 2.101339224029149e-13 0.5029164664234355
2513 0.02070520423454608 1.516215218100285e-12 0.6216402576917821
2514 0.008189327290754583 4.776349135180179e-13 0.3259861474461978
2515 0.009174621907124763 1.023316274271024e-12 0.2427332474891921
2516 0.01972768852496309 8.468282603797711e-13 0.4302687741638486
2517 0.009149172727937993 1.454554315697838e-12 0.3154467595868511
2518 0.008213251058018985 8.639787741858302e-13 0.3695710982791819
2519 0.0063247369482325 3.492870408288518e-13 0.5481099888131926
2520 0.01988442583102343 8.911016922086863e-13 0.5027460176271197
2521 0.01970122694565501 4.514842321600427e-13 0.3585009363636011
2522 0.007268657443062806 4.120565822481251e-13 0.4375420864685182
2523 0.01973778728148459 1.736616071019818e-13 0.5456464149578369
2524 0.008211598888810727 7.810634444245119e-14 0.2976126094888306
2525 0.0198901530174125 6.288158731022807e-13 0.5748458790648979
2526 0.01969280178903906 1.417853735844847e-12 0.2141115073106378
2527 0.01989760998623145 1.471492213026197e-12 0.646936303583974
2528 0.01872117762194309 2.383174390047723e-13 0.6714611380604214
2529 0.01590782355691655 6.420294974344666e-13 0.6743173689912121
2530 0.01206251730296114 6.901931785628703e-13 0.6732264434231516
2531 0.01302492198745926 1.145924446997922e-12 0.6771072390820473
2532 0.00918080158081962 4.157138684000321e-13 0.6760012901537635
2533 0.01014748315182706 1.036436999060517e-12 0.6798846191286755
2534 0.01398509364699383 1.064635462487186e-12 0.680991979351787
2535 0.01110294853295503 9.300734978712536e-13 0.6837675198186663
2536 0.01494599196307759 9.208078868726386e-13 0.6848753948370674
2537 0.01206405696683724 1.306027425424051e-12 0.687650337167436
2538 0.01590714001594555 1.485919146626277e-12 0.6887588289977552
2539 0.01308260525581518 1.35296266042932e-13 0.6915186495320806
2540 0.01687217299905234 9.732913076827715e-13 0.6926406323837794
2541 0.0139862737956814 5.28606520790108e-14 0.6954159718666475
2542 0.01782943589128279 1.050153122720786e-12 0.6965235870488453
2543 0.01494745793486096 9.746184064267037e-13 0.6992985624513074
2544 0.01076496475866387 1.342471719806615e-12 0.6982191385862435
2545 0.01206531793958915 1.031005859331603e-12 0.7020725421998819
2546 0.0159084797991714 1.063537097782255e-12 0.7031814429430083
2547 0.01302643435213256 6.865515784914065e-13 0.7059553334998854
2548 0.01686959028974553 1.354603617156896e-12 0.7070643601360291
2549 0.01398753583062918 7.309877508898118e-13 0.7098381410135952
2550 0.008229800700856316 7.653331390563763e-13 0.6862162557578043
2551 0.01779373944267894 7.483993560731227e-13 0.7109358923294584
2552 0.0149482740498835 1.131670633354876e-12 0.7137200451402127
2553 0.01110542543336406 7.268614346123912e-13 0.7126118441849311
2554 0.01206660138082557 1.307975486975455e-12 0.716494582364648
2555 0.01590967285828715 1.352777015603931e-12 0.717603658378353
2556 0.01305109395460251 1.490081893600099e-12 0.7203826265862922
2557 0.01685077213004461 1.537401739016654e-12 0.7214947722047692
2558 0.0139887954867279 1.365886646342421e-12 0.7242603819673531
2559 0.01781021059794343 1.213854053836956e-12 0.725393103877748
2560 0.01494746647285547 1.229913411425714e-13 0.7281458315529752
2561 0.01100253265988515 3.838338053595086e-13 0.7268229824287014
2562 0.01212614466482117 1.541963774948319e-12 0.7309198007353949
2563 0.01591547543057114 8.124108827247284e-13 0.7320306684218126
2564 0.01302894781455663 8.31954245541407e-13 0.7347997696405846
2565 0.01687212043928749 1.06488720734817e-12 0.7359088341103672
2566 0.01399005610703365 8.409411482241184e-13 0.7386825870183494
2567 0.01783322877461458 1.08092395504189e-12 0.7397916514860897
2568 0.01495116444293919 1.490520934688166e-12 0.7425654044000098
2569 0.01110799179307114 3.549669974597e-13 0.7414563399436194
2570 0.01206910012640091 1.010242645728947e-12 0.7453391573214095
2571 0.01591227275170492 1.228954950103937e-12 0.7464482217854348
2572 0.01303020843479719 1.063964563408898e-12 0.7492219746998408
2573 0.01687338110475433 1.565424608364616e-12 0.750331039155686
2574 0.01399131677181508 5.072692543230536e-13 0.7531047920769055
2575 0.008242538734935523 8.323123403734138e-13 0.7441960199990864
2576 0.009185775173519671 3.708754880273407e-13 0.7336907051633267
2577 0.01778896856715279 1.86495795812306e-13 0.7542311769254497
2578 0.01494902515962639 9.657248422197165e-13 0.7569880768057943
2579 0.01110901408608115 8.624820088221613e-13 0.7558785907577072
2580 0.01207014860787096 6.077550457642349e-13 0.7597615820396304
2581 0.0159135333623484 9.668770928475312e-13 0.7608704268483987
2582 0.01303146902951421 1.087905387607802e-12 0.7636441797446542
2583 0.01687464164487028 5.021684448625524e-13 0.7647532442383377
2584 0.01399257730681557 1.536869817761545e-12 0.767526997130662
2585 0.0101494046751144 6.989586384133392e-13 0.7664179326273084
2586 0.01111051295546996 9.415540409592367e-13 0.7703007500143426
2587 0.01495368556814297 5.540536811793774e-13 0.7714098145399397
2588 0.01207162120311165 1.073859299580849e-12 0.7741835674028141
2589 0.01591479381068998 6.661733054313321e-13 0.7752926319299379
2590 0.01303272945275517 5.448497518225642e-13 0.7780663847708692
2591 0.01687590210074346 8.32879979897117e-13 0.7791754493151245
2592 0.0139938377340693 3.137556772223457e-13 0.7819492021912432
2593 0.01779919040564567 5.294406187465695e-13 0.7830356920111038
2594 0.01495408135034174 6.92003568657146e-13 0.7858265755309819
2595 0.01111177334852288 3.30566539581114e-14 0.78472295503762
2596 0.01207312104285502 1.217829201280224e-12 0.7886048795184208
2597 0.01591605422377248 2.862360024902725e-13 0.7897148369797259
2598 0.0130339292004498 1.519885251195324e-12 0.7924877578461523
2599 0.01687716243941591 7.929407934060583e-15 0.7935976543896718
2600 0.01398509356289279 9.063618257782958e-13 0.7963618818103403
2601 0.01015103530439359 4.243987948448636e-13 0.795261416531478
2602 0.01111290373579481 1.391337384520289e-12 0.7991436737634665
2603 0.01489323243436129 7.011580185613908e-14 0.8002623054708834
2604 0.01207414186422873 1.226842893782207e-12 0.8030279774829872
2605 0.01585407092569318 5.677615590094347e-13 0.8041851408447122
2606 0.01302925600896054 5.255262564486058e-13 0.8069152146404635
2607 0.01687842266384109 1.471012474127061e-12 0.80801985942141
2608 0.01399635827326644 3.900317707823653e-13 0.8107936122598293
2609 0.01781837010518538 1.448993226454194e-12 0.8119063246701544
2610 0.01495746645547592 7.093524936073778e-13 0.8146764296391963
2611 0.0111142938517934 3.792067365435235e-13 0.8135673650536612
2612 0.01207540204237659 1.425433048855379e-12 0.8174501824597222
2613 0.01591857463390215 1.349104625386347e-13 0.8185592470527845
2614 0.01303651020983538 2.104916587853663e-13 0.8213329998462463
2615 0.01687968279213097 1.588704337564966e-12 0.8224420644514242
2616 0.01398230396702448 1.674807816786593e-13 0.8252211533999464
2617 0.01015344100432292 8.905926990564327e-14 0.824107234664197
2618 0.01111444991252809 3.07151364887924e-13 0.8279911479379291
2619 0.01494341052601621 2.952742484141973e-13 0.8291170379578833
2620 0.01207494714116764 7.196012251705779e-13 0.831876796237655
2621 0.01592009915255967 5.246399284422595e-13 0.8329891601522721
2622 0.01303777023000189 5.432703396167936e-13 0.8357552048127975
2623 0.009194271592952523 1.089248135171309e-12 0.8346467447014714
2624 0.01020079938547609 1.091671816060221e-12 0.8384391172571358
2625 0.01400018446008486 1.242544950940676e-12 0.8396302088710617
2626 0.01080284038531267 1.57492419526122e-12 0.8426119309409011
2627 0.01494003041379056 1.059545117369009e-13 0.843531508770063
2628 0.01207792201606623 3.225561414231675e-13 0.8462945923827474
2629 0.01592109457948292 5.439300984406019e-13 0.847403657048632
2630 0.01303903010679725 7.78005791468482e-13 0.8501774098089353
2631 0.0188019243683153 3.308029270025155e-13 0.8446308457834089
2632 0.01688220268421127 1.227062419915371e-12 0.8512864744407608
2633 0.01400013822739478 5.709529911522635e-14 0.8540602272349892
2634 0.01784331082434628 9.170160278774326e-14 0.8551692919272507
2635 0.01496124636540868 9.573821076681936e-13 0.8579430446889129
2636 0.01111807375441822 2.121413569127049e-14 0.8568339800218457
2637 0.01211980309485483 1.009408181125539e-12 0.8606348577144328
2638 0.01592351651357274 5.919503617407295e-13 0.861818743896161
2639 0.01303759591979208 7.592145683470141e-13 0.864580459175
2640 0.01688236232870587 1.359851908861215e-12 0.8657013075236236
2641 0.01403190100894698 1.502872757608122e-12 0.8685016915878081
2642 0.008214514823587349 1.567483851876476e-12 0.8593449628434346
2643 0.009195857525604352 1.378776121984286e-12 0.8490683451117977
2644 0.01973502202083683 1.071660031215403e-12 0.8056634120701792
2645 0.0178466403809875 8.566272383551947e-13 0.8695898909397023
2646 0.01496250604764092 7.220399616860374e-13 0.8723652496440646
2647 0.01111933348263633 8.35378983631808e-13 0.8712561849105387
2648 0.01208044153181546 1.28570357409815e-12 0.8751390023576755
2649 0.01592361408673474 7.798229809260512e-13 0.8762480670714553
2650 0.01304154957601365 1.213353569576645e-12 0.8790218197775044
2651 0.01686235227976666 1.052123296362023e-13 0.8801388185170088
2652 0.01400101602210267 1.180723425876507e-12 0.8829047805748005
2653 0.01018958693324724 1.821308423022406e-13 0.8817846363400654
2654 0.01112788988279456 1.399366951904671e-12 0.885618966282562
2655 0.01496299169033449 1.123077215131905e-12 0.8867843953664005
2656 0.01213643969210023 5.958065821794039e-13 0.8895310611831081
2657 0.01597231387718327 1.39247924979882e-12 0.8906800966521875
2658 0.01304280905900347 4.18365491907097e-13 0.8934440247408653
2659 0.01692371715132195 1.19670568774736e-12 0.8945713032560295
2660 0.01400391703601792 1.07074569868547e-12 0.8973268421746996
2661 0.009279895398791031 8.184913169351271e-13 0.805785069467184
2662 0.007260828355344692 7.707454694988458e-13 0.8841036166741367
2663 0.01014651716047717 5.542284584998447e-13 0.8953745423294837
2664 0.01112272733701607 2.260355823081325e-13 0.8999604037617326
2665 0.01496196764347793 1.478210562994041e-12 0.9011975653523859
2666 0.01208296042403883 4.671091526136512e-13 0.9039834122533914
2667 0.01592518725032143 4.146297254234099e-13 0.9050887376442158
2668 0.013061503963953 7.298383425210502e-13 0.9078690777468367
2669 0.01686377419420584 4.04343248600366e-13 0.9089830929002223
2670 0.01400517631656824 1.97359012008371e-13 0.9117490471342535
2671 0.017848348826335 1.46873754160628e-12 0.9128581119850587
2672 0.01505880767520902 9.203252393901041e-13 0.9156043658479998
2673 0.01076723265773244 1.196059572363181e-13 0.91403708884343
2674 0.01204576026455794 4.453558178744262e-13 0.9184869113566574
2675 0.01592739210717557 1.368892733237244e-12 0.9195146820501923
2676 0.01304669663214643 5.461597060956581e-13 0.9223126583294
2677 0.01687547026698509 2.995388151826431e-13 0.9233870899756902
2678 0.01400703267246447 1.464409045620441e-12 0.926175217565984
2679 0.01018356151344847 5.254476151498735e-13 0.9250698518384189
2680 0.01103416894507847 1.463161741771732e-12 0.9289201402860621
2681 0.01496073562377802 6.89878640940984e-13 0.9300538202440217
2682 0.01198470252398766 1.511494877878139e-12 0.9329032714530832
2683 0.01600464565512567 3.077075243380261e-13 0.9340350141472619
2684 0.01304658658396614 4.613316589524104e-13 0.9367106396513141
2685 0.01689297227479677 1.710499972964382e-13 0.9381948442301388
2686 0.01395078573423409 5.599397545020149e-13 0.9406632768752017
2687 0.01014399677873686 6.234653942111738e-13 0.9395746014773007
2688 0.011125470057317 1.537640484305817e-13 0.9433897622060891
2689 0.01493496610319964 1.169543327604706e-12 0.9445727304473591
2690 0.0120814584793072 6.648256312357852e-14 0.9472773545164415
2691 0.01593331247572823 1.116011691492627e-12 0.9484097769766028
2692 0.01304784553786584 3.355956740348675e-13 0.9511328446092751
2693 0.0168948056940925 9.632210027695046e-14 0.9522687935305924
2694 0.01400833899051816 9.524194272282862e-13 0.9550178879905926
2695 0.01881071580680609 1.529581120150071e-12 0.9311631344821948
2696 0.007178341172223188 1.053335034711699e-13 0.9281233129557432
2697 0.009296636631940429 3.474699683704099e-13 0.9500101546974504
2698 0.01869478059238655 1.07027812173383e-12 0.9023348554072823
2699 0.009242785682168835 1.403254186799893e-12 0.777028720879489
2700 0.02071507332607515 1.503992951220286e-13 0.7521802855129537
2701 0.02070668119703824 7.09756695783349e-13 0.7083982698273281
2702 0.00918325366290843 1.34937969406061e-12 0.7048462951610621
2703 0.02012391890179941 1.389251410061329e-12 0.7908723697522015
2704 0.01866686188998506 9.489778025122572e-13 0.6860037563468679
2705 0.01779830551631249 4.739146892878214e-13 0.9560854130983053
2706 0.01496937616326198 1.332954802880048e-12 0.9588916240810273
2707 0.01112688862900782 8.71573613800288e-13 0.9577894145857634
2708 0.0120883201177156 9.896520550233381e-13 0.9616711272899142
2709 0.01593080115828494 1.551257053632269e-12 0.9627788208509532
2710 0.01304913999625887 1.481494106984801e-12 0.9655535827763863
2711 0.01688300714566169 6.431828383152951e-13 0.9666660247310979
2712 0.01401021199215273 1.326544007102106e-12 0.9694378670655454
2713 0.0201417477613391 2.420461363564776e-13 0.9637226189719418
2714 0.008271165379023906 8.980809867459604e-13 0.9605094064513285
2715 0.01019943731385399 5.55295980148223e-13 0.9683581726711615
2716 0.01112814726205404 9.850832331422917e-13 0.9722116195395374
2717 0.01497131972335029 1.147040381692811e-12 0.9733206845675382
2718 0.01216944467213942 6.429070072836611e-14 0.9760860524592473
2719 0.01593809526508885 1.091282477244715e-12 0.9772026393453628
2720 0.0130631511436672 5.965326832344526e-13 0.979880545332103
2721 0.01686797310363616 2.468659996133099e-13 0.9810794034767354
2722 0.01400591802262186 1.158294117873914e-12 0.9838046853297997
2723 0.01016829792069233 4.657284764668272e-13 0.9827510069650867
2724 0.01113203286517703 1.466175411253305e-12 0.9866248318469834
2725 0.01497045950685304 3.110279953399566e-13 0.9877286021579034
2726 0.01209053533927606 1.30209467414224e-13 0.9905087950492882
2727 0.01600033437517559 1.02905333020206e-12 0.9916238040015369
2728 0.01305481782619995 1.543453164895667e-13 0.9943974975643467
2729 0.01689479340070968 1.767056665479463e-13 0.9955085246371509
2730 0.01401270762119978 8.990464478945037e-13 0.9982809675898741
2731 0.01784679596961286 8.714248386043315e-13 0.9994032972654748
2732 0.01497261189435522 8.035975344607784e-13 1.002165741290873
2733 0.01113065581151151 4.446021109870843e-13 1.001055881216515
2734 0.01209177138164611 1.183689978989795e-12 1.004938846964733
2735 0.0159349438027571 7.6915470316121e-13 1.006047912141942
2736 0.01305287896043263 1.275253092816955e-12 1.008821664520164
2737 0.01687700996940695 8.342557130171187e-13 1.009937425748841
2738 0.01401259211136866 3.177361775619901e-13 1.012704595684186
2739 0.01017071472124861 7.153465422201244e-13 1.011595429019549
2740 0.01113183833356906 3.77659623549049e-13 1.015478310370792
2741 0.01497509417689412 7.861695292787828e-13 1.016587299640975
2742 0.01209302934873966 9.837169784420325e-13 1.019361052022479
2743 0.01593620177755472 6.965038610939679e-13 1.020470117299033
2744 0.01305413692846709 1.66576313591067e-13 1.023243869626502
2745 0.00927520807511124 2.920153219340724e-13 1.022108440483438
2746 0.01017189531511546 2.777474847905378e-14 1.025992265867326
2747 0.01401469200944424 3.589378263683029e-13 1.027124523258858
2748 0.01113140676963252 8.322028195024773e-13 1.029884770489144
2749 0.01497572130281004 1.511860428609943e-12 1.031007509185342
2750 0.01209317640052758 2.885088946058914e-13 1.033775455337381
2751 0.01593705513275148 9.593651370542989e-13 1.034891193246315
2752 0.01305483910064595 5.706109184937342e-13 1.037662437313075
2753 0.009215605093829292 2.805403582885465e-13 1.036555925185113
2754 0.01017332980780146 5.54881931415128e-13 1.040439826984856
2755 0.01401622500830235 1.259468932079848e-12 1.041547332797382
2756 0.01113338517995587 1.104987237085292e-12 1.04432136458582
2757 0.01497738636303318 2.216463138456845e-13 1.045430980715092
2758 0.01209552189642627 1.238841611845673e-12 1.048205553093406
2759 0.01593871729308844 1.110234209754864e-12 1.04931452736525
2760 0.01305665467831932 1.252977561164096e-14 1.05208830995942
2761 0.01689982486313364 4.451168751026593e-13 1.053197344928125
2762 0.01401776223903753 7.873611050272677e-14 1.055971113086259
2763 0.008251249891209737 1.317327134809992e-12 1.047102671329364
2764 0.007187866459738883 1.404807823427234e-12 0.9721268454326645
2765 0.009278287116965264 1.524868153853812e-12 0.9932761024921172
2766 0.01870537927329591 8.46320712204e-13 0.9744474107277675
2767 0.01021913729974882 6.444185912947533e-13 1.054848369913406
2768 0.01113569511413275 1.530753848606025e-13 1.058744849620808
2769 0.01506589377616953 1.290369389746125e-12 1.059827927934226
2770 0.01210295962573587 1.570962911096705e-12 1.062627780217944
2771 0.01593997505313264 1.372515573951826e-12 1.063736732423389
2772 0.01305791017957888 1.481196906099835e-12 1.066510484758818
2773 0.01688372528454493 1.280381768935829e-12 1.067603676693983
2774 0.01401890816317868 1.466574023553776e-12 1.070389955175148
2775 0.01019731451295494 6.060078650073719e-13 1.069276326747383
2776 0.01113695575051061 5.9104073376806e-13 1.073158856777577
2777 0.01497970516699107 1.449447378314894e-12 1.074273506334366
2778 0.01209757529374758 3.394813886866532e-13 1.077044427850872
2779 0.01594088291457986 1.294029820715339e-12 1.078157378977504
2780 0.01305882282868917 1.023926748889215e-12 1.080929681150646
2781 0.01690213076402567 1.418023186351546e-12 1.082040964871322
2782 0.01402007860211085 2.350000323366715e-13 1.084813947195858
2783 0.01017719541975497 1.246152443158284e-12 1.08370582286118
2784 0.01113823848530654 1.531336540030189e-12 1.087588517612688
2785 0.015057264266472 4.509213583014274e-14 1.088674593921249
2786 0.01210468590356845 1.247572401203171e-12 1.091471531403621
2787 0.01594249059098013 1.442738216877235e-12 1.092581142532701
2788 0.01306044278849347 8.522358974432377e-13 1.095353131487469
2789 0.01978314746388009 7.149070547468513e-13 1.064845797625425
2790 0.01687887372562903 5.406437800055693e-13 1.096472620465643
2791 0.01402153324812703 3.419758495762503e-13 1.099237712435789
2792 0.01784006352519963 5.640201385615535e-13 1.100375167003309
2793 0.01497979625748816 1.285512756718988e-12 1.103123760081498
2794 0.01113932887734593 6.230966025290228e-13 1.102011744933766
2795 0.0121002677681521 1.581921617956262e-12 1.105894985770293
2796 0.01594379328104336 8.858296012424054e-13 1.107004759147332
2797 0.01306168341327044 9.814833846192586e-13 1.109777099904035
2798 0.01689892320154162 9.129594393537692e-13 1.110887534778167
2799 0.01402239401056364 8.333331517969747e-13 1.113659841555152
2800 0.01785743066423242 4.32631791667195e-13 1.115283573755107
2801 0.0149098228623302 1.281818271551571e-12 1.117636008278292
2802 0.01113738350070196 1.552723928327185e-12 1.11644181678137
2803 0.01209338072121055 1.126203548811286e-12 1.120336402685293
2804 0.01590201555951326 1.282638903430137e-12 1.121547687844892
2805 0.01305543687764244 2.879197786627719e-13 1.124238387961725
2806 0.01691045017776054 3.483961587991511e-13 1.125372428275832
2807 0.01402404834969228 4.547666583247464e-13 1.128082122526753
2808 0.01017841074242045 4.561365385075158e-13 1.126978772680572
2809 0.01114207972084803 6.91987188034113e-13 1.130857547884536
2810 0.01506978436381571 8.560063083372877e-13 1.13193975959126
2811 0.01210919794743739 3.717785312593196e-13 1.13473972651909
2812 0.01594626316160362 6.573270431517549e-13 1.135847757741618
2813 0.01306419817947369 3.473097570686772e-13 1.138621509974804
2814 0.01688826820941952 6.878791161683704e-13 1.139713104241736
2815 0.01402518568635725 9.687424151498791e-15 1.142500641147378
2816 0.01018213317706347 1.558511053922947e-12 1.141395262182339
2817 0.01114342818270351 1.80553932536402e-13 1.145277498213754
2818 0.01498614221398859 5.192385139438412e-13 1.146384985093458
2819 0.01210440799464456 2.261164585137606e-13 1.149159967224925
2820 0.01594752029019022 1.609482099301139e-14 1.150269962825914
2821 0.01306538838016615 4.298173821323804e-13 1.153043074668482
2822 0.009222316810319528 2.089178722255298e-13 1.151934452831346
2823 0.01018771743422472 1.517758549861818e-12 1.155817897803602
2824 0.01402656263161613 8.408258146576877e-13 1.156926532646524
2825 0.01114449759810459 4.015583891699656e-13 1.159700284835313
2826 0.01498766994175986 1.81535771327109e-13 1.160809350284107
2827 0.01210560491150672 1.066587563861958e-12 1.163583102446319
2828 0.01594877725297798 8.375129143190297e-13 1.164692167917283
2829 0.01306671222264801 4.072712613068757e-13 1.167465920083848
2830 0.01978943552253637 6.091957581129056e-13 1.136956823109183
2831 0.01688467347571845 2.755760771217261e-13 1.168583995150702
2832 0.01402596603420824 6.882304906301251e-13 1.171348909282941
2833 0.01784570760576373 1.991986898905463e-13 1.172486800437361
2834 0.01498598935425111 1.535026342251647e-12 1.175237167340425
2835 0.0111455480437623 1.177325997021886e-12 1.174122909582575
2836 0.01210643199864662 1.014359550656188e-12 1.178006543414384
2837 0.0159501246246115 1.394523161953706e-12 1.179116203348494
2838 0.0130679689965658 1.172241372192249e-12 1.181888125120946
2839 0.01690368866941751 8.036507191341156e-13 1.18299126459949
2840 0.01402898097270545 9.80738390813419e-13 1.185769650573035
2841 0.01021199203854899 9.591685785205106e-13 1.184685673116352
2842 0.01114701114480208 1.110719812769493e-12 1.188544694865912
2843 0.01499008699157442 4.923770181747498e-13 1.189653084363143
2844 0.01219264825232186 1.051792071087547e-12 1.19239327696579
2845 0.01595665682709707 2.761598506015125e-13 1.193533188955988
2846 0.01306982071622743 1.375852018688105e-12 1.196263580128907
2847 0.01691129743488175 1.108353272912941e-12 1.19740689072485
2848 0.01402753143361655 1.254559665840228e-12 1.200161789217317
2849 0.01018852770358197 7.333675928764371e-13 1.199075834993921
2850 0.01114919262762217 1.371235631817916e-12 1.202955171362043
2851 0.01499143997013228 1.583916484375089e-12 1.204075965483149
2852 0.01210853539184156 2.008854156334003e-13 1.206841434827417
2853 0.01595231087545608 6.317445341479033e-13 1.207958078800415
2854 0.01306988349601151 1.193568152705675e-12 1.210728353889695
2855 0.01689269996715409 1.126839968917468e-12 1.211822101905321
2856 0.01403115842744053 8.331183704628119e-13 1.214609414572903
2857 0.01979571944713573 4.939391301592513e-13 1.209067848768681
2858 0.01782808803827612 1.175889811868744e-12 1.215621663689329
2859 0.01499520571459603 5.157990928355783e-13 1.218476291295883
2860 0.0111495402067719 5.212803536492178e-13 1.217386292294758
2861 0.01211171631370637 2.011872331399801e-13 1.22126688434565
2862 0.0159522277411453 1.431437926966962e-12 1.222364147515594
2863 0.01307219255015 9.923657089339346e-14 1.225147651156762
2864 0.0169149107742768 1.204808210421933e-12 1.226263805858534
2865 0.01403233594072016 1.482152831446898e-12 1.229032679475705
2866 0.008281365385172263 5.082543139432382e-13 1.220133656610318
2867 0.008262432553903394 8.978143256140772e-13 1.162474036979231
2868 0.008290052219315176 8.446717928288142e-13 1.104719030714586
2869 0.009307965806843161 1.521068087779698e-12 1.209605430052827
2870 0.008299450070868247 5.29969691780886e-13 1.176823948153543
2871 0.00727267610439365 4.524571149283844e-13 1.071668808687499
2872 0.007207224568923324 6.473568172053334e-13 1.188307941146979
2873 0.01022702332000097 6.25046492843855e-13 1.22791327256087
2874 0.01122364690958558 8.77903160018699e-13 1.231610213290673
2875 0.01499423594658517 8.57376772770476e-13 1.232900353899384
2876 0.01174220228601489 8.396271809554814e-13 1.235457511612536
2877 0.01592157027126416 6.001642847244489e-13 1.236771026966865
2878 0.01307299483966591 1.247341358480754e-12 1.239576945325381
2879 0.0169161671603601 8.350338302446668e-13 1.240686010919165
2880 0.01408825547299198 9.66092936378408e-14 1.243443013719008
2881 0.01019092969333875 4.033033804781926e-13 1.242350697383664
2882 0.0111558931961955 1.3834833806607e-13 1.246233513076339
2883 0.0149952091602647 1.102971701317461e-12 1.247342580657128
2884 0.01211314400314175 7.282337673055288e-13 1.250116332709816
2885 0.01595631632022022 2.077026879907299e-13 1.25122539834054
2886 0.01307425115639855 6.682184337809672e-13 1.253999150375777
2887 0.01689930971345641 1.342557255856465e-12 1.255114570988921
2888 0.01403403249108485 1.12431616658432e-12 1.257882073891945
2889 0.007266897533570636 1.189384977833278e-12 1.230000174478276
2890 0.01782806642654575 4.532206653919806e-13 1.259024188798096
2891 0.01499193803854546 1.037445699956581e-12 1.261769142045889
2892 0.01880817546262583 1.542905197620125e-12 1.262942940024599
2893 0.01595243616452788 2.003528475296135e-13 1.26566489426999
2894 0.01211391524582494 3.097094583984004e-13 1.264540481218521
2895 0.01307550740637049 1.475441122111048e-12 1.268421355420533
2896 0.01691867969104308 3.786743145023414e-13 1.269530421067409
2897 0.01405889156252246 7.283475873354788e-13 1.272296273944231
2898 0.01787978682672931 2.215910291497957e-13 1.273413238737355
2899 0.01507727987395095 1.303418552056694e-12 1.276131002638448
2900 0.01080166993314118 6.938718874785429e-13 1.274371004925532
2901 0.01209606612299662 5.232628457335988e-13 1.278943745201947
2902 0.01595882875994833 1.244048542495464e-12 1.280069808447626
2903 0.01307559216160957 3.029015578947291e-13 1.282852690452789
2904 0.01692004183506246 1.525552621104775e-12 1.283953405132029
2905 0.01403818219505378 9.888785372774043e-13 1.286730000373404
2906 0.0101997883103147 1.150598197720465e-12 1.285596252438289
2907 0.01111745304062584 1.249996664852067e-12 1.289448623118808
2908 0.01499535027594936 2.868961048592889e-13 1.290606705040003
2909 0.01211691243204616 1.108979995505473e-12 1.293382947811001
2910 0.01595995499891772 1.350597929960545e-12 1.294493443502104
2911 0.01316526233781381 1.108359201117127e-12 1.297225115912858
2912 0.01692676697839423 7.855671894534139e-13 1.298372209638033
2913 0.01403890695678268 5.205702345259087e-13 1.301112688936785
2914 0.0201850751009594 1.416340036906856e-12 1.29535619035186
2915 0.01030054742203686 1.000426126827043e-12 1.299275011409946
2916 0.0111786256454023 1.080873312305006e-12 1.303121945783713
2917 0.01497713204751328 7.255579070939053e-13 1.304935966587995
2918 0.01172078725851491 1.277037168540641e-12 1.307246402021629
2919 0.01591173416793773 6.589430246643577e-13 1.308835239115267
2920 0.01307927509663283 6.06604547887677e-14 1.311687970553426
2921 0.01688951270088606 1.535752242843223e-12 1.312816365301755
2922 0.01403756193239355 1.320637732426974e-12 1.315572195737723
2923 0.01019720978262368 9.582221226505812e-13 1.314461722436121
2924 0.01115808818130981 6.48858259553223e-13 1.318344622303386
2925 0.01500148897864419 7.022556030237346e-13 1.319453605985895
2926 0.01212662096227398 9.935131551453581e-13 1.322228898973393
2927 0.01601868602352415 3.009631133734989e-13 1.323350152350994
2928 0.01309034911570731 9.532951835810067e-13 1.326104777071156
2929 0.01696508284087263 1.571758277125524e-12 1.327468272542916
2930 0.01402071628287688 2.590867082437855e-13 1.330020397182687
2931 0.01018324705885162 9.098366014890761e-13 1.328734513399754
2932 0.01111350230469962 8.465865670106876e-13 1.332687390340819
2933 0.01498890254954144 1.313385146558867e-12 1.333908247052813
2934 0.01211141725017916 1.012791779490971e-12 1.336659719954927
2935 0.01596469090428874 1.470359087656993e-12 1.337777451219032
2936 0.01308168585658812 4.742813712595948e-13 1.340537625830335
2937 0.0169264573676523 7.754989458113955e-13 1.341652389363009
2938 0.0140428929405245 4.233242390897199e-13 1.344415198377561
2939 0.007260324801991562 1.304995475981663e-12 1.302151099253269
2940 0.01023848266193624 1.328808414172738e-12 1.34329240933246
2941 0.01116076300967882 2.450188650861199e-13 1.347174297363702
2942 0.01500368470558313 7.623281491215239e-13 1.34829676671469
2943 0.01212091020707739 4.656192186576227e-13 1.35106267265001
2944 0.01596474214369635 1.475804426757695e-12 1.352179673389843
2945 0.01308239684403861 4.081974547164863e-13 1.354950051230311
2946 0.01692597889868105 1.463908667180997e-12 1.356062992855369
2947 0.01404382564944675 9.227850200989043e-13 1.35883528790459
2948 0.0102290715058789 1.110726539846701e-12 1.357717351537232
2949 0.01116204122401255 1.040861578902875e-13 1.361600361830668
2950 0.01500486276326853 1.621490174313915e-13 1.362718393900203
2951 0.01212247434891863 1.345575574749216e-12 1.365487118390156
2952 0.01602774711559521 3.890917155844358e-13 1.366625011790595
2953 0.01308602009376377 2.136772923918309e-13 1.369379734772181
2954 0.01696024631666106 1.772123092846116e-13 1.370503617344381
2955 0.01404652594688125 9.285550250707835e-13 1.373263666327349
2956 0.01020233859038013 1.569618925727145e-12 1.372151429576757
2957 0.01116333850007142 1.493575047116467e-12 1.376033360346675
2958 0.01500682991102856 1.001386503357464e-12 1.377143565675831
2959 0.01212444537200211 1.046348478031144e-12 1.379916178080245
2960 0.01596770734625617 1.599877130470878e-12 1.38102555902129
2961 0.0130855522656914 1.320717050383079e-12 1.383798995814052
2962 0.009242380026791714 1.118704838511607e-12 1.382689929933298
2963 0.01024975976458003 2.400849448202134e-13 1.386479772015345
2964 0.01404797886060509 1.598584632914701e-12 1.387673725219033
2965 0.01084848391798903 1.405969328164362e-12 1.390636523892393
2966 0.01498731899948567 1.132598118226191e-12 1.391573552352933
2967 0.01212570073215746 1.252752374359781e-12 1.394338383130784
2968 0.01602967113194131 9.415889238391583e-13 1.395458350378691
2969 0.01308959041104122 6.224320064992591e-13 1.398225765240117
2970 0.01692997985109381 1.600277097576529e-12 1.399330266743084
2971 0.01404791450805357 4.029062556315943e-13 1.402104018590563
2972 0.0092436353686803 4.760225843157507e-13 1.397112134962373
2973 0.007318910837579077 9.816121134679337e-13 1.360502089484487
2974 0.01978566299220963 7.849519439536133e-13 1.09369020776565
2975 0.00931570114747474 1.361846502530484e-12 1.094227865645751
2976 0.009283620245338837 1.520151126868098e-12 1.252967328692663
2977 0.01785071105113587 1.123432364119645e-12 1.403176058594011
2978 0.01500878828043307 1.094475235874465e-12 1.405978963360863
2979 0.01116584914902765 9.436641619514533e-13 1.404877770431133
2980 0.01212735808703099 7.75085301731333e-13 1.408759346439373
2981 0.01596955079552629 7.508876719002781e-13 1.409865012714022
2982 0.01308819278149979 6.163047286701334e-13 1.412641413150095
2983 0.01693123515604773 7.604281891157695e-13 1.413752471806026
2984 0.01404902649761172 1.3969353448838e-12 1.416524850243308
2985 0.008283787003984787 1.102696386721466e-12 1.40765141576588
2986 0.01024477236027179 8.062663411899849e-13 1.415402344749549
2987 0.01116703593141113 4.769220139886973e-13 1.419285084325639
2988 0.01500985279081271 7.896335187133344e-15 1.420407103572773
2989 0.01212719975259539 4.005758066523223e-13 1.423173444152388
2990 0.01597096185011963 1.100966789368473e-12 1.42429038613209
2991 0.01308866853499948 5.082621767317202e-13 1.427060854484088
2992 0.0169322264437169 1.543521137662515e-12 1.428173876241615
2993 0.01405009175309744 5.244221558055694e-13 1.430946159737879
2994 0.009335755488429572 8.917344123106208e-13 1.42593739001887
2995 0.02017569919052862 1.043358303762846e-12 1.410968367824092
2996 0.01871514847655396 7.849210397892357e-13 1.046557971327489
2997 0.01979194959024749 1.249020740106417e-12 1.165801233403632
2998 0.02073419049880978 4.877255412542105e-13 0.953350974516854
2999 0.01884340566112788 1.042966486354364e-12 1.30614046673181
3000 0.008378995027925294 3.364913448313945e-13 1.061384294364885
3001 0.02016719490861969 1.568919332799202e-12 1.33890119972403
3002 0.01786224247805443 3.421303502772687e-13 1.388784561023071
3003 0.02077315207215578 3.328312194013039e-13 1.400439332594868
3004 0.01874814868681914 9.222919351018705e-13 1.23403667664358
3005 0.01783737180781325 1.295122322049994e-12 1.432005482882046
3006 0.01501107476244686 1.212826764984006e-12 1.43481915542966
3007 0.01116817411125199 5.95214272234632e-13 1.433720782154632
3008 0.01212997270500474 5.657172079215176e-13 1.437602452394751
3009 0.01597217435246613 6.184686901269736e-13 1.438710459882227
3010 0.01309056482578742 9.679076226508278e-14 1.44148585380553
3011 0.01692197199703858 1.376110844604549e-12 1.442599024238118
3012 0.01405168023376573 4.062902534335374e-13 1.445370633754015
3013 0.008309848688379966 1.004317955242141e-12 1.4364474982839
3014 0.02016953348386348 7.299379013261706e-13 1.439737689408061
3015 0.01024063024000558 9.800854365694258e-13 1.444290583533653
3016 0.01116961484008889 1.257114830646436e-12 1.44814438556882
3017 0.0150127870674322 7.669503047193817e-13 1.449253451503831
3018 0.01213072168035161 1.586855992804765e-12 1.452027203313937
3019 0.01597389388295055 5.240439930149775e-13 1.45313626926203
3020 0.01314030668892393 1.179774348331866e-12 1.455891378487048
3021 0.01693813723589963 1.454329612539597e-12 1.457017405972627
3022 0.01405289271771939 2.556298438325184e-13 1.459774107851239
3023 0.01020976308650113 7.275382991557345e-13 1.458683772849307
3024 0.01117533335656619 1.937928964948557e-13 1.462562477651234
3025 0.01501291049837095 1.146470166697873e-12 1.46366389054747
3026 0.01213222269157611 1.428244177198109e-12 1.46644243532717
3027 0.01597514884788657 2.236938492474281e-13 1.467558474344307
3028 0.01309257809328739 3.821820414896175e-13 1.470327667921562
3029 0.0169202453500734 7.910921766415173e-13 1.47142638603451
3030 0.01405375935049586 8.930486225201207e-13 1.474209735911662
3031 0.01023036102506417 1.024542723956822e-12 1.47310454388608
3032 0.01109007753502227 1.154151695213453e-12 1.476951497722278
3033 0.01500812529962849 2.366376877512939e-14 1.478092099196409
3034 0.01203936738190863 1.166594400372678e-12 1.480960037148789
3035 0.01604807987892511 7.04209170986293e-13 1.482073015339168
3036 0.01309433818098488 1.531972519712904e-12 1.484754431165076
3037 0.01695513684508443 6.168485741483963e-14 1.486014484063072
3038 0.01407256124033718 8.924469191103867e-14 1.488652544804746
3039 0.01787474141709115 5.800271140760827e-13 1.489894177147264
3040 0.01500900831782455 5.521586954995747e-13 1.492530275455141
3041 0.01106995953603294 1.024301991918147e-13 1.491151653311541
3042 0.01213448615447727 6.069524690121342e-13 1.495293818424832
3043 0.01597765831758773 8.716736413471347e-13 1.49640288449246
3044 0.0130955928423588 3.005695529015864e-13 1.499176636203658
3045 0.01693876500334386 1.223920222793813e-12 1.500285702276887
3046 0.01405669952505383 1.421126851263717e-12 1.503059453983481
3047 0.01789987170709118 5.489621504203631e-13 1.504168520065623
3048 0.01501780622656476 9.747185435205039e-13 1.506942271764988
3049 0.009252420641356798 1.084567787784598e-12 1.498067570119351
3050 0.01117463404365052 1.402553874737187e-12 1.505833205696546
3051 0.01213574074473991 1.508109035663202e-12 1.509716023467093
3052 0.01597891294976546 1.255220764564869e-12 1.510825089582478
3053 0.01312168290818221 8.995189060199242e-13 1.513604507713332
3054 0.01694195206176134 1.168541758438883e-12 1.514708346348877
3055 0.01405795414781773 6.557400997792325e-13 1.517481659035486
3056 0.009253675273216102 5.075840982292793e-13 1.512489775180925
3057 0.01981832102472051 5.51975811704545e-13 1.468667540355988
3058 0.01885846907269257 1.012609090197675e-12 1.479206927694648
3059 0.007326442608130676 6.713238566609162e-13 1.44703531962865
3060 0.01785999548526354 3.192122892262203e-13 1.518604134779503
3061 0.01501610692345804 8.493230096684909e-13 1.521364548345976
3062 0.01118870931435874 8.551450561502599e-14 1.52010473182394
3063 0.0121369953214561 7.822805908166497e-13 1.524138228508413
3064 0.01598016747366499 1.362942916256338e-12 1.525247294612915
3065 0.01311556289003496 1.393753763769399e-12 1.528024566454427
3066 0.0169166141249868 1.578922304342125e-12 1.529139695287078
3067 0.01405920860909226 2.497368213578957e-13 1.531903864083302
3068 0.01787649002036695 6.685664085610752e-13 1.533041355106667
3069 0.01501740049468706 1.324313640070549e-12 1.535789856727014
3070 0.01080863361037362 1.196663511425028e-12 1.534171041795127
3071 0.01209063747518083 8.377747196145231e-13 1.538641479999488
3072 0.01597974668677569 3.500774623404133e-13 1.539681841747101
3073 0.01309935641687487 3.40524210105268e-13 1.542443251342394
3074 0.01694252856443335 8.044648571885106e-14 1.543552317462025
3075 0.01406046305272831 1.47075596062012e-12 1.546326069134266
3076 0.01791010298824207 9.343465019907745e-13 1.547503633889101
3077 0.01501495227617037 1.492687079631904e-12 1.550220930971601
3078 0.01117816979439945 4.940556068891292e-13 1.549100859577667
3079 0.01213857902363115 5.135127465655425e-13 1.552985102744643
3080 0.01598001973810879 1.035284167163153e-12 1.554106565319005
3081 0.01309984510369362 2.612395070896247e-13 1.556870255104996
3082 0.008300595119115954 1.29982992054553e-12 1.551864944860895
3083 0.01694455592831747 6.052498179740609e-13 1.557983551843143
3084 0.0140617173173223 6.773602224420778e-13 1.560748274178698
3085 0.009256184244148195 1.084360775341528e-12 1.541334185233896
3086 0.01025590499974082 8.816494571690564e-13 1.55962596238125
3087 0.01117958819788485 5.768103661539419e-13 1.563507916245728
3088 0.01502252039001246 7.218193147459471e-13 1.56462988899451
3089 0.01213976699417998 7.289432746053764e-13 1.567396099533278
3090 0.01598357930718116 1.269506101647928e-12 1.568512793685468
3091 0.01310124504585756 1.062377968052888e-12 1.571283314782338
3092 0.01694503710446653 9.568818819983102e-13 1.572396727597237
3093 0.01413229946593685 1.038532350589657e-12 1.575149383753568
3094 0.01022470925754961 4.892678453609896e-13 1.574058877281114
3095 0.01118090596397986 6.720312833138637e-13 1.577944230850419
3096 0.01502341447930038 1.380234309680308e-12 1.57905260749428
3097 0.01214292967653128 9.921149932181398e-13 1.581827506143712
3098 0.01603763716231809 1.357752272332192e-12 1.582930435545943
3099 0.01310855847106357 1.545370438536603e-12 1.585699883394155
3100 0.01693945801724754 1.278941011874116e-12 1.586807977152139
3101 0.01369896492629771 1.547853867228239e-13 1.589615524597875
3102 0.01024237615601142 6.110204012346199e-13 1.588470240962354
3103 0.01874177294774413 1.397381398467329e-12 1.450380203623197
3104 0.01785963421706384 1.254050471479284e-12 1.590402673376284
3105 0.007012543066557727 2.614741059893358e-13 1.576944468769441
3106 0.007336479586899629 1.490750381900192e-12 1.562412959645463
3107 0.02077904760137915 1.075199444845297e-12 1.516432513369998
3108 0.01790951025753462 5.075083759469895e-13 1.028285018774569
3109 0.01977039228308308 2.817327820943997e-13 1.194509948851177
3110 0.006991668717999118 9.113854098530697e-13 1.245113329521962
3111 0.008272484152942712 2.310661893114112e-13 1.277851677094936
3112 0.01877093096958566 1.023567460964197e-13 1.565753139979929
3113 0.006955178359625246 2.247448829614719e-13 0.7691542623316828
3114 0.00699970755806243 1.203480417135411e-12 1.31718203952323
3115 0.008278762298511544 5.152393347307913e-13 1.349962702132323
3116 0.008407627516706899 8.447245296265114e-13 1.465271387895066
3117 0.008237268940918014 1.473243340454257e-12 0.8740299376177019
3118 0.01875553206504947 1.377264014830599e-12 1.421531112132568
3119 0.006356592227329204 1.27860586899192e-12 1.024040277786417
3120 0.008260100071755814 3.058700575157906e-13 0.9176134655776566
3121 0.01877640549728555 1.328904802077945e-12 1.349416457191345
3122 0.009237791008280606 6.090617151191572e-13 1.48392913282547
3123 0.0178039194430616 7.035647964298926e-13 1.158051108082766
3124 0.02080100253723803 1.050604279552872e-12 0.8672671550411822
3125 0.01876263264109362 5.39105889821279e-13 1.075200489445124
3126 0.007307487223376825 1.441443030576783e-12 0.9855674983267219
3127 0.01992338793857959 3.368236551423631e-13 1.526657255169396
3128 0.01877507688950163 1.418046993810899e-12 1.147280405136218
3129 0.008959275730608411 1.241838964792907e-12 1.267305390611227
3130 0.008653579597751182 1.353570005134553e-12 1.263718340781376
3131 0.0197567060209767 1.431839009663018e-12 0.7619794913584998
3132 0.009172148012306713 3.10892465637553e-14 0.7193953462205142
3133 0.009404283019329371 9.630253541461262e-13 1.526072517165941
3134 0.007298810984600236 8.240023760105655e-13 1.129746809388878
3135 0.008227188078896781 8.680707828911398e-13 0.7586522978750138
3136 0.00726607979488842 1.35670468226762e-12 0.7547694804821568
3137 0.02166423890364931 5.799702189654551e-13 0.6685698702156321
3138 0.009347585496892271 1.213408955622096e-12 0.9059089142102299
3139 0.01880693815296954 5.638450326002255e-13 0.8878965194383496
3140 0.02162462713254851 5.133533505316136e-13 0.1495903062019575
3141 0.01879685821334668 3.729772014771769e-13 0.7725188790777808
3142 0.007305095338841272 3.737827740031093e-13 1.201857834335564
3143 0.02143375409374688 6.181268156962652e-13 0.468032844459603
3144 0.008232986713933339 1.330754209518116e-12 0.2823950346725468
3145 0.007224426541523698 5.144611347841151e-13 0.2788367152648893
3146 0.01986167825102759 2.848290447624237e-13 0.7189343095732561
3147 0.01986973172889916 1.486582469824771e-12 0.2430506625093564
3148 0.007215574867210417 7.919383948133014e-13 0.1778812803044905
3149 0.006503356788659176 1.178502952350768e-12 0.8369912918320602
3150 0.01987859639850496 7.241977758447839e-13 0.3151342459633795
3151 0.006299597976243343 1.335235040603293e-12 1.385438158503187
3152 0.01886353644218464 1.139835312374717e-12 1.580161574978795
3153 0.007238332561099699 7.470603062782109e-13 0.7981072543128455
3154 0.007276160906336797 8.60474818743669e-13 0.8701471201866108
3155 0.008258661062450112 9.303410115318094e-13 1.119207422020012
3156 0.007297553599188044 1.495764774463911e-12 1.115324604431286
3157 0.007228218148837798 7.975049010420155e-13 0.3221033302640365
3158 0.007323932199599571 7.72727164945857e-13 1.418190909577215
3159 0.01883838145283625 1.239136442194181e-12 1.248451646266803
3160 0.009236519947487285 2.378874597599365e-13 1.595651550716303
3161 0.00812169865152821 7.228923420602628e-13 1.292961524961746
3162 0.01974034929479395 9.253058616834367e-13 0.8776122451796116
3163 0.01884466120544479 8.762172666836485e-13 1.320562671858121
3164 0.01884842756503146 1.538651910461807e-12 1.363829287023907
3165 0.01876784235562189 5.359279319537362e-13 0.440808162018589
3166 0.02010599622160947 3.364582340783814e-13 0.4596566752969449
3167 0.007251380635791241 6.96605379820774e-13 0.942321916226197
3168 0.01865368134797271 5.959974696089985e-13 0.1091366771630092
3169 0.01881575056958356 1.248043460555586e-12 0.9888519546890207
3170 0.008229708957275528 1.590414744080219e-14 0.7874967078817847
3171 0.02017212974658193 6.136171186162204e-13 1.007810219157104
3172 0.00724419018162292 2.134753384842761e-13 1.014459185936323
3173 0.01980200103182306 7.896036995854491e-13 1.281178874159084
3174 0.02076310810199095 1.359786900569069e-12 1.285061691844275
3175 0.006327641690972077 5.40949123880749e-14 1.010486351740646
3176 0.004104329414195552 5.87673108391759e-13 1.595606035330086
3177 0.02074246458498987 4.466629552258575e-14 0.2896819787273389
3178 0.008053339450365647 1.511999062887914e-12 0.1241349345510641
3179 0.008171457215297016 9.805834496889341e-13 1.593058426957541
3180 0.02071781425620934 1.229264526813784e-12 0.76586230876519
3181 0.007232173353800543 1.381897952315093e-12 1.086602732296664
3182 0.006333930650095047 1.173376648258786e-12 1.082597376903323
3183 0.00724123640685775 1.431938077369891e-13 0.5384876660004907
3184 0.0200762873522509 6.387518555652851e-13 0.6035540064700505
3185 0.01865794805027193 3.198413749030362e-13 0.6138930510549692
3186 0.01881197481592758 1.168033765368342e-13 0.9455853395005429
3187 0.01989378798350897 1.525402635675807e-12 0.3874152406763597
3188 0.007825406845704862 5.421176977498592e-13 1.00409894307134
3189 0.008219623155722557 1.140359966270023e-12 0.6721190677804438
3190 0.005337558925405224 1.358581644865303e-12 0.674892820791624
3191 0.01872444592420614 1.434670194786072e-12 1.017709626045916
3192 0.01976029394108123 4.911758380647866e-13 1.021817772113836
3193 0.01880189908770908 1.053746556412689e-12 0.8302076992522843
3194 0.01975159757664137 7.979153794386857e-13 0.8342327662979914
3195 0.008031535186095267 1.262334216859367e-12 0.5280397196858444
3196 0.00796813426344283 1.382588882836315e-12 0.4559359943932847
3197 0.006321349401142068 1.495137611447912e-12 0.9383753273431241
3198 0.007171921104761804 6.962436639775612e-13 0.6107026690567694
3199 0.006292360412407801 1.182246628571631e-12 0.6066646131106107
3200 0.003338814274048327 1.000505729456184e-12 1.597892855529264
3201 0.01873204689394978 1.669251140720221e-13 1.378269528915899
3202 0.0198107898754717 8.954640188275188e-13 1.382134309809171
3203 0.02168581889226151 1.98913545132209e-13 0.6542176840281817
3204 0.01973526335477569 4.672195125993474e-13 0.5168020047229166
3205 0.02069637203659193 1.459826701770197e-12 0.5206848220190021
3206 0.007793332904035393 3.014578944852692e-14 0.6002396341422985
3207 0.008277506874782837 1.566876239638207e-12 1.335540497070453
3208 0.02015681786077952 1.313657991504495e-12 0.05613225495110816
3209 0.02076504828669077 7.824901079353034e-13 0.6935462003950823
3210 0.02007375786011974 9.539560393647852e-13 0.2716173085433579
3211 0.02257686295542273 1.456978194069353e-12 0.5429064038850029
3212 0.003177618100807237 4.72770288034576e-13 0.009503795994728221
3213 0.007198467554137625 7.750510873113934e-13 0.001224346392251367
3214 0.0077939137148169 9.066722810994235e-13 0.8165473742488149
3215 0.00632993737603741 1.506385726454386e-12 0.7935581538820301
3216 0.01977056462105633 1.293690678251512e-12 0.9206237469022637
3217 0.02074158992980585 3.853905145180701e-13 0.07332262566111446
3218 0.02161829676070384 3.06887869439433e-13 0.07747928252557798
3219 0.02018790347490867 1.600300442255895e-12 0.8202794221430207
3220 0.02012590286115946 6.049618436253657e-13 0.1999655885844319
3221 0.01971631837227504 2.797958362053028e-13 0.300468928225894
3222 0.02066981796791561 4.59130497734842e-13 0.304497450298623
3223 0.007757017211635884 3.379954699618199e-14 0.3406020733426652
3224 0.007231460770434769 5.754954114722883e-14 0.3359387269509255
3225 0.02167261909780768 1.328295859626668e-12 0.697634100605304
3226 0.007249857649899618 3.073463636817548e-13 1.374946592026813
3227 0.006359059362880859 1.577974173223545e-12 1.371041476739815
3228 0.007204822386469283 2.339484255504694e-13 0.8269139303177024
3229 0.00631127315366206 1.721970217148296e-13 0.8229976880046403
3230 0.02257981924388946 9.746244717508868e-13 0.1964476883111552
3231 0.02255969429257162 4.41052269530518e-13 0.05230124989077081
3232 0.01967142807292134 3.387476461726818e-13 0.2283432795097923
3233 0.0206647514949821 1.563174621995331e-12 0.2324413407059315
3234 0.006343988130451493 1.112562504310717e-12 1.197975016681203
3235 0.02260596351130985 1.054472924255556e-12 0.3842284054272386
3236 0.01168417687116817 1.248390466553111e-12 1.593160460818572
3237 0.007149875200981266 1.241188013693207e-13 0.2207543218680529
3238 0.007142264286350756 8.488762868797624e-13 0.3510546582427713
3239 0.00626963635949663 1.535636678259407e-12 0.3470649231093951
3240 0.007225502304621257 1.366547964906187e-12 1.17267587729693
3241 0.008215051251978894 1.295566186930105e-12 0.4700272231315928
3242 0.006254465372716406 1.179327419117926e-12 0.1739984632161687
3243 0.02076422926511366 1.49060195099466e-12 0.4771909064460301
3244 0.0216536939214877 1.404098749843896e-12 0.4813010239759593
3245 0.02006350715324592 2.261479797181213e-13 0.08380966526623683
3246 0.02065030570391941 1.063477485609092e-12 0.08821504377695587
3247 0.02155086233031563 4.087515894109913e-13 0.2944208956574827
3248 0.02066604777228806 2.477029256696945e-13 0.1745518993393886
3249 0.007147748818002877 8.872193630794173e-13 0.6244661496454603
3250 0.006337703575705636 7.269171075665302e-13 1.125863991785015
3251 0.007216692811987618 3.717580027563992e-13 1.100571602279243
3252 0.006271870003126479 1.015378848543268e-13 0.1013305887248917
3253 0.02013696137472334 3.753872523403725e-13 0.6752850620622889
3254 0.02075557019645513 1.227105652210718e-12 1.198528461319658
3255 0.008338979511302825 1.113900506330005e-12 0.5133941039657172
3256 0.00719596581819407 1.3640676743249e-12 0.5091674822506695
3257 0.02084594344237959 6.84611402085006e-13 1.501163717025462
3258 0.02174304386005574 6.535058628338675e-13 1.505277586165388
3259 0.02076722891958079 1.504699481376736e-12 0.4050617507364498
3260 0.02164738067508364 2.097050423537014e-13 0.4091899983984761
3261 0.007232549168403919 9.438312560808252e-13 0.4950172247811111
3262 0.007133061946770989 9.474461535234493e-13 0.07655292607051291
3263 0.02010830955682159 5.592973823446906e-13 0.6318184474579481
3264 0.01983311243978829 1.34255956453988e-12 1.108289497011904
3265 0.02010605137550462 1.209110966599776e-12 0.4876666927894509
3266 0.02068403230231509 1.213424513525152e-12 0.4923301926370552
3267 0.004110438623487441 1.003548553331747e-12 0.75818298529279
3268 0.006267965569402938 7.036018873888846e-13 0.3904190492621021
3269 0.005312317363853047 1.162460802576325e-12 0.3864487208457422
3270 0.00396370237347198 7.150777415691689e-13 0.282379480300857
3271 0.006244113804515903 7.280006685283858e-13 0.02977806303298904
3272 0.02010465152497659 8.964536518467096e-13 0.4155825442020603
3273 0.02067976167785189 7.994219935951303e-13 0.4203193109563509
3274 0.02075494793717727 3.271655247405029e-13 0.3329832301422253
3275 0.02164106419561905 8.837829966171584e-13 0.3370789727778091
3276 0.02077566258198028 1.095080270405847e-12 1.429283742789786
3277 0.02010516807800567 4.241927131782906e-13 1.151557361092145
3278 0.007164519128274422 8.802140336280683e-13 0.4804229219934228
3279 0.01983019064795433 1.110505038142286e-12 1.180328380012385
3280 0.007203013453117789 4.019429712629918e-13 0.9563843328162606
3281 0.02067045013897839 1.081787059839302e-12 0.7955965194701694
3282 0.007325187384828694 3.211110695528764e-13 1.432613114644561
3283 0.02010316908376366 1.422137121587564e-12 0.3434987212719484
3284 0.0206359624762286 1.559568232699432e-12 0.3483058368036838
3285 0.006325125443554009 3.601679365618276e-13 0.981641941917768
3286 0.02076711241216533 5.381788572969086e-13 1.343693214942856
3287 0.007235798354316881 2.569844329000513e-13 0.4086365602461986
3288 0.006277215105032812 2.011960654562618e-13 0.4335981530190228
3289 0.007244310717110522 1.024319618544625e-12 0.8123492351516997
3290 0.02077320288245027 1.030370336467136e-12 1.41575789318674
3291 0.02079784527538577 4.290532608322781e-13 0.7367862609424918
3292 0.02167640144805623 1.641996492113119e-13 0.7409007159188075
3293 0.004511923037028065 1.183255654382469e-12 0.8727376084955324
3294 0.02017543595184009 8.44834422360916e-13 1.223287862499716
3295 0.007213031567702462 4.914955176865331e-13 0.2353045617388766
3296 0.00446734277997579 1.332349906959096e-12 1.43563494226688
3297 0.007186551369763262 1.380137866629016e-12 1.215983731266471
3298 0.004471921876151973 3.806583149066814e-14 1.219650004026864
3299 0.007182089777730363 1.210419926007679e-12 0.7401095425178691
3300 0.007223162411567265 1.258634597144263e-12 0.2644145103098082
3301 0.00443349672221089 8.977875872148038e-13 0.74368554757882
3302 0.01974157248179703 8.558795647476889e-13 0.5889130302383068
3303 0.004470631274325208 4.29022062307039e-13 0.3246996762790389
3304 0.004431329671966635 4.166370749784196e-13 0.9596607709580166
3305 0.00722695438171982 1.145890126757116e-12 0.3076811252670597
3306 0.004420517040211343 2.998799779307624e-13 1.175787176480052
3307 0.004442877972326365 5.740290174425767e-13 1.103839053986548
3308 0.006588334764883266 7.921878414239133e-13 1.312508789330964
3309 0.00625754295658727 2.342283634750352e-13 0.05862749236780395
3310 0.005283294636683036 1.065562322866344e-14 0.05473807282673753
3311 0.02069827746167894 5.234125912025726e-13 0.5357621994519406
3312 0.004390663874751176 1.253944209443911e-12 0.2677425522498903
3313 0.01982459407467578 9.230194289681858e-13 1.540778565817474
3314 0.007328952530324144 9.5277537136296e-13 1.47587972960762
3315 0.00634923092807264 1.302438152280731e-12 1.154748763340605
3316 0.005379110521221829 7.318335882555194e-13 1.150825584181427
3317 0.004380808184773026 1.37948265661204e-12 0.4116405952821012
3318 0.007334648769702669 3.016855516851689e-13 0.4044790952520424
3319 0.003564565467453281 9.00322577496343e-13 0.4018510489546049
3320 0.004391688884713344 9.990291155154459e-13 0.4837054764656528
3321 0.004404540754546383 2.783338367224281e-14 0.6278756532856848
3322 0.02008965027302289 1.613076208159981e-14 1.555188980554153
3323 0.007215082060980246 1.128120899209612e-12 0.3794112942535509
3324 0.009269500263092459 1.346375212364005e-12 0.01255105891275146
3325 0.02078567781073239 1.515728124650914e-12 1.559946115434022
3326 0.007313998082144648 5.273330352195013e-13 1.547567329058225
3327 0.0043475643192523 1.313881968821016e-12 1.550550239903399
3328 0.006375541284737342 4.544864364723622e-13 0.7643551008956112
3329 0.007252207385622027 1.187896507484166e-12 0.5961252254042192
3330 0.004337305491346057 1.523847870789367e-12 0.2239216490652571
3331 0.006585321192372375 1.120633004249638e-12 1.2404777796606
3332 0.004356682405867365 8.760394965702191e-13 0.07984170246357768
3333 0.020662575658199 4.560479396142716e-14 0.1319998902330266
3334 0.007287491293602693 6.586930765224552e-13 0.9999469642666756
3335 0.01978817822286866 1.531599302184786e-12 1.122534617996901
3336 0.02079464498657786 6.095293591403607e-13 1.126836894482674
3337 0.02147945926977848 1.393047463885117e-12 1.11883032261806
3338 0.007320070309819961 1.255498396041672e-12 1.403595470395151
3339 0.004030825405256365 9.890699970339399e-13 1.406335540494325
3340 0.007247756845646476 8.279906318273905e-13 1.14396077910545
3341 0.006338960779868431 7.829159221602523e-13 1.140286196814023
3342 0.02364517329828157 1.377258460725533e-12 1.282287939856616
3343 0.01998450678439961 6.64278218401967e-13 1.277012979947225
3344 0.02283016132554418 1.167336744185546e-12 1.274140829906077
3345 0.00625699507765254 6.38525171619272e-13 0.2028428731833274
3346 0.005295885665896286 3.802816529838747e-13 0.198960056073695
3347 0.00721487951463238 1.124439778025309e-12 0.4516929648356901
3348 0.007165054930402199 1.049797964790438e-12 0.04789304212575428
3349 0.006243297486201917 4.580417664548663e-13 0.04419889709744002
3350 0.02075425942914532 2.494937605149364e-13 1.228164816482509
3351 0.007270818133142925 1.423183063231312e-12 0.8556054493618458
3352 0.00398765748966746 8.062588204562764e-13 0.8582620196647162
3353 0.007116342941365832 1.519391429923527e-14 0.6676317605827006
3354 0.003475800193524871 1.781092424793653e-13 0.6659656996466417
3355 0.0179264039882168 1.041037900313735e-12 0.004191451848192464
3356 0.006398745311492992 9.190237753785185e-13 1.57213583200004
3357 0.007252918756876404 3.393999028932156e-13 0.7833935728160631
3358 0.02075910613225487 6.16048251678843e-13 1.30018197647713
3359 0.00687535366005985 6.031131404156095e-13 0.19262307607052
3360 0.006266304226861472 1.488491075842464e-12 0.1876667760992601
3361 0.02072021967626447 1.595345693164467e-12 0.8524255949701417
3362 0.02168648340197935 4.439678773486693e-13 0.8562783564982298
3363 0.00537998229223906 5.10739244247877e-13 0.8622756478419946
3364 0.007479573879486777 2.409224692861469e-13 0.865794400667679
3365 0.005390631667644165 2.932106289859343e-13 1.382070740367182
3366 0.003575283406020529 5.988609077398719e-13 0.3979646247995507
3367 0.00545361510950691 1.6706054615095e-13 1.410538746124321
3368 0.02153501423305042 3.908570081042849e-13 0.8714212236813542
3369 0.02071108103486584 9.254065711041779e-13 0.7804607642820655
3370 0.004271069749377008 1.159437114392415e-12 1.118261161714527
3371 0.009302814371835697 3.205971505138001e-13 1.584770197916108
3372 0.008339296778316766 7.921447209111722e-13 1.580945323367728
3373 0.005315507281020191 7.506540492353232e-13 0.834222381443561
3374 0.003447590494744613 8.6040335388822e-13 1.586034691982809
3375 0.02404572934067424 6.883872612632557e-13 1.58565914178307
3376 0.02057589967188891 8.731309429797022e-13 1.584004731958149
3377 0.0226097465950863 1.945739327388462e-13 1.577817074974672
3378 0.01889920058122883 1.377498128593802e-12 1.576053330144011
3379 0.02219661578700433 6.706751389776773e-13 1.574193833779128
3380 0.02404872908126125 1.324888496279273e-13 0.01458489266049926
3381 0.02058000090362753 1.243302105948794e-14 0.01200000000006936
3382 0.0237176843600111 1.333485987115176e-13 0.7619896661489287
3383 0.02261703969689452 1.301494403040293e-12 0.657895531847166
3384 0.02005346093243035 3.313801112703071e-13 0.6609261624689783
3385 0.003466182894334514 6.017992037008849e-13 0.6620012016258667
3386 0.006929243397530975 1.553447461363173e-12 0.6599987989115159
3387 0.006927553083271874 9.046644240513841e-13 0.655998724123212
3388 0.01864701612319275 5.951921131961038e-13 0.03763006816795288
3389 0.02256446819899966 1.241078781221393e-12 0.03810216620861855
3390 0.02353614502690409 2.447533307229017e-13 0.04197849228386995
3391 0.01014055770255759 6.950489568256831e-13 0.07408058452190869
3392 0.01783306485342392 9.866271156194626e-13 1.18686964319215
3393 0.02006582761161701 1.56345568445291e-12 0.1559257074856705
3394 0.02065215914605419 1.335931789036531e-12 0.1601775419494089
3395 0.01783719252536545 5.449778986564728e-13 1.46091733580752
3396 0.02077817288001444 1.08414676083604e-12 1.458128152979109
3397 0.01984150803035471 3.516150477307989e-13 1.252753170660171
3398 0.02239812095399329 1.147854232838518e-13 1.245999999990757
3399 0.01863659289435295 7.645148963447014e-13 1.245053651291808
3400 0.02373175489091555 2.552580094278414e-14 1.254041944532665
3401 0.01872070744285729 6.575973707531037e-13 0.7436061389521074
3402 0.01885972384155653 1.380984637752089e-12 1.493629132743666
3403 0.02158229952313571 1.387490203568325e-12 1.491671559929793
3404 0.01868100642374702 1.427768117437134e-12 0.2822164542626382
3405 0.02155711219688239 7.618796161998011e-13 0.2800688860013031
3406 0.0187247489855533 7.821196037436337e-14 1.190730183236614
3407 0.01785967461906152 2.498960929405236e-13 1.042657957461333
3408 0.01870786074488429 1.471505948127563e-12 0.7293328853523469
3409 0.02167514074728504 3.195132974267352e-13 0.7264785108568074
3410 0.02016683386628646 6.652775183808951e-13 1.26758244582299
3411 0.02268281003042011 1.040945340590164e-12 1.263982917017491
3412 0.0177334484662878 1.458949786604465e-12 0.1195946333135901
3413 0.02066098667259826 4.522973365979443e-13 0.1168630788608312
3414 0.006314827875796221 9.228245128934832e-13 0.6787816358461534
3415 0.01778737432122499 1.227188941430194e-15 0.6388332547680489
3416 0.0187514169325578 1.489988807007846e-12 0.2533194957022974
3417 0.02165499012592986 5.411883535612038e-13 0.2500735463643836
3418 0.02097779798438221 1.260174490472846e-12 0.2568891215918451
3419 0.01774388889085673 1.041455093864136e-12 0.1628936448491679
3420 0.01870626959338276 1.126108945701683e-12 0.3687565601442832
3421 0.02250827796503347 1.585472581710189e-13 0.3698095715280676
3422 0.02356580937491207 4.341611058899793e-13 0.3736890174647718
3423 0.01020725273636021 1.339235485940657e-12 1.42983936279658
3424 0.01869396829137331 1.236541846446436e-12 0.2388190849662861
3425 0.01780662565181633 1.46201197644385e-12 1.143452844585254
3426 0.01980451262487319 9.602816553067812e-13 1.310023284447801
3427 0.02268657789811198 8.154976446164888e-13 1.307249532538484
3428 0.009364149511842144 1.379274992103771e-12 1.570029651041227
3429 0.008354050937783276 1.16605700251511e-12 1.566123697423228
3430 0.00415000281172011 9.403585721952053e-13 1.566135229905211
3431 0.01789485246708398 7.277055020868425e-13 1.446479699661001
3432 0.01018567901041952 1.18569516443356e-12 0.8529455716363937
3433 0.01778524922010441 4.946279584222696e-13 0.1917478582269134
3434 0.01885093832609304 4.199408911173244e-14 1.392673697111219
3435 0.02173300361369645 1.255561673193865e-12 1.389899945218959
3436 0.0206744382083485 9.618397125635669e-14 1.396343048323629
3437 0.01873297052210931 1.4430993000309e-12 0.8590431149755964
3438 0.01877415459509916 7.451773968459062e-13 0.5129191873956924
3439 0.02160865757903592 1.074266328366309e-12 0.5105404513022799
3440 0.0178218786361124 1.14953727422669e-12 0.6099918057016641
3441 0.0187975233712446 3.592563352535596e-14 1.4648347310553
3442 0.02306261962694967 3.747188661350596e-13 1.46555412626205
3443 0.02381346464543628 4.241825215855241e-13 1.470343591783453
3444 0.01982083054261201 6.366139379651283e-13 1.497511950538423
3445 0.008250197591468772 3.344955081395503e-13 0.1817536615309072
3446 0.009263124941598694 1.119396541078026e-12 1.223950563871861
3447 0.01782810854445472 1.280621606713658e-12 0.9849821573795796
3448 0.02169781531953579 1.359359057862436e-12 0.9860782022182574
3449 0.0206817608226898 1.015441266459833e-12 0.9928092256507676
3450 0.01780487168562326 1.290323327860421e-12 0.3792943850667679
3451 0.01867441257121449 1.094299499459241e-13 0.7581767872632629
3452 0.01871878003677584 8.319926279621029e-13 0.1233632541503857
3453 0.01883209914130808 6.914882314694127e-13 1.176340620817011
3454 0.02267527146164872 1.02715224640851e-12 1.177449686372045
3455 0.02171416418358491 1.475184401433677e-12 1.173566868665899
3456 0.01785807217098852 2.969124351688052e-13 1.316723613591932
3457 0.02172672653729385 5.296012145804656e-14 1.317788920010102
3458 0.02051593003882646 1.558825105663107e-12 1.324619835218624
3459 0.02075059173601318 1.392756024275646e-12 1.32872595092109
3460 0.009216380352980337 7.208098790655554e-13 1.108654651133473
3461 0.01875268117055456 4.833452422280404e-13 0.2677417008216182
3462 0.01972516278254889 1.408067617340379e-12 0.4014243639058624
3463 0.0200511180516527 1.479987930270953e-12 0.8631162296116252
3464 0.009190646579140363 1.193734140932469e-12 0.329866005463882
3465 0.01872360671170283 5.913003384366567e-13 0.714828033256971
3466 0.008356289580768039 9.282481952321661e-13 1.133617685423939
3467 0.01979126280423602 7.004195647831994e-13 0.5602440698932014
3468 0.02262111314664582 1.350913747120657e-12 0.5572948669393623
3469 0.02166000453200213 4.242239035061385e-13 0.5534120496344629
3470 0.02068248218364895 5.949584800981057e-13 0.3620405657781133
3471 0.0237013135409486 1.412312632585878e-12 0.3598815434583699
3472 0.01780348647217717 1.311869876702657e-12 1.071381229672949
3473 0.01785265548863459 6.683490785835035e-13 1.475258568580383
3474 0.01883461231394788 1.506274877606094e-12 1.205185031108329
3475 0.02265333458859813 1.261576976151251e-12 1.206011106685896
3476 0.01961609679382449 2.687508816133074e-13 0.1130373376609452
3477 0.02377163166936264 1.247535254352876e-12 0.1132603622398697
3478 0.01871446805225683 6.775253454715032e-13 0.6427861238702145
3479 0.01882581318822539 1.518422331368996e-12 1.104229595257696
3480 0.02266898558139281 1.584983241430445e-12 1.105338660538318
3481 0.01879825540815685 5.671892857241184e-13 0.4552366145802937
3482 0.02261227782916372 1.748125327333108e-13 0.4563394310916249
3483 0.01971505447405203 1.239845609674908e-12 0.2860467230991026
3484 0.01874382879058455 1.253092512434015e-12 0.1667862651354113
3485 0.00925324132767452 1.241705487419143e-12 1.050936742503029
3486 0.005407689132381155 1.080526817526597e-12 1.049936943605739
3487 0.003985792392508844 1.066468937925182e-12 1.046069705301625
3488 0.007262338396691375 1.252491970818163e-12 1.04314164430834
3489 0.007745231461242007 1.597078902586058e-12 0.7160859408578616
3490 0.007267403202283198 2.923015219202071e-13 0.7119266344498496
3491 0.01877351249870944 1.259653943470472e-12 1.522611776784911
3492 0.01981706609965278 1.814550553432158e-13 1.454245335203127
3493 0.01886348747975834 6.611459341618785e-14 1.536895748017147
3494 0.02173741777907665 7.932783686777534e-13 1.534042184977483
3495 0.02323294647783037 3.559962864760739e-13 1.537551932229402
3496 0.02091730237518892 9.459108037851769e-13 1.545115492989098
3497 0.02173605485505437 2.905858780172695e-13 1.548663610477652
3498 0.01970240794655017 6.907831924929219e-13 0.1418246720319762
3499 0.02071785537834389 2.967322587484846e-13 0.1455103518713138
3500 0.0187653168240722 1.132999097337032e-12 0.4119637517843378
3501 0.01878424865577057 5.938579527723635e-13 0.6282968281326423
3502 0.01786093238576215 9.162145689513885e-14 1.057080162508875
3503 0.02074299725816672 9.381594871532326e-13 1.054306410182656
3504 0.01878172554523626 6.011368850554071e-13 0.5994524179678582
3505 0.01876089431585136 5.868285282077563e-13 0.7867535164052527
3506 0.01779642889298835 5.564692749693788e-13 1.417911399126102
3507 0.01776792300807101 7.788100069535816e-13 0.1052951446767254
3508 0.02157547012843222 9.01043859230653e-13 0.1067247883993962
3509 0.01785715904642256 3.540587347252542e-16 1.013813547293516
3510 0.01874913861023788 1.195505056117382e-12 0.5271369306069114
3511 0.01881976284915787 1.270453737196956e-12 1.291535660079248
3512 0.01779118673638216 7.923893884427835e-13 1.230388452198156
3513 0.0187804639141236 1.536466660380328e-12 0.5850302129195089
3514 0.02167045641488641 1.541846926354973e-12 0.5821091242856234
3515 0.02261457441359954 4.612805802633638e-13 0.5858895184935555
3516 0.02103871715299736 1.136815229552448e-12 0.5928147094104443
3517 0.008350866900248268 1.448293453928864e-12 0.5854714696098531
3518 0.007297837582735335 8.618420735256404e-13 0.5818537877866597
3519 0.01778209180841505 6.299530591609397e-13 0.4369356525850951
3520 0.02164990628030536 7.493631948834494e-13 0.4380344086983596
3521 0.02063747493358739 1.512374003358594e-12 0.4447827937235659
3522 0.0178672207624331 9.779551909821039e-13 1.12919118791535
3523 0.0187488878809232 9.279039323797833e-13 0.2244750855550093
3524 0.02153893941450997 1.428334820222602e-12 0.2225636999792782
3525 0.01010689790526298 7.18419868587902e-14 0.5782470857340208
3526 0.01982710263431348 4.151059558391626e-13 1.569622975954958
3527 0.01786344794103063 2.03353294619372e-13 1.085924572615589
3528 0.02073939603019983 1.327511999754059e-12 1.083619196436728
3529 0.01975040228003107 1.277681025916186e-12 0.6898684658666605
3530 0.01016220180570684 3.505926333446729e-13 0.5645354209337841
3531 0.01783315918254878 1.279588037168705e-12 1.359896067239939
3532 0.02076938603206075 1.457840953085905e-12 1.35717271743689
3533 0.01980827913242863 9.769728387366282e-13 1.353289899699442
3534 0.01870451886852221 7.751431812741079e-13 0.3108805437633739
3535 0.009214737745691535 1.453488865008533e-12 1.065401419550392
3536 0.01981455575482438 3.98154181818137e-13 1.425400925039471
3537 0.02170787807023699 1.366292643747039e-12 1.101455842958803
3538 0.01977308269521144 3.35687902881926e-13 0.9494681570365532
3539 0.02372351093413498 1.408068055528193e-12 0.9497699393700569
3540 0.01778746338985591 1.383102922600606e-12 1.345772994663707
3541 0.01986333104751279 1.456297561706982e-12 0.7476266811271213
3542 0.0188543593991334 1.297763591506906e-12 1.003315497489773
3543 0.02264538606189 9.954828190579137e-14 1.004182555814324
3544 0.008166382005969603 9.984604118213369e-13 0.09516867614347119
3545 0.01689572236925569 7.353205519964032e-13 0.6781978421229135
3546 0.02070919261330418 1.371751401976942e-12 0.6800822555400633
3547 0.01774632050043416 8.438839534954434e-13 0.6823457062762638
3548 0.01021352733742172 6.000116604807708e-13 1.501950387906618
3549 0.006467132902270896 1.501976597203782e-12 1.500069519789676
3550 0.007331461858433272 9.790475857506757e-13 1.504724139631577
3551 0.01973147629750697 1.380929938797054e-12 0.473535389445832
3552 0.009289658055048751 1.019313424117205e-12 1.411501262816822
3553 0.008356893993290896 8.721532326932309e-13 1.45042808538744
3554 0.00402610575351174 2.670111783675454e-13 1.450285339234252
3555 0.009327286761936483 6.322220813627507e-13 1.353787486012338
3556 0.01785338450448887 4.392858100002658e-13 0.9705469320640526
3557 0.0201176144653881 1.03308320864471e-13 0.7040517794212252
3558 0.009257911685576985 1.427985026366891e-12 1.166366056416479
3559 0.005388405631237973 9.398015721399085e-13 1.165540823231516
3560 0.0187052802190685 1.516781101891862e-12 0.5707277465590966
3561 0.01774812174011556 3.088320118926823e-13 0.4946996276811262
3562 0.01869951414374101 1.958844585936636e-13 0.4986870477325661
3563 0.008290268163501558 1.03543727654334e-12 1.538016620960009
3564 0.005413012058492251 6.037790681488153e-13 1.540225119098842
3565 0.0177691246168212 1.276395132476351e-12 0.8839915045967769
3566 0.01878103362159537 1.306090097459739e-12 1.161984306282975
3567 0.02267401467768716 1.091018145662334e-12 1.163027481284319
3568 0.01686923731228956 3.971298022938036e-13 1.038784915305778
3569 0.01979318717034982 1.160455089518662e-12 1.036379887419609
3570 0.019754184772193 1.588377825045144e-12 0.7331350811673211
3571 0.007317655367474941 1.463658813681701e-12 1.346079884410065
3572 0.004550087468011198 6.422534985979438e-13 1.348757525237007
3573 0.008373973166588821 4.219254727912138e-13 1.321356387657016
3574 0.01015609749209312 9.022230174220842e-13 0.2182996402574727
3575 0.007749708906591106 1.481264426519739e-12 1.03254339845257
3576 0.005504915015007341 1.29402813354321e-12 1.035802278812289
3577 0.01879922727791114 1.119234226772872e-13 1.21924003816061
3578 0.01881323362153904 3.791763659547837e-13 0.9600075445402761
3579 0.01877162991506645 1.095456504573883e-12 0.4840747772580072
3580 0.008256145739551852 5.620562001540596e-13 1.090363012032907
3581 0.01772822385693868 1.358365156983361e-12 0.1773357781513863
3582 0.01869100809004913 6.428695750151132e-14 0.1812573192209641
3583 0.0225653006023394 8.998192643908914e-13 0.1820195837076495
3584 0.01019036780640802 1.536431073269991e-12 0.6219645404577679
3585 0.01095681761950529 6.407914447142012e-13 0.6547104013417335
3586 0.01788857610447647 4.454645778784269e-13 1.374368674338468
3587 0.0188509137173862 1.389736284253368e-12 0.8157547408300796
3588 0.02262733807252038 3.762306476287552e-13 0.8164628782869126
3589 0.0186734655652956 4.332748121636321e-13 0.325488746895468
3590 0.0216398005574594 9.003282329509718e-13 0.3226567676786953
3591 0.01971884601354148 9.348777331745977e-14 0.3293133383403912
3592 0.01773491716611498 1.522269683720954e-12 0.5379754396603809
3593 0.01115663582174833 5.815320671430073e-13 1.260732141270722
3594 0.00700690542818515 1.507396437946917e-12 1.259871543731251
3595 0.01688094285438594 1.026155079241698e-13 0.8368642694335168
3596 0.01781607773299051 8.442686466258578e-13 0.8407436573549321
3597 0.02166268826404589 2.374195973900433e-13 0.8418629432910804
3598 0.02264633160454158 9.734286236712135e-13 0.8457389689866445
3599 0.01773529534724218 2.487412914336478e-13 0.4226029277363204
3600 0.01876657963642283 8.241548087333792e-13 0.4263859569119843
3601 0.01682567964907818 1.08736276354081e-12 0.548410775005329
3602 0.008124149638012447 9.016818510002703e-13 0.2392234226254164
3603 0.004676174782477475 9.093655697097037e-13 0.2420634167128337
3604 0.003511846256111403 1.532339393205542e-12 0.2339950868008986
3605 0.01885921225837692 4.72142101835127e-13 1.032210593838478
3606 0.02228739694066421 8.103802399103518e-13 1.029302628881488
3607 0.02346152693634401 6.403977046449022e-13 1.037880350386422
3608 0.009175031154703287 7.411791871606562e-14 0.2143968744430171
3609 0.005308488721543244 1.091059367361214e-12 0.2137573967174206
3610 0.009276673278171469 1.585994318079488e-12 1.339383556515283
3611 0.005395441513111227 5.206368532327939e-13 1.338314248894813
3612 0.006904960359385454 8.536942475966463e-13 1.33153894574456
3613 0.006377627637741894 1.049111340880403e-12 1.327514521018599
3614 0.01872009124329691 4.063652789375854e-13 0.2101095542365554
3615 0.003464101614619815 4.61887136528618e-13 1.426000000000228
3616 0.003481609772755628 2.56126238339897e-13 0.8859899516683262
3617 0.02403589841115487 2.345471637402839e-13 1.133999999999357
3618 0.003447282220329263 1.865440784457764e-13 1.061990648197694
3619 0.003464101622377072 4.883476300851296e-13 0.8139999999739876
3620 0.02403492807427374 1.573232631567193e-12 1.062303921266847
3621 0.003464101611034452 1.14084307802298e-12 1.18999999999955
3622 0.006928203224654182 8.850088620525375e-13 1.191999999998806
3623 0.003469310260094942 7.276575488394501e-13 1.186001347977812
3624 0.003464101613606804 1.250321207017159e-12 1.362000000000694
3625 0.02404377743142754 7.59712035967407e-13 0.9339971740504434
3626 0.02057179681538592 9.587876636421675e-13 0.9360000000179378
3627 0.02026557286565928 1.091474617384711e-12 0.9400153964246722
3628 0.02395535755919843 1.39519249458508e-12 0.9419758538027316
3629 0.02405287072338835 1.243027801122336e-12 0.9299889001137874
3630 0.02403272447061247 8.837218284301251e-13 1.066157474203447
3631 0.02005860624183092 1.14142938449661e-12 1.060656894770344
3632 0.02403589841074006 1.503171114325231e-12 1.337999999999504
3633 0.02404458137295379 1.270286751124103e-12 0.8262870805210976
3634 0.02056128439988535 1.352141864602932e-12 0.8241291545792534
3635 0.02403589840971957 8.039161163773374e-14 0.9619999999996307
3636 0.003463496067933025 1.12786233039316e-12 1.489998304713883
3637 0.006928203229532817 5.039079051674514e-13 1.487999999999052
3638 0.006928203228892833 4.49268159888097e-13 1.492000000002419
3639 0.0240407641823011 1.038061013271163e-12 1.525981926213845
3640 0.02405570012963466 1.606615963483382e-13 0.8860063143354525
3641 0.02399641298843983 1.003406344991265e-12 0.8340312813052707
3642 0.02403589841262105 8.86247876848429e-13 1.114000000000234
3643 0.02404457755465381 6.628804380260427e-13 1.233985999249512
3644 0.003467645751346426 1.382415370894944e-12 1.094108158640688
3645 0.02403502497000785 2.505337165727596e-13 1.441988926836565
3646 0.003464101624608276 9.298068486628487e-13 0.9099999999740921
3647 0.006449942219246814 4.756767699208013e-13 0.9116904055867373
3648 0.003464101626575971 7.230327618790551e-13 0.8940000000242792
3649 0.006925293677498456 2.58076785191233e-13 0.892496063845671
3650 0.02402400661669253 1.169498588479835e-12 1.094040259167182
3651 0.02397768143950435 2.295044484451604e-13 1.089985772926877
3652 0.01990859078476179 1.792795616475585e-13 1.089539060686003
3653 0.02404654559370805 3.034906708569791e-13 1.185974654001148
3654 0.003464101614928562 1.32979532565809e-12 1.113999999998401
3655 0.003465077850369886 1.307830495993309e-12 0.6180247434009807
3656 0.003464101616758749 9.973082178300424e-13 1.458000000001057
3657 0.006928203229446998 1.357016155555676e-12 1.45599999999911
3658 0.02403589841153505 2.777446894801791e-13 1.145999999999844
3659 0.003464101613898346 7.550284319807845e-13 1.234000000000307
3660 0.006917639465611504 8.312109485955212e-13 1.236752152800265
3661 0.02403120391883001 1.390014067754514e-12 0.9220117930175445
3662 0.02012191996451758 3.721829361344156e-13 0.9164160574149233
3663 0.0239923303525872 8.812307873430437e-13 0.9141164513625736
3664 0.003460372664948577 9.867601354297606e-13 1.521992250743904
3665 0.006928203238241407 4.405707279505619e-13 1.519999999997615
3666 0.006928203234354782 9.233962935901174e-13 1.51599999999501
3667 0.003457961502662104 3.624149271572809e-13 1.513998144263351
3668 0.00344557280593461 8.618766516116572e-13 1.509989278920845
3669 0.003517261739138125 1.27070750904919e-12 0.7860386260209661
3670 0.02403589838948304 1.026626394203671e-12 1.014000000004142
3671 0.02399577852104389 2.902949041686558e-13 1.022003532660413
3672 0.003450313376870668 6.511938393540946e-14 0.5901908924542569
3673 0.0240390563978612 1.237347710352361e-12 1.349528425102695
3674 0.003465979097530885 1.269176085116028e-12 1.358011208884138
3675 0.02403589841231003 1.543019878376138e-12 0.3140000000005991
3676 0.02404517126824013 7.090706881680801e-13 0.8019877236760923
3677 0.02057179681953398 1.297477483182508e-12 0.7999999999988703
3678 0.003456251529146027 5.83232794775046e-13 1.397998880016733
3679 0.02404343397474464 8.897115048525556e-13 0.8940037889008317
3680 0.02057179681550091 8.746482785784641e-13 0.8920000000038606
3681 0.003462469394255875 1.071995873856711e-13 0.7338363496132688
3682 0.02403589841128897 4.172119982567074e-13 0.6179999999996811
3683 0.003458189955256501 3.836229543017609e-13 1.286015917093084
3684 0.006958235539021083 3.099231263778107e-13 1.2874207470648
3685 0.004208692281485837 1.525907840142947e-12 1.294050147541046
3686 0.007840304864857643 5.383812359783649e-13 1.296284917705508
3687 0.02404790041886056 1.545335769534067e-12 0.9019949598627907
3688 0.003447392954408512 1.102761240008399e-12 1.270032674496125
3689 0.006823889051020464 1.088744456909346e-12 1.271642644757778
3690 0.003464101626973228 6.579717329351032e-13 0.9500000000235866
3691 0.0034564416282704 6.416540174264104e-13 0.9939989131454827
3692 0.003464101613706347 8.29463259600411e-13 1.578000000000572
3693 0.003460852697450822 1.593582395591521e-12 1.474008679273828
3694 0.007062685162426204 6.145579756680412e-13 1.47997695506694
3695 0.003457918068401529 4.794922537971044e-13 1.482007395806668
3696 0.003451535980608738 2.86138401371186e-14 0.7060021238405391
3697 0.003496066141395764 1.853190282782011e-13 1.27799410415746
3698 0.02403740050961153 1.312022745377633e-12 0.6099655146139934
3699 0.02403589841188656 1.06991740597233e-12 1.217999999999676
3700 0.003464101613537133 7.297105191114808e-13 0.5300000000000552
3701 0.006928203238039687 1.318028479743975e-12 0.5319999999975163
3702 0.007050286770412838 1.524824072755879e-12 0.5236283472509152
3703 0.006297304542207837 1.415216683573038e-12 0.5199917952324311
3704 0.003465825394523981 6.262119040104425e-13 0.6380013093383502
3705 0.02403589841112448 4.26985819184119e-13 0.7899999999986259
3706 0.003464101617481376 7.602161889328355e-13 0.4739999999996016
3707 0.003455805529252821 7.346315836325191e-13 0.8499988393239873
3708 0.003510259539198689 4.736736718308935e-14 0.5700128745220742
3709 0.02404509938763994 8.819984536421801e-13 1.365995188065322
3710 0.0205717968196605 9.275521107876059e-13 1.367999999998635
3711 0.003475198873879473 1.05867661719783e-12 0.713988343633803
3712 0.003464101615251034 1.38257156174896e-12 1.069999999998516
3713 0.003471231918832181 7.161068234151137e-13 1.073571734191537
3714 0.003466083413094521 1.04324747578064e-12 0.1657431129177982
3715 0.006928203238068609 1.07357452668598e-12 0.1680000000018501
3716 0.003489828537487401 7.326536992271435e-13 0.1620000000002287
3717 0.003462445377206912 5.588662286372781e-13 0.8061597648762109
3718 0.003462547051597694 4.972057659130797e-13 0.4620117240961631
3719 0.006928203237901095 5.009143401601146e-14 0.4599999999986875
3720 0.02403589841256703 3.062676883649839e-13 0.7179999999996198
3721 0.0240358983724297 3.233641448481643e-13 0.3500000000076632
3722 0.02057179680104166 7.430348194015282e-13 0.3520000000362231
3723 0.02403589841125857 7.944008545785508e-13 0.5300000000001572
3724 0.02404603563217638 4.707025259429473e-13 0.5740089281895636
3725 0.02404348409573779 3.864978106531935e-13 0.6379827504998026
3726 0.003458693344823475 1.021278961761177e-12 0.7299145324156741
3727 0.006928203236599261 8.033177016118619e-13 0.7279999999973679
3728 0.006928203226702203 1.518275177020821e-12 0.7239999999935384
3729 0.0240358984120932 1.27748989778138e-12 0.1700000000003237
3730 0.02404233833310355 1.150879269120652e-12 0.06228515481803836
3731 0.02057179746676948 2.678116923579631e-13 0.06000000003926132
3732 0.01694818275792597 1.546657765774659e-12 0.05871880859104512
3733 0.02404495143596029 1.108730879771374e-13 0.06582418924078023
3734 0.003479816853741922 5.763585811036118e-13 0.4539736872101149
3735 0.023995687310998 3.686419113445662e-13 0.2140250929609521
3736 0.02403589841223716 1.515051017166708e-12 0.4220000000004651
3737 0.003464101614139827 1.575117850428131e-12 0.5459999999993123
3738 0.02403589841182032 1.283473995506571e-12 0.753999999998594
3739 0.003460548716744463 6.87486819585119e-13 0.7220026546291832
3740 0.00348501962648719 6.691547755607368e-13 1.306097573486136
3741 0.006918356251013441 5.556878556836596e-13 1.308766922414796
3742 0.0240358984119646 1.405762678642153e-12 0.2419999999995662
3743 0.003464101612022033 1.40126656762e-12 0.1259999999999031
3744 0.006928203225103334 1.258306347522749e-12 0.1279999999988977
3745 0.007086717288738836 4.197873741032358e-13 0.1198141857480567
3746 0.006256848421300619 1.559626294075246e-12 0.1162274750855079
3747 0.02403843730584629 6.094504510538096e-13 0.2061006005121846
3748 0.003464101613749681 1.32881031000573e-12 0.3379999999998985
3749 0.003671059945213479 1.014227400514562e-12 0.3340117978412824
3750 0.003513480907868068 1.316135275133689e-12 0.06599689127250996
3751 0.003464101316194062 9.404595036907231e-13 0.06999999947064203
3752 0.003461722397970751 2.105642317790461e-13 0.257837170406333
3753 0.003464101611771788 1.469826397337557e-12 0.3779999999997004
3754 0.003464101614642777 7.116204993326947e-13 0.1379999999999831
3755 0.006915252317614059 6.991182989994347e-15 0.1409206789338502
3756 0.003513585581880278 1.342778376754803e-12 0.6860004026024686
3757 0.02399705253208614 9.39234686776185e-13 0.4300471288087099
3758 0.02404651379831576 1.20001993394859e-12 0.646012260166469
3759 0.02403589840957996 4.427250582180987e-13 0.09800000000144819
3760 0.02403589841158518 1.545182075903461e-12 0.1259999999998437
3761 0.02403589837148825 8.572439005132177e-13 0.03000000001170286
3762 0.02057179679946176 2.47064342942702e-13 0.03200000004004054
3763 0.02403589841213197 1.261301168966573e-12 0.2700000000005578
3764 0.02404349081532908 8.101432302324453e-13 0.1379836603603744
3765 0.003463022993081646 1.070291225636083e-12 0.2899946177862193
3766 0.006928203236059262 8.100449479846817e-13 0.2880000000025436
3767 0.003455979390371302 1.544455415190167e-12 0.4459988722805835
3768 0.02403589841220284 4.761412206855698e-14 0.7739999999984439
3769 0.02401972742005949 8.036793019463822e-13 0.3008845618801598
3770 0.003451558085095353 1.299453536588803e-12 0.02148139834414502
3771 0.00692755443472329 6.037494830191847e-13 0.02400000000246185
3772 0.02401094268361793 8.72597116948993e-13 0.2287285335567738
3773 0.02404564240883069 3.110748784552041e-13 0.3943842470810899
3774 0.02050988527334432 3.204493366482521e-13 0.3916218271663326
3775 0.0170784874447297 5.586847205135154e-13 0.3900218047074968
3776 0.02403485105577845 1.445568403409012e-12 0.02188257062794631
3777 0.003461556393579379 1.340042443825682e-12 0.1459987488233355
3778 0.003463530199774387 8.51557292817333e-13 0.2499981326656667
3779 0.006928203228181412 1.308923259644479e-12 0.2479999999967062
3780 0.006928203230474887 5.256835077469407e-13 0.2519999999983676
3781 0.02403589841250575 1.418315431540995e-12 0.7299999999987055
3782 0.003466554766224176 1.26252179105253e-13 0.1539451534791456
3783 0.006928203235533141 6.074222003871939e-14 0.1520000000015311
3784 0.003491017945121556 1.091269832396363e-12 0.369973753331842
3785 0.003510406689115262 7.287712799265725e-13 0.09405573409512941
3786 0.02404804846443646 5.805798641567123e-13 0.9739970021611899
3787 0.02404045974674964 3.891318425589974e-13 1.421655599232897
3788 0.003454388899081878 1.09366190265483e-12 0.3619881965318074
3789 0.006743962305247854 6.935057413180592e-13 0.3636631799184964
3790 0.003464555995597716 1.231730536794589e-12 0.3581337219040587
3791 0.003459905916106122 1.052834127167921e-12 0.3060073753020328
3792 0.007162914972910809 1.014060413696492e-12 0.3117896480182298
3793 0.003811088055737046 1.362473739323003e-12 0.3139999999994882
3794 0.02404529619575363 1.5869103742972e-13 0.5659768821248847
3795 0.02404013557031865 1.413539773833396e-12 0.5019830280363254
3796 0.02404602344312666 1.396284820048436e-12 0.3977539229812397
3797 0.003457746481380595 9.169711233143052e-13 0.5580019590358172
3798 0.006884621218251437 1.520054099566387e-12 0.5556833923024946
3799 0.003454712772370411 5.246363379849658e-14 1.393988636329202
3800 0.006928203236123177 5.185632657769757e-13 1.392000000002246
3801 0.0240358984121723 1.017122295015885e-12 0.3259999999999136
3802 0.02404403582482043 5.51548085251822e-13 0.6859848243706677
3803 0.003465324716051671 1.594779873461584e-12 0.6420055517663483
3804 0.006937142499947094 1.257208300280418e-12 0.644609332176262
3805 0.006928203235960334 1.459624821639162e-12 0.6479999999977312
3806 0.003461249860220463 1.160372039513963e-12 0.6500004803232704
3807 0.003490665767006848 2.046762387764606e-13 0.2979729725409241
3808 0.02399606130298327 1.532921983280143e-12 0.8060032947265707
3809 0.003454817568489559 1.195640208739796e-12 0.7779958021311539
3810 0.003482025036420382 5.017541762903331e-13 0.5024102608210814
3811 0.02403255203897397 1.577289511470849e-12 1.153987913369727
3812 0.003491819994159884 1.039535290955443e-12 0.9179756321197934
3813 0.003451797675696477 6.150858123867393e-13 0.9734944930021048
3814 0.006928203227071783 3.646832965486749e-13 0.9759999999997379
3815 0.02402645508700086 1.379597575837613e-12 0.5169352240187886
3816 0.02399371028332654 1.187915693850602e-12 0.8780037456172392
3817 0.003464101614240394 3.70217513999136e-13 0.4659999999991068
3818 0.02404398594494334 9.159769973795843e-13 1.481997033259765
3819 0.02057179680790568 7.181718103172525e-13 1.484000000022155
3820 0.02405263185254827 4.703076941301997e-13 1.477987076060885
3821 0.02403589841259512 1.404115185613015e-12 1.073999999998838
3822 0.003460248767441861 1.371744174858878e-12 0.9260129644184499
3823 0.003457386508137782 1.387255075564281e-12 0.9296725668213743
3824 0.006928203251968688 1.212779509260073e-12 0.9320000000030163
3825 0.009024938553573237 1.007008512630757e-12 0.9354161300054799
3826 0.003430959975106191 5.83139741717575e-13 0.4255474183187813
3827 0.006928203225726965 1.337458016568964e-12 0.4280000000001588
3828 0.003454655837587804 9.862502234244884e-13 0.5619989946277653
3829 0.02403589841157103 1.049570461850534e-12 1.293999999999582
3830 0.02404336253230362 1.579882365645598e-12 1.565978907505268
3831 0.003457993025294933 1.495407083539719e-12 1.057985262708275
3832 0.003458407163149837 2.12924790520978e-13 0.901992453161957
3833 0.006928203233721171 1.484667810406373e-12 0.8999999999768036
3834 0.0239985142611736 5.040475425080042e-13 0.906054194649807
3835 0.00346410161759691 1.28614404898444e-13 0.6979999999990429
3836 0.006930355823122337 2.176511006794833e-13 0.6960050303274983
3837 0.006928203232449986 3.311875515729318e-13 0.691999999996621
3838 0.006928203230565006 6.7389999635525e-13 0.6999999999975621
3839 0.003464101612224644 1.17836829976921e-12 0.6899999999962481
3840 0.02403448078585229 1.439890552762455e-12 0.9659902068035534
3841 0.02403589841115497 3.598788123427289e-13 0.6019999999999675
3842 0.003464101611520069 1.115964708518252e-12 1.021999999998584
3843 0.02404619076879737 1.546999295914943e-12 0.630514866010529
3844 0.02404672891488177 6.677262683821694e-13 1.045998894343828
3845 0.003459376092561239 4.431710417511951e-13 0.5736107563954005
3846 0.006750217509802002 6.525890725770447e-13 0.5760466917077302
3847 0.02404622338503308 8.835539376633836e-13 1.373969813548694
3848 0.003467422319773051 1.506283149518913e-12 1.001574682676621
3849 0.003451498975694049 2.360694699389108e-13 1.254028437465954
3850 0.003466737287663178 9.917689463153705e-13 0.5975778444988491
3851 0.02399810802302699 1.043005036448968e-12 1.382040544457191
3852 0.003447792869075433 1.935508066701308e-13 1.261950281201626
3853 0.02404807294337436 1.415492551865541e-12 1.449994772719232
3854 0.02403589836814747 1.295058991987368e-12 1.409999999999658
3855 0.003454273357025991 1.045029636295683e-12 0.8459872725266112
3856 0.006828964389466886 7.207087888387376e-14 0.8439633730930739
3857 0.00346410162685388 5.596645800068848e-13 0.8819999999734048
3858 0.02403589841180413 6.445845191589395e-13 1.193999999999371
3859 0.00346182577976738 1.313080919764526e-12 1.466036307455071
3860 0.02403589840176735 4.140400065994372e-13 0.978000000022472
3861 0.003457107583444699 1.127686264591858e-12 1.210020057045145
3862 0.003464101614021695 1.484004209241799e-13 1.498000000001009
3863 0.003464101616335728 8.89791503937338e-13 1.530000000000964
3864 0.006928203239132849 3.550096842559311e-14 1.531999999984902
3865 0.0240358983669076 1.290260594716908e-12 1.437999999999814
3866 0.02403306478538715 1.582000550634986e-12 1.138012734093463
3867 0.02003115927857069 1.128371936114093e-12 1.132776270683046
3868 0.02400005405198483 2.605623042175949e-13 1.238014912145629
3869 0.01770157923462998 1.252813769838113e-12 0.1342658710703209
3870 0.01880182331263776 4.824682778779615e-13 1.40677176981447
3871 0.01023418737520457 9.897584988917496e-13 1.400978540187083
3872 0.01682540452140225 1.534221126684835e-12 0.2022872462646437
3873 0.01885470411162111 3.113663419116306e-14 1.435940312344192
3874 0.01015240115507434 1.2281885536552e-12 0.31931373703199
3875 0.009164329147439748 9.920767985922213e-13 0.4885132197867022
3876 0.01015619697741234 1.366314529290792e-12 0.506698302561595
3877 0.006916862954929629 1.403148699790586e-12 0.2911519477773271
3878 0.006928203220102438 3.857911299628344e-13 0.1559999999982818
3879 0.0101449067365096 1.42086708786382e-12 0.2760978138821558
3880 0.00837142749168495 1.543761807102931e-12 1.508813867160178
3881 0.009285939502214836 1.459021147129482e-13 1.079886655684863
3882 0.01979823231457179 1.470977285708018e-12 1.237912258846349
3883 0.0178129149611502 9.115117704009398e-13 1.562129490626405
3884 0.008285039069324743 1.483340239939844e-12 1.422073727311663
3885 0.009294235176932505 1.280837449237358e-12 1.555701153238074
3886 0.007802500671178574 1.349033036079597e-12 1.075913036468996
3887 0.01020026142620897 1.596557600678487e-13 1.213442972185621
3888 0.01976930547008458 1.473054439028956e-12 0.9062015418692662
3889 0.01879055484379407 1.132787236509747e-12 0.7004078536175011
3890 0.01863136458343203 4.519350737651811e-13 0.2967118305798497
3891 0.01992382075522826 1.44488007518685e-12 1.511948445256621
3892 0.01780704860907357 4.382821497544997e-13 0.9272250217416439
3893 0.01013427150398622 7.812259562122691e-13 0.5933514723132129
3894 0.01774068441811065 1.628187614227545e-13 0.3071094589379334
3895 0.007290007134519527 2.189036516037025e-13 1.028791374288316
3896 0.01773575538217107 6.393991044250856e-13 0.2350489499594523
3897 0.01014688345797309 1.405963551984519e-12 0.7375735225692441
3898 0.02005580221616587 4.462846925761379e-13 1.079354862503261
3899 0.01780362098698761 1.221609068982713e-12 1.302347064095607
3900 0.01988268476630969 1.837240954302437e-13 0.7766475795539806
3901 0.0101358699962682 1.015782286871434e-12 0.477921724854526
3902 0.008207327100170815 1.506857905123292e-12 0.4988965753262454
3903 0.01777842454903684 1.5908299590785e-12 0.7686588819606371
3904 0.01978188973387343 1.298835082183002e-12 1.050423592616118
3905 0.01019722653729539 2.587197095546293e-13 1.170213332535883
3906 0.01875900044071801 1.06290275906819e-12 0.339852726268198
3907 0.01781520026882991 2.76672404402365e-13 1.201315671427637
3908 0.01019457039934912 9.03519463139893e-13 1.256855431667426
3909 0.009308379633449904 1.285508296593022e-13 0.762376637572704
3910 0.009295279355419779 9.729757103617835e-13 0.7912635261432044
3911 0.009262581697779626 1.795295567381555e-13 0.9213066827440651
3912 0.009302731847566864 1.094798721321325e-12 1.368323572932924
3913 0.01866669183238918 3.887341334619802e-13 0.09470187589309392
3914 0.01781475541427429 5.731896820984315e-13 1.287702321209544
3915 0.009247401135540208 1.53116348937837e-12 1.44037875008247
3916 0.0110759644625194 1.342808767464412e-12 0.669290795873513
3917 0.01775525721598731 1.357158552436154e-12 0.5233242336461216
3918 0.01014759156033145 1.335264858240744e-13 0.7088230678800737
3919 0.008208269096068506 7.453091251945e-13 0.5423192225561773
3920 0.009158016238778922 1.124609470727653e-12 0.4164021946814802
3921 0.01013491645347023 1.230204769061273e-13 0.2616300132251231
3922 0.009239844431055792 7.857643374541427e-13 0.3013370941580411
3923 0.008186732156937798 3.504389665418927e-13 0.3547142649315834
3924 0.01068028818804165 1.198612438173799e-12 0.1502374958312077
3925 0.00915170010221506 2.924192766978764e-13 0.3442911696117525
3926 0.0169065338772251 1.051447372283002e-12 1.15418840189074
3927 0.008408310121339737 9.144115915343029e-13 1.205621810459976
3928 0.01877857055360838 1.287275486436298e-12 1.507866436892271
3929 0.01784708958142615 1.01598163251819e-12 0.8984359069812818
3930 0.009249911237472742 1.322139098017474e-12 1.469223160111374
3931 0.009209706523015589 7.891298605722401e-13 1.007712599373176
3932 0.008363921400185935 4.327362070539224e-13 1.364598133486715
3933 0.01688866968130652 1.594739255388775e-13 1.024356712331768
3934 0.008091282599240857 1.560172973615171e-12 0.3834157529503802
3935 0.008331705526872098 1.132642079344126e-12 0.4412773794805706
3936 0.008298733148027596 7.359430700725279e-13 1.249106510737711
3937 0.01692872455359291 1.432978705613782e-12 1.384908061684637
3938 0.0101859597205808 2.997371532955136e-13 0.752030704311536
3939 0.009184384465941112 1.440422113332356e-12 0.748131205480319
3940 0.009316800217024001 1.82558061261934e-13 1.281686728887898
3941 0.008185573470597436 6.998049437755558e-13 1.379007864797719
3942 0.008309355584500595 1.571350199819223e-12 0.7733170037001792
3943 0.008177949210890529 6.913083136395198e-13 0.1961863023722753
3944 0.008230969254829438 4.875553723579659e-14 0.8019189129043764
3945 0.009175228702300732 2.16881552706485e-13 0.6327145260522061
3946 0.009239094216074897 1.126507732383019e-12 0.3733174401570288
3947 0.009137510594616273 9.197586059098516e-13 0.2288305885124476
3948 0.01104257486781359 9.537927264683541e-13 0.4668767384136958
3949 0.009174424532628622 1.362136579882601e-12 0.603890860017536
3950 0.008214577605675701 1.289757174300156e-12 0.6144302477111684
3951 0.01988228629606018 2.609218604208664e-13 0.9786388768493535
3952 0.008130282699242599 1.599335353716037e-12 0.8310057637586936
3953 0.01779033157067126 1.28973563528248e-12 0.5523329908960544
3954 0.01869750863554031 1.28290379019946e-12 0.8737961450674858
3955 0.010190136472564 1.177110138848622e-12 1.09807617031429
3956 0.01968587776659431 1.264773957927843e-12 0.617783658146002
3957 0.01014454693286923 9.970005011827533e-13 0.4490402507089124
3958 0.009221025825477708 1.288201360147657e-12 1.137512444589325
3959 0.01019057996274729 2.249677849293269e-13 0.3335976132421422
3960 0.0101506650825717 4.236235258381077e-13 0.7808401376295693
3961 0.009290080610735763 5.623443816731839e-15 0.8778540355293781
3962 0.01015318566438339 1.360439518720028e-12 0.8096845476647632
3963 0.009223063940129344 1.197816019898053e-13 1.180756691970101
3964 0.008249856929728122 1.244149974777055e-12 1.018251986819027
3965 0.01025677892385691 1.492691255830051e-12 1.545148028082391
3966 0.008152770024282699 3.977054052103338e-13 1.147905363060531
3967 0.008311547738032462 2.954776115278007e-13 0.1095975349919444
3968 0.01020730175880697 1.018644462604081e-12 1.112580034613771
3969 0.00929043664800655 1.266600993197318e-12 1.123072225186346
3970 0.009233540917060596 8.794271973572788e-13 0.1854176866580285
3971 0.00912893675297319 3.968113783633272e-14 0.08469147998143943
3972 0.009142136708844952 1.047509875456971e-12 0.2721879258727397
3973 0.01873793151945703 6.732372559167401e-13 1.334798303805926
3974 0.01980595833414769 1.208513709902095e-12 0.8485711732107233
3975 0.009205931739247766 1.101752657601897e-12 0.9644459845676572
3976 0.009193337617154611 5.698356509774131e-13 0.8202239352260219
3977 0.008379612180829861 7.392704224116627e-13 0.9893052600340486
3978 0.00824356519333818 9.294734600223441e-13 0.9461409622362422
3979 0.01016955610421229 4.938953717404406e-13 0.9971732119172385
3980 0.009201175345733066 7.946727367033356e-13 0.09900911621794778
3981 0.01017660812664369 1.521220612164249e-12 0.9538586551034645
3982 0.0177763916800187 1.334118739261458e-12 0.09079242289473051
3983 0.01873623457410798 2.323603531736299e-13 0.08025303601577617
3984 0.009178899760111289 1.106023208465832e-12 0.04140760628214945
3985 0.01969607490257798 4.369847397254128e-13 0.06971365495133551
3986 0.00912767953130722 1.002697205083581e-12 0.07026928268373184
3987 0.01777248222005119 8.672503246482207e-13 0.04752602600175567
3988 0.008068084195797893 1.02764460109252e-12 0.05182272044894272
3989 0.008305182105030996 1.171739276026764e-12 0.03745815499339839
3990 0.00346051218160013 1.524502134380281e-12 0.6540001076694538
3991 0.01964350217328255 9.092145834538073e-13 0.02622168996316397
3992 0.007212699705865088 9.318421863466629e-13 0.5668304240601031
3993 0.01776178359968425 1.352482342496287e-12 0.01869972978083583
3994 0.02403947223002287 6.905745368455492e-13 0.1579938099651438
3995 0.01753883540268476 1.902687441715043e-13 1.59688679991829
3996 0.003459939595027105 1.344256220304204e-12 0.08987968923526382
3997 0.02404185360545311 1.349558133379239e-12 0.4940103147720359
3998 0.003457927960669743 5.016520956696292e-13 0.9698446963568091
3999 0.02404420241054965 1.419524687571608e-12 0.7059856170525043
4000 0.003445219171501757 5.687505481608169e-13 1.374000000000315
4001 0.003461837537854427 4.290989925866873e-13 0.01777609240208019
4002 0.02404754958291625 1.040251158685552e-12 0.18602018042008
4003 0.003440031952060762 2.490326863300761e-13 0.4939999999997204
4004 0.02405024057996355 3.290229484839351e-13 1.210024841439437
4005 0.003433234352714627 8.883935380022883e-13 1.245999999999234
4006 0.009310172467857085 1.428554993949662e-12 1.194794060317817
4007 0.003471112246870346 9.190008480208808e-13 1.301766054605233
4008 0.009166064320328942 9.900152337282503e-14 0.1135273257579192
4009 0.003445832101709499 1.49837259856521e-12 1.445968356270106
4010 0.02405321050657984 8.099830904715802e-13 0.08640694822474471
4011 0.02405551129975114 4.288478543326432e-13 0.4700339705171024
4012 0.003424118166153319 2.758453837752764e-13 1.317999999999677
4013 0.003419622802055804 8.475229952356724e-14 0.4219999999997076
4014 0.02060010961318767 8.792895549636285e-14 0.01595106004197761
4015 0.02406883128303849 1.391398559414278e-12 1.518372098622816
4016 0.006413379488316035 1.231461615418419e-12 1.039367616583303
4017 0.02406018254641094 6.108153285923673e-13 0.09004206135595444
4018 0.009236061582273284 3.967100228391253e-13 0.1708570722875222
4019 0.003414481282091471 1.644818220427734e-14 0.825999999998992
4020 0.003442200373882989 6.417690827145876e-13 1.229976324255519
4021 0.01881471869949794 5.964906224208131e-13 1.551330335236884
4022 0.007441164471577168 7.898273840315438e-13 1.461773387038785
4023 0.02406481778113149 5.532794368465066e-13 1.494050089891709
4024 0.009225163597307707 1.239329122616771e-12 0.5173431964719644
4025 0.006897913520080941 3.37866741858362e-13 0.1439475366762026
4026 0.003403418958120363 1.239845275817526e-12 0.769999999998532
4027 0.003400886664968037 4.884945906767877e-13 0.3500000000003947
4028 0.00736511551983308 1.033714937607541e-12 1.158575429496172
4029 0.005450963064281707 1.764741752046726e-13 1.554550186355472
4030 0.00348280969420575 9.366391110675968e-13 1.417974090164281
4031 0.0206305294025593 6.822760547919542e-13 0.5642462263657928
4032 0.003389164487684539 1.442826118992238e-12 1.085999999999076
4033 0.003384124984300594 1.05785622453404e-12 0.9859999999993658
4034 0.02064285612463818 1.376741176284809e-12 0.6360752997538816
4035 0.003423052239812141 1.128161805681543e-12 0.2099289003928828
4036 0.007225809845113734 1.200511649981313e-12 0.6827136397168039
4037 0.02406797248454459 1.422003584596411e-12 0.1619645892904751
4038 0.007290153444992075 1.111296339755563e-12 1.057161883341864
4039 0.003380149510875026 3.67391438831595e-13 1.201999999999615
4040 0.003379779752673394 6.886614796444987e-13 1.129999999998755
4041 0.003379328209388564 1.284747435618918e-12 1.013999999999151
4042 0.02065005047736934 9.841550425501267e-13 1.112328381179875
4043 0.003371662080368357 6.272968495861733e-14 0.6099999999984452
4044 0.003371171364282726 2.055657801601109e-13 0.9419999999996255
4045 0.02155093712174977 1.500592285141405e-12 0.8128990660368761
4046 0.007314760778100059 5.381814029594481e-13 0.2067017650375877
4047 0.003361463657642031 1.501368683152478e-13 0.4379999999992976
4048 0.003360749667286975 9.472740098011713e-13 0.5380000000001174
4049 0.003359911710573918 1.256186131816024e-13 0.7979999999981146
4050 0.024141948058348 9.023030992259948e-13 0.4899999999997122
4051 0.003444713520284619 7.18412312828977e-13 0.5100279099214174
4052 0.02066255374672251 1.704368764113623e-13 1.587939851627618
4053 0.003384419609437831 4.820417549512927e-14 0.5817252007323087
4054 0.003447983407098353 9.049936454363497e-13 0.1332092694786909
4055 0.009344067104021426 7.794501732674877e-13 1.324974696323086
4056 0.007353054146934069 9.440499356470558e-15 0.4662976063083107
4057 0.02067529059784451 1.435152019548629e-12 1.184291932933163
4058 0.02415181098563615 7.440529689086397e-13 0.2339999999997432
4059 0.008145659597603456 5.702004028361955e-13 0.8883466295548968
4060 0.02415529054331659 1.090068497281187e-12 0.7099999999993369
4061 0.02415795959449185 3.961212623646918e-14 1.325999999999625
4062 0.007353796657523466 1.301791581568738e-12 0.394184834646863
4063 0.003402601463975633 1.518406627403335e-12 1.161893478612087
4064 0.007327135982486806 1.469713697369316e-13 0.06247355164596682
4065 0.003334329899584673 1.645691026464883e-13 1.329999999999902
4066 0.003332583861966486 1.099019514766613e-12 0.03400000000057456
4067 0.0241678391107736 9.501500175134423e-13 0.4179999999994859
4068 0.003331585903215998 1.139964196973822e-12 0.1780000000009118
4069 0.00333086348865606 1.179416274365946e-12 0.1059999999999813
4070 0.02060654564641596 1.435897688521407e-12 0.9678256281699699
4071 0.02417539297952067 9.977278012925521e-13 1.398221295749265
4072 0.02418275870824029 1.149654047553081e-12 0.3060000000003592
4073 0.00685453480029749 1.275489352806186e-12 1.523872402533676
4074 0.009281908155466066 1.437963402010483e-12 0.02660835476013671
4075 0.0215289292150526 2.422998560434951e-13 0.19277562701189
4076 0.02418748447745102 7.894331200744331e-13 0.7819999999986742
4077 0.01772649857082171 4.168603584975685e-13 0.7981627714464097
4078 0.02419186707707791 8.75060559655955e-13 0.3460000000004561
4079 0.003386108202004466 1.510965613322958e-12 0.2778649114417623
4080 0.0177323442658695 8.49852015633244e-13 1.331139798672879
4081 0.01528576945205191 1.394364984350179e-12 1.59325717751183
4082 0.02407495274153589 6.622325944827802e-13 1.514389858575983
4083 0.02151866574382496 4.242338417249989e-13 0.6649299102110683
4084 0.003379747050687498 7.28572901571964e-13 0.1858538936047702
4085 0.02050841265199774 8.799013009226547e-13 0.2755485455169023
4086 0.02057790836385338 5.732709525240489e-14 0.3764512734955425
4087 0.0206179840238842 1.470975020992427e-12 1.443762335689251
4088 0.009332971691634679 1.546286242870844e-13 0.9789988825210818
4089 0.003362362238365227 5.302511037454118e-14 1.138156611481438
4090 0.003371172659418002 1.360227635536221e-13 0.753839042323742
4091 0.006037494783867767 1.493690081850732e-12 0.01130684335853203
4092 0.02066703622173183 9.64954954427597e-13 0.8958350404508951
4093 0.02052056025512544 1.45195108064511e-12 0.2037050775271375
4094 0.01032537756636484 1.272400852322299e-12 0.6942363573359601
4095 0.02058768218644938 5.732756391960953e-13 0.9244936005366251
4096 0.005607174406140238 1.119486661705141e-12 1.223112772824333
4097 0.02425024758133082 8.093691990317427e-13 0.7499999999994276
4098 0.00930911541413087 5.930732679441244e-13 0.430980086940877
4099 0.02049010534838435 1.022094762395527e-14 0.4485942370554127
4100 0.02419750252485892 2.402285124371812e-13 0.4460121739783428
4101 0.024252823341611 1.118651533858273e-12 0.1299999999998088
4102 0.02425285019999655 4.425335746146071e-13 1.402000000000498
4103 0.02413115160354189 9.618708022870699e-13 1.593052089088159
4104 0.02415688227193688 7.514683326071057e-13 0.006209550198408949
4105 0.006705465616833699 1.249289567585197e-12 0.1480000000037955
4106 0.02050997377276217 1.097292245472687e-12 0.044624184296075
4107 0.02426503132966111 1.084909485598789e-12 0.5220000000001529
4108 0.0242656548935197 2.865952866892036e-14 1.297999999999608
4109 0.006812547590403463 4.039450528764055e-13 0.9037996784839689
4110 0.02068808991203522 5.210474344694612e-13 1.371798574410772
4111 0.02426960447259792 1.229818690571766e-12 0.6779999999984204
4112 0.01761268383082002 7.239395669683231e-13 0.8263813448811598
4113 0.003344839958514957 1.265984778169717e-12 0.1137934327491315
4114 0.02151963165747132 7.950392733577216e-14 0.04872586297563142
4115 0.02427843199691894 1.093754154603627e-12 0.1180000000001803
4116 0.02059514399186692 3.876104045386077e-13 1.472633618675245
4117 0.02050865885874047 1.219084010213077e-12 0.60745879526611
4118 0.02421917921415418 2.58123637007351e-13 0.9940136147321522
4119 0.02420984601886261 8.600421470284716e-13 0.2823158488433782
4120 0.02052216088855521 1.47752253211361e-12 0.9965914183392536
4121 0.02428591267028626 6.462454365337992e-13 1.226000000000567
4122 0.005515191872182451 1.460243062167577e-12 0.7471723719377635
4123 0.003335474899054486 8.344400783042821e-14 0.04213079382700582
4124 0.01033233617009263 1.168483590496986e-12 0.2902141638718654
4125 0.02053663826573057 1.186736308367872e-12 1.15547718189219
4126 0.02430137048677035 7.114778006391817e-13 1.329999999999591
4127 0.02055941944622508 8.621947282708385e-13 1.068641904554899
4128 0.01042064215750602 8.479141732476496e-13 0.910575961947618
4129 0.02430275278225992 1.261709402023305e-12 0.5339999999997359
4130 0.0104772345175684 5.134592451748226e-13 1.530730144085627
4131 0.02042442876795205 4.437343329315383e-13 0.4630620655383886
4132 0.02047642530582953 5.70844080614354e-13 0.1887757632514275
4133 0.02053484138327085 1.337322064328311e-12 1.256508567964945
4134 0.006786218937941123 5.043548485405218e-13 0.6637649428322009
4135 0.01038720410006924 4.23752885140679e-13 0.3625285839412115
4136 0.0243184939835708 7.444636231766093e-13 0.26200000000087
4137 0.02432081826783847 9.634371903288466e-13 1.081999999999271
4138 0.00962054527654155 5.65240953658809e-13 1.311211094332312
4139 0.02051204820002 1.17887655962757e-12 1.011241766648684
4140 0.006658550563442634 7.604824036795135e-15 1.544037532027143
4141 0.02054709719826703 7.731574199211202e-13 1.140628250558076
4142 0.02431679023641017 1.504668799287136e-12 0.7373772744118497
4143 0.006631904530750321 1.325736412056229e-12 1.471734906662555
4144 0.003315304091778132 1.502345036398117e-12 0.5222577248739653
4145 0.005489150675491785 5.136564803659839e-13 0.2712308262746129
4146 0.02038854720983561 1.053767018591263e-12 0.3188457695289096
4147 0.02432638798754854 3.096028170473856e-13 0.3336387650757096
4148 0.003312499804928665 1.100590005975235e-12 0.5177374179684935
4149 0.02418903333061946 4.841679845622019e-13 0.5462652374594815
4150 0.00662261141942806 9.207210191193474e-13 0.9956839418545412
4151 0.02037311421539848 6.870874046855395e-13 0.2467369996446414
4152 0.02434052218790524 4.295125777945774e-13 0.4056578587282167
4153 0.006608196197722612 7.897483567102134e-15 1.399658735803279
4154 0.02429131648942206 1.106028246880478e-12 0.1739831545903209
4155 0.02435395095203862 9.136210411001361e-14 1.558000000001105
4156 0.02053543743776437 1.351319600698323e-12 1.212720632165115
4157 0.02034733904203008 7.963521816724744e-13 0.1025181973514933
4158 0.0243589720164211 8.889966945858958e-13 0.07400000000034844
4159 0.02435922888140972 8.76825193403648e-13 0.8659999999990322
4160 0.0242685494549091 4.212049623568827e-13 1.286362546859416
4161 0.02040238064204208 3.559524662042214e-14 0.8092079387645209
4162 0.006604784123097969 1.637303791258047e-13 0.9238572847749784
4163 0.02157525150723136 1.376454440487384e-12 1.000671361746666
4164 0.01745433756390115 2.100631401665777e-13 0.06202712903740065
4165 0.02436522846264132 3.69595563778648e-13 0.4779999999998604
4166 0.0215223612952646 6.784624771816861e-13 0.4526118626575668
4167 0.006645991087208238 2.80785385760148e-13 1.067804599905902
4168 0.0243680490672569 1.400014798428802e-13 0.1460000000005937
4169 0.02436833280089695 8.213517138339092e-13 0.7939999999980309
4170 0.009633344643639271 3.030284102860641e-13 1.239182979452373
4171 0.02038649770079603 1.929785110282933e-13 0.7226767677005596
4172 0.006574543746075648 1.264359437472152e-12 1.588000238326087
4173 0.006585042192448175 2.208136325474455e-13 0.4477408248361496
4174 0.02437939446110065 1.588761746130362e-12 1.41400000000025
4175 0.01052689041384717 4.691803404695345e-13 1.27111256958279
4176 0.02037364459123889 5.764101330056891e-13 0.6505673628752093
4177 0.02438080832917796 1.363876024537935e-12 0.2899999999998647
4178 0.02039303463464548 1.540838713576287e-12 0.8813228367061988
4179 0.02438100068020794 6.075460875586097e-13 1.35800000000076
4180 0.02033334896372659 6.485082495844747e-13 0.2179018064953512
4181 0.006577479632540672 9.841041002358591e-13 0.8516719262458786
4182 0.02036251840931633 7.010789256609316e-13 0.5784575301740408
4183 0.02422065468096559 2.289453043994872e-13 0.6227337618286325
4184 0.02038119688647791 1.175942837810781e-12 0.5493375609401321
4185 0.02035313521363969 1.447415536445768e-12 0.506347265414349
4186 0.02438932356346252 1.13472550441446e-12 1.342000000000575
4187 0.02037819733572219 1.589192343905616e-12 0.4339163717124216
4188 0.006570999308052757 4.064839987717501e-13 0.6520005385698522
4189 0.0204139240224186 7.593928213613e-14 1.270725608727584
4190 0.02439581545336909 1.474383388147621e-12 0.6939999999987754
4191 0.005567827146864397 2.219949235509926e-13 1.43921321630884
4192 0.0243971115326487 1.155395489833563e-12 1.430000000000208
4193 0.006558528680514302 1.237631229046394e-12 0.375665418749271
4194 0.003283113516173602 2.448144646299359e-13 1.561686519415949
4195 0.01049781339351568 1.587692573080289e-12 0.7230641402905389
4196 0.02440362224702726 8.348347625639901e-13 1.198000000000418
4197 0.006557814235692978 2.650456295453127e-13 0.7796250067679116
4198 0.006604440540774931 1.591105597844052e-13 1.255929237867811
4199 0.01057042415932354 6.570310323789304e-13 1.487439530339609
4200 0.006651004192706564 9.798166441158613e-13 0.5918034537002917
4201 0.02038014437732309 1.430495805281262e-12 1.025551193828531
4202 0.02436700977850721 6.017049076208389e-13 1.126050855740087
4203 0.02432106468386779 1.358145508634548e-12 1.054274883047043
4204 0.02151228070020515 7.199470023046587e-13 0.3805382286367288
4205 0.02441141075181378 2.758711362519678e-13 1.502000000001201
4206 0.003276258382494474 4.950982494555751e-13 1.142325354026459
4207 0.02440168960445793 3.536963578742333e-13 1.546871927762463
4208 0.0203922662257695 1.215541486045878e-12 0.8377730078628456
4209 0.02036965896635655 1.420788111217271e-12 0.9822862395977804
4210 0.02039436578584218 1.576982320201806e-12 0.9098462171925386
4211 0.006544690161617971 7.322902455370215e-13 0.3037116493055227
4212 0.02040189744864677 1.471158105996147e-12 1.097355120374544
4213 0.02431015524485807 1.293980590910589e-12 0.9541823975689055
4214 0.01055803414925032 4.297030039346194e-13 1.516561759823389
4215 0.006707201241349836 5.426818287901795e-14 1.211856750486483
4216 0.0204007450848122 1.474954639739921e-14 1.169467210555579
4217 0.00326794903682521 1.445872598904223e-12 0.04633974624095623
4218 0.01048620593906058 1.135803328692993e-12 0.247123935198087
4219 0.02423344090578539 1.09136785307283e-12 1.166342153641912
4220 0.003266357121463391 1.388505454925081e-12 0.118342503512276
4221 0.005473408967766587 3.009152845774075e-13 0.415132766266938
4222 0.02443540296189928 1.251276504145979e-12 1.457999999999672
4223 0.02423874589694851 5.939582463618117e-13 0.8541682289575253
4224 0.02040485139634626 1.166933860299104e-12 1.3136767453862
4225 0.02039408312638851 1.433357351305231e-14 1.530335804373442
4226 0.02041218331581275 3.241920768760976e-13 1.385762339940513
4227 0.006622162214002535 1.331002015160077e-12 1.183843153862218
4228 0.006597713126065212 9.912478083556211e-14 0.707596070463517
4229 0.005521445396242028 1.588697290044288e-12 0.9631670910503964
4230 0.009536276314340408 5.538210101570052e-14 1.598435423397559
4231 0.003055047301365596 1.280022214222992e-12 1.326000000000062
4232 0.006517307047548196 2.917449600527246e-13 0.8960000000190584
4233 0.00648341137208245 8.929394839456956e-13 0.2314110855559348
4234 0.02439707981505693 1.241067057461712e-12 0.2584522251945752
4235 0.006671933262398878 4.557325643680602e-13 1.284311064802157
4236 0.006712016630178582 4.131492601992979e-13 0.7355691832210174
4237 0.01738934031916483 8.073275873628816e-15 0.3937611085135883
4238 0.00675873478314315 1.194543088547874e-12 1.356071629989332
4239 0.02433840524549224 3.870738279105821e-13 0.5940221706241577
4240 0.006614136554724822 6.067957252068289e-13 1.111665094719958
4241 0.01755199905917342 2.300068628184624e-13 0.3504824837286129
4242 0.006598766617801831 1.589339605565092e-12 0.6358247724735396
4243 0.006557597722052334 1.354925703830751e-12 0.1598925417490136
4244 0.006782257271378467 8.207457492712477e-13 0.01585905704403826
4245 0.006723349967674813 4.165027458212007e-13 0.8080913942381275
4246 0.005493750284673401 1.964648756144108e-13 0.4872080557946828
4247 0.02030256612653001 1.753816865387119e-13 1.039992913033099
4248 0.006788896813280636 1.987836589609564e-13 1.428169867091226
4249 0.003007518627641732 1.402474122319355e-12 0.1900000000002242
4250 0.007375620917783278 7.679457332940673e-14 0.5524178366224272
4251 0.006708042136276216 8.109347054813694e-13 0.2595971015676588
4252 0.006740001232412167 7.051255655326916e-13 0.8801070191326804
4253 0.006601156546904539 1.010643657629352e-12 0.563426051345306
4254 0.006498464568624629 7.211051110862272e-13 0.08742692662244818
4255 0.002976596979950197 1.003443785457204e-12 1.502000000000503
4256 0.006765069215733884 2.716511357179629e-13 0.9523721854734367
4257 0.01045301610744515 4.502613580271909e-13 0.8675751064441536
4258 0.006670482140898091 1.269934349007594e-12 1.495849641799966
4259 0.006709209864868008 1.229452770212146e-12 1.4435098040998
4260 0.01043988237131974 3.171717946381984e-13 0.4061767285788461
4261 0.006672664190099428 1.888156418388227e-13 0.9678626156501183
4262 0.02123486883647576 5.240644074996401e-13 1.260220604472447
4263 0.002960791217940299 1.432093313600454e-14 1.574000000000493
4264 0.005561843242890195 1.152866821230982e-12 1.107325156978367
4265 0.00655942464211052 3.797427736341725e-13 0.4915199633910955
4266 0.009356759530908552 1.351365592533594e-12 0.4017623796009537
4267 0.005569858802568364 1.280200300308587e-12 0.008059399261875764
4268 0.02428948413616315 1.743201743232138e-13 1.310439223361251
4269 0.003208490463488488 8.286104216627198e-13 0.8695572684582663
4270 0.003096101475920702 4.294606324177283e-13 1.369993496833935
4271 0.003024532472589609 1.184008651822874e-12 1.038125003550279
4272 0.002942550919183121 1.215771041314421e-13 1.025999999998616
4273 0.006789235269513829 4.318477149363307e-13 0.4767389658406526
4274 0.006843660329870748 2.690619502483315e-13 1.096893720747463
4275 0.006648348961649986 4.539655600839098e-13 0.4198816358694426
4276 0.01724922194657685 1.403061290264266e-12 0.03323434627485774
4277 0.02111310025188287 1.121297793290701e-13 0.09218957668046857
4278 0.003194953898670743 1.55757907091958e-12 1.345533822479218
4279 0.006864267861277467 1.137166467639424e-12 1.169001200657029
4280 0.00319269951333397 2.533660918079554e-13 0.3215299177686697
4281 0.005480183025719349 5.833146367823869e-13 0.08329638263968331
4282 0.02107288805685275 1.337604688016282e-12 0.02004483617828861
4283 0.003067832101534863 2.067757545802698e-14 0.8220224910145253
4284 0.01964285716306411 8.438611930664968e-13 1.593702684652792
4285 0.005485825883620035 1.327576414853178e-12 0.6310993131058168
4286 0.02116345576505197 8.749249084831198e-13 0.1643110176059531
4287 0.005534928395589859 1.357899928211657e-12 1.179138759470932
4288 0.002908977904960065 2.6078595736456e-14 0.5499999999986928
4289 0.006815535052956999 1.350079496394635e-12 0.6209023627553617
4290 0.003116379512886117 1.579869269940736e-13 0.3460544123647954
4291 0.003092596753921734 1.567999037785083e-12 1.242072525554821
4292 0.02112216477638119 9.67905116484809e-13 0.5683120131607339
4293 0.02119895500651042 4.821116883850442e-13 0.2362187501699358
4294 0.007542757805453831 1.249396873670107e-13 0.006129078452822647
4295 0.02062305408843635 1.049255934661691e-12 1.48751878254708
4296 0.003086009553212699 4.341189683189506e-13 1.31408410504703
4297 0.003179343254914431 1.23123649791932e-12 1.537506784056473
4298 0.002921576738199084 1.52012458818708e-12 1.153629014066771
4299 0.02113746654826102 1.475103413445443e-12 0.6402218508952047
4300 0.006803328157410301 3.244412768197596e-13 0.07290497906932325
4301 0.02121316175939732 9.794093001034539e-14 0.7122914135859658
4302 0.02122746258830756 3.79268905557486e-13 0.308253117751867
4303 0.002888319361776555 1.290002308337841e-12 1.386000000000557
4304 0.006908286492463674 6.130461621299987e-14 1.22668036895978
4305 0.002897303754785958 1.629220165060352e-13 0.677709907252747
4306 0.002995953320124942 4.484779507634862e-13 1.081864295008826
4307 0.006924535002368036 7.206915907122484e-13 1.558850693367817
4308 0.00671280039286845 1.091692715681392e-12 0.7513104171921431
4309 0.02124470617486424 1.518718278798344e-12 0.7842202200597577
4310 0.01727885926179392 1.538592629165157e-12 0.9418441102191487
4311 0.003010236088806532 1.40468185784457e-12 0.7660702956597706
4312 0.02423965048074083 9.995848457203424e-14 0.7668213000797598
4313 0.02109548266431894 5.623693151559846e-13 0.4961018284942281
4314 0.006676164340044316 1.212249806517078e-12 0.2753828660928557
4315 0.002985392715180596 1.293119033929657e-12 1.009867191072172
4316 0.003029962732934063 5.322112937095292e-13 0.8378131150037451
4317 0.002880872552611854 1.404793613622403e-12 0.2016877950470533
4318 0.003027406102871762 4.677395655226047e-13 0.6058300738873947
4319 0.006842896617740186 9.478119837117678e-13 0.2171203636457144
4320 0.02111695250480592 9.944061260193498e-13 1.044248597134904
4321 0.006928220508521901 7.655089209298598e-13 1.414676196735557
4322 0.02118005621034168 2.287772869457927e-13 1.188267357120722
4323 0.002981529184196217 3.521163405519574e-13 1.197845324454218
4324 0.002982582998446626 1.729565234124489e-14 0.9817666887092336
4325 0.002974309283935248 9.495970282180365e-13 0.9378667000757415
4326 0.002854739450665702 9.975921650240645e-13 1.125999999999232
4327 0.02105291795585169 5.954000325687139e-13 1.332197890988096
4328 0.006925823125249476 9.742571280260877e-13 1.342557108653178
4329 0.006925332227730808 4.536038032537416e-13 1.053605955512172
4330 0.01859028781871513 5.085434716971187e-13 0.3548639399137253
4331 0.02431346413380845 1.463517411666413e-12 0.8580501584447502
4332 0.02107816976876656 2.157823146067948e-13 0.4239729140366513
4333 0.002839218565680359 3.452913246409253e-13 0.7939999999987736
4334 0.02130297143437601 1.541704630078841e-12 1.40420707393454
4335 0.009371535515832745 6.656426115492335e-13 0.8628861501185939
4336 0.002961585606096505 1.080711521142446e-12 0.4337803182580043
4337 0.002857041523146017 3.470507403765862e-14 0.05762272475053491
4338 0.02108790959810396 1.448999096531425e-12 0.971962982319053
4339 0.006840803840251645 1.391783164609043e-14 0.5055493008842491
4340 0.02031865757392488 4.48863795254739e-13 1.241337186307949
4341 0.002860391125222746 1.091745379447787e-12 0.3895957871616099
4342 0.02096015432610754 1.465602057402801e-13 0.8275811544263671
4343 0.005517110627587804 9.139509950337774e-13 0.2274201818160632
4344 0.02113567108525329 7.556028254095215e-13 1.51998239239831
4345 0.0212207716019207 8.83765504875025e-13 0.9284397288267924
4346 0.006632517609955482 9.912159480773566e-13 0.2559888144857555
4347 0.002936312931499998 9.823330933892088e-15 0.1738770394158778
4348 0.00293702611345221 9.447233856044049e-13 0.02980442359036102
4349 0.002804987897450185 1.062971440536758e-12 0.1020000000007786
4350 0.006868072575186909 1.312379480187937e-12 0.3186823934081326
4351 0.02104619126886102 1.087011512039921e-12 0.8997043976975375
4352 0.006630076319571977 1.15237645702257e-12 0.7319626697698901
4353 0.02109342904441994 1.369094835443055e-13 1.447892189880341
4354 0.02119609610190301 1.593411169977044e-12 0.5243011474859702
4355 0.00656335369634238 7.381508123047001e-13 1.299467349975664
4356 0.02125044315783553 1.210675587731166e-13 1.072383305739886
4357 0.02125426026236629 7.397535736611403e-13 1.476364253138976
4358 0.02427476219878708 1.589266771000115e-12 0.3629394668314617
4359 0.02125984031647328 4.431800424866027e-13 1.144396518531124
4360 0.006991794956597147 9.557814284490879e-13 0.8406853730739061
4361 0.009861020012886192 4.349301627647301e-13 0.6902560114551199
4362 0.02097989834511966 3.441436585903773e-13 0.2077563582487854
4363 0.02104992837576775 8.992042297876068e-13 1.375646509927561
4364 0.02438985515040299 8.450610824599732e-13 0.2773869289403721
4365 0.009693221859660855 1.230767296393811e-13 0.6615866968454316
4366 0.009823821524181516 9.992358999219998e-13 0.1422095483059534
4367 0.02114360644019377 1.353565878865969e-12 0.1203800514499785
4368 0.0247479842959173 1.220771740508948e-12 0.6659999999989508
4369 0.02098305679625981 4.495104620997726e-13 0.7554948556826528
4370 0.02125651318519704 6.5404199531234e-13 1.216424993462876
4371 0.007407661434942732 6.828880168640179e-13 1.388988063068324
4372 0.02115429239905819 2.745178841043986e-14 0.5962067598053472
4373 0.0209204309707731 4.346356334840391e-13 0.1353420968176204
4374 0.02101825810586277 1.218048428581222e-12 1.30354177002258
4375 0.02476466875975416 1.532950882064575e-12 1.118000000000267
4376 0.02095420592193766 6.627663787813165e-13 0.6833894112412554
4377 0.006037566734798233 1.199052986836609e-12 1.324002731241126
4378 0.01810396999026179 1.551291917136539e-12 1.118830788378564
4379 0.003262988086047112 1.063864438238576e-12 0.004343049376588939
4380 0.02461216502127361 7.997419899342596e-13 0.04926050940362871
4381 0.02098840797235739 4.709619346193754e-13 1.231436578426454
4382 0.003085416962839314 1.164535784333844e-12 1.54265590105186
4383 0.02096490948211581 8.321557605159302e-13 0.6115239309136925
4384 0.02465235193033851 1.211073464502092e-12 0.1933334845202234
4385 0.009990487905794449 6.940158291946309e-13 1.454617330854753
4386 0.009890572736811818 1.913366838868278e-14 0.2864182059860746
4387 0.02480247493911177 9.078366579042999e-13 0.6699999999990184
4388 0.02442249556634839 8.99194135818316e-13 1.550669605956191
4389 0.006578505667511987 1.582472872385628e-12 0.1310462109028379
4390 0.02096039758693207 2.001686737633146e-13 1.159330931069716
4391 0.02097105612925198 9.087472054752053e-13 0.06357157918902689
4392 0.02090203026566154 9.424543932112887e-13 0.5391771525638728
4393 0.02109340137838391 6.454338963071595e-13 0.2644054652860828
4394 0.007029439115612459 9.168899445504246e-13 0.3324543322757715
4395 0.006139396311678092 1.001541501118469e-12 1.467762872531735
4396 0.02482787851466313 1.022465297141108e-12 0.7419999999986172
4397 0.006130079262534315 3.78555113257755e-13 0.9917308194734594
4398 0.02483949807757552 4.23376829079595e-13 0.3380000000000247
4399 0.006118497600675867 7.773600665782055e-13 0.9079999999795006
4400 0.00611635421382441 2.89673169315988e-13 1.528000000000187
4401 0.006114821881996397 1.214700252633088e-12 1.395999999997928
4402 0.02095195446305779 1.034645095573565e-12 1.015286151879591
4403 0.02474193563010641 1.37730160508523e-12 0.8135479127275668
4404 0.02485220029412054 1.076963296859967e-12 0.4660000000000551
4405 0.02109572963135041 1.351678599479001e-12 1.11567133284223
4406 0.02115650140796609 5.337141579321628e-13 1.288354626904365
4407 0.00618420413736941 8.861784702833587e-13 0.9205604943860388
4408 0.02485936561928572 4.074402855492385e-13 0.4099999999998385
4409 0.006158922954581328 6.487915216115586e-13 1.063727654458331
4410 0.00651964473191394 1.073754498171524e-12 0.3602952783526924
4411 0.02462305047227226 8.817290866260228e-13 0.4533487553458682
4412 0.006096575069944142 5.436772215944312e-13 0.4437576746559777
4413 0.02094160242349052 1.224134687410593e-12 1.563166027853515
4414 0.006171428417844047 5.545730082609153e-13 0.5160794207004055
4415 0.0246249237077732 1.346407767184859e-12 1.001204755943353
4416 0.02487438277110024 1.092970555557098e-12 0.3219999999997471
4417 0.02468676479993427 1.413737161794118e-12 0.07799987674537676
4418 0.02469416247959166 1.586000598026274e-14 0.4819736156021128
4419 0.02488227363287557 9.992174610085881e-13 0.2500000000003159
4420 0.02080472523725065 1.145256044397827e-12 0.178638292080176
4421 0.006080611073360209 6.541444299112951e-13 0.8479999999933207
4422 0.0247507186552617 4.346298222789797e-13 0.1500009699102267
4423 0.02113928667439421 1.429166615457387e-12 1.360441242685998
4424 0.02109200900560936 1.082504468678935e-12 0.8847372083195548
4425 0.02489168869299232 3.115333272392662e-13 0.105999999999817
4426 0.01000324511183593 1.177946922568489e-13 0.574840668478817
4427 0.02487650804899921 1.523753860872792e-12 0.554341814165961
4428 0.006148481552532048 1.069395907327372e-13 0.3725200627472345
4429 0.02446479619657619 1.091755066528393e-12 1.266742872792701
4430 0.006086904970557631 4.545339992258521e-13 1.251708502655503
4431 0.02459572312111247 8.529167742369068e-14 0.3812631770232072
4432 0.02447230160115757 1.19872835300978e-12 0.8694703976630956
4433 0.006213512745078659 2.84627659455723e-14 1.136196529879492
4434 0.02489864703885504 1.152480759881475e-12 0.2219999999998851
4435 0.006082547575675181 8.467192753201244e-13 1.583823203485022
4436 0.02089678159715488 4.628569124857399e-13 1.418951965457655
4437 0.006163451100623282 5.346078293104833e-13 0.5878731317611505
4438 0.006533804727679795 3.478083782855605e-13 0.5350936537896106
4439 0.02490469141826632 3.098988449602097e-13 1.489999999999911
4440 0.006053918617383997 1.069670750200772e-12 0.7757077187033969
4441 0.02490677176600068 5.0019435510403e-13 0.294000000000166
4442 0.02442075533420733 1.083540865578594e-12 1.260879990191879
4443 0.01002666452354248 1.627032661441543e-13 0.6469474580667471
4444 0.02491127152645596 5.621583620034569e-13 0.7259999999996432
4445 0.02087727455412062 1.236137044370482e-12 1.346844214927072
4446 0.02489635648726662 3.303628433553456e-13 0.6542738514548273
4447 0.02491672680949198 5.381484323073007e-13 0.437999999999159
4448 0.0210844902020771 7.254673743615831e-14 0.9565991324719135
4449 0.006126526844302069 5.497598817691172e-13 0.3005283296570517
4450 0.02477813032076272 1.368663209267829e-12 0.6979910261219794
4451 0.0248985649988173 4.738285272553804e-13 0.5822736724885513
4452 0.02491854373022468 1.197423841804364e-13 0.5099999999990615
4453 0.006139365436547732 7.410346023219769e-13 0.04010399051777703
4454 0.0211228862584287 5.661875600626474e-13 1.432528705500189
4455 0.005793030995071288 6.777057268266008e-13 1.267217700672701
4456 0.02479190029227001 1.387122429107886e-12 1.505952571301426
4457 0.02490595862272493 1.211890242116415e-12 1.102359026136784
4458 0.006239463736082029 7.542090818760961e-14 1.207980405726885
4459 0.02079247920308242 1.285338255874165e-12 0.3653040186578483
4460 0.006225007101196786 1.132370995347146e-12 0.7040744647800216
4461 0.006045486384484175 7.105312732283846e-14 1.51174883601183
4462 0.005425610196292994 1.387360566299675e-12 1.593007375226473
4463 0.02084417018398403 1.478995308930105e-12 1.202627249288994
4464 0.02490887025028619 3.74420121904918e-13 0.8423841843134157
4465 0.0207936932621192 8.264578836429604e-13 0.6257390734119972
4466 0.02491647078914144 4.811436323896148e-13 1.174369962280179
4467 0.006189933735656798 1.401676399167992e-12 0.1122271312044984
4468 0.003011118129538381 9.219797762138328e-13 1.03321540958658
4469 0.006021453330868156 9.902042618405044e-13 0.7200000000078818
4470 0.02494307840172859 3.159065809804104e-13 0.985999999999986
4471 0.02102430845310634 1.569099603862129e-12 0.395526338004237
4472 0.02079366519101424 4.4895132923236e-13 0.7699642526644489
4473 0.006341387584836569 1.239686860489657e-12 1.2810017161991
4474 0.02495592846995476 9.033252267034329e-13 1.317999999999333
4475 0.005111433067300299 2.024789877144382e-15 0.004721293559114577
4476 0.02496243482906164 1.372264714409078e-12 1.390000000000878
4477 0.006392581153191749 5.433814865520339e-13 0.559825611623982
4478 0.006514962506743512 1.254207777178487e-12 0.4630322563731222
4479 0.02496904058090419 3.766060866498559e-13 1.534000000001333
4480 0.00645936620267477 6.067841452741002e-14 1.275187950461588
4481 0.006060084073363911 7.474585303204314e-14 1.484091384723946
4482 0.006207065297586758 8.926369294191356e-13 0.1843119948058387
4483 0.009787596454417687 1.033751910076971e-12 0.1574803094224846
4484 0.02082538602554903 1.239125396582308e-12 1.462237185207258
4485 0.006314182026075693 4.746028319508582e-13 1.352509350578522
4486 0.0245092111379583 1.018232061546594e-12 0.3868198016956178
4487 0.01008812291297054 1.056451276657441e-12 0.4594395192711268
4488 0.006342101386499809 2.008086023528792e-13 0.8049712822375757
4489 0.01013137861405392 1.270670653578887e-13 0.8921043272264567
4490 0.01010059169668908 5.202228030092642e-13 0.5315490203026606
4491 0.006069127031923795 9.123046928619985e-13 1.367856042587587
4492 0.006407703255057956 1.374365861493713e-12 1.425097148125007
4493 0.00631010536702866 9.30826396197748e-14 0.8765673251078075
4494 0.01009566169445686 1.47792453217225e-13 0.1277197417536472
4495 0.002894882846262074 3.125733071440452e-13 1.592709314854232
4496 0.0062746839091422 1.413883083552761e-12 0.3285204365907129
4497 0.01783081839061409 7.321811792486812e-13 0.8016030355993461
4498 0.002583252489495106 1.269486110446733e-12 1.438394679776974
4499 0.02453535520223904 7.470934177764414e-13 0.4588650845447553
4500 0.006002651818936277 1.55207363078312e-13 0.3439033348879974
4501 0.006046670606755491 1.410076645124908e-12 0.8198385738970823
4502 0.006400882052714068 1.279774513656681e-12 0.9491957360128481
4503 0.002570146637436734 2.132522964155554e-13 0.9623909564231774
4504 0.006400344425147567 1.050538973918995e-12 1.568825808811205
4505 0.02083001304195408 1.494275534305255e-12 0.9434399080359146
4506 0.0215985574991811 1.546486768941916e-12 0.09600000000148695
4507 0.006363366815197682 9.790952737006841e-13 1.021540119876225
4508 0.002560977747994181 3.354825343883771e-13 0.4864040426287525
4509 0.006410682906469426 8.698563296739167e-13 0.2448963714829855
4510 0.02455342245033337 1.358480627669788e-12 1.00689637793465
4511 0.020942267019784 2.616917236208127e-13 1.086568354450093
4512 0.002945458922516929 8.549197091242104e-13 0.2211016845029943
4513 0.02148608734508526 8.301172765243754e-13 0.02336297717208341
4514 0.002538642034148016 1.221036335898278e-12 0.4143779767886814
4515 0.006334580799410572 6.611804749870267e-14 0.4727307866116133
4516 0.006459748005021179 1.040649479606031e-12 1.093469185791801
4517 0.02160025404285649 3.618363396451796e-13 0.5719700762507445
4518 0.02163830176982341 6.864720220657426e-13 0.1683100433621617
4519 0.002580686168931535 6.15023011428446e-13 1.222530559601496
4520 0.0216353661276118 2.745563730911786e-13 0.6439999999723706
4521 0.0209659655950713 1.852949115536392e-13 1.057422264859764
4522 0.002631113179830238 1.259543318187392e-12 1.106528379173372
4523 0.02447537533273158 7.064110036447126e-14 0.055394612006616
4524 0.006350144291582437 1.512697253316765e-12 0.5455858769596461
4525 0.002565345909668698 9.324778739041687e-13 0.7465307076224624
4526 0.02092599945695359 2.428983892985325e-13 1.12979053672373
4527 0.002922609716875105 8.578418823074006e-13 1.173062108519277
4528 0.002381101769374154 3.088052951047127e-13 1.149999999999712
4529 0.002379522725009502 1.465616858165007e-12 1.554000000001345
4530 0.02165637819160911 2.743436329073952e-13 0.2400000000267847
4531 0.006448907338780755 9.087721948493089e-14 0.6175216208686035
4532 0.002551961609088645 7.24952145975586e-13 0.2705332315599592
4533 0.02463654862937409 2.556586874708649e-13 0.002883109140211266
4534 0.02463654862825426 4.965912604141285e-13 1.597116890860329
4535 0.02155733518041226 8.979467201870007e-13 0.4998681124260679
4536 0.009332684807436452 1.353658481812148e-12 1.493960915461527
4537 0.02106387014053477 2.095290786471794e-13 1.590670818604703
4538 0.02166473386321862 4.499590293014946e-14 0.716000000025829
4539 0.002371043956697632 1.195541488304218e-12 1.165999999999444
4540 0.002368748018918742 1.330337928858995e-12 0.673999999999099
4541 0.02159872239386944 2.075237337268978e-13 1.047913515466655
4542 0.02167195340645148 1.289474862858263e-12 1.192000000025898
4543 0.002660506345236806 6.300846712556236e-13 1.178587140634528
4544 0.006354817396108093 6.598125539807257e-13 0.06889528599523434
4545 0.002492081435455281 9.993527291396944e-13 0.1980877631694973
4546 0.002622904798663163 1.144811249486437e-13 0.6305548396791369
4547 0.02168187620363534 6.461893402961934e-13 0.3120000000004825
4548 0.02112720480856365 1.355971596290152e-12 0.03503800519190295
4549 0.006371941051219038 1.329957796458892e-12 1.535036525582188
4550 0.002347347455534951 1.183170952230858e-12 1.410000000000553
4551 0.006147414859245897 1.19016743669723e-12 1.079519398222108
4552 0.002589072974301884 1.536242162156864e-12 0.08251736164795083
4553 0.006429968655707099 2.802542097224104e-13 0.7611575206462137
4554 0.002905210083919126 6.935289175782989e-13 0.625031971469688
4555 0.006106660094840692 1.088079301221336e-12 0.6035874826457275
4556 0.002345447767686658 7.960411167635372e-13 1.381999999999591
4557 0.0216918097921818 6.031275350343489e-14 0.7879999999997802
4558 0.02151643099148522 1.3390782122858e-12 0.4277656493235906
4559 0.00233618893194194 1.401164326032343e-13 1.337999999999621
4560 0.02155659461730784 1.129728510440703e-12 0.9758113608038891
4561 0.006360577250284208 1.381573841630859e-12 0.6889831570243797
4562 0.02112210410311931 9.86529644913416e-13 0.006404334740064043
4563 0.02184294798483457 6.695480677543957e-13 0.6718534699376392
4564 0.002894247939403721 6.862877968794451e-13 1.101012984483302
4565 0.02159735367413527 1.53334009344791e-12 1.523856882994118
4566 0.002322002901237277 9.079674405720499e-13 0.8339999999986293
4567 0.002317007112548923 1.638283200640125e-13 0.8619999999987601
4568 0.002314649797437072 1.110793930598783e-12 0.05400000000035839
4569 0.002314305475994619 5.93175936541334e-13 1.049999999999137
4570 0.006164963974271374 1.40685794622369e-12 1.007433142032122
4571 0.002887779660144044 8.115153289273285e-14 0.07700178108966363
4572 0.02172698994874832 2.426466735010258e-14 1.336000000025443
4573 0.002307033124899521 9.253300946619086e-13 0.2140000000011871
4574 0.02169136635074425 2.137482482638155e-13 0.8600447554647416
4575 0.006501501045420781 1.496738021643547e-13 1.121702728431034
4576 0.02229783134408811 1.321173669658495e-13 0.3562308889078743
4577 0.008489757120405709 2.755600668717264e-13 0.1377303575122174
4578 0.006437895554189145 1.226191242178179e-12 0.3573250725211292
4579 0.002298626428238905 1.139298252845834e-12 0.3859999999992644
4580 0.02461936389591198 1.344838895333585e-12 0.1990105918840791
4581 0.02173905261210868 1.4256420025897e-12 0.9320000000500291
4582 0.02151650855464452 9.715328935192571e-13 0.9037086997922622
4583 0.02174383421565636 1.518753730279119e-12 0.1240000000018117
4584 0.02174462234086539 1.468744870073907e-13 0.528000000000954
4585 0.008594294086935923 7.501083168666767e-13 1.233456855492101
4586 0.02155603418734666 1.215850285494007e-12 1.451754532187597
4587 0.006466534998488198 7.397993896251126e-13 0.501543159172807
4588 0.02175102792787723 9.826105027912346e-13 1.407999999976978
4589 0.02181713370626211 8.267759871299672e-14 0.7439311226352789
4590 0.006496999902083597 1.38080134855881e-12 0.7899859624455362
4591 0.002650602301642028 1.205683907157264e-12 0.2266650571934179
4592 0.02144402598643 9.388991161392181e-13 0.2835583930787216
4593 0.02176092771245591 1.566976621163305e-12 0.6000000000009025
4594 0.0217665328090158 5.587802521639626e-13 0.2680000000268343
4595 0.009112098556298775 2.009399245580058e-13 1.394091281547271
4596 0.0217727349080324 4.264536140011918e-13 1.480000000012519
4597 0.006327664310926671 5.429466425281997e-13 0.9149598360475747
4598 0.02147848934094687 7.142473294578246e-13 0.8316055262891765
4599 0.0217770256400764 4.508074883419134e-13 1.075999999998085
4600 0.02454225005491996 3.458030549765827e-13 1.304621201379102
4601 0.02174186241445412 2.057498577933689e-13 1.552046069430965
4602 0.006462901010206927 1.117994296850049e-13 0.0977135590502302
4603 0.02522777213868309 8.821643949202789e-14 1.574629293573029
4604 0.02151678631435896 1.060330980385912e-12 1.37965166814813
4605 0.009218718853668255 4.120706504616558e-14 0.7299506039478365
4606 0.02140604786352864 3.812027327118853e-13 0.2114552033197559
4607 0.02179251626029517 6.120932318115496e-13 1.147999999998779
4608 0.02118257099707496 1.009438629216885e-12 0.02905789202905432
4609 0.009168937138590742 1.199088049313917e-12 0.6579978147307102
4610 0.008615047494634574 7.199976256658916e-13 1.305517728720556
4611 0.009209359413297381 9.170062550968286e-13 0.2539496393145846
4612 0.00631400241471058 1.507170163125241e-14 0.2850638270271071
4613 0.02180287956466619 5.860689788162254e-13 0.8879999999983262
4614 0.002848240525633067 9.480675791109081e-13 0.4809332973012085
4615 0.02144256240850891 1.247941989522691e-12 0.7595018340893183
4616 0.009090046156059996 6.354584098713158e-13 0.8460742227373941
4617 0.02180566380739584 3.264671241603535e-13 1.219999999998093
4618 0.021745319302694 1.060767523505352e-12 0.3400714773093363
4619 0.02180750682731859 6.202858736228039e-13 0.9600000000234085
4620 0.006309144141087376 6.880418910178594e-13 0.3669277582004008
4621 0.02181646093460053 1.044494807202393e-12 1.292000000025192
4622 0.02137344597305234 1.294986410796297e-12 0.139350682010298
4623 0.006275363379032574 7.780737001466365e-13 1.194993992594515
4624 0.002837841426734993 1.0607332956715e-12 0.9569152855312473
4625 0.02182489833533626 1.101403330997478e-12 1.364000000024871
4626 0.02466316421765112 1.101023732173012e-12 0.8190864563273472
4627 0.02183096883236762 1.486048112454076e-12 1.435999999987093
4628 0.02140875348206545 1.1990809958315e-12 0.687397616871797
4629 0.02134298163986309 9.543697132535425e-13 0.06724563684478213
4630 0.002827877001866343 1.202721751571682e-12 1.432898026642447
4631 0.02144460803633689 6.895980487155664e-13 1.235444374866522
4632 0.006291207460603758 1.2210905795255e-12 0.5788966909565165
4633 0.005643672241911118 1.308656656639551e-12 0.9879916994165263
4634 0.006289424951267668 1.040512719549748e-12 1.453106396442096
4635 0.006062212918213632 1.476989747896785e-12 0.935423945893091
4636 0.02172152601001426 1.058952689679893e-12 0.4121512175324268
4637 0.005598701340653746 1.676042776109551e-13 0.4399471836551316
4638 0.005648098834432371 1.01537986278411e-12 1.463999999999214
4639 0.005686748341312675 1.411033836596285e-12 1.06004686760955
4640 0.02137708825170046 9.53312131314459e-13 0.6152928683672468
4641 0.00664670558774226 3.622123718593076e-13 1.590664568212946
4642 0.002819908960321546 5.54740813327659e-13 0.4088842255905994
4643 0.006283185371606115 1.5459691588412e-12 0.2948827963064169
4644 0.006225719023409887 7.21282148650981e-13 0.1710456522049823
4645 0.009494038063663971 6.290894818957141e-13 0.9025638847808728
4646 0.02453902908543342 9.169910288155034e-13 1.160462448304373
4647 0.009560667479827121 6.201030807442936e-13 1.522715582748756
4648 0.02534107290064023 6.489276333287289e-14 1.245999999999539
4649 0.009079851505411043 3.12127599341376e-13 0.1540000000088674
4650 0.02169842418013106 3.81751343855236e-13 0.4842316795547812
4651 0.005647762319415676 9.618058893827471e-13 0.5120476270912137
4652 0.009140961873483244 1.496443923843714e-12 0.7019181729470032
4653 0.006264733047390148 7.996762170490907e-14 0.02685105105345967
4654 0.009533992099017395 6.911349201877105e-13 0.9746665777496386
4655 0.00558058844191675 1.189994877888876e-12 1.319978644056173
4656 0.02135234825402062 1.077608707268514e-12 0.4704691013937752
4657 0.009498696331726425 1.455000141244851e-12 0.4266196648491445
4658 0.02454963803568854 6.075330551972247e-13 0.5404390586840758
4659 0.02135252186651051 1.334630562749287e-12 1.019129424207436
4660 0.02129522128465147 1.389978141570273e-12 0.3989753695647729
4661 0.02176511350417695 3.759554239492787e-13 1.508184697891032
4662 0.005541445389511227 5.825025771392396e-13 0.7719680250163614
4663 0.00555308148028225 3.002594508134926e-14 1.247983760617635
4664 0.00573682223496141 2.718218366994106e-14 1.132193805354596
4665 0.02138526434448092 1.414189391739219e-14 1.567176927745057
4666 0.02163267425987067 1.467894825210923e-12 0.08037839824132674
4667 0.005694645351143262 6.463673108730956e-13 0.5841486089237494
4668 0.02127239827264313 9.17847866334825e-13 0.3268684296455219
4669 0.02132624907511039 9.703211730547978e-14 0.9470233445837325
4670 0.005652333153081723 1.195296018918715e-12 0.03610438284139923
4671 0.02136277094031946 3.649253476220964e-13 1.495069917499243
4672 0.006659453931762511 1.168816712349672e-12 0.4008722895709986
4673 0.02541806953186876 9.610266886091417e-13 1.029999999985326
4674 0.02541953060936323 1.287524436732141e-12 0.5579999999996914
4675 0.02130223295005342 1.269249986087063e-12 0.8749167055131466
4676 0.006521565283118134 1.535292818569622e-12 1.458819874678044
4677 0.002867639725440648 1.402301845203167e-12 1.351385874462393
4678 0.0210762460877363 1.490380146731993e-12 0.802607495493708
4679 0.009619730245485901 2.640783679516009e-13 1.190983099525401
4680 0.00578010936715535 1.236208345278109e-12 1.204295670930876
4681 0.002868374740375538 1.587837186237228e-12 0.2645583909432669
4682 0.005524767505253367 6.804286609291189e-13 1.580000000000992
4683 0.009529703490680485 1.042669319749397e-14 0.0227917431253293
4684 0.02161196790307575 1.258141024029851e-12 0.1524613307383247
4685 0.02544105767815291 3.136802180017878e-13 0.182000000000556
4686 0.02133255501105098 1.567723389331705e-12 1.422964818000698
4687 0.02121771909688243 1.296852890421222e-12 0.1105441921650901
4688 0.008577078573146201 9.560688625151893e-13 0.00427348975122176
4689 0.02544251168734683 1.152904361556049e-12 0.03800000000068777
4690 0.006222551041328973 2.130571321834682e-14 0.9787777745296624
4691 0.005697679452894667 5.51593177609727e-13 0.1082047722324685
4692 0.009588192617184448 1.519380060142097e-12 0.6429352732121459
4693 0.009189238049397702 3.064847016251729e-13 0.5577593908235977
4694 0.006221356998519587 1.436172834698277e-13 0.5732242935842166
4695 0.0212610859742156 1.057959989346003e-12 0.7307017204535751
4696 0.02545321764456828 1.463312596124154e-12 1.105999999999726
4697 0.002860046142818676 1.227227808987398e-12 0.7405360880228542
4698 0.02529403192965141 9.960729402992667e-13 0.3698827338466436
4699 0.02130962443449699 8.735373636677869e-14 1.350857914925687
4700 0.02546042881408354 1.984444345232193e-13 1.577999999988111
4701 0.005502273414649644 9.24298934404716e-13 1.507999999997784
4702 0.02069922660957587 1.029500465841212e-12 0.9130103781048757
4703 0.0216315419110771 8.252362264500755e-14 0.6284655267589879
4704 0.002748532668545147 6.447372119626158e-13 0.3272394017721389
4705 0.02546921268172222 8.029814341966531e-13 0.6579999999982983
4706 0.02546997102216506 2.26164156896812e-13 0.5860000000000052
4707 0.02547078215474364 4.495781978874969e-13 1.177999999989316
4708 0.002745989037682024 1.275183285324939e-12 0.8752438074692623
4709 0.02131381065274294 9.926753288663893e-13 0.009227431114883859
4710 0.002853107084541603 1.466474815746037e-12 1.216520967136473
4711 0.00620837496663494 7.321058534220328e-13 0.4307532208709964
4712 0.02119250275125541 3.77405629622039e-13 0.2259305800285165
4713 0.02163363864627142 1.08280280378474e-12 0.7004777770008914
4714 0.02547820612274641 1.258381952060694e-12 0.8459999999982751
4715 0.02121702047075011 5.619419799423812e-13 0.5143748676210219
4716 0.005623975852861455 9.075052239689598e-13 1.264360444248856
4717 0.02214701647400436 6.621108363973937e-13 0.1721249570180234
4718 0.02127368954781484 1.122611707648905e-12 0.2975513199384404
4719 0.01064015417094543 4.439246390915836e-14 1.295808846591586
4720 0.009582530121008547 1.806995845263566e-13 0.1669935917677801
4721 0.005741524642066021 1.552838784209281e-12 0.1803065101077986
4722 0.005342681179226942 1.511719003492917e-12 0.196124500667199
4723 0.009994386322064605 1.576720303264579e-12 1.591041657802482
4724 0.005472151734699273 4.539852658668525e-13 1.364000000000749
4725 0.02549467125374219 1.487815411844306e-12 1.206000000000457
4726 0.005573690717805062 9.35144376421264e-13 0.8678864469447074
4727 0.027382655438725 0.002537751205321155 0.0005582389808608164
4728 0.02738027377189715 0.00256331976977367 1.599429184510227
4729 0.02727080427525091 0.00354305436503273 0.6020003467188892
4730 0.02727076159055454 0.003543382888072785 0.5940072805396887
4731 0.02727063292983079 0.003544372956868509 0.6099779909533359
4732 0.02724700814411223 0.00372163233561256 0.5859999999996028
4733 0.02727063283757876 0.003544373666195465 0.3060223583758693
4734 0.02727063283724835 0.003544373666165284 0.2979776416254115
4735 0.02727076169837276 0.003543382066933144 0.2900069331392882
4736 0.02727076169828956 0.003543382066427899 0.313993066865926
4737 0.02727045612811854 0.003545733013245342 0.6179999999993879
4738 0.0272470081438426 0.003721632334809772 0.2819999999994967
4739 0.02727063293028302 0.003544372956771491 0.5059779909634265
4740 0.0272705916875723 0.003544690262144947 0.5140155169090121
4741 0.02727080427454614 0.003543054367179641 0.5260003467249835
4742 0.02727063293047377 0.00354437295686018 0.5339779909637022
4743 0.02727045612861981 0.003545733013088423 0.5419999999993312
4744 0.02727063292939036 0.003544372958228063 0.5659779909639714
4745 0.02727063292941639 0.003544372957108368 0.5740220090550404
4746 0.02727045612775468 0.003545733013189667 0.6259999999996957
4747 0.02727063283757774 0.003544373667921585 0.6340223583704528
4748 0.02727080427441518 0.00354305436651711 0.642000346725402
4749 0.02727080427460872 0.003543054365335389 0.6500003467375358
4750 0.02727063292946346 0.003544372956741158 0.6579779909430699
4751 0.0272708042747052 0.003543054366558293 0.6940003467051579
4752 0.02727063292999663 0.003544372958077089 0.7019779909638793
4753 0.02727045612915668 0.003545733012889598 0.7099999999986319
4754 0.02727063292967816 0.003544372957024894 0.7340220090536765
4755 0.02727080416478009 0.003543055219238625 0.7419999999981045
4756 0.02727063293013118 0.003544372955975019 0.7499779909438672
4757 0.02724700814426747 0.003721632335234092 0.4659999999999557
4758 0.02728181818185424 0.003457223843400765 0.3380000000006896
4759 0.0272707616982073 0.003543382068247465 0.4740069331471941
4760 0.02727076159165179 0.003543382887681585 0.3300072805323541
4761 0.02727072142984582 0.003543691970018759 0.5540004500077478
4762 0.02727080438602433 0.00354305351203085 0.6780000000077605
4763 0.02727063292931185 0.003544372957286709 0.718022009032517
4764 0.02727076169765418 0.003543382069028995 0.7620069331494776
4765 0.02727080416424636 0.003543055222723143 0.7779999999930756
4766 0.02728181818315438 0.003457223842484368 0.2660000000003852
4767 0.02724808901684998 0.003713710406683064 0.3220000001897996
4768 0.02728181818213629 0.003457223843335501 0.3699999999992682
4769 0.0272706329290704 0.003544372957934782 0.4219779909636684
4770 0.0272707616968323 0.003543382069293648 0.434006933150916
4771 0.0272706328377128 0.003544373667362289 0.4819776416313639
4772 0.02727072142869073 0.003543691969835574 0.4940004500333148
4773 0.02725862778906944 0.003635548251267934 0.2579930668503403
4774 0.02724700814346975 0.003721632335467224 0.4019999999994289
4775 0.02727072142918273 0.003543691970246053 0.4100004500043483
4776 0.0272588050908994 0.00363421863720053 0.3620150662725091
4777 0.02725875987016953 0.003634557799186299 0.3900220090436655
4778 0.02727076159135037 0.003543382888441164 0.4419927194565576
4779 0.02728081187980058 0.003465155588525678 0.4579999999995161
4780 0.02727059168830611 0.003544690262252626 0.666015516915671
4781 0.02727080416377453 0.003543055220324923 0.6860000000121971
4782 0.02727063283733856 0.00354437366661753 0.7259776416287188
4783 0.02727080427528368 0.003543054367025695 0.7699996532724613
4784 0.02725862778901392 0.003635548251824103 0.3460069331446305
4785 0.0272585841005854 0.003635875807588747 0.2500003467221973
4786 0.0272470081439965 0.003721632335506242 0.2260000000003328
4787 0.02727071863675514 0.003543713458359245 0.2340000000002656
4788 0.02724700814387026 0.003721632334295647 0.2420000000004863
4789 0.02725875996538254 0.003634557089806432 0.3539776416245109
4790 0.02724700814389614 0.003721632335490505 0.3779999999994562
4791 0.02725875996430447 0.003634557088617686 0.2179776416250156
4792 0.02724700814443443 0.003721632335162313 0.4499999999994425
4793 0.02728181818339475 0.003457223842624172 0.2740000000006372
4794 0.02727063292978653 0.003544372958367573 0.7859779909740547
4795 0.0272585839857179 0.003635876661389584 0.2099999999932235
4796 0.02725875996396293 0.003634557089459148 0.2020223583800284
4797 0.02724700814425746 0.003721632335672694 0.07000000000026281
4798 0.02727076159183419 0.003543382887167143 0.07800728054515614
4799 0.02727063292982264 0.003544372956356935 0.08597799095216554
4800 0.02725862778892772 0.003635548253275508 0.06200693314585488
4801 0.02725875996485876 0.003634557089359478 0.1939776416240163
4802 0.02728181818310202 0.00345722384242801 0.05400000000128753
4803 0.02725862778871785 0.003635548251581171 0.186006933142488
4804 0.02724700814483956 0.00372163233545263 0.04600000000131103
4805 0.02725862778858348 0.00363554825251105 0.03800693313524763
4806 0.02728181818199686 0.00345722384343409 0.006000000000922547
4807 0.02727063292900232 0.003544372956858241 0.01397799095544133
4808 0.02727063283714364 0.003544373666561622 0.02202235837551098
4809 0.02727071863716975 0.003543713458117053 0.09800000003071092
4810 0.02728181818311362 0.003457223842369099 0.03000000000030389
4811 0.02727080427568058 0.003543054366011349 0.1540003467235092
4812 0.02725876008737474 0.003634556164654973 0.1420219756300599
4813 0.02728181818336123 0.003457223843179246 0.1780000000001357
4814 0.02724700814374164 0.003721632335065971 0.1059999999999215
4815 0.02727076169715846 0.003543382066365057 0.161993066868715
4816 0.02728181818199496 0.003457223843206876 0.114000000000985
4817 0.0272589411017921 0.003633198326268466 0.1339999999999486
4818 0.02727063283699309 0.00354437366825035 0.1219776416327919
4819 0.02724808901776436 0.003713710404616968 0.1700000003243064
4820 0.02727063283797854 0.003544373666647756 0.7940223583740238
4821 0.02727076169721895 0.003543382064737745 0.8019930669109007
4822 0.02724700814479733 0.003721632334710265 1.17400000000007
4823 0.0272705888287133 0.00354471226161252 1.10601506633819
4824 0.02725880508969445 0.003634218637238406 1.229984933717008
4825 0.0272586250586058 0.003635568723457581 1.054006830535732
4826 0.02725862778819897 0.003635548256476421 1.590006933061332
4827 0.02727076159230569 0.003543382883373034 1.281992719420788
4828 0.02727076169675583 0.003543382068877987 1.341993066868176
4829 0.02727058882809669 0.003544712260622371 1.413984933627241
4830 0.02727058882834445 0.003544712261033358 1.422015066357617
4831 0.02727071863680816 0.003543713453205546 1.473999999915245
4832 0.0272707616976024 0.003543382064131778 1.529993066786681
4833 0.02724808901887779 0.003713710395678964 1.114000000936385
4834 0.02727076169842065 0.00354338206023503 1.16599306685714
4835 0.02728181818245417 0.003457223842826598 1.222000000000545
4836 0.0272587599634331 0.003634557093146717 1.182022358414009
4837 0.02724700814396351 0.003721632334992655 1.290000000000714
4838 0.02725862778804921 0.003635548260013373 1.297993066857048
4839 0.02724700814411371 0.003721632335668437 1.349999999999393
4840 0.02725894110076202 0.003633198325993049 1.357999999990971
4841 0.02724700814357932 0.003721632335130251 1.538000000000827
4842 0.02725875986996557 0.003634557798750074 1.546022009041057
4843 0.02725862778963406 0.003635548255925613 1.042006933229544
4844 0.02724700814492528 0.003721632334423265 0.8099999999979131
4845 0.02724700814400545 0.003721632335058926 1.482000000000433
4846 0.02727058882722329 0.003544712266230338 1.401984933737092
4847 0.02724700814494987 0.003721632335573549 1.466000000000652
4848 0.02727071863767252 0.003543713457185134 1.121999999999145
4849 0.02727080427541432 0.00354305436276971 1.214000346629029
4850 0.02725858398648634 0.003635876662004474 1.061999999998063
4851 0.02725880509008442 0.003634218642285689 1.238015066373897
4852 0.02727076169851368 0.003543382059766005 1.274006933157282
4853 0.02727058882707553 0.00354471226499138 1.097984933735646
4854 0.02725858398678208 0.003635876664673277 1.189999999931324
4855 0.02725858398674839 0.003635876665555341 1.490000000083514
4856 0.02727080427575857 0.003543054360412072 1.522000346697629
4857 0.02725858421402762 0.003635874956916718 0.8180000000041514
4858 0.02728181818208893 0.003457223842974966 1.033999999999004
4859 0.02727080427451246 0.00354305436884678 1.334000346739693
4860 0.02725875987003041 0.003634557798409906 1.366022009043879
4861 0.02724700814359447 0.003721632334580285 1.009999999999188
4862 0.02727076149025296 0.003543383662758644 1.001993100320294
4863 0.0272588021577105 0.003634240632804844 0.9459844830502127
4864 0.0272587598696018 0.003634557801133819 0.9900220090878994
4865 0.02725880508962741 0.003634218640469728 0.8419849336697347
4866 0.02725875987064264 0.003634557799979718 0.8500220090825354
4867 0.02725858409942282 0.003635875811243433 0.8579996532874202
4868 0.02725858421348212 0.003635874956970491 0.8659999999982742
4869 0.02725858409998007 0.003635875810429812 0.8740003467099189
4870 0.02725858409992972 0.003635875811078824 0.8820003467063465
4871 0.02725875986926232 0.003634557801105627 0.9020220090876584
4872 0.02725858410014401 0.003635875810449779 0.9099996532887792
4873 0.02725858409957917 0.003635875810942916 0.9179996532916859
4874 0.02725858421505732 0.003635874954895786 0.9259999999732311
4875 0.02725858398673628 0.003635876663513945 0.9340000000406187
4876 0.02725894110074395 0.003633198325531065 0.9660000000032525
4877 0.02725875987065111 0.003634557800438939 0.9740220090867283
4878 0.02725875996457917 0.003634557091483792 0.9819776415951886
4879 0.02725862778919818 0.003635548255154372 0.8259930668447757
4880 0.02725862789874744 0.003635547436309134 1.553992719546393
4881 0.0272586277887974 0.003635548256314495 0.8899930668651868
4882 0.02727080427538592 0.003543054361868833 1.158000346754044
4883 0.02728181818338957 0.003457223842745545 1.458000000000906
4884 0.02728081187744193 0.00346515560246865 0.833999999835919
4885 0.02724700814458512 0.003721632334473405 1.129999999998877
4886 0.02724700814472891 0.003721632334530591 1.430000000000124
4887 0.02724700814369092 0.003721632334503732 0.9539999999995386
4888 0.02728181818231437 0.003457223843378169 1.582000000000551
4889 0.02725858410044364 0.003635875807162754 1.017999653265868
4890 0.02724700814489516 0.003721632334868268 1.19800000000037
4891 0.02728181818192684 0.003457223843636452 1.502000000000539
4892 0.02725862800175543 0.003635546653579613 1.5100068997321
4893 0.02727076159168275 0.003543382879563995 1.206007280524466
4894 0.0272818181834051 0.003457223843339706 1.257999999999905
4895 0.02724700814465392 0.003721632334930863 1.266000000000264
4896 0.02728081187630484 0.003465155616393433 1.30599999997178
4897 0.02727080427499502 0.003543054362851857 1.574000346631914
4898 0.02728181818340573 0.003457223843280242 1.246000000000616
4899 0.02725862789731626 0.003635547440075702 1.314007280503201
4900 0.02724700814468444 0.003721632334307726 1.026000000000077
4901 0.02725862505898472 0.00363556872497628 1.074006830479638
4902 0.02725858398602909 0.003635876661033236 1.081999999999216
4903 0.02724700814485206 0.003721632334814218 1.08999999999977
4904 0.02725858410079932 0.00363587581066853 1.137999653358235
4905 0.02725858431051373 0.003635874232147083 1.145999619947813
4906 0.02727080418097734 0.003543055087453878 1.442000033378665
4907 0.02725858419639804 0.003635875083794642 1.321999966560583
4908 0.02725862494842308 0.00363556955011291 1.378006483221973
4909 0.02725858409922855 0.003635875814807052 1.385999653318067
4910 0.02724700814484848 0.003721632334661987 1.394000000000647
4911 0.02727080416496381 0.003543055218694136 1.449999999942419
4912 0.02728181818313336 0.003457223842349572 1.562000000000088
4913 0.0272633046634036 0.003600308159667644 1.102000000020923
4914 0.02726618690281197 0.003578414712580428 1.362004292259536
4915 0.02726327599188215 0.003600525270657962 0.6139957077511812
4916 0.02727063283727321 0.003544373666550111 0.5819776416152938
4917 0.02726333357856099 0.003600089199136902 0.7900002301741176
4918 0.02726615840433998 0.003578631846440931 1.234000000044479
4919 0.02726382051892112 0.003596399696473834 0.5980022358337264
4920 0.02726377856628867 0.003596717714790269 0.6059957991301792
4921 0.02728065309525114 0.003466405444181837 0.813999451752549
4922 0.02726382052097776 0.003596399683585234 1.210002235818195
4923 0.02726376454765578 0.003596823973949882 0.310002242382186
4924 0.02726376454851494 0.003596823973774338 0.2939977576196715
4925 0.0272633335754627 0.003600089222202823 0.3019999999995844
4926 0.02726372267672209 0.003597141347615796 0.577999983300818
4927 0.02728065309848219 0.003466405428153828 1.065999451723824
4928 0.02726321850907666 0.003600960502596472 0.621999999998445
4929 0.027263778558231 0.003596717779234578 0.7819955690026268
4930 0.02726383454080345 0.003596293396902788 0.6900000139200496
4931 0.02724825912738013 0.0037124620589754 0.5220005482766525
4932 0.02724825912798844 0.00371246205888908 0.5620005482767652
4933 0.02726383455144259 0.003596293320140322 0.646000244465309
4934 0.02726377855877372 0.003596717774623582 0.7380044309970361
4935 0.02726377855814987 0.003596717775528903 0.7459955690013581
4936 0.02724825912778745 0.003712462058772865 0.5020005482764086
4937 0.02726332005905671 0.003600191575007285 0.5099981220366876
4938 0.02726377856715191 0.003596717716192555 0.529995799133716
4939 0.02726327599136309 0.003600525271438264 0.5379957077546872
4940 0.02724700814446276 0.003721632335102892 0.545999999999794
4941 0.02726327599164744 0.003600525277325067 0.6300045220125103
4942 0.02726332005896435 0.00360019157445953 0.6619981220324342
4943 0.02726327599237307 0.003600525270136886 0.7059957077542656
4944 0.02726383455055893 0.003596293320814804 0.6820002166247325
4945 0.02726372267598263 0.003597141350765201 0.7219999832988404
4946 0.02726382053003896 0.003596399614579179 0.7660019768574249
4947 0.02726568688788312 0.003582222570839268 0.2060042314908073
4948 0.02724825912777852 0.003712462062373169 0.6740005482825353
4949 0.0272656868888492 0.003582222570031982 0.2139957685091683
4950 0.02726377856736144 0.003596717714631037 0.6539957991338029
4951 0.02726376454822379 0.003596823976756383 0.4779977576243157
4952 0.02724700814481153 0.003721632335462023 0.4259999999994592
4953 0.02724700814436875 0.003721632334890984 0.4859999999994363
4954 0.02724825912862243 0.003712462059619586 0.334000548276646
4955 0.02726380649829531 0.003596505978305119 0.4379999853832069
4956 0.02724825912796059 0.003712462058624289 0.4180005482764592
4957 0.0272661440369703 0.003578741321558815 0.357997761462684
4958 0.02728181818300878 0.003457223842170445 0.386000000000412
4959 0.02726570084576339 0.003582116339058708 0.349997757620306
4960 0.02726564508675366 0.003582540729002783 0.2539980231412867
4961 0.02728065309743706 0.003466405429858918 0.3939994517279672
4962 0.02726612966566454 0.00357885080676226 0.1980000000008963
4963 0.0272806530982108 0.003466405430531999 0.2460005482722932
4964 0.02728181818205653 0.003457223842842693 0.2219999999997215
4965 0.02725894110100819 0.003633198326312655 0.270000000000218
4966 0.02726333358110579 0.003600089173551264 0.5700000000056045
4967 0.02726377855320725 0.003596717812333177 0.6380044616194022
4968 0.02726377856669629 0.003596717716900096 0.6979957991279172
4969 0.02726327599211281 0.00360052527116207 0.7140042922418741
4970 0.02726333357880203 0.003600089198063948 0.729999769832707
4971 0.02724700814479159 0.003721632335340601 0.7539999999993628
4972 0.02726383454045007 0.003596293399590256 0.773999986077118
4973 0.02724700814410365 0.003721632335711973 0.09000000000071609
4974 0.02726382053117578 0.003596399601438561 1.161998023159006
4975 0.02728065309730845 0.003466405435404376 0.06599945173873657
4976 0.02726376455116539 0.003596823947915152 0.08199778894320524
4977 0.02726376454904458 0.003596823973828684 0.7980022424042661
4978 0.02726570084466134 0.003582116338415863 0.1899977576200195
4979 0.02728065309777495 0.003466405429479739 0.04199945172626274
4980 0.02726333357837877 0.003600089198104987 0.01800023016973039
4981 0.02724825912776761 0.003712462055311346 0.01000054827272674
4982 0.02724825912890796 0.003712462056439916 0.02600054827439643
4983 0.02726618697186933 0.003578414186345347 0.1380042825993278
4984 0.02724825912756036 0.003712462061676232 0.1179994517191593
4985 0.0272806530941685 0.003466405457617649 1.493999451779085
4986 0.02728181818213359 0.003457223843177793 0.1299999999998288
4987 0.02728181818211991 0.003457223843005081 0.9499999999993558
4988 0.02724825912842318 0.003712462055018297 0.1500005482707403
4989 0.02726382052973306 0.003596399611180607 0.1579980231482589
4990 0.02724700814388059 0.003721632334909605 0.1260000000001283
4991 0.02726570084184408 0.003582116365384315 1.550002211079886
4992 0.02726382052924903 0.003596399616198839 1.337998023153314
4993 0.02728065309815781 0.003466405429801913 1.193999451727886
4994 0.02726568688784966 0.00358222258081575 1.186004231489262
4995 0.02726382053037166 0.003596399604439486 1.525998023122745
4996 0.02724825913174172 0.003712462034861238 1.518000548233378
4997 0.02726380650112701 0.003596505963523453 1.277999985351415
4998 0.02728065309781379 0.00346640543058124 1.486000548272908
4999 0.02728065309778644 0.003466405429731161 1.369999451727661
5000 0.02728065309728903 0.003466405431218861 1.013999451729478
5001 0.02726564418097766 0.003582547620113263 1.058001875993932
5002 0.02728065309356124 0.003466405457366306 1.294000548222133
5003 0.0272482591281249 0.003712462058424891 1.218000548276354
5004 0.02726330466414249 0.003600308157923805 1.418000000014114
5005 0.02728181818240668 0.003457223842526177 0.8979999999988656
5006 0.02728065309505504 0.003466405455682864 1.045999451775808
5007 0.02724700814352242 0.00372163233560907 1.406000000000875
5008 0.02724825912805682 0.003712462062463584 1.330000548284346
5009 0.02728181818219839 0.003457223843559248 1.177999999999917
5010 0.02728181818300283 0.003457223842396734 1.353999999999392
5011 0.0272818181829564 0.00345722384319447 1.542000000001368
5012 0.02728065309714265 0.003466405431721276 1.593999451730121
5013 0.02728181818186088 0.003457223842475923 0.9619999999992584
5014 0.02724825912791491 0.003712462055060155 1.154000548269352
5015 0.0272656450855951 0.003582540734997442 0.8859980231451329
5016 0.02726564509445013 0.003582540662296257 0.821997792705974
5017 0.02726563112847884 0.003582646958441113 0.8619999860753469
5018 0.02726563112834699 0.003582646957459057 0.9219999860763423
5019 0.02726614403418941 0.003578741341989641 0.8460020084620468
5020 0.02726568688333534 0.003582222612242667 0.9060042008783734
5021 0.02728065309619359 0.003466405444931661 0.937999451753487
5022 0.02726612966257739 0.00357885083309487 0.9859997698501298
5023 0.02726983082870497 0.003550538914640356 1.434023084824607
5024 0.02728065309612092 0.00346640544532894 0.9939994517546957
5025 0.02724825912747331 0.003712462060603308 1.454000548282174
5026 0.02726563111750461 0.003582647036655691 0.9139997555473472
5027 0.02726563111827806 0.003582647031965126 0.9299997833881557
5028 0.02726618690167744 0.003578414713818935 0.9700042922529549
5029 0.02726574254179343 0.003581798946997947 0.9779999833009093
5030 0.0272656311288553 0.003582646956868321 0.8700000139229518
5031 0.02728065309748127 0.003466405430603699 1.133999451727686
5032 0.02726568688319765 0.003582222610803534 0.8540042008752952
5033 0.02726563111772827 0.003582647036559442 0.8780002444535812
5034 0.02724825912758728 0.003712462063313877 1.57800054828576
5035 0.0272470081440228 0.003721632334527618 1.249999999999512
5036 0.02726564418064231 0.003582547619330231 1.078001876010313
5037 0.02726564417772009 0.003582547640389848 1.382001847528408
5038 0.0272806530936215 0.003466405457570541 1.38999945177825
5039 0.02728065309801898 0.003466405430304573 1.021999451726453
5040 0.02726564515287695 0.003582540220016844 1.3180019958214
5041 0.02724825913272162 0.003712462027814691 1.570000548220011
5042 0.02726383448501648 0.003596293818815573 1.446000226188314
5043 0.02728065309739578 0.00346640542972607 1.085999451725999
5044 0.02726563118444858 0.003582646530850498 1.141999746012698
5045 0.02728065448338303 0.003466394524596184 1.325999431259613
5046 0.027259205936298 0.003631210788802651 1.437969343145254
5047 0.02728065448057988 0.003466394546224164 1.149999431297221
5048 0.02728065448492763 0.003466394519047741 0.1459994312486568
5049 0.02724825764260214 0.003712472965810264 0.9980005687720094
5050 0.02728065448549265 0.003466394505326595 1.513999431222735
5051 0.02725957977185001 0.003628403328064386 1.497976901154118
5052 0.0272479692967282 0.003714588705199673 0.6699954554653355
5053 0.02724796929712989 0.003714588705952417 0.5579954554640982
5054 0.02724796929631068 0.003714588708142069 0.5179954554614736
5055 0.02724796929720488 0.003714588707237666 0.4139954554623389
5056 0.02724796929803211 0.003714588699972353 0.4979954554789346
5057 0.02728092355759163 0.003464276237661328 1.070004544520051
5058 0.02728092355808035 0.003464276234047614 0.3980045445266612
5059 0.02728092355812554 0.003464276233084746 1.374004544527473
5060 0.02728092355803249 0.00346427623986885 0.942004544515308
5061 0.02728092356018285 0.003464276220889183 1.050004544551884
5062 0.02724796929573306 0.003714588714695113 1.565995455449127
5063 0.0272809424086986 0.003464127786307523 1.301995176852818
5064 0.02724794907891245 0.00371473700461022 1.398004823210188
5065 0.02728094240861472 0.003464127785994175 1.586004823147259
5066 0.02724794908377583 0.003714736972690578 1.425995176849789
5067 0.02724794907996001 0.003714737000669768 1.125995176796993
5068 0.02728094240892669 0.003464127784986231 1.462004823147453
5069 0.02728094240975007 0.003464127785786177 1.241995176853302
5070 0.02724794908387642 0.003714736977177329 1.270004823157302
5071 0.0272809424132448 0.003464127756523767 1.03800482320212
5072 0.02724794908101581 0.003714736998011337 0.2860048231967957
5073 0.02728094241084762 0.003464127770267737 0.8299951768215367
5074 0.02724794908067012 0.003714737002091992 0.5900048232030526
5075 0.02724794907988621 0.003714737000762416 1.09400482320213
5076 0.02724794908014211 0.003714736996696783 0.3179951768055595
5077 0.02724794908132418 0.003714736995398606 0.9580048231916906
5078 0.02724794908313258 0.00371473698250241 0.805995176830816
5079 0.02728094241002483 0.00346412777400529 0.893995176830081
5080 0.02724794908079054 0.003714736992651529 0.1659951768127778
5081 0.02728094241115516 0.003464127773311591 0.8380048231674152
5082 0.02724794908068371 0.003714737002014115 0.1740048232044096
5083 0.02728094241249577 0.003464127757840646 0.1820048231993237
5084 0.02724794908101936 0.003714736995867168 0.1019951768068394
5085 0.02724794907948729 0.003714737005118218 0.4700048232100492
5086 0.02724794908010326 0.003714737001991115 0.3260048232034237
5087 0.02724794908035739 0.003714737001849013 1.030004823203054
5088 0.02728094241203772 0.003464127757949607 0.3420048231997546
5089 0.02728094241261618 0.003464127758860847 0.4620048231987395
5090 0.02724794907855243 0.003714737005782055 0.445995176786573
5091 0.02724794907923546 0.0037147370056076 0.4060048232092688
5092 0.02728094241233363 0.003464127763469684 0.05800482319044538
5093 0.02728094241277832 0.003464127757350103 0.2780048231999804
5094 0.02728094241246551 0.003464127755238848 0.2619951767970674
5095 0.02728094241349523 0.003464127756108389 0.3659951767962448
5096 0.02724794908009544 0.003714737001048309 0.3739951767960576
5097 0.02724794907864672 0.0037147370056686 0.4300048232131951
5098 0.02724794907987219 0.003714737005742182 0.490004823212624
5099 0.02724794907900863 0.003714737005027718 0.2379951767905967
5100 0.0272479490786908 0.003714737005161458 0.2300048232107009
5101 0.02728094241221762 0.003464127757660921 0.4539951768015637
5102 0.02728094241286498 0.003464127756170113 0.3819951767970265
5103 0.02724794907951912 0.003714737004414758 0.75800482320808
5104 0.02724794908007703 0.003714737004692846 0.5500048232089699
5105 0.02724794907914512 0.003714737005858408 0.09400482321401474
5106 0.02724794908042362 0.003714737000153191 0.05000482320043001
5107 0.02728094241306479 0.003464127758506253 0.0340048231973135
5108 0.02724794908015512 0.003714737003734326 0.07400482320739912
5109 0.02728094240928752 0.003464127784978293 1.557995176852699
5110 0.02728094241239713 0.003464127755318223 0.1099951767979823
5111 0.02724794908386989 0.003714736976757145 1.169995176841496
5112 0.0272479490839658 0.00371473697393543 1.470004823151713
5113 0.02724794907975063 0.003714737001166312 1.285995176795846
5114 0.02724794907994424 0.003714737001026089 1.345995176796681
5115 0.02724794908038668 0.00371473700175029 1.533995176797565
5116 0.02724794908483065 0.003714736968347091 1.41000482314184
5117 0.02724794907923115 0.003714737000964246 1.477995176797184
5118 0.02724794908323279 0.003714736976231841 1.109995176841997
5119 0.02724794907923206 0.003714737001534086 1.118004823202982
5120 0.02728094241265751 0.003464127756234702 1.226004823203552
5121 0.02724794908277347 0.003714736977157156 1.00599517684135
5122 0.02724794908280785 0.003714736976605528 1.202004823156444
5123 0.02728094241022589 0.003464127784166783 1.262004823150649
5124 0.02728094241378206 0.003464127755453398 1.506004823204284
5125 0.02728094240898962 0.003464127785612549 1.310004823146196
5126 0.02724794908038016 0.003714736993418475 1.254004823186497
5127 0.02717965394374228 0.004185261230008604 0.003276037479780456
5128 0.02717946536069798 0.004186485724765007 1.596720734932485
5129 0.02741862961648137 0.002113941817395147 1.597252515031935
5130 0.02747416973910815 0.001191636338717428 1.59831425171744
5131 0.02742135004339994 0.00207835557146078 0.002700461664236544
5132 0.0272766465354275 0.003497792703902677 1.598937043201768
5133 0.02727670957419353 0.003497301077745522 0.001059738304665714
5134 0.02693322731717706 0.005554391627021835 0.001370809245322511
5135 0.02693295600763125 0.005555707042762491 1.598628602089078
5136 0.02535535952798426 0.01064686541834548 1.594000000001215
5137 0.0248597055586171 0.01175776507492277 0.0005844875109499259
5138 0.02498538747131756 0.0114882728446826 1.599459483247667
5139 0.02538899184692365 0.01056641344344389 0.6019999999996328
5140 0.02545741739762316 0.01040047592714775 0.5939999999993418
5141 0.02545741739728742 0.01040047592707502 0.6099999999993434
5142 0.02535535952950395 0.0106468654176838 0.5859999999999055
5143 0.0254240574229676 0.01048176055048205 0.2979779909331536
5144 0.02542456420507616 0.01048053123742174 0.2900003467611801
5145 0.02542392700278347 0.01048207688366551 0.3060150662804332
5146 0.02535535952799406 0.01064686541840366 0.3140000000007358
5147 0.02542353463721676 0.01048302850539412 0.6179999999989383
5148 0.0254245638762992 0.01048053203557964 0.2819999999874905
5149 0.02535845391623698 0.01063949317704882 0.3300000003505742
5150 0.02542353463652143 0.01048302850507788 0.5139999999989143
5151 0.02542443794855645 0.01048083751805373 0.5260072805552849
5152 0.02542353463668296 0.01048302850431795 0.5419999999996912
5153 0.0254240574217831 0.01048176055220816 0.5659779909566839
5154 0.02542405742200147 0.01048176055114204 0.574022009041536
5155 0.02542353463733549 0.01048302850475899 0.6259999999988173
5156 0.02542405715010819 0.01048176121298773 0.6340223583737939
5157 0.02542456420593281 0.01048053123754048 0.6420003467227587
5158 0.02542443826245626 0.0104808367547192 0.6499930668312282
5159 0.02535535952939673 0.01064686541794484 0.6579999999982886
5160 0.02542443794837354 0.01048083751910496 0.6940072805536324
5161 0.02542405742258761 0.01048176055193247 0.7019779909572553
5162 0.02542353463606445 0.01048302850447239 0.709999999998178
5163 0.02542405714963015 0.01048176121315867 0.734022358374992
5164 0.02542405742270083 0.01048176055070743 0.749977990954601
5165 0.02542405742182384 0.01048176055220625 0.5059779909577544
5166 0.02542405742220427 0.01048176055220086 0.5339779909568406
5167 0.02542456420557652 0.01048053123831474 0.7420003467230283
5168 0.02542456453450462 0.01048053043861252 0.4740000000216279
5169 0.02542431089999307 0.01048114570754007 0.3380000000267454
5170 0.0254244379481856 0.01048083751870932 0.4660072805555625
5171 0.02542431915812382 0.01048112567367973 0.5540004500207115
5172 0.0254240574214971 0.01048176055157896 0.7180220090435702
5173 0.025457417396697 0.01040047592731289 0.7619999999988282
5174 0.02542431089823661 0.01048114570886148 0.778000000024916
5175 0.02545741739718595 0.01040047592771211 0.6779999999991607
5176 0.0254574173968053 0.01040047592707045 0.3220000000001744
5177 0.02535845391582709 0.01063949317718124 0.3460000003262398
5178 0.02538886344347167 0.01056672196415276 0.3980069331193942
5179 0.02542392700287177 0.01048207688518902 0.4219849337443354
5180 0.02545741739715772 0.01040047592776548 0.4339999999990339
5181 0.0254240571494336 0.01048176121251022 0.4819776416097079
5182 0.02542431915904091 0.01048112567312476 0.4940004500182603
5183 0.02542443826400277 0.01048083675261901 0.2579930668090497
5184 0.02545741739702402 0.01040047592737132 0.3620000000003788
5185 0.02545741739800533 0.0104004759281228 0.3899999999996213
5186 0.02535535952882117 0.01064686541721943 0.4139999999998339
5187 0.02535845391353978 0.01063949318077407 0.2659999999999789
5188 0.02538886344370741 0.01056672196574352 0.3700069331448794
5189 0.02538873646738725 0.01056702704978328 0.4059996532888195
5190 0.02538937883292113 0.01056548354413767 0.4419849337286533
5191 0.02535535952841918 0.01064686541855943 0.4579999999991655
5192 0.02538924800596172 0.01056579792502387 0.6660219756630428
5193 0.02535535952807907 0.01064686541818743 0.6859999999988451
5194 0.02535535952893695 0.01064686541717664 0.7699999999991862
5195 0.02542405714917225 0.01048176121212679 0.7259776416225813
5196 0.02535535952906541 0.0106468654180531 0.2300000000006394
5197 0.02538886406218524 0.01056672047864645 0.2460068998000932
5198 0.02545741739730625 0.0104004759271535 0.2220000000010089
5199 0.02545741739678707 0.01040047592704685 0.2379999999996202
5200 0.02542443826358144 0.01048083675415519 0.2740069331658255
5201 0.02542443794740555 0.01048083751879023 0.3540072805554937
5202 0.02542456359653016 0.0104805327141645 0.3820003801085889
5203 0.02538977428607594 0.01056453320165082 0.4499999999990133
5204 0.02542456453383226 0.01048053044230452 0.2139999999998298
5205 0.02535535952899836 0.01064686541835548 0.7859999999980996
5206 0.02542456387637449 0.01048053203492862 0.2059999999737609
5207 0.0254244382640536 0.01048083675370808 0.1980069331932086
5208 0.02535535952818725 0.0106468654175323 0.07800000000086292
5209 0.02542443794786105 0.01048083751689866 0.06999271943388975
5210 0.02538924737196805 0.01056579944465212 0.08602200904560703
5211 0.0254244382639212 0.01048083675293224 0.06200693319858019
5212 0.02535535952840245 0.01064686541840677 0.1900000000006772
5213 0.02535535952902068 0.01064686541762206 0.05400000000049542
5214 0.02545741739762775 0.01040047592715972 0.04600000000112739
5215 0.02542456453466772 0.01048053044084049 0.03799999995505896
5216 0.02545741739796321 0.01040047592708396 0.006000000000030784
5217 0.02535535952896825 0.01064686541730722 0.01400000000116412
5218 0.02542444583785551 0.01048081837705598 0.02599355020545258
5219 0.0253887367977304 0.01056702625546517 0.09400000001083471
5220 0.02538873613530258 0.01056702784639612 0.101999999953141
5221 0.02545741739758594 0.01040047592708172 0.1820000000002464
5222 0.02538924764762339 0.01056579878480568 0.1540223583848974
5223 0.0253893788326084 0.01056548354438553 0.1459849337088688
5224 0.02538873646714543 0.01056702705067343 0.1099996533085733
5225 0.02538873613475437 0.01056702784809913 0.1619999999900271
5226 0.02545741739801111 0.01040047592794242 0.1380000000010235
5227 0.02542456392473526 0.01048053191639834 0.1740000334240083
5228 0.02538873679738635 0.01056702625667518 0.1180000000121506
5229 0.0253887367486355 0.01056702637334006 0.1259999665836997
5230 0.02538886376100428 0.01056672120227011 0.7939927195091953
5231 0.02545741739658349 0.01040047592734907 0.8019999999981589
5232 0.02535535952862786 0.01064686541717754 1.173999999999915
5233 0.0254239270045791 0.010482076880419 1.106015066340091
5234 0.02542443764951127 0.01048083824006435 1.05399310020639
5235 0.02542431090223793 0.01048114570203025 1.225999999916851
5236 0.02542443794976425 0.01048083751363922 1.281992719417242
5237 0.02542443826250186 0.01048083675421651 1.341993066881038
5238 0.02542392700376189 0.01048207688030445 1.413984933652501
5239 0.0254239270040832 0.01048207687994649 1.422015066346678
5240 0.02542431090234109 0.01048114570169582 1.47399999990906
5241 0.02542443826504065 0.01048083675037454 1.529993066797978
5242 0.02535535952951795 0.01064686541842617 1.113999999999007
5243 0.025424438266773 0.01048083674550131 1.165993066818085
5244 0.02538873679634983 0.01056702625815218 1.18200000005077
5245 0.02535535952825483 0.01064686541754433 1.289999999999404
5246 0.02538886344079811 0.01056672197348377 1.297993066810219
5247 0.02535535952941636 0.01064686541845638 1.349999999999622
5248 0.02538977428612167 0.01056453320193991 1.357999999991234
5249 0.02535535952882711 0.0106468654174975 1.538000000000633
5250 0.02538924737328521 0.01056579944354585 1.546022009032274
5251 0.02538886344344473 0.01056672196684652 1.042006933243188
5252 0.02542405715040544 0.01048176121166631 0.8099776416019213
5253 0.02535535952927909 0.01064686541802997 1.233999999999678
5254 0.02542405742187097 0.01048176055078023 1.401977990967452
5255 0.02535535952796778 0.01064686541751235 1.481999999999983
5256 0.02535535952820613 0.01064686541865381 1.218000000000367
5257 0.02535535952926101 0.01064686541854995 1.466000000000788
5258 0.02545741739646159 0.01040047592749741 1.121999999999753
5259 0.02535535952868886 0.01064686541710602 1.061999999999983
5260 0.0254244382668634 0.01048083674707971 1.274006933167891
5261 0.025457417397657 0.01040047592723102 1.586000000001467
5262 0.02542392700449349 0.0104820768828487 1.097984933693155
5263 0.02538886344405086 0.01056672196672212 1.189993066747715
5264 0.02538873613246694 0.01056702785231548 1.490000000065829
5265 0.02545741739687834 0.01040047592715202 1.21000000000016
5266 0.02542456420743615 0.01048053123243627 1.522000346699955
5267 0.02542405714938113 0.0104817612117547 0.8180223583851393
5268 0.02545741739649339 0.01040047592721217 1.033999999998597
5269 0.02542456420517416 0.0104805312392816 1.334000346698025
5270 0.02538937883302313 0.01056548354522971 1.366015066301044
5271 0.02538886344425235 0.0105667219643481 1.010006933118182
5272 0.02545439249187414 0.0104078769652684 1.002000000521356
5273 0.02535535952849186 0.01064686541767257 0.9939999999996192
5274 0.02538937030911465 0.01056550402940845 0.9459844830885394
5275 0.02542443826420034 0.01048083674963053 0.9859930668306157
5276 0.02542443794966195 0.0104808375123874 0.8420072804850507
5277 0.02542456420720543 0.01048053123461774 0.8500003467052748
5278 0.0254245642065829 0.01048053123468241 0.8580003467055616
5279 0.02542443826436628 0.01048083675049557 0.865993066827907
5280 0.0253553595286058 0.01064686541730146 0.8739999999988604
5281 0.02538873679608212 0.01056702625814351 0.8820000000216695
5282 0.02538924764693092 0.01056579878434 0.9020223583793372
5283 0.02538873613347204 0.01056702785006781 0.9100000000453075
5284 0.02538873646369661 0.01056702705542868 0.9179996532980114
5285 0.02538873679726457 0.01056702625809045 0.925999999969233
5286 0.02538873613332052 0.01056702785013409 0.9340000000441179
5287 0.02538937030899388 0.01056550402877395 0.9659844830880359
5288 0.0253892480060419 0.0105657979230934 0.9740219756274446
5289 0.02542443826415062 0.01048083675091624 0.8259930668496811
5290 0.02538886376013466 0.01056672120446835 1.553992719566003
5291 0.02538886344261887 0.01056672196961281 0.8899930668526749
5292 0.02542456420825224 0.01048053123263845 1.158000346764271
5293 0.02545741739673827 0.01040047592717581 1.45800000000084
5294 0.02538886376098123 0.01056672120441484 1.241992719572618
5295 0.0253584539227618 0.01063949315940125 0.833999999336737
5296 0.02535535952936185 0.01064686541766824 1.129999999999306
5297 0.02535845392009697 0.01063949316714365 1.43000000101982
5298 0.02538924737213125 0.01056579944663387 0.9540220090851507
5299 0.02535535952833115 0.01064686541726959 1.017999999999212
5300 0.02545741739711303 0.01040047592751682 1.258000000000634
5301 0.02545439248683538 0.01040787697826235 1.306000000000185
5302 0.0254240567930182 0.01048176207740231 1.501978024422151
5303 0.02542444645341452 0.01048081688715019 1.573993516711788
5304 0.02535535952901463 0.01064686541742855 1.265999999999328
5305 0.02545741739766864 0.01040047592782347 1.197999999999489
5306 0.02542393545996156 0.01048205637199844 1.510015516895655
5307 0.02535535952928211 0.01064686541770835 1.31400000000046
5308 0.02538885518581862 0.01056674180622371 1.074006483098794
5309 0.02538873646570204 0.01056702705411025 1.081999653256657
5310 0.02535535952861923 0.01064686541820225 1.090000000000077
5311 0.02538873646502152 0.01056702705384357 1.137999653387334
5312 0.02538873707633117 0.01056702558341841 1.145999619891736
5313 0.02542443794880092 0.01048083751663543 1.026007280536958
5314 0.02545741739740854 0.01040047592804505 1.25000000000015
5315 0.02542431915985782 0.010481125671257 1.32200044991496
5316 0.02545741739657639 0.01040047592687868 1.374000000000743
5317 0.02542405714979059 0.01048176121362038 1.381977641615793
5318 0.02542393546064286 0.01048205637052079 1.390015516913858
5319 0.02542443794859655 0.01048083751831892 1.438007280554628
5320 0.02542444645100202 0.01048081689166942 1.445993516863402
5321 0.02545741739679077 0.01040047592720989 1.562000000000888
5322 0.02545478459041852 0.01040691796340301 1.590004823135856
5323 0.0254025017652668 0.01053389311297941 1.102000000009567
5324 0.02541099440483342 0.01051338971909519 1.362002285414604
5325 0.02535535952911764 0.0106468654177834 0.6139999999987164
5326 0.02542405714862236 0.01048176121300022 0.5819776416234593
5327 0.0254539156441846 0.01040904310990878 0.7899994517181711
5328 0.02540405268144416 0.01053015229711917 0.2860000139232521
5329 0.02535894132908546 0.01063833138827737 1.3980005482742
5330 0.02540405271315664 0.01053015222230124 0.2099997833739366
5331 0.02540254406606006 0.010533791102549 0.3019979915268995
5332 0.02540372516526126 0.0105309423990267 0.5779999832998602
5333 0.0254038887963646 0.01053054766259987 0.2939957991394562
5334 0.02545391564217317 0.01040904311285613 1.06599945172449
5335 0.02540224970702652 0.01053450092927062 0.6219999999994508
5336 0.02540388879485931 0.01053054766492541 0.7459957991310981
5337 0.02540401165587926 0.01053025127093517 0.4700020054077446
5338 0.02535894132936847 0.01063833138748437 0.5020005482723501
5339 0.02540241787730261 0.01053409540596144 0.5099957077526469
5340 0.02535535952813743 0.01064686541803792 0.5179999999990537
5341 0.02540384776344571 0.01053064665221499 0.5299977889459951
5342 0.02540241787716449 0.01053409540551237 0.5379957077529709
5343 0.02535535952867824 0.01064686541855992 0.5459999999996767
5344 0.02535894132996835 0.01063833138747951 0.5620005482718057
5345 0.02540241787478248 0.01053409541122661 0.6300045220126796
5346 0.02540401165939331 0.01053025126387233 0.645998023135553
5347 0.02540241787823401 0.01053409540642496 0.7059957077527458
5348 0.02540388875742123 0.01053054775539269 0.7380044616200262
5349 0.02540372516483426 0.01053094239871634 0.721999983299622
5350 0.02539163571102471 0.01056005852182166 0.6739769152024236
5351 0.02540401163028586 0.01053025133459054 0.2780022073013101
5352 0.025355359528293 0.01064686541849857 0.4259999999992672
5353 0.02535535952878893 0.01064686541765989 0.4859999999989428
5354 0.02540936098909854 0.01051733683737283 0.4020019768539834
5355 0.02535894132904819 0.0106383313870968 0.3580005482722936
5356 0.02535894132935797 0.01063833138654623 0.3860005482714467
5357 0.02545391564207726 0.01040904311548005 0.4099994517290968
5358 0.02535894133215558 0.01063833138109956 0.2540005482589194
5359 0.02540388878264377 0.01053054769454281 0.4779957685090992
5360 0.02545741739762126 0.0104004759279931 0.4539999999992612
5361 0.02541099440619598 0.0105133897183789 0.4459977145907081
5362 0.02535894132661686 0.01063833139477386 0.2179994517143618
5363 0.02545391564084691 0.01040904311735891 0.3739994517349435
5364 0.02540258637576547 0.01053368907385745 0.5699999999993612
5365 0.02540388875757101 0.0105305477555378 0.6380044616204291
5366 0.02540384776331463 0.01053064665117225 0.69799778894565
5367 0.0254024178771949 0.0105340954062535 0.7140042922459801
5368 0.02540258635618271 0.01053368911846446 0.7299999999990711
5369 0.02535535952940488 0.01064686541789856 0.7539999999994359
5370 0.02545741739694445 0.0104004759271672 0.6619999999993003
5371 0.02535894133989844 0.01063833136190661 1.582000548222287
5372 0.02540948372261738 0.01051704031648904 0.09000443099917398
5373 0.02540401163117481 0.01053025133106784 0.2020022073032395
5374 0.02535894133506227 0.01063833137439023 0.8059994517517879
5375 0.02545741739675868 0.010400475927671 0.08200000000130044
5376 0.02545391564289095 0.01040904311010625 1.237999451720588
5377 0.02540401166472902 0.01053025124866514 1.161998023158484
5378 0.02540397057978823 0.01053035036781547 0.06599998538552244
5379 0.02539163570994123 0.01056005852384329 0.1339769152416733
5380 0.02545391564116727 0.01040904311583736 0.1659994517308412
5381 0.02535894133332848 0.0106383313797289 0.034000548258076
5382 0.02535894132763052 0.01063833139283778 0.04199945171626238
5383 0.0254093199556625 0.0105174359738823 0.1059999860766872
5384 0.0254093199839008 0.01051743590480401 0.09799978337024562
5385 0.02542168678551555 0.01048750881124721 0.01802308479361354
5386 0.02540932001495766 0.01051743583108045 0.113999986080478
5387 0.02535894133270443 0.01063833138072174 0.1779994517425744
5388 0.02545391563017289 0.01040904314296515 1.493999451787043
5389 0.0254108235503607 0.01051380266950232 0.9500018779868042
5390 0.02541082629598662 0.01051379603083874 0.1500022385325016
5391 0.02540948371094825 0.01051704034328895 0.1580042314924314
5392 0.02540952467928387 0.01051694136544483 1.550002211105849
5393 0.02540258635709828 0.01053368911810315 0.8140000000005931
5394 0.02540932018080396 0.01051743542914981 0.1219997738054708
5395 0.02540401165721634 0.01053025126587618 1.337998023118831
5396 0.02535894134062296 0.01063833136293449 1.206000548221622
5397 0.0254093610136501 0.01051733677896243 1.185997792716852
5398 0.0254040116621447 0.01053025125479213 1.525998023144203
5399 0.02535894133727479 0.01063833137032354 1.518000548236768
5400 0.02540397058213149 0.01053035035841735 1.277999985348604
5401 0.02545391563679315 0.01040904312551908 1.486000548248517
5402 0.02545741739657327 0.01040047592727273 0.8979999999983381
5403 0.02545391564427421 0.01040904311080376 1.013999451719631
5404 0.02545391562660473 0.01040904315115162 1.294000548198142
5405 0.02540250176459327 0.01053389311317203 1.418000000019098
5406 0.02545391563253584 0.01040904313538347 1.045999451770847
5407 0.02535535952905302 0.0106468654182125 1.406000000000244
5408 0.02535894133000393 0.01063833138809415 1.03000054827223
5409 0.02535894132929267 0.01063833138768543 1.330000548272847
5410 0.02545391564284149 0.01040904311299925 1.17799945172542
5411 0.02545741739649613 0.0104004759282785 1.353999999999466
5412 0.02545741739685549 0.01040047592682639 1.542000000000429
5413 0.02545391563701452 0.01040904312645461 0.9579994517498172
5414 0.02535894133169078 0.01063833138028154 1.154000548258305
5415 0.02540936101533836 0.01051733677725535 0.8859977927155679
5416 0.02540384775456558 0.0105306466732562 0.8220022423707614
5417 0.0253589413266104 0.01063833139473652 1.45400054828811
5418 0.0254093200114034 0.01051743583684532 0.9219999860732886
5419 0.02540401163054397 0.01053025133464156 0.8460022358039907
5420 0.02540401166191188 0.01053025125702455 0.8619980231229711
5421 0.0254539156401129 0.01040904311765238 0.8779994517340015
5422 0.0254539156350657 0.01040904313074732 0.9379994517596681
5423 0.02535894133522172 0.01063833137391501 0.9820005482454683
5424 0.0254093199499598 0.01051743598441346 0.9139999860941223
5425 0.02541082375408535 0.0105138021763313 0.9700018683166022
5426 0.02540948371202473 0.0105170403426241 0.906004231505531
5427 0.0254539156448806 0.01040904310777206 1.133999451714373
5428 0.02540405271704742 0.01053015221291104 0.8540002444587312
5429 0.02540931998258459 0.0105174359073028 0.9299997833929106
5430 0.02540397324251263 0.01053034394414184 1.442000143967001
5431 0.02540254660573887 0.01053378497943352 1.50599813170076
5432 0.02535894134304753 0.01063833135482332 1.570000548208876
5433 0.02540935832405696 0.01051734327831729 1.078001847461093
5434 0.02538977428559504 0.01056453320056557 1.253999999999355
5435 0.0254025468034145 0.01053378450521063 1.385997891972297
5436 0.02535894132855261 0.01063833138822869 1.377999451726712
5437 0.02545391564055887 0.01040904311812826 1.085999451735181
5438 0.02540932017724829 0.01051743543801313 1.141999745957053
5439 0.02542277022751918 0.01048488216574901 0.1300306567840493
5440 0.02542288409030373 0.01048460607600012 0.670033582752482
5441 0.02539051752096984 0.01056274680480796 0.02196803978566344
5442 0.02535893707057166 0.01063834153946217 0.1700005687725293
5443 0.02535893707278547 0.01063834153400458 0.378000568761279
5444 0.0254539197987686 0.01040903294945416 1.149999431281628
5445 0.02545391980400212 0.01040903293710534 0.2499994312574353
5446 0.02545391980503124 0.01040903293173477 0.9779994312448678
5447 0.02535893707624912 0.01063834152608746 1.05000056874166
5448 0.02535893706651871 0.01063834154904711 1.498000568790843
5449 0.02535811095784787 0.01064031055503786 1.449995455474167
5450 0.02545472794908801 0.01040705650584858 1.070004544453075
5451 0.02535811095628754 0.01064031055873024 0.5579954554676753
5452 0.02535811095628553 0.01064031055990806 1.393995455465279
5453 0.02535811095601474 0.01064031055883432 0.497995455465796
5454 0.02535811095220039 0.01064031056634157 1.325995455450506
5455 0.02535811095909118 0.01064031055415451 0.0299954554788124
5456 0.02545472796559247 0.01040705646501532 0.9620045445348983
5457 0.02545472796612475 0.01040705646392666 0.9420045445349337
5458 0.02535811095217093 0.01064031056876296 1.513995455448532
5459 0.02535811095394287 0.01064031056381724 1.577995455457853
5460 0.02535811095121184 0.01064031057134242 1.201995455440096
5461 0.02535811094919644 0.01064031057542156 1.565995455433752
5462 0.02545478459462484 0.0104069179541842 1.301995176847191
5463 0.02535805305416412 0.01064044854924985 1.425995176837316
5464 0.02535805304746633 0.01064044856696875 1.125995176801249
5465 0.02545478458844041 0.01040691796780314 1.46200482312693
5466 0.02535805305422052 0.01064044854785794 1.270004823161843
5467 0.02545478460683771 0.01040691792273064 1.038004823217594
5468 0.02535805304868578 0.01064044856174001 0.8299951768094431
5469 0.02535805304424962 0.01064044857544036 0.5900048232155987
5470 0.02535805305107646 0.01064044855870789 1.094004823182686
5471 0.02545478460195357 0.01040691793592185 1.214004823191424
5472 0.02545478460291161 0.0104069179355041 0.317995176808018
5473 0.02545478460796089 0.01040691792043199 1.193995176777728
5474 0.02545478460168622 0.01040691793731956 0.5980048231865067
5475 0.02545478460303981 0.01040691793278927 0.1860048231966802
5476 0.02535805304799627 0.01064044856675473 0.3099951768010871
5477 0.02545478459659993 0.01040691794836411 0.8939951768338814
5478 0.0254547846005811 0.01040691793786032 0.6059951768115306
5479 0.02535805305638029 0.01064044854566475 0.838004823155401
5480 0.02535805304388578 0.01064044857460773 0.781995176782618
5481 0.02535805304358928 0.01064044857566669 0.1940048232167087
5482 0.02545478460010519 0.010406917941321 0.6820048231785844
5483 0.02545478459915624 0.01040691794157292 0.7660048231780623
5484 0.02545478459903364 0.01040691794117592 0.7979951768189693
5485 0.02535805304443762 0.01064044857480057 0.6900048232135335
5486 0.02535805304465892 0.01064044857456629 0.3340048232138238
5487 0.02535805304488715 0.01064044857503711 0.6539951767848464
5488 0.02535805304474064 0.01064044857512815 0.4180048232140002
5489 0.02545478460411886 0.01040691792856976 0.4380048232050286
5490 0.02535805304808133 0.01064044856681215 0.325995176803333
5491 0.02535805304469466 0.01064044857480217 0.05800482321547316
5492 0.02545478460165231 0.01040691793465576 0.3660048231920454
5493 0.02535805304487717 0.01064044857445664 0.4620048232134694
5494 0.02535805304438295 0.01064044857465475 0.2619951767854815
5495 0.02535805304776069 0.01064044856625931 0.3419951768021806
5496 0.02535805304346745 0.01064044857450889 0.4300048232151357
5497 0.02535805304356301 0.01064044857448973 0.4900048232145452
5498 0.02545478460562542 0.01040691792942972 0.2260048232058559
5499 0.02545478460453873 0.01040691792944616 0.2420048232048456
5500 0.02545478460148207 0.01040691793551722 1.369995176807718
5501 0.02545478460285911 0.01040691793541952 0.3940048231919083
5502 0.02535805304353176 0.01064044857508364 0.3500048232148556
5503 0.02535805304804387 0.01064044856655648 0.2340048231970546
5504 0.0253580530445872 0.01064044857453005 0.2700048232149097
5505 0.02535805304321573 0.0106404485746307 0.522004823215651
5506 0.02535805304487225 0.01064044857445893 0.7580048232138556
5507 0.02535805304023349 0.01064044858345398 0.7740048232310323
5508 0.02535805304390815 0.01064044857487825 0.5500048232144557
5509 0.02545478460118642 0.01040691793746439 0.05000482318982282
5510 0.02535805304479128 0.01064044857370965 0.07399517678944686
5511 0.02535805304456935 0.01064044857467876 0.009995176786631498
5512 0.02535805304676046 0.01064044856798999 1.057995176800376
5513 0.02545478460300905 0.01040691793544121 0.1420048231927388
5514 0.02545478459189724 0.0104069179588171 1.557995176855704
5515 0.02545478459188793 0.01040691796137722 1.245995176859922
5516 0.02535805305810034 0.01064044854136239 1.22200482314708
5517 0.02535805305788807 0.01064044854185616 1.470004823147251
5518 0.02535805304683201 0.01064044856685012 1.285995176800995
5519 0.0253580530465785 0.01064044856723449 1.345995176801018
5520 0.02535805304783868 0.01064044856803498 1.533995176801405
5521 0.02535805305460094 0.01064044854944046 1.410004823163515
5522 0.0253580530550673 0.01064044854923715 1.109995176837484
5523 0.02535805305492442 0.0106404485491762 1.169995176837117
5524 0.02535805304679996 0.01064044856735802 1.229995176801507
5525 0.02535805304693035 0.01064044856685309 1.477995176801464
5526 0.0254547846047285 0.01040691792807366 1.117995176794971
5527 0.02535805304488565 0.01064044857454973 1.434004823214901
5528 0.02535805304917544 0.01064044856199995 0.989995176811387
5529 0.02545478459640679 0.01040691794876537 0.9979951768330829
5530 0.02545478460306278 0.01040691793556566 1.006004823190674
5531 0.02535805304996733 0.01064044856104962 0.8699951768111599
5532 0.02545478459127089 0.01040691796153759 1.262004823139667
5533 0.02535805304788589 0.01064044856606891 1.022004823197772
5534 0.02545478459490698 0.0104069179543667 1.310004823152293
5535 0.02535805305507975 0.01064044854846244 1.318004823161227
5536 0.025630901385914 0.009965284452966768 1.596723962538276
5537 0.02506767226248115 0.01130759954198518 0.003360504120331944
5538 0.02597118137431313 0.009041445576004115 0.002194624766506636
5539 0.02538379580074002 0.0105788898667833 0.001713635792015346
5540 0.02478697953455837 0.01191031677323164 1.597300784294419
5541 0.02518819664519445 0.01103651891726092 0.0001903054705387651
5542 0.02485126762934625 0.0117755890394057 0.001908509968631833
5543 0.02537090924451098 0.01060975796921362 1.598940818625997
5544 0.02610205486019214 0.008656369453831978 1.598629190803447
$EndNodes
$Elements
10117
1 2 2 7 121 9 2092 1
2 2 2 7 121 1 2092 172
3 2 2 7 121 2 4533 38
4 2 2 7 121 571 4533 2
5 2 2 7 121 5 3200 89
6 2 2 7 121 570 3200 5
7 2 2 7 121 119 4534 6
8 2 2 7 121 6 4534 969
9 2 2 7 121 10 2076 9
10 2 2 7 121 2076 2092 9
11 2 2 7 121 35 2093 34
12 2 2 7 121 34 3213 33
13 2 2 7 121 2093 3213 34
14 2 2 7 121 36 1768 35
15 2 2 7 121 1768 2093 35
16 2 2 7 121 37 3355 36
17 2 2 7 121 36 3355 1768
18 2 2 7 121 38 2083 37
19 2 2 7 121 2083 3355 37
20 2 2 7 121 38 4533 2083
21 2 2 7 121 89 2077 90
22 2 2 7 121 89 3200 2077
23 2 2 7 121 115 4230 116
24 2 2 7 121 114 2084 115
25 2 2 7 121 2084 2086 115
26 2 2 7 121 2086 4230 115
27 2 2 7 121 116 1769 117
28 2 2 7 121 116 4230 1769
29 2 2 7 121 117 3995 118
30 2 2 7 121 1769 3995 117
31 2 2 7 121 118 2082 119
32 2 2 7 121 118 3995 2082
33 2 2 7 121 2082 4534 119
34 2 2 7 121 172 2081 173
35 2 2 7 121 172 4379 2081
36 2 2 7 121 2092 4379 172
37 2 2 7 121 173 3212 174
38 2 2 7 121 2081 3212 173
39 2 2 7 121 174 1994 175
40 2 2 7 121 174 3212 1994
41 2 2 7 121 175 4001 176
42 2 2 7 121 1994 4001 175
43 2 2 7 121 176 3770 177
44 2 2 7 121 176 4001 3770
45 2 2 7 121 177 1889 178
46 2 2 7 121 177 3770 1889
47 2 2 7 121 178 4348 179
48 2 2 7 121 1889 4348 178
49 2 2 7 121 179 4066 180
50 2 2 7 121 179 4348 4066
51 2 2 7 121 180 1819 181
52 2 2 7 121 180 4066 1819
53 2 2 7 121 181 4123 182
54 2 2 7 121 1819 4123 181
55 2 2 7 121 182 4217 183
56 2 2 7 121 4123 4217 182
57 2 2 7 121 183 1818 184
58 2 2 7 121 183 4217 1818
59 2 2 7 121 184 4568 185
60 2 2 7 121 1818 4568 184
61 2 2 7 121 185 4337 186
62 2 2 7 121 185 4568 4337
63 2 2 7 121 186 1816 187
64 2 2 7 121 186 4337 1816
65 2 2 7 121 187 3750 188
66 2 2 7 121 1816 3750 187
67 2 2 7 121 188 3751 189
68 2 2 7 121 3750 3751 188
69 2 2 7 121 189 1814 190
70 2 2 7 121 189 3751 1814
71 2 2 7 121 190 4571 191
72 2 2 7 121 1814 4571 190
73 2 2 7 121 191 4552 192
74 2 2 7 121 3332 4552 191
75 2 2 7 121 191 4571 3332
76 2 2 7 121 192 1815 193
77 2 2 7 121 192 4552 1815
78 2 2 7 121 193 3996 194
79 2 2 7 121 1815 3996 193
80 2 2 7 121 194 3785 195
81 2 2 7 121 194 3996 3785
82 2 2 7 121 195 1821 196
83 2 2 7 121 195 3785 1821
84 2 2 7 121 196 4349 197
85 2 2 7 121 1821 4349 196
86 2 2 7 121 197 4069 198
87 2 2 7 121 197 4349 4069
88 2 2 7 121 198 1978 199
89 2 2 7 121 198 4069 1978
90 2 2 7 121 199 4113 200
91 2 2 7 121 1978 4113 199
92 2 2 7 121 200 4220 201
93 2 2 7 121 4113 4220 200
94 2 2 7 121 201 1826 202
95 2 2 7 121 201 4220 1826
96 2 2 7 121 202 3743 203
97 2 2 7 121 1826 3743 202
98 2 2 7 121 203 2051 204
99 2 2 7 121 203 3743 2051
100 2 2 7 121 204 4054 205
101 2 2 7 121 2051 4054 204
102 2 2 7 121 205 3754 206
103 2 2 7 121 205 4054 3754
104 2 2 7 121 206 1824 207
105 2 2 7 121 206 3754 1824
106 2 2 7 121 207 3777 208
107 2 2 7 121 1824 3777 207
108 2 2 7 121 208 2056 209
109 2 2 7 121 208 3777 2056
110 2 2 7 121 209 3782 210
111 2 2 7 121 2056 3782 209
112 2 2 7 121 210 1918 211
113 2 2 7 121 210 3782 1918
114 2 2 7 121 211 3716 212
115 2 2 7 121 1918 3716 211
116 2 2 7 121 212 3714 213
117 2 2 7 121 212 3716 3714
118 2 2 7 121 213 1919 214
119 2 2 7 121 213 3714 1919
120 2 2 7 121 214 4347 215
121 2 2 7 121 1919 4347 214
122 2 2 7 121 215 4068 216
123 2 2 7 121 215 4347 4068
124 2 2 7 121 216 1822 217
125 2 2 7 121 216 4068 1822
126 2 2 7 121 217 4084 218
127 2 2 7 121 1822 4084 217
128 2 2 7 121 218 4249 219
129 2 2 7 121 4084 4249 218
130 2 2 7 121 219 1817 220
131 2 2 7 121 219 4249 1817
132 2 2 7 121 220 4545 221
133 2 2 7 121 1817 4545 220
134 2 2 7 121 221 4317 222
135 2 2 7 121 221 4545 4317
136 2 2 7 121 222 1813 223
137 2 2 7 121 222 4317 1813
138 2 2 7 121 223 4035 224
139 2 2 7 121 1813 4035 223
140 2 2 7 121 224 4573 225
141 2 2 7 121 4035 4573 224
142 2 2 7 121 225 1974 226
143 2 2 7 121 225 4573 1974
144 2 2 7 121 226 4512 227
145 2 2 7 121 1974 4512 226
146 2 2 7 121 227 4591 228
147 2 2 7 121 227 4512 3330
148 2 2 7 121 3330 4591 227
149 2 2 7 121 228 1803 229
150 2 2 7 121 228 4591 1803
151 2 2 7 121 229 3604 230
152 2 2 7 121 1803 3604 229
153 2 2 7 121 230 2058 231
154 2 2 7 121 230 3604 2058
155 2 2 7 121 231 3603 232
156 2 2 7 121 2058 3603 231
157 2 2 7 121 232 1804 233
158 2 2 7 121 232 3603 1804
159 2 2 7 121 233 3778 234
160 2 2 7 121 1804 3778 233
161 2 2 7 121 234 2055 235
162 2 2 7 121 234 3778 2055
163 2 2 7 121 235 3752 236
164 2 2 7 121 2055 3752 235
165 2 2 7 121 236 1788 237
166 2 2 7 121 236 3752 1788
167 2 2 7 121 237 4681 238
168 2 2 7 121 1788 4681 237
169 2 2 7 121 238 4532 239
170 2 2 7 121 3312 4532 238
171 2 2 7 121 238 4681 3312
172 2 2 7 121 239 1976 240
173 2 2 7 121 239 4532 1976
174 2 2 7 121 240 4079 241
175 2 2 7 121 1976 4079 240
176 2 2 7 121 241 3270 242
177 2 2 7 121 241 4079 3270
178 2 2 7 121 242 1775 243
179 2 2 7 121 242 3270 1775
180 2 2 7 121 243 3765 244
181 2 2 7 121 1775 3765 243
182 2 2 7 121 244 2059 245
183 2 2 7 121 244 3765 2059
184 2 2 7 121 245 3807 246
185 2 2 7 121 2059 3807 245
186 2 2 7 121 246 1909 247
187 2 2 7 121 246 3807 1909
188 2 2 7 121 247 3791 248
189 2 2 7 121 1909 3791 247
190 2 2 7 121 248 2053 249
191 2 2 7 121 248 3791 2053
192 2 2 7 121 249 3793 250
193 2 2 7 121 2053 3793 249
194 2 2 7 121 250 1887 251
195 2 2 7 121 250 3793 1887
196 2 2 7 121 251 4280 252
197 2 2 7 121 1887 4280 251
198 2 2 7 121 252 4704 253
199 2 2 7 121 252 4280 3303
200 2 2 7 121 3303 4704 252
201 2 2 7 121 253 1973 254
202 2 2 7 121 253 4704 1973
203 2 2 7 121 254 3749 255
204 2 2 7 121 1973 3749 254
205 2 2 7 121 255 3748 256
206 2 2 7 121 255 3749 3748
207 2 2 7 121 256 1789 257
208 2 2 7 121 256 3748 1789
209 2 2 7 121 257 4290 258
210 2 2 7 121 1789 4290 257
211 2 2 7 121 258 4027 259
212 2 2 7 121 258 4290 4027
213 2 2 7 121 259 1975 260
214 2 2 7 121 259 4027 1975
215 2 2 7 121 260 3790 261
216 2 2 7 121 1975 3790 260
217 2 2 7 121 261 3788 262
218 2 2 7 121 261 3790 3788
219 2 2 7 121 262 1790 263
220 2 2 7 121 262 3788 1790
221 2 2 7 121 263 3784 264
222 2 2 7 121 1790 3784 263
223 2 2 7 121 264 2052 265
224 2 2 7 121 264 3784 2052
225 2 2 7 121 265 3753 266
226 2 2 7 121 2052 3753 265
227 2 2 7 121 266 1916 267
228 2 2 7 121 266 3753 1916
229 2 2 7 121 267 4579 268
230 2 2 7 121 1916 4579 267
231 2 2 7 121 268 4341 269
232 2 2 7 121 268 4579 4341
233 2 2 7 121 269 1791 270
234 2 2 7 121 269 4341 1791
235 2 2 7 121 270 3366 271
236 2 2 7 121 1791 3366 270
237 2 2 7 121 271 3319 272
238 2 2 7 121 271 3366 3319
239 2 2 7 121 272 1792 273
240 2 2 7 121 272 3319 1792
241 2 2 7 121 273 4642 274
242 2 2 7 121 1792 4642 273
243 2 2 7 121 274 4514 275
244 2 2 7 121 3317 4514 274
245 2 2 7 121 274 4642 3317
246 2 2 7 121 275 1793 276
247 2 2 7 121 275 4514 1793
248 2 2 7 121 276 4013 277
249 2 2 7 121 1793 4013 276
250 2 2 7 121 277 3826 278
251 2 2 7 121 277 4013 3826
252 2 2 7 121 278 1794 279
253 2 2 7 121 278 3826 1794
254 2 2 7 121 279 4336 280
255 2 2 7 121 1794 4336 279
256 2 2 7 121 280 4047 281
257 2 2 7 121 280 4336 4047
258 2 2 7 121 281 1795 282
259 2 2 7 121 281 4047 1795
260 2 2 7 121 282 3767 283
261 2 2 7 121 1795 3767 282
262 2 2 7 121 283 2048 284
263 2 2 7 121 283 3767 2048
264 2 2 7 121 284 3734 285
265 2 2 7 121 2048 3734 284
266 2 2 7 121 285 1796 286
267 2 2 7 121 285 3734 1796
268 2 2 7 121 286 3718 287
269 2 2 7 121 1796 3718 286
270 2 2 7 121 287 3817 288
271 2 2 7 121 3718 3817 287
272 2 2 7 121 288 2045 289
273 2 2 7 121 288 3817 2045
274 2 2 7 121 289 3706 290
275 2 2 7 121 2045 3706 289
276 2 2 7 121 290 1912 291
277 2 2 7 121 290 3706 1912
278 2 2 7 121 291 4614 292
279 2 2 7 121 1912 4614 291
280 2 2 7 121 292 4508 293
281 2 2 7 121 3320 4508 292
282 2 2 7 121 292 4614 3320
283 2 2 7 121 293 1797 294
284 2 2 7 121 293 4508 1797
285 2 2 7 121 294 4003 295
286 2 2 7 121 1797 4003 294
287 2 2 7 121 295 2061 296
288 2 2 7 121 295 4003 2061
289 2 2 7 121 296 3810 297
290 2 2 7 121 2061 3810 296
291 2 2 7 121 297 1777 298
292 2 2 7 121 297 3810 1777
293 2 2 7 121 298 4051 299
294 2 2 7 121 1777 4051 298
295 2 2 7 121 299 2046 300
296 2 2 7 121 299 4051 2046
297 2 2 7 121 300 4148 301
298 2 2 7 121 2046 4148 300
299 2 2 7 121 301 4144 302
300 2 2 7 121 301 4148 4144
301 2 2 7 121 302 1778 303
302 2 2 7 121 302 4144 1778
303 2 2 7 121 303 3700 304
304 2 2 7 121 1778 3700 303
305 2 2 7 121 304 2057 305
306 2 2 7 121 304 3700 2057
307 2 2 7 121 305 4048 306
308 2 2 7 121 2057 4048 305
309 2 2 7 121 306 1911 307
310 2 2 7 121 306 4048 1911
311 2 2 7 121 307 3737 308
312 2 2 7 121 1911 3737 307
313 2 2 7 121 308 4288 309
314 2 2 7 121 3737 4288 308
315 2 2 7 121 309 1914 310
316 2 2 7 121 309 4288 1914
317 2 2 7 121 310 3797 311
318 2 2 7 121 1914 3797 310
319 2 2 7 121 311 3828 312
320 2 2 7 121 3797 3828 311
321 2 2 7 121 312 1779 313
322 2 2 7 121 312 3828 1779
323 2 2 7 121 313 3708 314
324 2 2 7 121 1779 3708 313
325 2 2 7 121 314 3845 315
326 2 2 7 121 3708 3845 314
327 2 2 7 121 315 2041 316
328 2 2 7 121 315 3845 2041
329 2 2 7 121 316 4053 317
330 2 2 7 121 2041 4053 316
331 2 2 7 121 317 1908 318
332 2 2 7 121 317 4053 1908
333 2 2 7 121 318 3672 319
334 2 2 7 121 1908 3672 318
335 2 2 7 121 319 2060 320
336 2 2 7 121 319 3672 2060
337 2 2 7 121 320 3850 321
338 2 2 7 121 2060 3850 320
339 2 2 7 121 321 1770 322
340 2 2 7 121 321 3850 1770
341 2 2 7 121 322 4318 323
342 2 2 7 121 1770 4318 322
343 2 2 7 121 323 4043 324
344 2 2 7 121 323 4318 4043
345 2 2 7 121 324 1772 325
346 2 2 7 121 324 4043 1772
347 2 2 7 121 325 3655 326
348 2 2 7 121 1772 3655 325
349 2 2 7 121 326 2038 327
350 2 2 7 121 326 3655 2038
351 2 2 7 121 327 4554 328
352 2 2 7 121 2038 4554 327
353 2 2 7 121 328 4546 329
354 2 2 7 121 3321 4546 328
355 2 2 7 121 328 4554 3321
356 2 2 7 121 329 1888 330
357 2 2 7 121 329 4546 1888
358 2 2 7 121 330 3704 331
359 2 2 7 121 1888 3704 330
360 2 2 7 121 331 3803 332
361 2 2 7 121 3704 3803 331
362 2 2 7 121 332 1910 333
363 2 2 7 121 332 3803 1910
364 2 2 7 121 333 3806 334
365 2 2 7 121 1910 3806 333
366 2 2 7 121 334 3990 335
367 2 2 7 121 3806 3990 334
368 2 2 7 121 335 1782 336
369 2 2 7 121 335 3990 1782
370 2 2 7 121 336 3385 337
371 2 2 7 121 1782 3385 336
372 2 2 7 121 337 3354 338
373 2 2 7 121 337 3385 3354
374 2 2 7 121 338 1802 339
375 2 2 7 121 338 3354 1802
376 2 2 7 121 339 4540 340
377 2 2 7 121 1802 4540 339
378 2 2 7 121 340 4305 341
379 2 2 7 121 340 4540 4305
380 2 2 7 121 341 1977 342
381 2 2 7 121 341 4305 1977
382 2 2 7 121 342 3756 343
383 2 2 7 121 1977 3756 342
384 2 2 7 121 343 3839 344
385 2 2 7 121 3756 3839 343
386 2 2 7 121 344 1783 345
387 2 2 7 121 344 3839 1783
388 2 2 7 121 345 3835 346
389 2 2 7 121 1783 3835 345
390 2 2 7 121 346 2047 347
391 2 2 7 121 346 3835 2047
392 2 2 7 121 347 3696 348
393 2 2 7 121 2047 3696 347
394 2 2 7 121 348 1784 349
395 2 2 7 121 348 3696 1784
396 2 2 7 121 349 3711 350
397 2 2 7 121 1784 3711 349
398 2 2 7 121 350 2050 351
399 2 2 7 121 350 3711 2050
400 2 2 7 121 351 3739 352
401 2 2 7 121 2050 3739 351
402 2 2 7 121 352 1915 353
403 2 2 7 121 352 3739 1915
404 2 2 7 121 353 3726 354
405 2 2 7 121 1915 3726 353
406 2 2 7 121 354 3681 355
407 2 2 7 121 354 3726 3681
408 2 2 7 121 355 1913 356
409 2 2 7 121 355 3681 1913
410 2 2 7 121 356 4697 357
411 2 2 7 121 1913 4697 356
412 2 2 7 121 357 4525 358
413 2 2 7 121 3301 4525 357
414 2 2 7 121 357 4697 3301
415 2 2 7 121 358 1786 359
416 2 2 7 121 358 4525 1786
417 2 2 7 121 359 4090 360
418 2 2 7 121 1786 4090 359
419 2 2 7 121 360 3267 361
420 2 2 7 121 360 4090 3267
421 2 2 7 121 361 1807 362
422 2 2 7 121 361 3267 1807
423 2 2 7 121 362 4311 363
424 2 2 7 121 1807 4311 362
425 2 2 7 121 363 4026 364
426 2 2 7 121 363 4311 4026
427 2 2 7 121 364 1801 365
428 2 2 7 121 364 4026 1801
429 2 2 7 121 365 3809 366
430 2 2 7 121 1801 3809 365
431 2 2 7 121 366 2069 367
432 2 2 7 121 366 3809 2069
433 2 2 7 121 367 3669 368
434 2 2 7 121 2069 3669 367
435 2 2 7 121 368 1917 369
436 2 2 7 121 368 3669 1917
437 2 2 7 121 369 4333 370
438 2 2 7 121 1917 4333 369
439 2 2 7 121 370 4049 371
440 2 2 7 121 370 4333 4049
441 2 2 7 121 371 2054 372
442 2 2 7 121 371 4049 2054
443 2 2 7 121 372 3717 373
444 2 2 7 121 2054 3717 372
445 2 2 7 121 373 1845 374
446 2 2 7 121 373 3717 1845
447 2 2 7 121 374 3619 375
448 2 2 7 121 1845 3619 374
449 2 2 7 121 375 2036 376
450 2 2 7 121 375 3619 2036
451 2 2 7 121 376 4283 377
452 2 2 7 121 2036 4283 376
453 2 2 7 121 377 4019 378
454 2 2 7 121 377 4283 4019
455 2 2 7 121 378 1894 379
456 2 2 7 121 378 4019 1894
457 2 2 7 121 379 4566 380
458 2 2 7 121 1894 4566 379
459 2 2 7 121 380 4316 381
460 2 2 7 121 380 4566 4316
461 2 2 7 121 381 1856 382
462 2 2 7 121 381 4316 1856
463 2 2 7 121 382 3855 383
464 2 2 7 121 1856 3855 382
465 2 2 7 121 383 3707 384
466 2 2 7 121 383 3855 3707
467 2 2 7 121 384 1857 385
468 2 2 7 121 384 3707 1857
469 2 2 7 121 385 3352 386
470 2 2 7 121 1857 3352 385
471 2 2 7 121 386 4567 387
472 2 2 7 121 3352 4567 386
473 2 2 7 121 387 1858 388
474 2 2 7 121 387 4567 1858
475 2 2 7 121 388 4269 389
476 2 2 7 121 1858 4269 388
477 2 2 7 121 389 4708 390
478 2 2 7 121 389 4269 3293
479 2 2 7 121 3293 4708 389
480 2 2 7 121 390 1859 391
481 2 2 7 121 390 4708 1859
482 2 2 7 121 391 3857 392
483 2 2 7 121 1859 3857 391
484 2 2 7 121 392 3616 393
485 2 2 7 121 392 3857 3616
486 2 2 7 121 393 1892 394
487 2 2 7 121 393 3616 1892
488 2 2 7 121 394 3648 395
489 2 2 7 121 1892 3648 394
490 2 2 7 121 395 2064 396
491 2 2 7 121 395 3648 2064
492 2 2 7 121 396 3832 397
493 2 2 7 121 2064 3832 396
494 2 2 7 121 397 1924 398
495 2 2 7 121 397 3832 1924
496 2 2 7 121 398 3646 399
497 2 2 7 121 1924 3646 398
498 2 2 7 121 399 2049 400
499 2 2 7 121 399 3646 2049
500 2 2 7 121 400 3812 401
501 2 2 7 121 2049 3812 400
502 2 2 7 121 401 1860 402
503 2 2 7 121 401 3812 1860
504 2 2 7 121 402 3822 403
505 2 2 7 121 1860 3822 402
506 2 2 7 121 403 3823 404
507 2 2 7 121 3822 3823 403
508 2 2 7 121 404 1861 405
509 2 2 7 121 404 3823 1861
510 2 2 7 121 405 4325 406
511 2 2 7 121 1861 4325 405
512 2 2 7 121 406 4044 407
513 2 2 7 121 406 4325 4044
514 2 2 7 121 407 2042 408
515 2 2 7 121 407 4044 2042
516 2 2 7 121 408 3690 409
517 2 2 7 121 2042 3690 408
518 2 2 7 121 409 1893 410
519 2 2 7 121 409 3690 1893
520 2 2 7 121 410 4624 411
521 2 2 7 121 1893 4624 410
522 2 2 7 121 411 4503 412
523 2 2 7 121 3304 4503 411
524 2 2 7 121 411 4624 3304
525 2 2 7 121 412 1862 413
526 2 2 7 121 412 4503 1862
527 2 2 7 121 413 3998 414
528 2 2 7 121 1862 3998 413
529 2 2 7 121 414 3813 415
530 2 2 7 121 414 3998 3813
531 2 2 7 121 415 1863 416
532 2 2 7 121 415 3813 1863
533 2 2 7 121 416 4324 417
534 2 2 7 121 1863 4324 416
535 2 2 7 121 417 4033 418
536 2 2 7 121 417 4324 4033
537 2 2 7 121 418 1853 419
538 2 2 7 121 418 4033 1853
539 2 2 7 121 419 3691 420
540 2 2 7 121 1853 3691 419
541 2 2 7 121 420 2063 421
542 2 2 7 121 420 3691 2063
543 2 2 7 121 421 3848 422
544 2 2 7 121 2063 3848 421
545 2 2 7 121 422 1851 423
546 2 2 7 121 422 3848 1851
547 2 2 7 121 423 4315 424
548 2 2 7 121 1851 4315 423
549 2 2 7 121 424 4041 425
550 2 2 7 121 424 4315 4041
551 2 2 7 121 425 1871 426
552 2 2 7 121 425 4041 1871
553 2 2 7 121 426 3842 427
554 2 2 7 121 1871 3842 426
555 2 2 7 121 427 4272 428
556 2 2 7 121 3842 4272 427
557 2 2 7 121 428 1879 429
558 2 2 7 121 428 4272 1879
559 2 2 7 121 429 4468 430
560 2 2 7 121 1879 4468 429
561 2 2 7 121 430 4271 431
562 2 2 7 121 430 4468 4271
563 2 2 7 121 431 1980 432
564 2 2 7 121 431 4271 1980
565 2 2 7 121 432 3487 433
566 2 2 7 121 1980 3487 432
567 2 2 7 121 433 4569 434
568 2 2 7 121 3487 4569 433
569 2 2 7 121 434 1830 435
570 2 2 7 121 434 4569 1830
571 2 2 7 121 435 3831 436
572 2 2 7 121 1830 3831 435
573 2 2 7 121 436 3618 437
574 2 2 7 121 436 3831 3618
575 2 2 7 121 437 1864 438
576 2 2 7 121 437 3618 1864
577 2 2 7 121 438 3712 439
578 2 2 7 121 1864 3712 438
579 2 2 7 121 439 3713 440
580 2 2 7 121 3712 3713 439
581 2 2 7 121 440 1880 441
582 2 2 7 121 440 3713 1880
583 2 2 7 121 441 4306 442
584 2 2 7 121 1880 4306 441
585 2 2 7 121 442 4032 443
586 2 2 7 121 442 4306 4032
587 2 2 7 121 443 1895 444
588 2 2 7 121 443 4032 1895
589 2 2 7 121 444 3644 445
590 2 2 7 121 1895 3644 444
591 2 2 7 121 445 2043 446
592 2 2 7 121 445 3644 2043
593 2 2 7 121 446 4564 447
594 2 2 7 121 2043 4564 446
595 2 2 7 121 447 4522 448
596 2 2 7 121 3307 4522 447
597 2 2 7 121 447 4564 3307
598 2 2 7 121 448 1831 449
599 2 2 7 121 448 4522 1831
600 2 2 7 121 449 3654 450
601 2 2 7 121 1831 3654 449
602 2 2 7 121 450 3370 451
603 2 2 7 121 450 3654 3370
604 2 2 7 121 451 1981 452
605 2 2 7 121 451 3370 1981
606 2 2 7 121 452 4326 453
607 2 2 7 121 1981 4326 452
608 2 2 7 121 453 4040 454
609 2 2 7 121 453 4326 4040
610 2 2 7 121 454 1881 455
611 2 2 7 121 454 4040 1881
612 2 2 7 121 455 4089 456
613 2 2 7 121 1881 4089 455
614 2 2 7 121 456 4206 457
615 2 2 7 121 4089 4206 456
616 2 2 7 121 457 1882 458
617 2 2 7 121 457 4206 1882
618 2 2 7 121 458 4528 459
619 2 2 7 121 1882 4528 458
620 2 2 7 121 459 4298 460
621 2 2 7 121 459 4528 4298
622 2 2 7 121 460 1983 461
623 2 2 7 121 460 4298 1983
624 2 2 7 121 461 4063 462
625 2 2 7 121 1983 4063 461
626 2 2 7 121 462 4539 463
627 2 2 7 121 4063 4539 462
628 2 2 7 121 463 1832 464
629 2 2 7 121 463 4539 1832
630 2 2 7 121 464 4527 465
631 2 2 7 121 1832 4527 464
632 2 2 7 121 465 4543 466
633 2 2 7 121 465 4527 3306
634 2 2 7 121 3306 4543 465
635 2 2 7 121 466 1982 467
636 2 2 7 121 466 4543 1982
637 2 2 7 121 467 3623 468
638 2 2 7 121 1982 3623 467
639 2 2 7 121 468 3621 469
640 2 2 7 121 468 3623 3621
641 2 2 7 121 469 1873 470
642 2 2 7 121 469 3621 1873
643 2 2 7 121 470 4323 471
644 2 2 7 121 1873 4323 470
645 2 2 7 121 471 4039 472
646 2 2 7 121 471 4323 4039
647 2 2 7 121 472 1891 473
648 2 2 7 121 472 4039 1891
649 2 2 7 121 473 3861 474
650 2 2 7 121 1891 3861 473
651 2 2 7 121 474 2040 475
652 2 2 7 121 474 3861 2040
653 2 2 7 121 475 4710 476
654 2 2 7 121 2040 4710 475
655 2 2 7 121 476 4519 477
656 2 2 7 121 3298 4519 476
657 2 2 7 121 476 4710 3298
658 2 2 7 121 477 1833 478
659 2 2 7 121 477 4519 1833
660 2 2 7 121 478 4020 479
661 2 2 7 121 1833 4020 478
662 2 2 7 121 479 3659 480
663 2 2 7 121 479 4020 3659
664 2 2 7 121 480 1849 481
665 2 2 7 121 480 3659 1849
666 2 2 7 121 481 4291 482
667 2 2 7 121 1849 4291 481
668 2 2 7 121 482 4005 483
669 2 2 7 121 482 4291 4005
670 2 2 7 121 483 1896 484
671 2 2 7 121 483 4005 1896
672 2 2 7 121 484 3849 485
673 2 2 7 121 1896 3849 484
674 2 2 7 121 485 2073 486
675 2 2 7 121 485 3849 2073
676 2 2 7 121 486 3852 487
677 2 2 7 121 2073 3852 486
678 2 2 7 121 487 1925 488
679 2 2 7 121 487 3852 1925
680 2 2 7 121 488 3688 489
681 2 2 7 121 1925 3688 488
682 2 2 7 121 489 2062 490
683 2 2 7 121 489 3688 2062
684 2 2 7 121 490 3697 491
685 2 2 7 121 2062 3697 490
686 2 2 7 121 491 1834 492
687 2 2 7 121 491 3697 1834
688 2 2 7 121 492 3683 493
689 2 2 7 121 1834 3683 492
690 2 2 7 121 493 2044 494
691 2 2 7 121 493 3683 2044
692 2 2 7 121 494 3685 495
693 2 2 7 121 2044 3685 494
694 2 2 7 121 495 1844 496
695 2 2 7 121 495 3685 1844
696 2 2 7 121 496 4007 497
697 2 2 7 121 1844 4007 496
698 2 2 7 121 497 3740 498
699 2 2 7 121 497 4007 3740
700 2 2 7 121 498 1874 499
701 2 2 7 121 498 3740 1874
702 2 2 7 121 499 4296 500
703 2 2 7 121 1874 4296 499
704 2 2 7 121 500 4012 501
705 2 2 7 121 500 4296 4012
706 2 2 7 121 501 1883 502
707 2 2 7 121 501 4012 1883
708 2 2 7 121 502 4231 503
709 2 2 7 121 1883 4231 502
710 2 2 7 121 503 4065 504
711 2 2 7 121 503 4231 4065
712 2 2 7 121 504 2037 505
713 2 2 7 121 504 4065 2037
714 2 2 7 121 505 4559 506
715 2 2 7 121 2037 4559 505
716 2 2 7 121 506 1835 507
717 2 2 7 121 506 4559 1835
718 2 2 7 121 507 4278 508
719 2 2 7 121 1835 4278 507
720 2 2 7 121 508 4677 509
721 2 2 7 121 508 4278 3572
722 2 2 7 121 3572 4677 508
723 2 2 7 121 509 1979 510
724 2 2 7 121 509 4677 1979
725 2 2 7 121 510 3674 511
726 2 2 7 121 1979 3674 510
727 2 2 7 121 511 3624 512
728 2 2 7 121 511 3674 3624
729 2 2 7 121 512 1865 513
730 2 2 7 121 512 3624 1865
731 2 2 7 121 513 4270 514
732 2 2 7 121 1865 4270 513
733 2 2 7 121 514 4000 515
734 2 2 7 121 514 4270 4000
735 2 2 7 121 515 1884 516
736 2 2 7 121 515 4000 1884
737 2 2 7 121 516 4556 517
738 2 2 7 121 1884 4556 516
739 2 2 7 121 517 4303 518
740 2 2 7 121 517 4556 4303
741 2 2 7 121 518 1885 519
742 2 2 7 121 518 4303 1885
743 2 2 7 121 519 3799 520
744 2 2 7 121 1885 3799 519
745 2 2 7 121 520 3678 521
746 2 2 7 121 520 3799 3678
747 2 2 7 121 521 1921 522
748 2 2 7 121 521 3678 1921
749 2 2 7 121 522 3339 523
750 2 2 7 121 1921 3339 522
751 2 2 7 121 523 4550 524
752 2 2 7 121 3339 4550 523
753 2 2 7 121 524 1920 525
754 2 2 7 121 524 4550 1920
755 2 2 7 121 525 4030 526
756 2 2 7 121 1920 4030 525
757 2 2 7 121 526 2071 527
758 2 2 7 121 526 4030 2071
759 2 2 7 121 527 3615 528
760 2 2 7 121 2071 3615 527
761 2 2 7 121 528 1868 529
762 2 2 7 121 528 3615 1868
763 2 2 7 121 529 4630 530
764 2 2 7 121 1868 4630 529
765 2 2 7 121 530 4498 531
766 2 2 7 121 3296 4498 530
767 2 2 7 121 530 4630 3296
768 2 2 7 121 531 1878 532
769 2 2 7 121 531 4498 1878
770 2 2 7 121 532 4009 533
771 2 2 7 121 1878 4009 532
772 2 2 7 121 533 3554 534
773 2 2 7 121 533 4009 3554
774 2 2 7 121 534 2039 535
775 2 2 7 121 534 3554 2039
776 2 2 7 121 535 3656 536
777 2 2 7 121 2039 3656 535
778 2 2 7 121 536 1848 537
779 2 2 7 121 536 3656 1848
780 2 2 7 121 537 3859 538
781 2 2 7 121 1848 3859 537
782 2 2 7 121 538 2074 539
783 2 2 7 121 538 3859 2074
784 2 2 7 121 539 3693 540
785 2 2 7 121 2074 3693 539
786 2 2 7 121 540 1923 541
787 2 2 7 121 540 3693 1923
788 2 2 7 121 541 3695 542
789 2 2 7 121 1923 3695 541
790 2 2 7 121 542 2066 543
791 2 2 7 121 542 3695 2066
792 2 2 7 121 543 3636 544
793 2 2 7 121 2066 3636 543
794 2 2 7 121 544 1890 545
795 2 2 7 121 544 3636 1890
796 2 2 7 121 545 3862 546
797 2 2 7 121 1890 3862 545
798 2 2 7 121 546 4255 547
799 2 2 7 121 3862 4255 546
800 2 2 7 121 547 1872 548
801 2 2 7 121 547 4255 1872
802 2 2 7 121 548 3668 549
803 2 2 7 121 1872 3668 548
804 2 2 7 121 549 3667 550
805 2 2 7 121 549 3668 3667
806 2 2 7 121 550 1876 551
807 2 2 7 121 550 3667 1876
808 2 2 7 121 551 3664 552
809 2 2 7 121 1876 3664 551
810 2 2 7 121 552 2075 553
811 2 2 7 121 552 3664 2075
812 2 2 7 121 553 3863 554
813 2 2 7 121 2075 3863 553
814 2 2 7 121 554 1922 555
815 2 2 7 121 554 3863 1922
816 2 2 7 121 555 4297 556
817 2 2 7 121 1922 4297 555
818 2 2 7 121 556 4382 557
819 2 2 7 121 4297 4382 556
820 2 2 7 121 557 1843 558
821 2 2 7 121 557 4382 1843
822 2 2 7 121 558 3327 559
823 2 2 7 121 1843 3327 558
824 2 2 7 121 559 4529 560
825 2 2 7 121 3327 4529 559
826 2 2 7 121 560 1875 561
827 2 2 7 121 560 4529 1875
828 2 2 7 121 561 4194 562
829 2 2 7 121 1875 4194 561
830 2 2 7 121 562 3430 563
831 2 2 7 121 562 4194 3430
832 2 2 7 121 563 1984 564
833 2 2 7 121 563 3430 1984
834 2 2 7 121 564 4263 565
835 2 2 7 121 1984 4263 564
836 2 2 7 121 565 3692 566
837 2 2 7 121 565 4263 3692
838 2 2 7 121 566 1870 567
839 2 2 7 121 566 3692 1870
840 2 2 7 121 567 3374 568
841 2 2 7 121 1870 3374 567
842 2 2 7 121 568 2080 569
843 2 2 7 121 568 3374 2080
844 2 2 7 121 569 4495 570
845 2 2 7 121 2080 4495 569
846 2 2 7 121 3176 3200 570
847 2 2 7 121 570 4495 3176
848 2 2 7 121 572 4104 571
849 2 2 7 121 4104 4533 571
850 2 2 7 121 573 2078 572
851 2 2 7 121 2078 4104 572
852 2 2 7 121 574 3380 573
853 2 2 7 121 573 3380 2078
854 2 2 7 121 575 1820 574
855 2 2 7 121 1820 3380 574
856 2 2 7 121 576 3776 575
857 2 2 7 121 575 3776 1820
858 2 2 7 121 577 2021 576
859 2 2 7 121 2021 3776 576
860 2 2 7 121 578 3761 577
861 2 2 7 121 577 3761 2021
862 2 2 7 121 579 1944 578
863 2 2 7 121 1944 3761 578
864 2 2 7 121 580 4689 579
865 2 2 7 121 579 4689 1944
866 2 2 7 121 581 3390 580
867 2 2 7 121 3390 4689 580
868 2 2 7 121 582 1943 581
869 2 2 7 121 1943 3390 581
870 2 2 7 121 583 4380 582
871 2 2 7 121 582 4380 1943
872 2 2 7 121 584 4523 583
873 2 2 7 121 3231 4380 583
874 2 2 7 121 583 4523 3231
875 2 2 7 121 585 1941 584
876 2 2 7 121 1941 4523 584
877 2 2 7 121 586 3730 585
878 2 2 7 121 585 3730 1941
879 2 2 7 121 587 3733 586
880 2 2 7 121 586 3733 3730
881 2 2 7 121 588 1939 587
882 2 2 7 121 1939 3733 587
883 2 2 7 121 589 4158 588
884 2 2 7 121 588 4158 1939
885 2 2 7 121 590 4417 589
886 2 2 7 121 589 4417 4158
887 2 2 7 121 591 1940 590
888 2 2 7 121 1940 4417 590
889 2 2 7 121 592 4010 591
890 2 2 7 121 591 4010 1940
891 2 2 7 121 593 4017 592
892 2 2 7 121 592 4017 4010
893 2 2 7 121 594 1945 593
894 2 2 7 121 1945 4017 593
895 2 2 7 121 595 3759 594
896 2 2 7 121 594 3759 1945
897 2 2 7 121 596 2020 595
898 2 2 7 121 2020 3759 595
899 2 2 7 121 597 4425 596
900 2 2 7 121 596 4425 2020
901 2 2 7 121 598 1825 597
902 2 2 7 121 1825 4425 597
903 2 2 7 121 599 3477 598
904 2 2 7 121 598 3477 1825
905 2 2 7 121 600 4115 599
906 2 2 7 121 599 4115 3477
907 2 2 7 121 601 1989 600
908 2 2 7 121 1989 4115 600
909 2 2 7 121 602 3760 601
910 2 2 7 121 601 3760 1989
911 2 2 7 121 603 4101 602
912 2 2 7 121 602 4101 3760
913 2 2 7 121 604 1903 603
914 2 2 7 121 1903 4101 603
915 2 2 7 121 605 3764 604
916 2 2 7 121 604 3764 1903
917 2 2 7 121 606 2019 605
918 2 2 7 121 2019 3764 605
919 2 2 7 121 607 4168 606
920 2 2 7 121 606 4168 2019
921 2 2 7 121 608 4422 607
922 2 2 7 121 607 4422 4168
923 2 2 7 121 609 1823 608
924 2 2 7 121 1823 4422 608
925 2 2 7 121 610 3994 609
926 2 2 7 121 609 3994 1823
927 2 2 7 121 611 4037 610
928 2 2 7 121 610 4037 3994
929 2 2 7 121 612 1827 611
930 2 2 7 121 1827 4037 611
931 2 2 7 121 613 3729 612
932 2 2 7 121 612 3729 1827
933 2 2 7 121 614 4154 613
934 2 2 7 121 613 4154 3729
935 2 2 7 121 615 1946 614
936 2 2 7 121 1946 4154 614
937 2 2 7 121 616 4685 615
938 2 2 7 121 615 4685 1946
939 2 2 7 121 617 4002 616
940 2 2 7 121 4002 4685 616
941 2 2 7 121 618 1942 617
942 2 2 7 121 1942 4002 617
943 2 2 7 121 619 4384 618
944 2 2 7 121 618 4384 1942
945 2 2 7 121 620 4580 619
946 2 2 7 121 3230 4384 619
947 2 2 7 121 619 4580 3230
948 2 2 7 121 621 1938 620
949 2 2 7 121 1938 4580 620
950 2 2 7 121 622 3747 621
951 2 2 7 121 621 3747 1938
952 2 2 7 121 623 2067 622
953 2 2 7 121 2067 3747 622
954 2 2 7 121 624 3735 623
955 2 2 7 121 623 3735 2067
956 2 2 7 121 625 1811 624
957 2 2 7 121 1811 3735 624
958 2 2 7 121 626 4434 625
959 2 2 7 121 625 4434 1811
960 2 2 7 121 627 2022 626
961 2 2 7 121 2022 4434 626
962 2 2 7 121 628 3772 627
963 2 2 7 121 627 3772 2022
964 2 2 7 121 629 4058 628
965 2 2 7 121 628 4058 3772
966 2 2 7 121 630 1901 629
967 2 2 7 121 1901 4058 629
968 2 2 7 121 631 3742 630
969 2 2 7 121 630 3742 1901
970 2 2 7 121 632 2068 631
971 2 2 7 121 2068 3742 631
972 2 2 7 121 633 4419 632
973 2 2 7 121 632 4419 2068
974 2 2 7 121 634 1900 633
975 2 2 7 121 1900 4419 633
976 2 2 7 121 635 4234 634
977 2 2 7 121 634 4234 1900
978 2 2 7 121 636 4136 635
979 2 2 7 121 4136 4234 635
980 2 2 7 121 637 2018 636
981 2 2 7 121 2018 4136 636
982 2 2 7 121 638 3763 637
983 2 2 7 121 637 3763 2018
984 2 2 7 121 639 1808 638
985 2 2 7 121 1808 3763 638
986 2 2 7 121 640 4364 639
987 2 2 7 121 639 4364 1808
988 2 2 7 121 641 4119 640
989 2 2 7 121 4119 4364 640
990 2 2 7 121 642 1985 641
991 2 2 7 121 1985 4119 641
992 2 2 7 121 643 4177 642
993 2 2 7 121 642 4177 1985
994 2 2 7 121 644 4441 643
995 2 2 7 121 643 4441 4177
996 2 2 7 121 645 1773 644
997 2 2 7 121 1773 4441 644
998 2 2 7 121 646 3769 645
999 2 2 7 121 645 3769 1773
1000 2 2 7 121 647 4072 646
1001 2 2 7 121 646 4072 3769
1002 2 2 7 121 648 1774 647
1003 2 2 7 121 1774 4072 647
1004 2 2 7 121 649 3675 648
1005 2 2 7 121 648 3675 1774
1006 2 2 7 121 650 2005 649
1007 2 2 7 121 2005 3675 649
1008 2 2 7 121 651 4416 650
1009 2 2 7 121 650 4416 2005
1010 2 2 7 121 652 3801 651
1011 2 2 7 121 3801 4416 651
1012 2 2 7 121 653 1776 652
1013 2 2 7 121 1776 3801 652
1014 2 2 7 121 654 4147 653
1015 2 2 7 121 653 4147 1776
1016 2 2 7 121 655 4398 654
1017 2 2 7 121 654 4398 4147
1018 2 2 7 121 656 1986 655
1019 2 2 7 121 1986 4398 655
1020 2 2 7 121 657 4078 656
1021 2 2 7 121 656 4078 1986
1022 2 2 7 121 658 3721 657
1023 2 2 7 121 3721 4078 657
1024 2 2 7 121 659 1809 658
1025 2 2 7 121 1809 3721 658
1026 2 2 7 121 660 3471 659
1027 2 2 7 121 659 4576 1809
1028 2 2 7 121 3471 4576 659
1029 2 2 7 121 661 4358 660
1030 2 2 7 121 660 4358 3471
1031 2 2 7 121 662 1987 661
1032 2 2 7 121 1987 4358 661
1033 2 2 7 121 663 4698 662
1034 2 2 7 121 662 4698 1987
1035 2 2 7 121 664 3422 663
1036 2 2 7 121 3422 4698 663
1037 2 2 7 121 665 1810 664
1038 2 2 7 121 1810 3422 664
1039 2 2 7 121 666 4431 665
1040 2 2 7 121 665 4431 1810
1041 2 2 7 121 667 4486 666
1042 2 2 7 121 3235 4431 666
1043 2 2 7 121 666 4486 3235
1044 2 2 7 121 668 1934 667
1045 2 2 7 121 1934 4486 667
1046 2 2 7 121 669 3773 668
1047 2 2 7 121 668 3773 1934
1048 2 2 7 121 670 3796 669
1049 2 2 7 121 669 3796 3773
1050 2 2 7 121 671 1929 670
1051 2 2 7 121 1929 3796 670
1052 2 2 7 121 672 4152 671
1053 2 2 7 121 671 4152 1929
1054 2 2 7 121 673 4408 672
1055 2 2 7 121 672 4408 4152
1056 2 2 7 121 674 1933 673
1057 2 2 7 121 1933 4408 673
1058 2 2 7 121 675 4067 674
1059 2 2 7 121 674 4067 1933
1060 2 2 7 121 676 3736 675
1061 2 2 7 121 3736 4067 675
1062 2 2 7 121 677 2016 676
1063 2 2 7 121 2016 3736 676
1064 2 2 7 121 678 3757 677
1065 2 2 7 121 677 3757 2016
1066 2 2 7 121 679 1930 678
1067 2 2 7 121 1930 3757 678
1068 2 2 7 121 680 4447 679
1069 2 2 7 121 679 4447 1930
1070 2 2 7 121 681 2025 680
1071 2 2 7 121 2025 4447 680
1072 2 2 7 121 682 4100 681
1073 2 2 7 121 681 4100 2025
1074 2 2 7 121 683 1899 682
1075 2 2 7 121 1899 4100 682
1076 2 2 7 121 684 4411 683
1077 2 2 7 121 683 4411 1899
1078 2 2 7 121 685 4499 684
1079 2 2 7 121 3482 4411 684
1080 2 2 7 121 684 4499 3482
1081 2 2 7 121 686 1931 685
1082 2 2 7 121 1931 4499 685
1083 2 2 7 121 687 4404 686
1084 2 2 7 121 686 4404 1931
1085 2 2 7 121 688 4011 687
1086 2 2 7 121 4011 4404 687
1087 2 2 7 121 689 1787 688
1088 2 2 7 121 1787 4011 688
1089 2 2 7 121 690 4165 689
1090 2 2 7 121 689 4165 1787
1091 2 2 7 121 691 4418 690
1092 2 2 7 121 690 4418 4165
1093 2 2 7 121 692 1937 691
1094 2 2 7 121 1937 4418 691
1095 2 2 7 121 693 4050 692
1096 2 2 7 121 692 4050 1937
1097 2 2 7 121 694 3997 693
1098 2 2 7 121 3997 4050 693
1099 2 2 7 121 695 1902 694
1100 2 2 7 121 1902 3997 694
1101 2 2 7 121 696 3795 695
1102 2 2 7 121 695 3795 1902
1103 2 2 7 121 697 2026 696
1104 2 2 7 121 2026 3795 696
1105 2 2 7 121 698 4452 697
1106 2 2 7 121 697 4452 2026
1107 2 2 7 121 699 1897 698
1108 2 2 7 121 1897 4452 698
1109 2 2 7 121 700 3815 699
1110 2 2 7 121 699 3815 1897
1111 2 2 7 121 701 4107 700
1112 2 2 7 121 700 4107 3815
1113 2 2 7 121 702 1988 701
1114 2 2 7 121 1988 4107 701
1115 2 2 7 121 703 3723 702
1116 2 2 7 121 702 3723 1988
1117 2 2 7 121 704 4129 703
1118 2 2 7 121 703 4129 3723
1119 2 2 7 121 705 1798 704
1120 2 2 7 121 1798 4129 704
1121 2 2 7 121 706 4658 705
1122 2 2 7 121 705 4658 1798
1123 2 2 7 121 707 4149 706
1124 2 2 7 121 706 4149 3211
1125 2 2 7 121 3211 4658 706
1126 2 2 7 121 708 1799 707
1127 2 2 7 121 1799 4149 707
1128 2 2 7 121 709 4427 708
1129 2 2 7 121 708 4427 1799
1130 2 2 7 121 710 4674 709
1131 2 2 7 121 709 4674 4427
1132 2 2 7 121 711 1935 710
1133 2 2 7 121 1935 4674 710
1134 2 2 7 121 712 3794 711
1135 2 2 7 121 711 3794 1935
1136 2 2 7 121 713 2024 712
1137 2 2 7 121 2024 3794 712
1138 2 2 7 121 714 3724 713
1139 2 2 7 121 713 3724 2024
1140 2 2 7 121 715 1800 714
1141 2 2 7 121 1800 3724 714
1142 2 2 7 121 716 4451 715
1143 2 2 7 121 715 4451 1800
1144 2 2 7 121 717 4706 716
1145 2 2 7 121 716 4706 4451
1146 2 2 7 121 718 1771 717
1147 2 2 7 121 1771 4706 717
1148 2 2 7 121 719 4239 718
1149 2 2 7 121 718 4239 1771
1150 2 2 7 121 720 2031 719
1151 2 2 7 121 2031 4239 719
1152 2 2 7 121 721 3841 720
1153 2 2 7 121 720 3841 2031
1154 2 2 7 121 722 1926 721
1155 2 2 7 121 1926 3841 721
1156 2 2 7 121 723 3698 722
1157 2 2 7 121 722 3698 1926
1158 2 2 7 121 724 2006 723
1159 2 2 7 121 2006 3698 723
1160 2 2 7 121 725 3682 724
1161 2 2 7 121 724 3682 2006
1162 2 2 7 121 726 4183 725
1163 2 2 7 121 725 4183 3682
1164 2 2 7 121 727 1780 726
1165 2 2 7 121 1780 4183 726
1166 2 2 7 121 728 3843 727
1167 2 2 7 121 727 3843 1780
1168 2 2 7 121 729 2029 728
1169 2 2 7 121 2029 3843 728
1170 2 2 7 121 730 3725 729
1171 2 2 7 121 729 3725 2029
1172 2 2 7 121 731 1781 730
1173 2 2 7 121 1781 3725 730
1174 2 2 7 121 732 3758 731
1175 2 2 7 121 731 3758 1781
1176 2 2 7 121 733 2010 732
1177 2 2 7 121 2010 3758 732
1178 2 2 7 121 734 4446 733
1179 2 2 7 121 733 4446 2010
1180 2 2 7 121 735 4705 734
1181 2 2 7 121 734 4705 4446
1182 2 2 7 121 736 1927 735
1183 2 2 7 121 1927 4705 735
1184 2 2 7 121 737 4368 736
1185 2 2 7 121 736 4368 1927
1186 2 2 7 121 738 4387 737
1187 2 2 7 121 737 4387 4368
1188 2 2 7 121 739 2017 738
1189 2 2 7 121 2017 4387 738
1190 2 2 7 121 740 4111 739
1191 2 2 7 121 739 4111 2017
1192 2 2 7 121 741 1805 740
1193 2 2 7 121 1805 4111 740
1194 2 2 7 121 742 3802 741
1195 2 2 7 121 741 3802 1805
1196 2 2 7 121 743 2023 742
1197 2 2 7 121 2023 3802 742
1198 2 2 7 121 744 4190 743
1199 2 2 7 121 743 4190 2023
1200 2 2 7 121 745 4450 744
1201 2 2 7 121 744 4450 4190
1202 2 2 7 121 746 1898 745
1203 2 2 7 121 1898 4450 745
1204 2 2 7 121 747 3999 746
1205 2 2 7 121 746 3999 1898
1206 2 2 7 121 748 4060 747
1207 2 2 7 121 747 4060 3999
1208 2 2 7 121 749 2008 748
1209 2 2 7 121 2008 4060 748
1210 2 2 7 121 750 3720 749
1211 2 2 7 121 749 3720 2008
1212 2 2 7 121 751 1806 750
1213 2 2 7 121 1806 3720 750
1214 2 2 7 121 752 4444 751
1215 2 2 7 121 751 4444 1806
1216 2 2 7 121 753 3781 752
1217 2 2 7 121 3781 4444 752
1218 2 2 7 121 754 1785 753
1219 2 2 7 121 1785 3781 753
1220 2 2 7 121 755 4142 754
1221 2 2 7 121 754 4142 1785
1222 2 2 7 121 756 4396 755
1223 2 2 7 121 755 4396 4142
1224 2 2 7 121 757 1932 756
1225 2 2 7 121 1932 4396 756
1226 2 2 7 121 758 4097 757
1227 2 2 7 121 757 4097 1932
1228 2 2 7 121 759 3738 758
1229 2 2 7 121 3738 4097 758
1230 2 2 7 121 760 1936 759
1231 2 2 7 121 1936 3738 759
1232 2 2 7 121 761 3382 760
1233 2 2 7 121 760 3382 1936
1234 2 2 7 121 762 4312 761
1235 2 2 7 121 761 4312 3382
1236 2 2 7 121 763 1928 762
1237 2 2 7 121 1928 4312 762
1238 2 2 7 121 764 3768 763
1239 2 2 7 121 763 3768 1928
1240 2 2 7 121 765 2009 764
1241 2 2 7 121 2009 3768 764
1242 2 2 7 121 766 4076 765
1243 2 2 7 121 765 4076 2009
1244 2 2 7 121 767 1812 766
1245 2 2 7 121 1812 4076 766
1246 2 2 7 121 768 3705 767
1247 2 2 7 121 767 3705 1812
1248 2 2 7 121 769 4169 768
1249 2 2 7 121 768 4169 3705
1250 2 2 7 121 770 1828 769
1251 2 2 7 121 1828 4169 769
1252 2 2 7 121 771 3676 770
1253 2 2 7 121 770 3676 1828
1254 2 2 7 121 772 3808 771
1255 2 2 7 121 771 3808 3676
1256 2 2 7 121 773 1992 772
1257 2 2 7 121 1992 3808 772
1258 2 2 7 121 774 4403 773
1259 2 2 7 121 773 4403 1992
1260 2 2 7 121 775 4626 774
1261 2 2 7 121 3588 4403 774
1262 2 2 7 121 774 4626 3588
1263 2 2 7 121 776 1854 775
1264 2 2 7 121 1854 4626 775
1265 2 2 7 121 777 3633 776
1266 2 2 7 121 776 3633 1854
1267 2 2 7 121 778 2000 777
1268 2 2 7 121 2000 3633 777
1269 2 2 7 121 779 3641 778
1270 2 2 7 121 778 3641 2000
1271 2 2 7 121 780 1958 779
1272 2 2 7 121 1958 3641 779
1273 2 2 7 121 781 4464 780
1274 2 2 7 121 780 4464 1958
1275 2 2 7 121 782 4714 781
1276 2 2 7 121 781 4714 4464
1277 2 2 7 121 783 1955 782
1278 2 2 7 121 1955 4714 782
1279 2 2 7 121 784 4223 783
1280 2 2 7 121 783 4223 1955
1281 2 2 7 121 785 4331 784
1282 2 2 7 121 784 4331 4223
1283 2 2 7 121 786 1952 785
1284 2 2 7 121 1952 4331 785
1285 2 2 7 121 787 4159 786
1286 2 2 7 121 786 4159 1952
1287 2 2 7 121 788 4432 787
1288 2 2 7 121 787 4432 4159
1289 2 2 7 121 789 2014 788
1290 2 2 7 121 2014 4432 788
1291 2 2 7 121 790 3816 789
1292 2 2 7 121 789 3816 2014
1293 2 2 7 121 791 1954 790
1294 2 2 7 121 1954 3816 790
1295 2 2 7 121 792 3640 791
1296 2 2 7 121 791 3640 1954
1297 2 2 7 121 793 1997 792
1298 2 2 7 121 1997 3640 792
1299 2 2 7 121 794 3679 793
1300 2 2 7 121 793 3679 1997
1301 2 2 7 121 795 1866 794
1302 2 2 7 121 1866 3679 794
1303 2 2 7 121 796 3687 795
1304 2 2 7 121 795 3687 1866
1305 2 2 7 121 797 3834 796
1306 2 2 7 121 796 3834 3687
1307 2 2 7 121 798 1855 797
1308 2 2 7 121 1855 3834 797
1309 2 2 7 121 799 3663 798
1310 2 2 7 121 798 3663 1855
1311 2 2 7 121 800 2012 799
1312 2 2 7 121 2012 3663 799
1313 2 2 7 121 801 3661 800
1314 2 2 7 121 800 3661 2012
1315 2 2 7 121 802 1957 801
1316 2 2 7 121 1957 3661 801
1317 2 2 7 121 803 3629 802
1318 2 2 7 121 802 3629 1957
1319 2 2 7 121 804 3625 803
1320 2 2 7 121 3625 3629 803
1321 2 2 7 121 805 2013 804
1322 2 2 7 121 2013 3625 804
1323 2 2 7 121 806 3628 805
1324 2 2 7 121 805 3628 2013
1325 2 2 7 121 807 1852 806
1326 2 2 7 121 1852 3628 806
1327 2 2 7 121 808 3539 807
1328 2 2 7 121 807 3539 1852
1329 2 2 7 121 809 4213 808
1330 2 2 7 121 808 4213 3539
1331 2 2 7 121 810 1963 809
1332 2 2 7 121 1963 4213 809
1333 2 2 7 121 811 3635 810
1334 2 2 7 121 810 3635 1963
1335 2 2 7 121 812 3840 811
1336 2 2 7 121 811 3840 3635
1337 2 2 7 121 813 1953 812
1338 2 2 7 121 1953 3840 812
1339 2 2 7 121 814 3786 813
1340 2 2 7 121 813 3786 1953
1341 2 2 7 121 815 3860 814
1342 2 2 7 121 814 3860 3786
1343 2 2 7 121 816 1956 815
1344 2 2 7 121 1956 3860 815
1345 2 2 7 121 817 4470 816
1346 2 2 7 121 816 4470 1956
1347 2 2 7 121 818 2001 817
1348 2 2 7 121 2001 4470 817
1349 2 2 7 121 819 4118 818
1350 2 2 7 121 818 4118 2001
1351 2 2 7 121 820 1906 819
1352 2 2 7 121 1906 4118 819
1353 2 2 7 121 821 4415 820
1354 2 2 7 121 820 4415 1906
1355 2 2 7 121 822 4510 821
1356 2 2 7 121 3543 4415 821
1357 2 2 7 121 821 4510 3543
1358 2 2 7 121 823 1951 822
1359 2 2 7 121 1951 4510 822
1360 2 2 7 121 824 3670 823
1361 2 2 7 121 823 3670 1951
1362 2 2 7 121 825 2002 824
1363 2 2 7 121 2002 3670 824
1364 2 2 7 121 826 3671 825
1365 2 2 7 121 825 3671 2002
1366 2 2 7 121 827 1971 826
1367 2 2 7 121 1971 3671 826
1368 2 2 7 121 828 4673 827
1369 2 2 7 121 827 4673 1971
1370 2 2 7 121 829 2015 828
1371 2 2 7 121 2015 4673 828
1372 2 2 7 121 830 3607 829
1373 2 2 7 121 829 3607 2015
1374 2 2 7 121 831 1838 830
1375 2 2 7 121 1838 3607 830
1376 2 2 7 121 832 3844 831
1377 2 2 7 121 831 3844 1838
1378 2 2 7 121 833 2072 832
1379 2 2 7 121 2072 3844 832
1380 2 2 7 121 834 4203 833
1381 2 2 7 121 833 4203 2072
1382 2 2 7 121 835 1949 834
1383 2 2 7 121 1949 4203 834
1384 2 2 7 121 836 3620 835
1385 2 2 7 121 835 3620 1949
1386 2 2 7 121 837 3630 836
1387 2 2 7 121 836 3630 3620
1388 2 2 7 121 838 1961 837
1389 2 2 7 121 1961 3630 837
1390 2 2 7 121 839 3821 838
1391 2 2 7 121 838 3821 1961
1392 2 2 7 121 840 2028 839
1393 2 2 7 121 2028 3821 839
1394 2 2 7 121 841 4137 840
1395 2 2 7 121 840 4137 2028
1396 2 2 7 121 842 1966 841
1397 2 2 7 121 1966 4137 841
1398 2 2 7 121 843 3651 842
1399 2 2 7 121 842 3651 1966
1400 2 2 7 121 844 3650 843
1401 2 2 7 121 3650 3651 843
1402 2 2 7 121 845 1850 844
1403 2 2 7 121 1850 3650 844
1404 2 2 7 121 846 4457 845
1405 2 2 7 121 845 4457 1850
1406 2 2 7 121 847 4696 846
1407 2 2 7 121 846 4696 4457
1408 2 2 7 121 848 1990 847
1409 2 2 7 121 1990 4696 847
1410 2 2 7 121 849 3642 848
1411 2 2 7 121 848 3642 1990
1412 2 2 7 121 850 4375 849
1413 2 2 7 121 849 4375 3642
1414 2 2 7 121 851 1839 850
1415 2 2 7 121 1839 4375 850
1416 2 2 7 121 852 4202 851
1417 2 2 7 121 851 4202 1839
1418 2 2 7 121 853 1998 852
1419 2 2 7 121 1998 4202 852
1420 2 2 7 121 854 3617 853
1421 2 2 7 121 853 3617 1998
1422 2 2 7 121 855 3866 854
1423 2 2 7 121 854 3866 3617
1424 2 2 7 121 856 1972 855
1425 2 2 7 121 1972 3866 855
1426 2 2 7 121 857 3658 856
1427 2 2 7 121 856 3658 1972
1428 2 2 7 121 858 2007 857
1429 2 2 7 121 2007 3658 857
1430 2 2 7 121 859 3811 858
1431 2 2 7 121 858 3811 2007
1432 2 2 7 121 860 1867 859
1433 2 2 7 121 1867 3811 859
1434 2 2 7 121 861 4646 860
1435 2 2 7 121 860 4646 1867
1436 2 2 7 121 862 4219 861
1437 2 2 7 121 861 4219 3567
1438 2 2 7 121 3567 4646 861
1439 2 2 7 121 863 1991 862
1440 2 2 7 121 1991 4219 862
1441 2 2 7 121 864 4466 863
1442 2 2 7 121 863 4466 1991
1443 2 2 7 121 865 4707 864
1444 2 2 7 121 864 4707 4466
1445 2 2 7 121 866 1840 865
1446 2 2 7 121 1840 4707 865
1447 2 2 7 121 867 3653 866
1448 2 2 7 121 866 3653 1840
1449 2 2 7 121 868 2003 867
1450 2 2 7 121 2003 3653 867
1451 2 2 7 121 869 3858 868
1452 2 2 7 121 868 3858 2003
1453 2 2 7 121 870 4196 869
1454 2 2 7 121 869 4196 3858
1455 2 2 7 121 871 1965 870
1456 2 2 7 121 1965 4196 870
1457 2 2 7 121 872 4725 871
1458 2 2 7 121 871 4725 1965
1459 2 2 7 121 873 4004 872
1460 2 2 7 121 4004 4725 872
1461 2 2 7 121 874 1846 873
1462 2 2 7 121 1846 4004 873
1463 2 2 7 121 875 3699 874
1464 2 2 7 121 874 3699 1846
1465 2 2 7 121 876 2070 875
1466 2 2 7 121 2070 3699 875
1467 2 2 7 121 877 4121 876
1468 2 2 7 121 876 4121 2070
1469 2 2 7 121 878 1947 877
1470 2 2 7 121 1947 4121 877
1471 2 2 7 121 879 3643 878
1472 2 2 7 121 878 3643 1947
1473 2 2 7 121 880 3868 879
1474 2 2 7 121 879 3868 3643
1475 2 2 7 121 881 1959 880
1476 2 2 7 121 1959 3868 880
1477 2 2 7 121 882 4648 881
1478 2 2 7 121 881 4648 1959
1479 2 2 7 121 883 2004 882
1480 2 2 7 121 2004 4648 882
1481 2 2 7 121 884 3400 883
1482 2 2 7 121 883 3400 2004
1483 2 2 7 121 885 1877 884
1484 2 2 7 121 1877 3400 884
1485 2 2 7 121 886 4442 885
1486 2 2 7 121 885 4442 1877
1487 2 2 7 121 887 4429 886
1488 2 2 7 121 886 4429 3411
1489 2 2 7 121 3411 4442 886
1490 2 2 7 121 888 1869 887
1491 2 2 7 121 1869 4429 887
1492 2 2 7 121 889 3344 888
1493 2 2 7 121 888 3344 1869
1494 2 2 7 121 890 2034 889
1495 2 2 7 121 2034 3344 889
1496 2 2 7 121 891 3342 890
1497 2 2 7 121 890 3342 2034
1498 2 2 7 121 892 4160 891
1499 2 2 7 121 891 4160 3342
1500 2 2 7 121 893 1904 892
1501 2 2 7 121 1904 4160 892
1502 2 2 7 121 894 3829 893
1503 2 2 7 121 893 3829 1904
1504 2 2 7 121 895 4108 894
1505 2 2 7 121 894 4108 3829
1506 2 2 7 121 896 1950 895
1507 2 2 7 121 1950 4108 895
1508 2 2 7 121 897 4600 896
1509 2 2 7 121 896 4600 1950
1510 2 2 7 121 898 4268 897
1511 2 2 7 121 897 4268 3427
1512 2 2 7 121 3427 4600 897
1513 2 2 7 121 899 1970 898
1514 2 2 7 121 1970 4268 898
1515 2 2 7 121 900 4474 899
1516 2 2 7 121 899 4474 1970
1517 2 2 7 121 901 2032 900
1518 2 2 7 121 2032 4474 900
1519 2 2 7 121 902 4061 901
1520 2 2 7 121 901 4061 2032
1521 2 2 7 121 903 4126 902
1522 2 2 7 121 902 4126 4061
1523 2 2 7 121 904 1905 903
1524 2 2 7 121 1905 4126 903
1525 2 2 7 121 905 3632 904
1526 2 2 7 121 904 3632 1905
1527 2 2 7 121 906 4186 905
1528 2 2 7 121 905 4186 3632
1529 2 2 7 121 907 2011 906
1530 2 2 7 121 2011 4186 906
1531 2 2 7 121 908 3673 907
1532 2 2 7 121 907 3673 2011
1533 2 2 7 121 909 1841 908
1534 2 2 7 121 1841 3673 908
1535 2 2 7 121 910 4179 909
1536 2 2 7 121 909 4179 1841
1537 2 2 7 121 911 2027 910
1538 2 2 7 121 2027 4179 910
1539 2 2 7 121 912 3709 911
1540 2 2 7 121 911 3709 2027
1541 2 2 7 121 913 1962 912
1542 2 2 7 121 1962 3709 912
1543 2 2 7 121 914 3847 913
1544 2 2 7 121 913 3847 1962
1545 2 2 7 121 915 2030 914
1546 2 2 7 121 2030 3847 914
1547 2 2 7 121 916 3851 915
1548 2 2 7 121 915 3851 2030
1549 2 2 7 121 917 1969 916
1550 2 2 7 121 1969 3851 916
1551 2 2 7 121 918 4476 917
1552 2 2 7 121 917 4476 1969
1553 2 2 7 121 919 1999 918
1554 2 2 7 121 1999 4476 918
1555 2 2 7 121 920 4071 919
1556 2 2 7 121 919 4071 1999
1557 2 2 7 121 921 4102 920
1558 2 2 7 121 920 4102 4071
1559 2 2 7 121 922 1842 921
1560 2 2 7 121 1842 4102 921
1561 2 2 7 121 923 3854 922
1562 2 2 7 121 922 3854 1842
1563 2 2 7 121 924 4174 923
1564 2 2 7 121 923 4174 3854
1565 2 2 7 121 925 1829 924
1566 2 2 7 121 1829 4174 924
1567 2 2 7 121 926 3787 925
1568 2 2 7 121 925 3787 1829
1569 2 2 7 121 927 2065 926
1570 2 2 7 121 2065 3787 926
1571 2 2 7 121 928 4192 927
1572 2 2 7 121 927 4192 2065
1573 2 2 7 121 929 1964 928
1574 2 2 7 121 1964 4192 928
1575 2 2 7 121 930 3865 929
1576 2 2 7 121 929 3865 1964
1577 2 2 7 121 931 3645 930
1578 2 2 7 121 3645 3865 930
1579 2 2 7 121 932 2033 931
1580 2 2 7 121 2033 3645 931
1581 2 2 7 121 933 3853 932
1582 2 2 7 121 932 3853 2033
1583 2 2 7 121 934 1907 933
1584 2 2 7 121 1907 3853 933
1585 2 2 7 121 935 4222 934
1586 2 2 7 121 934 4222 1907
1587 2 2 7 121 936 1995 935
1588 2 2 7 121 1995 4222 935
1589 2 2 7 121 937 3442 936
1590 2 2 7 121 936 3442 1995
1591 2 2 7 121 938 3443 937
1592 2 2 7 121 937 3443 3442
1593 2 2 7 121 939 1836 938
1594 2 2 7 121 1836 3443 938
1595 2 2 7 121 940 3820 939
1596 2 2 7 121 939 3820 1836
1597 2 2 7 121 941 3818 940
1598 2 2 7 121 3818 3820 940
1599 2 2 7 121 942 1847 941
1600 2 2 7 121 1847 3818 941
1601 2 2 7 121 943 4439 942
1602 2 2 7 121 942 4439 1847
1603 2 2 7 121 944 4023 943
1604 2 2 7 121 4023 4439 943
1605 2 2 7 121 945 1967 944
1606 2 2 7 121 1967 4023 944
1607 2 2 7 121 946 4205 945
1608 2 2 7 121 945 4205 1967
1609 2 2 7 121 947 4456 946
1610 2 2 7 121 946 4456 4205
1611 2 2 7 121 948 1968 947
1612 2 2 7 121 1968 4456 947
1613 2 2 7 121 949 4082 948
1614 2 2 7 121 948 4082 1968
1615 2 2 7 121 950 4015 949
1616 2 2 7 121 4015 4082 949
1617 2 2 7 121 951 1996 950
1618 2 2 7 121 1996 4015 950
1619 2 2 7 121 952 3639 951
1620 2 2 7 121 951 3639 1996
1621 2 2 7 121 953 1837 952
1622 2 2 7 121 1837 3639 952
1623 2 2 7 121 954 4479 953
1624 2 2 7 121 953 4479 1837
1625 2 2 7 121 955 3495 954
1626 2 2 7 121 3495 4479 954
1627 2 2 7 121 956 1948 955
1628 2 2 7 121 1948 3495 955
1629 2 2 7 121 957 4207 956
1630 2 2 7 121 956 4207 1948
1631 2 2 7 121 958 4388 957
1632 2 2 7 121 957 4388 4207
1633 2 2 7 121 959 1960 958
1634 2 2 7 121 1960 4388 958
1635 2 2 7 121 960 4155 959
1636 2 2 7 121 959 4155 1960
1637 2 2 7 121 961 2035 960
1638 2 2 7 121 2035 4155 960
1639 2 2 7 121 962 3830 961
1640 2 2 7 121 961 3830 2035
1641 2 2 7 121 963 1886 962
1642 2 2 7 121 1886 3830 962
1643 2 2 7 121 964 4603 963
1644 2 2 7 121 963 4603 1886
1645 2 2 7 121 965 4700 964
1646 2 2 7 121 964 4700 4603
1647 2 2 7 121 966 1993 965
1648 2 2 7 121 1993 4700 965
1649 2 2 7 121 967 3375 966
1650 2 2 7 121 966 3375 1993
1651 2 2 7 121 968 2079 967
1652 2 2 7 121 2079 3375 967
1653 2 2 7 121 969 4103 968
1654 2 2 7 121 968 4103 2079
1655 2 2 7 121 969 4534 4103
1656 2 2 7 121 11 2088 10
1657 2 2 7 121 10 2088 2076
1658 2 2 7 121 33 3213 32
1659 2 2 7 121 12 2088 11
1660 2 2 7 121 13 2088 12
1661 2 2 7 121 32 2088 31
1662 2 2 7 121 32 3213 2088
1663 2 2 7 121 31 2088 30
1664 2 2 7 121 14 2088 13
1665 2 2 7 121 15 2088 14
1666 2 2 7 121 16 2088 15
1667 2 2 7 121 30 2088 29
1668 2 2 7 121 17 2088 16
1669 2 2 7 121 90 2084 91
1670 2 2 7 121 2077 2084 90
1671 2 2 7 121 113 2084 114
1672 2 2 7 121 91 2084 92
1673 2 2 7 121 92 2084 93
1674 2 2 7 121 112 2084 113
1675 2 2 7 121 111 2084 112
1676 2 2 7 121 93 2084 94
1677 2 2 7 121 94 2084 95
1678 2 2 7 121 95 2084 96
1679 2 2 7 121 110 2084 111
1680 2 2 7 121 96 2084 97
1681 2 2 7 121 29 2088 28
1682 2 2 7 121 28 2088 27
1683 2 2 7 121 18 2088 17
1684 2 2 7 121 27 2088 26
1685 2 2 7 121 19 2088 18
1686 2 2 7 121 20 2088 19
1687 2 2 7 121 26 2088 25
1688 2 2 7 121 21 2088 20
1689 2 2 7 121 25 2088 24
1690 2 2 7 121 22 2088 21
1691 2 2 7 121 24 2088 23
1692 2 2 7 121 109 2084 110
1693 2 2 7 121 108 2084 109
1694 2 2 7 121 97 2084 98
1695 2 2 7 121 107 2084 108
1696 2 2 7 121 98 2084 99
1697 2 2 7 121 99 2084 100
1698 2 2 7 121 106 2084 107
1699 2 2 7 121 100 2084 101
1700 2 2 7 121 105 2084 106
1701 2 2 7 121 101 2084 102
1702 2 2 7 121 104 2084 105
1703 2 2 7 121 23 2088 22
1704 2 2 7 121 103 2084 104
1705 2 2 7 121 102 2084 103
1706 2 2 7 121 1768 2094 2093
1707 2 2 7 121 1768 2095 2094
1708 2 2 7 121 1768 3355 2095
1709 2 2 7 121 3160 3236 1769
1710 2 2 7 121 1769 4230 3160
1711 2 2 7 121 3236 4081 1769
1712 2 2 7 121 1769 4081 3995
1713 2 2 7 121 1770 3850 3206
1714 2 2 7 121 3206 4555 1770
1715 2 2 7 121 1770 4555 4318
1716 2 2 7 121 3302 3515 1771
1717 2 2 7 121 1771 3516 3302
1718 2 2 7 121 3515 4706 1771
1719 2 2 7 121 1771 4239 3516
1720 2 2 7 121 3198 3950 1772
1721 2 2 7 121 1772 4043 3198
1722 2 2 7 121 1772 4531 3655
1723 2 2 7 121 3950 4531 1772
1724 2 2 7 121 3247 4441 1773
1725 2 2 7 121 1773 4718 3247
1726 2 2 7 121 3769 4718 1773
1727 2 2 7 121 3675 4547 1774
1728 2 2 7 121 1774 4302 4072
1729 2 2 7 121 1774 4547 4302
1730 2 2 7 121 3270 4612 1775
1731 2 2 7 121 1775 3766 3765
1732 2 2 7 121 1775 4612 3766
1733 2 2 7 121 3274 3591 1776
1734 2 2 7 121 1776 4147 3274
1735 2 2 7 121 3591 4668 1776
1736 2 2 7 121 1776 4668 3801
1737 2 2 7 121 3256 4051 1777
1738 2 2 7 121 1777 4339 3256
1739 2 2 7 121 3810 4339 1777
1740 2 2 7 121 3195 3700 1778
1741 2 2 7 121 1778 3702 3195
1742 2 2 7 121 1778 4144 3702
1743 2 2 7 121 1779 3992 3708
1744 2 2 7 121 3828 4253 1779
1745 2 2 7 121 1779 4253 3992
1746 2 2 7 121 3843 4703 1780
1747 2 2 7 121 1780 4465 4183
1748 2 2 7 121 1780 4703 4465
1749 2 2 7 121 1781 4299 3725
1750 2 2 7 121 3758 4520 1781
1751 2 2 7 121 1781 4520 4299
1752 2 2 7 121 1782 3386 3385
1753 2 2 7 121 1782 3387 3386
1754 2 2 7 121 1782 3990 3387
1755 2 2 7 121 1783 3836 3835
1756 2 2 7 121 1783 3837 3836
1757 2 2 7 121 1783 3839 3837
1758 2 2 7 121 3490 3711 1784
1759 2 2 7 121 1784 4228 3490
1760 2 2 7 121 3696 4228 1784
1761 2 2 7 121 3291 3570 1785
1762 2 2 7 121 1785 4142 3291
1763 2 2 7 121 3570 4695 1785
1764 2 2 7 121 1785 4695 3781
1765 2 2 7 121 1786 4308 4090
1766 2 2 7 121 4122 4308 1786
1767 2 2 7 121 1786 4525 4122
1768 2 2 7 121 3243 3551 1787
1769 2 2 7 121 1787 4165 3243
1770 2 2 7 121 3551 4656 1787
1771 2 2 7 121 1787 4656 4011
1772 2 2 7 121 1788 4251 3300
1773 2 2 7 121 3300 4681 1788
1774 2 2 7 121 3752 4251 1788
1775 2 2 7 121 1789 3748 3223
1776 2 2 7 121 3223 4500 1789
1777 2 2 7 121 1789 4500 4290
1778 2 2 7 121 1790 4620 3784
1779 2 2 7 121 3788 3789 1790
1780 2 2 7 121 3789 4620 1790
1781 2 2 7 121 3268 4062 1791
1782 2 2 7 121 1791 4341 3268
1783 2 2 7 121 1791 4062 3366
1784 2 2 7 121 1792 3318 3287
1785 2 2 7 121 3287 4642 1792
1786 2 2 7 121 1792 3319 3318
1787 2 2 7 121 1793 4275 4013
1788 2 2 7 121 4221 4275 1793
1789 2 2 7 121 1793 4514 4221
1790 2 2 7 121 3826 3827 1794
1791 2 2 7 121 3827 4711 1794
1792 2 2 7 121 1794 4711 4336
1793 2 2 7 121 1795 4412 3767
1794 2 2 7 121 4047 4637 1795
1795 2 2 7 121 1795 4637 4412
1796 2 2 7 121 3196 3719 1796
1797 2 2 7 121 1796 3734 3196
1798 2 2 7 121 1796 3719 3718
1799 2 2 7 121 1797 4265 4003
1800 2 2 7 121 4246 4265 1797
1801 2 2 7 121 1797 4508 4246
1802 2 2 7 121 3311 4129 1798
1803 2 2 7 121 1798 4392 3311
1804 2 2 7 121 1798 4658 4392
1805 2 2 7 121 3469 4184 1799
1806 2 2 7 121 1799 4427 3469
1807 2 2 7 121 1799 4184 4149
1808 2 2 7 121 2525 3724 1800
1809 2 2 7 121 1800 4182 2525
1810 2 2 7 121 3514 4182 1800
1811 2 2 7 121 1800 4451 3514
1812 2 2 7 121 1801 4440 3809
1813 2 2 7 121 4026 4662 1801
1814 2 2 7 121 1801 4662 4440
1815 2 2 7 121 3189 3190 1802
1816 2 2 7 121 1802 3353 3189
1817 2 2 7 121 3190 4540 1802
1818 2 2 7 121 1802 3354 3353
1819 2 2 7 121 1803 4233 3604
1820 2 2 7 121 1803 4343 4233
1821 2 2 7 121 1803 4591 4343
1822 2 2 7 121 3603 4509 1804
1823 2 2 7 121 1804 3779 3778
1824 2 2 7 121 1804 4509 3779
1825 2 2 7 121 3546 4111 1805
1826 2 2 7 121 1805 4376 3546
1827 2 2 7 121 3802 4376 1805
1828 2 2 7 121 3146 3720 1806
1829 2 2 7 121 1806 4171 3146
1830 2 2 7 121 3409 4171 1806
1831 2 2 7 121 1806 4444 3409
1832 2 2 7 121 3267 4553 1807
1833 2 2 7 121 3328 4311 1807
1834 2 2 7 121 1807 4553 3328
1835 2 2 7 121 3210 3763 1808
1836 2 2 7 121 1808 4085 3210
1837 2 2 7 121 1808 4364 4085
1838 2 2 7 121 1809 3722 3721
1839 2 2 7 121 1809 4576 3722
1840 2 2 7 121 1810 4086 3422
1841 2 2 7 121 1810 4204 4086
1842 2 2 7 121 1810 4431 4204
1843 2 2 7 121 3524 4180 1811
1844 2 2 7 121 1811 4434 3524
1845 2 2 7 121 1811 4180 3735
1846 2 2 7 121 3705 4557 1812
1847 2 2 7 121 1812 4309 4076
1848 2 2 7 121 1812 4557 4309
1849 2 2 7 121 3345 4046 1813
1850 2 2 7 121 1813 4317 3345
1851 2 2 7 121 1813 4046 4035
1852 2 2 7 121 1814 4300 3262
1853 2 2 7 121 3262 4571 1814
1854 2 2 7 121 3751 4300 1814
1855 2 2 7 121 1815 4254 3996
1856 2 2 7 121 1815 4281 4254
1857 2 2 7 121 1815 4552 4281
1858 2 2 7 121 3309 4064 1816
1859 2 2 7 121 1816 4337 3309
1860 2 2 7 121 1816 4064 3750
1861 2 2 7 121 1817 4249 3359
1862 2 2 7 121 3359 4722 1817
1863 2 2 7 121 1817 4722 4545
1864 2 2 7 121 1818 3988 3310
1865 2 2 7 121 3310 4568 1818
1866 2 2 7 121 3348 3988 1818
1867 2 2 7 121 1818 4217 3348
1868 2 2 7 121 4066 4670 1819
1869 2 2 7 121 1819 4453 4123
1870 2 2 7 121 1819 4670 4453
1871 2 2 7 121 1820 4014 3380
1872 2 2 7 121 3776 4282 1820
1873 2 2 7 121 1820 4282 4014
1874 2 2 7 121 3252 4349 1821
1875 2 2 7 121 1821 4602 3252
1876 2 2 7 121 3785 4602 1821
1877 2 2 7 121 4068 4721 1822
1878 2 2 7 121 1822 4482 4084
1879 2 2 7 121 1822 4721 4482
1880 2 2 7 121 1823 3994 3393
1881 2 2 7 121 3393 4684 1823
1882 2 2 7 121 1823 4684 4422
1883 2 2 7 121 3754 3755 1824
1884 2 2 7 121 3755 4025 1824
1885 2 2 7 121 1824 4025 3777
1886 2 2 7 121 3477 4687 1825
1887 2 2 7 121 3508 4425 1825
1888 2 2 7 121 1825 4687 3508
1889 2 2 7 121 3178 3743 1826
1890 2 2 7 121 1826 3745 3178
1891 2 2 7 121 1826 4220 3745
1892 2 2 7 121 3729 4518 1827
1893 2 2 7 121 1827 4286 4037
1894 2 2 7 121 1827 4518 4286
1895 2 2 7 121 1828 3677 3281
1896 2 2 7 121 3281 4169 1828
1897 2 2 7 121 3676 3677 1828
1898 2 2 7 121 3290 4174 1829
1899 2 2 7 121 1829 4436 3290
1900 2 2 7 121 3787 4436 1829
1901 2 2 7 121 3486 4329 1830
1902 2 2 7 121 1830 4569 3486
1903 2 2 7 121 1830 4038 3831
1904 2 2 7 121 1830 4329 4038
1905 2 2 7 121 1831 4240 3654
1906 2 2 7 121 1831 4264 4240
1907 2 2 7 121 1831 4522 4264
1908 2 2 7 121 1832 4279 3240
1909 2 2 7 121 3240 4527 1832
1910 2 2 7 121 3559 4279 1832
1911 2 2 7 121 1832 4539 3559
1912 2 2 7 121 1833 4304 4020
1913 2 2 7 121 4096 4304 1833
1914 2 2 7 121 1833 4519 4096
1915 2 2 7 121 1834 4235 3683
1916 2 2 7 121 3697 4473 1834
1917 2 2 7 121 1834 4473 4235
1918 2 2 7 121 3611 4328 1835
1919 2 2 7 121 1835 4559 3611
1920 2 2 7 121 1835 4328 4278
1921 2 2 7 121 1836 4116 3443
1922 2 2 7 121 3820 4357 1836
1923 2 2 7 121 1836 4357 4116
1924 2 2 7 121 3127 3639 1837
1925 2 2 7 121 1837 4225 3127
1926 2 2 7 121 3494 4225 1837
1927 2 2 7 121 1837 4479 3494
1928 2 2 7 121 1838 4247 3607
1929 2 2 7 121 3844 4320 1838
1930 2 2 7 121 1838 4320 4247
1931 2 2 7 121 1839 3336 3335
1932 2 2 7 121 3335 3337 1839
1933 2 2 7 121 1839 4202 3336
1934 2 2 7 121 3337 4375 1839
1935 2 2 7 121 3279 3454 1840
1936 2 2 7 121 1840 4057 3279
1937 2 2 7 121 3454 4707 1840
1938 2 2 7 121 3653 4057 1840
1939 2 2 7 121 3532 3533 1841
1940 2 2 7 121 1841 4179 3532
1941 2 2 7 121 3533 4699 1841
1942 2 2 7 121 1841 4699 3673
1943 2 2 7 121 3854 4588 1842
1944 2 2 7 121 1842 4334 4102
1945 2 2 7 121 1842 4588 4334
1946 2 2 7 121 3326 3327 1843
1947 2 2 7 121 1843 4140 3326
1948 2 2 7 121 1843 4382 4140
1949 2 2 7 121 3685 3686 1844
1950 2 2 7 121 3686 4355 1844
1951 2 2 7 121 1844 4355 4007
1952 2 2 7 121 3289 3619 1845
1953 2 2 7 121 1845 4245 3289
1954 2 2 7 121 3717 4245 1845
1955 2 2 7 121 3699 4370 1846
1956 2 2 7 121 1846 4156 4004
1957 2 2 7 121 1846 4370 4156
1958 2 2 7 121 1847 3819 3818
1959 2 2 7 121 1847 4295 3819
1960 2 2 7 121 1847 4439 4295
1961 2 2 7 121 3656 4676 1848
1962 2 2 7 121 1848 4638 3859
1963 2 2 7 121 4022 4638 1848
1964 2 2 7 121 1848 4676 4022
1965 2 2 7 121 1849 3660 3331
1966 2 2 7 121 3331 4291 1849
1967 2 2 7 121 3659 3660 1849
1968 2 2 7 121 3537 4212 1850
1969 2 2 7 121 1850 4457 3537
1970 2 2 7 121 1850 4212 3650
1971 2 2 7 121 1851 3848 3188
1972 2 2 7 121 3188 4570 1851
1973 2 2 7 121 1851 4570 4315
1974 2 2 7 121 3539 4669 1852
1975 2 2 7 121 1852 4505 3628
1976 2 2 7 121 1852 4669 4505
1977 2 2 7 121 1853 4397 3691
1978 2 2 7 121 4033 4633 1853
1979 2 2 7 121 1853 4633 4397
1980 2 2 7 121 1854 3634 3219
1981 2 2 7 121 3219 4626 1854
1982 2 2 7 121 3633 3634 1854
1983 2 2 7 121 3663 4702 1855
1984 2 2 7 121 1855 4210 3834
1985 2 2 7 121 1855 4702 4210
1986 2 2 7 121 1856 3856 3855
1987 2 2 7 121 1856 4360 3856
1988 2 2 7 121 4316 4360 1856
1989 2 2 7 121 3351 3352 1857
1990 2 2 7 121 1857 4181 3351
1991 2 2 7 121 3707 4181 1857
1992 2 2 7 121 3363 3364 1858
1993 2 2 7 121 1858 4567 3363
1994 2 2 7 121 3364 4726 1858
1995 2 2 7 121 1858 4726 4269
1996 2 2 7 121 1859 4252 3857
1997 2 2 7 121 1859 4493 4252
1998 2 2 7 121 1859 4708 4493
1999 2 2 7 121 3812 4407 1860
2000 2 2 7 121 1860 4162 3822
2001 2 2 7 121 1860 4407 4162
2002 2 2 7 121 3823 3824 1861
2003 2 2 7 121 3824 4635 1861
2004 2 2 7 121 1861 4635 4325
2005 2 2 7 121 1862 4261 3998
2006 2 2 7 121 4229 4261 1862
2007 2 2 7 121 1862 4503 4229
2008 2 2 7 121 3813 3814 1863
2009 2 2 7 121 3814 4690 1863
2010 2 2 7 121 1863 4690 4324
2011 2 2 7 121 3618 4409 1864
2012 2 2 7 121 1864 4167 3712
2013 2 2 7 121 1864 4409 4167
2014 2 2 7 121 3624 4724 1865
2015 2 2 7 121 1865 4491 4270
2016 2 2 7 121 1865 4724 4491
2017 2 2 7 121 1866 4092 3679
2018 2 2 7 121 3687 4351 1866
2019 2 2 7 121 1866 4351 4092
2020 2 2 7 121 1867 4125 3811
2021 2 2 7 121 1867 4390 4125
2022 2 2 7 121 1867 4646 4390
2023 2 2 7 121 1868 4248 3282
2024 2 2 7 121 3282 4630 1868
2025 2 2 7 121 3615 4248 1868
2026 2 2 7 121 3344 4189 1869
2027 2 2 7 121 1869 4189 3410
2028 2 2 7 121 3410 4429 1869
2029 2 2 7 121 1870 4435 3374
2030 2 2 7 121 3692 4682 1870
2031 2 2 7 121 1870 4682 4435
2032 2 2 7 121 3172 3964 1871
2033 2 2 7 121 1871 4041 3172
2034 2 2 7 121 1871 4507 3842
2035 2 2 7 121 3964 4507 1871
2036 2 2 7 121 1872 4255 3550
2037 2 2 7 121 3550 4701 1872
2038 2 2 7 121 1872 4701 3668
2039 2 2 7 121 3621 3622 1873
2040 2 2 7 121 3622 4623 1873
2041 2 2 7 121 1873 4623 4323
2042 2 2 7 121 1874 3741 3308
2043 2 2 7 121 3308 4296 1874
2044 2 2 7 121 3740 3741 1874
2045 2 2 7 121 4029 4307 1875
2046 2 2 7 121 1875 4529 4029
2047 2 2 7 121 1875 4307 4194
2048 2 2 7 121 1876 3665 3664
2049 2 2 7 121 1876 3666 3665
2050 2 2 7 121 1876 3667 3666
2051 2 2 7 121 1877 4133 3400
2052 2 2 7 121 1877 4262 4133
2053 2 2 7 121 1877 4442 4262
2054 2 2 7 121 1878 4259 4009
2055 2 2 7 121 4191 4259 1878
2056 2 2 7 121 1878 4498 4191
2057 2 2 7 121 1879 3895 3575
2058 2 2 7 121 3575 4468 1879
2059 2 2 7 121 1879 4272 3895
2060 2 2 7 121 3713 3886 1880
2061 2 2 7 121 3886 4551 1880
2062 2 2 7 121 1880 4551 4306
2063 2 2 7 121 4040 4664 1881
2064 2 2 7 121 1881 4433 4089
2065 2 2 7 121 1881 4664 4433
2066 2 2 7 121 1882 3966 3316
2067 2 2 7 121 3316 4528 1882
2068 2 2 7 121 3340 3966 1882
2069 2 2 7 121 1882 4206 3340
2070 2 2 7 121 4012 4655 1883
2071 2 2 7 121 1883 4377 4231
2072 2 2 7 121 1883 4655 4377
2073 2 2 7 121 3226 3941 1884
2074 2 2 7 121 1884 4000 3226
2075 2 2 7 121 1884 3941 3365
2076 2 2 7 121 3365 4556 1884
2077 2 2 7 121 1885 4303 3151
2078 2 2 7 121 3151 4371 1885
2079 2 2 7 121 1885 3800 3799
2080 2 2 7 121 1885 4371 3800
2081 2 2 7 121 3379 3526 1886
2082 2 2 7 121 1886 4603 3379
2083 2 2 7 121 3526 4665 1886
2084 2 2 7 121 1886 4665 3830
2085 2 2 7 121 3793 4350 1887
2086 2 2 7 121 1887 4350 4280
2087 2 2 7 121 1888 4242 3704
2088 2 2 7 121 1888 4285 4242
2089 2 2 7 121 1888 4546 4285
2090 2 2 7 121 3770 3771 1889
2091 2 2 7 121 3771 4653 1889
2092 2 2 7 121 1889 4653 4348
2093 2 2 7 121 3636 3638 1890
2094 2 2 7 121 3638 4258 1890
2095 2 2 7 121 1890 4258 3862
2096 2 2 7 121 1891 4458 3861
2097 2 2 7 121 4039 4680 1891
2098 2 2 7 121 1891 4680 4458
2099 2 2 7 121 3616 4059 1892
2100 2 2 7 121 1892 3649 3648
2101 2 2 7 121 1892 4059 3649
2102 2 2 7 121 1893 4256 3280
2103 2 2 7 121 3280 4624 1893
2104 2 2 7 121 3690 4256 1893
2105 2 2 7 121 3228 3952 1894
2106 2 2 7 121 1894 4019 3228
2107 2 2 7 121 1894 3952 3373
2108 2 2 7 121 3373 4566 1894
2109 2 2 7 121 3181 3580 1895
2110 2 2 7 121 1895 4032 3181
2111 2 2 7 121 3580 4516 1895
2112 2 2 7 121 1895 4516 3644
2113 2 2 7 121 1896 4430 3849
2114 2 2 7 121 4005 4663 1896
2115 2 2 7 121 1896 4663 4430
2116 2 2 7 121 3439 4452 1897
2117 2 2 7 121 1897 4715 3439
2118 2 2 7 121 3815 4715 1897
2119 2 2 7 121 1898 3999 3557
2120 2 2 7 121 3557 4713 1898
2121 2 2 7 121 1898 4713 4450
2122 2 2 7 121 4099 4100 1899
2123 2 2 7 121 1899 4166 4099
2124 2 2 7 121 1899 4411 4166
2125 2 2 7 121 3416 3417 1900
2126 2 2 7 121 1900 3418 3416
2127 2 2 7 121 3417 4419 1900
2128 2 2 7 121 1900 4234 3418
2129 2 2 7 121 3742 4530 1901
2130 2 2 7 121 1901 4293 4058
2131 2 2 7 121 1901 4530 4293
2132 2 2 7 121 3795 4535 1902
2133 2 2 7 121 1902 4313 3997
2134 2 2 7 121 1902 4535 4313
2135 2 2 7 121 3333 4101 1903
2136 2 2 7 121 1903 4373 3333
2137 2 2 7 121 3764 4373 1903
2138 2 2 7 121 3829 4621 1904
2139 2 2 7 121 1904 4406 4160
2140 2 2 7 121 1904 4621 4406
2141 2 2 7 121 3632 4572 1905
2142 2 2 7 121 1905 4327 4126
2143 2 2 7 121 1905 4572 4327
2144 2 2 7 121 1906 4120 4118
2145 2 2 7 121 1906 4163 4120
2146 2 2 7 121 1906 4415 4163
2147 2 2 7 121 3396 3492 1907
2148 2 2 7 121 1907 4222 3396
2149 2 2 7 121 3492 4586 1907
2150 2 2 7 121 1907 4586 3853
2151 2 2 7 121 1908 4437 3672
2152 2 2 7 121 4053 4667 1908
2153 2 2 7 121 1908 4667 4437
2154 2 2 7 121 1909 4211 3791
2155 2 2 7 121 3807 4449 1909
2156 2 2 7 121 1909 4449 4211
2157 2 2 7 121 3803 3804 1910
2158 2 2 7 121 3804 3805 1910
2159 2 2 7 121 3805 3806 1910
2160 2 2 7 121 3183 3919 1911
2161 2 2 7 121 1911 4048 3183
2162 2 2 7 121 1911 4524 3737
2163 2 2 7 121 3919 4524 1911
2164 2 2 7 121 1912 4273 3278
2165 2 2 7 121 3278 4614 1912
2166 2 2 7 121 3706 4273 1912
2167 2 2 7 121 1913 4236 3299
2168 2 2 7 121 3299 4697 1913
2169 2 2 7 121 3681 4236 1913
2170 2 2 7 121 1914 3798 3797
2171 2 2 7 121 1914 4250 3798
2172 2 2 7 121 1914 4288 4250
2173 2 2 7 121 1915 3727 3726
2174 2 2 7 121 1915 3728 3727
2175 2 2 7 121 1915 3739 3728
2176 2 2 7 121 1916 3934 3269
2177 2 2 7 121 3269 4579 1916
2178 2 2 7 121 1916 3753 3323
2179 2 2 7 121 3323 3934 1916
2180 2 2 7 121 3215 4333 1917
2181 2 2 7 121 1917 4590 3215
2182 2 2 7 121 3669 4590 1917
2183 2 2 7 121 1918 4243 3716
2184 2 2 7 121 3782 3878 1918
2185 2 2 7 121 3878 4243 1918
2186 2 2 7 121 3714 3715 1919
2187 2 2 7 121 3715 4644 1919
2188 2 2 7 121 1919 4644 4347
2189 2 2 7 121 3367 4321 1920
2190 2 2 7 121 1920 4550 3367
2191 2 2 7 121 1920 4321 4030
2192 2 2 7 121 3338 3339 1921
2193 2 2 7 121 1921 4153 3338
2194 2 2 7 121 3678 4153 1921
2195 2 2 7 121 3863 3864 1922
2196 2 2 7 121 3864 4549 1922
2197 2 2 7 121 1922 4549 4297
2198 2 2 7 121 1923 3693 3314
2199 2 2 7 121 3314 3694 1923
2200 2 2 7 121 3694 3695 1923
2201 2 2 7 121 1924 4399 3646
2202 2 2 7 121 3832 4109 1924
2203 2 2 7 121 4109 4399 1924
2204 2 2 7 121 1925 4455 3688
2205 2 2 7 121 3852 4716 1925
2206 2 2 7 121 1925 4716 4455
2207 2 2 7 121 3184 3841 1926
2208 2 2 7 121 1926 4117 3184
2209 2 2 7 121 3698 4117 1926
2210 2 2 7 121 1927 3384 3383
2211 2 2 7 121 3383 4705 1927
2212 2 2 7 121 1927 4083 3384
2213 2 2 7 121 1927 4368 4083
2214 2 2 7 121 3768 4472 1928
2215 2 2 7 121 1928 4472 4312
2216 2 2 7 121 3259 3462 1929
2217 2 2 7 121 1929 4152 3259
2218 2 2 7 121 3462 4660 1929
2219 2 2 7 121 1929 4660 3796
2220 2 2 7 121 3520 4187 1930
2221 2 2 7 121 1930 4447 3520
2222 2 2 7 121 1930 4187 3757
2223 2 2 7 121 1931 4131 3166
2224 2 2 7 121 3166 4499 1931
2225 2 2 7 121 1931 4404 4131
2226 2 2 7 121 1932 4097 3541
2227 2 2 7 121 3541 4589 1932
2228 2 2 7 121 1932 4589 4396
2229 2 2 7 121 1933 4067 3272
2230 2 2 7 121 3272 4636 1933
2231 2 2 7 121 1933 4636 4408
2232 2 2 7 121 1934 3774 3187
2233 2 2 7 121 3187 4486 1934
2234 2 2 7 121 3773 3774 1934
2235 2 2 7 121 3467 3468 1935
2236 2 2 7 121 1935 4031 3467
2237 2 2 7 121 3468 4674 1935
2238 2 2 7 121 3794 4031 1935
2239 2 2 7 121 3382 4615 1936
2240 2 2 7 121 1936 4369 3738
2241 2 2 7 121 1936 4615 4369
2242 2 2 7 121 1937 4050 3265
2243 2 2 7 121 3265 4650 1937
2244 2 2 7 121 1937 4650 4418
2245 2 2 7 121 1938 4093 3220
2246 2 2 7 121 3220 4580 1938
2247 2 2 7 121 3747 4093 1938
2248 2 2 7 121 3217 3985 1939
2249 2 2 7 121 1939 4158 3217
2250 2 2 7 121 1939 4629 3733
2251 2 2 7 121 3985 4629 1939
2252 2 2 7 121 1940 4010 3245
2253 2 2 7 121 3245 4666 1940
2254 2 2 7 121 1940 4666 4417
2255 2 2 7 121 1941 3731 3208
2256 2 2 7 121 3208 4523 1941
2257 2 2 7 121 3730 3731 1941
2258 2 2 7 121 1942 4132 4002
2259 2 2 7 121 4075 4132 1942
2260 2 2 7 121 1942 4384 4075
2261 2 2 7 121 1943 4106 3390
2262 2 2 7 121 1943 4114 4106
2263 2 2 7 121 1943 4380 4114
2264 2 2 7 121 3389 4548 1944
2265 2 2 7 121 1944 4689 3389
2266 2 2 7 121 1944 3762 3761
2267 2 2 7 121 1944 4548 3762
2268 2 2 7 121 3759 4506 1945
2269 2 2 7 121 1945 4277 4017
2270 2 2 7 121 1945 4506 4277
2271 2 2 7 121 3248 4154 1946
2272 2 2 7 121 1946 4420 3248
2273 2 2 7 121 3583 4420 1946
2274 2 2 7 121 1946 4685 3583
2275 2 2 7 121 3350 4121 1947
2276 2 2 7 121 1947 4381 3350
2277 2 2 7 121 3643 4381 1947
2278 2 2 7 121 3313 3495 1948
2279 2 2 7 121 1948 3496 3313
2280 2 2 7 121 1948 4207 3496
2281 2 2 7 121 3620 3631 1949
2282 2 2 7 121 3631 4521 1949
2283 2 2 7 121 1949 4521 4203
2284 2 2 7 121 3358 4108 1950
2285 2 2 7 121 1950 4374 3358
2286 2 2 7 121 1950 4600 4374
2287 2 2 7 121 1951 4139 3171
2288 2 2 7 121 3171 4510 1951
2289 2 2 7 121 3670 4139 1951
2290 2 2 7 121 1952 4159 3463
2291 2 2 7 121 3463 4574 1952
2292 2 2 7 121 1952 4574 4331
2293 2 2 7 121 3786 4338 1953
2294 2 2 7 121 1953 4070 3840
2295 2 2 7 121 1953 4338 4070
2296 2 2 7 121 3640 4424 1954
2297 2 2 7 121 1954 4178 3816
2298 2 2 7 121 1954 4424 4178
2299 2 2 7 121 3361 3974 1955
2300 2 2 7 121 1955 4223 3361
2301 2 2 7 121 1955 3974 3598
2302 2 2 7 121 3598 4714 1955
2303 2 2 7 121 3448 4209 1956
2304 2 2 7 121 1956 4470 3448
2305 2 2 7 121 1956 3951 3860
2306 2 2 7 121 1956 4209 3951
2307 2 2 7 121 3629 4345 1957
2308 2 2 7 121 1957 4095 3661
2309 2 2 7 121 1957 4345 4095
2310 2 2 7 121 3597 4208 1958
2311 2 2 7 121 1958 4464 3597
2312 2 2 7 121 1958 4208 3641
2313 2 2 7 121 3398 4340 1959
2314 2 2 7 121 1959 4648 3398
2315 2 2 7 121 1959 4340 3868
2316 2 2 7 121 1960 4155 3322
2317 2 2 7 121 3322 4601 1960
2318 2 2 7 121 1960 4601 4388
2319 2 2 7 121 1961 4127 3630
2320 2 2 7 121 3821 4356 1961
2321 2 2 7 121 1961 4356 4127
2322 2 2 7 121 1962 3710 3709
2323 2 2 7 121 1962 4110 3710
2324 2 2 7 121 3847 4110 1962
2325 2 2 7 121 3635 4619 1963
2326 2 2 7 121 1963 4448 4213
2327 2 2 7 121 1963 4619 4448
2328 2 2 7 121 3865 4627 1964
2329 2 2 7 121 1964 4454 4192
2330 2 2 7 121 1964 4627 4454
2331 2 2 7 121 3254 4196 1965
2332 2 2 7 121 1965 4463 3254
2333 2 2 7 121 3475 4463 1965
2334 2 2 7 121 1965 4725 3475
2335 2 2 7 121 3528 4137 1966
2336 2 2 7 121 1966 4511 3528
2337 2 2 7 121 3651 4511 1966
2338 2 2 7 121 3257 3444 1967
2339 2 2 7 121 1967 4205 3257
2340 2 2 7 121 3444 4671 1967
2341 2 2 7 121 1967 4671 4023
2342 2 2 7 121 1968 4082 3891
2343 2 2 7 121 3891 4661 1968
2344 2 2 7 121 1968 4661 4456
2345 2 2 7 121 3435 4226 1969
2346 2 2 7 121 1969 4476 3435
2347 2 2 7 121 1969 4226 3851
2348 2 2 7 121 3457 4224 1970
2349 2 2 7 121 1970 4474 3457
2350 2 2 7 121 4224 4268 1970
2351 2 2 7 121 3606 4201 1971
2352 2 2 7 121 1971 4673 3606
2353 2 2 7 121 1971 4201 3671
2354 2 2 7 121 3658 4359 1972
2355 2 2 7 121 1972 4141 3866
2356 2 2 7 121 1972 4359 4141
2357 2 2 7 121 1973 4394 3749
2358 2 2 7 121 1973 4496 4394
2359 2 2 7 121 1973 4704 4496
2360 2 2 7 121 1974 4319 3237
2361 2 2 7 121 3237 4512 1974
2362 2 2 7 121 3609 4319 1974
2363 2 2 7 121 1974 4573 3609
2364 2 2 7 121 3238 3923 1975
2365 2 2 7 121 1975 4027 3238
2366 2 2 7 121 1975 4578 3790
2367 2 2 7 121 3923 4578 1975
2368 2 2 7 121 1976 4314 4079
2369 2 2 7 121 4145 4314 1976
2370 2 2 7 121 1976 4532 4145
2371 2 2 7 121 3414 4036 1977
2372 2 2 7 121 1977 4305 3414
2373 2 2 7 121 1977 4036 3756
2374 2 2 7 121 4069 4691 1978
2375 2 2 7 121 1978 4467 4113
2376 2 2 7 121 1978 4691 4467
2377 2 2 7 121 1979 4238 3674
2378 2 2 7 121 1979 4485 4238
2379 2 2 7 121 1979 4677 4485
2380 2 2 7 121 1980 3488 3487
2381 2 2 7 121 1980 4016 3488
2382 2 2 7 121 1980 4271 4016
2383 2 2 7 121 3250 4326 1981
2384 2 2 7 121 1981 4575 3250
2385 2 2 7 121 3370 4575 1981
2386 2 2 7 121 1982 4227 3623
2387 2 2 7 121 1982 4287 4227
2388 2 2 7 121 1982 4543 4287
2389 2 2 7 121 3315 4028 1983
2390 2 2 7 121 1983 4298 3315
2391 2 2 7 121 4028 4063 1983
2392 2 2 7 121 3356 4263 1984
2393 2 2 7 121 1984 4504 3356
2394 2 2 7 121 3430 4504 1984
2395 2 2 7 121 3177 3483 1985
2396 2 2 7 121 1985 4177 3177
2397 2 2 7 121 3483 4592 1985
2398 2 2 7 121 1985 4592 4119
2399 2 2 7 121 1986 4078 3283
2400 2 2 7 121 3283 4618 1986
2401 2 2 7 121 1986 4618 4398
2402 2 2 7 121 3421 4459 1987
2403 2 2 7 121 1987 4698 3421
2404 2 2 7 121 1987 4459 4358
2405 2 2 7 121 3723 4584 1988
2406 2 2 7 121 1988 4354 4107
2407 2 2 7 121 1988 4584 4354
2408 2 2 7 121 3760 4583 1989
2409 2 2 7 121 1989 4367 4115
2410 2 2 7 121 1989 4583 4367
2411 2 2 7 121 3264 3480 1990
2412 2 2 7 121 1990 4042 3264
2413 2 2 7 121 3480 4696 1990
2414 2 2 7 121 3642 4042 1990
2415 2 2 7 121 3455 4216 1991
2416 2 2 7 121 1991 4466 3455
2417 2 2 7 121 4216 4219 1991
2418 2 2 7 121 1992 4161 3808
2419 2 2 7 121 4045 4161 1992
2420 2 2 7 121 1992 4403 4045
2421 2 2 7 121 1993 3376 3152
2422 2 2 7 121 3152 3377 1993
2423 2 2 7 121 3375 3376 1993
2424 2 2 7 121 3377 4700 1993
2425 2 2 7 121 3212 4091 1994
2426 2 2 7 121 1994 4244 4001
2427 2 2 7 121 4091 4244 1994
2428 2 2 7 121 3396 4222 1995
2429 2 2 7 121 1995 4484 3396
2430 2 2 7 121 3442 4484 1995
2431 2 2 7 121 3639 4565 1996
2432 2 2 7 121 1996 4344 4015
2433 2 2 7 121 1996 4565 4344
2434 2 2 7 121 1997 4613 3640
2435 2 2 7 121 3679 3680 1997
2436 2 2 7 121 3680 4613 1997
2437 2 2 7 121 3336 4202 1998
2438 2 2 7 121 1998 4526 3336
2439 2 2 7 121 3617 3867 1998
2440 2 2 7 121 3867 4526 1998
2441 2 2 7 121 3434 3435 1999
2442 2 2 7 121 1999 3436 3434
2443 2 2 7 121 3435 4476 1999
2444 2 2 7 121 1999 4071 3436
2445 2 2 7 121 2000 4342 3633
2446 2 2 7 121 3641 4598 2000
2447 2 2 7 121 2000 4598 4342
2448 2 2 7 121 3169 3448 2001
2449 2 2 7 121 2001 3449 3169
2450 2 2 7 121 3448 4470 2001
2451 2 2 7 121 2001 4118 3449
2452 2 2 7 121 2002 4402 3670
2453 2 2 7 121 3671 4659 2002
2454 2 2 7 121 2002 4659 4402
2455 2 2 7 121 2003 4322 3653
2456 2 2 7 121 3858 4542 2003
2457 2 2 7 121 2003 4542 4322
2458 2 2 7 121 2004 3397 3159
2459 2 2 7 121 3159 3398 2004
2460 2 2 7 121 2004 3400 3397
2461 2 2 7 121 3398 4648 2004
2462 2 2 7 121 3150 3675 2005
2463 2 2 7 121 2005 4146 3150
2464 2 2 7 121 3590 4146 2005
2465 2 2 7 121 2005 4416 3590
2466 2 2 7 121 3682 4640 2006
2467 2 2 7 121 2006 4383 3698
2468 2 2 7 121 2006 4640 4383
2469 2 2 7 121 2007 3811 3277
2470 2 2 7 121 3277 4607 2007
2471 2 2 7 121 2007 4607 3658
2472 2 2 7 121 3720 4538 2008
2473 2 2 7 121 2008 4301 4060
2474 2 2 7 121 2008 4538 4301
2475 2 2 7 121 3369 3900 2009
2476 2 2 7 121 2009 4076 3369
2477 2 2 7 121 2009 3900 3768
2478 2 2 7 121 2527 3758 2010
2479 2 2 7 121 2010 4176 2527
2480 2 2 7 121 3203 4176 2010
2481 2 2 7 121 2010 4446 3203
2482 2 2 7 121 3286 4186 2011
2483 2 2 7 121 2011 4445 3286
2484 2 2 7 121 3673 4445 2011
2485 2 2 7 121 2012 3661 3216
2486 2 2 7 121 3216 3662 2012
2487 2 2 7 121 3662 3663 2012
2488 2 2 7 121 2013 3626 3625
2489 2 2 7 121 2013 3627 3626
2490 2 2 7 121 2013 3628 3627
2491 2 2 7 121 3368 4432 2014
2492 2 2 7 121 2014 4675 3368
2493 2 2 7 121 3816 4675 2014
2494 2 2 7 121 3569 3605 2015
2495 2 2 7 121 2015 3607 3569
2496 2 2 7 121 3605 3606 2015
2497 2 2 7 121 3606 4673 2015
2498 2 2 7 121 2016 4332 3736
2499 2 2 7 121 3757 4558 2016
2500 2 2 7 121 2016 4558 4332
2501 2 2 7 121 2017 4111 3253
2502 2 2 7 121 3253 4563 2017
2503 2 2 7 121 2017 4563 4387
2504 2 2 7 121 3763 4594 2018
2505 2 2 7 121 2018 4393 4136
2506 2 2 7 121 2018 4594 4393
2507 2 2 7 121 2019 3499 3498
2508 2 2 7 121 3498 4622 2019
2509 2 2 7 121 2019 4168 3499
2510 2 2 7 121 2019 4622 3764
2511 2 2 7 121 2188 3759 2020
2512 2 2 7 121 2020 4157 2188
2513 2 2 7 121 3508 4157 2020
2514 2 2 7 121 2020 4425 3508
2515 2 2 7 121 3761 4608 2021
2516 2 2 7 121 2021 4513 3776
2517 2 2 7 121 3991 4513 2021
2518 2 2 7 121 2021 4608 3991
2519 2 2 7 121 3524 4434 2022
2520 2 2 7 121 2022 4712 3524
2521 2 2 7 121 3772 4712 2022
2522 2 2 7 121 3209 3529 2023
2523 2 2 7 121 2023 4190 3209
2524 2 2 7 121 3529 4628 2023
2525 2 2 7 121 2023 4628 3802
2526 2 2 7 121 3724 4517 2024
2527 2 2 7 121 2024 4292 3794
2528 2 2 7 121 2024 4517 4292
2529 2 2 7 121 3165 3520 2025
2530 2 2 7 121 2025 3521 3165
2531 2 2 7 121 3520 4447 2025
2532 2 2 7 121 2025 4100 3521
2533 2 2 7 121 2520 3795 2026
2534 2 2 7 121 2026 4185 2520
2535 2 2 7 121 3439 4185 2026
2536 2 2 7 121 2026 4452 3439
2537 2 2 7 121 3709 4625 2027
2538 2 2 7 121 2027 4423 4179
2539 2 2 7 121 2027 4625 4423
2540 2 2 7 121 2028 4599 3821
2541 2 2 7 121 2028 4137 3898
2542 2 2 7 121 3898 4599 2028
2543 2 2 7 121 3263 3843 2029
2544 2 2 7 121 2029 4034 3263
2545 2 2 7 121 3725 4034 2029
2546 2 2 7 121 2030 4363 3847
2547 2 2 7 121 3851 4604 2030
2548 2 2 7 121 2030 4604 4363
2549 2 2 7 121 3841 4593 2031
2550 2 2 7 121 2031 4372 4239
2551 2 2 7 121 2031 4593 4372
2552 2 2 7 121 3163 3457 2032
2553 2 2 7 121 2032 3458 3163
2554 2 2 7 121 3457 4474 2032
2555 2 2 7 121 2032 4061 3458
2556 2 2 7 121 2033 4087 3645
2557 2 2 7 121 3853 4353 2033
2558 2 2 7 121 2033 4353 4087
2559 2 2 7 121 2034 3342 3173
2560 2 2 7 121 3173 3343 2034
2561 2 2 7 121 3343 3344 2034
2562 2 2 7 121 3325 4155 2035
2563 2 2 7 121 2035 4413 3325
2564 2 2 7 121 3830 4413 2035
2565 2 2 7 121 2036 3619 3214
2566 2 2 7 121 3214 4501 2036
2567 2 2 7 121 2036 4501 4283
2568 2 2 7 121 3207 3611 2037
2569 2 2 7 121 2037 3612 3207
2570 2 2 7 121 3611 4559 2037
2571 2 2 7 121 2037 4065 3612
2572 2 2 7 121 2038 4289 3249
2573 2 2 7 121 3249 4554 2038
2574 2 2 7 121 3655 4289 2038
2575 2 2 7 121 3554 4634 2039
2576 2 2 7 121 2039 3657 3656
2577 2 2 7 121 2039 4634 3657
2578 2 2 7 121 2040 4215 3297
2579 2 2 7 121 3297 4710 2040
2580 2 2 7 121 3861 4215 2040
2581 2 2 7 121 3845 3846 2041
2582 2 2 7 121 3846 4632 2041
2583 2 2 7 121 2041 4632 4053
2584 2 2 7 121 3167 3978 2042
2585 2 2 7 121 2042 4044 3167
2586 2 2 7 121 2042 4502 3690
2587 2 2 7 121 3978 4502 2042
2588 2 2 7 121 2043 4274 3251
2589 2 2 7 121 3251 4564 2043
2590 2 2 7 121 3644 4274 2043
2591 2 2 7 121 2044 3684 3161
2592 2 2 7 121 3161 3685 2044
2593 2 2 7 121 3683 3684 2044
2594 2 2 7 121 2045 4056 3241
2595 2 2 7 121 3241 4515 2045
2596 2 2 7 121 2045 4515 3706
2597 2 2 7 121 3817 4056 2045
2598 2 2 7 121 4051 4651 2046
2599 2 2 7 121 2046 4414 4148
2600 2 2 7 121 2046 4651 4414
2601 2 2 7 121 2047 4460 3696
2602 2 2 7 121 3835 3838 2047
2603 2 2 7 121 3838 4460 2047
2604 2 2 7 121 3347 3734 2048
2605 2 2 7 121 2048 4173 3347
2606 2 2 7 121 3767 4173 2048
2607 2 2 7 121 3646 3647 2049
2608 2 2 7 121 3647 4597 2049
2609 2 2 7 121 2049 4597 3812
2610 2 2 7 121 2050 3711 3489
2611 2 2 7 121 3489 4469 2050
2612 2 2 7 121 2050 4469 3739
2613 2 2 7 121 3743 3744 2051
2614 2 2 7 121 3744 4389 2051
2615 2 2 7 121 2051 4389 4054
2616 2 2 7 121 2052 4193 3753
2617 2 2 7 121 3784 4428 2052
2618 2 2 7 121 2052 4428 4193
2619 2 2 7 121 2053 3791 3305
2620 2 2 7 121 3305 3792 2053
2621 2 2 7 121 3792 3793 2053
2622 2 2 7 121 3153 3944 2054
2623 2 2 7 121 2054 4049 3153
2624 2 2 7 121 2054 4488 3717
2625 2 2 7 121 3944 4488 2054
2626 2 2 7 121 2055 4346 3752
2627 2 2 7 121 3778 3780 2055
2628 2 2 7 121 3780 4346 2055
2629 2 2 7 121 3777 4105 2056
2630 2 2 7 121 2056 3783 3782
2631 2 2 7 121 2056 4105 3783
2632 2 2 7 121 3700 3701 2057
2633 2 2 7 121 3701 4438 2057
2634 2 2 7 121 2057 4438 4048
2635 2 2 7 121 3295 3602 2058
2636 2 2 7 121 2058 3604 3295
2637 2 2 7 121 3602 3603 2058
2638 2 2 7 121 3765 3877 2059
2639 2 2 7 121 2059 4643 3807
2640 2 2 7 121 3877 4643 2059
2641 2 2 7 121 3329 3850 2060
2642 2 2 7 121 2060 4200 3329
2643 2 2 7 121 3672 4200 2060
2644 2 2 7 121 3261 3902 2061
2645 2 2 7 121 2061 4003 3261
2646 2 2 7 121 2061 4587 3810
2647 2 2 7 121 3902 4587 2061
2648 2 2 7 121 3688 3689 2062
2649 2 2 7 121 3689 4480 2062
2650 2 2 7 121 2062 4480 3697
2651 2 2 7 121 3334 3848 2063
2652 2 2 7 121 2063 4150 3334
2653 2 2 7 121 3691 4150 2063
2654 2 2 7 121 3648 4232 2064
2655 2 2 7 121 2064 3833 3832
2656 2 2 7 121 2064 4232 3833
2657 2 2 7 121 3276 3536 2065
2658 2 2 7 121 2065 4192 3276
2659 2 2 7 121 3536 4686 2065
2660 2 2 7 121 2065 4686 3787
2661 2 2 7 121 2066 3637 3636
2662 2 2 7 121 2066 4481 3637
2663 2 2 7 121 3695 4481 2066
2664 2 2 7 121 3735 4606 2067
2665 2 2 7 121 2067 4362 3747
2666 2 2 7 121 2067 4606 4362
2667 2 2 7 121 3147 3742 2068
2668 2 2 7 121 2068 4151 3147
2669 2 2 7 121 3417 4151 2068
2670 2 2 7 121 2068 4419 3417
2671 2 2 7 121 3357 3669 2069
2672 2 2 7 121 2069 4197 3357
2673 2 2 7 121 3809 4197 2069
2674 2 2 7 121 2070 4121 3294
2675 2 2 7 121 3294 4617 2070
2676 2 2 7 121 2070 4617 3699
2677 2 2 7 121 3158 3884 2071
2678 2 2 7 121 2071 4030 3158
2679 2 2 7 121 2071 4492 3615
2680 2 2 7 121 3884 4492 2071
2681 2 2 7 121 3503 3904 2072
2682 2 2 7 121 2072 4203 3503
2683 2 2 7 121 2072 4541 3844
2684 2 2 7 121 3904 4541 2072
2685 2 2 7 121 3594 3852 2073
2686 2 2 7 121 2073 4198 3594
2687 2 2 7 121 3849 4198 2073
2688 2 2 7 121 2074 4143 3693
2689 2 2 7 121 3859 4395 2074
2690 2 2 7 121 2074 4395 4143
2691 2 2 7 121 3664 4073 2075
2692 2 2 7 121 2075 4400 3863
2693 2 2 7 121 4073 4400 2075
2694 2 2 7 121 2088 2089 2076
2695 2 2 7 121 2089 2090 2076
2696 2 2 7 121 2090 2092 2076
2697 2 2 7 121 2077 2085 2084
2698 2 2 7 121 2077 3200 2085
2699 2 2 7 121 3380 3381 2078
2700 2 2 7 121 3381 4709 2078
2701 2 2 7 121 2078 4709 4104
2702 2 2 7 121 2079 4052 3375
2703 2 2 7 121 2079 4537 4052
2704 2 2 7 121 4103 4537 2079
2705 2 2 7 121 3374 4172 2080
2706 2 2 7 121 4172 4641 2080
2707 2 2 7 121 4462 4495 2080
2708 2 2 7 121 2080 4641 4462
2709 2 2 7 121 2081 4267 3212
2710 2 2 7 121 2081 4475 4267
2711 2 2 7 121 4379 4475 2081
2712 2 2 7 121 3995 4284 2082
2713 2 2 7 121 2082 4284 4103
2714 2 2 7 121 4103 4534 2082
2715 2 2 7 121 2083 4562 3355
2716 2 2 7 121 2083 4533 4104
2717 2 2 7 121 4104 4562 2083
2718 2 2 7 121 2085 2086 2084
2719 2 2 7 121 2085 2087 2086
2720 2 2 7 121 2085 3176 2087
2721 2 2 7 121 2085 3200 3176
2722 2 2 7 121 2087 3160 2086
2723 2 2 7 121 3160 4230 2086
2724 2 2 7 121 2087 3179 3160
2725 2 2 7 121 3176 4462 2087
2726 2 2 7 121 2087 4462 3179
2727 2 2 7 121 2088 3213 2089
2728 2 2 7 121 2089 2091 2090
2729 2 2 7 121 2089 3213 2091
2730 2 2 7 121 2091 4475 2090
2731 2 2 7 121 2090 4379 2092
2732 2 2 7 121 2090 4475 4379
2733 2 2 7 121 3213 4688 2091
2734 2 2 7 121 4294 4475 2091
2735 2 2 7 121 2091 4688 4294
2736 2 2 7 121 2094 4688 2093
2737 2 2 7 121 2093 4688 3213
2738 2 2 7 121 2095 2096 2094
2739 2 2 7 121 2096 2184 2094
2740 2 2 7 121 2184 4294 2094
2741 2 2 7 121 4294 4688 2094
2742 2 2 7 121 2095 2097 2096
2743 2 2 7 121 2095 2190 2097
2744 2 2 7 121 2095 3355 2190
2745 2 2 7 121 2097 2098 2096
2746 2 2 7 121 2098 3324 2096
2747 2 2 7 121 2096 3324 2184
2748 2 2 7 121 2097 2099 2098
2749 2 2 7 121 2097 3381 2099
2750 2 2 7 121 2190 3381 2097
2751 2 2 7 121 2099 2100 2098
2752 2 2 7 121 2100 2101 2098
2753 2 2 7 121 2101 3324 2098
2754 2 2 7 121 2099 3993 2100
2755 2 2 7 121 3381 4014 2099
2756 2 2 7 121 2099 4014 3993
2757 2 2 7 121 2100 2102 2101
2758 2 2 7 121 2100 2103 2102
2759 2 2 7 121 2100 3993 2103
2760 2 2 7 121 2102 2171 2101
2761 2 2 7 121 2171 4244 2101
2762 2 2 7 121 2101 4244 3324
2763 2 2 7 121 2103 2104 2102
2764 2 2 7 121 2104 4683 2102
2765 2 2 7 121 2102 4683 2171
2766 2 2 7 121 2103 2105 2104
2767 2 2 7 121 2103 2186 2105
2768 2 2 7 121 2103 3993 2186
2769 2 2 7 121 2105 2106 2104
2770 2 2 7 121 2106 4074 2104
2771 2 2 7 121 4074 4683 2104
2772 2 2 7 121 2105 2107 2106
2773 2 2 7 121 2105 3991 2107
2774 2 2 7 121 2186 3991 2105
2775 2 2 7 121 2107 2108 2106
2776 2 2 7 121 2108 2109 2106
2777 2 2 7 121 2109 4074 2106
2778 2 2 7 121 2107 4276 2108
2779 2 2 7 121 3762 4276 2107
2780 2 2 7 121 2107 4608 3762
2781 2 2 7 121 3991 4608 2107
2782 2 2 7 121 2108 2110 2109
2783 2 2 7 121 2108 2111 2110
2784 2 2 7 121 2108 4276 2111
2785 2 2 7 121 2110 2189 2109
2786 2 2 7 121 2189 3271 2109
2787 2 2 7 121 3271 4074 2109
2788 2 2 7 121 2111 2112 2110
2789 2 2 7 121 2112 3989 2110
2790 2 2 7 121 2110 3989 2189
2791 2 2 7 121 2111 2113 2112
2792 2 2 7 121 2111 3388 2113
2793 2 2 7 121 2111 4276 3388
2794 2 2 7 121 2113 2114 2112
2795 2 2 7 121 2114 3984 2112
2796 2 2 7 121 3984 3989 2112
2797 2 2 7 121 2113 2115 2114
2798 2 2 7 121 2113 2142 2115
2799 2 2 7 121 2113 3388 2142
2800 2 2 7 121 2115 2116 2114
2801 2 2 7 121 2116 2117 2114
2802 2 2 7 121 2117 3984 2114
2803 2 2 7 121 2115 3987 2116
2804 2 2 7 121 2142 4106 2115
2805 2 2 7 121 2115 4106 3987
2806 2 2 7 121 2116 2118 2117
2807 2 2 7 121 2116 2119 2118
2808 2 2 7 121 2116 3987 2119
2809 2 2 7 121 2118 3348 2117
2810 2 2 7 121 3348 3349 2117
2811 2 2 7 121 3349 3984 2117
2812 2 2 7 121 2119 2120 2118
2813 2 2 7 121 2120 3988 2118
2814 2 2 7 121 2118 3988 3348
2815 2 2 7 121 2119 2121 2120
2816 2 2 7 121 2119 2141 2121
2817 2 2 7 121 2119 3987 2141
2818 2 2 7 121 2121 2122 2120
2819 2 2 7 121 2122 2123 2120
2820 2 2 7 121 2123 3988 2120
2821 2 2 7 121 2121 3732 2122
2822 2 2 7 121 2141 3208 2121
2823 2 2 7 121 3208 3732 2121
2824 2 2 7 121 2122 2124 2123
2825 2 2 7 121 2122 2125 2124
2826 2 2 7 121 2122 3732 2125
2827 2 2 7 121 2124 3309 2123
2828 2 2 7 121 3309 3310 2123
2829 2 2 7 121 3310 3988 2123
2830 2 2 7 121 2125 2126 2124
2831 2 2 7 121 2126 4064 2124
2832 2 2 7 121 2124 4064 3309
2833 2 2 7 121 2125 2127 2126
2834 2 2 7 121 2125 4164 2127
2835 2 2 7 121 3732 4164 2125
2836 2 2 7 121 2127 2128 2126
2837 2 2 7 121 2128 2168 2126
2838 2 2 7 121 2168 4064 2126
2839 2 2 7 121 2127 2129 2128
2840 2 2 7 121 2127 2143 2129
2841 2 2 7 121 2127 4164 2143
2842 2 2 7 121 2129 2130 2128
2843 2 2 7 121 2130 3986 2128
2844 2 2 7 121 2128 3986 2168
2845 2 2 7 121 2129 2131 2130
2846 2 2 7 121 2129 3985 2131
2847 2 2 7 121 2143 3985 2129
2848 2 2 7 121 2131 2132 2130
2849 2 2 7 121 2132 3391 2130
2850 2 2 7 121 3391 3986 2130
2851 2 2 7 121 2131 2133 2132
2852 2 2 7 121 2131 3217 2133
2853 2 2 7 121 2131 3985 3217
2854 2 2 7 121 2133 2134 2132
2855 2 2 7 121 2134 2135 2132
2856 2 2 7 121 2135 3391 2132
2857 2 2 7 121 2133 3983 2134
2858 2 2 7 121 3217 3218 2133
2859 2 2 7 121 3218 3983 2133
2860 2 2 7 121 2134 2136 2135
2861 2 2 7 121 2134 2137 2136
2862 2 2 7 121 2134 3983 2137
2863 2 2 7 121 2136 2169 2135
2864 2 2 7 121 2169 3262 2135
2865 2 2 7 121 3262 3391 2135
2866 2 2 7 121 2137 2138 2136
2867 2 2 7 121 2138 3971 2136
2868 2 2 7 121 2136 3971 2169
2869 2 2 7 121 2137 2139 2138
2870 2 2 7 121 2137 3245 2139
2871 2 2 7 121 2137 3983 3245
2872 2 2 7 121 2139 2140 2138
2873 2 2 7 121 2140 2144 2138
2874 2 2 7 121 2144 3971 2138
2875 2 2 7 121 2139 3982 2140
2876 2 2 7 121 3245 3246 2139
2877 2 2 7 121 3246 3982 2139
2878 2 2 7 121 2140 2145 2144
2879 2 2 7 121 2140 2146 2145
2880 2 2 7 121 2140 3982 2146
2881 2 2 7 121 2141 3231 3208
2882 2 2 7 121 2141 4114 3231
2883 2 2 7 121 3987 4114 2141
2884 2 2 7 121 3388 3389 2142
2885 2 2 7 121 3389 3390 2142
2886 2 2 7 121 3390 4106 2142
2887 2 2 7 121 2143 4629 3985
2888 2 2 7 121 4164 4391 2143
2889 2 2 7 121 4391 4629 2143
2890 2 2 7 121 2145 2172 2144
2891 2 2 7 121 2172 4254 2144
2892 2 2 7 121 2144 4254 3971
2893 2 2 7 121 2146 2147 2145
2894 2 2 7 121 2147 3544 2145
2895 2 2 7 121 2145 3544 2172
2896 2 2 7 121 2146 2148 2147
2897 2 2 7 121 2146 3913 2148
2898 2 2 7 121 2146 3982 3913
2899 2 2 7 121 2148 2149 2147
2900 2 2 7 121 2149 3980 2147
2901 2 2 7 121 2147 3980 3544
2902 2 2 7 121 2148 2150 2149
2903 2 2 7 121 2148 2188 2150
2904 2 2 7 121 2148 3913 2188
2905 2 2 7 121 2150 2151 2149
2906 2 2 7 121 2151 2152 2149
2907 2 2 7 121 2152 3980 2149
2908 2 2 7 121 2150 3507 2151
2909 2 2 7 121 2188 4157 2150
2910 2 2 7 121 2150 4157 3507
2911 2 2 7 121 2151 2153 2152
2912 2 2 7 121 2151 2154 2153
2913 2 2 7 121 2151 3507 2154
2914 2 2 7 121 2153 2191 2152
2915 2 2 7 121 2191 3252 2152
2916 2 2 7 121 3252 3980 2152
2917 2 2 7 121 2154 2155 2153
2918 2 2 7 121 2155 3967 2153
2919 2 2 7 121 2153 3967 2191
2920 2 2 7 121 2154 2156 2155
2921 2 2 7 121 2154 3168 2156
2922 2 2 7 121 2154 3507 3168
2923 2 2 7 121 2156 2157 2155
2924 2 2 7 121 2157 4008 2155
2925 2 2 7 121 2155 4008 3967
2926 2 2 7 121 2156 2158 2157
2927 2 2 7 121 2156 3476 2158
2928 2 2 7 121 3168 3476 2156
2929 2 2 7 121 2158 2159 2157
2930 2 2 7 121 2159 2160 2157
2931 2 2 7 121 2160 4008 2157
2932 2 2 7 121 2158 3412 2159
2933 2 2 7 121 2158 3413 3412
2934 2 2 7 121 2158 3476 3413
2935 2 2 7 121 2159 2161 2160
2936 2 2 7 121 2159 2162 2161
2937 2 2 7 121 2159 3412 2162
2938 2 2 7 121 2161 3745 2160
2939 2 2 7 121 3745 3746 2160
2940 2 2 7 121 3746 4008 2160
2941 2 2 7 121 2162 2163 2161
2942 2 2 7 121 2163 3178 2161
2943 2 2 7 121 3178 3745 2161
2944 2 2 7 121 2162 2164 2163
2945 2 2 7 121 2162 3452 2164
2946 2 2 7 121 3412 3452 2162
2947 2 2 7 121 2164 2165 2163
2948 2 2 7 121 2165 4494 2163
2949 2 2 7 121 2163 4494 3178
2950 2 2 7 121 2164 2166 2165
2951 2 2 7 121 2164 2170 2166
2952 2 2 7 121 2164 3452 2170
2953 2 2 7 121 2166 2167 2165
2954 2 2 7 121 2167 2173 2165
2955 2 2 7 121 2173 4494 2165
2956 2 2 7 121 2166 3869 2167
2957 2 2 7 121 2170 3333 2166
2958 2 2 7 121 3333 3869 2166
2959 2 2 7 121 2167 2174 2173
2960 2 2 7 121 2167 2175 2174
2961 2 2 7 121 2167 3869 2175
2962 2 2 7 121 3750 4064 2168
2963 2 2 7 121 2168 4544 3750
2964 2 2 7 121 3986 4544 2168
2965 2 2 7 121 2169 3332 3262
2966 2 2 7 121 2169 4281 3332
2967 2 2 7 121 3971 4281 2169
2968 2 2 7 121 2170 4101 3333
2969 2 2 7 121 3452 4583 2170
2970 2 2 7 121 3760 4101 2170
2971 2 2 7 121 2170 4583 3760
2972 2 2 7 121 2171 3771 3770
2973 2 2 7 121 3770 4001 2171
2974 2 2 7 121 2171 4683 3771
2975 2 2 7 121 4001 4244 2171
2976 2 2 7 121 3544 3785 2172
2977 2 2 7 121 3785 3996 2172
2978 2 2 7 121 3996 4254 2172
2979 2 2 7 121 2174 2185 2173
2980 2 2 7 121 2185 4389 2173
2981 2 2 7 121 2173 4389 3744
2982 2 2 7 121 3744 4494 2173
2983 2 2 7 121 2175 2176 2174
2984 2 2 7 121 2176 4577 2174
2985 2 2 7 121 2174 4577 2185
2986 2 2 7 121 2175 2177 2176
2987 2 2 7 121 2175 2187 2177
2988 2 2 7 121 2175 3869 2187
2989 2 2 7 121 2177 2178 2176
2990 2 2 7 121 2178 4366 2176
2991 2 2 7 121 4366 4577 2176
2992 2 2 7 121 2177 2179 2178
2993 2 2 7 121 2177 3498 2179
2994 2 2 7 121 2187 3498 2177
2995 2 2 7 121 2179 2180 2178
2996 2 2 7 121 2180 2183 2178
2997 2 2 7 121 2183 4366 2178
2998 2 2 7 121 2179 2181 2180
2999 2 2 7 121 2179 3499 2181
3000 2 2 7 121 3498 3499 2179
3001 2 2 7 121 2181 2182 2180
3002 2 2 7 121 2182 3924 2180
3003 2 2 7 121 2180 3924 2183
3004 2 2 7 121 2181 2192 2182
3005 2 2 7 121 2181 3140 2192
3006 2 2 7 121 2181 3499 3140
3007 2 2 7 121 2192 2193 2182
3008 2 2 7 121 2193 2194 2182
3009 2 2 7 121 2194 3924 2182
3010 2 2 7 121 3924 4105 2183
3011 2 2 7 121 2183 4105 4025
3012 2 2 7 121 4025 4366 2183
3013 2 2 7 121 3324 4091 2184
3014 2 2 7 121 4091 4267 2184
3015 2 2 7 121 4267 4294 2184
3016 2 2 7 121 3754 4054 2185
3017 2 2 7 121 2185 4577 3754
3018 2 2 7 121 4054 4389 2185
3019 2 2 7 121 2186 4513 3991
3020 2 2 7 121 3993 4282 2186
3021 2 2 7 121 4282 4513 2186
3022 2 2 7 121 2187 4622 3498
3023 2 2 7 121 3869 4373 2187
3024 2 2 7 121 4373 4622 2187
3025 2 2 7 121 2188 4506 3759
3026 2 2 7 121 3913 4506 2188
3027 2 2 7 121 2189 4066 3271
3028 2 2 7 121 3989 4670 2189
3029 2 2 7 121 2189 4670 4066
3030 2 2 7 121 3355 4562 2190
3031 2 2 7 121 2190 4709 3381
3032 2 2 7 121 4562 4709 2190
3033 2 2 7 121 2191 4069 3252
3034 2 2 7 121 3967 4691 2191
3035 2 2 7 121 2191 4691 4069
3036 2 2 7 121 2192 3393 2193
3037 2 2 7 121 3140 4684 2192
3038 2 2 7 121 2192 4684 3393
3039 2 2 7 121 2193 2195 2194
3040 2 2 7 121 2193 2196 2195
3041 2 2 7 121 2193 3393 2196
3042 2 2 7 121 2195 4483 2194
3043 2 2 7 121 2194 4649 3924
3044 2 2 7 121 4483 4649 2194
3045 2 2 7 121 2196 2197 2195
3046 2 2 7 121 2197 2198 2195
3047 2 2 7 121 2198 4483 2195
3048 2 2 7 121 2196 3419 2197
3049 2 2 7 121 3393 3394 2196
3050 2 2 7 121 3394 3419 2196
3051 2 2 7 121 2197 2199 2198
3052 2 2 7 121 2197 2200 2199
3053 2 2 7 121 2197 3419 2200
3054 2 2 7 121 2199 2258 2198
3055 2 2 7 121 2258 4243 2198
3056 2 2 7 121 4243 4483 2198
3057 2 2 7 121 2200 2201 2199
3058 2 2 7 121 2201 4720 2199
3059 2 2 7 121 2199 4720 2258
3060 2 2 7 121 2200 2202 2201
3061 2 2 7 121 2200 3484 2202
3062 2 2 7 121 3419 3484 2200
3063 2 2 7 121 2202 2203 2201
3064 2 2 7 121 2203 4018 2201
3065 2 2 7 121 4018 4720 2201
3066 2 2 7 121 2202 2204 2203
3067 2 2 7 121 2202 2510 2204
3068 2 2 7 121 2202 3484 2510
3069 2 2 7 121 2204 2205 2203
3070 2 2 7 121 2205 2206 2203
3071 2 2 7 121 2206 4018 2203
3072 2 2 7 121 2204 3581 2205
3073 2 2 7 121 2510 3248 2204
3074 2 2 7 121 3248 3581 2204
3075 2 2 7 121 2205 2207 2206
3076 2 2 7 121 2205 2208 2207
3077 2 2 7 121 2205 3581 2208
3078 2 2 7 121 2207 3148 2206
3079 2 2 7 121 3148 3242 2206
3080 2 2 7 121 3242 4018 2206
3081 2 2 7 121 2208 2209 2207
3082 2 2 7 121 2209 3445 2207
3083 2 2 7 121 2207 3445 3148
3084 2 2 7 121 2208 2210 2209
3085 2 2 7 121 2208 3582 2210
3086 2 2 7 121 3581 3582 2208
3087 2 2 7 121 2210 2211 2209
3088 2 2 7 121 2211 3970 2209
3089 2 2 7 121 2209 3970 3445
3090 2 2 7 121 2210 2212 2211
3091 2 2 7 121 2210 2229 2212
3092 2 2 7 121 2210 3582 2229
3093 2 2 7 121 2212 2213 2211
3094 2 2 7 121 2213 2214 2211
3095 2 2 7 121 2214 3970 2211
3096 2 2 7 121 2212 3433 2213
3097 2 2 7 121 2229 4132 2212
3098 2 2 7 121 2212 4132 3433
3099 2 2 7 121 2213 2215 2214
3100 2 2 7 121 2213 2216 2215
3101 2 2 7 121 2213 3433 2216
3102 2 2 7 121 2215 3359 2214
3103 2 2 7 121 3359 3360 2214
3104 2 2 7 121 3360 3970 2214
3105 2 2 7 121 2216 2217 2215
3106 2 2 7 121 2217 3943 2215
3107 2 2 7 121 2215 3943 3359
3108 2 2 7 121 2216 2218 2217
3109 2 2 7 121 2216 2228 2218
3110 2 2 7 121 2216 3433 2228
3111 2 2 7 121 2218 2219 2217
3112 2 2 7 121 2219 2220 2217
3113 2 2 7 121 2220 3943 2217
3114 2 2 7 121 2218 3872 2219
3115 2 2 7 121 2228 3220 2218
3116 2 2 7 121 3220 3872 2218
3117 2 2 7 121 2219 2221 2220
3118 2 2 7 121 2219 2222 2221
3119 2 2 7 121 2219 3872 2222
3120 2 2 7 121 2221 3345 2220
3121 2 2 7 121 3345 3346 2220
3122 2 2 7 121 3346 3943 2220
3123 2 2 7 121 2222 2223 2221
3124 2 2 7 121 2223 4046 2221
3125 2 2 7 121 2221 4046 3345
3126 2 2 7 121 2222 2224 2223
3127 2 2 7 121 2222 2257 2224
3128 2 2 7 121 2222 3872 2257
3129 2 2 7 121 2224 2225 2223
3130 2 2 7 121 2225 2240 2223
3131 2 2 7 121 2240 4046 2223
3132 2 2 7 121 2224 2226 2225
3133 2 2 7 121 2224 3614 2226
3134 2 2 7 121 2257 3614 2224
3135 2 2 7 121 2226 2227 2225
3136 2 2 7 121 2227 3608 2225
3137 2 2 7 121 2225 3608 2240
3138 2 2 7 121 2226 2230 2227
3139 2 2 7 121 2226 2526 2230
3140 2 2 7 121 2226 3614 2526
3141 2 2 7 121 2230 2231 2227
3142 2 2 7 121 2231 3574 2227
3143 2 2 7 121 3574 3608 2227
3144 2 2 7 121 2228 3230 3220
3145 2 2 7 121 2228 4075 3230
3146 2 2 7 121 3433 4075 2228
3147 2 2 7 121 3582 3583 2229
3148 2 2 7 121 3583 4002 2229
3149 2 2 7 121 4002 4132 2229
3150 2 2 7 121 2230 2232 2231
3151 2 2 7 121 2230 4180 2232
3152 2 2 7 121 2526 4180 2230
3153 2 2 7 121 2232 2233 2231
3154 2 2 7 121 2233 2234 2231
3155 2 2 7 121 2234 3574 2231
3156 2 2 7 121 2232 3523 2233
3157 2 2 7 121 2232 3524 3523
3158 2 2 7 121 2232 4180 3524
3159 2 2 7 121 2233 2235 2234
3160 2 2 7 121 2233 2236 2235
3161 2 2 7 121 2233 3523 2236
3162 2 2 7 121 2235 2260 2234
3163 2 2 7 121 2260 3237 2234
3164 2 2 7 121 3237 3574 2234
3165 2 2 7 121 2236 2237 2235
3166 2 2 7 121 2237 3947 2235
3167 2 2 7 121 2235 3947 2260
3168 2 2 7 121 2236 2238 2237
3169 2 2 7 121 2236 3232 2238
3170 2 2 7 121 2236 3523 3232
3171 2 2 7 121 2238 2239 2237
3172 2 2 7 121 2239 2241 2237
3173 2 2 7 121 2241 3947 2237
3174 2 2 7 121 2238 3896 2239
3175 2 2 7 121 3232 3233 2238
3176 2 2 7 121 3233 3896 2238
3177 2 2 7 121 2239 2242 2241
3178 2 2 7 121 2239 2243 2242
3179 2 2 7 121 2239 3896 2243
3180 2 2 7 121 3608 3609 2240
3181 2 2 7 121 3609 4035 2240
3182 2 2 7 121 4035 4046 2240
3183 2 2 7 121 2242 3295 2241
3184 2 2 7 121 3295 4233 2241
3185 2 2 7 121 2241 4233 3947
3186 2 2 7 121 2243 2244 2242
3187 2 2 7 121 2244 3602 2242
3188 2 2 7 121 2242 3602 3295
3189 2 2 7 121 2243 2245 2244
3190 2 2 7 121 2243 3424 2245
3191 2 2 7 121 2243 3896 3424
3192 2 2 7 121 2245 2246 2244
3193 2 2 7 121 2246 2515 2244
3194 2 2 7 121 2515 3602 2244
3195 2 2 7 121 2245 2247 2246
3196 2 2 7 121 2245 3147 2247
3197 2 2 7 121 2245 3424 3147
3198 2 2 7 121 2247 2248 2246
3199 2 2 7 121 2248 4218 2246
3200 2 2 7 121 2246 4218 2515
3201 2 2 7 121 2247 2249 2248
3202 2 2 7 121 2247 4151 2249
3203 2 2 7 121 3147 4151 2247
3204 2 2 7 121 2249 2250 2248
3205 2 2 7 121 2250 2251 2248
3206 2 2 7 121 2251 4218 2248
3207 2 2 7 121 2249 3416 2250
3208 2 2 7 121 2249 3417 3416
3209 2 2 7 121 2249 4151 3417
3210 2 2 7 121 2250 2252 2251
3211 2 2 7 121 2250 2253 2252
3212 2 2 7 121 2250 3416 2253
3213 2 2 7 121 2252 4611 2251
3214 2 2 7 121 2251 3780 3779
3215 2 2 7 121 3779 4218 2251
3216 2 2 7 121 2251 4611 3780
3217 2 2 7 121 2253 2254 2252
3218 2 2 7 121 2254 2259 2252
3219 2 2 7 121 2259 4611 2252
3220 2 2 7 121 2253 2255 2254
3221 2 2 7 121 2253 3418 2255
3222 2 2 7 121 3416 3418 2253
3223 2 2 7 121 2255 2256 2254
3224 2 2 7 121 2256 3921 2254
3225 2 2 7 121 2254 3921 2259
3226 2 2 7 121 2255 2261 2256
3227 2 2 7 121 2255 2319 2261
3228 2 2 7 121 2255 3418 2319
3229 2 2 7 121 2261 2262 2256
3230 2 2 7 121 2262 2263 2256
3231 2 2 7 121 2263 3921 2256
3232 2 2 7 121 2257 4362 3614
3233 2 2 7 121 3872 4093 2257
3234 2 2 7 121 4093 4362 2257
3235 2 2 7 121 2258 3715 3714
3236 2 2 7 121 3714 3716 2258
3237 2 2 7 121 2258 4720 3715
3238 2 2 7 121 3716 4243 2258
3239 2 2 7 121 3921 4251 2259
3240 2 2 7 121 4251 4346 2259
3241 2 2 7 121 4346 4611 2259
3242 2 2 7 121 2260 3330 3237
3243 2 2 7 121 2260 4343 3330
3244 2 2 7 121 3947 4343 2260
3245 2 2 7 121 2261 3461 2262
3246 2 2 7 121 2319 4393 2261
3247 2 2 7 121 2261 4393 3461
3248 2 2 7 121 2262 2264 2263
3249 2 2 7 121 2262 2265 2264
3250 2 2 7 121 2262 3461 2265
3251 2 2 7 121 2264 2279 2263
3252 2 2 7 121 2279 3300 2263
3253 2 2 7 121 3300 3921 2263
3254 2 2 7 121 2265 2266 2264
3255 2 2 7 121 2266 3972 2264
3256 2 2 7 121 2264 3972 2279
3257 2 2 7 121 2265 2267 2266
3258 2 2 7 121 2265 3210 2267
3259 2 2 7 121 2265 3461 3210
3260 2 2 7 121 2267 2268 2266
3261 2 2 7 121 2268 3879 2266
3262 2 2 7 121 3879 3972 2266
3263 2 2 7 121 2267 2269 2268
3264 2 2 7 121 2267 4085 2269
3265 2 2 7 121 3210 4085 2267
3266 2 2 7 121 2269 2270 2268
3267 2 2 7 121 2270 2271 2268
3268 2 2 7 121 2271 3879 2268
3269 2 2 7 121 2269 3404 2270
3270 2 2 7 121 2269 3405 3404
3271 2 2 7 121 2269 4085 3405
3272 2 2 7 121 2270 2272 2271
3273 2 2 7 121 2270 2273 2272
3274 2 2 7 121 2270 3404 2273
3275 2 2 7 121 2272 3144 2271
3276 2 2 7 121 3144 3145 2271
3277 2 2 7 121 3145 3879 2271
3278 2 2 7 121 2273 2274 2272
3279 2 2 7 121 2274 4386 2272
3280 2 2 7 121 2272 4386 3144
3281 2 2 7 121 2273 2275 2274
3282 2 2 7 121 2273 3483 2275
3283 2 2 7 121 3404 3483 2273
3284 2 2 7 121 2275 2276 2274
3285 2 2 7 121 2276 4124 2274
3286 2 2 7 121 4124 4386 2274
3287 2 2 7 121 2275 2277 2276
3288 2 2 7 121 2275 3177 2277
3289 2 2 7 121 2275 3483 3177
3290 2 2 7 121 2277 2278 2276
3291 2 2 7 121 2278 2280 2276
3292 2 2 7 121 2280 4124 2276
3293 2 2 7 121 2277 3890 2278
3294 2 2 7 121 3177 3247 2277
3295 2 2 7 121 3247 3890 2277
3296 2 2 7 121 2278 2281 2280
3297 2 2 7 121 2278 2282 2281
3298 2 2 7 121 2278 3890 2282
3299 2 2 7 121 2279 3312 3300
3300 2 2 7 121 2279 4145 3312
3301 2 2 7 121 3972 4145 2279
3302 2 2 7 121 2281 2524 2280
3303 2 2 7 121 2524 4643 2280
3304 2 2 7 121 3877 4124 2280
3305 2 2 7 121 2280 4643 3877
3306 2 2 7 121 2282 2283 2281
3307 2 2 7 121 2283 3922 2281
3308 2 2 7 121 2281 3922 2524
3309 2 2 7 121 2282 2284 2283
3310 2 2 7 121 2282 3221 2284
3311 2 2 7 121 2282 3890 3221
3312 2 2 7 121 2284 2285 2283
3313 2 2 7 121 2285 2286 2283
3314 2 2 7 121 2286 3922 2283
3315 2 2 7 121 2284 3894 2285
3316 2 2 7 121 3221 3222 2284
3317 2 2 7 121 3222 3894 2284
3318 2 2 7 121 2285 2287 2286
3319 2 2 7 121 2285 2288 2287
3320 2 2 7 121 2285 3894 2288
3321 2 2 7 121 2287 3305 2286
3322 2 2 7 121 3305 4211 2286
3323 2 2 7 121 2286 4211 3922
3324 2 2 7 121 2288 2289 2287
3325 2 2 7 121 2289 3792 2287
3326 2 2 7 121 2287 3792 3305
3327 2 2 7 121 2288 2290 2289
3328 2 2 7 121 2288 3534 2290
3329 2 2 7 121 2288 3894 3534
3330 2 2 7 121 2290 2291 2289
3331 2 2 7 121 2291 2517 2289
3332 2 2 7 121 2517 3792 2289
3333 2 2 7 121 2290 2292 2291
3334 2 2 7 121 2290 3150 2292
3335 2 2 7 121 2290 3534 3150
3336 2 2 7 121 2292 2293 2291
3337 2 2 7 121 2293 3874 2291
3338 2 2 7 121 2291 3874 2517
3339 2 2 7 121 2292 2294 2293
3340 2 2 7 121 2292 4146 2294
3341 2 2 7 121 3150 4146 2292
3342 2 2 7 121 2294 2295 2293
3343 2 2 7 121 2295 2296 2293
3344 2 2 7 121 2296 3874 2293
3345 2 2 7 121 2294 3589 2295
3346 2 2 7 121 2294 3590 3589
3347 2 2 7 121 2294 4146 3590
3348 2 2 7 121 2295 2297 2296
3349 2 2 7 121 2295 2298 2297
3350 2 2 7 121 2295 3589 2298
3351 2 2 7 121 2297 2514 2296
3352 2 2 7 121 2514 3157 2296
3353 2 2 7 121 3157 3874 2296
3354 2 2 7 121 2298 2299 2297
3355 2 2 7 121 2299 3464 2297
3356 2 2 7 121 2297 3464 2514
3357 2 2 7 121 2298 2300 2299
3358 2 2 7 121 2298 3591 2300
3359 2 2 7 121 3589 3591 2298
3360 2 2 7 121 2300 2301 2299
3361 2 2 7 121 2301 3959 2299
3362 2 2 7 121 2299 3959 3464
3363 2 2 7 121 2300 2302 2301
3364 2 2 7 121 2300 3274 2302
3365 2 2 7 121 2300 3591 3274
3366 2 2 7 121 2302 2303 2301
3367 2 2 7 121 2303 2304 2301
3368 2 2 7 121 2304 3959 2301
3369 2 2 7 121 2302 3906 2303
3370 2 2 7 121 3274 3275 2302
3371 2 2 7 121 3275 3906 2302
3372 2 2 7 121 2303 2305 2304
3373 2 2 7 121 2303 2306 2305
3374 2 2 7 121 2303 3906 2306
3375 2 2 7 121 2305 3223 2304
3376 2 2 7 121 3223 3224 2304
3377 2 2 7 121 3224 3959 2304
3378 2 2 7 121 2306 2307 2305
3379 2 2 7 121 2307 3925 2305
3380 2 2 7 121 2305 3925 3223
3381 2 2 7 121 2306 2308 2307
3382 2 2 7 121 2306 3283 2308
3383 2 2 7 121 2306 3906 3283
3384 2 2 7 121 2308 2309 2307
3385 2 2 7 121 2309 2310 2307
3386 2 2 7 121 2310 3925 2307
3387 2 2 7 121 2308 4241 2309
3388 2 2 7 121 3283 3284 2308
3389 2 2 7 121 3284 4241 2308
3390 2 2 7 121 2309 2311 2310
3391 2 2 7 121 2309 2312 2311
3392 2 2 7 121 2309 4241 2312
3393 2 2 7 121 2311 3238 2310
3394 2 2 7 121 3238 3239 2310
3395 2 2 7 121 3239 3925 2310
3396 2 2 7 121 2312 2313 2311
3397 2 2 7 121 2313 3923 2311
3398 2 2 7 121 2311 3923 3238
3399 2 2 7 121 2312 2314 2313
3400 2 2 7 121 2312 4330 2314
3401 2 2 7 121 4241 4330 2312
3402 2 2 7 121 2314 2315 2313
3403 2 2 7 121 2315 2318 2313
3404 2 2 7 121 2318 3923 2313
3405 2 2 7 121 2314 2316 2315
3406 2 2 7 121 2314 2521 2316
3407 2 2 7 121 2314 4330 2521
3408 2 2 7 121 2316 2317 2315
3409 2 2 7 121 2317 4135 2315
3410 2 2 7 121 2315 4135 2318
3411 2 2 7 121 2316 2320 2317
3412 2 2 7 121 2316 3470 2320
3413 2 2 7 121 2521 3470 2316
3414 2 2 7 121 2320 2321 2317
3415 2 2 7 121 2321 2322 2317
3416 2 2 7 121 2322 4135 2317
3417 2 2 7 121 2318 4578 3923
3418 2 2 7 121 4135 4410 2318
3419 2 2 7 121 4410 4578 2318
3420 2 2 7 121 3418 4234 2319
3421 2 2 7 121 2319 4234 4136
3422 2 2 7 121 4136 4393 2319
3423 2 2 7 121 2320 3420 2321
3424 2 2 7 121 2320 4459 3420
3425 2 2 7 121 3470 4459 2320
3426 2 2 7 121 2321 2323 2322
3427 2 2 7 121 2321 2324 2323
3428 2 2 7 121 2321 3420 2324
3429 2 2 7 121 2323 2518 2322
3430 2 2 7 121 2518 4620 2322
3431 2 2 7 121 3789 4135 2322
3432 2 2 7 121 2322 4620 3789
3433 2 2 7 121 2324 2325 2323
3434 2 2 7 121 2325 3946 2323
3435 2 2 7 121 2323 3946 2518
3436 2 2 7 121 2324 2326 2325
3437 2 2 7 121 2324 2353 2326
3438 2 2 7 121 2324 3420 2353
3439 2 2 7 121 2326 2327 2325
3440 2 2 7 121 2327 2328 2325
3441 2 2 7 121 2328 3946 2325
3442 2 2 7 121 2326 3450 2327
3443 2 2 7 121 2353 4086 2326
3444 2 2 7 121 2326 4086 3450
3445 2 2 7 121 2327 2329 2328
3446 2 2 7 121 2327 2330 2329
3447 2 2 7 121 2327 3450 2330
3448 2 2 7 121 2329 3323 2328
3449 2 2 7 121 3323 4193 2328
3450 2 2 7 121 2328 4193 3946
3451 2 2 7 121 2330 2331 2329
3452 2 2 7 121 2331 3934 2329
3453 2 2 7 121 2329 3934 3323
3454 2 2 7 121 2330 2332 2331
3455 2 2 7 121 2330 2355 2332
3456 2 2 7 121 2330 3450 2355
3457 2 2 7 121 2332 2333 2331
3458 2 2 7 121 2333 2334 2331
3459 2 2 7 121 2334 3934 2331
3460 2 2 7 121 2332 3775 2333
3461 2 2 7 121 2355 3187 2332
3462 2 2 7 121 3187 3775 2332
3463 2 2 7 121 2333 2335 2334
3464 2 2 7 121 2333 2336 2335
3465 2 2 7 121 2333 3775 2336
3466 2 2 7 121 2335 3268 2334
3467 2 2 7 121 3268 3269 2334
3468 2 2 7 121 3269 3934 2334
3469 2 2 7 121 2336 2337 2335
3470 2 2 7 121 2337 4062 2335
3471 2 2 7 121 2335 4062 3268
3472 2 2 7 121 2336 2338 2337
3473 2 2 7 121 2336 4237 2338
3474 2 2 7 121 3775 4237 2336
3475 2 2 7 121 2338 2339 2337
3476 2 2 7 121 2339 2385 2337
3477 2 2 7 121 2385 4062 2337
3478 2 2 7 121 2338 2340 2339
3479 2 2 7 121 2338 2352 2340
3480 2 2 7 121 2338 4237 2352
3481 2 2 7 121 2340 2341 2339
3482 2 2 7 121 2341 4266 2339
3483 2 2 7 121 2339 4266 2385
3484 2 2 7 121 2340 2342 2341
3485 2 2 7 121 2340 3462 2342
3486 2 2 7 121 2352 3462 2340
3487 2 2 7 121 2342 2343 2341
3488 2 2 7 121 2343 4260 2341
3489 2 2 7 121 4260 4266 2341
3490 2 2 7 121 2342 2344 2343
3491 2 2 7 121 2342 3259 2344
3492 2 2 7 121 2342 3462 3259
3493 2 2 7 121 2344 2345 2343
3494 2 2 7 121 2345 2346 2343
3495 2 2 7 121 2346 4260 2343
3496 2 2 7 121 2344 3500 2345
3497 2 2 7 121 3259 3260 2344
3498 2 2 7 121 3260 3500 2344
3499 2 2 7 121 2345 2347 2346
3500 2 2 7 121 2345 2348 2347
3501 2 2 7 121 2345 3500 2348
3502 2 2 7 121 2347 2354 2346
3503 2 2 7 121 2354 3287 2346
3504 2 2 7 121 3287 4260 2346
3505 2 2 7 121 2348 2349 2347
3506 2 2 7 121 2349 3920 2347
3507 2 2 7 121 2347 3920 2354
3508 2 2 7 121 2348 2350 2349
3509 2 2 7 121 2348 3272 2350
3510 2 2 7 121 2348 3500 3272
3511 2 2 7 121 2350 2351 2349
3512 2 2 7 121 2351 2356 2349
3513 2 2 7 121 2356 3920 2349
3514 2 2 7 121 2350 3599 2351
3515 2 2 7 121 3272 3273 2350
3516 2 2 7 121 3273 3599 2350
3517 2 2 7 121 2351 2357 2356
3518 2 2 7 121 2351 2358 2357
3519 2 2 7 121 2351 3599 2358
3520 2 2 7 121 2352 4660 3462
3521 2 2 7 121 4237 4471 2352
3522 2 2 7 121 4471 4660 2352
3523 2 2 7 121 3420 3421 2353
3524 2 2 7 121 3421 3422 2353
3525 2 2 7 121 3422 4086 2353
3526 2 2 7 121 2354 3317 3287
3527 2 2 7 121 2354 4221 3317
3528 2 2 7 121 3920 4221 2354
3529 2 2 7 121 2355 3235 3187
3530 2 2 7 121 2355 4204 3235
3531 2 2 7 121 3450 4204 2355
3532 2 2 7 121 2357 2383 2356
3533 2 2 7 121 2383 4275 2356
3534 2 2 7 121 2356 4275 3920
3535 2 2 7 121 2358 2359 2357
3536 2 2 7 121 2359 4657 2357
3537 2 2 7 121 2357 4657 2383
3538 2 2 7 121 2358 2360 2359
3539 2 2 7 121 2358 3600 2360
3540 2 2 7 121 3599 3600 2358
3541 2 2 7 121 2360 2361 2359
3542 2 2 7 121 2361 4098 2359
3543 2 2 7 121 4098 4657 2359
3544 2 2 7 121 2360 2362 2361
3545 2 2 7 121 2360 2516 2362
3546 2 2 7 121 2360 3600 2516
3547 2 2 7 121 2362 2363 2361
3548 2 2 7 121 2363 2364 2361
3549 2 2 7 121 2364 4098 2361
3550 2 2 7 121 2362 3519 2363
3551 2 2 7 121 2516 4187 2362
3552 2 2 7 121 2362 4187 3519
3553 2 2 7 121 2363 2365 2364
3554 2 2 7 121 2363 2366 2365
3555 2 2 7 121 2363 3519 2366
3556 2 2 7 121 2365 2522 2364
3557 2 2 7 121 2522 3288 2364
3558 2 2 7 121 3288 4098 2364
3559 2 2 7 121 2366 2367 2365
3560 2 2 7 121 2367 3935 2365
3561 2 2 7 121 2365 3935 2522
3562 2 2 7 121 2366 2368 2367
3563 2 2 7 121 2366 3165 2368
3564 2 2 7 121 2366 3519 3165
3565 2 2 7 121 2368 2369 2367
3566 2 2 7 121 2369 2384 2367
3567 2 2 7 121 2384 3935 2367
3568 2 2 7 121 2368 2370 2369
3569 2 2 7 121 2368 3521 2370
3570 2 2 7 121 3165 3521 2368
3571 2 2 7 121 2370 2371 2369
3572 2 2 7 121 2371 3957 2369
3573 2 2 7 121 2369 3957 2384
3574 2 2 7 121 2370 2372 2371
3575 2 2 7 121 2370 4099 2372
3576 2 2 7 121 3521 4099 2370
3577 2 2 7 121 2372 2373 2371
3578 2 2 7 121 2373 2374 2371
3579 2 2 7 121 2374 3957 2371
3580 2 2 7 121 2372 3481 2373
3581 2 2 7 121 2372 4166 3481
3582 2 2 7 121 4099 4166 2372
3583 2 2 7 121 2373 2375 2374
3584 2 2 7 121 2373 2376 2375
3585 2 2 7 121 2373 3481 2376
3586 2 2 7 121 2375 3196 2374
3587 2 2 7 121 3196 3347 2374
3588 2 2 7 121 3347 3957 2374
3589 2 2 7 121 2376 2377 2375
3590 2 2 7 121 2377 4487 2375
3591 2 2 7 121 2375 4487 3196
3592 2 2 7 121 2376 2378 2377
3593 2 2 7 121 2376 3166 2378
3594 2 2 7 121 2376 3481 3166
3595 2 2 7 121 2378 2379 2377
3596 2 2 7 121 2379 2382 2377
3597 2 2 7 121 2382 4487 2377
3598 2 2 7 121 2378 2380 2379
3599 2 2 7 121 2378 4131 2380
3600 2 2 7 121 3166 4131 2378
3601 2 2 7 121 2380 2381 2379
3602 2 2 7 121 2381 3948 2379
3603 2 2 7 121 2379 3948 2382
3604 2 2 7 121 2380 2386 2381
3605 2 2 7 121 2380 3143 2386
3606 2 2 7 121 2380 4131 3143
3607 2 2 7 121 2386 2387 2381
3608 2 2 7 121 2387 2388 2381
3609 2 2 7 121 2388 3948 2381
3610 2 2 7 121 2382 4478 3719
3611 2 2 7 121 3719 4487 2382
3612 2 2 7 121 3948 4056 2382
3613 2 2 7 121 4056 4478 2382
3614 2 2 7 121 2383 3827 3826
3615 2 2 7 121 3826 4013 2383
3616 2 2 7 121 2383 4657 3827
3617 2 2 7 121 4013 4275 2383
3618 2 2 7 121 2384 4412 3935
3619 2 2 7 121 3957 4173 2384
3620 2 2 7 121 4173 4412 2384
3621 2 2 7 121 3366 4062 2385
3622 2 2 7 121 2385 4672 3366
3623 2 2 7 121 4266 4672 2385
3624 2 2 7 121 2386 3551 2387
3625 2 2 7 121 3143 4656 2386
3626 2 2 7 121 2386 4656 3551
3627 2 2 7 121 2387 2389 2388
3628 2 2 7 121 2387 2390 2389
3629 2 2 7 121 2387 3551 2390
3630 2 2 7 121 2389 2462 2388
3631 2 2 7 121 2462 3241 2388
3632 2 2 7 121 3241 3948 2388
3633 2 2 7 121 2390 2391 2389
3634 2 2 7 121 2391 3901 2389
3635 2 2 7 121 2389 3901 2462
3636 2 2 7 121 2390 2392 2391
3637 2 2 7 121 2390 3243 2392
3638 2 2 7 121 2390 3551 3243
3639 2 2 7 121 2392 2393 2391
3640 2 2 7 121 2393 2394 2391
3641 2 2 7 121 2394 3901 2391
3642 2 2 7 121 2392 3579 2393
3643 2 2 7 121 3243 3244 2392
3644 2 2 7 121 3244 3579 2392
3645 2 2 7 121 2393 2395 2394
3646 2 2 7 121 2393 2396 2395
3647 2 2 7 121 2393 3579 2396
3648 2 2 7 121 2395 2400 2394
3649 2 2 7 121 2400 3278 2394
3650 2 2 7 121 3278 3901 2394
3651 2 2 7 121 2396 2397 2395
3652 2 2 7 121 2397 3875 2395
3653 2 2 7 121 2395 3875 2400
3654 2 2 7 121 2396 2398 2397
3655 2 2 7 121 2396 3265 2398
3656 2 2 7 121 2396 3579 3265
3657 2 2 7 121 2398 2399 2397
3658 2 2 7 121 2399 2401 2397
3659 2 2 7 121 2401 3875 2397
3660 2 2 7 121 2398 3561 2399
3661 2 2 7 121 3265 3266 2398
3662 2 2 7 121 3266 3561 2398
3663 2 2 7 121 2399 2402 2401
3664 2 2 7 121 2399 2403 2402
3665 2 2 7 121 2399 3561 2403
3666 2 2 7 121 2400 3320 3278
3667 2 2 7 121 2400 4246 3320
3668 2 2 7 121 3875 4246 2400
3669 2 2 7 121 2402 3261 2401
3670 2 2 7 121 3261 4265 2401
3671 2 2 7 121 2401 4265 3875
3672 2 2 7 121 2403 2404 2402
3673 2 2 7 121 2404 3902 2402
3674 2 2 7 121 2402 3902 3261
3675 2 2 7 121 2403 2405 2404
3676 2 2 7 121 2403 3562 2405
3677 2 2 7 121 3561 3562 2403
3678 2 2 7 121 2405 2406 2404
3679 2 2 7 121 2406 2512 2404
3680 2 2 7 121 2512 3902 2404
3681 2 2 7 121 2405 2407 2406
3682 2 2 7 121 2405 2520 2407
3683 2 2 7 121 2405 3562 2520
3684 2 2 7 121 2407 2408 2406
3685 2 2 7 121 2408 3876 2406
3686 2 2 7 121 2406 3876 2512
3687 2 2 7 121 2407 2409 2408
3688 2 2 7 121 2407 4185 2409
3689 2 2 7 121 2520 4185 2407
3690 2 2 7 121 2409 2410 2408
3691 2 2 7 121 2410 2411 2408
3692 2 2 7 121 2411 3876 2408
3693 2 2 7 121 2409 3438 2410
3694 2 2 7 121 2409 3439 3438
3695 2 2 7 121 2409 4185 3439
3696 2 2 7 121 2410 2412 2411
3697 2 2 7 121 2410 2413 2412
3698 2 2 7 121 2410 3438 2413
3699 2 2 7 121 2412 3255 2411
3700 2 2 7 121 3255 3256 2411
3701 2 2 7 121 3256 3876 2411
3702 2 2 7 121 2413 2414 2412
3703 2 2 7 121 2414 4024 2412
3704 2 2 7 121 2412 4024 3255
3705 2 2 7 121 2413 2415 2414
3706 2 2 7 121 2413 3204 2415
3707 2 2 7 121 2413 3438 3204
3708 2 2 7 121 2415 2416 2414
3709 2 2 7 121 2416 2417 2414
3710 2 2 7 121 2417 4024 2414
3711 2 2 7 121 2415 3917 2416
3712 2 2 7 121 3204 3205 2415
3713 2 2 7 121 3205 3917 2415
3714 2 2 7 121 2416 2418 2417
3715 2 2 7 121 2416 2419 2418
3716 2 2 7 121 2416 3917 2419
3717 2 2 7 121 2418 3702 2417
3718 2 2 7 121 3702 3703 2417
3719 2 2 7 121 3703 4024 2417
3720 2 2 7 121 2419 2420 2418
3721 2 2 7 121 2420 3195 2418
3722 2 2 7 121 3195 3702 2418
3723 2 2 7 121 2419 2421 2420
3724 2 2 7 121 2419 3510 2421
3725 2 2 7 121 2419 3917 3510
3726 2 2 7 121 2421 2422 2420
3727 2 2 7 121 2422 4490 2420
3728 2 2 7 121 2420 4490 3195
3729 2 2 7 121 2421 2423 2422
3730 2 2 7 121 2421 2425 2423
3731 2 2 7 121 2421 3510 2425
3732 2 2 7 121 2423 2424 2422
3733 2 2 7 121 2424 2426 2422
3734 2 2 7 121 2426 4490 2422
3735 2 2 7 121 2423 3592 2424
3736 2 2 7 121 2425 3311 2423
3737 2 2 7 121 3311 3592 2423
3738 2 2 7 121 2424 2427 2426
3739 2 2 7 121 2424 2428 2427
3740 2 2 7 121 2424 3592 2428
3741 2 2 7 121 2425 4129 3311
3742 2 2 7 121 3510 4584 2425
3743 2 2 7 121 3723 4129 2425
3744 2 2 7 121 2425 4584 3723
3745 2 2 7 121 2427 3183 2426
3746 2 2 7 121 3183 4438 2426
3747 2 2 7 121 2426 4438 3701
3748 2 2 7 121 3701 4490 2426
3749 2 2 7 121 2428 2429 2427
3750 2 2 7 121 2429 3919 2427
3751 2 2 7 121 2427 3919 3183
3752 2 2 7 121 2428 2430 2429
3753 2 2 7 121 2428 2511 2430
3754 2 2 7 121 2428 3592 2511
3755 2 2 7 121 2430 2431 2429
3756 2 2 7 121 2431 2432 2429
3757 2 2 7 121 2432 3919 2429
3758 2 2 7 121 2430 3601 2431
3759 2 2 7 121 2511 2523 2430
3760 2 2 7 121 2523 3601 2430
3761 2 2 7 121 2431 2433 2432
3762 2 2 7 121 2431 2434 2433
3763 2 2 7 121 2431 3601 2434
3764 2 2 7 121 2433 2519 2432
3765 2 2 7 121 2519 4524 2432
3766 2 2 7 121 2432 4524 3919
3767 2 2 7 121 2434 2435 2433
3768 2 2 7 121 2435 4250 2433
3769 2 2 7 121 2433 4250 2519
3770 2 2 7 121 2434 2436 2435
3771 2 2 7 121 2434 3953 2436
3772 2 2 7 121 3601 3953 2434
3773 2 2 7 121 2436 2437 2435
3774 2 2 7 121 2437 4693 2435
3775 2 2 7 121 3798 4250 2435
3776 2 2 7 121 2435 4693 3798
3777 2 2 7 121 2436 2438 2437
3778 2 2 7 121 2436 2440 2438
3779 2 2 7 121 2436 3953 2440
3780 2 2 7 121 2438 2439 2437
3781 2 2 7 121 2439 2443 2437
3782 2 2 7 121 2443 4693 2437
3783 2 2 7 121 2438 2441 2439
3784 2 2 7 121 2440 3467 2438
3785 2 2 7 121 2438 3467 2441
3786 2 2 7 121 2441 2442 2439
3787 2 2 7 121 2442 3530 2439
3788 2 2 7 121 2439 3530 2443
3789 2 2 7 121 2440 3468 3467
3790 2 2 7 121 2440 3469 3468
3791 2 2 7 121 2440 3953 3469
3792 2 2 7 121 2441 2444 2442
3793 2 2 7 121 2441 4031 2444
3794 2 2 7 121 3467 4031 2441
3795 2 2 7 121 2444 2445 2442
3796 2 2 7 121 2445 2446 2442
3797 2 2 7 121 2446 3530 2442
3798 2 2 7 121 3530 4253 2443
3799 2 2 7 121 4253 4477 2443
3800 2 2 7 121 4477 4693 2443
3801 2 2 7 121 2444 3560 2445
3802 2 2 7 121 2444 4292 3560
3803 2 2 7 121 4031 4292 2444
3804 2 2 7 121 2445 2447 2446
3805 2 2 7 121 2445 2448 2447
3806 2 2 7 121 2445 3560 2448
3807 2 2 7 121 2447 2450 2446
3808 2 2 7 121 2450 3992 2446
3809 2 2 7 121 2446 3992 3530
3810 2 2 7 121 2448 2449 2447
3811 2 2 7 121 2449 4426 2447
3812 2 2 7 121 2447 4426 2450
3813 2 2 7 121 2448 2451 2449
3814 2 2 7 121 2448 2525 2451
3815 2 2 7 121 2448 3560 2525
3816 2 2 7 121 2451 2452 2449
3817 2 2 7 121 2452 3525 2449
3818 2 2 7 121 3525 4426 2449
3819 2 2 7 121 3708 3992 2450
3820 2 2 7 121 2450 4694 3708
3821 2 2 7 121 4426 4694 2450
3822 2 2 7 121 2451 2453 2452
3823 2 2 7 121 2451 4182 2453
3824 2 2 7 121 2525 4182 2451
3825 2 2 7 121 2453 2454 2452
3826 2 2 7 121 2454 2455 2452
3827 2 2 7 121 2455 3525 2452
3828 2 2 7 121 2453 3513 2454
3829 2 2 7 121 2453 3514 3513
3830 2 2 7 121 2453 4182 3514
3831 2 2 7 121 2454 2456 2455
3832 2 2 7 121 2454 2457 2456
3833 2 2 7 121 2454 3513 2457
3834 2 2 7 121 2456 3517 2455
3835 2 2 7 121 3517 3518 2455
3836 2 2 7 121 3518 3525 2455
3837 2 2 7 121 2457 2458 2456
3838 2 2 7 121 2458 2461 2456
3839 2 2 7 121 2461 3517 2456
3840 2 2 7 121 2457 2459 2458
3841 2 2 7 121 2457 3302 2459
3842 2 2 7 121 2457 3513 3302
3843 2 2 7 121 2459 2460 2458
3844 2 2 7 121 2460 3893 2458
3845 2 2 7 121 2458 3893 2461
3846 2 2 7 121 2459 2463 2460
3847 2 2 7 121 2459 3516 2463
3848 2 2 7 121 3302 3516 2459
3849 2 2 7 121 2463 2464 2460
3850 2 2 7 121 2464 2465 2460
3851 2 2 7 121 2465 3893 2460
3852 2 2 7 121 2461 4437 3517
3853 2 2 7 121 3893 4200 2461
3854 2 2 7 121 4200 4437 2461
3855 2 2 7 121 2462 4515 3241
3856 2 2 7 121 3901 4273 2462
3857 2 2 7 121 4273 4515 2462
3858 2 2 7 121 2463 3504 2464
3859 2 2 7 121 2463 4372 3504
3860 2 2 7 121 3516 4372 2463
3861 2 2 7 121 2464 2466 2465
3862 2 2 7 121 2464 2467 2466
3863 2 2 7 121 2464 3504 2467
3864 2 2 7 121 2466 3206 2465
3865 2 2 7 121 3206 3329 2465
3866 2 2 7 121 3329 3893 2465
3867 2 2 7 121 2467 2468 2466
3868 2 2 7 121 2468 3949 2466
3869 2 2 7 121 2466 3949 3206
3870 2 2 7 121 2467 2469 2468
3871 2 2 7 121 2467 3184 2469
3872 2 2 7 121 2467 3504 3184
3873 2 2 7 121 2469 2470 2468
3874 2 2 7 121 2470 2471 2468
3875 2 2 7 121 2471 3949 2468
3876 2 2 7 121 2469 3440 2470
3877 2 2 7 121 3184 4117 2469
3878 2 2 7 121 2469 4117 3440
3879 2 2 7 121 2470 2472 2471
3880 2 2 7 121 2470 2473 2472
3881 2 2 7 121 2470 3440 2473
3882 2 2 7 121 2472 3198 2471
3883 2 2 7 121 3198 3199 2471
3884 2 2 7 121 3199 3949 2471
3885 2 2 7 121 2473 2474 2472
3886 2 2 7 121 2474 3950 2472
3887 2 2 7 121 2472 3950 3198
3888 2 2 7 121 2473 2475 2474
3889 2 2 7 121 2473 3185 2475
3890 2 2 7 121 2473 3440 3185
3891 2 2 7 121 2475 2476 2474
3892 2 2 7 121 2476 2479 2474
3893 2 2 7 121 2479 3950 2474
3894 2 2 7 121 2475 2477 2476
3895 2 2 7 121 2475 3956 2477
3896 2 2 7 121 3185 3956 2475
3897 2 2 7 121 2477 2478 2476
3898 2 2 7 121 2478 3584 2476
3899 2 2 7 121 2476 3584 2479
3900 2 2 7 121 2477 2480 2478
3901 2 2 7 121 2477 2513 2480
3902 2 2 7 121 2477 3956 2513
3903 2 2 7 121 2480 2481 2478
3904 2 2 7 121 2481 2482 2478
3905 2 2 7 121 2482 3584 2478
3906 2 2 7 121 3584 4289 2479
3907 2 2 7 121 2479 4531 3950
3908 2 2 7 121 4289 4531 2479
3909 2 2 7 121 2480 3501 2481
3910 2 2 7 121 2513 4465 2480
3911 2 2 7 121 2480 4465 3501
3912 2 2 7 121 2481 2483 2482
3913 2 2 7 121 2481 2484 2483
3914 2 2 7 121 2481 3501 2484
3915 2 2 7 121 2483 2499 2482
3916 2 2 7 121 2499 3249 2482
3917 2 2 7 121 3249 3584 2482
3918 2 2 7 121 2484 2485 2483
3919 2 2 7 121 2485 3945 2483
3920 2 2 7 121 2483 3945 2499
3921 2 2 7 121 2484 2486 2485
3922 2 2 7 121 2484 3263 2486
3923 2 2 7 121 2484 3501 3263
3924 2 2 7 121 2486 2487 2485
3925 2 2 7 121 2487 2488 2485
3926 2 2 7 121 2488 3945 2485
3927 2 2 7 121 2486 3415 2487
3928 2 2 7 121 3263 4034 2486
3929 2 2 7 121 2486 4034 3415
3930 2 2 7 121 2487 2489 2488
3931 2 2 7 121 2487 2490 2489
3932 2 2 7 121 2487 3415 2490
3933 2 2 7 121 2489 2500 2488
3934 2 2 7 121 2500 4242 2488
3935 2 2 7 121 2488 4242 3945
3936 2 2 7 121 2490 2491 2489
3937 2 2 7 121 2491 4692 2489
3938 2 2 7 121 2489 4692 2500
3939 2 2 7 121 2490 2492 2491
3940 2 2 7 121 2490 3478 2492
3941 2 2 7 121 3415 3478 2490
3942 2 2 7 121 2492 2493 2491
3943 2 2 7 121 2493 4443 2491
3944 2 2 7 121 4443 4692 2491
3945 2 2 7 121 2492 2494 2493
3946 2 2 7 121 2492 2527 2494
3947 2 2 7 121 2492 3478 2527
3948 2 2 7 121 2494 2495 2493
3949 2 2 7 121 2495 2496 2493
3950 2 2 7 121 2496 4443 2493
3951 2 2 7 121 2494 2497 2495
3952 2 2 7 121 2494 4176 2497
3953 2 2 7 121 2527 4176 2494
3954 2 2 7 121 2495 3585 2496
3955 2 2 7 121 2497 2498 2495
3956 2 2 7 121 2498 3585 2495
3957 2 2 7 121 3585 4188 2496
3958 2 2 7 121 2496 4188 3805
3959 2 2 7 121 3805 4443 2496
3960 2 2 7 121 2497 2501 2498
3961 2 2 7 121 2497 3203 2501
3962 2 2 7 121 2497 4176 3203
3963 2 2 7 121 2501 2502 2498
3964 2 2 7 121 2502 2503 2498
3965 2 2 7 121 2503 3585 2498
3966 2 2 7 121 2499 3321 3249
3967 2 2 7 121 2499 4285 3321
3968 2 2 7 121 3945 4285 2499
3969 2 2 7 121 2500 3803 3704
3970 2 2 7 121 3704 4242 2500
3971 2 2 7 121 2500 3804 3803
3972 2 2 7 121 2500 4692 3804
3973 2 2 7 121 2501 3384 2502
3974 2 2 7 121 3203 3383 2501
3975 2 2 7 121 3383 3384 2501
3976 2 2 7 121 2502 2504 2503
3977 2 2 7 121 2502 2505 2504
3978 2 2 7 121 2502 3384 2505
3979 2 2 7 121 2504 4365 2503
3980 2 2 7 121 2503 4609 3585
3981 2 2 7 121 4365 4609 2503
3982 2 2 7 121 2505 2506 2504
3983 2 2 7 121 2506 2509 2504
3984 2 2 7 121 2509 4365 2504
3985 2 2 7 121 2505 2507 2506
3986 2 2 7 121 2505 4083 2507
3987 2 2 7 121 3384 4083 2505
3988 2 2 7 121 2507 2508 2506
3989 2 2 7 121 2508 3916 2506
3990 2 2 7 121 2506 3916 2509
3991 2 2 7 121 2507 2528 2508
3992 2 2 7 121 2507 3137 2528
3993 2 2 7 121 2507 4083 3137
3994 2 2 7 121 2528 2529 2508
3995 2 2 7 121 2529 2530 2508
3996 2 2 7 121 2530 3916 2508
3997 2 2 7 121 2509 3916 3353
3998 2 2 7 121 3353 4134 2509
3999 2 2 7 121 4134 4365 2509
4000 2 2 7 121 2510 4717 3248
4001 2 2 7 121 3484 4518 2510
4002 2 2 7 121 4518 4717 2510
4003 2 2 7 121 2511 3211 2523
4004 2 2 7 121 2511 4392 3211
4005 2 2 7 121 3592 4392 2511
4006 2 2 7 121 3876 4339 2512
4007 2 2 7 121 2512 4587 3902
4008 2 2 7 121 4339 4587 2512
4009 2 2 7 121 2513 3956 3682
4010 2 2 7 121 3682 4183 2513
4011 2 2 7 121 4183 4465 2513
4012 2 2 7 121 2514 3303 3157
4013 2 2 7 121 2514 4496 3303
4014 2 2 7 121 3464 4496 2514
4015 2 2 7 121 2515 3603 3602
4016 2 2 7 121 2515 4509 3603
4017 2 2 7 121 4218 4509 2515
4018 2 2 7 121 3600 4558 2516
4019 2 2 7 121 3757 4187 2516
4020 2 2 7 121 2516 4558 3757
4021 2 2 7 121 2517 3793 3792
4022 2 2 7 121 2517 4350 3793
4023 2 2 7 121 3874 4350 2517
4024 2 2 7 121 2518 4428 3784
4025 2 2 7 121 3784 4620 2518
4026 2 2 7 121 3946 4428 2518
4027 2 2 7 121 2519 4288 3737
4028 2 2 7 121 3737 4524 2519
4029 2 2 7 121 4250 4288 2519
4030 2 2 7 121 3562 4535 2520
4031 2 2 7 121 2520 4535 3795
4032 2 2 7 121 2521 3471 3470
4033 2 2 7 121 2521 4576 3471
4034 2 2 7 121 4330 4576 2521
4035 2 2 7 121 2522 4047 3288
4036 2 2 7 121 3935 4637 2522
4037 2 2 7 121 2522 4637 4047
4038 2 2 7 121 3211 4149 2523
4039 2 2 7 121 2523 4184 3601
4040 2 2 7 121 4149 4184 2523
4041 2 2 7 121 2524 4449 3807
4042 2 2 7 121 3807 4643 2524
4043 2 2 7 121 3922 4449 2524
4044 2 2 7 121 3560 4517 2525
4045 2 2 7 121 2525 4517 3724
4046 2 2 7 121 3614 4606 2526
4047 2 2 7 121 3735 4180 2526
4048 2 2 7 121 2526 4606 3735
4049 2 2 7 121 3478 4520 2527
4050 2 2 7 121 2527 4520 3758
4051 2 2 7 121 2528 3253 2529
4052 2 2 7 121 3137 4563 2528
4053 2 2 7 121 2528 4563 3253
4054 2 2 7 121 2529 2531 2530
4055 2 2 7 121 2529 3545 2531
4056 2 2 7 121 3253 3545 2529
4057 2 2 7 121 2531 2532 2530
4058 2 2 7 121 2532 3189 2530
4059 2 2 7 121 3189 3916 2530
4060 2 2 7 121 2531 2533 2532
4061 2 2 7 121 2531 2534 2533
4062 2 2 7 121 2531 3545 2534
4063 2 2 7 121 2533 3414 2532
4064 2 2 7 121 2532 3190 3189
4065 2 2 7 121 2532 3414 3190
4066 2 2 7 121 2534 2535 2533
4067 2 2 7 121 2535 4036 2533
4068 2 2 7 121 2533 4036 3414
4069 2 2 7 121 2534 2536 2535
4070 2 2 7 121 2534 3547 2536
4071 2 2 7 121 3545 3547 2534
4072 2 2 7 121 2536 2537 2535
4073 2 2 7 121 2537 2550 2535
4074 2 2 7 121 2550 4036 2535
4075 2 2 7 121 2536 2538 2537
4076 2 2 7 121 2536 2704 2538
4077 2 2 7 121 2536 3547 2704
4078 2 2 7 121 2538 2539 2537
4079 2 2 7 121 2539 4361 2537
4080 2 2 7 121 2537 4361 2550
4081 2 2 7 121 2538 2540 2539
4082 2 2 7 121 2538 3529 2540
4083 2 2 7 121 2704 3529 2538
4084 2 2 7 121 2540 2541 2539
4085 2 2 7 121 2541 4094 2539
4086 2 2 7 121 4094 4361 2539
4087 2 2 7 121 2540 2542 2541
4088 2 2 7 121 2540 3209 2542
4089 2 2 7 121 2540 3529 3209
4090 2 2 7 121 2542 2543 2541
4091 2 2 7 121 2543 2544 2541
4092 2 2 7 121 2544 4094 2541
4093 2 2 7 121 2542 3889 2543
4094 2 2 7 121 3209 3225 2542
4095 2 2 7 121 3225 3889 2542
4096 2 2 7 121 2543 2545 2544
4097 2 2 7 121 2543 2546 2545
4098 2 2 7 121 2543 3889 2546
4099 2 2 7 121 2545 4652 2544
4100 2 2 7 121 2544 3838 3836
4101 2 2 7 121 3836 4094 2544
4102 2 2 7 121 2544 4652 3838
4103 2 2 7 121 2546 2547 2545
4104 2 2 7 121 2547 2702 2545
4105 2 2 7 121 2702 4652 2545
4106 2 2 7 121 2546 2548 2547
4107 2 2 7 121 2546 3557 2548
4108 2 2 7 121 2546 3889 3557
4109 2 2 7 121 2548 2549 2547
4110 2 2 7 121 2549 3918 2547
4111 2 2 7 121 2547 3918 2702
4112 2 2 7 121 2548 2551 2549
4113 2 2 7 121 2548 2701 2551
4114 2 2 7 121 2548 3557 2701
4115 2 2 7 121 2551 2552 2549
4116 2 2 7 121 2552 2553 2549
4117 2 2 7 121 2553 3918 2549
4118 2 2 7 121 3756 4036 2550
4119 2 2 7 121 2550 4561 3756
4120 2 2 7 121 4361 4561 2550
4121 2 2 7 121 2551 3465 2552
4122 2 2 7 121 2701 4301 2551
4123 2 2 7 121 2551 4301 3465
4124 2 2 7 121 2552 2554 2553
4125 2 2 7 121 2552 2555 2554
4126 2 2 7 121 2552 3465 2555
4127 2 2 7 121 2554 3489 2553
4128 2 2 7 121 3489 3490 2553
4129 2 2 7 121 3490 3918 2553
4130 2 2 7 121 2555 2556 2554
4131 2 2 7 121 2556 3132 2554
4132 2 2 7 121 3132 3489 2554
4133 2 2 7 121 2555 2557 2556
4134 2 2 7 121 2555 3146 2557
4135 2 2 7 121 2555 3465 3146
4136 2 2 7 121 2557 2558 2556
4137 2 2 7 121 2558 4195 2556
4138 2 2 7 121 2556 4195 3132
4139 2 2 7 121 2557 2559 2558
4140 2 2 7 121 2557 4171 2559
4141 2 2 7 121 3146 4171 2557
4142 2 2 7 121 2559 2560 2558
4143 2 2 7 121 2560 2561 2558
4144 2 2 7 121 2561 4195 2558
4145 2 2 7 121 2559 3408 2560
4146 2 2 7 121 2559 3409 3408
4147 2 2 7 121 2559 4171 3409
4148 2 2 7 121 2560 2562 2561
4149 2 2 7 121 2560 2563 2562
4150 2 2 7 121 2560 3408 2563
4151 2 2 7 121 2562 4605 2561
4152 2 2 7 121 3727 3728 2561
4153 2 2 7 121 2561 4605 3727
4154 2 2 7 121 3728 4195 2561
4155 2 2 7 121 2563 2564 2562
4156 2 2 7 121 2564 2576 2562
4157 2 2 7 121 2576 4605 2562
4158 2 2 7 121 2563 2565 2564
4159 2 2 7 121 2563 3570 2565
4160 2 2 7 121 3408 3570 2563
4161 2 2 7 121 2565 2566 2564
4162 2 2 7 121 2566 3897 2564
4163 2 2 7 121 2564 3897 2576
4164 2 2 7 121 2565 2567 2566
4165 2 2 7 121 2565 3291 2567
4166 2 2 7 121 2565 3570 3291
4167 2 2 7 121 2567 2568 2566
4168 2 2 7 121 2568 2569 2566
4169 2 2 7 121 2569 3897 2566
4170 2 2 7 121 2567 3401 2568
4171 2 2 7 121 3291 3292 2567
4172 2 2 7 121 3292 3401 2567
4173 2 2 7 121 2568 2570 2569
4174 2 2 7 121 2568 2571 2570
4175 2 2 7 121 2568 3401 2571
4176 2 2 7 121 2570 2575 2569
4177 2 2 7 121 2575 3299 2569
4178 2 2 7 121 3299 3897 2569
4179 2 2 7 121 2571 2572 2570
4180 2 2 7 121 2572 3939 2570
4181 2 2 7 121 2570 3939 2575
4182 2 2 7 121 2571 2573 2572
4183 2 2 7 121 2571 3541 2573
4184 2 2 7 121 3401 3541 2571
4185 2 2 7 121 2573 2574 2572
4186 2 2 7 121 2574 3938 2572
4187 2 2 7 121 3938 3939 2572
4188 2 2 7 121 2573 2577 2574
4189 2 2 7 121 2573 2700 2577
4190 2 2 7 121 2573 3541 2700
4191 2 2 7 121 2577 2578 2574
4192 2 2 7 121 2578 2579 2574
4193 2 2 7 121 2579 3938 2574
4194 2 2 7 121 2575 3301 3299
4195 2 2 7 121 2575 4122 3301
4196 2 2 7 121 3939 4122 2575
4197 2 2 7 121 3897 4236 2576
4198 2 2 7 121 4236 4352 2576
4199 2 2 7 121 4352 4605 2576
4200 2 2 7 121 2577 3451 2578
4201 2 2 7 121 2700 4369 2577
4202 2 2 7 121 2577 4369 3451
4203 2 2 7 121 2578 2580 2579
4204 2 2 7 121 2578 2581 2580
4205 2 2 7 121 2578 3451 2581
4206 2 2 7 121 2580 3135 2579
4207 2 2 7 121 3135 3136 2579
4208 2 2 7 121 3136 3938 2579
4209 2 2 7 121 2581 2582 2580
4210 2 2 7 121 2582 3909 2580
4211 2 2 7 121 2580 3909 3135
4212 2 2 7 121 2581 2583 2582
4213 2 2 7 121 2581 3131 2583
4214 2 2 7 121 2581 3451 3131
4215 2 2 7 121 2583 2584 2582
4216 2 2 7 121 2584 2585 2582
4217 2 2 7 121 2585 3909 2582
4218 2 2 7 121 2583 3903 2584
4219 2 2 7 121 3131 3180 2583
4220 2 2 7 121 3180 3903 2583
4221 2 2 7 121 2584 2586 2585
4222 2 2 7 121 2584 2587 2586
4223 2 2 7 121 2584 3903 2587
4224 2 2 7 121 2586 3113 2585
4225 2 2 7 121 3113 3328 2585
4226 2 2 7 121 3328 3909 2585
4227 2 2 7 121 2587 2588 2586
4228 2 2 7 121 2588 3942 2586
4229 2 2 7 121 2586 3942 3113
4230 2 2 7 121 2587 2589 2588
4231 2 2 7 121 2587 3141 2589
4232 2 2 7 121 2587 3903 3141
4233 2 2 7 121 2589 2590 2588
4234 2 2 7 121 2590 2699 2588
4235 2 2 7 121 2699 3942 2588
4236 2 2 7 121 2589 2591 2590
4237 2 2 7 121 2589 3900 2591
4238 2 2 7 121 3141 3900 2589
4239 2 2 7 121 2591 2592 2590
4240 2 2 7 121 2592 3960 2590
4241 2 2 7 121 2590 3960 2699
4242 2 2 7 121 2591 2593 2592
4243 2 2 7 121 2591 3369 2593
4244 2 2 7 121 2591 3900 3369
4245 2 2 7 121 2593 2594 2592
4246 2 2 7 121 2594 2595 2592
4247 2 2 7 121 2595 3960 2592
4248 2 2 7 121 2593 3505 2594
4249 2 2 7 121 3369 4309 2593
4250 2 2 7 121 2593 4309 3505
4251 2 2 7 121 2594 2596 2595
4252 2 2 7 121 2594 2597 2596
4253 2 2 7 121 2594 3505 2597
4254 2 2 7 121 2596 3170 2595
4255 2 2 7 121 3170 3357 2595
4256 2 2 7 121 3357 3960 2595
4257 2 2 7 121 2597 2598 2596
4258 2 2 7 121 2598 3910 2596
4259 2 2 7 121 2596 3910 3170
4260 2 2 7 121 2597 2599 2598
4261 2 2 7 121 2597 2703 2599
4262 2 2 7 121 2597 3505 2703
4263 2 2 7 121 2599 2600 2598
4264 2 2 7 121 2600 2601 2598
4265 2 2 7 121 2601 3910 2598
4266 2 2 7 121 2599 4077 2600
4267 2 2 7 121 2703 3281 2599
4268 2 2 7 121 3281 4077 2599
4269 2 2 7 121 2600 2602 2601
4270 2 2 7 121 2600 2603 2602
4271 2 2 7 121 2600 4077 2603
4272 2 2 7 121 2602 3153 2601
4273 2 2 7 121 3153 3215 2601
4274 2 2 7 121 3215 3910 2601
4275 2 2 7 121 2603 2604 2602
4276 2 2 7 121 2604 3944 2602
4277 2 2 7 121 2602 3944 3153
4278 2 2 7 121 2603 2605 2604
4279 2 2 7 121 2603 4497 2605
4280 2 2 7 121 4077 4497 2603
4281 2 2 7 121 2605 2606 2604
4282 2 2 7 121 2606 2661 2604
4283 2 2 7 121 2661 3944 2604
4284 2 2 7 121 2605 2607 2606
4285 2 2 7 121 2605 2644 2607
4286 2 2 7 121 2605 4497 2644
4287 2 2 7 121 2607 2608 2606
4288 2 2 7 121 2608 3962 2606
4289 2 2 7 121 2606 3962 2661
4290 2 2 7 121 2607 2609 2608
4291 2 2 7 121 2607 4161 2609
4292 2 2 7 121 2644 4161 2607
4293 2 2 7 121 2609 2610 2608
4294 2 2 7 121 2610 2611 2608
4295 2 2 7 121 2611 3962 2608
4296 2 2 7 121 2609 3587 2610
4297 2 2 7 121 2609 4045 3587
4298 2 2 7 121 2609 4161 4045
4299 2 2 7 121 2610 2612 2611
4300 2 2 7 121 2610 2613 2612
4301 2 2 7 121 2610 3587 2613
4302 2 2 7 121 2612 3214 2611
4303 2 2 7 121 3214 3289 2611
4304 2 2 7 121 3289 3962 2611
4305 2 2 7 121 2613 2614 2612
4306 2 2 7 121 2614 3976 2612
4307 2 2 7 121 2612 3976 3214
4308 2 2 7 121 2613 2615 2614
4309 2 2 7 121 2613 3219 2615
4310 2 2 7 121 2613 3587 3219
4311 2 2 7 121 2615 2616 2614
4312 2 2 7 121 2616 2617 2614
4313 2 2 7 121 2617 3976 2614
4314 2 2 7 121 2615 4112 2616
4315 2 2 7 121 3219 3634 2615
4316 2 2 7 121 3634 4112 2615
4317 2 2 7 121 2616 2618 2617
4318 2 2 7 121 2616 2619 2618
4319 2 2 7 121 2616 4112 2619
4320 2 2 7 121 2618 3228 2617
4321 2 2 7 121 3228 3229 2617
4322 2 2 7 121 3229 3976 2617
4323 2 2 7 121 2619 2620 2618
4324 2 2 7 121 2620 3952 2618
4325 2 2 7 121 2618 3952 3228
4326 2 2 7 121 2619 2621 2620
4327 2 2 7 121 2619 3193 2621
4328 2 2 7 121 2619 4112 3193
4329 2 2 7 121 2621 2622 2620
4330 2 2 7 121 2622 2623 2620
4331 2 2 7 121 2623 3952 2620
4332 2 2 7 121 2621 3595 2622
4333 2 2 7 121 3193 3194 2621
4334 2 2 7 121 3194 3595 2621
4335 2 2 7 121 2622 2624 2623
4336 2 2 7 121 2622 2625 2624
4337 2 2 7 121 2622 3595 2625
4338 2 2 7 121 2624 3149 2623
4339 2 2 7 121 3149 3373 2623
4340 2 2 7 121 3373 3952 2623
4341 2 2 7 121 2625 2626 2624
4342 2 2 7 121 2626 4360 2624
4343 2 2 7 121 2624 4360 3149
4344 2 2 7 121 2625 2627 2626
4345 2 2 7 121 2625 3596 2627
4346 2 2 7 121 3595 3596 2625
4347 2 2 7 121 2627 2628 2626
4348 2 2 7 121 2628 4616 2626
4349 2 2 7 121 3856 4360 2626
4350 2 2 7 121 2626 4616 3856
4351 2 2 7 121 2627 2629 2628
4352 2 2 7 121 2627 2631 2629
4353 2 2 7 121 2627 3596 2631
4354 2 2 7 121 2629 2630 2628
4355 2 2 7 121 2630 2643 2628
4356 2 2 7 121 2643 4616 2628
4357 2 2 7 121 2629 2632 2630
4358 2 2 7 121 2631 3974 2629
4359 2 2 7 121 2629 3974 2632
4360 2 2 7 121 2632 2633 2630
4361 2 2 7 121 2633 3432 2630
4362 2 2 7 121 2630 3432 2643
4363 2 2 7 121 3596 3597 2631
4364 2 2 7 121 3597 3598 2631
4365 2 2 7 121 3598 3974 2631
4366 2 2 7 121 2632 2634 2633
4367 2 2 7 121 2632 3361 2634
4368 2 2 7 121 2632 3974 3361
4369 2 2 7 121 2634 2635 2633
4370 2 2 7 121 2635 2636 2633
4371 2 2 7 121 2636 3432 2633
4372 2 2 7 121 2634 3437 2635
4373 2 2 7 121 3361 3362 2634
4374 2 2 7 121 3362 3437 2634
4375 2 2 7 121 2635 2637 2636
4376 2 2 7 121 2635 2638 2637
4377 2 2 7 121 2635 3437 2638
4378 2 2 7 121 2637 2642 2636
4379 2 2 7 121 2642 3351 2636
4380 2 2 7 121 3351 3432 2636
4381 2 2 7 121 2638 2639 2637
4382 2 2 7 121 2639 4335 2637
4383 2 2 7 121 2637 4335 2642
4384 2 2 7 121 2638 2640 2639
4385 2 2 7 121 2638 3463 2640
4386 2 2 7 121 3437 3463 2638
4387 2 2 7 121 2640 2641 2639
4388 2 2 7 121 2641 4257 2639
4389 2 2 7 121 4257 4335 2639
4390 2 2 7 121 2640 2645 2641
4391 2 2 7 121 2640 3124 2645
4392 2 2 7 121 2640 3463 3124
4393 2 2 7 121 2645 2646 2641
4394 2 2 7 121 2646 2647 2641
4395 2 2 7 121 2647 4257 2641
4396 2 2 7 121 2642 3352 3351
4397 2 2 7 121 2642 3363 3352
4398 2 2 7 121 2642 4335 3363
4399 2 2 7 121 3432 4181 2643
4400 2 2 7 121 4181 4421 2643
4401 2 2 7 121 4421 4616 2643
4402 2 2 7 121 3808 4161 2644
4403 2 2 7 121 2644 4678 3808
4404 2 2 7 121 4497 4678 2644
4405 2 2 7 121 2645 3954 2646
4406 2 2 7 121 3124 3368 2645
4407 2 2 7 121 3368 3954 2645
4408 2 2 7 121 2646 2648 2647
4409 2 2 7 121 2646 2649 2648
4410 2 2 7 121 2646 3954 2649
4411 2 2 7 121 2648 3117 2647
4412 2 2 7 121 3117 3154 2647
4413 2 2 7 121 3154 4257 2647
4414 2 2 7 121 2649 2650 2648
4415 2 2 7 121 2650 3961 2648
4416 2 2 7 121 2648 3961 3117
4417 2 2 7 121 2649 2651 2650
4418 2 2 7 121 2649 3162 2651
4419 2 2 7 121 2649 3954 3162
4420 2 2 7 121 2651 2652 2650
4421 2 2 7 121 2652 2653 2650
4422 2 2 7 121 2653 3961 2650
4423 2 2 7 121 2651 3565 2652
4424 2 2 7 121 3162 4178 2651
4425 2 2 7 121 2651 4178 3565
4426 2 2 7 121 2652 2654 2653
4427 2 2 7 121 2652 2655 2654
4428 2 2 7 121 2652 3565 2655
4429 2 2 7 121 2654 2662 2653
4430 2 2 7 121 2662 4252 2653
4431 2 2 7 121 2653 4252 3961
4432 2 2 7 121 2655 2656 2654
4433 2 2 7 121 2656 4059 2654
4434 2 2 7 121 2654 4059 2662
4435 2 2 7 121 2655 2657 2656
4436 2 2 7 121 2655 3139 2657
4437 2 2 7 121 2655 3565 3139
4438 2 2 7 121 2657 2658 2656
4439 2 2 7 121 2658 4489 2656
4440 2 2 7 121 2656 4489 4059
4441 2 2 7 121 2657 2659 2658
4442 2 2 7 121 2657 3680 2659
4443 2 2 7 121 3139 3680 2657
4444 2 2 7 121 2659 2660 2658
4445 2 2 7 121 2660 2663 2658
4446 2 2 7 121 2663 4489 2658
4447 2 2 7 121 2659 3929 2660
4448 2 2 7 121 3680 4092 2659
4449 2 2 7 121 2659 4092 3929
4450 2 2 7 121 2660 2664 2663
4451 2 2 7 121 2660 2665 2664
4452 2 2 7 121 2660 3929 2665
4453 2 2 7 121 2661 4488 3944
4454 2 2 7 121 3962 4245 2661
4455 2 2 7 121 4245 4488 2661
4456 2 2 7 121 3616 3857 2662
4457 2 2 7 121 2662 4059 3616
4458 2 2 7 121 3857 4252 2662
4459 2 2 7 121 2664 3833 2663
4460 2 2 7 121 2663 4232 3649
4461 2 2 7 121 3649 4489 2663
4462 2 2 7 121 3833 4232 2663
4463 2 2 7 121 2665 2666 2664
4464 2 2 7 121 2666 4645 2664
4465 2 2 7 121 2664 4645 3833
4466 2 2 7 121 2665 2667 2666
4467 2 2 7 121 2665 2698 2667
4468 2 2 7 121 2665 3929 2698
4469 2 2 7 121 2667 2668 2666
4470 2 2 7 121 2668 3138 2666
4471 2 2 7 121 3138 4645 2666
4472 2 2 7 121 2667 2669 2668
4473 2 2 7 121 2667 3888 2669
4474 2 2 7 121 2698 3888 2667
4475 2 2 7 121 2669 2670 2668
4476 2 2 7 121 2670 4128 2668
4477 2 2 7 121 2668 4128 3138
4478 2 2 7 121 2669 2671 2670
4479 2 2 7 121 2669 4210 2671
4480 2 2 7 121 3888 4210 2669
4481 2 2 7 121 2671 2672 2670
4482 2 2 7 121 2672 2673 2670
4483 2 2 7 121 2673 4128 2670
4484 2 2 7 121 2671 3662 2672
4485 2 2 7 121 2671 4702 3662
4486 2 2 7 121 4210 4702 2671
4487 2 2 7 121 2672 2674 2673
4488 2 2 7 121 2672 2675 2674
4489 2 2 7 121 2672 3662 2675
4490 2 2 7 121 2674 3120 2673
4491 2 2 7 121 3120 4597 2673
4492 2 2 7 121 3647 4128 2673
4493 2 2 7 121 2673 4597 3647
4494 2 2 7 121 2675 2676 2674
4495 2 2 7 121 2676 3911 2674
4496 2 2 7 121 2674 3911 3120
4497 2 2 7 121 2675 2677 2676
4498 2 2 7 121 2675 3216 2677
4499 2 2 7 121 2675 3662 3216
4500 2 2 7 121 2677 2678 2676
4501 2 2 7 121 2678 2679 2676
4502 2 2 7 121 2679 3911 2676
4503 2 2 7 121 2677 3892 2678
4504 2 2 7 121 3216 4095 2677
4505 2 2 7 121 2677 4095 3892
4506 2 2 7 121 2678 2680 2679
4507 2 2 7 121 2678 2681 2680
4508 2 2 7 121 2678 3892 2681
4509 2 2 7 121 2680 2696 2679
4510 2 2 7 121 2696 4162 2679
4511 2 2 7 121 2679 4162 3911
4512 2 2 7 121 2681 2682 2680
4513 2 2 7 121 2682 3824 2680
4514 2 2 7 121 2680 3824 2696
4515 2 2 7 121 2681 2683 2682
4516 2 2 7 121 2681 2695 2683
4517 2 2 7 121 2681 3892 2695
4518 2 2 7 121 2683 2684 2682
4519 2 2 7 121 2684 3825 2682
4520 2 2 7 121 2682 3825 3824
4521 2 2 7 121 2683 2685 2684
4522 2 2 7 121 2683 3626 2685
4523 2 2 7 121 2695 3626 2683
4524 2 2 7 121 2685 2686 2684
4525 2 2 7 121 2686 2687 2684
4526 2 2 7 121 2687 3825 2684
4527 2 2 7 121 2685 4310 2686
4528 2 2 7 121 3626 3627 2685
4529 2 2 7 121 3627 4310 2685
4530 2 2 7 121 2686 2688 2687
4531 2 2 7 121 2686 2689 2688
4532 2 2 7 121 2686 4310 2689
4533 2 2 7 121 2688 3167 2687
4534 2 2 7 121 3167 3197 2687
4535 2 2 7 121 3197 3825 2687
4536 2 2 7 121 2689 2690 2688
4537 2 2 7 121 2690 3978 2688
4538 2 2 7 121 2688 3978 3167
4539 2 2 7 121 2689 2691 2690
4540 2 2 7 121 2689 3186 2691
4541 2 2 7 121 2689 4310 3186
4542 2 2 7 121 2691 2692 2690
4543 2 2 7 121 2692 2697 2690
4544 2 2 7 121 2697 3978 2690
4545 2 2 7 121 2691 2693 2692
4546 2 2 7 121 2691 3538 2693
4547 2 2 7 121 3186 3538 2691
4548 2 2 7 121 2693 2694 2692
4549 2 2 7 121 2694 3981 2692
4550 2 2 7 121 2692 3981 2697
4551 2 2 7 121 2693 2705 2694
4552 2 2 7 121 2693 2998 2705
4553 2 2 7 121 2693 3538 2998
4554 2 2 7 121 2705 2706 2694
4555 2 2 7 121 2706 2707 2694
4556 2 2 7 121 2707 3981 2694
4557 2 2 7 121 2695 4581 3626
4558 2 2 7 121 3892 4345 2695
4559 2 2 7 121 4345 4581 2695
4560 2 2 7 121 2696 3823 3822
4561 2 2 7 121 3822 4162 2696
4562 2 2 7 121 2696 3824 3823
4563 2 2 7 121 2697 4502 3978
4564 2 2 7 121 3981 4256 2697
4565 2 2 7 121 4256 4502 2697
4566 2 2 7 121 2698 4582 3888
4567 2 2 7 121 3929 4351 2698
4568 2 2 7 121 4351 4582 2698
4569 2 2 7 121 2699 4440 3942
4570 2 2 7 121 3960 4197 2699
4571 2 2 7 121 4197 4440 2699
4572 2 2 7 121 3541 4097 2700
4573 2 2 7 121 2700 4097 3738
4574 2 2 7 121 3738 4369 2700
4575 2 2 7 121 3557 3999 2701
4576 2 2 7 121 3999 4060 2701
4577 2 2 7 121 4060 4301 2701
4578 2 2 7 121 3918 4228 2702
4579 2 2 7 121 4228 4460 2702
4580 2 2 7 121 4460 4652 2702
4581 2 2 7 121 2703 4169 3281
4582 2 2 7 121 3505 4557 2703
4583 2 2 7 121 3705 4169 2703
4584 2 2 7 121 2703 4557 3705
4585 2 2 7 121 2704 4628 3529
4586 2 2 7 121 3547 4376 2704
4587 2 2 7 121 4376 4628 2704
4588 2 2 7 121 2705 3578 2706
4589 2 2 7 121 2998 4448 2705
4590 2 2 7 121 2705 4448 3578
4591 2 2 7 121 2706 2708 2707
4592 2 2 7 121 2706 2709 2708
4593 2 2 7 121 2706 3578 2709
4594 2 2 7 121 2708 2714 2707
4595 2 2 7 121 2714 3280 2707
4596 2 2 7 121 3280 3981 2707
4597 2 2 7 121 2709 2710 2708
4598 2 2 7 121 2710 3975 2708
4599 2 2 7 121 2708 3975 2714
4600 2 2 7 121 2709 2711 2710
4601 2 2 7 121 2709 2713 2711
4602 2 2 7 121 2709 3578 2713
4603 2 2 7 121 2711 2712 2710
4604 2 2 7 121 2712 2715 2710
4605 2 2 7 121 2715 3975 2710
4606 2 2 7 121 2711 3556 2712
4607 2 2 7 121 2713 4070 2711
4608 2 2 7 121 2711 4070 3556
4609 2 2 7 121 2712 2716 2715
4610 2 2 7 121 2712 2717 2716
4611 2 2 7 121 2712 3556 2717
4612 2 2 7 121 3578 4619 2713
4613 2 2 7 121 3635 3840 2713
4614 2 2 7 121 2713 4619 3635
4615 2 2 7 121 3840 4070 2713
4616 2 2 7 121 2714 3304 3280
4617 2 2 7 121 2714 4229 3304
4618 2 2 7 121 3975 4229 2714
4619 2 2 7 121 2716 2764 2715
4620 2 2 7 121 2764 4261 2715
4621 2 2 7 121 2715 4261 3975
4622 2 2 7 121 2717 2718 2716
4623 2 2 7 121 2718 4654 2716
4624 2 2 7 121 2716 4654 2764
4625 2 2 7 121 2717 2719 2718
4626 2 2 7 121 2717 2766 2719
4627 2 2 7 121 2717 3556 2766
4628 2 2 7 121 2719 2720 2718
4629 2 2 7 121 2720 4088 2718
4630 2 2 7 121 4088 4654 2718
4631 2 2 7 121 2719 2721 2720
4632 2 2 7 121 2719 3951 2721
4633 2 2 7 121 2766 3951 2719
4634 2 2 7 121 2721 2722 2720
4635 2 2 7 121 2722 2723 2720
4636 2 2 7 121 2723 4088 2720
4637 2 2 7 121 2721 3447 2722
4638 2 2 7 121 2721 4209 3447
4639 2 2 7 121 3951 4209 2721
4640 2 2 7 121 2722 2724 2723
4641 2 2 7 121 2722 2725 2724
4642 2 2 7 121 2722 3447 2725
4643 2 2 7 121 2724 3126 2723
4644 2 2 7 121 3126 3285 2723
4645 2 2 7 121 3285 4088 2723
4646 2 2 7 121 2725 2726 2724
4647 2 2 7 121 2726 3977 2724
4648 2 2 7 121 2724 3977 3126
4649 2 2 7 121 2725 2727 2726
4650 2 2 7 121 2725 3169 2727
4651 2 2 7 121 2725 3447 3169
4652 2 2 7 121 2727 2728 2726
4653 2 2 7 121 2728 2765 2726
4654 2 2 7 121 2765 3977 2726
4655 2 2 7 121 2727 2729 2728
4656 2 2 7 121 2727 3449 2729
4657 2 2 7 121 3169 3449 2727
4658 2 2 7 121 2729 2730 2728
4659 2 2 7 121 2730 3979 2728
4660 2 2 7 121 2728 3979 2765
4661 2 2 7 121 2729 2731 2730
4662 2 2 7 121 2729 4120 2731
4663 2 2 7 121 3449 4120 2729
4664 2 2 7 121 2731 2732 2730
4665 2 2 7 121 2732 2733 2730
4666 2 2 7 121 2733 3979 2730
4667 2 2 7 121 2731 3542 2732
4668 2 2 7 121 2731 4163 3542
4669 2 2 7 121 4120 4163 2731
4670 2 2 7 121 2732 2734 2733
4671 2 2 7 121 2732 2735 2734
4672 2 2 7 121 2732 3542 2735
4673 2 2 7 121 2734 3188 2733
4674 2 2 7 121 3188 3334 2733
4675 2 2 7 121 3334 3979 2733
4676 2 2 7 121 2735 2736 2734
4677 2 2 7 121 2736 3931 2734
4678 2 2 7 121 2734 3931 3188
4679 2 2 7 121 2735 2737 2736
4680 2 2 7 121 2735 3171 2737
4681 2 2 7 121 2735 3542 3171
4682 2 2 7 121 2737 2738 2736
4683 2 2 7 121 2738 2739 2736
4684 2 2 7 121 2739 3931 2736
4685 2 2 7 121 2737 3509 2738
4686 2 2 7 121 3171 4139 2737
4687 2 2 7 121 2737 4139 3509
4688 2 2 7 121 2738 2740 2739
4689 2 2 7 121 2738 2741 2740
4690 2 2 7 121 2738 3509 2741
4691 2 2 7 121 2740 3172 2739
4692 2 2 7 121 3172 3175 2739
4693 2 2 7 121 3175 3931 2739
4694 2 2 7 121 2741 2742 2740
4695 2 2 7 121 2742 3964 2740
4696 2 2 7 121 2740 3964 3172
4697 2 2 7 121 2741 2743 2742
4698 2 2 7 121 2741 3191 2743
4699 2 2 7 121 2741 3509 3191
4700 2 2 7 121 2743 2744 2742
4701 2 2 7 121 2744 2745 2742
4702 2 2 7 121 2745 3964 2742
4703 2 2 7 121 2743 3933 2744
4704 2 2 7 121 3191 3192 2743
4705 2 2 7 121 3192 3933 2743
4706 2 2 7 121 2744 2746 2745
4707 2 2 7 121 2744 2747 2746
4708 2 2 7 121 2744 3933 2747
4709 2 2 7 121 2746 3119 2745
4710 2 2 7 121 3119 4507 2745
4711 2 2 7 121 2745 4507 3964
4712 2 2 7 121 2747 2748 2746
4713 2 2 7 121 2748 3895 2746
4714 2 2 7 121 2746 3895 3119
4715 2 2 7 121 2747 2749 2748
4716 2 2 7 121 2747 3108 2749
4717 2 2 7 121 2747 3933 3108
4718 2 2 7 121 2749 2750 2748
4719 2 2 7 121 2750 3575 2748
4720 2 2 7 121 3575 3895 2748
4721 2 2 7 121 2749 2751 2750
4722 2 2 7 121 2749 3605 2751
4723 2 2 7 121 3108 3605 2749
4724 2 2 7 121 2751 2752 2750
4725 2 2 7 121 2752 2753 2750
4726 2 2 7 121 2753 3575 2750
4727 2 2 7 121 2751 3568 2752
4728 2 2 7 121 2751 3569 3568
4729 2 2 7 121 2751 3605 3569
4730 2 2 7 121 2752 2754 2753
4731 2 2 7 121 2752 2755 2754
4732 2 2 7 121 2752 3568 2755
4733 2 2 7 121 2754 4016 2753
4734 2 2 7 121 2753 3576 3575
4735 2 2 7 121 2753 4016 3576
4736 2 2 7 121 2755 2756 2754
4737 2 2 7 121 2756 3488 2754
4738 2 2 7 121 3488 4016 2754
4739 2 2 7 121 2755 2757 2756
4740 2 2 7 121 2755 3407 2757
4741 2 2 7 121 2755 3568 3407
4742 2 2 7 121 2757 2758 2756
4743 2 2 7 121 2758 2763 2756
4744 2 2 7 121 2763 3488 2756
4745 2 2 7 121 2757 2759 2758
4746 2 2 7 121 2757 2996 2759
4747 2 2 7 121 2757 3407 2996
4748 2 2 7 121 2759 2760 2758
4749 2 2 7 121 2760 3485 2758
4750 2 2 7 121 2758 3485 2763
4751 2 2 7 121 2759 2761 2760
4752 2 2 7 121 2759 3904 2761
4753 2 2 7 121 2996 3904 2759
4754 2 2 7 121 2761 2762 2760
4755 2 2 7 121 2762 2767 2760
4756 2 2 7 121 2767 3485 2760
4757 2 2 7 121 2761 3502 2762
4758 2 2 7 121 2761 3503 3502
4759 2 2 7 121 2761 3904 3503
4760 2 2 7 121 2762 2768 2767
4761 2 2 7 121 2762 2769 2768
4762 2 2 7 121 2762 3502 2769
4763 2 2 7 121 3485 3486 2763
4764 2 2 7 121 3486 3487 2763
4765 2 2 7 121 3487 3488 2763
4766 2 2 7 121 2764 3814 3813
4767 2 2 7 121 3813 3998 2764
4768 2 2 7 121 2764 4654 3814
4769 2 2 7 121 3998 4261 2764
4770 2 2 7 121 2765 4397 3977
4771 2 2 7 121 3979 4150 2765
4772 2 2 7 121 4150 4397 2765
4773 2 2 7 121 3556 4338 2766
4774 2 2 7 121 2766 4560 3951
4775 2 2 7 121 4338 4560 2766
4776 2 2 7 121 2768 4038 2767
4777 2 2 7 121 2767 4329 3485
4778 2 2 7 121 4038 4329 2767
4779 2 2 7 121 2769 2770 2768
4780 2 2 7 121 2770 3000 2768
4781 2 2 7 121 3000 4038 2768
4782 2 2 7 121 2769 2771 2770
4783 2 2 7 121 2769 3631 2771
4784 2 2 7 121 3502 3631 2769
4785 2 2 7 121 2771 2772 2770
4786 2 2 7 121 2772 3535 2770
4787 2 2 7 121 2770 3535 3000
4788 2 2 7 121 2771 2773 2772
4789 2 2 7 121 2771 2789 2773
4790 2 2 7 121 2771 3631 2789
4791 2 2 7 121 2773 2774 2772
4792 2 2 7 121 2774 2775 2772
4793 2 2 7 121 2775 3535 2772
4794 2 2 7 121 2773 3472 2774
4795 2 2 7 121 2789 4127 2773
4796 2 2 7 121 2773 4127 3472
4797 2 2 7 121 2774 2776 2775
4798 2 2 7 121 2774 2777 2776
4799 2 2 7 121 2774 3472 2777
4800 2 2 7 121 2776 2871 2775
4801 2 2 7 121 2871 4167 2775
4802 2 2 7 121 2775 4167 3535
4803 2 2 7 121 2777 2778 2776
4804 2 2 7 121 2778 3886 2776
4805 2 2 7 121 2776 3886 2871
4806 2 2 7 121 2777 2779 2778
4807 2 2 7 121 2777 3125 2779
4808 2 2 7 121 2777 3472 3125
4809 2 2 7 121 2779 2780 2778
4810 2 2 7 121 2780 3881 2778
4811 2 2 7 121 3881 3886 2778
4812 2 2 7 121 2779 2781 2780
4813 2 2 7 121 2779 3898 2781
4814 2 2 7 121 3125 3898 2779
4815 2 2 7 121 2781 2782 2780
4816 2 2 7 121 2782 2783 2780
4817 2 2 7 121 2783 3881 2780
4818 2 2 7 121 2781 3527 2782
4819 2 2 7 121 2781 3528 3527
4820 2 2 7 121 2781 3898 3528
4821 2 2 7 121 2782 2784 2783
4822 2 2 7 121 2782 2785 2784
4823 2 2 7 121 2782 3527 2785
4824 2 2 7 121 2784 3181 2783
4825 2 2 7 121 3181 3182 2783
4826 2 2 7 121 3182 3881 2783
4827 2 2 7 121 2785 2786 2784
4828 2 2 7 121 2786 3580 2784
4829 2 2 7 121 2784 3580 3181
4830 2 2 7 121 2785 2787 2786
4831 2 2 7 121 2785 3652 2787
4832 2 2 7 121 3527 3652 2785
4833 2 2 7 121 2787 2788 2786
4834 2 2 7 121 2788 2975 2786
4835 2 2 7 121 2975 3580 2786
4836 2 2 7 121 2787 2790 2788
4837 2 2 7 121 2787 2974 2790
4838 2 2 7 121 2787 3652 2974
4839 2 2 7 121 2790 2791 2788
4840 2 2 7 121 2791 3955 2788
4841 2 2 7 121 2788 3955 2975
4842 2 2 7 121 3620 3630 2789
4843 2 2 7 121 2789 3631 3620
4844 2 2 7 121 3630 4127 2789
4845 2 2 7 121 2790 2792 2791
4846 2 2 7 121 2790 4212 2792
4847 2 2 7 121 2974 4212 2790
4848 2 2 7 121 2792 2793 2791
4849 2 2 7 121 2793 2794 2791
4850 2 2 7 121 2794 3955 2791
4851 2 2 7 121 2792 3479 2793
4852 2 2 7 121 2792 3537 3479
4853 2 2 7 121 2792 4212 3537
4854 2 2 7 121 2793 2795 2794
4855 2 2 7 121 2793 2796 2795
4856 2 2 7 121 2793 3479 2796
4857 2 2 7 121 2795 2868 2794
4858 2 2 7 121 2868 3251 2794
4859 2 2 7 121 3251 3955 2794
4860 2 2 7 121 2796 2797 2795
4861 2 2 7 121 2797 3460 2795
4862 2 2 7 121 2795 3460 2868
4863 2 2 7 121 2796 2798 2797
4864 2 2 7 121 2796 3264 2798
4865 2 2 7 121 2796 3479 3264
4866 2 2 7 121 2798 2799 2797
4867 2 2 7 121 2799 3968 2797
4868 2 2 7 121 2797 3968 3460
4869 2 2 7 121 2798 2800 2799
4870 2 2 7 121 2798 4042 2800
4871 2 2 7 121 3264 4042 2798
4872 2 2 7 121 2800 2801 2799
4873 2 2 7 121 2801 2802 2799
4874 2 2 7 121 2802 3968 2799
4875 2 2 7 121 2800 4378 2801
4876 2 2 7 121 4042 4405 2800
4877 2 2 7 121 2800 4405 4378
4878 2 2 7 121 2801 2803 2802
4879 2 2 7 121 2801 2804 2803
4880 2 2 7 121 2801 4378 2804
4881 2 2 7 121 2803 3155 2802
4882 2 2 7 121 3155 3156 2802
4883 2 2 7 121 3156 3968 2802
4884 2 2 7 121 2804 2805 2803
4885 2 2 7 121 2805 3969 2803
4886 2 2 7 121 2803 3969 3155
4887 2 2 7 121 2804 2806 2805
4888 2 2 7 121 2804 3335 2806
4889 2 2 7 121 2804 4378 3335
4890 2 2 7 121 2806 2807 2805
4891 2 2 7 121 2807 2808 2805
4892 2 2 7 121 2808 3969 2805
4893 2 2 7 121 2806 3522 2807
4894 2 2 7 121 3335 3336 2806
4895 2 2 7 121 3336 3522 2806
4896 2 2 7 121 2807 2809 2808
4897 2 2 7 121 2807 2810 2809
4898 2 2 7 121 2807 3522 2810
4899 2 2 7 121 2809 3134 2808
4900 2 2 7 121 3134 3250 2808
4901 2 2 7 121 3250 3969 2808
4902 2 2 7 121 2810 2811 2809
4903 2 2 7 121 2811 3466 2809
4904 2 2 7 121 2809 3466 3134
4905 2 2 7 121 2810 2812 2811
4906 2 2 7 121 2810 3867 2812
4907 2 2 7 121 3522 3867 2810
4908 2 2 7 121 2812 2813 2811
4909 2 2 7 121 2813 3958 2811
4910 2 2 7 121 2811 3958 3466
4911 2 2 7 121 2812 2814 2813
4912 2 2 7 121 2812 2830 2814
4913 2 2 7 121 2812 3867 2830
4914 2 2 7 121 2814 2815 2813
4915 2 2 7 121 2815 2816 2813
4916 2 2 7 121 2816 3958 2813
4917 2 2 7 121 2814 3425 2815
4918 2 2 7 121 2830 4141 2814
4919 2 2 7 121 2814 4141 3425
4920 2 2 7 121 2815 2817 2816
4921 2 2 7 121 2815 2818 2817
4922 2 2 7 121 2815 3425 2818
4923 2 2 7 121 2817 3340 2816
4924 2 2 7 121 3340 3341 2816
4925 2 2 7 121 3341 3958 2816
4926 2 2 7 121 2818 2819 2817
4927 2 2 7 121 2819 3966 2817
4928 2 2 7 121 2817 3966 3340
4929 2 2 7 121 2818 2820 2819
4930 2 2 7 121 2818 3128 2820
4931 2 2 7 121 2818 3425 3128
4932 2 2 7 121 2820 2821 2819
4933 2 2 7 121 2821 2822 2819
4934 2 2 7 121 2822 3966 2819
4935 2 2 7 121 2820 3926 2821
4936 2 2 7 121 3128 3277 2820
4937 2 2 7 121 3277 3926 2820
4938 2 2 7 121 2821 2823 2822
4939 2 2 7 121 2821 2824 2823
4940 2 2 7 121 2821 3926 2824
4941 2 2 7 121 2823 3315 2822
4942 2 2 7 121 3315 3316 2822
4943 2 2 7 121 3316 3966 2822
4944 2 2 7 121 2824 2825 2823
4945 2 2 7 121 2825 4028 2823
4946 2 2 7 121 2823 4028 3315
4947 2 2 7 121 2824 2826 2825
4948 2 2 7 121 2824 3123 2826
4949 2 2 7 121 2824 3926 3123
4950 2 2 7 121 2826 2827 2825
4951 2 2 7 121 2827 2867 2825
4952 2 2 7 121 2867 4028 2825
4953 2 2 7 121 2826 2828 2827
4954 2 2 7 121 2826 3566 2828
4955 2 2 7 121 3123 3566 2826
4956 2 2 7 121 2828 2829 2827
4957 2 2 7 121 2829 3558 2827
4958 2 2 7 121 2827 3558 2867
4959 2 2 7 121 2828 2831 2829
4960 2 2 7 121 2828 2997 2831
4961 2 2 7 121 2828 3566 2997
4962 2 2 7 121 2831 2832 2829
4963 2 2 7 121 2832 3905 2829
4964 2 2 7 121 2829 3905 3558
4965 2 2 7 121 3617 3866 2830
4966 2 2 7 121 2830 3867 3617
4967 2 2 7 121 3866 4141 2830
4968 2 2 7 121 2831 2833 2832
4969 2 2 7 121 2831 4216 2833
4970 2 2 7 121 2997 4216 2831
4971 2 2 7 121 2833 2834 2832
4972 2 2 7 121 2834 2835 2832
4973 2 2 7 121 2835 3905 2832
4974 2 2 7 121 2833 3453 2834
4975 2 2 7 121 2833 3455 3453
4976 2 2 7 121 2833 4216 3455
4977 2 2 7 121 2834 2836 2835
4978 2 2 7 121 2834 2837 2836
4979 2 2 7 121 2834 3453 2837
4980 2 2 7 121 2836 2870 2835
4981 2 2 7 121 2870 3240 2835
4982 2 2 7 121 3240 3905 2835
4983 2 2 7 121 2837 2838 2836
4984 2 2 7 121 2838 3963 2836
4985 2 2 7 121 2836 3963 2870
4986 2 2 7 121 2837 2839 2838
4987 2 2 7 121 2837 3279 2839
4988 2 2 7 121 2837 3453 3279
4989 2 2 7 121 2839 2840 2838
4990 2 2 7 121 2840 2841 2838
4991 2 2 7 121 2841 3963 2838
4992 2 2 7 121 2839 3392 2840
4993 2 2 7 121 3279 4057 2839
4994 2 2 7 121 2839 4057 3392
4995 2 2 7 121 2840 2842 2841
4996 2 2 7 121 2840 2843 2842
4997 2 2 7 121 2840 3392 2843
4998 2 2 7 121 2842 2872 2841
4999 2 2 7 121 2872 4227 2841
5000 2 2 7 121 2841 4227 3963
5001 2 2 7 121 2843 2844 2842
5002 2 2 7 121 2844 4679 2842
5003 2 2 7 121 2842 4679 2872
5004 2 2 7 121 2843 2845 2844
5005 2 2 7 121 2843 3406 2845
5006 2 2 7 121 3392 3406 2843
5007 2 2 7 121 2845 2846 2844
5008 2 2 7 121 2846 4006 2844
5009 2 2 7 121 4006 4679 2844
5010 2 2 7 121 2845 2847 2846
5011 2 2 7 121 2845 3109 2847
5012 2 2 7 121 2845 3406 3109
5013 2 2 7 121 2847 2848 2846
5014 2 2 7 121 2848 2849 2846
5015 2 2 7 121 2849 4006 2846
5016 2 2 7 121 2847 3907 2848
5017 2 2 7 121 3109 3254 2847
5018 2 2 7 121 3254 3907 2847
5019 2 2 7 121 2848 2850 2849
5020 2 2 7 121 2848 2851 2850
5021 2 2 7 121 2848 3907 2851
5022 2 2 7 121 2850 3142 2849
5023 2 2 7 121 3142 3234 2849
5024 2 2 7 121 3234 4006 2849
5025 2 2 7 121 2851 2852 2850
5026 2 2 7 121 2852 3927 2850
5027 2 2 7 121 2850 3927 3142
5028 2 2 7 121 2851 2853 2852
5029 2 2 7 121 2851 3474 2853
5030 2 2 7 121 2851 3907 3474
5031 2 2 7 121 2853 2854 2852
5032 2 2 7 121 2854 2869 2852
5033 2 2 7 121 2869 3927 2852
5034 2 2 7 121 2853 2855 2854
5035 2 2 7 121 2853 2857 2855
5036 2 2 7 121 2853 3474 2857
5037 2 2 7 121 2855 2856 2854
5038 2 2 7 121 2856 3887 2854
5039 2 2 7 121 2854 3887 2869
5040 2 2 7 121 2855 2858 2856
5041 2 2 7 121 2857 4156 2855
5042 2 2 7 121 2855 4156 2858
5043 2 2 7 121 2858 2859 2856
5044 2 2 7 121 2859 2860 2856
5045 2 2 7 121 2860 3887 2856
5046 2 2 7 121 3474 3475 2857
5047 2 2 7 121 3475 4004 2857
5048 2 2 7 121 4004 4156 2857
5049 2 2 7 121 2858 3577 2859
5050 2 2 7 121 2858 4370 3577
5051 2 2 7 121 4156 4370 2858
5052 2 2 7 121 2859 2861 2860
5053 2 2 7 121 2859 2862 2861
5054 2 2 7 121 2859 3577 2862
5055 2 2 7 121 2861 2866 2860
5056 2 2 7 121 2866 3297 2860
5057 2 2 7 121 3297 3887 2860
5058 2 2 7 121 2862 2863 2861
5059 2 2 7 121 2863 3446 2861
5060 2 2 7 121 2861 3446 2866
5061 2 2 7 121 2862 2864 2863
5062 2 2 7 121 2862 3294 2864
5063 2 2 7 121 2862 3577 3294
5064 2 2 7 121 2864 2865 2863
5065 2 2 7 121 2865 2873 2863
5066 2 2 7 121 2873 3446 2863
5067 2 2 7 121 2864 3512 2865
5068 2 2 7 121 3294 3350 2864
5069 2 2 7 121 3350 3512 2864
5070 2 2 7 121 2865 2874 2873
5071 2 2 7 121 2865 2875 2874
5072 2 2 7 121 2865 3512 2875
5073 2 2 7 121 2866 3298 3297
5074 2 2 7 121 2866 4096 3298
5075 2 2 7 121 3446 4096 2866
5076 2 2 7 121 3558 3559 2867
5077 2 2 7 121 3559 4063 2867
5078 2 2 7 121 2867 4063 4028
5079 2 2 7 121 2868 3307 3251
5080 2 2 7 121 2868 4264 3307
5081 2 2 7 121 3460 4264 2868
5082 2 2 7 121 3887 4215 2869
5083 2 2 7 121 2869 4458 3927
5084 2 2 7 121 4215 4458 2869
5085 2 2 7 121 2870 3306 3240
5086 2 2 7 121 2870 4287 3306
5087 2 2 7 121 3963 4287 2870
5088 2 2 7 121 2871 3713 3712
5089 2 2 7 121 3712 4167 2871
5090 2 2 7 121 2871 3886 3713
5091 2 2 7 121 2872 3622 3621
5092 2 2 7 121 3621 3623 2872
5093 2 2 7 121 2872 4679 3622
5094 2 2 7 121 3623 4227 2872
5095 2 2 7 121 2874 2889 2873
5096 2 2 7 121 2889 4304 2873
5097 2 2 7 121 2873 4304 3446
5098 2 2 7 121 2875 2876 2874
5099 2 2 7 121 2876 4585 2874
5100 2 2 7 121 2874 4585 2889
5101 2 2 7 121 2875 2877 2876
5102 2 2 7 121 2875 3004 2877
5103 2 2 7 121 2875 3512 3004
5104 2 2 7 121 2877 2878 2876
5105 2 2 7 121 2878 4170 2876
5106 2 2 7 121 2876 4170 3660
5107 2 2 7 121 3660 4585 2876
5108 2 2 7 121 2877 2879 2878
5109 2 2 7 121 2877 3882 2879
5110 2 2 7 121 3004 3882 2877
5111 2 2 7 121 2879 2880 2878
5112 2 2 7 121 2880 2881 2878
5113 2 2 7 121 2881 4170 2878
5114 2 2 7 121 2879 3399 2880
5115 2 2 7 121 2879 4340 3399
5116 2 2 7 121 3882 4340 2879
5117 2 2 7 121 2880 2882 2881
5118 2 2 7 121 2880 2883 2882
5119 2 2 7 121 2880 3399 2883
5120 2 2 7 121 2882 3110 2881
5121 2 2 7 121 3110 3331 2881
5122 2 2 7 121 3331 4170 2881
5123 2 2 7 121 2883 2884 2882
5124 2 2 7 121 2884 3936 2882
5125 2 2 7 121 2882 3936 3110
5126 2 2 7 121 2883 2885 2884
5127 2 2 7 121 2883 3159 2885
5128 2 2 7 121 2883 3399 3159
5129 2 2 7 121 2885 2886 2884
5130 2 2 7 121 2886 2976 2884
5131 2 2 7 121 2976 3936 2884
5132 2 2 7 121 2885 2887 2886
5133 2 2 7 121 2885 3397 2887
5134 2 2 7 121 3159 3397 2885
5135 2 2 7 121 2887 2888 2886
5136 2 2 7 121 2888 3908 2886
5137 2 2 7 121 2886 3908 2976
5138 2 2 7 121 2887 2890 2888
5139 2 2 7 121 2887 4133 2890
5140 2 2 7 121 3397 4133 2887
5141 2 2 7 121 2890 2891 2888
5142 2 2 7 121 2891 3593 2888
5143 2 2 7 121 3593 3908 2888
5144 2 2 7 121 3659 4020 2889
5145 2 2 7 121 2889 4585 3659
5146 2 2 7 121 4020 4304 2889
5147 2 2 7 121 2890 2892 2891
5148 2 2 7 121 2890 4262 2892
5149 2 2 7 121 4133 4262 2890
5150 2 2 7 121 2892 2893 2891
5151 2 2 7 121 2893 2894 2891
5152 2 2 7 121 2894 3593 2891
5153 2 2 7 121 2892 3410 2893
5154 2 2 7 121 2892 3411 3410
5155 2 2 7 121 2892 4262 3411
5156 2 2 7 121 2893 2895 2894
5157 2 2 7 121 2893 2896 2895
5158 2 2 7 121 2893 3410 2896
5159 2 2 7 121 2895 3129 2894
5160 2 2 7 121 3129 3130 2894
5161 2 2 7 121 3130 3593 2894
5162 2 2 7 121 2896 2897 2895
5163 2 2 7 121 2897 4175 2895
5164 2 2 7 121 2895 4175 3129
5165 2 2 7 121 2896 2898 2897
5166 2 2 7 121 2896 4189 2898
5167 2 2 7 121 3410 4189 2896
5168 2 2 7 121 2898 2899 2897
5169 2 2 7 121 2899 2900 2897
5170 2 2 7 121 2900 4175 2897
5171 2 2 7 121 2898 3343 2899
5172 2 2 7 121 2898 3344 3343
5173 2 2 7 121 2898 4189 3344
5174 2 2 7 121 2899 2901 2900
5175 2 2 7 121 2899 2902 2901
5176 2 2 7 121 2899 3343 2902
5177 2 2 7 121 2901 3111 2900
5178 2 2 7 121 3111 4480 2900
5179 2 2 7 121 3689 4175 2900
5180 2 2 7 121 2900 4480 3689
5181 2 2 7 121 2902 2903 2901
5182 2 2 7 121 2903 3940 2901
5183 2 2 7 121 2901 3940 3111
5184 2 2 7 121 2902 2904 2903
5185 2 2 7 121 2902 3173 2904
5186 2 2 7 121 2902 3343 3173
5187 2 2 7 121 2904 2905 2903
5188 2 2 7 121 2905 2906 2903
5189 2 2 7 121 2906 3940 2903
5190 2 2 7 121 2904 3914 2905
5191 2 2 7 121 3173 3174 2904
5192 2 2 7 121 3174 3914 2904
5193 2 2 7 121 2905 2907 2906
5194 2 2 7 121 2905 2908 2907
5195 2 2 7 121 2905 3914 2908
5196 2 2 7 121 2907 3684 2906
5197 2 2 7 121 3684 4235 2906
5198 2 2 7 121 2906 4235 3940
5199 2 2 7 121 2908 2909 2907
5200 2 2 7 121 2909 3161 2907
5201 2 2 7 121 3161 3684 2907
5202 2 2 7 121 2908 2910 2909
5203 2 2 7 121 2908 3511 2910
5204 2 2 7 121 2908 3914 3511
5205 2 2 7 121 2910 2911 2909
5206 2 2 7 121 2911 4719 2909
5207 2 2 7 121 2909 4719 3161
5208 2 2 7 121 2910 2912 2911
5209 2 2 7 121 2910 2914 2912
5210 2 2 7 121 2910 3511 2914
5211 2 2 7 121 2912 2913 2911
5212 2 2 7 121 2913 2915 2911
5213 2 2 7 121 2915 4719 2911
5214 2 2 7 121 2912 3899 2913
5215 2 2 7 121 2914 3358 2912
5216 2 2 7 121 3358 3899 2912
5217 2 2 7 121 2913 2916 2915
5218 2 2 7 121 2913 2917 2916
5219 2 2 7 121 2913 3899 2917
5220 2 2 7 121 2914 4108 3358
5221 2 2 7 121 3511 4621 2914
5222 2 2 7 121 3829 4108 2914
5223 2 2 7 121 2914 4621 3829
5224 2 2 7 121 2916 2939 2915
5225 2 2 7 121 2939 4355 2915
5226 2 2 7 121 2915 4355 3686
5227 2 2 7 121 3686 4719 2915
5228 2 2 7 121 2917 2918 2916
5229 2 2 7 121 2918 4610 2916
5230 2 2 7 121 2916 4610 2939
5231 2 2 7 121 2917 2919 2918
5232 2 2 7 121 2917 2999 2919
5233 2 2 7 121 2917 3899 2999
5234 2 2 7 121 2919 2920 2918
5235 2 2 7 121 2920 4138 2918
5236 2 2 7 121 2918 4138 3741
5237 2 2 7 121 3741 4610 2918
5238 2 2 7 121 2919 2921 2920
5239 2 2 7 121 2919 3426 2921
5240 2 2 7 121 2999 3426 2919
5241 2 2 7 121 2921 2922 2920
5242 2 2 7 121 2922 2923 2920
5243 2 2 7 121 2923 4138 2920
5244 2 2 7 121 2921 3456 2922
5245 2 2 7 121 3426 4224 2921
5246 2 2 7 121 2921 4224 3456
5247 2 2 7 121 2922 2924 2923
5248 2 2 7 121 2922 2925 2924
5249 2 2 7 121 2922 3456 2925
5250 2 2 7 121 2924 3114 2923
5251 2 2 7 121 3114 3308 2923
5252 2 2 7 121 3308 4138 2923
5253 2 2 7 121 2925 2926 2924
5254 2 2 7 121 2926 3573 2924
5255 2 2 7 121 2924 3573 3114
5256 2 2 7 121 2925 2927 2926
5257 2 2 7 121 2925 3163 2927
5258 2 2 7 121 2925 3456 3163
5259 2 2 7 121 2927 2928 2926
5260 2 2 7 121 2928 4055 2926
5261 2 2 7 121 2926 4055 3573
5262 2 2 7 121 2927 2929 2928
5263 2 2 7 121 2927 3458 2929
5264 2 2 7 121 3163 3458 2927
5265 2 2 7 121 2929 2930 2928
5266 2 2 7 121 2930 2931 2928
5267 2 2 7 121 2931 4055 2928
5268 2 2 7 121 2929 4080 2930
5269 2 2 7 121 3458 3459 2929
5270 2 2 7 121 3459 4080 2929
5271 2 2 7 121 2930 2932 2931
5272 2 2 7 121 2930 2933 2932
5273 2 2 7 121 2930 4080 2933
5274 2 2 7 121 2932 3612 2931
5275 2 2 7 121 3612 3613 2931
5276 2 2 7 121 3613 4055 2931
5277 2 2 7 121 2933 2934 2932
5278 2 2 7 121 2934 3207 2932
5279 2 2 7 121 3207 3612 2932
5280 2 2 7 121 2933 2935 2934
5281 2 2 7 121 2933 3973 2935
5282 2 2 7 121 2933 4080 3973
5283 2 2 7 121 2935 2936 2934
5284 2 2 7 121 2936 3610 2934
5285 2 2 7 121 2934 3610 3207
5286 2 2 7 121 2935 2937 2936
5287 2 2 7 121 2935 3001 2937
5288 2 2 7 121 2935 3973 3001
5289 2 2 7 121 2937 2938 2936
5290 2 2 7 121 2938 2940 2936
5291 2 2 7 121 2940 3610 2936
5292 2 2 7 121 2937 3540 2938
5293 2 2 7 121 3001 3286 2937
5294 2 2 7 121 3286 3540 2937
5295 2 2 7 121 2938 2941 2940
5296 2 2 7 121 2938 2942 2941
5297 2 2 7 121 2938 3540 2942
5298 2 2 7 121 3740 4007 2939
5299 2 2 7 121 2939 4610 3740
5300 2 2 7 121 4007 4355 2939
5301 2 2 7 121 2941 3571 2940
5302 2 2 7 121 3571 4328 2940
5303 2 2 7 121 2940 4328 3610
5304 2 2 7 121 2942 2943 2941
5305 2 2 7 121 2943 3115 2941
5306 2 2 7 121 3115 3571 2941
5307 2 2 7 121 2942 2944 2943
5308 2 2 7 121 2942 3121 2944
5309 2 2 7 121 2942 3540 3121
5310 2 2 7 121 2944 2945 2943
5311 2 2 7 121 2945 3555 2943
5312 2 2 7 121 2943 3555 3115
5313 2 2 7 121 2944 2946 2945
5314 2 2 7 121 2944 3533 2946
5315 2 2 7 121 3121 3533 2944
5316 2 2 7 121 2946 2947 2945
5317 2 2 7 121 2947 2948 2945
5318 2 2 7 121 2948 3555 2945
5319 2 2 7 121 2946 3531 2947
5320 2 2 7 121 2946 3532 3531
5321 2 2 7 121 2946 3533 3532
5322 2 2 7 121 2947 2949 2948
5323 2 2 7 121 2947 2950 2949
5324 2 2 7 121 2947 3531 2950
5325 2 2 7 121 2949 2973 2948
5326 2 2 7 121 2973 4238 2948
5327 2 2 7 121 2948 4238 3555
5328 2 2 7 121 2950 2951 2949
5329 2 2 7 121 2951 3932 2949
5330 2 2 7 121 2949 3932 2973
5331 2 2 7 121 2950 2952 2951
5332 2 2 7 121 2950 3164 2952
5333 2 2 7 121 2950 3531 3164
5334 2 2 7 121 2952 2953 2951
5335 2 2 7 121 2953 3912 2951
5336 2 2 7 121 3912 3932 2951
5337 2 2 7 121 2952 2954 2953
5338 2 2 7 121 2952 3710 2954
5339 2 2 7 121 3164 3710 2952
5340 2 2 7 121 2954 2955 2953
5341 2 2 7 121 2955 2956 2953
5342 2 2 7 121 2956 3912 2953
5343 2 2 7 121 2954 3586 2955
5344 2 2 7 121 2954 4110 3586
5345 2 2 7 121 3710 4110 2954
5346 2 2 7 121 2955 2957 2956
5347 2 2 7 121 2955 2958 2957
5348 2 2 7 121 2955 3586 2958
5349 2 2 7 121 2957 3226 2956
5350 2 2 7 121 3226 3227 2956
5351 2 2 7 121 3227 3912 2956
5352 2 2 7 121 2958 2959 2957
5353 2 2 7 121 2959 3941 2957
5354 2 2 7 121 2957 3941 3226
5355 2 2 7 121 2958 2960 2959
5356 2 2 7 121 2958 3201 2960
5357 2 2 7 121 2958 3586 3201
5358 2 2 7 121 2960 2961 2959
5359 2 2 7 121 2961 2962 2959
5360 2 2 7 121 2962 3941 2959
5361 2 2 7 121 2960 3937 2961
5362 2 2 7 121 3201 3202 2960
5363 2 2 7 121 3202 3937 2960
5364 2 2 7 121 2961 2963 2962
5365 2 2 7 121 2961 2964 2963
5366 2 2 7 121 2961 3937 2964
5367 2 2 7 121 2963 3151 2962
5368 2 2 7 121 3151 3365 2962
5369 2 2 7 121 3365 3941 2962
5370 2 2 7 121 2964 2965 2963
5371 2 2 7 121 2965 4371 2963
5372 2 2 7 121 2963 4371 3151
5373 2 2 7 121 2964 2966 2965
5374 2 2 7 121 2964 3002 2966
5375 2 2 7 121 2964 3937 3002
5376 2 2 7 121 2966 2967 2965
5377 2 2 7 121 2967 4595 2965
5378 2 2 7 121 3800 4371 2965
5379 2 2 7 121 2965 4595 3800
5380 2 2 7 121 2966 2968 2967
5381 2 2 7 121 2966 3434 2968
5382 2 2 7 121 3002 3434 2966
5383 2 2 7 121 2968 2969 2967
5384 2 2 7 121 2969 2972 2967
5385 2 2 7 121 2972 4595 2967
5386 2 2 7 121 2968 2970 2969
5387 2 2 7 121 2968 3436 2970
5388 2 2 7 121 3434 3436 2968
5389 2 2 7 121 2970 2971 2969
5390 2 2 7 121 2971 3871 2969
5391 2 2 7 121 2969 3871 2972
5392 2 2 7 121 2970 2977 2971
5393 2 2 7 121 2970 3003 2977
5394 2 2 7 121 2970 3436 3003
5395 2 2 7 121 2977 2978 2971
5396 2 2 7 121 2978 2979 2971
5397 2 2 7 121 2979 3871 2971
5398 2 2 7 121 3871 4153 2972
5399 2 2 7 121 4153 4401 2972
5400 2 2 7 121 4401 4595 2972
5401 2 2 7 121 3624 3674 2973
5402 2 2 7 121 2973 4724 3624
5403 2 2 7 121 3674 4238 2973
5404 2 2 7 121 3932 4724 2973
5405 2 2 7 121 2974 3651 3650
5406 2 2 7 121 3650 4212 2974
5407 2 2 7 121 2974 3652 3651
5408 2 2 7 121 2975 4516 3580
5409 2 2 7 121 3955 4274 2975
5410 2 2 7 121 4274 4516 2975
5411 2 2 7 121 3908 4198 2976
5412 2 2 7 121 2976 4430 3936
5413 2 2 7 121 4198 4430 2976
5414 2 2 7 121 2977 3870 2978
5415 2 2 7 121 3003 4334 2977
5416 2 2 7 121 2977 4334 3870
5417 2 2 7 121 2978 2980 2979
5418 2 2 7 121 2978 2981 2980
5419 2 2 7 121 2978 3870 2981
5420 2 2 7 121 2980 2985 2979
5421 2 2 7 121 2985 3338 2979
5422 2 2 7 121 3338 3871 2979
5423 2 2 7 121 2981 2982 2980
5424 2 2 7 121 2982 3552 2980
5425 2 2 7 121 2980 3552 2985
5426 2 2 7 121 2981 2983 2982
5427 2 2 7 121 2981 2995 2983
5428 2 2 7 121 2981 3870 2995
5429 2 2 7 121 2983 2984 2982
5430 2 2 7 121 2984 2986 2982
5431 2 2 7 121 2986 3552 2982
5432 2 2 7 121 2983 3506 2984
5433 2 2 7 121 2995 3290 2983
5434 2 2 7 121 3290 3506 2983
5435 2 2 7 121 2984 2987 2986
5436 2 2 7 121 2984 2988 2987
5437 2 2 7 121 2984 3506 2988
5438 2 2 7 121 2985 3339 3338
5439 2 2 7 121 2985 3367 3339
5440 2 2 7 121 2985 3552 3367
5441 2 2 7 121 2987 3158 2986
5442 2 2 7 121 3158 4321 2986
5443 2 2 7 121 2986 4321 3552
5444 2 2 7 121 2988 2989 2987
5445 2 2 7 121 2989 3884 2987
5446 2 2 7 121 2987 3884 3158
5447 2 2 7 121 2988 2990 2989
5448 2 2 7 121 2988 3118 2990
5449 2 2 7 121 2988 3506 3118
5450 2 2 7 121 2990 2991 2989
5451 2 2 7 121 2991 2994 2989
5452 2 2 7 121 2994 3884 2989
5453 2 2 7 121 2990 2992 2991
5454 2 2 7 121 2990 3536 2992
5455 2 2 7 121 3118 3536 2990
5456 2 2 7 121 2992 2993 2991
5457 2 2 7 121 2993 3423 2991
5458 2 2 7 121 2991 3423 2994
5459 2 2 7 121 2992 3005 2993
5460 2 2 7 121 2992 3276 3005
5461 2 2 7 121 2992 3536 3276
5462 2 2 7 121 3005 3006 2993
5463 2 2 7 121 3006 3007 2993
5464 2 2 7 121 3007 3423 2993
5465 2 2 7 121 3423 4248 2994
5466 2 2 7 121 2994 4492 3884
5467 2 2 7 121 4248 4492 2994
5468 2 2 7 121 2995 4174 3290
5469 2 2 7 121 3854 4174 2995
5470 2 2 7 121 2995 4588 3854
5471 2 2 7 121 3870 4588 2995
5472 2 2 7 121 3407 4320 2996
5473 2 2 7 121 2996 4541 3904
5474 2 2 7 121 4320 4541 2996
5475 2 2 7 121 3566 3567 2997
5476 2 2 7 121 3567 4219 2997
5477 2 2 7 121 2997 4219 4216
5478 2 2 7 121 3538 3539 2998
5479 2 2 7 121 3539 4213 2998
5480 2 2 7 121 4213 4448 2998
5481 2 2 7 121 2999 3427 3426
5482 2 2 7 121 2999 4374 3427
5483 2 2 7 121 3899 4374 2999
5484 2 2 7 121 3535 4409 3000
5485 2 2 7 121 3000 4639 4038
5486 2 2 7 121 4409 4639 3000
5487 2 2 7 121 3001 4186 3286
5488 2 2 7 121 3632 4186 3001
5489 2 2 7 121 3001 4572 3632
5490 2 2 7 121 3973 4572 3001
5491 2 2 7 121 3002 3435 3434
5492 2 2 7 121 3002 4226 3435
5493 2 2 7 121 3937 4226 3002
5494 2 2 7 121 3436 4071 3003
5495 2 2 7 121 4071 4102 3003
5496 2 2 7 121 4102 4334 3003
5497 2 2 7 121 3512 4381 3004
5498 2 2 7 121 3004 4631 3882
5499 2 2 7 121 4381 4631 3004
5500 2 2 7 121 3005 3873 3006
5501 2 2 7 121 3276 4454 3005
5502 2 2 7 121 3005 4454 3873
5503 2 2 7 121 3006 3008 3007
5504 2 2 7 121 3006 3009 3008
5505 2 2 7 121 3006 3873 3009
5506 2 2 7 121 3008 3013 3007
5507 2 2 7 121 3013 3282 3007
5508 2 2 7 121 3282 3423 3007
5509 2 2 7 121 3009 3010 3008
5510 2 2 7 121 3010 3915 3008
5511 2 2 7 121 3008 3915 3013
5512 2 2 7 121 3009 3011 3010
5513 2 2 7 121 3009 3014 3011
5514 2 2 7 121 3009 3873 3014
5515 2 2 7 121 3011 3012 3010
5516 2 2 7 121 3012 3015 3010
5517 2 2 7 121 3015 3915 3010
5518 2 2 7 121 3011 3431 3012
5519 2 2 7 121 3014 4087 3011
5520 2 2 7 121 3011 4087 3431
5521 2 2 7 121 3012 3016 3015
5522 2 2 7 121 3012 3017 3016
5523 2 2 7 121 3012 3431 3017
5524 2 2 7 121 3013 3296 3282
5525 2 2 7 121 3013 4191 3296
5526 2 2 7 121 3915 4191 3013
5527 2 2 7 121 3014 3865 3645
5528 2 2 7 121 3645 4087 3014
5529 2 2 7 121 3014 4627 3865
5530 2 2 7 121 3873 4627 3014
5531 2 2 7 121 3016 3059 3015
5532 2 2 7 121 3059 4259 3015
5533 2 2 7 121 3015 4259 3915
5534 2 2 7 121 3017 3018 3016
5535 2 2 7 121 3018 3553 3016
5536 2 2 7 121 3016 3553 3059
5537 2 2 7 121 3017 3019 3018
5538 2 2 7 121 3017 3103 3019
5539 2 2 7 121 3017 3431 3103
5540 2 2 7 121 3019 3020 3018
5541 2 2 7 121 3020 4385 3018
5542 2 2 7 121 3018 4385 3553
5543 2 2 7 121 3019 3021 3020
5544 2 2 7 121 3019 3492 3021
5545 2 2 7 121 3103 3492 3019
5546 2 2 7 121 3021 3022 3020
5547 2 2 7 121 3022 3023 3020
5548 2 2 7 121 3023 4385 3020
5549 2 2 7 121 3021 3395 3022
5550 2 2 7 121 3021 3396 3395
5551 2 2 7 121 3021 3492 3396
5552 2 2 7 121 3022 3024 3023
5553 2 2 7 121 3022 3025 3024
5554 2 2 7 121 3022 3395 3025
5555 2 2 7 121 3024 4022 3023
5556 2 2 7 121 3657 4385 3023
5557 2 2 7 121 3023 4676 3657
5558 2 2 7 121 4022 4676 3023
5559 2 2 7 121 3025 3026 3024
5560 2 2 7 121 3026 3116 3024
5561 2 2 7 121 3116 4022 3024
5562 2 2 7 121 3025 3027 3026
5563 2 2 7 121 3025 3441 3027
5564 2 2 7 121 3395 3441 3025
5565 2 2 7 121 3027 3028 3026
5566 2 2 7 121 3028 3930 3026
5567 2 2 7 121 3026 3930 3116
5568 2 2 7 121 3027 3029 3028
5569 2 2 7 121 3027 3057 3029
5570 2 2 7 121 3027 3441 3057
5571 2 2 7 121 3029 3030 3028
5572 2 2 7 121 3030 3031 3028
5573 2 2 7 121 3031 3930 3028
5574 2 2 7 121 3029 3473 3030
5575 2 2 7 121 3057 4116 3029
5576 2 2 7 121 3029 4116 3473
5577 2 2 7 121 3030 3032 3031
5578 2 2 7 121 3030 3033 3032
5579 2 2 7 121 3030 3473 3033
5580 2 2 7 121 3032 3314 3031
5581 2 2 7 121 3314 4143 3031
5582 2 2 7 121 3031 4143 3930
5583 2 2 7 121 3033 3034 3032
5584 2 2 7 121 3034 3694 3032
5585 2 2 7 121 3032 3694 3314
5586 2 2 7 121 3033 3035 3034
5587 2 2 7 121 3033 3058 3035
5588 2 2 7 121 3033 3473 3058
5589 2 2 7 121 3035 3036 3034
5590 2 2 7 121 3036 3122 3034
5591 2 2 7 121 3122 3694 3034
5592 2 2 7 121 3035 3037 3036
5593 2 2 7 121 3035 3819 3037
5594 2 2 7 121 3058 3819 3035
5595 2 2 7 121 3037 3038 3036
5596 2 2 7 121 3038 4199 3036
5597 2 2 7 121 3036 4199 3122
5598 2 2 7 121 3037 3039 3038
5599 2 2 7 121 3037 4295 3039
5600 2 2 7 121 3819 4295 3037
5601 2 2 7 121 3039 3040 3038
5602 2 2 7 121 3040 3041 3038
5603 2 2 7 121 3041 4199 3038
5604 2 2 7 121 3039 3402 3040
5605 2 2 7 121 3039 3403 3402
5606 2 2 7 121 3039 4295 3403
5607 2 2 7 121 3040 3042 3041
5608 2 2 7 121 3040 3043 3042
5609 2 2 7 121 3040 3402 3043
5610 2 2 7 121 3042 4536 3041
5611 2 2 7 121 3041 3638 3637
5612 2 2 7 121 3637 4199 3041
5613 2 2 7 121 3041 4536 3638
5614 2 2 7 121 3043 3044 3042
5615 2 2 7 121 3044 3049 3042
5616 2 2 7 121 3049 4536 3042
5617 2 2 7 121 3043 3045 3044
5618 2 2 7 121 3043 3444 3045
5619 2 2 7 121 3402 3444 3043
5620 2 2 7 121 3045 3046 3044
5621 2 2 7 121 3046 3548 3044
5622 2 2 7 121 3044 3548 3049
5623 2 2 7 121 3045 3047 3046
5624 2 2 7 121 3045 3257 3047
5625 2 2 7 121 3045 3444 3257
5626 2 2 7 121 3047 3048 3046
5627 2 2 7 121 3048 3050 3046
5628 2 2 7 121 3050 3548 3046
5629 2 2 7 121 3047 3928 3048
5630 2 2 7 121 3257 3258 3047
5631 2 2 7 121 3258 3928 3047
5632 2 2 7 121 3048 3051 3050
5633 2 2 7 121 3048 3052 3051
5634 2 2 7 121 3048 3928 3052
5635 2 2 7 121 3548 3549 3049
5636 2 2 7 121 3549 4258 3049
5637 2 2 7 121 4258 4536 3049
5638 2 2 7 121 3051 3880 3050
5639 2 2 7 121 3050 3550 3548
5640 2 2 7 121 3050 3880 3550
5641 2 2 7 121 3052 3053 3051
5642 2 2 7 121 3053 3056 3051
5643 2 2 7 121 3056 3880 3051
5644 2 2 7 121 3052 3054 3053
5645 2 2 7 121 3052 3891 3054
5646 2 2 7 121 3052 3928 3891
5647 2 2 7 121 3054 3055 3053
5648 2 2 7 121 3055 4214 3053
5649 2 2 7 121 3053 4214 3056
5650 2 2 7 121 3054 3060 3055
5651 2 2 7 121 3054 3107 3060
5652 2 2 7 121 3054 3891 3107
5653 2 2 7 121 3060 3061 3055
5654 2 2 7 121 3061 3062 3055
5655 2 2 7 121 3062 4214 3055
5656 2 2 7 121 3056 4214 3666
5657 2 2 7 121 3666 4461 3056
5658 2 2 7 121 3056 4461 3880
5659 2 2 7 121 3441 3442 3057
5660 2 2 7 121 3442 3443 3057
5661 2 2 7 121 3443 4116 3057
5662 2 2 7 121 3473 4357 3058
5663 2 2 7 121 3058 4596 3819
5664 2 2 7 121 4357 4596 3058
5665 2 2 7 121 3553 3554 3059
5666 2 2 7 121 3554 4009 3059
5667 2 2 7 121 4009 4259 3059
5668 2 2 7 121 3060 3491 3061
5669 2 2 7 121 3107 4344 3060
5670 2 2 7 121 3060 4344 3491
5671 2 2 7 121 3061 3063 3062
5672 2 2 7 121 3061 3064 3063
5673 2 2 7 121 3061 3491 3064
5674 2 2 7 121 3063 4647 3062
5675 2 2 7 121 3665 4214 3062
5676 2 2 7 121 3062 4647 3665
5677 2 2 7 121 3064 3065 3063
5678 2 2 7 121 3065 3133 3063
5679 2 2 7 121 3133 4647 3063
5680 2 2 7 121 3064 3066 3065
5681 2 2 7 121 3064 3127 3066
5682 2 2 7 121 3064 3491 3127
5683 2 2 7 121 3066 3067 3065
5684 2 2 7 121 3067 4130 3065
5685 2 2 7 121 3065 4130 3133
5686 2 2 7 121 3066 3068 3067
5687 2 2 7 121 3066 4225 3068
5688 2 2 7 121 3127 4225 3066
5689 2 2 7 121 3068 3069 3067
5690 2 2 7 121 3069 3070 3067
5691 2 2 7 121 3070 4130 3067
5692 2 2 7 121 3068 3493 3069
5693 2 2 7 121 3068 3494 3493
5694 2 2 7 121 3068 4225 3494
5695 2 2 7 121 3069 3071 3070
5696 2 2 7 121 3069 3072 3071
5697 2 2 7 121 3069 3493 3072
5698 2 2 7 121 3071 3563 3070
5699 2 2 7 121 3563 4549 3070
5700 2 2 7 121 3864 4130 3070
5701 2 2 7 121 3070 4549 3864
5702 2 2 7 121 3072 3073 3071
5703 2 2 7 121 3073 3085 3071
5704 2 2 7 121 3085 3563 3071
5705 2 2 7 121 3072 3074 3073
5706 2 2 7 121 3072 3313 3074
5707 2 2 7 121 3072 3493 3313
5708 2 2 7 121 3074 3075 3073
5709 2 2 7 121 3075 3965 3073
5710 2 2 7 121 3073 3965 3085
5711 2 2 7 121 3074 3076 3075
5712 2 2 7 121 3074 3496 3076
5713 2 2 7 121 3313 3496 3074
5714 2 2 7 121 3076 3077 3075
5715 2 2 7 121 3077 3078 3075
5716 2 2 7 121 3078 3965 3075
5717 2 2 7 121 3076 4021 3077
5718 2 2 7 121 3496 3497 3076
5719 2 2 7 121 3497 4021 3076
5720 2 2 7 121 3077 3079 3078
5721 2 2 7 121 3077 3080 3079
5722 2 2 7 121 3077 4021 3080
5723 2 2 7 121 3079 3082 3078
5724 2 2 7 121 3082 3326 3078
5725 2 2 7 121 3326 3965 3078
5726 2 2 7 121 3080 3081 3079
5727 2 2 7 121 3081 3885 3079
5728 2 2 7 121 3079 3885 3082
5729 2 2 7 121 3080 3083 3081
5730 2 2 7 121 3080 3322 3083
5731 2 2 7 121 3080 4021 3322
5732 2 2 7 121 3083 3084 3081
5733 2 2 7 121 3084 3086 3081
5734 2 2 7 121 3086 3885 3081
5735 2 2 7 121 3082 3327 3326
5736 2 2 7 121 3082 4029 3327
5737 2 2 7 121 3885 4029 3082
5738 2 2 7 121 3083 3883 3084
5739 2 2 7 121 3322 3325 3083
5740 2 2 7 121 3325 3883 3083
5741 2 2 7 121 3084 3087 3086
5742 2 2 7 121 3084 3088 3087
5743 2 2 7 121 3084 3883 3088
5744 2 2 7 121 3085 3564 3563
5745 2 2 7 121 3085 4140 3564
5746 2 2 7 121 3965 4140 3085
5747 2 2 7 121 3087 3106 3086
5748 2 2 7 121 3106 4307 3086
5749 2 2 7 121 3086 4307 3885
5750 2 2 7 121 3088 3089 3087
5751 2 2 7 121 3089 3429 3087
5752 2 2 7 121 3087 3429 3106
5753 2 2 7 121 3088 3090 3089
5754 2 2 7 121 3088 3112 3090
5755 2 2 7 121 3088 3883 3112
5756 2 2 7 121 3090 3091 3089
5757 2 2 7 121 3091 3428 3089
5758 2 2 7 121 3428 3429 3089
5759 2 2 7 121 3090 3092 3091
5760 2 2 7 121 3090 3526 3092
5761 2 2 7 121 3112 3526 3090
5762 2 2 7 121 3092 3093 3091
5763 2 2 7 121 3093 3094 3091
5764 2 2 7 121 3094 3428 3091
5765 2 2 7 121 3092 3378 3093
5766 2 2 7 121 3092 3379 3378
5767 2 2 7 121 3092 3526 3379
5768 2 2 7 121 3093 3095 3094
5769 2 2 7 121 3093 3096 3095
5770 2 2 7 121 3093 3378 3096
5771 2 2 7 121 3095 3105 3094
5772 2 2 7 121 3105 3356 3094
5773 2 2 7 121 3356 3428 3094
5774 2 2 7 121 3096 3097 3095
5775 2 2 7 121 3097 3372 3095
5776 2 2 7 121 3095 3372 3105
5777 2 2 7 121 3096 3098 3097
5778 2 2 7 121 3096 3152 3098
5779 2 2 7 121 3096 3378 3152
5780 2 2 7 121 3098 3099 3097
5781 2 2 7 121 3099 3371 3097
5782 2 2 7 121 3371 3372 3097
5783 2 2 7 121 3098 3100 3099
5784 2 2 7 121 3098 3376 3100
5785 2 2 7 121 3152 3376 3098
5786 2 2 7 121 3100 3101 3099
5787 2 2 7 121 3101 3102 3099
5788 2 2 7 121 3102 3371 3099
5789 2 2 7 121 3100 3104 3101
5790 2 2 7 121 3100 4052 3104
5791 2 2 7 121 3376 4052 3100
5792 2 2 7 121 3101 4723 3102
5793 2 2 7 121 3104 4081 3101
5794 2 2 7 121 3101 4081 3236
5795 2 2 7 121 3236 4723 3101
5796 2 2 7 121 3102 4172 3371
5797 2 2 7 121 3102 4641 4172
5798 2 2 7 121 3102 4723 4641
5799 2 2 7 121 3431 4353 3103
5800 2 2 7 121 3103 4586 3492
5801 2 2 7 121 4353 4586 3103
5802 2 2 7 121 4052 4537 3104
5803 2 2 7 121 3104 4284 4081
5804 2 2 7 121 3104 4537 4284
5805 2 2 7 121 3105 4263 3356
5806 2 2 7 121 3372 4682 3105
5807 2 2 7 121 3692 4263 3105
5808 2 2 7 121 3105 4682 3692
5809 2 2 7 121 3429 3430 3106
5810 2 2 7 121 3430 4194 3106
5811 2 2 7 121 4194 4307 3106
5812 2 2 7 121 3891 4082 3107
5813 2 2 7 121 3107 4082 4015
5814 2 2 7 121 4015 4344 3107
5815 2 2 7 121 3108 3606 3605
5816 2 2 7 121 3108 4201 3606
5817 2 2 7 121 3933 4201 3108
5818 2 2 7 121 3109 3858 3254
5819 2 2 7 121 3406 4542 3109
5820 2 2 7 121 3109 4542 3858
5821 2 2 7 121 3110 4291 3331
5822 2 2 7 121 3936 4663 3110
5823 2 2 7 121 4005 4291 3110
5824 2 2 7 121 3110 4663 4005
5825 2 2 7 121 3111 4473 3697
5826 2 2 7 121 3697 4480 3111
5827 2 2 7 121 3940 4473 3111
5828 2 2 7 121 3112 4665 3526
5829 2 2 7 121 3883 4413 3112
5830 2 2 7 121 4413 4665 3112
5831 2 2 7 121 3113 4311 3328
5832 2 2 7 121 3942 4662 3113
5833 2 2 7 121 4026 4311 3113
5834 2 2 7 121 3113 4662 4026
5835 2 2 7 121 3114 4296 3308
5836 2 2 7 121 3573 4655 3114
5837 2 2 7 121 4012 4296 3114
5838 2 2 7 121 3114 4655 4012
5839 2 2 7 121 3555 4485 3115
5840 2 2 7 121 3115 3572 3571
5841 2 2 7 121 3115 4485 3572
5842 2 2 7 121 3930 4395 3116
5843 2 2 7 121 3116 4638 4022
5844 2 2 7 121 4395 4638 3116
5845 2 2 7 121 3117 3293 3154
5846 2 2 7 121 3117 4493 3293
5847 2 2 7 121 3961 4493 3117
5848 2 2 7 121 3506 4436 3118
5849 2 2 7 121 3118 4686 3536
5850 2 2 7 121 4436 4686 3118
5851 2 2 7 121 3119 4272 3842
5852 2 2 7 121 3842 4507 3119
5853 2 2 7 121 3895 4272 3119
5854 2 2 7 121 3120 4407 3812
5855 2 2 7 121 3812 4597 3120
5856 2 2 7 121 3911 4407 3120
5857 2 2 7 121 3121 4699 3533
5858 2 2 7 121 3540 4445 3121
5859 2 2 7 121 4445 4699 3121
5860 2 2 7 121 3122 4199 3637
5861 2 2 7 121 3637 4481 3122
5862 2 2 7 121 3122 4481 3694
5863 2 2 7 121 3123 4390 3566
5864 2 2 7 121 3926 4125 3123
5865 2 2 7 121 4125 4390 3123
5866 2 2 7 121 3124 4432 3368
5867 2 2 7 121 3463 4159 3124
5868 2 2 7 121 4159 4432 3124
5869 2 2 7 121 3472 4356 3125
5870 2 2 7 121 3125 4599 3898
5871 2 2 7 121 4356 4599 3125
5872 2 2 7 121 3126 4033 3285
5873 2 2 7 121 3977 4633 3126
5874 2 2 7 121 3126 4633 4033
5875 2 2 7 121 3491 4565 3127
5876 2 2 7 121 3127 4565 3639
5877 2 2 7 121 3128 4607 3277
5878 2 2 7 121 3425 4359 3128
5879 2 2 7 121 4359 4607 3128
5880 2 2 7 121 3129 4716 3130
5881 2 2 7 121 3129 4175 3689
5882 2 2 7 121 3689 4455 3129
5883 2 2 7 121 4455 4716 3129
5884 2 2 7 121 3130 3594 3593
5885 2 2 7 121 3130 4716 3594
5886 2 2 7 121 3131 3382 3180
5887 2 2 7 121 3131 4615 3382
5888 2 2 7 121 3451 4615 3131
5889 2 2 7 121 3132 4469 3489
5890 2 2 7 121 3132 4195 3728
5891 2 2 7 121 3728 4469 3132
5892 2 2 7 121 3133 4400 4073
5893 2 2 7 121 4073 4647 3133
5894 2 2 7 121 4130 4400 3133
5895 2 2 7 121 3134 4040 3250
5896 2 2 7 121 3466 4664 3134
5897 2 2 7 121 3134 4664 4040
5898 2 2 7 121 3135 3267 3136
5899 2 2 7 121 3135 4553 3267
5900 2 2 7 121 3909 4553 3135
5901 2 2 7 121 3267 4090 3136
5902 2 2 7 121 3136 4308 3938
5903 2 2 7 121 4090 4308 3136
5904 2 2 7 121 4083 4368 3137
5905 2 2 7 121 4368 4387 3137
5906 2 2 7 121 4387 4563 3137
5907 2 2 7 121 3138 4399 4109
5908 2 2 7 121 4109 4645 3138
5909 2 2 7 121 4128 4399 3138
5910 2 2 7 121 3565 4424 3139
5911 2 2 7 121 3139 4613 3680
5912 2 2 7 121 4424 4613 3139
5913 2 2 7 121 3499 4168 3140
5914 2 2 7 121 4168 4422 3140
5915 2 2 7 121 4422 4684 3140
5916 2 2 7 121 3768 3900 3141
5917 2 2 7 121 3141 4472 3768
5918 2 2 7 121 3903 4472 3141
5919 2 2 7 121 3142 4039 3234
5920 2 2 7 121 3927 4680 3142
5921 2 2 7 121 3142 4680 4039
5922 2 2 7 121 3143 4404 4011
5923 2 2 7 121 4011 4656 3143
5924 2 2 7 121 4131 4404 3143
5925 2 2 7 121 3144 3270 3145
5926 2 2 7 121 3144 4612 3270
5927 2 2 7 121 4386 4612 3144
5928 2 2 7 121 3270 4079 3145
5929 2 2 7 121 3145 4314 3879
5930 2 2 7 121 4079 4314 3145
5931 2 2 7 121 3465 4538 3146
5932 2 2 7 121 3146 4538 3720
5933 2 2 7 121 3424 4530 3147
5934 2 2 7 121 3147 4530 3742
5935 2 2 7 121 3148 4068 3242
5936 2 2 7 121 3445 4721 3148
5937 2 2 7 121 3148 4721 4068
5938 2 2 7 121 3149 4316 3373
5939 2 2 7 121 3149 4360 4316
5940 2 2 7 121 3534 4547 3150
5941 2 2 7 121 3150 4547 3675
5942 2 2 7 121 3151 4303 3365
5943 2 2 7 121 3152 3378 3377
5944 2 2 7 121 3153 4049 3215
5945 2 2 7 121 3293 4269 3154
5946 2 2 7 121 3364 4257 3154
5947 2 2 7 121 3154 4726 3364
5948 2 2 7 121 4269 4726 3154
5949 2 2 7 121 3155 3370 3156
5950 2 2 7 121 3155 4575 3370
5951 2 2 7 121 3969 4575 3155
5952 2 2 7 121 3370 3654 3156
5953 2 2 7 121 3654 4240 3156
5954 2 2 7 121 3156 4240 3968
5955 2 2 7 121 3303 4280 3157
5956 2 2 7 121 3157 4350 3874
5957 2 2 7 121 4280 4350 3157
5958 2 2 7 121 4030 4321 3158
5959 2 2 7 121 3159 3399 3398
5960 2 2 7 121 3179 3236 3160
5961 2 2 7 121 3161 3686 3685
5962 2 2 7 121 3161 4719 3686
5963 2 2 7 121 3816 4178 3162
5964 2 2 7 121 3162 4675 3816
5965 2 2 7 121 3954 4675 3162
5966 2 2 7 121 3456 3457 3163
5967 2 2 7 121 3531 4423 3164
5968 2 2 7 121 3164 4625 3710
5969 2 2 7 121 4423 4625 3164
5970 2 2 7 121 3519 3520 3165
5971 2 2 7 121 3481 3482 3166
5972 2 2 7 121 3482 4499 3166
5973 2 2 7 121 3167 4044 3197
5974 2 2 7 121 3168 4687 3476
5975 2 2 7 121 3507 3508 3168
5976 2 2 7 121 3508 4687 3168
5977 2 2 7 121 3447 3448 3169
5978 2 2 7 121 3170 3669 3357
5979 2 2 7 121 3170 4590 3669
5980 2 2 7 121 3910 4590 3170
5981 2 2 7 121 3542 3543 3171
5982 2 2 7 121 3543 4510 3171
5983 2 2 7 121 3172 4041 3175
5984 2 2 7 121 3173 3342 3174
5985 2 2 7 121 3342 4160 3174
5986 2 2 7 121 3174 4406 3914
5987 2 2 7 121 4160 4406 3174
5988 2 2 7 121 3175 4570 3931
5989 2 2 7 121 4041 4315 3175
5990 2 2 7 121 4315 4570 3175
5991 2 2 7 121 3176 4495 4462
5992 2 2 7 121 3177 4177 3247
5993 2 2 7 121 3178 3744 3743
5994 2 2 7 121 3178 4494 3744
5995 2 2 7 121 3179 4723 3236
5996 2 2 7 121 4462 4641 3179
5997 2 2 7 121 4641 4723 3179
5998 2 2 7 121 3382 4312 3180
5999 2 2 7 121 3180 4472 3903
6000 2 2 7 121 4312 4472 3180
6001 2 2 7 121 3181 4032 3182
6002 2 2 7 121 3182 4551 3881
6003 2 2 7 121 4032 4306 3182
6004 2 2 7 121 4306 4551 3182
6005 2 2 7 121 4048 4438 3183
6006 2 2 7 121 3504 4593 3184
6007 2 2 7 121 3184 4593 3841
6008 2 2 7 121 3440 4383 3185
6009 2 2 7 121 3185 4640 3956
6010 2 2 7 121 4383 4640 3185
6011 2 2 7 121 3186 4669 3538
6012 2 2 7 121 4310 4505 3186
6013 2 2 7 121 4505 4669 3186
6014 2 2 7 121 3235 4486 3187
6015 2 2 7 121 3774 3775 3187
6016 2 2 7 121 3188 3848 3334
6017 2 2 7 121 3931 4570 3188
6018 2 2 7 121 3353 3916 3189
6019 2 2 7 121 3414 4305 3190
6020 2 2 7 121 4305 4540 3190
6021 2 2 7 121 3191 4659 3192
6022 2 2 7 121 3509 4402 3191
6023 2 2 7 121 4402 4659 3191
6024 2 2 7 121 3671 4201 3192
6025 2 2 7 121 3192 4659 3671
6026 2 2 7 121 3192 4201 3933
6027 2 2 7 121 3193 4598 3194
6028 2 2 7 121 4112 4342 3193
6029 2 2 7 121 4342 4598 3193
6030 2 2 7 121 3194 4208 3595
6031 2 2 7 121 3641 4208 3194
6032 2 2 7 121 3194 4598 3641
6033 2 2 7 121 3195 3701 3700
6034 2 2 7 121 3195 4490 3701
6035 2 2 7 121 3196 3734 3347
6036 2 2 7 121 3196 4487 3719
6037 2 2 7 121 3197 4635 3825
6038 2 2 7 121 4044 4325 3197
6039 2 2 7 121 4325 4635 3197
6040 2 2 7 121 3198 4043 3199
6041 2 2 7 121 3199 4555 3949
6042 2 2 7 121 4043 4318 3199
6043 2 2 7 121 4318 4555 3199
6044 2 2 7 121 3201 4604 3202
6045 2 2 7 121 3586 4363 3201
6046 2 2 7 121 4363 4604 3201
6047 2 2 7 121 3851 4226 3202
6048 2 2 7 121 3202 4604 3851
6049 2 2 7 121 3202 4226 3937
6050 2 2 7 121 3203 4446 3383
6051 2 2 7 121 3204 3815 3205
6052 2 2 7 121 3438 4715 3204
6053 2 2 7 121 3204 4715 3815
6054 2 2 7 121 3815 4107 3205
6055 2 2 7 121 3205 4354 3917
6056 2 2 7 121 4107 4354 3205
6057 2 2 7 121 3206 3850 3329
6058 2 2 7 121 3949 4555 3206
6059 2 2 7 121 3610 3611 3207
6060 2 2 7 121 3231 4523 3208
6061 2 2 7 121 3731 3732 3208
6062 2 2 7 121 3209 4190 3225
6063 2 2 7 121 3461 4594 3210
6064 2 2 7 121 3210 4594 3763
6065 2 2 7 121 4392 4658 3211
6066 2 2 7 121 3212 4267 4091
6067 2 2 7 121 3214 3619 3289
6068 2 2 7 121 3976 4501 3214
6069 2 2 7 121 3215 4590 3910
6070 2 2 7 121 4049 4333 3215
6071 2 2 7 121 3661 4095 3216
6072 2 2 7 121 3217 4158 3218
6073 2 2 7 121 3218 4666 3983
6074 2 2 7 121 4158 4417 3218
6075 2 2 7 121 4417 4666 3218
6076 2 2 7 121 3587 3588 3219
6077 2 2 7 121 3588 4626 3219
6078 2 2 7 121 3230 4580 3220
6079 2 2 7 121 3220 4093 3872
6080 2 2 7 121 3221 3769 3222
6081 2 2 7 121 3221 4718 3769
6082 2 2 7 121 3890 4718 3221
6083 2 2 7 121 3769 4072 3222
6084 2 2 7 121 3222 4302 3894
6085 2 2 7 121 4072 4302 3222
6086 2 2 7 121 3223 3748 3224
6087 2 2 7 121 3925 4500 3223
6088 2 2 7 121 3748 3749 3224
6089 2 2 7 121 3749 4394 3224
6090 2 2 7 121 3224 4394 3959
6091 2 2 7 121 3225 4713 3889
6092 2 2 7 121 4190 4450 3225
6093 2 2 7 121 4450 4713 3225
6094 2 2 7 121 3226 4000 3227
6095 2 2 7 121 3227 4491 3912
6096 2 2 7 121 4000 4270 3227
6097 2 2 7 121 4270 4491 3227
6098 2 2 7 121 3228 4019 3229
6099 2 2 7 121 3229 4501 3976
6100 2 2 7 121 4019 4283 3229
6101 2 2 7 121 4283 4501 3229
6102 2 2 7 121 4075 4384 3230
6103 2 2 7 121 4114 4380 3231
6104 2 2 7 121 3232 3772 3233
6105 2 2 7 121 3523 4712 3232
6106 2 2 7 121 3232 4712 3772
6107 2 2 7 121 3772 4058 3233
6108 2 2 7 121 3233 4293 3896
6109 2 2 7 121 4058 4293 3233
6110 2 2 7 121 3234 4623 4006
6111 2 2 7 121 4039 4323 3234
6112 2 2 7 121 4323 4623 3234
6113 2 2 7 121 4204 4431 3235
6114 2 2 7 121 3330 4512 3237
6115 2 2 7 121 3237 4319 3574
6116 2 2 7 121 3238 4027 3239
6117 2 2 7 121 3239 4500 3925
6118 2 2 7 121 4027 4290 3239
6119 2 2 7 121 4290 4500 3239
6120 2 2 7 121 3306 4527 3240
6121 2 2 7 121 3240 4279 3905
6122 2 2 7 121 3241 4056 3948
6123 2 2 7 121 3242 4644 4018
6124 2 2 7 121 4068 4347 3242
6125 2 2 7 121 4347 4644 3242
6126 2 2 7 121 3243 4165 3244
6127 2 2 7 121 3244 4650 3579
6128 2 2 7 121 4165 4418 3244
6129 2 2 7 121 4418 4650 3244
6130 2 2 7 121 3245 4010 3246
6131 2 2 7 121 3983 4666 3245
6132 2 2 7 121 3246 4277 3982
6133 2 2 7 121 4010 4017 3246
6134 2 2 7 121 4017 4277 3246
6135 2 2 7 121 3247 4718 3890
6136 2 2 7 121 4177 4441 3247
6137 2 2 7 121 3248 4420 3581
6138 2 2 7 121 3248 4717 4154
6139 2 2 7 121 3321 4554 3249
6140 2 2 7 121 3249 4289 3584
6141 2 2 7 121 3250 4575 3969
6142 2 2 7 121 4040 4326 3250
6143 2 2 7 121 3307 4564 3251
6144 2 2 7 121 3251 4274 3955
6145 2 2 7 121 3252 4602 3980
6146 2 2 7 121 4069 4349 3252
6147 2 2 7 121 3253 3546 3545
6148 2 2 7 121 3253 4111 3546
6149 2 2 7 121 3858 4196 3254
6150 2 2 7 121 3254 4463 3907
6151 2 2 7 121 3255 4651 3256
6152 2 2 7 121 4024 4414 3255
6153 2 2 7 121 4414 4651 3255
6154 2 2 7 121 3256 4339 3876
6155 2 2 7 121 3256 4651 4051
6156 2 2 7 121 3257 4205 3258
6157 2 2 7 121 3258 4661 3928
6158 2 2 7 121 4205 4456 3258
6159 2 2 7 121 4456 4661 3258
6160 2 2 7 121 3259 4152 3260
6161 2 2 7 121 3260 4636 3500
6162 2 2 7 121 4152 4408 3260
6163 2 2 7 121 4408 4636 3260
6164 2 2 7 121 4003 4265 3261
6165 2 2 7 121 3332 4571 3262
6166 2 2 7 121 3262 4300 3391
6167 2 2 7 121 3501 4703 3263
6168 2 2 7 121 3263 4703 3843
6169 2 2 7 121 3479 3480 3264
6170 2 2 7 121 3265 4050 3266
6171 2 2 7 121 3579 4650 3265
6172 2 2 7 121 3266 4313 3561
6173 2 2 7 121 3266 4050 3997
6174 2 2 7 121 3997 4313 3266
6175 2 2 7 121 3268 4341 3269
6176 2 2 7 121 4341 4579 3269
6177 2 2 7 121 4066 4348 3271
6178 2 2 7 121 3271 4653 4074
6179 2 2 7 121 4348 4653 3271
6180 2 2 7 121 3272 4067 3273
6181 2 2 7 121 3500 4636 3272
6182 2 2 7 121 3273 4332 3599
6183 2 2 7 121 3273 4067 3736
6184 2 2 7 121 3736 4332 3273
6185 2 2 7 121 3274 4147 3275
6186 2 2 7 121 3275 4618 3906
6187 2 2 7 121 4147 4398 3275
6188 2 2 7 121 4398 4618 3275
6189 2 2 7 121 4192 4454 3276
6190 2 2 7 121 3811 4125 3277
6191 2 2 7 121 3277 4125 3926
6192 2 2 7 121 3320 4614 3278
6193 2 2 7 121 3278 4273 3901
6194 2 2 7 121 3453 3454 3279
6195 2 2 7 121 3304 4624 3280
6196 2 2 7 121 3280 4256 3981
6197 2 2 7 121 3677 4077 3281
6198 2 2 7 121 3296 4630 3282
6199 2 2 7 121 3282 4248 3423
6200 2 2 7 121 3283 4078 3284
6201 2 2 7 121 3906 4618 3283
6202 2 2 7 121 3721 3722 3284
6203 2 2 7 121 3284 4078 3721
6204 2 2 7 121 3722 4241 3284
6205 2 2 7 121 4033 4324 3285
6206 2 2 7 121 3285 4690 4088
6207 2 2 7 121 4324 4690 3285
6208 2 2 7 121 3286 4445 3540
6209 2 2 7 121 3317 4642 3287
6210 2 2 7 121 3318 4260 3287
6211 2 2 7 121 4047 4336 3288
6212 2 2 7 121 3288 4711 4098
6213 2 2 7 121 4336 4711 3288
6214 2 2 7 121 3289 4245 3962
6215 2 2 7 121 3290 4436 3506
6216 2 2 7 121 3291 4142 3292
6217 2 2 7 121 3292 4589 3401
6218 2 2 7 121 4142 4396 3292
6219 2 2 7 121 4396 4589 3292
6220 2 2 7 121 4493 4708 3293
6221 2 2 7 121 3294 4121 3350
6222 2 2 7 121 3577 4617 3294
6223 2 2 7 121 3604 4233 3295
6224 2 2 7 121 4191 4498 3296
6225 2 2 7 121 3298 4710 3297
6226 2 2 7 121 3297 4215 3887
6227 2 2 7 121 4096 4519 3298
6228 2 2 7 121 3301 4697 3299
6229 2 2 7 121 3299 4236 3897
6230 2 2 7 121 3312 4681 3300
6231 2 2 7 121 3300 4251 3921
6232 2 2 7 121 4122 4525 3301
6233 2 2 7 121 3513 3515 3302
6234 2 2 7 121 4496 4704 3303
6235 2 2 7 121 4229 4503 3304
6236 2 2 7 121 3791 4211 3305
6237 2 2 7 121 4287 4543 3306
6238 2 2 7 121 4264 4522 3307
6239 2 2 7 121 3741 4138 3308
6240 2 2 7 121 3309 4337 3310
6241 2 2 7 121 4337 4568 3310
6242 2 2 7 121 3311 4392 3592
6243 2 2 7 121 4145 4532 3312
6244 2 2 7 121 3493 3495 3313
6245 2 2 7 121 3693 4143 3314
6246 2 2 7 121 3315 4298 3316
6247 2 2 7 121 4298 4528 3316
6248 2 2 7 121 4221 4514 3317
6249 2 2 7 121 3319 4672 3318
6250 2 2 7 121 3318 4266 4260
6251 2 2 7 121 3318 4672 4266
6252 2 2 7 121 3366 4672 3319
6253 2 2 7 121 4246 4508 3320
6254 2 2 7 121 4285 4546 3321
6255 2 2 7 121 3322 4155 3325
6256 2 2 7 121 4021 4601 3322
6257 2 2 7 121 3753 4193 3323
6258 2 2 7 121 3324 4244 4091
6259 2 2 7 121 3325 4413 3883
6260 2 2 7 121 3326 4140 3965
6261 2 2 7 121 4029 4529 3327
6262 2 2 7 121 3328 4553 3909
6263 2 2 7 121 3329 4200 3893
6264 2 2 7 121 4343 4591 3330
6265 2 2 7 121 3660 4170 3331
6266 2 2 7 121 4281 4552 3332
6267 2 2 7 121 3333 4373 3869
6268 2 2 7 121 3334 4150 3979
6269 2 2 7 121 3335 4378 3337
6270 2 2 7 121 3336 4526 3522
6271 2 2 7 121 3337 4405 4375
6272 2 2 7 121 4378 4405 3337
6273 2 2 7 121 3338 4153 3871
6274 2 2 7 121 3367 4550 3339
6275 2 2 7 121 3340 4206 3341
6276 2 2 7 121 3341 4433 3958
6277 2 2 7 121 3341 4206 4089
6278 2 2 7 121 4089 4433 3341
6279 2 2 7 121 3345 4317 3346
6280 2 2 7 121 3346 4722 3943
6281 2 2 7 121 4317 4545 3346
6282 2 2 7 121 4545 4722 3346
6283 2 2 7 121 3347 4173 3957
6284 2 2 7 121 3348 4217 3349
6285 2 2 7 121 3349 4453 3984
6286 2 2 7 121 3349 4217 4123
6287 2 2 7 121 4123 4453 3349
6288 2 2 7 121 3350 4381 3512
6289 2 2 7 121 3351 4181 3432
6290 2 2 7 121 3363 4567 3352
6291 2 2 7 121 3354 4134 3353
6292 2 2 7 121 3385 4134 3354
6293 2 2 7 121 3356 4504 3428
6294 2 2 7 121 3357 4197 3960
6295 2 2 7 121 3358 4374 3899
6296 2 2 7 121 3359 4249 3360
6297 2 2 7 121 3943 4722 3359
6298 2 2 7 121 3360 4482 3970
6299 2 2 7 121 3360 4249 4084
6300 2 2 7 121 4084 4482 3360
6301 2 2 7 121 3361 4223 3362
6302 2 2 7 121 3362 4574 3437
6303 2 2 7 121 4223 4331 3362
6304 2 2 7 121 4331 4574 3362
6305 2 2 7 121 3363 4335 3364
6306 2 2 7 121 3364 4335 4257
6307 2 2 7 121 4303 4556 3365
6308 2 2 7 121 3552 4321 3367
6309 2 2 7 121 3368 4675 3954
6310 2 2 7 121 4076 4309 3369
6311 2 2 7 121 3371 4435 3372
6312 2 2 7 121 4172 4435 3371
6313 2 2 7 121 4435 4682 3372
6314 2 2 7 121 4316 4566 3373
6315 2 2 7 121 3374 4435 4172
6316 2 2 7 121 3375 4052 3376
6317 2 2 7 121 3378 3379 3377
6318 2 2 7 121 3379 4603 3377
6319 2 2 7 121 4603 4700 3377
6320 2 2 7 121 3380 4014 3381
6321 2 2 7 121 4446 4705 3383
6322 2 2 7 121 3386 4134 3385
6323 2 2 7 121 3387 4609 3386
6324 2 2 7 121 3386 4365 4134
6325 2 2 7 121 3386 4609 4365
6326 2 2 7 121 3387 4188 3585
6327 2 2 7 121 3585 4609 3387
6328 2 2 7 121 3990 4188 3387
6329 2 2 7 121 3388 4548 3389
6330 2 2 7 121 4276 4548 3388
6331 2 2 7 121 3389 4689 3390
6332 2 2 7 121 3391 4300 3986
6333 2 2 7 121 3392 4322 3406
6334 2 2 7 121 4057 4322 3392
6335 2 2 7 121 3393 3994 3394
6336 2 2 7 121 3394 4286 3419
6337 2 2 7 121 3994 4037 3394
6338 2 2 7 121 4037 4286 3394
6339 2 2 7 121 3396 4484 3395
6340 2 2 7 121 3395 4484 3441
6341 2 2 7 121 3400 4133 3397
6342 2 2 7 121 3399 4340 3398
6343 2 2 7 121 3401 4589 3541
6344 2 2 7 121 3403 4671 3402
6345 2 2 7 121 3402 4671 3444
6346 2 2 7 121 3403 4439 4023
6347 2 2 7 121 4023 4671 3403
6348 2 2 7 121 4295 4439 3403
6349 2 2 7 121 3405 4592 3404
6350 2 2 7 121 3404 4592 3483
6351 2 2 7 121 4085 4364 3405
6352 2 2 7 121 3405 4364 4119
6353 2 2 7 121 4119 4592 3405
6354 2 2 7 121 4322 4542 3406
6355 2 2 7 121 3568 4247 3407
6356 2 2 7 121 4247 4320 3407
6357 2 2 7 121 3409 4695 3408
6358 2 2 7 121 3408 4695 3570
6359 2 2 7 121 3409 4444 3781
6360 2 2 7 121 3781 4695 3409
6361 2 2 7 121 3411 4429 3410
6362 2 2 7 121 4262 4442 3411
6363 2 2 7 121 3413 4367 3412
6364 2 2 7 121 3412 4367 3452
6365 2 2 7 121 3476 3477 3413
6366 2 2 7 121 3477 4115 3413
6367 2 2 7 121 4115 4367 3413
6368 2 2 7 121 3415 4299 3478
6369 2 2 7 121 4034 4299 3415
6370 2 2 7 121 3419 4286 3484
6371 2 2 7 121 3420 4459 3421
6372 2 2 7 121 3421 4698 3422
6373 2 2 7 121 3896 4293 3424
6374 2 2 7 121 4293 4530 3424
6375 2 2 7 121 4141 4359 3425
6376 2 2 7 121 3427 4268 3426
6377 2 2 7 121 3426 4268 4224
6378 2 2 7 121 4374 4600 3427
6379 2 2 7 121 3428 4504 3429
6380 2 2 7 121 3429 4504 3430
6381 2 2 7 121 4087 4353 3431
6382 2 2 7 121 3433 4132 4075
6383 2 2 7 121 3437 4574 3463
6384 2 2 7 121 3439 4715 3438
6385 2 2 7 121 4117 4383 3440
6386 2 2 7 121 3441 4484 3442
6387 2 2 7 121 3970 4482 3445
6388 2 2 7 121 4482 4721 3445
6389 2 2 7 121 3446 4304 4096
6390 2 2 7 121 3447 4209 3448
6391 2 2 7 121 4118 4120 3449
6392 2 2 7 121 4086 4204 3450
6393 2 2 7 121 4369 4615 3451
6394 2 2 7 121 4367 4583 3452
6395 2 2 7 121 3453 3455 3454
6396 2 2 7 121 3455 4466 3454
6397 2 2 7 121 4466 4707 3454
6398 2 2 7 121 3456 4224 3457
6399 2 2 7 121 3458 4061 3459
6400 2 2 7 121 4061 4126 3459
6401 2 2 7 121 3459 4327 4080
6402 2 2 7 121 4126 4327 3459
6403 2 2 7 121 3968 4240 3460
6404 2 2 7 121 4240 4264 3460
6405 2 2 7 121 4393 4594 3461
6406 2 2 7 121 3959 4394 3464
6407 2 2 7 121 4394 4496 3464
6408 2 2 7 121 4301 4538 3465
6409 2 2 7 121 3958 4433 3466
6410 2 2 7 121 4433 4664 3466
6411 2 2 7 121 3469 4427 3468
6412 2 2 7 121 4427 4674 3468
6413 2 2 7 121 3953 4184 3469
6414 2 2 7 121 3471 4358 3470
6415 2 2 7 121 4358 4459 3470
6416 2 2 7 121 4127 4356 3472
6417 2 2 7 121 4116 4357 3473
6418 2 2 7 121 3474 4463 3475
6419 2 2 7 121 3907 4463 3474
6420 2 2 7 121 3475 4725 4004
6421 2 2 7 121 3476 4687 3477
6422 2 2 7 121 4299 4520 3478
6423 2 2 7 121 3479 3537 3480
6424 2 2 7 121 3537 4457 3480
6425 2 2 7 121 4457 4696 3480
6426 2 2 7 121 3481 4166 3482
6427 2 2 7 121 4166 4411 3482
6428 2 2 7 121 4286 4518 3484
6429 2 2 7 121 3485 4329 3486
6430 2 2 7 121 3486 4569 3487
6431 2 2 7 121 3489 3711 3490
6432 2 2 7 121 3490 4228 3918
6433 2 2 7 121 4344 4565 3491
6434 2 2 7 121 3494 3495 3493
6435 2 2 7 121 3494 4479 3495
6436 2 2 7 121 3496 4207 3497
6437 2 2 7 121 3497 4601 4021
6438 2 2 7 121 4207 4388 3497
6439 2 2 7 121 4388 4601 3497
6440 2 2 7 121 4465 4703 3501
6441 2 2 7 121 3503 4521 3502
6442 2 2 7 121 3502 4521 3631
6443 2 2 7 121 4203 4521 3503
6444 2 2 7 121 4372 4593 3504
6445 2 2 7 121 4309 4557 3505
6446 2 2 7 121 3507 4157 3508
6447 2 2 7 121 4139 4402 3509
6448 2 2 7 121 3917 4354 3510
6449 2 2 7 121 4354 4584 3510
6450 2 2 7 121 3914 4406 3511
6451 2 2 7 121 4406 4621 3511
6452 2 2 7 121 3514 3515 3513
6453 2 2 7 121 3514 4451 3515
6454 2 2 7 121 4451 4706 3515
6455 2 2 7 121 4239 4372 3516
6456 2 2 7 121 3517 4667 3518
6457 2 2 7 121 4437 4667 3517
6458 2 2 7 121 3518 4632 3525
6459 2 2 7 121 4053 4632 3518
6460 2 2 7 121 3518 4667 4053
6461 2 2 7 121 3519 4187 3520
6462 2 2 7 121 3521 4100 4099
6463 2 2 7 121 3522 4526 3867
6464 2 2 7 121 3524 4712 3523
6465 2 2 7 121 3846 4426 3525
6466 2 2 7 121 3525 4632 3846
6467 2 2 7 121 3528 4511 3527
6468 2 2 7 121 3527 4511 3652
6469 2 2 7 121 3898 4137 3528
6470 2 2 7 121 3992 4253 3530
6471 2 2 7 121 3532 4423 3531
6472 2 2 7 121 4179 4423 3532
6473 2 2 7 121 3894 4302 3534
6474 2 2 7 121 4302 4547 3534
6475 2 2 7 121 4167 4409 3535
6476 2 2 7 121 3538 4669 3539
6477 2 2 7 121 3542 4163 3543
6478 2 2 7 121 4163 4415 3543
6479 2 2 7 121 3544 4602 3785
6480 2 2 7 121 3980 4602 3544
6481 2 2 7 121 3546 3547 3545
6482 2 2 7 121 3546 4376 3547
6483 2 2 7 121 3548 3550 3549
6484 2 2 7 121 3550 4255 3549
6485 2 2 7 121 3549 4255 3862
6486 2 2 7 121 3862 4258 3549
6487 2 2 7 121 3880 4701 3550
6488 2 2 7 121 3553 4634 3554
6489 2 2 7 121 4385 4634 3553
6490 2 2 7 121 4238 4485 3555
6491 2 2 7 121 4070 4338 3556
6492 2 2 7 121 3889 4713 3557
6493 2 2 7 121 3558 4279 3559
6494 2 2 7 121 3905 4279 3558
6495 2 2 7 121 3559 4539 4063
6496 2 2 7 121 4292 4517 3560
6497 2 2 7 121 3561 4313 3562
6498 2 2 7 121 4313 4535 3562
6499 2 2 7 121 3564 4297 3563
6500 2 2 7 121 4297 4549 3563
6501 2 2 7 121 4140 4382 3564
6502 2 2 7 121 3564 4382 4297
6503 2 2 7 121 4178 4424 3565
6504 2 2 7 121 3566 4390 3567
6505 2 2 7 121 4390 4646 3567
6506 2 2 7 121 3569 4247 3568
6507 2 2 7 121 3607 4247 3569
6508 2 2 7 121 3572 4278 3571
6509 2 2 7 121 4278 4328 3571
6510 2 2 7 121 4485 4677 3572
6511 2 2 7 121 4055 4377 3573
6512 2 2 7 121 4377 4655 3573
6513 2 2 7 121 3574 4319 3608
6514 2 2 7 121 3576 4468 3575
6515 2 2 7 121 4016 4271 3576
6516 2 2 7 121 4271 4468 3576
6517 2 2 7 121 4370 4617 3577
6518 2 2 7 121 4448 4619 3578
6519 2 2 7 121 3581 4420 3582
6520 2 2 7 121 3582 4420 3583
6521 2 2 7 121 3583 4685 4002
6522 2 2 7 121 4110 4363 3586
6523 2 2 7 121 3587 4045 3588
6524 2 2 7 121 4045 4403 3588
6525 2 2 7 121 3590 4668 3589
6526 2 2 7 121 3589 4668 3591
6527 2 2 7 121 3590 4416 3801
6528 2 2 7 121 3801 4668 3590
6529 2 2 7 121 3594 3908 3593
6530 2 2 7 121 3594 4716 3852
6531 2 2 7 121 3594 4198 3908
6532 2 2 7 121 3595 4208 3596
6533 2 2 7 121 3596 4208 3597
6534 2 2 7 121 3597 4464 3598
6535 2 2 7 121 4464 4714 3598
6536 2 2 7 121 3599 4332 3600
6537 2 2 7 121 4332 4558 3600
6538 2 2 7 121 3601 4184 3953
6539 2 2 7 121 3608 4319 3609
6540 2 2 7 121 3609 4573 4035
6541 2 2 7 121 3610 4328 3611
6542 2 2 7 121 3612 4065 3613
6543 2 2 7 121 3613 4377 4055
6544 2 2 7 121 4065 4231 3613
6545 2 2 7 121 4231 4377 3613
6546 2 2 7 121 4362 4606 3614
6547 2 2 7 121 3615 4492 4248
6548 2 2 7 121 3831 4639 3618
6549 2 2 7 121 3618 4639 4409
6550 2 2 7 121 4006 4623 3622
6551 2 2 7 121 3622 4679 4006
6552 2 2 7 121 3626 4581 3625
6553 2 2 7 121 3625 4581 3629
6554 2 2 7 121 3628 4505 3627
6555 2 2 7 121 3627 4505 4310
6556 2 2 7 121 3629 4581 4345
6557 2 2 7 121 3633 4342 3634
6558 2 2 7 121 3634 4342 4112
6559 2 2 7 121 3637 3638 3636
6560 2 2 7 121 3638 4536 4258
6561 2 2 7 121 3640 4613 4424
6562 2 2 7 121 3642 4405 4042
6563 2 2 7 121 4375 4405 3642
6564 2 2 7 121 3868 4631 3643
6565 2 2 7 121 3643 4631 4381
6566 2 2 7 121 3644 4516 4274
6567 2 2 7 121 3646 4399 3647
6568 2 2 7 121 3647 4399 4128
6569 2 2 7 121 3649 4232 3648
6570 2 2 7 121 4059 4489 3649
6571 2 2 7 121 3652 4511 3651
6572 2 2 7 121 3653 4322 4057
6573 2 2 7 121 3655 4531 4289
6574 2 2 7 121 3657 4676 3656
6575 2 2 7 121 3657 4634 4385
6576 2 2 7 121 3658 4607 4359
6577 2 2 7 121 3659 4585 3660
6578 2 2 7 121 3662 4702 3663
6579 2 2 7 121 3665 4073 3664
6580 2 2 7 121 3666 4214 3665
6581 2 2 7 121 3665 4647 4073
6582 2 2 7 121 3667 4461 3666
6583 2 2 7 121 3668 4461 3667
6584 2 2 7 121 3668 4701 4461
6585 2 2 7 121 3670 4402 4139
6586 2 2 7 121 3672 4437 4200
6587 2 2 7 121 3673 4699 4445
6588 2 2 7 121 3676 4678 3677
6589 2 2 7 121 3808 4678 3676
6590 2 2 7 121 3677 4497 4077
6591 2 2 7 121 3677 4678 4497
6592 2 2 7 121 3799 4401 3678
6593 2 2 7 121 3678 4401 4153
6594 2 2 7 121 3679 4092 3680
6595 2 2 7 121 3726 4352 3681
6596 2 2 7 121 3681 4352 4236
6597 2 2 7 121 3956 4640 3682
6598 2 2 7 121 3683 4235 3684
6599 2 2 7 121 3834 4582 3687
6600 2 2 7 121 3687 4582 4351
6601 2 2 7 121 3688 4455 3689
6602 2 2 7 121 3690 4502 4256
6603 2 2 7 121 3691 4397 4150
6604 2 2 7 121 3694 4481 3695
6605 2 2 7 121 3696 4460 4228
6606 2 2 7 121 3698 4383 4117
6607 2 2 7 121 3699 4617 4370
6608 2 2 7 121 3702 4144 3703
6609 2 2 7 121 3703 4414 4024
6610 2 2 7 121 4144 4148 3703
6611 2 2 7 121 4148 4414 3703
6612 2 2 7 121 3706 4515 4273
6613 2 2 7 121 3855 4421 3707
6614 2 2 7 121 3707 4421 4181
6615 2 2 7 121 3708 4694 3845
6616 2 2 7 121 3710 4625 3709
6617 2 2 7 121 4018 4644 3715
6618 2 2 7 121 3715 4720 4018
6619 2 2 7 121 3717 4488 4245
6620 2 2 7 121 3719 4478 3718
6621 2 2 7 121 3718 4478 3817
6622 2 2 7 121 3722 4330 4241
6623 2 2 7 121 3722 4576 4330
6624 2 2 7 121 3725 4299 4034
6625 2 2 7 121 3727 4352 3726
6626 2 2 7 121 3727 4605 4352
6627 2 2 7 121 3739 4469 3728
6628 2 2 7 121 4154 4717 3729
6629 2 2 7 121 3729 4717 4518
6630 2 2 7 121 3730 4391 3731
6631 2 2 7 121 3733 4391 3730
6632 2 2 7 121 3731 4164 3732
6633 2 2 7 121 3731 4391 4164
6634 2 2 7 121 3733 4629 4391
6635 2 2 7 121 3740 4610 3741
6636 2 2 7 121 3745 4220 3746
6637 2 2 7 121 3746 4467 4008
6638 2 2 7 121 3746 4220 4113
6639 2 2 7 121 4113 4467 3746
6640 2 2 7 121 3747 4362 4093
6641 2 2 7 121 3750 4544 3751
6642 2 2 7 121 3751 4544 4300
6643 2 2 7 121 3752 4346 4251
6644 2 2 7 121 3754 4577 3755
6645 2 2 7 121 3755 4366 4025
6646 2 2 7 121 3755 4577 4366
6647 2 2 7 121 3756 4561 3839
6648 2 2 7 121 3762 4608 3761
6649 2 2 7 121 3762 4548 4276
6650 2 2 7 121 3764 4622 4373
6651 2 2 7 121 3766 3877 3765
6652 2 2 7 121 3766 4124 3877
6653 2 2 7 121 3766 4386 4124
6654 2 2 7 121 3766 4612 4386
6655 2 2 7 121 3767 4412 4173
6656 2 2 7 121 4074 4653 3771
6657 2 2 7 121 3771 4683 4074
6658 2 2 7 121 3773 4471 3774
6659 2 2 7 121 3796 4471 3773
6660 2 2 7 121 3774 4237 3775
6661 2 2 7 121 3774 4471 4237
6662 2 2 7 121 3776 4513 4282
6663 2 2 7 121 4025 4105 3777
6664 2 2 7 121 3779 3780 3778
6665 2 2 7 121 3779 4509 4218
6666 2 2 7 121 3780 4611 4346
6667 2 2 7 121 3783 3878 3782
6668 2 2 7 121 3783 4649 3878
6669 2 2 7 121 3783 4105 3924
6670 2 2 7 121 3924 4649 3783
6671 2 2 7 121 3860 4560 3786
6672 2 2 7 121 3786 4560 4338
6673 2 2 7 121 3787 4686 4436
6674 2 2 7 121 3788 4410 3789
6675 2 2 7 121 3790 4410 3788
6676 2 2 7 121 3789 4410 4135
6677 2 2 7 121 3790 4578 4410
6678 2 2 7 121 3794 4292 4031
6679 2 2 7 121 3796 4660 4471
6680 2 2 7 121 3798 4477 3797
6681 2 2 7 121 3797 4477 3828
6682 2 2 7 121 3798 4693 4477
6683 2 2 7 121 3800 4401 3799
6684 2 2 7 121 3800 4595 4401
6685 2 2 7 121 3802 4628 4376
6686 2 2 7 121 3804 4443 3805
6687 2 2 7 121 3804 4692 4443
6688 2 2 7 121 3805 4188 3806
6689 2 2 7 121 3806 4188 3990
6690 2 2 7 121 3809 4440 4197
6691 2 2 7 121 3810 4587 4339
6692 2 2 7 121 3814 4654 4088
6693 2 2 7 121 4088 4690 3814
6694 2 2 7 121 3817 4478 4056
6695 2 2 7 121 3819 4596 3818
6696 2 2 7 121 3818 4596 3820
6697 2 2 7 121 3820 4596 4357
6698 2 2 7 121 3821 4599 4356
6699 2 2 7 121 3825 4635 3824
6700 2 2 7 121 3827 4657 4098
6701 2 2 7 121 4098 4711 3827
6702 2 2 7 121 3828 4477 4253
6703 2 2 7 121 3830 4665 4413
6704 2 2 7 121 4038 4639 3831
6705 2 2 7 121 3833 4109 3832
6706 2 2 7 121 3833 4645 4109
6707 2 2 7 121 3834 4210 3888
6708 2 2 7 121 3888 4582 3834
6709 2 2 7 121 3836 3838 3835
6710 2 2 7 121 3837 4094 3836
6711 2 2 7 121 3839 4561 3837
6712 2 2 7 121 3837 4361 4094
6713 2 2 7 121 3837 4561 4361
6714 2 2 7 121 3838 4652 4460
6715 2 2 7 121 3844 4541 4320
6716 2 2 7 121 3845 4694 3846
6717 2 2 7 121 3846 4694 4426
6718 2 2 7 121 3847 4363 4110
6719 2 2 7 121 3849 4430 4198
6720 2 2 7 121 3853 4586 4353
6721 2 2 7 121 3856 4421 3855
6722 2 2 7 121 3856 4616 4421
6723 2 2 7 121 3859 4638 4395
6724 2 2 7 121 3951 4560 3860
6725 2 2 7 121 3861 4458 4215
6726 2 2 7 121 3863 4400 3864
6727 2 2 7 121 3864 4400 4130
6728 2 2 7 121 3868 4340 3882
6729 2 2 7 121 3882 4631 3868
6730 2 2 7 121 4334 4588 3870
6731 2 2 7 121 4454 4627 3873
6732 2 2 7 121 3875 4265 4246
6733 2 2 7 121 3878 4483 4243
6734 2 2 7 121 3878 4649 4483
6735 2 2 7 121 3879 4314 3972
6736 2 2 7 121 4461 4701 3880
6737 2 2 7 121 3881 4551 3886
6738 2 2 7 121 3885 4307 4029
6739 2 2 7 121 3928 4661 3891
6740 2 2 7 121 4095 4345 3892
6741 2 2 7 121 4162 4407 3911
6742 2 2 7 121 3912 4491 3932
6743 2 2 7 121 3982 4277 3913
6744 2 2 7 121 4277 4506 3913
6745 2 2 7 121 3915 4259 4191
6746 2 2 7 121 3920 4275 4221
6747 2 2 7 121 4211 4449 3922
6748 2 2 7 121 4458 4680 3927
6749 2 2 7 121 4092 4351 3929
6750 2 2 7 121 4143 4395 3930
6751 2 2 7 121 4491 4724 3932
6752 2 2 7 121 4412 4637 3935
6753 2 2 7 121 4430 4663 3936
6754 2 2 7 121 3938 4308 3939
6755 2 2 7 121 3939 4308 4122
6756 2 2 7 121 4235 4473 3940
6757 2 2 7 121 4440 4662 3942
6758 2 2 7 121 4242 4285 3945
6759 2 2 7 121 4193 4428 3946
6760 2 2 7 121 4233 4343 3947
6761 2 2 7 121 4252 4493 3961
6762 2 2 7 121 4227 4287 3963
6763 2 2 7 121 4008 4467 3967
6764 2 2 7 121 4467 4691 3967
6765 2 2 7 121 4254 4281 3971
6766 2 2 7 121 3972 4314 4145
6767 2 2 7 121 4080 4327 3973
6768 2 2 7 121 4327 4572 3973
6769 2 2 7 121 3975 4261 4229
6770 2 2 7 121 4397 4633 3977
6771 2 2 7 121 3984 4453 3989
6772 2 2 7 121 4300 4544 3986
6773 2 2 7 121 4106 4114 3987
6774 2 2 7 121 4453 4670 3989
6775 2 2 7 121 4014 4282 3993
6776 2 2 7 121 4081 4284 3995
6777 2 2 7 121 4284 4537 4103
6778 2 2 7 121 4104 4709 4562
6779 2 2 7 121 4267 4475 4294
6780 2 2 8 125 2 5131 571
6781 2 2 8 125 39 4727 2
6782 2 2 8 125 4727 5131 2
6783 2 2 8 125 3 5134 63
6784 2 2 8 125 970 5134 3
6785 2 2 8 125 969 5130 6
6786 2 2 8 125 6 5130 120
6787 2 2 8 125 145 5135 7
6788 2 2 8 125 7 5135 1368
6789 2 2 8 125 63 5133 62
6790 2 2 8 125 63 5134 5133
6791 2 2 8 125 144 5132 145
6792 2 2 8 125 5132 5135 145
6793 2 2 8 125 571 4806 572
6794 2 2 8 125 571 5131 4806
6795 2 2 8 125 572 4981 573
6796 2 2 8 125 4806 4981 572
6797 2 2 8 125 573 4807 574
6798 2 2 8 125 573 4981 4807
6799 2 2 8 125 574 4980 575
6800 2 2 8 125 4807 4980 574
6801 2 2 8 125 575 4808 576
6802 2 2 8 125 575 4980 4808
6803 2 2 8 125 576 4982 577
6804 2 2 8 125 4808 4982 576
6805 2 2 8 125 577 4810 578
6806 2 2 8 125 577 4982 4810
6807 2 2 8 125 578 5107 579
6808 2 2 8 125 4810 5107 578
6809 2 2 8 125 579 4805 580
6810 2 2 8 125 579 5107 4805
6811 2 2 8 125 580 4979 581
6812 2 2 8 125 4805 4979 580
6813 2 2 8 125 581 4804 582
6814 2 2 8 125 581 4979 4804
6815 2 2 8 125 582 5106 583
6816 2 2 8 125 4804 5106 582
6817 2 2 8 125 583 4802 584
6818 2 2 8 125 583 5106 4802
6819 2 2 8 125 584 5092 585
6820 2 2 8 125 4802 5092 584
6821 2 2 8 125 585 4800 586
6822 2 2 8 125 585 5092 4800
6823 2 2 8 125 586 4975 587
6824 2 2 8 125 4800 4975 586
6825 2 2 8 125 587 4797 588
6826 2 2 8 125 587 4975 4797
6827 2 2 8 125 588 5108 589
6828 2 2 8 125 4797 5108 588
6829 2 2 8 125 589 4798 590
6830 2 2 8 125 589 5108 4798
6831 2 2 8 125 590 4976 591
6832 2 2 8 125 4798 4976 590
6833 2 2 8 125 591 4799 592
6834 2 2 8 125 591 4976 4799
6835 2 2 8 125 592 4973 593
6836 2 2 8 125 4799 4973 592
6837 2 2 8 125 593 5105 594
6838 2 2 8 125 4973 5105 593
6839 2 2 8 125 594 4809 595
6840 2 2 8 125 594 5105 4809
6841 2 2 8 125 595 5084 596
6842 2 2 8 125 4809 5084 595
6843 2 2 8 125 596 4814 597
6844 2 2 8 125 596 5084 4814
6845 2 2 8 125 597 5110 598
6846 2 2 8 125 4814 5110 597
6847 2 2 8 125 598 4816 599
6848 2 2 8 125 598 5110 4816
6849 2 2 8 125 599 4984 600
6850 2 2 8 125 4816 4984 599
6851 2 2 8 125 600 4818 601
6852 2 2 8 125 600 4984 4818
6853 2 2 8 125 601 4990 602
6854 2 2 8 125 4818 4990 601
6855 2 2 8 125 602 4986 603
6856 2 2 8 125 602 4990 4986
6857 2 2 8 125 603 4817 604
6858 2 2 8 125 603 4986 4817
6859 2 2 8 125 604 4983 605
6860 2 2 8 125 4817 4983 604
6861 2 2 8 125 605 4812 606
6862 2 2 8 125 605 4983 4812
6863 2 2 8 125 606 5048 607
6864 2 2 8 125 4812 5048 606
6865 2 2 8 125 607 4988 608
6866 2 2 8 125 607 5048 4988
6867 2 2 8 125 608 4811 609
6868 2 2 8 125 608 4988 4811
6869 2 2 8 125 609 4989 610
6870 2 2 8 125 4811 4989 609
6871 2 2 8 125 610 4815 611
6872 2 2 8 125 610 4989 4815
6873 2 2 8 125 611 5080 612
6874 2 2 8 125 4815 5080 611
6875 2 2 8 125 612 4819 613
6876 2 2 8 125 612 5080 4819
6877 2 2 8 125 613 5082 614
6878 2 2 8 125 4819 5082 613
6879 2 2 8 125 614 4813 615
6880 2 2 8 125 614 5082 4813
6881 2 2 8 125 615 5083 616
6882 2 2 8 125 4813 5083 615
6883 2 2 8 125 616 4803 617
6884 2 2 8 125 616 5083 4803
6885 2 2 8 125 617 4978 618
6886 2 2 8 125 4803 4978 617
6887 2 2 8 125 618 4801 619
6888 2 2 8 125 618 4978 4801
6889 2 2 8 125 619 4962 620
6890 2 2 8 125 4801 4962 619
6891 2 2 8 125 620 4796 621
6892 2 2 8 125 620 4962 4796
6893 2 2 8 125 621 4947 622
6894 2 2 8 125 4796 4947 621
6895 2 2 8 125 622 4795 623
6896 2 2 8 125 622 4947 4795
6897 2 2 8 125 623 4949 624
6898 2 2 8 125 4795 4949 623
6899 2 2 8 125 624 4791 625
6900 2 2 8 125 624 4949 4791
6901 2 2 8 125 625 4964 626
6902 2 2 8 125 4791 4964 625
6903 2 2 8 125 626 4786 627
6904 2 2 8 125 626 4964 4786
6905 2 2 8 125 627 5100 628
6906 2 2 8 125 4786 5100 627
6907 2 2 8 125 628 4787 629
6908 2 2 8 125 628 5100 4787
6909 2 2 8 125 629 5099 630
6910 2 2 8 125 4787 5099 629
6911 2 2 8 125 630 4788 631
6912 2 2 8 125 630 5099 4788
6913 2 2 8 125 631 4963 632
6914 2 2 8 125 4788 4963 631
6915 2 2 8 125 632 4785 633
6916 2 2 8 125 632 4963 4785
6917 2 2 8 125 633 4960 634
6918 2 2 8 125 4785 4960 633
6919 2 2 8 125 634 4773 635
6920 2 2 8 125 634 4960 4773
6921 2 2 8 125 635 5094 636
6922 2 2 8 125 4773 5094 635
6923 2 2 8 125 636 4766 637
6924 2 2 8 125 636 5094 4766
6925 2 2 8 125 637 4965 638
6926 2 2 8 125 4766 4965 637
6927 2 2 8 125 638 4793 639
6928 2 2 8 125 638 4965 4793
6929 2 2 8 125 639 5093 640
6930 2 2 8 125 4793 5093 639
6931 2 2 8 125 640 4738 641
6932 2 2 8 125 640 5093 4738
6933 2 2 8 125 641 5072 642
6934 2 2 8 125 4738 5072 641
6935 2 2 8 125 642 4735 643
6936 2 2 8 125 642 5072 4735
6937 2 2 8 125 643 4924 644
6938 2 2 8 125 4735 4924 643
6939 2 2 8 125 644 4734 645
6940 2 2 8 125 644 4924 4734
6941 2 2 8 125 645 4925 646
6942 2 2 8 125 4734 4925 645
6943 2 2 8 125 646 4733 647
6944 2 2 8 125 646 4925 4733
6945 2 2 8 125 647 4923 648
6946 2 2 8 125 4733 4923 647
6947 2 2 8 125 648 4736 649
6948 2 2 8 125 648 4923 4736
6949 2 2 8 125 649 5076 650
6950 2 2 8 125 4736 5076 649
6951 2 2 8 125 650 4767 651
6952 2 2 8 125 650 5076 4767
6953 2 2 8 125 651 5086 652
6954 2 2 8 125 4767 5086 651
6955 2 2 8 125 652 4760 653
6956 2 2 8 125 652 5086 4760
6957 2 2 8 125 653 4954 654
6958 2 2 8 125 4760 4954 653
6959 2 2 8 125 654 4758 655
6960 2 2 8 125 654 4954 4758
6961 2 2 8 125 655 5088 656
6962 2 2 8 125 4758 5088 655
6963 2 2 8 125 656 4784 657
6964 2 2 8 125 656 5088 4784
6965 2 2 8 125 657 4959 658
6966 2 2 8 125 4784 4959 657
6967 2 2 8 125 658 4789 659
6968 2 2 8 125 658 4959 4789
6969 2 2 8 125 659 4957 660
6970 2 2 8 125 4789 4957 659
6971 2 2 8 125 660 4776 661
6972 2 2 8 125 660 4957 4776
6973 2 2 8 125 661 5095 662
6974 2 2 8 125 4776 5095 661
6975 2 2 8 125 662 4768 663
6976 2 2 8 125 662 5095 4768
6977 2 2 8 125 663 5096 664
6978 2 2 8 125 4768 5096 663
6979 2 2 8 125 664 4790 665
6980 2 2 8 125 664 5096 4790
6981 2 2 8 125 665 5102 666
6982 2 2 8 125 4790 5102 665
6983 2 2 8 125 666 4958 667
6984 2 2 8 125 666 5102 4958
6985 2 2 8 125 667 4777 668
6986 2 2 8 125 667 4958 4777
6987 2 2 8 125 668 4961 669
6988 2 2 8 125 4777 4961 668
6989 2 2 8 125 669 5058 670
6990 2 2 8 125 4961 5058 669
6991 2 2 8 125 670 4774 671
6992 2 2 8 125 670 5058 4774
6993 2 2 8 125 671 5091 672
6994 2 2 8 125 4774 5091 671
6995 2 2 8 125 672 4775 673
6996 2 2 8 125 672 5091 4775
6997 2 2 8 125 673 5055 674
6998 2 2 8 125 4775 5055 673
6999 2 2 8 125 674 4956 675
7000 2 2 8 125 674 5055 4956
7001 2 2 8 125 675 4769 676
7002 2 2 8 125 675 4956 4769
7003 2 2 8 125 676 4952 677
7004 2 2 8 125 4769 4952 676
7005 2 2 8 125 677 5097 678
7006 2 2 8 125 4952 5097 677
7007 2 2 8 125 678 4770 679
7008 2 2 8 125 678 5097 4770
7009 2 2 8 125 679 4955 680
7010 2 2 8 125 4770 4955 679
7011 2 2 8 125 680 4778 681
7012 2 2 8 125 680 4955 4778
7013 2 2 8 125 681 5090 682
7014 2 2 8 125 4778 5090 681
7015 2 2 8 125 682 4792 683
7016 2 2 8 125 682 5090 4792
7017 2 2 8 125 683 5101 684
7018 2 2 8 125 4792 5101 683
7019 2 2 8 125 684 4779 685
7020 2 2 8 125 684 5101 4779
7021 2 2 8 125 685 5089 686
7022 2 2 8 125 4779 5089 685
7023 2 2 8 125 686 4757 687
7024 2 2 8 125 686 5089 4757
7025 2 2 8 125 687 5085 688
7026 2 2 8 125 4757 5085 687
7027 2 2 8 125 688 4759 689
7028 2 2 8 125 688 5085 4759
7029 2 2 8 125 689 4951 690
7030 2 2 8 125 4759 4951 689
7031 2 2 8 125 690 4771 691
7032 2 2 8 125 690 4951 4771
7033 2 2 8 125 691 4953 692
7034 2 2 8 125 4771 4953 691
7035 2 2 8 125 692 5098 693
7036 2 2 8 125 4953 5098 692
7037 2 2 8 125 693 4772 694
7038 2 2 8 125 693 5098 4772
7039 2 2 8 125 694 5056 695
7040 2 2 8 125 4772 5056 694
7041 2 2 8 125 695 4936 696
7042 2 2 8 125 695 5056 4936
7043 2 2 8 125 696 4739 697
7044 2 2 8 125 696 4936 4739
7045 2 2 8 125 697 4937 698
7046 2 2 8 125 4739 4937 697
7047 2 2 8 125 698 4740 699
7048 2 2 8 125 698 4937 4740
7049 2 2 8 125 699 5054 700
7050 2 2 8 125 4740 5054 699
7051 2 2 8 125 700 4931 701
7052 2 2 8 125 700 5054 4931
7053 2 2 8 125 701 4741 702
7054 2 2 8 125 701 4931 4741
7055 2 2 8 125 702 4938 703
7056 2 2 8 125 4741 4938 702
7057 2 2 8 125 703 4742 704
7058 2 2 8 125 703 4938 4742
7059 2 2 8 125 704 4939 705
7060 2 2 8 125 4742 4939 704
7061 2 2 8 125 705 4743 706
7062 2 2 8 125 705 4939 4743
7063 2 2 8 125 706 4940 707
7064 2 2 8 125 4743 4940 706
7065 2 2 8 125 707 5104 708
7066 2 2 8 125 4940 5104 707
7067 2 2 8 125 708 4761 709
7068 2 2 8 125 708 5104 4761
7069 2 2 8 125 709 5053 710
7070 2 2 8 125 4761 5053 709
7071 2 2 8 125 710 4932 711
7072 2 2 8 125 710 5053 4932
7073 2 2 8 125 711 4744 712
7074 2 2 8 125 711 4932 4744
7075 2 2 8 125 712 4966 713
7076 2 2 8 125 4744 4966 712
7077 2 2 8 125 713 4745 714
7078 2 2 8 125 713 4966 4745
7079 2 2 8 125 714 4926 715
7080 2 2 8 125 4745 4926 714
7081 2 2 8 125 715 4916 716
7082 2 2 8 125 715 4926 4916
7083 2 2 8 125 716 4732 717
7084 2 2 8 125 716 4916 4732
7085 2 2 8 125 717 5074 718
7086 2 2 8 125 4732 5074 717
7087 2 2 8 125 718 4730 719
7088 2 2 8 125 718 5074 4730
7089 2 2 8 125 719 4919 720
7090 2 2 8 125 4730 4919 719
7091 2 2 8 125 720 4729 721
7092 2 2 8 125 720 4919 4729
7093 2 2 8 125 721 4920 722
7094 2 2 8 125 4729 4920 721
7095 2 2 8 125 722 4731 723
7096 2 2 8 125 722 4920 4731
7097 2 2 8 125 723 4915 724
7098 2 2 8 125 4731 4915 723
7099 2 2 8 125 724 4737 725
7100 2 2 8 125 724 4915 4737
7101 2 2 8 125 725 4928 726
7102 2 2 8 125 4737 4928 725
7103 2 2 8 125 726 4746 727
7104 2 2 8 125 726 4928 4746
7105 2 2 8 125 727 4941 728
7106 2 2 8 125 4746 4941 727
7107 2 2 8 125 728 4747 729
7108 2 2 8 125 728 4941 4747
7109 2 2 8 125 729 4967 730
7110 2 2 8 125 4747 4967 729
7111 2 2 8 125 730 4748 731
7112 2 2 8 125 730 4967 4748
7113 2 2 8 125 731 4933 732
7114 2 2 8 125 4748 4933 731
7115 2 2 8 125 732 4749 733
7116 2 2 8 125 732 4933 4749
7117 2 2 8 125 733 4950 734
7118 2 2 8 125 4749 4950 733
7119 2 2 8 125 734 4750 735
7120 2 2 8 125 734 4950 4750
7121 2 2 8 125 735 4942 736
7122 2 2 8 125 4750 4942 735
7123 2 2 8 125 736 4780 737
7124 2 2 8 125 736 4942 4780
7125 2 2 8 125 737 5052 738
7126 2 2 8 125 4780 5052 737
7127 2 2 8 125 738 4948 739
7128 2 2 8 125 738 5052 4948
7129 2 2 8 125 739 4762 740
7130 2 2 8 125 739 4948 4762
7131 2 2 8 125 740 4944 741
7132 2 2 8 125 4762 4944 740
7133 2 2 8 125 741 4781 742
7134 2 2 8 125 741 4944 4781
7135 2 2 8 125 742 4930 743
7136 2 2 8 125 4781 4930 742
7137 2 2 8 125 743 4751 744
7138 2 2 8 125 743 4930 4751
7139 2 2 8 125 744 4968 745
7140 2 2 8 125 4751 4968 744
7141 2 2 8 125 745 4752 746
7142 2 2 8 125 745 4968 4752
7143 2 2 8 125 746 4943 747
7144 2 2 8 125 4752 4943 746
7145 2 2 8 125 747 4753 748
7146 2 2 8 125 747 4943 4753
7147 2 2 8 125 748 4969 749
7148 2 2 8 125 4753 4969 748
7149 2 2 8 125 749 4763 750
7150 2 2 8 125 749 4969 4763
7151 2 2 8 125 750 4945 751
7152 2 2 8 125 4763 4945 750
7153 2 2 8 125 751 4782 752
7154 2 2 8 125 751 4945 4782
7155 2 2 8 125 752 4970 753
7156 2 2 8 125 4782 4970 752
7157 2 2 8 125 753 4754 754
7158 2 2 8 125 753 4970 4754
7159 2 2 8 125 754 4934 755
7160 2 2 8 125 4754 4934 754
7161 2 2 8 125 755 4755 756
7162 2 2 8 125 755 4934 4755
7163 2 2 8 125 756 4935 757
7164 2 2 8 125 4755 4935 756
7165 2 2 8 125 757 4756 758
7166 2 2 8 125 757 4935 4756
7167 2 2 8 125 758 4971 759
7168 2 2 8 125 4756 4971 758
7169 2 2 8 125 759 5103 760
7170 2 2 8 125 4971 5103 759
7171 2 2 8 125 760 4764 761
7172 2 2 8 125 760 5103 4764
7173 2 2 8 125 761 4946 762
7174 2 2 8 125 4764 4946 761
7175 2 2 8 125 762 4783 763
7176 2 2 8 125 762 4946 4783
7177 2 2 8 125 763 4972 764
7178 2 2 8 125 4783 4972 763
7179 2 2 8 125 764 4765 765
7180 2 2 8 125 764 4972 4765
7181 2 2 8 125 765 4929 766
7182 2 2 8 125 4765 4929 765
7183 2 2 8 125 766 4794 767
7184 2 2 8 125 766 4929 4794
7185 2 2 8 125 767 4917 768
7186 2 2 8 125 4794 4917 767
7187 2 2 8 125 768 4820 769
7188 2 2 8 125 768 4917 4820
7189 2 2 8 125 769 4977 770
7190 2 2 8 125 4820 4977 769
7191 2 2 8 125 770 4821 771
7192 2 2 8 125 770 4977 4821
7193 2 2 8 125 771 5078 772
7194 2 2 8 125 4821 5078 771
7195 2 2 8 125 772 4844 773
7196 2 2 8 125 772 5078 4844
7197 2 2 8 125 773 4921 774
7198 2 2 8 125 4844 4921 773
7199 2 2 8 125 774 4857 775
7200 2 2 8 125 774 4921 4857
7201 2 2 8 125 775 5016 776
7202 2 2 8 125 4857 5016 775
7203 2 2 8 125 776 4879 777
7204 2 2 8 125 776 5016 4879
7205 2 2 8 125 777 5073 778
7206 2 2 8 125 4879 5073 777
7207 2 2 8 125 778 4884 779
7208 2 2 8 125 778 5073 4884
7209 2 2 8 125 779 5081 780
7210 2 2 8 125 4884 5081 779
7211 2 2 8 125 780 4865 781
7212 2 2 8 125 780 5081 4865
7213 2 2 8 125 781 5019 782
7214 2 2 8 125 4865 5019 781
7215 2 2 8 125 782 4866 783
7216 2 2 8 125 782 5019 4866
7217 2 2 8 125 783 5032 784
7218 2 2 8 125 4866 5032 783
7219 2 2 8 125 784 4867 785
7220 2 2 8 125 784 5032 4867
7221 2 2 8 125 785 5017 786
7222 2 2 8 125 4867 5017 785
7223 2 2 8 125 786 4868 787
7224 2 2 8 125 786 5017 4868
7225 2 2 8 125 787 5030 788
7226 2 2 8 125 4868 5030 787
7227 2 2 8 125 788 4869 789
7228 2 2 8 125 788 5030 4869
7229 2 2 8 125 789 5033 790
7230 2 2 8 125 4869 5033 789
7231 2 2 8 125 790 4870 791
7232 2 2 8 125 790 5033 4870
7233 2 2 8 125 791 5015 792
7234 2 2 8 125 4870 5015 791
7235 2 2 8 125 792 4881 793
7236 2 2 8 125 792 5015 4881
7237 2 2 8 125 793 5079 794
7238 2 2 8 125 4881 5079 793
7239 2 2 8 125 794 5005 795
7240 2 2 8 125 794 5079 5005
7241 2 2 8 125 795 4871 796
7242 2 2 8 125 795 5005 4871
7243 2 2 8 125 796 5020 797
7244 2 2 8 125 4871 5020 796
7245 2 2 8 125 797 4872 798
7246 2 2 8 125 797 5020 4872
7247 2 2 8 125 798 5026 799
7248 2 2 8 125 4872 5026 798
7249 2 2 8 125 799 4873 800
7250 2 2 8 125 799 5026 4873
7251 2 2 8 125 800 5018 801
7252 2 2 8 125 4873 5018 800
7253 2 2 8 125 801 4874 802
7254 2 2 8 125 801 5018 4874
7255 2 2 8 125 802 5027 803
7256 2 2 8 125 4874 5027 802
7257 2 2 8 125 803 4875 804
7258 2 2 8 125 803 5027 4875
7259 2 2 8 125 804 5021 805
7260 2 2 8 125 4875 5021 804
7261 2 2 8 125 805 5060 806
7262 2 2 8 125 5021 5060 805
7263 2 2 8 125 806 4863 807
7264 2 2 8 125 806 5060 4863
7265 2 2 8 125 807 4987 808
7266 2 2 8 125 4863 4987 807
7267 2 2 8 125 808 4887 809
7268 2 2 8 125 808 4987 4887
7269 2 2 8 125 809 5077 810
7270 2 2 8 125 4887 5077 809
7271 2 2 8 125 810 5013 811
7272 2 2 8 125 810 5077 5013
7273 2 2 8 125 811 4876 812
7274 2 2 8 125 811 5013 4876
7275 2 2 8 125 812 5028 813
7276 2 2 8 125 4876 5028 812
7277 2 2 8 125 813 4877 814
7278 2 2 8 125 813 5028 4877
7279 2 2 8 125 814 5029 815
7280 2 2 8 125 4877 5029 814
7281 2 2 8 125 815 4878 816
7282 2 2 8 125 815 5029 4878
7283 2 2 8 125 816 5022 817
7284 2 2 8 125 4878 5022 816
7285 2 2 8 125 817 4864 818
7286 2 2 8 125 817 5022 4864
7287 2 2 8 125 818 5024 819
7288 2 2 8 125 4864 5024 818
7289 2 2 8 125 819 5049 820
7290 2 2 8 125 5024 5049 819
7291 2 2 8 125 820 4862 821
7292 2 2 8 125 820 5049 4862
7293 2 2 8 125 821 5121 822
7294 2 2 8 125 4862 5121 821
7295 2 2 8 125 822 4861 823
7296 2 2 8 125 822 5121 4861
7297 2 2 8 125 823 5000 824
7298 2 2 8 125 4861 5000 823
7299 2 2 8 125 824 4889 825
7300 2 2 8 125 824 5000 4889
7301 2 2 8 125 825 5039 826
7302 2 2 8 125 4889 5039 825
7303 2 2 8 125 826 4900 827
7304 2 2 8 125 826 5039 4900
7305 2 2 8 125 827 5087 828
7306 2 2 8 125 4900 5087 827
7307 2 2 8 125 828 4858 829
7308 2 2 8 125 828 5087 4858
7309 2 2 8 125 829 5071 830
7310 2 2 8 125 4858 5071 829
7311 2 2 8 125 830 4843 831
7312 2 2 8 125 830 5071 4843
7313 2 2 8 125 831 5006 832
7314 2 2 8 125 4843 5006 831
7315 2 2 8 125 832 5061 833
7316 2 2 8 125 5006 5061 832
7317 2 2 8 125 833 4825 834
7318 2 2 8 125 833 5061 4825
7319 2 2 8 125 834 5001 835
7320 2 2 8 125 4825 5001 834
7321 2 2 8 125 835 4850 836
7322 2 2 8 125 835 5001 4850
7323 2 2 8 125 836 4927 837
7324 2 2 8 125 4850 4927 836
7325 2 2 8 125 837 5057 838
7326 2 2 8 125 4927 5057 837
7327 2 2 8 125 838 4901 839
7328 2 2 8 125 838 5057 4901
7329 2 2 8 125 839 5036 840
7330 2 2 8 125 4901 5036 839
7331 2 2 8 125 840 4902 841
7332 2 2 8 125 840 5036 4902
7333 2 2 8 125 841 5043 842
7334 2 2 8 125 4902 5043 841
7335 2 2 8 125 842 4903 843
7336 2 2 8 125 842 5043 4903
7337 2 2 8 125 843 5075 844
7338 2 2 8 125 4903 5075 843
7339 2 2 8 125 844 4853 845
7340 2 2 8 125 844 5075 4853
7341 2 2 8 125 845 4913 846
7342 2 2 8 125 4853 4913 845
7343 2 2 8 125 846 4823 847
7344 2 2 8 125 846 4913 4823
7345 2 2 8 125 847 5118 848
7346 2 2 8 125 4823 5118 847
7347 2 2 8 125 848 4833 849
7348 2 2 8 125 848 5118 4833
7349 2 2 8 125 849 5119 850
7350 2 2 8 125 4833 5119 849
7351 2 2 8 125 850 4848 851
7352 2 2 8 125 850 5119 4848
7353 2 2 8 125 851 5067 852
7354 2 2 8 125 4848 5067 851
7355 2 2 8 125 852 4885 853
7356 2 2 8 125 852 5067 4885
7357 2 2 8 125 853 5031 854
7358 2 2 8 125 4885 5031 853
7359 2 2 8 125 854 4904 855
7360 2 2 8 125 854 5031 4904
7361 2 2 8 125 855 5044 856
7362 2 2 8 125 4904 5044 855
7363 2 2 8 125 856 4905 857
7364 2 2 8 125 856 5044 4905
7365 2 2 8 125 857 5047 858
7366 2 2 8 125 4905 5047 857
7367 2 2 8 125 858 5014 859
7368 2 2 8 125 858 5047 5014
7369 2 2 8 125 859 4882 860
7370 2 2 8 125 859 5014 4882
7371 2 2 8 125 860 4974 861
7372 2 2 8 125 4882 4974 860
7373 2 2 8 125 861 4834 862
7374 2 2 8 125 861 4974 4834
7375 2 2 8 125 862 5111 863
7376 2 2 8 125 4834 5111 862
7377 2 2 8 125 863 4822 864
7378 2 2 8 125 863 5111 4822
7379 2 2 8 125 864 5009 865
7380 2 2 8 125 4822 5009 864
7381 2 2 8 125 865 4836 866
7382 2 2 8 125 865 5009 4836
7383 2 2 8 125 866 4994 867
7384 2 2 8 125 4836 4994 866
7385 2 2 8 125 867 4854 868
7386 2 2 8 125 867 4994 4854
7387 2 2 8 125 868 4993 869
7388 2 2 8 125 4854 4993 868
7389 2 2 8 125 869 4890 870
7390 2 2 8 125 869 4993 4890
7391 2 2 8 125 870 5122 871
7392 2 2 8 125 4890 5122 870
7393 2 2 8 125 871 4893 872
7394 2 2 8 125 871 5122 4893
7395 2 2 8 125 872 4922 873
7396 2 2 8 125 4893 4922 872
7397 2 2 8 125 873 4849 874
7398 2 2 8 125 873 4922 4849
7399 2 2 8 125 874 5003 875
7400 2 2 8 125 4849 5003 874
7401 2 2 8 125 875 4835 876
7402 2 2 8 125 875 5003 4835
7403 2 2 8 125 876 5120 877
7404 2 2 8 125 4835 5120 876
7405 2 2 8 125 877 4824 878
7406 2 2 8 125 877 5120 4824
7407 2 2 8 125 878 4918 879
7408 2 2 8 125 4824 4918 878
7409 2 2 8 125 879 4851 880
7410 2 2 8 125 879 4918 4851
7411 2 2 8 125 880 5069 881
7412 2 2 8 125 4851 5069 880
7413 2 2 8 125 881 4898 882
7414 2 2 8 125 881 5069 4898
7415 2 2 8 125 882 5035 883
7416 2 2 8 125 4898 5035 882
7417 2 2 8 125 883 5126 884
7418 2 2 8 125 5035 5126 883
7419 2 2 8 125 884 4894 885
7420 2 2 8 125 884 5126 4894
7421 2 2 8 125 885 5123 886
7422 2 2 8 125 4894 5123 885
7423 2 2 8 125 886 4895 887
7424 2 2 8 125 886 5123 4895
7425 2 2 8 125 887 5070 888
7426 2 2 8 125 4895 5070 887
7427 2 2 8 125 888 4852 889
7428 2 2 8 125 888 5070 4852
7429 2 2 8 125 889 4997 890
7430 2 2 8 125 4852 4997 889
7431 2 2 8 125 890 4827 891
7432 2 2 8 125 890 4997 4827
7433 2 2 8 125 891 5113 892
7434 2 2 8 125 4827 5113 891
7435 2 2 8 125 892 4837 893
7436 2 2 8 125 892 5113 4837
7437 2 2 8 125 893 5002 894
7438 2 2 8 125 4837 5002 893
7439 2 2 8 125 894 4838 895
7440 2 2 8 125 894 5002 4838
7441 2 2 8 125 895 5063 896
7442 2 2 8 125 4838 5063 895
7443 2 2 8 125 896 4896 897
7444 2 2 8 125 896 5063 4896
7445 2 2 8 125 897 5125 898
7446 2 2 8 125 4896 5125 897
7447 2 2 8 125 898 4899 899
7448 2 2 8 125 898 5125 4899
7449 2 2 8 125 899 5040 900
7450 2 2 8 125 4899 5040 899
7451 2 2 8 125 900 4907 901
7452 2 2 8 125 900 5040 4907
7453 2 2 8 125 901 5045 902
7454 2 2 8 125 4907 5045 901
7455 2 2 8 125 902 5008 903
7456 2 2 8 125 902 5045 5008
7457 2 2 8 125 903 4859 904
7458 2 2 8 125 903 5008 4859
7459 2 2 8 125 904 4992 905
7460 2 2 8 125 4859 4992 904
7461 2 2 8 125 905 4828 906
7462 2 2 8 125 905 4992 4828
7463 2 2 8 125 906 5114 907
7464 2 2 8 125 4828 5114 906
7465 2 2 8 125 907 4839 908
7466 2 2 8 125 907 5114 4839
7467 2 2 8 125 908 5010 909
7468 2 2 8 125 4839 5010 908
7469 2 2 8 125 909 4840 910
7470 2 2 8 125 909 5010 4840
7471 2 2 8 125 910 4914 911
7472 2 2 8 125 4840 4914 910
7473 2 2 8 125 911 4860 912
7474 2 2 8 125 911 4914 4860
7475 2 2 8 125 912 4999 913
7476 2 2 8 125 4860 4999 912
7477 2 2 8 125 913 5059 914
7478 2 2 8 125 4999 5059 913
7479 2 2 8 125 914 4908 915
7480 2 2 8 125 914 5059 4908
7481 2 2 8 125 915 5037 916
7482 2 2 8 125 4908 5037 915
7483 2 2 8 125 916 4909 917
7484 2 2 8 125 916 5037 4909
7485 2 2 8 125 917 5038 918
7486 2 2 8 125 4909 5038 917
7487 2 2 8 125 918 4910 919
7488 2 2 8 125 918 5038 4910
7489 2 2 8 125 919 5064 920
7490 2 2 8 125 4910 5064 919
7491 2 2 8 125 920 4846 921
7492 2 2 8 125 920 5064 4846
7493 2 2 8 125 921 5007 922
7494 2 2 8 125 4846 5007 921
7495 2 2 8 125 922 5116 923
7496 2 2 8 125 5007 5116 922
7497 2 2 8 125 923 4829 924
7498 2 2 8 125 923 5116 4829
7499 2 2 8 125 924 5004 925
7500 2 2 8 125 4829 5004 924
7501 2 2 8 125 925 4830 926
7502 2 2 8 125 925 5004 4830
7503 2 2 8 125 926 5066 927
7504 2 2 8 125 4830 5066 926
7505 2 2 8 125 927 4886 928
7506 2 2 8 125 927 5066 4886
7507 2 2 8 125 928 5023 929
7508 2 2 8 125 4886 5023 928
7509 2 2 8 125 929 5046 930
7510 2 2 8 125 5023 5046 929
7511 2 2 8 125 930 4906 931
7512 2 2 8 125 930 5046 4906
7513 2 2 8 125 931 5042 932
7514 2 2 8 125 4906 5042 931
7515 2 2 8 125 932 4911 933
7516 2 2 8 125 932 5042 4911
7517 2 2 8 125 933 5025 934
7518 2 2 8 125 4911 5025 933
7519 2 2 8 125 934 4883 935
7520 2 2 8 125 934 5025 4883
7521 2 2 8 125 935 5068 936
7522 2 2 8 125 4883 5068 935
7523 2 2 8 125 936 4847 937
7524 2 2 8 125 936 5068 4847
7525 2 2 8 125 937 5112 938
7526 2 2 8 125 4847 5112 937
7527 2 2 8 125 938 4831 939
7528 2 2 8 125 938 5112 4831
7529 2 2 8 125 939 5117 940
7530 2 2 8 125 4831 5117 939
7531 2 2 8 125 940 4845 941
7532 2 2 8 125 940 5117 4845
7533 2 2 8 125 941 4998 942
7534 2 2 8 125 4845 4998 941
7535 2 2 8 125 942 4855 943
7536 2 2 8 125 942 4998 4855
7537 2 2 8 125 943 4985 944
7538 2 2 8 125 4855 4985 943
7539 2 2 8 125 944 5051 945
7540 2 2 8 125 4985 5051 944
7541 2 2 8 125 945 4891 946
7542 2 2 8 125 945 5051 4891
7543 2 2 8 125 946 5124 947
7544 2 2 8 125 4891 5124 946
7545 2 2 8 125 947 4892 948
7546 2 2 8 125 947 5124 4892
7547 2 2 8 125 948 5050 949
7548 2 2 8 125 4892 5050 948
7549 2 2 8 125 949 4996 950
7550 2 2 8 125 949 5050 4996
7551 2 2 8 125 950 4856 951
7552 2 2 8 125 950 4996 4856
7553 2 2 8 125 951 4995 952
7554 2 2 8 125 4856 4995 951
7555 2 2 8 125 952 4832 953
7556 2 2 8 125 952 4995 4832
7557 2 2 8 125 953 5115 954
7558 2 2 8 125 4832 5115 953
7559 2 2 8 125 954 4841 955
7560 2 2 8 125 954 5115 4841
7561 2 2 8 125 955 5011 956
7562 2 2 8 125 4841 5011 955
7563 2 2 8 125 956 4842 957
7564 2 2 8 125 956 5011 4842
7565 2 2 8 125 957 4991 958
7566 2 2 8 125 4842 4991 957
7567 2 2 8 125 958 4880 959
7568 2 2 8 125 958 4991 4880
7569 2 2 8 125 959 5109 960
7570 2 2 8 125 4880 5109 959
7571 2 2 8 125 960 4912 961
7572 2 2 8 125 960 5109 4912
7573 2 2 8 125 961 5062 962
7574 2 2 8 125 4912 5062 961
7575 2 2 8 125 962 5041 963
7576 2 2 8 125 962 5062 5041
7577 2 2 8 125 963 4897 964
7578 2 2 8 125 963 5041 4897
7579 2 2 8 125 964 5034 965
7580 2 2 8 125 4897 5034 964
7581 2 2 8 125 965 4888 966
7582 2 2 8 125 965 5034 4888
7583 2 2 8 125 966 5065 967
7584 2 2 8 125 4888 5065 966
7585 2 2 8 125 967 4826 968
7586 2 2 8 125 967 5065 4826
7587 2 2 8 125 968 5012 969
7588 2 2 8 125 4826 5012 968
7589 2 2 8 125 5012 5129 969
7590 2 2 8 125 5129 5130 969
7591 2 2 8 125 971 4806 970
7592 2 2 8 125 4806 5127 970
7593 2 2 8 125 5127 5134 970
7594 2 2 8 125 972 4981 971
7595 2 2 8 125 971 4981 4806
7596 2 2 8 125 973 4807 972
7597 2 2 8 125 4807 4981 972
7598 2 2 8 125 974 4980 973
7599 2 2 8 125 973 4980 4807
7600 2 2 8 125 975 4808 974
7601 2 2 8 125 4808 4980 974
7602 2 2 8 125 976 4982 975
7603 2 2 8 125 975 4982 4808
7604 2 2 8 125 977 4810 976
7605 2 2 8 125 4810 4982 976
7606 2 2 8 125 978 5107 977
7607 2 2 8 125 977 5107 4810
7608 2 2 8 125 979 4805 978
7609 2 2 8 125 4805 5107 978
7610 2 2 8 125 980 4979 979
7611 2 2 8 125 979 4979 4805
7612 2 2 8 125 981 4804 980
7613 2 2 8 125 4804 4979 980
7614 2 2 8 125 982 5106 981
7615 2 2 8 125 981 5106 4804
7616 2 2 8 125 983 4802 982
7617 2 2 8 125 4802 5106 982
7618 2 2 8 125 984 5092 983
7619 2 2 8 125 983 5092 4802
7620 2 2 8 125 985 4800 984
7621 2 2 8 125 4800 5092 984
7622 2 2 8 125 986 4975 985
7623 2 2 8 125 985 4975 4800
7624 2 2 8 125 987 4797 986
7625 2 2 8 125 4797 4975 986
7626 2 2 8 125 988 5108 987
7627 2 2 8 125 987 5108 4797
7628 2 2 8 125 989 4798 988
7629 2 2 8 125 4798 5108 988
7630 2 2 8 125 990 4976 989
7631 2 2 8 125 989 4976 4798
7632 2 2 8 125 991 4799 990
7633 2 2 8 125 4799 4976 990
7634 2 2 8 125 992 4973 991
7635 2 2 8 125 991 4973 4799
7636 2 2 8 125 993 5105 992
7637 2 2 8 125 992 5105 4973
7638 2 2 8 125 994 4809 993
7639 2 2 8 125 4809 5105 993
7640 2 2 8 125 995 5084 994
7641 2 2 8 125 994 5084 4809
7642 2 2 8 125 996 4814 995
7643 2 2 8 125 4814 5084 995
7644 2 2 8 125 997 5110 996
7645 2 2 8 125 996 5110 4814
7646 2 2 8 125 998 4816 997
7647 2 2 8 125 4816 5110 997
7648 2 2 8 125 999 4984 998
7649 2 2 8 125 998 4984 4816
7650 2 2 8 125 1000 4818 999
7651 2 2 8 125 4818 4984 999
7652 2 2 8 125 1001 4990 1000
7653 2 2 8 125 1000 4990 4818
7654 2 2 8 125 1002 4986 1001
7655 2 2 8 125 4986 4990 1001
7656 2 2 8 125 1003 4817 1002
7657 2 2 8 125 4817 4986 1002
7658 2 2 8 125 1004 4983 1003
7659 2 2 8 125 1003 4983 4817
7660 2 2 8 125 1005 4812 1004
7661 2 2 8 125 4812 4983 1004
7662 2 2 8 125 1006 5048 1005
7663 2 2 8 125 1005 5048 4812
7664 2 2 8 125 1007 4988 1006
7665 2 2 8 125 4988 5048 1006
7666 2 2 8 125 1008 4811 1007
7667 2 2 8 125 4811 4988 1007
7668 2 2 8 125 1009 4989 1008
7669 2 2 8 125 1008 4989 4811
7670 2 2 8 125 1010 4815 1009
7671 2 2 8 125 4815 4989 1009
7672 2 2 8 125 1011 5080 1010
7673 2 2 8 125 1010 5080 4815
7674 2 2 8 125 1012 4819 1011
7675 2 2 8 125 4819 5080 1011
7676 2 2 8 125 1013 5082 1012
7677 2 2 8 125 1012 5082 4819
7678 2 2 8 125 1014 4813 1013
7679 2 2 8 125 4813 5082 1013
7680 2 2 8 125 1015 5083 1014
7681 2 2 8 125 1014 5083 4813
7682 2 2 8 125 1016 4803 1015
7683 2 2 8 125 4803 5083 1015
7684 2 2 8 125 1017 4978 1016
7685 2 2 8 125 1016 4978 4803
7686 2 2 8 125 1018 4801 1017
7687 2 2 8 125 4801 4978 1017
7688 2 2 8 125 1019 4962 1018
7689 2 2 8 125 1018 4962 4801
7690 2 2 8 125 1020 4796 1019
7691 2 2 8 125 4796 4962 1019
7692 2 2 8 125 1021 4947 1020
7693 2 2 8 125 1020 4947 4796
7694 2 2 8 125 1022 4795 1021
7695 2 2 8 125 4795 4947 1021
7696 2 2 8 125 1023 4949 1022
7697 2 2 8 125 1022 4949 4795
7698 2 2 8 125 1024 4791 1023
7699 2 2 8 125 4791 4949 1023
7700 2 2 8 125 1025 4964 1024
7701 2 2 8 125 1024 4964 4791
7702 2 2 8 125 1026 4786 1025
7703 2 2 8 125 4786 4964 1025
7704 2 2 8 125 1027 5100 1026
7705 2 2 8 125 1026 5100 4786
7706 2 2 8 125 1028 4787 1027
7707 2 2 8 125 4787 5100 1027
7708 2 2 8 125 1029 5099 1028
7709 2 2 8 125 1028 5099 4787
7710 2 2 8 125 1030 4788 1029
7711 2 2 8 125 4788 5099 1029
7712 2 2 8 125 1031 4963 1030
7713 2 2 8 125 1030 4963 4788
7714 2 2 8 125 1032 4785 1031
7715 2 2 8 125 4785 4963 1031
7716 2 2 8 125 1033 4960 1032
7717 2 2 8 125 1032 4960 4785
7718 2 2 8 125 1034 4773 1033
7719 2 2 8 125 4773 4960 1033
7720 2 2 8 125 1035 5094 1034
7721 2 2 8 125 1034 5094 4773
7722 2 2 8 125 1036 4766 1035
7723 2 2 8 125 4766 5094 1035
7724 2 2 8 125 1037 4965 1036
7725 2 2 8 125 1036 4965 4766
7726 2 2 8 125 1038 4793 1037
7727 2 2 8 125 4793 4965 1037
7728 2 2 8 125 1039 5093 1038
7729 2 2 8 125 1038 5093 4793
7730 2 2 8 125 1040 4738 1039
7731 2 2 8 125 4738 5093 1039
7732 2 2 8 125 1041 5072 1040
7733 2 2 8 125 1040 5072 4738
7734 2 2 8 125 1042 4735 1041
7735 2 2 8 125 4735 5072 1041
7736 2 2 8 125 1043 4924 1042
7737 2 2 8 125 1042 4924 4735
7738 2 2 8 125 1044 4734 1043
7739 2 2 8 125 4734 4924 1043
7740 2 2 8 125 1045 4925 1044
7741 2 2 8 125 1044 4925 4734
7742 2 2 8 125 1046 4733 1045
7743 2 2 8 125 4733 4925 1045
7744 2 2 8 125 1047 4923 1046
7745 2 2 8 125 1046 4923 4733
7746 2 2 8 125 1048 4736 1047
7747 2 2 8 125 4736 4923 1047
7748 2 2 8 125 1049 5076 1048
7749 2 2 8 125 1048 5076 4736
7750 2 2 8 125 1050 4767 1049
7751 2 2 8 125 4767 5076 1049
7752 2 2 8 125 1051 5086 1050
7753 2 2 8 125 1050 5086 4767
7754 2 2 8 125 1052 4760 1051
7755 2 2 8 125 4760 5086 1051
7756 2 2 8 125 1053 4954 1052
7757 2 2 8 125 1052 4954 4760
7758 2 2 8 125 1054 4758 1053
7759 2 2 8 125 4758 4954 1053
7760 2 2 8 125 1055 5088 1054
7761 2 2 8 125 1054 5088 4758
7762 2 2 8 125 1056 4784 1055
7763 2 2 8 125 4784 5088 1055
7764 2 2 8 125 1057 4959 1056
7765 2 2 8 125 1056 4959 4784
7766 2 2 8 125 1058 4789 1057
7767 2 2 8 125 4789 4959 1057
7768 2 2 8 125 1059 4957 1058
7769 2 2 8 125 1058 4957 4789
7770 2 2 8 125 1060 4776 1059
7771 2 2 8 125 4776 4957 1059
7772 2 2 8 125 1061 5095 1060
7773 2 2 8 125 1060 5095 4776
7774 2 2 8 125 1062 4768 1061
7775 2 2 8 125 4768 5095 1061
7776 2 2 8 125 1063 5096 1062
7777 2 2 8 125 1062 5096 4768
7778 2 2 8 125 1064 4790 1063
7779 2 2 8 125 4790 5096 1063
7780 2 2 8 125 1065 5102 1064
7781 2 2 8 125 1064 5102 4790
7782 2 2 8 125 1066 4958 1065
7783 2 2 8 125 4958 5102 1065
7784 2 2 8 125 1067 4777 1066
7785 2 2 8 125 4777 4958 1066
7786 2 2 8 125 1068 4961 1067
7787 2 2 8 125 1067 4961 4777
7788 2 2 8 125 1069 5058 1068
7789 2 2 8 125 1068 5058 4961
7790 2 2 8 125 1070 4774 1069
7791 2 2 8 125 4774 5058 1069
7792 2 2 8 125 1071 5091 1070
7793 2 2 8 125 1070 5091 4774
7794 2 2 8 125 1072 4775 1071
7795 2 2 8 125 4775 5091 1071
7796 2 2 8 125 1073 5055 1072
7797 2 2 8 125 1072 5055 4775
7798 2 2 8 125 1074 4956 1073
7799 2 2 8 125 4956 5055 1073
7800 2 2 8 125 1075 4769 1074
7801 2 2 8 125 4769 4956 1074
7802 2 2 8 125 1076 4952 1075
7803 2 2 8 125 1075 4952 4769
7804 2 2 8 125 1077 5097 1076
7805 2 2 8 125 1076 5097 4952
7806 2 2 8 125 1078 4770 1077
7807 2 2 8 125 4770 5097 1077
7808 2 2 8 125 1079 4955 1078
7809 2 2 8 125 1078 4955 4770
7810 2 2 8 125 1080 4778 1079
7811 2 2 8 125 4778 4955 1079
7812 2 2 8 125 1081 5090 1080
7813 2 2 8 125 1080 5090 4778
7814 2 2 8 125 1082 4792 1081
7815 2 2 8 125 4792 5090 1081
7816 2 2 8 125 1083 5101 1082
7817 2 2 8 125 1082 5101 4792
7818 2 2 8 125 1084 4779 1083
7819 2 2 8 125 4779 5101 1083
7820 2 2 8 125 1085 5089 1084
7821 2 2 8 125 1084 5089 4779
7822 2 2 8 125 1086 4757 1085
7823 2 2 8 125 4757 5089 1085
7824 2 2 8 125 1087 5085 1086
7825 2 2 8 125 1086 5085 4757
7826 2 2 8 125 1088 4759 1087
7827 2 2 8 125 4759 5085 1087
7828 2 2 8 125 1089 4951 1088
7829 2 2 8 125 1088 4951 4759
7830 2 2 8 125 1090 4771 1089
7831 2 2 8 125 4771 4951 1089
7832 2 2 8 125 1091 4953 1090
7833 2 2 8 125 1090 4953 4771
7834 2 2 8 125 1092 5098 1091
7835 2 2 8 125 1091 5098 4953
7836 2 2 8 125 1093 4772 1092
7837 2 2 8 125 4772 5098 1092
7838 2 2 8 125 1094 5056 1093
7839 2 2 8 125 1093 5056 4772
7840 2 2 8 125 1095 4936 1094
7841 2 2 8 125 4936 5056 1094
7842 2 2 8 125 1096 4739 1095
7843 2 2 8 125 4739 4936 1095
7844 2 2 8 125 1097 4937 1096
7845 2 2 8 125 1096 4937 4739
7846 2 2 8 125 1098 4740 1097
7847 2 2 8 125 4740 4937 1097
7848 2 2 8 125 1099 5054 1098
7849 2 2 8 125 1098 5054 4740
7850 2 2 8 125 1100 4931 1099
7851 2 2 8 125 4931 5054 1099
7852 2 2 8 125 1101 4741 1100
7853 2 2 8 125 4741 4931 1100
7854 2 2 8 125 1102 4938 1101
7855 2 2 8 125 1101 4938 4741
7856 2 2 8 125 1103 4742 1102
7857 2 2 8 125 4742 4938 1102
7858 2 2 8 125 1104 4939 1103
7859 2 2 8 125 1103 4939 4742
7860 2 2 8 125 1105 4743 1104
7861 2 2 8 125 4743 4939 1104
7862 2 2 8 125 1106 4940 1105
7863 2 2 8 125 1105 4940 4743
7864 2 2 8 125 1107 5104 1106
7865 2 2 8 125 1106 5104 4940
7866 2 2 8 125 1108 4761 1107
7867 2 2 8 125 4761 5104 1107
7868 2 2 8 125 1109 5053 1108
7869 2 2 8 125 1108 5053 4761
7870 2 2 8 125 1110 4932 1109
7871 2 2 8 125 4932 5053 1109
7872 2 2 8 125 1111 4744 1110
7873 2 2 8 125 4744 4932 1110
7874 2 2 8 125 1112 4966 1111
7875 2 2 8 125 1111 4966 4744
7876 2 2 8 125 1113 4745 1112
7877 2 2 8 125 4745 4966 1112
7878 2 2 8 125 1114 4926 1113
7879 2 2 8 125 1113 4926 4745
7880 2 2 8 125 1115 4916 1114
7881 2 2 8 125 4916 4926 1114
7882 2 2 8 125 1116 4732 1115
7883 2 2 8 125 4732 4916 1115
7884 2 2 8 125 1117 5074 1116
7885 2 2 8 125 1116 5074 4732
7886 2 2 8 125 1118 4730 1117
7887 2 2 8 125 4730 5074 1117
7888 2 2 8 125 1119 4919 1118
7889 2 2 8 125 1118 4919 4730
7890 2 2 8 125 1120 4729 1119
7891 2 2 8 125 4729 4919 1119
7892 2 2 8 125 1121 4920 1120
7893 2 2 8 125 1120 4920 4729
7894 2 2 8 125 1122 4731 1121
7895 2 2 8 125 4731 4920 1121
7896 2 2 8 125 1123 4915 1122
7897 2 2 8 125 1122 4915 4731
7898 2 2 8 125 1124 4737 1123
7899 2 2 8 125 4737 4915 1123
7900 2 2 8 125 1125 4928 1124
7901 2 2 8 125 1124 4928 4737
7902 2 2 8 125 1126 4746 1125
7903 2 2 8 125 4746 4928 1125
7904 2 2 8 125 1127 4941 1126
7905 2 2 8 125 1126 4941 4746
7906 2 2 8 125 1128 4747 1127
7907 2 2 8 125 4747 4941 1127
7908 2 2 8 125 1129 4967 1128
7909 2 2 8 125 1128 4967 4747
7910 2 2 8 125 1130 4748 1129
7911 2 2 8 125 4748 4967 1129
7912 2 2 8 125 1131 4933 1130
7913 2 2 8 125 1130 4933 4748
7914 2 2 8 125 1132 4749 1131
7915 2 2 8 125 4749 4933 1131
7916 2 2 8 125 1133 4950 1132
7917 2 2 8 125 1132 4950 4749
7918 2 2 8 125 1134 4750 1133
7919 2 2 8 125 4750 4950 1133
7920 2 2 8 125 1135 4942 1134
7921 2 2 8 125 1134 4942 4750
7922 2 2 8 125 1136 4780 1135
7923 2 2 8 125 4780 4942 1135
7924 2 2 8 125 1137 5052 1136
7925 2 2 8 125 1136 5052 4780
7926 2 2 8 125 1138 4948 1137
7927 2 2 8 125 4948 5052 1137
7928 2 2 8 125 1139 4762 1138
7929 2 2 8 125 4762 4948 1138
7930 2 2 8 125 1140 4944 1139
7931 2 2 8 125 1139 4944 4762
7932 2 2 8 125 1141 4781 1140
7933 2 2 8 125 4781 4944 1140
7934 2 2 8 125 1142 4930 1141
7935 2 2 8 125 1141 4930 4781
7936 2 2 8 125 1143 4751 1142
7937 2 2 8 125 4751 4930 1142
7938 2 2 8 125 1144 4968 1143
7939 2 2 8 125 1143 4968 4751
7940 2 2 8 125 1145 4752 1144
7941 2 2 8 125 4752 4968 1144
7942 2 2 8 125 1146 4943 1145
7943 2 2 8 125 1145 4943 4752
7944 2 2 8 125 1147 4753 1146
7945 2 2 8 125 4753 4943 1146
7946 2 2 8 125 1148 4969 1147
7947 2 2 8 125 1147 4969 4753
7948 2 2 8 125 1149 4763 1148
7949 2 2 8 125 4763 4969 1148
7950 2 2 8 125 1150 4945 1149
7951 2 2 8 125 1149 4945 4763
7952 2 2 8 125 1151 4782 1150
7953 2 2 8 125 4782 4945 1150
7954 2 2 8 125 1152 4970 1151
7955 2 2 8 125 1151 4970 4782
7956 2 2 8 125 1153 4754 1152
7957 2 2 8 125 4754 4970 1152
7958 2 2 8 125 1154 4934 1153
7959 2 2 8 125 1153 4934 4754
7960 2 2 8 125 1155 4755 1154
7961 2 2 8 125 4755 4934 1154
7962 2 2 8 125 1156 4935 1155
7963 2 2 8 125 1155 4935 4755
7964 2 2 8 125 1157 4756 1156
7965 2 2 8 125 4756 4935 1156
7966 2 2 8 125 1158 4971 1157
7967 2 2 8 125 1157 4971 4756
7968 2 2 8 125 1159 5103 1158
7969 2 2 8 125 1158 5103 4971
7970 2 2 8 125 1160 4764 1159
7971 2 2 8 125 4764 5103 1159
7972 2 2 8 125 1161 4946 1160
7973 2 2 8 125 1160 4946 4764
7974 2 2 8 125 1162 4783 1161
7975 2 2 8 125 4783 4946 1161
7976 2 2 8 125 1163 4972 1162
7977 2 2 8 125 1162 4972 4783
7978 2 2 8 125 1164 4765 1163
7979 2 2 8 125 4765 4972 1163
7980 2 2 8 125 1165 4929 1164
7981 2 2 8 125 1164 4929 4765
7982 2 2 8 125 1166 4794 1165
7983 2 2 8 125 4794 4929 1165
7984 2 2 8 125 1167 4917 1166
7985 2 2 8 125 1166 4917 4794
7986 2 2 8 125 1168 4820 1167
7987 2 2 8 125 4820 4917 1167
7988 2 2 8 125 1169 4977 1168
7989 2 2 8 125 1168 4977 4820
7990 2 2 8 125 1170 4821 1169
7991 2 2 8 125 4821 4977 1169
7992 2 2 8 125 1171 5078 1170
7993 2 2 8 125 1170 5078 4821
7994 2 2 8 125 1172 4844 1171
7995 2 2 8 125 4844 5078 1171
7996 2 2 8 125 1173 4921 1172
7997 2 2 8 125 1172 4921 4844
7998 2 2 8 125 1174 4857 1173
7999 2 2 8 125 4857 4921 1173
8000 2 2 8 125 1175 5016 1174
8001 2 2 8 125 1174 5016 4857
8002 2 2 8 125 1176 4879 1175
8003 2 2 8 125 4879 5016 1175
8004 2 2 8 125 1177 5073 1176
8005 2 2 8 125 1176 5073 4879
8006 2 2 8 125 1178 4884 1177
8007 2 2 8 125 4884 5073 1177
8008 2 2 8 125 1179 5081 1178
8009 2 2 8 125 1178 5081 4884
8010 2 2 8 125 1180 4865 1179
8011 2 2 8 125 4865 5081 1179
8012 2 2 8 125 1181 5019 1180
8013 2 2 8 125 1180 5019 4865
8014 2 2 8 125 1182 4866 1181
8015 2 2 8 125 4866 5019 1181
8016 2 2 8 125 1183 5032 1182
8017 2 2 8 125 1182 5032 4866
8018 2 2 8 125 1184 4867 1183
8019 2 2 8 125 4867 5032 1183
8020 2 2 8 125 1185 5017 1184
8021 2 2 8 125 1184 5017 4867
8022 2 2 8 125 1186 4868 1185
8023 2 2 8 125 4868 5017 1185
8024 2 2 8 125 1187 5030 1186
8025 2 2 8 125 1186 5030 4868
8026 2 2 8 125 1188 4869 1187
8027 2 2 8 125 4869 5030 1187
8028 2 2 8 125 1189 5033 1188
8029 2 2 8 125 1188 5033 4869
8030 2 2 8 125 1190 4870 1189
8031 2 2 8 125 4870 5033 1189
8032 2 2 8 125 1191 5015 1190
8033 2 2 8 125 1190 5015 4870
8034 2 2 8 125 1192 4881 1191
8035 2 2 8 125 4881 5015 1191
8036 2 2 8 125 1193 5079 1192
8037 2 2 8 125 1192 5079 4881
8038 2 2 8 125 1194 5005 1193
8039 2 2 8 125 5005 5079 1193
8040 2 2 8 125 1195 4871 1194
8041 2 2 8 125 4871 5005 1194
8042 2 2 8 125 1196 5020 1195
8043 2 2 8 125 1195 5020 4871
8044 2 2 8 125 1197 4872 1196
8045 2 2 8 125 4872 5020 1196
8046 2 2 8 125 1198 5026 1197
8047 2 2 8 125 1197 5026 4872
8048 2 2 8 125 1199 4873 1198
8049 2 2 8 125 4873 5026 1198
8050 2 2 8 125 1200 5018 1199
8051 2 2 8 125 1199 5018 4873
8052 2 2 8 125 1201 4874 1200
8053 2 2 8 125 4874 5018 1200
8054 2 2 8 125 1202 5027 1201
8055 2 2 8 125 1201 5027 4874
8056 2 2 8 125 1203 4875 1202
8057 2 2 8 125 4875 5027 1202
8058 2 2 8 125 1204 5021 1203
8059 2 2 8 125 1203 5021 4875
8060 2 2 8 125 1205 5060 1204
8061 2 2 8 125 1204 5060 5021
8062 2 2 8 125 1206 4863 1205
8063 2 2 8 125 4863 5060 1205
8064 2 2 8 125 1207 4987 1206
8065 2 2 8 125 1206 4987 4863
8066 2 2 8 125 1208 4887 1207
8067 2 2 8 125 4887 4987 1207
8068 2 2 8 125 1209 5077 1208
8069 2 2 8 125 1208 5077 4887
8070 2 2 8 125 1210 5013 1209
8071 2 2 8 125 5013 5077 1209
8072 2 2 8 125 1211 4876 1210
8073 2 2 8 125 4876 5013 1210
8074 2 2 8 125 1212 5028 1211
8075 2 2 8 125 1211 5028 4876
8076 2 2 8 125 1213 4877 1212
8077 2 2 8 125 4877 5028 1212
8078 2 2 8 125 1214 5029 1213
8079 2 2 8 125 1213 5029 4877
8080 2 2 8 125 1215 4878 1214
8081 2 2 8 125 4878 5029 1214
8082 2 2 8 125 1216 5022 1215
8083 2 2 8 125 1215 5022 4878
8084 2 2 8 125 1217 4864 1216
8085 2 2 8 125 4864 5022 1216
8086 2 2 8 125 1218 5024 1217
8087 2 2 8 125 1217 5024 4864
8088 2 2 8 125 1219 5049 1218
8089 2 2 8 125 1218 5049 5024
8090 2 2 8 125 1220 4862 1219
8091 2 2 8 125 4862 5049 1219
8092 2 2 8 125 1221 5121 1220
8093 2 2 8 125 1220 5121 4862
8094 2 2 8 125 1222 4861 1221
8095 2 2 8 125 4861 5121 1221
8096 2 2 8 125 1223 5000 1222
8097 2 2 8 125 1222 5000 4861
8098 2 2 8 125 1224 4889 1223
8099 2 2 8 125 4889 5000 1223
8100 2 2 8 125 1225 5039 1224
8101 2 2 8 125 1224 5039 4889
8102 2 2 8 125 1226 4900 1225
8103 2 2 8 125 4900 5039 1225
8104 2 2 8 125 1227 5087 1226
8105 2 2 8 125 1226 5087 4900
8106 2 2 8 125 1228 4858 1227
8107 2 2 8 125 4858 5087 1227
8108 2 2 8 125 1229 5071 1228
8109 2 2 8 125 1228 5071 4858
8110 2 2 8 125 1230 4843 1229
8111 2 2 8 125 4843 5071 1229
8112 2 2 8 125 1231 5006 1230
8113 2 2 8 125 1230 5006 4843
8114 2 2 8 125 1232 5061 1231
8115 2 2 8 125 1231 5061 5006
8116 2 2 8 125 1233 4825 1232
8117 2 2 8 125 4825 5061 1232
8118 2 2 8 125 1234 5001 1233
8119 2 2 8 125 1233 5001 4825
8120 2 2 8 125 1235 4850 1234
8121 2 2 8 125 4850 5001 1234
8122 2 2 8 125 1236 4927 1235
8123 2 2 8 125 1235 4927 4850
8124 2 2 8 125 1237 5057 1236
8125 2 2 8 125 1236 5057 4927
8126 2 2 8 125 1238 4901 1237
8127 2 2 8 125 4901 5057 1237
8128 2 2 8 125 1239 5036 1238
8129 2 2 8 125 1238 5036 4901
8130 2 2 8 125 1240 4902 1239
8131 2 2 8 125 4902 5036 1239
8132 2 2 8 125 1241 5043 1240
8133 2 2 8 125 1240 5043 4902
8134 2 2 8 125 1242 4903 1241
8135 2 2 8 125 4903 5043 1241
8136 2 2 8 125 1243 5075 1242
8137 2 2 8 125 1242 5075 4903
8138 2 2 8 125 1244 4853 1243
8139 2 2 8 125 4853 5075 1243
8140 2 2 8 125 1245 4913 1244
8141 2 2 8 125 1244 4913 4853
8142 2 2 8 125 1246 4823 1245
8143 2 2 8 125 4823 4913 1245
8144 2 2 8 125 1247 5118 1246
8145 2 2 8 125 1246 5118 4823
8146 2 2 8 125 1248 4833 1247
8147 2 2 8 125 4833 5118 1247
8148 2 2 8 125 1249 5119 1248
8149 2 2 8 125 1248 5119 4833
8150 2 2 8 125 1250 4848 1249
8151 2 2 8 125 4848 5119 1249
8152 2 2 8 125 1251 5067 1250
8153 2 2 8 125 1250 5067 4848
8154 2 2 8 125 1252 4885 1251
8155 2 2 8 125 4885 5067 1251
8156 2 2 8 125 1253 5031 1252
8157 2 2 8 125 1252 5031 4885
8158 2 2 8 125 1254 4904 1253
8159 2 2 8 125 4904 5031 1253
8160 2 2 8 125 1255 5044 1254
8161 2 2 8 125 1254 5044 4904
8162 2 2 8 125 1256 4905 1255
8163 2 2 8 125 4905 5044 1255
8164 2 2 8 125 1257 5047 1256
8165 2 2 8 125 1256 5047 4905
8166 2 2 8 125 1258 5014 1257
8167 2 2 8 125 5014 5047 1257
8168 2 2 8 125 1259 4882 1258
8169 2 2 8 125 4882 5014 1258
8170 2 2 8 125 1260 4974 1259
8171 2 2 8 125 1259 4974 4882
8172 2 2 8 125 1261 4834 1260
8173 2 2 8 125 4834 4974 1260
8174 2 2 8 125 1262 5111 1261
8175 2 2 8 125 1261 5111 4834
8176 2 2 8 125 1263 4822 1262
8177 2 2 8 125 4822 5111 1262
8178 2 2 8 125 1264 5009 1263
8179 2 2 8 125 1263 5009 4822
8180 2 2 8 125 1265 4836 1264
8181 2 2 8 125 4836 5009 1264
8182 2 2 8 125 1266 4994 1265
8183 2 2 8 125 1265 4994 4836
8184 2 2 8 125 1267 4854 1266
8185 2 2 8 125 4854 4994 1266
8186 2 2 8 125 1268 4993 1267
8187 2 2 8 125 1267 4993 4854
8188 2 2 8 125 1269 4890 1268
8189 2 2 8 125 4890 4993 1268
8190 2 2 8 125 1270 5122 1269
8191 2 2 8 125 1269 5122 4890
8192 2 2 8 125 1271 4893 1270
8193 2 2 8 125 4893 5122 1270
8194 2 2 8 125 1272 4922 1271
8195 2 2 8 125 1271 4922 4893
8196 2 2 8 125 1273 4849 1272
8197 2 2 8 125 4849 4922 1272
8198 2 2 8 125 1274 5003 1273
8199 2 2 8 125 1273 5003 4849
8200 2 2 8 125 1275 4835 1274
8201 2 2 8 125 4835 5003 1274
8202 2 2 8 125 1276 5120 1275
8203 2 2 8 125 1275 5120 4835
8204 2 2 8 125 1277 4824 1276
8205 2 2 8 125 4824 5120 1276
8206 2 2 8 125 1278 4918 1277
8207 2 2 8 125 1277 4918 4824
8208 2 2 8 125 1279 4851 1278
8209 2 2 8 125 4851 4918 1278
8210 2 2 8 125 1280 5069 1279
8211 2 2 8 125 1279 5069 4851
8212 2 2 8 125 1281 4898 1280
8213 2 2 8 125 4898 5069 1280
8214 2 2 8 125 1282 5035 1281
8215 2 2 8 125 1281 5035 4898
8216 2 2 8 125 1283 5126 1282
8217 2 2 8 125 1282 5126 5035
8218 2 2 8 125 1284 4894 1283
8219 2 2 8 125 4894 5126 1283
8220 2 2 8 125 1285 5123 1284
8221 2 2 8 125 1284 5123 4894
8222 2 2 8 125 1286 4895 1285
8223 2 2 8 125 4895 5123 1285
8224 2 2 8 125 1287 5070 1286
8225 2 2 8 125 1286 5070 4895
8226 2 2 8 125 1288 4852 1287
8227 2 2 8 125 4852 5070 1287
8228 2 2 8 125 1289 4997 1288
8229 2 2 8 125 1288 4997 4852
8230 2 2 8 125 1290 4827 1289
8231 2 2 8 125 4827 4997 1289
8232 2 2 8 125 1291 5113 1290
8233 2 2 8 125 1290 5113 4827
8234 2 2 8 125 1292 4837 1291
8235 2 2 8 125 4837 5113 1291
8236 2 2 8 125 1293 5002 1292
8237 2 2 8 125 1292 5002 4837
8238 2 2 8 125 1294 4838 1293
8239 2 2 8 125 4838 5002 1293
8240 2 2 8 125 1295 5063 1294
8241 2 2 8 125 1294 5063 4838
8242 2 2 8 125 1296 4896 1295
8243 2 2 8 125 4896 5063 1295
8244 2 2 8 125 1297 5125 1296
8245 2 2 8 125 1296 5125 4896
8246 2 2 8 125 1298 4899 1297
8247 2 2 8 125 4899 5125 1297
8248 2 2 8 125 1299 5040 1298
8249 2 2 8 125 1298 5040 4899
8250 2 2 8 125 1300 4907 1299
8251 2 2 8 125 4907 5040 1299
8252 2 2 8 125 1301 5045 1300
8253 2 2 8 125 1300 5045 4907
8254 2 2 8 125 1302 5008 1301
8255 2 2 8 125 5008 5045 1301
8256 2 2 8 125 1303 4859 1302
8257 2 2 8 125 4859 5008 1302
8258 2 2 8 125 1304 4992 1303
8259 2 2 8 125 1303 4992 4859
8260 2 2 8 125 1305 4828 1304
8261 2 2 8 125 4828 4992 1304
8262 2 2 8 125 1306 5114 1305
8263 2 2 8 125 1305 5114 4828
8264 2 2 8 125 1307 4839 1306
8265 2 2 8 125 4839 5114 1306
8266 2 2 8 125 1308 5010 1307
8267 2 2 8 125 1307 5010 4839
8268 2 2 8 125 1309 4840 1308
8269 2 2 8 125 4840 5010 1308
8270 2 2 8 125 1310 4914 1309
8271 2 2 8 125 1309 4914 4840
8272 2 2 8 125 1311 4860 1310
8273 2 2 8 125 4860 4914 1310
8274 2 2 8 125 1312 4999 1311
8275 2 2 8 125 1311 4999 4860
8276 2 2 8 125 1313 5059 1312
8277 2 2 8 125 1312 5059 4999
8278 2 2 8 125 1314 4908 1313
8279 2 2 8 125 4908 5059 1313
8280 2 2 8 125 1315 5037 1314
8281 2 2 8 125 1314 5037 4908
8282 2 2 8 125 1316 4909 1315
8283 2 2 8 125 4909 5037 1315
8284 2 2 8 125 1317 5038 1316
8285 2 2 8 125 1316 5038 4909
8286 2 2 8 125 1318 4910 1317
8287 2 2 8 125 4910 5038 1317
8288 2 2 8 125 1319 5064 1318
8289 2 2 8 125 1318 5064 4910
8290 2 2 8 125 1320 4846 1319
8291 2 2 8 125 4846 5064 1319
8292 2 2 8 125 1321 5007 1320
8293 2 2 8 125 1320 5007 4846
8294 2 2 8 125 1322 5116 1321
8295 2 2 8 125 1321 5116 5007
8296 2 2 8 125 1323 4829 1322
8297 2 2 8 125 4829 5116 1322
8298 2 2 8 125 1324 5004 1323
8299 2 2 8 125 1323 5004 4829
8300 2 2 8 125 1325 4830 1324
8301 2 2 8 125 4830 5004 1324
8302 2 2 8 125 1326 5066 1325
8303 2 2 8 125 1325 5066 4830
8304 2 2 8 125 1327 4886 1326
8305 2 2 8 125 4886 5066 1326
8306 2 2 8 125 1328 5023 1327
8307 2 2 8 125 1327 5023 4886
8308 2 2 8 125 1329 5046 1328
8309 2 2 8 125 1328 5046 5023
8310 2 2 8 125 1330 4906 1329
8311 2 2 8 125 4906 5046 1329
8312 2 2 8 125 1331 5042 1330
8313 2 2 8 125 1330 5042 4906
8314 2 2 8 125 1332 4911 1331
8315 2 2 8 125 4911 5042 1331
8316 2 2 8 125 1333 5025 1332
8317 2 2 8 125 1332 5025 4911
8318 2 2 8 125 1334 4883 1333
8319 2 2 8 125 4883 5025 1333
8320 2 2 8 125 1335 5068 1334
8321 2 2 8 125 1334 5068 4883
8322 2 2 8 125 1336 4847 1335
8323 2 2 8 125 4847 5068 1335
8324 2 2 8 125 1337 5112 1336
8325 2 2 8 125 1336 5112 4847
8326 2 2 8 125 1338 4831 1337
8327 2 2 8 125 4831 5112 1337
8328 2 2 8 125 1339 5117 1338
8329 2 2 8 125 1338 5117 4831
8330 2 2 8 125 1340 4845 1339
8331 2 2 8 125 4845 5117 1339
8332 2 2 8 125 1341 4998 1340
8333 2 2 8 125 1340 4998 4845
8334 2 2 8 125 1342 4855 1341
8335 2 2 8 125 4855 4998 1341
8336 2 2 8 125 1343 4985 1342
8337 2 2 8 125 1342 4985 4855
8338 2 2 8 125 1344 5051 1343
8339 2 2 8 125 1343 5051 4985
8340 2 2 8 125 1345 4891 1344
8341 2 2 8 125 4891 5051 1344
8342 2 2 8 125 1346 5124 1345
8343 2 2 8 125 1345 5124 4891
8344 2 2 8 125 1347 4892 1346
8345 2 2 8 125 4892 5124 1346
8346 2 2 8 125 1348 5050 1347
8347 2 2 8 125 1347 5050 4892
8348 2 2 8 125 1349 4996 1348
8349 2 2 8 125 4996 5050 1348
8350 2 2 8 125 1350 4856 1349
8351 2 2 8 125 4856 4996 1349
8352 2 2 8 125 1351 4995 1350
8353 2 2 8 125 1350 4995 4856
8354 2 2 8 125 1352 4832 1351
8355 2 2 8 125 4832 4995 1351
8356 2 2 8 125 1353 5115 1352
8357 2 2 8 125 1352 5115 4832
8358 2 2 8 125 1354 4841 1353
8359 2 2 8 125 4841 5115 1353
8360 2 2 8 125 1355 5011 1354
8361 2 2 8 125 1354 5011 4841
8362 2 2 8 125 1356 4842 1355
8363 2 2 8 125 4842 5011 1355
8364 2 2 8 125 1357 4991 1356
8365 2 2 8 125 1356 4991 4842
8366 2 2 8 125 1358 4880 1357
8367 2 2 8 125 4880 4991 1357
8368 2 2 8 125 1359 5109 1358
8369 2 2 8 125 1358 5109 4880
8370 2 2 8 125 1360 4912 1359
8371 2 2 8 125 4912 5109 1359
8372 2 2 8 125 1361 5062 1360
8373 2 2 8 125 1360 5062 4912
8374 2 2 8 125 1362 5041 1361
8375 2 2 8 125 5041 5062 1361
8376 2 2 8 125 1363 4897 1362
8377 2 2 8 125 4897 5041 1362
8378 2 2 8 125 1364 5034 1363
8379 2 2 8 125 1363 5034 4897
8380 2 2 8 125 1365 4888 1364
8381 2 2 8 125 4888 5034 1364
8382 2 2 8 125 1366 5065 1365
8383 2 2 8 125 1365 5065 4888
8384 2 2 8 125 1367 4826 1366
8385 2 2 8 125 4826 5065 1366
8386 2 2 8 125 1368 5012 1367
8387 2 2 8 125 1367 5012 4826
8388 2 2 8 125 1368 5128 5012
8389 2 2 8 125 1368 5135 5128
8390 2 2 8 125 40 4727 39
8391 2 2 8 125 41 4727 40
8392 2 2 8 125 62 4727 61
8393 2 2 8 125 62 5133 4727
8394 2 2 8 125 61 4727 60
8395 2 2 8 125 60 4727 59
8396 2 2 8 125 59 4727 58
8397 2 2 8 125 58 4727 57
8398 2 2 8 125 42 4727 41
8399 2 2 8 125 43 4727 42
8400 2 2 8 125 44 4727 43
8401 2 2 8 125 57 4727 56
8402 2 2 8 125 120 4728 121
8403 2 2 8 125 120 5130 4728
8404 2 2 8 125 121 4728 122
8405 2 2 8 125 143 4728 144
8406 2 2 8 125 4728 5132 144
8407 2 2 8 125 142 4728 143
8408 2 2 8 125 141 4728 142
8409 2 2 8 125 140 4728 141
8410 2 2 8 125 139 4728 140
8411 2 2 8 125 122 4728 123
8412 2 2 8 125 123 4728 124
8413 2 2 8 125 124 4728 125
8414 2 2 8 125 138 4728 139
8415 2 2 8 125 56 4727 55
8416 2 2 8 125 45 4727 44
8417 2 2 8 125 55 4727 54
8418 2 2 8 125 46 4727 45
8419 2 2 8 125 47 4727 46
8420 2 2 8 125 48 4727 47
8421 2 2 8 125 54 4727 53
8422 2 2 8 125 53 4727 52
8423 2 2 8 125 49 4727 48
8424 2 2 8 125 50 4727 49
8425 2 2 8 125 52 4727 51
8426 2 2 8 125 137 4728 138
8427 2 2 8 125 125 4728 126
8428 2 2 8 125 136 4728 137
8429 2 2 8 125 126 4728 127
8430 2 2 8 125 127 4728 128
8431 2 2 8 125 128 4728 129
8432 2 2 8 125 135 4728 136
8433 2 2 8 125 134 4728 135
8434 2 2 8 125 129 4728 130
8435 2 2 8 125 130 4728 131
8436 2 2 8 125 133 4728 134
8437 2 2 8 125 51 4727 50
8438 2 2 8 125 132 4728 133
8439 2 2 8 125 131 4728 132
8440 2 2 8 125 4727 5133 5131
8441 2 2 8 125 4728 5130 5129
8442 2 2 8 125 5129 5132 4728
8443 2 2 8 125 4806 5131 5127
8444 2 2 8 125 5128 5129 5012
8445 2 2 8 125 5131 5133 5127
8446 2 2 8 125 5133 5134 5127
8447 2 2 8 125 5128 5132 5129
8448 2 2 8 125 5128 5135 5132
8449 2 2 9 129 64 5538 3
8450 2 2 9 129 3 5538 970
8451 2 2 9 129 1369 5542 4
8452 2 2 9 129 4 5137 88
8453 2 2 9 129 4 5542 5137
8454 2 2 9 129 7 5544 146
8455 2 2 9 129 1368 5544 7
8456 2 2 9 129 8 5540 1767
8457 2 2 9 129 171 5138 8
8458 2 2 9 129 5138 5540 8
8459 2 2 9 129 65 5541 64
8460 2 2 9 129 64 5539 5538
8461 2 2 9 129 64 5541 5539
8462 2 2 9 129 146 5543 147
8463 2 2 9 129 146 5544 5543
8464 2 2 9 129 970 5216 971
8465 2 2 9 129 970 5538 5216
8466 2 2 9 129 971 5511 972
8467 2 2 9 129 5216 5511 971
8468 2 2 9 129 972 5217 973
8469 2 2 9 129 972 5511 5217
8470 2 2 9 129 973 5385 974
8471 2 2 9 129 5217 5385 973
8472 2 2 9 129 974 5441 975
8473 2 2 9 129 5385 5441 974
8474 2 2 9 129 975 5218 976
8475 2 2 9 129 975 5441 5218
8476 2 2 9 129 976 5455 977
8477 2 2 9 129 5218 5455 976
8478 2 2 9 129 977 5381 978
8479 2 2 9 129 977 5455 5381
8480 2 2 9 129 978 5215 979
8481 2 2 9 129 978 5381 5215
8482 2 2 9 129 979 5382 980
8483 2 2 9 129 5215 5382 979
8484 2 2 9 129 980 5214 981
8485 2 2 9 129 980 5382 5214
8486 2 2 9 129 981 5509 982
8487 2 2 9 129 5214 5509 981
8488 2 2 9 129 982 5213 983
8489 2 2 9 129 982 5509 5213
8490 2 2 9 129 983 5491 984
8491 2 2 9 129 5213 5491 983
8492 2 2 9 129 984 5211 985
8493 2 2 9 129 984 5491 5211
8494 2 2 9 129 985 5378 986
8495 2 2 9 129 5211 5378 985
8496 2 2 9 129 986 5209 987
8497 2 2 9 129 986 5378 5209
8498 2 2 9 129 987 5510 988
8499 2 2 9 129 5209 5510 987
8500 2 2 9 129 988 5208 989
8501 2 2 9 129 988 5510 5208
8502 2 2 9 129 989 5375 990
8503 2 2 9 129 5208 5375 989
8504 2 2 9 129 990 5210 991
8505 2 2 9 129 990 5375 5210
8506 2 2 9 129 991 5372 992
8507 2 2 9 129 5210 5372 991
8508 2 2 9 129 992 5219 993
8509 2 2 9 129 992 5372 5219
8510 2 2 9 129 993 5384 994
8511 2 2 9 129 5219 5384 993
8512 2 2 9 129 994 5220 995
8513 2 2 9 129 994 5384 5220
8514 2 2 9 129 995 5383 996
8515 2 2 9 129 5220 5383 995
8516 2 2 9 129 996 5224 997
8517 2 2 9 129 996 5383 5224
8518 2 2 9 129 997 5386 998
8519 2 2 9 129 5224 5386 997
8520 2 2 9 129 998 5228 999
8521 2 2 9 129 998 5386 5228
8522 2 2 9 129 999 5394 1000
8523 2 2 9 129 5228 5394 999
8524 2 2 9 129 1000 5229 1001
8525 2 2 9 129 1000 5394 5229
8526 2 2 9 129 1001 5439 1002
8527 2 2 9 129 5229 5439 1001
8528 2 2 9 129 1002 5379 1003
8529 2 2 9 129 1002 5439 5379
8530 2 2 9 129 1003 5226 1004
8531 2 2 9 129 1003 5379 5226
8532 2 2 9 129 1004 5513 1005
8533 2 2 9 129 5226 5513 1004
8534 2 2 9 129 1005 5223 1006
8535 2 2 9 129 1005 5513 5223
8536 2 2 9 129 1006 5390 1007
8537 2 2 9 129 5223 5390 1006
8538 2 2 9 129 1007 5222 1008
8539 2 2 9 129 1007 5390 5222
8540 2 2 9 129 1008 5391 1009
8541 2 2 9 129 5222 5391 1008
8542 2 2 9 129 1009 5225 1010
8543 2 2 9 129 1009 5391 5225
8544 2 2 9 129 1010 5380 1011
8545 2 2 9 129 5225 5380 1010
8546 2 2 9 129 1011 5442 1012
8547 2 2 9 129 5380 5442 1011
8548 2 2 9 129 1012 5227 1013
8549 2 2 9 129 1012 5442 5227
8550 2 2 9 129 1013 5387 1014
8551 2 2 9 129 5227 5387 1013
8552 2 2 9 129 1014 5221 1015
8553 2 2 9 129 1014 5387 5221
8554 2 2 9 129 1015 5475 1016
8555 2 2 9 129 5221 5475 1015
8556 2 2 9 129 1016 5212 1017
8557 2 2 9 129 1016 5475 5212
8558 2 2 9 129 1017 5481 1018
8559 2 2 9 129 5212 5481 1017
8560 2 2 9 129 1018 5207 1019
8561 2 2 9 129 1018 5481 5207
8562 2 2 9 129 1019 5373 1020
8563 2 2 9 129 5207 5373 1019
8564 2 2 9 129 1020 5206 1021
8565 2 2 9 129 1020 5373 5206
8566 2 2 9 129 1021 5330 1022
8567 2 2 9 129 5206 5330 1021
8568 2 2 9 129 1022 5204 1023
8569 2 2 9 129 1022 5330 5204
8570 2 2 9 129 1023 5362 1024
8571 2 2 9 129 5204 5362 1023
8572 2 2 9 129 1024 5198 1025
8573 2 2 9 129 1024 5362 5198
8574 2 2 9 129 1025 5498 1026
8575 2 2 9 129 5198 5498 1025
8576 2 2 9 129 1026 5196 1027
8577 2 2 9 129 1026 5498 5196
8578 2 2 9 129 1027 5503 1028
8579 2 2 9 129 5196 5503 1027
8580 2 2 9 129 1028 5199 1029
8581 2 2 9 129 1028 5503 5199
8582 2 2 9 129 1029 5499 1030
8583 2 2 9 129 5199 5499 1029
8584 2 2 9 129 1030 5197 1031
8585 2 2 9 129 1030 5499 5197
8586 2 2 9 129 1031 5445 1032
8587 2 2 9 129 5197 5445 1031
8588 2 2 9 129 1032 5358 1033
8589 2 2 9 129 1032 5445 5358
8590 2 2 9 129 1033 5183 1034
8591 2 2 9 129 1033 5358 5183
8592 2 2 9 129 1034 5494 1035
8593 2 2 9 129 5183 5494 1034
8594 2 2 9 129 1035 5187 1036
8595 2 2 9 129 1035 5494 5187
8596 2 2 9 129 1036 5504 1037
8597 2 2 9 129 5187 5504 1036
8598 2 2 9 129 1037 5200 1038
8599 2 2 9 129 1037 5504 5200
8600 2 2 9 129 1038 5351 1039
8601 2 2 9 129 5200 5351 1038
8602 2 2 9 129 1039 5148 1040
8603 2 2 9 129 1039 5351 5148
8604 2 2 9 129 1040 5328 1041
8605 2 2 9 129 5148 5328 1040
8606 2 2 9 129 1041 5144 1042
8607 2 2 9 129 1041 5328 5144
8608 2 2 9 129 1042 5333 1043
8609 2 2 9 129 5144 5333 1042
8610 2 2 9 129 1043 5143 1044
8611 2 2 9 129 1043 5333 5143
8612 2 2 9 129 1044 5331 1045
8613 2 2 9 129 5143 5331 1044
8614 2 2 9 129 1045 5145 1046
8615 2 2 9 129 1045 5331 5145
8616 2 2 9 129 1046 5476 1047
8617 2 2 9 129 5145 5476 1046
8618 2 2 9 129 1047 5146 1048
8619 2 2 9 129 1047 5476 5146
8620 2 2 9 129 1048 5472 1049
8621 2 2 9 129 5146 5472 1048
8622 2 2 9 129 1049 5176 1050
8623 2 2 9 129 1049 5472 5176
8624 2 2 9 129 1050 5490 1051
8625 2 2 9 129 5176 5490 1050
8626 2 2 9 129 1051 5149 1052
8627 2 2 9 129 1051 5490 5149
8628 2 2 9 129 1052 5486 1053
8629 2 2 9 129 5149 5486 1052
8630 2 2 9 129 1053 5169 1054
8631 2 2 9 129 1053 5486 5169
8632 2 2 9 129 1054 5495 1055
8633 2 2 9 129 5169 5495 1054
8634 2 2 9 129 1055 5177 1056
8635 2 2 9 129 1055 5495 5177
8636 2 2 9 129 1056 5502 1057
8637 2 2 9 129 5177 5502 1056
8638 2 2 9 129 1057 5201 1058
8639 2 2 9 129 1057 5502 5201
8640 2 2 9 129 1058 5355 1059
8641 2 2 9 129 5201 5355 1058
8642 2 2 9 129 1059 5184 1060
8643 2 2 9 129 1059 5355 5184
8644 2 2 9 129 1060 5492 1061
8645 2 2 9 129 5184 5492 1060
8646 2 2 9 129 1061 5188 1062
8647 2 2 9 129 1061 5492 5188
8648 2 2 9 129 1062 5363 1063
8649 2 2 9 129 5188 5363 1062
8650 2 2 9 129 1063 5443 1064
8651 2 2 9 129 5363 5443 1063
8652 2 2 9 129 1064 5202 1065
8653 2 2 9 129 1064 5443 5202
8654 2 2 9 129 1065 5356 1066
8655 2 2 9 129 5202 5356 1065
8656 2 2 9 129 1066 5185 1067
8657 2 2 9 129 1066 5356 5185
8658 2 2 9 129 1067 5501 1068
8659 2 2 9 129 5185 5501 1067
8660 2 2 9 129 1068 5178 1069
8661 2 2 9 129 1068 5501 5178
8662 2 2 9 129 1069 5354 1070
8663 2 2 9 129 5178 5354 1069
8664 2 2 9 129 1070 5189 1071
8665 2 2 9 129 1070 5354 5189
8666 2 2 9 129 1071 5357 1072
8667 2 2 9 129 5189 5357 1071
8668 2 2 9 129 1072 5186 1073
8669 2 2 9 129 1072 5357 5186
8670 2 2 9 129 1073 5488 1074
8671 2 2 9 129 5186 5488 1073
8672 2 2 9 129 1074 5179 1075
8673 2 2 9 129 1074 5488 5179
8674 2 2 9 129 1075 5352 1076
8675 2 2 9 129 5179 5352 1075
8676 2 2 9 129 1076 5496 1077
8677 2 2 9 129 5352 5496 1076
8678 2 2 9 129 1077 5180 1078
8679 2 2 9 129 1077 5496 5180
8680 2 2 9 129 1078 5489 1079
8681 2 2 9 129 5180 5489 1078
8682 2 2 9 129 1079 5190 1080
8683 2 2 9 129 1079 5489 5190
8684 2 2 9 129 1080 5361 1081
8685 2 2 9 129 5190 5361 1080
8686 2 2 9 129 1081 5203 1082
8687 2 2 9 129 1081 5361 5203
8688 2 2 9 129 1082 5360 1083
8689 2 2 9 129 5203 5360 1082
8690 2 2 9 129 1083 5191 1084
8691 2 2 9 129 1083 5360 5191
8692 2 2 9 129 1084 5493 1085
8693 2 2 9 129 5191 5493 1084
8694 2 2 9 129 1085 5170 1086
8695 2 2 9 129 1085 5493 5170
8696 2 2 9 129 1086 5337 1087
8697 2 2 9 129 5170 5337 1086
8698 2 2 9 129 1087 5168 1088
8699 2 2 9 129 1087 5337 5168
8700 2 2 9 129 1088 5359 1089
8701 2 2 9 129 5168 5359 1088
8702 2 2 9 129 1089 5181 1090
8703 2 2 9 129 1089 5359 5181
8704 2 2 9 129 1090 5353 1091
8705 2 2 9 129 5181 5353 1090
8706 2 2 9 129 1091 5497 1092
8707 2 2 9 129 5353 5497 1091
8708 2 2 9 129 1092 5182 1093
8709 2 2 9 129 1092 5497 5182
8710 2 2 9 129 1093 5453 1094
8711 2 2 9 129 5182 5453 1093
8712 2 2 9 129 1094 5338 1095
8713 2 2 9 129 1094 5453 5338
8714 2 2 9 129 1095 5165 1096
8715 2 2 9 129 1095 5338 5165
8716 2 2 9 129 1096 5339 1097
8717 2 2 9 129 5165 5339 1096
8718 2 2 9 129 1097 5150 1098
8719 2 2 9 129 1097 5339 5150
8720 2 2 9 129 1098 5340 1099
8721 2 2 9 129 5150 5340 1098
8722 2 2 9 129 1099 5505 1100
8723 2 2 9 129 5340 5505 1099
8724 2 2 9 129 1100 5151 1101
8725 2 2 9 129 1100 5505 5151
8726 2 2 9 129 1101 5341 1102
8727 2 2 9 129 5151 5341 1101
8728 2 2 9 129 1102 5166 1103
8729 2 2 9 129 1102 5341 5166
8730 2 2 9 129 1103 5342 1104
8731 2 2 9 129 5166 5342 1103
8732 2 2 9 129 1104 5152 1105
8733 2 2 9 129 1104 5342 5152
8734 2 2 9 129 1105 5343 1106
8735 2 2 9 129 5152 5343 1105
8736 2 2 9 129 1106 5508 1107
8737 2 2 9 129 5343 5508 1106
8738 2 2 9 129 1107 5171 1108
8739 2 2 9 129 1107 5508 5171
8740 2 2 9 129 1108 5451 1109
8741 2 2 9 129 5171 5451 1108
8742 2 2 9 129 1109 5344 1110
8743 2 2 9 129 1109 5451 5344
8744 2 2 9 129 1110 5153 1111
8745 2 2 9 129 1110 5344 5153
8746 2 2 9 129 1111 5364 1112
8747 2 2 9 129 5153 5364 1111
8748 2 2 9 129 1112 5154 1113
8749 2 2 9 129 1112 5364 5154
8750 2 2 9 129 1113 5332 1114
8751 2 2 9 129 5154 5332 1113
8752 2 2 9 129 1114 5326 1115
8753 2 2 9 129 1114 5332 5326
8754 2 2 9 129 1115 5142 1116
8755 2 2 9 129 1115 5326 5142
8756 2 2 9 129 1116 5469 1117
8757 2 2 9 129 5142 5469 1116
8758 2 2 9 129 1117 5140 1118
8759 2 2 9 129 1117 5469 5140
8760 2 2 9 129 1118 5474 1119
8761 2 2 9 129 5140 5474 1118
8762 2 2 9 129 1119 5139 1120
8763 2 2 9 129 1119 5474 5139
8764 2 2 9 129 1120 5478 1121
8765 2 2 9 129 5139 5478 1120
8766 2 2 9 129 1121 5141 1122
8767 2 2 9 129 1121 5478 5141
8768 2 2 9 129 1122 5325 1123
8769 2 2 9 129 5141 5325 1122
8770 2 2 9 129 1123 5147 1124
8771 2 2 9 129 1123 5325 5147
8772 2 2 9 129 1124 5335 1125
8773 2 2 9 129 5147 5335 1124
8774 2 2 9 129 1125 5155 1126
8775 2 2 9 129 1125 5335 5155
8776 2 2 9 129 1126 5345 1127
8777 2 2 9 129 5155 5345 1126
8778 2 2 9 129 1127 5156 1128
8779 2 2 9 129 1127 5345 5156
8780 2 2 9 129 1128 5365 1129
8781 2 2 9 129 5156 5365 1128
8782 2 2 9 129 1129 5157 1130
8783 2 2 9 129 1129 5365 5157
8784 2 2 9 129 1130 5346 1131
8785 2 2 9 129 5157 5346 1130
8786 2 2 9 129 1131 5158 1132
8787 2 2 9 129 1131 5346 5158
8788 2 2 9 129 1132 5487 1133
8789 2 2 9 129 5158 5487 1132
8790 2 2 9 129 1133 5159 1134
8791 2 2 9 129 1133 5487 5159
8792 2 2 9 129 1134 5370 1135
8793 2 2 9 129 5159 5370 1134
8794 2 2 9 129 1135 5192 1136
8795 2 2 9 129 1135 5370 5192
8796 2 2 9 129 1136 5440 1137
8797 2 2 9 129 5192 5440 1136
8798 2 2 9 129 1137 5350 1138
8799 2 2 9 129 1137 5440 5350
8800 2 2 9 129 1138 5175 1139
8801 2 2 9 129 1138 5350 5175
8802 2 2 9 129 1139 5482 1140
8803 2 2 9 129 5175 5482 1139
8804 2 2 9 129 1140 5193 1141
8805 2 2 9 129 1140 5482 5193
8806 2 2 9 129 1141 5485 1142
8807 2 2 9 129 5193 5485 1141
8808 2 2 9 129 1142 5160 1143
8809 2 2 9 129 1142 5485 5160
8810 2 2 9 129 1143 5366 1144
8811 2 2 9 129 5160 5366 1143
8812 2 2 9 129 1144 5161 1145
8813 2 2 9 129 1144 5366 5161
8814 2 2 9 129 1145 5347 1146
8815 2 2 9 129 5161 5347 1145
8816 2 2 9 129 1146 5162 1147
8817 2 2 9 129 1146 5347 5162
8818 2 2 9 129 1147 5367 1148
8819 2 2 9 129 5162 5367 1147
8820 2 2 9 129 1148 5172 1149
8821 2 2 9 129 1148 5367 5172
8822 2 2 9 129 1149 5349 1150
8823 2 2 9 129 5172 5349 1149
8824 2 2 9 129 1150 5195 1151
8825 2 2 9 129 1150 5349 5195
8826 2 2 9 129 1151 5368 1152
8827 2 2 9 129 5195 5368 1151
8828 2 2 9 129 1152 5163 1153
8829 2 2 9 129 1152 5368 5163
8830 2 2 9 129 1153 5348 1154
8831 2 2 9 129 5163 5348 1153
8832 2 2 9 129 1154 5167 1155
8833 2 2 9 129 1154 5348 5167
8834 2 2 9 129 1155 5336 1156
8835 2 2 9 129 5167 5336 1155
8836 2 2 9 129 1156 5164 1157
8837 2 2 9 129 1156 5336 5164
8838 2 2 9 129 1157 5369 1158
8839 2 2 9 129 5164 5369 1157
8840 2 2 9 129 1158 5506 1159
8841 2 2 9 129 5369 5506 1158
8842 2 2 9 129 1159 5173 1160
8843 2 2 9 129 1159 5506 5173
8844 2 2 9 129 1160 5483 1161
8845 2 2 9 129 5173 5483 1160
8846 2 2 9 129 1161 5194 1162
8847 2 2 9 129 1161 5483 5194
8848 2 2 9 129 1162 5507 1163
8849 2 2 9 129 5194 5507 1162
8850 2 2 9 129 1163 5174 1164
8851 2 2 9 129 1163 5507 5174
8852 2 2 9 129 1164 5480 1165
8853 2 2 9 129 5174 5480 1164
8854 2 2 9 129 1165 5205 1166
8855 2 2 9 129 1165 5480 5205
8856 2 2 9 129 1166 5327 1167
8857 2 2 9 129 5205 5327 1166
8858 2 2 9 129 1167 5230 1168
8859 2 2 9 129 1167 5327 5230
8860 2 2 9 129 1168 5484 1169
8861 2 2 9 129 5230 5484 1168
8862 2 2 9 129 1169 5231 1170
8863 2 2 9 129 1169 5484 5231
8864 2 2 9 129 1170 5374 1171
8865 2 2 9 129 5231 5374 1170
8866 2 2 9 129 1171 5252 1172
8867 2 2 9 129 1171 5374 5252
8868 2 2 9 129 1172 5393 1173
8869 2 2 9 129 5252 5393 1172
8870 2 2 9 129 1173 5267 1174
8871 2 2 9 129 1173 5393 5267
8872 2 2 9 129 1174 5416 1175
8873 2 2 9 129 5267 5416 1174
8874 2 2 9 129 1175 5289 1176
8875 2 2 9 129 1175 5416 5289
8876 2 2 9 129 1176 5468 1177
8877 2 2 9 129 5289 5468 1176
8878 2 2 9 129 1177 5295 1178
8879 2 2 9 129 1177 5468 5295
8880 2 2 9 129 1178 5479 1179
8881 2 2 9 129 5295 5479 1178
8882 2 2 9 129 1179 5276 1180
8883 2 2 9 129 1179 5479 5276
8884 2 2 9 129 1180 5419 1181
8885 2 2 9 129 5276 5419 1180
8886 2 2 9 129 1181 5277 1182
8887 2 2 9 129 1181 5419 5277
8888 2 2 9 129 1182 5428 1183
8889 2 2 9 129 5277 5428 1182
8890 2 2 9 129 1183 5278 1184
8891 2 2 9 129 1183 5428 5278
8892 2 2 9 129 1184 5420 1185
8893 2 2 9 129 5278 5420 1184
8894 2 2 9 129 1185 5279 1186
8895 2 2 9 129 1185 5420 5279
8896 2 2 9 129 1186 5531 1187
8897 2 2 9 129 5279 5531 1186
8898 2 2 9 129 1187 5280 1188
8899 2 2 9 129 1187 5531 5280
8900 2 2 9 129 1188 5421 1189
8901 2 2 9 129 5280 5421 1188
8902 2 2 9 129 1189 5281 1190
8903 2 2 9 129 1189 5421 5281
8904 2 2 9 129 1190 5415 1191
8905 2 2 9 129 5281 5415 1190
8906 2 2 9 129 1191 5291 1192
8907 2 2 9 129 1191 5415 5291
8908 2 2 9 129 1192 5477 1193
8909 2 2 9 129 5291 5477 1192
8910 2 2 9 129 1193 5402 1194
8911 2 2 9 129 1193 5477 5402
8912 2 2 9 129 1194 5282 1195
8913 2 2 9 129 1194 5402 5282
8914 2 2 9 129 1195 5426 1196
8915 2 2 9 129 5282 5426 1195
8916 2 2 9 129 1196 5283 1197
8917 2 2 9 129 1196 5426 5283
8918 2 2 9 129 1197 5424 1198
8919 2 2 9 129 5283 5424 1197
8920 2 2 9 129 1198 5284 1199
8921 2 2 9 129 1198 5424 5284
8922 2 2 9 129 1199 5418 1200
8923 2 2 9 129 5284 5418 1199
8924 2 2 9 129 1200 5285 1201
8925 2 2 9 129 1200 5418 5285
8926 2 2 9 129 1201 5429 1202
8927 2 2 9 129 5285 5429 1201
8928 2 2 9 129 1202 5286 1203
8929 2 2 9 129 1202 5429 5286
8930 2 2 9 129 1203 5422 1204
8931 2 2 9 129 5286 5422 1203
8932 2 2 9 129 1204 5457 1205
8933 2 2 9 129 5422 5457 1204
8934 2 2 9 129 1205 5274 1206
8935 2 2 9 129 1205 5457 5274
8936 2 2 9 129 1206 5389 1207
8937 2 2 9 129 5274 5389 1206
8938 2 2 9 129 1207 5298 1208
8939 2 2 9 129 1207 5389 5298
8940 2 2 9 129 1208 5413 1209
8941 2 2 9 129 5298 5413 1208
8942 2 2 9 129 1209 5456 1210
8943 2 2 9 129 5413 5456 1209
8944 2 2 9 129 1210 5287 1211
8945 2 2 9 129 1210 5456 5287
8946 2 2 9 129 1211 5425 1212
8947 2 2 9 129 5287 5425 1211
8948 2 2 9 129 1212 5288 1213
8949 2 2 9 129 1212 5425 5288
8950 2 2 9 129 1213 5446 1214
8951 2 2 9 129 5288 5446 1213
8952 2 2 9 129 1214 5423 1215
8953 2 2 9 129 1214 5446 5423
8954 2 2 9 129 1215 5275 1216
8955 2 2 9 129 1215 5423 5275
8956 2 2 9 129 1216 5528 1217
8957 2 2 9 129 5275 5528 1216
8958 2 2 9 129 1217 5273 1218
8959 2 2 9 129 1217 5528 5273
8960 2 2 9 129 1218 5529 1219
8961 2 2 9 129 5273 5529 1218
8962 2 2 9 129 1219 5272 1220
8963 2 2 9 129 1219 5529 5272
8964 2 2 9 129 1220 5530 1221
8965 2 2 9 129 5272 5530 1220
8966 2 2 9 129 1221 5271 1222
8967 2 2 9 129 1221 5530 5271
8968 2 2 9 129 1222 5403 1223
8969 2 2 9 129 5271 5403 1222
8970 2 2 9 129 1223 5299 1224
8971 2 2 9 129 1223 5403 5299
8972 2 2 9 129 1224 5533 1225
8973 2 2 9 129 5299 5533 1224
8974 2 2 9 129 1225 5313 1226
8975 2 2 9 129 1225 5533 5313
8976 2 2 9 129 1226 5408 1227
8977 2 2 9 129 5313 5408 1226
8978 2 2 9 129 1227 5268 1228
8979 2 2 9 129 1227 5408 5268
8980 2 2 9 129 1228 5467 1229
8981 2 2 9 129 5268 5467 1228
8982 2 2 9 129 1229 5251 1230
8983 2 2 9 129 1229 5467 5251
8984 2 2 9 129 1230 5406 1231
8985 2 2 9 129 5251 5406 1230
8986 2 2 9 129 1231 5447 1232
8987 2 2 9 129 5406 5447 1231
8988 2 2 9 129 1232 5234 1233
8989 2 2 9 129 1232 5447 5234
8990 2 2 9 129 1233 5512 1234
8991 2 2 9 129 5234 5512 1233
8992 2 2 9 129 1234 5259 1235
8993 2 2 9 129 1234 5512 5259
8994 2 2 9 129 1235 5334 1236
8995 2 2 9 129 5259 5334 1235
8996 2 2 9 129 1236 5450 1237
8997 2 2 9 129 5334 5450 1236
8998 2 2 9 129 1237 5308 1238
8999 2 2 9 129 1237 5450 5308
9000 2 2 9 129 1238 5433 1239
9001 2 2 9 129 5308 5433 1238
9002 2 2 9 129 1239 5309 1240
9003 2 2 9 129 1239 5433 5309
9004 2 2 9 129 1240 5437 1241
9005 2 2 9 129 5309 5437 1240
9006 2 2 9 129 1241 5310 1242
9007 2 2 9 129 1241 5437 5310
9008 2 2 9 129 1242 5470 1243
9009 2 2 9 129 5310 5470 1242
9010 2 2 9 129 1243 5262 1244
9011 2 2 9 129 1243 5470 5262
9012 2 2 9 129 1244 5323 1245
9013 2 2 9 129 5262 5323 1244
9014 2 2 9 129 1245 5233 1246
9015 2 2 9 129 1245 5323 5233
9016 2 2 9 129 1246 5522 1247
9017 2 2 9 129 5233 5522 1246
9018 2 2 9 129 1247 5242 1248
9019 2 2 9 129 1247 5522 5242
9020 2 2 9 129 1248 5526 1249
9021 2 2 9 129 5242 5526 1248
9022 2 2 9 129 1249 5258 1250
9023 2 2 9 129 1249 5526 5258
9024 2 2 9 129 1250 5464 1251
9025 2 2 9 129 5258 5464 1250
9026 2 2 9 129 1251 5296 1252
9027 2 2 9 129 1251 5464 5296
9028 2 2 9 129 1252 5427 1253
9029 2 2 9 129 5296 5427 1252
9030 2 2 9 129 1253 5311 1254
9031 2 2 9 129 1253 5427 5311
9032 2 2 9 129 1254 5438 1255
9033 2 2 9 129 5311 5438 1254
9034 2 2 9 129 1255 5312 1256
9035 2 2 9 129 1255 5438 5312
9036 2 2 9 129 1256 5444 1257
9037 2 2 9 129 5312 5444 1256
9038 2 2 9 129 1257 5414 1258
9039 2 2 9 129 1257 5444 5414
9040 2 2 9 129 1258 5292 1259
9041 2 2 9 129 1258 5414 5292
9042 2 2 9 129 1259 5377 1260
9043 2 2 9 129 5292 5377 1259
9044 2 2 9 129 1260 5243 1261
9045 2 2 9 129 1260 5377 5243
9046 2 2 9 129 1261 5523 1262
9047 2 2 9 129 5243 5523 1261
9048 2 2 9 129 1262 5232 1263
9049 2 2 9 129 1262 5523 5232
9050 2 2 9 129 1263 5410 1264
9051 2 2 9 129 5232 5410 1263
9052 2 2 9 129 1264 5244 1265
9053 2 2 9 129 1264 5410 5244
9054 2 2 9 129 1265 5397 1266
9055 2 2 9 129 5244 5397 1265
9056 2 2 9 129 1266 5263 1267
9057 2 2 9 129 1266 5397 5263
9058 2 2 9 129 1267 5473 1268
9059 2 2 9 129 5263 5473 1267
9060 2 2 9 129 1268 5305 1269
9061 2 2 9 129 1268 5473 5305
9062 2 2 9 129 1269 5460 1270
9063 2 2 9 129 5305 5460 1269
9064 2 2 9 129 1270 5396 1271
9065 2 2 9 129 1270 5460 5396
9066 2 2 9 129 1271 5265 1272
9067 2 2 9 129 1271 5396 5265
9068 2 2 9 129 1272 5471 1273
9069 2 2 9 129 5265 5471 1272
9070 2 2 9 129 1273 5256 1274
9071 2 2 9 129 1273 5471 5256
9072 2 2 9 129 1274 5516 1275
9073 2 2 9 129 5256 5516 1274
9074 2 2 9 129 1275 5235 1276
9075 2 2 9 129 1275 5516 5235
9076 2 2 9 129 1276 5524 1277
9077 2 2 9 129 5235 5524 1276
9078 2 2 9 129 1277 5253 1278
9079 2 2 9 129 1277 5524 5253
9080 2 2 9 129 1278 5376 1279
9081 2 2 9 129 5253 5376 1278
9082 2 2 9 129 1279 5294 1280
9083 2 2 9 129 1279 5376 5294
9084 2 2 9 129 1280 5515 1281
9085 2 2 9 129 5294 5515 1280
9086 2 2 9 129 1281 5314 1282
9087 2 2 9 129 1281 5515 5314
9088 2 2 9 129 1282 5434 1283
9089 2 2 9 129 5314 5434 1282
9090 2 2 9 129 1283 5300 1284
9091 2 2 9 129 1283 5434 5300
9092 2 2 9 129 1284 5532 1285
9093 2 2 9 129 5300 5532 1284
9094 2 2 9 129 1285 5304 1286
9095 2 2 9 129 1285 5532 5304
9096 2 2 9 129 1286 5466 1287
9097 2 2 9 129 5304 5466 1286
9098 2 2 9 129 1287 5260 1288
9099 2 2 9 129 1287 5466 5260
9100 2 2 9 129 1288 5400 1289
9101 2 2 9 129 5260 5400 1288
9102 2 2 9 129 1289 5236 1290
9103 2 2 9 129 1289 5400 5236
9104 2 2 9 129 1290 5518 1291
9105 2 2 9 129 5236 5518 1290
9106 2 2 9 129 1291 5245 1292
9107 2 2 9 129 1291 5518 5245
9108 2 2 9 129 1292 5404 1293
9109 2 2 9 129 5245 5404 1292
9110 2 2 9 129 1293 5246 1294
9111 2 2 9 129 1293 5404 5246
9112 2 2 9 129 1294 5462 1295
9113 2 2 9 129 5246 5462 1294
9114 2 2 9 129 1295 5301 1296
9115 2 2 9 129 1295 5462 5301
9116 2 2 9 129 1296 5534 1297
9117 2 2 9 129 5301 5534 1296
9118 2 2 9 129 1297 5307 1298
9119 2 2 9 129 1297 5534 5307
9120 2 2 9 129 1298 5535 1299
9121 2 2 9 129 5307 5535 1298
9122 2 2 9 129 1299 5315 1300
9123 2 2 9 129 1299 5535 5315
9124 2 2 9 129 1300 5454 1301
9125 2 2 9 129 5315 5454 1300
9126 2 2 9 129 1301 5409 1302
9127 2 2 9 129 1301 5454 5409
9128 2 2 9 129 1302 5269 1303
9129 2 2 9 129 1302 5409 5269
9130 2 2 9 129 1303 5395 1304
9131 2 2 9 129 5269 5395 1303
9132 2 2 9 129 1304 5237 1305
9133 2 2 9 129 1304 5395 5237
9134 2 2 9 129 1305 5519 1306
9135 2 2 9 129 5237 5519 1305
9136 2 2 9 129 1306 5247 1307
9137 2 2 9 129 1306 5519 5247
9138 2 2 9 129 1307 5411 1308
9139 2 2 9 129 5247 5411 1307
9140 2 2 9 129 1308 5248 1309
9141 2 2 9 129 1308 5411 5248
9142 2 2 9 129 1309 5324 1310
9143 2 2 9 129 5248 5324 1309
9144 2 2 9 129 1310 5270 1311
9145 2 2 9 129 1310 5324 5270
9146 2 2 9 129 1311 5500 1312
9147 2 2 9 129 5270 5500 1311
9148 2 2 9 129 1312 5316 1313
9149 2 2 9 129 1312 5500 5316
9150 2 2 9 129 1313 5436 1314
9151 2 2 9 129 5316 5436 1313
9152 2 2 9 129 1314 5317 1315
9153 2 2 9 129 1314 5436 5317
9154 2 2 9 129 1315 5435 1316
9155 2 2 9 129 5317 5435 1315
9156 2 2 9 129 1316 5318 1317
9157 2 2 9 129 1316 5435 5318
9158 2 2 9 129 1317 5452 1318
9159 2 2 9 129 5318 5452 1317
9160 2 2 9 129 1318 5329 1319
9161 2 2 9 129 1318 5452 5329
9162 2 2 9 129 1319 5254 1320
9163 2 2 9 129 1319 5329 5254
9164 2 2 9 129 1320 5407 1321
9165 2 2 9 129 5254 5407 1320
9166 2 2 9 129 1321 5521 1322
9167 2 2 9 129 5407 5521 1321
9168 2 2 9 129 1322 5238 1323
9169 2 2 9 129 1322 5521 5238
9170 2 2 9 129 1323 5405 1324
9171 2 2 9 129 5238 5405 1323
9172 2 2 9 129 1324 5239 1325
9173 2 2 9 129 1324 5405 5239
9174 2 2 9 129 1325 5463 1326
9175 2 2 9 129 5239 5463 1325
9176 2 2 9 129 1326 5297 1327
9177 2 2 9 129 1326 5463 5297
9178 2 2 9 129 1327 5527 1328
9179 2 2 9 129 5297 5527 1327
9180 2 2 9 129 1328 5319 1329
9181 2 2 9 129 1328 5527 5319
9182 2 2 9 129 1329 5430 1330
9183 2 2 9 129 5319 5430 1329
9184 2 2 9 129 1330 5320 1331
9185 2 2 9 129 1330 5430 5320
9186 2 2 9 129 1331 5449 1332
9187 2 2 9 129 5320 5449 1331
9188 2 2 9 129 1332 5417 1333
9189 2 2 9 129 1332 5449 5417
9190 2 2 9 129 1333 5293 1334
9191 2 2 9 129 1333 5417 5293
9192 2 2 9 129 1334 5465 1335
9193 2 2 9 129 5293 5465 1334
9194 2 2 9 129 1335 5257 1336
9195 2 2 9 129 1335 5465 5257
9196 2 2 9 129 1336 5517 1337
9197 2 2 9 129 5257 5517 1336
9198 2 2 9 129 1337 5240 1338
9199 2 2 9 129 1337 5517 5240
9200 2 2 9 129 1338 5525 1339
9201 2 2 9 129 5240 5525 1338
9202 2 2 9 129 1339 5255 1340
9203 2 2 9 129 1339 5525 5255
9204 2 2 9 129 1340 5401 1341
9205 2 2 9 129 5255 5401 1340
9206 2 2 9 129 1341 5264 1342
9207 2 2 9 129 1341 5401 5264
9208 2 2 9 129 1342 5388 1343
9209 2 2 9 129 5264 5388 1342
9210 2 2 9 129 1343 5448 1344
9211 2 2 9 129 5388 5448 1343
9212 2 2 9 129 1344 5302 1345
9213 2 2 9 129 1344 5448 5302
9214 2 2 9 129 1345 5431 1346
9215 2 2 9 129 5302 5431 1345
9216 2 2 9 129 1346 5306 1347
9217 2 2 9 129 1346 5431 5306
9218 2 2 9 129 1347 5458 1348
9219 2 2 9 129 5306 5458 1347
9220 2 2 9 129 1348 5399 1349
9221 2 2 9 129 1348 5458 5399
9222 2 2 9 129 1349 5266 1350
9223 2 2 9 129 1349 5399 5266
9224 2 2 9 129 1350 5398 1351
9225 2 2 9 129 5266 5398 1350
9226 2 2 9 129 1351 5241 1352
9227 2 2 9 129 1351 5398 5241
9228 2 2 9 129 1352 5520 1353
9229 2 2 9 129 5241 5520 1352
9230 2 2 9 129 1353 5249 1354
9231 2 2 9 129 1353 5520 5249
9232 2 2 9 129 1354 5412 1355
9233 2 2 9 129 5249 5412 1354
9234 2 2 9 129 1355 5250 1356
9235 2 2 9 129 1355 5412 5250
9236 2 2 9 129 1356 5392 1357
9237 2 2 9 129 5250 5392 1356
9238 2 2 9 129 1357 5290 1358
9239 2 2 9 129 1357 5392 5290
9240 2 2 9 129 1358 5514 1359
9241 2 2 9 129 5290 5514 1358
9242 2 2 9 129 1359 5321 1360
9243 2 2 9 129 1359 5514 5321
9244 2 2 9 129 1360 5461 1361
9245 2 2 9 129 5321 5461 1360
9246 2 2 9 129 1361 5432 1362
9247 2 2 9 129 1361 5461 5432
9248 2 2 9 129 1362 5303 1363
9249 2 2 9 129 1362 5432 5303
9250 2 2 9 129 1363 5459 1364
9251 2 2 9 129 5303 5459 1363
9252 2 2 9 129 1364 5371 1365
9253 2 2 9 129 1364 5459 5371
9254 2 2 9 129 1365 5261 1366
9255 2 2 9 129 1365 5371 5261
9256 2 2 9 129 1366 5322 1367
9257 2 2 9 129 5261 5322 1366
9258 2 2 9 129 1367 5136 1368
9259 2 2 9 129 1367 5322 5136
9260 2 2 9 129 5136 5536 1368
9261 2 2 9 129 5536 5544 1368
9262 2 2 9 129 1370 5216 1369
9263 2 2 9 129 5216 5537 1369
9264 2 2 9 129 5537 5542 1369
9265 2 2 9 129 1371 5511 1370
9266 2 2 9 129 1370 5511 5216
9267 2 2 9 129 1372 5217 1371
9268 2 2 9 129 5217 5511 1371
9269 2 2 9 129 1373 5385 1372
9270 2 2 9 129 1372 5385 5217
9271 2 2 9 129 1374 5441 1373
9272 2 2 9 129 1373 5441 5385
9273 2 2 9 129 1375 5218 1374
9274 2 2 9 129 5218 5441 1374
9275 2 2 9 129 1376 5455 1375
9276 2 2 9 129 1375 5455 5218
9277 2 2 9 129 1377 5381 1376
9278 2 2 9 129 5381 5455 1376
9279 2 2 9 129 1378 5215 1377
9280 2 2 9 129 5215 5381 1377
9281 2 2 9 129 1379 5382 1378
9282 2 2 9 129 1378 5382 5215
9283 2 2 9 129 1380 5214 1379
9284 2 2 9 129 5214 5382 1379
9285 2 2 9 129 1381 5509 1380
9286 2 2 9 129 1380 5509 5214
9287 2 2 9 129 1382 5213 1381
9288 2 2 9 129 5213 5509 1381
9289 2 2 9 129 1383 5491 1382
9290 2 2 9 129 1382 5491 5213
9291 2 2 9 129 1384 5211 1383
9292 2 2 9 129 5211 5491 1383
9293 2 2 9 129 1385 5378 1384
9294 2 2 9 129 1384 5378 5211
9295 2 2 9 129 1386 5209 1385
9296 2 2 9 129 5209 5378 1385
9297 2 2 9 129 1387 5510 1386
9298 2 2 9 129 1386 5510 5209
9299 2 2 9 129 1388 5208 1387
9300 2 2 9 129 5208 5510 1387
9301 2 2 9 129 1389 5375 1388
9302 2 2 9 129 1388 5375 5208
9303 2 2 9 129 1390 5210 1389
9304 2 2 9 129 5210 5375 1389
9305 2 2 9 129 1391 5372 1390
9306 2 2 9 129 1390 5372 5210
9307 2 2 9 129 1392 5219 1391
9308 2 2 9 129 5219 5372 1391
9309 2 2 9 129 1393 5384 1392
9310 2 2 9 129 1392 5384 5219
9311 2 2 9 129 1394 5220 1393
9312 2 2 9 129 5220 5384 1393
9313 2 2 9 129 1395 5383 1394
9314 2 2 9 129 1394 5383 5220
9315 2 2 9 129 1396 5224 1395
9316 2 2 9 129 5224 5383 1395
9317 2 2 9 129 1397 5386 1396
9318 2 2 9 129 1396 5386 5224
9319 2 2 9 129 1398 5228 1397
9320 2 2 9 129 5228 5386 1397
9321 2 2 9 129 1399 5394 1398
9322 2 2 9 129 1398 5394 5228
9323 2 2 9 129 1400 5229 1399
9324 2 2 9 129 5229 5394 1399
9325 2 2 9 129 1401 5439 1400
9326 2 2 9 129 1400 5439 5229
9327 2 2 9 129 1402 5379 1401
9328 2 2 9 129 5379 5439 1401
9329 2 2 9 129 1403 5226 1402
9330 2 2 9 129 5226 5379 1402
9331 2 2 9 129 1404 5513 1403
9332 2 2 9 129 1403 5513 5226
9333 2 2 9 129 1405 5223 1404
9334 2 2 9 129 5223 5513 1404
9335 2 2 9 129 1406 5390 1405
9336 2 2 9 129 1405 5390 5223
9337 2 2 9 129 1407 5222 1406
9338 2 2 9 129 5222 5390 1406
9339 2 2 9 129 1408 5391 1407
9340 2 2 9 129 1407 5391 5222
9341 2 2 9 129 1409 5225 1408
9342 2 2 9 129 5225 5391 1408
9343 2 2 9 129 1410 5380 1409
9344 2 2 9 129 1409 5380 5225
9345 2 2 9 129 1411 5442 1410
9346 2 2 9 129 1410 5442 5380
9347 2 2 9 129 1412 5227 1411
9348 2 2 9 129 5227 5442 1411
9349 2 2 9 129 1413 5387 1412
9350 2 2 9 129 1412 5387 5227
9351 2 2 9 129 1414 5221 1413
9352 2 2 9 129 5221 5387 1413
9353 2 2 9 129 1415 5475 1414
9354 2 2 9 129 1414 5475 5221
9355 2 2 9 129 1416 5212 1415
9356 2 2 9 129 5212 5475 1415
9357 2 2 9 129 1417 5481 1416
9358 2 2 9 129 1416 5481 5212
9359 2 2 9 129 1418 5207 1417
9360 2 2 9 129 5207 5481 1417
9361 2 2 9 129 1419 5373 1418
9362 2 2 9 129 1418 5373 5207
9363 2 2 9 129 1420 5206 1419
9364 2 2 9 129 5206 5373 1419
9365 2 2 9 129 1421 5330 1420
9366 2 2 9 129 1420 5330 5206
9367 2 2 9 129 1422 5204 1421
9368 2 2 9 129 5204 5330 1421
9369 2 2 9 129 1423 5362 1422
9370 2 2 9 129 1422 5362 5204
9371 2 2 9 129 1424 5198 1423
9372 2 2 9 129 5198 5362 1423
9373 2 2 9 129 1425 5498 1424
9374 2 2 9 129 1424 5498 5198
9375 2 2 9 129 1426 5196 1425
9376 2 2 9 129 5196 5498 1425
9377 2 2 9 129 1427 5503 1426
9378 2 2 9 129 1426 5503 5196
9379 2 2 9 129 1428 5199 1427
9380 2 2 9 129 5199 5503 1427
9381 2 2 9 129 1429 5499 1428
9382 2 2 9 129 1428 5499 5199
9383 2 2 9 129 1430 5197 1429
9384 2 2 9 129 5197 5499 1429
9385 2 2 9 129 1431 5445 1430
9386 2 2 9 129 1430 5445 5197
9387 2 2 9 129 1432 5358 1431
9388 2 2 9 129 5358 5445 1431
9389 2 2 9 129 1433 5183 1432
9390 2 2 9 129 5183 5358 1432
9391 2 2 9 129 1434 5494 1433
9392 2 2 9 129 1433 5494 5183
9393 2 2 9 129 1435 5187 1434
9394 2 2 9 129 5187 5494 1434
9395 2 2 9 129 1436 5504 1435
9396 2 2 9 129 1435 5504 5187
9397 2 2 9 129 1437 5200 1436
9398 2 2 9 129 5200 5504 1436
9399 2 2 9 129 1438 5351 1437
9400 2 2 9 129 1437 5351 5200
9401 2 2 9 129 1439 5148 1438
9402 2 2 9 129 5148 5351 1438
9403 2 2 9 129 1440 5328 1439
9404 2 2 9 129 1439 5328 5148
9405 2 2 9 129 1441 5144 1440
9406 2 2 9 129 5144 5328 1440
9407 2 2 9 129 1442 5333 1441
9408 2 2 9 129 1441 5333 5144
9409 2 2 9 129 1443 5143 1442
9410 2 2 9 129 5143 5333 1442
9411 2 2 9 129 1444 5331 1443
9412 2 2 9 129 1443 5331 5143
9413 2 2 9 129 1445 5145 1444
9414 2 2 9 129 5145 5331 1444
9415 2 2 9 129 1446 5476 1445
9416 2 2 9 129 1445 5476 5145
9417 2 2 9 129 1447 5146 1446
9418 2 2 9 129 5146 5476 1446
9419 2 2 9 129 1448 5472 1447
9420 2 2 9 129 1447 5472 5146
9421 2 2 9 129 1449 5176 1448
9422 2 2 9 129 5176 5472 1448
9423 2 2 9 129 1450 5490 1449
9424 2 2 9 129 1449 5490 5176
9425 2 2 9 129 1451 5149 1450
9426 2 2 9 129 5149 5490 1450
9427 2 2 9 129 1452 5486 1451
9428 2 2 9 129 1451 5486 5149
9429 2 2 9 129 1453 5169 1452
9430 2 2 9 129 5169 5486 1452
9431 2 2 9 129 1454 5495 1453
9432 2 2 9 129 1453 5495 5169
9433 2 2 9 129 1455 5177 1454
9434 2 2 9 129 5177 5495 1454
9435 2 2 9 129 1456 5502 1455
9436 2 2 9 129 1455 5502 5177
9437 2 2 9 129 1457 5201 1456
9438 2 2 9 129 5201 5502 1456
9439 2 2 9 129 1458 5355 1457
9440 2 2 9 129 1457 5355 5201
9441 2 2 9 129 1459 5184 1458
9442 2 2 9 129 5184 5355 1458
9443 2 2 9 129 1460 5492 1459
9444 2 2 9 129 1459 5492 5184
9445 2 2 9 129 1461 5188 1460
9446 2 2 9 129 5188 5492 1460
9447 2 2 9 129 1462 5363 1461
9448 2 2 9 129 1461 5363 5188
9449 2 2 9 129 1463 5443 1462
9450 2 2 9 129 1462 5443 5363
9451 2 2 9 129 1464 5202 1463
9452 2 2 9 129 5202 5443 1463
9453 2 2 9 129 1465 5356 1464
9454 2 2 9 129 1464 5356 5202
9455 2 2 9 129 1466 5185 1465
9456 2 2 9 129 5185 5356 1465
9457 2 2 9 129 1467 5501 1466
9458 2 2 9 129 1466 5501 5185
9459 2 2 9 129 1468 5178 1467
9460 2 2 9 129 5178 5501 1467
9461 2 2 9 129 1469 5354 1468
9462 2 2 9 129 1468 5354 5178
9463 2 2 9 129 1470 5189 1469
9464 2 2 9 129 5189 5354 1469
9465 2 2 9 129 1471 5357 1470
9466 2 2 9 129 1470 5357 5189
9467 2 2 9 129 1472 5186 1471
9468 2 2 9 129 5186 5357 1471
9469 2 2 9 129 1473 5488 1472
9470 2 2 9 129 1472 5488 5186
9471 2 2 9 129 1474 5179 1473
9472 2 2 9 129 5179 5488 1473
9473 2 2 9 129 1475 5352 1474
9474 2 2 9 129 1474 5352 5179
9475 2 2 9 129 1476 5496 1475
9476 2 2 9 129 1475 5496 5352
9477 2 2 9 129 1477 5180 1476
9478 2 2 9 129 5180 5496 1476
9479 2 2 9 129 1478 5489 1477
9480 2 2 9 129 1477 5489 5180
9481 2 2 9 129 1479 5190 1478
9482 2 2 9 129 5190 5489 1478
9483 2 2 9 129 1480 5361 1479
9484 2 2 9 129 1479 5361 5190
9485 2 2 9 129 1481 5203 1480
9486 2 2 9 129 5203 5361 1480
9487 2 2 9 129 1482 5360 1481
9488 2 2 9 129 1481 5360 5203
9489 2 2 9 129 1483 5191 1482
9490 2 2 9 129 5191 5360 1482
9491 2 2 9 129 1484 5493 1483
9492 2 2 9 129 1483 5493 5191
9493 2 2 9 129 1485 5170 1484
9494 2 2 9 129 5170 5493 1484
9495 2 2 9 129 1486 5337 1485
9496 2 2 9 129 1485 5337 5170
9497 2 2 9 129 1487 5168 1486
9498 2 2 9 129 5168 5337 1486
9499 2 2 9 129 1488 5359 1487
9500 2 2 9 129 1487 5359 5168
9501 2 2 9 129 1489 5181 1488
9502 2 2 9 129 5181 5359 1488
9503 2 2 9 129 1490 5353 1489
9504 2 2 9 129 1489 5353 5181
9505 2 2 9 129 1491 5497 1490
9506 2 2 9 129 1490 5497 5353
9507 2 2 9 129 1492 5182 1491
9508 2 2 9 129 5182 5497 1491
9509 2 2 9 129 1493 5453 1492
9510 2 2 9 129 1492 5453 5182
9511 2 2 9 129 1494 5338 1493
9512 2 2 9 129 5338 5453 1493
9513 2 2 9 129 1495 5165 1494
9514 2 2 9 129 5165 5338 1494
9515 2 2 9 129 1496 5339 1495
9516 2 2 9 129 1495 5339 5165
9517 2 2 9 129 1497 5150 1496
9518 2 2 9 129 5150 5339 1496
9519 2 2 9 129 1498 5340 1497
9520 2 2 9 129 1497 5340 5150
9521 2 2 9 129 1499 5505 1498
9522 2 2 9 129 1498 5505 5340
9523 2 2 9 129 1500 5151 1499
9524 2 2 9 129 5151 5505 1499
9525 2 2 9 129 1501 5341 1500
9526 2 2 9 129 1500 5341 5151
9527 2 2 9 129 1502 5166 1501
9528 2 2 9 129 5166 5341 1501
9529 2 2 9 129 1503 5342 1502
9530 2 2 9 129 1502 5342 5166
9531 2 2 9 129 1504 5152 1503
9532 2 2 9 129 5152 5342 1503
9533 2 2 9 129 1505 5343 1504
9534 2 2 9 129 1504 5343 5152
9535 2 2 9 129 1506 5508 1505
9536 2 2 9 129 1505 5508 5343
9537 2 2 9 129 1507 5171 1506
9538 2 2 9 129 5171 5508 1506
9539 2 2 9 129 1508 5451 1507
9540 2 2 9 129 1507 5451 5171
9541 2 2 9 129 1509 5344 1508
9542 2 2 9 129 5344 5451 1508
9543 2 2 9 129 1510 5153 1509
9544 2 2 9 129 5153 5344 1509
9545 2 2 9 129 1511 5364 1510
9546 2 2 9 129 1510 5364 5153
9547 2 2 9 129 1512 5154 1511
9548 2 2 9 129 5154 5364 1511
9549 2 2 9 129 1513 5332 1512
9550 2 2 9 129 1512 5332 5154
9551 2 2 9 129 1514 5326 1513
9552 2 2 9 129 5326 5332 1513
9553 2 2 9 129 1515 5142 1514
9554 2 2 9 129 5142 5326 1514
9555 2 2 9 129 1516 5469 1515
9556 2 2 9 129 1515 5469 5142
9557 2 2 9 129 1517 5140 1516
9558 2 2 9 129 5140 5469 1516
9559 2 2 9 129 1518 5474 1517
9560 2 2 9 129 1517 5474 5140
9561 2 2 9 129 1519 5139 1518
9562 2 2 9 129 5139 5474 1518
9563 2 2 9 129 1520 5478 1519
9564 2 2 9 129 1519 5478 5139
9565 2 2 9 129 1521 5141 1520
9566 2 2 9 129 5141 5478 1520
9567 2 2 9 129 1522 5325 1521
9568 2 2 9 129 1521 5325 5141
9569 2 2 9 129 1523 5147 1522
9570 2 2 9 129 5147 5325 1522
9571 2 2 9 129 1524 5335 1523
9572 2 2 9 129 1523 5335 5147
9573 2 2 9 129 1525 5155 1524
9574 2 2 9 129 5155 5335 1524
9575 2 2 9 129 1526 5345 1525
9576 2 2 9 129 1525 5345 5155
9577 2 2 9 129 1527 5156 1526
9578 2 2 9 129 5156 5345 1526
9579 2 2 9 129 1528 5365 1527
9580 2 2 9 129 1527 5365 5156
9581 2 2 9 129 1529 5157 1528
9582 2 2 9 129 5157 5365 1528
9583 2 2 9 129 1530 5346 1529
9584 2 2 9 129 1529 5346 5157
9585 2 2 9 129 1531 5158 1530
9586 2 2 9 129 5158 5346 1530
9587 2 2 9 129 1532 5487 1531
9588 2 2 9 129 1531 5487 5158
9589 2 2 9 129 1533 5159 1532
9590 2 2 9 129 5159 5487 1532
9591 2 2 9 129 1534 5370 1533
9592 2 2 9 129 1533 5370 5159
9593 2 2 9 129 1535 5192 1534
9594 2 2 9 129 5192 5370 1534
9595 2 2 9 129 1536 5440 1535
9596 2 2 9 129 1535 5440 5192
9597 2 2 9 129 1537 5350 1536
9598 2 2 9 129 5350 5440 1536
9599 2 2 9 129 1538 5175 1537
9600 2 2 9 129 5175 5350 1537
9601 2 2 9 129 1539 5482 1538
9602 2 2 9 129 1538 5482 5175
9603 2 2 9 129 1540 5193 1539
9604 2 2 9 129 5193 5482 1539
9605 2 2 9 129 1541 5485 1540
9606 2 2 9 129 1540 5485 5193
9607 2 2 9 129 1542 5160 1541
9608 2 2 9 129 5160 5485 1541
9609 2 2 9 129 1543 5366 1542
9610 2 2 9 129 1542 5366 5160
9611 2 2 9 129 1544 5161 1543
9612 2 2 9 129 5161 5366 1543
9613 2 2 9 129 1545 5347 1544
9614 2 2 9 129 1544 5347 5161
9615 2 2 9 129 1546 5162 1545
9616 2 2 9 129 5162 5347 1545
9617 2 2 9 129 1547 5367 1546
9618 2 2 9 129 1546 5367 5162
9619 2 2 9 129 1548 5172 1547
9620 2 2 9 129 5172 5367 1547
9621 2 2 9 129 1549 5349 1548
9622 2 2 9 129 1548 5349 5172
9623 2 2 9 129 1550 5195 1549
9624 2 2 9 129 5195 5349 1549
9625 2 2 9 129 1551 5368 1550
9626 2 2 9 129 1550 5368 5195
9627 2 2 9 129 1552 5163 1551
9628 2 2 9 129 5163 5368 1551
9629 2 2 9 129 1553 5348 1552
9630 2 2 9 129 1552 5348 5163
9631 2 2 9 129 1554 5167 1553
9632 2 2 9 129 5167 5348 1553
9633 2 2 9 129 1555 5336 1554
9634 2 2 9 129 1554 5336 5167
9635 2 2 9 129 1556 5164 1555
9636 2 2 9 129 5164 5336 1555
9637 2 2 9 129 1557 5369 1556
9638 2 2 9 129 1556 5369 5164
9639 2 2 9 129 1558 5506 1557
9640 2 2 9 129 1557 5506 5369
9641 2 2 9 129 1559 5173 1558
9642 2 2 9 129 5173 5506 1558
9643 2 2 9 129 1560 5483 1559
9644 2 2 9 129 1559 5483 5173
9645 2 2 9 129 1561 5194 1560
9646 2 2 9 129 5194 5483 1560
9647 2 2 9 129 1562 5507 1561
9648 2 2 9 129 1561 5507 5194
9649 2 2 9 129 1563 5174 1562
9650 2 2 9 129 5174 5507 1562
9651 2 2 9 129 1564 5480 1563
9652 2 2 9 129 1563 5480 5174
9653 2 2 9 129 1565 5205 1564
9654 2 2 9 129 5205 5480 1564
9655 2 2 9 129 1566 5327 1565
9656 2 2 9 129 1565 5327 5205
9657 2 2 9 129 1567 5230 1566
9658 2 2 9 129 5230 5327 1566
9659 2 2 9 129 1568 5484 1567
9660 2 2 9 129 1567 5484 5230
9661 2 2 9 129 1569 5231 1568
9662 2 2 9 129 5231 5484 1568
9663 2 2 9 129 1570 5374 1569
9664 2 2 9 129 1569 5374 5231
9665 2 2 9 129 1571 5252 1570
9666 2 2 9 129 5252 5374 1570
9667 2 2 9 129 1572 5393 1571
9668 2 2 9 129 1571 5393 5252
9669 2 2 9 129 1573 5267 1572
9670 2 2 9 129 5267 5393 1572
9671 2 2 9 129 1574 5416 1573
9672 2 2 9 129 1573 5416 5267
9673 2 2 9 129 1575 5289 1574
9674 2 2 9 129 5289 5416 1574
9675 2 2 9 129 1576 5468 1575
9676 2 2 9 129 1575 5468 5289
9677 2 2 9 129 1577 5295 1576
9678 2 2 9 129 5295 5468 1576
9679 2 2 9 129 1578 5479 1577
9680 2 2 9 129 1577 5479 5295
9681 2 2 9 129 1579 5276 1578
9682 2 2 9 129 5276 5479 1578
9683 2 2 9 129 1580 5419 1579
9684 2 2 9 129 1579 5419 5276
9685 2 2 9 129 1581 5277 1580
9686 2 2 9 129 5277 5419 1580
9687 2 2 9 129 1582 5428 1581
9688 2 2 9 129 1581 5428 5277
9689 2 2 9 129 1583 5278 1582
9690 2 2 9 129 5278 5428 1582
9691 2 2 9 129 1584 5420 1583
9692 2 2 9 129 1583 5420 5278
9693 2 2 9 129 1585 5279 1584
9694 2 2 9 129 5279 5420 1584
9695 2 2 9 129 1586 5531 1585
9696 2 2 9 129 1585 5531 5279
9697 2 2 9 129 1587 5280 1586
9698 2 2 9 129 5280 5531 1586
9699 2 2 9 129 1588 5421 1587
9700 2 2 9 129 1587 5421 5280
9701 2 2 9 129 1589 5281 1588
9702 2 2 9 129 5281 5421 1588
9703 2 2 9 129 1590 5415 1589
9704 2 2 9 129 1589 5415 5281
9705 2 2 9 129 1591 5291 1590
9706 2 2 9 129 5291 5415 1590
9707 2 2 9 129 1592 5477 1591
9708 2 2 9 129 1591 5477 5291
9709 2 2 9 129 1593 5402 1592
9710 2 2 9 129 5402 5477 1592
9711 2 2 9 129 1594 5282 1593
9712 2 2 9 129 5282 5402 1593
9713 2 2 9 129 1595 5426 1594
9714 2 2 9 129 1594 5426 5282
9715 2 2 9 129 1596 5283 1595
9716 2 2 9 129 5283 5426 1595
9717 2 2 9 129 1597 5424 1596
9718 2 2 9 129 1596 5424 5283
9719 2 2 9 129 1598 5284 1597
9720 2 2 9 129 5284 5424 1597
9721 2 2 9 129 1599 5418 1598
9722 2 2 9 129 1598 5418 5284
9723 2 2 9 129 1600 5285 1599
9724 2 2 9 129 5285 5418 1599
9725 2 2 9 129 1601 5429 1600
9726 2 2 9 129 1600 5429 5285
9727 2 2 9 129 1602 5286 1601
9728 2 2 9 129 5286 5429 1601
9729 2 2 9 129 1603 5422 1602
9730 2 2 9 129 1602 5422 5286
9731 2 2 9 129 1604 5457 1603
9732 2 2 9 129 1603 5457 5422
9733 2 2 9 129 1605 5274 1604
9734 2 2 9 129 5274 5457 1604
9735 2 2 9 129 1606 5389 1605
9736 2 2 9 129 1605 5389 5274
9737 2 2 9 129 1607 5298 1606
9738 2 2 9 129 5298 5389 1606
9739 2 2 9 129 1608 5413 1607
9740 2 2 9 129 1607 5413 5298
9741 2 2 9 129 1609 5456 1608
9742 2 2 9 129 1608 5456 5413
9743 2 2 9 129 1610 5287 1609
9744 2 2 9 129 5287 5456 1609
9745 2 2 9 129 1611 5425 1610
9746 2 2 9 129 1610 5425 5287
9747 2 2 9 129 1612 5288 1611
9748 2 2 9 129 5288 5425 1611
9749 2 2 9 129 1613 5446 1612
9750 2 2 9 129 1612 5446 5288
9751 2 2 9 129 1614 5423 1613
9752 2 2 9 129 5423 5446 1613
9753 2 2 9 129 1615 5275 1614
9754 2 2 9 129 5275 5423 1614
9755 2 2 9 129 1616 5528 1615
9756 2 2 9 129 1615 5528 5275
9757 2 2 9 129 1617 5273 1616
9758 2 2 9 129 5273 5528 1616
9759 2 2 9 129 1618 5529 1617
9760 2 2 9 129 1617 5529 5273
9761 2 2 9 129 1619 5272 1618
9762 2 2 9 129 5272 5529 1618
9763 2 2 9 129 1620 5530 1619
9764 2 2 9 129 1619 5530 5272
9765 2 2 9 129 1621 5271 1620
9766 2 2 9 129 5271 5530 1620
9767 2 2 9 129 1622 5403 1621
9768 2 2 9 129 1621 5403 5271
9769 2 2 9 129 1623 5299 1622
9770 2 2 9 129 5299 5403 1622
9771 2 2 9 129 1624 5533 1623
9772 2 2 9 129 1623 5533 5299
9773 2 2 9 129 1625 5313 1624
9774 2 2 9 129 5313 5533 1624
9775 2 2 9 129 1626 5408 1625
9776 2 2 9 129 1625 5408 5313
9777 2 2 9 129 1627 5268 1626
9778 2 2 9 129 5268 5408 1626
9779 2 2 9 129 1628 5467 1627
9780 2 2 9 129 1627 5467 5268
9781 2 2 9 129 1629 5251 1628
9782 2 2 9 129 5251 5467 1628
9783 2 2 9 129 1630 5406 1629
9784 2 2 9 129 1629 5406 5251
9785 2 2 9 129 1631 5447 1630
9786 2 2 9 129 1630 5447 5406
9787 2 2 9 129 1632 5234 1631
9788 2 2 9 129 5234 5447 1631
9789 2 2 9 129 1633 5512 1632
9790 2 2 9 129 1632 5512 5234
9791 2 2 9 129 1634 5259 1633
9792 2 2 9 129 5259 5512 1633
9793 2 2 9 129 1635 5334 1634
9794 2 2 9 129 1634 5334 5259
9795 2 2 9 129 1636 5450 1635
9796 2 2 9 129 1635 5450 5334
9797 2 2 9 129 1637 5308 1636
9798 2 2 9 129 5308 5450 1636
9799 2 2 9 129 1638 5433 1637
9800 2 2 9 129 1637 5433 5308
9801 2 2 9 129 1639 5309 1638
9802 2 2 9 129 5309 5433 1638
9803 2 2 9 129 1640 5437 1639
9804 2 2 9 129 1639 5437 5309
9805 2 2 9 129 1641 5310 1640
9806 2 2 9 129 5310 5437 1640
9807 2 2 9 129 1642 5470 1641
9808 2 2 9 129 1641 5470 5310
9809 2 2 9 129 1643 5262 1642
9810 2 2 9 129 5262 5470 1642
9811 2 2 9 129 1644 5323 1643
9812 2 2 9 129 1643 5323 5262
9813 2 2 9 129 1645 5233 1644
9814 2 2 9 129 5233 5323 1644
9815 2 2 9 129 1646 5522 1645
9816 2 2 9 129 1645 5522 5233
9817 2 2 9 129 1647 5242 1646
9818 2 2 9 129 5242 5522 1646
9819 2 2 9 129 1648 5526 1647
9820 2 2 9 129 1647 5526 5242
9821 2 2 9 129 1649 5258 1648
9822 2 2 9 129 5258 5526 1648
9823 2 2 9 129 1650 5464 1649
9824 2 2 9 129 1649 5464 5258
9825 2 2 9 129 1651 5296 1650
9826 2 2 9 129 5296 5464 1650
9827 2 2 9 129 1652 5427 1651
9828 2 2 9 129 1651 5427 5296
9829 2 2 9 129 1653 5311 1652
9830 2 2 9 129 5311 5427 1652
9831 2 2 9 129 1654 5438 1653
9832 2 2 9 129 1653 5438 5311
9833 2 2 9 129 1655 5312 1654
9834 2 2 9 129 5312 5438 1654
9835 2 2 9 129 1656 5444 1655
9836 2 2 9 129 1655 5444 5312
9837 2 2 9 129 1657 5414 1656
9838 2 2 9 129 5414 5444 1656
9839 2 2 9 129 1658 5292 1657
9840 2 2 9 129 5292 5414 1657
9841 2 2 9 129 1659 5377 1658
9842 2 2 9 129 1658 5377 5292
9843 2 2 9 129 1660 5243 1659
9844 2 2 9 129 5243 5377 1659
9845 2 2 9 129 1661 5523 1660
9846 2 2 9 129 1660 5523 5243
9847 2 2 9 129 1662 5232 1661
9848 2 2 9 129 5232 5523 1661
9849 2 2 9 129 1663 5410 1662
9850 2 2 9 129 1662 5410 5232
9851 2 2 9 129 1664 5244 1663
9852 2 2 9 129 5244 5410 1663
9853 2 2 9 129 1665 5397 1664
9854 2 2 9 129 1664 5397 5244
9855 2 2 9 129 1666 5263 1665
9856 2 2 9 129 5263 5397 1665
9857 2 2 9 129 1667 5473 1666
9858 2 2 9 129 1666 5473 5263
9859 2 2 9 129 1668 5305 1667
9860 2 2 9 129 5305 5473 1667
9861 2 2 9 129 1669 5460 1668
9862 2 2 9 129 1668 5460 5305
9863 2 2 9 129 1670 5396 1669
9864 2 2 9 129 5396 5460 1669
9865 2 2 9 129 1671 5265 1670
9866 2 2 9 129 5265 5396 1670
9867 2 2 9 129 1672 5471 1671
9868 2 2 9 129 1671 5471 5265
9869 2 2 9 129 1673 5256 1672
9870 2 2 9 129 5256 5471 1672
9871 2 2 9 129 1674 5516 1673
9872 2 2 9 129 1673 5516 5256
9873 2 2 9 129 1675 5235 1674
9874 2 2 9 129 5235 5516 1674
9875 2 2 9 129 1676 5524 1675
9876 2 2 9 129 1675 5524 5235
9877 2 2 9 129 1677 5253 1676
9878 2 2 9 129 5253 5524 1676
9879 2 2 9 129 1678 5376 1677
9880 2 2 9 129 1677 5376 5253
9881 2 2 9 129 1679 5294 1678
9882 2 2 9 129 5294 5376 1678
9883 2 2 9 129 1680 5515 1679
9884 2 2 9 129 1679 5515 5294
9885 2 2 9 129 1681 5314 1680
9886 2 2 9 129 5314 5515 1680
9887 2 2 9 129 1682 5434 1681
9888 2 2 9 129 1681 5434 5314
9889 2 2 9 129 1683 5300 1682
9890 2 2 9 129 5300 5434 1682
9891 2 2 9 129 1684 5532 1683
9892 2 2 9 129 1683 5532 5300
9893 2 2 9 129 1685 5304 1684
9894 2 2 9 129 5304 5532 1684
9895 2 2 9 129 1686 5466 1685
9896 2 2 9 129 1685 5466 5304
9897 2 2 9 129 1687 5260 1686
9898 2 2 9 129 5260 5466 1686
9899 2 2 9 129 1688 5400 1687
9900 2 2 9 129 1687 5400 5260
9901 2 2 9 129 1689 5236 1688
9902 2 2 9 129 5236 5400 1688
9903 2 2 9 129 1690 5518 1689
9904 2 2 9 129 1689 5518 5236
9905 2 2 9 129 1691 5245 1690
9906 2 2 9 129 5245 5518 1690
9907 2 2 9 129 1692 5404 1691
9908 2 2 9 129 1691 5404 5245
9909 2 2 9 129 1693 5246 1692
9910 2 2 9 129 5246 5404 1692
9911 2 2 9 129 1694 5462 1693
9912 2 2 9 129 1693 5462 5246
9913 2 2 9 129 1695 5301 1694
9914 2 2 9 129 5301 5462 1694
9915 2 2 9 129 1696 5534 1695
9916 2 2 9 129 1695 5534 5301
9917 2 2 9 129 1697 5307 1696
9918 2 2 9 129 5307 5534 1696
9919 2 2 9 129 1698 5535 1697
9920 2 2 9 129 1697 5535 5307
9921 2 2 9 129 1699 5315 1698
9922 2 2 9 129 5315 5535 1698
9923 2 2 9 129 1700 5454 1699
9924 2 2 9 129 1699 5454 5315
9925 2 2 9 129 1701 5409 1700
9926 2 2 9 129 5409 5454 1700
9927 2 2 9 129 1702 5269 1701
9928 2 2 9 129 5269 5409 1701
9929 2 2 9 129 1703 5395 1702
9930 2 2 9 129 1702 5395 5269
9931 2 2 9 129 1704 5237 1703
9932 2 2 9 129 5237 5395 1703
9933 2 2 9 129 1705 5519 1704
9934 2 2 9 129 1704 5519 5237
9935 2 2 9 129 1706 5247 1705
9936 2 2 9 129 5247 5519 1705
9937 2 2 9 129 1707 5411 1706
9938 2 2 9 129 1706 5411 5247
9939 2 2 9 129 1708 5248 1707
9940 2 2 9 129 5248 5411 1707
9941 2 2 9 129 1709 5324 1708
9942 2 2 9 129 1708 5324 5248
9943 2 2 9 129 1710 5270 1709
9944 2 2 9 129 5270 5324 1709
9945 2 2 9 129 1711 5500 1710
9946 2 2 9 129 1710 5500 5270
9947 2 2 9 129 1712 5316 1711
9948 2 2 9 129 5316 5500 1711
9949 2 2 9 129 1713 5436 1712
9950 2 2 9 129 1712 5436 5316
9951 2 2 9 129 1714 5317 1713
9952 2 2 9 129 5317 5436 1713
9953 2 2 9 129 1715 5435 1714
9954 2 2 9 129 1714 5435 5317
9955 2 2 9 129 1716 5318 1715
9956 2 2 9 129 5318 5435 1715
9957 2 2 9 129 1717 5452 1716
9958 2 2 9 129 1716 5452 5318
9959 2 2 9 129 1718 5329 1717
9960 2 2 9 129 5329 5452 1717
9961 2 2 9 129 1719 5254 1718
9962 2 2 9 129 5254 5329 1718
9963 2 2 9 129 1720 5407 1719
9964 2 2 9 129 1719 5407 5254
9965 2 2 9 129 1721 5521 1720
9966 2 2 9 129 1720 5521 5407
9967 2 2 9 129 1722 5238 1721
9968 2 2 9 129 5238 5521 1721
9969 2 2 9 129 1723 5405 1722
9970 2 2 9 129 1722 5405 5238
9971 2 2 9 129 1724 5239 1723
9972 2 2 9 129 5239 5405 1723
9973 2 2 9 129 1725 5463 1724
9974 2 2 9 129 1724 5463 5239
9975 2 2 9 129 1726 5297 1725
9976 2 2 9 129 5297 5463 1725
9977 2 2 9 129 1727 5527 1726
9978 2 2 9 129 1726 5527 5297
9979 2 2 9 129 1728 5319 1727
9980 2 2 9 129 5319 5527 1727
9981 2 2 9 129 1729 5430 1728
9982 2 2 9 129 1728 5430 5319
9983 2 2 9 129 1730 5320 1729
9984 2 2 9 129 5320 5430 1729
9985 2 2 9 129 1731 5449 1730
9986 2 2 9 129 1730 5449 5320
9987 2 2 9 129 1732 5417 1731
9988 2 2 9 129 5417 5449 1731
9989 2 2 9 129 1733 5293 1732
9990 2 2 9 129 5293 5417 1732
9991 2 2 9 129 1734 5465 1733
9992 2 2 9 129 1733 5465 5293
9993 2 2 9 129 1735 5257 1734
9994 2 2 9 129 5257 5465 1734
9995 2 2 9 129 1736 5517 1735
9996 2 2 9 129 1735 5517 5257
9997 2 2 9 129 1737 5240 1736
9998 2 2 9 129 5240 5517 1736
9999 2 2 9 129 1738 5525 1737
10000 2 2 9 129 1737 5525 5240
10001 2 2 9 129 1739 5255 1738
10002 2 2 9 129 5255 5525 1738
10003 2 2 9 129 1740 5401 1739
10004 2 2 9 129 1739 5401 5255
10005 2 2 9 129 1741 5264 1740
10006 2 2 9 129 5264 5401 1740
10007 2 2 9 129 1742 5388 1741
10008 2 2 9 129 1741 5388 5264
10009 2 2 9 129 1743 5448 1742
10010 2 2 9 129 1742 5448 5388
10011 2 2 9 129 1744 5302 1743
10012 2 2 9 129 5302 5448 1743
10013 2 2 9 129 1745 5431 1744
10014 2 2 9 129 1744 5431 5302
10015 2 2 9 129 1746 5306 1745
10016 2 2 9 129 5306 5431 1745
10017 2 2 9 129 1747 5458 1746
10018 2 2 9 129 1746 5458 5306
10019 2 2 9 129 1748 5399 1747
10020 2 2 9 129 5399 5458 1747
10021 2 2 9 129 1749 5266 1748
10022 2 2 9 129 5266 5399 1748
10023 2 2 9 129 1750 5398 1749
10024 2 2 9 129 1749 5398 5266
10025 2 2 9 129 1751 5241 1750
10026 2 2 9 129 5241 5398 1750
10027 2 2 9 129 1752 5520 1751
10028 2 2 9 129 1751 5520 5241
10029 2 2 9 129 1753 5249 1752
10030 2 2 9 129 5249 5520 1752
10031 2 2 9 129 1754 5412 1753
10032 2 2 9 129 1753 5412 5249
10033 2 2 9 129 1755 5250 1754
10034 2 2 9 129 5250 5412 1754
10035 2 2 9 129 1756 5392 1755
10036 2 2 9 129 1755 5392 5250
10037 2 2 9 129 1757 5290 1756
10038 2 2 9 129 5290 5392 1756
10039 2 2 9 129 1758 5514 1757
10040 2 2 9 129 1757 5514 5290
10041 2 2 9 129 1759 5321 1758
10042 2 2 9 129 5321 5514 1758
10043 2 2 9 129 1760 5461 1759
10044 2 2 9 129 1759 5461 5321
10045 2 2 9 129 1761 5432 1760
10046 2 2 9 129 5432 5461 1760
10047 2 2 9 129 1762 5303 1761
10048 2 2 9 129 5303 5432 1761
10049 2 2 9 129 1763 5459 1762
10050 2 2 9 129 1762 5459 5303
10051 2 2 9 129 1764 5371 1763
10052 2 2 9 129 5371 5459 1763
10053 2 2 9 129 1765 5261 1764
10054 2 2 9 129 5261 5371 1764
10055 2 2 9 129 1766 5322 1765
10056 2 2 9 129 1765 5322 5261
10057 2 2 9 129 1767 5136 1766
10058 2 2 9 129 5136 5322 1766
10059 2 2 9 129 1767 5540 5136
10060 2 2 9 129 88 5137 87
10061 2 2 9 129 87 5137 86
10062 2 2 9 129 66 5541 65
10063 2 2 9 129 67 5541 66
10064 2 2 9 129 68 5541 67
10065 2 2 9 129 69 5137 68
10066 2 2 9 129 5137 5541 68
10067 2 2 9 129 70 5137 69
10068 2 2 9 129 86 5137 85
10069 2 2 9 129 85 5137 84
10070 2 2 9 129 84 5137 83
10071 2 2 9 129 71 5137 70
10072 2 2 9 129 170 5138 171
10073 2 2 9 129 169 5138 170
10074 2 2 9 129 147 5138 148
10075 2 2 9 129 147 5543 5138
10076 2 2 9 129 148 5138 149
10077 2 2 9 129 149 5138 150
10078 2 2 9 129 150 5138 151
10079 2 2 9 129 151 5138 152
10080 2 2 9 129 168 5138 169
10081 2 2 9 129 167 5138 168
10082 2 2 9 129 166 5138 167
10083 2 2 9 129 152 5138 153
10084 2 2 9 129 72 5137 71
10085 2 2 9 129 83 5137 82
10086 2 2 9 129 73 5137 72
10087 2 2 9 129 82 5137 81
10088 2 2 9 129 81 5137 80
10089 2 2 9 129 80 5137 79
10090 2 2 9 129 74 5137 73
10091 2 2 9 129 75 5137 74
10092 2 2 9 129 79 5137 78
10093 2 2 9 129 78 5137 77
10094 2 2 9 129 76 5137 75
10095 2 2 9 129 153 5138 154
10096 2 2 9 129 165 5138 166
10097 2 2 9 129 154 5138 155
10098 2 2 9 129 164 5138 165
10099 2 2 9 129 163 5138 164
10100 2 2 9 129 162 5138 163
10101 2 2 9 129 155 5138 156
10102 2 2 9 129 156 5138 157
10103 2 2 9 129 161 5138 162
10104 2 2 9 129 160 5138 161
10105 2 2 9 129 157 5138 158
10106 2 2 9 129 77 5137 76
10107 2 2 9 129 158 5138 159
10108 2 2 9 129 159 5138 160
10109 2 2 9 129 5136 5540 5536
10110 2 2 9 129 5137 5542 5541
10111 2 2 9 129 5138 5543 5540
10112 2 2 9 129 5216 5538 5537
10113 2 2 9 129 5540 5543 5536
10114 2 2 9 129 5543 5544 5536
10115 2 2 9 129 5538 5539 5537
10116 2 2 9 129 5539 5542 5537
10117 2 2 9 129 5541 5542 5539
$EndElements
