/*--------------------------------*- C++ -*----------------------------------*\
  =========                 |
  \\      /  F ield         | OpenFOAM: The Open Source CFD Toolbox
   \\    /   O peration     | Website:  https://openfoam.org
    \\  /    A nd           | Version:  11
     \\/     M anipulation  |
\*---------------------------------------------------------------------------*/
FoamFile
{
    format      ascii;
    class       labelList;
    location    "constant/fuelPin2_wall/polyMesh";
    object      cellRegionAddressing;
}
// * * * * * * * * * * * * * * * * * * * * * * * * * * * * * * * * * * * * * //


76600
(
77
78
79
80
81
107
108
109
110
111
112
136
137
138
139
140
141
142
166
167
168
169
170
171
172
173
196
197
198
199
200
201
202
203
226
227
228
229
230
231
232
257
258
259
260
261
262
289
290
617
618
619
620
621
647
648
649
650
651
652
676
677
678
679
680
681
682
706
707
708
709
710
711
712
713
736
737
738
739
740
741
742
743
766
767
768
769
770
771
772
797
798
799
800
801
802
829
830
1157
1158
1159
1160
1161
1187
1188
1189
1190
1191
1192
1216
1217
1218
1219
1220
1221
1222
1246
1247
1248
1249
1250
1251
1252
1253
1276
1277
1278
1279
1280
1281
1282
1283
1306
1307
1308
1309
1310
1311
1312
1337
1338
1339
1340
1341
1342
1369
1370
1697
1698
1699
1700
1701
1727
1728
1729
1730
1731
1732
1756
1757
1758
1759
1760
1761
1762
1786
1787
1788
1789
1790
1791
1792
1793
1816
1817
1818
1819
1820
1821
1822
1823
1846
1847
1848
1849
1850
1851
1852
1877
1878
1879
1880
1881
1882
1909
1910
2237
2238
2239
2240
2241
2267
2268
2269
2270
2271
2272
2296
2297
2298
2299
2300
2301
2302
2326
2327
2328
2329
2330
2331
2332
2333
2356
2357
2358
2359
2360
2361
2362
2363
2386
2387
2388
2389
2390
2391
2392
2417
2418
2419
2420
2421
2422
2449
2450
2777
2778
2779
2780
2781
2807
2808
2809
2810
2811
2812
2836
2837
2838
2839
2840
2841
2842
2866
2867
2868
2869
2870
2871
2872
2873
2896
2897
2898
2899
2900
2901
2902
2903
2926
2927
2928
2929
2930
2931
2932
2957
2958
2959
2960
2961
2962
2989
2990
3317
3318
3319
3320
3321
3347
3348
3349
3350
3351
3352
3376
3377
3378
3379
3380
3381
3382
3406
3407
3408
3409
3410
3411
3412
3413
3436
3437
3438
3439
3440
3441
3442
3443
3466
3467
3468
3469
3470
3471
3472
3497
3498
3499
3500
3501
3502
3529
3530
3857
3858
3859
3860
3861
3887
3888
3889
3890
3891
3892
3916
3917
3918
3919
3920
3921
3922
3946
3947
3948
3949
3950
3951
3952
3953
3976
3977
3978
3979
3980
3981
3982
3983
4006
4007
4008
4009
4010
4011
4012
4037
4038
4039
4040
4041
4042
4069
4070
4397
4398
4399
4400
4401
4427
4428
4429
4430
4431
4432
4456
4457
4458
4459
4460
4461
4462
4486
4487
4488
4489
4490
4491
4492
4493
4516
4517
4518
4519
4520
4521
4522
4523
4546
4547
4548
4549
4550
4551
4552
4577
4578
4579
4580
4581
4582
4609
4610
4937
4938
4939
4940
4941
4967
4968
4969
4970
4971
4972
4996
4997
4998
4999
5000
5001
5002
5026
5027
5028
5029
5030
5031
5032
5033
5056
5057
5058
5059
5060
5061
5062
5063
5086
5087
5088
5089
5090
5091
5092
5117
5118
5119
5120
5121
5122
5149
5150
5477
5478
5479
5480
5481
5507
5508
5509
5510
5511
5512
5536
5537
5538
5539
5540
5541
5542
5566
5567
5568
5569
5570
5571
5572
5573
5596
5597
5598
5599
5600
5601
5602
5603
5626
5627
5628
5629
5630
5631
5632
5657
5658
5659
5660
5661
5662
5689
5690
6017
6018
6019
6020
6021
6047
6048
6049
6050
6051
6052
6076
6077
6078
6079
6080
6081
6082
6106
6107
6108
6109
6110
6111
6112
6113
6136
6137
6138
6139
6140
6141
6142
6143
6166
6167
6168
6169
6170
6171
6172
6197
6198
6199
6200
6201
6202
6229
6230
6557
6558
6559
6560
6561
6587
6588
6589
6590
6591
6592
6616
6617
6618
6619
6620
6621
6622
6646
6647
6648
6649
6650
6651
6652
6653
6676
6677
6678
6679
6680
6681
6682
6683
6706
6707
6708
6709
6710
6711
6712
6737
6738
6739
6740
6741
6742
6769
6770
7097
7098
7099
7100
7101
7127
7128
7129
7130
7131
7132
7156
7157
7158
7159
7160
7161
7162
7186
7187
7188
7189
7190
7191
7192
7193
7216
7217
7218
7219
7220
7221
7222
7223
7246
7247
7248
7249
7250
7251
7252
7277
7278
7279
7280
7281
7282
7309
7310
7637
7638
7639
7640
7641
7667
7668
7669
7670
7671
7672
7696
7697
7698
7699
7700
7701
7702
7726
7727
7728
7729
7730
7731
7732
7733
7756
7757
7758
7759
7760
7761
7762
7763
7786
7787
7788
7789
7790
7791
7792
7817
7818
7819
7820
7821
7822
7849
7850
8177
8178
8179
8180
8181
8207
8208
8209
8210
8211
8212
8236
8237
8238
8239
8240
8241
8242
8266
8267
8268
8269
8270
8271
8272
8273
8296
8297
8298
8299
8300
8301
8302
8303
8326
8327
8328
8329
8330
8331
8332
8357
8358
8359
8360
8361
8362
8389
8390
8717
8718
8719
8720
8721
8747
8748
8749
8750
8751
8752
8776
8777
8778
8779
8780
8781
8782
8806
8807
8808
8809
8810
8811
8812
8813
8836
8837
8838
8839
8840
8841
8842
8843
8866
8867
8868
8869
8870
8871
8872
8897
8898
8899
8900
8901
8902
8929
8930
9257
9258
9259
9260
9261
9287
9288
9289
9290
9291
9292
9316
9317
9318
9319
9320
9321
9322
9346
9347
9348
9349
9350
9351
9352
9353
9376
9377
9378
9379
9380
9381
9382
9383
9406
9407
9408
9409
9410
9411
9412
9437
9438
9439
9440
9441
9442
9469
9470
9797
9798
9799
9800
9801
9827
9828
9829
9830
9831
9832
9856
9857
9858
9859
9860
9861
9862
9886
9887
9888
9889
9890
9891
9892
9893
9916
9917
9918
9919
9920
9921
9922
9923
9946
9947
9948
9949
9950
9951
9952
9977
9978
9979
9980
9981
9982
10009
10010
10337
10338
10339
10340
10341
10367
10368
10369
10370
10371
10372
10396
10397
10398
10399
10400
10401
10402
10426
10427
10428
10429
10430
10431
10432
10433
10456
10457
10458
10459
10460
10461
10462
10463
10486
10487
10488
10489
10490
10491
10492
10517
10518
10519
10520
10521
10522
10549
10550
10877
10878
10879
10880
10881
10907
10908
10909
10910
10911
10912
10936
10937
10938
10939
10940
10941
10942
10966
10967
10968
10969
10970
10971
10972
10973
10996
10997
10998
10999
11000
11001
11002
11003
11026
11027
11028
11029
11030
11031
11032
11057
11058
11059
11060
11061
11062
11089
11090
11417
11418
11419
11420
11421
11447
11448
11449
11450
11451
11452
11476
11477
11478
11479
11480
11481
11482
11506
11507
11508
11509
11510
11511
11512
11513
11536
11537
11538
11539
11540
11541
11542
11543
11566
11567
11568
11569
11570
11571
11572
11597
11598
11599
11600
11601
11602
11629
11630
11957
11958
11959
11960
11961
11987
11988
11989
11990
11991
11992
12016
12017
12018
12019
12020
12021
12022
12046
12047
12048
12049
12050
12051
12052
12053
12076
12077
12078
12079
12080
12081
12082
12083
12106
12107
12108
12109
12110
12111
12112
12137
12138
12139
12140
12141
12142
12169
12170
12497
12498
12499
12500
12501
12527
12528
12529
12530
12531
12532
12556
12557
12558
12559
12560
12561
12562
12586
12587
12588
12589
12590
12591
12592
12593
12616
12617
12618
12619
12620
12621
12622
12623
12646
12647
12648
12649
12650
12651
12652
12677
12678
12679
12680
12681
12682
12709
12710
13037
13038
13039
13040
13041
13067
13068
13069
13070
13071
13072
13096
13097
13098
13099
13100
13101
13102
13126
13127
13128
13129
13130
13131
13132
13133
13156
13157
13158
13159
13160
13161
13162
13163
13186
13187
13188
13189
13190
13191
13192
13217
13218
13219
13220
13221
13222
13249
13250
13577
13578
13579
13580
13581
13607
13608
13609
13610
13611
13612
13636
13637
13638
13639
13640
13641
13642
13666
13667
13668
13669
13670
13671
13672
13673
13696
13697
13698
13699
13700
13701
13702
13703
13726
13727
13728
13729
13730
13731
13732
13757
13758
13759
13760
13761
13762
13789
13790
14117
14118
14119
14120
14121
14147
14148
14149
14150
14151
14152
14176
14177
14178
14179
14180
14181
14182
14206
14207
14208
14209
14210
14211
14212
14213
14236
14237
14238
14239
14240
14241
14242
14243
14266
14267
14268
14269
14270
14271
14272
14297
14298
14299
14300
14301
14302
14329
14330
14657
14658
14659
14660
14661
14687
14688
14689
14690
14691
14692
14716
14717
14718
14719
14720
14721
14722
14746
14747
14748
14749
14750
14751
14752
14753
14776
14777
14778
14779
14780
14781
14782
14783
14806
14807
14808
14809
14810
14811
14812
14837
14838
14839
14840
14841
14842
14869
14870
15197
15198
15199
15200
15201
15227
15228
15229
15230
15231
15232
15256
15257
15258
15259
15260
15261
15262
15286
15287
15288
15289
15290
15291
15292
15293
15316
15317
15318
15319
15320
15321
15322
15323
15346
15347
15348
15349
15350
15351
15352
15377
15378
15379
15380
15381
15382
15409
15410
15737
15738
15739
15740
15741
15767
15768
15769
15770
15771
15772
15796
15797
15798
15799
15800
15801
15802
15826
15827
15828
15829
15830
15831
15832
15833
15856
15857
15858
15859
15860
15861
15862
15863
15886
15887
15888
15889
15890
15891
15892
15917
15918
15919
15920
15921
15922
15949
15950
16277
16278
16279
16280
16281
16307
16308
16309
16310
16311
16312
16336
16337
16338
16339
16340
16341
16342
16366
16367
16368
16369
16370
16371
16372
16373
16396
16397
16398
16399
16400
16401
16402
16403
16426
16427
16428
16429
16430
16431
16432
16457
16458
16459
16460
16461
16462
16489
16490
16817
16818
16819
16820
16821
16847
16848
16849
16850
16851
16852
16876
16877
16878
16879
16880
16881
16882
16906
16907
16908
16909
16910
16911
16912
16913
16936
16937
16938
16939
16940
16941
16942
16943
16966
16967
16968
16969
16970
16971
16972
16997
16998
16999
17000
17001
17002
17029
17030
17357
17358
17359
17360
17361
17387
17388
17389
17390
17391
17392
17416
17417
17418
17419
17420
17421
17422
17446
17447
17448
17449
17450
17451
17452
17453
17476
17477
17478
17479
17480
17481
17482
17483
17506
17507
17508
17509
17510
17511
17512
17537
17538
17539
17540
17541
17542
17569
17570
17897
17898
17899
17900
17901
17927
17928
17929
17930
17931
17932
17956
17957
17958
17959
17960
17961
17962
17986
17987
17988
17989
17990
17991
17992
17993
18016
18017
18018
18019
18020
18021
18022
18023
18046
18047
18048
18049
18050
18051
18052
18077
18078
18079
18080
18081
18082
18109
18110
18437
18438
18439
18440
18441
18467
18468
18469
18470
18471
18472
18496
18497
18498
18499
18500
18501
18502
18526
18527
18528
18529
18530
18531
18532
18533
18556
18557
18558
18559
18560
18561
18562
18563
18586
18587
18588
18589
18590
18591
18592
18617
18618
18619
18620
18621
18622
18649
18650
18977
18978
18979
18980
18981
19007
19008
19009
19010
19011
19012
19036
19037
19038
19039
19040
19041
19042
19066
19067
19068
19069
19070
19071
19072
19073
19096
19097
19098
19099
19100
19101
19102
19103
19126
19127
19128
19129
19130
19131
19132
19157
19158
19159
19160
19161
19162
19189
19190
19517
19518
19519
19520
19521
19547
19548
19549
19550
19551
19552
19576
19577
19578
19579
19580
19581
19582
19606
19607
19608
19609
19610
19611
19612
19613
19636
19637
19638
19639
19640
19641
19642
19643
19666
19667
19668
19669
19670
19671
19672
19697
19698
19699
19700
19701
19702
19729
19730
20057
20058
20059
20060
20061
20087
20088
20089
20090
20091
20092
20116
20117
20118
20119
20120
20121
20122
20146
20147
20148
20149
20150
20151
20152
20153
20176
20177
20178
20179
20180
20181
20182
20183
20206
20207
20208
20209
20210
20211
20212
20237
20238
20239
20240
20241
20242
20269
20270
20597
20598
20599
20600
20601
20627
20628
20629
20630
20631
20632
20656
20657
20658
20659
20660
20661
20662
20686
20687
20688
20689
20690
20691
20692
20693
20716
20717
20718
20719
20720
20721
20722
20723
20746
20747
20748
20749
20750
20751
20752
20777
20778
20779
20780
20781
20782
20809
20810
21137
21138
21139
21140
21141
21167
21168
21169
21170
21171
21172
21196
21197
21198
21199
21200
21201
21202
21226
21227
21228
21229
21230
21231
21232
21233
21256
21257
21258
21259
21260
21261
21262
21263
21286
21287
21288
21289
21290
21291
21292
21317
21318
21319
21320
21321
21322
21349
21350
21677
21678
21679
21680
21681
21707
21708
21709
21710
21711
21712
21736
21737
21738
21739
21740
21741
21742
21766
21767
21768
21769
21770
21771
21772
21773
21796
21797
21798
21799
21800
21801
21802
21803
21826
21827
21828
21829
21830
21831
21832
21857
21858
21859
21860
21861
21862
21889
21890
22217
22218
22219
22220
22221
22247
22248
22249
22250
22251
22252
22276
22277
22278
22279
22280
22281
22282
22306
22307
22308
22309
22310
22311
22312
22313
22336
22337
22338
22339
22340
22341
22342
22343
22366
22367
22368
22369
22370
22371
22372
22397
22398
22399
22400
22401
22402
22429
22430
22757
22758
22759
22760
22761
22787
22788
22789
22790
22791
22792
22816
22817
22818
22819
22820
22821
22822
22846
22847
22848
22849
22850
22851
22852
22853
22876
22877
22878
22879
22880
22881
22882
22883
22906
22907
22908
22909
22910
22911
22912
22937
22938
22939
22940
22941
22942
22969
22970
23297
23298
23299
23300
23301
23327
23328
23329
23330
23331
23332
23356
23357
23358
23359
23360
23361
23362
23386
23387
23388
23389
23390
23391
23392
23393
23416
23417
23418
23419
23420
23421
23422
23423
23446
23447
23448
23449
23450
23451
23452
23477
23478
23479
23480
23481
23482
23509
23510
23837
23838
23839
23840
23841
23867
23868
23869
23870
23871
23872
23896
23897
23898
23899
23900
23901
23902
23926
23927
23928
23929
23930
23931
23932
23933
23956
23957
23958
23959
23960
23961
23962
23963
23986
23987
23988
23989
23990
23991
23992
24017
24018
24019
24020
24021
24022
24049
24050
24377
24378
24379
24380
24381
24407
24408
24409
24410
24411
24412
24436
24437
24438
24439
24440
24441
24442
24466
24467
24468
24469
24470
24471
24472
24473
24496
24497
24498
24499
24500
24501
24502
24503
24526
24527
24528
24529
24530
24531
24532
24557
24558
24559
24560
24561
24562
24589
24590
24917
24918
24919
24920
24921
24947
24948
24949
24950
24951
24952
24976
24977
24978
24979
24980
24981
24982
25006
25007
25008
25009
25010
25011
25012
25013
25036
25037
25038
25039
25040
25041
25042
25043
25066
25067
25068
25069
25070
25071
25072
25097
25098
25099
25100
25101
25102
25129
25130
25457
25458
25459
25460
25461
25487
25488
25489
25490
25491
25492
25516
25517
25518
25519
25520
25521
25522
25546
25547
25548
25549
25550
25551
25552
25553
25576
25577
25578
25579
25580
25581
25582
25583
25606
25607
25608
25609
25610
25611
25612
25637
25638
25639
25640
25641
25642
25669
25670
25997
25998
25999
26000
26001
26027
26028
26029
26030
26031
26032
26056
26057
26058
26059
26060
26061
26062
26086
26087
26088
26089
26090
26091
26092
26093
26116
26117
26118
26119
26120
26121
26122
26123
26146
26147
26148
26149
26150
26151
26152
26177
26178
26179
26180
26181
26182
26209
26210
26537
26538
26539
26540
26541
26567
26568
26569
26570
26571
26572
26596
26597
26598
26599
26600
26601
26602
26626
26627
26628
26629
26630
26631
26632
26633
26656
26657
26658
26659
26660
26661
26662
26663
26686
26687
26688
26689
26690
26691
26692
26717
26718
26719
26720
26721
26722
26749
26750
27077
27078
27079
27080
27081
27107
27108
27109
27110
27111
27112
27136
27137
27138
27139
27140
27141
27142
27166
27167
27168
27169
27170
27171
27172
27173
27196
27197
27198
27199
27200
27201
27202
27203
27226
27227
27228
27229
27230
27231
27232
27257
27258
27259
27260
27261
27262
27289
27290
27617
27618
27619
27620
27621
27647
27648
27649
27650
27651
27652
27676
27677
27678
27679
27680
27681
27682
27706
27707
27708
27709
27710
27711
27712
27713
27736
27737
27738
27739
27740
27741
27742
27743
27766
27767
27768
27769
27770
27771
27772
27797
27798
27799
27800
27801
27802
27829
27830
28157
28158
28159
28160
28161
28187
28188
28189
28190
28191
28192
28216
28217
28218
28219
28220
28221
28222
28246
28247
28248
28249
28250
28251
28252
28253
28276
28277
28278
28279
28280
28281
28282
28283
28306
28307
28308
28309
28310
28311
28312
28337
28338
28339
28340
28341
28342
28369
28370
28697
28698
28699
28700
28701
28727
28728
28729
28730
28731
28732
28756
28757
28758
28759
28760
28761
28762
28786
28787
28788
28789
28790
28791
28792
28793
28816
28817
28818
28819
28820
28821
28822
28823
28846
28847
28848
28849
28850
28851
28852
28877
28878
28879
28880
28881
28882
28909
28910
29237
29238
29239
29240
29241
29267
29268
29269
29270
29271
29272
29296
29297
29298
29299
29300
29301
29302
29326
29327
29328
29329
29330
29331
29332
29333
29356
29357
29358
29359
29360
29361
29362
29363
29386
29387
29388
29389
29390
29391
29392
29417
29418
29419
29420
29421
29422
29449
29450
29777
29778
29779
29780
29781
29807
29808
29809
29810
29811
29812
29836
29837
29838
29839
29840
29841
29842
29866
29867
29868
29869
29870
29871
29872
29873
29896
29897
29898
29899
29900
29901
29902
29903
29926
29927
29928
29929
29930
29931
29932
29957
29958
29959
29960
29961
29962
29989
29990
30317
30318
30319
30320
30321
30347
30348
30349
30350
30351
30352
30376
30377
30378
30379
30380
30381
30382
30406
30407
30408
30409
30410
30411
30412
30413
30436
30437
30438
30439
30440
30441
30442
30443
30466
30467
30468
30469
30470
30471
30472
30497
30498
30499
30500
30501
30502
30529
30530
30857
30858
30859
30860
30861
30887
30888
30889
30890
30891
30892
30916
30917
30918
30919
30920
30921
30922
30946
30947
30948
30949
30950
30951
30952
30953
30976
30977
30978
30979
30980
30981
30982
30983
31006
31007
31008
31009
31010
31011
31012
31037
31038
31039
31040
31041
31042
31069
31070
31397
31398
31399
31400
31401
31427
31428
31429
31430
31431
31432
31456
31457
31458
31459
31460
31461
31462
31486
31487
31488
31489
31490
31491
31492
31493
31516
31517
31518
31519
31520
31521
31522
31523
31546
31547
31548
31549
31550
31551
31552
31577
31578
31579
31580
31581
31582
31609
31610
31937
31938
31939
31940
31941
31967
31968
31969
31970
31971
31972
31996
31997
31998
31999
32000
32001
32002
32026
32027
32028
32029
32030
32031
32032
32033
32056
32057
32058
32059
32060
32061
32062
32063
32086
32087
32088
32089
32090
32091
32092
32117
32118
32119
32120
32121
32122
32149
32150
32477
32478
32479
32480
32481
32507
32508
32509
32510
32511
32512
32536
32537
32538
32539
32540
32541
32542
32566
32567
32568
32569
32570
32571
32572
32573
32596
32597
32598
32599
32600
32601
32602
32603
32626
32627
32628
32629
32630
32631
32632
32657
32658
32659
32660
32661
32662
32689
32690
33017
33018
33019
33020
33021
33047
33048
33049
33050
33051
33052
33076
33077
33078
33079
33080
33081
33082
33106
33107
33108
33109
33110
33111
33112
33113
33136
33137
33138
33139
33140
33141
33142
33143
33166
33167
33168
33169
33170
33171
33172
33197
33198
33199
33200
33201
33202
33229
33230
33557
33558
33559
33560
33561
33587
33588
33589
33590
33591
33592
33616
33617
33618
33619
33620
33621
33622
33646
33647
33648
33649
33650
33651
33652
33653
33676
33677
33678
33679
33680
33681
33682
33683
33706
33707
33708
33709
33710
33711
33712
33737
33738
33739
33740
33741
33742
33769
33770
34097
34098
34099
34100
34101
34127
34128
34129
34130
34131
34132
34156
34157
34158
34159
34160
34161
34162
34186
34187
34188
34189
34190
34191
34192
34193
34216
34217
34218
34219
34220
34221
34222
34223
34246
34247
34248
34249
34250
34251
34252
34277
34278
34279
34280
34281
34282
34309
34310
34637
34638
34639
34640
34641
34667
34668
34669
34670
34671
34672
34696
34697
34698
34699
34700
34701
34702
34726
34727
34728
34729
34730
34731
34732
34733
34756
34757
34758
34759
34760
34761
34762
34763
34786
34787
34788
34789
34790
34791
34792
34817
34818
34819
34820
34821
34822
34849
34850
35177
35178
35179
35180
35181
35207
35208
35209
35210
35211
35212
35236
35237
35238
35239
35240
35241
35242
35266
35267
35268
35269
35270
35271
35272
35273
35296
35297
35298
35299
35300
35301
35302
35303
35326
35327
35328
35329
35330
35331
35332
35357
35358
35359
35360
35361
35362
35389
35390
35717
35718
35719
35720
35721
35747
35748
35749
35750
35751
35752
35776
35777
35778
35779
35780
35781
35782
35806
35807
35808
35809
35810
35811
35812
35813
35836
35837
35838
35839
35840
35841
35842
35843
35866
35867
35868
35869
35870
35871
35872
35897
35898
35899
35900
35901
35902
35929
35930
36257
36258
36259
36260
36261
36287
36288
36289
36290
36291
36292
36316
36317
36318
36319
36320
36321
36322
36346
36347
36348
36349
36350
36351
36352
36353
36376
36377
36378
36379
36380
36381
36382
36383
36406
36407
36408
36409
36410
36411
36412
36437
36438
36439
36440
36441
36442
36469
36470
36797
36798
36799
36800
36801
36827
36828
36829
36830
36831
36832
36856
36857
36858
36859
36860
36861
36862
36886
36887
36888
36889
36890
36891
36892
36893
36916
36917
36918
36919
36920
36921
36922
36923
36946
36947
36948
36949
36950
36951
36952
36977
36978
36979
36980
36981
36982
37009
37010
37337
37338
37339
37340
37341
37367
37368
37369
37370
37371
37372
37396
37397
37398
37399
37400
37401
37402
37426
37427
37428
37429
37430
37431
37432
37433
37456
37457
37458
37459
37460
37461
37462
37463
37486
37487
37488
37489
37490
37491
37492
37517
37518
37519
37520
37521
37522
37549
37550
37877
37878
37879
37880
37881
37907
37908
37909
37910
37911
37912
37936
37937
37938
37939
37940
37941
37942
37966
37967
37968
37969
37970
37971
37972
37973
37996
37997
37998
37999
38000
38001
38002
38003
38026
38027
38028
38029
38030
38031
38032
38057
38058
38059
38060
38061
38062
38089
38090
38417
38418
38419
38420
38421
38447
38448
38449
38450
38451
38452
38476
38477
38478
38479
38480
38481
38482
38506
38507
38508
38509
38510
38511
38512
38513
38536
38537
38538
38539
38540
38541
38542
38543
38566
38567
38568
38569
38570
38571
38572
38597
38598
38599
38600
38601
38602
38629
38630
38957
38958
38959
38960
38961
38987
38988
38989
38990
38991
38992
39016
39017
39018
39019
39020
39021
39022
39046
39047
39048
39049
39050
39051
39052
39053
39076
39077
39078
39079
39080
39081
39082
39083
39106
39107
39108
39109
39110
39111
39112
39137
39138
39139
39140
39141
39142
39169
39170
39497
39498
39499
39500
39501
39527
39528
39529
39530
39531
39532
39556
39557
39558
39559
39560
39561
39562
39586
39587
39588
39589
39590
39591
39592
39593
39616
39617
39618
39619
39620
39621
39622
39623
39646
39647
39648
39649
39650
39651
39652
39677
39678
39679
39680
39681
39682
39709
39710
40037
40038
40039
40040
40041
40067
40068
40069
40070
40071
40072
40096
40097
40098
40099
40100
40101
40102
40126
40127
40128
40129
40130
40131
40132
40133
40156
40157
40158
40159
40160
40161
40162
40163
40186
40187
40188
40189
40190
40191
40192
40217
40218
40219
40220
40221
40222
40249
40250
40577
40578
40579
40580
40581
40607
40608
40609
40610
40611
40612
40636
40637
40638
40639
40640
40641
40642
40666
40667
40668
40669
40670
40671
40672
40673
40696
40697
40698
40699
40700
40701
40702
40703
40726
40727
40728
40729
40730
40731
40732
40757
40758
40759
40760
40761
40762
40789
40790
41117
41118
41119
41120
41121
41147
41148
41149
41150
41151
41152
41176
41177
41178
41179
41180
41181
41182
41206
41207
41208
41209
41210
41211
41212
41213
41236
41237
41238
41239
41240
41241
41242
41243
41266
41267
41268
41269
41270
41271
41272
41297
41298
41299
41300
41301
41302
41329
41330
41657
41658
41659
41660
41661
41687
41688
41689
41690
41691
41692
41716
41717
41718
41719
41720
41721
41722
41746
41747
41748
41749
41750
41751
41752
41753
41776
41777
41778
41779
41780
41781
41782
41783
41806
41807
41808
41809
41810
41811
41812
41837
41838
41839
41840
41841
41842
41869
41870
42197
42198
42199
42200
42201
42227
42228
42229
42230
42231
42232
42256
42257
42258
42259
42260
42261
42262
42286
42287
42288
42289
42290
42291
42292
42293
42316
42317
42318
42319
42320
42321
42322
42323
42346
42347
42348
42349
42350
42351
42352
42377
42378
42379
42380
42381
42382
42409
42410
42737
42738
42739
42740
42741
42767
42768
42769
42770
42771
42772
42796
42797
42798
42799
42800
42801
42802
42826
42827
42828
42829
42830
42831
42832
42833
42856
42857
42858
42859
42860
42861
42862
42863
42886
42887
42888
42889
42890
42891
42892
42917
42918
42919
42920
42921
42922
42949
42950
43277
43278
43279
43280
43281
43307
43308
43309
43310
43311
43312
43336
43337
43338
43339
43340
43341
43342
43366
43367
43368
43369
43370
43371
43372
43373
43396
43397
43398
43399
43400
43401
43402
43403
43426
43427
43428
43429
43430
43431
43432
43457
43458
43459
43460
43461
43462
43489
43490
43817
43818
43819
43820
43821
43847
43848
43849
43850
43851
43852
43876
43877
43878
43879
43880
43881
43882
43906
43907
43908
43909
43910
43911
43912
43913
43936
43937
43938
43939
43940
43941
43942
43943
43966
43967
43968
43969
43970
43971
43972
43997
43998
43999
44000
44001
44002
44029
44030
44357
44358
44359
44360
44361
44387
44388
44389
44390
44391
44392
44416
44417
44418
44419
44420
44421
44422
44446
44447
44448
44449
44450
44451
44452
44453
44476
44477
44478
44479
44480
44481
44482
44483
44506
44507
44508
44509
44510
44511
44512
44537
44538
44539
44540
44541
44542
44569
44570
44897
44898
44899
44900
44901
44927
44928
44929
44930
44931
44932
44956
44957
44958
44959
44960
44961
44962
44986
44987
44988
44989
44990
44991
44992
44993
45016
45017
45018
45019
45020
45021
45022
45023
45046
45047
45048
45049
45050
45051
45052
45077
45078
45079
45080
45081
45082
45109
45110
45437
45438
45439
45440
45441
45467
45468
45469
45470
45471
45472
45496
45497
45498
45499
45500
45501
45502
45526
45527
45528
45529
45530
45531
45532
45533
45556
45557
45558
45559
45560
45561
45562
45563
45586
45587
45588
45589
45590
45591
45592
45617
45618
45619
45620
45621
45622
45649
45650
45977
45978
45979
45980
45981
46007
46008
46009
46010
46011
46012
46036
46037
46038
46039
46040
46041
46042
46066
46067
46068
46069
46070
46071
46072
46073
46096
46097
46098
46099
46100
46101
46102
46103
46126
46127
46128
46129
46130
46131
46132
46157
46158
46159
46160
46161
46162
46189
46190
46517
46518
46519
46520
46521
46547
46548
46549
46550
46551
46552
46576
46577
46578
46579
46580
46581
46582
46606
46607
46608
46609
46610
46611
46612
46613
46636
46637
46638
46639
46640
46641
46642
46643
46666
46667
46668
46669
46670
46671
46672
46697
46698
46699
46700
46701
46702
46729
46730
47057
47058
47059
47060
47061
47087
47088
47089
47090
47091
47092
47116
47117
47118
47119
47120
47121
47122
47146
47147
47148
47149
47150
47151
47152
47153
47176
47177
47178
47179
47180
47181
47182
47183
47206
47207
47208
47209
47210
47211
47212
47237
47238
47239
47240
47241
47242
47269
47270
47597
47598
47599
47600
47601
47627
47628
47629
47630
47631
47632
47656
47657
47658
47659
47660
47661
47662
47686
47687
47688
47689
47690
47691
47692
47693
47716
47717
47718
47719
47720
47721
47722
47723
47746
47747
47748
47749
47750
47751
47752
47777
47778
47779
47780
47781
47782
47809
47810
48137
48138
48139
48140
48141
48167
48168
48169
48170
48171
48172
48196
48197
48198
48199
48200
48201
48202
48226
48227
48228
48229
48230
48231
48232
48233
48256
48257
48258
48259
48260
48261
48262
48263
48286
48287
48288
48289
48290
48291
48292
48317
48318
48319
48320
48321
48322
48349
48350
48677
48678
48679
48680
48681
48707
48708
48709
48710
48711
48712
48736
48737
48738
48739
48740
48741
48742
48766
48767
48768
48769
48770
48771
48772
48773
48796
48797
48798
48799
48800
48801
48802
48803
48826
48827
48828
48829
48830
48831
48832
48857
48858
48859
48860
48861
48862
48889
48890
49217
49218
49219
49220
49221
49247
49248
49249
49250
49251
49252
49276
49277
49278
49279
49280
49281
49282
49306
49307
49308
49309
49310
49311
49312
49313
49336
49337
49338
49339
49340
49341
49342
49343
49366
49367
49368
49369
49370
49371
49372
49397
49398
49399
49400
49401
49402
49429
49430
49757
49758
49759
49760
49761
49787
49788
49789
49790
49791
49792
49816
49817
49818
49819
49820
49821
49822
49846
49847
49848
49849
49850
49851
49852
49853
49876
49877
49878
49879
49880
49881
49882
49883
49906
49907
49908
49909
49910
49911
49912
49937
49938
49939
49940
49941
49942
49969
49970
50297
50298
50299
50300
50301
50327
50328
50329
50330
50331
50332
50356
50357
50358
50359
50360
50361
50362
50386
50387
50388
50389
50390
50391
50392
50393
50416
50417
50418
50419
50420
50421
50422
50423
50446
50447
50448
50449
50450
50451
50452
50477
50478
50479
50480
50481
50482
50509
50510
50837
50838
50839
50840
50841
50867
50868
50869
50870
50871
50872
50896
50897
50898
50899
50900
50901
50902
50926
50927
50928
50929
50930
50931
50932
50933
50956
50957
50958
50959
50960
50961
50962
50963
50986
50987
50988
50989
50990
50991
50992
51017
51018
51019
51020
51021
51022
51049
51050
51377
51378
51379
51380
51381
51407
51408
51409
51410
51411
51412
51436
51437
51438
51439
51440
51441
51442
51466
51467
51468
51469
51470
51471
51472
51473
51496
51497
51498
51499
51500
51501
51502
51503
51526
51527
51528
51529
51530
51531
51532
51557
51558
51559
51560
51561
51562
51589
51590
51917
51918
51919
51920
51921
51947
51948
51949
51950
51951
51952
51976
51977
51978
51979
51980
51981
51982
52006
52007
52008
52009
52010
52011
52012
52013
52036
52037
52038
52039
52040
52041
52042
52043
52066
52067
52068
52069
52070
52071
52072
52097
52098
52099
52100
52101
52102
52129
52130
52457
52458
52459
52460
52461
52487
52488
52489
52490
52491
52492
52516
52517
52518
52519
52520
52521
52522
52546
52547
52548
52549
52550
52551
52552
52553
52576
52577
52578
52579
52580
52581
52582
52583
52606
52607
52608
52609
52610
52611
52612
52637
52638
52639
52640
52641
52642
52669
52670
52997
52998
52999
53000
53001
53027
53028
53029
53030
53031
53032
53056
53057
53058
53059
53060
53061
53062
53086
53087
53088
53089
53090
53091
53092
53093
53116
53117
53118
53119
53120
53121
53122
53123
53146
53147
53148
53149
53150
53151
53152
53177
53178
53179
53180
53181
53182
53209
53210
53537
53538
53539
53540
53541
53567
53568
53569
53570
53571
53572
53596
53597
53598
53599
53600
53601
53602
53626
53627
53628
53629
53630
53631
53632
53633
53656
53657
53658
53659
53660
53661
53662
53663
53686
53687
53688
53689
53690
53691
53692
53717
53718
53719
53720
53721
53722
53749
53750
54077
54078
54079
54080
54081
54107
54108
54109
54110
54111
54112
54136
54137
54138
54139
54140
54141
54142
54166
54167
54168
54169
54170
54171
54172
54173
54196
54197
54198
54199
54200
54201
54202
54203
54226
54227
54228
54229
54230
54231
54232
54257
54258
54259
54260
54261
54262
54289
54290
54617
54618
54619
54620
54621
54647
54648
54649
54650
54651
54652
54676
54677
54678
54679
54680
54681
54682
54706
54707
54708
54709
54710
54711
54712
54713
54736
54737
54738
54739
54740
54741
54742
54743
54766
54767
54768
54769
54770
54771
54772
54797
54798
54799
54800
54801
54802
54829
54830
55157
55158
55159
55160
55161
55187
55188
55189
55190
55191
55192
55216
55217
55218
55219
55220
55221
55222
55246
55247
55248
55249
55250
55251
55252
55253
55276
55277
55278
55279
55280
55281
55282
55283
55306
55307
55308
55309
55310
55311
55312
55337
55338
55339
55340
55341
55342
55369
55370
55697
55698
55699
55700
55701
55727
55728
55729
55730
55731
55732
55756
55757
55758
55759
55760
55761
55762
55786
55787
55788
55789
55790
55791
55792
55793
55816
55817
55818
55819
55820
55821
55822
55823
55846
55847
55848
55849
55850
55851
55852
55877
55878
55879
55880
55881
55882
55909
55910
56237
56238
56239
56240
56241
56267
56268
56269
56270
56271
56272
56296
56297
56298
56299
56300
56301
56302
56326
56327
56328
56329
56330
56331
56332
56333
56356
56357
56358
56359
56360
56361
56362
56363
56386
56387
56388
56389
56390
56391
56392
56417
56418
56419
56420
56421
56422
56449
56450
56777
56778
56779
56780
56781
56807
56808
56809
56810
56811
56812
56836
56837
56838
56839
56840
56841
56842
56866
56867
56868
56869
56870
56871
56872
56873
56896
56897
56898
56899
56900
56901
56902
56903
56926
56927
56928
56929
56930
56931
56932
56957
56958
56959
56960
56961
56962
56989
56990
57317
57318
57319
57320
57321
57347
57348
57349
57350
57351
57352
57376
57377
57378
57379
57380
57381
57382
57406
57407
57408
57409
57410
57411
57412
57413
57436
57437
57438
57439
57440
57441
57442
57443
57466
57467
57468
57469
57470
57471
57472
57497
57498
57499
57500
57501
57502
57529
57530
57857
57858
57859
57860
57861
57887
57888
57889
57890
57891
57892
57916
57917
57918
57919
57920
57921
57922
57946
57947
57948
57949
57950
57951
57952
57953
57976
57977
57978
57979
57980
57981
57982
57983
58006
58007
58008
58009
58010
58011
58012
58037
58038
58039
58040
58041
58042
58069
58070
58397
58398
58399
58400
58401
58427
58428
58429
58430
58431
58432
58456
58457
58458
58459
58460
58461
58462
58486
58487
58488
58489
58490
58491
58492
58493
58516
58517
58518
58519
58520
58521
58522
58523
58546
58547
58548
58549
58550
58551
58552
58577
58578
58579
58580
58581
58582
58609
58610
58937
58938
58939
58940
58941
58967
58968
58969
58970
58971
58972
58996
58997
58998
58999
59000
59001
59002
59026
59027
59028
59029
59030
59031
59032
59033
59056
59057
59058
59059
59060
59061
59062
59063
59086
59087
59088
59089
59090
59091
59092
59117
59118
59119
59120
59121
59122
59149
59150
59477
59478
59479
59480
59481
59507
59508
59509
59510
59511
59512
59536
59537
59538
59539
59540
59541
59542
59566
59567
59568
59569
59570
59571
59572
59573
59596
59597
59598
59599
59600
59601
59602
59603
59626
59627
59628
59629
59630
59631
59632
59657
59658
59659
59660
59661
59662
59689
59690
60017
60018
60019
60020
60021
60047
60048
60049
60050
60051
60052
60076
60077
60078
60079
60080
60081
60082
60106
60107
60108
60109
60110
60111
60112
60113
60136
60137
60138
60139
60140
60141
60142
60143
60166
60167
60168
60169
60170
60171
60172
60197
60198
60199
60200
60201
60202
60229
60230
60557
60558
60559
60560
60561
60587
60588
60589
60590
60591
60592
60616
60617
60618
60619
60620
60621
60622
60646
60647
60648
60649
60650
60651
60652
60653
60676
60677
60678
60679
60680
60681
60682
60683
60706
60707
60708
60709
60710
60711
60712
60737
60738
60739
60740
60741
60742
60769
60770
61097
61098
61099
61100
61101
61127
61128
61129
61130
61131
61132
61156
61157
61158
61159
61160
61161
61162
61186
61187
61188
61189
61190
61191
61192
61193
61216
61217
61218
61219
61220
61221
61222
61223
61246
61247
61248
61249
61250
61251
61252
61277
61278
61279
61280
61281
61282
61309
61310
61637
61638
61639
61640
61641
61667
61668
61669
61670
61671
61672
61696
61697
61698
61699
61700
61701
61702
61726
61727
61728
61729
61730
61731
61732
61733
61756
61757
61758
61759
61760
61761
61762
61763
61786
61787
61788
61789
61790
61791
61792
61817
61818
61819
61820
61821
61822
61849
61850
62177
62178
62179
62180
62181
62207
62208
62209
62210
62211
62212
62236
62237
62238
62239
62240
62241
62242
62266
62267
62268
62269
62270
62271
62272
62273
62296
62297
62298
62299
62300
62301
62302
62303
62326
62327
62328
62329
62330
62331
62332
62357
62358
62359
62360
62361
62362
62389
62390
62717
62718
62719
62720
62721
62747
62748
62749
62750
62751
62752
62776
62777
62778
62779
62780
62781
62782
62806
62807
62808
62809
62810
62811
62812
62813
62836
62837
62838
62839
62840
62841
62842
62843
62866
62867
62868
62869
62870
62871
62872
62897
62898
62899
62900
62901
62902
62929
62930
63257
63258
63259
63260
63261
63287
63288
63289
63290
63291
63292
63316
63317
63318
63319
63320
63321
63322
63346
63347
63348
63349
63350
63351
63352
63353
63376
63377
63378
63379
63380
63381
63382
63383
63406
63407
63408
63409
63410
63411
63412
63437
63438
63439
63440
63441
63442
63469
63470
63797
63798
63799
63800
63801
63827
63828
63829
63830
63831
63832
63856
63857
63858
63859
63860
63861
63862
63886
63887
63888
63889
63890
63891
63892
63893
63916
63917
63918
63919
63920
63921
63922
63923
63946
63947
63948
63949
63950
63951
63952
63977
63978
63979
63980
63981
63982
64009
64010
64337
64338
64339
64340
64341
64367
64368
64369
64370
64371
64372
64396
64397
64398
64399
64400
64401
64402
64426
64427
64428
64429
64430
64431
64432
64433
64456
64457
64458
64459
64460
64461
64462
64463
64486
64487
64488
64489
64490
64491
64492
64517
64518
64519
64520
64521
64522
64549
64550
64877
64878
64879
64880
64881
64907
64908
64909
64910
64911
64912
64936
64937
64938
64939
64940
64941
64942
64966
64967
64968
64969
64970
64971
64972
64973
64996
64997
64998
64999
65000
65001
65002
65003
65026
65027
65028
65029
65030
65031
65032
65057
65058
65059
65060
65061
65062
65089
65090
65417
65418
65419
65420
65421
65447
65448
65449
65450
65451
65452
65476
65477
65478
65479
65480
65481
65482
65506
65507
65508
65509
65510
65511
65512
65513
65536
65537
65538
65539
65540
65541
65542
65543
65566
65567
65568
65569
65570
65571
65572
65597
65598
65599
65600
65601
65602
65629
65630
65957
65958
65959
65960
65961
65987
65988
65989
65990
65991
65992
66016
66017
66018
66019
66020
66021
66022
66046
66047
66048
66049
66050
66051
66052
66053
66076
66077
66078
66079
66080
66081
66082
66083
66106
66107
66108
66109
66110
66111
66112
66137
66138
66139
66140
66141
66142
66169
66170
66497
66498
66499
66500
66501
66527
66528
66529
66530
66531
66532
66556
66557
66558
66559
66560
66561
66562
66586
66587
66588
66589
66590
66591
66592
66593
66616
66617
66618
66619
66620
66621
66622
66623
66646
66647
66648
66649
66650
66651
66652
66677
66678
66679
66680
66681
66682
66709
66710
67037
67038
67039
67040
67041
67067
67068
67069
67070
67071
67072
67096
67097
67098
67099
67100
67101
67102
67126
67127
67128
67129
67130
67131
67132
67133
67156
67157
67158
67159
67160
67161
67162
67163
67186
67187
67188
67189
67190
67191
67192
67217
67218
67219
67220
67221
67222
67249
67250
67577
67578
67579
67580
67581
67607
67608
67609
67610
67611
67612
67636
67637
67638
67639
67640
67641
67642
67666
67667
67668
67669
67670
67671
67672
67673
67696
67697
67698
67699
67700
67701
67702
67703
67726
67727
67728
67729
67730
67731
67732
67757
67758
67759
67760
67761
67762
67789
67790
68117
68118
68119
68120
68121
68147
68148
68149
68150
68151
68152
68176
68177
68178
68179
68180
68181
68182
68206
68207
68208
68209
68210
68211
68212
68213
68236
68237
68238
68239
68240
68241
68242
68243
68266
68267
68268
68269
68270
68271
68272
68297
68298
68299
68300
68301
68302
68329
68330
68657
68658
68659
68660
68661
68687
68688
68689
68690
68691
68692
68716
68717
68718
68719
68720
68721
68722
68746
68747
68748
68749
68750
68751
68752
68753
68776
68777
68778
68779
68780
68781
68782
68783
68806
68807
68808
68809
68810
68811
68812
68837
68838
68839
68840
68841
68842
68869
68870
69197
69198
69199
69200
69201
69227
69228
69229
69230
69231
69232
69256
69257
69258
69259
69260
69261
69262
69286
69287
69288
69289
69290
69291
69292
69293
69316
69317
69318
69319
69320
69321
69322
69323
69346
69347
69348
69349
69350
69351
69352
69377
69378
69379
69380
69381
69382
69409
69410
69737
69738
69739
69740
69741
69767
69768
69769
69770
69771
69772
69796
69797
69798
69799
69800
69801
69802
69826
69827
69828
69829
69830
69831
69832
69833
69856
69857
69858
69859
69860
69861
69862
69863
69886
69887
69888
69889
69890
69891
69892
69917
69918
69919
69920
69921
69922
69949
69950
70277
70278
70279
70280
70281
70307
70308
70309
70310
70311
70312
70336
70337
70338
70339
70340
70341
70342
70366
70367
70368
70369
70370
70371
70372
70373
70396
70397
70398
70399
70400
70401
70402
70403
70426
70427
70428
70429
70430
70431
70432
70457
70458
70459
70460
70461
70462
70489
70490
70817
70818
70819
70820
70821
70847
70848
70849
70850
70851
70852
70876
70877
70878
70879
70880
70881
70882
70906
70907
70908
70909
70910
70911
70912
70913
70936
70937
70938
70939
70940
70941
70942
70943
70966
70967
70968
70969
70970
70971
70972
70997
70998
70999
71000
71001
71002
71029
71030
71357
71358
71359
71360
71361
71387
71388
71389
71390
71391
71392
71416
71417
71418
71419
71420
71421
71422
71446
71447
71448
71449
71450
71451
71452
71453
71476
71477
71478
71479
71480
71481
71482
71483
71506
71507
71508
71509
71510
71511
71512
71537
71538
71539
71540
71541
71542
71569
71570
71897
71898
71899
71900
71901
71927
71928
71929
71930
71931
71932
71956
71957
71958
71959
71960
71961
71962
71986
71987
71988
71989
71990
71991
71992
71993
72016
72017
72018
72019
72020
72021
72022
72023
72046
72047
72048
72049
72050
72051
72052
72077
72078
72079
72080
72081
72082
72109
72110
72437
72438
72439
72440
72441
72467
72468
72469
72470
72471
72472
72496
72497
72498
72499
72500
72501
72502
72526
72527
72528
72529
72530
72531
72532
72533
72556
72557
72558
72559
72560
72561
72562
72563
72586
72587
72588
72589
72590
72591
72592
72617
72618
72619
72620
72621
72622
72649
72650
72977
72978
72979
72980
72981
73007
73008
73009
73010
73011
73012
73036
73037
73038
73039
73040
73041
73042
73066
73067
73068
73069
73070
73071
73072
73073
73096
73097
73098
73099
73100
73101
73102
73103
73126
73127
73128
73129
73130
73131
73132
73157
73158
73159
73160
73161
73162
73189
73190
73517
73518
73519
73520
73521
73547
73548
73549
73550
73551
73552
73576
73577
73578
73579
73580
73581
73582
73606
73607
73608
73609
73610
73611
73612
73613
73636
73637
73638
73639
73640
73641
73642
73643
73666
73667
73668
73669
73670
73671
73672
73697
73698
73699
73700
73701
73702
73729
73730
74057
74058
74059
74060
74061
74087
74088
74089
74090
74091
74092
74116
74117
74118
74119
74120
74121
74122
74146
74147
74148
74149
74150
74151
74152
74153
74176
74177
74178
74179
74180
74181
74182
74183
74206
74207
74208
74209
74210
74211
74212
74237
74238
74239
74240
74241
74242
74269
74270
74597
74598
74599
74600
74601
74627
74628
74629
74630
74631
74632
74656
74657
74658
74659
74660
74661
74662
74686
74687
74688
74689
74690
74691
74692
74693
74716
74717
74718
74719
74720
74721
74722
74723
74746
74747
74748
74749
74750
74751
74752
74777
74778
74779
74780
74781
74782
74809
74810
75137
75138
75139
75140
75141
75167
75168
75169
75170
75171
75172
75196
75197
75198
75199
75200
75201
75202
75226
75227
75228
75229
75230
75231
75232
75233
75256
75257
75258
75259
75260
75261
75262
75263
75286
75287
75288
75289
75290
75291
75292
75317
75318
75319
75320
75321
75322
75349
75350
75677
75678
75679
75680
75681
75707
75708
75709
75710
75711
75712
75736
75737
75738
75739
75740
75741
75742
75766
75767
75768
75769
75770
75771
75772
75773
75796
75797
75798
75799
75800
75801
75802
75803
75826
75827
75828
75829
75830
75831
75832
75857
75858
75859
75860
75861
75862
75889
75890
76217
76218
76219
76220
76221
76247
76248
76249
76250
76251
76252
76276
76277
76278
76279
76280
76281
76282
76306
76307
76308
76309
76310
76311
76312
76313
76336
76337
76338
76339
76340
76341
76342
76343
76366
76367
76368
76369
76370
76371
76372
76397
76398
76399
76400
76401
76402
76429
76430
76757
76758
76759
76760
76761
76787
76788
76789
76790
76791
76792
76816
76817
76818
76819
76820
76821
76822
76846
76847
76848
76849
76850
76851
76852
76853
76876
76877
76878
76879
76880
76881
76882
76883
76906
76907
76908
76909
76910
76911
76912
76937
76938
76939
76940
76941
76942
76969
76970
77297
77298
77299
77300
77301
77327
77328
77329
77330
77331
77332
77356
77357
77358
77359
77360
77361
77362
77386
77387
77388
77389
77390
77391
77392
77393
77416
77417
77418
77419
77420
77421
77422
77423
77446
77447
77448
77449
77450
77451
77452
77477
77478
77479
77480
77481
77482
77509
77510
77837
77838
77839
77840
77841
77867
77868
77869
77870
77871
77872
77896
77897
77898
77899
77900
77901
77902
77926
77927
77928
77929
77930
77931
77932
77933
77956
77957
77958
77959
77960
77961
77962
77963
77986
77987
77988
77989
77990
77991
77992
78017
78018
78019
78020
78021
78022
78049
78050
78377
78378
78379
78380
78381
78407
78408
78409
78410
78411
78412
78436
78437
78438
78439
78440
78441
78442
78466
78467
78468
78469
78470
78471
78472
78473
78496
78497
78498
78499
78500
78501
78502
78503
78526
78527
78528
78529
78530
78531
78532
78557
78558
78559
78560
78561
78562
78589
78590
78917
78918
78919
78920
78921
78947
78948
78949
78950
78951
78952
78976
78977
78978
78979
78980
78981
78982
79006
79007
79008
79009
79010
79011
79012
79013
79036
79037
79038
79039
79040
79041
79042
79043
79066
79067
79068
79069
79070
79071
79072
79097
79098
79099
79100
79101
79102
79129
79130
79457
79458
79459
79460
79461
79487
79488
79489
79490
79491
79492
79516
79517
79518
79519
79520
79521
79522
79546
79547
79548
79549
79550
79551
79552
79553
79576
79577
79578
79579
79580
79581
79582
79583
79606
79607
79608
79609
79610
79611
79612
79637
79638
79639
79640
79641
79642
79669
79670
79997
79998
79999
80000
80001
80027
80028
80029
80030
80031
80032
80056
80057
80058
80059
80060
80061
80062
80086
80087
80088
80089
80090
80091
80092
80093
80116
80117
80118
80119
80120
80121
80122
80123
80146
80147
80148
80149
80150
80151
80152
80177
80178
80179
80180
80181
80182
80209
80210
80537
80538
80539
80540
80541
80567
80568
80569
80570
80571
80572
80596
80597
80598
80599
80600
80601
80602
80626
80627
80628
80629
80630
80631
80632
80633
80656
80657
80658
80659
80660
80661
80662
80663
80686
80687
80688
80689
80690
80691
80692
80717
80718
80719
80720
80721
80722
80749
80750
81077
81078
81079
81080
81081
81107
81108
81109
81110
81111
81112
81136
81137
81138
81139
81140
81141
81142
81166
81167
81168
81169
81170
81171
81172
81173
81196
81197
81198
81199
81200
81201
81202
81203
81226
81227
81228
81229
81230
81231
81232
81257
81258
81259
81260
81261
81262
81289
81290
81617
81618
81619
81620
81621
81647
81648
81649
81650
81651
81652
81676
81677
81678
81679
81680
81681
81682
81706
81707
81708
81709
81710
81711
81712
81713
81736
81737
81738
81739
81740
81741
81742
81743
81766
81767
81768
81769
81770
81771
81772
81797
81798
81799
81800
81801
81802
81829
81830
82157
82158
82159
82160
82161
82187
82188
82189
82190
82191
82192
82216
82217
82218
82219
82220
82221
82222
82246
82247
82248
82249
82250
82251
82252
82253
82276
82277
82278
82279
82280
82281
82282
82283
82306
82307
82308
82309
82310
82311
82312
82337
82338
82339
82340
82341
82342
82369
82370
82697
82698
82699
82700
82701
82727
82728
82729
82730
82731
82732
82756
82757
82758
82759
82760
82761
82762
82786
82787
82788
82789
82790
82791
82792
82793
82816
82817
82818
82819
82820
82821
82822
82823
82846
82847
82848
82849
82850
82851
82852
82877
82878
82879
82880
82881
82882
82909
82910
83237
83238
83239
83240
83241
83267
83268
83269
83270
83271
83272
83296
83297
83298
83299
83300
83301
83302
83326
83327
83328
83329
83330
83331
83332
83333
83356
83357
83358
83359
83360
83361
83362
83363
83386
83387
83388
83389
83390
83391
83392
83417
83418
83419
83420
83421
83422
83449
83450
83777
83778
83779
83780
83781
83807
83808
83809
83810
83811
83812
83836
83837
83838
83839
83840
83841
83842
83866
83867
83868
83869
83870
83871
83872
83873
83896
83897
83898
83899
83900
83901
83902
83903
83926
83927
83928
83929
83930
83931
83932
83957
83958
83959
83960
83961
83962
83989
83990
84317
84318
84319
84320
84321
84347
84348
84349
84350
84351
84352
84376
84377
84378
84379
84380
84381
84382
84406
84407
84408
84409
84410
84411
84412
84413
84436
84437
84438
84439
84440
84441
84442
84443
84466
84467
84468
84469
84470
84471
84472
84497
84498
84499
84500
84501
84502
84529
84530
84857
84858
84859
84860
84861
84887
84888
84889
84890
84891
84892
84916
84917
84918
84919
84920
84921
84922
84946
84947
84948
84949
84950
84951
84952
84953
84976
84977
84978
84979
84980
84981
84982
84983
85006
85007
85008
85009
85010
85011
85012
85037
85038
85039
85040
85041
85042
85069
85070
85397
85398
85399
85400
85401
85427
85428
85429
85430
85431
85432
85456
85457
85458
85459
85460
85461
85462
85486
85487
85488
85489
85490
85491
85492
85493
85516
85517
85518
85519
85520
85521
85522
85523
85546
85547
85548
85549
85550
85551
85552
85577
85578
85579
85580
85581
85582
85609
85610
85937
85938
85939
85940
85941
85967
85968
85969
85970
85971
85972
85996
85997
85998
85999
86000
86001
86002
86026
86027
86028
86029
86030
86031
86032
86033
86056
86057
86058
86059
86060
86061
86062
86063
86086
86087
86088
86089
86090
86091
86092
86117
86118
86119
86120
86121
86122
86149
86150
86477
86478
86479
86480
86481
86507
86508
86509
86510
86511
86512
86536
86537
86538
86539
86540
86541
86542
86566
86567
86568
86569
86570
86571
86572
86573
86596
86597
86598
86599
86600
86601
86602
86603
86626
86627
86628
86629
86630
86631
86632
86657
86658
86659
86660
86661
86662
86689
86690
87017
87018
87019
87020
87021
87047
87048
87049
87050
87051
87052
87076
87077
87078
87079
87080
87081
87082
87106
87107
87108
87109
87110
87111
87112
87113
87136
87137
87138
87139
87140
87141
87142
87143
87166
87167
87168
87169
87170
87171
87172
87197
87198
87199
87200
87201
87202
87229
87230
87557
87558
87559
87560
87561
87587
87588
87589
87590
87591
87592
87616
87617
87618
87619
87620
87621
87622
87646
87647
87648
87649
87650
87651
87652
87653
87676
87677
87678
87679
87680
87681
87682
87683
87706
87707
87708
87709
87710
87711
87712
87737
87738
87739
87740
87741
87742
87769
87770
88097
88098
88099
88100
88101
88127
88128
88129
88130
88131
88132
88156
88157
88158
88159
88160
88161
88162
88186
88187
88188
88189
88190
88191
88192
88193
88216
88217
88218
88219
88220
88221
88222
88223
88246
88247
88248
88249
88250
88251
88252
88277
88278
88279
88280
88281
88282
88309
88310
88637
88638
88639
88640
88641
88667
88668
88669
88670
88671
88672
88696
88697
88698
88699
88700
88701
88702
88726
88727
88728
88729
88730
88731
88732
88733
88756
88757
88758
88759
88760
88761
88762
88763
88786
88787
88788
88789
88790
88791
88792
88817
88818
88819
88820
88821
88822
88849
88850
89177
89178
89179
89180
89181
89207
89208
89209
89210
89211
89212
89236
89237
89238
89239
89240
89241
89242
89266
89267
89268
89269
89270
89271
89272
89273
89296
89297
89298
89299
89300
89301
89302
89303
89326
89327
89328
89329
89330
89331
89332
89357
89358
89359
89360
89361
89362
89389
89390
89717
89718
89719
89720
89721
89747
89748
89749
89750
89751
89752
89776
89777
89778
89779
89780
89781
89782
89806
89807
89808
89809
89810
89811
89812
89813
89836
89837
89838
89839
89840
89841
89842
89843
89866
89867
89868
89869
89870
89871
89872
89897
89898
89899
89900
89901
89902
89929
89930
90257
90258
90259
90260
90261
90287
90288
90289
90290
90291
90292
90316
90317
90318
90319
90320
90321
90322
90346
90347
90348
90349
90350
90351
90352
90353
90376
90377
90378
90379
90380
90381
90382
90383
90406
90407
90408
90409
90410
90411
90412
90437
90438
90439
90440
90441
90442
90469
90470
90797
90798
90799
90800
90801
90827
90828
90829
90830
90831
90832
90856
90857
90858
90859
90860
90861
90862
90886
90887
90888
90889
90890
90891
90892
90893
90916
90917
90918
90919
90920
90921
90922
90923
90946
90947
90948
90949
90950
90951
90952
90977
90978
90979
90980
90981
90982
91009
91010
91337
91338
91339
91340
91341
91367
91368
91369
91370
91371
91372
91396
91397
91398
91399
91400
91401
91402
91426
91427
91428
91429
91430
91431
91432
91433
91456
91457
91458
91459
91460
91461
91462
91463
91486
91487
91488
91489
91490
91491
91492
91517
91518
91519
91520
91521
91522
91549
91550
91877
91878
91879
91880
91881
91907
91908
91909
91910
91911
91912
91936
91937
91938
91939
91940
91941
91942
91966
91967
91968
91969
91970
91971
91972
91973
91996
91997
91998
91999
92000
92001
92002
92003
92026
92027
92028
92029
92030
92031
92032
92057
92058
92059
92060
92061
92062
92089
92090
92417
92418
92419
92420
92421
92447
92448
92449
92450
92451
92452
92476
92477
92478
92479
92480
92481
92482
92506
92507
92508
92509
92510
92511
92512
92513
92536
92537
92538
92539
92540
92541
92542
92543
92566
92567
92568
92569
92570
92571
92572
92597
92598
92599
92600
92601
92602
92629
92630
92957
92958
92959
92960
92961
92987
92988
92989
92990
92991
92992
93016
93017
93018
93019
93020
93021
93022
93046
93047
93048
93049
93050
93051
93052
93053
93076
93077
93078
93079
93080
93081
93082
93083
93106
93107
93108
93109
93110
93111
93112
93137
93138
93139
93140
93141
93142
93169
93170
93497
93498
93499
93500
93501
93527
93528
93529
93530
93531
93532
93556
93557
93558
93559
93560
93561
93562
93586
93587
93588
93589
93590
93591
93592
93593
93616
93617
93618
93619
93620
93621
93622
93623
93646
93647
93648
93649
93650
93651
93652
93677
93678
93679
93680
93681
93682
93709
93710
94037
94038
94039
94040
94041
94067
94068
94069
94070
94071
94072
94096
94097
94098
94099
94100
94101
94102
94126
94127
94128
94129
94130
94131
94132
94133
94156
94157
94158
94159
94160
94161
94162
94163
94186
94187
94188
94189
94190
94191
94192
94217
94218
94219
94220
94221
94222
94249
94250
94577
94578
94579
94580
94581
94607
94608
94609
94610
94611
94612
94636
94637
94638
94639
94640
94641
94642
94666
94667
94668
94669
94670
94671
94672
94673
94696
94697
94698
94699
94700
94701
94702
94703
94726
94727
94728
94729
94730
94731
94732
94757
94758
94759
94760
94761
94762
94789
94790
95117
95118
95119
95120
95121
95147
95148
95149
95150
95151
95152
95176
95177
95178
95179
95180
95181
95182
95206
95207
95208
95209
95210
95211
95212
95213
95236
95237
95238
95239
95240
95241
95242
95243
95266
95267
95268
95269
95270
95271
95272
95297
95298
95299
95300
95301
95302
95329
95330
95657
95658
95659
95660
95661
95687
95688
95689
95690
95691
95692
95716
95717
95718
95719
95720
95721
95722
95746
95747
95748
95749
95750
95751
95752
95753
95776
95777
95778
95779
95780
95781
95782
95783
95806
95807
95808
95809
95810
95811
95812
95837
95838
95839
95840
95841
95842
95869
95870
96197
96198
96199
96200
96201
96227
96228
96229
96230
96231
96232
96256
96257
96258
96259
96260
96261
96262
96286
96287
96288
96289
96290
96291
96292
96293
96316
96317
96318
96319
96320
96321
96322
96323
96346
96347
96348
96349
96350
96351
96352
96377
96378
96379
96380
96381
96382
96409
96410
96737
96738
96739
96740
96741
96767
96768
96769
96770
96771
96772
96796
96797
96798
96799
96800
96801
96802
96826
96827
96828
96829
96830
96831
96832
96833
96856
96857
96858
96859
96860
96861
96862
96863
96886
96887
96888
96889
96890
96891
96892
96917
96918
96919
96920
96921
96922
96949
96950
97277
97278
97279
97280
97281
97307
97308
97309
97310
97311
97312
97336
97337
97338
97339
97340
97341
97342
97366
97367
97368
97369
97370
97371
97372
97373
97396
97397
97398
97399
97400
97401
97402
97403
97426
97427
97428
97429
97430
97431
97432
97457
97458
97459
97460
97461
97462
97489
97490
97817
97818
97819
97820
97821
97847
97848
97849
97850
97851
97852
97876
97877
97878
97879
97880
97881
97882
97906
97907
97908
97909
97910
97911
97912
97913
97936
97937
97938
97939
97940
97941
97942
97943
97966
97967
97968
97969
97970
97971
97972
97997
97998
97999
98000
98001
98002
98029
98030
98357
98358
98359
98360
98361
98387
98388
98389
98390
98391
98392
98416
98417
98418
98419
98420
98421
98422
98446
98447
98448
98449
98450
98451
98452
98453
98476
98477
98478
98479
98480
98481
98482
98483
98506
98507
98508
98509
98510
98511
98512
98537
98538
98539
98540
98541
98542
98569
98570
98897
98898
98899
98900
98901
98927
98928
98929
98930
98931
98932
98956
98957
98958
98959
98960
98961
98962
98986
98987
98988
98989
98990
98991
98992
98993
99016
99017
99018
99019
99020
99021
99022
99023
99046
99047
99048
99049
99050
99051
99052
99077
99078
99079
99080
99081
99082
99109
99110
99437
99438
99439
99440
99441
99467
99468
99469
99470
99471
99472
99496
99497
99498
99499
99500
99501
99502
99526
99527
99528
99529
99530
99531
99532
99533
99556
99557
99558
99559
99560
99561
99562
99563
99586
99587
99588
99589
99590
99591
99592
99617
99618
99619
99620
99621
99622
99649
99650
99977
99978
99979
99980
99981
100007
100008
100009
100010
100011
100012
100036
100037
100038
100039
100040
100041
100042
100066
100067
100068
100069
100070
100071
100072
100073
100096
100097
100098
100099
100100
100101
100102
100103
100126
100127
100128
100129
100130
100131
100132
100157
100158
100159
100160
100161
100162
100189
100190
100517
100518
100519
100520
100521
100547
100548
100549
100550
100551
100552
100576
100577
100578
100579
100580
100581
100582
100606
100607
100608
100609
100610
100611
100612
100613
100636
100637
100638
100639
100640
100641
100642
100643
100666
100667
100668
100669
100670
100671
100672
100697
100698
100699
100700
100701
100702
100729
100730
101057
101058
101059
101060
101061
101087
101088
101089
101090
101091
101092
101116
101117
101118
101119
101120
101121
101122
101146
101147
101148
101149
101150
101151
101152
101153
101176
101177
101178
101179
101180
101181
101182
101183
101206
101207
101208
101209
101210
101211
101212
101237
101238
101239
101240
101241
101242
101269
101270
101597
101598
101599
101600
101601
101627
101628
101629
101630
101631
101632
101656
101657
101658
101659
101660
101661
101662
101686
101687
101688
101689
101690
101691
101692
101693
101716
101717
101718
101719
101720
101721
101722
101723
101746
101747
101748
101749
101750
101751
101752
101777
101778
101779
101780
101781
101782
101809
101810
102137
102138
102139
102140
102141
102167
102168
102169
102170
102171
102172
102196
102197
102198
102199
102200
102201
102202
102226
102227
102228
102229
102230
102231
102232
102233
102256
102257
102258
102259
102260
102261
102262
102263
102286
102287
102288
102289
102290
102291
102292
102317
102318
102319
102320
102321
102322
102349
102350
102677
102678
102679
102680
102681
102707
102708
102709
102710
102711
102712
102736
102737
102738
102739
102740
102741
102742
102766
102767
102768
102769
102770
102771
102772
102773
102796
102797
102798
102799
102800
102801
102802
102803
102826
102827
102828
102829
102830
102831
102832
102857
102858
102859
102860
102861
102862
102889
102890
103217
103218
103219
103220
103221
103247
103248
103249
103250
103251
103252
103276
103277
103278
103279
103280
103281
103282
103306
103307
103308
103309
103310
103311
103312
103313
103336
103337
103338
103339
103340
103341
103342
103343
103366
103367
103368
103369
103370
103371
103372
103397
103398
103399
103400
103401
103402
103429
103430
103757
103758
103759
103760
103761
103787
103788
103789
103790
103791
103792
103816
103817
103818
103819
103820
103821
103822
103846
103847
103848
103849
103850
103851
103852
103853
103876
103877
103878
103879
103880
103881
103882
103883
103906
103907
103908
103909
103910
103911
103912
103937
103938
103939
103940
103941
103942
103969
103970
104297
104298
104299
104300
104301
104327
104328
104329
104330
104331
104332
104356
104357
104358
104359
104360
104361
104362
104386
104387
104388
104389
104390
104391
104392
104393
104416
104417
104418
104419
104420
104421
104422
104423
104446
104447
104448
104449
104450
104451
104452
104477
104478
104479
104480
104481
104482
104509
104510
104837
104838
104839
104840
104841
104867
104868
104869
104870
104871
104872
104896
104897
104898
104899
104900
104901
104902
104926
104927
104928
104929
104930
104931
104932
104933
104956
104957
104958
104959
104960
104961
104962
104963
104986
104987
104988
104989
104990
104991
104992
105017
105018
105019
105020
105021
105022
105049
105050
105377
105378
105379
105380
105381
105407
105408
105409
105410
105411
105412
105436
105437
105438
105439
105440
105441
105442
105466
105467
105468
105469
105470
105471
105472
105473
105496
105497
105498
105499
105500
105501
105502
105503
105526
105527
105528
105529
105530
105531
105532
105557
105558
105559
105560
105561
105562
105589
105590
105917
105918
105919
105920
105921
105947
105948
105949
105950
105951
105952
105976
105977
105978
105979
105980
105981
105982
106006
106007
106008
106009
106010
106011
106012
106013
106036
106037
106038
106039
106040
106041
106042
106043
106066
106067
106068
106069
106070
106071
106072
106097
106098
106099
106100
106101
106102
106129
106130
106457
106458
106459
106460
106461
106487
106488
106489
106490
106491
106492
106516
106517
106518
106519
106520
106521
106522
106546
106547
106548
106549
106550
106551
106552
106553
106576
106577
106578
106579
106580
106581
106582
106583
106606
106607
106608
106609
106610
106611
106612
106637
106638
106639
106640
106641
106642
106669
106670
106997
106998
106999
107000
107001
107027
107028
107029
107030
107031
107032
107056
107057
107058
107059
107060
107061
107062
107086
107087
107088
107089
107090
107091
107092
107093
107116
107117
107118
107119
107120
107121
107122
107123
107146
107147
107148
107149
107150
107151
107152
107177
107178
107179
107180
107181
107182
107209
107210
107537
107538
107539
107540
107541
107567
107568
107569
107570
107571
107572
107596
107597
107598
107599
107600
107601
107602
107626
107627
107628
107629
107630
107631
107632
107633
107656
107657
107658
107659
107660
107661
107662
107663
107686
107687
107688
107689
107690
107691
107692
107717
107718
107719
107720
107721
107722
107749
107750
108071
108072
108075
108076
108078
108079
108082
108083
108085
108086
108089
108090
108128
108132
108133
108134
108135
108136
108137
108138
108139
108140
108141
108142
108143
108144
108145
108146
108147
108148
108149
108150
108151
108152
108153
108154
108155
108156
108157
108158
108159
108160
108162
108166
108238
108239
108240
108242
108243
108244
108246
108247
108248
108250
108251
108331
108335
108336
108337
108338
108339
108340
108341
108342
108343
108344
108345
108346
108347
108348
108349
108351
108355
108406
108408
108410
108412
108413
108414
108415
108416
108417
108418
108419
108420
108421
108422
108423
108424
108425
108426
108428
108430
108432
108490
108491
108492
108493
108494
108495
108496
108497
108498
108499
108500
108501
108502
108503
108507
108532
108534
108535
108536
108538
108539
108540
108542
108543
108544
108560
108562
108563
108564
108566
108567
108568
108569
108570
108571
108572
108573
108574
108575
108576
108577
108578
108579
108580
108581
108582
108583
108584
108585
108586
108587
108588
108589
108591
108592
108593
108598
108616
108620
108623
108626
108627
108633
108820
108821
108824
108825
108827
108828
108831
108832
108834
108835
108838
108839
108877
108881
108882
108883
108884
108885
108886
108887
108888
108889
108890
108891
108892
108893
108894
108895
108896
108897
108898
108899
108900
108901
108902
108903
108904
108905
108906
108907
108908
108909
108911
108915
108987
108988
108989
108991
108992
108993
108995
108996
108997
108999
109000
109080
109084
109085
109086
109087
109088
109089
109090
109091
109092
109093
109094
109095
109096
109097
109098
109100
109104
109155
109157
109159
109161
109162
109163
109164
109165
109166
109167
109168
109169
109170
109171
109172
109173
109174
109175
109177
109179
109181
109239
109240
109241
109242
109243
109244
109245
109246
109247
109248
109249
109250
109251
109252
109256
109281
109283
109284
109285
109287
109288
109289
109291
109292
109293
109309
109311
109312
109313
109315
109316
109317
109318
109319
109320
109321
109322
109323
109324
109325
109326
109327
109328
109329
109330
109331
109332
109333
109334
109335
109336
109337
109338
109340
109341
109342
109347
109365
109369
109372
109375
109376
109382
109569
109570
109573
109574
109576
109577
109580
109581
109583
109584
109587
109588
109626
109630
109631
109632
109633
109634
109635
109636
109637
109638
109639
109640
109641
109642
109643
109644
109645
109646
109647
109648
109649
109650
109651
109652
109653
109654
109655
109656
109657
109658
109660
109664
109736
109737
109738
109740
109741
109742
109744
109745
109746
109748
109749
109829
109833
109834
109835
109836
109837
109838
109839
109840
109841
109842
109843
109844
109845
109846
109847
109849
109853
109904
109906
109908
109910
109911
109912
109913
109914
109915
109916
109917
109918
109919
109920
109921
109922
109923
109924
109926
109928
109930
109988
109989
109990
109991
109992
109993
109994
109995
109996
109997
109998
109999
110000
110001
110005
110030
110032
110033
110034
110036
110037
110038
110040
110041
110042
110058
110060
110061
110062
110064
110065
110066
110067
110068
110069
110070
110071
110072
110073
110074
110075
110076
110077
110078
110079
110080
110081
110082
110083
110084
110085
110086
110087
110089
110090
110091
110096
110114
110118
110121
110124
110125
110131
110318
110319
110322
110323
110325
110326
110329
110330
110332
110333
110336
110337
110375
110379
110380
110381
110382
110383
110384
110385
110386
110387
110388
110389
110390
110391
110392
110393
110394
110395
110396
110397
110398
110399
110400
110401
110402
110403
110404
110405
110406
110407
110409
110413
110485
110486
110487
110489
110490
110491
110493
110494
110495
110497
110498
110578
110582
110583
110584
110585
110586
110587
110588
110589
110590
110591
110592
110593
110594
110595
110596
110598
110602
110653
110655
110657
110659
110660
110661
110662
110663
110664
110665
110666
110667
110668
110669
110670
110671
110672
110673
110675
110677
110679
110737
110738
110739
110740
110741
110742
110743
110744
110745
110746
110747
110748
110749
110750
110754
110779
110781
110782
110783
110785
110786
110787
110789
110790
110791
110807
110809
110810
110811
110813
110814
110815
110816
110817
110818
110819
110820
110821
110822
110823
110824
110825
110826
110827
110828
110829
110830
110831
110832
110833
110834
110835
110836
110838
110839
110840
110845
110863
110867
110870
110873
110874
110880
111067
111068
111071
111072
111074
111075
111078
111079
111081
111082
111085
111086
111124
111128
111129
111130
111131
111132
111133
111134
111135
111136
111137
111138
111139
111140
111141
111142
111143
111144
111145
111146
111147
111148
111149
111150
111151
111152
111153
111154
111155
111156
111158
111162
111234
111235
111236
111238
111239
111240
111242
111243
111244
111246
111247
111327
111331
111332
111333
111334
111335
111336
111337
111338
111339
111340
111341
111342
111343
111344
111345
111347
111351
111402
111404
111406
111408
111409
111410
111411
111412
111413
111414
111415
111416
111417
111418
111419
111420
111421
111422
111424
111426
111428
111486
111487
111488
111489
111490
111491
111492
111493
111494
111495
111496
111497
111498
111499
111503
111528
111530
111531
111532
111534
111535
111536
111538
111539
111540
111556
111558
111559
111560
111562
111563
111564
111565
111566
111567
111568
111569
111570
111571
111572
111573
111574
111575
111576
111577
111578
111579
111580
111581
111582
111583
111584
111585
111587
111588
111589
111594
111612
111616
111619
111622
111623
111629
111816
111817
111820
111821
111823
111824
111827
111828
111830
111831
111834
111835
111873
111877
111878
111879
111880
111881
111882
111883
111884
111885
111886
111887
111888
111889
111890
111891
111892
111893
111894
111895
111896
111897
111898
111899
111900
111901
111902
111903
111904
111905
111907
111911
111983
111984
111985
111987
111988
111989
111991
111992
111993
111995
111996
112076
112080
112081
112082
112083
112084
112085
112086
112087
112088
112089
112090
112091
112092
112093
112094
112096
112100
112151
112153
112155
112157
112158
112159
112160
112161
112162
112163
112164
112165
112166
112167
112168
112169
112170
112171
112173
112175
112177
112235
112236
112237
112238
112239
112240
112241
112242
112243
112244
112245
112246
112247
112248
112252
112277
112279
112280
112281
112283
112284
112285
112287
112288
112289
112305
112307
112308
112309
112311
112312
112313
112314
112315
112316
112317
112318
112319
112320
112321
112322
112323
112324
112325
112326
112327
112328
112329
112330
112331
112332
112333
112334
112336
112337
112338
112343
112361
112365
112368
112371
112372
112378
112565
112566
112569
112570
112572
112573
112576
112577
112579
112580
112583
112584
112622
112626
112627
112628
112629
112630
112631
112632
112633
112634
112635
112636
112637
112638
112639
112640
112641
112642
112643
112644
112645
112646
112647
112648
112649
112650
112651
112652
112653
112654
112656
112660
112732
112733
112734
112736
112737
112738
112740
112741
112742
112744
112745
112825
112829
112830
112831
112832
112833
112834
112835
112836
112837
112838
112839
112840
112841
112842
112843
112845
112849
112900
112902
112904
112906
112907
112908
112909
112910
112911
112912
112913
112914
112915
112916
112917
112918
112919
112920
112922
112924
112926
112984
112985
112986
112987
112988
112989
112990
112991
112992
112993
112994
112995
112996
112997
113001
113026
113028
113029
113030
113032
113033
113034
113036
113037
113038
113054
113056
113057
113058
113060
113061
113062
113063
113064
113065
113066
113067
113068
113069
113070
113071
113072
113073
113074
113075
113076
113077
113078
113079
113080
113081
113082
113083
113085
113086
113087
113092
113110
113114
113117
113120
113121
113127
113314
113315
113318
113319
113321
113322
113325
113326
113328
113329
113332
113333
113371
113375
113376
113377
113378
113379
113380
113381
113382
113383
113384
113385
113386
113387
113388
113389
113390
113391
113392
113393
113394
113395
113396
113397
113398
113399
113400
113401
113402
113403
113405
113409
113481
113482
113483
113485
113486
113487
113489
113490
113491
113493
113494
113574
113578
113579
113580
113581
113582
113583
113584
113585
113586
113587
113588
113589
113590
113591
113592
113594
113598
113649
113651
113653
113655
113656
113657
113658
113659
113660
113661
113662
113663
113664
113665
113666
113667
113668
113669
113671
113673
113675
113733
113734
113735
113736
113737
113738
113739
113740
113741
113742
113743
113744
113745
113746
113750
113775
113777
113778
113779
113781
113782
113783
113785
113786
113787
113803
113805
113806
113807
113809
113810
113811
113812
113813
113814
113815
113816
113817
113818
113819
113820
113821
113822
113823
113824
113825
113826
113827
113828
113829
113830
113831
113832
113834
113835
113836
113841
113859
113863
113866
113869
113870
113876
114063
114064
114067
114068
114070
114071
114074
114075
114077
114078
114081
114082
114120
114124
114125
114126
114127
114128
114129
114130
114131
114132
114133
114134
114135
114136
114137
114138
114139
114140
114141
114142
114143
114144
114145
114146
114147
114148
114149
114150
114151
114152
114154
114158
114230
114231
114232
114234
114235
114236
114238
114239
114240
114242
114243
114323
114327
114328
114329
114330
114331
114332
114333
114334
114335
114336
114337
114338
114339
114340
114341
114343
114347
114398
114400
114402
114404
114405
114406
114407
114408
114409
114410
114411
114412
114413
114414
114415
114416
114417
114418
114420
114422
114424
114482
114483
114484
114485
114486
114487
114488
114489
114490
114491
114492
114493
114494
114495
114499
114524
114526
114527
114528
114530
114531
114532
114534
114535
114536
114552
114554
114555
114556
114558
114559
114560
114561
114562
114563
114564
114565
114566
114567
114568
114569
114570
114571
114572
114573
114574
114575
114576
114577
114578
114579
114580
114581
114583
114584
114585
114590
114608
114612
114615
114618
114619
114625
114812
114813
114816
114817
114819
114820
114823
114824
114826
114827
114830
114831
114869
114873
114874
114875
114876
114877
114878
114879
114880
114881
114882
114883
114884
114885
114886
114887
114888
114889
114890
114891
114892
114893
114894
114895
114896
114897
114898
114899
114900
114901
114903
114907
114979
114980
114981
114983
114984
114985
114987
114988
114989
114991
114992
115072
115076
115077
115078
115079
115080
115081
115082
115083
115084
115085
115086
115087
115088
115089
115090
115092
115096
115147
115149
115151
115153
115154
115155
115156
115157
115158
115159
115160
115161
115162
115163
115164
115165
115166
115167
115169
115171
115173
115231
115232
115233
115234
115235
115236
115237
115238
115239
115240
115241
115242
115243
115244
115248
115273
115275
115276
115277
115279
115280
115281
115283
115284
115285
115301
115303
115304
115305
115307
115308
115309
115310
115311
115312
115313
115314
115315
115316
115317
115318
115319
115320
115321
115322
115323
115324
115325
115326
115327
115328
115329
115330
115332
115333
115334
115339
115357
115361
115364
115367
115368
115374
115561
115562
115565
115566
115568
115569
115572
115573
115575
115576
115579
115580
115618
115622
115623
115624
115625
115626
115627
115628
115629
115630
115631
115632
115633
115634
115635
115636
115637
115638
115639
115640
115641
115642
115643
115644
115645
115646
115647
115648
115649
115650
115652
115656
115728
115729
115730
115732
115733
115734
115736
115737
115738
115740
115741
115821
115825
115826
115827
115828
115829
115830
115831
115832
115833
115834
115835
115836
115837
115838
115839
115841
115845
115896
115898
115900
115902
115903
115904
115905
115906
115907
115908
115909
115910
115911
115912
115913
115914
115915
115916
115918
115920
115922
115980
115981
115982
115983
115984
115985
115986
115987
115988
115989
115990
115991
115992
115993
115997
116022
116024
116025
116026
116028
116029
116030
116032
116033
116034
116050
116052
116053
116054
116056
116057
116058
116059
116060
116061
116062
116063
116064
116065
116066
116067
116068
116069
116070
116071
116072
116073
116074
116075
116076
116077
116078
116079
116081
116082
116083
116088
116106
116110
116113
116116
116117
116123
116310
116311
116314
116315
116317
116318
116321
116322
116324
116325
116328
116329
116367
116371
116372
116373
116374
116375
116376
116377
116378
116379
116380
116381
116382
116383
116384
116385
116386
116387
116388
116389
116390
116391
116392
116393
116394
116395
116396
116397
116398
116399
116401
116405
116477
116478
116479
116481
116482
116483
116485
116486
116487
116489
116490
116570
116574
116575
116576
116577
116578
116579
116580
116581
116582
116583
116584
116585
116586
116587
116588
116590
116594
116645
116647
116649
116651
116652
116653
116654
116655
116656
116657
116658
116659
116660
116661
116662
116663
116664
116665
116667
116669
116671
116729
116730
116731
116732
116733
116734
116735
116736
116737
116738
116739
116740
116741
116742
116746
116771
116773
116774
116775
116777
116778
116779
116781
116782
116783
116799
116801
116802
116803
116805
116806
116807
116808
116809
116810
116811
116812
116813
116814
116815
116816
116817
116818
116819
116820
116821
116822
116823
116824
116825
116826
116827
116828
116830
116831
116832
116837
116855
116859
116862
116865
116866
116872
117059
117060
117063
117064
117066
117067
117070
117071
117073
117074
117077
117078
117116
117120
117121
117122
117123
117124
117125
117126
117127
117128
117129
117130
117131
117132
117133
117134
117135
117136
117137
117138
117139
117140
117141
117142
117143
117144
117145
117146
117147
117148
117150
117154
117226
117227
117228
117230
117231
117232
117234
117235
117236
117238
117239
117319
117323
117324
117325
117326
117327
117328
117329
117330
117331
117332
117333
117334
117335
117336
117337
117339
117343
117394
117396
117398
117400
117401
117402
117403
117404
117405
117406
117407
117408
117409
117410
117411
117412
117413
117414
117416
117418
117420
117478
117479
117480
117481
117482
117483
117484
117485
117486
117487
117488
117489
117490
117491
117495
117520
117522
117523
117524
117526
117527
117528
117530
117531
117532
117548
117550
117551
117552
117554
117555
117556
117557
117558
117559
117560
117561
117562
117563
117564
117565
117566
117567
117568
117569
117570
117571
117572
117573
117574
117575
117576
117577
117579
117580
117581
117586
117604
117608
117611
117614
117615
117621
117808
117809
117812
117813
117815
117816
117819
117820
117822
117823
117826
117827
117865
117869
117870
117871
117872
117873
117874
117875
117876
117877
117878
117879
117880
117881
117882
117883
117884
117885
117886
117887
117888
117889
117890
117891
117892
117893
117894
117895
117896
117897
117899
117903
117975
117976
117977
117979
117980
117981
117983
117984
117985
117987
117988
118068
118072
118073
118074
118075
118076
118077
118078
118079
118080
118081
118082
118083
118084
118085
118086
118088
118092
118143
118145
118147
118149
118150
118151
118152
118153
118154
118155
118156
118157
118158
118159
118160
118161
118162
118163
118165
118167
118169
118227
118228
118229
118230
118231
118232
118233
118234
118235
118236
118237
118238
118239
118240
118244
118269
118271
118272
118273
118275
118276
118277
118279
118280
118281
118297
118299
118300
118301
118303
118304
118305
118306
118307
118308
118309
118310
118311
118312
118313
118314
118315
118316
118317
118318
118319
118320
118321
118322
118323
118324
118325
118326
118328
118329
118330
118335
118353
118357
118360
118363
118364
118370
118557
118558
118561
118562
118564
118565
118568
118569
118571
118572
118575
118576
118614
118618
118619
118620
118621
118622
118623
118624
118625
118626
118627
118628
118629
118630
118631
118632
118633
118634
118635
118636
118637
118638
118639
118640
118641
118642
118643
118644
118645
118646
118648
118652
118724
118725
118726
118728
118729
118730
118732
118733
118734
118736
118737
118817
118821
118822
118823
118824
118825
118826
118827
118828
118829
118830
118831
118832
118833
118834
118835
118837
118841
118892
118894
118896
118898
118899
118900
118901
118902
118903
118904
118905
118906
118907
118908
118909
118910
118911
118912
118914
118916
118918
118976
118977
118978
118979
118980
118981
118982
118983
118984
118985
118986
118987
118988
118989
118993
119018
119020
119021
119022
119024
119025
119026
119028
119029
119030
119046
119048
119049
119050
119052
119053
119054
119055
119056
119057
119058
119059
119060
119061
119062
119063
119064
119065
119066
119067
119068
119069
119070
119071
119072
119073
119074
119075
119077
119078
119079
119084
119102
119106
119109
119112
119113
119119
119306
119307
119310
119311
119313
119314
119317
119318
119320
119321
119324
119325
119363
119367
119368
119369
119370
119371
119372
119373
119374
119375
119376
119377
119378
119379
119380
119381
119382
119383
119384
119385
119386
119387
119388
119389
119390
119391
119392
119393
119394
119395
119397
119401
119473
119474
119475
119477
119478
119479
119481
119482
119483
119485
119486
119566
119570
119571
119572
119573
119574
119575
119576
119577
119578
119579
119580
119581
119582
119583
119584
119586
119590
119641
119643
119645
119647
119648
119649
119650
119651
119652
119653
119654
119655
119656
119657
119658
119659
119660
119661
119663
119665
119667
119725
119726
119727
119728
119729
119730
119731
119732
119733
119734
119735
119736
119737
119738
119742
119767
119769
119770
119771
119773
119774
119775
119777
119778
119779
119795
119797
119798
119799
119801
119802
119803
119804
119805
119806
119807
119808
119809
119810
119811
119812
119813
119814
119815
119816
119817
119818
119819
119820
119821
119822
119823
119824
119826
119827
119828
119833
119851
119855
119858
119861
119862
119868
120055
120056
120059
120060
120062
120063
120066
120067
120069
120070
120073
120074
120112
120116
120117
120118
120119
120120
120121
120122
120123
120124
120125
120126
120127
120128
120129
120130
120131
120132
120133
120134
120135
120136
120137
120138
120139
120140
120141
120142
120143
120144
120146
120150
120222
120223
120224
120226
120227
120228
120230
120231
120232
120234
120235
120315
120319
120320
120321
120322
120323
120324
120325
120326
120327
120328
120329
120330
120331
120332
120333
120335
120339
120390
120392
120394
120396
120397
120398
120399
120400
120401
120402
120403
120404
120405
120406
120407
120408
120409
120410
120412
120414
120416
120474
120475
120476
120477
120478
120479
120480
120481
120482
120483
120484
120485
120486
120487
120491
120516
120518
120519
120520
120522
120523
120524
120526
120527
120528
120544
120546
120547
120548
120550
120551
120552
120553
120554
120555
120556
120557
120558
120559
120560
120561
120562
120563
120564
120565
120566
120567
120568
120569
120570
120571
120572
120573
120575
120576
120577
120582
120600
120604
120607
120610
120611
120617
120804
120805
120808
120809
120811
120812
120815
120816
120818
120819
120822
120823
120861
120865
120866
120867
120868
120869
120870
120871
120872
120873
120874
120875
120876
120877
120878
120879
120880
120881
120882
120883
120884
120885
120886
120887
120888
120889
120890
120891
120892
120893
120895
120899
120971
120972
120973
120975
120976
120977
120979
120980
120981
120983
120984
121064
121068
121069
121070
121071
121072
121073
121074
121075
121076
121077
121078
121079
121080
121081
121082
121084
121088
121139
121141
121143
121145
121146
121147
121148
121149
121150
121151
121152
121153
121154
121155
121156
121157
121158
121159
121161
121163
121165
121223
121224
121225
121226
121227
121228
121229
121230
121231
121232
121233
121234
121235
121236
121240
121265
121267
121268
121269
121271
121272
121273
121275
121276
121277
121293
121295
121296
121297
121299
121300
121301
121302
121303
121304
121305
121306
121307
121308
121309
121310
121311
121312
121313
121314
121315
121316
121317
121318
121319
121320
121321
121322
121324
121325
121326
121331
121349
121353
121356
121359
121360
121366
121553
121554
121557
121558
121560
121561
121564
121565
121567
121568
121571
121572
121610
121614
121615
121616
121617
121618
121619
121620
121621
121622
121623
121624
121625
121626
121627
121628
121629
121630
121631
121632
121633
121634
121635
121636
121637
121638
121639
121640
121641
121642
121644
121648
121720
121721
121722
121724
121725
121726
121728
121729
121730
121732
121733
121813
121817
121818
121819
121820
121821
121822
121823
121824
121825
121826
121827
121828
121829
121830
121831
121833
121837
121888
121890
121892
121894
121895
121896
121897
121898
121899
121900
121901
121902
121903
121904
121905
121906
121907
121908
121910
121912
121914
121972
121973
121974
121975
121976
121977
121978
121979
121980
121981
121982
121983
121984
121985
121989
122014
122016
122017
122018
122020
122021
122022
122024
122025
122026
122042
122044
122045
122046
122048
122049
122050
122051
122052
122053
122054
122055
122056
122057
122058
122059
122060
122061
122062
122063
122064
122065
122066
122067
122068
122069
122070
122071
122073
122074
122075
122080
122098
122102
122105
122108
122109
122115
122302
122303
122306
122307
122309
122310
122313
122314
122316
122317
122320
122321
122359
122363
122364
122365
122366
122367
122368
122369
122370
122371
122372
122373
122374
122375
122376
122377
122378
122379
122380
122381
122382
122383
122384
122385
122386
122387
122388
122389
122390
122391
122393
122397
122469
122470
122471
122473
122474
122475
122477
122478
122479
122481
122482
122562
122566
122567
122568
122569
122570
122571
122572
122573
122574
122575
122576
122577
122578
122579
122580
122582
122586
122637
122639
122641
122643
122644
122645
122646
122647
122648
122649
122650
122651
122652
122653
122654
122655
122656
122657
122659
122661
122663
122721
122722
122723
122724
122725
122726
122727
122728
122729
122730
122731
122732
122733
122734
122738
122763
122765
122766
122767
122769
122770
122771
122773
122774
122775
122791
122793
122794
122795
122797
122798
122799
122800
122801
122802
122803
122804
122805
122806
122807
122808
122809
122810
122811
122812
122813
122814
122815
122816
122817
122818
122819
122820
122822
122823
122824
122829
122847
122851
122854
122857
122858
122864
123051
123052
123055
123056
123058
123059
123062
123063
123065
123066
123069
123070
123108
123112
123113
123114
123115
123116
123117
123118
123119
123120
123121
123122
123123
123124
123125
123126
123127
123128
123129
123130
123131
123132
123133
123134
123135
123136
123137
123138
123139
123140
123142
123146
123218
123219
123220
123222
123223
123224
123226
123227
123228
123230
123231
123311
123315
123316
123317
123318
123319
123320
123321
123322
123323
123324
123325
123326
123327
123328
123329
123331
123335
123386
123388
123390
123392
123393
123394
123395
123396
123397
123398
123399
123400
123401
123402
123403
123404
123405
123406
123408
123410
123412
123470
123471
123472
123473
123474
123475
123476
123477
123478
123479
123480
123481
123482
123483
123487
123512
123514
123515
123516
123518
123519
123520
123522
123523
123524
123540
123542
123543
123544
123546
123547
123548
123549
123550
123551
123552
123553
123554
123555
123556
123557
123558
123559
123560
123561
123562
123563
123564
123565
123566
123567
123568
123569
123571
123572
123573
123578
123596
123600
123603
123606
123607
123613
123800
123801
123804
123805
123807
123808
123811
123812
123814
123815
123818
123819
123857
123861
123862
123863
123864
123865
123866
123867
123868
123869
123870
123871
123872
123873
123874
123875
123876
123877
123878
123879
123880
123881
123882
123883
123884
123885
123886
123887
123888
123889
123891
123895
123967
123968
123969
123971
123972
123973
123975
123976
123977
123979
123980
124060
124064
124065
124066
124067
124068
124069
124070
124071
124072
124073
124074
124075
124076
124077
124078
124080
124084
124135
124137
124139
124141
124142
124143
124144
124145
124146
124147
124148
124149
124150
124151
124152
124153
124154
124155
124157
124159
124161
124219
124220
124221
124222
124223
124224
124225
124226
124227
124228
124229
124230
124231
124232
124236
124261
124263
124264
124265
124267
124268
124269
124271
124272
124273
124289
124291
124292
124293
124295
124296
124297
124298
124299
124300
124301
124302
124303
124304
124305
124306
124307
124308
124309
124310
124311
124312
124313
124314
124315
124316
124317
124318
124320
124321
124322
124327
124345
124349
124352
124355
124356
124362
124549
124550
124553
124554
124556
124557
124560
124561
124563
124564
124567
124568
124606
124610
124611
124612
124613
124614
124615
124616
124617
124618
124619
124620
124621
124622
124623
124624
124625
124626
124627
124628
124629
124630
124631
124632
124633
124634
124635
124636
124637
124638
124640
124644
124716
124717
124718
124720
124721
124722
124724
124725
124726
124728
124729
124809
124813
124814
124815
124816
124817
124818
124819
124820
124821
124822
124823
124824
124825
124826
124827
124829
124833
124884
124886
124888
124890
124891
124892
124893
124894
124895
124896
124897
124898
124899
124900
124901
124902
124903
124904
124906
124908
124910
124968
124969
124970
124971
124972
124973
124974
124975
124976
124977
124978
124979
124980
124981
124985
125010
125012
125013
125014
125016
125017
125018
125020
125021
125022
125038
125040
125041
125042
125044
125045
125046
125047
125048
125049
125050
125051
125052
125053
125054
125055
125056
125057
125058
125059
125060
125061
125062
125063
125064
125065
125066
125067
125069
125070
125071
125076
125094
125098
125101
125104
125105
125111
125298
125299
125302
125303
125305
125306
125309
125310
125312
125313
125316
125317
125355
125359
125360
125361
125362
125363
125364
125365
125366
125367
125368
125369
125370
125371
125372
125373
125374
125375
125376
125377
125378
125379
125380
125381
125382
125383
125384
125385
125386
125387
125389
125393
125465
125466
125467
125469
125470
125471
125473
125474
125475
125477
125478
125558
125562
125563
125564
125565
125566
125567
125568
125569
125570
125571
125572
125573
125574
125575
125576
125578
125582
125633
125635
125637
125639
125640
125641
125642
125643
125644
125645
125646
125647
125648
125649
125650
125651
125652
125653
125655
125657
125659
125717
125718
125719
125720
125721
125722
125723
125724
125725
125726
125727
125728
125729
125730
125734
125759
125761
125762
125763
125765
125766
125767
125769
125770
125771
125787
125789
125790
125791
125793
125794
125795
125796
125797
125798
125799
125800
125801
125802
125803
125804
125805
125806
125807
125808
125809
125810
125811
125812
125813
125814
125815
125816
125818
125819
125820
125825
125843
125847
125850
125853
125854
125860
126047
126048
126051
126052
126054
126055
126058
126059
126061
126062
126065
126066
126104
126108
126109
126110
126111
126112
126113
126114
126115
126116
126117
126118
126119
126120
126121
126122
126123
126124
126125
126126
126127
126128
126129
126130
126131
126132
126133
126134
126135
126136
126138
126142
126214
126215
126216
126218
126219
126220
126222
126223
126224
126226
126227
126307
126311
126312
126313
126314
126315
126316
126317
126318
126319
126320
126321
126322
126323
126324
126325
126327
126331
126382
126384
126386
126388
126389
126390
126391
126392
126393
126394
126395
126396
126397
126398
126399
126400
126401
126402
126404
126406
126408
126466
126467
126468
126469
126470
126471
126472
126473
126474
126475
126476
126477
126478
126479
126483
126508
126510
126511
126512
126514
126515
126516
126518
126519
126520
126536
126538
126539
126540
126542
126543
126544
126545
126546
126547
126548
126549
126550
126551
126552
126553
126554
126555
126556
126557
126558
126559
126560
126561
126562
126563
126564
126565
126567
126568
126569
126574
126592
126596
126599
126602
126603
126609
126796
126797
126800
126801
126803
126804
126807
126808
126810
126811
126814
126815
126853
126857
126858
126859
126860
126861
126862
126863
126864
126865
126866
126867
126868
126869
126870
126871
126872
126873
126874
126875
126876
126877
126878
126879
126880
126881
126882
126883
126884
126885
126887
126891
126963
126964
126965
126967
126968
126969
126971
126972
126973
126975
126976
127056
127060
127061
127062
127063
127064
127065
127066
127067
127068
127069
127070
127071
127072
127073
127074
127076
127080
127131
127133
127135
127137
127138
127139
127140
127141
127142
127143
127144
127145
127146
127147
127148
127149
127150
127151
127153
127155
127157
127215
127216
127217
127218
127219
127220
127221
127222
127223
127224
127225
127226
127227
127228
127232
127257
127259
127260
127261
127263
127264
127265
127267
127268
127269
127285
127287
127288
127289
127291
127292
127293
127294
127295
127296
127297
127298
127299
127300
127301
127302
127303
127304
127305
127306
127307
127308
127309
127310
127311
127312
127313
127314
127316
127317
127318
127323
127341
127345
127348
127351
127352
127358
127545
127546
127549
127550
127552
127553
127556
127557
127559
127560
127563
127564
127602
127606
127607
127608
127609
127610
127611
127612
127613
127614
127615
127616
127617
127618
127619
127620
127621
127622
127623
127624
127625
127626
127627
127628
127629
127630
127631
127632
127633
127634
127636
127640
127712
127713
127714
127716
127717
127718
127720
127721
127722
127724
127725
127805
127809
127810
127811
127812
127813
127814
127815
127816
127817
127818
127819
127820
127821
127822
127823
127825
127829
127880
127882
127884
127886
127887
127888
127889
127890
127891
127892
127893
127894
127895
127896
127897
127898
127899
127900
127902
127904
127906
127964
127965
127966
127967
127968
127969
127970
127971
127972
127973
127974
127975
127976
127977
127981
128006
128008
128009
128010
128012
128013
128014
128016
128017
128018
128034
128036
128037
128038
128040
128041
128042
128043
128044
128045
128046
128047
128048
128049
128050
128051
128052
128053
128054
128055
128056
128057
128058
128059
128060
128061
128062
128063
128065
128066
128067
128072
128090
128094
128097
128100
128101
128107
128294
128295
128298
128299
128301
128302
128305
128306
128308
128309
128312
128313
128351
128355
128356
128357
128358
128359
128360
128361
128362
128363
128364
128365
128366
128367
128368
128369
128370
128371
128372
128373
128374
128375
128376
128377
128378
128379
128380
128381
128382
128383
128385
128389
128461
128462
128463
128465
128466
128467
128469
128470
128471
128473
128474
128554
128558
128559
128560
128561
128562
128563
128564
128565
128566
128567
128568
128569
128570
128571
128572
128574
128578
128629
128631
128633
128635
128636
128637
128638
128639
128640
128641
128642
128643
128644
128645
128646
128647
128648
128649
128651
128653
128655
128713
128714
128715
128716
128717
128718
128719
128720
128721
128722
128723
128724
128725
128726
128730
128755
128757
128758
128759
128761
128762
128763
128765
128766
128767
128783
128785
128786
128787
128789
128790
128791
128792
128793
128794
128795
128796
128797
128798
128799
128800
128801
128802
128803
128804
128805
128806
128807
128808
128809
128810
128811
128812
128814
128815
128816
128821
128839
128843
128846
128849
128850
128856
129043
129044
129047
129048
129050
129051
129054
129055
129057
129058
129061
129062
129100
129104
129105
129106
129107
129108
129109
129110
129111
129112
129113
129114
129115
129116
129117
129118
129119
129120
129121
129122
129123
129124
129125
129126
129127
129128
129129
129130
129131
129132
129134
129138
129210
129211
129212
129214
129215
129216
129218
129219
129220
129222
129223
129303
129307
129308
129309
129310
129311
129312
129313
129314
129315
129316
129317
129318
129319
129320
129321
129323
129327
129378
129380
129382
129384
129385
129386
129387
129388
129389
129390
129391
129392
129393
129394
129395
129396
129397
129398
129400
129402
129404
129462
129463
129464
129465
129466
129467
129468
129469
129470
129471
129472
129473
129474
129475
129479
129504
129506
129507
129508
129510
129511
129512
129514
129515
129516
129532
129534
129535
129536
129538
129539
129540
129541
129542
129543
129544
129545
129546
129547
129548
129549
129550
129551
129552
129553
129554
129555
129556
129557
129558
129559
129560
129561
129563
129564
129565
129570
129588
129592
129595
129598
129599
129605
129792
129793
129796
129797
129799
129800
129803
129804
129806
129807
129810
129811
129849
129853
129854
129855
129856
129857
129858
129859
129860
129861
129862
129863
129864
129865
129866
129867
129868
129869
129870
129871
129872
129873
129874
129875
129876
129877
129878
129879
129880
129881
129883
129887
129959
129960
129961
129963
129964
129965
129967
129968
129969
129971
129972
130052
130056
130057
130058
130059
130060
130061
130062
130063
130064
130065
130066
130067
130068
130069
130070
130072
130076
130127
130129
130131
130133
130134
130135
130136
130137
130138
130139
130140
130141
130142
130143
130144
130145
130146
130147
130149
130151
130153
130211
130212
130213
130214
130215
130216
130217
130218
130219
130220
130221
130222
130223
130224
130228
130253
130255
130256
130257
130259
130260
130261
130263
130264
130265
130281
130283
130284
130285
130287
130288
130289
130290
130291
130292
130293
130294
130295
130296
130297
130298
130299
130300
130301
130302
130303
130304
130305
130306
130307
130308
130309
130310
130312
130313
130314
130319
130337
130341
130344
130347
130348
130354
130541
130542
130545
130546
130548
130549
130552
130553
130555
130556
130559
130560
130598
130602
130603
130604
130605
130606
130607
130608
130609
130610
130611
130612
130613
130614
130615
130616
130617
130618
130619
130620
130621
130622
130623
130624
130625
130626
130627
130628
130629
130630
130632
130636
130708
130709
130710
130712
130713
130714
130716
130717
130718
130720
130721
130801
130805
130806
130807
130808
130809
130810
130811
130812
130813
130814
130815
130816
130817
130818
130819
130821
130825
130876
130878
130880
130882
130883
130884
130885
130886
130887
130888
130889
130890
130891
130892
130893
130894
130895
130896
130898
130900
130902
130960
130961
130962
130963
130964
130965
130966
130967
130968
130969
130970
130971
130972
130973
130977
131002
131004
131005
131006
131008
131009
131010
131012
131013
131014
131030
131032
131033
131034
131036
131037
131038
131039
131040
131041
131042
131043
131044
131045
131046
131047
131048
131049
131050
131051
131052
131053
131054
131055
131056
131057
131058
131059
131061
131062
131063
131068
131086
131090
131093
131096
131097
131103
131290
131291
131294
131295
131297
131298
131301
131302
131304
131305
131308
131309
131347
131351
131352
131353
131354
131355
131356
131357
131358
131359
131360
131361
131362
131363
131364
131365
131366
131367
131368
131369
131370
131371
131372
131373
131374
131375
131376
131377
131378
131379
131381
131385
131457
131458
131459
131461
131462
131463
131465
131466
131467
131469
131470
131550
131554
131555
131556
131557
131558
131559
131560
131561
131562
131563
131564
131565
131566
131567
131568
131570
131574
131625
131627
131629
131631
131632
131633
131634
131635
131636
131637
131638
131639
131640
131641
131642
131643
131644
131645
131647
131649
131651
131709
131710
131711
131712
131713
131714
131715
131716
131717
131718
131719
131720
131721
131722
131726
131751
131753
131754
131755
131757
131758
131759
131761
131762
131763
131779
131781
131782
131783
131785
131786
131787
131788
131789
131790
131791
131792
131793
131794
131795
131796
131797
131798
131799
131800
131801
131802
131803
131804
131805
131806
131807
131808
131810
131811
131812
131817
131835
131839
131842
131845
131846
131852
132039
132040
132043
132044
132046
132047
132050
132051
132053
132054
132057
132058
132096
132100
132101
132102
132103
132104
132105
132106
132107
132108
132109
132110
132111
132112
132113
132114
132115
132116
132117
132118
132119
132120
132121
132122
132123
132124
132125
132126
132127
132128
132130
132134
132206
132207
132208
132210
132211
132212
132214
132215
132216
132218
132219
132299
132303
132304
132305
132306
132307
132308
132309
132310
132311
132312
132313
132314
132315
132316
132317
132319
132323
132374
132376
132378
132380
132381
132382
132383
132384
132385
132386
132387
132388
132389
132390
132391
132392
132393
132394
132396
132398
132400
132458
132459
132460
132461
132462
132463
132464
132465
132466
132467
132468
132469
132470
132471
132475
132500
132502
132503
132504
132506
132507
132508
132510
132511
132512
132528
132530
132531
132532
132534
132535
132536
132537
132538
132539
132540
132541
132542
132543
132544
132545
132546
132547
132548
132549
132550
132551
132552
132553
132554
132555
132556
132557
132559
132560
132561
132566
132584
132588
132591
132594
132595
132601
132788
132789
132792
132793
132795
132796
132799
132800
132802
132803
132806
132807
132845
132849
132850
132851
132852
132853
132854
132855
132856
132857
132858
132859
132860
132861
132862
132863
132864
132865
132866
132867
132868
132869
132870
132871
132872
132873
132874
132875
132876
132877
132879
132883
132955
132956
132957
132959
132960
132961
132963
132964
132965
132967
132968
133048
133052
133053
133054
133055
133056
133057
133058
133059
133060
133061
133062
133063
133064
133065
133066
133068
133072
133123
133125
133127
133129
133130
133131
133132
133133
133134
133135
133136
133137
133138
133139
133140
133141
133142
133143
133145
133147
133149
133207
133208
133209
133210
133211
133212
133213
133214
133215
133216
133217
133218
133219
133220
133224
133249
133251
133252
133253
133255
133256
133257
133259
133260
133261
133277
133279
133280
133281
133283
133284
133285
133286
133287
133288
133289
133290
133291
133292
133293
133294
133295
133296
133297
133298
133299
133300
133301
133302
133303
133304
133305
133306
133308
133309
133310
133315
133333
133337
133340
133343
133344
133350
133537
133538
133541
133542
133544
133545
133548
133549
133551
133552
133555
133556
133594
133598
133599
133600
133601
133602
133603
133604
133605
133606
133607
133608
133609
133610
133611
133612
133613
133614
133615
133616
133617
133618
133619
133620
133621
133622
133623
133624
133625
133626
133628
133632
133704
133705
133706
133708
133709
133710
133712
133713
133714
133716
133717
133797
133801
133802
133803
133804
133805
133806
133807
133808
133809
133810
133811
133812
133813
133814
133815
133817
133821
133872
133874
133876
133878
133879
133880
133881
133882
133883
133884
133885
133886
133887
133888
133889
133890
133891
133892
133894
133896
133898
133956
133957
133958
133959
133960
133961
133962
133963
133964
133965
133966
133967
133968
133969
133973
133998
134000
134001
134002
134004
134005
134006
134008
134009
134010
134026
134028
134029
134030
134032
134033
134034
134035
134036
134037
134038
134039
134040
134041
134042
134043
134044
134045
134046
134047
134048
134049
134050
134051
134052
134053
134054
134055
134057
134058
134059
134064
134082
134086
134089
134092
134093
134099
134286
134287
134290
134291
134293
134294
134297
134298
134300
134301
134304
134305
134343
134347
134348
134349
134350
134351
134352
134353
134354
134355
134356
134357
134358
134359
134360
134361
134362
134363
134364
134365
134366
134367
134368
134369
134370
134371
134372
134373
134374
134375
134377
134381
134453
134454
134455
134457
134458
134459
134461
134462
134463
134465
134466
134546
134550
134551
134552
134553
134554
134555
134556
134557
134558
134559
134560
134561
134562
134563
134564
134566
134570
134621
134623
134625
134627
134628
134629
134630
134631
134632
134633
134634
134635
134636
134637
134638
134639
134640
134641
134643
134645
134647
134705
134706
134707
134708
134709
134710
134711
134712
134713
134714
134715
134716
134717
134718
134722
134747
134749
134750
134751
134753
134754
134755
134757
134758
134759
134775
134777
134778
134779
134781
134782
134783
134784
134785
134786
134787
134788
134789
134790
134791
134792
134793
134794
134795
134796
134797
134798
134799
134800
134801
134802
134803
134804
134806
134807
134808
134813
134831
134835
134838
134841
134842
134848
135035
135036
135039
135040
135042
135043
135046
135047
135049
135050
135053
135054
135092
135096
135097
135098
135099
135100
135101
135102
135103
135104
135105
135106
135107
135108
135109
135110
135111
135112
135113
135114
135115
135116
135117
135118
135119
135120
135121
135122
135123
135124
135126
135130
135202
135203
135204
135206
135207
135208
135210
135211
135212
135214
135215
135295
135299
135300
135301
135302
135303
135304
135305
135306
135307
135308
135309
135310
135311
135312
135313
135315
135319
135370
135372
135374
135376
135377
135378
135379
135380
135381
135382
135383
135384
135385
135386
135387
135388
135389
135390
135392
135394
135396
135454
135455
135456
135457
135458
135459
135460
135461
135462
135463
135464
135465
135466
135467
135471
135496
135498
135499
135500
135502
135503
135504
135506
135507
135508
135524
135526
135527
135528
135530
135531
135532
135533
135534
135535
135536
135537
135538
135539
135540
135541
135542
135543
135544
135545
135546
135547
135548
135549
135550
135551
135552
135553
135555
135556
135557
135562
135580
135584
135587
135590
135591
135597
135784
135785
135788
135789
135791
135792
135795
135796
135798
135799
135802
135803
135841
135845
135846
135847
135848
135849
135850
135851
135852
135853
135854
135855
135856
135857
135858
135859
135860
135861
135862
135863
135864
135865
135866
135867
135868
135869
135870
135871
135872
135873
135875
135879
135951
135952
135953
135955
135956
135957
135959
135960
135961
135963
135964
136044
136048
136049
136050
136051
136052
136053
136054
136055
136056
136057
136058
136059
136060
136061
136062
136064
136068
136119
136121
136123
136125
136126
136127
136128
136129
136130
136131
136132
136133
136134
136135
136136
136137
136138
136139
136141
136143
136145
136203
136204
136205
136206
136207
136208
136209
136210
136211
136212
136213
136214
136215
136216
136220
136245
136247
136248
136249
136251
136252
136253
136255
136256
136257
136273
136275
136276
136277
136279
136280
136281
136282
136283
136284
136285
136286
136287
136288
136289
136290
136291
136292
136293
136294
136295
136296
136297
136298
136299
136300
136301
136302
136304
136305
136306
136311
136329
136333
136336
136339
136340
136346
136533
136534
136537
136538
136540
136541
136544
136545
136547
136548
136551
136552
136590
136594
136595
136596
136597
136598
136599
136600
136601
136602
136603
136604
136605
136606
136607
136608
136609
136610
136611
136612
136613
136614
136615
136616
136617
136618
136619
136620
136621
136622
136624
136628
136700
136701
136702
136704
136705
136706
136708
136709
136710
136712
136713
136793
136797
136798
136799
136800
136801
136802
136803
136804
136805
136806
136807
136808
136809
136810
136811
136813
136817
136868
136870
136872
136874
136875
136876
136877
136878
136879
136880
136881
136882
136883
136884
136885
136886
136887
136888
136890
136892
136894
136952
136953
136954
136955
136956
136957
136958
136959
136960
136961
136962
136963
136964
136965
136969
136994
136996
136997
136998
137000
137001
137002
137004
137005
137006
137022
137024
137025
137026
137028
137029
137030
137031
137032
137033
137034
137035
137036
137037
137038
137039
137040
137041
137042
137043
137044
137045
137046
137047
137048
137049
137050
137051
137053
137054
137055
137060
137078
137082
137085
137088
137089
137095
137282
137283
137286
137287
137289
137290
137293
137294
137296
137297
137300
137301
137339
137343
137344
137345
137346
137347
137348
137349
137350
137351
137352
137353
137354
137355
137356
137357
137358
137359
137360
137361
137362
137363
137364
137365
137366
137367
137368
137369
137370
137371
137373
137377
137449
137450
137451
137453
137454
137455
137457
137458
137459
137461
137462
137542
137546
137547
137548
137549
137550
137551
137552
137553
137554
137555
137556
137557
137558
137559
137560
137562
137566
137617
137619
137621
137623
137624
137625
137626
137627
137628
137629
137630
137631
137632
137633
137634
137635
137636
137637
137639
137641
137643
137701
137702
137703
137704
137705
137706
137707
137708
137709
137710
137711
137712
137713
137714
137718
137743
137745
137746
137747
137749
137750
137751
137753
137754
137755
137771
137773
137774
137775
137777
137778
137779
137780
137781
137782
137783
137784
137785
137786
137787
137788
137789
137790
137791
137792
137793
137794
137795
137796
137797
137798
137799
137800
137802
137803
137804
137809
137827
137831
137834
137837
137838
137844
138031
138032
138035
138036
138038
138039
138042
138043
138045
138046
138049
138050
138088
138092
138093
138094
138095
138096
138097
138098
138099
138100
138101
138102
138103
138104
138105
138106
138107
138108
138109
138110
138111
138112
138113
138114
138115
138116
138117
138118
138119
138120
138122
138126
138198
138199
138200
138202
138203
138204
138206
138207
138208
138210
138211
138291
138295
138296
138297
138298
138299
138300
138301
138302
138303
138304
138305
138306
138307
138308
138309
138311
138315
138366
138368
138370
138372
138373
138374
138375
138376
138377
138378
138379
138380
138381
138382
138383
138384
138385
138386
138388
138390
138392
138450
138451
138452
138453
138454
138455
138456
138457
138458
138459
138460
138461
138462
138463
138467
138492
138494
138495
138496
138498
138499
138500
138502
138503
138504
138520
138522
138523
138524
138526
138527
138528
138529
138530
138531
138532
138533
138534
138535
138536
138537
138538
138539
138540
138541
138542
138543
138544
138545
138546
138547
138548
138549
138551
138552
138553
138558
138576
138580
138583
138586
138587
138593
138780
138781
138784
138785
138787
138788
138791
138792
138794
138795
138798
138799
138837
138841
138842
138843
138844
138845
138846
138847
138848
138849
138850
138851
138852
138853
138854
138855
138856
138857
138858
138859
138860
138861
138862
138863
138864
138865
138866
138867
138868
138869
138871
138875
138947
138948
138949
138951
138952
138953
138955
138956
138957
138959
138960
139040
139044
139045
139046
139047
139048
139049
139050
139051
139052
139053
139054
139055
139056
139057
139058
139060
139064
139115
139117
139119
139121
139122
139123
139124
139125
139126
139127
139128
139129
139130
139131
139132
139133
139134
139135
139137
139139
139141
139199
139200
139201
139202
139203
139204
139205
139206
139207
139208
139209
139210
139211
139212
139216
139241
139243
139244
139245
139247
139248
139249
139251
139252
139253
139269
139271
139272
139273
139275
139276
139277
139278
139279
139280
139281
139282
139283
139284
139285
139286
139287
139288
139289
139290
139291
139292
139293
139294
139295
139296
139297
139298
139300
139301
139302
139307
139325
139329
139332
139335
139336
139342
139529
139530
139533
139534
139536
139537
139540
139541
139543
139544
139547
139548
139586
139590
139591
139592
139593
139594
139595
139596
139597
139598
139599
139600
139601
139602
139603
139604
139605
139606
139607
139608
139609
139610
139611
139612
139613
139614
139615
139616
139617
139618
139620
139624
139696
139697
139698
139700
139701
139702
139704
139705
139706
139708
139709
139789
139793
139794
139795
139796
139797
139798
139799
139800
139801
139802
139803
139804
139805
139806
139807
139809
139813
139864
139866
139868
139870
139871
139872
139873
139874
139875
139876
139877
139878
139879
139880
139881
139882
139883
139884
139886
139888
139890
139948
139949
139950
139951
139952
139953
139954
139955
139956
139957
139958
139959
139960
139961
139965
139990
139992
139993
139994
139996
139997
139998
140000
140001
140002
140018
140020
140021
140022
140024
140025
140026
140027
140028
140029
140030
140031
140032
140033
140034
140035
140036
140037
140038
140039
140040
140041
140042
140043
140044
140045
140046
140047
140049
140050
140051
140056
140074
140078
140081
140084
140085
140091
140278
140279
140282
140283
140285
140286
140289
140290
140292
140293
140296
140297
140335
140339
140340
140341
140342
140343
140344
140345
140346
140347
140348
140349
140350
140351
140352
140353
140354
140355
140356
140357
140358
140359
140360
140361
140362
140363
140364
140365
140366
140367
140369
140373
140445
140446
140447
140449
140450
140451
140453
140454
140455
140457
140458
140538
140542
140543
140544
140545
140546
140547
140548
140549
140550
140551
140552
140553
140554
140555
140556
140558
140562
140613
140615
140617
140619
140620
140621
140622
140623
140624
140625
140626
140627
140628
140629
140630
140631
140632
140633
140635
140637
140639
140697
140698
140699
140700
140701
140702
140703
140704
140705
140706
140707
140708
140709
140710
140714
140739
140741
140742
140743
140745
140746
140747
140749
140750
140751
140767
140769
140770
140771
140773
140774
140775
140776
140777
140778
140779
140780
140781
140782
140783
140784
140785
140786
140787
140788
140789
140790
140791
140792
140793
140794
140795
140796
140798
140799
140800
140805
140823
140827
140830
140833
140834
140840
141027
141028
141031
141032
141034
141035
141038
141039
141041
141042
141045
141046
141084
141088
141089
141090
141091
141092
141093
141094
141095
141096
141097
141098
141099
141100
141101
141102
141103
141104
141105
141106
141107
141108
141109
141110
141111
141112
141113
141114
141115
141116
141118
141122
141194
141195
141196
141198
141199
141200
141202
141203
141204
141206
141207
141287
141291
141292
141293
141294
141295
141296
141297
141298
141299
141300
141301
141302
141303
141304
141305
141307
141311
141362
141364
141366
141368
141369
141370
141371
141372
141373
141374
141375
141376
141377
141378
141379
141380
141381
141382
141384
141386
141388
141446
141447
141448
141449
141450
141451
141452
141453
141454
141455
141456
141457
141458
141459
141463
141488
141490
141491
141492
141494
141495
141496
141498
141499
141500
141516
141518
141519
141520
141522
141523
141524
141525
141526
141527
141528
141529
141530
141531
141532
141533
141534
141535
141536
141537
141538
141539
141540
141541
141542
141543
141544
141545
141547
141548
141549
141554
141572
141576
141579
141582
141583
141589
141776
141777
141780
141781
141783
141784
141787
141788
141790
141791
141794
141795
141833
141837
141838
141839
141840
141841
141842
141843
141844
141845
141846
141847
141848
141849
141850
141851
141852
141853
141854
141855
141856
141857
141858
141859
141860
141861
141862
141863
141864
141865
141867
141871
141943
141944
141945
141947
141948
141949
141951
141952
141953
141955
141956
142036
142040
142041
142042
142043
142044
142045
142046
142047
142048
142049
142050
142051
142052
142053
142054
142056
142060
142111
142113
142115
142117
142118
142119
142120
142121
142122
142123
142124
142125
142126
142127
142128
142129
142130
142131
142133
142135
142137
142195
142196
142197
142198
142199
142200
142201
142202
142203
142204
142205
142206
142207
142208
142212
142237
142239
142240
142241
142243
142244
142245
142247
142248
142249
142265
142267
142268
142269
142271
142272
142273
142274
142275
142276
142277
142278
142279
142280
142281
142282
142283
142284
142285
142286
142287
142288
142289
142290
142291
142292
142293
142294
142296
142297
142298
142303
142321
142325
142328
142331
142332
142338
142525
142526
142529
142530
142532
142533
142536
142537
142539
142540
142543
142544
142582
142586
142587
142588
142589
142590
142591
142592
142593
142594
142595
142596
142597
142598
142599
142600
142601
142602
142603
142604
142605
142606
142607
142608
142609
142610
142611
142612
142613
142614
142616
142620
142692
142693
142694
142696
142697
142698
142700
142701
142702
142704
142705
142785
142789
142790
142791
142792
142793
142794
142795
142796
142797
142798
142799
142800
142801
142802
142803
142805
142809
142860
142862
142864
142866
142867
142868
142869
142870
142871
142872
142873
142874
142875
142876
142877
142878
142879
142880
142882
142884
142886
142944
142945
142946
142947
142948
142949
142950
142951
142952
142953
142954
142955
142956
142957
142961
142986
142988
142989
142990
142992
142993
142994
142996
142997
142998
143014
143016
143017
143018
143020
143021
143022
143023
143024
143025
143026
143027
143028
143029
143030
143031
143032
143033
143034
143035
143036
143037
143038
143039
143040
143041
143042
143043
143045
143046
143047
143052
143070
143074
143077
143080
143081
143087
143274
143275
143278
143279
143281
143282
143285
143286
143288
143289
143292
143293
143331
143335
143336
143337
143338
143339
143340
143341
143342
143343
143344
143345
143346
143347
143348
143349
143350
143351
143352
143353
143354
143355
143356
143357
143358
143359
143360
143361
143362
143363
143365
143369
143441
143442
143443
143445
143446
143447
143449
143450
143451
143453
143454
143534
143538
143539
143540
143541
143542
143543
143544
143545
143546
143547
143548
143549
143550
143551
143552
143554
143558
143609
143611
143613
143615
143616
143617
143618
143619
143620
143621
143622
143623
143624
143625
143626
143627
143628
143629
143631
143633
143635
143693
143694
143695
143696
143697
143698
143699
143700
143701
143702
143703
143704
143705
143706
143710
143735
143737
143738
143739
143741
143742
143743
143745
143746
143747
143763
143765
143766
143767
143769
143770
143771
143772
143773
143774
143775
143776
143777
143778
143779
143780
143781
143782
143783
143784
143785
143786
143787
143788
143789
143790
143791
143792
143794
143795
143796
143801
143819
143823
143826
143829
143830
143836
144023
144024
144027
144028
144030
144031
144034
144035
144037
144038
144041
144042
144080
144084
144085
144086
144087
144088
144089
144090
144091
144092
144093
144094
144095
144096
144097
144098
144099
144100
144101
144102
144103
144104
144105
144106
144107
144108
144109
144110
144111
144112
144114
144118
144190
144191
144192
144194
144195
144196
144198
144199
144200
144202
144203
144283
144287
144288
144289
144290
144291
144292
144293
144294
144295
144296
144297
144298
144299
144300
144301
144303
144307
144358
144360
144362
144364
144365
144366
144367
144368
144369
144370
144371
144372
144373
144374
144375
144376
144377
144378
144380
144382
144384
144442
144443
144444
144445
144446
144447
144448
144449
144450
144451
144452
144453
144454
144455
144459
144484
144486
144487
144488
144490
144491
144492
144494
144495
144496
144512
144514
144515
144516
144518
144519
144520
144521
144522
144523
144524
144525
144526
144527
144528
144529
144530
144531
144532
144533
144534
144535
144536
144537
144538
144539
144540
144541
144543
144544
144545
144550
144568
144572
144575
144578
144579
144585
144772
144773
144776
144777
144779
144780
144783
144784
144786
144787
144790
144791
144829
144833
144834
144835
144836
144837
144838
144839
144840
144841
144842
144843
144844
144845
144846
144847
144848
144849
144850
144851
144852
144853
144854
144855
144856
144857
144858
144859
144860
144861
144863
144867
144939
144940
144941
144943
144944
144945
144947
144948
144949
144951
144952
145032
145036
145037
145038
145039
145040
145041
145042
145043
145044
145045
145046
145047
145048
145049
145050
145052
145056
145107
145109
145111
145113
145114
145115
145116
145117
145118
145119
145120
145121
145122
145123
145124
145125
145126
145127
145129
145131
145133
145191
145192
145193
145194
145195
145196
145197
145198
145199
145200
145201
145202
145203
145204
145208
145233
145235
145236
145237
145239
145240
145241
145243
145244
145245
145261
145263
145264
145265
145267
145268
145269
145270
145271
145272
145273
145274
145275
145276
145277
145278
145279
145280
145281
145282
145283
145284
145285
145286
145287
145288
145289
145290
145292
145293
145294
145299
145317
145321
145324
145327
145328
145334
145521
145522
145525
145526
145528
145529
145532
145533
145535
145536
145539
145540
145578
145582
145583
145584
145585
145586
145587
145588
145589
145590
145591
145592
145593
145594
145595
145596
145597
145598
145599
145600
145601
145602
145603
145604
145605
145606
145607
145608
145609
145610
145612
145616
145688
145689
145690
145692
145693
145694
145696
145697
145698
145700
145701
145781
145785
145786
145787
145788
145789
145790
145791
145792
145793
145794
145795
145796
145797
145798
145799
145801
145805
145856
145858
145860
145862
145863
145864
145865
145866
145867
145868
145869
145870
145871
145872
145873
145874
145875
145876
145878
145880
145882
145940
145941
145942
145943
145944
145945
145946
145947
145948
145949
145950
145951
145952
145953
145957
145982
145984
145985
145986
145988
145989
145990
145992
145993
145994
146010
146012
146013
146014
146016
146017
146018
146019
146020
146021
146022
146023
146024
146025
146026
146027
146028
146029
146030
146031
146032
146033
146034
146035
146036
146037
146038
146039
146041
146042
146043
146048
146066
146070
146073
146076
146077
146083
146270
146271
146274
146275
146277
146278
146281
146282
146284
146285
146288
146289
146327
146331
146332
146333
146334
146335
146336
146337
146338
146339
146340
146341
146342
146343
146344
146345
146346
146347
146348
146349
146350
146351
146352
146353
146354
146355
146356
146357
146358
146359
146361
146365
146437
146438
146439
146441
146442
146443
146445
146446
146447
146449
146450
146530
146534
146535
146536
146537
146538
146539
146540
146541
146542
146543
146544
146545
146546
146547
146548
146550
146554
146605
146607
146609
146611
146612
146613
146614
146615
146616
146617
146618
146619
146620
146621
146622
146623
146624
146625
146627
146629
146631
146689
146690
146691
146692
146693
146694
146695
146696
146697
146698
146699
146700
146701
146702
146706
146731
146733
146734
146735
146737
146738
146739
146741
146742
146743
146759
146761
146762
146763
146765
146766
146767
146768
146769
146770
146771
146772
146773
146774
146775
146776
146777
146778
146779
146780
146781
146782
146783
146784
146785
146786
146787
146788
146790
146791
146792
146797
146815
146819
146822
146825
146826
146832
147019
147020
147023
147024
147026
147027
147030
147031
147033
147034
147037
147038
147076
147080
147081
147082
147083
147084
147085
147086
147087
147088
147089
147090
147091
147092
147093
147094
147095
147096
147097
147098
147099
147100
147101
147102
147103
147104
147105
147106
147107
147108
147110
147114
147186
147187
147188
147190
147191
147192
147194
147195
147196
147198
147199
147279
147283
147284
147285
147286
147287
147288
147289
147290
147291
147292
147293
147294
147295
147296
147297
147299
147303
147354
147356
147358
147360
147361
147362
147363
147364
147365
147366
147367
147368
147369
147370
147371
147372
147373
147374
147376
147378
147380
147438
147439
147440
147441
147442
147443
147444
147445
147446
147447
147448
147449
147450
147451
147455
147480
147482
147483
147484
147486
147487
147488
147490
147491
147492
147508
147510
147511
147512
147514
147515
147516
147517
147518
147519
147520
147521
147522
147523
147524
147525
147526
147527
147528
147529
147530
147531
147532
147533
147534
147535
147536
147537
147539
147540
147541
147546
147564
147568
147571
147574
147575
147581
147768
147769
147772
147773
147775
147776
147779
147780
147782
147783
147786
147787
147825
147829
147830
147831
147832
147833
147834
147835
147836
147837
147838
147839
147840
147841
147842
147843
147844
147845
147846
147847
147848
147849
147850
147851
147852
147853
147854
147855
147856
147857
147859
147863
147935
147936
147937
147939
147940
147941
147943
147944
147945
147947
147948
148028
148032
148033
148034
148035
148036
148037
148038
148039
148040
148041
148042
148043
148044
148045
148046
148048
148052
148103
148105
148107
148109
148110
148111
148112
148113
148114
148115
148116
148117
148118
148119
148120
148121
148122
148123
148125
148127
148129
148187
148188
148189
148190
148191
148192
148193
148194
148195
148196
148197
148198
148199
148200
148204
148229
148231
148232
148233
148235
148236
148237
148239
148240
148241
148257
148259
148260
148261
148263
148264
148265
148266
148267
148268
148269
148270
148271
148272
148273
148274
148275
148276
148277
148278
148279
148280
148281
148282
148283
148284
148285
148286
148288
148289
148290
148295
148313
148317
148320
148323
148324
148330
148517
148518
148521
148522
148524
148525
148528
148529
148531
148532
148535
148536
148574
148578
148579
148580
148581
148582
148583
148584
148585
148586
148587
148588
148589
148590
148591
148592
148593
148594
148595
148596
148597
148598
148599
148600
148601
148602
148603
148604
148605
148606
148608
148612
148684
148685
148686
148688
148689
148690
148692
148693
148694
148696
148697
148777
148781
148782
148783
148784
148785
148786
148787
148788
148789
148790
148791
148792
148793
148794
148795
148797
148801
148852
148854
148856
148858
148859
148860
148861
148862
148863
148864
148865
148866
148867
148868
148869
148870
148871
148872
148874
148876
148878
148936
148937
148938
148939
148940
148941
148942
148943
148944
148945
148946
148947
148948
148949
148953
148978
148980
148981
148982
148984
148985
148986
148988
148989
148990
149006
149008
149009
149010
149012
149013
149014
149015
149016
149017
149018
149019
149020
149021
149022
149023
149024
149025
149026
149027
149028
149029
149030
149031
149032
149033
149034
149035
149037
149038
149039
149044
149062
149066
149069
149072
149073
149079
149266
149267
149270
149271
149273
149274
149277
149278
149280
149281
149284
149285
149323
149327
149328
149329
149330
149331
149332
149333
149334
149335
149336
149337
149338
149339
149340
149341
149342
149343
149344
149345
149346
149347
149348
149349
149350
149351
149352
149353
149354
149355
149357
149361
149433
149434
149435
149437
149438
149439
149441
149442
149443
149445
149446
149526
149530
149531
149532
149533
149534
149535
149536
149537
149538
149539
149540
149541
149542
149543
149544
149546
149550
149601
149603
149605
149607
149608
149609
149610
149611
149612
149613
149614
149615
149616
149617
149618
149619
149620
149621
149623
149625
149627
149685
149686
149687
149688
149689
149690
149691
149692
149693
149694
149695
149696
149697
149698
149702
149727
149729
149730
149731
149733
149734
149735
149737
149738
149739
149755
149757
149758
149759
149761
149762
149763
149764
149765
149766
149767
149768
149769
149770
149771
149772
149773
149774
149775
149776
149777
149778
149779
149780
149781
149782
149783
149784
149786
149787
149788
149793
149811
149815
149818
149821
149822
149828
150015
150016
150019
150020
150022
150023
150026
150027
150029
150030
150033
150034
150072
150076
150077
150078
150079
150080
150081
150082
150083
150084
150085
150086
150087
150088
150089
150090
150091
150092
150093
150094
150095
150096
150097
150098
150099
150100
150101
150102
150103
150104
150106
150110
150182
150183
150184
150186
150187
150188
150190
150191
150192
150194
150195
150275
150279
150280
150281
150282
150283
150284
150285
150286
150287
150288
150289
150290
150291
150292
150293
150295
150299
150350
150352
150354
150356
150357
150358
150359
150360
150361
150362
150363
150364
150365
150366
150367
150368
150369
150370
150372
150374
150376
150434
150435
150436
150437
150438
150439
150440
150441
150442
150443
150444
150445
150446
150447
150451
150476
150478
150479
150480
150482
150483
150484
150486
150487
150488
150504
150506
150507
150508
150510
150511
150512
150513
150514
150515
150516
150517
150518
150519
150520
150521
150522
150523
150524
150525
150526
150527
150528
150529
150530
150531
150532
150533
150535
150536
150537
150542
150560
150564
150567
150570
150571
150577
150764
150765
150768
150769
150771
150772
150775
150776
150778
150779
150782
150783
150821
150825
150826
150827
150828
150829
150830
150831
150832
150833
150834
150835
150836
150837
150838
150839
150840
150841
150842
150843
150844
150845
150846
150847
150848
150849
150850
150851
150852
150853
150855
150859
150931
150932
150933
150935
150936
150937
150939
150940
150941
150943
150944
151024
151028
151029
151030
151031
151032
151033
151034
151035
151036
151037
151038
151039
151040
151041
151042
151044
151048
151099
151101
151103
151105
151106
151107
151108
151109
151110
151111
151112
151113
151114
151115
151116
151117
151118
151119
151121
151123
151125
151183
151184
151185
151186
151187
151188
151189
151190
151191
151192
151193
151194
151195
151196
151200
151225
151227
151228
151229
151231
151232
151233
151235
151236
151237
151253
151255
151256
151257
151259
151260
151261
151262
151263
151264
151265
151266
151267
151268
151269
151270
151271
151272
151273
151274
151275
151276
151277
151278
151279
151280
151281
151282
151284
151285
151286
151291
151309
151313
151316
151319
151320
151326
151513
151514
151517
151518
151520
151521
151524
151525
151527
151528
151531
151532
151570
151574
151575
151576
151577
151578
151579
151580
151581
151582
151583
151584
151585
151586
151587
151588
151589
151590
151591
151592
151593
151594
151595
151596
151597
151598
151599
151600
151601
151602
151604
151608
151680
151681
151682
151684
151685
151686
151688
151689
151690
151692
151693
151773
151777
151778
151779
151780
151781
151782
151783
151784
151785
151786
151787
151788
151789
151790
151791
151793
151797
151848
151850
151852
151854
151855
151856
151857
151858
151859
151860
151861
151862
151863
151864
151865
151866
151867
151868
151870
151872
151874
151932
151933
151934
151935
151936
151937
151938
151939
151940
151941
151942
151943
151944
151945
151949
151974
151976
151977
151978
151980
151981
151982
151984
151985
151986
152002
152004
152005
152006
152008
152009
152010
152011
152012
152013
152014
152015
152016
152017
152018
152019
152020
152021
152022
152023
152024
152025
152026
152027
152028
152029
152030
152031
152033
152034
152035
152040
152058
152062
152065
152068
152069
152075
152262
152263
152266
152267
152269
152270
152273
152274
152276
152277
152280
152281
152319
152323
152324
152325
152326
152327
152328
152329
152330
152331
152332
152333
152334
152335
152336
152337
152338
152339
152340
152341
152342
152343
152344
152345
152346
152347
152348
152349
152350
152351
152353
152357
152429
152430
152431
152433
152434
152435
152437
152438
152439
152441
152442
152522
152526
152527
152528
152529
152530
152531
152532
152533
152534
152535
152536
152537
152538
152539
152540
152542
152546
152597
152599
152601
152603
152604
152605
152606
152607
152608
152609
152610
152611
152612
152613
152614
152615
152616
152617
152619
152621
152623
152681
152682
152683
152684
152685
152686
152687
152688
152689
152690
152691
152692
152693
152694
152698
152723
152725
152726
152727
152729
152730
152731
152733
152734
152735
152751
152753
152754
152755
152757
152758
152759
152760
152761
152762
152763
152764
152765
152766
152767
152768
152769
152770
152771
152772
152773
152774
152775
152776
152777
152778
152779
152780
152782
152783
152784
152789
152807
152811
152814
152817
152818
152824
153011
153012
153015
153016
153018
153019
153022
153023
153025
153026
153029
153030
153068
153072
153073
153074
153075
153076
153077
153078
153079
153080
153081
153082
153083
153084
153085
153086
153087
153088
153089
153090
153091
153092
153093
153094
153095
153096
153097
153098
153099
153100
153102
153106
153178
153179
153180
153182
153183
153184
153186
153187
153188
153190
153191
153271
153275
153276
153277
153278
153279
153280
153281
153282
153283
153284
153285
153286
153287
153288
153289
153291
153295
153346
153348
153350
153352
153353
153354
153355
153356
153357
153358
153359
153360
153361
153362
153363
153364
153365
153366
153368
153370
153372
153430
153431
153432
153433
153434
153435
153436
153437
153438
153439
153440
153441
153442
153443
153447
153472
153474
153475
153476
153478
153479
153480
153482
153483
153484
153500
153502
153503
153504
153506
153507
153508
153509
153510
153511
153512
153513
153514
153515
153516
153517
153518
153519
153520
153521
153522
153523
153524
153525
153526
153527
153528
153529
153531
153532
153533
153538
153556
153560
153563
153566
153567
153573
153760
153761
153764
153765
153767
153768
153771
153772
153774
153775
153778
153779
153817
153821
153822
153823
153824
153825
153826
153827
153828
153829
153830
153831
153832
153833
153834
153835
153836
153837
153838
153839
153840
153841
153842
153843
153844
153845
153846
153847
153848
153849
153851
153855
153927
153928
153929
153931
153932
153933
153935
153936
153937
153939
153940
154020
154024
154025
154026
154027
154028
154029
154030
154031
154032
154033
154034
154035
154036
154037
154038
154040
154044
154095
154097
154099
154101
154102
154103
154104
154105
154106
154107
154108
154109
154110
154111
154112
154113
154114
154115
154117
154119
154121
154179
154180
154181
154182
154183
154184
154185
154186
154187
154188
154189
154190
154191
154192
154196
154221
154223
154224
154225
154227
154228
154229
154231
154232
154233
154249
154251
154252
154253
154255
154256
154257
154258
154259
154260
154261
154262
154263
154264
154265
154266
154267
154268
154269
154270
154271
154272
154273
154274
154275
154276
154277
154278
154280
154281
154282
154287
154305
154309
154312
154315
154316
154322
154509
154510
154513
154514
154516
154517
154520
154521
154523
154524
154527
154528
154566
154570
154571
154572
154573
154574
154575
154576
154577
154578
154579
154580
154581
154582
154583
154584
154585
154586
154587
154588
154589
154590
154591
154592
154593
154594
154595
154596
154597
154598
154600
154604
154676
154677
154678
154680
154681
154682
154684
154685
154686
154688
154689
154769
154773
154774
154775
154776
154777
154778
154779
154780
154781
154782
154783
154784
154785
154786
154787
154789
154793
154844
154846
154848
154850
154851
154852
154853
154854
154855
154856
154857
154858
154859
154860
154861
154862
154863
154864
154866
154868
154870
154928
154929
154930
154931
154932
154933
154934
154935
154936
154937
154938
154939
154940
154941
154945
154970
154972
154973
154974
154976
154977
154978
154980
154981
154982
154998
155000
155001
155002
155004
155005
155006
155007
155008
155009
155010
155011
155012
155013
155014
155015
155016
155017
155018
155019
155020
155021
155022
155023
155024
155025
155026
155027
155029
155030
155031
155036
155054
155058
155061
155064
155065
155071
155258
155259
155262
155263
155265
155266
155269
155270
155272
155273
155276
155277
155315
155319
155320
155321
155322
155323
155324
155325
155326
155327
155328
155329
155330
155331
155332
155333
155334
155335
155336
155337
155338
155339
155340
155341
155342
155343
155344
155345
155346
155347
155349
155353
155425
155426
155427
155429
155430
155431
155433
155434
155435
155437
155438
155518
155522
155523
155524
155525
155526
155527
155528
155529
155530
155531
155532
155533
155534
155535
155536
155538
155542
155593
155595
155597
155599
155600
155601
155602
155603
155604
155605
155606
155607
155608
155609
155610
155611
155612
155613
155615
155617
155619
155677
155678
155679
155680
155681
155682
155683
155684
155685
155686
155687
155688
155689
155690
155694
155719
155721
155722
155723
155725
155726
155727
155729
155730
155731
155747
155749
155750
155751
155753
155754
155755
155756
155757
155758
155759
155760
155761
155762
155763
155764
155765
155766
155767
155768
155769
155770
155771
155772
155773
155774
155775
155776
155778
155779
155780
155785
155803
155807
155810
155813
155814
155820
156007
156008
156011
156012
156014
156015
156018
156019
156021
156022
156025
156026
156064
156068
156069
156070
156071
156072
156073
156074
156075
156076
156077
156078
156079
156080
156081
156082
156083
156084
156085
156086
156087
156088
156089
156090
156091
156092
156093
156094
156095
156096
156098
156102
156174
156175
156176
156178
156179
156180
156182
156183
156184
156186
156187
156267
156271
156272
156273
156274
156275
156276
156277
156278
156279
156280
156281
156282
156283
156284
156285
156287
156291
156342
156344
156346
156348
156349
156350
156351
156352
156353
156354
156355
156356
156357
156358
156359
156360
156361
156362
156364
156366
156368
156426
156427
156428
156429
156430
156431
156432
156433
156434
156435
156436
156437
156438
156439
156443
156468
156470
156471
156472
156474
156475
156476
156478
156479
156480
156496
156498
156499
156500
156502
156503
156504
156505
156506
156507
156508
156509
156510
156511
156512
156513
156514
156515
156516
156517
156518
156519
156520
156521
156522
156523
156524
156525
156527
156528
156529
156534
156552
156556
156559
156562
156563
156569
156756
156757
156760
156761
156763
156764
156767
156768
156770
156771
156774
156775
156813
156817
156818
156819
156820
156821
156822
156823
156824
156825
156826
156827
156828
156829
156830
156831
156832
156833
156834
156835
156836
156837
156838
156839
156840
156841
156842
156843
156844
156845
156847
156851
156923
156924
156925
156927
156928
156929
156931
156932
156933
156935
156936
157016
157020
157021
157022
157023
157024
157025
157026
157027
157028
157029
157030
157031
157032
157033
157034
157036
157040
157091
157093
157095
157097
157098
157099
157100
157101
157102
157103
157104
157105
157106
157107
157108
157109
157110
157111
157113
157115
157117
157175
157176
157177
157178
157179
157180
157181
157182
157183
157184
157185
157186
157187
157188
157192
157217
157219
157220
157221
157223
157224
157225
157227
157228
157229
157245
157247
157248
157249
157251
157252
157253
157254
157255
157256
157257
157258
157259
157260
157261
157262
157263
157264
157265
157266
157267
157268
157269
157270
157271
157272
157273
157274
157276
157277
157278
157283
157301
157305
157308
157311
157312
157318
157505
157506
157509
157510
157512
157513
157516
157517
157519
157520
157523
157524
157562
157566
157567
157568
157569
157570
157571
157572
157573
157574
157575
157576
157577
157578
157579
157580
157581
157582
157583
157584
157585
157586
157587
157588
157589
157590
157591
157592
157593
157594
157596
157600
157672
157673
157674
157676
157677
157678
157680
157681
157682
157684
157685
157765
157769
157770
157771
157772
157773
157774
157775
157776
157777
157778
157779
157780
157781
157782
157783
157785
157789
157840
157842
157844
157846
157847
157848
157849
157850
157851
157852
157853
157854
157855
157856
157857
157858
157859
157860
157862
157864
157866
157924
157925
157926
157927
157928
157929
157930
157931
157932
157933
157934
157935
157936
157937
157941
157966
157968
157969
157970
157972
157973
157974
157976
157977
157978
157994
157996
157997
157998
158000
158001
158002
158003
158004
158005
158006
158007
158008
158009
158010
158011
158012
158013
158014
158015
158016
158017
158018
158019
158020
158021
158022
158023
158025
158026
158027
158032
158050
158054
158057
158060
158061
158067
158254
158255
158258
158259
158261
158262
158265
158266
158268
158269
158272
158273
158311
158315
158316
158317
158318
158319
158320
158321
158322
158323
158324
158325
158326
158327
158328
158329
158330
158331
158332
158333
158334
158335
158336
158337
158338
158339
158340
158341
158342
158343
158345
158349
158421
158422
158423
158425
158426
158427
158429
158430
158431
158433
158434
158514
158518
158519
158520
158521
158522
158523
158524
158525
158526
158527
158528
158529
158530
158531
158532
158534
158538
158589
158591
158593
158595
158596
158597
158598
158599
158600
158601
158602
158603
158604
158605
158606
158607
158608
158609
158611
158613
158615
158673
158674
158675
158676
158677
158678
158679
158680
158681
158682
158683
158684
158685
158686
158690
158715
158717
158718
158719
158721
158722
158723
158725
158726
158727
158743
158745
158746
158747
158749
158750
158751
158752
158753
158754
158755
158756
158757
158758
158759
158760
158761
158762
158763
158764
158765
158766
158767
158768
158769
158770
158771
158772
158774
158775
158776
158781
158799
158803
158806
158809
158810
158816
159003
159004
159007
159008
159010
159011
159014
159015
159017
159018
159021
159022
159060
159064
159065
159066
159067
159068
159069
159070
159071
159072
159073
159074
159075
159076
159077
159078
159079
159080
159081
159082
159083
159084
159085
159086
159087
159088
159089
159090
159091
159092
159094
159098
159170
159171
159172
159174
159175
159176
159178
159179
159180
159182
159183
159263
159267
159268
159269
159270
159271
159272
159273
159274
159275
159276
159277
159278
159279
159280
159281
159283
159287
159338
159340
159342
159344
159345
159346
159347
159348
159349
159350
159351
159352
159353
159354
159355
159356
159357
159358
159360
159362
159364
159422
159423
159424
159425
159426
159427
159428
159429
159430
159431
159432
159433
159434
159435
159439
159464
159466
159467
159468
159470
159471
159472
159474
159475
159476
159492
159494
159495
159496
159498
159499
159500
159501
159502
159503
159504
159505
159506
159507
159508
159509
159510
159511
159512
159513
159514
159515
159516
159517
159518
159519
159520
159521
159523
159524
159525
159530
159548
159552
159555
159558
159559
159565
159752
159753
159756
159757
159759
159760
159763
159764
159766
159767
159770
159771
159809
159813
159814
159815
159816
159817
159818
159819
159820
159821
159822
159823
159824
159825
159826
159827
159828
159829
159830
159831
159832
159833
159834
159835
159836
159837
159838
159839
159840
159841
159843
159847
159919
159920
159921
159923
159924
159925
159927
159928
159929
159931
159932
160012
160016
160017
160018
160019
160020
160021
160022
160023
160024
160025
160026
160027
160028
160029
160030
160032
160036
160087
160089
160091
160093
160094
160095
160096
160097
160098
160099
160100
160101
160102
160103
160104
160105
160106
160107
160109
160111
160113
160171
160172
160173
160174
160175
160176
160177
160178
160179
160180
160181
160182
160183
160184
160188
160213
160215
160216
160217
160219
160220
160221
160223
160224
160225
160241
160243
160244
160245
160247
160248
160249
160250
160251
160252
160253
160254
160255
160256
160257
160258
160259
160260
160261
160262
160263
160264
160265
160266
160267
160268
160269
160270
160272
160273
160274
160279
160297
160301
160304
160307
160308
160314
160501
160502
160505
160506
160508
160509
160512
160513
160515
160516
160519
160520
160558
160562
160563
160564
160565
160566
160567
160568
160569
160570
160571
160572
160573
160574
160575
160576
160577
160578
160579
160580
160581
160582
160583
160584
160585
160586
160587
160588
160589
160590
160592
160596
160668
160669
160670
160672
160673
160674
160676
160677
160678
160680
160681
160761
160765
160766
160767
160768
160769
160770
160771
160772
160773
160774
160775
160776
160777
160778
160779
160781
160785
160836
160838
160840
160842
160843
160844
160845
160846
160847
160848
160849
160850
160851
160852
160853
160854
160855
160856
160858
160860
160862
160920
160921
160922
160923
160924
160925
160926
160927
160928
160929
160930
160931
160932
160933
160937
160962
160964
160965
160966
160968
160969
160970
160972
160973
160974
160990
160992
160993
160994
160996
160997
160998
160999
161000
161001
161002
161003
161004
161005
161006
161007
161008
161009
161010
161011
161012
161013
161014
161015
161016
161017
161018
161019
161021
161022
161023
161028
161046
161050
161053
161056
161057
161063
161250
161251
161254
161255
161257
161258
161261
161262
161264
161265
161268
161269
161307
161311
161312
161313
161314
161315
161316
161317
161318
161319
161320
161321
161322
161323
161324
161325
161326
161327
161328
161329
161330
161331
161332
161333
161334
161335
161336
161337
161338
161339
161341
161345
161417
161418
161419
161421
161422
161423
161425
161426
161427
161429
161430
161510
161514
161515
161516
161517
161518
161519
161520
161521
161522
161523
161524
161525
161526
161527
161528
161530
161534
161585
161587
161589
161591
161592
161593
161594
161595
161596
161597
161598
161599
161600
161601
161602
161603
161604
161605
161607
161609
161611
161669
161670
161671
161672
161673
161674
161675
161676
161677
161678
161679
161680
161681
161682
161686
161711
161713
161714
161715
161717
161718
161719
161721
161722
161723
161739
161741
161742
161743
161745
161746
161747
161748
161749
161750
161751
161752
161753
161754
161755
161756
161757
161758
161759
161760
161761
161762
161763
161764
161765
161766
161767
161768
161770
161771
161772
161777
161795
161799
161802
161805
161806
161812
161999
162000
162003
162004
162006
162007
162010
162011
162013
162014
162017
162018
162056
162060
162061
162062
162063
162064
162065
162066
162067
162068
162069
162070
162071
162072
162073
162074
162075
162076
162077
162078
162079
162080
162081
162082
162083
162084
162085
162086
162087
162088
162090
162094
162166
162167
162168
162170
162171
162172
162174
162175
162176
162178
162179
162259
162263
162264
162265
162266
162267
162268
162269
162270
162271
162272
162273
162274
162275
162276
162277
162279
162283
162334
162336
162338
162340
162341
162342
162343
162344
162345
162346
162347
162348
162349
162350
162351
162352
162353
162354
162356
162358
162360
162418
162419
162420
162421
162422
162423
162424
162425
162426
162427
162428
162429
162430
162431
162435
162460
162462
162463
162464
162466
162467
162468
162470
162471
162472
162488
162490
162491
162492
162494
162495
162496
162497
162498
162499
162500
162501
162502
162503
162504
162505
162506
162507
162508
162509
162510
162511
162512
162513
162514
162515
162516
162517
162519
162520
162521
162526
162544
162548
162551
162554
162555
162561
162748
162749
162752
162753
162755
162756
162759
162760
162762
162763
162766
162767
162805
162809
162810
162811
162812
162813
162814
162815
162816
162817
162818
162819
162820
162821
162822
162823
162824
162825
162826
162827
162828
162829
162830
162831
162832
162833
162834
162835
162836
162837
162839
162843
162915
162916
162917
162919
162920
162921
162923
162924
162925
162927
162928
163008
163012
163013
163014
163015
163016
163017
163018
163019
163020
163021
163022
163023
163024
163025
163026
163028
163032
163083
163085
163087
163089
163090
163091
163092
163093
163094
163095
163096
163097
163098
163099
163100
163101
163102
163103
163105
163107
163109
163167
163168
163169
163170
163171
163172
163173
163174
163175
163176
163177
163178
163179
163180
163184
163209
163211
163212
163213
163215
163216
163217
163219
163220
163221
163237
163239
163240
163241
163243
163244
163245
163246
163247
163248
163249
163250
163251
163252
163253
163254
163255
163256
163257
163258
163259
163260
163261
163262
163263
163264
163265
163266
163268
163269
163270
163275
163293
163297
163300
163303
163304
163310
163497
163498
163501
163502
163504
163505
163508
163509
163511
163512
163515
163516
163554
163558
163559
163560
163561
163562
163563
163564
163565
163566
163567
163568
163569
163570
163571
163572
163573
163574
163575
163576
163577
163578
163579
163580
163581
163582
163583
163584
163585
163586
163588
163592
163664
163665
163666
163668
163669
163670
163672
163673
163674
163676
163677
163757
163761
163762
163763
163764
163765
163766
163767
163768
163769
163770
163771
163772
163773
163774
163775
163777
163781
163832
163834
163836
163838
163839
163840
163841
163842
163843
163844
163845
163846
163847
163848
163849
163850
163851
163852
163854
163856
163858
163916
163917
163918
163919
163920
163921
163922
163923
163924
163925
163926
163927
163928
163929
163933
163958
163960
163961
163962
163964
163965
163966
163968
163969
163970
163986
163988
163989
163990
163992
163993
163994
163995
163996
163997
163998
163999
164000
164001
164002
164003
164004
164005
164006
164007
164008
164009
164010
164011
164012
164013
164014
164015
164017
164018
164019
164024
164042
164046
164049
164052
164053
164059
164246
164247
164250
164251
164253
164254
164257
164258
164260
164261
164264
164265
164303
164307
164308
164309
164310
164311
164312
164313
164314
164315
164316
164317
164318
164319
164320
164321
164322
164323
164324
164325
164326
164327
164328
164329
164330
164331
164332
164333
164334
164335
164337
164341
164413
164414
164415
164417
164418
164419
164421
164422
164423
164425
164426
164506
164510
164511
164512
164513
164514
164515
164516
164517
164518
164519
164520
164521
164522
164523
164524
164526
164530
164581
164583
164585
164587
164588
164589
164590
164591
164592
164593
164594
164595
164596
164597
164598
164599
164600
164601
164603
164605
164607
164665
164666
164667
164668
164669
164670
164671
164672
164673
164674
164675
164676
164677
164678
164682
164707
164709
164710
164711
164713
164714
164715
164717
164718
164719
164735
164737
164738
164739
164741
164742
164743
164744
164745
164746
164747
164748
164749
164750
164751
164752
164753
164754
164755
164756
164757
164758
164759
164760
164761
164762
164763
164764
164766
164767
164768
164773
164791
164795
164798
164801
164802
164808
164995
164996
164999
165000
165002
165003
165006
165007
165009
165010
165013
165014
165052
165056
165057
165058
165059
165060
165061
165062
165063
165064
165065
165066
165067
165068
165069
165070
165071
165072
165073
165074
165075
165076
165077
165078
165079
165080
165081
165082
165083
165084
165086
165090
165162
165163
165164
165166
165167
165168
165170
165171
165172
165174
165175
165255
165259
165260
165261
165262
165263
165264
165265
165266
165267
165268
165269
165270
165271
165272
165273
165275
165279
165330
165332
165334
165336
165337
165338
165339
165340
165341
165342
165343
165344
165345
165346
165347
165348
165349
165350
165352
165354
165356
165414
165415
165416
165417
165418
165419
165420
165421
165422
165423
165424
165425
165426
165427
165431
165456
165458
165459
165460
165462
165463
165464
165466
165467
165468
165484
165486
165487
165488
165490
165491
165492
165493
165494
165495
165496
165497
165498
165499
165500
165501
165502
165503
165504
165505
165506
165507
165508
165509
165510
165511
165512
165513
165515
165516
165517
165522
165540
165544
165547
165550
165551
165557
165744
165745
165748
165749
165751
165752
165755
165756
165758
165759
165762
165763
165801
165805
165806
165807
165808
165809
165810
165811
165812
165813
165814
165815
165816
165817
165818
165819
165820
165821
165822
165823
165824
165825
165826
165827
165828
165829
165830
165831
165832
165833
165835
165839
165911
165912
165913
165915
165916
165917
165919
165920
165921
165923
165924
166004
166008
166009
166010
166011
166012
166013
166014
166015
166016
166017
166018
166019
166020
166021
166022
166024
166028
166079
166081
166083
166085
166086
166087
166088
166089
166090
166091
166092
166093
166094
166095
166096
166097
166098
166099
166101
166103
166105
166163
166164
166165
166166
166167
166168
166169
166170
166171
166172
166173
166174
166175
166176
166180
166205
166207
166208
166209
166211
166212
166213
166215
166216
166217
166233
166235
166236
166237
166239
166240
166241
166242
166243
166244
166245
166246
166247
166248
166249
166250
166251
166252
166253
166254
166255
166256
166257
166258
166259
166260
166261
166262
166264
166265
166266
166271
166289
166293
166296
166299
166300
166306
166493
166494
166497
166498
166500
166501
166504
166505
166507
166508
166511
166512
166550
166554
166555
166556
166557
166558
166559
166560
166561
166562
166563
166564
166565
166566
166567
166568
166569
166570
166571
166572
166573
166574
166575
166576
166577
166578
166579
166580
166581
166582
166584
166588
166660
166661
166662
166664
166665
166666
166668
166669
166670
166672
166673
166753
166757
166758
166759
166760
166761
166762
166763
166764
166765
166766
166767
166768
166769
166770
166771
166773
166777
166828
166830
166832
166834
166835
166836
166837
166838
166839
166840
166841
166842
166843
166844
166845
166846
166847
166848
166850
166852
166854
166912
166913
166914
166915
166916
166917
166918
166919
166920
166921
166922
166923
166924
166925
166929
166954
166956
166957
166958
166960
166961
166962
166964
166965
166966
166982
166984
166985
166986
166988
166989
166990
166991
166992
166993
166994
166995
166996
166997
166998
166999
167000
167001
167002
167003
167004
167005
167006
167007
167008
167009
167010
167011
167013
167014
167015
167020
167038
167042
167045
167048
167049
167055
167242
167243
167246
167247
167249
167250
167253
167254
167256
167257
167260
167261
167299
167303
167304
167305
167306
167307
167308
167309
167310
167311
167312
167313
167314
167315
167316
167317
167318
167319
167320
167321
167322
167323
167324
167325
167326
167327
167328
167329
167330
167331
167333
167337
167409
167410
167411
167413
167414
167415
167417
167418
167419
167421
167422
167502
167506
167507
167508
167509
167510
167511
167512
167513
167514
167515
167516
167517
167518
167519
167520
167522
167526
167577
167579
167581
167583
167584
167585
167586
167587
167588
167589
167590
167591
167592
167593
167594
167595
167596
167597
167599
167601
167603
167661
167662
167663
167664
167665
167666
167667
167668
167669
167670
167671
167672
167673
167674
167678
167703
167705
167706
167707
167709
167710
167711
167713
167714
167715
167731
167733
167734
167735
167737
167738
167739
167740
167741
167742
167743
167744
167745
167746
167747
167748
167749
167750
167751
167752
167753
167754
167755
167756
167757
167758
167759
167760
167762
167763
167764
167769
167787
167791
167794
167797
167798
167804
167991
167992
167995
167996
167998
167999
168002
168003
168005
168006
168009
168010
168048
168052
168053
168054
168055
168056
168057
168058
168059
168060
168061
168062
168063
168064
168065
168066
168067
168068
168069
168070
168071
168072
168073
168074
168075
168076
168077
168078
168079
168080
168082
168086
168158
168159
168160
168162
168163
168164
168166
168167
168168
168170
168171
168251
168255
168256
168257
168258
168259
168260
168261
168262
168263
168264
168265
168266
168267
168268
168269
168271
168275
168326
168328
168330
168332
168333
168334
168335
168336
168337
168338
168339
168340
168341
168342
168343
168344
168345
168346
168348
168350
168352
168410
168411
168412
168413
168414
168415
168416
168417
168418
168419
168420
168421
168422
168423
168427
168452
168454
168455
168456
168458
168459
168460
168462
168463
168464
168480
168482
168483
168484
168486
168487
168488
168489
168490
168491
168492
168493
168494
168495
168496
168497
168498
168499
168500
168501
168502
168503
168504
168505
168506
168507
168508
168509
168511
168512
168513
168518
168536
168540
168543
168546
168547
168553
168740
168741
168744
168745
168747
168748
168751
168752
168754
168755
168758
168759
168797
168801
168802
168803
168804
168805
168806
168807
168808
168809
168810
168811
168812
168813
168814
168815
168816
168817
168818
168819
168820
168821
168822
168823
168824
168825
168826
168827
168828
168829
168831
168835
168907
168908
168909
168911
168912
168913
168915
168916
168917
168919
168920
169000
169004
169005
169006
169007
169008
169009
169010
169011
169012
169013
169014
169015
169016
169017
169018
169020
169024
169075
169077
169079
169081
169082
169083
169084
169085
169086
169087
169088
169089
169090
169091
169092
169093
169094
169095
169097
169099
169101
169159
169160
169161
169162
169163
169164
169165
169166
169167
169168
169169
169170
169171
169172
169176
169201
169203
169204
169205
169207
169208
169209
169211
169212
169213
169229
169231
169232
169233
169235
169236
169237
169238
169239
169240
169241
169242
169243
169244
169245
169246
169247
169248
169249
169250
169251
169252
169253
169254
169255
169256
169257
169258
169260
169261
169262
169267
169285
169289
169292
169295
169296
169302
169489
169490
169493
169494
169496
169497
169500
169501
169503
169504
169507
169508
169546
169550
169551
169552
169553
169554
169555
169556
169557
169558
169559
169560
169561
169562
169563
169564
169565
169566
169567
169568
169569
169570
169571
169572
169573
169574
169575
169576
169577
169578
169580
169584
169656
169657
169658
169660
169661
169662
169664
169665
169666
169668
169669
169749
169753
169754
169755
169756
169757
169758
169759
169760
169761
169762
169763
169764
169765
169766
169767
169769
169773
169824
169826
169828
169830
169831
169832
169833
169834
169835
169836
169837
169838
169839
169840
169841
169842
169843
169844
169846
169848
169850
169908
169909
169910
169911
169912
169913
169914
169915
169916
169917
169918
169919
169920
169921
169925
169950
169952
169953
169954
169956
169957
169958
169960
169961
169962
169978
169980
169981
169982
169984
169985
169986
169987
169988
169989
169990
169991
169992
169993
169994
169995
169996
169997
169998
169999
170000
170001
170002
170003
170004
170005
170006
170007
170009
170010
170011
170016
170034
170038
170041
170044
170045
170051
170238
170239
170242
170243
170245
170246
170249
170250
170252
170253
170256
170257
170295
170299
170300
170301
170302
170303
170304
170305
170306
170307
170308
170309
170310
170311
170312
170313
170314
170315
170316
170317
170318
170319
170320
170321
170322
170323
170324
170325
170326
170327
170329
170333
170405
170406
170407
170409
170410
170411
170413
170414
170415
170417
170418
170498
170502
170503
170504
170505
170506
170507
170508
170509
170510
170511
170512
170513
170514
170515
170516
170518
170522
170573
170575
170577
170579
170580
170581
170582
170583
170584
170585
170586
170587
170588
170589
170590
170591
170592
170593
170595
170597
170599
170657
170658
170659
170660
170661
170662
170663
170664
170665
170666
170667
170668
170669
170670
170674
170699
170701
170702
170703
170705
170706
170707
170709
170710
170711
170727
170729
170730
170731
170733
170734
170735
170736
170737
170738
170739
170740
170741
170742
170743
170744
170745
170746
170747
170748
170749
170750
170751
170752
170753
170754
170755
170756
170758
170759
170760
170765
170783
170787
170790
170793
170794
170800
170987
170988
170991
170992
170994
170995
170998
170999
171001
171002
171005
171006
171044
171048
171049
171050
171051
171052
171053
171054
171055
171056
171057
171058
171059
171060
171061
171062
171063
171064
171065
171066
171067
171068
171069
171070
171071
171072
171073
171074
171075
171076
171078
171082
171154
171155
171156
171158
171159
171160
171162
171163
171164
171166
171167
171247
171251
171252
171253
171254
171255
171256
171257
171258
171259
171260
171261
171262
171263
171264
171265
171267
171271
171322
171324
171326
171328
171329
171330
171331
171332
171333
171334
171335
171336
171337
171338
171339
171340
171341
171342
171344
171346
171348
171406
171407
171408
171409
171410
171411
171412
171413
171414
171415
171416
171417
171418
171419
171423
171448
171450
171451
171452
171454
171455
171456
171458
171459
171460
171476
171478
171479
171480
171482
171483
171484
171485
171486
171487
171488
171489
171490
171491
171492
171493
171494
171495
171496
171497
171498
171499
171500
171501
171502
171503
171504
171505
171507
171508
171509
171514
171532
171536
171539
171542
171543
171549
171736
171737
171740
171741
171743
171744
171747
171748
171750
171751
171754
171755
171793
171797
171798
171799
171800
171801
171802
171803
171804
171805
171806
171807
171808
171809
171810
171811
171812
171813
171814
171815
171816
171817
171818
171819
171820
171821
171822
171823
171824
171825
171827
171831
171903
171904
171905
171907
171908
171909
171911
171912
171913
171915
171916
171996
172000
172001
172002
172003
172004
172005
172006
172007
172008
172009
172010
172011
172012
172013
172014
172016
172020
172071
172073
172075
172077
172078
172079
172080
172081
172082
172083
172084
172085
172086
172087
172088
172089
172090
172091
172093
172095
172097
172155
172156
172157
172158
172159
172160
172161
172162
172163
172164
172165
172166
172167
172168
172172
172197
172199
172200
172201
172203
172204
172205
172207
172208
172209
172225
172227
172228
172229
172231
172232
172233
172234
172235
172236
172237
172238
172239
172240
172241
172242
172243
172244
172245
172246
172247
172248
172249
172250
172251
172252
172253
172254
172256
172257
172258
172263
172281
172285
172288
172291
172292
172298
172485
172486
172489
172490
172492
172493
172496
172497
172499
172500
172503
172504
172542
172546
172547
172548
172549
172550
172551
172552
172553
172554
172555
172556
172557
172558
172559
172560
172561
172562
172563
172564
172565
172566
172567
172568
172569
172570
172571
172572
172573
172574
172576
172580
172652
172653
172654
172656
172657
172658
172660
172661
172662
172664
172665
172745
172749
172750
172751
172752
172753
172754
172755
172756
172757
172758
172759
172760
172761
172762
172763
172765
172769
172820
172822
172824
172826
172827
172828
172829
172830
172831
172832
172833
172834
172835
172836
172837
172838
172839
172840
172842
172844
172846
172904
172905
172906
172907
172908
172909
172910
172911
172912
172913
172914
172915
172916
172917
172921
172946
172948
172949
172950
172952
172953
172954
172956
172957
172958
172974
172976
172977
172978
172980
172981
172982
172983
172984
172985
172986
172987
172988
172989
172990
172991
172992
172993
172994
172995
172996
172997
172998
172999
173000
173001
173002
173003
173005
173006
173007
173012
173030
173034
173037
173040
173041
173047
173234
173235
173238
173239
173241
173242
173245
173246
173248
173249
173252
173253
173291
173295
173296
173297
173298
173299
173300
173301
173302
173303
173304
173305
173306
173307
173308
173309
173310
173311
173312
173313
173314
173315
173316
173317
173318
173319
173320
173321
173322
173323
173325
173329
173401
173402
173403
173405
173406
173407
173409
173410
173411
173413
173414
173494
173498
173499
173500
173501
173502
173503
173504
173505
173506
173507
173508
173509
173510
173511
173512
173514
173518
173569
173571
173573
173575
173576
173577
173578
173579
173580
173581
173582
173583
173584
173585
173586
173587
173588
173589
173591
173593
173595
173653
173654
173655
173656
173657
173658
173659
173660
173661
173662
173663
173664
173665
173666
173670
173695
173697
173698
173699
173701
173702
173703
173705
173706
173707
173723
173725
173726
173727
173729
173730
173731
173732
173733
173734
173735
173736
173737
173738
173739
173740
173741
173742
173743
173744
173745
173746
173747
173748
173749
173750
173751
173752
173754
173755
173756
173761
173779
173783
173786
173789
173790
173796
173983
173984
173987
173988
173990
173991
173994
173995
173997
173998
174001
174002
174040
174044
174045
174046
174047
174048
174049
174050
174051
174052
174053
174054
174055
174056
174057
174058
174059
174060
174061
174062
174063
174064
174065
174066
174067
174068
174069
174070
174071
174072
174074
174078
174150
174151
174152
174154
174155
174156
174158
174159
174160
174162
174163
174243
174247
174248
174249
174250
174251
174252
174253
174254
174255
174256
174257
174258
174259
174260
174261
174263
174267
174318
174320
174322
174324
174325
174326
174327
174328
174329
174330
174331
174332
174333
174334
174335
174336
174337
174338
174340
174342
174344
174402
174403
174404
174405
174406
174407
174408
174409
174410
174411
174412
174413
174414
174415
174419
174444
174446
174447
174448
174450
174451
174452
174454
174455
174456
174472
174474
174475
174476
174478
174479
174480
174481
174482
174483
174484
174485
174486
174487
174488
174489
174490
174491
174492
174493
174494
174495
174496
174497
174498
174499
174500
174501
174503
174504
174505
174510
174528
174532
174535
174538
174539
174545
174732
174733
174736
174737
174739
174740
174743
174744
174746
174747
174750
174751
174789
174793
174794
174795
174796
174797
174798
174799
174800
174801
174802
174803
174804
174805
174806
174807
174808
174809
174810
174811
174812
174813
174814
174815
174816
174817
174818
174819
174820
174821
174823
174827
174899
174900
174901
174903
174904
174905
174907
174908
174909
174911
174912
174992
174996
174997
174998
174999
175000
175001
175002
175003
175004
175005
175006
175007
175008
175009
175010
175012
175016
175067
175069
175071
175073
175074
175075
175076
175077
175078
175079
175080
175081
175082
175083
175084
175085
175086
175087
175089
175091
175093
175151
175152
175153
175154
175155
175156
175157
175158
175159
175160
175161
175162
175163
175164
175168
175193
175195
175196
175197
175199
175200
175201
175203
175204
175205
175221
175223
175224
175225
175227
175228
175229
175230
175231
175232
175233
175234
175235
175236
175237
175238
175239
175240
175241
175242
175243
175244
175245
175246
175247
175248
175249
175250
175252
175253
175254
175259
175277
175281
175284
175287
175288
175294
175481
175482
175485
175486
175488
175489
175492
175493
175495
175496
175499
175500
175538
175542
175543
175544
175545
175546
175547
175548
175549
175550
175551
175552
175553
175554
175555
175556
175557
175558
175559
175560
175561
175562
175563
175564
175565
175566
175567
175568
175569
175570
175572
175576
175648
175649
175650
175652
175653
175654
175656
175657
175658
175660
175661
175741
175745
175746
175747
175748
175749
175750
175751
175752
175753
175754
175755
175756
175757
175758
175759
175761
175765
175816
175818
175820
175822
175823
175824
175825
175826
175827
175828
175829
175830
175831
175832
175833
175834
175835
175836
175838
175840
175842
175900
175901
175902
175903
175904
175905
175906
175907
175908
175909
175910
175911
175912
175913
175917
175942
175944
175945
175946
175948
175949
175950
175952
175953
175954
175970
175972
175973
175974
175976
175977
175978
175979
175980
175981
175982
175983
175984
175985
175986
175987
175988
175989
175990
175991
175992
175993
175994
175995
175996
175997
175998
175999
176001
176002
176003
176008
176026
176030
176033
176036
176037
176043
176230
176231
176234
176235
176237
176238
176241
176242
176244
176245
176248
176249
176287
176291
176292
176293
176294
176295
176296
176297
176298
176299
176300
176301
176302
176303
176304
176305
176306
176307
176308
176309
176310
176311
176312
176313
176314
176315
176316
176317
176318
176319
176321
176325
176397
176398
176399
176401
176402
176403
176405
176406
176407
176409
176410
176490
176494
176495
176496
176497
176498
176499
176500
176501
176502
176503
176504
176505
176506
176507
176508
176510
176514
176565
176567
176569
176571
176572
176573
176574
176575
176576
176577
176578
176579
176580
176581
176582
176583
176584
176585
176587
176589
176591
176649
176650
176651
176652
176653
176654
176655
176656
176657
176658
176659
176660
176661
176662
176666
176691
176693
176694
176695
176697
176698
176699
176701
176702
176703
176719
176721
176722
176723
176725
176726
176727
176728
176729
176730
176731
176732
176733
176734
176735
176736
176737
176738
176739
176740
176741
176742
176743
176744
176745
176746
176747
176748
176750
176751
176752
176757
176775
176779
176782
176785
176786
176792
176979
176980
176983
176984
176986
176987
176990
176991
176993
176994
176997
176998
177036
177040
177041
177042
177043
177044
177045
177046
177047
177048
177049
177050
177051
177052
177053
177054
177055
177056
177057
177058
177059
177060
177061
177062
177063
177064
177065
177066
177067
177068
177070
177074
177146
177147
177148
177150
177151
177152
177154
177155
177156
177158
177159
177239
177243
177244
177245
177246
177247
177248
177249
177250
177251
177252
177253
177254
177255
177256
177257
177259
177263
177314
177316
177318
177320
177321
177322
177323
177324
177325
177326
177327
177328
177329
177330
177331
177332
177333
177334
177336
177338
177340
177398
177399
177400
177401
177402
177403
177404
177405
177406
177407
177408
177409
177410
177411
177415
177440
177442
177443
177444
177446
177447
177448
177450
177451
177452
177468
177470
177471
177472
177474
177475
177476
177477
177478
177479
177480
177481
177482
177483
177484
177485
177486
177487
177488
177489
177490
177491
177492
177493
177494
177495
177496
177497
177499
177500
177501
177506
177524
177528
177531
177534
177535
177541
177728
177729
177732
177733
177735
177736
177739
177740
177742
177743
177746
177747
177785
177789
177790
177791
177792
177793
177794
177795
177796
177797
177798
177799
177800
177801
177802
177803
177804
177805
177806
177807
177808
177809
177810
177811
177812
177813
177814
177815
177816
177817
177819
177823
177895
177896
177897
177899
177900
177901
177903
177904
177905
177907
177908
177988
177992
177993
177994
177995
177996
177997
177998
177999
178000
178001
178002
178003
178004
178005
178006
178008
178012
178063
178065
178067
178069
178070
178071
178072
178073
178074
178075
178076
178077
178078
178079
178080
178081
178082
178083
178085
178087
178089
178147
178148
178149
178150
178151
178152
178153
178154
178155
178156
178157
178158
178159
178160
178164
178189
178191
178192
178193
178195
178196
178197
178199
178200
178201
178217
178219
178220
178221
178223
178224
178225
178226
178227
178228
178229
178230
178231
178232
178233
178234
178235
178236
178237
178238
178239
178240
178241
178242
178243
178244
178245
178246
178248
178249
178250
178255
178273
178277
178280
178283
178284
178290
178477
178478
178481
178482
178484
178485
178488
178489
178491
178492
178495
178496
178534
178538
178539
178540
178541
178542
178543
178544
178545
178546
178547
178548
178549
178550
178551
178552
178553
178554
178555
178556
178557
178558
178559
178560
178561
178562
178563
178564
178565
178566
178568
178572
178644
178645
178646
178648
178649
178650
178652
178653
178654
178656
178657
178737
178741
178742
178743
178744
178745
178746
178747
178748
178749
178750
178751
178752
178753
178754
178755
178757
178761
178812
178814
178816
178818
178819
178820
178821
178822
178823
178824
178825
178826
178827
178828
178829
178830
178831
178832
178834
178836
178838
178896
178897
178898
178899
178900
178901
178902
178903
178904
178905
178906
178907
178908
178909
178913
178938
178940
178941
178942
178944
178945
178946
178948
178949
178950
178966
178968
178969
178970
178972
178973
178974
178975
178976
178977
178978
178979
178980
178981
178982
178983
178984
178985
178986
178987
178988
178989
178990
178991
178992
178993
178994
178995
178997
178998
178999
179004
179022
179026
179029
179032
179033
179039
179226
179227
179230
179231
179233
179234
179237
179238
179240
179241
179244
179245
179283
179287
179288
179289
179290
179291
179292
179293
179294
179295
179296
179297
179298
179299
179300
179301
179302
179303
179304
179305
179306
179307
179308
179309
179310
179311
179312
179313
179314
179315
179317
179321
179393
179394
179395
179397
179398
179399
179401
179402
179403
179405
179406
179486
179490
179491
179492
179493
179494
179495
179496
179497
179498
179499
179500
179501
179502
179503
179504
179506
179510
179561
179563
179565
179567
179568
179569
179570
179571
179572
179573
179574
179575
179576
179577
179578
179579
179580
179581
179583
179585
179587
179645
179646
179647
179648
179649
179650
179651
179652
179653
179654
179655
179656
179657
179658
179662
179687
179689
179690
179691
179693
179694
179695
179697
179698
179699
179715
179717
179718
179719
179721
179722
179723
179724
179725
179726
179727
179728
179729
179730
179731
179732
179733
179734
179735
179736
179737
179738
179739
179740
179741
179742
179743
179744
179746
179747
179748
179753
179771
179775
179778
179781
179782
179788
179975
179976
179979
179980
179982
179983
179986
179987
179989
179990
179993
179994
180032
180036
180037
180038
180039
180040
180041
180042
180043
180044
180045
180046
180047
180048
180049
180050
180051
180052
180053
180054
180055
180056
180057
180058
180059
180060
180061
180062
180063
180064
180066
180070
180142
180143
180144
180146
180147
180148
180150
180151
180152
180154
180155
180235
180239
180240
180241
180242
180243
180244
180245
180246
180247
180248
180249
180250
180251
180252
180253
180255
180259
180310
180312
180314
180316
180317
180318
180319
180320
180321
180322
180323
180324
180325
180326
180327
180328
180329
180330
180332
180334
180336
180394
180395
180396
180397
180398
180399
180400
180401
180402
180403
180404
180405
180406
180407
180411
180436
180438
180439
180440
180442
180443
180444
180446
180447
180448
180464
180466
180467
180468
180470
180471
180472
180473
180474
180475
180476
180477
180478
180479
180480
180481
180482
180483
180484
180485
180486
180487
180488
180489
180490
180491
180492
180493
180495
180496
180497
180502
180520
180524
180527
180530
180531
180537
180724
180725
180728
180729
180731
180732
180735
180736
180738
180739
180742
180743
180781
180785
180786
180787
180788
180789
180790
180791
180792
180793
180794
180795
180796
180797
180798
180799
180800
180801
180802
180803
180804
180805
180806
180807
180808
180809
180810
180811
180812
180813
180815
180819
180891
180892
180893
180895
180896
180897
180899
180900
180901
180903
180904
180984
180988
180989
180990
180991
180992
180993
180994
180995
180996
180997
180998
180999
181000
181001
181002
181004
181008
181059
181061
181063
181065
181066
181067
181068
181069
181070
181071
181072
181073
181074
181075
181076
181077
181078
181079
181081
181083
181085
181143
181144
181145
181146
181147
181148
181149
181150
181151
181152
181153
181154
181155
181156
181160
181185
181187
181188
181189
181191
181192
181193
181195
181196
181197
181213
181215
181216
181217
181219
181220
181221
181222
181223
181224
181225
181226
181227
181228
181229
181230
181231
181232
181233
181234
181235
181236
181237
181238
181239
181240
181241
181242
181244
181245
181246
181251
181269
181273
181276
181279
181280
181286
181473
181474
181477
181478
181480
181481
181484
181485
181487
181488
181491
181492
181530
181534
181535
181536
181537
181538
181539
181540
181541
181542
181543
181544
181545
181546
181547
181548
181549
181550
181551
181552
181553
181554
181555
181556
181557
181558
181559
181560
181561
181562
181564
181568
181640
181641
181642
181644
181645
181646
181648
181649
181650
181652
181653
181733
181737
181738
181739
181740
181741
181742
181743
181744
181745
181746
181747
181748
181749
181750
181751
181753
181757
181808
181810
181812
181814
181815
181816
181817
181818
181819
181820
181821
181822
181823
181824
181825
181826
181827
181828
181830
181832
181834
181892
181893
181894
181895
181896
181897
181898
181899
181900
181901
181902
181903
181904
181905
181909
181934
181936
181937
181938
181940
181941
181942
181944
181945
181946
181962
181964
181965
181966
181968
181969
181970
181971
181972
181973
181974
181975
181976
181977
181978
181979
181980
181981
181982
181983
181984
181985
181986
181987
181988
181989
181990
181991
181993
181994
181995
182000
182018
182022
182025
182028
182029
182035
182222
182223
182226
182227
182229
182230
182233
182234
182236
182237
182240
182241
182279
182283
182284
182285
182286
182287
182288
182289
182290
182291
182292
182293
182294
182295
182296
182297
182298
182299
182300
182301
182302
182303
182304
182305
182306
182307
182308
182309
182310
182311
182313
182317
182389
182390
182391
182393
182394
182395
182397
182398
182399
182401
182402
182482
182486
182487
182488
182489
182490
182491
182492
182493
182494
182495
182496
182497
182498
182499
182500
182502
182506
182557
182559
182561
182563
182564
182565
182566
182567
182568
182569
182570
182571
182572
182573
182574
182575
182576
182577
182579
182581
182583
182641
182642
182643
182644
182645
182646
182647
182648
182649
182650
182651
182652
182653
182654
182658
182683
182685
182686
182687
182689
182690
182691
182693
182694
182695
182711
182713
182714
182715
182717
182718
182719
182720
182721
182722
182723
182724
182725
182726
182727
182728
182729
182730
182731
182732
182733
182734
182735
182736
182737
182738
182739
182740
182742
182743
182744
182749
182767
182771
182774
182777
182778
182784
182971
182972
182975
182976
182978
182979
182982
182983
182985
182986
182989
182990
183028
183032
183033
183034
183035
183036
183037
183038
183039
183040
183041
183042
183043
183044
183045
183046
183047
183048
183049
183050
183051
183052
183053
183054
183055
183056
183057
183058
183059
183060
183062
183066
183138
183139
183140
183142
183143
183144
183146
183147
183148
183150
183151
183231
183235
183236
183237
183238
183239
183240
183241
183242
183243
183244
183245
183246
183247
183248
183249
183251
183255
183306
183308
183310
183312
183313
183314
183315
183316
183317
183318
183319
183320
183321
183322
183323
183324
183325
183326
183328
183330
183332
183390
183391
183392
183393
183394
183395
183396
183397
183398
183399
183400
183401
183402
183403
183407
183432
183434
183435
183436
183438
183439
183440
183442
183443
183444
183460
183462
183463
183464
183466
183467
183468
183469
183470
183471
183472
183473
183474
183475
183476
183477
183478
183479
183480
183481
183482
183483
183484
183485
183486
183487
183488
183489
183491
183492
183493
183498
183516
183520
183523
183526
183527
183533
183720
183721
183724
183725
183727
183728
183731
183732
183734
183735
183738
183739
183777
183781
183782
183783
183784
183785
183786
183787
183788
183789
183790
183791
183792
183793
183794
183795
183796
183797
183798
183799
183800
183801
183802
183803
183804
183805
183806
183807
183808
183809
183811
183815
183887
183888
183889
183891
183892
183893
183895
183896
183897
183899
183900
183980
183984
183985
183986
183987
183988
183989
183990
183991
183992
183993
183994
183995
183996
183997
183998
184000
184004
184055
184057
184059
184061
184062
184063
184064
184065
184066
184067
184068
184069
184070
184071
184072
184073
184074
184075
184077
184079
184081
184139
184140
184141
184142
184143
184144
184145
184146
184147
184148
184149
184150
184151
184152
184156
184181
184183
184184
184185
184187
184188
184189
184191
184192
184193
184209
184211
184212
184213
184215
184216
184217
184218
184219
184220
184221
184222
184223
184224
184225
184226
184227
184228
184229
184230
184231
184232
184233
184234
184235
184236
184237
184238
184240
184241
184242
184247
184265
184269
184272
184275
184276
184282
184469
184470
184473
184474
184476
184477
184480
184481
184483
184484
184487
184488
184526
184530
184531
184532
184533
184534
184535
184536
184537
184538
184539
184540
184541
184542
184543
184544
184545
184546
184547
184548
184549
184550
184551
184552
184553
184554
184555
184556
184557
184558
184560
184564
184636
184637
184638
184640
184641
184642
184644
184645
184646
184648
184649
184729
184733
184734
184735
184736
184737
184738
184739
184740
184741
184742
184743
184744
184745
184746
184747
184749
184753
184804
184806
184808
184810
184811
184812
184813
184814
184815
184816
184817
184818
184819
184820
184821
184822
184823
184824
184826
184828
184830
184888
184889
184890
184891
184892
184893
184894
184895
184896
184897
184898
184899
184900
184901
184905
184930
184932
184933
184934
184936
184937
184938
184940
184941
184942
184958
184960
184961
184962
184964
184965
184966
184967
184968
184969
184970
184971
184972
184973
184974
184975
184976
184977
184978
184979
184980
184981
184982
184983
184984
184985
184986
184987
184989
184990
184991
184996
185014
185018
185021
185024
185025
185031
185218
185219
185222
185223
185225
185226
185229
185230
185232
185233
185236
185237
185275
185279
185280
185281
185282
185283
185284
185285
185286
185287
185288
185289
185290
185291
185292
185293
185294
185295
185296
185297
185298
185299
185300
185301
185302
185303
185304
185305
185306
185307
185309
185313
185385
185386
185387
185389
185390
185391
185393
185394
185395
185397
185398
185478
185482
185483
185484
185485
185486
185487
185488
185489
185490
185491
185492
185493
185494
185495
185496
185498
185502
185553
185555
185557
185559
185560
185561
185562
185563
185564
185565
185566
185567
185568
185569
185570
185571
185572
185573
185575
185577
185579
185637
185638
185639
185640
185641
185642
185643
185644
185645
185646
185647
185648
185649
185650
185654
185679
185681
185682
185683
185685
185686
185687
185689
185690
185691
185707
185709
185710
185711
185713
185714
185715
185716
185717
185718
185719
185720
185721
185722
185723
185724
185725
185726
185727
185728
185729
185730
185731
185732
185733
185734
185735
185736
185738
185739
185740
185745
185763
185767
185770
185773
185774
185780
185967
185968
185971
185972
185974
185975
185978
185979
185981
185982
185985
185986
186024
186028
186029
186030
186031
186032
186033
186034
186035
186036
186037
186038
186039
186040
186041
186042
186043
186044
186045
186046
186047
186048
186049
186050
186051
186052
186053
186054
186055
186056
186058
186062
186134
186135
186136
186138
186139
186140
186142
186143
186144
186146
186147
186227
186231
186232
186233
186234
186235
186236
186237
186238
186239
186240
186241
186242
186243
186244
186245
186247
186251
186302
186304
186306
186308
186309
186310
186311
186312
186313
186314
186315
186316
186317
186318
186319
186320
186321
186322
186324
186326
186328
186386
186387
186388
186389
186390
186391
186392
186393
186394
186395
186396
186397
186398
186399
186403
186428
186430
186431
186432
186434
186435
186436
186438
186439
186440
186456
186458
186459
186460
186462
186463
186464
186465
186466
186467
186468
186469
186470
186471
186472
186473
186474
186475
186476
186477
186478
186479
186480
186481
186482
186483
186484
186485
186487
186488
186489
186494
186512
186516
186519
186522
186523
186529
186716
186717
186720
186721
186723
186724
186727
186728
186730
186731
186734
186735
186773
186777
186778
186779
186780
186781
186782
186783
186784
186785
186786
186787
186788
186789
186790
186791
186792
186793
186794
186795
186796
186797
186798
186799
186800
186801
186802
186803
186804
186805
186807
186811
186883
186884
186885
186887
186888
186889
186891
186892
186893
186895
186896
186976
186980
186981
186982
186983
186984
186985
186986
186987
186988
186989
186990
186991
186992
186993
186994
186996
187000
187051
187053
187055
187057
187058
187059
187060
187061
187062
187063
187064
187065
187066
187067
187068
187069
187070
187071
187073
187075
187077
187135
187136
187137
187138
187139
187140
187141
187142
187143
187144
187145
187146
187147
187148
187152
187177
187179
187180
187181
187183
187184
187185
187187
187188
187189
187205
187207
187208
187209
187211
187212
187213
187214
187215
187216
187217
187218
187219
187220
187221
187222
187223
187224
187225
187226
187227
187228
187229
187230
187231
187232
187233
187234
187236
187237
187238
187243
187261
187265
187268
187271
187272
187278
187465
187466
187469
187470
187472
187473
187476
187477
187479
187480
187483
187484
187522
187526
187527
187528
187529
187530
187531
187532
187533
187534
187535
187536
187537
187538
187539
187540
187541
187542
187543
187544
187545
187546
187547
187548
187549
187550
187551
187552
187553
187554
187556
187560
187632
187633
187634
187636
187637
187638
187640
187641
187642
187644
187645
187725
187729
187730
187731
187732
187733
187734
187735
187736
187737
187738
187739
187740
187741
187742
187743
187745
187749
187800
187802
187804
187806
187807
187808
187809
187810
187811
187812
187813
187814
187815
187816
187817
187818
187819
187820
187822
187824
187826
187884
187885
187886
187887
187888
187889
187890
187891
187892
187893
187894
187895
187896
187897
187901
187926
187928
187929
187930
187932
187933
187934
187936
187937
187938
187954
187956
187957
187958
187960
187961
187962
187963
187964
187965
187966
187967
187968
187969
187970
187971
187972
187973
187974
187975
187976
187977
187978
187979
187980
187981
187982
187983
187985
187986
187987
187992
188010
188014
188017
188020
188021
188027
188214
188215
188218
188219
188221
188222
188225
188226
188228
188229
188232
188233
188271
188275
188276
188277
188278
188279
188280
188281
188282
188283
188284
188285
188286
188287
188288
188289
188290
188291
188292
188293
188294
188295
188296
188297
188298
188299
188300
188301
188302
188303
188305
188309
188381
188382
188383
188385
188386
188387
188389
188390
188391
188393
188394
188474
188478
188479
188480
188481
188482
188483
188484
188485
188486
188487
188488
188489
188490
188491
188492
188494
188498
188549
188551
188553
188555
188556
188557
188558
188559
188560
188561
188562
188563
188564
188565
188566
188567
188568
188569
188571
188573
188575
188633
188634
188635
188636
188637
188638
188639
188640
188641
188642
188643
188644
188645
188646
188650
188675
188677
188678
188679
188681
188682
188683
188685
188686
188687
188703
188705
188706
188707
188709
188710
188711
188712
188713
188714
188715
188716
188717
188718
188719
188720
188721
188722
188723
188724
188725
188726
188727
188728
188729
188730
188731
188732
188734
188735
188736
188741
188759
188763
188766
188769
188770
188776
188963
188964
188967
188968
188970
188971
188974
188975
188977
188978
188981
188982
189020
189024
189025
189026
189027
189028
189029
189030
189031
189032
189033
189034
189035
189036
189037
189038
189039
189040
189041
189042
189043
189044
189045
189046
189047
189048
189049
189050
189051
189052
189054
189058
189130
189131
189132
189134
189135
189136
189138
189139
189140
189142
189143
189223
189227
189228
189229
189230
189231
189232
189233
189234
189235
189236
189237
189238
189239
189240
189241
189243
189247
189298
189300
189302
189304
189305
189306
189307
189308
189309
189310
189311
189312
189313
189314
189315
189316
189317
189318
189320
189322
189324
189382
189383
189384
189385
189386
189387
189388
189389
189390
189391
189392
189393
189394
189395
189399
189424
189426
189427
189428
189430
189431
189432
189434
189435
189436
189452
189454
189455
189456
189458
189459
189460
189461
189462
189463
189464
189465
189466
189467
189468
189469
189470
189471
189472
189473
189474
189475
189476
189477
189478
189479
189480
189481
189483
189484
189485
189490
189508
189512
189515
189518
189519
189525
189712
189713
189716
189717
189719
189720
189723
189724
189726
189727
189730
189731
189769
189773
189774
189775
189776
189777
189778
189779
189780
189781
189782
189783
189784
189785
189786
189787
189788
189789
189790
189791
189792
189793
189794
189795
189796
189797
189798
189799
189800
189801
189803
189807
189879
189880
189881
189883
189884
189885
189887
189888
189889
189891
189892
189972
189976
189977
189978
189979
189980
189981
189982
189983
189984
189985
189986
189987
189988
189989
189990
189992
189996
190047
190049
190051
190053
190054
190055
190056
190057
190058
190059
190060
190061
190062
190063
190064
190065
190066
190067
190069
190071
190073
190131
190132
190133
190134
190135
190136
190137
190138
190139
190140
190141
190142
190143
190144
190148
190173
190175
190176
190177
190179
190180
190181
190183
190184
190185
190201
190203
190204
190205
190207
190208
190209
190210
190211
190212
190213
190214
190215
190216
190217
190218
190219
190220
190221
190222
190223
190224
190225
190226
190227
190228
190229
190230
190232
190233
190234
190239
190257
190261
190264
190267
190268
190274
190461
190462
190465
190466
190468
190469
190472
190473
190475
190476
190479
190480
190518
190522
190523
190524
190525
190526
190527
190528
190529
190530
190531
190532
190533
190534
190535
190536
190537
190538
190539
190540
190541
190542
190543
190544
190545
190546
190547
190548
190549
190550
190552
190556
190628
190629
190630
190632
190633
190634
190636
190637
190638
190640
190641
190721
190725
190726
190727
190728
190729
190730
190731
190732
190733
190734
190735
190736
190737
190738
190739
190741
190745
190796
190798
190800
190802
190803
190804
190805
190806
190807
190808
190809
190810
190811
190812
190813
190814
190815
190816
190818
190820
190822
190880
190881
190882
190883
190884
190885
190886
190887
190888
190889
190890
190891
190892
190893
190897
190922
190924
190925
190926
190928
190929
190930
190932
190933
190934
190950
190952
190953
190954
190956
190957
190958
190959
190960
190961
190962
190963
190964
190965
190966
190967
190968
190969
190970
190971
190972
190973
190974
190975
190976
190977
190978
190979
190981
190982
190983
190988
191006
191010
191013
191016
191017
191023
191210
191211
191214
191215
191217
191218
191221
191222
191224
191225
191228
191229
191267
191271
191272
191273
191274
191275
191276
191277
191278
191279
191280
191281
191282
191283
191284
191285
191286
191287
191288
191289
191290
191291
191292
191293
191294
191295
191296
191297
191298
191299
191301
191305
191377
191378
191379
191381
191382
191383
191385
191386
191387
191389
191390
191470
191474
191475
191476
191477
191478
191479
191480
191481
191482
191483
191484
191485
191486
191487
191488
191490
191494
191545
191547
191549
191551
191552
191553
191554
191555
191556
191557
191558
191559
191560
191561
191562
191563
191564
191565
191567
191569
191571
191629
191630
191631
191632
191633
191634
191635
191636
191637
191638
191639
191640
191641
191642
191646
191671
191673
191674
191675
191677
191678
191679
191681
191682
191683
191699
191701
191702
191703
191705
191706
191707
191708
191709
191710
191711
191712
191713
191714
191715
191716
191717
191718
191719
191720
191721
191722
191723
191724
191725
191726
191727
191728
191730
191731
191732
191737
191755
191759
191762
191765
191766
191772
191959
191960
191963
191964
191966
191967
191970
191971
191973
191974
191977
191978
192016
192020
192021
192022
192023
192024
192025
192026
192027
192028
192029
192030
192031
192032
192033
192034
192035
192036
192037
192038
192039
192040
192041
192042
192043
192044
192045
192046
192047
192048
192050
192054
192126
192127
192128
192130
192131
192132
192134
192135
192136
192138
192139
192219
192223
192224
192225
192226
192227
192228
192229
192230
192231
192232
192233
192234
192235
192236
192237
192239
192243
192294
192296
192298
192300
192301
192302
192303
192304
192305
192306
192307
192308
192309
192310
192311
192312
192313
192314
192316
192318
192320
192378
192379
192380
192381
192382
192383
192384
192385
192386
192387
192388
192389
192390
192391
192395
192420
192422
192423
192424
192426
192427
192428
192430
192431
192432
192448
192450
192451
192452
192454
192455
192456
192457
192458
192459
192460
192461
192462
192463
192464
192465
192466
192467
192468
192469
192470
192471
192472
192473
192474
192475
192476
192477
192479
192480
192481
192486
192504
192508
192511
192514
192515
192521
192708
192709
192712
192713
192715
192716
192719
192720
192722
192723
192726
192727
192765
192769
192770
192771
192772
192773
192774
192775
192776
192777
192778
192779
192780
192781
192782
192783
192784
192785
192786
192787
192788
192789
192790
192791
192792
192793
192794
192795
192796
192797
192799
192803
192875
192876
192877
192879
192880
192881
192883
192884
192885
192887
192888
192968
192972
192973
192974
192975
192976
192977
192978
192979
192980
192981
192982
192983
192984
192985
192986
192988
192992
193043
193045
193047
193049
193050
193051
193052
193053
193054
193055
193056
193057
193058
193059
193060
193061
193062
193063
193065
193067
193069
193127
193128
193129
193130
193131
193132
193133
193134
193135
193136
193137
193138
193139
193140
193144
193169
193171
193172
193173
193175
193176
193177
193179
193180
193181
193197
193199
193200
193201
193203
193204
193205
193206
193207
193208
193209
193210
193211
193212
193213
193214
193215
193216
193217
193218
193219
193220
193221
193222
193223
193224
193225
193226
193228
193229
193230
193235
193253
193257
193260
193263
193264
193270
193457
193458
193461
193462
193464
193465
193468
193469
193471
193472
193475
193476
193514
193518
193519
193520
193521
193522
193523
193524
193525
193526
193527
193528
193529
193530
193531
193532
193533
193534
193535
193536
193537
193538
193539
193540
193541
193542
193543
193544
193545
193546
193548
193552
193624
193625
193626
193628
193629
193630
193632
193633
193634
193636
193637
193717
193721
193722
193723
193724
193725
193726
193727
193728
193729
193730
193731
193732
193733
193734
193735
193737
193741
193792
193794
193796
193798
193799
193800
193801
193802
193803
193804
193805
193806
193807
193808
193809
193810
193811
193812
193814
193816
193818
193876
193877
193878
193879
193880
193881
193882
193883
193884
193885
193886
193887
193888
193889
193893
193918
193920
193921
193922
193924
193925
193926
193928
193929
193930
193946
193948
193949
193950
193952
193953
193954
193955
193956
193957
193958
193959
193960
193961
193962
193963
193964
193965
193966
193967
193968
193969
193970
193971
193972
193973
193974
193975
193977
193978
193979
193984
194002
194006
194009
194012
194013
194019
194206
194207
194210
194211
194213
194214
194217
194218
194220
194221
194224
194225
194263
194267
194268
194269
194270
194271
194272
194273
194274
194275
194276
194277
194278
194279
194280
194281
194282
194283
194284
194285
194286
194287
194288
194289
194290
194291
194292
194293
194294
194295
194297
194301
194373
194374
194375
194377
194378
194379
194381
194382
194383
194385
194386
194466
194470
194471
194472
194473
194474
194475
194476
194477
194478
194479
194480
194481
194482
194483
194484
194486
194490
194541
194543
194545
194547
194548
194549
194550
194551
194552
194553
194554
194555
194556
194557
194558
194559
194560
194561
194563
194565
194567
194625
194626
194627
194628
194629
194630
194631
194632
194633
194634
194635
194636
194637
194638
194642
194667
194669
194670
194671
194673
194674
194675
194677
194678
194679
194695
194697
194698
194699
194701
194702
194703
194704
194705
194706
194707
194708
194709
194710
194711
194712
194713
194714
194715
194716
194717
194718
194719
194720
194721
194722
194723
194724
194726
194727
194728
194733
194751
194755
194758
194761
194762
194768
194955
194956
194959
194960
194962
194963
194966
194967
194969
194970
194973
194974
195012
195016
195017
195018
195019
195020
195021
195022
195023
195024
195025
195026
195027
195028
195029
195030
195031
195032
195033
195034
195035
195036
195037
195038
195039
195040
195041
195042
195043
195044
195046
195050
195122
195123
195124
195126
195127
195128
195130
195131
195132
195134
195135
195215
195219
195220
195221
195222
195223
195224
195225
195226
195227
195228
195229
195230
195231
195232
195233
195235
195239
195290
195292
195294
195296
195297
195298
195299
195300
195301
195302
195303
195304
195305
195306
195307
195308
195309
195310
195312
195314
195316
195374
195375
195376
195377
195378
195379
195380
195381
195382
195383
195384
195385
195386
195387
195391
195416
195418
195419
195420
195422
195423
195424
195426
195427
195428
195444
195446
195447
195448
195450
195451
195452
195453
195454
195455
195456
195457
195458
195459
195460
195461
195462
195463
195464
195465
195466
195467
195468
195469
195470
195471
195472
195473
195475
195476
195477
195482
195500
195504
195507
195510
195511
195517
195704
195705
195708
195709
195711
195712
195715
195716
195718
195719
195722
195723
195761
195765
195766
195767
195768
195769
195770
195771
195772
195773
195774
195775
195776
195777
195778
195779
195780
195781
195782
195783
195784
195785
195786
195787
195788
195789
195790
195791
195792
195793
195795
195799
195871
195872
195873
195875
195876
195877
195879
195880
195881
195883
195884
195964
195968
195969
195970
195971
195972
195973
195974
195975
195976
195977
195978
195979
195980
195981
195982
195984
195988
196039
196041
196043
196045
196046
196047
196048
196049
196050
196051
196052
196053
196054
196055
196056
196057
196058
196059
196061
196063
196065
196123
196124
196125
196126
196127
196128
196129
196130
196131
196132
196133
196134
196135
196136
196140
196165
196167
196168
196169
196171
196172
196173
196175
196176
196177
196193
196195
196196
196197
196199
196200
196201
196202
196203
196204
196205
196206
196207
196208
196209
196210
196211
196212
196213
196214
196215
196216
196217
196218
196219
196220
196221
196222
196224
196225
196226
196231
196249
196253
196256
196259
196260
196266
196453
196454
196457
196458
196460
196461
196464
196465
196467
196468
196471
196472
196510
196514
196515
196516
196517
196518
196519
196520
196521
196522
196523
196524
196525
196526
196527
196528
196529
196530
196531
196532
196533
196534
196535
196536
196537
196538
196539
196540
196541
196542
196544
196548
196620
196621
196622
196624
196625
196626
196628
196629
196630
196632
196633
196713
196717
196718
196719
196720
196721
196722
196723
196724
196725
196726
196727
196728
196729
196730
196731
196733
196737
196788
196790
196792
196794
196795
196796
196797
196798
196799
196800
196801
196802
196803
196804
196805
196806
196807
196808
196810
196812
196814
196872
196873
196874
196875
196876
196877
196878
196879
196880
196881
196882
196883
196884
196885
196889
196914
196916
196917
196918
196920
196921
196922
196924
196925
196926
196942
196944
196945
196946
196948
196949
196950
196951
196952
196953
196954
196955
196956
196957
196958
196959
196960
196961
196962
196963
196964
196965
196966
196967
196968
196969
196970
196971
196973
196974
196975
196980
196998
197002
197005
197008
197009
197015
197202
197203
197206
197207
197209
197210
197213
197214
197216
197217
197220
197221
197259
197263
197264
197265
197266
197267
197268
197269
197270
197271
197272
197273
197274
197275
197276
197277
197278
197279
197280
197281
197282
197283
197284
197285
197286
197287
197288
197289
197290
197291
197293
197297
197369
197370
197371
197373
197374
197375
197377
197378
197379
197381
197382
197462
197466
197467
197468
197469
197470
197471
197472
197473
197474
197475
197476
197477
197478
197479
197480
197482
197486
197537
197539
197541
197543
197544
197545
197546
197547
197548
197549
197550
197551
197552
197553
197554
197555
197556
197557
197559
197561
197563
197621
197622
197623
197624
197625
197626
197627
197628
197629
197630
197631
197632
197633
197634
197638
197663
197665
197666
197667
197669
197670
197671
197673
197674
197675
197691
197693
197694
197695
197697
197698
197699
197700
197701
197702
197703
197704
197705
197706
197707
197708
197709
197710
197711
197712
197713
197714
197715
197716
197717
197718
197719
197720
197722
197723
197724
197729
197747
197751
197754
197757
197758
197764
197951
197952
197955
197956
197958
197959
197962
197963
197965
197966
197969
197970
198008
198012
198013
198014
198015
198016
198017
198018
198019
198020
198021
198022
198023
198024
198025
198026
198027
198028
198029
198030
198031
198032
198033
198034
198035
198036
198037
198038
198039
198040
198042
198046
198118
198119
198120
198122
198123
198124
198126
198127
198128
198130
198131
198211
198215
198216
198217
198218
198219
198220
198221
198222
198223
198224
198225
198226
198227
198228
198229
198231
198235
198286
198288
198290
198292
198293
198294
198295
198296
198297
198298
198299
198300
198301
198302
198303
198304
198305
198306
198308
198310
198312
198370
198371
198372
198373
198374
198375
198376
198377
198378
198379
198380
198381
198382
198383
198387
198412
198414
198415
198416
198418
198419
198420
198422
198423
198424
198440
198442
198443
198444
198446
198447
198448
198449
198450
198451
198452
198453
198454
198455
198456
198457
198458
198459
198460
198461
198462
198463
198464
198465
198466
198467
198468
198469
198471
198472
198473
198478
198496
198500
198503
198506
198507
198513
198700
198701
198704
198705
198707
198708
198711
198712
198714
198715
198718
198719
198757
198761
198762
198763
198764
198765
198766
198767
198768
198769
198770
198771
198772
198773
198774
198775
198776
198777
198778
198779
198780
198781
198782
198783
198784
198785
198786
198787
198788
198789
198791
198795
198867
198868
198869
198871
198872
198873
198875
198876
198877
198879
198880
198960
198964
198965
198966
198967
198968
198969
198970
198971
198972
198973
198974
198975
198976
198977
198978
198980
198984
199035
199037
199039
199041
199042
199043
199044
199045
199046
199047
199048
199049
199050
199051
199052
199053
199054
199055
199057
199059
199061
199119
199120
199121
199122
199123
199124
199125
199126
199127
199128
199129
199130
199131
199132
199136
199161
199163
199164
199165
199167
199168
199169
199171
199172
199173
199189
199191
199192
199193
199195
199196
199197
199198
199199
199200
199201
199202
199203
199204
199205
199206
199207
199208
199209
199210
199211
199212
199213
199214
199215
199216
199217
199218
199220
199221
199222
199227
199245
199249
199252
199255
199256
199262
199449
199450
199453
199454
199456
199457
199460
199461
199463
199464
199467
199468
199506
199510
199511
199512
199513
199514
199515
199516
199517
199518
199519
199520
199521
199522
199523
199524
199525
199526
199527
199528
199529
199530
199531
199532
199533
199534
199535
199536
199537
199538
199540
199544
199616
199617
199618
199620
199621
199622
199624
199625
199626
199628
199629
199709
199713
199714
199715
199716
199717
199718
199719
199720
199721
199722
199723
199724
199725
199726
199727
199729
199733
199784
199786
199788
199790
199791
199792
199793
199794
199795
199796
199797
199798
199799
199800
199801
199802
199803
199804
199806
199808
199810
199868
199869
199870
199871
199872
199873
199874
199875
199876
199877
199878
199879
199880
199881
199885
199910
199912
199913
199914
199916
199917
199918
199920
199921
199922
199938
199940
199941
199942
199944
199945
199946
199947
199948
199949
199950
199951
199952
199953
199954
199955
199956
199957
199958
199959
199960
199961
199962
199963
199964
199965
199966
199967
199969
199970
199971
199976
199994
199998
200001
200004
200005
200011
200198
200199
200202
200203
200205
200206
200209
200210
200212
200213
200216
200217
200255
200259
200260
200261
200262
200263
200264
200265
200266
200267
200268
200269
200270
200271
200272
200273
200274
200275
200276
200277
200278
200279
200280
200281
200282
200283
200284
200285
200286
200287
200289
200293
200365
200366
200367
200369
200370
200371
200373
200374
200375
200377
200378
200458
200462
200463
200464
200465
200466
200467
200468
200469
200470
200471
200472
200473
200474
200475
200476
200478
200482
200533
200535
200537
200539
200540
200541
200542
200543
200544
200545
200546
200547
200548
200549
200550
200551
200552
200553
200555
200557
200559
200617
200618
200619
200620
200621
200622
200623
200624
200625
200626
200627
200628
200629
200630
200634
200659
200661
200662
200663
200665
200666
200667
200669
200670
200671
200687
200689
200690
200691
200693
200694
200695
200696
200697
200698
200699
200700
200701
200702
200703
200704
200705
200706
200707
200708
200709
200710
200711
200712
200713
200714
200715
200716
200718
200719
200720
200725
200743
200747
200750
200753
200754
200760
200947
200948
200951
200952
200954
200955
200958
200959
200961
200962
200965
200966
201004
201008
201009
201010
201011
201012
201013
201014
201015
201016
201017
201018
201019
201020
201021
201022
201023
201024
201025
201026
201027
201028
201029
201030
201031
201032
201033
201034
201035
201036
201038
201042
201114
201115
201116
201118
201119
201120
201122
201123
201124
201126
201127
201207
201211
201212
201213
201214
201215
201216
201217
201218
201219
201220
201221
201222
201223
201224
201225
201227
201231
201282
201284
201286
201288
201289
201290
201291
201292
201293
201294
201295
201296
201297
201298
201299
201300
201301
201302
201304
201306
201308
201366
201367
201368
201369
201370
201371
201372
201373
201374
201375
201376
201377
201378
201379
201383
201408
201410
201411
201412
201414
201415
201416
201418
201419
201420
201436
201438
201439
201440
201442
201443
201444
201445
201446
201447
201448
201449
201450
201451
201452
201453
201454
201455
201456
201457
201458
201459
201460
201461
201462
201463
201464
201465
201467
201468
201469
201474
201492
201496
201499
201502
201503
201509
201696
201697
201700
201701
201703
201704
201707
201708
201710
201711
201714
201715
201753
201757
201758
201759
201760
201761
201762
201763
201764
201765
201766
201767
201768
201769
201770
201771
201772
201773
201774
201775
201776
201777
201778
201779
201780
201781
201782
201783
201784
201785
201787
201791
201863
201864
201865
201867
201868
201869
201871
201872
201873
201875
201876
201956
201960
201961
201962
201963
201964
201965
201966
201967
201968
201969
201970
201971
201972
201973
201974
201976
201980
202031
202033
202035
202037
202038
202039
202040
202041
202042
202043
202044
202045
202046
202047
202048
202049
202050
202051
202053
202055
202057
202115
202116
202117
202118
202119
202120
202121
202122
202123
202124
202125
202126
202127
202128
202132
202157
202159
202160
202161
202163
202164
202165
202167
202168
202169
202185
202187
202188
202189
202191
202192
202193
202194
202195
202196
202197
202198
202199
202200
202201
202202
202203
202204
202205
202206
202207
202208
202209
202210
202211
202212
202213
202214
202216
202217
202218
202223
202241
202245
202248
202251
202252
202258
202445
202446
202449
202450
202452
202453
202456
202457
202459
202460
202463
202464
202502
202506
202507
202508
202509
202510
202511
202512
202513
202514
202515
202516
202517
202518
202519
202520
202521
202522
202523
202524
202525
202526
202527
202528
202529
202530
202531
202532
202533
202534
202536
202540
202612
202613
202614
202616
202617
202618
202620
202621
202622
202624
202625
202705
202709
202710
202711
202712
202713
202714
202715
202716
202717
202718
202719
202720
202721
202722
202723
202725
202729
202780
202782
202784
202786
202787
202788
202789
202790
202791
202792
202793
202794
202795
202796
202797
202798
202799
202800
202802
202804
202806
202864
202865
202866
202867
202868
202869
202870
202871
202872
202873
202874
202875
202876
202877
202881
202906
202908
202909
202910
202912
202913
202914
202916
202917
202918
202934
202936
202937
202938
202940
202941
202942
202943
202944
202945
202946
202947
202948
202949
202950
202951
202952
202953
202954
202955
202956
202957
202958
202959
202960
202961
202962
202963
202965
202966
202967
202972
202990
202994
202997
203000
203001
203007
203194
203195
203198
203199
203201
203202
203205
203206
203208
203209
203212
203213
203251
203255
203256
203257
203258
203259
203260
203261
203262
203263
203264
203265
203266
203267
203268
203269
203270
203271
203272
203273
203274
203275
203276
203277
203278
203279
203280
203281
203282
203283
203285
203289
203361
203362
203363
203365
203366
203367
203369
203370
203371
203373
203374
203454
203458
203459
203460
203461
203462
203463
203464
203465
203466
203467
203468
203469
203470
203471
203472
203474
203478
203529
203531
203533
203535
203536
203537
203538
203539
203540
203541
203542
203543
203544
203545
203546
203547
203548
203549
203551
203553
203555
203613
203614
203615
203616
203617
203618
203619
203620
203621
203622
203623
203624
203625
203626
203630
203655
203657
203658
203659
203661
203662
203663
203665
203666
203667
203683
203685
203686
203687
203689
203690
203691
203692
203693
203694
203695
203696
203697
203698
203699
203700
203701
203702
203703
203704
203705
203706
203707
203708
203709
203710
203711
203712
203714
203715
203716
203721
203739
203743
203746
203749
203750
203756
203943
203944
203947
203948
203950
203951
203954
203955
203957
203958
203961
203962
204000
204004
204005
204006
204007
204008
204009
204010
204011
204012
204013
204014
204015
204016
204017
204018
204019
204020
204021
204022
204023
204024
204025
204026
204027
204028
204029
204030
204031
204032
204034
204038
204110
204111
204112
204114
204115
204116
204118
204119
204120
204122
204123
204203
204207
204208
204209
204210
204211
204212
204213
204214
204215
204216
204217
204218
204219
204220
204221
204223
204227
204278
204280
204282
204284
204285
204286
204287
204288
204289
204290
204291
204292
204293
204294
204295
204296
204297
204298
204300
204302
204304
204362
204363
204364
204365
204366
204367
204368
204369
204370
204371
204372
204373
204374
204375
204379
204404
204406
204407
204408
204410
204411
204412
204414
204415
204416
204432
204434
204435
204436
204438
204439
204440
204441
204442
204443
204444
204445
204446
204447
204448
204449
204450
204451
204452
204453
204454
204455
204456
204457
204458
204459
204460
204461
204463
204464
204465
204470
204488
204492
204495
204498
204499
204505
204692
204693
204696
204697
204699
204700
204703
204704
204706
204707
204710
204711
204749
204753
204754
204755
204756
204757
204758
204759
204760
204761
204762
204763
204764
204765
204766
204767
204768
204769
204770
204771
204772
204773
204774
204775
204776
204777
204778
204779
204780
204781
204783
204787
204859
204860
204861
204863
204864
204865
204867
204868
204869
204871
204872
204952
204956
204957
204958
204959
204960
204961
204962
204963
204964
204965
204966
204967
204968
204969
204970
204972
204976
205027
205029
205031
205033
205034
205035
205036
205037
205038
205039
205040
205041
205042
205043
205044
205045
205046
205047
205049
205051
205053
205111
205112
205113
205114
205115
205116
205117
205118
205119
205120
205121
205122
205123
205124
205128
205153
205155
205156
205157
205159
205160
205161
205163
205164
205165
205181
205183
205184
205185
205187
205188
205189
205190
205191
205192
205193
205194
205195
205196
205197
205198
205199
205200
205201
205202
205203
205204
205205
205206
205207
205208
205209
205210
205212
205213
205214
205219
205237
205241
205244
205247
205248
205254
205441
205442
205445
205446
205448
205449
205452
205453
205455
205456
205459
205460
205498
205502
205503
205504
205505
205506
205507
205508
205509
205510
205511
205512
205513
205514
205515
205516
205517
205518
205519
205520
205521
205522
205523
205524
205525
205526
205527
205528
205529
205530
205532
205536
205608
205609
205610
205612
205613
205614
205616
205617
205618
205620
205621
205701
205705
205706
205707
205708
205709
205710
205711
205712
205713
205714
205715
205716
205717
205718
205719
205721
205725
205776
205778
205780
205782
205783
205784
205785
205786
205787
205788
205789
205790
205791
205792
205793
205794
205795
205796
205798
205800
205802
205860
205861
205862
205863
205864
205865
205866
205867
205868
205869
205870
205871
205872
205873
205877
205902
205904
205905
205906
205908
205909
205910
205912
205913
205914
205930
205932
205933
205934
205936
205937
205938
205939
205940
205941
205942
205943
205944
205945
205946
205947
205948
205949
205950
205951
205952
205953
205954
205955
205956
205957
205958
205959
205961
205962
205963
205968
205986
205990
205993
205996
205997
206003
206190
206191
206194
206195
206197
206198
206201
206202
206204
206205
206208
206209
206247
206251
206252
206253
206254
206255
206256
206257
206258
206259
206260
206261
206262
206263
206264
206265
206266
206267
206268
206269
206270
206271
206272
206273
206274
206275
206276
206277
206278
206279
206281
206285
206357
206358
206359
206361
206362
206363
206365
206366
206367
206369
206370
206450
206454
206455
206456
206457
206458
206459
206460
206461
206462
206463
206464
206465
206466
206467
206468
206470
206474
206525
206527
206529
206531
206532
206533
206534
206535
206536
206537
206538
206539
206540
206541
206542
206543
206544
206545
206547
206549
206551
206609
206610
206611
206612
206613
206614
206615
206616
206617
206618
206619
206620
206621
206622
206626
206651
206653
206654
206655
206657
206658
206659
206661
206662
206663
206679
206681
206682
206683
206685
206686
206687
206688
206689
206690
206691
206692
206693
206694
206695
206696
206697
206698
206699
206700
206701
206702
206703
206704
206705
206706
206707
206708
206710
206711
206712
206717
206735
206739
206742
206745
206746
206752
206939
206940
206943
206944
206946
206947
206950
206951
206953
206954
206957
206958
206996
207000
207001
207002
207003
207004
207005
207006
207007
207008
207009
207010
207011
207012
207013
207014
207015
207016
207017
207018
207019
207020
207021
207022
207023
207024
207025
207026
207027
207028
207030
207034
207106
207107
207108
207110
207111
207112
207114
207115
207116
207118
207119
207199
207203
207204
207205
207206
207207
207208
207209
207210
207211
207212
207213
207214
207215
207216
207217
207219
207223
207274
207276
207278
207280
207281
207282
207283
207284
207285
207286
207287
207288
207289
207290
207291
207292
207293
207294
207296
207298
207300
207358
207359
207360
207361
207362
207363
207364
207365
207366
207367
207368
207369
207370
207371
207375
207400
207402
207403
207404
207406
207407
207408
207410
207411
207412
207428
207430
207431
207432
207434
207435
207436
207437
207438
207439
207440
207441
207442
207443
207444
207445
207446
207447
207448
207449
207450
207451
207452
207453
207454
207455
207456
207457
207459
207460
207461
207466
207484
207488
207491
207494
207495
207501
207688
207689
207692
207693
207695
207696
207699
207700
207702
207703
207706
207707
207745
207749
207750
207751
207752
207753
207754
207755
207756
207757
207758
207759
207760
207761
207762
207763
207764
207765
207766
207767
207768
207769
207770
207771
207772
207773
207774
207775
207776
207777
207779
207783
207855
207856
207857
207859
207860
207861
207863
207864
207865
207867
207868
207948
207952
207953
207954
207955
207956
207957
207958
207959
207960
207961
207962
207963
207964
207965
207966
207968
207972
208023
208025
208027
208029
208030
208031
208032
208033
208034
208035
208036
208037
208038
208039
208040
208041
208042
208043
208045
208047
208049
208107
208108
208109
208110
208111
208112
208113
208114
208115
208116
208117
208118
208119
208120
208124
208149
208151
208152
208153
208155
208156
208157
208159
208160
208161
208177
208179
208180
208181
208183
208184
208185
208186
208187
208188
208189
208190
208191
208192
208193
208194
208195
208196
208197
208198
208199
208200
208201
208202
208203
208204
208205
208206
208208
208209
208210
208215
208233
208237
208240
208243
208244
208250
208437
208438
208441
208442
208444
208445
208448
208449
208451
208452
208455
208456
208494
208498
208499
208500
208501
208502
208503
208504
208505
208506
208507
208508
208509
208510
208511
208512
208513
208514
208515
208516
208517
208518
208519
208520
208521
208522
208523
208524
208525
208526
208528
208532
208604
208605
208606
208608
208609
208610
208612
208613
208614
208616
208617
208697
208701
208702
208703
208704
208705
208706
208707
208708
208709
208710
208711
208712
208713
208714
208715
208717
208721
208772
208774
208776
208778
208779
208780
208781
208782
208783
208784
208785
208786
208787
208788
208789
208790
208791
208792
208794
208796
208798
208856
208857
208858
208859
208860
208861
208862
208863
208864
208865
208866
208867
208868
208869
208873
208898
208900
208901
208902
208904
208905
208906
208908
208909
208910
208926
208928
208929
208930
208932
208933
208934
208935
208936
208937
208938
208939
208940
208941
208942
208943
208944
208945
208946
208947
208948
208949
208950
208951
208952
208953
208954
208955
208957
208958
208959
208964
208982
208986
208989
208992
208993
208999
209186
209187
209190
209191
209193
209194
209197
209198
209200
209201
209204
209205
209243
209247
209248
209249
209250
209251
209252
209253
209254
209255
209256
209257
209258
209259
209260
209261
209262
209263
209264
209265
209266
209267
209268
209269
209270
209271
209272
209273
209274
209275
209277
209281
209353
209354
209355
209357
209358
209359
209361
209362
209363
209365
209366
209446
209450
209451
209452
209453
209454
209455
209456
209457
209458
209459
209460
209461
209462
209463
209464
209466
209470
209521
209523
209525
209527
209528
209529
209530
209531
209532
209533
209534
209535
209536
209537
209538
209539
209540
209541
209543
209545
209547
209605
209606
209607
209608
209609
209610
209611
209612
209613
209614
209615
209616
209617
209618
209622
209647
209649
209650
209651
209653
209654
209655
209657
209658
209659
209675
209677
209678
209679
209681
209682
209683
209684
209685
209686
209687
209688
209689
209690
209691
209692
209693
209694
209695
209696
209697
209698
209699
209700
209701
209702
209703
209704
209706
209707
209708
209713
209731
209735
209738
209741
209742
209748
209935
209936
209939
209940
209942
209943
209946
209947
209949
209950
209953
209954
209992
209996
209997
209998
209999
210000
210001
210002
210003
210004
210005
210006
210007
210008
210009
210010
210011
210012
210013
210014
210015
210016
210017
210018
210019
210020
210021
210022
210023
210024
210026
210030
210102
210103
210104
210106
210107
210108
210110
210111
210112
210114
210115
210195
210199
210200
210201
210202
210203
210204
210205
210206
210207
210208
210209
210210
210211
210212
210213
210215
210219
210270
210272
210274
210276
210277
210278
210279
210280
210281
210282
210283
210284
210285
210286
210287
210288
210289
210290
210292
210294
210296
210354
210355
210356
210357
210358
210359
210360
210361
210362
210363
210364
210365
210366
210367
210371
210396
210398
210399
210400
210402
210403
210404
210406
210407
210408
210424
210426
210427
210428
210430
210431
210432
210433
210434
210435
210436
210437
210438
210439
210440
210441
210442
210443
210444
210445
210446
210447
210448
210449
210450
210451
210452
210453
210455
210456
210457
210462
210480
210484
210487
210490
210491
210497
210684
210685
210688
210689
210691
210692
210695
210696
210698
210699
210702
210703
210741
210745
210746
210747
210748
210749
210750
210751
210752
210753
210754
210755
210756
210757
210758
210759
210760
210761
210762
210763
210764
210765
210766
210767
210768
210769
210770
210771
210772
210773
210775
210779
210851
210852
210853
210855
210856
210857
210859
210860
210861
210863
210864
210944
210948
210949
210950
210951
210952
210953
210954
210955
210956
210957
210958
210959
210960
210961
210962
210964
210968
211019
211021
211023
211025
211026
211027
211028
211029
211030
211031
211032
211033
211034
211035
211036
211037
211038
211039
211041
211043
211045
211103
211104
211105
211106
211107
211108
211109
211110
211111
211112
211113
211114
211115
211116
211120
211145
211147
211148
211149
211151
211152
211153
211155
211156
211157
211173
211175
211176
211177
211179
211180
211181
211182
211183
211184
211185
211186
211187
211188
211189
211190
211191
211192
211193
211194
211195
211196
211197
211198
211199
211200
211201
211202
211204
211205
211206
211211
211229
211233
211236
211239
211240
211246
211433
211434
211437
211438
211440
211441
211444
211445
211447
211448
211451
211452
211490
211494
211495
211496
211497
211498
211499
211500
211501
211502
211503
211504
211505
211506
211507
211508
211509
211510
211511
211512
211513
211514
211515
211516
211517
211518
211519
211520
211521
211522
211524
211528
211600
211601
211602
211604
211605
211606
211608
211609
211610
211612
211613
211693
211697
211698
211699
211700
211701
211702
211703
211704
211705
211706
211707
211708
211709
211710
211711
211713
211717
211768
211770
211772
211774
211775
211776
211777
211778
211779
211780
211781
211782
211783
211784
211785
211786
211787
211788
211790
211792
211794
211852
211853
211854
211855
211856
211857
211858
211859
211860
211861
211862
211863
211864
211865
211869
211894
211896
211897
211898
211900
211901
211902
211904
211905
211906
211922
211924
211925
211926
211928
211929
211930
211931
211932
211933
211934
211935
211936
211937
211938
211939
211940
211941
211942
211943
211944
211945
211946
211947
211948
211949
211950
211951
211953
211954
211955
211960
211978
211982
211985
211988
211989
211995
212182
212183
212186
212187
212189
212190
212193
212194
212196
212197
212200
212201
212239
212243
212244
212245
212246
212247
212248
212249
212250
212251
212252
212253
212254
212255
212256
212257
212258
212259
212260
212261
212262
212263
212264
212265
212266
212267
212268
212269
212270
212271
212273
212277
212349
212350
212351
212353
212354
212355
212357
212358
212359
212361
212362
212442
212446
212447
212448
212449
212450
212451
212452
212453
212454
212455
212456
212457
212458
212459
212460
212462
212466
212517
212519
212521
212523
212524
212525
212526
212527
212528
212529
212530
212531
212532
212533
212534
212535
212536
212537
212539
212541
212543
212601
212602
212603
212604
212605
212606
212607
212608
212609
212610
212611
212612
212613
212614
212618
212643
212645
212646
212647
212649
212650
212651
212653
212654
212655
212671
212673
212674
212675
212677
212678
212679
212680
212681
212682
212683
212684
212685
212686
212687
212688
212689
212690
212691
212692
212693
212694
212695
212696
212697
212698
212699
212700
212702
212703
212704
212709
212727
212731
212734
212737
212738
212744
212931
212932
212935
212936
212938
212939
212942
212943
212945
212946
212949
212950
212988
212992
212993
212994
212995
212996
212997
212998
212999
213000
213001
213002
213003
213004
213005
213006
213007
213008
213009
213010
213011
213012
213013
213014
213015
213016
213017
213018
213019
213020
213022
213026
213098
213099
213100
213102
213103
213104
213106
213107
213108
213110
213111
213191
213195
213196
213197
213198
213199
213200
213201
213202
213203
213204
213205
213206
213207
213208
213209
213211
213215
213266
213268
213270
213272
213273
213274
213275
213276
213277
213278
213279
213280
213281
213282
213283
213284
213285
213286
213288
213290
213292
213350
213351
213352
213353
213354
213355
213356
213357
213358
213359
213360
213361
213362
213363
213367
213392
213394
213395
213396
213398
213399
213400
213402
213403
213404
213420
213422
213423
213424
213426
213427
213428
213429
213430
213431
213432
213433
213434
213435
213436
213437
213438
213439
213440
213441
213442
213443
213444
213445
213446
213447
213448
213449
213451
213452
213453
213458
213476
213480
213483
213486
213487
213493
213680
213681
213684
213685
213687
213688
213691
213692
213694
213695
213698
213699
213737
213741
213742
213743
213744
213745
213746
213747
213748
213749
213750
213751
213752
213753
213754
213755
213756
213757
213758
213759
213760
213761
213762
213763
213764
213765
213766
213767
213768
213769
213771
213775
213847
213848
213849
213851
213852
213853
213855
213856
213857
213859
213860
213940
213944
213945
213946
213947
213948
213949
213950
213951
213952
213953
213954
213955
213956
213957
213958
213960
213964
214015
214017
214019
214021
214022
214023
214024
214025
214026
214027
214028
214029
214030
214031
214032
214033
214034
214035
214037
214039
214041
214099
214100
214101
214102
214103
214104
214105
214106
214107
214108
214109
214110
214111
214112
214116
214141
214143
214144
214145
214147
214148
214149
214151
214152
214153
214169
214171
214172
214173
214175
214176
214177
214178
214179
214180
214181
214182
214183
214184
214185
214186
214187
214188
214189
214190
214191
214192
214193
214194
214195
214196
214197
214198
214200
214201
214202
214207
214225
214229
214232
214235
214236
214242
214429
214430
214433
214434
214436
214437
214440
214441
214443
214444
214447
214448
214486
214490
214491
214492
214493
214494
214495
214496
214497
214498
214499
214500
214501
214502
214503
214504
214505
214506
214507
214508
214509
214510
214511
214512
214513
214514
214515
214516
214517
214518
214520
214524
214596
214597
214598
214600
214601
214602
214604
214605
214606
214608
214609
214689
214693
214694
214695
214696
214697
214698
214699
214700
214701
214702
214703
214704
214705
214706
214707
214709
214713
214764
214766
214768
214770
214771
214772
214773
214774
214775
214776
214777
214778
214779
214780
214781
214782
214783
214784
214786
214788
214790
214848
214849
214850
214851
214852
214853
214854
214855
214856
214857
214858
214859
214860
214861
214865
214890
214892
214893
214894
214896
214897
214898
214900
214901
214902
214918
214920
214921
214922
214924
214925
214926
214927
214928
214929
214930
214931
214932
214933
214934
214935
214936
214937
214938
214939
214940
214941
214942
214943
214944
214945
214946
214947
214949
214950
214951
214956
214974
214978
214981
214984
214985
214991
215178
215179
215182
215183
215185
215186
215189
215190
215192
215193
215196
215197
215235
215239
215240
215241
215242
215243
215244
215245
215246
215247
215248
215249
215250
215251
215252
215253
215254
215255
215256
215257
215258
215259
215260
215261
215262
215263
215264
215265
215266
215267
215269
215273
215345
215346
215347
215349
215350
215351
215353
215354
215355
215357
215358
215438
215442
215443
215444
215445
215446
215447
215448
215449
215450
215451
215452
215453
215454
215455
215456
215458
215462
215513
215515
215517
215519
215520
215521
215522
215523
215524
215525
215526
215527
215528
215529
215530
215531
215532
215533
215535
215537
215539
215597
215598
215599
215600
215601
215602
215603
215604
215605
215606
215607
215608
215609
215610
215614
215639
215641
215642
215643
215645
215646
215647
215649
215650
215651
215667
215669
215670
215671
215673
215674
215675
215676
215677
215678
215679
215680
215681
215682
215683
215684
215685
215686
215687
215688
215689
215690
215691
215692
215693
215694
215695
215696
215698
215699
215700
215705
215723
215727
215730
215733
215734
215740
215927
215928
215931
215932
215934
215935
215938
215939
215941
215942
215945
215946
215984
215988
215989
215990
215991
215992
215993
215994
215995
215996
215997
215998
215999
216000
216001
216002
216003
216004
216005
216006
216007
216008
216009
216010
216011
216012
216013
216014
216015
216016
216018
216022
216094
216095
216096
216098
216099
216100
216102
216103
216104
216106
216107
216187
216191
216192
216193
216194
216195
216196
216197
216198
216199
216200
216201
216202
216203
216204
216205
216207
216211
216262
216264
216266
216268
216269
216270
216271
216272
216273
216274
216275
216276
216277
216278
216279
216280
216281
216282
216284
216286
216288
216346
216347
216348
216349
216350
216351
216352
216353
216354
216355
216356
216357
216358
216359
216363
216388
216390
216391
216392
216394
216395
216396
216398
216399
216400
216416
216418
216419
216420
216422
216423
216424
216425
216426
216427
216428
216429
216430
216431
216432
216433
216434
216435
216436
216437
216438
216439
216440
216441
216442
216443
216444
216445
216447
216448
216449
216454
216472
216476
216479
216482
216483
216489
216676
216677
216680
216681
216683
216684
216687
216688
216690
216691
216694
216695
216733
216737
216738
216739
216740
216741
216742
216743
216744
216745
216746
216747
216748
216749
216750
216751
216752
216753
216754
216755
216756
216757
216758
216759
216760
216761
216762
216763
216764
216765
216767
216771
216843
216844
216845
216847
216848
216849
216851
216852
216853
216855
216856
216936
216940
216941
216942
216943
216944
216945
216946
216947
216948
216949
216950
216951
216952
216953
216954
216956
216960
217011
217013
217015
217017
217018
217019
217020
217021
217022
217023
217024
217025
217026
217027
217028
217029
217030
217031
217033
217035
217037
217095
217096
217097
217098
217099
217100
217101
217102
217103
217104
217105
217106
217107
217108
217112
217137
217139
217140
217141
217143
217144
217145
217147
217148
217149
217165
217167
217168
217169
217171
217172
217173
217174
217175
217176
217177
217178
217179
217180
217181
217182
217183
217184
217185
217186
217187
217188
217189
217190
217191
217192
217193
217194
217196
217197
217198
217203
217221
217225
217228
217231
217232
217238
217425
217426
217429
217430
217432
217433
217436
217437
217439
217440
217443
217444
217482
217486
217487
217488
217489
217490
217491
217492
217493
217494
217495
217496
217497
217498
217499
217500
217501
217502
217503
217504
217505
217506
217507
217508
217509
217510
217511
217512
217513
217514
217516
217520
217592
217593
217594
217596
217597
217598
217600
217601
217602
217604
217605
217685
217689
217690
217691
217692
217693
217694
217695
217696
217697
217698
217699
217700
217701
217702
217703
217705
217709
217760
217762
217764
217766
217767
217768
217769
217770
217771
217772
217773
217774
217775
217776
217777
217778
217779
217780
217782
217784
217786
217844
217845
217846
217847
217848
217849
217850
217851
217852
217853
217854
217855
217856
217857
217861
217886
217888
217889
217890
217892
217893
217894
217896
217897
217898
217914
217916
217917
217918
217920
217921
217922
217923
217924
217925
217926
217927
217928
217929
217930
217931
217932
217933
217934
217935
217936
217937
217938
217939
217940
217941
217942
217943
217945
217946
217947
217952
217970
217974
217977
217980
217981
217987
218174
218175
218178
218179
218181
218182
218185
218186
218188
218189
218192
218193
218231
218235
218236
218237
218238
218239
218240
218241
218242
218243
218244
218245
218246
218247
218248
218249
218250
218251
218252
218253
218254
218255
218256
218257
218258
218259
218260
218261
218262
218263
218265
218269
218341
218342
218343
218345
218346
218347
218349
218350
218351
218353
218354
218434
218438
218439
218440
218441
218442
218443
218444
218445
218446
218447
218448
218449
218450
218451
218452
218454
218458
218509
218511
218513
218515
218516
218517
218518
218519
218520
218521
218522
218523
218524
218525
218526
218527
218528
218529
218531
218533
218535
218593
218594
218595
218596
218597
218598
218599
218600
218601
218602
218603
218604
218605
218606
218610
218635
218637
218638
218639
218641
218642
218643
218645
218646
218647
218663
218665
218666
218667
218669
218670
218671
218672
218673
218674
218675
218676
218677
218678
218679
218680
218681
218682
218683
218684
218685
218686
218687
218688
218689
218690
218691
218692
218694
218695
218696
218701
218719
218723
218726
218729
218730
218736
218923
218924
218927
218928
218930
218931
218934
218935
218937
218938
218941
218942
218980
218984
218985
218986
218987
218988
218989
218990
218991
218992
218993
218994
218995
218996
218997
218998
218999
219000
219001
219002
219003
219004
219005
219006
219007
219008
219009
219010
219011
219012
219014
219018
219090
219091
219092
219094
219095
219096
219098
219099
219100
219102
219103
219183
219187
219188
219189
219190
219191
219192
219193
219194
219195
219196
219197
219198
219199
219200
219201
219203
219207
219258
219260
219262
219264
219265
219266
219267
219268
219269
219270
219271
219272
219273
219274
219275
219276
219277
219278
219280
219282
219284
219342
219343
219344
219345
219346
219347
219348
219349
219350
219351
219352
219353
219354
219355
219359
219384
219386
219387
219388
219390
219391
219392
219394
219395
219396
219412
219414
219415
219416
219418
219419
219420
219421
219422
219423
219424
219425
219426
219427
219428
219429
219430
219431
219432
219433
219434
219435
219436
219437
219438
219439
219440
219441
219443
219444
219445
219450
219468
219472
219475
219478
219479
219485
219672
219673
219676
219677
219679
219680
219683
219684
219686
219687
219690
219691
219729
219733
219734
219735
219736
219737
219738
219739
219740
219741
219742
219743
219744
219745
219746
219747
219748
219749
219750
219751
219752
219753
219754
219755
219756
219757
219758
219759
219760
219761
219763
219767
219839
219840
219841
219843
219844
219845
219847
219848
219849
219851
219852
219932
219936
219937
219938
219939
219940
219941
219942
219943
219944
219945
219946
219947
219948
219949
219950
219952
219956
220007
220009
220011
220013
220014
220015
220016
220017
220018
220019
220020
220021
220022
220023
220024
220025
220026
220027
220029
220031
220033
220091
220092
220093
220094
220095
220096
220097
220098
220099
220100
220101
220102
220103
220104
220108
220133
220135
220136
220137
220139
220140
220141
220143
220144
220145
220161
220163
220164
220165
220167
220168
220169
220170
220171
220172
220173
220174
220175
220176
220177
220178
220179
220180
220181
220182
220183
220184
220185
220186
220187
220188
220189
220190
220192
220193
220194
220199
220217
220221
220224
220227
220228
220234
220421
220422
220425
220426
220428
220429
220432
220433
220435
220436
220439
220440
220478
220482
220483
220484
220485
220486
220487
220488
220489
220490
220491
220492
220493
220494
220495
220496
220497
220498
220499
220500
220501
220502
220503
220504
220505
220506
220507
220508
220509
220510
220512
220516
220588
220589
220590
220592
220593
220594
220596
220597
220598
220600
220601
220681
220685
220686
220687
220688
220689
220690
220691
220692
220693
220694
220695
220696
220697
220698
220699
220701
220705
220756
220758
220760
220762
220763
220764
220765
220766
220767
220768
220769
220770
220771
220772
220773
220774
220775
220776
220778
220780
220782
220840
220841
220842
220843
220844
220845
220846
220847
220848
220849
220850
220851
220852
220853
220857
220882
220884
220885
220886
220888
220889
220890
220892
220893
220894
220910
220912
220913
220914
220916
220917
220918
220919
220920
220921
220922
220923
220924
220925
220926
220927
220928
220929
220930
220931
220932
220933
220934
220935
220936
220937
220938
220939
220941
220942
220943
220948
220966
220970
220973
220976
220977
220983
221170
221171
221174
221175
221177
221178
221181
221182
221184
221185
221188
221189
221227
221231
221232
221233
221234
221235
221236
221237
221238
221239
221240
221241
221242
221243
221244
221245
221246
221247
221248
221249
221250
221251
221252
221253
221254
221255
221256
221257
221258
221259
221261
221265
221337
221338
221339
221341
221342
221343
221345
221346
221347
221349
221350
221430
221434
221435
221436
221437
221438
221439
221440
221441
221442
221443
221444
221445
221446
221447
221448
221450
221454
221505
221507
221509
221511
221512
221513
221514
221515
221516
221517
221518
221519
221520
221521
221522
221523
221524
221525
221527
221529
221531
221589
221590
221591
221592
221593
221594
221595
221596
221597
221598
221599
221600
221601
221602
221606
221631
221633
221634
221635
221637
221638
221639
221641
221642
221643
221659
221661
221662
221663
221665
221666
221667
221668
221669
221670
221671
221672
221673
221674
221675
221676
221677
221678
221679
221680
221681
221682
221683
221684
221685
221686
221687
221688
221690
221691
221692
221697
221715
221719
221722
221725
221726
221732
221919
221920
221923
221924
221926
221927
221930
221931
221933
221934
221937
221938
221976
221980
221981
221982
221983
221984
221985
221986
221987
221988
221989
221990
221991
221992
221993
221994
221995
221996
221997
221998
221999
222000
222001
222002
222003
222004
222005
222006
222007
222008
222010
222014
222086
222087
222088
222090
222091
222092
222094
222095
222096
222098
222099
222179
222183
222184
222185
222186
222187
222188
222189
222190
222191
222192
222193
222194
222195
222196
222197
222199
222203
222254
222256
222258
222260
222261
222262
222263
222264
222265
222266
222267
222268
222269
222270
222271
222272
222273
222274
222276
222278
222280
222338
222339
222340
222341
222342
222343
222344
222345
222346
222347
222348
222349
222350
222351
222355
222380
222382
222383
222384
222386
222387
222388
222390
222391
222392
222408
222410
222411
222412
222414
222415
222416
222417
222418
222419
222420
222421
222422
222423
222424
222425
222426
222427
222428
222429
222430
222431
222432
222433
222434
222435
222436
222437
222439
222440
222441
222446
222464
222468
222471
222474
222475
222481
222668
222669
222672
222673
222675
222676
222679
222680
222682
222683
222686
222687
222725
222729
222730
222731
222732
222733
222734
222735
222736
222737
222738
222739
222740
222741
222742
222743
222744
222745
222746
222747
222748
222749
222750
222751
222752
222753
222754
222755
222756
222757
222759
222763
222835
222836
222837
222839
222840
222841
222843
222844
222845
222847
222848
222928
222932
222933
222934
222935
222936
222937
222938
222939
222940
222941
222942
222943
222944
222945
222946
222948
222952
223003
223005
223007
223009
223010
223011
223012
223013
223014
223015
223016
223017
223018
223019
223020
223021
223022
223023
223025
223027
223029
223087
223088
223089
223090
223091
223092
223093
223094
223095
223096
223097
223098
223099
223100
223104
223129
223131
223132
223133
223135
223136
223137
223139
223140
223141
223157
223159
223160
223161
223163
223164
223165
223166
223167
223168
223169
223170
223171
223172
223173
223174
223175
223176
223177
223178
223179
223180
223181
223182
223183
223184
223185
223186
223188
223189
223190
223195
223213
223217
223220
223223
223224
223230
223417
223418
223421
223422
223424
223425
223428
223429
223431
223432
223435
223436
223474
223478
223479
223480
223481
223482
223483
223484
223485
223486
223487
223488
223489
223490
223491
223492
223493
223494
223495
223496
223497
223498
223499
223500
223501
223502
223503
223504
223505
223506
223508
223512
223584
223585
223586
223588
223589
223590
223592
223593
223594
223596
223597
223677
223681
223682
223683
223684
223685
223686
223687
223688
223689
223690
223691
223692
223693
223694
223695
223697
223701
223752
223754
223756
223758
223759
223760
223761
223762
223763
223764
223765
223766
223767
223768
223769
223770
223771
223772
223774
223776
223778
223836
223837
223838
223839
223840
223841
223842
223843
223844
223845
223846
223847
223848
223849
223853
223878
223880
223881
223882
223884
223885
223886
223888
223889
223890
223906
223908
223909
223910
223912
223913
223914
223915
223916
223917
223918
223919
223920
223921
223922
223923
223924
223925
223926
223927
223928
223929
223930
223931
223932
223933
223934
223935
223937
223938
223939
223944
223962
223966
223969
223972
223973
223979
224166
224167
224170
224171
224173
224174
224177
224178
224180
224181
224184
224185
224223
224227
224228
224229
224230
224231
224232
224233
224234
224235
224236
224237
224238
224239
224240
224241
224242
224243
224244
224245
224246
224247
224248
224249
224250
224251
224252
224253
224254
224255
224257
224261
224333
224334
224335
224337
224338
224339
224341
224342
224343
224345
224346
224426
224430
224431
224432
224433
224434
224435
224436
224437
224438
224439
224440
224441
224442
224443
224444
224446
224450
224501
224503
224505
224507
224508
224509
224510
224511
224512
224513
224514
224515
224516
224517
224518
224519
224520
224521
224523
224525
224527
224585
224586
224587
224588
224589
224590
224591
224592
224593
224594
224595
224596
224597
224598
224602
224627
224629
224630
224631
224633
224634
224635
224637
224638
224639
224655
224657
224658
224659
224661
224662
224663
224664
224665
224666
224667
224668
224669
224670
224671
224672
224673
224674
224675
224676
224677
224678
224679
224680
224681
224682
224683
224684
224686
224687
224688
224693
224711
224715
224718
224721
224722
224728
224915
224916
224919
224920
224922
224923
224926
224927
224929
224930
224933
224934
224972
224976
224977
224978
224979
224980
224981
224982
224983
224984
224985
224986
224987
224988
224989
224990
224991
224992
224993
224994
224995
224996
224997
224998
224999
225000
225001
225002
225003
225004
225006
225010
225082
225083
225084
225086
225087
225088
225090
225091
225092
225094
225095
225175
225179
225180
225181
225182
225183
225184
225185
225186
225187
225188
225189
225190
225191
225192
225193
225195
225199
225250
225252
225254
225256
225257
225258
225259
225260
225261
225262
225263
225264
225265
225266
225267
225268
225269
225270
225272
225274
225276
225334
225335
225336
225337
225338
225339
225340
225341
225342
225343
225344
225345
225346
225347
225351
225376
225378
225379
225380
225382
225383
225384
225386
225387
225388
225404
225406
225407
225408
225410
225411
225412
225413
225414
225415
225416
225417
225418
225419
225420
225421
225422
225423
225424
225425
225426
225427
225428
225429
225430
225431
225432
225433
225435
225436
225437
225442
225460
225464
225467
225470
225471
225477
225664
225665
225668
225669
225671
225672
225675
225676
225678
225679
225682
225683
225721
225725
225726
225727
225728
225729
225730
225731
225732
225733
225734
225735
225736
225737
225738
225739
225740
225741
225742
225743
225744
225745
225746
225747
225748
225749
225750
225751
225752
225753
225755
225759
225831
225832
225833
225835
225836
225837
225839
225840
225841
225843
225844
225924
225928
225929
225930
225931
225932
225933
225934
225935
225936
225937
225938
225939
225940
225941
225942
225944
225948
225999
226001
226003
226005
226006
226007
226008
226009
226010
226011
226012
226013
226014
226015
226016
226017
226018
226019
226021
226023
226025
226083
226084
226085
226086
226087
226088
226089
226090
226091
226092
226093
226094
226095
226096
226100
226125
226127
226128
226129
226131
226132
226133
226135
226136
226137
226153
226155
226156
226157
226159
226160
226161
226162
226163
226164
226165
226166
226167
226168
226169
226170
226171
226172
226173
226174
226175
226176
226177
226178
226179
226180
226181
226182
226184
226185
226186
226191
226209
226213
226216
226219
226220
226226
226413
226414
226417
226418
226420
226421
226424
226425
226427
226428
226431
226432
226470
226474
226475
226476
226477
226478
226479
226480
226481
226482
226483
226484
226485
226486
226487
226488
226489
226490
226491
226492
226493
226494
226495
226496
226497
226498
226499
226500
226501
226502
226504
226508
226580
226581
226582
226584
226585
226586
226588
226589
226590
226592
226593
226673
226677
226678
226679
226680
226681
226682
226683
226684
226685
226686
226687
226688
226689
226690
226691
226693
226697
226748
226750
226752
226754
226755
226756
226757
226758
226759
226760
226761
226762
226763
226764
226765
226766
226767
226768
226770
226772
226774
226832
226833
226834
226835
226836
226837
226838
226839
226840
226841
226842
226843
226844
226845
226849
226874
226876
226877
226878
226880
226881
226882
226884
226885
226886
226902
226904
226905
226906
226908
226909
226910
226911
226912
226913
226914
226915
226916
226917
226918
226919
226920
226921
226922
226923
226924
226925
226926
226927
226928
226929
226930
226931
226933
226934
226935
226940
226958
226962
226965
226968
226969
226975
227162
227163
227166
227167
227169
227170
227173
227174
227176
227177
227180
227181
227219
227223
227224
227225
227226
227227
227228
227229
227230
227231
227232
227233
227234
227235
227236
227237
227238
227239
227240
227241
227242
227243
227244
227245
227246
227247
227248
227249
227250
227251
227253
227257
227329
227330
227331
227333
227334
227335
227337
227338
227339
227341
227342
227422
227426
227427
227428
227429
227430
227431
227432
227433
227434
227435
227436
227437
227438
227439
227440
227442
227446
227497
227499
227501
227503
227504
227505
227506
227507
227508
227509
227510
227511
227512
227513
227514
227515
227516
227517
227519
227521
227523
227581
227582
227583
227584
227585
227586
227587
227588
227589
227590
227591
227592
227593
227594
227598
227623
227625
227626
227627
227629
227630
227631
227633
227634
227635
227651
227653
227654
227655
227657
227658
227659
227660
227661
227662
227663
227664
227665
227666
227667
227668
227669
227670
227671
227672
227673
227674
227675
227676
227677
227678
227679
227680
227682
227683
227684
227689
227707
227711
227714
227717
227718
227724
227911
227912
227915
227916
227918
227919
227922
227923
227925
227926
227929
227930
227968
227972
227973
227974
227975
227976
227977
227978
227979
227980
227981
227982
227983
227984
227985
227986
227987
227988
227989
227990
227991
227992
227993
227994
227995
227996
227997
227998
227999
228000
228002
228006
228078
228079
228080
228082
228083
228084
228086
228087
228088
228090
228091
228171
228175
228176
228177
228178
228179
228180
228181
228182
228183
228184
228185
228186
228187
228188
228189
228191
228195
228246
228248
228250
228252
228253
228254
228255
228256
228257
228258
228259
228260
228261
228262
228263
228264
228265
228266
228268
228270
228272
228330
228331
228332
228333
228334
228335
228336
228337
228338
228339
228340
228341
228342
228343
228347
228372
228374
228375
228376
228378
228379
228380
228382
228383
228384
228400
228402
228403
228404
228406
228407
228408
228409
228410
228411
228412
228413
228414
228415
228416
228417
228418
228419
228420
228421
228422
228423
228424
228425
228426
228427
228428
228429
228431
228432
228433
228438
228456
228460
228463
228466
228467
228473
228660
228661
228664
228665
228667
228668
228671
228672
228674
228675
228678
228679
228717
228721
228722
228723
228724
228725
228726
228727
228728
228729
228730
228731
228732
228733
228734
228735
228736
228737
228738
228739
228740
228741
228742
228743
228744
228745
228746
228747
228748
228749
228751
228755
228827
228828
228829
228831
228832
228833
228835
228836
228837
228839
228840
228920
228924
228925
228926
228927
228928
228929
228930
228931
228932
228933
228934
228935
228936
228937
228938
228940
228944
228995
228997
228999
229001
229002
229003
229004
229005
229006
229007
229008
229009
229010
229011
229012
229013
229014
229015
229017
229019
229021
229079
229080
229081
229082
229083
229084
229085
229086
229087
229088
229089
229090
229091
229092
229096
229121
229123
229124
229125
229127
229128
229129
229131
229132
229133
229149
229151
229152
229153
229155
229156
229157
229158
229159
229160
229161
229162
229163
229164
229165
229166
229167
229168
229169
229170
229171
229172
229173
229174
229175
229176
229177
229178
229180
229181
229182
229187
229205
229209
229212
229215
229216
229222
229409
229410
229413
229414
229416
229417
229420
229421
229423
229424
229427
229428
229466
229470
229471
229472
229473
229474
229475
229476
229477
229478
229479
229480
229481
229482
229483
229484
229485
229486
229487
229488
229489
229490
229491
229492
229493
229494
229495
229496
229497
229498
229500
229504
229576
229577
229578
229580
229581
229582
229584
229585
229586
229588
229589
229669
229673
229674
229675
229676
229677
229678
229679
229680
229681
229682
229683
229684
229685
229686
229687
229689
229693
229744
229746
229748
229750
229751
229752
229753
229754
229755
229756
229757
229758
229759
229760
229761
229762
229763
229764
229766
229768
229770
229828
229829
229830
229831
229832
229833
229834
229835
229836
229837
229838
229839
229840
229841
229845
229870
229872
229873
229874
229876
229877
229878
229880
229881
229882
229898
229900
229901
229902
229904
229905
229906
229907
229908
229909
229910
229911
229912
229913
229914
229915
229916
229917
229918
229919
229920
229921
229922
229923
229924
229925
229926
229927
229929
229930
229931
229936
229954
229958
229961
229964
229965
229971
230158
230159
230162
230163
230165
230166
230169
230170
230172
230173
230176
230177
230215
230219
230220
230221
230222
230223
230224
230225
230226
230227
230228
230229
230230
230231
230232
230233
230234
230235
230236
230237
230238
230239
230240
230241
230242
230243
230244
230245
230246
230247
230249
230253
230325
230326
230327
230329
230330
230331
230333
230334
230335
230337
230338
230418
230422
230423
230424
230425
230426
230427
230428
230429
230430
230431
230432
230433
230434
230435
230436
230438
230442
230493
230495
230497
230499
230500
230501
230502
230503
230504
230505
230506
230507
230508
230509
230510
230511
230512
230513
230515
230517
230519
230577
230578
230579
230580
230581
230582
230583
230584
230585
230586
230587
230588
230589
230590
230594
230619
230621
230622
230623
230625
230626
230627
230629
230630
230631
230647
230649
230650
230651
230653
230654
230655
230656
230657
230658
230659
230660
230661
230662
230663
230664
230665
230666
230667
230668
230669
230670
230671
230672
230673
230674
230675
230676
230678
230679
230680
230685
230703
230707
230710
230713
230714
230720
230907
230908
230911
230912
230914
230915
230918
230919
230921
230922
230925
230926
230964
230968
230969
230970
230971
230972
230973
230974
230975
230976
230977
230978
230979
230980
230981
230982
230983
230984
230985
230986
230987
230988
230989
230990
230991
230992
230993
230994
230995
230996
230998
231002
231074
231075
231076
231078
231079
231080
231082
231083
231084
231086
231087
231167
231171
231172
231173
231174
231175
231176
231177
231178
231179
231180
231181
231182
231183
231184
231185
231187
231191
231242
231244
231246
231248
231249
231250
231251
231252
231253
231254
231255
231256
231257
231258
231259
231260
231261
231262
231264
231266
231268
231326
231327
231328
231329
231330
231331
231332
231333
231334
231335
231336
231337
231338
231339
231343
231368
231370
231371
231372
231374
231375
231376
231378
231379
231380
231396
231398
231399
231400
231402
231403
231404
231405
231406
231407
231408
231409
231410
231411
231412
231413
231414
231415
231416
231417
231418
231419
231420
231421
231422
231423
231424
231425
231427
231428
231429
231434
231452
231456
231459
231462
231463
231469
231656
231657
231660
231661
231663
231664
231667
231668
231670
231671
231674
231675
231713
231717
231718
231719
231720
231721
231722
231723
231724
231725
231726
231727
231728
231729
231730
231731
231732
231733
231734
231735
231736
231737
231738
231739
231740
231741
231742
231743
231744
231745
231747
231751
231823
231824
231825
231827
231828
231829
231831
231832
231833
231835
231836
231916
231920
231921
231922
231923
231924
231925
231926
231927
231928
231929
231930
231931
231932
231933
231934
231936
231940
231991
231993
231995
231997
231998
231999
232000
232001
232002
232003
232004
232005
232006
232007
232008
232009
232010
232011
232013
232015
232017
232075
232076
232077
232078
232079
232080
232081
232082
232083
232084
232085
232086
232087
232088
232092
232117
232119
232120
232121
232123
232124
232125
232127
232128
232129
232145
232147
232148
232149
232151
232152
232153
232154
232155
232156
232157
232158
232159
232160
232161
232162
232163
232164
232165
232166
232167
232168
232169
232170
232171
232172
232173
232174
232176
232177
232178
232183
232201
232205
232208
232211
232212
232218
232405
232406
232409
232410
232412
232413
232416
232417
232419
232420
232423
232424
232462
232466
232467
232468
232469
232470
232471
232472
232473
232474
232475
232476
232477
232478
232479
232480
232481
232482
232483
232484
232485
232486
232487
232488
232489
232490
232491
232492
232493
232494
232496
232500
232572
232573
232574
232576
232577
232578
232580
232581
232582
232584
232585
232665
232669
232670
232671
232672
232673
232674
232675
232676
232677
232678
232679
232680
232681
232682
232683
232685
232689
232740
232742
232744
232746
232747
232748
232749
232750
232751
232752
232753
232754
232755
232756
232757
232758
232759
232760
232762
232764
232766
232824
232825
232826
232827
232828
232829
232830
232831
232832
232833
232834
232835
232836
232837
232841
232866
232868
232869
232870
232872
232873
232874
232876
232877
232878
232894
232896
232897
232898
232900
232901
232902
232903
232904
232905
232906
232907
232908
232909
232910
232911
232912
232913
232914
232915
232916
232917
232918
232919
232920
232921
232922
232923
232925
232926
232927
232932
232950
232954
232957
232960
232961
232967
233154
233155
233158
233159
233161
233162
233165
233166
233168
233169
233172
233173
233211
233215
233216
233217
233218
233219
233220
233221
233222
233223
233224
233225
233226
233227
233228
233229
233230
233231
233232
233233
233234
233235
233236
233237
233238
233239
233240
233241
233242
233243
233245
233249
233321
233322
233323
233325
233326
233327
233329
233330
233331
233333
233334
233414
233418
233419
233420
233421
233422
233423
233424
233425
233426
233427
233428
233429
233430
233431
233432
233434
233438
233489
233491
233493
233495
233496
233497
233498
233499
233500
233501
233502
233503
233504
233505
233506
233507
233508
233509
233511
233513
233515
233573
233574
233575
233576
233577
233578
233579
233580
233581
233582
233583
233584
233585
233586
233590
233615
233617
233618
233619
233621
233622
233623
233625
233626
233627
233643
233645
233646
233647
233649
233650
233651
233652
233653
233654
233655
233656
233657
233658
233659
233660
233661
233662
233663
233664
233665
233666
233667
233668
233669
233670
233671
233672
233674
233675
233676
233681
233699
233703
233706
233709
233710
233716
233903
233904
233907
233908
233910
233911
233914
233915
233917
233918
233921
233922
233960
233964
233965
233966
233967
233968
233969
233970
233971
233972
233973
233974
233975
233976
233977
233978
233979
233980
233981
233982
233983
233984
233985
233986
233987
233988
233989
233990
233991
233992
233994
233998
234070
234071
234072
234074
234075
234076
234078
234079
234080
234082
234083
234163
234167
234168
234169
234170
234171
234172
234173
234174
234175
234176
234177
234178
234179
234180
234181
234183
234187
234238
234240
234242
234244
234245
234246
234247
234248
234249
234250
234251
234252
234253
234254
234255
234256
234257
234258
234260
234262
234264
234322
234323
234324
234325
234326
234327
234328
234329
234330
234331
234332
234333
234334
234335
234339
234364
234366
234367
234368
234370
234371
234372
234374
234375
234376
234392
234394
234395
234396
234398
234399
234400
234401
234402
234403
234404
234405
234406
234407
234408
234409
234410
234411
234412
234413
234414
234415
234416
234417
234418
234419
234420
234421
234423
234424
234425
234430
234448
234452
234455
234458
234459
234465
234652
234653
234656
234657
234659
234660
234663
234664
234666
234667
234670
234671
234709
234713
234714
234715
234716
234717
234718
234719
234720
234721
234722
234723
234724
234725
234726
234727
234728
234729
234730
234731
234732
234733
234734
234735
234736
234737
234738
234739
234740
234741
234743
234747
234819
234820
234821
234823
234824
234825
234827
234828
234829
234831
234832
234912
234916
234917
234918
234919
234920
234921
234922
234923
234924
234925
234926
234927
234928
234929
234930
234932
234936
234987
234989
234991
234993
234994
234995
234996
234997
234998
234999
235000
235001
235002
235003
235004
235005
235006
235007
235009
235011
235013
235071
235072
235073
235074
235075
235076
235077
235078
235079
235080
235081
235082
235083
235084
235088
235113
235115
235116
235117
235119
235120
235121
235123
235124
235125
235141
235143
235144
235145
235147
235148
235149
235150
235151
235152
235153
235154
235155
235156
235157
235158
235159
235160
235161
235162
235163
235164
235165
235166
235167
235168
235169
235170
235172
235173
235174
235179
235197
235201
235204
235207
235208
235214
235401
235402
235405
235406
235408
235409
235412
235413
235415
235416
235419
235420
235458
235462
235463
235464
235465
235466
235467
235468
235469
235470
235471
235472
235473
235474
235475
235476
235477
235478
235479
235480
235481
235482
235483
235484
235485
235486
235487
235488
235489
235490
235492
235496
235568
235569
235570
235572
235573
235574
235576
235577
235578
235580
235581
235661
235665
235666
235667
235668
235669
235670
235671
235672
235673
235674
235675
235676
235677
235678
235679
235681
235685
235736
235738
235740
235742
235743
235744
235745
235746
235747
235748
235749
235750
235751
235752
235753
235754
235755
235756
235758
235760
235762
235820
235821
235822
235823
235824
235825
235826
235827
235828
235829
235830
235831
235832
235833
235837
235862
235864
235865
235866
235868
235869
235870
235872
235873
235874
235890
235892
235893
235894
235896
235897
235898
235899
235900
235901
235902
235903
235904
235905
235906
235907
235908
235909
235910
235911
235912
235913
235914
235915
235916
235917
235918
235919
235921
235922
235923
235928
235946
235950
235953
235956
235957
235963
236150
236151
236154
236155
236157
236158
236161
236162
236164
236165
236168
236169
236207
236211
236212
236213
236214
236215
236216
236217
236218
236219
236220
236221
236222
236223
236224
236225
236226
236227
236228
236229
236230
236231
236232
236233
236234
236235
236236
236237
236238
236239
236241
236245
236317
236318
236319
236321
236322
236323
236325
236326
236327
236329
236330
236410
236414
236415
236416
236417
236418
236419
236420
236421
236422
236423
236424
236425
236426
236427
236428
236430
236434
236485
236487
236489
236491
236492
236493
236494
236495
236496
236497
236498
236499
236500
236501
236502
236503
236504
236505
236507
236509
236511
236569
236570
236571
236572
236573
236574
236575
236576
236577
236578
236579
236580
236581
236582
236586
236611
236613
236614
236615
236617
236618
236619
236621
236622
236623
236639
236641
236642
236643
236645
236646
236647
236648
236649
236650
236651
236652
236653
236654
236655
236656
236657
236658
236659
236660
236661
236662
236663
236664
236665
236666
236667
236668
236670
236671
236672
236677
236695
236699
236702
236705
236706
236712
236899
236900
236903
236904
236906
236907
236910
236911
236913
236914
236917
236918
236956
236960
236961
236962
236963
236964
236965
236966
236967
236968
236969
236970
236971
236972
236973
236974
236975
236976
236977
236978
236979
236980
236981
236982
236983
236984
236985
236986
236987
236988
236990
236994
237066
237067
237068
237070
237071
237072
237074
237075
237076
237078
237079
237159
237163
237164
237165
237166
237167
237168
237169
237170
237171
237172
237173
237174
237175
237176
237177
237179
237183
237234
237236
237238
237240
237241
237242
237243
237244
237245
237246
237247
237248
237249
237250
237251
237252
237253
237254
237256
237258
237260
237318
237319
237320
237321
237322
237323
237324
237325
237326
237327
237328
237329
237330
237331
237335
237360
237362
237363
237364
237366
237367
237368
237370
237371
237372
237388
237390
237391
237392
237394
237395
237396
237397
237398
237399
237400
237401
237402
237403
237404
237405
237406
237407
237408
237409
237410
237411
237412
237413
237414
237415
237416
237417
237419
237420
237421
237426
237444
237448
237451
237454
237455
237461
237648
237649
237652
237653
237655
237656
237659
237660
237662
237663
237666
237667
237705
237709
237710
237711
237712
237713
237714
237715
237716
237717
237718
237719
237720
237721
237722
237723
237724
237725
237726
237727
237728
237729
237730
237731
237732
237733
237734
237735
237736
237737
237739
237743
237815
237816
237817
237819
237820
237821
237823
237824
237825
237827
237828
237908
237912
237913
237914
237915
237916
237917
237918
237919
237920
237921
237922
237923
237924
237925
237926
237928
237932
237983
237985
237987
237989
237990
237991
237992
237993
237994
237995
237996
237997
237998
237999
238000
238001
238002
238003
238005
238007
238009
238067
238068
238069
238070
238071
238072
238073
238074
238075
238076
238077
238078
238079
238080
238084
238109
238111
238112
238113
238115
238116
238117
238119
238120
238121
238137
238139
238140
238141
238143
238144
238145
238146
238147
238148
238149
238150
238151
238152
238153
238154
238155
238156
238157
238158
238159
238160
238161
238162
238163
238164
238165
238166
238168
238169
238170
238175
238193
238197
238200
238203
238204
238210
238397
238398
238401
238402
238404
238405
238408
238409
238411
238412
238415
238416
238454
238458
238459
238460
238461
238462
238463
238464
238465
238466
238467
238468
238469
238470
238471
238472
238473
238474
238475
238476
238477
238478
238479
238480
238481
238482
238483
238484
238485
238486
238488
238492
238564
238565
238566
238568
238569
238570
238572
238573
238574
238576
238577
238657
238661
238662
238663
238664
238665
238666
238667
238668
238669
238670
238671
238672
238673
238674
238675
238677
238681
238732
238734
238736
238738
238739
238740
238741
238742
238743
238744
238745
238746
238747
238748
238749
238750
238751
238752
238754
238756
238758
238816
238817
238818
238819
238820
238821
238822
238823
238824
238825
238826
238827
238828
238829
238833
238858
238860
238861
238862
238864
238865
238866
238868
238869
238870
238886
238888
238889
238890
238892
238893
238894
238895
238896
238897
238898
238899
238900
238901
238902
238903
238904
238905
238906
238907
238908
238909
238910
238911
238912
238913
238914
238915
238917
238918
238919
238924
238942
238946
238949
238952
238953
238959
239146
239147
239150
239151
239153
239154
239157
239158
239160
239161
239164
239165
239203
239207
239208
239209
239210
239211
239212
239213
239214
239215
239216
239217
239218
239219
239220
239221
239222
239223
239224
239225
239226
239227
239228
239229
239230
239231
239232
239233
239234
239235
239237
239241
239313
239314
239315
239317
239318
239319
239321
239322
239323
239325
239326
239406
239410
239411
239412
239413
239414
239415
239416
239417
239418
239419
239420
239421
239422
239423
239424
239426
239430
239481
239483
239485
239487
239488
239489
239490
239491
239492
239493
239494
239495
239496
239497
239498
239499
239500
239501
239503
239505
239507
239565
239566
239567
239568
239569
239570
239571
239572
239573
239574
239575
239576
239577
239578
239582
239607
239609
239610
239611
239613
239614
239615
239617
239618
239619
239635
239637
239638
239639
239641
239642
239643
239644
239645
239646
239647
239648
239649
239650
239651
239652
239653
239654
239655
239656
239657
239658
239659
239660
239661
239662
239663
239664
239666
239667
239668
239673
239691
239695
239698
239701
239702
239708
239895
239896
239899
239900
239902
239903
239906
239907
239909
239910
239913
239914
239952
239956
239957
239958
239959
239960
239961
239962
239963
239964
239965
239966
239967
239968
239969
239970
239971
239972
239973
239974
239975
239976
239977
239978
239979
239980
239981
239982
239983
239984
239986
239990
240062
240063
240064
240066
240067
240068
240070
240071
240072
240074
240075
240155
240159
240160
240161
240162
240163
240164
240165
240166
240167
240168
240169
240170
240171
240172
240173
240175
240179
240230
240232
240234
240236
240237
240238
240239
240240
240241
240242
240243
240244
240245
240246
240247
240248
240249
240250
240252
240254
240256
240314
240315
240316
240317
240318
240319
240320
240321
240322
240323
240324
240325
240326
240327
240331
240356
240358
240359
240360
240362
240363
240364
240366
240367
240368
240384
240386
240387
240388
240390
240391
240392
240393
240394
240395
240396
240397
240398
240399
240400
240401
240402
240403
240404
240405
240406
240407
240408
240409
240410
240411
240412
240413
240415
240416
240417
240422
240440
240444
240447
240450
240451
240457
240644
240645
240648
240649
240651
240652
240655
240656
240658
240659
240662
240663
240701
240705
240706
240707
240708
240709
240710
240711
240712
240713
240714
240715
240716
240717
240718
240719
240720
240721
240722
240723
240724
240725
240726
240727
240728
240729
240730
240731
240732
240733
240735
240739
240811
240812
240813
240815
240816
240817
240819
240820
240821
240823
240824
240904
240908
240909
240910
240911
240912
240913
240914
240915
240916
240917
240918
240919
240920
240921
240922
240924
240928
240979
240981
240983
240985
240986
240987
240988
240989
240990
240991
240992
240993
240994
240995
240996
240997
240998
240999
241001
241003
241005
241063
241064
241065
241066
241067
241068
241069
241070
241071
241072
241073
241074
241075
241076
241080
241105
241107
241108
241109
241111
241112
241113
241115
241116
241117
241133
241135
241136
241137
241139
241140
241141
241142
241143
241144
241145
241146
241147
241148
241149
241150
241151
241152
241153
241154
241155
241156
241157
241158
241159
241160
241161
241162
241164
241165
241166
241171
241189
241193
241196
241199
241200
241206
241393
241394
241397
241398
241400
241401
241404
241405
241407
241408
241411
241412
241450
241454
241455
241456
241457
241458
241459
241460
241461
241462
241463
241464
241465
241466
241467
241468
241469
241470
241471
241472
241473
241474
241475
241476
241477
241478
241479
241480
241481
241482
241484
241488
241560
241561
241562
241564
241565
241566
241568
241569
241570
241572
241573
241653
241657
241658
241659
241660
241661
241662
241663
241664
241665
241666
241667
241668
241669
241670
241671
241673
241677
241728
241730
241732
241734
241735
241736
241737
241738
241739
241740
241741
241742
241743
241744
241745
241746
241747
241748
241750
241752
241754
241812
241813
241814
241815
241816
241817
241818
241819
241820
241821
241822
241823
241824
241825
241829
241854
241856
241857
241858
241860
241861
241862
241864
241865
241866
241882
241884
241885
241886
241888
241889
241890
241891
241892
241893
241894
241895
241896
241897
241898
241899
241900
241901
241902
241903
241904
241905
241906
241907
241908
241909
241910
241911
241913
241914
241915
241920
241938
241942
241945
241948
241949
241955
242142
242143
242146
242147
242149
242150
242153
242154
242156
242157
242160
242161
242199
242203
242204
242205
242206
242207
242208
242209
242210
242211
242212
242213
242214
242215
242216
242217
242218
242219
242220
242221
242222
242223
242224
242225
242226
242227
242228
242229
242230
242231
242233
242237
242309
242310
242311
242313
242314
242315
242317
242318
242319
242321
242322
242402
242406
242407
242408
242409
242410
242411
242412
242413
242414
242415
242416
242417
242418
242419
242420
242422
242426
242477
242479
242481
242483
242484
242485
242486
242487
242488
242489
242490
242491
242492
242493
242494
242495
242496
242497
242499
242501
242503
242561
242562
242563
242564
242565
242566
242567
242568
242569
242570
242571
242572
242573
242574
242578
242603
242605
242606
242607
242609
242610
242611
242613
242614
242615
242631
242633
242634
242635
242637
242638
242639
242640
242641
242642
242643
242644
242645
242646
242647
242648
242649
242650
242651
242652
242653
242654
242655
242656
242657
242658
242659
242660
242662
242663
242664
242669
242687
242691
242694
242697
242698
242704
242891
242892
242895
242896
242898
242899
242902
242903
242905
242906
242909
242910
242948
242952
242953
242954
242955
242956
242957
242958
242959
242960
242961
242962
242963
242964
242965
242966
242967
242968
242969
242970
242971
242972
242973
242974
242975
242976
242977
242978
242979
242980
242982
242986
243058
243059
243060
243062
243063
243064
243066
243067
243068
243070
243071
243151
243155
243156
243157
243158
243159
243160
243161
243162
243163
243164
243165
243166
243167
243168
243169
243171
243175
243226
243228
243230
243232
243233
243234
243235
243236
243237
243238
243239
243240
243241
243242
243243
243244
243245
243246
243248
243250
243252
243310
243311
243312
243313
243314
243315
243316
243317
243318
243319
243320
243321
243322
243323
243327
243352
243354
243355
243356
243358
243359
243360
243362
243363
243364
243380
243382
243383
243384
243386
243387
243388
243389
243390
243391
243392
243393
243394
243395
243396
243397
243398
243399
243400
243401
243402
243403
243404
243405
243406
243407
243408
243409
243411
243412
243413
243418
243436
243440
243443
243446
243447
243453
243640
243641
243644
243645
243647
243648
243651
243652
243654
243655
243658
243659
243697
243701
243702
243703
243704
243705
243706
243707
243708
243709
243710
243711
243712
243713
243714
243715
243716
243717
243718
243719
243720
243721
243722
243723
243724
243725
243726
243727
243728
243729
243731
243735
243807
243808
243809
243811
243812
243813
243815
243816
243817
243819
243820
243900
243904
243905
243906
243907
243908
243909
243910
243911
243912
243913
243914
243915
243916
243917
243918
243920
243924
243975
243977
243979
243981
243982
243983
243984
243985
243986
243987
243988
243989
243990
243991
243992
243993
243994
243995
243997
243999
244001
244059
244060
244061
244062
244063
244064
244065
244066
244067
244068
244069
244070
244071
244072
244076
244101
244103
244104
244105
244107
244108
244109
244111
244112
244113
244129
244131
244132
244133
244135
244136
244137
244138
244139
244140
244141
244142
244143
244144
244145
244146
244147
244148
244149
244150
244151
244152
244153
244154
244155
244156
244157
244158
244160
244161
244162
244167
244185
244189
244192
244195
244196
244202
244389
244390
244393
244394
244396
244397
244400
244401
244403
244404
244407
244408
244446
244450
244451
244452
244453
244454
244455
244456
244457
244458
244459
244460
244461
244462
244463
244464
244465
244466
244467
244468
244469
244470
244471
244472
244473
244474
244475
244476
244477
244478
244480
244484
244556
244557
244558
244560
244561
244562
244564
244565
244566
244568
244569
244649
244653
244654
244655
244656
244657
244658
244659
244660
244661
244662
244663
244664
244665
244666
244667
244669
244673
244724
244726
244728
244730
244731
244732
244733
244734
244735
244736
244737
244738
244739
244740
244741
244742
244743
244744
244746
244748
244750
244808
244809
244810
244811
244812
244813
244814
244815
244816
244817
244818
244819
244820
244821
244825
244850
244852
244853
244854
244856
244857
244858
244860
244861
244862
244878
244880
244881
244882
244884
244885
244886
244887
244888
244889
244890
244891
244892
244893
244894
244895
244896
244897
244898
244899
244900
244901
244902
244903
244904
244905
244906
244907
244909
244910
244911
244916
244934
244938
244941
244944
244945
244951
245138
245139
245142
245143
245145
245146
245149
245150
245152
245153
245156
245157
245195
245199
245200
245201
245202
245203
245204
245205
245206
245207
245208
245209
245210
245211
245212
245213
245214
245215
245216
245217
245218
245219
245220
245221
245222
245223
245224
245225
245226
245227
245229
245233
245305
245306
245307
245309
245310
245311
245313
245314
245315
245317
245318
245398
245402
245403
245404
245405
245406
245407
245408
245409
245410
245411
245412
245413
245414
245415
245416
245418
245422
245473
245475
245477
245479
245480
245481
245482
245483
245484
245485
245486
245487
245488
245489
245490
245491
245492
245493
245495
245497
245499
245557
245558
245559
245560
245561
245562
245563
245564
245565
245566
245567
245568
245569
245570
245574
245599
245601
245602
245603
245605
245606
245607
245609
245610
245611
245627
245629
245630
245631
245633
245634
245635
245636
245637
245638
245639
245640
245641
245642
245643
245644
245645
245646
245647
245648
245649
245650
245651
245652
245653
245654
245655
245656
245658
245659
245660
245665
245683
245687
245690
245693
245694
245700
245887
245888
245891
245892
245894
245895
245898
245899
245901
245902
245905
245906
245944
245948
245949
245950
245951
245952
245953
245954
245955
245956
245957
245958
245959
245960
245961
245962
245963
245964
245965
245966
245967
245968
245969
245970
245971
245972
245973
245974
245975
245976
245978
245982
246054
246055
246056
246058
246059
246060
246062
246063
246064
246066
246067
246147
246151
246152
246153
246154
246155
246156
246157
246158
246159
246160
246161
246162
246163
246164
246165
246167
246171
246222
246224
246226
246228
246229
246230
246231
246232
246233
246234
246235
246236
246237
246238
246239
246240
246241
246242
246244
246246
246248
246306
246307
246308
246309
246310
246311
246312
246313
246314
246315
246316
246317
246318
246319
246323
246348
246350
246351
246352
246354
246355
246356
246358
246359
246360
246376
246378
246379
246380
246382
246383
246384
246385
246386
246387
246388
246389
246390
246391
246392
246393
246394
246395
246396
246397
246398
246399
246400
246401
246402
246403
246404
246405
246407
246408
246409
246414
246432
246436
246439
246442
246443
246449
246636
246637
246640
246641
246643
246644
246647
246648
246650
246651
246654
246655
246693
246697
246698
246699
246700
246701
246702
246703
246704
246705
246706
246707
246708
246709
246710
246711
246712
246713
246714
246715
246716
246717
246718
246719
246720
246721
246722
246723
246724
246725
246727
246731
246803
246804
246805
246807
246808
246809
246811
246812
246813
246815
246816
246896
246900
246901
246902
246903
246904
246905
246906
246907
246908
246909
246910
246911
246912
246913
246914
246916
246920
246971
246973
246975
246977
246978
246979
246980
246981
246982
246983
246984
246985
246986
246987
246988
246989
246990
246991
246993
246995
246997
247055
247056
247057
247058
247059
247060
247061
247062
247063
247064
247065
247066
247067
247068
247072
247097
247099
247100
247101
247103
247104
247105
247107
247108
247109
247125
247127
247128
247129
247131
247132
247133
247134
247135
247136
247137
247138
247139
247140
247141
247142
247143
247144
247145
247146
247147
247148
247149
247150
247151
247152
247153
247154
247156
247157
247158
247163
247181
247185
247188
247191
247192
247198
247385
247386
247389
247390
247392
247393
247396
247397
247399
247400
247403
247404
247442
247446
247447
247448
247449
247450
247451
247452
247453
247454
247455
247456
247457
247458
247459
247460
247461
247462
247463
247464
247465
247466
247467
247468
247469
247470
247471
247472
247473
247474
247476
247480
247552
247553
247554
247556
247557
247558
247560
247561
247562
247564
247565
247645
247649
247650
247651
247652
247653
247654
247655
247656
247657
247658
247659
247660
247661
247662
247663
247665
247669
247720
247722
247724
247726
247727
247728
247729
247730
247731
247732
247733
247734
247735
247736
247737
247738
247739
247740
247742
247744
247746
247804
247805
247806
247807
247808
247809
247810
247811
247812
247813
247814
247815
247816
247817
247821
247846
247848
247849
247850
247852
247853
247854
247856
247857
247858
247874
247876
247877
247878
247880
247881
247882
247883
247884
247885
247886
247887
247888
247889
247890
247891
247892
247893
247894
247895
247896
247897
247898
247899
247900
247901
247902
247903
247905
247906
247907
247912
247930
247934
247937
247940
247941
247947
248134
248135
248138
248139
248141
248142
248145
248146
248148
248149
248152
248153
248191
248195
248196
248197
248198
248199
248200
248201
248202
248203
248204
248205
248206
248207
248208
248209
248210
248211
248212
248213
248214
248215
248216
248217
248218
248219
248220
248221
248222
248223
248225
248229
248301
248302
248303
248305
248306
248307
248309
248310
248311
248313
248314
248394
248398
248399
248400
248401
248402
248403
248404
248405
248406
248407
248408
248409
248410
248411
248412
248414
248418
248469
248471
248473
248475
248476
248477
248478
248479
248480
248481
248482
248483
248484
248485
248486
248487
248488
248489
248491
248493
248495
248553
248554
248555
248556
248557
248558
248559
248560
248561
248562
248563
248564
248565
248566
248570
248595
248597
248598
248599
248601
248602
248603
248605
248606
248607
248623
248625
248626
248627
248629
248630
248631
248632
248633
248634
248635
248636
248637
248638
248639
248640
248641
248642
248643
248644
248645
248646
248647
248648
248649
248650
248651
248652
248654
248655
248656
248661
248679
248683
248686
248689
248690
248696
248883
248884
248887
248888
248890
248891
248894
248895
248897
248898
248901
248902
248940
248944
248945
248946
248947
248948
248949
248950
248951
248952
248953
248954
248955
248956
248957
248958
248959
248960
248961
248962
248963
248964
248965
248966
248967
248968
248969
248970
248971
248972
248974
248978
249050
249051
249052
249054
249055
249056
249058
249059
249060
249062
249063
249143
249147
249148
249149
249150
249151
249152
249153
249154
249155
249156
249157
249158
249159
249160
249161
249163
249167
249218
249220
249222
249224
249225
249226
249227
249228
249229
249230
249231
249232
249233
249234
249235
249236
249237
249238
249240
249242
249244
249302
249303
249304
249305
249306
249307
249308
249309
249310
249311
249312
249313
249314
249315
249319
249344
249346
249347
249348
249350
249351
249352
249354
249355
249356
249372
249374
249375
249376
249378
249379
249380
249381
249382
249383
249384
249385
249386
249387
249388
249389
249390
249391
249392
249393
249394
249395
249396
249397
249398
249399
249400
249401
249403
249404
249405
249410
249428
249432
249435
249438
249439
249445
249632
249633
249636
249637
249639
249640
249643
249644
249646
249647
249650
249651
249689
249693
249694
249695
249696
249697
249698
249699
249700
249701
249702
249703
249704
249705
249706
249707
249708
249709
249710
249711
249712
249713
249714
249715
249716
249717
249718
249719
249720
249721
249723
249727
249799
249800
249801
249803
249804
249805
249807
249808
249809
249811
249812
249892
249896
249897
249898
249899
249900
249901
249902
249903
249904
249905
249906
249907
249908
249909
249910
249912
249916
249967
249969
249971
249973
249974
249975
249976
249977
249978
249979
249980
249981
249982
249983
249984
249985
249986
249987
249989
249991
249993
250051
250052
250053
250054
250055
250056
250057
250058
250059
250060
250061
250062
250063
250064
250068
250093
250095
250096
250097
250099
250100
250101
250103
250104
250105
250121
250123
250124
250125
250127
250128
250129
250130
250131
250132
250133
250134
250135
250136
250137
250138
250139
250140
250141
250142
250143
250144
250145
250146
250147
250148
250149
250150
250152
250153
250154
250159
250177
250181
250184
250187
250188
250194
250381
250382
250385
250386
250388
250389
250392
250393
250395
250396
250399
250400
250438
250442
250443
250444
250445
250446
250447
250448
250449
250450
250451
250452
250453
250454
250455
250456
250457
250458
250459
250460
250461
250462
250463
250464
250465
250466
250467
250468
250469
250470
250472
250476
250548
250549
250550
250552
250553
250554
250556
250557
250558
250560
250561
250641
250645
250646
250647
250648
250649
250650
250651
250652
250653
250654
250655
250656
250657
250658
250659
250661
250665
250716
250718
250720
250722
250723
250724
250725
250726
250727
250728
250729
250730
250731
250732
250733
250734
250735
250736
250738
250740
250742
250800
250801
250802
250803
250804
250805
250806
250807
250808
250809
250810
250811
250812
250813
250817
250842
250844
250845
250846
250848
250849
250850
250852
250853
250854
250870
250872
250873
250874
250876
250877
250878
250879
250880
250881
250882
250883
250884
250885
250886
250887
250888
250889
250890
250891
250892
250893
250894
250895
250896
250897
250898
250899
250901
250902
250903
250908
250926
250930
250933
250936
250937
250943
251130
251131
251134
251135
251137
251138
251141
251142
251144
251145
251148
251149
251187
251191
251192
251193
251194
251195
251196
251197
251198
251199
251200
251201
251202
251203
251204
251205
251206
251207
251208
251209
251210
251211
251212
251213
251214
251215
251216
251217
251218
251219
251221
251225
251297
251298
251299
251301
251302
251303
251305
251306
251307
251309
251310
251390
251394
251395
251396
251397
251398
251399
251400
251401
251402
251403
251404
251405
251406
251407
251408
251410
251414
251465
251467
251469
251471
251472
251473
251474
251475
251476
251477
251478
251479
251480
251481
251482
251483
251484
251485
251487
251489
251491
251549
251550
251551
251552
251553
251554
251555
251556
251557
251558
251559
251560
251561
251562
251566
251591
251593
251594
251595
251597
251598
251599
251601
251602
251603
251619
251621
251622
251623
251625
251626
251627
251628
251629
251630
251631
251632
251633
251634
251635
251636
251637
251638
251639
251640
251641
251642
251643
251644
251645
251646
251647
251648
251650
251651
251652
251657
251675
251679
251682
251685
251686
251692
251879
251880
251883
251884
251886
251887
251890
251891
251893
251894
251897
251898
251936
251940
251941
251942
251943
251944
251945
251946
251947
251948
251949
251950
251951
251952
251953
251954
251955
251956
251957
251958
251959
251960
251961
251962
251963
251964
251965
251966
251967
251968
251970
251974
252046
252047
252048
252050
252051
252052
252054
252055
252056
252058
252059
252139
252143
252144
252145
252146
252147
252148
252149
252150
252151
252152
252153
252154
252155
252156
252157
252159
252163
252214
252216
252218
252220
252221
252222
252223
252224
252225
252226
252227
252228
252229
252230
252231
252232
252233
252234
252236
252238
252240
252298
252299
252300
252301
252302
252303
252304
252305
252306
252307
252308
252309
252310
252311
252315
252340
252342
252343
252344
252346
252347
252348
252350
252351
252352
252368
252370
252371
252372
252374
252375
252376
252377
252378
252379
252380
252381
252382
252383
252384
252385
252386
252387
252388
252389
252390
252391
252392
252393
252394
252395
252396
252397
252399
252400
252401
252406
252424
252428
252431
252434
252435
252441
252628
252629
252632
252633
252635
252636
252639
252640
252642
252643
252646
252647
252685
252689
252690
252691
252692
252693
252694
252695
252696
252697
252698
252699
252700
252701
252702
252703
252704
252705
252706
252707
252708
252709
252710
252711
252712
252713
252714
252715
252716
252717
252719
252723
252795
252796
252797
252799
252800
252801
252803
252804
252805
252807
252808
252888
252892
252893
252894
252895
252896
252897
252898
252899
252900
252901
252902
252903
252904
252905
252906
252908
252912
252963
252965
252967
252969
252970
252971
252972
252973
252974
252975
252976
252977
252978
252979
252980
252981
252982
252983
252985
252987
252989
253047
253048
253049
253050
253051
253052
253053
253054
253055
253056
253057
253058
253059
253060
253064
253089
253091
253092
253093
253095
253096
253097
253099
253100
253101
253117
253119
253120
253121
253123
253124
253125
253126
253127
253128
253129
253130
253131
253132
253133
253134
253135
253136
253137
253138
253139
253140
253141
253142
253143
253144
253145
253146
253148
253149
253150
253155
253173
253177
253180
253183
253184
253190
253377
253378
253381
253382
253384
253385
253388
253389
253391
253392
253395
253396
253434
253438
253439
253440
253441
253442
253443
253444
253445
253446
253447
253448
253449
253450
253451
253452
253453
253454
253455
253456
253457
253458
253459
253460
253461
253462
253463
253464
253465
253466
253468
253472
253544
253545
253546
253548
253549
253550
253552
253553
253554
253556
253557
253637
253641
253642
253643
253644
253645
253646
253647
253648
253649
253650
253651
253652
253653
253654
253655
253657
253661
253712
253714
253716
253718
253719
253720
253721
253722
253723
253724
253725
253726
253727
253728
253729
253730
253731
253732
253734
253736
253738
253796
253797
253798
253799
253800
253801
253802
253803
253804
253805
253806
253807
253808
253809
253813
253838
253840
253841
253842
253844
253845
253846
253848
253849
253850
253866
253868
253869
253870
253872
253873
253874
253875
253876
253877
253878
253879
253880
253881
253882
253883
253884
253885
253886
253887
253888
253889
253890
253891
253892
253893
253894
253895
253897
253898
253899
253904
253922
253926
253929
253932
253933
253939
254126
254127
254130
254131
254133
254134
254137
254138
254140
254141
254144
254145
254183
254187
254188
254189
254190
254191
254192
254193
254194
254195
254196
254197
254198
254199
254200
254201
254202
254203
254204
254205
254206
254207
254208
254209
254210
254211
254212
254213
254214
254215
254217
254221
254293
254294
254295
254297
254298
254299
254301
254302
254303
254305
254306
254386
254390
254391
254392
254393
254394
254395
254396
254397
254398
254399
254400
254401
254402
254403
254404
254406
254410
254461
254463
254465
254467
254468
254469
254470
254471
254472
254473
254474
254475
254476
254477
254478
254479
254480
254481
254483
254485
254487
254545
254546
254547
254548
254549
254550
254551
254552
254553
254554
254555
254556
254557
254558
254562
254587
254589
254590
254591
254593
254594
254595
254597
254598
254599
254615
254617
254618
254619
254621
254622
254623
254624
254625
254626
254627
254628
254629
254630
254631
254632
254633
254634
254635
254636
254637
254638
254639
254640
254641
254642
254643
254644
254646
254647
254648
254653
254671
254675
254678
254681
254682
254688
254875
254876
254879
254880
254882
254883
254886
254887
254889
254890
254893
254894
254932
254936
254937
254938
254939
254940
254941
254942
254943
254944
254945
254946
254947
254948
254949
254950
254951
254952
254953
254954
254955
254956
254957
254958
254959
254960
254961
254962
254963
254964
254966
254970
255042
255043
255044
255046
255047
255048
255050
255051
255052
255054
255055
255135
255139
255140
255141
255142
255143
255144
255145
255146
255147
255148
255149
255150
255151
255152
255153
255155
255159
255210
255212
255214
255216
255217
255218
255219
255220
255221
255222
255223
255224
255225
255226
255227
255228
255229
255230
255232
255234
255236
255294
255295
255296
255297
255298
255299
255300
255301
255302
255303
255304
255305
255306
255307
255311
255336
255338
255339
255340
255342
255343
255344
255346
255347
255348
255364
255366
255367
255368
255370
255371
255372
255373
255374
255375
255376
255377
255378
255379
255380
255381
255382
255383
255384
255385
255386
255387
255388
255389
255390
255391
255392
255393
255395
255396
255397
255402
255420
255424
255427
255430
255431
255437
255624
255625
255628
255629
255631
255632
255635
255636
255638
255639
255642
255643
255681
255685
255686
255687
255688
255689
255690
255691
255692
255693
255694
255695
255696
255697
255698
255699
255700
255701
255702
255703
255704
255705
255706
255707
255708
255709
255710
255711
255712
255713
255715
255719
255791
255792
255793
255795
255796
255797
255799
255800
255801
255803
255804
255884
255888
255889
255890
255891
255892
255893
255894
255895
255896
255897
255898
255899
255900
255901
255902
255904
255908
255959
255961
255963
255965
255966
255967
255968
255969
255970
255971
255972
255973
255974
255975
255976
255977
255978
255979
255981
255983
255985
256043
256044
256045
256046
256047
256048
256049
256050
256051
256052
256053
256054
256055
256056
256060
256085
256087
256088
256089
256091
256092
256093
256095
256096
256097
256113
256115
256116
256117
256119
256120
256121
256122
256123
256124
256125
256126
256127
256128
256129
256130
256131
256132
256133
256134
256135
256136
256137
256138
256139
256140
256141
256142
256144
256145
256146
256151
256169
256173
256176
256179
256180
256186
256373
256374
256377
256378
256380
256381
256384
256385
256387
256388
256391
256392
256430
256434
256435
256436
256437
256438
256439
256440
256441
256442
256443
256444
256445
256446
256447
256448
256449
256450
256451
256452
256453
256454
256455
256456
256457
256458
256459
256460
256461
256462
256464
256468
256540
256541
256542
256544
256545
256546
256548
256549
256550
256552
256553
256633
256637
256638
256639
256640
256641
256642
256643
256644
256645
256646
256647
256648
256649
256650
256651
256653
256657
256708
256710
256712
256714
256715
256716
256717
256718
256719
256720
256721
256722
256723
256724
256725
256726
256727
256728
256730
256732
256734
256792
256793
256794
256795
256796
256797
256798
256799
256800
256801
256802
256803
256804
256805
256809
256834
256836
256837
256838
256840
256841
256842
256844
256845
256846
256862
256864
256865
256866
256868
256869
256870
256871
256872
256873
256874
256875
256876
256877
256878
256879
256880
256881
256882
256883
256884
256885
256886
256887
256888
256889
256890
256891
256893
256894
256895
256900
256918
256922
256925
256928
256929
256935
257122
257123
257126
257127
257129
257130
257133
257134
257136
257137
257140
257141
257179
257183
257184
257185
257186
257187
257188
257189
257190
257191
257192
257193
257194
257195
257196
257197
257198
257199
257200
257201
257202
257203
257204
257205
257206
257207
257208
257209
257210
257211
257213
257217
257289
257290
257291
257293
257294
257295
257297
257298
257299
257301
257302
257382
257386
257387
257388
257389
257390
257391
257392
257393
257394
257395
257396
257397
257398
257399
257400
257402
257406
257457
257459
257461
257463
257464
257465
257466
257467
257468
257469
257470
257471
257472
257473
257474
257475
257476
257477
257479
257481
257483
257541
257542
257543
257544
257545
257546
257547
257548
257549
257550
257551
257552
257553
257554
257558
257583
257585
257586
257587
257589
257590
257591
257593
257594
257595
257611
257613
257614
257615
257617
257618
257619
257620
257621
257622
257623
257624
257625
257626
257627
257628
257629
257630
257631
257632
257633
257634
257635
257636
257637
257638
257639
257640
257642
257643
257644
257649
257667
257671
257674
257677
257678
257684
257865
257866
257868
257872
257873
257875
258061
258062
258065
258068
258069
258072
258257
258258
258261
258264
258265
258268
258453
258454
258457
258460
258461
258464
258649
258650
258653
258656
258657
258660
258845
258846
258849
258852
258853
258856
259041
259042
259045
259048
259049
259052
259237
259238
259241
259244
259245
259248
259433
259434
259437
259440
259441
259444
259629
259630
259633
259636
259637
259640
259825
259826
259829
259832
259833
259836
260021
260022
260025
260028
260029
260032
260217
260218
260221
260224
260225
260228
260413
260414
260417
260420
260421
260424
260609
260610
260613
260616
260617
260620
260805
260806
260809
260812
260813
260816
261001
261002
261005
261008
261009
261012
261197
261198
261201
261204
261205
261208
261393
261394
261397
261400
261401
261404
261589
261590
261593
261596
261597
261600
261785
261786
261789
261792
261793
261796
261981
261982
261985
261988
261989
261992
262177
262178
262181
262184
262185
262188
262373
262374
262377
262380
262381
262384
262569
262570
262573
262576
262577
262580
262765
262766
262769
262772
262773
262776
262961
262962
262965
262968
262969
262972
263157
263158
263161
263164
263165
263168
263353
263354
263357
263360
263361
263364
263549
263550
263553
263556
263557
263560
263745
263746
263749
263752
263753
263756
263941
263942
263945
263948
263949
263952
264137
264138
264141
264144
264145
264148
264333
264334
264337
264340
264341
264344
264529
264530
264533
264536
264537
264540
264725
264726
264729
264732
264733
264736
264921
264922
264925
264928
264929
264932
265117
265118
265121
265124
265125
265128
265313
265314
265317
265320
265321
265324
265509
265510
265513
265516
265517
265520
265705
265706
265709
265712
265713
265716
265901
265902
265905
265908
265909
265912
266097
266098
266101
266104
266105
266108
266293
266294
266297
266300
266301
266304
266489
266490
266493
266496
266497
266500
266685
266686
266689
266692
266693
266696
266881
266882
266885
266888
266889
266892
267077
267078
267081
267084
267085
267088
267273
267274
267277
267280
267281
267284
267469
267470
267473
267476
267477
267480
267665
267666
267669
267672
267673
267676
267861
267862
267865
267868
267869
267872
268057
268058
268061
268064
268065
268068
268253
268254
268257
268260
268261
268264
268449
268450
268453
268456
268457
268460
268645
268646
268649
268652
268653
268656
268841
268842
268845
268848
268849
268852
269037
269038
269041
269044
269045
269048
269233
269234
269237
269240
269241
269244
269429
269430
269433
269436
269437
269440
269625
269626
269629
269632
269633
269636
269821
269822
269825
269828
269829
269832
270017
270018
270021
270024
270025
270028
270213
270214
270217
270220
270221
270224
270409
270410
270413
270416
270417
270420
270605
270606
270609
270612
270613
270616
270801
270802
270805
270808
270809
270812
270997
270998
271001
271004
271005
271008
271193
271194
271197
271200
271201
271204
271389
271390
271393
271396
271397
271400
271585
271586
271589
271592
271593
271596
271781
271782
271785
271788
271789
271792
271977
271978
271981
271984
271985
271988
272173
272174
272177
272180
272181
272184
272369
272370
272373
272376
272377
272380
272565
272566
272569
272572
272573
272576
272761
272762
272765
272768
272769
272772
272957
272958
272961
272964
272965
272968
273153
273154
273157
273160
273161
273164
273349
273350
273353
273356
273357
273360
273545
273546
273549
273552
273553
273556
273741
273742
273745
273748
273749
273752
273937
273938
273941
273944
273945
273948
274133
274134
274137
274140
274141
274144
274329
274330
274333
274336
274337
274340
274525
274526
274529
274532
274533
274536
274721
274722
274725
274728
274729
274732
274917
274918
274921
274924
274925
274928
275113
275114
275117
275120
275121
275124
275309
275310
275313
275316
275317
275320
275505
275506
275509
275512
275513
275516
275701
275702
275705
275708
275709
275712
275897
275898
275901
275904
275905
275908
276093
276094
276097
276100
276101
276104
276289
276290
276293
276296
276297
276300
276485
276486
276489
276492
276493
276496
276681
276682
276685
276688
276689
276692
276877
276878
276881
276884
276885
276888
277073
277074
277077
277080
277081
277084
277269
277270
277273
277276
277277
277280
277465
277466
277469
277472
277473
277476
277661
277662
277665
277668
277669
277672
277857
277858
277861
277864
277865
277868
278053
278054
278057
278060
278061
278064
278249
278250
278253
278256
278257
278260
278445
278446
278449
278452
278453
278456
278641
278642
278645
278648
278649
278652
278837
278838
278841
278844
278845
278848
279033
279034
279037
279040
279041
279044
279229
279230
279233
279236
279237
279240
279425
279426
279429
279432
279433
279436
279621
279622
279625
279628
279629
279632
279817
279818
279821
279824
279825
279828
280013
280014
280017
280020
280021
280024
280209
280210
280213
280216
280217
280220
280405
280406
280409
280412
280413
280416
280601
280602
280605
280608
280609
280612
280797
280798
280801
280804
280805
280808
280993
280994
280997
281000
281001
281004
281189
281190
281193
281196
281197
281200
281385
281386
281389
281392
281393
281396
281581
281582
281585
281588
281589
281592
281777
281778
281781
281784
281785
281788
281973
281974
281977
281980
281981
281984
282169
282170
282173
282176
282177
282180
282365
282366
282369
282372
282373
282376
282561
282562
282565
282568
282569
282572
282757
282758
282761
282764
282765
282768
282953
282954
282957
282960
282961
282964
283149
283150
283153
283156
283157
283160
283345
283346
283349
283352
283353
283356
283541
283542
283545
283548
283549
283552
283737
283738
283741
283744
283745
283748
283933
283934
283937
283940
283941
283944
284129
284130
284133
284136
284137
284140
284325
284326
284329
284332
284333
284336
284521
284522
284525
284528
284529
284532
284717
284718
284721
284724
284725
284728
284913
284914
284917
284920
284921
284924
285109
285110
285113
285116
285117
285120
285305
285306
285309
285312
285313
285316
285501
285502
285505
285508
285509
285512
285697
285698
285701
285704
285705
285708
285893
285894
285897
285900
285901
285904
286089
286090
286093
286096
286097
286100
286285
286286
286289
286292
286293
286296
286481
286482
286485
286488
286489
286492
286677
286678
286681
286684
286685
286688
286873
286874
286877
286880
286881
286884
287069
287070
287073
287076
287077
287080
287265
287266
287269
287272
287273
287276
287461
287462
287465
287468
287469
287472
287657
287658
287661
287664
287665
287668
287853
287854
287857
287860
287861
287864
288049
288050
288053
288056
288057
288060
288245
288246
288249
288252
288253
288256
288441
288442
288445
288448
288449
288452
288637
288638
288641
288644
288645
288648
288833
288834
288837
288840
288841
288844
289029
289030
289033
289036
289037
289040
289225
289226
289229
289232
289233
289236
289421
289422
289425
289428
289429
289432
289617
289618
289621
289624
289625
289628
289813
289814
289817
289820
289821
289824
290009
290010
290013
290016
290017
290020
290205
290206
290209
290212
290213
290216
290401
290402
290405
290408
290409
290412
290597
290598
290601
290604
290605
290608
290793
290794
290797
290800
290801
290804
290989
290990
290993
290996
290997
291000
291185
291186
291189
291192
291193
291196
291381
291382
291385
291388
291389
291392
291577
291578
291581
291584
291585
291588
291773
291774
291777
291780
291781
291784
291969
291970
291973
291976
291977
291980
292165
292166
292169
292172
292173
292176
292361
292362
292365
292368
292369
292372
292557
292558
292561
292564
292565
292568
292753
292754
292757
292760
292761
292764
292949
292950
292953
292956
292957
292960
293145
293146
293149
293152
293153
293156
293341
293342
293345
293348
293349
293352
293537
293538
293541
293544
293545
293548
293733
293734
293737
293740
293741
293744
293929
293930
293933
293936
293937
293940
294125
294126
294129
294132
294133
294136
294321
294322
294325
294328
294329
294332
294517
294518
294521
294524
294525
294528
294713
294714
294717
294720
294721
294724
294909
294910
294913
294916
294917
294920
295105
295106
295109
295112
295113
295116
295301
295302
295305
295308
295309
295312
295497
295498
295501
295504
295505
295508
295693
295694
295697
295700
295701
295704
295889
295890
295893
295896
295897
295900
296085
296086
296089
296092
296093
296096
296281
296282
296285
296288
296289
296292
296477
296478
296481
296484
296485
296488
296673
296674
296677
296680
296681
296684
296869
296870
296873
296876
296877
296880
297316
297318
297319
297330
297332
297334
297344
297345
297347
297357
297358
297359
297360
297361
297362
297363
297364
297365
297366
297367
297368
297369
297370
297371
297372
297373
297374
297375
297376
297377
297378
297379
297380
297381
297382
297383
297384
297393
297395
297397
297406
297407
297409
297410
297412
297413
297419
297420
297421
297422
297424
297426
297427
297433
298198
298200
298202
298212
298214
298216
298226
298227
298229
298239
298240
298241
298242
298243
298244
298245
298246
298247
298248
298249
298250
298251
298252
298253
298254
298255
298256
298257
298258
298259
298260
298261
298262
298263
298264
298265
298266
298275
298277
298279
298288
298289
298291
298292
298293
298295
298299
298302
298303
298304
298306
298308
298309
298315
299080
299082
299084
299094
299096
299098
299108
299109
299111
299121
299122
299123
299124
299125
299126
299127
299128
299129
299130
299131
299132
299133
299134
299135
299136
299137
299138
299139
299140
299141
299142
299143
299144
299145
299146
299147
299148
299157
299159
299161
299170
299171
299173
299174
299175
299177
299181
299184
299185
299186
299188
299190
299191
299197
299962
299964
299966
299976
299978
299980
299990
299991
299993
300003
300004
300005
300006
300007
300008
300009
300010
300011
300012
300013
300014
300015
300016
300017
300018
300019
300020
300021
300022
300023
300024
300025
300026
300027
300028
300029
300030
300039
300041
300043
300052
300053
300055
300056
300057
300059
300063
300066
300067
300068
300070
300072
300073
300079
300844
300846
300848
300858
300860
300862
300872
300873
300875
300885
300886
300887
300888
300889
300890
300891
300892
300893
300894
300895
300896
300897
300898
300899
300900
300901
300902
300903
300904
300905
300906
300907
300908
300909
300910
300911
300912
300921
300923
300925
300934
300935
300937
300938
300939
300941
300945
300948
300949
300950
300952
300954
300955
300961
301726
301728
301730
301740
301742
301744
301754
301755
301757
301767
301768
301769
301770
301771
301772
301773
301774
301775
301776
301777
301778
301779
301780
301781
301782
301783
301784
301785
301786
301787
301788
301789
301790
301791
301792
301793
301794
301803
301805
301807
301816
301817
301819
301820
301821
301823
301827
301830
301831
301832
301834
301836
301837
301843
302608
302610
302612
302622
302624
302626
302636
302637
302639
302649
302650
302651
302652
302653
302654
302655
302656
302657
302658
302659
302660
302661
302662
302663
302664
302665
302666
302667
302668
302669
302670
302671
302672
302673
302674
302675
302676
302685
302687
302689
302698
302699
302701
302702
302703
302705
302709
302712
302713
302714
302716
302718
302719
302725
303490
303492
303494
303504
303506
303508
303518
303519
303521
303531
303532
303533
303534
303535
303536
303537
303538
303539
303540
303541
303542
303543
303544
303545
303546
303547
303548
303549
303550
303551
303552
303553
303554
303555
303556
303557
303558
303567
303569
303571
303580
303581
303583
303584
303585
303587
303591
303594
303595
303596
303598
303600
303601
303607
304372
304374
304376
304386
304388
304390
304400
304401
304403
304413
304414
304415
304416
304417
304418
304419
304420
304421
304422
304423
304424
304425
304426
304427
304428
304429
304430
304431
304432
304433
304434
304435
304436
304437
304438
304439
304440
304449
304451
304453
304462
304463
304465
304466
304467
304469
304473
304476
304477
304478
304480
304482
304483
304489
305254
305256
305258
305268
305270
305272
305282
305283
305285
305295
305296
305297
305298
305299
305300
305301
305302
305303
305304
305305
305306
305307
305308
305309
305310
305311
305312
305313
305314
305315
305316
305317
305318
305319
305320
305321
305322
305331
305333
305335
305344
305345
305347
305348
305349
305351
305355
305358
305359
305360
305362
305364
305365
305371
306136
306138
306140
306150
306152
306154
306164
306165
306167
306177
306178
306179
306180
306181
306182
306183
306184
306185
306186
306187
306188
306189
306190
306191
306192
306193
306194
306195
306196
306197
306198
306199
306200
306201
306202
306203
306204
306213
306215
306217
306226
306227
306229
306230
306231
306233
306237
306240
306241
306242
306244
306246
306247
306253
307018
307020
307022
307032
307034
307036
307046
307047
307049
307059
307060
307061
307062
307063
307064
307065
307066
307067
307068
307069
307070
307071
307072
307073
307074
307075
307076
307077
307078
307079
307080
307081
307082
307083
307084
307085
307086
307095
307097
307099
307108
307109
307111
307112
307113
307115
307119
307122
307123
307124
307126
307128
307129
307135
307900
307902
307904
307914
307916
307918
307928
307929
307931
307941
307942
307943
307944
307945
307946
307947
307948
307949
307950
307951
307952
307953
307954
307955
307956
307957
307958
307959
307960
307961
307962
307963
307964
307965
307966
307967
307968
307977
307979
307981
307990
307991
307993
307994
307995
307997
308001
308004
308005
308006
308008
308010
308011
308017
308782
308784
308786
308796
308798
308800
308810
308811
308813
308823
308824
308825
308826
308827
308828
308829
308830
308831
308832
308833
308834
308835
308836
308837
308838
308839
308840
308841
308842
308843
308844
308845
308846
308847
308848
308849
308850
308859
308861
308863
308872
308873
308875
308876
308877
308879
308883
308886
308887
308888
308890
308892
308893
308899
309664
309666
309668
309678
309680
309682
309692
309693
309695
309705
309706
309707
309708
309709
309710
309711
309712
309713
309714
309715
309716
309717
309718
309719
309720
309721
309722
309723
309724
309725
309726
309727
309728
309729
309730
309731
309732
309741
309743
309745
309754
309755
309757
309758
309759
309761
309765
309768
309769
309770
309772
309774
309775
309781
310546
310548
310550
310560
310562
310564
310574
310575
310577
310587
310588
310589
310590
310591
310592
310593
310594
310595
310596
310597
310598
310599
310600
310601
310602
310603
310604
310605
310606
310607
310608
310609
310610
310611
310612
310613
310614
310623
310625
310627
310636
310637
310639
310640
310641
310643
310647
310650
310651
310652
310654
310656
310657
310663
311428
311430
311432
311442
311444
311446
311456
311457
311459
311469
311470
311471
311472
311473
311474
311475
311476
311477
311478
311479
311480
311481
311482
311483
311484
311485
311486
311487
311488
311489
311490
311491
311492
311493
311494
311495
311496
311505
311507
311509
311518
311519
311521
311522
311523
311525
311529
311532
311533
311534
311536
311538
311539
311545
312310
312312
312314
312324
312326
312328
312338
312339
312341
312351
312352
312353
312354
312355
312356
312357
312358
312359
312360
312361
312362
312363
312364
312365
312366
312367
312368
312369
312370
312371
312372
312373
312374
312375
312376
312377
312378
312387
312389
312391
312400
312401
312403
312404
312405
312407
312411
312414
312415
312416
312418
312420
312421
312427
313192
313194
313196
313206
313208
313210
313220
313221
313223
313233
313234
313235
313236
313237
313238
313239
313240
313241
313242
313243
313244
313245
313246
313247
313248
313249
313250
313251
313252
313253
313254
313255
313256
313257
313258
313259
313260
313269
313271
313273
313282
313283
313285
313286
313287
313289
313293
313296
313297
313298
313300
313302
313303
313309
314074
314076
314078
314088
314090
314092
314102
314103
314105
314115
314116
314117
314118
314119
314120
314121
314122
314123
314124
314125
314126
314127
314128
314129
314130
314131
314132
314133
314134
314135
314136
314137
314138
314139
314140
314141
314142
314151
314153
314155
314164
314165
314167
314168
314169
314171
314175
314178
314179
314180
314182
314184
314185
314191
314956
314958
314960
314970
314972
314974
314984
314985
314987
314997
314998
314999
315000
315001
315002
315003
315004
315005
315006
315007
315008
315009
315010
315011
315012
315013
315014
315015
315016
315017
315018
315019
315020
315021
315022
315023
315024
315033
315035
315037
315046
315047
315049
315050
315051
315053
315057
315060
315061
315062
315064
315066
315067
315073
315838
315840
315842
315852
315854
315856
315866
315867
315869
315879
315880
315881
315882
315883
315884
315885
315886
315887
315888
315889
315890
315891
315892
315893
315894
315895
315896
315897
315898
315899
315900
315901
315902
315903
315904
315905
315906
315915
315917
315919
315928
315929
315931
315932
315933
315935
315939
315942
315943
315944
315946
315948
315949
315955
316720
316722
316724
316734
316736
316738
316748
316749
316751
316761
316762
316763
316764
316765
316766
316767
316768
316769
316770
316771
316772
316773
316774
316775
316776
316777
316778
316779
316780
316781
316782
316783
316784
316785
316786
316787
316788
316797
316799
316801
316810
316811
316813
316814
316815
316817
316821
316824
316825
316826
316828
316830
316831
316837
317602
317604
317606
317616
317618
317620
317630
317631
317633
317643
317644
317645
317646
317647
317648
317649
317650
317651
317652
317653
317654
317655
317656
317657
317658
317659
317660
317661
317662
317663
317664
317665
317666
317667
317668
317669
317670
317679
317681
317683
317692
317693
317695
317696
317697
317699
317703
317706
317707
317708
317710
317712
317713
317719
318484
318486
318488
318498
318500
318502
318512
318513
318515
318525
318526
318527
318528
318529
318530
318531
318532
318533
318534
318535
318536
318537
318538
318539
318540
318541
318542
318543
318544
318545
318546
318547
318548
318549
318550
318551
318552
318561
318563
318565
318574
318575
318577
318578
318579
318581
318585
318588
318589
318590
318592
318594
318595
318601
319366
319368
319370
319380
319382
319384
319394
319395
319397
319407
319408
319409
319410
319411
319412
319413
319414
319415
319416
319417
319418
319419
319420
319421
319422
319423
319424
319425
319426
319427
319428
319429
319430
319431
319432
319433
319434
319443
319445
319447
319456
319457
319459
319460
319461
319463
319467
319470
319471
319472
319474
319476
319477
319483
320248
320250
320252
320262
320264
320266
320276
320277
320279
320289
320290
320291
320292
320293
320294
320295
320296
320297
320298
320299
320300
320301
320302
320303
320304
320305
320306
320307
320308
320309
320310
320311
320312
320313
320314
320315
320316
320325
320327
320329
320338
320339
320341
320342
320343
320345
320349
320352
320353
320354
320356
320358
320359
320365
321130
321132
321134
321144
321146
321148
321158
321159
321161
321171
321172
321173
321174
321175
321176
321177
321178
321179
321180
321181
321182
321183
321184
321185
321186
321187
321188
321189
321190
321191
321192
321193
321194
321195
321196
321197
321198
321207
321209
321211
321220
321221
321223
321224
321225
321227
321231
321234
321235
321236
321238
321240
321241
321247
322012
322014
322016
322026
322028
322030
322040
322041
322043
322053
322054
322055
322056
322057
322058
322059
322060
322061
322062
322063
322064
322065
322066
322067
322068
322069
322070
322071
322072
322073
322074
322075
322076
322077
322078
322079
322080
322089
322091
322093
322102
322103
322105
322106
322107
322109
322113
322116
322117
322118
322120
322122
322123
322129
322894
322896
322898
322908
322910
322912
322922
322923
322925
322935
322936
322937
322938
322939
322940
322941
322942
322943
322944
322945
322946
322947
322948
322949
322950
322951
322952
322953
322954
322955
322956
322957
322958
322959
322960
322961
322962
322971
322973
322975
322984
322985
322987
322988
322989
322991
322995
322998
322999
323000
323002
323004
323005
323011
323776
323778
323780
323790
323792
323794
323804
323805
323807
323817
323818
323819
323820
323821
323822
323823
323824
323825
323826
323827
323828
323829
323830
323831
323832
323833
323834
323835
323836
323837
323838
323839
323840
323841
323842
323843
323844
323853
323855
323857
323866
323867
323869
323870
323871
323873
323877
323880
323881
323882
323884
323886
323887
323893
324658
324660
324662
324672
324674
324676
324686
324687
324689
324699
324700
324701
324702
324703
324704
324705
324706
324707
324708
324709
324710
324711
324712
324713
324714
324715
324716
324717
324718
324719
324720
324721
324722
324723
324724
324725
324726
324735
324737
324739
324748
324749
324751
324752
324753
324755
324759
324762
324763
324764
324766
324768
324769
324775
325540
325542
325544
325554
325556
325558
325568
325569
325571
325581
325582
325583
325584
325585
325586
325587
325588
325589
325590
325591
325592
325593
325594
325595
325596
325597
325598
325599
325600
325601
325602
325603
325604
325605
325606
325607
325608
325617
325619
325621
325630
325631
325633
325634
325635
325637
325641
325644
325645
325646
325648
325650
325651
325657
326422
326424
326426
326436
326438
326440
326450
326451
326453
326463
326464
326465
326466
326467
326468
326469
326470
326471
326472
326473
326474
326475
326476
326477
326478
326479
326480
326481
326482
326483
326484
326485
326486
326487
326488
326489
326490
326499
326501
326503
326512
326513
326515
326516
326517
326519
326523
326526
326527
326528
326530
326532
326533
326539
327304
327306
327308
327318
327320
327322
327332
327333
327335
327345
327346
327347
327348
327349
327350
327351
327352
327353
327354
327355
327356
327357
327358
327359
327360
327361
327362
327363
327364
327365
327366
327367
327368
327369
327370
327371
327372
327381
327383
327385
327394
327395
327397
327398
327399
327401
327405
327408
327409
327410
327412
327414
327415
327421
328186
328188
328190
328200
328202
328204
328214
328215
328217
328227
328228
328229
328230
328231
328232
328233
328234
328235
328236
328237
328238
328239
328240
328241
328242
328243
328244
328245
328246
328247
328248
328249
328250
328251
328252
328253
328254
328263
328265
328267
328276
328277
328279
328280
328281
328283
328287
328290
328291
328292
328294
328296
328297
328303
329068
329070
329072
329082
329084
329086
329096
329097
329099
329109
329110
329111
329112
329113
329114
329115
329116
329117
329118
329119
329120
329121
329122
329123
329124
329125
329126
329127
329128
329129
329130
329131
329132
329133
329134
329135
329136
329145
329147
329149
329158
329159
329161
329162
329163
329165
329169
329172
329173
329174
329176
329178
329179
329185
329950
329952
329954
329964
329966
329968
329978
329979
329981
329991
329992
329993
329994
329995
329996
329997
329998
329999
330000
330001
330002
330003
330004
330005
330006
330007
330008
330009
330010
330011
330012
330013
330014
330015
330016
330017
330018
330027
330029
330031
330040
330041
330043
330044
330045
330047
330051
330054
330055
330056
330058
330060
330061
330067
330832
330834
330836
330846
330848
330850
330860
330861
330863
330873
330874
330875
330876
330877
330878
330879
330880
330881
330882
330883
330884
330885
330886
330887
330888
330889
330890
330891
330892
330893
330894
330895
330896
330897
330898
330899
330900
330909
330911
330913
330922
330923
330925
330926
330927
330929
330933
330936
330937
330938
330940
330942
330943
330949
331714
331716
331718
331728
331730
331732
331742
331743
331745
331755
331756
331757
331758
331759
331760
331761
331762
331763
331764
331765
331766
331767
331768
331769
331770
331771
331772
331773
331774
331775
331776
331777
331778
331779
331780
331781
331782
331791
331793
331795
331804
331805
331807
331808
331809
331811
331815
331818
331819
331820
331822
331824
331825
331831
332596
332598
332600
332610
332612
332614
332624
332625
332627
332637
332638
332639
332640
332641
332642
332643
332644
332645
332646
332647
332648
332649
332650
332651
332652
332653
332654
332655
332656
332657
332658
332659
332660
332661
332662
332663
332664
332673
332675
332677
332686
332687
332689
332690
332691
332693
332697
332700
332701
332702
332704
332706
332707
332713
333478
333480
333482
333492
333494
333496
333506
333507
333509
333519
333520
333521
333522
333523
333524
333525
333526
333527
333528
333529
333530
333531
333532
333533
333534
333535
333536
333537
333538
333539
333540
333541
333542
333543
333544
333545
333546
333555
333557
333559
333568
333569
333571
333572
333573
333575
333579
333582
333583
333584
333586
333588
333589
333595
334360
334362
334364
334374
334376
334378
334388
334389
334391
334401
334402
334403
334404
334405
334406
334407
334408
334409
334410
334411
334412
334413
334414
334415
334416
334417
334418
334419
334420
334421
334422
334423
334424
334425
334426
334427
334428
334437
334439
334441
334450
334451
334453
334454
334455
334457
334461
334464
334465
334466
334468
334470
334471
334477
335242
335244
335246
335256
335258
335260
335270
335271
335273
335283
335284
335285
335286
335287
335288
335289
335290
335291
335292
335293
335294
335295
335296
335297
335298
335299
335300
335301
335302
335303
335304
335305
335306
335307
335308
335309
335310
335319
335321
335323
335332
335333
335335
335336
335337
335339
335343
335346
335347
335348
335350
335352
335353
335359
336124
336126
336128
336138
336140
336142
336152
336153
336155
336165
336166
336167
336168
336169
336170
336171
336172
336173
336174
336175
336176
336177
336178
336179
336180
336181
336182
336183
336184
336185
336186
336187
336188
336189
336190
336191
336192
336201
336203
336205
336214
336215
336217
336218
336219
336221
336225
336228
336229
336230
336232
336234
336235
336241
337006
337008
337010
337020
337022
337024
337034
337035
337037
337047
337048
337049
337050
337051
337052
337053
337054
337055
337056
337057
337058
337059
337060
337061
337062
337063
337064
337065
337066
337067
337068
337069
337070
337071
337072
337073
337074
337083
337085
337087
337096
337097
337099
337100
337101
337103
337107
337110
337111
337112
337114
337116
337117
337123
337888
337890
337892
337902
337904
337906
337916
337917
337919
337929
337930
337931
337932
337933
337934
337935
337936
337937
337938
337939
337940
337941
337942
337943
337944
337945
337946
337947
337948
337949
337950
337951
337952
337953
337954
337955
337956
337965
337967
337969
337978
337979
337981
337982
337983
337985
337989
337992
337993
337994
337996
337998
337999
338005
338770
338772
338774
338784
338786
338788
338798
338799
338801
338811
338812
338813
338814
338815
338816
338817
338818
338819
338820
338821
338822
338823
338824
338825
338826
338827
338828
338829
338830
338831
338832
338833
338834
338835
338836
338837
338838
338847
338849
338851
338860
338861
338863
338864
338865
338867
338871
338874
338875
338876
338878
338880
338881
338887
339652
339654
339656
339666
339668
339670
339680
339681
339683
339693
339694
339695
339696
339697
339698
339699
339700
339701
339702
339703
339704
339705
339706
339707
339708
339709
339710
339711
339712
339713
339714
339715
339716
339717
339718
339719
339720
339729
339731
339733
339742
339743
339745
339746
339747
339749
339753
339756
339757
339758
339760
339762
339763
339769
340534
340536
340538
340548
340550
340552
340562
340563
340565
340575
340576
340577
340578
340579
340580
340581
340582
340583
340584
340585
340586
340587
340588
340589
340590
340591
340592
340593
340594
340595
340596
340597
340598
340599
340600
340601
340602
340611
340613
340615
340624
340625
340627
340628
340629
340631
340635
340638
340639
340640
340642
340644
340645
340651
341416
341418
341420
341430
341432
341434
341444
341445
341447
341457
341458
341459
341460
341461
341462
341463
341464
341465
341466
341467
341468
341469
341470
341471
341472
341473
341474
341475
341476
341477
341478
341479
341480
341481
341482
341483
341484
341493
341495
341497
341506
341507
341509
341510
341511
341513
341517
341520
341521
341522
341524
341526
341527
341533
342298
342300
342302
342312
342314
342316
342326
342327
342329
342339
342340
342341
342342
342343
342344
342345
342346
342347
342348
342349
342350
342351
342352
342353
342354
342355
342356
342357
342358
342359
342360
342361
342362
342363
342364
342365
342366
342375
342377
342379
342388
342389
342391
342392
342393
342395
342399
342402
342403
342404
342406
342408
342409
342415
343180
343182
343184
343194
343196
343198
343208
343209
343211
343221
343222
343223
343224
343225
343226
343227
343228
343229
343230
343231
343232
343233
343234
343235
343236
343237
343238
343239
343240
343241
343242
343243
343244
343245
343246
343247
343248
343257
343259
343261
343270
343271
343273
343274
343275
343277
343281
343284
343285
343286
343288
343290
343291
343297
344062
344064
344066
344076
344078
344080
344090
344091
344093
344103
344104
344105
344106
344107
344108
344109
344110
344111
344112
344113
344114
344115
344116
344117
344118
344119
344120
344121
344122
344123
344124
344125
344126
344127
344128
344129
344130
344139
344141
344143
344152
344153
344155
344156
344157
344159
344163
344166
344167
344168
344170
344172
344173
344179
344944
344946
344948
344958
344960
344962
344972
344973
344975
344985
344986
344987
344988
344989
344990
344991
344992
344993
344994
344995
344996
344997
344998
344999
345000
345001
345002
345003
345004
345005
345006
345007
345008
345009
345010
345011
345012
345021
345023
345025
345034
345035
345037
345038
345039
345041
345045
345048
345049
345050
345052
345054
345055
345061
345826
345828
345830
345840
345842
345844
345854
345855
345857
345867
345868
345869
345870
345871
345872
345873
345874
345875
345876
345877
345878
345879
345880
345881
345882
345883
345884
345885
345886
345887
345888
345889
345890
345891
345892
345893
345894
345903
345905
345907
345916
345917
345919
345920
345921
345923
345927
345930
345931
345932
345934
345936
345937
345943
346708
346710
346712
346722
346724
346726
346736
346737
346739
346749
346750
346751
346752
346753
346754
346755
346756
346757
346758
346759
346760
346761
346762
346763
346764
346765
346766
346767
346768
346769
346770
346771
346772
346773
346774
346775
346776
346785
346787
346789
346798
346799
346801
346802
346803
346805
346809
346812
346813
346814
346816
346818
346819
346825
347590
347592
347594
347604
347606
347608
347618
347619
347621
347631
347632
347633
347634
347635
347636
347637
347638
347639
347640
347641
347642
347643
347644
347645
347646
347647
347648
347649
347650
347651
347652
347653
347654
347655
347656
347657
347658
347667
347669
347671
347680
347681
347683
347684
347685
347687
347691
347694
347695
347696
347698
347700
347701
347707
348472
348474
348476
348486
348488
348490
348500
348501
348503
348513
348514
348515
348516
348517
348518
348519
348520
348521
348522
348523
348524
348525
348526
348527
348528
348529
348530
348531
348532
348533
348534
348535
348536
348537
348538
348539
348540
348549
348551
348553
348562
348563
348565
348566
348567
348569
348573
348576
348577
348578
348580
348582
348583
348589
349354
349356
349358
349368
349370
349372
349382
349383
349385
349395
349396
349397
349398
349399
349400
349401
349402
349403
349404
349405
349406
349407
349408
349409
349410
349411
349412
349413
349414
349415
349416
349417
349418
349419
349420
349421
349422
349431
349433
349435
349444
349445
349447
349448
349449
349451
349455
349458
349459
349460
349462
349464
349465
349471
350236
350238
350240
350250
350252
350254
350264
350265
350267
350277
350278
350279
350280
350281
350282
350283
350284
350285
350286
350287
350288
350289
350290
350291
350292
350293
350294
350295
350296
350297
350298
350299
350300
350301
350302
350303
350304
350313
350315
350317
350326
350327
350329
350330
350331
350333
350337
350340
350341
350342
350344
350346
350347
350353
351118
351120
351122
351132
351134
351136
351146
351147
351149
351159
351160
351161
351162
351163
351164
351165
351166
351167
351168
351169
351170
351171
351172
351173
351174
351175
351176
351177
351178
351179
351180
351181
351182
351183
351184
351185
351186
351195
351197
351199
351208
351209
351211
351212
351213
351215
351219
351222
351223
351224
351226
351228
351229
351235
352000
352002
352004
352014
352016
352018
352028
352029
352031
352041
352042
352043
352044
352045
352046
352047
352048
352049
352050
352051
352052
352053
352054
352055
352056
352057
352058
352059
352060
352061
352062
352063
352064
352065
352066
352067
352068
352077
352079
352081
352090
352091
352093
352094
352095
352097
352101
352104
352105
352106
352108
352110
352111
352117
352882
352884
352886
352896
352898
352900
352910
352911
352913
352923
352924
352925
352926
352927
352928
352929
352930
352931
352932
352933
352934
352935
352936
352937
352938
352939
352940
352941
352942
352943
352944
352945
352946
352947
352948
352949
352950
352959
352961
352963
352972
352973
352975
352976
352977
352979
352983
352986
352987
352988
352990
352992
352993
352999
353764
353766
353768
353778
353780
353782
353792
353793
353795
353805
353806
353807
353808
353809
353810
353811
353812
353813
353814
353815
353816
353817
353818
353819
353820
353821
353822
353823
353824
353825
353826
353827
353828
353829
353830
353831
353832
353841
353843
353845
353854
353855
353857
353858
353859
353861
353865
353868
353869
353870
353872
353874
353875
353881
354646
354648
354650
354660
354662
354664
354674
354675
354677
354687
354688
354689
354690
354691
354692
354693
354694
354695
354696
354697
354698
354699
354700
354701
354702
354703
354704
354705
354706
354707
354708
354709
354710
354711
354712
354713
354714
354723
354725
354727
354736
354737
354739
354740
354741
354743
354747
354750
354751
354752
354754
354756
354757
354763
355528
355530
355532
355542
355544
355546
355556
355557
355559
355569
355570
355571
355572
355573
355574
355575
355576
355577
355578
355579
355580
355581
355582
355583
355584
355585
355586
355587
355588
355589
355590
355591
355592
355593
355594
355595
355596
355605
355607
355609
355618
355619
355621
355622
355623
355625
355629
355632
355633
355634
355636
355638
355639
355645
356410
356412
356414
356424
356426
356428
356438
356439
356441
356451
356452
356453
356454
356455
356456
356457
356458
356459
356460
356461
356462
356463
356464
356465
356466
356467
356468
356469
356470
356471
356472
356473
356474
356475
356476
356477
356478
356487
356489
356491
356500
356501
356503
356504
356505
356507
356511
356514
356515
356516
356518
356520
356521
356527
357292
357294
357296
357306
357308
357310
357320
357321
357323
357333
357334
357335
357336
357337
357338
357339
357340
357341
357342
357343
357344
357345
357346
357347
357348
357349
357350
357351
357352
357353
357354
357355
357356
357357
357358
357359
357360
357369
357371
357373
357382
357383
357385
357386
357387
357389
357393
357396
357397
357398
357400
357402
357403
357409
358174
358176
358178
358188
358190
358192
358202
358203
358205
358215
358216
358217
358218
358219
358220
358221
358222
358223
358224
358225
358226
358227
358228
358229
358230
358231
358232
358233
358234
358235
358236
358237
358238
358239
358240
358241
358242
358251
358253
358255
358264
358265
358267
358268
358269
358271
358275
358278
358279
358280
358282
358284
358285
358291
359056
359058
359060
359070
359072
359074
359084
359085
359087
359097
359098
359099
359100
359101
359102
359103
359104
359105
359106
359107
359108
359109
359110
359111
359112
359113
359114
359115
359116
359117
359118
359119
359120
359121
359122
359123
359124
359133
359135
359137
359146
359147
359149
359150
359151
359153
359157
359160
359161
359162
359164
359166
359167
359173
359938
359940
359942
359952
359954
359956
359966
359967
359969
359979
359980
359981
359982
359983
359984
359985
359986
359987
359988
359989
359990
359991
359992
359993
359994
359995
359996
359997
359998
359999
360000
360001
360002
360003
360004
360005
360006
360015
360017
360019
360028
360029
360031
360032
360033
360035
360039
360042
360043
360044
360046
360048
360049
360055
360820
360822
360824
360834
360836
360838
360848
360849
360851
360861
360862
360863
360864
360865
360866
360867
360868
360869
360870
360871
360872
360873
360874
360875
360876
360877
360878
360879
360880
360881
360882
360883
360884
360885
360886
360887
360888
360897
360899
360901
360910
360911
360913
360914
360915
360917
360921
360924
360925
360926
360928
360930
360931
360937
361702
361704
361706
361716
361718
361720
361730
361731
361733
361743
361744
361745
361746
361747
361748
361749
361750
361751
361752
361753
361754
361755
361756
361757
361758
361759
361760
361761
361762
361763
361764
361765
361766
361767
361768
361769
361770
361779
361781
361783
361792
361793
361795
361796
361797
361799
361803
361806
361807
361808
361810
361812
361813
361819
362584
362586
362588
362598
362600
362602
362612
362613
362615
362625
362626
362627
362628
362629
362630
362631
362632
362633
362634
362635
362636
362637
362638
362639
362640
362641
362642
362643
362644
362645
362646
362647
362648
362649
362650
362651
362652
362661
362663
362665
362674
362675
362677
362678
362679
362681
362685
362688
362689
362690
362692
362694
362695
362701
363466
363468
363470
363480
363482
363484
363494
363495
363497
363507
363508
363509
363510
363511
363512
363513
363514
363515
363516
363517
363518
363519
363520
363521
363522
363523
363524
363525
363526
363527
363528
363529
363530
363531
363532
363533
363534
363543
363545
363547
363556
363557
363559
363560
363561
363563
363567
363570
363571
363572
363574
363576
363577
363583
364348
364350
364352
364362
364364
364366
364376
364377
364379
364389
364390
364391
364392
364393
364394
364395
364396
364397
364398
364399
364400
364401
364402
364403
364404
364405
364406
364407
364408
364409
364410
364411
364412
364413
364414
364415
364416
364425
364427
364429
364438
364439
364441
364442
364443
364445
364449
364452
364453
364454
364456
364458
364459
364465
365230
365232
365234
365244
365246
365248
365258
365259
365261
365271
365272
365273
365274
365275
365276
365277
365278
365279
365280
365281
365282
365283
365284
365285
365286
365287
365288
365289
365290
365291
365292
365293
365294
365295
365296
365297
365298
365307
365309
365311
365320
365321
365323
365324
365325
365327
365331
365334
365335
365336
365338
365340
365341
365347
366112
366114
366116
366126
366128
366130
366140
366141
366143
366153
366154
366155
366156
366157
366158
366159
366160
366161
366162
366163
366164
366165
366166
366167
366168
366169
366170
366171
366172
366173
366174
366175
366176
366177
366178
366179
366180
366189
366191
366193
366202
366203
366205
366206
366207
366209
366213
366216
366217
366218
366220
366222
366223
366229
366994
366996
366998
367008
367010
367012
367022
367023
367025
367035
367036
367037
367038
367039
367040
367041
367042
367043
367044
367045
367046
367047
367048
367049
367050
367051
367052
367053
367054
367055
367056
367057
367058
367059
367060
367061
367062
367071
367073
367075
367084
367085
367087
367088
367089
367091
367095
367098
367099
367100
367102
367104
367105
367111
367876
367878
367880
367890
367892
367894
367904
367905
367907
367917
367918
367919
367920
367921
367922
367923
367924
367925
367926
367927
367928
367929
367930
367931
367932
367933
367934
367935
367936
367937
367938
367939
367940
367941
367942
367943
367944
367953
367955
367957
367966
367967
367969
367970
367971
367973
367977
367980
367981
367982
367984
367986
367987
367993
368758
368760
368762
368772
368774
368776
368786
368787
368789
368799
368800
368801
368802
368803
368804
368805
368806
368807
368808
368809
368810
368811
368812
368813
368814
368815
368816
368817
368818
368819
368820
368821
368822
368823
368824
368825
368826
368835
368837
368839
368848
368849
368851
368852
368853
368855
368859
368862
368863
368864
368866
368868
368869
368875
369640
369642
369644
369654
369656
369658
369668
369669
369671
369681
369682
369683
369684
369685
369686
369687
369688
369689
369690
369691
369692
369693
369694
369695
369696
369697
369698
369699
369700
369701
369702
369703
369704
369705
369706
369707
369708
369717
369719
369721
369730
369731
369733
369734
369735
369737
369741
369744
369745
369746
369748
369750
369751
369757
370522
370524
370526
370536
370538
370540
370550
370551
370553
370563
370564
370565
370566
370567
370568
370569
370570
370571
370572
370573
370574
370575
370576
370577
370578
370579
370580
370581
370582
370583
370584
370585
370586
370587
370588
370589
370590
370599
370601
370603
370612
370613
370615
370616
370617
370619
370623
370626
370627
370628
370630
370632
370633
370639
371404
371406
371408
371418
371420
371422
371432
371433
371435
371445
371446
371447
371448
371449
371450
371451
371452
371453
371454
371455
371456
371457
371458
371459
371460
371461
371462
371463
371464
371465
371466
371467
371468
371469
371470
371471
371472
371481
371483
371485
371494
371495
371497
371498
371499
371501
371505
371508
371509
371510
371512
371514
371515
371521
372286
372288
372290
372300
372302
372304
372314
372315
372317
372327
372328
372329
372330
372331
372332
372333
372334
372335
372336
372337
372338
372339
372340
372341
372342
372343
372344
372345
372346
372347
372348
372349
372350
372351
372352
372353
372354
372363
372365
372367
372376
372377
372379
372380
372381
372383
372387
372390
372391
372392
372394
372396
372397
372403
373168
373170
373172
373182
373184
373186
373196
373197
373199
373209
373210
373211
373212
373213
373214
373215
373216
373217
373218
373219
373220
373221
373222
373223
373224
373225
373226
373227
373228
373229
373230
373231
373232
373233
373234
373235
373236
373245
373247
373249
373258
373259
373261
373262
373263
373265
373269
373272
373273
373274
373276
373278
373279
373285
374050
374052
374054
374064
374066
374068
374078
374079
374081
374091
374092
374093
374094
374095
374096
374097
374098
374099
374100
374101
374102
374103
374104
374105
374106
374107
374108
374109
374110
374111
374112
374113
374114
374115
374116
374117
374118
374127
374129
374131
374140
374141
374143
374144
374145
374147
374151
374154
374155
374156
374158
374160
374161
374167
374932
374934
374936
374946
374948
374950
374960
374961
374963
374973
374974
374975
374976
374977
374978
374979
374980
374981
374982
374983
374984
374985
374986
374987
374988
374989
374990
374991
374992
374993
374994
374995
374996
374997
374998
374999
375000
375009
375011
375013
375022
375023
375025
375026
375027
375029
375033
375036
375037
375038
375040
375042
375043
375049
375814
375816
375818
375828
375830
375832
375842
375843
375845
375855
375856
375857
375858
375859
375860
375861
375862
375863
375864
375865
375866
375867
375868
375869
375870
375871
375872
375873
375874
375875
375876
375877
375878
375879
375880
375881
375882
375891
375893
375895
375904
375905
375907
375908
375909
375911
375915
375918
375919
375920
375922
375924
375925
375931
376696
376698
376700
376710
376712
376714
376724
376725
376727
376737
376738
376739
376740
376741
376742
376743
376744
376745
376746
376747
376748
376749
376750
376751
376752
376753
376754
376755
376756
376757
376758
376759
376760
376761
376762
376763
376764
376773
376775
376777
376786
376787
376789
376790
376791
376793
376797
376800
376801
376802
376804
376806
376807
376813
377578
377580
377582
377592
377594
377596
377606
377607
377609
377619
377620
377621
377622
377623
377624
377625
377626
377627
377628
377629
377630
377631
377632
377633
377634
377635
377636
377637
377638
377639
377640
377641
377642
377643
377644
377645
377646
377655
377657
377659
377668
377669
377671
377672
377673
377675
377679
377682
377683
377684
377686
377688
377689
377695
378460
378462
378464
378474
378476
378478
378488
378489
378491
378501
378502
378503
378504
378505
378506
378507
378508
378509
378510
378511
378512
378513
378514
378515
378516
378517
378518
378519
378520
378521
378522
378523
378524
378525
378526
378527
378528
378537
378539
378541
378550
378551
378553
378554
378555
378557
378561
378564
378565
378566
378568
378570
378571
378577
379342
379344
379346
379356
379358
379360
379370
379371
379373
379383
379384
379385
379386
379387
379388
379389
379390
379391
379392
379393
379394
379395
379396
379397
379398
379399
379400
379401
379402
379403
379404
379405
379406
379407
379408
379409
379410
379419
379421
379423
379432
379433
379435
379436
379437
379439
379443
379446
379447
379448
379450
379452
379453
379459
380224
380226
380228
380238
380240
380242
380252
380253
380255
380265
380266
380267
380268
380269
380270
380271
380272
380273
380274
380275
380276
380277
380278
380279
380280
380281
380282
380283
380284
380285
380286
380287
380288
380289
380290
380291
380292
380301
380303
380305
380314
380315
380317
380318
380319
380321
380325
380328
380329
380330
380332
380334
380335
380341
381106
381108
381110
381120
381122
381124
381134
381135
381137
381147
381148
381149
381150
381151
381152
381153
381154
381155
381156
381157
381158
381159
381160
381161
381162
381163
381164
381165
381166
381167
381168
381169
381170
381171
381172
381173
381174
381183
381185
381187
381196
381197
381199
381200
381201
381203
381207
381210
381211
381212
381214
381216
381217
381223
381988
381990
381992
382002
382004
382006
382016
382017
382019
382029
382030
382031
382032
382033
382034
382035
382036
382037
382038
382039
382040
382041
382042
382043
382044
382045
382046
382047
382048
382049
382050
382051
382052
382053
382054
382055
382056
382065
382067
382069
382078
382079
382081
382082
382083
382085
382089
382092
382093
382094
382096
382098
382099
382105
382870
382872
382874
382884
382886
382888
382898
382899
382901
382911
382912
382913
382914
382915
382916
382917
382918
382919
382920
382921
382922
382923
382924
382925
382926
382927
382928
382929
382930
382931
382932
382933
382934
382935
382936
382937
382938
382947
382949
382951
382960
382961
382963
382964
382965
382967
382971
382974
382975
382976
382978
382980
382981
382987
383752
383754
383756
383766
383768
383770
383780
383781
383783
383793
383794
383795
383796
383797
383798
383799
383800
383801
383802
383803
383804
383805
383806
383807
383808
383809
383810
383811
383812
383813
383814
383815
383816
383817
383818
383819
383820
383829
383831
383833
383842
383843
383845
383846
383847
383849
383853
383856
383857
383858
383860
383862
383863
383869
384634
384636
384638
384648
384650
384652
384662
384663
384665
384675
384676
384677
384678
384679
384680
384681
384682
384683
384684
384685
384686
384687
384688
384689
384690
384691
384692
384693
384694
384695
384696
384697
384698
384699
384700
384701
384702
384711
384713
384715
384724
384725
384727
384728
384729
384731
384735
384738
384739
384740
384742
384744
384745
384751
385516
385518
385520
385530
385532
385534
385544
385545
385547
385557
385558
385559
385560
385561
385562
385563
385564
385565
385566
385567
385568
385569
385570
385571
385572
385573
385574
385575
385576
385577
385578
385579
385580
385581
385582
385583
385584
385593
385595
385597
385606
385607
385609
385610
385611
385613
385617
385620
385621
385622
385624
385626
385627
385633
386398
386400
386402
386412
386414
386416
386426
386427
386429
386439
386440
386441
386442
386443
386444
386445
386446
386447
386448
386449
386450
386451
386452
386453
386454
386455
386456
386457
386458
386459
386460
386461
386462
386463
386464
386465
386466
386475
386477
386479
386488
386489
386491
386492
386493
386495
386499
386502
386503
386504
386506
386508
386509
386515
387280
387282
387284
387294
387296
387298
387308
387309
387311
387321
387322
387323
387324
387325
387326
387327
387328
387329
387330
387331
387332
387333
387334
387335
387336
387337
387338
387339
387340
387341
387342
387343
387344
387345
387346
387347
387348
387357
387359
387361
387370
387371
387373
387374
387375
387377
387381
387384
387385
387386
387388
387390
387391
387397
388162
388164
388166
388176
388178
388180
388190
388191
388193
388203
388204
388205
388206
388207
388208
388209
388210
388211
388212
388213
388214
388215
388216
388217
388218
388219
388220
388221
388222
388223
388224
388225
388226
388227
388228
388229
388230
388239
388241
388243
388252
388253
388255
388256
388257
388259
388263
388266
388267
388268
388270
388272
388273
388279
389044
389046
389048
389058
389060
389062
389072
389073
389075
389085
389086
389087
389088
389089
389090
389091
389092
389093
389094
389095
389096
389097
389098
389099
389100
389101
389102
389103
389104
389105
389106
389107
389108
389109
389110
389111
389112
389121
389123
389125
389134
389135
389137
389138
389139
389141
389145
389148
389149
389150
389152
389154
389155
389161
389926
389928
389930
389940
389942
389944
389954
389955
389957
389967
389968
389969
389970
389971
389972
389973
389974
389975
389976
389977
389978
389979
389980
389981
389982
389983
389984
389985
389986
389987
389988
389989
389990
389991
389992
389993
389994
390003
390005
390007
390016
390017
390019
390020
390021
390023
390027
390030
390031
390032
390034
390036
390037
390043
390808
390810
390812
390822
390824
390826
390836
390837
390839
390849
390850
390851
390852
390853
390854
390855
390856
390857
390858
390859
390860
390861
390862
390863
390864
390865
390866
390867
390868
390869
390870
390871
390872
390873
390874
390875
390876
390885
390887
390889
390898
390899
390901
390902
390903
390905
390909
390912
390913
390914
390916
390918
390919
390925
391690
391692
391694
391704
391706
391708
391718
391719
391721
391731
391732
391733
391734
391735
391736
391737
391738
391739
391740
391741
391742
391743
391744
391745
391746
391747
391748
391749
391750
391751
391752
391753
391754
391755
391756
391757
391758
391767
391769
391771
391780
391781
391783
391784
391785
391787
391791
391794
391795
391796
391798
391800
391801
391807
392572
392574
392576
392586
392588
392590
392600
392601
392603
392613
392614
392615
392616
392617
392618
392619
392620
392621
392622
392623
392624
392625
392626
392627
392628
392629
392630
392631
392632
392633
392634
392635
392636
392637
392638
392639
392640
392649
392651
392653
392662
392663
392665
392666
392667
392669
392673
392676
392677
392678
392680
392682
392683
392689
393454
393456
393458
393468
393470
393472
393482
393483
393485
393495
393496
393497
393498
393499
393500
393501
393502
393503
393504
393505
393506
393507
393508
393509
393510
393511
393512
393513
393514
393515
393516
393517
393518
393519
393520
393521
393522
393531
393533
393535
393544
393545
393547
393548
393549
393551
393555
393558
393559
393560
393562
393564
393565
393571
394336
394338
394340
394350
394352
394354
394364
394365
394367
394377
394378
394379
394380
394381
394382
394383
394384
394385
394386
394387
394388
394389
394390
394391
394392
394393
394394
394395
394396
394397
394398
394399
394400
394401
394402
394403
394404
394413
394415
394417
394426
394427
394429
394430
394431
394433
394437
394440
394441
394442
394444
394446
394447
394453
395218
395220
395222
395232
395234
395236
395246
395247
395249
395259
395260
395261
395262
395263
395264
395265
395266
395267
395268
395269
395270
395271
395272
395273
395274
395275
395276
395277
395278
395279
395280
395281
395282
395283
395284
395285
395286
395295
395297
395299
395308
395309
395311
395312
395313
395315
395319
395322
395323
395324
395326
395328
395329
395335
396100
396102
396104
396114
396116
396118
396128
396129
396131
396141
396142
396143
396144
396145
396146
396147
396148
396149
396150
396151
396152
396153
396154
396155
396156
396157
396158
396159
396160
396161
396162
396163
396164
396165
396166
396167
396168
396177
396179
396181
396190
396191
396193
396194
396195
396197
396201
396204
396205
396206
396208
396210
396211
396217
396982
396984
396986
396996
396998
397000
397010
397011
397013
397023
397024
397025
397026
397027
397028
397029
397030
397031
397032
397033
397034
397035
397036
397037
397038
397039
397040
397041
397042
397043
397044
397045
397046
397047
397048
397049
397050
397059
397061
397063
397072
397073
397075
397076
397077
397079
397083
397086
397087
397088
397090
397092
397093
397099
397864
397866
397868
397878
397880
397882
397892
397893
397895
397905
397906
397907
397908
397909
397910
397911
397912
397913
397914
397915
397916
397917
397918
397919
397920
397921
397922
397923
397924
397925
397926
397927
397928
397929
397930
397931
397932
397941
397943
397945
397954
397955
397957
397958
397959
397961
397965
397968
397969
397970
397972
397974
397975
397981
398746
398748
398750
398760
398762
398764
398774
398775
398777
398787
398788
398789
398790
398791
398792
398793
398794
398795
398796
398797
398798
398799
398800
398801
398802
398803
398804
398805
398806
398807
398808
398809
398810
398811
398812
398813
398814
398823
398825
398827
398836
398837
398839
398840
398841
398843
398847
398850
398851
398852
398854
398856
398857
398863
399628
399630
399632
399642
399644
399646
399656
399657
399659
399669
399670
399671
399672
399673
399674
399675
399676
399677
399678
399679
399680
399681
399682
399683
399684
399685
399686
399687
399688
399689
399690
399691
399692
399693
399694
399695
399696
399705
399707
399709
399718
399719
399721
399722
399723
399725
399729
399732
399733
399734
399736
399738
399739
399745
400510
400512
400514
400524
400526
400528
400538
400539
400541
400551
400552
400553
400554
400555
400556
400557
400558
400559
400560
400561
400562
400563
400564
400565
400566
400567
400568
400569
400570
400571
400572
400573
400574
400575
400576
400577
400578
400587
400589
400591
400600
400601
400603
400604
400605
400607
400611
400614
400615
400616
400618
400620
400621
400627
401392
401394
401396
401406
401408
401410
401420
401421
401423
401433
401434
401435
401436
401437
401438
401439
401440
401441
401442
401443
401444
401445
401446
401447
401448
401449
401450
401451
401452
401453
401454
401455
401456
401457
401458
401459
401460
401469
401471
401473
401482
401483
401485
401486
401487
401489
401493
401496
401497
401498
401500
401502
401503
401509
402274
402276
402278
402288
402290
402292
402302
402303
402305
402315
402316
402317
402318
402319
402320
402321
402322
402323
402324
402325
402326
402327
402328
402329
402330
402331
402332
402333
402334
402335
402336
402337
402338
402339
402340
402341
402342
402351
402353
402355
402364
402365
402367
402368
402369
402371
402375
402378
402379
402380
402382
402384
402385
402391
403156
403158
403160
403170
403172
403174
403184
403185
403187
403197
403198
403199
403200
403201
403202
403203
403204
403205
403206
403207
403208
403209
403210
403211
403212
403213
403214
403215
403216
403217
403218
403219
403220
403221
403222
403223
403224
403233
403235
403237
403246
403247
403249
403250
403251
403253
403257
403260
403261
403262
403264
403266
403267
403273
404038
404040
404042
404052
404054
404056
404066
404067
404069
404079
404080
404081
404082
404083
404084
404085
404086
404087
404088
404089
404090
404091
404092
404093
404094
404095
404096
404097
404098
404099
404100
404101
404102
404103
404104
404105
404106
404115
404117
404119
404128
404129
404131
404132
404133
404135
404139
404142
404143
404144
404146
404148
404149
404155
404920
404922
404924
404934
404936
404938
404948
404949
404951
404961
404962
404963
404964
404965
404966
404967
404968
404969
404970
404971
404972
404973
404974
404975
404976
404977
404978
404979
404980
404981
404982
404983
404984
404985
404986
404987
404988
404997
404999
405001
405010
405011
405013
405014
405015
405017
405021
405024
405025
405026
405028
405030
405031
405037
405802
405804
405806
405816
405818
405820
405830
405831
405833
405843
405844
405845
405846
405847
405848
405849
405850
405851
405852
405853
405854
405855
405856
405857
405858
405859
405860
405861
405862
405863
405864
405865
405866
405867
405868
405869
405870
405879
405881
405883
405892
405893
405895
405896
405897
405899
405903
405906
405907
405908
405910
405912
405913
405919
406684
406686
406688
406698
406700
406702
406712
406713
406715
406725
406726
406727
406728
406729
406730
406731
406732
406733
406734
406735
406736
406737
406738
406739
406740
406741
406742
406743
406744
406745
406746
406747
406748
406749
406750
406751
406752
406761
406763
406765
406774
406775
406777
406778
406779
406781
406785
406788
406789
406790
406792
406794
406795
406801
407566
407568
407570
407580
407582
407584
407594
407595
407597
407607
407608
407609
407610
407611
407612
407613
407614
407615
407616
407617
407618
407619
407620
407621
407622
407623
407624
407625
407626
407627
407628
407629
407630
407631
407632
407633
407634
407643
407645
407647
407656
407657
407659
407660
407661
407663
407667
407670
407671
407672
407674
407676
407677
407683
408448
408450
408452
408462
408464
408466
408476
408477
408479
408489
408490
408491
408492
408493
408494
408495
408496
408497
408498
408499
408500
408501
408502
408503
408504
408505
408506
408507
408508
408509
408510
408511
408512
408513
408514
408515
408516
408525
408527
408529
408538
408539
408541
408542
408543
408545
408549
408552
408553
408554
408556
408558
408559
408565
409330
409332
409334
409344
409346
409348
409358
409359
409361
409371
409372
409373
409374
409375
409376
409377
409378
409379
409380
409381
409382
409383
409384
409385
409386
409387
409388
409389
409390
409391
409392
409393
409394
409395
409396
409397
409398
409407
409409
409411
409420
409421
409423
409424
409425
409427
409431
409434
409435
409436
409438
409440
409441
409447
410212
410214
410216
410226
410228
410230
410240
410241
410243
410253
410254
410255
410256
410257
410258
410259
410260
410261
410262
410263
410264
410265
410266
410267
410268
410269
410270
410271
410272
410273
410274
410275
410276
410277
410278
410279
410280
410289
410291
410293
410302
410303
410305
410306
410307
410309
410313
410316
410317
410318
410320
410322
410323
410329
411094
411096
411098
411108
411110
411112
411122
411123
411125
411135
411136
411137
411138
411139
411140
411141
411142
411143
411144
411145
411146
411147
411148
411149
411150
411151
411152
411153
411154
411155
411156
411157
411158
411159
411160
411161
411162
411171
411173
411175
411184
411185
411187
411188
411189
411191
411195
411198
411199
411200
411202
411204
411205
411211
411976
411978
411980
411990
411992
411994
412004
412005
412007
412017
412018
412019
412020
412021
412022
412023
412024
412025
412026
412027
412028
412029
412030
412031
412032
412033
412034
412035
412036
412037
412038
412039
412040
412041
412042
412043
412044
412053
412055
412057
412066
412067
412069
412070
412071
412073
412077
412080
412081
412082
412084
412086
412087
412093
412858
412860
412862
412872
412874
412876
412886
412887
412889
412899
412900
412901
412902
412903
412904
412905
412906
412907
412908
412909
412910
412911
412912
412913
412914
412915
412916
412917
412918
412919
412920
412921
412922
412923
412924
412925
412926
412935
412937
412939
412948
412949
412951
412952
412953
412955
412959
412962
412963
412964
412966
412968
412969
412975
413740
413742
413744
413754
413756
413758
413768
413769
413771
413781
413782
413783
413784
413785
413786
413787
413788
413789
413790
413791
413792
413793
413794
413795
413796
413797
413798
413799
413800
413801
413802
413803
413804
413805
413806
413807
413808
413817
413819
413821
413830
413831
413833
413834
413835
413837
413841
413844
413845
413846
413848
413850
413851
413857
414622
414624
414626
414636
414638
414640
414650
414651
414653
414663
414664
414665
414666
414667
414668
414669
414670
414671
414672
414673
414674
414675
414676
414677
414678
414679
414680
414681
414682
414683
414684
414685
414686
414687
414688
414689
414690
414699
414701
414703
414712
414713
414715
414716
414717
414719
414723
414726
414727
414728
414730
414732
414733
414739
415504
415506
415508
415518
415520
415522
415532
415533
415535
415545
415546
415547
415548
415549
415550
415551
415552
415553
415554
415555
415556
415557
415558
415559
415560
415561
415562
415563
415564
415565
415566
415567
415568
415569
415570
415571
415572
415581
415583
415585
415594
415595
415597
415598
415599
415601
415605
415608
415609
415610
415612
415614
415615
415621
416386
416388
416390
416400
416402
416404
416414
416415
416417
416427
416428
416429
416430
416431
416432
416433
416434
416435
416436
416437
416438
416439
416440
416441
416442
416443
416444
416445
416446
416447
416448
416449
416450
416451
416452
416453
416454
416463
416465
416467
416476
416477
416479
416480
416481
416483
416487
416490
416491
416492
416494
416496
416497
416503
417268
417270
417272
417282
417284
417286
417296
417297
417299
417309
417310
417311
417312
417313
417314
417315
417316
417317
417318
417319
417320
417321
417322
417323
417324
417325
417326
417327
417328
417329
417330
417331
417332
417333
417334
417335
417336
417345
417347
417349
417358
417359
417361
417362
417363
417365
417369
417372
417373
417374
417376
417378
417379
417385
418150
418152
418154
418164
418166
418168
418178
418179
418181
418191
418192
418193
418194
418195
418196
418197
418198
418199
418200
418201
418202
418203
418204
418205
418206
418207
418208
418209
418210
418211
418212
418213
418214
418215
418216
418217
418218
418227
418229
418231
418240
418241
418243
418244
418245
418247
418251
418254
418255
418256
418258
418260
418261
418267
419032
419034
419036
419046
419048
419050
419060
419061
419063
419073
419074
419075
419076
419077
419078
419079
419080
419081
419082
419083
419084
419085
419086
419087
419088
419089
419090
419091
419092
419093
419094
419095
419096
419097
419098
419099
419100
419109
419111
419113
419122
419123
419125
419126
419127
419129
419133
419136
419137
419138
419140
419142
419143
419149
419914
419916
419918
419928
419930
419932
419942
419943
419945
419955
419956
419957
419958
419959
419960
419961
419962
419963
419964
419965
419966
419967
419968
419969
419970
419971
419972
419973
419974
419975
419976
419977
419978
419979
419980
419981
419982
419991
419993
419995
420004
420005
420007
420008
420009
420011
420015
420018
420019
420020
420022
420024
420025
420031
420796
420798
420800
420810
420812
420814
420824
420825
420827
420837
420838
420839
420840
420841
420842
420843
420844
420845
420846
420847
420848
420849
420850
420851
420852
420853
420854
420855
420856
420857
420858
420859
420860
420861
420862
420863
420864
420873
420875
420877
420886
420887
420889
420890
420891
420893
420897
420900
420901
420902
420904
420906
420907
420913
421678
421680
421682
421692
421694
421696
421706
421707
421709
421719
421720
421721
421722
421723
421724
421725
421726
421727
421728
421729
421730
421731
421732
421733
421734
421735
421736
421737
421738
421739
421740
421741
421742
421743
421744
421745
421746
421755
421757
421759
421768
421769
421771
421772
421773
421775
421779
421782
421783
421784
421786
421788
421789
421795
422560
422562
422564
422574
422576
422578
422588
422589
422591
422601
422602
422603
422604
422605
422606
422607
422608
422609
422610
422611
422612
422613
422614
422615
422616
422617
422618
422619
422620
422621
422622
422623
422624
422625
422626
422627
422628
422637
422639
422641
422650
422651
422653
422654
422655
422657
422661
422664
422665
422666
422668
422670
422671
422677
423442
423444
423446
423456
423458
423460
423470
423471
423473
423483
423484
423485
423486
423487
423488
423489
423490
423491
423492
423493
423494
423495
423496
423497
423498
423499
423500
423501
423502
423503
423504
423505
423506
423507
423508
423509
423510
423519
423521
423523
423532
423533
423535
423536
423537
423539
423543
423546
423547
423548
423550
423552
423553
423559
424324
424326
424328
424338
424340
424342
424352
424353
424355
424365
424366
424367
424368
424369
424370
424371
424372
424373
424374
424375
424376
424377
424378
424379
424380
424381
424382
424383
424384
424385
424386
424387
424388
424389
424390
424391
424392
424401
424403
424405
424414
424415
424417
424418
424419
424421
424425
424428
424429
424430
424432
424434
424435
424441
425206
425208
425210
425220
425222
425224
425234
425235
425237
425247
425248
425249
425250
425251
425252
425253
425254
425255
425256
425257
425258
425259
425260
425261
425262
425263
425264
425265
425266
425267
425268
425269
425270
425271
425272
425273
425274
425283
425285
425287
425296
425297
425299
425300
425301
425303
425307
425310
425311
425312
425314
425316
425317
425323
426088
426090
426092
426102
426104
426106
426116
426117
426119
426129
426130
426131
426132
426133
426134
426135
426136
426137
426138
426139
426140
426141
426142
426143
426144
426145
426146
426147
426148
426149
426150
426151
426152
426153
426154
426155
426156
426165
426167
426169
426178
426179
426181
426182
426183
426185
426189
426192
426193
426194
426196
426198
426199
426205
426970
426972
426974
426984
426986
426988
426998
426999
427001
427011
427012
427013
427014
427015
427016
427017
427018
427019
427020
427021
427022
427023
427024
427025
427026
427027
427028
427029
427030
427031
427032
427033
427034
427035
427036
427037
427038
427047
427049
427051
427060
427061
427063
427064
427065
427067
427071
427074
427075
427076
427078
427080
427081
427087
427852
427854
427856
427866
427868
427870
427880
427881
427883
427893
427894
427895
427896
427897
427898
427899
427900
427901
427902
427903
427904
427905
427906
427907
427908
427909
427910
427911
427912
427913
427914
427915
427916
427917
427918
427919
427920
427929
427931
427933
427942
427943
427945
427946
427947
427949
427953
427956
427957
427958
427960
427962
427963
427969
428734
428736
428738
428748
428750
428752
428762
428763
428765
428775
428776
428777
428778
428779
428780
428781
428782
428783
428784
428785
428786
428787
428788
428789
428790
428791
428792
428793
428794
428795
428796
428797
428798
428799
428800
428801
428802
428811
428813
428815
428824
428825
428827
428828
428829
428831
428835
428838
428839
428840
428842
428844
428845
428851
429616
429618
429620
429630
429632
429634
429644
429645
429647
429657
429658
429659
429660
429661
429662
429663
429664
429665
429666
429667
429668
429669
429670
429671
429672
429673
429674
429675
429676
429677
429678
429679
429680
429681
429682
429683
429684
429693
429695
429697
429706
429707
429709
429710
429711
429713
429717
429720
429721
429722
429724
429726
429727
429733
430498
430500
430502
430512
430514
430516
430526
430527
430529
430539
430540
430541
430542
430543
430544
430545
430546
430547
430548
430549
430550
430551
430552
430553
430554
430555
430556
430557
430558
430559
430560
430561
430562
430563
430564
430565
430566
430575
430577
430579
430588
430589
430591
430592
430593
430595
430599
430602
430603
430604
430606
430608
430609
430615
431380
431382
431384
431394
431396
431398
431408
431409
431411
431421
431422
431423
431424
431425
431426
431427
431428
431429
431430
431431
431432
431433
431434
431435
431436
431437
431438
431439
431440
431441
431442
431443
431444
431445
431446
431447
431448
431457
431459
431461
431470
431471
431473
431474
431475
431477
431481
431484
431485
431486
431488
431490
431491
431497
432262
432264
432266
432276
432278
432280
432290
432291
432293
432303
432304
432305
432306
432307
432308
432309
432310
432311
432312
432313
432314
432315
432316
432317
432318
432319
432320
432321
432322
432323
432324
432325
432326
432327
432328
432329
432330
432339
432341
432343
432352
432353
432355
432356
432357
432359
432363
432366
432367
432368
432370
432372
432373
432379
433144
433146
433148
433158
433160
433162
433172
433173
433175
433185
433186
433187
433188
433189
433190
433191
433192
433193
433194
433195
433196
433197
433198
433199
433200
433201
433202
433203
433204
433205
433206
433207
433208
433209
433210
433211
433212
433221
433223
433225
433234
433235
433237
433238
433239
433241
433245
433248
433249
433250
433252
433254
433255
433261
434026
434028
434030
434040
434042
434044
434054
434055
434057
434067
434068
434069
434070
434071
434072
434073
434074
434075
434076
434077
434078
434079
434080
434081
434082
434083
434084
434085
434086
434087
434088
434089
434090
434091
434092
434093
434094
434103
434105
434107
434116
434117
434119
434120
434121
434123
434127
434130
434131
434132
434134
434136
434137
434143
434908
434910
434912
434922
434924
434926
434936
434937
434939
434949
434950
434951
434952
434953
434954
434955
434956
434957
434958
434959
434960
434961
434962
434963
434964
434965
434966
434967
434968
434969
434970
434971
434972
434973
434974
434975
434976
434985
434987
434989
434998
434999
435001
435002
435003
435005
435009
435012
435013
435014
435016
435018
435019
435025
435790
435792
435794
435804
435806
435808
435818
435819
435821
435831
435832
435833
435834
435835
435836
435837
435838
435839
435840
435841
435842
435843
435844
435845
435846
435847
435848
435849
435850
435851
435852
435853
435854
435855
435856
435857
435858
435867
435869
435871
435880
435881
435883
435884
435885
435887
435891
435894
435895
435896
435898
435900
435901
435907
436672
436674
436676
436686
436688
436690
436700
436701
436703
436713
436714
436715
436716
436717
436718
436719
436720
436721
436722
436723
436724
436725
436726
436727
436728
436729
436730
436731
436732
436733
436734
436735
436736
436737
436738
436739
436740
436749
436751
436753
436762
436763
436765
436766
436767
436769
436773
436776
436777
436778
436780
436782
436783
436789
437554
437556
437558
437568
437570
437572
437582
437583
437585
437595
437596
437597
437598
437599
437600
437601
437602
437603
437604
437605
437606
437607
437608
437609
437610
437611
437612
437613
437614
437615
437616
437617
437618
437619
437620
437621
437622
437631
437633
437635
437644
437645
437647
437648
437649
437651
437655
437658
437659
437660
437662
437664
437665
437671
438436
438438
438440
438450
438452
438454
438464
438465
438467
438477
438478
438479
438480
438481
438482
438483
438484
438485
438486
438487
438488
438489
438490
438491
438492
438493
438494
438495
438496
438497
438498
438499
438500
438501
438502
438503
438504
438513
438515
438517
438526
438527
438529
438530
438531
438533
438537
438540
438541
438542
438544
438546
438547
438553
439318
439320
439322
439332
439334
439336
439346
439347
439349
439359
439360
439361
439362
439363
439364
439365
439366
439367
439368
439369
439370
439371
439372
439373
439374
439375
439376
439377
439378
439379
439380
439381
439382
439383
439384
439385
439386
439395
439397
439399
439408
439409
439411
439412
439413
439415
439419
439422
439423
439424
439426
439428
439429
439435
440200
440202
440204
440214
440216
440218
440228
440229
440231
440241
440242
440243
440244
440245
440246
440247
440248
440249
440250
440251
440252
440253
440254
440255
440256
440257
440258
440259
440260
440261
440262
440263
440264
440265
440266
440267
440268
440277
440279
440281
440290
440291
440293
440294
440295
440297
440301
440304
440305
440306
440308
440310
440311
440317
441082
441084
441086
441096
441098
441100
441110
441111
441113
441123
441124
441125
441126
441127
441128
441129
441130
441131
441132
441133
441134
441135
441136
441137
441138
441139
441140
441141
441142
441143
441144
441145
441146
441147
441148
441149
441150
441159
441161
441163
441172
441173
441175
441176
441177
441179
441183
441186
441187
441188
441190
441192
441193
441199
441964
441966
441968
441978
441980
441982
441992
441993
441995
442005
442006
442007
442008
442009
442010
442011
442012
442013
442014
442015
442016
442017
442018
442019
442020
442021
442022
442023
442024
442025
442026
442027
442028
442029
442030
442031
442032
442041
442043
442045
442054
442055
442057
442058
442059
442061
442065
442068
442069
442070
442072
442074
442075
442081
442846
442848
442850
442860
442862
442864
442874
442875
442877
442887
442888
442889
442890
442891
442892
442893
442894
442895
442896
442897
442898
442899
442900
442901
442902
442903
442904
442905
442906
442907
442908
442909
442910
442911
442912
442913
442914
442923
442925
442927
442936
442937
442939
442940
442941
442943
442947
442950
442951
442952
442954
442956
442957
442963
443728
443730
443732
443742
443744
443746
443756
443757
443759
443769
443770
443771
443772
443773
443774
443775
443776
443777
443778
443779
443780
443781
443782
443783
443784
443785
443786
443787
443788
443789
443790
443791
443792
443793
443794
443795
443796
443805
443807
443809
443818
443819
443821
443822
443823
443825
443829
443832
443833
443834
443836
443838
443839
443845
444610
444612
444614
444624
444626
444628
444638
444639
444641
444651
444652
444653
444654
444655
444656
444657
444658
444659
444660
444661
444662
444663
444664
444665
444666
444667
444668
444669
444670
444671
444672
444673
444674
444675
444676
444677
444678
444687
444689
444691
444700
444701
444703
444704
444705
444707
444711
444714
444715
444716
444718
444720
444721
444727
445492
445494
445496
445506
445508
445510
445520
445521
445523
445533
445534
445535
445536
445537
445538
445539
445540
445541
445542
445543
445544
445545
445546
445547
445548
445549
445550
445551
445552
445553
445554
445555
445556
445557
445558
445559
445560
445569
445571
445573
445582
445583
445585
445586
445587
445589
445593
445596
445597
445598
445600
445602
445603
445609
446374
446376
446378
446388
446390
446392
446402
446403
446405
446415
446416
446417
446418
446419
446420
446421
446422
446423
446424
446425
446426
446427
446428
446429
446430
446431
446432
446433
446434
446435
446436
446437
446438
446439
446440
446441
446442
446451
446453
446455
446464
446465
446467
446468
446469
446471
446475
446478
446479
446480
446482
446484
446485
446491
447256
447258
447260
447270
447272
447274
447284
447285
447287
447297
447298
447299
447300
447301
447302
447303
447304
447305
447306
447307
447308
447309
447310
447311
447312
447313
447314
447315
447316
447317
447318
447319
447320
447321
447322
447323
447324
447333
447335
447337
447346
447347
447349
447350
447351
447353
447357
447360
447361
447362
447364
447366
447367
447373
448138
448140
448142
448152
448154
448156
448166
448167
448169
448179
448180
448181
448182
448183
448184
448185
448186
448187
448188
448189
448190
448191
448192
448193
448194
448195
448196
448197
448198
448199
448200
448201
448202
448203
448204
448205
448206
448215
448217
448219
448228
448229
448231
448232
448233
448235
448239
448242
448243
448244
448246
448248
448249
448255
449020
449022
449024
449034
449036
449038
449048
449049
449051
449061
449062
449063
449064
449065
449066
449067
449068
449069
449070
449071
449072
449073
449074
449075
449076
449077
449078
449079
449080
449081
449082
449083
449084
449085
449086
449087
449088
449097
449099
449101
449110
449111
449113
449114
449115
449117
449121
449124
449125
449126
449128
449130
449131
449137
449902
449904
449906
449916
449918
449920
449930
449931
449933
449943
449944
449945
449946
449947
449948
449949
449950
449951
449952
449953
449954
449955
449956
449957
449958
449959
449960
449961
449962
449963
449964
449965
449966
449967
449968
449969
449970
449979
449981
449983
449992
449993
449995
449996
449997
449999
450003
450006
450007
450008
450010
450012
450013
450019
450784
450786
450788
450798
450800
450802
450812
450813
450815
450825
450826
450827
450828
450829
450830
450831
450832
450833
450834
450835
450836
450837
450838
450839
450840
450841
450842
450843
450844
450845
450846
450847
450848
450849
450850
450851
450852
450861
450863
450865
450874
450875
450877
450878
450879
450881
450885
450888
450889
450890
450892
450894
450895
450901
451666
451668
451670
451680
451682
451684
451694
451695
451697
451707
451708
451709
451710
451711
451712
451713
451714
451715
451716
451717
451718
451719
451720
451721
451722
451723
451724
451725
451726
451727
451728
451729
451730
451731
451732
451733
451734
451743
451745
451747
451756
451757
451759
451760
451761
451763
451767
451770
451771
451772
451774
451776
451777
451783
452548
452550
452552
452562
452564
452566
452576
452577
452579
452589
452590
452591
452592
452593
452594
452595
452596
452597
452598
452599
452600
452601
452602
452603
452604
452605
452606
452607
452608
452609
452610
452611
452612
452613
452614
452615
452616
452625
452627
452629
452638
452639
452641
452642
452643
452645
452649
452652
452653
452654
452656
452658
452659
452665
453430
453432
453434
453444
453446
453448
453458
453459
453461
453471
453472
453473
453474
453475
453476
453477
453478
453479
453480
453481
453482
453483
453484
453485
453486
453487
453488
453489
453490
453491
453492
453493
453494
453495
453496
453497
453498
453507
453509
453511
453520
453521
453523
453524
453525
453527
453531
453534
453535
453536
453538
453540
453541
453547
454312
454314
454316
454326
454328
454330
454340
454341
454343
454353
454354
454355
454356
454357
454358
454359
454360
454361
454362
454363
454364
454365
454366
454367
454368
454369
454370
454371
454372
454373
454374
454375
454376
454377
454378
454379
454380
454389
454391
454393
454402
454403
454405
454406
454407
454409
454413
454416
454417
454418
454420
454422
454423
454429
455194
455196
455198
455208
455210
455212
455222
455223
455225
455235
455236
455237
455238
455239
455240
455241
455242
455243
455244
455245
455246
455247
455248
455249
455250
455251
455252
455253
455254
455255
455256
455257
455258
455259
455260
455261
455262
455271
455273
455275
455284
455285
455287
455288
455289
455291
455295
455298
455299
455300
455302
455304
455305
455311
456076
456078
456080
456090
456092
456094
456104
456105
456107
456117
456118
456119
456120
456121
456122
456123
456124
456125
456126
456127
456128
456129
456130
456131
456132
456133
456134
456135
456136
456137
456138
456139
456140
456141
456142
456143
456144
456153
456155
456157
456166
456167
456169
456170
456171
456173
456177
456180
456181
456182
456184
456186
456187
456193
456958
456960
456962
456972
456974
456976
456986
456987
456989
456999
457000
457001
457002
457003
457004
457005
457006
457007
457008
457009
457010
457011
457012
457013
457014
457015
457016
457017
457018
457019
457020
457021
457022
457023
457024
457025
457026
457035
457037
457039
457048
457049
457051
457052
457053
457055
457059
457062
457063
457064
457066
457068
457069
457075
457840
457842
457844
457854
457856
457858
457868
457869
457871
457881
457882
457883
457884
457885
457886
457887
457888
457889
457890
457891
457892
457893
457894
457895
457896
457897
457898
457899
457900
457901
457902
457903
457904
457905
457906
457907
457908
457917
457919
457921
457930
457931
457933
457934
457935
457937
457941
457944
457945
457946
457948
457950
457951
457957
458722
458724
458726
458736
458738
458740
458750
458751
458753
458763
458764
458765
458766
458767
458768
458769
458770
458771
458772
458773
458774
458775
458776
458777
458778
458779
458780
458781
458782
458783
458784
458785
458786
458787
458788
458789
458790
458799
458801
458803
458812
458813
458815
458816
458817
458819
458823
458826
458827
458828
458830
458832
458833
458839
459604
459606
459608
459618
459620
459622
459632
459633
459635
459645
459646
459647
459648
459649
459650
459651
459652
459653
459654
459655
459656
459657
459658
459659
459660
459661
459662
459663
459664
459665
459666
459667
459668
459669
459670
459671
459672
459681
459683
459685
459694
459695
459697
459698
459699
459701
459705
459708
459709
459710
459712
459714
459715
459721
460486
460488
460490
460500
460502
460504
460514
460515
460517
460527
460528
460529
460530
460531
460532
460533
460534
460535
460536
460537
460538
460539
460540
460541
460542
460543
460544
460545
460546
460547
460548
460549
460550
460551
460552
460553
460554
460563
460565
460567
460576
460577
460579
460580
460581
460583
460587
460590
460591
460592
460594
460596
460597
460603
461368
461370
461372
461382
461384
461386
461396
461397
461399
461409
461410
461411
461412
461413
461414
461415
461416
461417
461418
461419
461420
461421
461422
461423
461424
461425
461426
461427
461428
461429
461430
461431
461432
461433
461434
461435
461436
461445
461447
461449
461458
461459
461461
461462
461463
461465
461469
461472
461473
461474
461476
461478
461479
461485
462250
462252
462254
462264
462266
462268
462278
462279
462281
462291
462292
462293
462294
462295
462296
462297
462298
462299
462300
462301
462302
462303
462304
462305
462306
462307
462308
462309
462310
462311
462312
462313
462314
462315
462316
462317
462318
462327
462329
462331
462340
462341
462343
462344
462345
462347
462351
462354
462355
462356
462358
462360
462361
462367
463132
463134
463136
463146
463148
463150
463160
463161
463163
463173
463174
463175
463176
463177
463178
463179
463180
463181
463182
463183
463184
463185
463186
463187
463188
463189
463190
463191
463192
463193
463194
463195
463196
463197
463198
463199
463200
463209
463211
463213
463222
463223
463225
463226
463227
463229
463233
463236
463237
463238
463240
463242
463243
463249
464014
464016
464018
464028
464030
464032
464042
464043
464045
464055
464056
464057
464058
464059
464060
464061
464062
464063
464064
464065
464066
464067
464068
464069
464070
464071
464072
464073
464074
464075
464076
464077
464078
464079
464080
464081
464082
464091
464093
464095
464104
464105
464107
464108
464109
464111
464115
464118
464119
464120
464122
464124
464125
464131
464896
464898
464900
464910
464912
464914
464924
464925
464927
464937
464938
464939
464940
464941
464942
464943
464944
464945
464946
464947
464948
464949
464950
464951
464952
464953
464954
464955
464956
464957
464958
464959
464960
464961
464962
464963
464964
464973
464975
464977
464986
464987
464989
464990
464991
464993
464997
465000
465001
465002
465004
465006
465007
465013
465778
465780
465782
465792
465794
465796
465806
465807
465809
465819
465820
465821
465822
465823
465824
465825
465826
465827
465828
465829
465830
465831
465832
465833
465834
465835
465836
465837
465838
465839
465840
465841
465842
465843
465844
465845
465846
465855
465857
465859
465868
465869
465871
465872
465873
465875
465879
465882
465883
465884
465886
465888
465889
465895
466660
466662
466664
466674
466676
466678
466688
466689
466691
466701
466702
466703
466704
466705
466706
466707
466708
466709
466710
466711
466712
466713
466714
466715
466716
466717
466718
466719
466720
466721
466722
466723
466724
466725
466726
466727
466728
466737
466739
466741
466750
466751
466753
466754
466755
466757
466761
466764
466765
466766
466768
466770
466771
466777
467542
467544
467546
467556
467558
467560
467570
467571
467573
467583
467584
467585
467586
467587
467588
467589
467590
467591
467592
467593
467594
467595
467596
467597
467598
467599
467600
467601
467602
467603
467604
467605
467606
467607
467608
467609
467610
467619
467621
467623
467632
467633
467635
467636
467637
467639
467643
467646
467647
467648
467650
467652
467653
467659
468424
468426
468428
468438
468440
468442
468452
468453
468455
468465
468466
468467
468468
468469
468470
468471
468472
468473
468474
468475
468476
468477
468478
468479
468480
468481
468482
468483
468484
468485
468486
468487
468488
468489
468490
468491
468492
468501
468503
468505
468514
468515
468517
468518
468519
468521
468525
468528
468529
468530
468532
468534
468535
468541
469306
469308
469310
469320
469322
469324
469334
469335
469337
469347
469348
469349
469350
469351
469352
469353
469354
469355
469356
469357
469358
469359
469360
469361
469362
469363
469364
469365
469366
469367
469368
469369
469370
469371
469372
469373
469374
469383
469385
469387
469396
469397
469399
469400
469401
469403
469407
469410
469411
469412
469414
469416
469417
469423
470188
470190
470192
470202
470204
470206
470216
470217
470219
470229
470230
470231
470232
470233
470234
470235
470236
470237
470238
470239
470240
470241
470242
470243
470244
470245
470246
470247
470248
470249
470250
470251
470252
470253
470254
470255
470256
470265
470267
470269
470278
470279
470281
470282
470283
470285
470289
470292
470293
470294
470296
470298
470299
470305
471070
471072
471074
471084
471086
471088
471098
471099
471101
471111
471112
471113
471114
471115
471116
471117
471118
471119
471120
471121
471122
471123
471124
471125
471126
471127
471128
471129
471130
471131
471132
471133
471134
471135
471136
471137
471138
471147
471149
471151
471160
471161
471163
471164
471165
471167
471171
471174
471175
471176
471178
471180
471181
471187
471952
471954
471956
471966
471968
471970
471980
471981
471983
471993
471994
471995
471996
471997
471998
471999
472000
472001
472002
472003
472004
472005
472006
472007
472008
472009
472010
472011
472012
472013
472014
472015
472016
472017
472018
472019
472020
472029
472031
472033
472042
472043
472045
472046
472047
472049
472053
472056
472057
472058
472060
472062
472063
472069
472834
472836
472838
472848
472850
472852
472862
472863
472865
472875
472876
472877
472878
472879
472880
472881
472882
472883
472884
472885
472886
472887
472888
472889
472890
472891
472892
472893
472894
472895
472896
472897
472898
472899
472900
472901
472902
472911
472913
472915
472924
472925
472927
472928
472929
472931
472935
472938
472939
472940
472942
472944
472945
472951
473484
473485
473486
473487
473488
473489
473490
473526
473527
473528
473529
473530
473531
473532
473533
473534
473535
473536
473537
473538
473539
473617
473618
473619
473620
473621
473622
473623
473645
473646
473647
473648
473649
473650
473651
473652
473653
473654
473655
473656
473657
473658
473659
473660
473661
473662
473663
473664
473665
473848
473849
473850
473851
473852
473853
473854
473890
473891
473892
473893
473894
473895
473896
473897
473898
473899
473900
473901
473902
473903
473981
473982
473983
473984
473985
473986
473987
474009
474010
474011
474012
474013
474014
474015
474016
474017
474018
474019
474020
474021
474022
474023
474024
474025
474026
474027
474028
474029
474212
474213
474214
474215
474216
474217
474218
474254
474255
474256
474257
474258
474259
474260
474261
474262
474263
474264
474265
474266
474267
474345
474346
474347
474348
474349
474350
474351
474373
474374
474375
474376
474377
474378
474379
474380
474381
474382
474383
474384
474385
474386
474387
474388
474389
474390
474391
474392
474393
474576
474577
474578
474579
474580
474581
474582
474618
474619
474620
474621
474622
474623
474624
474625
474626
474627
474628
474629
474630
474631
474709
474710
474711
474712
474713
474714
474715
474737
474738
474739
474740
474741
474742
474743
474744
474745
474746
474747
474748
474749
474750
474751
474752
474753
474754
474755
474756
474757
474940
474941
474942
474943
474944
474945
474946
474982
474983
474984
474985
474986
474987
474988
474989
474990
474991
474992
474993
474994
474995
475073
475074
475075
475076
475077
475078
475079
475101
475102
475103
475104
475105
475106
475107
475108
475109
475110
475111
475112
475113
475114
475115
475116
475117
475118
475119
475120
475121
475304
475305
475306
475307
475308
475309
475310
475346
475347
475348
475349
475350
475351
475352
475353
475354
475355
475356
475357
475358
475359
475437
475438
475439
475440
475441
475442
475443
475465
475466
475467
475468
475469
475470
475471
475472
475473
475474
475475
475476
475477
475478
475479
475480
475481
475482
475483
475484
475485
475668
475669
475670
475671
475672
475673
475674
475710
475711
475712
475713
475714
475715
475716
475717
475718
475719
475720
475721
475722
475723
475801
475802
475803
475804
475805
475806
475807
475829
475830
475831
475832
475833
475834
475835
475836
475837
475838
475839
475840
475841
475842
475843
475844
475845
475846
475847
475848
475849
476032
476033
476034
476035
476036
476037
476038
476074
476075
476076
476077
476078
476079
476080
476081
476082
476083
476084
476085
476086
476087
476165
476166
476167
476168
476169
476170
476171
476193
476194
476195
476196
476197
476198
476199
476200
476201
476202
476203
476204
476205
476206
476207
476208
476209
476210
476211
476212
476213
476396
476397
476398
476399
476400
476401
476402
476438
476439
476440
476441
476442
476443
476444
476445
476446
476447
476448
476449
476450
476451
476529
476530
476531
476532
476533
476534
476535
476557
476558
476559
476560
476561
476562
476563
476564
476565
476566
476567
476568
476569
476570
476571
476572
476573
476574
476575
476576
476577
476760
476761
476762
476763
476764
476765
476766
476802
476803
476804
476805
476806
476807
476808
476809
476810
476811
476812
476813
476814
476815
476893
476894
476895
476896
476897
476898
476899
476921
476922
476923
476924
476925
476926
476927
476928
476929
476930
476931
476932
476933
476934
476935
476936
476937
476938
476939
476940
476941
477124
477125
477126
477127
477128
477129
477130
477166
477167
477168
477169
477170
477171
477172
477173
477174
477175
477176
477177
477178
477179
477257
477258
477259
477260
477261
477262
477263
477285
477286
477287
477288
477289
477290
477291
477292
477293
477294
477295
477296
477297
477298
477299
477300
477301
477302
477303
477304
477305
477488
477489
477490
477491
477492
477493
477494
477530
477531
477532
477533
477534
477535
477536
477537
477538
477539
477540
477541
477542
477543
477621
477622
477623
477624
477625
477626
477627
477649
477650
477651
477652
477653
477654
477655
477656
477657
477658
477659
477660
477661
477662
477663
477664
477665
477666
477667
477668
477669
477852
477853
477854
477855
477856
477857
477858
477894
477895
477896
477897
477898
477899
477900
477901
477902
477903
477904
477905
477906
477907
477985
477986
477987
477988
477989
477990
477991
478013
478014
478015
478016
478017
478018
478019
478020
478021
478022
478023
478024
478025
478026
478027
478028
478029
478030
478031
478032
478033
478216
478217
478218
478219
478220
478221
478222
478258
478259
478260
478261
478262
478263
478264
478265
478266
478267
478268
478269
478270
478271
478349
478350
478351
478352
478353
478354
478355
478377
478378
478379
478380
478381
478382
478383
478384
478385
478386
478387
478388
478389
478390
478391
478392
478393
478394
478395
478396
478397
478580
478581
478582
478583
478584
478585
478586
478622
478623
478624
478625
478626
478627
478628
478629
478630
478631
478632
478633
478634
478635
478713
478714
478715
478716
478717
478718
478719
478741
478742
478743
478744
478745
478746
478747
478748
478749
478750
478751
478752
478753
478754
478755
478756
478757
478758
478759
478760
478761
478944
478945
478946
478947
478948
478949
478950
478986
478987
478988
478989
478990
478991
478992
478993
478994
478995
478996
478997
478998
478999
479077
479078
479079
479080
479081
479082
479083
479105
479106
479107
479108
479109
479110
479111
479112
479113
479114
479115
479116
479117
479118
479119
479120
479121
479122
479123
479124
479125
479308
479309
479310
479311
479312
479313
479314
479350
479351
479352
479353
479354
479355
479356
479357
479358
479359
479360
479361
479362
479363
479441
479442
479443
479444
479445
479446
479447
479469
479470
479471
479472
479473
479474
479475
479476
479477
479478
479479
479480
479481
479482
479483
479484
479485
479486
479487
479488
479489
479672
479673
479674
479675
479676
479677
479678
479714
479715
479716
479717
479718
479719
479720
479721
479722
479723
479724
479725
479726
479727
479805
479806
479807
479808
479809
479810
479811
479833
479834
479835
479836
479837
479838
479839
479840
479841
479842
479843
479844
479845
479846
479847
479848
479849
479850
479851
479852
479853
480036
480037
480038
480039
480040
480041
480042
480078
480079
480080
480081
480082
480083
480084
480085
480086
480087
480088
480089
480090
480091
480169
480170
480171
480172
480173
480174
480175
480197
480198
480199
480200
480201
480202
480203
480204
480205
480206
480207
480208
480209
480210
480211
480212
480213
480214
480215
480216
480217
480400
480401
480402
480403
480404
480405
480406
480442
480443
480444
480445
480446
480447
480448
480449
480450
480451
480452
480453
480454
480455
480533
480534
480535
480536
480537
480538
480539
480561
480562
480563
480564
480565
480566
480567
480568
480569
480570
480571
480572
480573
480574
480575
480576
480577
480578
480579
480580
480581
480764
480765
480766
480767
480768
480769
480770
480806
480807
480808
480809
480810
480811
480812
480813
480814
480815
480816
480817
480818
480819
480897
480898
480899
480900
480901
480902
480903
480925
480926
480927
480928
480929
480930
480931
480932
480933
480934
480935
480936
480937
480938
480939
480940
480941
480942
480943
480944
480945
481128
481129
481130
481131
481132
481133
481134
481170
481171
481172
481173
481174
481175
481176
481177
481178
481179
481180
481181
481182
481183
481261
481262
481263
481264
481265
481266
481267
481289
481290
481291
481292
481293
481294
481295
481296
481297
481298
481299
481300
481301
481302
481303
481304
481305
481306
481307
481308
481309
481492
481493
481494
481495
481496
481497
481498
481534
481535
481536
481537
481538
481539
481540
481541
481542
481543
481544
481545
481546
481547
481625
481626
481627
481628
481629
481630
481631
481653
481654
481655
481656
481657
481658
481659
481660
481661
481662
481663
481664
481665
481666
481667
481668
481669
481670
481671
481672
481673
481856
481857
481858
481859
481860
481861
481862
481898
481899
481900
481901
481902
481903
481904
481905
481906
481907
481908
481909
481910
481911
481989
481990
481991
481992
481993
481994
481995
482017
482018
482019
482020
482021
482022
482023
482024
482025
482026
482027
482028
482029
482030
482031
482032
482033
482034
482035
482036
482037
482220
482221
482222
482223
482224
482225
482226
482262
482263
482264
482265
482266
482267
482268
482269
482270
482271
482272
482273
482274
482275
482353
482354
482355
482356
482357
482358
482359
482381
482382
482383
482384
482385
482386
482387
482388
482389
482390
482391
482392
482393
482394
482395
482396
482397
482398
482399
482400
482401
482584
482585
482586
482587
482588
482589
482590
482626
482627
482628
482629
482630
482631
482632
482633
482634
482635
482636
482637
482638
482639
482717
482718
482719
482720
482721
482722
482723
482745
482746
482747
482748
482749
482750
482751
482752
482753
482754
482755
482756
482757
482758
482759
482760
482761
482762
482763
482764
482765
482948
482949
482950
482951
482952
482953
482954
482990
482991
482992
482993
482994
482995
482996
482997
482998
482999
483000
483001
483002
483003
483081
483082
483083
483084
483085
483086
483087
483109
483110
483111
483112
483113
483114
483115
483116
483117
483118
483119
483120
483121
483122
483123
483124
483125
483126
483127
483128
483129
483312
483313
483314
483315
483316
483317
483318
483354
483355
483356
483357
483358
483359
483360
483361
483362
483363
483364
483365
483366
483367
483445
483446
483447
483448
483449
483450
483451
483473
483474
483475
483476
483477
483478
483479
483480
483481
483482
483483
483484
483485
483486
483487
483488
483489
483490
483491
483492
483493
483676
483677
483678
483679
483680
483681
483682
483718
483719
483720
483721
483722
483723
483724
483725
483726
483727
483728
483729
483730
483731
483809
483810
483811
483812
483813
483814
483815
483837
483838
483839
483840
483841
483842
483843
483844
483845
483846
483847
483848
483849
483850
483851
483852
483853
483854
483855
483856
483857
484040
484041
484042
484043
484044
484045
484046
484082
484083
484084
484085
484086
484087
484088
484089
484090
484091
484092
484093
484094
484095
484173
484174
484175
484176
484177
484178
484179
484201
484202
484203
484204
484205
484206
484207
484208
484209
484210
484211
484212
484213
484214
484215
484216
484217
484218
484219
484220
484221
484404
484405
484406
484407
484408
484409
484410
484446
484447
484448
484449
484450
484451
484452
484453
484454
484455
484456
484457
484458
484459
484537
484538
484539
484540
484541
484542
484543
484565
484566
484567
484568
484569
484570
484571
484572
484573
484574
484575
484576
484577
484578
484579
484580
484581
484582
484583
484584
484585
484768
484769
484770
484771
484772
484773
484774
484810
484811
484812
484813
484814
484815
484816
484817
484818
484819
484820
484821
484822
484823
484901
484902
484903
484904
484905
484906
484907
484929
484930
484931
484932
484933
484934
484935
484936
484937
484938
484939
484940
484941
484942
484943
484944
484945
484946
484947
484948
484949
485132
485133
485134
485135
485136
485137
485138
485174
485175
485176
485177
485178
485179
485180
485181
485182
485183
485184
485185
485186
485187
485265
485266
485267
485268
485269
485270
485271
485293
485294
485295
485296
485297
485298
485299
485300
485301
485302
485303
485304
485305
485306
485307
485308
485309
485310
485311
485312
485313
485496
485497
485498
485499
485500
485501
485502
485538
485539
485540
485541
485542
485543
485544
485545
485546
485547
485548
485549
485550
485551
485629
485630
485631
485632
485633
485634
485635
485657
485658
485659
485660
485661
485662
485663
485664
485665
485666
485667
485668
485669
485670
485671
485672
485673
485674
485675
485676
485677
485860
485861
485862
485863
485864
485865
485866
485902
485903
485904
485905
485906
485907
485908
485909
485910
485911
485912
485913
485914
485915
485993
485994
485995
485996
485997
485998
485999
486021
486022
486023
486024
486025
486026
486027
486028
486029
486030
486031
486032
486033
486034
486035
486036
486037
486038
486039
486040
486041
486224
486225
486226
486227
486228
486229
486230
486266
486267
486268
486269
486270
486271
486272
486273
486274
486275
486276
486277
486278
486279
486357
486358
486359
486360
486361
486362
486363
486385
486386
486387
486388
486389
486390
486391
486392
486393
486394
486395
486396
486397
486398
486399
486400
486401
486402
486403
486404
486405
486588
486589
486590
486591
486592
486593
486594
486630
486631
486632
486633
486634
486635
486636
486637
486638
486639
486640
486641
486642
486643
486721
486722
486723
486724
486725
486726
486727
486749
486750
486751
486752
486753
486754
486755
486756
486757
486758
486759
486760
486761
486762
486763
486764
486765
486766
486767
486768
486769
486952
486953
486954
486955
486956
486957
486958
486994
486995
486996
486997
486998
486999
487000
487001
487002
487003
487004
487005
487006
487007
487085
487086
487087
487088
487089
487090
487091
487113
487114
487115
487116
487117
487118
487119
487120
487121
487122
487123
487124
487125
487126
487127
487128
487129
487130
487131
487132
487133
487316
487317
487318
487319
487320
487321
487322
487358
487359
487360
487361
487362
487363
487364
487365
487366
487367
487368
487369
487370
487371
487449
487450
487451
487452
487453
487454
487455
487477
487478
487479
487480
487481
487482
487483
487484
487485
487486
487487
487488
487489
487490
487491
487492
487493
487494
487495
487496
487497
487680
487681
487682
487683
487684
487685
487686
487722
487723
487724
487725
487726
487727
487728
487729
487730
487731
487732
487733
487734
487735
487813
487814
487815
487816
487817
487818
487819
487841
487842
487843
487844
487845
487846
487847
487848
487849
487850
487851
487852
487853
487854
487855
487856
487857
487858
487859
487860
487861
488044
488045
488046
488047
488048
488049
488050
488086
488087
488088
488089
488090
488091
488092
488093
488094
488095
488096
488097
488098
488099
488177
488178
488179
488180
488181
488182
488183
488205
488206
488207
488208
488209
488210
488211
488212
488213
488214
488215
488216
488217
488218
488219
488220
488221
488222
488223
488224
488225
488408
488409
488410
488411
488412
488413
488414
488450
488451
488452
488453
488454
488455
488456
488457
488458
488459
488460
488461
488462
488463
488541
488542
488543
488544
488545
488546
488547
488569
488570
488571
488572
488573
488574
488575
488576
488577
488578
488579
488580
488581
488582
488583
488584
488585
488586
488587
488588
488589
488772
488773
488774
488775
488776
488777
488778
488814
488815
488816
488817
488818
488819
488820
488821
488822
488823
488824
488825
488826
488827
488905
488906
488907
488908
488909
488910
488911
488933
488934
488935
488936
488937
488938
488939
488940
488941
488942
488943
488944
488945
488946
488947
488948
488949
488950
488951
488952
488953
489136
489137
489138
489139
489140
489141
489142
489178
489179
489180
489181
489182
489183
489184
489185
489186
489187
489188
489189
489190
489191
489269
489270
489271
489272
489273
489274
489275
489297
489298
489299
489300
489301
489302
489303
489304
489305
489306
489307
489308
489309
489310
489311
489312
489313
489314
489315
489316
489317
489500
489501
489502
489503
489504
489505
489506
489542
489543
489544
489545
489546
489547
489548
489549
489550
489551
489552
489553
489554
489555
489633
489634
489635
489636
489637
489638
489639
489661
489662
489663
489664
489665
489666
489667
489668
489669
489670
489671
489672
489673
489674
489675
489676
489677
489678
489679
489680
489681
489864
489865
489866
489867
489868
489869
489870
489906
489907
489908
489909
489910
489911
489912
489913
489914
489915
489916
489917
489918
489919
489997
489998
489999
490000
490001
490002
490003
490025
490026
490027
490028
490029
490030
490031
490032
490033
490034
490035
490036
490037
490038
490039
490040
490041
490042
490043
490044
490045
490228
490229
490230
490231
490232
490233
490234
490270
490271
490272
490273
490274
490275
490276
490277
490278
490279
490280
490281
490282
490283
490361
490362
490363
490364
490365
490366
490367
490389
490390
490391
490392
490393
490394
490395
490396
490397
490398
490399
490400
490401
490402
490403
490404
490405
490406
490407
490408
490409
490592
490593
490594
490595
490596
490597
490598
490634
490635
490636
490637
490638
490639
490640
490641
490642
490643
490644
490645
490646
490647
490725
490726
490727
490728
490729
490730
490731
490753
490754
490755
490756
490757
490758
490759
490760
490761
490762
490763
490764
490765
490766
490767
490768
490769
490770
490771
490772
490773
490956
490957
490958
490959
490960
490961
490962
490998
490999
491000
491001
491002
491003
491004
491005
491006
491007
491008
491009
491010
491011
491089
491090
491091
491092
491093
491094
491095
491117
491118
491119
491120
491121
491122
491123
491124
491125
491126
491127
491128
491129
491130
491131
491132
491133
491134
491135
491136
491137
491320
491321
491322
491323
491324
491325
491326
491362
491363
491364
491365
491366
491367
491368
491369
491370
491371
491372
491373
491374
491375
491453
491454
491455
491456
491457
491458
491459
491481
491482
491483
491484
491485
491486
491487
491488
491489
491490
491491
491492
491493
491494
491495
491496
491497
491498
491499
491500
491501
491684
491685
491686
491687
491688
491689
491690
491726
491727
491728
491729
491730
491731
491732
491733
491734
491735
491736
491737
491738
491739
491817
491818
491819
491820
491821
491822
491823
491845
491846
491847
491848
491849
491850
491851
491852
491853
491854
491855
491856
491857
491858
491859
491860
491861
491862
491863
491864
491865
492048
492049
492050
492051
492052
492053
492054
492090
492091
492092
492093
492094
492095
492096
492097
492098
492099
492100
492101
492102
492103
492181
492182
492183
492184
492185
492186
492187
492209
492210
492211
492212
492213
492214
492215
492216
492217
492218
492219
492220
492221
492222
492223
492224
492225
492226
492227
492228
492229
492412
492413
492414
492415
492416
492417
492418
492454
492455
492456
492457
492458
492459
492460
492461
492462
492463
492464
492465
492466
492467
492545
492546
492547
492548
492549
492550
492551
492573
492574
492575
492576
492577
492578
492579
492580
492581
492582
492583
492584
492585
492586
492587
492588
492589
492590
492591
492592
492593
492776
492777
492778
492779
492780
492781
492782
492818
492819
492820
492821
492822
492823
492824
492825
492826
492827
492828
492829
492830
492831
492909
492910
492911
492912
492913
492914
492915
492937
492938
492939
492940
492941
492942
492943
492944
492945
492946
492947
492948
492949
492950
492951
492952
492953
492954
492955
492956
492957
493140
493141
493142
493143
493144
493145
493146
493182
493183
493184
493185
493186
493187
493188
493189
493190
493191
493192
493193
493194
493195
493273
493274
493275
493276
493277
493278
493279
493301
493302
493303
493304
493305
493306
493307
493308
493309
493310
493311
493312
493313
493314
493315
493316
493317
493318
493319
493320
493321
493504
493505
493506
493507
493508
493509
493510
493546
493547
493548
493549
493550
493551
493552
493553
493554
493555
493556
493557
493558
493559
493637
493638
493639
493640
493641
493642
493643
493665
493666
493667
493668
493669
493670
493671
493672
493673
493674
493675
493676
493677
493678
493679
493680
493681
493682
493683
493684
493685
493868
493869
493870
493871
493872
493873
493874
493910
493911
493912
493913
493914
493915
493916
493917
493918
493919
493920
493921
493922
493923
494001
494002
494003
494004
494005
494006
494007
494029
494030
494031
494032
494033
494034
494035
494036
494037
494038
494039
494040
494041
494042
494043
494044
494045
494046
494047
494048
494049
494232
494233
494234
494235
494236
494237
494238
494274
494275
494276
494277
494278
494279
494280
494281
494282
494283
494284
494285
494286
494287
494365
494366
494367
494368
494369
494370
494371
494393
494394
494395
494396
494397
494398
494399
494400
494401
494402
494403
494404
494405
494406
494407
494408
494409
494410
494411
494412
494413
494596
494597
494598
494599
494600
494601
494602
494638
494639
494640
494641
494642
494643
494644
494645
494646
494647
494648
494649
494650
494651
494729
494730
494731
494732
494733
494734
494735
494757
494758
494759
494760
494761
494762
494763
494764
494765
494766
494767
494768
494769
494770
494771
494772
494773
494774
494775
494776
494777
494960
494961
494962
494963
494964
494965
494966
495002
495003
495004
495005
495006
495007
495008
495009
495010
495011
495012
495013
495014
495015
495093
495094
495095
495096
495097
495098
495099
495121
495122
495123
495124
495125
495126
495127
495128
495129
495130
495131
495132
495133
495134
495135
495136
495137
495138
495139
495140
495141
495324
495325
495326
495327
495328
495329
495330
495366
495367
495368
495369
495370
495371
495372
495373
495374
495375
495376
495377
495378
495379
495457
495458
495459
495460
495461
495462
495463
495485
495486
495487
495488
495489
495490
495491
495492
495493
495494
495495
495496
495497
495498
495499
495500
495501
495502
495503
495504
495505
495688
495689
495690
495691
495692
495693
495694
495730
495731
495732
495733
495734
495735
495736
495737
495738
495739
495740
495741
495742
495743
495821
495822
495823
495824
495825
495826
495827
495849
495850
495851
495852
495853
495854
495855
495856
495857
495858
495859
495860
495861
495862
495863
495864
495865
495866
495867
495868
495869
496052
496053
496054
496055
496056
496057
496058
496094
496095
496096
496097
496098
496099
496100
496101
496102
496103
496104
496105
496106
496107
496185
496186
496187
496188
496189
496190
496191
496213
496214
496215
496216
496217
496218
496219
496220
496221
496222
496223
496224
496225
496226
496227
496228
496229
496230
496231
496232
496233
496416
496417
496418
496419
496420
496421
496422
496458
496459
496460
496461
496462
496463
496464
496465
496466
496467
496468
496469
496470
496471
496549
496550
496551
496552
496553
496554
496555
496577
496578
496579
496580
496581
496582
496583
496584
496585
496586
496587
496588
496589
496590
496591
496592
496593
496594
496595
496596
496597
496780
496781
496782
496783
496784
496785
496786
496822
496823
496824
496825
496826
496827
496828
496829
496830
496831
496832
496833
496834
496835
496913
496914
496915
496916
496917
496918
496919
496941
496942
496943
496944
496945
496946
496947
496948
496949
496950
496951
496952
496953
496954
496955
496956
496957
496958
496959
496960
496961
497144
497145
497146
497147
497148
497149
497150
497186
497187
497188
497189
497190
497191
497192
497193
497194
497195
497196
497197
497198
497199
497277
497278
497279
497280
497281
497282
497283
497305
497306
497307
497308
497309
497310
497311
497312
497313
497314
497315
497316
497317
497318
497319
497320
497321
497322
497323
497324
497325
497508
497509
497510
497511
497512
497513
497514
497550
497551
497552
497553
497554
497555
497556
497557
497558
497559
497560
497561
497562
497563
497641
497642
497643
497644
497645
497646
497647
497669
497670
497671
497672
497673
497674
497675
497676
497677
497678
497679
497680
497681
497682
497683
497684
497685
497686
497687
497688
497689
497872
497873
497874
497875
497876
497877
497878
497914
497915
497916
497917
497918
497919
497920
497921
497922
497923
497924
497925
497926
497927
498005
498006
498007
498008
498009
498010
498011
498033
498034
498035
498036
498037
498038
498039
498040
498041
498042
498043
498044
498045
498046
498047
498048
498049
498050
498051
498052
498053
498236
498237
498238
498239
498240
498241
498242
498278
498279
498280
498281
498282
498283
498284
498285
498286
498287
498288
498289
498290
498291
498369
498370
498371
498372
498373
498374
498375
498397
498398
498399
498400
498401
498402
498403
498404
498405
498406
498407
498408
498409
498410
498411
498412
498413
498414
498415
498416
498417
498600
498601
498602
498603
498604
498605
498606
498642
498643
498644
498645
498646
498647
498648
498649
498650
498651
498652
498653
498654
498655
498733
498734
498735
498736
498737
498738
498739
498761
498762
498763
498764
498765
498766
498767
498768
498769
498770
498771
498772
498773
498774
498775
498776
498777
498778
498779
498780
498781
498964
498965
498966
498967
498968
498969
498970
499006
499007
499008
499009
499010
499011
499012
499013
499014
499015
499016
499017
499018
499019
499097
499098
499099
499100
499101
499102
499103
499125
499126
499127
499128
499129
499130
499131
499132
499133
499134
499135
499136
499137
499138
499139
499140
499141
499142
499143
499144
499145
499328
499329
499330
499331
499332
499333
499334
499370
499371
499372
499373
499374
499375
499376
499377
499378
499379
499380
499381
499382
499383
499461
499462
499463
499464
499465
499466
499467
499489
499490
499491
499492
499493
499494
499495
499496
499497
499498
499499
499500
499501
499502
499503
499504
499505
499506
499507
499508
499509
499692
499693
499694
499695
499696
499697
499698
499734
499735
499736
499737
499738
499739
499740
499741
499742
499743
499744
499745
499746
499747
499825
499826
499827
499828
499829
499830
499831
499853
499854
499855
499856
499857
499858
499859
499860
499861
499862
499863
499864
499865
499866
499867
499868
499869
499870
499871
499872
499873
500056
500057
500058
500059
500060
500061
500062
500098
500099
500100
500101
500102
500103
500104
500105
500106
500107
500108
500109
500110
500111
500189
500190
500191
500192
500193
500194
500195
500217
500218
500219
500220
500221
500222
500223
500224
500225
500226
500227
500228
500229
500230
500231
500232
500233
500234
500235
500236
500237
500420
500421
500422
500423
500424
500425
500426
500462
500463
500464
500465
500466
500467
500468
500469
500470
500471
500472
500473
500474
500475
500553
500554
500555
500556
500557
500558
500559
500581
500582
500583
500584
500585
500586
500587
500588
500589
500590
500591
500592
500593
500594
500595
500596
500597
500598
500599
500600
500601
500784
500785
500786
500787
500788
500789
500790
500826
500827
500828
500829
500830
500831
500832
500833
500834
500835
500836
500837
500838
500839
500917
500918
500919
500920
500921
500922
500923
500945
500946
500947
500948
500949
500950
500951
500952
500953
500954
500955
500956
500957
500958
500959
500960
500961
500962
500963
500964
500965
501148
501149
501150
501151
501152
501153
501154
501190
501191
501192
501193
501194
501195
501196
501197
501198
501199
501200
501201
501202
501203
501281
501282
501283
501284
501285
501286
501287
501309
501310
501311
501312
501313
501314
501315
501316
501317
501318
501319
501320
501321
501322
501323
501324
501325
501326
501327
501328
501329
501512
501513
501514
501515
501516
501517
501518
501554
501555
501556
501557
501558
501559
501560
501561
501562
501563
501564
501565
501566
501567
501645
501646
501647
501648
501649
501650
501651
501673
501674
501675
501676
501677
501678
501679
501680
501681
501682
501683
501684
501685
501686
501687
501688
501689
501690
501691
501692
501693
501876
501877
501878
501879
501880
501881
501882
501918
501919
501920
501921
501922
501923
501924
501925
501926
501927
501928
501929
501930
501931
502009
502010
502011
502012
502013
502014
502015
502037
502038
502039
502040
502041
502042
502043
502044
502045
502046
502047
502048
502049
502050
502051
502052
502053
502054
502055
502056
502057
502240
502241
502242
502243
502244
502245
502246
502282
502283
502284
502285
502286
502287
502288
502289
502290
502291
502292
502293
502294
502295
502373
502374
502375
502376
502377
502378
502379
502401
502402
502403
502404
502405
502406
502407
502408
502409
502410
502411
502412
502413
502414
502415
502416
502417
502418
502419
502420
502421
502604
502605
502606
502607
502608
502609
502610
502646
502647
502648
502649
502650
502651
502652
502653
502654
502655
502656
502657
502658
502659
502737
502738
502739
502740
502741
502742
502743
502765
502766
502767
502768
502769
502770
502771
502772
502773
502774
502775
502776
502777
502778
502779
502780
502781
502782
502783
502784
502785
502968
502969
502970
502971
502972
502973
502974
503010
503011
503012
503013
503014
503015
503016
503017
503018
503019
503020
503021
503022
503023
503101
503102
503103
503104
503105
503106
503107
503129
503130
503131
503132
503133
503134
503135
503136
503137
503138
503139
503140
503141
503142
503143
503144
503145
503146
503147
503148
503149
503332
503333
503334
503335
503336
503337
503338
503374
503375
503376
503377
503378
503379
503380
503381
503382
503383
503384
503385
503386
503387
503465
503466
503467
503468
503469
503470
503471
503493
503494
503495
503496
503497
503498
503499
503500
503501
503502
503503
503504
503505
503506
503507
503508
503509
503510
503511
503512
503513
503696
503697
503698
503699
503700
503701
503702
503738
503739
503740
503741
503742
503743
503744
503745
503746
503747
503748
503749
503750
503751
503829
503830
503831
503832
503833
503834
503835
503857
503858
503859
503860
503861
503862
503863
503864
503865
503866
503867
503868
503869
503870
503871
503872
503873
503874
503875
503876
503877
504060
504061
504062
504063
504064
504065
504066
504102
504103
504104
504105
504106
504107
504108
504109
504110
504111
504112
504113
504114
504115
504193
504194
504195
504196
504197
504198
504199
504221
504222
504223
504224
504225
504226
504227
504228
504229
504230
504231
504232
504233
504234
504235
504236
504237
504238
504239
504240
504241
504424
504425
504426
504427
504428
504429
504430
504466
504467
504468
504469
504470
504471
504472
504473
504474
504475
504476
504477
504478
504479
504557
504558
504559
504560
504561
504562
504563
504585
504586
504587
504588
504589
504590
504591
504592
504593
504594
504595
504596
504597
504598
504599
504600
504601
504602
504603
504604
504605
504788
504789
504790
504791
504792
504793
504794
504830
504831
504832
504833
504834
504835
504836
504837
504838
504839
504840
504841
504842
504843
504921
504922
504923
504924
504925
504926
504927
504949
504950
504951
504952
504953
504954
504955
504956
504957
504958
504959
504960
504961
504962
504963
504964
504965
504966
504967
504968
504969
505152
505153
505154
505155
505156
505157
505158
505194
505195
505196
505197
505198
505199
505200
505201
505202
505203
505204
505205
505206
505207
505285
505286
505287
505288
505289
505290
505291
505313
505314
505315
505316
505317
505318
505319
505320
505321
505322
505323
505324
505325
505326
505327
505328
505329
505330
505331
505332
505333
505516
505517
505518
505519
505520
505521
505522
505558
505559
505560
505561
505562
505563
505564
505565
505566
505567
505568
505569
505570
505571
505649
505650
505651
505652
505653
505654
505655
505677
505678
505679
505680
505681
505682
505683
505684
505685
505686
505687
505688
505689
505690
505691
505692
505693
505694
505695
505696
505697
505880
505881
505882
505883
505884
505885
505886
505922
505923
505924
505925
505926
505927
505928
505929
505930
505931
505932
505933
505934
505935
506013
506014
506015
506016
506017
506018
506019
506041
506042
506043
506044
506045
506046
506047
506048
506049
506050
506051
506052
506053
506054
506055
506056
506057
506058
506059
506060
506061
506244
506245
506246
506247
506248
506249
506250
506286
506287
506288
506289
506290
506291
506292
506293
506294
506295
506296
506297
506298
506299
506377
506378
506379
506380
506381
506382
506383
506405
506406
506407
506408
506409
506410
506411
506412
506413
506414
506415
506416
506417
506418
506419
506420
506421
506422
506423
506424
506425
506608
506609
506610
506611
506612
506613
506614
506650
506651
506652
506653
506654
506655
506656
506657
506658
506659
506660
506661
506662
506663
506741
506742
506743
506744
506745
506746
506747
506769
506770
506771
506772
506773
506774
506775
506776
506777
506778
506779
506780
506781
506782
506783
506784
506785
506786
506787
506788
506789
506972
506973
506974
506975
506976
506977
506978
507014
507015
507016
507017
507018
507019
507020
507021
507022
507023
507024
507025
507026
507027
507105
507106
507107
507108
507109
507110
507111
507133
507134
507135
507136
507137
507138
507139
507140
507141
507142
507143
507144
507145
507146
507147
507148
507149
507150
507151
507152
507153
507336
507337
507338
507339
507340
507341
507342
507378
507379
507380
507381
507382
507383
507384
507385
507386
507387
507388
507389
507390
507391
507469
507470
507471
507472
507473
507474
507475
507497
507498
507499
507500
507501
507502
507503
507504
507505
507506
507507
507508
507509
507510
507511
507512
507513
507514
507515
507516
507517
507700
507701
507702
507703
507704
507705
507706
507742
507743
507744
507745
507746
507747
507748
507749
507750
507751
507752
507753
507754
507755
507833
507834
507835
507836
507837
507838
507839
507861
507862
507863
507864
507865
507866
507867
507868
507869
507870
507871
507872
507873
507874
507875
507876
507877
507878
507879
507880
507881
508064
508065
508066
508067
508068
508069
508070
508106
508107
508108
508109
508110
508111
508112
508113
508114
508115
508116
508117
508118
508119
508197
508198
508199
508200
508201
508202
508203
508225
508226
508227
508228
508229
508230
508231
508232
508233
508234
508235
508236
508237
508238
508239
508240
508241
508242
508243
508244
508245
508428
508429
508430
508431
508432
508433
508434
508470
508471
508472
508473
508474
508475
508476
508477
508478
508479
508480
508481
508482
508483
508561
508562
508563
508564
508565
508566
508567
508589
508590
508591
508592
508593
508594
508595
508596
508597
508598
508599
508600
508601
508602
508603
508604
508605
508606
508607
508608
508609
508792
508793
508794
508795
508796
508797
508798
508834
508835
508836
508837
508838
508839
508840
508841
508842
508843
508844
508845
508846
508847
508925
508926
508927
508928
508929
508930
508931
508953
508954
508955
508956
508957
508958
508959
508960
508961
508962
508963
508964
508965
508966
508967
508968
508969
508970
508971
508972
508973
509156
509157
509158
509159
509160
509161
509162
509198
509199
509200
509201
509202
509203
509204
509205
509206
509207
509208
509209
509210
509211
509289
509290
509291
509292
509293
509294
509295
509317
509318
509319
509320
509321
509322
509323
509324
509325
509326
509327
509328
509329
509330
509331
509332
509333
509334
509335
509336
509337
509520
509521
509522
509523
509524
509525
509526
509562
509563
509564
509565
509566
509567
509568
509569
509570
509571
509572
509573
509574
509575
509653
509654
509655
509656
509657
509658
509659
509681
509682
509683
509684
509685
509686
509687
509688
509689
509690
509691
509692
509693
509694
509695
509696
509697
509698
509699
509700
509701
509884
509885
509886
509887
509888
509889
509890
509926
509927
509928
509929
509930
509931
509932
509933
509934
509935
509936
509937
509938
509939
510017
510018
510019
510020
510021
510022
510023
510045
510046
510047
510048
510049
510050
510051
510052
510053
510054
510055
510056
510057
510058
510059
510060
510061
510062
510063
510064
510065
510248
510249
510250
510251
510252
510253
510254
510290
510291
510292
510293
510294
510295
510296
510297
510298
510299
510300
510301
510302
510303
510381
510382
510383
510384
510385
510386
510387
510409
510410
510411
510412
510413
510414
510415
510416
510417
510418
510419
510420
510421
510422
510423
510424
510425
510426
510427
510428
510429
510612
510613
510614
510615
510616
510617
510618
510654
510655
510656
510657
510658
510659
510660
510661
510662
510663
510664
510665
510666
510667
510745
510746
510747
510748
510749
510750
510751
510773
510774
510775
510776
510777
510778
510779
510780
510781
510782
510783
510784
510785
510786
510787
510788
510789
510790
510791
510792
510793
510976
510977
510978
510979
510980
510981
510982
511018
511019
511020
511021
511022
511023
511024
511025
511026
511027
511028
511029
511030
511031
511109
511110
511111
511112
511113
511114
511115
511137
511138
511139
511140
511141
511142
511143
511144
511145
511146
511147
511148
511149
511150
511151
511152
511153
511154
511155
511156
511157
511340
511341
511342
511343
511344
511345
511346
511382
511383
511384
511385
511386
511387
511388
511389
511390
511391
511392
511393
511394
511395
511473
511474
511475
511476
511477
511478
511479
511501
511502
511503
511504
511505
511506
511507
511508
511509
511510
511511
511512
511513
511514
511515
511516
511517
511518
511519
511520
511521
511704
511705
511706
511707
511708
511709
511710
511746
511747
511748
511749
511750
511751
511752
511753
511754
511755
511756
511757
511758
511759
511837
511838
511839
511840
511841
511842
511843
511865
511866
511867
511868
511869
511870
511871
511872
511873
511874
511875
511876
511877
511878
511879
511880
511881
511882
511883
511884
511885
512068
512069
512070
512071
512072
512073
512074
512110
512111
512112
512113
512114
512115
512116
512117
512118
512119
512120
512121
512122
512123
512201
512202
512203
512204
512205
512206
512207
512229
512230
512231
512232
512233
512234
512235
512236
512237
512238
512239
512240
512241
512242
512243
512244
512245
512246
512247
512248
512249
512432
512433
512434
512435
512436
512437
512438
512474
512475
512476
512477
512478
512479
512480
512481
512482
512483
512484
512485
512486
512487
512565
512566
512567
512568
512569
512570
512571
512593
512594
512595
512596
512597
512598
512599
512600
512601
512602
512603
512604
512605
512606
512607
512608
512609
512610
512611
512612
512613
512796
512797
512798
512799
512800
512801
512802
512838
512839
512840
512841
512842
512843
512844
512845
512846
512847
512848
512849
512850
512851
512929
512930
512931
512932
512933
512934
512935
512957
512958
512959
512960
512961
512962
512963
512964
512965
512966
512967
512968
512969
512970
512971
512972
512973
512974
512975
512976
512977
513160
513161
513162
513163
513164
513165
513166
513202
513203
513204
513205
513206
513207
513208
513209
513210
513211
513212
513213
513214
513215
513293
513294
513295
513296
513297
513298
513299
513321
513322
513323
513324
513325
513326
513327
513328
513329
513330
513331
513332
513333
513334
513335
513336
513337
513338
513339
513340
513341
513524
513525
513526
513527
513528
513529
513530
513566
513567
513568
513569
513570
513571
513572
513573
513574
513575
513576
513577
513578
513579
513657
513658
513659
513660
513661
513662
513663
513685
513686
513687
513688
513689
513690
513691
513692
513693
513694
513695
513696
513697
513698
513699
513700
513701
513702
513703
513704
513705
513888
513889
513890
513891
513892
513893
513894
513930
513931
513932
513933
513934
513935
513936
513937
513938
513939
513940
513941
513942
513943
514021
514022
514023
514024
514025
514026
514027
514049
514050
514051
514052
514053
514054
514055
514056
514057
514058
514059
514060
514061
514062
514063
514064
514065
514066
514067
514068
514069
514252
514253
514254
514255
514256
514257
514258
514294
514295
514296
514297
514298
514299
514300
514301
514302
514303
514304
514305
514306
514307
514385
514386
514387
514388
514389
514390
514391
514413
514414
514415
514416
514417
514418
514419
514420
514421
514422
514423
514424
514425
514426
514427
514428
514429
514430
514431
514432
514433
514616
514617
514618
514619
514620
514621
514622
514658
514659
514660
514661
514662
514663
514664
514665
514666
514667
514668
514669
514670
514671
514749
514750
514751
514752
514753
514754
514755
514777
514778
514779
514780
514781
514782
514783
514784
514785
514786
514787
514788
514789
514790
514791
514792
514793
514794
514795
514796
514797
514980
514981
514982
514983
514984
514985
514986
515022
515023
515024
515025
515026
515027
515028
515029
515030
515031
515032
515033
515034
515035
515113
515114
515115
515116
515117
515118
515119
515141
515142
515143
515144
515145
515146
515147
515148
515149
515150
515151
515152
515153
515154
515155
515156
515157
515158
515159
515160
515161
515344
515345
515346
515347
515348
515349
515350
515386
515387
515388
515389
515390
515391
515392
515393
515394
515395
515396
515397
515398
515399
515477
515478
515479
515480
515481
515482
515483
515505
515506
515507
515508
515509
515510
515511
515512
515513
515514
515515
515516
515517
515518
515519
515520
515521
515522
515523
515524
515525
515708
515709
515710
515711
515712
515713
515714
515750
515751
515752
515753
515754
515755
515756
515757
515758
515759
515760
515761
515762
515763
515841
515842
515843
515844
515845
515846
515847
515869
515870
515871
515872
515873
515874
515875
515876
515877
515878
515879
515880
515881
515882
515883
515884
515885
515886
515887
515888
515889
516072
516073
516074
516075
516076
516077
516078
516114
516115
516116
516117
516118
516119
516120
516121
516122
516123
516124
516125
516126
516127
516205
516206
516207
516208
516209
516210
516211
516233
516234
516235
516236
516237
516238
516239
516240
516241
516242
516243
516244
516245
516246
516247
516248
516249
516250
516251
516252
516253
516436
516437
516438
516439
516440
516441
516442
516478
516479
516480
516481
516482
516483
516484
516485
516486
516487
516488
516489
516490
516491
516569
516570
516571
516572
516573
516574
516575
516597
516598
516599
516600
516601
516602
516603
516604
516605
516606
516607
516608
516609
516610
516611
516612
516613
516614
516615
516616
516617
516800
516801
516802
516803
516804
516805
516806
516842
516843
516844
516845
516846
516847
516848
516849
516850
516851
516852
516853
516854
516855
516933
516934
516935
516936
516937
516938
516939
516961
516962
516963
516964
516965
516966
516967
516968
516969
516970
516971
516972
516973
516974
516975
516976
516977
516978
516979
516980
516981
517164
517165
517166
517167
517168
517169
517170
517206
517207
517208
517209
517210
517211
517212
517213
517214
517215
517216
517217
517218
517219
517297
517298
517299
517300
517301
517302
517303
517325
517326
517327
517328
517329
517330
517331
517332
517333
517334
517335
517336
517337
517338
517339
517340
517341
517342
517343
517344
517345
517528
517529
517530
517531
517532
517533
517534
517570
517571
517572
517573
517574
517575
517576
517577
517578
517579
517580
517581
517582
517583
517661
517662
517663
517664
517665
517666
517667
517689
517690
517691
517692
517693
517694
517695
517696
517697
517698
517699
517700
517701
517702
517703
517704
517705
517706
517707
517708
517709
517892
517893
517894
517895
517896
517897
517898
517934
517935
517936
517937
517938
517939
517940
517941
517942
517943
517944
517945
517946
517947
518025
518026
518027
518028
518029
518030
518031
518053
518054
518055
518056
518057
518058
518059
518060
518061
518062
518063
518064
518065
518066
518067
518068
518069
518070
518071
518072
518073
518256
518257
518258
518259
518260
518261
518262
518298
518299
518300
518301
518302
518303
518304
518305
518306
518307
518308
518309
518310
518311
518389
518390
518391
518392
518393
518394
518395
518417
518418
518419
518420
518421
518422
518423
518424
518425
518426
518427
518428
518429
518430
518431
518432
518433
518434
518435
518436
518437
518620
518621
518622
518623
518624
518625
518626
518662
518663
518664
518665
518666
518667
518668
518669
518670
518671
518672
518673
518674
518675
518753
518754
518755
518756
518757
518758
518759
518781
518782
518783
518784
518785
518786
518787
518788
518789
518790
518791
518792
518793
518794
518795
518796
518797
518798
518799
518800
518801
518984
518985
518986
518987
518988
518989
518990
519026
519027
519028
519029
519030
519031
519032
519033
519034
519035
519036
519037
519038
519039
519117
519118
519119
519120
519121
519122
519123
519145
519146
519147
519148
519149
519150
519151
519152
519153
519154
519155
519156
519157
519158
519159
519160
519161
519162
519163
519164
519165
519348
519349
519350
519351
519352
519353
519354
519390
519391
519392
519393
519394
519395
519396
519397
519398
519399
519400
519401
519402
519403
519481
519482
519483
519484
519485
519486
519487
519509
519510
519511
519512
519513
519514
519515
519516
519517
519518
519519
519520
519521
519522
519523
519524
519525
519526
519527
519528
519529
519712
519713
519714
519715
519716
519717
519718
519754
519755
519756
519757
519758
519759
519760
519761
519762
519763
519764
519765
519766
519767
519845
519846
519847
519848
519849
519850
519851
519873
519874
519875
519876
519877
519878
519879
519880
519881
519882
519883
519884
519885
519886
519887
519888
519889
519890
519891
519892
519893
520076
520077
520078
520079
520080
520081
520082
520118
520119
520120
520121
520122
520123
520124
520125
520126
520127
520128
520129
520130
520131
520209
520210
520211
520212
520213
520214
520215
520237
520238
520239
520240
520241
520242
520243
520244
520245
520246
520247
520248
520249
520250
520251
520252
520253
520254
520255
520256
520257
520440
520441
520442
520443
520444
520445
520446
520482
520483
520484
520485
520486
520487
520488
520489
520490
520491
520492
520493
520494
520495
520573
520574
520575
520576
520577
520578
520579
520601
520602
520603
520604
520605
520606
520607
520608
520609
520610
520611
520612
520613
520614
520615
520616
520617
520618
520619
520620
520621
520804
520805
520806
520807
520808
520809
520810
520846
520847
520848
520849
520850
520851
520852
520853
520854
520855
520856
520857
520858
520859
520937
520938
520939
520940
520941
520942
520943
520965
520966
520967
520968
520969
520970
520971
520972
520973
520974
520975
520976
520977
520978
520979
520980
520981
520982
520983
520984
520985
521168
521169
521170
521171
521172
521173
521174
521210
521211
521212
521213
521214
521215
521216
521217
521218
521219
521220
521221
521222
521223
521301
521302
521303
521304
521305
521306
521307
521329
521330
521331
521332
521333
521334
521335
521336
521337
521338
521339
521340
521341
521342
521343
521344
521345
521346
521347
521348
521349
521532
521533
521534
521535
521536
521537
521538
521574
521575
521576
521577
521578
521579
521580
521581
521582
521583
521584
521585
521586
521587
521665
521666
521667
521668
521669
521670
521671
521693
521694
521695
521696
521697
521698
521699
521700
521701
521702
521703
521704
521705
521706
521707
521708
521709
521710
521711
521712
521713
521896
521897
521898
521899
521900
521901
521902
521938
521939
521940
521941
521942
521943
521944
521945
521946
521947
521948
521949
521950
521951
522029
522030
522031
522032
522033
522034
522035
522057
522058
522059
522060
522061
522062
522063
522064
522065
522066
522067
522068
522069
522070
522071
522072
522073
522074
522075
522076
522077
522260
522261
522262
522263
522264
522265
522266
522302
522303
522304
522305
522306
522307
522308
522309
522310
522311
522312
522313
522314
522315
522393
522394
522395
522396
522397
522398
522399
522421
522422
522423
522424
522425
522426
522427
522428
522429
522430
522431
522432
522433
522434
522435
522436
522437
522438
522439
522440
522441
522624
522625
522626
522627
522628
522629
522630
522666
522667
522668
522669
522670
522671
522672
522673
522674
522675
522676
522677
522678
522679
522757
522758
522759
522760
522761
522762
522763
522785
522786
522787
522788
522789
522790
522791
522792
522793
522794
522795
522796
522797
522798
522799
522800
522801
522802
522803
522804
522805
522988
522989
522990
522991
522992
522993
522994
523030
523031
523032
523033
523034
523035
523036
523037
523038
523039
523040
523041
523042
523043
523121
523122
523123
523124
523125
523126
523127
523149
523150
523151
523152
523153
523154
523155
523156
523157
523158
523159
523160
523161
523162
523163
523164
523165
523166
523167
523168
523169
523352
523353
523354
523355
523356
523357
523358
523394
523395
523396
523397
523398
523399
523400
523401
523402
523403
523404
523405
523406
523407
523485
523486
523487
523488
523489
523490
523491
523513
523514
523515
523516
523517
523518
523519
523520
523521
523522
523523
523524
523525
523526
523527
523528
523529
523530
523531
523532
523533
523716
523717
523718
523719
523720
523721
523722
523758
523759
523760
523761
523762
523763
523764
523765
523766
523767
523768
523769
523770
523771
523849
523850
523851
523852
523853
523854
523855
523877
523878
523879
523880
523881
523882
523883
523884
523885
523886
523887
523888
523889
523890
523891
523892
523893
523894
523895
523896
523897
524080
524081
524082
524083
524084
524085
524086
524122
524123
524124
524125
524126
524127
524128
524129
524130
524131
524132
524133
524134
524135
524213
524214
524215
524216
524217
524218
524219
524241
524242
524243
524244
524245
524246
524247
524248
524249
524250
524251
524252
524253
524254
524255
524256
524257
524258
524259
524260
524261
524444
524445
524446
524447
524448
524449
524450
524486
524487
524488
524489
524490
524491
524492
524493
524494
524495
524496
524497
524498
524499
524577
524578
524579
524580
524581
524582
524583
524605
524606
524607
524608
524609
524610
524611
524612
524613
524614
524615
524616
524617
524618
524619
524620
524621
524622
524623
524624
524625
524808
524809
524810
524811
524812
524813
524814
524850
524851
524852
524853
524854
524855
524856
524857
524858
524859
524860
524861
524862
524863
524941
524942
524943
524944
524945
524946
524947
524969
524970
524971
524972
524973
524974
524975
524976
524977
524978
524979
524980
524981
524982
524983
524984
524985
524986
524987
524988
524989
525172
525173
525174
525175
525176
525177
525178
525214
525215
525216
525217
525218
525219
525220
525221
525222
525223
525224
525225
525226
525227
525305
525306
525307
525308
525309
525310
525311
525333
525334
525335
525336
525337
525338
525339
525340
525341
525342
525343
525344
525345
525346
525347
525348
525349
525350
525351
525352
525353
525536
525537
525538
525539
525540
525541
525542
525578
525579
525580
525581
525582
525583
525584
525585
525586
525587
525588
525589
525590
525591
525669
525670
525671
525672
525673
525674
525675
525697
525698
525699
525700
525701
525702
525703
525704
525705
525706
525707
525708
525709
525710
525711
525712
525713
525714
525715
525716
525717
525900
525901
525902
525903
525904
525905
525906
525942
525943
525944
525945
525946
525947
525948
525949
525950
525951
525952
525953
525954
525955
526033
526034
526035
526036
526037
526038
526039
526061
526062
526063
526064
526065
526066
526067
526068
526069
526070
526071
526072
526073
526074
526075
526076
526077
526078
526079
526080
526081
526264
526265
526266
526267
526268
526269
526270
526306
526307
526308
526309
526310
526311
526312
526313
526314
526315
526316
526317
526318
526319
526397
526398
526399
526400
526401
526402
526403
526425
526426
526427
526428
526429
526430
526431
526432
526433
526434
526435
526436
526437
526438
526439
526440
526441
526442
526443
526444
526445
526628
526629
526630
526631
526632
526633
526634
526670
526671
526672
526673
526674
526675
526676
526677
526678
526679
526680
526681
526682
526683
526761
526762
526763
526764
526765
526766
526767
526789
526790
526791
526792
526793
526794
526795
526796
526797
526798
526799
526800
526801
526802
526803
526804
526805
526806
526807
526808
526809
526992
526993
526994
526995
526996
526997
526998
527034
527035
527036
527037
527038
527039
527040
527041
527042
527043
527044
527045
527046
527047
527125
527126
527127
527128
527129
527130
527131
527153
527154
527155
527156
527157
527158
527159
527160
527161
527162
527163
527164
527165
527166
527167
527168
527169
527170
527171
527172
527173
527356
527357
527358
527359
527360
527361
527362
527398
527399
527400
527401
527402
527403
527404
527405
527406
527407
527408
527409
527410
527411
527489
527490
527491
527492
527493
527494
527495
527517
527518
527519
527520
527521
527522
527523
527524
527525
527526
527527
527528
527529
527530
527531
527532
527533
527534
527535
527536
527537
527720
527721
527722
527723
527724
527725
527726
527762
527763
527764
527765
527766
527767
527768
527769
527770
527771
527772
527773
527774
527775
527853
527854
527855
527856
527857
527858
527859
527881
527882
527883
527884
527885
527886
527887
527888
527889
527890
527891
527892
527893
527894
527895
527896
527897
527898
527899
527900
527901
528084
528085
528086
528087
528088
528089
528090
528126
528127
528128
528129
528130
528131
528132
528133
528134
528135
528136
528137
528138
528139
528217
528218
528219
528220
528221
528222
528223
528245
528246
528247
528248
528249
528250
528251
528252
528253
528254
528255
528256
528257
528258
528259
528260
528261
528262
528263
528264
528265
528448
528449
528450
528451
528452
528453
528454
528490
528491
528492
528493
528494
528495
528496
528497
528498
528499
528500
528501
528502
528503
528581
528582
528583
528584
528585
528586
528587
528609
528610
528611
528612
528613
528614
528615
528616
528617
528618
528619
528620
528621
528622
528623
528624
528625
528626
528627
528628
528629
528812
528813
528814
528815
528816
528817
528818
528854
528855
528856
528857
528858
528859
528860
528861
528862
528863
528864
528865
528866
528867
528945
528946
528947
528948
528949
528950
528951
528973
528974
528975
528976
528977
528978
528979
528980
528981
528982
528983
528984
528985
528986
528987
528988
528989
528990
528991
528992
528993
529176
529177
529178
529179
529180
529181
529182
529218
529219
529220
529221
529222
529223
529224
529225
529226
529227
529228
529229
529230
529231
529309
529310
529311
529312
529313
529314
529315
529337
529338
529339
529340
529341
529342
529343
529344
529345
529346
529347
529348
529349
529350
529351
529352
529353
529354
529355
529356
529357
529540
529541
529542
529543
529544
529545
529546
529582
529583
529584
529585
529586
529587
529588
529589
529590
529591
529592
529593
529594
529595
529673
529674
529675
529676
529677
529678
529679
529701
529702
529703
529704
529705
529706
529707
529708
529709
529710
529711
529712
529713
529714
529715
529716
529717
529718
529719
529720
529721
529904
529905
529906
529907
529908
529909
529910
529946
529947
529948
529949
529950
529951
529952
529953
529954
529955
529956
529957
529958
529959
530037
530038
530039
530040
530041
530042
530043
530065
530066
530067
530068
530069
530070
530071
530072
530073
530074
530075
530076
530077
530078
530079
530080
530081
530082
530083
530084
530085
530268
530269
530270
530271
530272
530273
530274
530310
530311
530312
530313
530314
530315
530316
530317
530318
530319
530320
530321
530322
530323
530401
530402
530403
530404
530405
530406
530407
530429
530430
530431
530432
530433
530434
530435
530436
530437
530438
530439
530440
530441
530442
530443
530444
530445
530446
530447
530448
530449
530632
530633
530634
530635
530636
530637
530638
530674
530675
530676
530677
530678
530679
530680
530681
530682
530683
530684
530685
530686
530687
530765
530766
530767
530768
530769
530770
530771
530793
530794
530795
530796
530797
530798
530799
530800
530801
530802
530803
530804
530805
530806
530807
530808
530809
530810
530811
530812
530813
530996
530997
530998
530999
531000
531001
531002
531038
531039
531040
531041
531042
531043
531044
531045
531046
531047
531048
531049
531050
531051
531129
531130
531131
531132
531133
531134
531135
531157
531158
531159
531160
531161
531162
531163
531164
531165
531166
531167
531168
531169
531170
531171
531172
531173
531174
531175
531176
531177
531360
531361
531362
531363
531364
531365
531366
531402
531403
531404
531405
531406
531407
531408
531409
531410
531411
531412
531413
531414
531415
531493
531494
531495
531496
531497
531498
531499
531521
531522
531523
531524
531525
531526
531527
531528
531529
531530
531531
531532
531533
531534
531535
531536
531537
531538
531539
531540
531541
531724
531725
531726
531727
531728
531729
531730
531766
531767
531768
531769
531770
531771
531772
531773
531774
531775
531776
531777
531778
531779
531857
531858
531859
531860
531861
531862
531863
531885
531886
531887
531888
531889
531890
531891
531892
531893
531894
531895
531896
531897
531898
531899
531900
531901
531902
531903
531904
531905
532088
532089
532090
532091
532092
532093
532094
532130
532131
532132
532133
532134
532135
532136
532137
532138
532139
532140
532141
532142
532143
532221
532222
532223
532224
532225
532226
532227
532249
532250
532251
532252
532253
532254
532255
532256
532257
532258
532259
532260
532261
532262
532263
532264
532265
532266
532267
532268
532269
532452
532453
532454
532455
532456
532457
532458
532494
532495
532496
532497
532498
532499
532500
532501
532502
532503
532504
532505
532506
532507
532585
532586
532587
532588
532589
532590
532591
532613
532614
532615
532616
532617
532618
532619
532620
532621
532622
532623
532624
532625
532626
532627
532628
532629
532630
532631
532632
532633
532816
532817
532818
532819
532820
532821
532822
532858
532859
532860
532861
532862
532863
532864
532865
532866
532867
532868
532869
532870
532871
532949
532950
532951
532952
532953
532954
532955
532977
532978
532979
532980
532981
532982
532983
532984
532985
532986
532987
532988
532989
532990
532991
532992
532993
532994
532995
532996
532997
533180
533181
533182
533183
533184
533185
533186
533222
533223
533224
533225
533226
533227
533228
533229
533230
533231
533232
533233
533234
533235
533313
533314
533315
533316
533317
533318
533319
533341
533342
533343
533344
533345
533346
533347
533348
533349
533350
533351
533352
533353
533354
533355
533356
533357
533358
533359
533360
533361
533544
533545
533546
533547
533548
533549
533550
533586
533587
533588
533589
533590
533591
533592
533593
533594
533595
533596
533597
533598
533599
533677
533678
533679
533680
533681
533682
533683
533705
533706
533707
533708
533709
533710
533711
533712
533713
533714
533715
533716
533717
533718
533719
533720
533721
533722
533723
533724
533725
533908
533909
533910
533911
533912
533913
533914
533950
533951
533952
533953
533954
533955
533956
533957
533958
533959
533960
533961
533962
533963
534041
534042
534043
534044
534045
534046
534047
534069
534070
534071
534072
534073
534074
534075
534076
534077
534078
534079
534080
534081
534082
534083
534084
534085
534086
534087
534088
534089
534272
534273
534274
534275
534276
534277
534278
534314
534315
534316
534317
534318
534319
534320
534321
534322
534323
534324
534325
534326
534327
534405
534406
534407
534408
534409
534410
534411
534433
534434
534435
534436
534437
534438
534439
534440
534441
534442
534443
534444
534445
534446
534447
534448
534449
534450
534451
534452
534453
534636
534637
534638
534639
534640
534641
534642
534678
534679
534680
534681
534682
534683
534684
534685
534686
534687
534688
534689
534690
534691
534769
534770
534771
534772
534773
534774
534775
534797
534798
534799
534800
534801
534802
534803
534804
534805
534806
534807
534808
534809
534810
534811
534812
534813
534814
534815
534816
534817
535000
535001
535002
535003
535004
535005
535006
535042
535043
535044
535045
535046
535047
535048
535049
535050
535051
535052
535053
535054
535055
535133
535134
535135
535136
535137
535138
535139
535161
535162
535163
535164
535165
535166
535167
535168
535169
535170
535171
535172
535173
535174
535175
535176
535177
535178
535179
535180
535181
535364
535365
535366
535367
535368
535369
535370
535406
535407
535408
535409
535410
535411
535412
535413
535414
535415
535416
535417
535418
535419
535497
535498
535499
535500
535501
535502
535503
535525
535526
535527
535528
535529
535530
535531
535532
535533
535534
535535
535536
535537
535538
535539
535540
535541
535542
535543
535544
535545
535728
535729
535730
535731
535732
535733
535734
535770
535771
535772
535773
535774
535775
535776
535777
535778
535779
535780
535781
535782
535783
535861
535862
535863
535864
535865
535866
535867
535889
535890
535891
535892
535893
535894
535895
535896
535897
535898
535899
535900
535901
535902
535903
535904
535905
535906
535907
535908
535909
536092
536093
536094
536095
536096
536097
536098
536134
536135
536136
536137
536138
536139
536140
536141
536142
536143
536144
536145
536146
536147
536225
536226
536227
536228
536229
536230
536231
536253
536254
536255
536256
536257
536258
536259
536260
536261
536262
536263
536264
536265
536266
536267
536268
536269
536270
536271
536272
536273
536456
536457
536458
536459
536460
536461
536462
536498
536499
536500
536501
536502
536503
536504
536505
536506
536507
536508
536509
536510
536511
536589
536590
536591
536592
536593
536594
536595
536617
536618
536619
536620
536621
536622
536623
536624
536625
536626
536627
536628
536629
536630
536631
536632
536633
536634
536635
536636
536637
536820
536821
536822
536823
536824
536825
536826
536862
536863
536864
536865
536866
536867
536868
536869
536870
536871
536872
536873
536874
536875
536953
536954
536955
536956
536957
536958
536959
536981
536982
536983
536984
536985
536986
536987
536988
536989
536990
536991
536992
536993
536994
536995
536996
536997
536998
536999
537000
537001
537184
537185
537186
537187
537188
537189
537190
537226
537227
537228
537229
537230
537231
537232
537233
537234
537235
537236
537237
537238
537239
537317
537318
537319
537320
537321
537322
537323
537345
537346
537347
537348
537349
537350
537351
537352
537353
537354
537355
537356
537357
537358
537359
537360
537361
537362
537363
537364
537365
537548
537549
537550
537551
537552
537553
537554
537590
537591
537592
537593
537594
537595
537596
537597
537598
537599
537600
537601
537602
537603
537681
537682
537683
537684
537685
537686
537687
537709
537710
537711
537712
537713
537714
537715
537716
537717
537718
537719
537720
537721
537722
537723
537724
537725
537726
537727
537728
537729
537912
537913
537914
537915
537916
537917
537918
537954
537955
537956
537957
537958
537959
537960
537961
537962
537963
537964
537965
537966
537967
538045
538046
538047
538048
538049
538050
538051
538073
538074
538075
538076
538077
538078
538079
538080
538081
538082
538083
538084
538085
538086
538087
538088
538089
538090
538091
538092
538093
538276
538277
538278
538279
538280
538281
538282
538318
538319
538320
538321
538322
538323
538324
538325
538326
538327
538328
538329
538330
538331
538409
538410
538411
538412
538413
538414
538415
538437
538438
538439
538440
538441
538442
538443
538444
538445
538446
538447
538448
538449
538450
538451
538452
538453
538454
538455
538456
538457
538640
538641
538642
538643
538644
538645
538646
538682
538683
538684
538685
538686
538687
538688
538689
538690
538691
538692
538693
538694
538695
538773
538774
538775
538776
538777
538778
538779
538801
538802
538803
538804
538805
538806
538807
538808
538809
538810
538811
538812
538813
538814
538815
538816
538817
538818
538819
538820
538821
539004
539005
539006
539007
539008
539009
539010
539046
539047
539048
539049
539050
539051
539052
539053
539054
539055
539056
539057
539058
539059
539137
539138
539139
539140
539141
539142
539143
539165
539166
539167
539168
539169
539170
539171
539172
539173
539174
539175
539176
539177
539178
539179
539180
539181
539182
539183
539184
539185
539368
539369
539370
539371
539372
539373
539374
539410
539411
539412
539413
539414
539415
539416
539417
539418
539419
539420
539421
539422
539423
539501
539502
539503
539504
539505
539506
539507
539529
539530
539531
539532
539533
539534
539535
539536
539537
539538
539539
539540
539541
539542
539543
539544
539545
539546
539547
539548
539549
539732
539733
539734
539735
539736
539737
539738
539774
539775
539776
539777
539778
539779
539780
539781
539782
539783
539784
539785
539786
539787
539865
539866
539867
539868
539869
539870
539871
539893
539894
539895
539896
539897
539898
539899
539900
539901
539902
539903
539904
539905
539906
539907
539908
539909
539910
539911
539912
539913
540096
540097
540098
540099
540100
540101
540102
540138
540139
540140
540141
540142
540143
540144
540145
540146
540147
540148
540149
540150
540151
540229
540230
540231
540232
540233
540234
540235
540257
540258
540259
540260
540261
540262
540263
540264
540265
540266
540267
540268
540269
540270
540271
540272
540273
540274
540275
540276
540277
540460
540461
540462
540463
540464
540465
540466
540502
540503
540504
540505
540506
540507
540508
540509
540510
540511
540512
540513
540514
540515
540593
540594
540595
540596
540597
540598
540599
540621
540622
540623
540624
540625
540626
540627
540628
540629
540630
540631
540632
540633
540634
540635
540636
540637
540638
540639
540640
540641
540824
540825
540826
540827
540828
540829
540830
540866
540867
540868
540869
540870
540871
540872
540873
540874
540875
540876
540877
540878
540879
540957
540958
540959
540960
540961
540962
540963
540985
540986
540987
540988
540989
540990
540991
540992
540993
540994
540995
540996
540997
540998
540999
541000
541001
541002
541003
541004
541005
541188
541189
541190
541191
541192
541193
541194
541230
541231
541232
541233
541234
541235
541236
541237
541238
541239
541240
541241
541242
541243
541321
541322
541323
541324
541325
541326
541327
541349
541350
541351
541352
541353
541354
541355
541356
541357
541358
541359
541360
541361
541362
541363
541364
541365
541366
541367
541368
541369
541552
541553
541554
541555
541556
541557
541558
541594
541595
541596
541597
541598
541599
541600
541601
541602
541603
541604
541605
541606
541607
541685
541686
541687
541688
541689
541690
541691
541713
541714
541715
541716
541717
541718
541719
541720
541721
541722
541723
541724
541725
541726
541727
541728
541729
541730
541731
541732
541733
541916
541917
541918
541919
541920
541921
541922
541958
541959
541960
541961
541962
541963
541964
541965
541966
541967
541968
541969
541970
541971
542049
542050
542051
542052
542053
542054
542055
542077
542078
542079
542080
542081
542082
542083
542084
542085
542086
542087
542088
542089
542090
542091
542092
542093
542094
542095
542096
542097
542280
542281
542282
542283
542284
542285
542286
542322
542323
542324
542325
542326
542327
542328
542329
542330
542331
542332
542333
542334
542335
542413
542414
542415
542416
542417
542418
542419
542441
542442
542443
542444
542445
542446
542447
542448
542449
542450
542451
542452
542453
542454
542455
542456
542457
542458
542459
542460
542461
542644
542645
542646
542647
542648
542649
542650
542686
542687
542688
542689
542690
542691
542692
542693
542694
542695
542696
542697
542698
542699
542777
542778
542779
542780
542781
542782
542783
542805
542806
542807
542808
542809
542810
542811
542812
542813
542814
542815
542816
542817
542818
542819
542820
542821
542822
542823
542824
542825
543008
543009
543010
543011
543012
543013
543014
543050
543051
543052
543053
543054
543055
543056
543057
543058
543059
543060
543061
543062
543063
543141
543142
543143
543144
543145
543146
543147
543169
543170
543171
543172
543173
543174
543175
543176
543177
543178
543179
543180
543181
543182
543183
543184
543185
543186
543187
543188
543189
543372
543373
543374
543375
543376
543377
543378
543414
543415
543416
543417
543418
543419
543420
543421
543422
543423
543424
543425
543426
543427
543505
543506
543507
543508
543509
543510
543511
543533
543534
543535
543536
543537
543538
543539
543540
543541
543542
543543
543544
543545
543546
543547
543548
543549
543550
543551
543552
543553
543736
543737
543738
543739
543740
543741
543742
543778
543779
543780
543781
543782
543783
543784
543785
543786
543787
543788
543789
543790
543791
543869
543870
543871
543872
543873
543874
543875
543897
543898
543899
543900
543901
543902
543903
543904
543905
543906
543907
543908
543909
543910
543911
543912
543913
543914
543915
543916
543917
544100
544101
544102
544103
544104
544105
544106
544142
544143
544144
544145
544146
544147
544148
544149
544150
544151
544152
544153
544154
544155
544233
544234
544235
544236
544237
544238
544239
544261
544262
544263
544264
544265
544266
544267
544268
544269
544270
544271
544272
544273
544274
544275
544276
544277
544278
544279
544280
544281
544464
544465
544466
544467
544468
544469
544470
544506
544507
544508
544509
544510
544511
544512
544513
544514
544515
544516
544517
544518
544519
544597
544598
544599
544600
544601
544602
544603
544625
544626
544627
544628
544629
544630
544631
544632
544633
544634
544635
544636
544637
544638
544639
544640
544641
544642
544643
544644
544645
544828
544829
544830
544831
544832
544833
544834
544870
544871
544872
544873
544874
544875
544876
544877
544878
544879
544880
544881
544882
544883
544961
544962
544963
544964
544965
544966
544967
544989
544990
544991
544992
544993
544994
544995
544996
544997
544998
544999
545000
545001
545002
545003
545004
545005
545006
545007
545008
545009
545192
545193
545194
545195
545196
545197
545198
545234
545235
545236
545237
545238
545239
545240
545241
545242
545243
545244
545245
545246
545247
545325
545326
545327
545328
545329
545330
545331
545353
545354
545355
545356
545357
545358
545359
545360
545361
545362
545363
545364
545365
545366
545367
545368
545369
545370
545371
545372
545373
545556
545557
545558
545559
545560
545561
545562
545598
545599
545600
545601
545602
545603
545604
545605
545606
545607
545608
545609
545610
545611
545689
545690
545691
545692
545693
545694
545695
545717
545718
545719
545720
545721
545722
545723
545724
545725
545726
545727
545728
545729
545730
545731
545732
545733
545734
545735
545736
545737
545920
545921
545922
545923
545924
545925
545926
545962
545963
545964
545965
545966
545967
545968
545969
545970
545971
545972
545973
545974
545975
546053
546054
546055
546056
546057
546058
546059
546081
546082
546083
546084
546085
546086
546087
546088
546089
546090
546091
546092
546093
546094
546095
546096
546097
546098
546099
546100
546101
546313
546315
546316
546327
546328
546330
546333
546334
546335
546336
546337
546338
546339
546340
546341
546342
546343
546344
546345
546346
546347
546348
546349
546350
546351
546352
546353
546354
546355
546356
546357
546358
546359
546360
546396
546397
546398
546399
546400
546401
546402
546403
546404
546405
546406
546407
546408
546409
546410
546411
546412
546413
546414
546415
546416
546684
546686
546688
546698
546699
546701
546704
546705
546706
546707
546708
546709
546710
546711
546712
546713
546714
546715
546716
546717
546718
546719
546720
546721
546722
546723
546724
546725
546726
546727
546728
546729
546730
546731
546767
546768
546769
546770
546771
546772
546773
546774
546775
546776
546777
546778
546779
546780
546781
546782
546783
546784
546785
546786
546787
547055
547057
547059
547069
547070
547072
547075
547076
547077
547078
547079
547080
547081
547082
547083
547084
547085
547086
547087
547088
547089
547090
547091
547092
547093
547094
547095
547096
547097
547098
547099
547100
547101
547102
547138
547139
547140
547141
547142
547143
547144
547145
547146
547147
547148
547149
547150
547151
547152
547153
547154
547155
547156
547157
547158
547426
547428
547430
547440
547441
547443
547446
547447
547448
547449
547450
547451
547452
547453
547454
547455
547456
547457
547458
547459
547460
547461
547462
547463
547464
547465
547466
547467
547468
547469
547470
547471
547472
547473
547509
547510
547511
547512
547513
547514
547515
547516
547517
547518
547519
547520
547521
547522
547523
547524
547525
547526
547527
547528
547529
547797
547799
547801
547811
547812
547814
547817
547818
547819
547820
547821
547822
547823
547824
547825
547826
547827
547828
547829
547830
547831
547832
547833
547834
547835
547836
547837
547838
547839
547840
547841
547842
547843
547844
547880
547881
547882
547883
547884
547885
547886
547887
547888
547889
547890
547891
547892
547893
547894
547895
547896
547897
547898
547899
547900
548168
548170
548172
548182
548183
548185
548188
548189
548190
548191
548192
548193
548194
548195
548196
548197
548198
548199
548200
548201
548202
548203
548204
548205
548206
548207
548208
548209
548210
548211
548212
548213
548214
548215
548251
548252
548253
548254
548255
548256
548257
548258
548259
548260
548261
548262
548263
548264
548265
548266
548267
548268
548269
548270
548271
548539
548541
548543
548553
548554
548556
548559
548560
548561
548562
548563
548564
548565
548566
548567
548568
548569
548570
548571
548572
548573
548574
548575
548576
548577
548578
548579
548580
548581
548582
548583
548584
548585
548586
548622
548623
548624
548625
548626
548627
548628
548629
548630
548631
548632
548633
548634
548635
548636
548637
548638
548639
548640
548641
548642
548910
548912
548914
548924
548925
548927
548930
548931
548932
548933
548934
548935
548936
548937
548938
548939
548940
548941
548942
548943
548944
548945
548946
548947
548948
548949
548950
548951
548952
548953
548954
548955
548956
548957
548993
548994
548995
548996
548997
548998
548999
549000
549001
549002
549003
549004
549005
549006
549007
549008
549009
549010
549011
549012
549013
549281
549283
549285
549295
549296
549298
549301
549302
549303
549304
549305
549306
549307
549308
549309
549310
549311
549312
549313
549314
549315
549316
549317
549318
549319
549320
549321
549322
549323
549324
549325
549326
549327
549328
549364
549365
549366
549367
549368
549369
549370
549371
549372
549373
549374
549375
549376
549377
549378
549379
549380
549381
549382
549383
549384
549652
549654
549656
549666
549667
549669
549672
549673
549674
549675
549676
549677
549678
549679
549680
549681
549682
549683
549684
549685
549686
549687
549688
549689
549690
549691
549692
549693
549694
549695
549696
549697
549698
549699
549735
549736
549737
549738
549739
549740
549741
549742
549743
549744
549745
549746
549747
549748
549749
549750
549751
549752
549753
549754
549755
550023
550025
550027
550037
550038
550040
550043
550044
550045
550046
550047
550048
550049
550050
550051
550052
550053
550054
550055
550056
550057
550058
550059
550060
550061
550062
550063
550064
550065
550066
550067
550068
550069
550070
550106
550107
550108
550109
550110
550111
550112
550113
550114
550115
550116
550117
550118
550119
550120
550121
550122
550123
550124
550125
550126
550394
550396
550398
550408
550409
550411
550414
550415
550416
550417
550418
550419
550420
550421
550422
550423
550424
550425
550426
550427
550428
550429
550430
550431
550432
550433
550434
550435
550436
550437
550438
550439
550440
550441
550477
550478
550479
550480
550481
550482
550483
550484
550485
550486
550487
550488
550489
550490
550491
550492
550493
550494
550495
550496
550497
550765
550767
550769
550779
550780
550782
550785
550786
550787
550788
550789
550790
550791
550792
550793
550794
550795
550796
550797
550798
550799
550800
550801
550802
550803
550804
550805
550806
550807
550808
550809
550810
550811
550812
550848
550849
550850
550851
550852
550853
550854
550855
550856
550857
550858
550859
550860
550861
550862
550863
550864
550865
550866
550867
550868
551136
551138
551140
551150
551151
551153
551156
551157
551158
551159
551160
551161
551162
551163
551164
551165
551166
551167
551168
551169
551170
551171
551172
551173
551174
551175
551176
551177
551178
551179
551180
551181
551182
551183
551219
551220
551221
551222
551223
551224
551225
551226
551227
551228
551229
551230
551231
551232
551233
551234
551235
551236
551237
551238
551239
551507
551509
551511
551521
551522
551524
551527
551528
551529
551530
551531
551532
551533
551534
551535
551536
551537
551538
551539
551540
551541
551542
551543
551544
551545
551546
551547
551548
551549
551550
551551
551552
551553
551554
551590
551591
551592
551593
551594
551595
551596
551597
551598
551599
551600
551601
551602
551603
551604
551605
551606
551607
551608
551609
551610
551878
551880
551882
551892
551893
551895
551898
551899
551900
551901
551902
551903
551904
551905
551906
551907
551908
551909
551910
551911
551912
551913
551914
551915
551916
551917
551918
551919
551920
551921
551922
551923
551924
551925
551961
551962
551963
551964
551965
551966
551967
551968
551969
551970
551971
551972
551973
551974
551975
551976
551977
551978
551979
551980
551981
552249
552251
552253
552263
552264
552266
552269
552270
552271
552272
552273
552274
552275
552276
552277
552278
552279
552280
552281
552282
552283
552284
552285
552286
552287
552288
552289
552290
552291
552292
552293
552294
552295
552296
552332
552333
552334
552335
552336
552337
552338
552339
552340
552341
552342
552343
552344
552345
552346
552347
552348
552349
552350
552351
552352
552620
552622
552624
552634
552635
552637
552640
552641
552642
552643
552644
552645
552646
552647
552648
552649
552650
552651
552652
552653
552654
552655
552656
552657
552658
552659
552660
552661
552662
552663
552664
552665
552666
552667
552703
552704
552705
552706
552707
552708
552709
552710
552711
552712
552713
552714
552715
552716
552717
552718
552719
552720
552721
552722
552723
552991
552993
552995
553005
553006
553008
553011
553012
553013
553014
553015
553016
553017
553018
553019
553020
553021
553022
553023
553024
553025
553026
553027
553028
553029
553030
553031
553032
553033
553034
553035
553036
553037
553038
553074
553075
553076
553077
553078
553079
553080
553081
553082
553083
553084
553085
553086
553087
553088
553089
553090
553091
553092
553093
553094
553362
553364
553366
553376
553377
553379
553382
553383
553384
553385
553386
553387
553388
553389
553390
553391
553392
553393
553394
553395
553396
553397
553398
553399
553400
553401
553402
553403
553404
553405
553406
553407
553408
553409
553445
553446
553447
553448
553449
553450
553451
553452
553453
553454
553455
553456
553457
553458
553459
553460
553461
553462
553463
553464
553465
553733
553735
553737
553747
553748
553750
553753
553754
553755
553756
553757
553758
553759
553760
553761
553762
553763
553764
553765
553766
553767
553768
553769
553770
553771
553772
553773
553774
553775
553776
553777
553778
553779
553780
553816
553817
553818
553819
553820
553821
553822
553823
553824
553825
553826
553827
553828
553829
553830
553831
553832
553833
553834
553835
553836
554104
554106
554108
554118
554119
554121
554124
554125
554126
554127
554128
554129
554130
554131
554132
554133
554134
554135
554136
554137
554138
554139
554140
554141
554142
554143
554144
554145
554146
554147
554148
554149
554150
554151
554187
554188
554189
554190
554191
554192
554193
554194
554195
554196
554197
554198
554199
554200
554201
554202
554203
554204
554205
554206
554207
554475
554477
554479
554489
554490
554492
554495
554496
554497
554498
554499
554500
554501
554502
554503
554504
554505
554506
554507
554508
554509
554510
554511
554512
554513
554514
554515
554516
554517
554518
554519
554520
554521
554522
554558
554559
554560
554561
554562
554563
554564
554565
554566
554567
554568
554569
554570
554571
554572
554573
554574
554575
554576
554577
554578
554846
554848
554850
554860
554861
554863
554866
554867
554868
554869
554870
554871
554872
554873
554874
554875
554876
554877
554878
554879
554880
554881
554882
554883
554884
554885
554886
554887
554888
554889
554890
554891
554892
554893
554929
554930
554931
554932
554933
554934
554935
554936
554937
554938
554939
554940
554941
554942
554943
554944
554945
554946
554947
554948
554949
555217
555219
555221
555231
555232
555234
555237
555238
555239
555240
555241
555242
555243
555244
555245
555246
555247
555248
555249
555250
555251
555252
555253
555254
555255
555256
555257
555258
555259
555260
555261
555262
555263
555264
555300
555301
555302
555303
555304
555305
555306
555307
555308
555309
555310
555311
555312
555313
555314
555315
555316
555317
555318
555319
555320
555588
555590
555592
555602
555603
555605
555608
555609
555610
555611
555612
555613
555614
555615
555616
555617
555618
555619
555620
555621
555622
555623
555624
555625
555626
555627
555628
555629
555630
555631
555632
555633
555634
555635
555671
555672
555673
555674
555675
555676
555677
555678
555679
555680
555681
555682
555683
555684
555685
555686
555687
555688
555689
555690
555691
555959
555961
555963
555973
555974
555976
555979
555980
555981
555982
555983
555984
555985
555986
555987
555988
555989
555990
555991
555992
555993
555994
555995
555996
555997
555998
555999
556000
556001
556002
556003
556004
556005
556006
556042
556043
556044
556045
556046
556047
556048
556049
556050
556051
556052
556053
556054
556055
556056
556057
556058
556059
556060
556061
556062
556330
556332
556334
556344
556345
556347
556350
556351
556352
556353
556354
556355
556356
556357
556358
556359
556360
556361
556362
556363
556364
556365
556366
556367
556368
556369
556370
556371
556372
556373
556374
556375
556376
556377
556413
556414
556415
556416
556417
556418
556419
556420
556421
556422
556423
556424
556425
556426
556427
556428
556429
556430
556431
556432
556433
556701
556703
556705
556715
556716
556718
556721
556722
556723
556724
556725
556726
556727
556728
556729
556730
556731
556732
556733
556734
556735
556736
556737
556738
556739
556740
556741
556742
556743
556744
556745
556746
556747
556748
556784
556785
556786
556787
556788
556789
556790
556791
556792
556793
556794
556795
556796
556797
556798
556799
556800
556801
556802
556803
556804
557072
557074
557076
557086
557087
557089
557092
557093
557094
557095
557096
557097
557098
557099
557100
557101
557102
557103
557104
557105
557106
557107
557108
557109
557110
557111
557112
557113
557114
557115
557116
557117
557118
557119
557155
557156
557157
557158
557159
557160
557161
557162
557163
557164
557165
557166
557167
557168
557169
557170
557171
557172
557173
557174
557175
557443
557445
557447
557457
557458
557460
557463
557464
557465
557466
557467
557468
557469
557470
557471
557472
557473
557474
557475
557476
557477
557478
557479
557480
557481
557482
557483
557484
557485
557486
557487
557488
557489
557490
557526
557527
557528
557529
557530
557531
557532
557533
557534
557535
557536
557537
557538
557539
557540
557541
557542
557543
557544
557545
557546
557814
557816
557818
557828
557829
557831
557834
557835
557836
557837
557838
557839
557840
557841
557842
557843
557844
557845
557846
557847
557848
557849
557850
557851
557852
557853
557854
557855
557856
557857
557858
557859
557860
557861
557897
557898
557899
557900
557901
557902
557903
557904
557905
557906
557907
557908
557909
557910
557911
557912
557913
557914
557915
557916
557917
558185
558187
558189
558199
558200
558202
558205
558206
558207
558208
558209
558210
558211
558212
558213
558214
558215
558216
558217
558218
558219
558220
558221
558222
558223
558224
558225
558226
558227
558228
558229
558230
558231
558232
558268
558269
558270
558271
558272
558273
558274
558275
558276
558277
558278
558279
558280
558281
558282
558283
558284
558285
558286
558287
558288
558556
558558
558560
558570
558571
558573
558576
558577
558578
558579
558580
558581
558582
558583
558584
558585
558586
558587
558588
558589
558590
558591
558592
558593
558594
558595
558596
558597
558598
558599
558600
558601
558602
558603
558639
558640
558641
558642
558643
558644
558645
558646
558647
558648
558649
558650
558651
558652
558653
558654
558655
558656
558657
558658
558659
558927
558929
558931
558941
558942
558944
558947
558948
558949
558950
558951
558952
558953
558954
558955
558956
558957
558958
558959
558960
558961
558962
558963
558964
558965
558966
558967
558968
558969
558970
558971
558972
558973
558974
559010
559011
559012
559013
559014
559015
559016
559017
559018
559019
559020
559021
559022
559023
559024
559025
559026
559027
559028
559029
559030
559298
559300
559302
559312
559313
559315
559318
559319
559320
559321
559322
559323
559324
559325
559326
559327
559328
559329
559330
559331
559332
559333
559334
559335
559336
559337
559338
559339
559340
559341
559342
559343
559344
559345
559381
559382
559383
559384
559385
559386
559387
559388
559389
559390
559391
559392
559393
559394
559395
559396
559397
559398
559399
559400
559401
559669
559671
559673
559683
559684
559686
559689
559690
559691
559692
559693
559694
559695
559696
559697
559698
559699
559700
559701
559702
559703
559704
559705
559706
559707
559708
559709
559710
559711
559712
559713
559714
559715
559716
559752
559753
559754
559755
559756
559757
559758
559759
559760
559761
559762
559763
559764
559765
559766
559767
559768
559769
559770
559771
559772
560040
560042
560044
560054
560055
560057
560060
560061
560062
560063
560064
560065
560066
560067
560068
560069
560070
560071
560072
560073
560074
560075
560076
560077
560078
560079
560080
560081
560082
560083
560084
560085
560086
560087
560123
560124
560125
560126
560127
560128
560129
560130
560131
560132
560133
560134
560135
560136
560137
560138
560139
560140
560141
560142
560143
560411
560413
560415
560425
560426
560428
560431
560432
560433
560434
560435
560436
560437
560438
560439
560440
560441
560442
560443
560444
560445
560446
560447
560448
560449
560450
560451
560452
560453
560454
560455
560456
560457
560458
560494
560495
560496
560497
560498
560499
560500
560501
560502
560503
560504
560505
560506
560507
560508
560509
560510
560511
560512
560513
560514
560782
560784
560786
560796
560797
560799
560802
560803
560804
560805
560806
560807
560808
560809
560810
560811
560812
560813
560814
560815
560816
560817
560818
560819
560820
560821
560822
560823
560824
560825
560826
560827
560828
560829
560865
560866
560867
560868
560869
560870
560871
560872
560873
560874
560875
560876
560877
560878
560879
560880
560881
560882
560883
560884
560885
561153
561155
561157
561167
561168
561170
561173
561174
561175
561176
561177
561178
561179
561180
561181
561182
561183
561184
561185
561186
561187
561188
561189
561190
561191
561192
561193
561194
561195
561196
561197
561198
561199
561200
561236
561237
561238
561239
561240
561241
561242
561243
561244
561245
561246
561247
561248
561249
561250
561251
561252
561253
561254
561255
561256
561524
561526
561528
561538
561539
561541
561544
561545
561546
561547
561548
561549
561550
561551
561552
561553
561554
561555
561556
561557
561558
561559
561560
561561
561562
561563
561564
561565
561566
561567
561568
561569
561570
561571
561607
561608
561609
561610
561611
561612
561613
561614
561615
561616
561617
561618
561619
561620
561621
561622
561623
561624
561625
561626
561627
561895
561897
561899
561909
561910
561912
561915
561916
561917
561918
561919
561920
561921
561922
561923
561924
561925
561926
561927
561928
561929
561930
561931
561932
561933
561934
561935
561936
561937
561938
561939
561940
561941
561942
561978
561979
561980
561981
561982
561983
561984
561985
561986
561987
561988
561989
561990
561991
561992
561993
561994
561995
561996
561997
561998
562266
562268
562270
562280
562281
562283
562286
562287
562288
562289
562290
562291
562292
562293
562294
562295
562296
562297
562298
562299
562300
562301
562302
562303
562304
562305
562306
562307
562308
562309
562310
562311
562312
562313
562349
562350
562351
562352
562353
562354
562355
562356
562357
562358
562359
562360
562361
562362
562363
562364
562365
562366
562367
562368
562369
562637
562639
562641
562651
562652
562654
562657
562658
562659
562660
562661
562662
562663
562664
562665
562666
562667
562668
562669
562670
562671
562672
562673
562674
562675
562676
562677
562678
562679
562680
562681
562682
562683
562684
562720
562721
562722
562723
562724
562725
562726
562727
562728
562729
562730
562731
562732
562733
562734
562735
562736
562737
562738
562739
562740
563008
563010
563012
563022
563023
563025
563028
563029
563030
563031
563032
563033
563034
563035
563036
563037
563038
563039
563040
563041
563042
563043
563044
563045
563046
563047
563048
563049
563050
563051
563052
563053
563054
563055
563091
563092
563093
563094
563095
563096
563097
563098
563099
563100
563101
563102
563103
563104
563105
563106
563107
563108
563109
563110
563111
563379
563381
563383
563393
563394
563396
563399
563400
563401
563402
563403
563404
563405
563406
563407
563408
563409
563410
563411
563412
563413
563414
563415
563416
563417
563418
563419
563420
563421
563422
563423
563424
563425
563426
563462
563463
563464
563465
563466
563467
563468
563469
563470
563471
563472
563473
563474
563475
563476
563477
563478
563479
563480
563481
563482
563750
563752
563754
563764
563765
563767
563770
563771
563772
563773
563774
563775
563776
563777
563778
563779
563780
563781
563782
563783
563784
563785
563786
563787
563788
563789
563790
563791
563792
563793
563794
563795
563796
563797
563833
563834
563835
563836
563837
563838
563839
563840
563841
563842
563843
563844
563845
563846
563847
563848
563849
563850
563851
563852
563853
564121
564123
564125
564135
564136
564138
564141
564142
564143
564144
564145
564146
564147
564148
564149
564150
564151
564152
564153
564154
564155
564156
564157
564158
564159
564160
564161
564162
564163
564164
564165
564166
564167
564168
564204
564205
564206
564207
564208
564209
564210
564211
564212
564213
564214
564215
564216
564217
564218
564219
564220
564221
564222
564223
564224
564492
564494
564496
564506
564507
564509
564512
564513
564514
564515
564516
564517
564518
564519
564520
564521
564522
564523
564524
564525
564526
564527
564528
564529
564530
564531
564532
564533
564534
564535
564536
564537
564538
564539
564575
564576
564577
564578
564579
564580
564581
564582
564583
564584
564585
564586
564587
564588
564589
564590
564591
564592
564593
564594
564595
564863
564865
564867
564877
564878
564880
564883
564884
564885
564886
564887
564888
564889
564890
564891
564892
564893
564894
564895
564896
564897
564898
564899
564900
564901
564902
564903
564904
564905
564906
564907
564908
564909
564910
564946
564947
564948
564949
564950
564951
564952
564953
564954
564955
564956
564957
564958
564959
564960
564961
564962
564963
564964
564965
564966
565234
565236
565238
565248
565249
565251
565254
565255
565256
565257
565258
565259
565260
565261
565262
565263
565264
565265
565266
565267
565268
565269
565270
565271
565272
565273
565274
565275
565276
565277
565278
565279
565280
565281
565317
565318
565319
565320
565321
565322
565323
565324
565325
565326
565327
565328
565329
565330
565331
565332
565333
565334
565335
565336
565337
565605
565607
565609
565619
565620
565622
565625
565626
565627
565628
565629
565630
565631
565632
565633
565634
565635
565636
565637
565638
565639
565640
565641
565642
565643
565644
565645
565646
565647
565648
565649
565650
565651
565652
565688
565689
565690
565691
565692
565693
565694
565695
565696
565697
565698
565699
565700
565701
565702
565703
565704
565705
565706
565707
565708
565976
565978
565980
565990
565991
565993
565996
565997
565998
565999
566000
566001
566002
566003
566004
566005
566006
566007
566008
566009
566010
566011
566012
566013
566014
566015
566016
566017
566018
566019
566020
566021
566022
566023
566059
566060
566061
566062
566063
566064
566065
566066
566067
566068
566069
566070
566071
566072
566073
566074
566075
566076
566077
566078
566079
566347
566349
566351
566361
566362
566364
566367
566368
566369
566370
566371
566372
566373
566374
566375
566376
566377
566378
566379
566380
566381
566382
566383
566384
566385
566386
566387
566388
566389
566390
566391
566392
566393
566394
566430
566431
566432
566433
566434
566435
566436
566437
566438
566439
566440
566441
566442
566443
566444
566445
566446
566447
566448
566449
566450
566718
566720
566722
566732
566733
566735
566738
566739
566740
566741
566742
566743
566744
566745
566746
566747
566748
566749
566750
566751
566752
566753
566754
566755
566756
566757
566758
566759
566760
566761
566762
566763
566764
566765
566801
566802
566803
566804
566805
566806
566807
566808
566809
566810
566811
566812
566813
566814
566815
566816
566817
566818
566819
566820
566821
567089
567091
567093
567103
567104
567106
567109
567110
567111
567112
567113
567114
567115
567116
567117
567118
567119
567120
567121
567122
567123
567124
567125
567126
567127
567128
567129
567130
567131
567132
567133
567134
567135
567136
567172
567173
567174
567175
567176
567177
567178
567179
567180
567181
567182
567183
567184
567185
567186
567187
567188
567189
567190
567191
567192
567460
567462
567464
567474
567475
567477
567480
567481
567482
567483
567484
567485
567486
567487
567488
567489
567490
567491
567492
567493
567494
567495
567496
567497
567498
567499
567500
567501
567502
567503
567504
567505
567506
567507
567543
567544
567545
567546
567547
567548
567549
567550
567551
567552
567553
567554
567555
567556
567557
567558
567559
567560
567561
567562
567563
567831
567833
567835
567845
567846
567848
567851
567852
567853
567854
567855
567856
567857
567858
567859
567860
567861
567862
567863
567864
567865
567866
567867
567868
567869
567870
567871
567872
567873
567874
567875
567876
567877
567878
567914
567915
567916
567917
567918
567919
567920
567921
567922
567923
567924
567925
567926
567927
567928
567929
567930
567931
567932
567933
567934
568202
568204
568206
568216
568217
568219
568222
568223
568224
568225
568226
568227
568228
568229
568230
568231
568232
568233
568234
568235
568236
568237
568238
568239
568240
568241
568242
568243
568244
568245
568246
568247
568248
568249
568285
568286
568287
568288
568289
568290
568291
568292
568293
568294
568295
568296
568297
568298
568299
568300
568301
568302
568303
568304
568305
568573
568575
568577
568587
568588
568590
568593
568594
568595
568596
568597
568598
568599
568600
568601
568602
568603
568604
568605
568606
568607
568608
568609
568610
568611
568612
568613
568614
568615
568616
568617
568618
568619
568620
568656
568657
568658
568659
568660
568661
568662
568663
568664
568665
568666
568667
568668
568669
568670
568671
568672
568673
568674
568675
568676
568944
568946
568948
568958
568959
568961
568964
568965
568966
568967
568968
568969
568970
568971
568972
568973
568974
568975
568976
568977
568978
568979
568980
568981
568982
568983
568984
568985
568986
568987
568988
568989
568990
568991
569027
569028
569029
569030
569031
569032
569033
569034
569035
569036
569037
569038
569039
569040
569041
569042
569043
569044
569045
569046
569047
569315
569317
569319
569329
569330
569332
569335
569336
569337
569338
569339
569340
569341
569342
569343
569344
569345
569346
569347
569348
569349
569350
569351
569352
569353
569354
569355
569356
569357
569358
569359
569360
569361
569362
569398
569399
569400
569401
569402
569403
569404
569405
569406
569407
569408
569409
569410
569411
569412
569413
569414
569415
569416
569417
569418
569686
569688
569690
569700
569701
569703
569706
569707
569708
569709
569710
569711
569712
569713
569714
569715
569716
569717
569718
569719
569720
569721
569722
569723
569724
569725
569726
569727
569728
569729
569730
569731
569732
569733
569769
569770
569771
569772
569773
569774
569775
569776
569777
569778
569779
569780
569781
569782
569783
569784
569785
569786
569787
569788
569789
570057
570059
570061
570071
570072
570074
570077
570078
570079
570080
570081
570082
570083
570084
570085
570086
570087
570088
570089
570090
570091
570092
570093
570094
570095
570096
570097
570098
570099
570100
570101
570102
570103
570104
570140
570141
570142
570143
570144
570145
570146
570147
570148
570149
570150
570151
570152
570153
570154
570155
570156
570157
570158
570159
570160
570428
570430
570432
570442
570443
570445
570448
570449
570450
570451
570452
570453
570454
570455
570456
570457
570458
570459
570460
570461
570462
570463
570464
570465
570466
570467
570468
570469
570470
570471
570472
570473
570474
570475
570511
570512
570513
570514
570515
570516
570517
570518
570519
570520
570521
570522
570523
570524
570525
570526
570527
570528
570529
570530
570531
570799
570801
570803
570813
570814
570816
570819
570820
570821
570822
570823
570824
570825
570826
570827
570828
570829
570830
570831
570832
570833
570834
570835
570836
570837
570838
570839
570840
570841
570842
570843
570844
570845
570846
570882
570883
570884
570885
570886
570887
570888
570889
570890
570891
570892
570893
570894
570895
570896
570897
570898
570899
570900
570901
570902
571170
571172
571174
571184
571185
571187
571190
571191
571192
571193
571194
571195
571196
571197
571198
571199
571200
571201
571202
571203
571204
571205
571206
571207
571208
571209
571210
571211
571212
571213
571214
571215
571216
571217
571253
571254
571255
571256
571257
571258
571259
571260
571261
571262
571263
571264
571265
571266
571267
571268
571269
571270
571271
571272
571273
571541
571543
571545
571555
571556
571558
571561
571562
571563
571564
571565
571566
571567
571568
571569
571570
571571
571572
571573
571574
571575
571576
571577
571578
571579
571580
571581
571582
571583
571584
571585
571586
571587
571588
571624
571625
571626
571627
571628
571629
571630
571631
571632
571633
571634
571635
571636
571637
571638
571639
571640
571641
571642
571643
571644
571912
571914
571916
571926
571927
571929
571932
571933
571934
571935
571936
571937
571938
571939
571940
571941
571942
571943
571944
571945
571946
571947
571948
571949
571950
571951
571952
571953
571954
571955
571956
571957
571958
571959
571995
571996
571997
571998
571999
572000
572001
572002
572003
572004
572005
572006
572007
572008
572009
572010
572011
572012
572013
572014
572015
572283
572285
572287
572297
572298
572300
572303
572304
572305
572306
572307
572308
572309
572310
572311
572312
572313
572314
572315
572316
572317
572318
572319
572320
572321
572322
572323
572324
572325
572326
572327
572328
572329
572330
572366
572367
572368
572369
572370
572371
572372
572373
572374
572375
572376
572377
572378
572379
572380
572381
572382
572383
572384
572385
572386
572654
572656
572658
572668
572669
572671
572674
572675
572676
572677
572678
572679
572680
572681
572682
572683
572684
572685
572686
572687
572688
572689
572690
572691
572692
572693
572694
572695
572696
572697
572698
572699
572700
572701
572737
572738
572739
572740
572741
572742
572743
572744
572745
572746
572747
572748
572749
572750
572751
572752
572753
572754
572755
572756
572757
573025
573027
573029
573039
573040
573042
573045
573046
573047
573048
573049
573050
573051
573052
573053
573054
573055
573056
573057
573058
573059
573060
573061
573062
573063
573064
573065
573066
573067
573068
573069
573070
573071
573072
573108
573109
573110
573111
573112
573113
573114
573115
573116
573117
573118
573119
573120
573121
573122
573123
573124
573125
573126
573127
573128
573396
573398
573400
573410
573411
573413
573416
573417
573418
573419
573420
573421
573422
573423
573424
573425
573426
573427
573428
573429
573430
573431
573432
573433
573434
573435
573436
573437
573438
573439
573440
573441
573442
573443
573479
573480
573481
573482
573483
573484
573485
573486
573487
573488
573489
573490
573491
573492
573493
573494
573495
573496
573497
573498
573499
573767
573769
573771
573781
573782
573784
573787
573788
573789
573790
573791
573792
573793
573794
573795
573796
573797
573798
573799
573800
573801
573802
573803
573804
573805
573806
573807
573808
573809
573810
573811
573812
573813
573814
573850
573851
573852
573853
573854
573855
573856
573857
573858
573859
573860
573861
573862
573863
573864
573865
573866
573867
573868
573869
573870
574138
574140
574142
574152
574153
574155
574158
574159
574160
574161
574162
574163
574164
574165
574166
574167
574168
574169
574170
574171
574172
574173
574174
574175
574176
574177
574178
574179
574180
574181
574182
574183
574184
574185
574221
574222
574223
574224
574225
574226
574227
574228
574229
574230
574231
574232
574233
574234
574235
574236
574237
574238
574239
574240
574241
574509
574511
574513
574523
574524
574526
574529
574530
574531
574532
574533
574534
574535
574536
574537
574538
574539
574540
574541
574542
574543
574544
574545
574546
574547
574548
574549
574550
574551
574552
574553
574554
574555
574556
574592
574593
574594
574595
574596
574597
574598
574599
574600
574601
574602
574603
574604
574605
574606
574607
574608
574609
574610
574611
574612
574880
574882
574884
574894
574895
574897
574900
574901
574902
574903
574904
574905
574906
574907
574908
574909
574910
574911
574912
574913
574914
574915
574916
574917
574918
574919
574920
574921
574922
574923
574924
574925
574926
574927
574963
574964
574965
574966
574967
574968
574969
574970
574971
574972
574973
574974
574975
574976
574977
574978
574979
574980
574981
574982
574983
575251
575253
575255
575265
575266
575268
575271
575272
575273
575274
575275
575276
575277
575278
575279
575280
575281
575282
575283
575284
575285
575286
575287
575288
575289
575290
575291
575292
575293
575294
575295
575296
575297
575298
575334
575335
575336
575337
575338
575339
575340
575341
575342
575343
575344
575345
575346
575347
575348
575349
575350
575351
575352
575353
575354
575622
575624
575626
575636
575637
575639
575642
575643
575644
575645
575646
575647
575648
575649
575650
575651
575652
575653
575654
575655
575656
575657
575658
575659
575660
575661
575662
575663
575664
575665
575666
575667
575668
575669
575705
575706
575707
575708
575709
575710
575711
575712
575713
575714
575715
575716
575717
575718
575719
575720
575721
575722
575723
575724
575725
575993
575995
575997
576007
576008
576010
576013
576014
576015
576016
576017
576018
576019
576020
576021
576022
576023
576024
576025
576026
576027
576028
576029
576030
576031
576032
576033
576034
576035
576036
576037
576038
576039
576040
576076
576077
576078
576079
576080
576081
576082
576083
576084
576085
576086
576087
576088
576089
576090
576091
576092
576093
576094
576095
576096
576364
576366
576368
576378
576379
576381
576384
576385
576386
576387
576388
576389
576390
576391
576392
576393
576394
576395
576396
576397
576398
576399
576400
576401
576402
576403
576404
576405
576406
576407
576408
576409
576410
576411
576447
576448
576449
576450
576451
576452
576453
576454
576455
576456
576457
576458
576459
576460
576461
576462
576463
576464
576465
576466
576467
576735
576737
576739
576749
576750
576752
576755
576756
576757
576758
576759
576760
576761
576762
576763
576764
576765
576766
576767
576768
576769
576770
576771
576772
576773
576774
576775
576776
576777
576778
576779
576780
576781
576782
576818
576819
576820
576821
576822
576823
576824
576825
576826
576827
576828
576829
576830
576831
576832
576833
576834
576835
576836
576837
576838
577106
577108
577110
577120
577121
577123
577126
577127
577128
577129
577130
577131
577132
577133
577134
577135
577136
577137
577138
577139
577140
577141
577142
577143
577144
577145
577146
577147
577148
577149
577150
577151
577152
577153
577189
577190
577191
577192
577193
577194
577195
577196
577197
577198
577199
577200
577201
577202
577203
577204
577205
577206
577207
577208
577209
577477
577479
577481
577491
577492
577494
577497
577498
577499
577500
577501
577502
577503
577504
577505
577506
577507
577508
577509
577510
577511
577512
577513
577514
577515
577516
577517
577518
577519
577520
577521
577522
577523
577524
577560
577561
577562
577563
577564
577565
577566
577567
577568
577569
577570
577571
577572
577573
577574
577575
577576
577577
577578
577579
577580
577848
577850
577852
577862
577863
577865
577868
577869
577870
577871
577872
577873
577874
577875
577876
577877
577878
577879
577880
577881
577882
577883
577884
577885
577886
577887
577888
577889
577890
577891
577892
577893
577894
577895
577931
577932
577933
577934
577935
577936
577937
577938
577939
577940
577941
577942
577943
577944
577945
577946
577947
577948
577949
577950
577951
578219
578221
578223
578233
578234
578236
578239
578240
578241
578242
578243
578244
578245
578246
578247
578248
578249
578250
578251
578252
578253
578254
578255
578256
578257
578258
578259
578260
578261
578262
578263
578264
578265
578266
578302
578303
578304
578305
578306
578307
578308
578309
578310
578311
578312
578313
578314
578315
578316
578317
578318
578319
578320
578321
578322
578590
578592
578594
578604
578605
578607
578610
578611
578612
578613
578614
578615
578616
578617
578618
578619
578620
578621
578622
578623
578624
578625
578626
578627
578628
578629
578630
578631
578632
578633
578634
578635
578636
578637
578673
578674
578675
578676
578677
578678
578679
578680
578681
578682
578683
578684
578685
578686
578687
578688
578689
578690
578691
578692
578693
578961
578963
578965
578975
578976
578978
578981
578982
578983
578984
578985
578986
578987
578988
578989
578990
578991
578992
578993
578994
578995
578996
578997
578998
578999
579000
579001
579002
579003
579004
579005
579006
579007
579008
579044
579045
579046
579047
579048
579049
579050
579051
579052
579053
579054
579055
579056
579057
579058
579059
579060
579061
579062
579063
579064
579332
579334
579336
579346
579347
579349
579352
579353
579354
579355
579356
579357
579358
579359
579360
579361
579362
579363
579364
579365
579366
579367
579368
579369
579370
579371
579372
579373
579374
579375
579376
579377
579378
579379
579415
579416
579417
579418
579419
579420
579421
579422
579423
579424
579425
579426
579427
579428
579429
579430
579431
579432
579433
579434
579435
579703
579705
579707
579717
579718
579720
579723
579724
579725
579726
579727
579728
579729
579730
579731
579732
579733
579734
579735
579736
579737
579738
579739
579740
579741
579742
579743
579744
579745
579746
579747
579748
579749
579750
579786
579787
579788
579789
579790
579791
579792
579793
579794
579795
579796
579797
579798
579799
579800
579801
579802
579803
579804
579805
579806
580074
580076
580078
580088
580089
580091
580094
580095
580096
580097
580098
580099
580100
580101
580102
580103
580104
580105
580106
580107
580108
580109
580110
580111
580112
580113
580114
580115
580116
580117
580118
580119
580120
580121
580157
580158
580159
580160
580161
580162
580163
580164
580165
580166
580167
580168
580169
580170
580171
580172
580173
580174
580175
580176
580177
580445
580447
580449
580459
580460
580462
580465
580466
580467
580468
580469
580470
580471
580472
580473
580474
580475
580476
580477
580478
580479
580480
580481
580482
580483
580484
580485
580486
580487
580488
580489
580490
580491
580492
580528
580529
580530
580531
580532
580533
580534
580535
580536
580537
580538
580539
580540
580541
580542
580543
580544
580545
580546
580547
580548
580816
580818
580820
580830
580831
580833
580836
580837
580838
580839
580840
580841
580842
580843
580844
580845
580846
580847
580848
580849
580850
580851
580852
580853
580854
580855
580856
580857
580858
580859
580860
580861
580862
580863
580899
580900
580901
580902
580903
580904
580905
580906
580907
580908
580909
580910
580911
580912
580913
580914
580915
580916
580917
580918
580919
581187
581189
581191
581201
581202
581204
581207
581208
581209
581210
581211
581212
581213
581214
581215
581216
581217
581218
581219
581220
581221
581222
581223
581224
581225
581226
581227
581228
581229
581230
581231
581232
581233
581234
581270
581271
581272
581273
581274
581275
581276
581277
581278
581279
581280
581281
581282
581283
581284
581285
581286
581287
581288
581289
581290
581558
581560
581562
581572
581573
581575
581578
581579
581580
581581
581582
581583
581584
581585
581586
581587
581588
581589
581590
581591
581592
581593
581594
581595
581596
581597
581598
581599
581600
581601
581602
581603
581604
581605
581641
581642
581643
581644
581645
581646
581647
581648
581649
581650
581651
581652
581653
581654
581655
581656
581657
581658
581659
581660
581661
581929
581931
581933
581943
581944
581946
581949
581950
581951
581952
581953
581954
581955
581956
581957
581958
581959
581960
581961
581962
581963
581964
581965
581966
581967
581968
581969
581970
581971
581972
581973
581974
581975
581976
582012
582013
582014
582015
582016
582017
582018
582019
582020
582021
582022
582023
582024
582025
582026
582027
582028
582029
582030
582031
582032
582300
582302
582304
582314
582315
582317
582320
582321
582322
582323
582324
582325
582326
582327
582328
582329
582330
582331
582332
582333
582334
582335
582336
582337
582338
582339
582340
582341
582342
582343
582344
582345
582346
582347
582383
582384
582385
582386
582387
582388
582389
582390
582391
582392
582393
582394
582395
582396
582397
582398
582399
582400
582401
582402
582403
582671
582673
582675
582685
582686
582688
582691
582692
582693
582694
582695
582696
582697
582698
582699
582700
582701
582702
582703
582704
582705
582706
582707
582708
582709
582710
582711
582712
582713
582714
582715
582716
582717
582718
582754
582755
582756
582757
582758
582759
582760
582761
582762
582763
582764
582765
582766
582767
582768
582769
582770
582771
582772
582773
582774
583042
583044
583046
583056
583057
583059
583062
583063
583064
583065
583066
583067
583068
583069
583070
583071
583072
583073
583074
583075
583076
583077
583078
583079
583080
583081
583082
583083
583084
583085
583086
583087
583088
583089
583125
583126
583127
583128
583129
583130
583131
583132
583133
583134
583135
583136
583137
583138
583139
583140
583141
583142
583143
583144
583145
583413
583415
583417
583427
583428
583430
583433
583434
583435
583436
583437
583438
583439
583440
583441
583442
583443
583444
583445
583446
583447
583448
583449
583450
583451
583452
583453
583454
583455
583456
583457
583458
583459
583460
583496
583497
583498
583499
583500
583501
583502
583503
583504
583505
583506
583507
583508
583509
583510
583511
583512
583513
583514
583515
583516
583784
583786
583788
583798
583799
583801
583804
583805
583806
583807
583808
583809
583810
583811
583812
583813
583814
583815
583816
583817
583818
583819
583820
583821
583822
583823
583824
583825
583826
583827
583828
583829
583830
583831
583867
583868
583869
583870
583871
583872
583873
583874
583875
583876
583877
583878
583879
583880
583881
583882
583883
583884
583885
583886
583887
584155
584157
584159
584169
584170
584172
584175
584176
584177
584178
584179
584180
584181
584182
584183
584184
584185
584186
584187
584188
584189
584190
584191
584192
584193
584194
584195
584196
584197
584198
584199
584200
584201
584202
584238
584239
584240
584241
584242
584243
584244
584245
584246
584247
584248
584249
584250
584251
584252
584253
584254
584255
584256
584257
584258
584526
584528
584530
584540
584541
584543
584546
584547
584548
584549
584550
584551
584552
584553
584554
584555
584556
584557
584558
584559
584560
584561
584562
584563
584564
584565
584566
584567
584568
584569
584570
584571
584572
584573
584609
584610
584611
584612
584613
584614
584615
584616
584617
584618
584619
584620
584621
584622
584623
584624
584625
584626
584627
584628
584629
584897
584899
584901
584911
584912
584914
584917
584918
584919
584920
584921
584922
584923
584924
584925
584926
584927
584928
584929
584930
584931
584932
584933
584934
584935
584936
584937
584938
584939
584940
584941
584942
584943
584944
584980
584981
584982
584983
584984
584985
584986
584987
584988
584989
584990
584991
584992
584993
584994
584995
584996
584997
584998
584999
585000
585268
585270
585272
585282
585283
585285
585288
585289
585290
585291
585292
585293
585294
585295
585296
585297
585298
585299
585300
585301
585302
585303
585304
585305
585306
585307
585308
585309
585310
585311
585312
585313
585314
585315
585351
585352
585353
585354
585355
585356
585357
585358
585359
585360
585361
585362
585363
585364
585365
585366
585367
585368
585369
585370
585371
585639
585641
585643
585653
585654
585656
585659
585660
585661
585662
585663
585664
585665
585666
585667
585668
585669
585670
585671
585672
585673
585674
585675
585676
585677
585678
585679
585680
585681
585682
585683
585684
585685
585686
585722
585723
585724
585725
585726
585727
585728
585729
585730
585731
585732
585733
585734
585735
585736
585737
585738
585739
585740
585741
585742
586010
586012
586014
586024
586025
586027
586030
586031
586032
586033
586034
586035
586036
586037
586038
586039
586040
586041
586042
586043
586044
586045
586046
586047
586048
586049
586050
586051
586052
586053
586054
586055
586056
586057
586093
586094
586095
586096
586097
586098
586099
586100
586101
586102
586103
586104
586105
586106
586107
586108
586109
586110
586111
586112
586113
586381
586383
586385
586395
586396
586398
586401
586402
586403
586404
586405
586406
586407
586408
586409
586410
586411
586412
586413
586414
586415
586416
586417
586418
586419
586420
586421
586422
586423
586424
586425
586426
586427
586428
586464
586465
586466
586467
586468
586469
586470
586471
586472
586473
586474
586475
586476
586477
586478
586479
586480
586481
586482
586483
586484
586752
586754
586756
586766
586767
586769
586772
586773
586774
586775
586776
586777
586778
586779
586780
586781
586782
586783
586784
586785
586786
586787
586788
586789
586790
586791
586792
586793
586794
586795
586796
586797
586798
586799
586835
586836
586837
586838
586839
586840
586841
586842
586843
586844
586845
586846
586847
586848
586849
586850
586851
586852
586853
586854
586855
587123
587125
587127
587137
587138
587140
587143
587144
587145
587146
587147
587148
587149
587150
587151
587152
587153
587154
587155
587156
587157
587158
587159
587160
587161
587162
587163
587164
587165
587166
587167
587168
587169
587170
587206
587207
587208
587209
587210
587211
587212
587213
587214
587215
587216
587217
587218
587219
587220
587221
587222
587223
587224
587225
587226
587494
587496
587498
587508
587509
587511
587514
587515
587516
587517
587518
587519
587520
587521
587522
587523
587524
587525
587526
587527
587528
587529
587530
587531
587532
587533
587534
587535
587536
587537
587538
587539
587540
587541
587577
587578
587579
587580
587581
587582
587583
587584
587585
587586
587587
587588
587589
587590
587591
587592
587593
587594
587595
587596
587597
587865
587867
587869
587879
587880
587882
587885
587886
587887
587888
587889
587890
587891
587892
587893
587894
587895
587896
587897
587898
587899
587900
587901
587902
587903
587904
587905
587906
587907
587908
587909
587910
587911
587912
587948
587949
587950
587951
587952
587953
587954
587955
587956
587957
587958
587959
587960
587961
587962
587963
587964
587965
587966
587967
587968
588236
588238
588240
588250
588251
588253
588256
588257
588258
588259
588260
588261
588262
588263
588264
588265
588266
588267
588268
588269
588270
588271
588272
588273
588274
588275
588276
588277
588278
588279
588280
588281
588282
588283
588319
588320
588321
588322
588323
588324
588325
588326
588327
588328
588329
588330
588331
588332
588333
588334
588335
588336
588337
588338
588339
588607
588609
588611
588621
588622
588624
588627
588628
588629
588630
588631
588632
588633
588634
588635
588636
588637
588638
588639
588640
588641
588642
588643
588644
588645
588646
588647
588648
588649
588650
588651
588652
588653
588654
588690
588691
588692
588693
588694
588695
588696
588697
588698
588699
588700
588701
588702
588703
588704
588705
588706
588707
588708
588709
588710
588978
588980
588982
588992
588993
588995
588998
588999
589000
589001
589002
589003
589004
589005
589006
589007
589008
589009
589010
589011
589012
589013
589014
589015
589016
589017
589018
589019
589020
589021
589022
589023
589024
589025
589061
589062
589063
589064
589065
589066
589067
589068
589069
589070
589071
589072
589073
589074
589075
589076
589077
589078
589079
589080
589081
589349
589351
589353
589363
589364
589366
589369
589370
589371
589372
589373
589374
589375
589376
589377
589378
589379
589380
589381
589382
589383
589384
589385
589386
589387
589388
589389
589390
589391
589392
589393
589394
589395
589396
589432
589433
589434
589435
589436
589437
589438
589439
589440
589441
589442
589443
589444
589445
589446
589447
589448
589449
589450
589451
589452
589720
589722
589724
589734
589735
589737
589740
589741
589742
589743
589744
589745
589746
589747
589748
589749
589750
589751
589752
589753
589754
589755
589756
589757
589758
589759
589760
589761
589762
589763
589764
589765
589766
589767
589803
589804
589805
589806
589807
589808
589809
589810
589811
589812
589813
589814
589815
589816
589817
589818
589819
589820
589821
589822
589823
590091
590093
590095
590105
590106
590108
590111
590112
590113
590114
590115
590116
590117
590118
590119
590120
590121
590122
590123
590124
590125
590126
590127
590128
590129
590130
590131
590132
590133
590134
590135
590136
590137
590138
590174
590175
590176
590177
590178
590179
590180
590181
590182
590183
590184
590185
590186
590187
590188
590189
590190
590191
590192
590193
590194
590462
590464
590466
590476
590477
590479
590482
590483
590484
590485
590486
590487
590488
590489
590490
590491
590492
590493
590494
590495
590496
590497
590498
590499
590500
590501
590502
590503
590504
590505
590506
590507
590508
590509
590545
590546
590547
590548
590549
590550
590551
590552
590553
590554
590555
590556
590557
590558
590559
590560
590561
590562
590563
590564
590565
590833
590835
590837
590847
590848
590850
590853
590854
590855
590856
590857
590858
590859
590860
590861
590862
590863
590864
590865
590866
590867
590868
590869
590870
590871
590872
590873
590874
590875
590876
590877
590878
590879
590880
590916
590917
590918
590919
590920
590921
590922
590923
590924
590925
590926
590927
590928
590929
590930
590931
590932
590933
590934
590935
590936
591204
591206
591208
591218
591219
591221
591224
591225
591226
591227
591228
591229
591230
591231
591232
591233
591234
591235
591236
591237
591238
591239
591240
591241
591242
591243
591244
591245
591246
591247
591248
591249
591250
591251
591287
591288
591289
591290
591291
591292
591293
591294
591295
591296
591297
591298
591299
591300
591301
591302
591303
591304
591305
591306
591307
591575
591577
591579
591589
591590
591592
591595
591596
591597
591598
591599
591600
591601
591602
591603
591604
591605
591606
591607
591608
591609
591610
591611
591612
591613
591614
591615
591616
591617
591618
591619
591620
591621
591622
591658
591659
591660
591661
591662
591663
591664
591665
591666
591667
591668
591669
591670
591671
591672
591673
591674
591675
591676
591677
591678
591946
591948
591950
591960
591961
591963
591966
591967
591968
591969
591970
591971
591972
591973
591974
591975
591976
591977
591978
591979
591980
591981
591982
591983
591984
591985
591986
591987
591988
591989
591990
591991
591992
591993
592029
592030
592031
592032
592033
592034
592035
592036
592037
592038
592039
592040
592041
592042
592043
592044
592045
592046
592047
592048
592049
592317
592319
592321
592331
592332
592334
592337
592338
592339
592340
592341
592342
592343
592344
592345
592346
592347
592348
592349
592350
592351
592352
592353
592354
592355
592356
592357
592358
592359
592360
592361
592362
592363
592364
592400
592401
592402
592403
592404
592405
592406
592407
592408
592409
592410
592411
592412
592413
592414
592415
592416
592417
592418
592419
592420
592688
592690
592692
592702
592703
592705
592708
592709
592710
592711
592712
592713
592714
592715
592716
592717
592718
592719
592720
592721
592722
592723
592724
592725
592726
592727
592728
592729
592730
592731
592732
592733
592734
592735
592771
592772
592773
592774
592775
592776
592777
592778
592779
592780
592781
592782
592783
592784
592785
592786
592787
592788
592789
592790
592791
593059
593061
593063
593073
593074
593076
593079
593080
593081
593082
593083
593084
593085
593086
593087
593088
593089
593090
593091
593092
593093
593094
593095
593096
593097
593098
593099
593100
593101
593102
593103
593104
593105
593106
593142
593143
593144
593145
593146
593147
593148
593149
593150
593151
593152
593153
593154
593155
593156
593157
593158
593159
593160
593161
593162
593430
593432
593434
593444
593445
593447
593450
593451
593452
593453
593454
593455
593456
593457
593458
593459
593460
593461
593462
593463
593464
593465
593466
593467
593468
593469
593470
593471
593472
593473
593474
593475
593476
593477
593513
593514
593515
593516
593517
593518
593519
593520
593521
593522
593523
593524
593525
593526
593527
593528
593529
593530
593531
593532
593533
593801
593803
593805
593815
593816
593818
593821
593822
593823
593824
593825
593826
593827
593828
593829
593830
593831
593832
593833
593834
593835
593836
593837
593838
593839
593840
593841
593842
593843
593844
593845
593846
593847
593848
593884
593885
593886
593887
593888
593889
593890
593891
593892
593893
593894
593895
593896
593897
593898
593899
593900
593901
593902
593903
593904
594172
594174
594176
594186
594187
594189
594192
594193
594194
594195
594196
594197
594198
594199
594200
594201
594202
594203
594204
594205
594206
594207
594208
594209
594210
594211
594212
594213
594214
594215
594216
594217
594218
594219
594255
594256
594257
594258
594259
594260
594261
594262
594263
594264
594265
594266
594267
594268
594269
594270
594271
594272
594273
594274
594275
594543
594545
594547
594557
594558
594560
594563
594564
594565
594566
594567
594568
594569
594570
594571
594572
594573
594574
594575
594576
594577
594578
594579
594580
594581
594582
594583
594584
594585
594586
594587
594588
594589
594590
594626
594627
594628
594629
594630
594631
594632
594633
594634
594635
594636
594637
594638
594639
594640
594641
594642
594643
594644
594645
594646
594914
594916
594918
594928
594929
594931
594934
594935
594936
594937
594938
594939
594940
594941
594942
594943
594944
594945
594946
594947
594948
594949
594950
594951
594952
594953
594954
594955
594956
594957
594958
594959
594960
594961
594997
594998
594999
595000
595001
595002
595003
595004
595005
595006
595007
595008
595009
595010
595011
595012
595013
595014
595015
595016
595017
595285
595287
595289
595299
595300
595302
595305
595306
595307
595308
595309
595310
595311
595312
595313
595314
595315
595316
595317
595318
595319
595320
595321
595322
595323
595324
595325
595326
595327
595328
595329
595330
595331
595332
595368
595369
595370
595371
595372
595373
595374
595375
595376
595377
595378
595379
595380
595381
595382
595383
595384
595385
595386
595387
595388
595656
595658
595660
595670
595671
595673
595676
595677
595678
595679
595680
595681
595682
595683
595684
595685
595686
595687
595688
595689
595690
595691
595692
595693
595694
595695
595696
595697
595698
595699
595700
595701
595702
595703
595739
595740
595741
595742
595743
595744
595745
595746
595747
595748
595749
595750
595751
595752
595753
595754
595755
595756
595757
595758
595759
596027
596029
596031
596041
596042
596044
596047
596048
596049
596050
596051
596052
596053
596054
596055
596056
596057
596058
596059
596060
596061
596062
596063
596064
596065
596066
596067
596068
596069
596070
596071
596072
596073
596074
596110
596111
596112
596113
596114
596115
596116
596117
596118
596119
596120
596121
596122
596123
596124
596125
596126
596127
596128
596129
596130
596398
596400
596402
596412
596413
596415
596418
596419
596420
596421
596422
596423
596424
596425
596426
596427
596428
596429
596430
596431
596432
596433
596434
596435
596436
596437
596438
596439
596440
596441
596442
596443
596444
596445
596481
596482
596483
596484
596485
596486
596487
596488
596489
596490
596491
596492
596493
596494
596495
596496
596497
596498
596499
596500
596501
596769
596771
596773
596783
596784
596786
596789
596790
596791
596792
596793
596794
596795
596796
596797
596798
596799
596800
596801
596802
596803
596804
596805
596806
596807
596808
596809
596810
596811
596812
596813
596814
596815
596816
596852
596853
596854
596855
596856
596857
596858
596859
596860
596861
596862
596863
596864
596865
596866
596867
596868
596869
596870
596871
596872
597140
597142
597144
597154
597155
597157
597160
597161
597162
597163
597164
597165
597166
597167
597168
597169
597170
597171
597172
597173
597174
597175
597176
597177
597178
597179
597180
597181
597182
597183
597184
597185
597186
597187
597223
597224
597225
597226
597227
597228
597229
597230
597231
597232
597233
597234
597235
597236
597237
597238
597239
597240
597241
597242
597243
597511
597513
597515
597525
597526
597528
597531
597532
597533
597534
597535
597536
597537
597538
597539
597540
597541
597542
597543
597544
597545
597546
597547
597548
597549
597550
597551
597552
597553
597554
597555
597556
597557
597558
597594
597595
597596
597597
597598
597599
597600
597601
597602
597603
597604
597605
597606
597607
597608
597609
597610
597611
597612
597613
597614
597882
597884
597886
597896
597897
597899
597902
597903
597904
597905
597906
597907
597908
597909
597910
597911
597912
597913
597914
597915
597916
597917
597918
597919
597920
597921
597922
597923
597924
597925
597926
597927
597928
597929
597965
597966
597967
597968
597969
597970
597971
597972
597973
597974
597975
597976
597977
597978
597979
597980
597981
597982
597983
597984
597985
598253
598255
598257
598267
598268
598270
598273
598274
598275
598276
598277
598278
598279
598280
598281
598282
598283
598284
598285
598286
598287
598288
598289
598290
598291
598292
598293
598294
598295
598296
598297
598298
598299
598300
598336
598337
598338
598339
598340
598341
598342
598343
598344
598345
598346
598347
598348
598349
598350
598351
598352
598353
598354
598355
598356
598624
598626
598628
598638
598639
598641
598644
598645
598646
598647
598648
598649
598650
598651
598652
598653
598654
598655
598656
598657
598658
598659
598660
598661
598662
598663
598664
598665
598666
598667
598668
598669
598670
598671
598707
598708
598709
598710
598711
598712
598713
598714
598715
598716
598717
598718
598719
598720
598721
598722
598723
598724
598725
598726
598727
598995
598997
598999
599009
599010
599012
599015
599016
599017
599018
599019
599020
599021
599022
599023
599024
599025
599026
599027
599028
599029
599030
599031
599032
599033
599034
599035
599036
599037
599038
599039
599040
599041
599042
599078
599079
599080
599081
599082
599083
599084
599085
599086
599087
599088
599089
599090
599091
599092
599093
599094
599095
599096
599097
599098
599366
599368
599370
599380
599381
599383
599386
599387
599388
599389
599390
599391
599392
599393
599394
599395
599396
599397
599398
599399
599400
599401
599402
599403
599404
599405
599406
599407
599408
599409
599410
599411
599412
599413
599449
599450
599451
599452
599453
599454
599455
599456
599457
599458
599459
599460
599461
599462
599463
599464
599465
599466
599467
599468
599469
599737
599739
599741
599751
599752
599754
599757
599758
599759
599760
599761
599762
599763
599764
599765
599766
599767
599768
599769
599770
599771
599772
599773
599774
599775
599776
599777
599778
599779
599780
599781
599782
599783
599784
599820
599821
599822
599823
599824
599825
599826
599827
599828
599829
599830
599831
599832
599833
599834
599835
599836
599837
599838
599839
599840
600108
600110
600112
600122
600123
600125
600128
600129
600130
600131
600132
600133
600134
600135
600136
600137
600138
600139
600140
600141
600142
600143
600144
600145
600146
600147
600148
600149
600150
600151
600152
600153
600154
600155
600191
600192
600193
600194
600195
600196
600197
600198
600199
600200
600201
600202
600203
600204
600205
600206
600207
600208
600209
600210
600211
600479
600481
600483
600493
600494
600496
600499
600500
600501
600502
600503
600504
600505
600506
600507
600508
600509
600510
600511
600512
600513
600514
600515
600516
600517
600518
600519
600520
600521
600522
600523
600524
600525
600526
600562
600563
600564
600565
600566
600567
600568
600569
600570
600571
600572
600573
600574
600575
600576
600577
600578
600579
600580
600581
600582
600850
600852
600854
600864
600865
600867
600870
600871
600872
600873
600874
600875
600876
600877
600878
600879
600880
600881
600882
600883
600884
600885
600886
600887
600888
600889
600890
600891
600892
600893
600894
600895
600896
600897
600933
600934
600935
600936
600937
600938
600939
600940
600941
600942
600943
600944
600945
600946
600947
600948
600949
600950
600951
600952
600953
601221
601223
601225
601235
601236
601238
601241
601242
601243
601244
601245
601246
601247
601248
601249
601250
601251
601252
601253
601254
601255
601256
601257
601258
601259
601260
601261
601262
601263
601264
601265
601266
601267
601268
601304
601305
601306
601307
601308
601309
601310
601311
601312
601313
601314
601315
601316
601317
601318
601319
601320
601321
601322
601323
601324
601592
601594
601596
601606
601607
601609
601612
601613
601614
601615
601616
601617
601618
601619
601620
601621
601622
601623
601624
601625
601626
601627
601628
601629
601630
601631
601632
601633
601634
601635
601636
601637
601638
601639
601675
601676
601677
601678
601679
601680
601681
601682
601683
601684
601685
601686
601687
601688
601689
601690
601691
601692
601693
601694
601695
601963
601965
601967
601977
601978
601980
601983
601984
601985
601986
601987
601988
601989
601990
601991
601992
601993
601994
601995
601996
601997
601998
601999
602000
602001
602002
602003
602004
602005
602006
602007
602008
602009
602010
602046
602047
602048
602049
602050
602051
602052
602053
602054
602055
602056
602057
602058
602059
602060
602061
602062
602063
602064
602065
602066
602334
602336
602338
602348
602349
602351
602354
602355
602356
602357
602358
602359
602360
602361
602362
602363
602364
602365
602366
602367
602368
602369
602370
602371
602372
602373
602374
602375
602376
602377
602378
602379
602380
602381
602417
602418
602419
602420
602421
602422
602423
602424
602425
602426
602427
602428
602429
602430
602431
602432
602433
602434
602435
602436
602437
602705
602707
602709
602719
602720
602722
602725
602726
602727
602728
602729
602730
602731
602732
602733
602734
602735
602736
602737
602738
602739
602740
602741
602742
602743
602744
602745
602746
602747
602748
602749
602750
602751
602752
602788
602789
602790
602791
602792
602793
602794
602795
602796
602797
602798
602799
602800
602801
602802
602803
602804
602805
602806
602807
602808
603076
603078
603080
603090
603091
603093
603096
603097
603098
603099
603100
603101
603102
603103
603104
603105
603106
603107
603108
603109
603110
603111
603112
603113
603114
603115
603116
603117
603118
603119
603120
603121
603122
603123
603159
603160
603161
603162
603163
603164
603165
603166
603167
603168
603169
603170
603171
603172
603173
603174
603175
603176
603177
603178
603179
603447
603449
603451
603461
603462
603464
603467
603468
603469
603470
603471
603472
603473
603474
603475
603476
603477
603478
603479
603480
603481
603482
603483
603484
603485
603486
603487
603488
603489
603490
603491
603492
603493
603494
603530
603531
603532
603533
603534
603535
603536
603537
603538
603539
603540
603541
603542
603543
603544
603545
603546
603547
603548
603549
603550
603818
603820
603822
603832
603833
603835
603838
603839
603840
603841
603842
603843
603844
603845
603846
603847
603848
603849
603850
603851
603852
603853
603854
603855
603856
603857
603858
603859
603860
603861
603862
603863
603864
603865
603901
603902
603903
603904
603905
603906
603907
603908
603909
603910
603911
603912
603913
603914
603915
603916
603917
603918
603919
603920
603921
604189
604191
604193
604203
604204
604206
604209
604210
604211
604212
604213
604214
604215
604216
604217
604218
604219
604220
604221
604222
604223
604224
604225
604226
604227
604228
604229
604230
604231
604232
604233
604234
604235
604236
604272
604273
604274
604275
604276
604277
604278
604279
604280
604281
604282
604283
604284
604285
604286
604287
604288
604289
604290
604291
604292
604560
604562
604564
604574
604575
604577
604580
604581
604582
604583
604584
604585
604586
604587
604588
604589
604590
604591
604592
604593
604594
604595
604596
604597
604598
604599
604600
604601
604602
604603
604604
604605
604606
604607
604643
604644
604645
604646
604647
604648
604649
604650
604651
604652
604653
604654
604655
604656
604657
604658
604659
604660
604661
604662
604663
604931
604933
604935
604945
604946
604948
604951
604952
604953
604954
604955
604956
604957
604958
604959
604960
604961
604962
604963
604964
604965
604966
604967
604968
604969
604970
604971
604972
604973
604974
604975
604976
604977
604978
605014
605015
605016
605017
605018
605019
605020
605021
605022
605023
605024
605025
605026
605027
605028
605029
605030
605031
605032
605033
605034
605302
605304
605306
605316
605317
605319
605322
605323
605324
605325
605326
605327
605328
605329
605330
605331
605332
605333
605334
605335
605336
605337
605338
605339
605340
605341
605342
605343
605344
605345
605346
605347
605348
605349
605385
605386
605387
605388
605389
605390
605391
605392
605393
605394
605395
605396
605397
605398
605399
605400
605401
605402
605403
605404
605405
605673
605675
605677
605687
605688
605690
605693
605694
605695
605696
605697
605698
605699
605700
605701
605702
605703
605704
605705
605706
605707
605708
605709
605710
605711
605712
605713
605714
605715
605716
605717
605718
605719
605720
605756
605757
605758
605759
605760
605761
605762
605763
605764
605765
605766
605767
605768
605769
605770
605771
605772
605773
605774
605775
605776
606044
606046
606048
606058
606059
606061
606064
606065
606066
606067
606068
606069
606070
606071
606072
606073
606074
606075
606076
606077
606078
606079
606080
606081
606082
606083
606084
606085
606086
606087
606088
606089
606090
606091
606127
606128
606129
606130
606131
606132
606133
606134
606135
606136
606137
606138
606139
606140
606141
606142
606143
606144
606145
606146
606147
606415
606417
606419
606429
606430
606432
606435
606436
606437
606438
606439
606440
606441
606442
606443
606444
606445
606446
606447
606448
606449
606450
606451
606452
606453
606454
606455
606456
606457
606458
606459
606460
606461
606462
606498
606499
606500
606501
606502
606503
606504
606505
606506
606507
606508
606509
606510
606511
606512
606513
606514
606515
606516
606517
606518
606786
606788
606790
606800
606801
606803
606806
606807
606808
606809
606810
606811
606812
606813
606814
606815
606816
606817
606818
606819
606820
606821
606822
606823
606824
606825
606826
606827
606828
606829
606830
606831
606832
606833
606869
606870
606871
606872
606873
606874
606875
606876
606877
606878
606879
606880
606881
606882
606883
606884
606885
606886
606887
606888
606889
607157
607159
607161
607171
607172
607174
607177
607178
607179
607180
607181
607182
607183
607184
607185
607186
607187
607188
607189
607190
607191
607192
607193
607194
607195
607196
607197
607198
607199
607200
607201
607202
607203
607204
607240
607241
607242
607243
607244
607245
607246
607247
607248
607249
607250
607251
607252
607253
607254
607255
607256
607257
607258
607259
607260
607528
607530
607532
607542
607543
607545
607548
607549
607550
607551
607552
607553
607554
607555
607556
607557
607558
607559
607560
607561
607562
607563
607564
607565
607566
607567
607568
607569
607570
607571
607572
607573
607574
607575
607611
607612
607613
607614
607615
607616
607617
607618
607619
607620
607621
607622
607623
607624
607625
607626
607627
607628
607629
607630
607631
607899
607901
607903
607913
607914
607916
607919
607920
607921
607922
607923
607924
607925
607926
607927
607928
607929
607930
607931
607932
607933
607934
607935
607936
607937
607938
607939
607940
607941
607942
607943
607944
607945
607946
607982
607983
607984
607985
607986
607987
607988
607989
607990
607991
607992
607993
607994
607995
607996
607997
607998
607999
608000
608001
608002
608270
608272
608274
608284
608285
608287
608290
608291
608292
608293
608294
608295
608296
608297
608298
608299
608300
608301
608302
608303
608304
608305
608306
608307
608308
608309
608310
608311
608312
608313
608314
608315
608316
608317
608353
608354
608355
608356
608357
608358
608359
608360
608361
608362
608363
608364
608365
608366
608367
608368
608369
608370
608371
608372
608373
608641
608643
608645
608655
608656
608658
608661
608662
608663
608664
608665
608666
608667
608668
608669
608670
608671
608672
608673
608674
608675
608676
608677
608678
608679
608680
608681
608682
608683
608684
608685
608686
608687
608688
608724
608725
608726
608727
608728
608729
608730
608731
608732
608733
608734
608735
608736
608737
608738
608739
608740
608741
608742
608743
608744
609012
609014
609016
609026
609027
609029
609032
609033
609034
609035
609036
609037
609038
609039
609040
609041
609042
609043
609044
609045
609046
609047
609048
609049
609050
609051
609052
609053
609054
609055
609056
609057
609058
609059
609095
609096
609097
609098
609099
609100
609101
609102
609103
609104
609105
609106
609107
609108
609109
609110
609111
609112
609113
609114
609115
609383
609385
609387
609397
609398
609400
609403
609404
609405
609406
609407
609408
609409
609410
609411
609412
609413
609414
609415
609416
609417
609418
609419
609420
609421
609422
609423
609424
609425
609426
609427
609428
609429
609430
609466
609467
609468
609469
609470
609471
609472
609473
609474
609475
609476
609477
609478
609479
609480
609481
609482
609483
609484
609485
609486
609754
609756
609758
609768
609769
609771
609774
609775
609776
609777
609778
609779
609780
609781
609782
609783
609784
609785
609786
609787
609788
609789
609790
609791
609792
609793
609794
609795
609796
609797
609798
609799
609800
609801
609837
609838
609839
609840
609841
609842
609843
609844
609845
609846
609847
609848
609849
609850
609851
609852
609853
609854
609855
609856
609857
610125
610127
610129
610139
610140
610142
610145
610146
610147
610148
610149
610150
610151
610152
610153
610154
610155
610156
610157
610158
610159
610160
610161
610162
610163
610164
610165
610166
610167
610168
610169
610170
610171
610172
610208
610209
610210
610211
610212
610213
610214
610215
610216
610217
610218
610219
610220
610221
610222
610223
610224
610225
610226
610227
610228
610496
610498
610500
610510
610511
610513
610516
610517
610518
610519
610520
610521
610522
610523
610524
610525
610526
610527
610528
610529
610530
610531
610532
610533
610534
610535
610536
610537
610538
610539
610540
610541
610542
610543
610579
610580
610581
610582
610583
610584
610585
610586
610587
610588
610589
610590
610591
610592
610593
610594
610595
610596
610597
610598
610599
610867
610869
610871
610881
610882
610884
610887
610888
610889
610890
610891
610892
610893
610894
610895
610896
610897
610898
610899
610900
610901
610902
610903
610904
610905
610906
610907
610908
610909
610910
610911
610912
610913
610914
610950
610951
610952
610953
610954
610955
610956
610957
610958
610959
610960
610961
610962
610963
610964
610965
610966
610967
610968
610969
610970
611238
611240
611242
611252
611253
611255
611258
611259
611260
611261
611262
611263
611264
611265
611266
611267
611268
611269
611270
611271
611272
611273
611274
611275
611276
611277
611278
611279
611280
611281
611282
611283
611284
611285
611321
611322
611323
611324
611325
611326
611327
611328
611329
611330
611331
611332
611333
611334
611335
611336
611337
611338
611339
611340
611341
611609
611611
611613
611623
611624
611626
611629
611630
611631
611632
611633
611634
611635
611636
611637
611638
611639
611640
611641
611642
611643
611644
611645
611646
611647
611648
611649
611650
611651
611652
611653
611654
611655
611656
611692
611693
611694
611695
611696
611697
611698
611699
611700
611701
611702
611703
611704
611705
611706
611707
611708
611709
611710
611711
611712
611980
611982
611984
611994
611995
611997
612000
612001
612002
612003
612004
612005
612006
612007
612008
612009
612010
612011
612012
612013
612014
612015
612016
612017
612018
612019
612020
612021
612022
612023
612024
612025
612026
612027
612063
612064
612065
612066
612067
612068
612069
612070
612071
612072
612073
612074
612075
612076
612077
612078
612079
612080
612081
612082
612083
612351
612353
612355
612365
612366
612368
612371
612372
612373
612374
612375
612376
612377
612378
612379
612380
612381
612382
612383
612384
612385
612386
612387
612388
612389
612390
612391
612392
612393
612394
612395
612396
612397
612398
612434
612435
612436
612437
612438
612439
612440
612441
612442
612443
612444
612445
612446
612447
612448
612449
612450
612451
612452
612453
612454
612722
612724
612726
612736
612737
612739
612742
612743
612744
612745
612746
612747
612748
612749
612750
612751
612752
612753
612754
612755
612756
612757
612758
612759
612760
612761
612762
612763
612764
612765
612766
612767
612768
612769
612805
612806
612807
612808
612809
612810
612811
612812
612813
612814
612815
612816
612817
612818
612819
612820
612821
612822
612823
612824
612825
613093
613095
613097
613107
613108
613110
613113
613114
613115
613116
613117
613118
613119
613120
613121
613122
613123
613124
613125
613126
613127
613128
613129
613130
613131
613132
613133
613134
613135
613136
613137
613138
613139
613140
613176
613177
613178
613179
613180
613181
613182
613183
613184
613185
613186
613187
613188
613189
613190
613191
613192
613193
613194
613195
613196
613464
613466
613468
613478
613479
613481
613484
613485
613486
613487
613488
613489
613490
613491
613492
613493
613494
613495
613496
613497
613498
613499
613500
613501
613502
613503
613504
613505
613506
613507
613508
613509
613510
613511
613547
613548
613549
613550
613551
613552
613553
613554
613555
613556
613557
613558
613559
613560
613561
613562
613563
613564
613565
613566
613567
613835
613837
613839
613849
613850
613852
613855
613856
613857
613858
613859
613860
613861
613862
613863
613864
613865
613866
613867
613868
613869
613870
613871
613872
613873
613874
613875
613876
613877
613878
613879
613880
613881
613882
613918
613919
613920
613921
613922
613923
613924
613925
613926
613927
613928
613929
613930
613931
613932
613933
613934
613935
613936
613937
613938
614206
614208
614210
614220
614221
614223
614226
614227
614228
614229
614230
614231
614232
614233
614234
614235
614236
614237
614238
614239
614240
614241
614242
614243
614244
614245
614246
614247
614248
614249
614250
614251
614252
614253
614289
614290
614291
614292
614293
614294
614295
614296
614297
614298
614299
614300
614301
614302
614303
614304
614305
614306
614307
614308
614309
614577
614579
614581
614591
614592
614594
614597
614598
614599
614600
614601
614602
614603
614604
614605
614606
614607
614608
614609
614610
614611
614612
614613
614614
614615
614616
614617
614618
614619
614620
614621
614622
614623
614624
614660
614661
614662
614663
614664
614665
614666
614667
614668
614669
614670
614671
614672
614673
614674
614675
614676
614677
614678
614679
614680
614948
614950
614952
614962
614963
614965
614968
614969
614970
614971
614972
614973
614974
614975
614976
614977
614978
614979
614980
614981
614982
614983
614984
614985
614986
614987
614988
614989
614990
614991
614992
614993
614994
614995
615031
615032
615033
615034
615035
615036
615037
615038
615039
615040
615041
615042
615043
615044
615045
615046
615047
615048
615049
615050
615051
615319
615321
615323
615333
615334
615336
615339
615340
615341
615342
615343
615344
615345
615346
615347
615348
615349
615350
615351
615352
615353
615354
615355
615356
615357
615358
615359
615360
615361
615362
615363
615364
615365
615366
615402
615403
615404
615405
615406
615407
615408
615409
615410
615411
615412
615413
615414
615415
615416
615417
615418
615419
615420
615421
615422
615690
615692
615694
615704
615705
615707
615710
615711
615712
615713
615714
615715
615716
615717
615718
615719
615720
615721
615722
615723
615724
615725
615726
615727
615728
615729
615730
615731
615732
615733
615734
615735
615736
615737
615773
615774
615775
615776
615777
615778
615779
615780
615781
615782
615783
615784
615785
615786
615787
615788
615789
615790
615791
615792
615793
616061
616063
616065
616075
616076
616078
616081
616082
616083
616084
616085
616086
616087
616088
616089
616090
616091
616092
616093
616094
616095
616096
616097
616098
616099
616100
616101
616102
616103
616104
616105
616106
616107
616108
616144
616145
616146
616147
616148
616149
616150
616151
616152
616153
616154
616155
616156
616157
616158
616159
616160
616161
616162
616163
616164
616432
616434
616436
616446
616447
616449
616452
616453
616454
616455
616456
616457
616458
616459
616460
616461
616462
616463
616464
616465
616466
616467
616468
616469
616470
616471
616472
616473
616474
616475
616476
616477
616478
616479
616515
616516
616517
616518
616519
616520
616521
616522
616523
616524
616525
616526
616527
616528
616529
616530
616531
616532
616533
616534
616535
616803
616805
616807
616817
616818
616820
616823
616824
616825
616826
616827
616828
616829
616830
616831
616832
616833
616834
616835
616836
616837
616838
616839
616840
616841
616842
616843
616844
616845
616846
616847
616848
616849
616850
616886
616887
616888
616889
616890
616891
616892
616893
616894
616895
616896
616897
616898
616899
616900
616901
616902
616903
616904
616905
616906
617174
617176
617178
617188
617189
617191
617194
617195
617196
617197
617198
617199
617200
617201
617202
617203
617204
617205
617206
617207
617208
617209
617210
617211
617212
617213
617214
617215
617216
617217
617218
617219
617220
617221
617257
617258
617259
617260
617261
617262
617263
617264
617265
617266
617267
617268
617269
617270
617271
617272
617273
617274
617275
617276
617277
617545
617547
617549
617559
617560
617562
617565
617566
617567
617568
617569
617570
617571
617572
617573
617574
617575
617576
617577
617578
617579
617580
617581
617582
617583
617584
617585
617586
617587
617588
617589
617590
617591
617592
617628
617629
617630
617631
617632
617633
617634
617635
617636
617637
617638
617639
617640
617641
617642
617643
617644
617645
617646
617647
617648
617916
617918
617920
617930
617931
617933
617936
617937
617938
617939
617940
617941
617942
617943
617944
617945
617946
617947
617948
617949
617950
617951
617952
617953
617954
617955
617956
617957
617958
617959
617960
617961
617962
617963
617999
618000
618001
618002
618003
618004
618005
618006
618007
618008
618009
618010
618011
618012
618013
618014
618015
618016
618017
618018
618019
618287
618289
618291
618301
618302
618304
618307
618308
618309
618310
618311
618312
618313
618314
618315
618316
618317
618318
618319
618320
618321
618322
618323
618324
618325
618326
618327
618328
618329
618330
618331
618332
618333
618334
618370
618371
618372
618373
618374
618375
618376
618377
618378
618379
618380
618381
618382
618383
618384
618385
618386
618387
618388
618389
618390
618658
618660
618662
618672
618673
618675
618678
618679
618680
618681
618682
618683
618684
618685
618686
618687
618688
618689
618690
618691
618692
618693
618694
618695
618696
618697
618698
618699
618700
618701
618702
618703
618704
618705
618741
618742
618743
618744
618745
618746
618747
618748
618749
618750
618751
618752
618753
618754
618755
618756
618757
618758
618759
618760
618761
619029
619031
619033
619043
619044
619046
619049
619050
619051
619052
619053
619054
619055
619056
619057
619058
619059
619060
619061
619062
619063
619064
619065
619066
619067
619068
619069
619070
619071
619072
619073
619074
619075
619076
619112
619113
619114
619115
619116
619117
619118
619119
619120
619121
619122
619123
619124
619125
619126
619127
619128
619129
619130
619131
619132
619400
619402
619404
619414
619415
619417
619420
619421
619422
619423
619424
619425
619426
619427
619428
619429
619430
619431
619432
619433
619434
619435
619436
619437
619438
619439
619440
619441
619442
619443
619444
619445
619446
619447
619483
619484
619485
619486
619487
619488
619489
619490
619491
619492
619493
619494
619495
619496
619497
619498
619499
619500
619501
619502
619503
619771
619773
619775
619785
619786
619788
619791
619792
619793
619794
619795
619796
619797
619798
619799
619800
619801
619802
619803
619804
619805
619806
619807
619808
619809
619810
619811
619812
619813
619814
619815
619816
619817
619818
619854
619855
619856
619857
619858
619859
619860
619861
619862
619863
619864
619865
619866
619867
619868
619869
619870
619871
619872
619873
619874
620142
620144
620146
620156
620157
620159
620162
620163
620164
620165
620166
620167
620168
620169
620170
620171
620172
620173
620174
620175
620176
620177
620178
620179
620180
620181
620182
620183
620184
620185
620186
620187
620188
620189
620225
620226
620227
620228
620229
620230
620231
620232
620233
620234
620235
620236
620237
620238
620239
620240
620241
620242
620243
620244
620245
626002
626005
626014
626015
626016
626017
626018
626019
626020
626031
626072
626076
626084
626085
626086
626087
626088
626089
626090
626101
626142
626146
626154
626155
626156
626157
626158
626159
626160
626171
626212
626216
626224
626225
626226
626227
626228
626229
626230
626241
626282
626286
626294
626295
626296
626297
626298
626299
626300
626311
626352
626356
626364
626365
626366
626367
626368
626369
626370
626381
626422
626426
626434
626435
626436
626437
626438
626439
626440
626451
626492
626496
626504
626505
626506
626507
626508
626509
626510
626521
626562
626566
626574
626575
626576
626577
626578
626579
626580
626591
626632
626636
626644
626645
626646
626647
626648
626649
626650
626661
626702
626706
626714
626715
626716
626717
626718
626719
626720
626731
626772
626776
626784
626785
626786
626787
626788
626789
626790
626801
626842
626846
626854
626855
626856
626857
626858
626859
626860
626871
626912
626916
626924
626925
626926
626927
626928
626929
626930
626941
626982
626986
626994
626995
626996
626997
626998
626999
627000
627011
627052
627056
627064
627065
627066
627067
627068
627069
627070
627081
627122
627126
627134
627135
627136
627137
627138
627139
627140
627151
627192
627196
627204
627205
627206
627207
627208
627209
627210
627221
627262
627266
627274
627275
627276
627277
627278
627279
627280
627291
627332
627336
627344
627345
627346
627347
627348
627349
627350
627361
627402
627406
627414
627415
627416
627417
627418
627419
627420
627431
627472
627476
627484
627485
627486
627487
627488
627489
627490
627501
627542
627546
627554
627555
627556
627557
627558
627559
627560
627571
627612
627616
627624
627625
627626
627627
627628
627629
627630
627641
627682
627686
627694
627695
627696
627697
627698
627699
627700
627711
627752
627756
627764
627765
627766
627767
627768
627769
627770
627781
627822
627826
627834
627835
627836
627837
627838
627839
627840
627851
627892
627896
627904
627905
627906
627907
627908
627909
627910
627921
627962
627966
627974
627975
627976
627977
627978
627979
627980
627991
628032
628036
628044
628045
628046
628047
628048
628049
628050
628061
628102
628106
628114
628115
628116
628117
628118
628119
628120
628131
628172
628176
628184
628185
628186
628187
628188
628189
628190
628201
628242
628246
628254
628255
628256
628257
628258
628259
628260
628271
628312
628316
628324
628325
628326
628327
628328
628329
628330
628341
628382
628386
628394
628395
628396
628397
628398
628399
628400
628411
628452
628456
628464
628465
628466
628467
628468
628469
628470
628481
628522
628526
628534
628535
628536
628537
628538
628539
628540
628551
628592
628596
628604
628605
628606
628607
628608
628609
628610
628621
628662
628666
628674
628675
628676
628677
628678
628679
628680
628691
628732
628736
628744
628745
628746
628747
628748
628749
628750
628761
628802
628806
628814
628815
628816
628817
628818
628819
628820
628831
628872
628876
628884
628885
628886
628887
628888
628889
628890
628901
628942
628946
628954
628955
628956
628957
628958
628959
628960
628971
629012
629016
629024
629025
629026
629027
629028
629029
629030
629041
629082
629086
629094
629095
629096
629097
629098
629099
629100
629111
629152
629156
629164
629165
629166
629167
629168
629169
629170
629181
629222
629226
629234
629235
629236
629237
629238
629239
629240
629251
629292
629296
629304
629305
629306
629307
629308
629309
629310
629321
629362
629366
629374
629375
629376
629377
629378
629379
629380
629391
629432
629436
629444
629445
629446
629447
629448
629449
629450
629461
629502
629506
629514
629515
629516
629517
629518
629519
629520
629531
629572
629576
629584
629585
629586
629587
629588
629589
629590
629601
629642
629646
629654
629655
629656
629657
629658
629659
629660
629671
629712
629716
629724
629725
629726
629727
629728
629729
629730
629741
629782
629786
629794
629795
629796
629797
629798
629799
629800
629811
629852
629856
629864
629865
629866
629867
629868
629869
629870
629881
629922
629926
629934
629935
629936
629937
629938
629939
629940
629951
629992
629996
630004
630005
630006
630007
630008
630009
630010
630021
630062
630066
630074
630075
630076
630077
630078
630079
630080
630091
630132
630136
630144
630145
630146
630147
630148
630149
630150
630161
630202
630206
630214
630215
630216
630217
630218
630219
630220
630231
630272
630276
630284
630285
630286
630287
630288
630289
630290
630301
630342
630346
630354
630355
630356
630357
630358
630359
630360
630371
630412
630416
630424
630425
630426
630427
630428
630429
630430
630441
630482
630486
630494
630495
630496
630497
630498
630499
630500
630511
630552
630556
630564
630565
630566
630567
630568
630569
630570
630581
630622
630626
630634
630635
630636
630637
630638
630639
630640
630651
630692
630696
630704
630705
630706
630707
630708
630709
630710
630721
630762
630766
630774
630775
630776
630777
630778
630779
630780
630791
630832
630836
630844
630845
630846
630847
630848
630849
630850
630861
630902
630906
630914
630915
630916
630917
630918
630919
630920
630931
630972
630976
630984
630985
630986
630987
630988
630989
630990
631001
631042
631046
631054
631055
631056
631057
631058
631059
631060
631071
631112
631116
631124
631125
631126
631127
631128
631129
631130
631141
631182
631186
631194
631195
631196
631197
631198
631199
631200
631211
631252
631256
631264
631265
631266
631267
631268
631269
631270
631281
631322
631326
631334
631335
631336
631337
631338
631339
631340
631351
631392
631396
631404
631405
631406
631407
631408
631409
631410
631421
631462
631466
631474
631475
631476
631477
631478
631479
631480
631491
631532
631536
631544
631545
631546
631547
631548
631549
631550
631561
631602
631606
631614
631615
631616
631617
631618
631619
631620
631631
631672
631676
631684
631685
631686
631687
631688
631689
631690
631701
631742
631746
631754
631755
631756
631757
631758
631759
631760
631771
631812
631816
631824
631825
631826
631827
631828
631829
631830
631841
631882
631886
631894
631895
631896
631897
631898
631899
631900
631911
631952
631956
631964
631965
631966
631967
631968
631969
631970
631981
632022
632026
632034
632035
632036
632037
632038
632039
632040
632051
632092
632096
632104
632105
632106
632107
632108
632109
632110
632121
632162
632166
632174
632175
632176
632177
632178
632179
632180
632191
632232
632236
632244
632245
632246
632247
632248
632249
632250
632261
632302
632306
632314
632315
632316
632317
632318
632319
632320
632331
632372
632376
632384
632385
632386
632387
632388
632389
632390
632401
632442
632446
632454
632455
632456
632457
632458
632459
632460
632471
632512
632516
632524
632525
632526
632527
632528
632529
632530
632541
632582
632586
632594
632595
632596
632597
632598
632599
632600
632611
632652
632656
632664
632665
632666
632667
632668
632669
632670
632681
632722
632726
632734
632735
632736
632737
632738
632739
632740
632751
632792
632796
632804
632805
632806
632807
632808
632809
632810
632821
632862
632866
632874
632875
632876
632877
632878
632879
632880
632891
632932
632936
632944
632945
632946
632947
632948
632949
632950
632961
633002
633006
633014
633015
633016
633017
633018
633019
633020
633031
633072
633076
633084
633085
633086
633087
633088
633089
633090
633101
633142
633146
633154
633155
633156
633157
633158
633159
633160
633171
633212
633216
633224
633225
633226
633227
633228
633229
633230
633241
633282
633286
633294
633295
633296
633297
633298
633299
633300
633311
633352
633356
633364
633365
633366
633367
633368
633369
633370
633381
633422
633426
633434
633435
633436
633437
633438
633439
633440
633451
633492
633496
633504
633505
633506
633507
633508
633509
633510
633521
633562
633566
633574
633575
633576
633577
633578
633579
633580
633591
633632
633636
633644
633645
633646
633647
633648
633649
633650
633661
633702
633706
633714
633715
633716
633717
633718
633719
633720
633731
633772
633776
633784
633785
633786
633787
633788
633789
633790
633801
633842
633846
633854
633855
633856
633857
633858
633859
633860
633871
633912
633916
633924
633925
633926
633927
633928
633929
633930
633941
633982
633986
633994
633995
633996
633997
633998
633999
634000
634011
634052
634056
634064
634065
634066
634067
634068
634069
634070
634081
634122
634126
634134
634135
634136
634137
634138
634139
634140
634151
634192
634196
634204
634205
634206
634207
634208
634209
634210
634221
634262
634266
634274
634275
634276
634277
634278
634279
634280
634291
634332
634336
634344
634345
634346
634347
634348
634349
634350
634361
634402
634406
634414
634415
634416
634417
634418
634419
634420
634431
634472
634476
634484
634485
634486
634487
634488
634489
634490
634501
634542
634546
634554
634555
634556
634557
634558
634559
634560
634571
634612
634616
634624
634625
634626
634627
634628
634629
634630
634641
634682
634686
634694
634695
634696
634697
634698
634699
634700
634711
634752
634756
634764
634765
634766
634767
634768
634769
634770
634781
634822
634826
634834
634835
634836
634837
634838
634839
634840
634851
634892
634896
634904
634905
634906
634907
634908
634909
634910
634921
634962
634966
634974
634975
634976
634977
634978
634979
634980
634991
635032
635036
635044
635045
635046
635047
635048
635049
635050
635061
635102
635106
635114
635115
635116
635117
635118
635119
635120
635131
635172
635176
635184
635185
635186
635187
635188
635189
635190
635201
635242
635246
635254
635255
635256
635257
635258
635259
635260
635271
635312
635316
635324
635325
635326
635327
635328
635329
635330
635341
635382
635386
635394
635395
635396
635397
635398
635399
635400
635411
635452
635456
635464
635465
635466
635467
635468
635469
635470
635481
635522
635526
635534
635535
635536
635537
635538
635539
635540
635551
635592
635596
635604
635605
635606
635607
635608
635609
635610
635621
635662
635666
635674
635675
635676
635677
635678
635679
635680
635691
635732
635736
635744
635745
635746
635747
635748
635749
635750
635761
635802
635806
635814
635815
635816
635817
635818
635819
635820
635831
635872
635876
635884
635885
635886
635887
635888
635889
635890
635901
635942
635946
635954
635955
635956
635957
635958
635959
635960
635971
636012
636016
636024
636025
636026
636027
636028
636029
636030
636041
636082
636086
636094
636095
636096
636097
636098
636099
636100
636111
636152
636156
636164
636165
636166
636167
636168
636169
636170
636181
636222
636226
636234
636235
636236
636237
636238
636239
636240
636251
636292
636296
636304
636305
636306
636307
636308
636309
636310
636321
636362
636366
636374
636375
636376
636377
636378
636379
636380
636391
636432
636436
636444
636445
636446
636447
636448
636449
636450
636461
636502
636506
636514
636515
636516
636517
636518
636519
636520
636531
636572
636576
636584
636585
636586
636587
636588
636589
636590
636601
636642
636646
636654
636655
636656
636657
636658
636659
636660
636671
636712
636716
636724
636725
636726
636727
636728
636729
636730
636741
636782
636786
636794
636795
636796
636797
636798
636799
636800
636811
636852
636856
636864
636865
636866
636867
636868
636869
636870
636881
636922
636926
636934
636935
636936
636937
636938
636939
636940
636951
636992
636996
637004
637005
637006
637007
637008
637009
637010
637021
637062
637066
637074
637075
637076
637077
637078
637079
637080
637091
637132
637136
637144
637145
637146
637147
637148
637149
637150
637161
637202
637206
637214
637215
637216
637217
637218
637219
637220
637231
637272
637276
637284
637285
637286
637287
637288
637289
637290
637301
637342
637346
637354
637355
637356
637357
637358
637359
637360
637371
637412
637416
637424
637425
637426
637427
637428
637429
637430
637441
637482
637486
637494
637495
637496
637497
637498
637499
637500
637511
637552
637556
637564
637565
637566
637567
637568
637569
637570
637581
637622
637626
637634
637635
637636
637637
637638
637639
637640
637651
637692
637696
637704
637705
637706
637707
637708
637709
637710
637721
637762
637766
637774
637775
637776
637777
637778
637779
637780
637791
637832
637836
637844
637845
637846
637847
637848
637849
637850
637861
637902
637906
637914
637915
637916
637917
637918
637919
637920
637931
637972
637976
637984
637985
637986
637987
637988
637989
637990
638001
638042
638046
638054
638055
638056
638057
638058
638059
638060
638071
638112
638116
638124
638125
638126
638127
638128
638129
638130
638141
638182
638186
638194
638195
638196
638197
638198
638199
638200
638211
638252
638256
638264
638265
638266
638267
638268
638269
638270
638281
638322
638326
638334
638335
638336
638337
638338
638339
638340
638351
638392
638396
638404
638405
638406
638407
638408
638409
638410
638421
638462
638466
638474
638475
638476
638477
638478
638479
638480
638491
638532
638536
638544
638545
638546
638547
638548
638549
638550
638561
638602
638606
638614
638615
638616
638617
638618
638619
638620
638631
638672
638676
638684
638685
638686
638687
638688
638689
638690
638701
638742
638746
638754
638755
638756
638757
638758
638759
638760
638771
638812
638816
638824
638825
638826
638827
638828
638829
638830
638841
638882
638886
638894
638895
638896
638897
638898
638899
638900
638911
638952
638956
638964
638965
638966
638967
638968
638969
638970
638981
639022
639026
639034
639035
639036
639037
639038
639039
639040
639051
639092
639096
639104
639105
639106
639107
639108
639109
639110
639121
639162
639166
639174
639175
639176
639177
639178
639179
639180
639191
639232
639236
639244
639245
639246
639247
639248
639249
639250
639261
639302
639306
639314
639315
639316
639317
639318
639319
639320
639331
639372
639376
639384
639385
639386
639387
639388
639389
639390
639401
639442
639446
639454
639455
639456
639457
639458
639459
639460
639471
639512
639516
639524
639525
639526
639527
639528
639529
639530
639541
639582
639586
639594
639595
639596
639597
639598
639599
639600
639611
639652
639656
639664
639665
639666
639667
639668
639669
639670
639681
639722
639726
639734
639735
639736
639737
639738
639739
639740
639751
639792
639796
639804
639805
639806
639807
639808
639809
639810
639821
639862
639866
639874
639875
639876
639877
639878
639879
639880
639891
639932
639936
639944
639945
639946
639947
639948
639949
639950
639961
640003
640005
640008
640017
640019
640022
640031
640033
640036
640045
640047
640050
640059
640061
640064
640073
640075
640078
640087
640089
640092
640101
640103
640106
640115
640117
640120
640129
640131
640134
640143
640145
640148
640157
640159
640162
640171
640173
640176
640185
640187
640190
640199
640201
640204
640213
640215
640218
640227
640229
640232
640241
640243
640246
640255
640257
640260
640269
640271
640274
640283
640285
640288
640297
640299
640302
640311
640313
640316
640325
640327
640330
640339
640341
640344
640353
640355
640358
640367
640369
640372
640381
640383
640386
640395
640397
640400
640409
640411
640414
640423
640425
640428
640437
640439
640442
640451
640453
640456
640465
640467
640470
640479
640481
640484
640493
640495
640498
640507
640509
640512
640521
640523
640526
640535
640537
640540
640549
640551
640554
640563
640565
640568
640577
640579
640582
640591
640593
640596
640605
640607
640610
640619
640621
640624
640633
640635
640638
640647
640649
640652
640661
640663
640666
640675
640677
640680
640689
640691
640694
640703
640705
640708
640717
640719
640722
640731
640733
640736
640745
640747
640750
640759
640761
640764
640773
640775
640778
640787
640789
640792
640801
640803
640806
640815
640817
640820
640829
640831
640834
640843
640845
640848
640857
640859
640862
640871
640873
640876
640885
640887
640890
640899
640901
640904
640913
640915
640918
640927
640929
640932
640941
640943
640946
640955
640957
640960
640969
640971
640974
640983
640985
640988
640997
640999
641002
641011
641013
641016
641025
641027
641030
641039
641041
641044
641053
641055
641058
641067
641069
641072
641081
641083
641086
641095
641097
641100
641109
641111
641114
641123
641125
641128
641137
641139
641142
641151
641153
641156
641165
641167
641170
641179
641181
641184
641193
641195
641198
641207
641209
641212
641221
641223
641226
641235
641237
641240
641249
641251
641254
641263
641265
641268
641277
641279
641282
641291
641293
641296
641305
641307
641310
641319
641321
641324
641333
641335
641338
641347
641349
641352
641361
641363
641366
641375
641377
641380
641389
641391
641394
641403
641405
641408
641417
641419
641422
641431
641433
641436
641445
641447
641450
641459
641461
641464
641473
641475
641478
641487
641489
641492
641501
641503
641506
641515
641517
641520
641529
641531
641534
641543
641545
641548
641557
641559
641562
641571
641573
641576
641585
641587
641590
641599
641601
641604
641613
641615
641618
641627
641629
641632
641641
641643
641646
641655
641657
641660
641669
641671
641674
641683
641685
641688
641697
641699
641702
641711
641713
641716
641725
641727
641730
641739
641741
641744
641753
641755
641758
641767
641769
641772
641781
641783
641786
641795
641797
641800
641809
641811
641814
641823
641825
641828
641837
641839
641842
641851
641853
641856
641865
641867
641870
641879
641881
641884
641893
641895
641898
641907
641909
641912
641921
641923
641926
641935
641937
641940
641949
641951
641954
641963
641965
641968
641977
641979
641982
641991
641993
641996
642005
642007
642010
642019
642021
642024
642033
642035
642038
642047
642049
642052
642061
642063
642066
642075
642077
642080
642089
642091
642094
642103
642105
642108
642117
642119
642122
642131
642133
642136
642145
642147
642150
642159
642161
642164
642173
642175
642178
642187
642189
642192
642201
642203
642206
642215
642217
642220
642229
642231
642234
642243
642245
642248
642257
642259
642262
642271
642273
642276
642285
642287
642290
642299
642301
642304
642313
642315
642318
642327
642329
642332
642341
642343
642346
642355
642357
642360
642369
642371
642374
642383
642385
642388
642397
642399
642402
642411
642413
642416
642425
642427
642430
642439
642441
642444
642453
642455
642458
642467
642469
642472
642481
642483
642486
642495
642497
642500
642509
642511
642514
642523
642525
642528
642537
642539
642542
642551
642553
642556
642565
642567
642570
642579
642581
642584
642593
642595
642598
642607
642609
642612
642621
642623
642626
642635
642637
642640
642649
642651
642654
642663
642665
642668
642677
642679
642682
642691
642693
642696
642705
642707
642710
642719
642721
642724
642733
642735
642738
642747
642749
642752
642761
642763
642766
642775
642777
642780
642789
642791
642794
)


// ************************************************************************* //
