/*--------------------------------*- C++ -*----------------------------------*\
  =========                 |
  \\      /  F ield         | OpenFOAM: The Open Source CFD Toolbox
   \\    /   O peration     | Website:  https://openfoam.org
    \\  /    A nd           | Version:  11
     \\/     M anipulation  |
\*---------------------------------------------------------------------------*/
FoamFile
{
    format      ascii;
    class       labelList;
    location    "constant/fuelPin2_wall/polyMesh";
    object      pointRegionAddressing;
}
// * * * * * * * * * * * * * * * * * * * * * * * * * * * * * * * * * * * * * //


109817
(
79
80
81
82
83
84
110
111
112
113
114
115
140
141
142
143
144
145
146
147
171
172
173
174
175
176
177
178
202
203
204
205
206
207
208
209
233
234
235
236
237
238
239
240
265
266
267
268
269
270
297
298
299
300
668
669
670
671
672
673
699
700
701
702
703
704
729
730
731
732
733
734
735
736
760
761
762
763
764
765
766
767
791
792
793
794
795
796
797
798
822
823
824
825
826
827
828
829
854
855
856
857
858
859
886
887
888
889
1257
1258
1259
1260
1261
1262
1288
1289
1290
1291
1292
1293
1318
1319
1320
1321
1322
1323
1324
1325
1349
1350
1351
1352
1353
1354
1355
1356
1380
1381
1382
1383
1384
1385
1386
1387
1411
1412
1413
1414
1415
1416
1417
1418
1443
1444
1445
1446
1447
1448
1475
1476
1477
1478
1846
1847
1848
1849
1850
1851
1877
1878
1879
1880
1881
1882
1907
1908
1909
1910
1911
1912
1913
1914
1938
1939
1940
1941
1942
1943
1944
1945
1969
1970
1971
1972
1973
1974
1975
1976
2000
2001
2002
2003
2004
2005
2006
2007
2032
2033
2034
2035
2036
2037
2064
2065
2066
2067
2435
2436
2437
2438
2439
2440
2466
2467
2468
2469
2470
2471
2496
2497
2498
2499
2500
2501
2502
2503
2527
2528
2529
2530
2531
2532
2533
2534
2558
2559
2560
2561
2562
2563
2564
2565
2589
2590
2591
2592
2593
2594
2595
2596
2621
2622
2623
2624
2625
2626
2653
2654
2655
2656
3024
3025
3026
3027
3028
3029
3055
3056
3057
3058
3059
3060
3085
3086
3087
3088
3089
3090
3091
3092
3116
3117
3118
3119
3120
3121
3122
3123
3147
3148
3149
3150
3151
3152
3153
3154
3178
3179
3180
3181
3182
3183
3184
3185
3210
3211
3212
3213
3214
3215
3242
3243
3244
3245
3613
3614
3615
3616
3617
3618
3644
3645
3646
3647
3648
3649
3674
3675
3676
3677
3678
3679
3680
3681
3705
3706
3707
3708
3709
3710
3711
3712
3736
3737
3738
3739
3740
3741
3742
3743
3767
3768
3769
3770
3771
3772
3773
3774
3799
3800
3801
3802
3803
3804
3831
3832
3833
3834
4202
4203
4204
4205
4206
4207
4233
4234
4235
4236
4237
4238
4263
4264
4265
4266
4267
4268
4269
4270
4294
4295
4296
4297
4298
4299
4300
4301
4325
4326
4327
4328
4329
4330
4331
4332
4356
4357
4358
4359
4360
4361
4362
4363
4388
4389
4390
4391
4392
4393
4420
4421
4422
4423
4791
4792
4793
4794
4795
4796
4822
4823
4824
4825
4826
4827
4852
4853
4854
4855
4856
4857
4858
4859
4883
4884
4885
4886
4887
4888
4889
4890
4914
4915
4916
4917
4918
4919
4920
4921
4945
4946
4947
4948
4949
4950
4951
4952
4977
4978
4979
4980
4981
4982
5009
5010
5011
5012
5380
5381
5382
5383
5384
5385
5411
5412
5413
5414
5415
5416
5441
5442
5443
5444
5445
5446
5447
5448
5472
5473
5474
5475
5476
5477
5478
5479
5503
5504
5505
5506
5507
5508
5509
5510
5534
5535
5536
5537
5538
5539
5540
5541
5566
5567
5568
5569
5570
5571
5598
5599
5600
5601
5969
5970
5971
5972
5973
5974
6000
6001
6002
6003
6004
6005
6030
6031
6032
6033
6034
6035
6036
6037
6061
6062
6063
6064
6065
6066
6067
6068
6092
6093
6094
6095
6096
6097
6098
6099
6123
6124
6125
6126
6127
6128
6129
6130
6155
6156
6157
6158
6159
6160
6187
6188
6189
6190
6558
6559
6560
6561
6562
6563
6589
6590
6591
6592
6593
6594
6619
6620
6621
6622
6623
6624
6625
6626
6650
6651
6652
6653
6654
6655
6656
6657
6681
6682
6683
6684
6685
6686
6687
6688
6712
6713
6714
6715
6716
6717
6718
6719
6744
6745
6746
6747
6748
6749
6776
6777
6778
6779
7147
7148
7149
7150
7151
7152
7178
7179
7180
7181
7182
7183
7208
7209
7210
7211
7212
7213
7214
7215
7239
7240
7241
7242
7243
7244
7245
7246
7270
7271
7272
7273
7274
7275
7276
7277
7301
7302
7303
7304
7305
7306
7307
7308
7333
7334
7335
7336
7337
7338
7365
7366
7367
7368
7736
7737
7738
7739
7740
7741
7767
7768
7769
7770
7771
7772
7797
7798
7799
7800
7801
7802
7803
7804
7828
7829
7830
7831
7832
7833
7834
7835
7859
7860
7861
7862
7863
7864
7865
7866
7890
7891
7892
7893
7894
7895
7896
7897
7922
7923
7924
7925
7926
7927
7954
7955
7956
7957
8325
8326
8327
8328
8329
8330
8356
8357
8358
8359
8360
8361
8386
8387
8388
8389
8390
8391
8392
8393
8417
8418
8419
8420
8421
8422
8423
8424
8448
8449
8450
8451
8452
8453
8454
8455
8479
8480
8481
8482
8483
8484
8485
8486
8511
8512
8513
8514
8515
8516
8543
8544
8545
8546
8914
8915
8916
8917
8918
8919
8945
8946
8947
8948
8949
8950
8975
8976
8977
8978
8979
8980
8981
8982
9006
9007
9008
9009
9010
9011
9012
9013
9037
9038
9039
9040
9041
9042
9043
9044
9068
9069
9070
9071
9072
9073
9074
9075
9100
9101
9102
9103
9104
9105
9132
9133
9134
9135
9503
9504
9505
9506
9507
9508
9534
9535
9536
9537
9538
9539
9564
9565
9566
9567
9568
9569
9570
9571
9595
9596
9597
9598
9599
9600
9601
9602
9626
9627
9628
9629
9630
9631
9632
9633
9657
9658
9659
9660
9661
9662
9663
9664
9689
9690
9691
9692
9693
9694
9721
9722
9723
9724
10092
10093
10094
10095
10096
10097
10123
10124
10125
10126
10127
10128
10153
10154
10155
10156
10157
10158
10159
10160
10184
10185
10186
10187
10188
10189
10190
10191
10215
10216
10217
10218
10219
10220
10221
10222
10246
10247
10248
10249
10250
10251
10252
10253
10278
10279
10280
10281
10282
10283
10310
10311
10312
10313
10681
10682
10683
10684
10685
10686
10712
10713
10714
10715
10716
10717
10742
10743
10744
10745
10746
10747
10748
10749
10773
10774
10775
10776
10777
10778
10779
10780
10804
10805
10806
10807
10808
10809
10810
10811
10835
10836
10837
10838
10839
10840
10841
10842
10867
10868
10869
10870
10871
10872
10899
10900
10901
10902
11270
11271
11272
11273
11274
11275
11301
11302
11303
11304
11305
11306
11331
11332
11333
11334
11335
11336
11337
11338
11362
11363
11364
11365
11366
11367
11368
11369
11393
11394
11395
11396
11397
11398
11399
11400
11424
11425
11426
11427
11428
11429
11430
11431
11456
11457
11458
11459
11460
11461
11488
11489
11490
11491
11859
11860
11861
11862
11863
11864
11890
11891
11892
11893
11894
11895
11920
11921
11922
11923
11924
11925
11926
11927
11951
11952
11953
11954
11955
11956
11957
11958
11982
11983
11984
11985
11986
11987
11988
11989
12013
12014
12015
12016
12017
12018
12019
12020
12045
12046
12047
12048
12049
12050
12077
12078
12079
12080
12448
12449
12450
12451
12452
12453
12479
12480
12481
12482
12483
12484
12509
12510
12511
12512
12513
12514
12515
12516
12540
12541
12542
12543
12544
12545
12546
12547
12571
12572
12573
12574
12575
12576
12577
12578
12602
12603
12604
12605
12606
12607
12608
12609
12634
12635
12636
12637
12638
12639
12666
12667
12668
12669
13037
13038
13039
13040
13041
13042
13068
13069
13070
13071
13072
13073
13098
13099
13100
13101
13102
13103
13104
13105
13129
13130
13131
13132
13133
13134
13135
13136
13160
13161
13162
13163
13164
13165
13166
13167
13191
13192
13193
13194
13195
13196
13197
13198
13223
13224
13225
13226
13227
13228
13255
13256
13257
13258
13626
13627
13628
13629
13630
13631
13657
13658
13659
13660
13661
13662
13687
13688
13689
13690
13691
13692
13693
13694
13718
13719
13720
13721
13722
13723
13724
13725
13749
13750
13751
13752
13753
13754
13755
13756
13780
13781
13782
13783
13784
13785
13786
13787
13812
13813
13814
13815
13816
13817
13844
13845
13846
13847
14215
14216
14217
14218
14219
14220
14246
14247
14248
14249
14250
14251
14276
14277
14278
14279
14280
14281
14282
14283
14307
14308
14309
14310
14311
14312
14313
14314
14338
14339
14340
14341
14342
14343
14344
14345
14369
14370
14371
14372
14373
14374
14375
14376
14401
14402
14403
14404
14405
14406
14433
14434
14435
14436
14804
14805
14806
14807
14808
14809
14835
14836
14837
14838
14839
14840
14865
14866
14867
14868
14869
14870
14871
14872
14896
14897
14898
14899
14900
14901
14902
14903
14927
14928
14929
14930
14931
14932
14933
14934
14958
14959
14960
14961
14962
14963
14964
14965
14990
14991
14992
14993
14994
14995
15022
15023
15024
15025
15393
15394
15395
15396
15397
15398
15424
15425
15426
15427
15428
15429
15454
15455
15456
15457
15458
15459
15460
15461
15485
15486
15487
15488
15489
15490
15491
15492
15516
15517
15518
15519
15520
15521
15522
15523
15547
15548
15549
15550
15551
15552
15553
15554
15579
15580
15581
15582
15583
15584
15611
15612
15613
15614
15982
15983
15984
15985
15986
15987
16013
16014
16015
16016
16017
16018
16043
16044
16045
16046
16047
16048
16049
16050
16074
16075
16076
16077
16078
16079
16080
16081
16105
16106
16107
16108
16109
16110
16111
16112
16136
16137
16138
16139
16140
16141
16142
16143
16168
16169
16170
16171
16172
16173
16200
16201
16202
16203
16571
16572
16573
16574
16575
16576
16602
16603
16604
16605
16606
16607
16632
16633
16634
16635
16636
16637
16638
16639
16663
16664
16665
16666
16667
16668
16669
16670
16694
16695
16696
16697
16698
16699
16700
16701
16725
16726
16727
16728
16729
16730
16731
16732
16757
16758
16759
16760
16761
16762
16789
16790
16791
16792
17160
17161
17162
17163
17164
17165
17191
17192
17193
17194
17195
17196
17221
17222
17223
17224
17225
17226
17227
17228
17252
17253
17254
17255
17256
17257
17258
17259
17283
17284
17285
17286
17287
17288
17289
17290
17314
17315
17316
17317
17318
17319
17320
17321
17346
17347
17348
17349
17350
17351
17378
17379
17380
17381
17749
17750
17751
17752
17753
17754
17780
17781
17782
17783
17784
17785
17810
17811
17812
17813
17814
17815
17816
17817
17841
17842
17843
17844
17845
17846
17847
17848
17872
17873
17874
17875
17876
17877
17878
17879
17903
17904
17905
17906
17907
17908
17909
17910
17935
17936
17937
17938
17939
17940
17967
17968
17969
17970
18338
18339
18340
18341
18342
18343
18369
18370
18371
18372
18373
18374
18399
18400
18401
18402
18403
18404
18405
18406
18430
18431
18432
18433
18434
18435
18436
18437
18461
18462
18463
18464
18465
18466
18467
18468
18492
18493
18494
18495
18496
18497
18498
18499
18524
18525
18526
18527
18528
18529
18556
18557
18558
18559
18927
18928
18929
18930
18931
18932
18958
18959
18960
18961
18962
18963
18988
18989
18990
18991
18992
18993
18994
18995
19019
19020
19021
19022
19023
19024
19025
19026
19050
19051
19052
19053
19054
19055
19056
19057
19081
19082
19083
19084
19085
19086
19087
19088
19113
19114
19115
19116
19117
19118
19145
19146
19147
19148
19516
19517
19518
19519
19520
19521
19547
19548
19549
19550
19551
19552
19577
19578
19579
19580
19581
19582
19583
19584
19608
19609
19610
19611
19612
19613
19614
19615
19639
19640
19641
19642
19643
19644
19645
19646
19670
19671
19672
19673
19674
19675
19676
19677
19702
19703
19704
19705
19706
19707
19734
19735
19736
19737
20105
20106
20107
20108
20109
20110
20136
20137
20138
20139
20140
20141
20166
20167
20168
20169
20170
20171
20172
20173
20197
20198
20199
20200
20201
20202
20203
20204
20228
20229
20230
20231
20232
20233
20234
20235
20259
20260
20261
20262
20263
20264
20265
20266
20291
20292
20293
20294
20295
20296
20323
20324
20325
20326
20694
20695
20696
20697
20698
20699
20725
20726
20727
20728
20729
20730
20755
20756
20757
20758
20759
20760
20761
20762
20786
20787
20788
20789
20790
20791
20792
20793
20817
20818
20819
20820
20821
20822
20823
20824
20848
20849
20850
20851
20852
20853
20854
20855
20880
20881
20882
20883
20884
20885
20912
20913
20914
20915
21283
21284
21285
21286
21287
21288
21314
21315
21316
21317
21318
21319
21344
21345
21346
21347
21348
21349
21350
21351
21375
21376
21377
21378
21379
21380
21381
21382
21406
21407
21408
21409
21410
21411
21412
21413
21437
21438
21439
21440
21441
21442
21443
21444
21469
21470
21471
21472
21473
21474
21501
21502
21503
21504
21872
21873
21874
21875
21876
21877
21903
21904
21905
21906
21907
21908
21933
21934
21935
21936
21937
21938
21939
21940
21964
21965
21966
21967
21968
21969
21970
21971
21995
21996
21997
21998
21999
22000
22001
22002
22026
22027
22028
22029
22030
22031
22032
22033
22058
22059
22060
22061
22062
22063
22090
22091
22092
22093
22461
22462
22463
22464
22465
22466
22492
22493
22494
22495
22496
22497
22522
22523
22524
22525
22526
22527
22528
22529
22553
22554
22555
22556
22557
22558
22559
22560
22584
22585
22586
22587
22588
22589
22590
22591
22615
22616
22617
22618
22619
22620
22621
22622
22647
22648
22649
22650
22651
22652
22679
22680
22681
22682
23050
23051
23052
23053
23054
23055
23081
23082
23083
23084
23085
23086
23111
23112
23113
23114
23115
23116
23117
23118
23142
23143
23144
23145
23146
23147
23148
23149
23173
23174
23175
23176
23177
23178
23179
23180
23204
23205
23206
23207
23208
23209
23210
23211
23236
23237
23238
23239
23240
23241
23268
23269
23270
23271
23639
23640
23641
23642
23643
23644
23670
23671
23672
23673
23674
23675
23700
23701
23702
23703
23704
23705
23706
23707
23731
23732
23733
23734
23735
23736
23737
23738
23762
23763
23764
23765
23766
23767
23768
23769
23793
23794
23795
23796
23797
23798
23799
23800
23825
23826
23827
23828
23829
23830
23857
23858
23859
23860
24228
24229
24230
24231
24232
24233
24259
24260
24261
24262
24263
24264
24289
24290
24291
24292
24293
24294
24295
24296
24320
24321
24322
24323
24324
24325
24326
24327
24351
24352
24353
24354
24355
24356
24357
24358
24382
24383
24384
24385
24386
24387
24388
24389
24414
24415
24416
24417
24418
24419
24446
24447
24448
24449
24817
24818
24819
24820
24821
24822
24848
24849
24850
24851
24852
24853
24878
24879
24880
24881
24882
24883
24884
24885
24909
24910
24911
24912
24913
24914
24915
24916
24940
24941
24942
24943
24944
24945
24946
24947
24971
24972
24973
24974
24975
24976
24977
24978
25003
25004
25005
25006
25007
25008
25035
25036
25037
25038
25406
25407
25408
25409
25410
25411
25437
25438
25439
25440
25441
25442
25467
25468
25469
25470
25471
25472
25473
25474
25498
25499
25500
25501
25502
25503
25504
25505
25529
25530
25531
25532
25533
25534
25535
25536
25560
25561
25562
25563
25564
25565
25566
25567
25592
25593
25594
25595
25596
25597
25624
25625
25626
25627
25995
25996
25997
25998
25999
26000
26026
26027
26028
26029
26030
26031
26056
26057
26058
26059
26060
26061
26062
26063
26087
26088
26089
26090
26091
26092
26093
26094
26118
26119
26120
26121
26122
26123
26124
26125
26149
26150
26151
26152
26153
26154
26155
26156
26181
26182
26183
26184
26185
26186
26213
26214
26215
26216
26584
26585
26586
26587
26588
26589
26615
26616
26617
26618
26619
26620
26645
26646
26647
26648
26649
26650
26651
26652
26676
26677
26678
26679
26680
26681
26682
26683
26707
26708
26709
26710
26711
26712
26713
26714
26738
26739
26740
26741
26742
26743
26744
26745
26770
26771
26772
26773
26774
26775
26802
26803
26804
26805
27173
27174
27175
27176
27177
27178
27204
27205
27206
27207
27208
27209
27234
27235
27236
27237
27238
27239
27240
27241
27265
27266
27267
27268
27269
27270
27271
27272
27296
27297
27298
27299
27300
27301
27302
27303
27327
27328
27329
27330
27331
27332
27333
27334
27359
27360
27361
27362
27363
27364
27391
27392
27393
27394
27762
27763
27764
27765
27766
27767
27793
27794
27795
27796
27797
27798
27823
27824
27825
27826
27827
27828
27829
27830
27854
27855
27856
27857
27858
27859
27860
27861
27885
27886
27887
27888
27889
27890
27891
27892
27916
27917
27918
27919
27920
27921
27922
27923
27948
27949
27950
27951
27952
27953
27980
27981
27982
27983
28351
28352
28353
28354
28355
28356
28382
28383
28384
28385
28386
28387
28412
28413
28414
28415
28416
28417
28418
28419
28443
28444
28445
28446
28447
28448
28449
28450
28474
28475
28476
28477
28478
28479
28480
28481
28505
28506
28507
28508
28509
28510
28511
28512
28537
28538
28539
28540
28541
28542
28569
28570
28571
28572
28940
28941
28942
28943
28944
28945
28971
28972
28973
28974
28975
28976
29001
29002
29003
29004
29005
29006
29007
29008
29032
29033
29034
29035
29036
29037
29038
29039
29063
29064
29065
29066
29067
29068
29069
29070
29094
29095
29096
29097
29098
29099
29100
29101
29126
29127
29128
29129
29130
29131
29158
29159
29160
29161
29529
29530
29531
29532
29533
29534
29560
29561
29562
29563
29564
29565
29590
29591
29592
29593
29594
29595
29596
29597
29621
29622
29623
29624
29625
29626
29627
29628
29652
29653
29654
29655
29656
29657
29658
29659
29683
29684
29685
29686
29687
29688
29689
29690
29715
29716
29717
29718
29719
29720
29747
29748
29749
29750
30118
30119
30120
30121
30122
30123
30149
30150
30151
30152
30153
30154
30179
30180
30181
30182
30183
30184
30185
30186
30210
30211
30212
30213
30214
30215
30216
30217
30241
30242
30243
30244
30245
30246
30247
30248
30272
30273
30274
30275
30276
30277
30278
30279
30304
30305
30306
30307
30308
30309
30336
30337
30338
30339
30707
30708
30709
30710
30711
30712
30738
30739
30740
30741
30742
30743
30768
30769
30770
30771
30772
30773
30774
30775
30799
30800
30801
30802
30803
30804
30805
30806
30830
30831
30832
30833
30834
30835
30836
30837
30861
30862
30863
30864
30865
30866
30867
30868
30893
30894
30895
30896
30897
30898
30925
30926
30927
30928
31296
31297
31298
31299
31300
31301
31327
31328
31329
31330
31331
31332
31357
31358
31359
31360
31361
31362
31363
31364
31388
31389
31390
31391
31392
31393
31394
31395
31419
31420
31421
31422
31423
31424
31425
31426
31450
31451
31452
31453
31454
31455
31456
31457
31482
31483
31484
31485
31486
31487
31514
31515
31516
31517
31885
31886
31887
31888
31889
31890
31916
31917
31918
31919
31920
31921
31946
31947
31948
31949
31950
31951
31952
31953
31977
31978
31979
31980
31981
31982
31983
31984
32008
32009
32010
32011
32012
32013
32014
32015
32039
32040
32041
32042
32043
32044
32045
32046
32071
32072
32073
32074
32075
32076
32103
32104
32105
32106
32474
32475
32476
32477
32478
32479
32505
32506
32507
32508
32509
32510
32535
32536
32537
32538
32539
32540
32541
32542
32566
32567
32568
32569
32570
32571
32572
32573
32597
32598
32599
32600
32601
32602
32603
32604
32628
32629
32630
32631
32632
32633
32634
32635
32660
32661
32662
32663
32664
32665
32692
32693
32694
32695
33063
33064
33065
33066
33067
33068
33094
33095
33096
33097
33098
33099
33124
33125
33126
33127
33128
33129
33130
33131
33155
33156
33157
33158
33159
33160
33161
33162
33186
33187
33188
33189
33190
33191
33192
33193
33217
33218
33219
33220
33221
33222
33223
33224
33249
33250
33251
33252
33253
33254
33281
33282
33283
33284
33652
33653
33654
33655
33656
33657
33683
33684
33685
33686
33687
33688
33713
33714
33715
33716
33717
33718
33719
33720
33744
33745
33746
33747
33748
33749
33750
33751
33775
33776
33777
33778
33779
33780
33781
33782
33806
33807
33808
33809
33810
33811
33812
33813
33838
33839
33840
33841
33842
33843
33870
33871
33872
33873
34241
34242
34243
34244
34245
34246
34272
34273
34274
34275
34276
34277
34302
34303
34304
34305
34306
34307
34308
34309
34333
34334
34335
34336
34337
34338
34339
34340
34364
34365
34366
34367
34368
34369
34370
34371
34395
34396
34397
34398
34399
34400
34401
34402
34427
34428
34429
34430
34431
34432
34459
34460
34461
34462
34830
34831
34832
34833
34834
34835
34861
34862
34863
34864
34865
34866
34891
34892
34893
34894
34895
34896
34897
34898
34922
34923
34924
34925
34926
34927
34928
34929
34953
34954
34955
34956
34957
34958
34959
34960
34984
34985
34986
34987
34988
34989
34990
34991
35016
35017
35018
35019
35020
35021
35048
35049
35050
35051
35419
35420
35421
35422
35423
35424
35450
35451
35452
35453
35454
35455
35480
35481
35482
35483
35484
35485
35486
35487
35511
35512
35513
35514
35515
35516
35517
35518
35542
35543
35544
35545
35546
35547
35548
35549
35573
35574
35575
35576
35577
35578
35579
35580
35605
35606
35607
35608
35609
35610
35637
35638
35639
35640
36008
36009
36010
36011
36012
36013
36039
36040
36041
36042
36043
36044
36069
36070
36071
36072
36073
36074
36075
36076
36100
36101
36102
36103
36104
36105
36106
36107
36131
36132
36133
36134
36135
36136
36137
36138
36162
36163
36164
36165
36166
36167
36168
36169
36194
36195
36196
36197
36198
36199
36226
36227
36228
36229
36597
36598
36599
36600
36601
36602
36628
36629
36630
36631
36632
36633
36658
36659
36660
36661
36662
36663
36664
36665
36689
36690
36691
36692
36693
36694
36695
36696
36720
36721
36722
36723
36724
36725
36726
36727
36751
36752
36753
36754
36755
36756
36757
36758
36783
36784
36785
36786
36787
36788
36815
36816
36817
36818
37186
37187
37188
37189
37190
37191
37217
37218
37219
37220
37221
37222
37247
37248
37249
37250
37251
37252
37253
37254
37278
37279
37280
37281
37282
37283
37284
37285
37309
37310
37311
37312
37313
37314
37315
37316
37340
37341
37342
37343
37344
37345
37346
37347
37372
37373
37374
37375
37376
37377
37404
37405
37406
37407
37775
37776
37777
37778
37779
37780
37806
37807
37808
37809
37810
37811
37836
37837
37838
37839
37840
37841
37842
37843
37867
37868
37869
37870
37871
37872
37873
37874
37898
37899
37900
37901
37902
37903
37904
37905
37929
37930
37931
37932
37933
37934
37935
37936
37961
37962
37963
37964
37965
37966
37993
37994
37995
37996
38364
38365
38366
38367
38368
38369
38395
38396
38397
38398
38399
38400
38425
38426
38427
38428
38429
38430
38431
38432
38456
38457
38458
38459
38460
38461
38462
38463
38487
38488
38489
38490
38491
38492
38493
38494
38518
38519
38520
38521
38522
38523
38524
38525
38550
38551
38552
38553
38554
38555
38582
38583
38584
38585
38953
38954
38955
38956
38957
38958
38984
38985
38986
38987
38988
38989
39014
39015
39016
39017
39018
39019
39020
39021
39045
39046
39047
39048
39049
39050
39051
39052
39076
39077
39078
39079
39080
39081
39082
39083
39107
39108
39109
39110
39111
39112
39113
39114
39139
39140
39141
39142
39143
39144
39171
39172
39173
39174
39542
39543
39544
39545
39546
39547
39573
39574
39575
39576
39577
39578
39603
39604
39605
39606
39607
39608
39609
39610
39634
39635
39636
39637
39638
39639
39640
39641
39665
39666
39667
39668
39669
39670
39671
39672
39696
39697
39698
39699
39700
39701
39702
39703
39728
39729
39730
39731
39732
39733
39760
39761
39762
39763
40131
40132
40133
40134
40135
40136
40162
40163
40164
40165
40166
40167
40192
40193
40194
40195
40196
40197
40198
40199
40223
40224
40225
40226
40227
40228
40229
40230
40254
40255
40256
40257
40258
40259
40260
40261
40285
40286
40287
40288
40289
40290
40291
40292
40317
40318
40319
40320
40321
40322
40349
40350
40351
40352
40720
40721
40722
40723
40724
40725
40751
40752
40753
40754
40755
40756
40781
40782
40783
40784
40785
40786
40787
40788
40812
40813
40814
40815
40816
40817
40818
40819
40843
40844
40845
40846
40847
40848
40849
40850
40874
40875
40876
40877
40878
40879
40880
40881
40906
40907
40908
40909
40910
40911
40938
40939
40940
40941
41309
41310
41311
41312
41313
41314
41340
41341
41342
41343
41344
41345
41370
41371
41372
41373
41374
41375
41376
41377
41401
41402
41403
41404
41405
41406
41407
41408
41432
41433
41434
41435
41436
41437
41438
41439
41463
41464
41465
41466
41467
41468
41469
41470
41495
41496
41497
41498
41499
41500
41527
41528
41529
41530
41898
41899
41900
41901
41902
41903
41929
41930
41931
41932
41933
41934
41959
41960
41961
41962
41963
41964
41965
41966
41990
41991
41992
41993
41994
41995
41996
41997
42021
42022
42023
42024
42025
42026
42027
42028
42052
42053
42054
42055
42056
42057
42058
42059
42084
42085
42086
42087
42088
42089
42116
42117
42118
42119
42487
42488
42489
42490
42491
42492
42518
42519
42520
42521
42522
42523
42548
42549
42550
42551
42552
42553
42554
42555
42579
42580
42581
42582
42583
42584
42585
42586
42610
42611
42612
42613
42614
42615
42616
42617
42641
42642
42643
42644
42645
42646
42647
42648
42673
42674
42675
42676
42677
42678
42705
42706
42707
42708
43076
43077
43078
43079
43080
43081
43107
43108
43109
43110
43111
43112
43137
43138
43139
43140
43141
43142
43143
43144
43168
43169
43170
43171
43172
43173
43174
43175
43199
43200
43201
43202
43203
43204
43205
43206
43230
43231
43232
43233
43234
43235
43236
43237
43262
43263
43264
43265
43266
43267
43294
43295
43296
43297
43665
43666
43667
43668
43669
43670
43696
43697
43698
43699
43700
43701
43726
43727
43728
43729
43730
43731
43732
43733
43757
43758
43759
43760
43761
43762
43763
43764
43788
43789
43790
43791
43792
43793
43794
43795
43819
43820
43821
43822
43823
43824
43825
43826
43851
43852
43853
43854
43855
43856
43883
43884
43885
43886
44254
44255
44256
44257
44258
44259
44285
44286
44287
44288
44289
44290
44315
44316
44317
44318
44319
44320
44321
44322
44346
44347
44348
44349
44350
44351
44352
44353
44377
44378
44379
44380
44381
44382
44383
44384
44408
44409
44410
44411
44412
44413
44414
44415
44440
44441
44442
44443
44444
44445
44472
44473
44474
44475
44843
44844
44845
44846
44847
44848
44874
44875
44876
44877
44878
44879
44904
44905
44906
44907
44908
44909
44910
44911
44935
44936
44937
44938
44939
44940
44941
44942
44966
44967
44968
44969
44970
44971
44972
44973
44997
44998
44999
45000
45001
45002
45003
45004
45029
45030
45031
45032
45033
45034
45061
45062
45063
45064
45432
45433
45434
45435
45436
45437
45463
45464
45465
45466
45467
45468
45493
45494
45495
45496
45497
45498
45499
45500
45524
45525
45526
45527
45528
45529
45530
45531
45555
45556
45557
45558
45559
45560
45561
45562
45586
45587
45588
45589
45590
45591
45592
45593
45618
45619
45620
45621
45622
45623
45650
45651
45652
45653
46021
46022
46023
46024
46025
46026
46052
46053
46054
46055
46056
46057
46082
46083
46084
46085
46086
46087
46088
46089
46113
46114
46115
46116
46117
46118
46119
46120
46144
46145
46146
46147
46148
46149
46150
46151
46175
46176
46177
46178
46179
46180
46181
46182
46207
46208
46209
46210
46211
46212
46239
46240
46241
46242
46610
46611
46612
46613
46614
46615
46641
46642
46643
46644
46645
46646
46671
46672
46673
46674
46675
46676
46677
46678
46702
46703
46704
46705
46706
46707
46708
46709
46733
46734
46735
46736
46737
46738
46739
46740
46764
46765
46766
46767
46768
46769
46770
46771
46796
46797
46798
46799
46800
46801
46828
46829
46830
46831
47199
47200
47201
47202
47203
47204
47230
47231
47232
47233
47234
47235
47260
47261
47262
47263
47264
47265
47266
47267
47291
47292
47293
47294
47295
47296
47297
47298
47322
47323
47324
47325
47326
47327
47328
47329
47353
47354
47355
47356
47357
47358
47359
47360
47385
47386
47387
47388
47389
47390
47417
47418
47419
47420
47788
47789
47790
47791
47792
47793
47819
47820
47821
47822
47823
47824
47849
47850
47851
47852
47853
47854
47855
47856
47880
47881
47882
47883
47884
47885
47886
47887
47911
47912
47913
47914
47915
47916
47917
47918
47942
47943
47944
47945
47946
47947
47948
47949
47974
47975
47976
47977
47978
47979
48006
48007
48008
48009
48377
48378
48379
48380
48381
48382
48408
48409
48410
48411
48412
48413
48438
48439
48440
48441
48442
48443
48444
48445
48469
48470
48471
48472
48473
48474
48475
48476
48500
48501
48502
48503
48504
48505
48506
48507
48531
48532
48533
48534
48535
48536
48537
48538
48563
48564
48565
48566
48567
48568
48595
48596
48597
48598
48966
48967
48968
48969
48970
48971
48997
48998
48999
49000
49001
49002
49027
49028
49029
49030
49031
49032
49033
49034
49058
49059
49060
49061
49062
49063
49064
49065
49089
49090
49091
49092
49093
49094
49095
49096
49120
49121
49122
49123
49124
49125
49126
49127
49152
49153
49154
49155
49156
49157
49184
49185
49186
49187
49555
49556
49557
49558
49559
49560
49586
49587
49588
49589
49590
49591
49616
49617
49618
49619
49620
49621
49622
49623
49647
49648
49649
49650
49651
49652
49653
49654
49678
49679
49680
49681
49682
49683
49684
49685
49709
49710
49711
49712
49713
49714
49715
49716
49741
49742
49743
49744
49745
49746
49773
49774
49775
49776
50144
50145
50146
50147
50148
50149
50175
50176
50177
50178
50179
50180
50205
50206
50207
50208
50209
50210
50211
50212
50236
50237
50238
50239
50240
50241
50242
50243
50267
50268
50269
50270
50271
50272
50273
50274
50298
50299
50300
50301
50302
50303
50304
50305
50330
50331
50332
50333
50334
50335
50362
50363
50364
50365
50733
50734
50735
50736
50737
50738
50764
50765
50766
50767
50768
50769
50794
50795
50796
50797
50798
50799
50800
50801
50825
50826
50827
50828
50829
50830
50831
50832
50856
50857
50858
50859
50860
50861
50862
50863
50887
50888
50889
50890
50891
50892
50893
50894
50919
50920
50921
50922
50923
50924
50951
50952
50953
50954
51322
51323
51324
51325
51326
51327
51353
51354
51355
51356
51357
51358
51383
51384
51385
51386
51387
51388
51389
51390
51414
51415
51416
51417
51418
51419
51420
51421
51445
51446
51447
51448
51449
51450
51451
51452
51476
51477
51478
51479
51480
51481
51482
51483
51508
51509
51510
51511
51512
51513
51540
51541
51542
51543
51911
51912
51913
51914
51915
51916
51942
51943
51944
51945
51946
51947
51972
51973
51974
51975
51976
51977
51978
51979
52003
52004
52005
52006
52007
52008
52009
52010
52034
52035
52036
52037
52038
52039
52040
52041
52065
52066
52067
52068
52069
52070
52071
52072
52097
52098
52099
52100
52101
52102
52129
52130
52131
52132
52500
52501
52502
52503
52504
52505
52531
52532
52533
52534
52535
52536
52561
52562
52563
52564
52565
52566
52567
52568
52592
52593
52594
52595
52596
52597
52598
52599
52623
52624
52625
52626
52627
52628
52629
52630
52654
52655
52656
52657
52658
52659
52660
52661
52686
52687
52688
52689
52690
52691
52718
52719
52720
52721
53089
53090
53091
53092
53093
53094
53120
53121
53122
53123
53124
53125
53150
53151
53152
53153
53154
53155
53156
53157
53181
53182
53183
53184
53185
53186
53187
53188
53212
53213
53214
53215
53216
53217
53218
53219
53243
53244
53245
53246
53247
53248
53249
53250
53275
53276
53277
53278
53279
53280
53307
53308
53309
53310
53678
53679
53680
53681
53682
53683
53709
53710
53711
53712
53713
53714
53739
53740
53741
53742
53743
53744
53745
53746
53770
53771
53772
53773
53774
53775
53776
53777
53801
53802
53803
53804
53805
53806
53807
53808
53832
53833
53834
53835
53836
53837
53838
53839
53864
53865
53866
53867
53868
53869
53896
53897
53898
53899
54267
54268
54269
54270
54271
54272
54298
54299
54300
54301
54302
54303
54328
54329
54330
54331
54332
54333
54334
54335
54359
54360
54361
54362
54363
54364
54365
54366
54390
54391
54392
54393
54394
54395
54396
54397
54421
54422
54423
54424
54425
54426
54427
54428
54453
54454
54455
54456
54457
54458
54485
54486
54487
54488
54856
54857
54858
54859
54860
54861
54887
54888
54889
54890
54891
54892
54917
54918
54919
54920
54921
54922
54923
54924
54948
54949
54950
54951
54952
54953
54954
54955
54979
54980
54981
54982
54983
54984
54985
54986
55010
55011
55012
55013
55014
55015
55016
55017
55042
55043
55044
55045
55046
55047
55074
55075
55076
55077
55445
55446
55447
55448
55449
55450
55476
55477
55478
55479
55480
55481
55506
55507
55508
55509
55510
55511
55512
55513
55537
55538
55539
55540
55541
55542
55543
55544
55568
55569
55570
55571
55572
55573
55574
55575
55599
55600
55601
55602
55603
55604
55605
55606
55631
55632
55633
55634
55635
55636
55663
55664
55665
55666
56034
56035
56036
56037
56038
56039
56065
56066
56067
56068
56069
56070
56095
56096
56097
56098
56099
56100
56101
56102
56126
56127
56128
56129
56130
56131
56132
56133
56157
56158
56159
56160
56161
56162
56163
56164
56188
56189
56190
56191
56192
56193
56194
56195
56220
56221
56222
56223
56224
56225
56252
56253
56254
56255
56623
56624
56625
56626
56627
56628
56654
56655
56656
56657
56658
56659
56684
56685
56686
56687
56688
56689
56690
56691
56715
56716
56717
56718
56719
56720
56721
56722
56746
56747
56748
56749
56750
56751
56752
56753
56777
56778
56779
56780
56781
56782
56783
56784
56809
56810
56811
56812
56813
56814
56841
56842
56843
56844
57212
57213
57214
57215
57216
57217
57243
57244
57245
57246
57247
57248
57273
57274
57275
57276
57277
57278
57279
57280
57304
57305
57306
57307
57308
57309
57310
57311
57335
57336
57337
57338
57339
57340
57341
57342
57366
57367
57368
57369
57370
57371
57372
57373
57398
57399
57400
57401
57402
57403
57430
57431
57432
57433
57801
57802
57803
57804
57805
57806
57832
57833
57834
57835
57836
57837
57862
57863
57864
57865
57866
57867
57868
57869
57893
57894
57895
57896
57897
57898
57899
57900
57924
57925
57926
57927
57928
57929
57930
57931
57955
57956
57957
57958
57959
57960
57961
57962
57987
57988
57989
57990
57991
57992
58019
58020
58021
58022
58390
58391
58392
58393
58394
58395
58421
58422
58423
58424
58425
58426
58451
58452
58453
58454
58455
58456
58457
58458
58482
58483
58484
58485
58486
58487
58488
58489
58513
58514
58515
58516
58517
58518
58519
58520
58544
58545
58546
58547
58548
58549
58550
58551
58576
58577
58578
58579
58580
58581
58608
58609
58610
58611
58979
58980
58981
58982
58983
58984
59010
59011
59012
59013
59014
59015
59040
59041
59042
59043
59044
59045
59046
59047
59071
59072
59073
59074
59075
59076
59077
59078
59102
59103
59104
59105
59106
59107
59108
59109
59133
59134
59135
59136
59137
59138
59139
59140
59165
59166
59167
59168
59169
59170
59197
59198
59199
59200
59568
59569
59570
59571
59572
59573
59599
59600
59601
59602
59603
59604
59629
59630
59631
59632
59633
59634
59635
59636
59660
59661
59662
59663
59664
59665
59666
59667
59691
59692
59693
59694
59695
59696
59697
59698
59722
59723
59724
59725
59726
59727
59728
59729
59754
59755
59756
59757
59758
59759
59786
59787
59788
59789
60157
60158
60159
60160
60161
60162
60188
60189
60190
60191
60192
60193
60218
60219
60220
60221
60222
60223
60224
60225
60249
60250
60251
60252
60253
60254
60255
60256
60280
60281
60282
60283
60284
60285
60286
60287
60311
60312
60313
60314
60315
60316
60317
60318
60343
60344
60345
60346
60347
60348
60375
60376
60377
60378
60746
60747
60748
60749
60750
60751
60777
60778
60779
60780
60781
60782
60807
60808
60809
60810
60811
60812
60813
60814
60838
60839
60840
60841
60842
60843
60844
60845
60869
60870
60871
60872
60873
60874
60875
60876
60900
60901
60902
60903
60904
60905
60906
60907
60932
60933
60934
60935
60936
60937
60964
60965
60966
60967
61335
61336
61337
61338
61339
61340
61366
61367
61368
61369
61370
61371
61396
61397
61398
61399
61400
61401
61402
61403
61427
61428
61429
61430
61431
61432
61433
61434
61458
61459
61460
61461
61462
61463
61464
61465
61489
61490
61491
61492
61493
61494
61495
61496
61521
61522
61523
61524
61525
61526
61553
61554
61555
61556
61924
61925
61926
61927
61928
61929
61955
61956
61957
61958
61959
61960
61985
61986
61987
61988
61989
61990
61991
61992
62016
62017
62018
62019
62020
62021
62022
62023
62047
62048
62049
62050
62051
62052
62053
62054
62078
62079
62080
62081
62082
62083
62084
62085
62110
62111
62112
62113
62114
62115
62142
62143
62144
62145
62513
62514
62515
62516
62517
62518
62544
62545
62546
62547
62548
62549
62574
62575
62576
62577
62578
62579
62580
62581
62605
62606
62607
62608
62609
62610
62611
62612
62636
62637
62638
62639
62640
62641
62642
62643
62667
62668
62669
62670
62671
62672
62673
62674
62699
62700
62701
62702
62703
62704
62731
62732
62733
62734
63102
63103
63104
63105
63106
63107
63133
63134
63135
63136
63137
63138
63163
63164
63165
63166
63167
63168
63169
63170
63194
63195
63196
63197
63198
63199
63200
63201
63225
63226
63227
63228
63229
63230
63231
63232
63256
63257
63258
63259
63260
63261
63262
63263
63288
63289
63290
63291
63292
63293
63320
63321
63322
63323
63691
63692
63693
63694
63695
63696
63722
63723
63724
63725
63726
63727
63752
63753
63754
63755
63756
63757
63758
63759
63783
63784
63785
63786
63787
63788
63789
63790
63814
63815
63816
63817
63818
63819
63820
63821
63845
63846
63847
63848
63849
63850
63851
63852
63877
63878
63879
63880
63881
63882
63909
63910
63911
63912
64280
64281
64282
64283
64284
64285
64311
64312
64313
64314
64315
64316
64341
64342
64343
64344
64345
64346
64347
64348
64372
64373
64374
64375
64376
64377
64378
64379
64403
64404
64405
64406
64407
64408
64409
64410
64434
64435
64436
64437
64438
64439
64440
64441
64466
64467
64468
64469
64470
64471
64498
64499
64500
64501
64869
64870
64871
64872
64873
64874
64900
64901
64902
64903
64904
64905
64930
64931
64932
64933
64934
64935
64936
64937
64961
64962
64963
64964
64965
64966
64967
64968
64992
64993
64994
64995
64996
64997
64998
64999
65023
65024
65025
65026
65027
65028
65029
65030
65055
65056
65057
65058
65059
65060
65087
65088
65089
65090
65458
65459
65460
65461
65462
65463
65489
65490
65491
65492
65493
65494
65519
65520
65521
65522
65523
65524
65525
65526
65550
65551
65552
65553
65554
65555
65556
65557
65581
65582
65583
65584
65585
65586
65587
65588
65612
65613
65614
65615
65616
65617
65618
65619
65644
65645
65646
65647
65648
65649
65676
65677
65678
65679
66047
66048
66049
66050
66051
66052
66078
66079
66080
66081
66082
66083
66108
66109
66110
66111
66112
66113
66114
66115
66139
66140
66141
66142
66143
66144
66145
66146
66170
66171
66172
66173
66174
66175
66176
66177
66201
66202
66203
66204
66205
66206
66207
66208
66233
66234
66235
66236
66237
66238
66265
66266
66267
66268
66636
66637
66638
66639
66640
66641
66667
66668
66669
66670
66671
66672
66697
66698
66699
66700
66701
66702
66703
66704
66728
66729
66730
66731
66732
66733
66734
66735
66759
66760
66761
66762
66763
66764
66765
66766
66790
66791
66792
66793
66794
66795
66796
66797
66822
66823
66824
66825
66826
66827
66854
66855
66856
66857
67225
67226
67227
67228
67229
67230
67256
67257
67258
67259
67260
67261
67286
67287
67288
67289
67290
67291
67292
67293
67317
67318
67319
67320
67321
67322
67323
67324
67348
67349
67350
67351
67352
67353
67354
67355
67379
67380
67381
67382
67383
67384
67385
67386
67411
67412
67413
67414
67415
67416
67443
67444
67445
67446
67814
67815
67816
67817
67818
67819
67845
67846
67847
67848
67849
67850
67875
67876
67877
67878
67879
67880
67881
67882
67906
67907
67908
67909
67910
67911
67912
67913
67937
67938
67939
67940
67941
67942
67943
67944
67968
67969
67970
67971
67972
67973
67974
67975
68000
68001
68002
68003
68004
68005
68032
68033
68034
68035
68403
68404
68405
68406
68407
68408
68434
68435
68436
68437
68438
68439
68464
68465
68466
68467
68468
68469
68470
68471
68495
68496
68497
68498
68499
68500
68501
68502
68526
68527
68528
68529
68530
68531
68532
68533
68557
68558
68559
68560
68561
68562
68563
68564
68589
68590
68591
68592
68593
68594
68621
68622
68623
68624
68992
68993
68994
68995
68996
68997
69023
69024
69025
69026
69027
69028
69053
69054
69055
69056
69057
69058
69059
69060
69084
69085
69086
69087
69088
69089
69090
69091
69115
69116
69117
69118
69119
69120
69121
69122
69146
69147
69148
69149
69150
69151
69152
69153
69178
69179
69180
69181
69182
69183
69210
69211
69212
69213
69581
69582
69583
69584
69585
69586
69612
69613
69614
69615
69616
69617
69642
69643
69644
69645
69646
69647
69648
69649
69673
69674
69675
69676
69677
69678
69679
69680
69704
69705
69706
69707
69708
69709
69710
69711
69735
69736
69737
69738
69739
69740
69741
69742
69767
69768
69769
69770
69771
69772
69799
69800
69801
69802
70170
70171
70172
70173
70174
70175
70201
70202
70203
70204
70205
70206
70231
70232
70233
70234
70235
70236
70237
70238
70262
70263
70264
70265
70266
70267
70268
70269
70293
70294
70295
70296
70297
70298
70299
70300
70324
70325
70326
70327
70328
70329
70330
70331
70356
70357
70358
70359
70360
70361
70388
70389
70390
70391
70759
70760
70761
70762
70763
70764
70790
70791
70792
70793
70794
70795
70820
70821
70822
70823
70824
70825
70826
70827
70851
70852
70853
70854
70855
70856
70857
70858
70882
70883
70884
70885
70886
70887
70888
70889
70913
70914
70915
70916
70917
70918
70919
70920
70945
70946
70947
70948
70949
70950
70977
70978
70979
70980
71348
71349
71350
71351
71352
71353
71379
71380
71381
71382
71383
71384
71409
71410
71411
71412
71413
71414
71415
71416
71440
71441
71442
71443
71444
71445
71446
71447
71471
71472
71473
71474
71475
71476
71477
71478
71502
71503
71504
71505
71506
71507
71508
71509
71534
71535
71536
71537
71538
71539
71566
71567
71568
71569
71937
71938
71939
71940
71941
71942
71968
71969
71970
71971
71972
71973
71998
71999
72000
72001
72002
72003
72004
72005
72029
72030
72031
72032
72033
72034
72035
72036
72060
72061
72062
72063
72064
72065
72066
72067
72091
72092
72093
72094
72095
72096
72097
72098
72123
72124
72125
72126
72127
72128
72155
72156
72157
72158
72526
72527
72528
72529
72530
72531
72557
72558
72559
72560
72561
72562
72587
72588
72589
72590
72591
72592
72593
72594
72618
72619
72620
72621
72622
72623
72624
72625
72649
72650
72651
72652
72653
72654
72655
72656
72680
72681
72682
72683
72684
72685
72686
72687
72712
72713
72714
72715
72716
72717
72744
72745
72746
72747
73115
73116
73117
73118
73119
73120
73146
73147
73148
73149
73150
73151
73176
73177
73178
73179
73180
73181
73182
73183
73207
73208
73209
73210
73211
73212
73213
73214
73238
73239
73240
73241
73242
73243
73244
73245
73269
73270
73271
73272
73273
73274
73275
73276
73301
73302
73303
73304
73305
73306
73333
73334
73335
73336
73704
73705
73706
73707
73708
73709
73735
73736
73737
73738
73739
73740
73765
73766
73767
73768
73769
73770
73771
73772
73796
73797
73798
73799
73800
73801
73802
73803
73827
73828
73829
73830
73831
73832
73833
73834
73858
73859
73860
73861
73862
73863
73864
73865
73890
73891
73892
73893
73894
73895
73922
73923
73924
73925
74293
74294
74295
74296
74297
74298
74324
74325
74326
74327
74328
74329
74354
74355
74356
74357
74358
74359
74360
74361
74385
74386
74387
74388
74389
74390
74391
74392
74416
74417
74418
74419
74420
74421
74422
74423
74447
74448
74449
74450
74451
74452
74453
74454
74479
74480
74481
74482
74483
74484
74511
74512
74513
74514
74882
74883
74884
74885
74886
74887
74913
74914
74915
74916
74917
74918
74943
74944
74945
74946
74947
74948
74949
74950
74974
74975
74976
74977
74978
74979
74980
74981
75005
75006
75007
75008
75009
75010
75011
75012
75036
75037
75038
75039
75040
75041
75042
75043
75068
75069
75070
75071
75072
75073
75100
75101
75102
75103
75471
75472
75473
75474
75475
75476
75502
75503
75504
75505
75506
75507
75532
75533
75534
75535
75536
75537
75538
75539
75563
75564
75565
75566
75567
75568
75569
75570
75594
75595
75596
75597
75598
75599
75600
75601
75625
75626
75627
75628
75629
75630
75631
75632
75657
75658
75659
75660
75661
75662
75689
75690
75691
75692
76060
76061
76062
76063
76064
76065
76091
76092
76093
76094
76095
76096
76121
76122
76123
76124
76125
76126
76127
76128
76152
76153
76154
76155
76156
76157
76158
76159
76183
76184
76185
76186
76187
76188
76189
76190
76214
76215
76216
76217
76218
76219
76220
76221
76246
76247
76248
76249
76250
76251
76278
76279
76280
76281
76649
76650
76651
76652
76653
76654
76680
76681
76682
76683
76684
76685
76710
76711
76712
76713
76714
76715
76716
76717
76741
76742
76743
76744
76745
76746
76747
76748
76772
76773
76774
76775
76776
76777
76778
76779
76803
76804
76805
76806
76807
76808
76809
76810
76835
76836
76837
76838
76839
76840
76867
76868
76869
76870
77238
77239
77240
77241
77242
77243
77269
77270
77271
77272
77273
77274
77299
77300
77301
77302
77303
77304
77305
77306
77330
77331
77332
77333
77334
77335
77336
77337
77361
77362
77363
77364
77365
77366
77367
77368
77392
77393
77394
77395
77396
77397
77398
77399
77424
77425
77426
77427
77428
77429
77456
77457
77458
77459
77827
77828
77829
77830
77831
77832
77858
77859
77860
77861
77862
77863
77888
77889
77890
77891
77892
77893
77894
77895
77919
77920
77921
77922
77923
77924
77925
77926
77950
77951
77952
77953
77954
77955
77956
77957
77981
77982
77983
77984
77985
77986
77987
77988
78013
78014
78015
78016
78017
78018
78045
78046
78047
78048
78416
78417
78418
78419
78420
78421
78447
78448
78449
78450
78451
78452
78477
78478
78479
78480
78481
78482
78483
78484
78508
78509
78510
78511
78512
78513
78514
78515
78539
78540
78541
78542
78543
78544
78545
78546
78570
78571
78572
78573
78574
78575
78576
78577
78602
78603
78604
78605
78606
78607
78634
78635
78636
78637
79005
79006
79007
79008
79009
79010
79036
79037
79038
79039
79040
79041
79066
79067
79068
79069
79070
79071
79072
79073
79097
79098
79099
79100
79101
79102
79103
79104
79128
79129
79130
79131
79132
79133
79134
79135
79159
79160
79161
79162
79163
79164
79165
79166
79191
79192
79193
79194
79195
79196
79223
79224
79225
79226
79594
79595
79596
79597
79598
79599
79625
79626
79627
79628
79629
79630
79655
79656
79657
79658
79659
79660
79661
79662
79686
79687
79688
79689
79690
79691
79692
79693
79717
79718
79719
79720
79721
79722
79723
79724
79748
79749
79750
79751
79752
79753
79754
79755
79780
79781
79782
79783
79784
79785
79812
79813
79814
79815
80183
80184
80185
80186
80187
80188
80214
80215
80216
80217
80218
80219
80244
80245
80246
80247
80248
80249
80250
80251
80275
80276
80277
80278
80279
80280
80281
80282
80306
80307
80308
80309
80310
80311
80312
80313
80337
80338
80339
80340
80341
80342
80343
80344
80369
80370
80371
80372
80373
80374
80401
80402
80403
80404
80772
80773
80774
80775
80776
80777
80803
80804
80805
80806
80807
80808
80833
80834
80835
80836
80837
80838
80839
80840
80864
80865
80866
80867
80868
80869
80870
80871
80895
80896
80897
80898
80899
80900
80901
80902
80926
80927
80928
80929
80930
80931
80932
80933
80958
80959
80960
80961
80962
80963
80990
80991
80992
80993
81361
81362
81363
81364
81365
81366
81392
81393
81394
81395
81396
81397
81422
81423
81424
81425
81426
81427
81428
81429
81453
81454
81455
81456
81457
81458
81459
81460
81484
81485
81486
81487
81488
81489
81490
81491
81515
81516
81517
81518
81519
81520
81521
81522
81547
81548
81549
81550
81551
81552
81579
81580
81581
81582
81950
81951
81952
81953
81954
81955
81981
81982
81983
81984
81985
81986
82011
82012
82013
82014
82015
82016
82017
82018
82042
82043
82044
82045
82046
82047
82048
82049
82073
82074
82075
82076
82077
82078
82079
82080
82104
82105
82106
82107
82108
82109
82110
82111
82136
82137
82138
82139
82140
82141
82168
82169
82170
82171
82539
82540
82541
82542
82543
82544
82570
82571
82572
82573
82574
82575
82600
82601
82602
82603
82604
82605
82606
82607
82631
82632
82633
82634
82635
82636
82637
82638
82662
82663
82664
82665
82666
82667
82668
82669
82693
82694
82695
82696
82697
82698
82699
82700
82725
82726
82727
82728
82729
82730
82757
82758
82759
82760
83128
83129
83130
83131
83132
83133
83159
83160
83161
83162
83163
83164
83189
83190
83191
83192
83193
83194
83195
83196
83220
83221
83222
83223
83224
83225
83226
83227
83251
83252
83253
83254
83255
83256
83257
83258
83282
83283
83284
83285
83286
83287
83288
83289
83314
83315
83316
83317
83318
83319
83346
83347
83348
83349
83717
83718
83719
83720
83721
83722
83748
83749
83750
83751
83752
83753
83778
83779
83780
83781
83782
83783
83784
83785
83809
83810
83811
83812
83813
83814
83815
83816
83840
83841
83842
83843
83844
83845
83846
83847
83871
83872
83873
83874
83875
83876
83877
83878
83903
83904
83905
83906
83907
83908
83935
83936
83937
83938
84306
84307
84308
84309
84310
84311
84337
84338
84339
84340
84341
84342
84367
84368
84369
84370
84371
84372
84373
84374
84398
84399
84400
84401
84402
84403
84404
84405
84429
84430
84431
84432
84433
84434
84435
84436
84460
84461
84462
84463
84464
84465
84466
84467
84492
84493
84494
84495
84496
84497
84524
84525
84526
84527
84895
84896
84897
84898
84899
84900
84926
84927
84928
84929
84930
84931
84956
84957
84958
84959
84960
84961
84962
84963
84987
84988
84989
84990
84991
84992
84993
84994
85018
85019
85020
85021
85022
85023
85024
85025
85049
85050
85051
85052
85053
85054
85055
85056
85081
85082
85083
85084
85085
85086
85113
85114
85115
85116
85484
85485
85486
85487
85488
85489
85515
85516
85517
85518
85519
85520
85545
85546
85547
85548
85549
85550
85551
85552
85576
85577
85578
85579
85580
85581
85582
85583
85607
85608
85609
85610
85611
85612
85613
85614
85638
85639
85640
85641
85642
85643
85644
85645
85670
85671
85672
85673
85674
85675
85702
85703
85704
85705
86073
86074
86075
86076
86077
86078
86104
86105
86106
86107
86108
86109
86134
86135
86136
86137
86138
86139
86140
86141
86165
86166
86167
86168
86169
86170
86171
86172
86196
86197
86198
86199
86200
86201
86202
86203
86227
86228
86229
86230
86231
86232
86233
86234
86259
86260
86261
86262
86263
86264
86291
86292
86293
86294
86662
86663
86664
86665
86666
86667
86693
86694
86695
86696
86697
86698
86723
86724
86725
86726
86727
86728
86729
86730
86754
86755
86756
86757
86758
86759
86760
86761
86785
86786
86787
86788
86789
86790
86791
86792
86816
86817
86818
86819
86820
86821
86822
86823
86848
86849
86850
86851
86852
86853
86880
86881
86882
86883
87251
87252
87253
87254
87255
87256
87282
87283
87284
87285
87286
87287
87312
87313
87314
87315
87316
87317
87318
87319
87343
87344
87345
87346
87347
87348
87349
87350
87374
87375
87376
87377
87378
87379
87380
87381
87405
87406
87407
87408
87409
87410
87411
87412
87437
87438
87439
87440
87441
87442
87469
87470
87471
87472
87840
87841
87842
87843
87844
87845
87871
87872
87873
87874
87875
87876
87901
87902
87903
87904
87905
87906
87907
87908
87932
87933
87934
87935
87936
87937
87938
87939
87963
87964
87965
87966
87967
87968
87969
87970
87994
87995
87996
87997
87998
87999
88000
88001
88026
88027
88028
88029
88030
88031
88058
88059
88060
88061
88429
88430
88431
88432
88433
88434
88460
88461
88462
88463
88464
88465
88490
88491
88492
88493
88494
88495
88496
88497
88521
88522
88523
88524
88525
88526
88527
88528
88552
88553
88554
88555
88556
88557
88558
88559
88583
88584
88585
88586
88587
88588
88589
88590
88615
88616
88617
88618
88619
88620
88647
88648
88649
88650
89018
89019
89020
89021
89022
89023
89049
89050
89051
89052
89053
89054
89079
89080
89081
89082
89083
89084
89085
89086
89110
89111
89112
89113
89114
89115
89116
89117
89141
89142
89143
89144
89145
89146
89147
89148
89172
89173
89174
89175
89176
89177
89178
89179
89204
89205
89206
89207
89208
89209
89236
89237
89238
89239
89607
89608
89609
89610
89611
89612
89638
89639
89640
89641
89642
89643
89668
89669
89670
89671
89672
89673
89674
89675
89699
89700
89701
89702
89703
89704
89705
89706
89730
89731
89732
89733
89734
89735
89736
89737
89761
89762
89763
89764
89765
89766
89767
89768
89793
89794
89795
89796
89797
89798
89825
89826
89827
89828
90196
90197
90198
90199
90200
90201
90227
90228
90229
90230
90231
90232
90257
90258
90259
90260
90261
90262
90263
90264
90288
90289
90290
90291
90292
90293
90294
90295
90319
90320
90321
90322
90323
90324
90325
90326
90350
90351
90352
90353
90354
90355
90356
90357
90382
90383
90384
90385
90386
90387
90414
90415
90416
90417
90785
90786
90787
90788
90789
90790
90816
90817
90818
90819
90820
90821
90846
90847
90848
90849
90850
90851
90852
90853
90877
90878
90879
90880
90881
90882
90883
90884
90908
90909
90910
90911
90912
90913
90914
90915
90939
90940
90941
90942
90943
90944
90945
90946
90971
90972
90973
90974
90975
90976
91003
91004
91005
91006
91374
91375
91376
91377
91378
91379
91405
91406
91407
91408
91409
91410
91435
91436
91437
91438
91439
91440
91441
91442
91466
91467
91468
91469
91470
91471
91472
91473
91497
91498
91499
91500
91501
91502
91503
91504
91528
91529
91530
91531
91532
91533
91534
91535
91560
91561
91562
91563
91564
91565
91592
91593
91594
91595
91963
91964
91965
91966
91967
91968
91994
91995
91996
91997
91998
91999
92024
92025
92026
92027
92028
92029
92030
92031
92055
92056
92057
92058
92059
92060
92061
92062
92086
92087
92088
92089
92090
92091
92092
92093
92117
92118
92119
92120
92121
92122
92123
92124
92149
92150
92151
92152
92153
92154
92181
92182
92183
92184
92552
92553
92554
92555
92556
92557
92583
92584
92585
92586
92587
92588
92613
92614
92615
92616
92617
92618
92619
92620
92644
92645
92646
92647
92648
92649
92650
92651
92675
92676
92677
92678
92679
92680
92681
92682
92706
92707
92708
92709
92710
92711
92712
92713
92738
92739
92740
92741
92742
92743
92770
92771
92772
92773
93141
93142
93143
93144
93145
93146
93172
93173
93174
93175
93176
93177
93202
93203
93204
93205
93206
93207
93208
93209
93233
93234
93235
93236
93237
93238
93239
93240
93264
93265
93266
93267
93268
93269
93270
93271
93295
93296
93297
93298
93299
93300
93301
93302
93327
93328
93329
93330
93331
93332
93359
93360
93361
93362
93730
93731
93732
93733
93734
93735
93761
93762
93763
93764
93765
93766
93791
93792
93793
93794
93795
93796
93797
93798
93822
93823
93824
93825
93826
93827
93828
93829
93853
93854
93855
93856
93857
93858
93859
93860
93884
93885
93886
93887
93888
93889
93890
93891
93916
93917
93918
93919
93920
93921
93948
93949
93950
93951
94319
94320
94321
94322
94323
94324
94350
94351
94352
94353
94354
94355
94380
94381
94382
94383
94384
94385
94386
94387
94411
94412
94413
94414
94415
94416
94417
94418
94442
94443
94444
94445
94446
94447
94448
94449
94473
94474
94475
94476
94477
94478
94479
94480
94505
94506
94507
94508
94509
94510
94537
94538
94539
94540
94908
94909
94910
94911
94912
94913
94939
94940
94941
94942
94943
94944
94969
94970
94971
94972
94973
94974
94975
94976
95000
95001
95002
95003
95004
95005
95006
95007
95031
95032
95033
95034
95035
95036
95037
95038
95062
95063
95064
95065
95066
95067
95068
95069
95094
95095
95096
95097
95098
95099
95126
95127
95128
95129
95497
95498
95499
95500
95501
95502
95528
95529
95530
95531
95532
95533
95558
95559
95560
95561
95562
95563
95564
95565
95589
95590
95591
95592
95593
95594
95595
95596
95620
95621
95622
95623
95624
95625
95626
95627
95651
95652
95653
95654
95655
95656
95657
95658
95683
95684
95685
95686
95687
95688
95715
95716
95717
95718
96086
96087
96088
96089
96090
96091
96117
96118
96119
96120
96121
96122
96147
96148
96149
96150
96151
96152
96153
96154
96178
96179
96180
96181
96182
96183
96184
96185
96209
96210
96211
96212
96213
96214
96215
96216
96240
96241
96242
96243
96244
96245
96246
96247
96272
96273
96274
96275
96276
96277
96304
96305
96306
96307
96675
96676
96677
96678
96679
96680
96706
96707
96708
96709
96710
96711
96736
96737
96738
96739
96740
96741
96742
96743
96767
96768
96769
96770
96771
96772
96773
96774
96798
96799
96800
96801
96802
96803
96804
96805
96829
96830
96831
96832
96833
96834
96835
96836
96861
96862
96863
96864
96865
96866
96893
96894
96895
96896
97264
97265
97266
97267
97268
97269
97295
97296
97297
97298
97299
97300
97325
97326
97327
97328
97329
97330
97331
97332
97356
97357
97358
97359
97360
97361
97362
97363
97387
97388
97389
97390
97391
97392
97393
97394
97418
97419
97420
97421
97422
97423
97424
97425
97450
97451
97452
97453
97454
97455
97482
97483
97484
97485
97853
97854
97855
97856
97857
97858
97884
97885
97886
97887
97888
97889
97914
97915
97916
97917
97918
97919
97920
97921
97945
97946
97947
97948
97949
97950
97951
97952
97976
97977
97978
97979
97980
97981
97982
97983
98007
98008
98009
98010
98011
98012
98013
98014
98039
98040
98041
98042
98043
98044
98071
98072
98073
98074
98442
98443
98444
98445
98446
98447
98473
98474
98475
98476
98477
98478
98503
98504
98505
98506
98507
98508
98509
98510
98534
98535
98536
98537
98538
98539
98540
98541
98565
98566
98567
98568
98569
98570
98571
98572
98596
98597
98598
98599
98600
98601
98602
98603
98628
98629
98630
98631
98632
98633
98660
98661
98662
98663
99031
99032
99033
99034
99035
99036
99062
99063
99064
99065
99066
99067
99092
99093
99094
99095
99096
99097
99098
99099
99123
99124
99125
99126
99127
99128
99129
99130
99154
99155
99156
99157
99158
99159
99160
99161
99185
99186
99187
99188
99189
99190
99191
99192
99217
99218
99219
99220
99221
99222
99249
99250
99251
99252
99620
99621
99622
99623
99624
99625
99651
99652
99653
99654
99655
99656
99681
99682
99683
99684
99685
99686
99687
99688
99712
99713
99714
99715
99716
99717
99718
99719
99743
99744
99745
99746
99747
99748
99749
99750
99774
99775
99776
99777
99778
99779
99780
99781
99806
99807
99808
99809
99810
99811
99838
99839
99840
99841
100209
100210
100211
100212
100213
100214
100240
100241
100242
100243
100244
100245
100270
100271
100272
100273
100274
100275
100276
100277
100301
100302
100303
100304
100305
100306
100307
100308
100332
100333
100334
100335
100336
100337
100338
100339
100363
100364
100365
100366
100367
100368
100369
100370
100395
100396
100397
100398
100399
100400
100427
100428
100429
100430
100798
100799
100800
100801
100802
100803
100829
100830
100831
100832
100833
100834
100859
100860
100861
100862
100863
100864
100865
100866
100890
100891
100892
100893
100894
100895
100896
100897
100921
100922
100923
100924
100925
100926
100927
100928
100952
100953
100954
100955
100956
100957
100958
100959
100984
100985
100986
100987
100988
100989
101016
101017
101018
101019
101387
101388
101389
101390
101391
101392
101418
101419
101420
101421
101422
101423
101448
101449
101450
101451
101452
101453
101454
101455
101479
101480
101481
101482
101483
101484
101485
101486
101510
101511
101512
101513
101514
101515
101516
101517
101541
101542
101543
101544
101545
101546
101547
101548
101573
101574
101575
101576
101577
101578
101605
101606
101607
101608
101976
101977
101978
101979
101980
101981
102007
102008
102009
102010
102011
102012
102037
102038
102039
102040
102041
102042
102043
102044
102068
102069
102070
102071
102072
102073
102074
102075
102099
102100
102101
102102
102103
102104
102105
102106
102130
102131
102132
102133
102134
102135
102136
102137
102162
102163
102164
102165
102166
102167
102194
102195
102196
102197
102565
102566
102567
102568
102569
102570
102596
102597
102598
102599
102600
102601
102626
102627
102628
102629
102630
102631
102632
102633
102657
102658
102659
102660
102661
102662
102663
102664
102688
102689
102690
102691
102692
102693
102694
102695
102719
102720
102721
102722
102723
102724
102725
102726
102751
102752
102753
102754
102755
102756
102783
102784
102785
102786
103154
103155
103156
103157
103158
103159
103185
103186
103187
103188
103189
103190
103215
103216
103217
103218
103219
103220
103221
103222
103246
103247
103248
103249
103250
103251
103252
103253
103277
103278
103279
103280
103281
103282
103283
103284
103308
103309
103310
103311
103312
103313
103314
103315
103340
103341
103342
103343
103344
103345
103372
103373
103374
103375
103743
103744
103745
103746
103747
103748
103774
103775
103776
103777
103778
103779
103804
103805
103806
103807
103808
103809
103810
103811
103835
103836
103837
103838
103839
103840
103841
103842
103866
103867
103868
103869
103870
103871
103872
103873
103897
103898
103899
103900
103901
103902
103903
103904
103929
103930
103931
103932
103933
103934
103961
103962
103963
103964
104332
104333
104334
104335
104336
104337
104363
104364
104365
104366
104367
104368
104393
104394
104395
104396
104397
104398
104399
104400
104424
104425
104426
104427
104428
104429
104430
104431
104455
104456
104457
104458
104459
104460
104461
104462
104486
104487
104488
104489
104490
104491
104492
104493
104518
104519
104520
104521
104522
104523
104550
104551
104552
104553
104921
104922
104923
104924
104925
104926
104952
104953
104954
104955
104956
104957
104982
104983
104984
104985
104986
104987
104988
104989
105013
105014
105015
105016
105017
105018
105019
105020
105044
105045
105046
105047
105048
105049
105050
105051
105075
105076
105077
105078
105079
105080
105081
105082
105107
105108
105109
105110
105111
105112
105139
105140
105141
105142
105510
105511
105512
105513
105514
105515
105541
105542
105543
105544
105545
105546
105571
105572
105573
105574
105575
105576
105577
105578
105602
105603
105604
105605
105606
105607
105608
105609
105633
105634
105635
105636
105637
105638
105639
105640
105664
105665
105666
105667
105668
105669
105670
105671
105696
105697
105698
105699
105700
105701
105728
105729
105730
105731
106099
106100
106101
106102
106103
106104
106130
106131
106132
106133
106134
106135
106160
106161
106162
106163
106164
106165
106166
106167
106191
106192
106193
106194
106195
106196
106197
106198
106222
106223
106224
106225
106226
106227
106228
106229
106253
106254
106255
106256
106257
106258
106259
106260
106285
106286
106287
106288
106289
106290
106317
106318
106319
106320
106688
106689
106690
106691
106692
106693
106719
106720
106721
106722
106723
106724
106749
106750
106751
106752
106753
106754
106755
106756
106780
106781
106782
106783
106784
106785
106786
106787
106811
106812
106813
106814
106815
106816
106817
106818
106842
106843
106844
106845
106846
106847
106848
106849
106874
106875
106876
106877
106878
106879
106906
106907
106908
106909
107277
107278
107279
107280
107281
107282
107308
107309
107310
107311
107312
107313
107338
107339
107340
107341
107342
107343
107344
107345
107369
107370
107371
107372
107373
107374
107375
107376
107400
107401
107402
107403
107404
107405
107406
107407
107431
107432
107433
107434
107435
107436
107437
107438
107463
107464
107465
107466
107467
107468
107495
107496
107497
107498
107866
107867
107868
107869
107870
107871
107897
107898
107899
107900
107901
107902
107927
107928
107929
107930
107931
107932
107933
107934
107958
107959
107960
107961
107962
107963
107964
107965
107989
107990
107991
107992
107993
107994
107995
107996
108020
108021
108022
108023
108024
108025
108026
108027
108052
108053
108054
108055
108056
108057
108084
108085
108086
108087
108455
108456
108457
108458
108459
108460
108486
108487
108488
108489
108490
108491
108516
108517
108518
108519
108520
108521
108522
108523
108547
108548
108549
108550
108551
108552
108553
108554
108578
108579
108580
108581
108582
108583
108584
108585
108609
108610
108611
108612
108613
108614
108615
108616
108641
108642
108643
108644
108645
108646
108673
108674
108675
108676
109044
109045
109046
109047
109048
109049
109075
109076
109077
109078
109079
109080
109105
109106
109107
109108
109109
109110
109111
109112
109136
109137
109138
109139
109140
109141
109142
109143
109167
109168
109169
109170
109171
109172
109173
109174
109198
109199
109200
109201
109202
109203
109204
109205
109230
109231
109232
109233
109234
109235
109262
109263
109264
109265
109633
109634
109635
109636
109637
109638
109664
109665
109666
109667
109668
109669
109694
109695
109696
109697
109698
109699
109700
109701
109725
109726
109727
109728
109729
109730
109731
109732
109756
109757
109758
109759
109760
109761
109762
109763
109787
109788
109789
109790
109791
109792
109793
109794
109819
109820
109821
109822
109823
109824
109851
109852
109853
109854
110222
110223
110224
110225
110226
110227
110253
110254
110255
110256
110257
110258
110283
110284
110285
110286
110287
110288
110289
110290
110314
110315
110316
110317
110318
110319
110320
110321
110345
110346
110347
110348
110349
110350
110351
110352
110376
110377
110378
110379
110380
110381
110382
110383
110408
110409
110410
110411
110412
110413
110440
110441
110442
110443
110811
110812
110813
110814
110815
110816
110842
110843
110844
110845
110846
110847
110872
110873
110874
110875
110876
110877
110878
110879
110903
110904
110905
110906
110907
110908
110909
110910
110934
110935
110936
110937
110938
110939
110940
110941
110965
110966
110967
110968
110969
110970
110971
110972
110997
110998
110999
111000
111001
111002
111029
111030
111031
111032
111400
111401
111402
111403
111404
111405
111431
111432
111433
111434
111435
111436
111461
111462
111463
111464
111465
111466
111467
111468
111492
111493
111494
111495
111496
111497
111498
111499
111523
111524
111525
111526
111527
111528
111529
111530
111554
111555
111556
111557
111558
111559
111560
111561
111586
111587
111588
111589
111590
111591
111618
111619
111620
111621
111989
111990
111991
111992
111993
111994
112020
112021
112022
112023
112024
112025
112050
112051
112052
112053
112054
112055
112056
112057
112081
112082
112083
112084
112085
112086
112087
112088
112112
112113
112114
112115
112116
112117
112118
112119
112143
112144
112145
112146
112147
112148
112149
112150
112175
112176
112177
112178
112179
112180
112207
112208
112209
112210
112578
112579
112580
112581
112582
112583
112609
112610
112611
112612
112613
112614
112639
112640
112641
112642
112643
112644
112645
112646
112670
112671
112672
112673
112674
112675
112676
112677
112701
112702
112703
112704
112705
112706
112707
112708
112732
112733
112734
112735
112736
112737
112738
112739
112764
112765
112766
112767
112768
112769
112796
112797
112798
112799
113167
113168
113169
113170
113171
113172
113198
113199
113200
113201
113202
113203
113228
113229
113230
113231
113232
113233
113234
113235
113259
113260
113261
113262
113263
113264
113265
113266
113290
113291
113292
113293
113294
113295
113296
113297
113321
113322
113323
113324
113325
113326
113327
113328
113353
113354
113355
113356
113357
113358
113385
113386
113387
113388
113756
113757
113758
113759
113760
113761
113787
113788
113789
113790
113791
113792
113817
113818
113819
113820
113821
113822
113823
113824
113848
113849
113850
113851
113852
113853
113854
113855
113879
113880
113881
113882
113883
113884
113885
113886
113910
113911
113912
113913
113914
113915
113916
113917
113942
113943
113944
113945
113946
113947
113974
113975
113976
113977
114345
114346
114347
114348
114349
114350
114376
114377
114378
114379
114380
114381
114406
114407
114408
114409
114410
114411
114412
114413
114437
114438
114439
114440
114441
114442
114443
114444
114468
114469
114470
114471
114472
114473
114474
114475
114499
114500
114501
114502
114503
114504
114505
114506
114531
114532
114533
114534
114535
114536
114563
114564
114565
114566
114934
114935
114936
114937
114938
114939
114965
114966
114967
114968
114969
114970
114995
114996
114997
114998
114999
115000
115001
115002
115026
115027
115028
115029
115030
115031
115032
115033
115057
115058
115059
115060
115061
115062
115063
115064
115088
115089
115090
115091
115092
115093
115094
115095
115120
115121
115122
115123
115124
115125
115152
115153
115154
115155
115523
115524
115525
115526
115527
115528
115554
115555
115556
115557
115558
115559
115584
115585
115586
115587
115588
115589
115590
115591
115615
115616
115617
115618
115619
115620
115621
115622
115646
115647
115648
115649
115650
115651
115652
115653
115677
115678
115679
115680
115681
115682
115683
115684
115709
115710
115711
115712
115713
115714
115741
115742
115743
115744
116112
116113
116114
116115
116116
116117
116143
116144
116145
116146
116147
116148
116173
116174
116175
116176
116177
116178
116179
116180
116204
116205
116206
116207
116208
116209
116210
116211
116235
116236
116237
116238
116239
116240
116241
116242
116266
116267
116268
116269
116270
116271
116272
116273
116298
116299
116300
116301
116302
116303
116330
116331
116332
116333
116701
116702
116703
116704
116705
116706
116732
116733
116734
116735
116736
116737
116762
116763
116764
116765
116766
116767
116768
116769
116793
116794
116795
116796
116797
116798
116799
116800
116824
116825
116826
116827
116828
116829
116830
116831
116855
116856
116857
116858
116859
116860
116861
116862
116887
116888
116889
116890
116891
116892
116919
116920
116921
116922
117290
117291
117292
117293
117294
117295
117321
117322
117323
117324
117325
117326
117351
117352
117353
117354
117355
117356
117357
117358
117382
117383
117384
117385
117386
117387
117388
117389
117413
117414
117415
117416
117417
117418
117419
117420
117444
117445
117446
117447
117448
117449
117450
117451
117476
117477
117478
117479
117480
117481
117508
117509
117510
117511
117879
117880
117881
117882
117883
117884
117910
117911
117912
117913
117914
117915
117940
117941
117942
117943
117944
117945
117946
117947
117971
117972
117973
117974
117975
117976
117977
117978
118002
118003
118004
118005
118006
118007
118008
118009
118033
118034
118035
118036
118037
118038
118039
118040
118065
118066
118067
118068
118069
118070
118097
118098
118099
118100
118399
118400
118401
118407
118408
118409
118410
118411
118412
118423
118424
118436
118437
118438
118447
118448
118449
118459
118460
118465
118466
118469
118470
118471
118472
118473
118477
118478
118479
118506
118507
118508
118514
118515
118516
118517
118518
118519
118530
118531
118543
118544
118545
118554
118555
118556
118566
118567
118572
118573
118576
118577
118578
118579
118580
118584
118585
118586
118613
118614
118615
118621
118622
118623
118624
118625
118626
118637
118638
118650
118651
118652
118661
118662
118663
118673
118674
118679
118680
118683
118684
118685
118686
118687
118691
118692
118693
118720
118721
118722
118728
118729
118730
118731
118732
118733
118744
118745
118757
118758
118759
118768
118769
118770
118780
118781
118786
118787
118790
118791
118792
118793
118794
118798
118799
118800
118827
118828
118829
118835
118836
118837
118838
118839
118840
118851
118852
118864
118865
118866
118875
118876
118877
118887
118888
118893
118894
118897
118898
118899
118900
118901
118905
118906
118907
118934
118935
118936
118942
118943
118944
118945
118946
118947
118958
118959
118971
118972
118973
118982
118983
118984
118994
118995
119000
119001
119004
119005
119006
119007
119008
119012
119013
119014
119041
119042
119043
119049
119050
119051
119052
119053
119054
119065
119066
119078
119079
119080
119089
119090
119091
119101
119102
119107
119108
119111
119112
119113
119114
119115
119119
119120
119121
119148
119149
119150
119156
119157
119158
119159
119160
119161
119172
119173
119185
119186
119187
119196
119197
119198
119208
119209
119214
119215
119218
119219
119220
119221
119222
119226
119227
119228
119255
119256
119257
119263
119264
119265
119266
119267
119268
119279
119280
119292
119293
119294
119303
119304
119305
119315
119316
119321
119322
119325
119326
119327
119328
119329
119333
119334
119335
119362
119363
119364
119370
119371
119372
119373
119374
119375
119386
119387
119399
119400
119401
119410
119411
119412
119422
119423
119428
119429
119432
119433
119434
119435
119436
119440
119441
119442
119469
119470
119471
119477
119478
119479
119480
119481
119482
119493
119494
119506
119507
119508
119517
119518
119519
119529
119530
119535
119536
119539
119540
119541
119542
119543
119547
119548
119549
119576
119577
119578
119584
119585
119586
119587
119588
119589
119600
119601
119613
119614
119615
119624
119625
119626
119636
119637
119642
119643
119646
119647
119648
119649
119650
119654
119655
119656
119683
119684
119685
119691
119692
119693
119694
119695
119696
119707
119708
119720
119721
119722
119731
119732
119733
119743
119744
119749
119750
119753
119754
119755
119756
119757
119761
119762
119763
119790
119791
119792
119798
119799
119800
119801
119802
119803
119814
119815
119827
119828
119829
119838
119839
119840
119850
119851
119856
119857
119860
119861
119862
119863
119864
119868
119869
119870
119897
119898
119899
119905
119906
119907
119908
119909
119910
119921
119922
119934
119935
119936
119945
119946
119947
119957
119958
119963
119964
119967
119968
119969
119970
119971
119975
119976
119977
120004
120005
120006
120012
120013
120014
120015
120016
120017
120028
120029
120041
120042
120043
120052
120053
120054
120064
120065
120070
120071
120074
120075
120076
120077
120078
120082
120083
120084
120111
120112
120113
120119
120120
120121
120122
120123
120124
120135
120136
120148
120149
120150
120159
120160
120161
120171
120172
120177
120178
120181
120182
120183
120184
120185
120189
120190
120191
120218
120219
120220
120226
120227
120228
120229
120230
120231
120242
120243
120255
120256
120257
120266
120267
120268
120278
120279
120284
120285
120288
120289
120290
120291
120292
120296
120297
120298
120325
120326
120327
120333
120334
120335
120336
120337
120338
120349
120350
120362
120363
120364
120373
120374
120375
120385
120386
120391
120392
120395
120396
120397
120398
120399
120403
120404
120405
120432
120433
120434
120440
120441
120442
120443
120444
120445
120456
120457
120469
120470
120471
120480
120481
120482
120492
120493
120498
120499
120502
120503
120504
120505
120506
120510
120511
120512
120539
120540
120541
120547
120548
120549
120550
120551
120552
120563
120564
120576
120577
120578
120587
120588
120589
120599
120600
120605
120606
120609
120610
120611
120612
120613
120617
120618
120619
120646
120647
120648
120654
120655
120656
120657
120658
120659
120670
120671
120683
120684
120685
120694
120695
120696
120706
120707
120712
120713
120716
120717
120718
120719
120720
120724
120725
120726
120753
120754
120755
120761
120762
120763
120764
120765
120766
120777
120778
120790
120791
120792
120801
120802
120803
120813
120814
120819
120820
120823
120824
120825
120826
120827
120831
120832
120833
120860
120861
120862
120868
120869
120870
120871
120872
120873
120884
120885
120897
120898
120899
120908
120909
120910
120920
120921
120926
120927
120930
120931
120932
120933
120934
120938
120939
120940
120967
120968
120969
120975
120976
120977
120978
120979
120980
120991
120992
121004
121005
121006
121015
121016
121017
121027
121028
121033
121034
121037
121038
121039
121040
121041
121045
121046
121047
121074
121075
121076
121082
121083
121084
121085
121086
121087
121098
121099
121111
121112
121113
121122
121123
121124
121134
121135
121140
121141
121144
121145
121146
121147
121148
121152
121153
121154
121181
121182
121183
121189
121190
121191
121192
121193
121194
121205
121206
121218
121219
121220
121229
121230
121231
121241
121242
121247
121248
121251
121252
121253
121254
121255
121259
121260
121261
121288
121289
121290
121296
121297
121298
121299
121300
121301
121312
121313
121325
121326
121327
121336
121337
121338
121348
121349
121354
121355
121358
121359
121360
121361
121362
121366
121367
121368
121395
121396
121397
121403
121404
121405
121406
121407
121408
121419
121420
121432
121433
121434
121443
121444
121445
121455
121456
121461
121462
121465
121466
121467
121468
121469
121473
121474
121475
121502
121503
121504
121510
121511
121512
121513
121514
121515
121526
121527
121539
121540
121541
121550
121551
121552
121562
121563
121568
121569
121572
121573
121574
121575
121576
121580
121581
121582
121609
121610
121611
121617
121618
121619
121620
121621
121622
121633
121634
121646
121647
121648
121657
121658
121659
121669
121670
121675
121676
121679
121680
121681
121682
121683
121687
121688
121689
121716
121717
121718
121724
121725
121726
121727
121728
121729
121740
121741
121753
121754
121755
121764
121765
121766
121776
121777
121782
121783
121786
121787
121788
121789
121790
121794
121795
121796
121823
121824
121825
121831
121832
121833
121834
121835
121836
121847
121848
121860
121861
121862
121871
121872
121873
121883
121884
121889
121890
121893
121894
121895
121896
121897
121901
121902
121903
121930
121931
121932
121938
121939
121940
121941
121942
121943
121954
121955
121967
121968
121969
121978
121979
121980
121990
121991
121996
121997
122000
122001
122002
122003
122004
122008
122009
122010
122037
122038
122039
122045
122046
122047
122048
122049
122050
122061
122062
122074
122075
122076
122085
122086
122087
122097
122098
122103
122104
122107
122108
122109
122110
122111
122115
122116
122117
122144
122145
122146
122152
122153
122154
122155
122156
122157
122168
122169
122181
122182
122183
122192
122193
122194
122204
122205
122210
122211
122214
122215
122216
122217
122218
122222
122223
122224
122251
122252
122253
122259
122260
122261
122262
122263
122264
122275
122276
122288
122289
122290
122299
122300
122301
122311
122312
122317
122318
122321
122322
122323
122324
122325
122329
122330
122331
122358
122359
122360
122366
122367
122368
122369
122370
122371
122382
122383
122395
122396
122397
122406
122407
122408
122418
122419
122424
122425
122428
122429
122430
122431
122432
122436
122437
122438
122465
122466
122467
122473
122474
122475
122476
122477
122478
122489
122490
122502
122503
122504
122513
122514
122515
122525
122526
122531
122532
122535
122536
122537
122538
122539
122543
122544
122545
122572
122573
122574
122580
122581
122582
122583
122584
122585
122596
122597
122609
122610
122611
122620
122621
122622
122632
122633
122638
122639
122642
122643
122644
122645
122646
122650
122651
122652
122679
122680
122681
122687
122688
122689
122690
122691
122692
122703
122704
122716
122717
122718
122727
122728
122729
122739
122740
122745
122746
122749
122750
122751
122752
122753
122757
122758
122759
122786
122787
122788
122794
122795
122796
122797
122798
122799
122810
122811
122823
122824
122825
122834
122835
122836
122846
122847
122852
122853
122856
122857
122858
122859
122860
122864
122865
122866
122893
122894
122895
122901
122902
122903
122904
122905
122906
122917
122918
122930
122931
122932
122941
122942
122943
122953
122954
122959
122960
122963
122964
122965
122966
122967
122971
122972
122973
123000
123001
123002
123008
123009
123010
123011
123012
123013
123024
123025
123037
123038
123039
123048
123049
123050
123060
123061
123066
123067
123070
123071
123072
123073
123074
123078
123079
123080
123107
123108
123109
123115
123116
123117
123118
123119
123120
123131
123132
123144
123145
123146
123155
123156
123157
123167
123168
123173
123174
123177
123178
123179
123180
123181
123185
123186
123187
123214
123215
123216
123222
123223
123224
123225
123226
123227
123238
123239
123251
123252
123253
123262
123263
123264
123274
123275
123280
123281
123284
123285
123286
123287
123288
123292
123293
123294
123321
123322
123323
123329
123330
123331
123332
123333
123334
123345
123346
123358
123359
123360
123369
123370
123371
123381
123382
123387
123388
123391
123392
123393
123394
123395
123399
123400
123401
123428
123429
123430
123436
123437
123438
123439
123440
123441
123452
123453
123465
123466
123467
123476
123477
123478
123488
123489
123494
123495
123498
123499
123500
123501
123502
123506
123507
123508
123535
123536
123537
123543
123544
123545
123546
123547
123548
123559
123560
123572
123573
123574
123583
123584
123585
123595
123596
123601
123602
123605
123606
123607
123608
123609
123613
123614
123615
123642
123643
123644
123650
123651
123652
123653
123654
123655
123666
123667
123679
123680
123681
123690
123691
123692
123702
123703
123708
123709
123712
123713
123714
123715
123716
123720
123721
123722
123749
123750
123751
123757
123758
123759
123760
123761
123762
123773
123774
123786
123787
123788
123797
123798
123799
123809
123810
123815
123816
123819
123820
123821
123822
123823
123827
123828
123829
123856
123857
123858
123864
123865
123866
123867
123868
123869
123880
123881
123893
123894
123895
123904
123905
123906
123916
123917
123922
123923
123926
123927
123928
123929
123930
123934
123935
123936
123963
123964
123965
123971
123972
123973
123974
123975
123976
123987
123988
124000
124001
124002
124011
124012
124013
124023
124024
124029
124030
124033
124034
124035
124036
124037
124041
124042
124043
124070
124071
124072
124078
124079
124080
124081
124082
124083
124094
124095
124107
124108
124109
124118
124119
124120
124130
124131
124136
124137
124140
124141
124142
124143
124144
124148
124149
124150
124177
124178
124179
124185
124186
124187
124188
124189
124190
124201
124202
124214
124215
124216
124225
124226
124227
124237
124238
124243
124244
124247
124248
124249
124250
124251
124255
124256
124257
124284
124285
124286
124292
124293
124294
124295
124296
124297
124308
124309
124321
124322
124323
124332
124333
124334
124344
124345
124350
124351
124354
124355
124356
124357
124358
124362
124363
124364
124391
124392
124393
124399
124400
124401
124402
124403
124404
124415
124416
124428
124429
124430
124439
124440
124441
124451
124452
124457
124458
124461
124462
124463
124464
124465
124469
124470
124471
124498
124499
124500
124506
124507
124508
124509
124510
124511
124522
124523
124535
124536
124537
124546
124547
124548
124558
124559
124564
124565
124568
124569
124570
124571
124572
124576
124577
124578
124605
124606
124607
124613
124614
124615
124616
124617
124618
124629
124630
124642
124643
124644
124653
124654
124655
124665
124666
124671
124672
124675
124676
124677
124678
124679
124683
124684
124685
124712
124713
124714
124720
124721
124722
124723
124724
124725
124736
124737
124749
124750
124751
124760
124761
124762
124772
124773
124778
124779
124782
124783
124784
124785
124786
124790
124791
124792
124819
124820
124821
124827
124828
124829
124830
124831
124832
124843
124844
124856
124857
124858
124867
124868
124869
124879
124880
124885
124886
124889
124890
124891
124892
124893
124897
124898
124899
124926
124927
124928
124934
124935
124936
124937
124938
124939
124950
124951
124963
124964
124965
124974
124975
124976
124986
124987
124992
124993
124996
124997
124998
124999
125000
125004
125005
125006
125033
125034
125035
125041
125042
125043
125044
125045
125046
125057
125058
125070
125071
125072
125081
125082
125083
125093
125094
125099
125100
125103
125104
125105
125106
125107
125111
125112
125113
125140
125141
125142
125148
125149
125150
125151
125152
125153
125164
125165
125177
125178
125179
125188
125189
125190
125200
125201
125206
125207
125210
125211
125212
125213
125214
125218
125219
125220
125247
125248
125249
125255
125256
125257
125258
125259
125260
125271
125272
125284
125285
125286
125295
125296
125297
125307
125308
125313
125314
125317
125318
125319
125320
125321
125325
125326
125327
125354
125355
125356
125362
125363
125364
125365
125366
125367
125378
125379
125391
125392
125393
125402
125403
125404
125414
125415
125420
125421
125424
125425
125426
125427
125428
125432
125433
125434
125461
125462
125463
125469
125470
125471
125472
125473
125474
125485
125486
125498
125499
125500
125509
125510
125511
125521
125522
125527
125528
125531
125532
125533
125534
125535
125539
125540
125541
125568
125569
125570
125576
125577
125578
125579
125580
125581
125592
125593
125605
125606
125607
125616
125617
125618
125628
125629
125634
125635
125638
125639
125640
125641
125642
125646
125647
125648
125675
125676
125677
125683
125684
125685
125686
125687
125688
125699
125700
125712
125713
125714
125723
125724
125725
125735
125736
125741
125742
125745
125746
125747
125748
125749
125753
125754
125755
125782
125783
125784
125790
125791
125792
125793
125794
125795
125806
125807
125819
125820
125821
125830
125831
125832
125842
125843
125848
125849
125852
125853
125854
125855
125856
125860
125861
125862
125889
125890
125891
125897
125898
125899
125900
125901
125902
125913
125914
125926
125927
125928
125937
125938
125939
125949
125950
125955
125956
125959
125960
125961
125962
125963
125967
125968
125969
125996
125997
125998
126004
126005
126006
126007
126008
126009
126020
126021
126033
126034
126035
126044
126045
126046
126056
126057
126062
126063
126066
126067
126068
126069
126070
126074
126075
126076
126103
126104
126105
126111
126112
126113
126114
126115
126116
126127
126128
126140
126141
126142
126151
126152
126153
126163
126164
126169
126170
126173
126174
126175
126176
126177
126181
126182
126183
126210
126211
126212
126218
126219
126220
126221
126222
126223
126234
126235
126247
126248
126249
126258
126259
126260
126270
126271
126276
126277
126280
126281
126282
126283
126284
126288
126289
126290
126317
126318
126319
126325
126326
126327
126328
126329
126330
126341
126342
126354
126355
126356
126365
126366
126367
126377
126378
126383
126384
126387
126388
126389
126390
126391
126395
126396
126397
126424
126425
126426
126432
126433
126434
126435
126436
126437
126448
126449
126461
126462
126463
126472
126473
126474
126484
126485
126490
126491
126494
126495
126496
126497
126498
126502
126503
126504
126531
126532
126533
126539
126540
126541
126542
126543
126544
126555
126556
126568
126569
126570
126579
126580
126581
126591
126592
126597
126598
126601
126602
126603
126604
126605
126609
126610
126611
126638
126639
126640
126646
126647
126648
126649
126650
126651
126662
126663
126675
126676
126677
126686
126687
126688
126698
126699
126704
126705
126708
126709
126710
126711
126712
126716
126717
126718
126745
126746
126747
126753
126754
126755
126756
126757
126758
126769
126770
126782
126783
126784
126793
126794
126795
126805
126806
126811
126812
126815
126816
126817
126818
126819
126823
126824
126825
126852
126853
126854
126860
126861
126862
126863
126864
126865
126876
126877
126889
126890
126891
126900
126901
126902
126912
126913
126918
126919
126922
126923
126924
126925
126926
126930
126931
126932
126959
126960
126961
126967
126968
126969
126970
126971
126972
126983
126984
126996
126997
126998
127007
127008
127009
127019
127020
127025
127026
127029
127030
127031
127032
127033
127037
127038
127039
127066
127067
127068
127074
127075
127076
127077
127078
127079
127090
127091
127103
127104
127105
127114
127115
127116
127126
127127
127132
127133
127136
127137
127138
127139
127140
127144
127145
127146
127173
127174
127175
127181
127182
127183
127184
127185
127186
127197
127198
127210
127211
127212
127221
127222
127223
127233
127234
127239
127240
127243
127244
127245
127246
127247
127251
127252
127253
127280
127281
127282
127288
127289
127290
127291
127292
127293
127304
127305
127317
127318
127319
127328
127329
127330
127340
127341
127346
127347
127350
127351
127352
127353
127354
127358
127359
127360
127387
127388
127389
127395
127396
127397
127398
127399
127400
127411
127412
127424
127425
127426
127435
127436
127437
127447
127448
127453
127454
127457
127458
127459
127460
127461
127465
127466
127467
127494
127495
127496
127502
127503
127504
127505
127506
127507
127518
127519
127531
127532
127533
127542
127543
127544
127554
127555
127560
127561
127564
127565
127566
127567
127568
127572
127573
127574
127601
127602
127603
127609
127610
127611
127612
127613
127614
127625
127626
127638
127639
127640
127649
127650
127651
127661
127662
127667
127668
127671
127672
127673
127674
127675
127679
127680
127681
127708
127709
127710
127716
127717
127718
127719
127720
127721
127732
127733
127745
127746
127747
127756
127757
127758
127768
127769
127774
127775
127778
127779
127780
127781
127782
127786
127787
127788
127815
127816
127817
127823
127824
127825
127826
127827
127828
127839
127840
127852
127853
127854
127863
127864
127865
127875
127876
127881
127882
127885
127886
127887
127888
127889
127893
127894
127895
127922
127923
127924
127930
127931
127932
127933
127934
127935
127946
127947
127959
127960
127961
127970
127971
127972
127982
127983
127988
127989
127992
127993
127994
127995
127996
128000
128001
128002
128029
128030
128031
128037
128038
128039
128040
128041
128042
128053
128054
128066
128067
128068
128077
128078
128079
128089
128090
128095
128096
128099
128100
128101
128102
128103
128107
128108
128109
128136
128137
128138
128144
128145
128146
128147
128148
128149
128160
128161
128173
128174
128175
128184
128185
128186
128196
128197
128202
128203
128206
128207
128208
128209
128210
128214
128215
128216
128243
128244
128245
128251
128252
128253
128254
128255
128256
128267
128268
128280
128281
128282
128291
128292
128293
128303
128304
128309
128310
128313
128314
128315
128316
128317
128321
128322
128323
128350
128351
128352
128358
128359
128360
128361
128362
128363
128374
128375
128387
128388
128389
128398
128399
128400
128410
128411
128416
128417
128420
128421
128422
128423
128424
128428
128429
128430
128457
128458
128459
128465
128466
128467
128468
128469
128470
128481
128482
128494
128495
128496
128505
128506
128507
128517
128518
128523
128524
128527
128528
128529
128530
128531
128535
128536
128537
128564
128565
128566
128572
128573
128574
128575
128576
128577
128588
128589
128601
128602
128603
128612
128613
128614
128624
128625
128630
128631
128634
128635
128636
128637
128638
128642
128643
128644
128671
128672
128673
128679
128680
128681
128682
128683
128684
128695
128696
128708
128709
128710
128719
128720
128721
128731
128732
128737
128738
128741
128742
128743
128744
128745
128749
128750
128751
128778
128779
128780
128786
128787
128788
128789
128790
128791
128802
128803
128815
128816
128817
128826
128827
128828
128838
128839
128844
128845
128848
128849
128850
128851
128852
128856
128857
128858
128885
128886
128887
128893
128894
128895
128896
128897
128898
128909
128910
128922
128923
128924
128933
128934
128935
128945
128946
128951
128952
128955
128956
128957
128958
128959
128963
128964
128965
128992
128993
128994
129000
129001
129002
129003
129004
129005
129016
129017
129029
129030
129031
129040
129041
129042
129052
129053
129058
129059
129062
129063
129064
129065
129066
129070
129071
129072
129099
129100
129101
129107
129108
129109
129110
129111
129112
129123
129124
129136
129137
129138
129147
129148
129149
129159
129160
129165
129166
129169
129170
129171
129172
129173
129177
129178
129179
129206
129207
129208
129214
129215
129216
129217
129218
129219
129230
129231
129243
129244
129245
129254
129255
129256
129266
129267
129272
129273
129276
129277
129278
129279
129280
129284
129285
129286
129313
129314
129315
129321
129322
129323
129324
129325
129326
129337
129338
129350
129351
129352
129361
129362
129363
129373
129374
129379
129380
129383
129384
129385
129386
129387
129391
129392
129393
129420
129421
129422
129428
129429
129430
129431
129432
129433
129444
129445
129457
129458
129459
129468
129469
129470
129480
129481
129486
129487
129490
129491
129492
129493
129494
129498
129499
129500
129527
129528
129529
129535
129536
129537
129538
129539
129540
129551
129552
129564
129565
129566
129575
129576
129577
129587
129588
129593
129594
129597
129598
129599
129600
129601
129605
129606
129607
129634
129635
129636
129642
129643
129644
129645
129646
129647
129658
129659
129671
129672
129673
129682
129683
129684
129694
129695
129700
129701
129704
129705
129706
129707
129708
129712
129713
129714
129741
129742
129743
129749
129750
129751
129752
129753
129754
129765
129766
129778
129779
129780
129789
129790
129791
129801
129802
129807
129808
129811
129812
129813
129814
129815
129819
129820
129821
129848
129849
129850
129856
129857
129858
129859
129860
129861
129872
129873
129885
129886
129887
129896
129897
129898
129908
129909
129914
129915
129918
129919
129920
129921
129922
129926
129927
129928
129955
129956
129957
129963
129964
129965
129966
129967
129968
129979
129980
129992
129993
129994
130003
130004
130005
130015
130016
130021
130022
130025
130026
130027
130028
130029
130033
130034
130035
130062
130063
130064
130070
130071
130072
130073
130074
130075
130086
130087
130099
130100
130101
130110
130111
130112
130122
130123
130128
130129
130132
130133
130134
130135
130136
130140
130141
130142
130169
130170
130171
130177
130178
130179
130180
130181
130182
130193
130194
130206
130207
130208
130217
130218
130219
130229
130230
130235
130236
130239
130240
130241
130242
130243
130247
130248
130249
130276
130277
130278
130284
130285
130286
130287
130288
130289
130300
130301
130313
130314
130315
130324
130325
130326
130336
130337
130342
130343
130346
130347
130348
130349
130350
130354
130355
130356
130383
130384
130385
130391
130392
130393
130394
130395
130396
130407
130408
130420
130421
130422
130431
130432
130433
130443
130444
130449
130450
130453
130454
130455
130456
130457
130461
130462
130463
130490
130491
130492
130498
130499
130500
130501
130502
130503
130514
130515
130527
130528
130529
130538
130539
130540
130550
130551
130556
130557
130560
130561
130562
130563
130564
130568
130569
130570
130597
130598
130599
130605
130606
130607
130608
130609
130610
130621
130622
130634
130635
130636
130645
130646
130647
130657
130658
130663
130664
130667
130668
130669
130670
130671
130675
130676
130677
130704
130705
130706
130712
130713
130714
130715
130716
130717
130728
130729
130741
130742
130743
130752
130753
130754
130764
130765
130770
130771
130774
130775
130776
130777
130778
130782
130783
130784
130811
130812
130813
130819
130820
130821
130822
130823
130824
130835
130836
130848
130849
130850
130859
130860
130861
130871
130872
130877
130878
130881
130882
130883
130884
130885
130889
130890
130891
130918
130919
130920
130926
130927
130928
130929
130930
130931
130942
130943
130955
130956
130957
130966
130967
130968
130978
130979
130984
130985
130988
130989
130990
130991
130992
130996
130997
130998
131025
131026
131027
131033
131034
131035
131036
131037
131038
131049
131050
131062
131063
131064
131073
131074
131075
131085
131086
131091
131092
131095
131096
131097
131098
131099
131103
131104
131105
131132
131133
131134
131140
131141
131142
131143
131144
131145
131156
131157
131169
131170
131171
131180
131181
131182
131192
131193
131198
131199
131202
131203
131204
131205
131206
131210
131211
131212
131239
131240
131241
131247
131248
131249
131250
131251
131252
131263
131264
131276
131277
131278
131287
131288
131289
131299
131300
131305
131306
131309
131310
131311
131312
131313
131317
131318
131319
131346
131347
131348
131354
131355
131356
131357
131358
131359
131370
131371
131383
131384
131385
131394
131395
131396
131406
131407
131412
131413
131416
131417
131418
131419
131420
131424
131425
131426
131453
131454
131455
131461
131462
131463
131464
131465
131466
131477
131478
131490
131491
131492
131501
131502
131503
131513
131514
131519
131520
131523
131524
131525
131526
131527
131531
131532
131533
131560
131561
131562
131568
131569
131570
131571
131572
131573
131584
131585
131597
131598
131599
131608
131609
131610
131620
131621
131626
131627
131630
131631
131632
131633
131634
131638
131639
131640
131667
131668
131669
131675
131676
131677
131678
131679
131680
131691
131692
131704
131705
131706
131715
131716
131717
131727
131728
131733
131734
131737
131738
131739
131740
131741
131745
131746
131747
131774
131775
131776
131782
131783
131784
131785
131786
131787
131798
131799
131811
131812
131813
131822
131823
131824
131834
131835
131840
131841
131844
131845
131846
131847
131848
131852
131853
131854
131881
131882
131883
131889
131890
131891
131892
131893
131894
131905
131906
131918
131919
131920
131929
131930
131931
131941
131942
131947
131948
131951
131952
131953
131954
131955
131959
131960
131961
131988
131989
131990
131996
131997
131998
131999
132000
132001
132012
132013
132025
132026
132027
132036
132037
132038
132048
132049
132054
132055
132058
132059
132060
132061
132062
132066
132067
132068
132095
132096
132097
132103
132104
132105
132106
132107
132108
132119
132120
132132
132133
132134
132143
132144
132145
132155
132156
132161
132162
132165
132166
132167
132168
132169
132173
132174
132175
132202
132203
132204
132210
132211
132212
132213
132214
132215
132226
132227
132239
132240
132241
132250
132251
132252
132262
132263
132268
132269
132272
132273
132274
132275
132276
132280
132281
132282
132309
132310
132311
132317
132318
132319
132320
132321
132322
132333
132334
132346
132347
132348
132357
132358
132359
132369
132370
132375
132376
132379
132380
132381
132382
132383
132387
132388
132389
132416
132417
132418
132424
132425
132426
132427
132428
132429
132440
132441
132453
132454
132455
132464
132465
132466
132476
132477
132482
132483
132486
132487
132488
132489
132490
132494
132495
132496
132523
132524
132525
132531
132532
132533
132534
132535
132536
132547
132548
132560
132561
132562
132571
132572
132573
132583
132584
132589
132590
132593
132594
132595
132596
132597
132601
132602
132603
132630
132631
132632
132638
132639
132640
132641
132642
132643
132654
132655
132667
132668
132669
132678
132679
132680
132690
132691
132696
132697
132700
132701
132702
132703
132704
132708
132709
132710
132737
132738
132739
132745
132746
132747
132748
132749
132750
132761
132762
132774
132775
132776
132785
132786
132787
132797
132798
132803
132804
132807
132808
132809
132810
132811
132815
132816
132817
132844
132845
132846
132852
132853
132854
132855
132856
132857
132868
132869
132881
132882
132883
132892
132893
132894
132904
132905
132910
132911
132914
132915
132916
132917
132918
132922
132923
132924
132951
132952
132953
132959
132960
132961
132962
132963
132964
132975
132976
132988
132989
132990
132999
133000
133001
133011
133012
133017
133018
133021
133022
133023
133024
133025
133029
133030
133031
133058
133059
133060
133066
133067
133068
133069
133070
133071
133082
133083
133095
133096
133097
133106
133107
133108
133118
133119
133124
133125
133128
133129
133130
133131
133132
133136
133137
133138
133165
133166
133167
133173
133174
133175
133176
133177
133178
133189
133190
133202
133203
133204
133213
133214
133215
133225
133226
133231
133232
133235
133236
133237
133238
133239
133243
133244
133245
133272
133273
133274
133280
133281
133282
133283
133284
133285
133296
133297
133309
133310
133311
133320
133321
133322
133332
133333
133338
133339
133342
133343
133344
133345
133346
133350
133351
133352
133379
133380
133381
133387
133388
133389
133390
133391
133392
133403
133404
133416
133417
133418
133427
133428
133429
133439
133440
133445
133446
133449
133450
133451
133452
133453
133457
133458
133459
133486
133487
133488
133494
133495
133496
133497
133498
133499
133510
133511
133523
133524
133525
133534
133535
133536
133546
133547
133552
133553
133556
133557
133558
133559
133560
133564
133565
133566
133593
133594
133595
133601
133602
133603
133604
133605
133606
133617
133618
133630
133631
133632
133641
133642
133643
133653
133654
133659
133660
133663
133664
133665
133666
133667
133671
133672
133673
133700
133701
133702
133708
133709
133710
133711
133712
133713
133724
133725
133737
133738
133739
133748
133749
133750
133760
133761
133766
133767
133770
133771
133772
133773
133774
133778
133779
133780
133807
133808
133809
133815
133816
133817
133818
133819
133820
133831
133832
133844
133845
133846
133855
133856
133857
133867
133868
133873
133874
133877
133878
133879
133880
133881
133885
133886
133887
133914
133915
133916
133922
133923
133924
133925
133926
133927
133938
133939
133951
133952
133953
133962
133963
133964
133974
133975
133980
133981
133984
133985
133986
133987
133988
133992
133993
133994
134021
134022
134023
134029
134030
134031
134032
134033
134034
134045
134046
134058
134059
134060
134069
134070
134071
134081
134082
134087
134088
134091
134092
134093
134094
134095
134099
134100
134101
134128
134129
134130
134136
134137
134138
134139
134140
134141
134152
134153
134165
134166
134167
134176
134177
134178
134188
134189
134194
134195
134198
134199
134200
134201
134202
134206
134207
134208
134235
134236
134237
134243
134244
134245
134246
134247
134248
134259
134260
134272
134273
134274
134283
134284
134285
134295
134296
134301
134302
134305
134306
134307
134308
134309
134313
134314
134315
134342
134343
134344
134350
134351
134352
134353
134354
134355
134366
134367
134379
134380
134381
134390
134391
134392
134402
134403
134408
134409
134412
134413
134414
134415
134416
134420
134421
134422
134449
134450
134451
134457
134458
134459
134460
134461
134462
134473
134474
134486
134487
134488
134497
134498
134499
134509
134510
134515
134516
134519
134520
134521
134522
134523
134527
134528
134529
134556
134557
134558
134564
134565
134566
134567
134568
134569
134580
134581
134593
134594
134595
134604
134605
134606
134616
134617
134622
134623
134626
134627
134628
134629
134630
134634
134635
134636
134663
134664
134665
134671
134672
134673
134674
134675
134676
134687
134688
134700
134701
134702
134711
134712
134713
134723
134724
134729
134730
134733
134734
134735
134736
134737
134741
134742
134743
134770
134771
134772
134778
134779
134780
134781
134782
134783
134794
134795
134807
134808
134809
134818
134819
134820
134830
134831
134836
134837
134840
134841
134842
134843
134844
134848
134849
134850
134877
134878
134879
134885
134886
134887
134888
134889
134890
134901
134902
134914
134915
134916
134925
134926
134927
134937
134938
134943
134944
134947
134948
134949
134950
134951
134955
134956
134957
134984
134985
134986
134992
134993
134994
134995
134996
134997
135008
135009
135021
135022
135023
135032
135033
135034
135044
135045
135050
135051
135054
135055
135056
135057
135058
135062
135063
135064
135091
135092
135093
135099
135100
135101
135102
135103
135104
135115
135116
135128
135129
135130
135139
135140
135141
135151
135152
135157
135158
135161
135162
135163
135164
135165
135169
135170
135171
135198
135199
135200
135206
135207
135208
135209
135210
135211
135222
135223
135235
135236
135237
135246
135247
135248
135258
135259
135264
135265
135268
135269
135270
135271
135272
135276
135277
135278
135305
135306
135307
135313
135314
135315
135316
135317
135318
135329
135330
135342
135343
135344
135353
135354
135355
135365
135366
135371
135372
135375
135376
135377
135378
135379
135383
135384
135385
135412
135413
135414
135420
135421
135422
135423
135424
135425
135436
135437
135449
135450
135451
135460
135461
135462
135472
135473
135478
135479
135482
135483
135484
135485
135486
135490
135491
135492
135519
135520
135521
135527
135528
135529
135530
135531
135532
135543
135544
135556
135557
135558
135567
135568
135569
135579
135580
135585
135586
135589
135590
135591
135592
135593
135597
135598
135599
135626
135627
135628
135634
135635
135636
135637
135638
135639
135650
135651
135663
135664
135665
135674
135675
135676
135686
135687
135692
135693
135696
135697
135698
135699
135700
135704
135705
135706
135733
135734
135735
135741
135742
135743
135744
135745
135746
135757
135758
135770
135771
135772
135781
135782
135783
135793
135794
135799
135800
135803
135804
135805
135806
135807
135811
135812
135813
135840
135841
135842
135848
135849
135850
135851
135852
135853
135864
135865
135877
135878
135879
135888
135889
135890
135900
135901
135906
135907
135910
135911
135912
135913
135914
135918
135919
135920
135947
135948
135949
135955
135956
135957
135958
135959
135960
135971
135972
135984
135985
135986
135995
135996
135997
136007
136008
136013
136014
136017
136018
136019
136020
136021
136025
136026
136027
136054
136055
136056
136062
136063
136064
136065
136066
136067
136078
136079
136091
136092
136093
136102
136103
136104
136114
136115
136120
136121
136124
136125
136126
136127
136128
136132
136133
136134
136161
136162
136163
136169
136170
136171
136172
136173
136174
136185
136186
136198
136199
136200
136209
136210
136211
136221
136222
136227
136228
136231
136232
136233
136234
136235
136239
136240
136241
136268
136269
136270
136276
136277
136278
136279
136280
136281
136292
136293
136305
136306
136307
136316
136317
136318
136328
136329
136334
136335
136338
136339
136340
136341
136342
136346
136347
136348
136375
136376
136377
136383
136384
136385
136386
136387
136388
136399
136400
136412
136413
136414
136423
136424
136425
136435
136436
136441
136442
136445
136446
136447
136448
136449
136453
136454
136455
136482
136483
136484
136490
136491
136492
136493
136494
136495
136506
136507
136519
136520
136521
136530
136531
136532
136542
136543
136548
136549
136552
136553
136554
136555
136556
136560
136561
136562
136589
136590
136591
136597
136598
136599
136600
136601
136602
136613
136614
136626
136627
136628
136637
136638
136639
136649
136650
136655
136656
136659
136660
136661
136662
136663
136667
136668
136669
136696
136697
136698
136704
136705
136706
136707
136708
136709
136720
136721
136733
136734
136735
136744
136745
136746
136756
136757
136762
136763
136766
136767
136768
136769
136770
136774
136775
136776
136803
136804
136805
136811
136812
136813
136814
136815
136816
136827
136828
136840
136841
136842
136851
136852
136853
136863
136864
136869
136870
136873
136874
136875
136876
136877
136881
136882
136883
136910
136911
136912
136918
136919
136920
136921
136922
136923
136934
136935
136947
136948
136949
136958
136959
136960
136970
136971
136976
136977
136980
136981
136982
136983
136984
136988
136989
136990
137017
137018
137019
137025
137026
137027
137028
137029
137030
137041
137042
137054
137055
137056
137065
137066
137067
137077
137078
137083
137084
137087
137088
137089
137090
137091
137095
137096
137097
137124
137125
137126
137132
137133
137134
137135
137136
137137
137148
137149
137161
137162
137163
137172
137173
137174
137184
137185
137190
137191
137194
137195
137196
137197
137198
137202
137203
137204
137231
137232
137233
137239
137240
137241
137242
137243
137244
137255
137256
137268
137269
137270
137279
137280
137281
137291
137292
137297
137298
137301
137302
137303
137304
137305
137309
137310
137311
137338
137339
137340
137346
137347
137348
137349
137350
137351
137362
137363
137375
137376
137377
137386
137387
137388
137398
137399
137404
137405
137408
137409
137410
137411
137412
137416
137417
137418
137445
137446
137447
137453
137454
137455
137456
137457
137458
137469
137470
137482
137483
137484
137493
137494
137495
137505
137506
137511
137512
137515
137516
137517
137518
137519
137523
137524
137525
137552
137553
137554
137560
137561
137562
137563
137564
137565
137576
137577
137589
137590
137591
137600
137601
137602
137612
137613
137618
137619
137622
137623
137624
137625
137626
137630
137631
137632
137659
137660
137661
137667
137668
137669
137670
137671
137672
137683
137684
137696
137697
137698
137707
137708
137709
137719
137720
137725
137726
137729
137730
137731
137732
137733
137737
137738
137739
137766
137767
137768
137774
137775
137776
137777
137778
137779
137790
137791
137803
137804
137805
137814
137815
137816
137826
137827
137832
137833
137836
137837
137838
137839
137840
137844
137845
137846
137873
137874
137875
137881
137882
137883
137884
137885
137886
137897
137898
137910
137911
137912
137921
137922
137923
137933
137934
137939
137940
137943
137944
137945
137946
137947
137951
137952
137953
137980
137981
137982
137988
137989
137990
137991
137992
137993
138004
138005
138017
138018
138019
138028
138029
138030
138040
138041
138046
138047
138050
138051
138052
138053
138054
138058
138059
138060
138087
138088
138089
138095
138096
138097
138098
138099
138100
138111
138112
138124
138125
138126
138135
138136
138137
138147
138148
138153
138154
138157
138158
138159
138160
138161
138165
138166
138167
138194
138195
138196
138202
138203
138204
138205
138206
138207
138218
138219
138231
138232
138233
138242
138243
138244
138254
138255
138260
138261
138264
138265
138266
138267
138268
138272
138273
138274
138301
138302
138303
138309
138310
138311
138312
138313
138314
138325
138326
138338
138339
138340
138349
138350
138351
138361
138362
138367
138368
138371
138372
138373
138374
138375
138379
138380
138381
138408
138409
138410
138416
138417
138418
138419
138420
138421
138432
138433
138445
138446
138447
138456
138457
138458
138468
138469
138474
138475
138478
138479
138480
138481
138482
138486
138487
138488
138515
138516
138517
138523
138524
138525
138526
138527
138528
138539
138540
138552
138553
138554
138563
138564
138565
138575
138576
138581
138582
138585
138586
138587
138588
138589
138593
138594
138595
138622
138623
138624
138630
138631
138632
138633
138634
138635
138646
138647
138659
138660
138661
138670
138671
138672
138682
138683
138688
138689
138692
138693
138694
138695
138696
138700
138701
138702
138729
138730
138731
138737
138738
138739
138740
138741
138742
138753
138754
138766
138767
138768
138777
138778
138779
138789
138790
138795
138796
138799
138800
138801
138802
138803
138807
138808
138809
138836
138837
138838
138844
138845
138846
138847
138848
138849
138860
138861
138873
138874
138875
138884
138885
138886
138896
138897
138902
138903
138906
138907
138908
138909
138910
138914
138915
138916
138943
138944
138945
138951
138952
138953
138954
138955
138956
138967
138968
138980
138981
138982
138991
138992
138993
139003
139004
139009
139010
139013
139014
139015
139016
139017
139021
139022
139023
139050
139051
139052
139058
139059
139060
139061
139062
139063
139074
139075
139087
139088
139089
139098
139099
139100
139110
139111
139116
139117
139120
139121
139122
139123
139124
139128
139129
139130
139157
139158
139159
139165
139166
139167
139168
139169
139170
139181
139182
139194
139195
139196
139205
139206
139207
139217
139218
139223
139224
139227
139228
139229
139230
139231
139235
139236
139237
139264
139265
139266
139272
139273
139274
139275
139276
139277
139288
139289
139301
139302
139303
139312
139313
139314
139324
139325
139330
139331
139334
139335
139336
139337
139338
139342
139343
139344
139371
139372
139373
139379
139380
139381
139382
139383
139384
139395
139396
139408
139409
139410
139419
139420
139421
139431
139432
139437
139438
139441
139442
139443
139444
139445
139449
139450
139451
139478
139479
139480
139486
139487
139488
139489
139490
139491
139502
139503
139515
139516
139517
139526
139527
139528
139538
139539
139544
139545
139548
139549
139550
139551
139552
139556
139557
139558
139585
139586
139587
139593
139594
139595
139596
139597
139598
139609
139610
139622
139623
139624
139633
139634
139635
139645
139646
139651
139652
139655
139656
139657
139658
139659
139663
139664
139665
139692
139693
139694
139700
139701
139702
139703
139704
139705
139716
139717
139729
139730
139731
139740
139741
139742
139752
139753
139758
139759
139762
139763
139764
139765
139766
139770
139771
139772
139834
139837
139840
139843
139866
139867
139868
139869
139870
139871
139872
139873
139874
139875
139876
139877
139878
139879
139880
139882
139883
139920
139921
139923
139924
139925
139926
139927
139928
139929
139930
139931
139932
139933
139934
139935
139937
139981
139982
139983
139984
139985
139986
139987
139988
139990
139991
140029
140032
140033
140034
140035
140036
140037
140038
140039
140041
140042
140072
140075
140076
140077
140078
140079
140080
140081
140082
140084
140085
140109
140110
140111
140112
140113
140114
140115
140116
140119
140129
140132
140133
140134
140135
140136
140137
140138
140139
140140
140141
140142
140143
140144
140145
140146
140147
140148
140149
140157
140160
140162
140163
140164
140165
140166
140167
140168
140169
140171
140299
140302
140305
140308
140331
140332
140333
140334
140335
140336
140337
140338
140339
140340
140341
140342
140343
140344
140345
140347
140348
140385
140386
140388
140389
140390
140391
140392
140393
140394
140395
140396
140397
140398
140399
140400
140402
140446
140447
140448
140449
140450
140451
140452
140453
140455
140456
140494
140497
140498
140499
140500
140501
140502
140503
140504
140506
140507
140537
140540
140541
140542
140543
140544
140545
140546
140547
140549
140550
140574
140575
140576
140577
140578
140579
140580
140581
140584
140594
140597
140598
140599
140600
140601
140602
140603
140604
140605
140606
140607
140608
140609
140610
140611
140612
140613
140614
140622
140625
140627
140628
140629
140630
140631
140632
140633
140634
140636
140764
140767
140770
140773
140796
140797
140798
140799
140800
140801
140802
140803
140804
140805
140806
140807
140808
140809
140810
140812
140813
140850
140851
140853
140854
140855
140856
140857
140858
140859
140860
140861
140862
140863
140864
140865
140867
140911
140912
140913
140914
140915
140916
140917
140918
140920
140921
140959
140962
140963
140964
140965
140966
140967
140968
140969
140971
140972
141002
141005
141006
141007
141008
141009
141010
141011
141012
141014
141015
141039
141040
141041
141042
141043
141044
141045
141046
141049
141059
141062
141063
141064
141065
141066
141067
141068
141069
141070
141071
141072
141073
141074
141075
141076
141077
141078
141079
141087
141090
141092
141093
141094
141095
141096
141097
141098
141099
141101
141229
141232
141235
141238
141261
141262
141263
141264
141265
141266
141267
141268
141269
141270
141271
141272
141273
141274
141275
141277
141278
141315
141316
141318
141319
141320
141321
141322
141323
141324
141325
141326
141327
141328
141329
141330
141332
141376
141377
141378
141379
141380
141381
141382
141383
141385
141386
141424
141427
141428
141429
141430
141431
141432
141433
141434
141436
141437
141467
141470
141471
141472
141473
141474
141475
141476
141477
141479
141480
141504
141505
141506
141507
141508
141509
141510
141511
141514
141524
141527
141528
141529
141530
141531
141532
141533
141534
141535
141536
141537
141538
141539
141540
141541
141542
141543
141544
141552
141555
141557
141558
141559
141560
141561
141562
141563
141564
141566
141694
141697
141700
141703
141726
141727
141728
141729
141730
141731
141732
141733
141734
141735
141736
141737
141738
141739
141740
141742
141743
141780
141781
141783
141784
141785
141786
141787
141788
141789
141790
141791
141792
141793
141794
141795
141797
141841
141842
141843
141844
141845
141846
141847
141848
141850
141851
141889
141892
141893
141894
141895
141896
141897
141898
141899
141901
141902
141932
141935
141936
141937
141938
141939
141940
141941
141942
141944
141945
141969
141970
141971
141972
141973
141974
141975
141976
141979
141989
141992
141993
141994
141995
141996
141997
141998
141999
142000
142001
142002
142003
142004
142005
142006
142007
142008
142009
142017
142020
142022
142023
142024
142025
142026
142027
142028
142029
142031
142159
142162
142165
142168
142191
142192
142193
142194
142195
142196
142197
142198
142199
142200
142201
142202
142203
142204
142205
142207
142208
142245
142246
142248
142249
142250
142251
142252
142253
142254
142255
142256
142257
142258
142259
142260
142262
142306
142307
142308
142309
142310
142311
142312
142313
142315
142316
142354
142357
142358
142359
142360
142361
142362
142363
142364
142366
142367
142397
142400
142401
142402
142403
142404
142405
142406
142407
142409
142410
142434
142435
142436
142437
142438
142439
142440
142441
142444
142454
142457
142458
142459
142460
142461
142462
142463
142464
142465
142466
142467
142468
142469
142470
142471
142472
142473
142474
142482
142485
142487
142488
142489
142490
142491
142492
142493
142494
142496
142624
142627
142630
142633
142656
142657
142658
142659
142660
142661
142662
142663
142664
142665
142666
142667
142668
142669
142670
142672
142673
142710
142711
142713
142714
142715
142716
142717
142718
142719
142720
142721
142722
142723
142724
142725
142727
142771
142772
142773
142774
142775
142776
142777
142778
142780
142781
142819
142822
142823
142824
142825
142826
142827
142828
142829
142831
142832
142862
142865
142866
142867
142868
142869
142870
142871
142872
142874
142875
142899
142900
142901
142902
142903
142904
142905
142906
142909
142919
142922
142923
142924
142925
142926
142927
142928
142929
142930
142931
142932
142933
142934
142935
142936
142937
142938
142939
142947
142950
142952
142953
142954
142955
142956
142957
142958
142959
142961
143089
143092
143095
143098
143121
143122
143123
143124
143125
143126
143127
143128
143129
143130
143131
143132
143133
143134
143135
143137
143138
143175
143176
143178
143179
143180
143181
143182
143183
143184
143185
143186
143187
143188
143189
143190
143192
143236
143237
143238
143239
143240
143241
143242
143243
143245
143246
143284
143287
143288
143289
143290
143291
143292
143293
143294
143296
143297
143327
143330
143331
143332
143333
143334
143335
143336
143337
143339
143340
143364
143365
143366
143367
143368
143369
143370
143371
143374
143384
143387
143388
143389
143390
143391
143392
143393
143394
143395
143396
143397
143398
143399
143400
143401
143402
143403
143404
143412
143415
143417
143418
143419
143420
143421
143422
143423
143424
143426
143554
143557
143560
143563
143586
143587
143588
143589
143590
143591
143592
143593
143594
143595
143596
143597
143598
143599
143600
143602
143603
143640
143641
143643
143644
143645
143646
143647
143648
143649
143650
143651
143652
143653
143654
143655
143657
143701
143702
143703
143704
143705
143706
143707
143708
143710
143711
143749
143752
143753
143754
143755
143756
143757
143758
143759
143761
143762
143792
143795
143796
143797
143798
143799
143800
143801
143802
143804
143805
143829
143830
143831
143832
143833
143834
143835
143836
143839
143849
143852
143853
143854
143855
143856
143857
143858
143859
143860
143861
143862
143863
143864
143865
143866
143867
143868
143869
143877
143880
143882
143883
143884
143885
143886
143887
143888
143889
143891
144019
144022
144025
144028
144051
144052
144053
144054
144055
144056
144057
144058
144059
144060
144061
144062
144063
144064
144065
144067
144068
144105
144106
144108
144109
144110
144111
144112
144113
144114
144115
144116
144117
144118
144119
144120
144122
144166
144167
144168
144169
144170
144171
144172
144173
144175
144176
144214
144217
144218
144219
144220
144221
144222
144223
144224
144226
144227
144257
144260
144261
144262
144263
144264
144265
144266
144267
144269
144270
144294
144295
144296
144297
144298
144299
144300
144301
144304
144314
144317
144318
144319
144320
144321
144322
144323
144324
144325
144326
144327
144328
144329
144330
144331
144332
144333
144334
144342
144345
144347
144348
144349
144350
144351
144352
144353
144354
144356
144484
144487
144490
144493
144516
144517
144518
144519
144520
144521
144522
144523
144524
144525
144526
144527
144528
144529
144530
144532
144533
144570
144571
144573
144574
144575
144576
144577
144578
144579
144580
144581
144582
144583
144584
144585
144587
144631
144632
144633
144634
144635
144636
144637
144638
144640
144641
144679
144682
144683
144684
144685
144686
144687
144688
144689
144691
144692
144722
144725
144726
144727
144728
144729
144730
144731
144732
144734
144735
144759
144760
144761
144762
144763
144764
144765
144766
144769
144779
144782
144783
144784
144785
144786
144787
144788
144789
144790
144791
144792
144793
144794
144795
144796
144797
144798
144799
144807
144810
144812
144813
144814
144815
144816
144817
144818
144819
144821
144949
144952
144955
144958
144981
144982
144983
144984
144985
144986
144987
144988
144989
144990
144991
144992
144993
144994
144995
144997
144998
145035
145036
145038
145039
145040
145041
145042
145043
145044
145045
145046
145047
145048
145049
145050
145052
145096
145097
145098
145099
145100
145101
145102
145103
145105
145106
145144
145147
145148
145149
145150
145151
145152
145153
145154
145156
145157
145187
145190
145191
145192
145193
145194
145195
145196
145197
145199
145200
145224
145225
145226
145227
145228
145229
145230
145231
145234
145244
145247
145248
145249
145250
145251
145252
145253
145254
145255
145256
145257
145258
145259
145260
145261
145262
145263
145264
145272
145275
145277
145278
145279
145280
145281
145282
145283
145284
145286
145414
145417
145420
145423
145446
145447
145448
145449
145450
145451
145452
145453
145454
145455
145456
145457
145458
145459
145460
145462
145463
145500
145501
145503
145504
145505
145506
145507
145508
145509
145510
145511
145512
145513
145514
145515
145517
145561
145562
145563
145564
145565
145566
145567
145568
145570
145571
145609
145612
145613
145614
145615
145616
145617
145618
145619
145621
145622
145652
145655
145656
145657
145658
145659
145660
145661
145662
145664
145665
145689
145690
145691
145692
145693
145694
145695
145696
145699
145709
145712
145713
145714
145715
145716
145717
145718
145719
145720
145721
145722
145723
145724
145725
145726
145727
145728
145729
145737
145740
145742
145743
145744
145745
145746
145747
145748
145749
145751
145879
145882
145885
145888
145911
145912
145913
145914
145915
145916
145917
145918
145919
145920
145921
145922
145923
145924
145925
145927
145928
145965
145966
145968
145969
145970
145971
145972
145973
145974
145975
145976
145977
145978
145979
145980
145982
146026
146027
146028
146029
146030
146031
146032
146033
146035
146036
146074
146077
146078
146079
146080
146081
146082
146083
146084
146086
146087
146117
146120
146121
146122
146123
146124
146125
146126
146127
146129
146130
146154
146155
146156
146157
146158
146159
146160
146161
146164
146174
146177
146178
146179
146180
146181
146182
146183
146184
146185
146186
146187
146188
146189
146190
146191
146192
146193
146194
146202
146205
146207
146208
146209
146210
146211
146212
146213
146214
146216
146344
146347
146350
146353
146376
146377
146378
146379
146380
146381
146382
146383
146384
146385
146386
146387
146388
146389
146390
146392
146393
146430
146431
146433
146434
146435
146436
146437
146438
146439
146440
146441
146442
146443
146444
146445
146447
146491
146492
146493
146494
146495
146496
146497
146498
146500
146501
146539
146542
146543
146544
146545
146546
146547
146548
146549
146551
146552
146582
146585
146586
146587
146588
146589
146590
146591
146592
146594
146595
146619
146620
146621
146622
146623
146624
146625
146626
146629
146639
146642
146643
146644
146645
146646
146647
146648
146649
146650
146651
146652
146653
146654
146655
146656
146657
146658
146659
146667
146670
146672
146673
146674
146675
146676
146677
146678
146679
146681
146809
146812
146815
146818
146841
146842
146843
146844
146845
146846
146847
146848
146849
146850
146851
146852
146853
146854
146855
146857
146858
146895
146896
146898
146899
146900
146901
146902
146903
146904
146905
146906
146907
146908
146909
146910
146912
146956
146957
146958
146959
146960
146961
146962
146963
146965
146966
147004
147007
147008
147009
147010
147011
147012
147013
147014
147016
147017
147047
147050
147051
147052
147053
147054
147055
147056
147057
147059
147060
147084
147085
147086
147087
147088
147089
147090
147091
147094
147104
147107
147108
147109
147110
147111
147112
147113
147114
147115
147116
147117
147118
147119
147120
147121
147122
147123
147124
147132
147135
147137
147138
147139
147140
147141
147142
147143
147144
147146
147274
147277
147280
147283
147306
147307
147308
147309
147310
147311
147312
147313
147314
147315
147316
147317
147318
147319
147320
147322
147323
147360
147361
147363
147364
147365
147366
147367
147368
147369
147370
147371
147372
147373
147374
147375
147377
147421
147422
147423
147424
147425
147426
147427
147428
147430
147431
147469
147472
147473
147474
147475
147476
147477
147478
147479
147481
147482
147512
147515
147516
147517
147518
147519
147520
147521
147522
147524
147525
147549
147550
147551
147552
147553
147554
147555
147556
147559
147569
147572
147573
147574
147575
147576
147577
147578
147579
147580
147581
147582
147583
147584
147585
147586
147587
147588
147589
147597
147600
147602
147603
147604
147605
147606
147607
147608
147609
147611
147739
147742
147745
147748
147771
147772
147773
147774
147775
147776
147777
147778
147779
147780
147781
147782
147783
147784
147785
147787
147788
147825
147826
147828
147829
147830
147831
147832
147833
147834
147835
147836
147837
147838
147839
147840
147842
147886
147887
147888
147889
147890
147891
147892
147893
147895
147896
147934
147937
147938
147939
147940
147941
147942
147943
147944
147946
147947
147977
147980
147981
147982
147983
147984
147985
147986
147987
147989
147990
148014
148015
148016
148017
148018
148019
148020
148021
148024
148034
148037
148038
148039
148040
148041
148042
148043
148044
148045
148046
148047
148048
148049
148050
148051
148052
148053
148054
148062
148065
148067
148068
148069
148070
148071
148072
148073
148074
148076
148204
148207
148210
148213
148236
148237
148238
148239
148240
148241
148242
148243
148244
148245
148246
148247
148248
148249
148250
148252
148253
148290
148291
148293
148294
148295
148296
148297
148298
148299
148300
148301
148302
148303
148304
148305
148307
148351
148352
148353
148354
148355
148356
148357
148358
148360
148361
148399
148402
148403
148404
148405
148406
148407
148408
148409
148411
148412
148442
148445
148446
148447
148448
148449
148450
148451
148452
148454
148455
148479
148480
148481
148482
148483
148484
148485
148486
148489
148499
148502
148503
148504
148505
148506
148507
148508
148509
148510
148511
148512
148513
148514
148515
148516
148517
148518
148519
148527
148530
148532
148533
148534
148535
148536
148537
148538
148539
148541
148669
148672
148675
148678
148701
148702
148703
148704
148705
148706
148707
148708
148709
148710
148711
148712
148713
148714
148715
148717
148718
148755
148756
148758
148759
148760
148761
148762
148763
148764
148765
148766
148767
148768
148769
148770
148772
148816
148817
148818
148819
148820
148821
148822
148823
148825
148826
148864
148867
148868
148869
148870
148871
148872
148873
148874
148876
148877
148907
148910
148911
148912
148913
148914
148915
148916
148917
148919
148920
148944
148945
148946
148947
148948
148949
148950
148951
148954
148964
148967
148968
148969
148970
148971
148972
148973
148974
148975
148976
148977
148978
148979
148980
148981
148982
148983
148984
148992
148995
148997
148998
148999
149000
149001
149002
149003
149004
149006
149134
149137
149140
149143
149166
149167
149168
149169
149170
149171
149172
149173
149174
149175
149176
149177
149178
149179
149180
149182
149183
149220
149221
149223
149224
149225
149226
149227
149228
149229
149230
149231
149232
149233
149234
149235
149237
149281
149282
149283
149284
149285
149286
149287
149288
149290
149291
149329
149332
149333
149334
149335
149336
149337
149338
149339
149341
149342
149372
149375
149376
149377
149378
149379
149380
149381
149382
149384
149385
149409
149410
149411
149412
149413
149414
149415
149416
149419
149429
149432
149433
149434
149435
149436
149437
149438
149439
149440
149441
149442
149443
149444
149445
149446
149447
149448
149449
149457
149460
149462
149463
149464
149465
149466
149467
149468
149469
149471
149599
149602
149605
149608
149631
149632
149633
149634
149635
149636
149637
149638
149639
149640
149641
149642
149643
149644
149645
149647
149648
149685
149686
149688
149689
149690
149691
149692
149693
149694
149695
149696
149697
149698
149699
149700
149702
149746
149747
149748
149749
149750
149751
149752
149753
149755
149756
149794
149797
149798
149799
149800
149801
149802
149803
149804
149806
149807
149837
149840
149841
149842
149843
149844
149845
149846
149847
149849
149850
149874
149875
149876
149877
149878
149879
149880
149881
149884
149894
149897
149898
149899
149900
149901
149902
149903
149904
149905
149906
149907
149908
149909
149910
149911
149912
149913
149914
149922
149925
149927
149928
149929
149930
149931
149932
149933
149934
149936
150064
150067
150070
150073
150096
150097
150098
150099
150100
150101
150102
150103
150104
150105
150106
150107
150108
150109
150110
150112
150113
150150
150151
150153
150154
150155
150156
150157
150158
150159
150160
150161
150162
150163
150164
150165
150167
150211
150212
150213
150214
150215
150216
150217
150218
150220
150221
150259
150262
150263
150264
150265
150266
150267
150268
150269
150271
150272
150302
150305
150306
150307
150308
150309
150310
150311
150312
150314
150315
150339
150340
150341
150342
150343
150344
150345
150346
150349
150359
150362
150363
150364
150365
150366
150367
150368
150369
150370
150371
150372
150373
150374
150375
150376
150377
150378
150379
150387
150390
150392
150393
150394
150395
150396
150397
150398
150399
150401
150529
150532
150535
150538
150561
150562
150563
150564
150565
150566
150567
150568
150569
150570
150571
150572
150573
150574
150575
150577
150578
150615
150616
150618
150619
150620
150621
150622
150623
150624
150625
150626
150627
150628
150629
150630
150632
150676
150677
150678
150679
150680
150681
150682
150683
150685
150686
150724
150727
150728
150729
150730
150731
150732
150733
150734
150736
150737
150767
150770
150771
150772
150773
150774
150775
150776
150777
150779
150780
150804
150805
150806
150807
150808
150809
150810
150811
150814
150824
150827
150828
150829
150830
150831
150832
150833
150834
150835
150836
150837
150838
150839
150840
150841
150842
150843
150844
150852
150855
150857
150858
150859
150860
150861
150862
150863
150864
150866
150994
150997
151000
151003
151026
151027
151028
151029
151030
151031
151032
151033
151034
151035
151036
151037
151038
151039
151040
151042
151043
151080
151081
151083
151084
151085
151086
151087
151088
151089
151090
151091
151092
151093
151094
151095
151097
151141
151142
151143
151144
151145
151146
151147
151148
151150
151151
151189
151192
151193
151194
151195
151196
151197
151198
151199
151201
151202
151232
151235
151236
151237
151238
151239
151240
151241
151242
151244
151245
151269
151270
151271
151272
151273
151274
151275
151276
151279
151289
151292
151293
151294
151295
151296
151297
151298
151299
151300
151301
151302
151303
151304
151305
151306
151307
151308
151309
151317
151320
151322
151323
151324
151325
151326
151327
151328
151329
151331
151459
151462
151465
151468
151491
151492
151493
151494
151495
151496
151497
151498
151499
151500
151501
151502
151503
151504
151505
151507
151508
151545
151546
151548
151549
151550
151551
151552
151553
151554
151555
151556
151557
151558
151559
151560
151562
151606
151607
151608
151609
151610
151611
151612
151613
151615
151616
151654
151657
151658
151659
151660
151661
151662
151663
151664
151666
151667
151697
151700
151701
151702
151703
151704
151705
151706
151707
151709
151710
151734
151735
151736
151737
151738
151739
151740
151741
151744
151754
151757
151758
151759
151760
151761
151762
151763
151764
151765
151766
151767
151768
151769
151770
151771
151772
151773
151774
151782
151785
151787
151788
151789
151790
151791
151792
151793
151794
151796
151924
151927
151930
151933
151956
151957
151958
151959
151960
151961
151962
151963
151964
151965
151966
151967
151968
151969
151970
151972
151973
152010
152011
152013
152014
152015
152016
152017
152018
152019
152020
152021
152022
152023
152024
152025
152027
152071
152072
152073
152074
152075
152076
152077
152078
152080
152081
152119
152122
152123
152124
152125
152126
152127
152128
152129
152131
152132
152162
152165
152166
152167
152168
152169
152170
152171
152172
152174
152175
152199
152200
152201
152202
152203
152204
152205
152206
152209
152219
152222
152223
152224
152225
152226
152227
152228
152229
152230
152231
152232
152233
152234
152235
152236
152237
152238
152239
152247
152250
152252
152253
152254
152255
152256
152257
152258
152259
152261
152389
152392
152395
152398
152421
152422
152423
152424
152425
152426
152427
152428
152429
152430
152431
152432
152433
152434
152435
152437
152438
152475
152476
152478
152479
152480
152481
152482
152483
152484
152485
152486
152487
152488
152489
152490
152492
152536
152537
152538
152539
152540
152541
152542
152543
152545
152546
152584
152587
152588
152589
152590
152591
152592
152593
152594
152596
152597
152627
152630
152631
152632
152633
152634
152635
152636
152637
152639
152640
152664
152665
152666
152667
152668
152669
152670
152671
152674
152684
152687
152688
152689
152690
152691
152692
152693
152694
152695
152696
152697
152698
152699
152700
152701
152702
152703
152704
152712
152715
152717
152718
152719
152720
152721
152722
152723
152724
152726
152854
152857
152860
152863
152886
152887
152888
152889
152890
152891
152892
152893
152894
152895
152896
152897
152898
152899
152900
152902
152903
152940
152941
152943
152944
152945
152946
152947
152948
152949
152950
152951
152952
152953
152954
152955
152957
153001
153002
153003
153004
153005
153006
153007
153008
153010
153011
153049
153052
153053
153054
153055
153056
153057
153058
153059
153061
153062
153092
153095
153096
153097
153098
153099
153100
153101
153102
153104
153105
153129
153130
153131
153132
153133
153134
153135
153136
153139
153149
153152
153153
153154
153155
153156
153157
153158
153159
153160
153161
153162
153163
153164
153165
153166
153167
153168
153169
153177
153180
153182
153183
153184
153185
153186
153187
153188
153189
153191
153319
153322
153325
153328
153351
153352
153353
153354
153355
153356
153357
153358
153359
153360
153361
153362
153363
153364
153365
153367
153368
153405
153406
153408
153409
153410
153411
153412
153413
153414
153415
153416
153417
153418
153419
153420
153422
153466
153467
153468
153469
153470
153471
153472
153473
153475
153476
153514
153517
153518
153519
153520
153521
153522
153523
153524
153526
153527
153557
153560
153561
153562
153563
153564
153565
153566
153567
153569
153570
153594
153595
153596
153597
153598
153599
153600
153601
153604
153614
153617
153618
153619
153620
153621
153622
153623
153624
153625
153626
153627
153628
153629
153630
153631
153632
153633
153634
153642
153645
153647
153648
153649
153650
153651
153652
153653
153654
153656
153784
153787
153790
153793
153816
153817
153818
153819
153820
153821
153822
153823
153824
153825
153826
153827
153828
153829
153830
153832
153833
153870
153871
153873
153874
153875
153876
153877
153878
153879
153880
153881
153882
153883
153884
153885
153887
153931
153932
153933
153934
153935
153936
153937
153938
153940
153941
153979
153982
153983
153984
153985
153986
153987
153988
153989
153991
153992
154022
154025
154026
154027
154028
154029
154030
154031
154032
154034
154035
154059
154060
154061
154062
154063
154064
154065
154066
154069
154079
154082
154083
154084
154085
154086
154087
154088
154089
154090
154091
154092
154093
154094
154095
154096
154097
154098
154099
154107
154110
154112
154113
154114
154115
154116
154117
154118
154119
154121
154249
154252
154255
154258
154281
154282
154283
154284
154285
154286
154287
154288
154289
154290
154291
154292
154293
154294
154295
154297
154298
154335
154336
154338
154339
154340
154341
154342
154343
154344
154345
154346
154347
154348
154349
154350
154352
154396
154397
154398
154399
154400
154401
154402
154403
154405
154406
154444
154447
154448
154449
154450
154451
154452
154453
154454
154456
154457
154487
154490
154491
154492
154493
154494
154495
154496
154497
154499
154500
154524
154525
154526
154527
154528
154529
154530
154531
154534
154544
154547
154548
154549
154550
154551
154552
154553
154554
154555
154556
154557
154558
154559
154560
154561
154562
154563
154564
154572
154575
154577
154578
154579
154580
154581
154582
154583
154584
154586
154714
154717
154720
154723
154746
154747
154748
154749
154750
154751
154752
154753
154754
154755
154756
154757
154758
154759
154760
154762
154763
154800
154801
154803
154804
154805
154806
154807
154808
154809
154810
154811
154812
154813
154814
154815
154817
154861
154862
154863
154864
154865
154866
154867
154868
154870
154871
154909
154912
154913
154914
154915
154916
154917
154918
154919
154921
154922
154952
154955
154956
154957
154958
154959
154960
154961
154962
154964
154965
154989
154990
154991
154992
154993
154994
154995
154996
154999
155009
155012
155013
155014
155015
155016
155017
155018
155019
155020
155021
155022
155023
155024
155025
155026
155027
155028
155029
155037
155040
155042
155043
155044
155045
155046
155047
155048
155049
155051
155179
155182
155185
155188
155211
155212
155213
155214
155215
155216
155217
155218
155219
155220
155221
155222
155223
155224
155225
155227
155228
155265
155266
155268
155269
155270
155271
155272
155273
155274
155275
155276
155277
155278
155279
155280
155282
155326
155327
155328
155329
155330
155331
155332
155333
155335
155336
155374
155377
155378
155379
155380
155381
155382
155383
155384
155386
155387
155417
155420
155421
155422
155423
155424
155425
155426
155427
155429
155430
155454
155455
155456
155457
155458
155459
155460
155461
155464
155474
155477
155478
155479
155480
155481
155482
155483
155484
155485
155486
155487
155488
155489
155490
155491
155492
155493
155494
155502
155505
155507
155508
155509
155510
155511
155512
155513
155514
155516
155644
155647
155650
155653
155676
155677
155678
155679
155680
155681
155682
155683
155684
155685
155686
155687
155688
155689
155690
155692
155693
155730
155731
155733
155734
155735
155736
155737
155738
155739
155740
155741
155742
155743
155744
155745
155747
155791
155792
155793
155794
155795
155796
155797
155798
155800
155801
155839
155842
155843
155844
155845
155846
155847
155848
155849
155851
155852
155882
155885
155886
155887
155888
155889
155890
155891
155892
155894
155895
155919
155920
155921
155922
155923
155924
155925
155926
155929
155939
155942
155943
155944
155945
155946
155947
155948
155949
155950
155951
155952
155953
155954
155955
155956
155957
155958
155959
155967
155970
155972
155973
155974
155975
155976
155977
155978
155979
155981
156109
156112
156115
156118
156141
156142
156143
156144
156145
156146
156147
156148
156149
156150
156151
156152
156153
156154
156155
156157
156158
156195
156196
156198
156199
156200
156201
156202
156203
156204
156205
156206
156207
156208
156209
156210
156212
156256
156257
156258
156259
156260
156261
156262
156263
156265
156266
156304
156307
156308
156309
156310
156311
156312
156313
156314
156316
156317
156347
156350
156351
156352
156353
156354
156355
156356
156357
156359
156360
156384
156385
156386
156387
156388
156389
156390
156391
156394
156404
156407
156408
156409
156410
156411
156412
156413
156414
156415
156416
156417
156418
156419
156420
156421
156422
156423
156424
156432
156435
156437
156438
156439
156440
156441
156442
156443
156444
156446
156574
156577
156580
156583
156606
156607
156608
156609
156610
156611
156612
156613
156614
156615
156616
156617
156618
156619
156620
156622
156623
156660
156661
156663
156664
156665
156666
156667
156668
156669
156670
156671
156672
156673
156674
156675
156677
156721
156722
156723
156724
156725
156726
156727
156728
156730
156731
156769
156772
156773
156774
156775
156776
156777
156778
156779
156781
156782
156812
156815
156816
156817
156818
156819
156820
156821
156822
156824
156825
156849
156850
156851
156852
156853
156854
156855
156856
156859
156869
156872
156873
156874
156875
156876
156877
156878
156879
156880
156881
156882
156883
156884
156885
156886
156887
156888
156889
156897
156900
156902
156903
156904
156905
156906
156907
156908
156909
156911
157039
157042
157045
157048
157071
157072
157073
157074
157075
157076
157077
157078
157079
157080
157081
157082
157083
157084
157085
157087
157088
157125
157126
157128
157129
157130
157131
157132
157133
157134
157135
157136
157137
157138
157139
157140
157142
157186
157187
157188
157189
157190
157191
157192
157193
157195
157196
157234
157237
157238
157239
157240
157241
157242
157243
157244
157246
157247
157277
157280
157281
157282
157283
157284
157285
157286
157287
157289
157290
157314
157315
157316
157317
157318
157319
157320
157321
157324
157334
157337
157338
157339
157340
157341
157342
157343
157344
157345
157346
157347
157348
157349
157350
157351
157352
157353
157354
157362
157365
157367
157368
157369
157370
157371
157372
157373
157374
157376
157504
157507
157510
157513
157536
157537
157538
157539
157540
157541
157542
157543
157544
157545
157546
157547
157548
157549
157550
157552
157553
157590
157591
157593
157594
157595
157596
157597
157598
157599
157600
157601
157602
157603
157604
157605
157607
157651
157652
157653
157654
157655
157656
157657
157658
157660
157661
157699
157702
157703
157704
157705
157706
157707
157708
157709
157711
157712
157742
157745
157746
157747
157748
157749
157750
157751
157752
157754
157755
157779
157780
157781
157782
157783
157784
157785
157786
157789
157799
157802
157803
157804
157805
157806
157807
157808
157809
157810
157811
157812
157813
157814
157815
157816
157817
157818
157819
157827
157830
157832
157833
157834
157835
157836
157837
157838
157839
157841
157969
157972
157975
157978
158001
158002
158003
158004
158005
158006
158007
158008
158009
158010
158011
158012
158013
158014
158015
158017
158018
158055
158056
158058
158059
158060
158061
158062
158063
158064
158065
158066
158067
158068
158069
158070
158072
158116
158117
158118
158119
158120
158121
158122
158123
158125
158126
158164
158167
158168
158169
158170
158171
158172
158173
158174
158176
158177
158207
158210
158211
158212
158213
158214
158215
158216
158217
158219
158220
158244
158245
158246
158247
158248
158249
158250
158251
158254
158264
158267
158268
158269
158270
158271
158272
158273
158274
158275
158276
158277
158278
158279
158280
158281
158282
158283
158284
158292
158295
158297
158298
158299
158300
158301
158302
158303
158304
158306
158434
158437
158440
158443
158466
158467
158468
158469
158470
158471
158472
158473
158474
158475
158476
158477
158478
158479
158480
158482
158483
158520
158521
158523
158524
158525
158526
158527
158528
158529
158530
158531
158532
158533
158534
158535
158537
158581
158582
158583
158584
158585
158586
158587
158588
158590
158591
158629
158632
158633
158634
158635
158636
158637
158638
158639
158641
158642
158672
158675
158676
158677
158678
158679
158680
158681
158682
158684
158685
158709
158710
158711
158712
158713
158714
158715
158716
158719
158729
158732
158733
158734
158735
158736
158737
158738
158739
158740
158741
158742
158743
158744
158745
158746
158747
158748
158749
158757
158760
158762
158763
158764
158765
158766
158767
158768
158769
158771
158899
158902
158905
158908
158931
158932
158933
158934
158935
158936
158937
158938
158939
158940
158941
158942
158943
158944
158945
158947
158948
158985
158986
158988
158989
158990
158991
158992
158993
158994
158995
158996
158997
158998
158999
159000
159002
159046
159047
159048
159049
159050
159051
159052
159053
159055
159056
159094
159097
159098
159099
159100
159101
159102
159103
159104
159106
159107
159137
159140
159141
159142
159143
159144
159145
159146
159147
159149
159150
159174
159175
159176
159177
159178
159179
159180
159181
159184
159194
159197
159198
159199
159200
159201
159202
159203
159204
159205
159206
159207
159208
159209
159210
159211
159212
159213
159214
159222
159225
159227
159228
159229
159230
159231
159232
159233
159234
159236
159364
159367
159370
159373
159396
159397
159398
159399
159400
159401
159402
159403
159404
159405
159406
159407
159408
159409
159410
159412
159413
159450
159451
159453
159454
159455
159456
159457
159458
159459
159460
159461
159462
159463
159464
159465
159467
159511
159512
159513
159514
159515
159516
159517
159518
159520
159521
159559
159562
159563
159564
159565
159566
159567
159568
159569
159571
159572
159602
159605
159606
159607
159608
159609
159610
159611
159612
159614
159615
159639
159640
159641
159642
159643
159644
159645
159646
159649
159659
159662
159663
159664
159665
159666
159667
159668
159669
159670
159671
159672
159673
159674
159675
159676
159677
159678
159679
159687
159690
159692
159693
159694
159695
159696
159697
159698
159699
159701
159829
159832
159835
159838
159861
159862
159863
159864
159865
159866
159867
159868
159869
159870
159871
159872
159873
159874
159875
159877
159878
159915
159916
159918
159919
159920
159921
159922
159923
159924
159925
159926
159927
159928
159929
159930
159932
159976
159977
159978
159979
159980
159981
159982
159983
159985
159986
160024
160027
160028
160029
160030
160031
160032
160033
160034
160036
160037
160067
160070
160071
160072
160073
160074
160075
160076
160077
160079
160080
160104
160105
160106
160107
160108
160109
160110
160111
160114
160124
160127
160128
160129
160130
160131
160132
160133
160134
160135
160136
160137
160138
160139
160140
160141
160142
160143
160144
160152
160155
160157
160158
160159
160160
160161
160162
160163
160164
160166
160294
160297
160300
160303
160326
160327
160328
160329
160330
160331
160332
160333
160334
160335
160336
160337
160338
160339
160340
160342
160343
160380
160381
160383
160384
160385
160386
160387
160388
160389
160390
160391
160392
160393
160394
160395
160397
160441
160442
160443
160444
160445
160446
160447
160448
160450
160451
160489
160492
160493
160494
160495
160496
160497
160498
160499
160501
160502
160532
160535
160536
160537
160538
160539
160540
160541
160542
160544
160545
160569
160570
160571
160572
160573
160574
160575
160576
160579
160589
160592
160593
160594
160595
160596
160597
160598
160599
160600
160601
160602
160603
160604
160605
160606
160607
160608
160609
160617
160620
160622
160623
160624
160625
160626
160627
160628
160629
160631
160759
160762
160765
160768
160791
160792
160793
160794
160795
160796
160797
160798
160799
160800
160801
160802
160803
160804
160805
160807
160808
160845
160846
160848
160849
160850
160851
160852
160853
160854
160855
160856
160857
160858
160859
160860
160862
160906
160907
160908
160909
160910
160911
160912
160913
160915
160916
160954
160957
160958
160959
160960
160961
160962
160963
160964
160966
160967
160997
161000
161001
161002
161003
161004
161005
161006
161007
161009
161010
161034
161035
161036
161037
161038
161039
161040
161041
161044
161054
161057
161058
161059
161060
161061
161062
161063
161064
161065
161066
161067
161068
161069
161070
161071
161072
161073
161074
161082
161085
161087
161088
161089
161090
161091
161092
161093
161094
161096
161224
161227
161230
161233
161256
161257
161258
161259
161260
161261
161262
161263
161264
161265
161266
161267
161268
161269
161270
161272
161273
161310
161311
161313
161314
161315
161316
161317
161318
161319
161320
161321
161322
161323
161324
161325
161327
161371
161372
161373
161374
161375
161376
161377
161378
161380
161381
161419
161422
161423
161424
161425
161426
161427
161428
161429
161431
161432
161462
161465
161466
161467
161468
161469
161470
161471
161472
161474
161475
161499
161500
161501
161502
161503
161504
161505
161506
161509
161519
161522
161523
161524
161525
161526
161527
161528
161529
161530
161531
161532
161533
161534
161535
161536
161537
161538
161539
161547
161550
161552
161553
161554
161555
161556
161557
161558
161559
161561
161689
161692
161695
161698
161721
161722
161723
161724
161725
161726
161727
161728
161729
161730
161731
161732
161733
161734
161735
161737
161738
161775
161776
161778
161779
161780
161781
161782
161783
161784
161785
161786
161787
161788
161789
161790
161792
161836
161837
161838
161839
161840
161841
161842
161843
161845
161846
161884
161887
161888
161889
161890
161891
161892
161893
161894
161896
161897
161927
161930
161931
161932
161933
161934
161935
161936
161937
161939
161940
161964
161965
161966
161967
161968
161969
161970
161971
161974
161984
161987
161988
161989
161990
161991
161992
161993
161994
161995
161996
161997
161998
161999
162000
162001
162002
162003
162004
162012
162015
162017
162018
162019
162020
162021
162022
162023
162024
162026
162154
162157
162160
162163
162186
162187
162188
162189
162190
162191
162192
162193
162194
162195
162196
162197
162198
162199
162200
162202
162203
162240
162241
162243
162244
162245
162246
162247
162248
162249
162250
162251
162252
162253
162254
162255
162257
162301
162302
162303
162304
162305
162306
162307
162308
162310
162311
162349
162352
162353
162354
162355
162356
162357
162358
162359
162361
162362
162392
162395
162396
162397
162398
162399
162400
162401
162402
162404
162405
162429
162430
162431
162432
162433
162434
162435
162436
162439
162449
162452
162453
162454
162455
162456
162457
162458
162459
162460
162461
162462
162463
162464
162465
162466
162467
162468
162469
162477
162480
162482
162483
162484
162485
162486
162487
162488
162489
162491
162619
162622
162625
162628
162651
162652
162653
162654
162655
162656
162657
162658
162659
162660
162661
162662
162663
162664
162665
162667
162668
162705
162706
162708
162709
162710
162711
162712
162713
162714
162715
162716
162717
162718
162719
162720
162722
162766
162767
162768
162769
162770
162771
162772
162773
162775
162776
162814
162817
162818
162819
162820
162821
162822
162823
162824
162826
162827
162857
162860
162861
162862
162863
162864
162865
162866
162867
162869
162870
162894
162895
162896
162897
162898
162899
162900
162901
162904
162914
162917
162918
162919
162920
162921
162922
162923
162924
162925
162926
162927
162928
162929
162930
162931
162932
162933
162934
162942
162945
162947
162948
162949
162950
162951
162952
162953
162954
162956
163084
163087
163090
163093
163116
163117
163118
163119
163120
163121
163122
163123
163124
163125
163126
163127
163128
163129
163130
163132
163133
163170
163171
163173
163174
163175
163176
163177
163178
163179
163180
163181
163182
163183
163184
163185
163187
163231
163232
163233
163234
163235
163236
163237
163238
163240
163241
163279
163282
163283
163284
163285
163286
163287
163288
163289
163291
163292
163322
163325
163326
163327
163328
163329
163330
163331
163332
163334
163335
163359
163360
163361
163362
163363
163364
163365
163366
163369
163379
163382
163383
163384
163385
163386
163387
163388
163389
163390
163391
163392
163393
163394
163395
163396
163397
163398
163399
163407
163410
163412
163413
163414
163415
163416
163417
163418
163419
163421
163549
163552
163555
163558
163581
163582
163583
163584
163585
163586
163587
163588
163589
163590
163591
163592
163593
163594
163595
163597
163598
163635
163636
163638
163639
163640
163641
163642
163643
163644
163645
163646
163647
163648
163649
163650
163652
163696
163697
163698
163699
163700
163701
163702
163703
163705
163706
163744
163747
163748
163749
163750
163751
163752
163753
163754
163756
163757
163787
163790
163791
163792
163793
163794
163795
163796
163797
163799
163800
163824
163825
163826
163827
163828
163829
163830
163831
163834
163844
163847
163848
163849
163850
163851
163852
163853
163854
163855
163856
163857
163858
163859
163860
163861
163862
163863
163864
163872
163875
163877
163878
163879
163880
163881
163882
163883
163884
163886
164014
164017
164020
164023
164046
164047
164048
164049
164050
164051
164052
164053
164054
164055
164056
164057
164058
164059
164060
164062
164063
164100
164101
164103
164104
164105
164106
164107
164108
164109
164110
164111
164112
164113
164114
164115
164117
164161
164162
164163
164164
164165
164166
164167
164168
164170
164171
164209
164212
164213
164214
164215
164216
164217
164218
164219
164221
164222
164252
164255
164256
164257
164258
164259
164260
164261
164262
164264
164265
164289
164290
164291
164292
164293
164294
164295
164296
164299
164309
164312
164313
164314
164315
164316
164317
164318
164319
164320
164321
164322
164323
164324
164325
164326
164327
164328
164329
164337
164340
164342
164343
164344
164345
164346
164347
164348
164349
164351
164479
164482
164485
164488
164511
164512
164513
164514
164515
164516
164517
164518
164519
164520
164521
164522
164523
164524
164525
164527
164528
164565
164566
164568
164569
164570
164571
164572
164573
164574
164575
164576
164577
164578
164579
164580
164582
164626
164627
164628
164629
164630
164631
164632
164633
164635
164636
164674
164677
164678
164679
164680
164681
164682
164683
164684
164686
164687
164717
164720
164721
164722
164723
164724
164725
164726
164727
164729
164730
164754
164755
164756
164757
164758
164759
164760
164761
164764
164774
164777
164778
164779
164780
164781
164782
164783
164784
164785
164786
164787
164788
164789
164790
164791
164792
164793
164794
164802
164805
164807
164808
164809
164810
164811
164812
164813
164814
164816
164944
164947
164950
164953
164976
164977
164978
164979
164980
164981
164982
164983
164984
164985
164986
164987
164988
164989
164990
164992
164993
165030
165031
165033
165034
165035
165036
165037
165038
165039
165040
165041
165042
165043
165044
165045
165047
165091
165092
165093
165094
165095
165096
165097
165098
165100
165101
165139
165142
165143
165144
165145
165146
165147
165148
165149
165151
165152
165182
165185
165186
165187
165188
165189
165190
165191
165192
165194
165195
165219
165220
165221
165222
165223
165224
165225
165226
165229
165239
165242
165243
165244
165245
165246
165247
165248
165249
165250
165251
165252
165253
165254
165255
165256
165257
165258
165259
165267
165270
165272
165273
165274
165275
165276
165277
165278
165279
165281
165409
165412
165415
165418
165441
165442
165443
165444
165445
165446
165447
165448
165449
165450
165451
165452
165453
165454
165455
165457
165458
165495
165496
165498
165499
165500
165501
165502
165503
165504
165505
165506
165507
165508
165509
165510
165512
165556
165557
165558
165559
165560
165561
165562
165563
165565
165566
165604
165607
165608
165609
165610
165611
165612
165613
165614
165616
165617
165647
165650
165651
165652
165653
165654
165655
165656
165657
165659
165660
165684
165685
165686
165687
165688
165689
165690
165691
165694
165704
165707
165708
165709
165710
165711
165712
165713
165714
165715
165716
165717
165718
165719
165720
165721
165722
165723
165724
165732
165735
165737
165738
165739
165740
165741
165742
165743
165744
165746
165874
165877
165880
165883
165906
165907
165908
165909
165910
165911
165912
165913
165914
165915
165916
165917
165918
165919
165920
165922
165923
165960
165961
165963
165964
165965
165966
165967
165968
165969
165970
165971
165972
165973
165974
165975
165977
166021
166022
166023
166024
166025
166026
166027
166028
166030
166031
166069
166072
166073
166074
166075
166076
166077
166078
166079
166081
166082
166112
166115
166116
166117
166118
166119
166120
166121
166122
166124
166125
166149
166150
166151
166152
166153
166154
166155
166156
166159
166169
166172
166173
166174
166175
166176
166177
166178
166179
166180
166181
166182
166183
166184
166185
166186
166187
166188
166189
166197
166200
166202
166203
166204
166205
166206
166207
166208
166209
166211
166339
166342
166345
166348
166371
166372
166373
166374
166375
166376
166377
166378
166379
166380
166381
166382
166383
166384
166385
166387
166388
166425
166426
166428
166429
166430
166431
166432
166433
166434
166435
166436
166437
166438
166439
166440
166442
166486
166487
166488
166489
166490
166491
166492
166493
166495
166496
166534
166537
166538
166539
166540
166541
166542
166543
166544
166546
166547
166577
166580
166581
166582
166583
166584
166585
166586
166587
166589
166590
166614
166615
166616
166617
166618
166619
166620
166621
166624
166634
166637
166638
166639
166640
166641
166642
166643
166644
166645
166646
166647
166648
166649
166650
166651
166652
166653
166654
166662
166665
166667
166668
166669
166670
166671
166672
166673
166674
166676
166804
166807
166810
166813
166836
166837
166838
166839
166840
166841
166842
166843
166844
166845
166846
166847
166848
166849
166850
166852
166853
166890
166891
166893
166894
166895
166896
166897
166898
166899
166900
166901
166902
166903
166904
166905
166907
166951
166952
166953
166954
166955
166956
166957
166958
166960
166961
166999
167002
167003
167004
167005
167006
167007
167008
167009
167011
167012
167042
167045
167046
167047
167048
167049
167050
167051
167052
167054
167055
167079
167080
167081
167082
167083
167084
167085
167086
167089
167099
167102
167103
167104
167105
167106
167107
167108
167109
167110
167111
167112
167113
167114
167115
167116
167117
167118
167119
167127
167130
167132
167133
167134
167135
167136
167137
167138
167139
167141
167269
167272
167275
167278
167301
167302
167303
167304
167305
167306
167307
167308
167309
167310
167311
167312
167313
167314
167315
167317
167318
167355
167356
167358
167359
167360
167361
167362
167363
167364
167365
167366
167367
167368
167369
167370
167372
167416
167417
167418
167419
167420
167421
167422
167423
167425
167426
167464
167467
167468
167469
167470
167471
167472
167473
167474
167476
167477
167507
167510
167511
167512
167513
167514
167515
167516
167517
167519
167520
167544
167545
167546
167547
167548
167549
167550
167551
167554
167564
167567
167568
167569
167570
167571
167572
167573
167574
167575
167576
167577
167578
167579
167580
167581
167582
167583
167584
167592
167595
167597
167598
167599
167600
167601
167602
167603
167604
167606
167734
167737
167740
167743
167766
167767
167768
167769
167770
167771
167772
167773
167774
167775
167776
167777
167778
167779
167780
167782
167783
167820
167821
167823
167824
167825
167826
167827
167828
167829
167830
167831
167832
167833
167834
167835
167837
167881
167882
167883
167884
167885
167886
167887
167888
167890
167891
167929
167932
167933
167934
167935
167936
167937
167938
167939
167941
167942
167972
167975
167976
167977
167978
167979
167980
167981
167982
167984
167985
168009
168010
168011
168012
168013
168014
168015
168016
168019
168029
168032
168033
168034
168035
168036
168037
168038
168039
168040
168041
168042
168043
168044
168045
168046
168047
168048
168049
168057
168060
168062
168063
168064
168065
168066
168067
168068
168069
168071
168199
168202
168205
168208
168231
168232
168233
168234
168235
168236
168237
168238
168239
168240
168241
168242
168243
168244
168245
168247
168248
168285
168286
168288
168289
168290
168291
168292
168293
168294
168295
168296
168297
168298
168299
168300
168302
168346
168347
168348
168349
168350
168351
168352
168353
168355
168356
168394
168397
168398
168399
168400
168401
168402
168403
168404
168406
168407
168437
168440
168441
168442
168443
168444
168445
168446
168447
168449
168450
168474
168475
168476
168477
168478
168479
168480
168481
168484
168494
168497
168498
168499
168500
168501
168502
168503
168504
168505
168506
168507
168508
168509
168510
168511
168512
168513
168514
168522
168525
168527
168528
168529
168530
168531
168532
168533
168534
168536
168664
168667
168670
168673
168696
168697
168698
168699
168700
168701
168702
168703
168704
168705
168706
168707
168708
168709
168710
168712
168713
168750
168751
168753
168754
168755
168756
168757
168758
168759
168760
168761
168762
168763
168764
168765
168767
168811
168812
168813
168814
168815
168816
168817
168818
168820
168821
168859
168862
168863
168864
168865
168866
168867
168868
168869
168871
168872
168902
168905
168906
168907
168908
168909
168910
168911
168912
168914
168915
168939
168940
168941
168942
168943
168944
168945
168946
168949
168959
168962
168963
168964
168965
168966
168967
168968
168969
168970
168971
168972
168973
168974
168975
168976
168977
168978
168979
168987
168990
168992
168993
168994
168995
168996
168997
168998
168999
169001
169129
169132
169135
169138
169161
169162
169163
169164
169165
169166
169167
169168
169169
169170
169171
169172
169173
169174
169175
169177
169178
169215
169216
169218
169219
169220
169221
169222
169223
169224
169225
169226
169227
169228
169229
169230
169232
169276
169277
169278
169279
169280
169281
169282
169283
169285
169286
169324
169327
169328
169329
169330
169331
169332
169333
169334
169336
169337
169367
169370
169371
169372
169373
169374
169375
169376
169377
169379
169380
169404
169405
169406
169407
169408
169409
169410
169411
169414
169424
169427
169428
169429
169430
169431
169432
169433
169434
169435
169436
169437
169438
169439
169440
169441
169442
169443
169444
169452
169455
169457
169458
169459
169460
169461
169462
169463
169464
169466
169594
169597
169600
169603
169626
169627
169628
169629
169630
169631
169632
169633
169634
169635
169636
169637
169638
169639
169640
169642
169643
169680
169681
169683
169684
169685
169686
169687
169688
169689
169690
169691
169692
169693
169694
169695
169697
169741
169742
169743
169744
169745
169746
169747
169748
169750
169751
169789
169792
169793
169794
169795
169796
169797
169798
169799
169801
169802
169832
169835
169836
169837
169838
169839
169840
169841
169842
169844
169845
169869
169870
169871
169872
169873
169874
169875
169876
169879
169889
169892
169893
169894
169895
169896
169897
169898
169899
169900
169901
169902
169903
169904
169905
169906
169907
169908
169909
169917
169920
169922
169923
169924
169925
169926
169927
169928
169929
169931
170059
170062
170065
170068
170091
170092
170093
170094
170095
170096
170097
170098
170099
170100
170101
170102
170103
170104
170105
170107
170108
170145
170146
170148
170149
170150
170151
170152
170153
170154
170155
170156
170157
170158
170159
170160
170162
170206
170207
170208
170209
170210
170211
170212
170213
170215
170216
170254
170257
170258
170259
170260
170261
170262
170263
170264
170266
170267
170297
170300
170301
170302
170303
170304
170305
170306
170307
170309
170310
170334
170335
170336
170337
170338
170339
170340
170341
170344
170354
170357
170358
170359
170360
170361
170362
170363
170364
170365
170366
170367
170368
170369
170370
170371
170372
170373
170374
170382
170385
170387
170388
170389
170390
170391
170392
170393
170394
170396
170524
170527
170530
170533
170556
170557
170558
170559
170560
170561
170562
170563
170564
170565
170566
170567
170568
170569
170570
170572
170573
170610
170611
170613
170614
170615
170616
170617
170618
170619
170620
170621
170622
170623
170624
170625
170627
170671
170672
170673
170674
170675
170676
170677
170678
170680
170681
170719
170722
170723
170724
170725
170726
170727
170728
170729
170731
170732
170762
170765
170766
170767
170768
170769
170770
170771
170772
170774
170775
170799
170800
170801
170802
170803
170804
170805
170806
170809
170819
170822
170823
170824
170825
170826
170827
170828
170829
170830
170831
170832
170833
170834
170835
170836
170837
170838
170839
170847
170850
170852
170853
170854
170855
170856
170857
170858
170859
170861
170989
170992
170995
170998
171021
171022
171023
171024
171025
171026
171027
171028
171029
171030
171031
171032
171033
171034
171035
171037
171038
171075
171076
171078
171079
171080
171081
171082
171083
171084
171085
171086
171087
171088
171089
171090
171092
171136
171137
171138
171139
171140
171141
171142
171143
171145
171146
171184
171187
171188
171189
171190
171191
171192
171193
171194
171196
171197
171227
171230
171231
171232
171233
171234
171235
171236
171237
171239
171240
171264
171265
171266
171267
171268
171269
171270
171271
171274
171284
171287
171288
171289
171290
171291
171292
171293
171294
171295
171296
171297
171298
171299
171300
171301
171302
171303
171304
171312
171315
171317
171318
171319
171320
171321
171322
171323
171324
171326
171454
171457
171460
171463
171486
171487
171488
171489
171490
171491
171492
171493
171494
171495
171496
171497
171498
171499
171500
171502
171503
171540
171541
171543
171544
171545
171546
171547
171548
171549
171550
171551
171552
171553
171554
171555
171557
171601
171602
171603
171604
171605
171606
171607
171608
171610
171611
171649
171652
171653
171654
171655
171656
171657
171658
171659
171661
171662
171692
171695
171696
171697
171698
171699
171700
171701
171702
171704
171705
171729
171730
171731
171732
171733
171734
171735
171736
171739
171749
171752
171753
171754
171755
171756
171757
171758
171759
171760
171761
171762
171763
171764
171765
171766
171767
171768
171769
171777
171780
171782
171783
171784
171785
171786
171787
171788
171789
171791
171919
171922
171925
171928
171951
171952
171953
171954
171955
171956
171957
171958
171959
171960
171961
171962
171963
171964
171965
171967
171968
172005
172006
172008
172009
172010
172011
172012
172013
172014
172015
172016
172017
172018
172019
172020
172022
172066
172067
172068
172069
172070
172071
172072
172073
172075
172076
172114
172117
172118
172119
172120
172121
172122
172123
172124
172126
172127
172157
172160
172161
172162
172163
172164
172165
172166
172167
172169
172170
172194
172195
172196
172197
172198
172199
172200
172201
172204
172214
172217
172218
172219
172220
172221
172222
172223
172224
172225
172226
172227
172228
172229
172230
172231
172232
172233
172234
172242
172245
172247
172248
172249
172250
172251
172252
172253
172254
172256
172384
172387
172390
172393
172416
172417
172418
172419
172420
172421
172422
172423
172424
172425
172426
172427
172428
172429
172430
172432
172433
172470
172471
172473
172474
172475
172476
172477
172478
172479
172480
172481
172482
172483
172484
172485
172487
172531
172532
172533
172534
172535
172536
172537
172538
172540
172541
172579
172582
172583
172584
172585
172586
172587
172588
172589
172591
172592
172622
172625
172626
172627
172628
172629
172630
172631
172632
172634
172635
172659
172660
172661
172662
172663
172664
172665
172666
172669
172679
172682
172683
172684
172685
172686
172687
172688
172689
172690
172691
172692
172693
172694
172695
172696
172697
172698
172699
172707
172710
172712
172713
172714
172715
172716
172717
172718
172719
172721
172849
172852
172855
172858
172881
172882
172883
172884
172885
172886
172887
172888
172889
172890
172891
172892
172893
172894
172895
172897
172898
172935
172936
172938
172939
172940
172941
172942
172943
172944
172945
172946
172947
172948
172949
172950
172952
172996
172997
172998
172999
173000
173001
173002
173003
173005
173006
173044
173047
173048
173049
173050
173051
173052
173053
173054
173056
173057
173087
173090
173091
173092
173093
173094
173095
173096
173097
173099
173100
173124
173125
173126
173127
173128
173129
173130
173131
173134
173144
173147
173148
173149
173150
173151
173152
173153
173154
173155
173156
173157
173158
173159
173160
173161
173162
173163
173164
173172
173175
173177
173178
173179
173180
173181
173182
173183
173184
173186
173314
173317
173320
173323
173346
173347
173348
173349
173350
173351
173352
173353
173354
173355
173356
173357
173358
173359
173360
173362
173363
173400
173401
173403
173404
173405
173406
173407
173408
173409
173410
173411
173412
173413
173414
173415
173417
173461
173462
173463
173464
173465
173466
173467
173468
173470
173471
173509
173512
173513
173514
173515
173516
173517
173518
173519
173521
173522
173552
173555
173556
173557
173558
173559
173560
173561
173562
173564
173565
173589
173590
173591
173592
173593
173594
173595
173596
173599
173609
173612
173613
173614
173615
173616
173617
173618
173619
173620
173621
173622
173623
173624
173625
173626
173627
173628
173629
173637
173640
173642
173643
173644
173645
173646
173647
173648
173649
173651
173779
173782
173785
173788
173811
173812
173813
173814
173815
173816
173817
173818
173819
173820
173821
173822
173823
173824
173825
173827
173828
173865
173866
173868
173869
173870
173871
173872
173873
173874
173875
173876
173877
173878
173879
173880
173882
173926
173927
173928
173929
173930
173931
173932
173933
173935
173936
173974
173977
173978
173979
173980
173981
173982
173983
173984
173986
173987
174017
174020
174021
174022
174023
174024
174025
174026
174027
174029
174030
174054
174055
174056
174057
174058
174059
174060
174061
174064
174074
174077
174078
174079
174080
174081
174082
174083
174084
174085
174086
174087
174088
174089
174090
174091
174092
174093
174094
174102
174105
174107
174108
174109
174110
174111
174112
174113
174114
174116
174244
174247
174250
174253
174276
174277
174278
174279
174280
174281
174282
174283
174284
174285
174286
174287
174288
174289
174290
174292
174293
174330
174331
174333
174334
174335
174336
174337
174338
174339
174340
174341
174342
174343
174344
174345
174347
174391
174392
174393
174394
174395
174396
174397
174398
174400
174401
174439
174442
174443
174444
174445
174446
174447
174448
174449
174451
174452
174482
174485
174486
174487
174488
174489
174490
174491
174492
174494
174495
174519
174520
174521
174522
174523
174524
174525
174526
174529
174539
174542
174543
174544
174545
174546
174547
174548
174549
174550
174551
174552
174553
174554
174555
174556
174557
174558
174559
174567
174570
174572
174573
174574
174575
174576
174577
174578
174579
174581
174709
174712
174715
174718
174741
174742
174743
174744
174745
174746
174747
174748
174749
174750
174751
174752
174753
174754
174755
174757
174758
174795
174796
174798
174799
174800
174801
174802
174803
174804
174805
174806
174807
174808
174809
174810
174812
174856
174857
174858
174859
174860
174861
174862
174863
174865
174866
174904
174907
174908
174909
174910
174911
174912
174913
174914
174916
174917
174947
174950
174951
174952
174953
174954
174955
174956
174957
174959
174960
174984
174985
174986
174987
174988
174989
174990
174991
174994
175004
175007
175008
175009
175010
175011
175012
175013
175014
175015
175016
175017
175018
175019
175020
175021
175022
175023
175024
175032
175035
175037
175038
175039
175040
175041
175042
175043
175044
175046
175174
175177
175180
175183
175206
175207
175208
175209
175210
175211
175212
175213
175214
175215
175216
175217
175218
175219
175220
175222
175223
175260
175261
175263
175264
175265
175266
175267
175268
175269
175270
175271
175272
175273
175274
175275
175277
175321
175322
175323
175324
175325
175326
175327
175328
175330
175331
175369
175372
175373
175374
175375
175376
175377
175378
175379
175381
175382
175412
175415
175416
175417
175418
175419
175420
175421
175422
175424
175425
175449
175450
175451
175452
175453
175454
175455
175456
175459
175469
175472
175473
175474
175475
175476
175477
175478
175479
175480
175481
175482
175483
175484
175485
175486
175487
175488
175489
175497
175500
175502
175503
175504
175505
175506
175507
175508
175509
175511
175639
175642
175645
175648
175671
175672
175673
175674
175675
175676
175677
175678
175679
175680
175681
175682
175683
175684
175685
175687
175688
175725
175726
175728
175729
175730
175731
175732
175733
175734
175735
175736
175737
175738
175739
175740
175742
175786
175787
175788
175789
175790
175791
175792
175793
175795
175796
175834
175837
175838
175839
175840
175841
175842
175843
175844
175846
175847
175877
175880
175881
175882
175883
175884
175885
175886
175887
175889
175890
175914
175915
175916
175917
175918
175919
175920
175921
175924
175934
175937
175938
175939
175940
175941
175942
175943
175944
175945
175946
175947
175948
175949
175950
175951
175952
175953
175954
175962
175965
175967
175968
175969
175970
175971
175972
175973
175974
175976
176104
176107
176110
176113
176136
176137
176138
176139
176140
176141
176142
176143
176144
176145
176146
176147
176148
176149
176150
176152
176153
176190
176191
176193
176194
176195
176196
176197
176198
176199
176200
176201
176202
176203
176204
176205
176207
176251
176252
176253
176254
176255
176256
176257
176258
176260
176261
176299
176302
176303
176304
176305
176306
176307
176308
176309
176311
176312
176342
176345
176346
176347
176348
176349
176350
176351
176352
176354
176355
176379
176380
176381
176382
176383
176384
176385
176386
176389
176399
176402
176403
176404
176405
176406
176407
176408
176409
176410
176411
176412
176413
176414
176415
176416
176417
176418
176419
176427
176430
176432
176433
176434
176435
176436
176437
176438
176439
176441
176569
176572
176575
176578
176601
176602
176603
176604
176605
176606
176607
176608
176609
176610
176611
176612
176613
176614
176615
176617
176618
176655
176656
176658
176659
176660
176661
176662
176663
176664
176665
176666
176667
176668
176669
176670
176672
176716
176717
176718
176719
176720
176721
176722
176723
176725
176726
176764
176767
176768
176769
176770
176771
176772
176773
176774
176776
176777
176807
176810
176811
176812
176813
176814
176815
176816
176817
176819
176820
176844
176845
176846
176847
176848
176849
176850
176851
176854
176864
176867
176868
176869
176870
176871
176872
176873
176874
176875
176876
176877
176878
176879
176880
176881
176882
176883
176884
176892
176895
176897
176898
176899
176900
176901
176902
176903
176904
176906
177034
177037
177040
177043
177066
177067
177068
177069
177070
177071
177072
177073
177074
177075
177076
177077
177078
177079
177080
177082
177083
177120
177121
177123
177124
177125
177126
177127
177128
177129
177130
177131
177132
177133
177134
177135
177137
177181
177182
177183
177184
177185
177186
177187
177188
177190
177191
177229
177232
177233
177234
177235
177236
177237
177238
177239
177241
177242
177272
177275
177276
177277
177278
177279
177280
177281
177282
177284
177285
177309
177310
177311
177312
177313
177314
177315
177316
177319
177329
177332
177333
177334
177335
177336
177337
177338
177339
177340
177341
177342
177343
177344
177345
177346
177347
177348
177349
177357
177360
177362
177363
177364
177365
177366
177367
177368
177369
177371
177499
177502
177505
177508
177531
177532
177533
177534
177535
177536
177537
177538
177539
177540
177541
177542
177543
177544
177545
177547
177548
177585
177586
177588
177589
177590
177591
177592
177593
177594
177595
177596
177597
177598
177599
177600
177602
177646
177647
177648
177649
177650
177651
177652
177653
177655
177656
177694
177697
177698
177699
177700
177701
177702
177703
177704
177706
177707
177737
177740
177741
177742
177743
177744
177745
177746
177747
177749
177750
177774
177775
177776
177777
177778
177779
177780
177781
177784
177794
177797
177798
177799
177800
177801
177802
177803
177804
177805
177806
177807
177808
177809
177810
177811
177812
177813
177814
177822
177825
177827
177828
177829
177830
177831
177832
177833
177834
177836
177964
177967
177970
177973
177996
177997
177998
177999
178000
178001
178002
178003
178004
178005
178006
178007
178008
178009
178010
178012
178013
178050
178051
178053
178054
178055
178056
178057
178058
178059
178060
178061
178062
178063
178064
178065
178067
178111
178112
178113
178114
178115
178116
178117
178118
178120
178121
178159
178162
178163
178164
178165
178166
178167
178168
178169
178171
178172
178202
178205
178206
178207
178208
178209
178210
178211
178212
178214
178215
178239
178240
178241
178242
178243
178244
178245
178246
178249
178259
178262
178263
178264
178265
178266
178267
178268
178269
178270
178271
178272
178273
178274
178275
178276
178277
178278
178279
178287
178290
178292
178293
178294
178295
178296
178297
178298
178299
178301
178429
178432
178435
178438
178461
178462
178463
178464
178465
178466
178467
178468
178469
178470
178471
178472
178473
178474
178475
178477
178478
178515
178516
178518
178519
178520
178521
178522
178523
178524
178525
178526
178527
178528
178529
178530
178532
178576
178577
178578
178579
178580
178581
178582
178583
178585
178586
178624
178627
178628
178629
178630
178631
178632
178633
178634
178636
178637
178667
178670
178671
178672
178673
178674
178675
178676
178677
178679
178680
178704
178705
178706
178707
178708
178709
178710
178711
178714
178724
178727
178728
178729
178730
178731
178732
178733
178734
178735
178736
178737
178738
178739
178740
178741
178742
178743
178744
178752
178755
178757
178758
178759
178760
178761
178762
178763
178764
178766
178894
178897
178900
178903
178926
178927
178928
178929
178930
178931
178932
178933
178934
178935
178936
178937
178938
178939
178940
178942
178943
178980
178981
178983
178984
178985
178986
178987
178988
178989
178990
178991
178992
178993
178994
178995
178997
179041
179042
179043
179044
179045
179046
179047
179048
179050
179051
179089
179092
179093
179094
179095
179096
179097
179098
179099
179101
179102
179132
179135
179136
179137
179138
179139
179140
179141
179142
179144
179145
179169
179170
179171
179172
179173
179174
179175
179176
179179
179189
179192
179193
179194
179195
179196
179197
179198
179199
179200
179201
179202
179203
179204
179205
179206
179207
179208
179209
179217
179220
179222
179223
179224
179225
179226
179227
179228
179229
179231
179359
179362
179365
179368
179391
179392
179393
179394
179395
179396
179397
179398
179399
179400
179401
179402
179403
179404
179405
179407
179408
179445
179446
179448
179449
179450
179451
179452
179453
179454
179455
179456
179457
179458
179459
179460
179462
179506
179507
179508
179509
179510
179511
179512
179513
179515
179516
179554
179557
179558
179559
179560
179561
179562
179563
179564
179566
179567
179597
179600
179601
179602
179603
179604
179605
179606
179607
179609
179610
179634
179635
179636
179637
179638
179639
179640
179641
179644
179654
179657
179658
179659
179660
179661
179662
179663
179664
179665
179666
179667
179668
179669
179670
179671
179672
179673
179674
179682
179685
179687
179688
179689
179690
179691
179692
179693
179694
179696
179824
179827
179830
179833
179856
179857
179858
179859
179860
179861
179862
179863
179864
179865
179866
179867
179868
179869
179870
179872
179873
179910
179911
179913
179914
179915
179916
179917
179918
179919
179920
179921
179922
179923
179924
179925
179927
179971
179972
179973
179974
179975
179976
179977
179978
179980
179981
180019
180022
180023
180024
180025
180026
180027
180028
180029
180031
180032
180062
180065
180066
180067
180068
180069
180070
180071
180072
180074
180075
180099
180100
180101
180102
180103
180104
180105
180106
180109
180119
180122
180123
180124
180125
180126
180127
180128
180129
180130
180131
180132
180133
180134
180135
180136
180137
180138
180139
180147
180150
180152
180153
180154
180155
180156
180157
180158
180159
180161
180289
180292
180295
180298
180321
180322
180323
180324
180325
180326
180327
180328
180329
180330
180331
180332
180333
180334
180335
180337
180338
180375
180376
180378
180379
180380
180381
180382
180383
180384
180385
180386
180387
180388
180389
180390
180392
180436
180437
180438
180439
180440
180441
180442
180443
180445
180446
180484
180487
180488
180489
180490
180491
180492
180493
180494
180496
180497
180527
180530
180531
180532
180533
180534
180535
180536
180537
180539
180540
180564
180565
180566
180567
180568
180569
180570
180571
180574
180584
180587
180588
180589
180590
180591
180592
180593
180594
180595
180596
180597
180598
180599
180600
180601
180602
180603
180604
180612
180615
180617
180618
180619
180620
180621
180622
180623
180624
180626
180754
180757
180760
180763
180786
180787
180788
180789
180790
180791
180792
180793
180794
180795
180796
180797
180798
180799
180800
180802
180803
180840
180841
180843
180844
180845
180846
180847
180848
180849
180850
180851
180852
180853
180854
180855
180857
180901
180902
180903
180904
180905
180906
180907
180908
180910
180911
180949
180952
180953
180954
180955
180956
180957
180958
180959
180961
180962
180992
180995
180996
180997
180998
180999
181000
181001
181002
181004
181005
181029
181030
181031
181032
181033
181034
181035
181036
181039
181049
181052
181053
181054
181055
181056
181057
181058
181059
181060
181061
181062
181063
181064
181065
181066
181067
181068
181069
181077
181080
181082
181083
181084
181085
181086
181087
181088
181089
181091
181219
181222
181225
181228
181251
181252
181253
181254
181255
181256
181257
181258
181259
181260
181261
181262
181263
181264
181265
181267
181268
181305
181306
181308
181309
181310
181311
181312
181313
181314
181315
181316
181317
181318
181319
181320
181322
181366
181367
181368
181369
181370
181371
181372
181373
181375
181376
181414
181417
181418
181419
181420
181421
181422
181423
181424
181426
181427
181457
181460
181461
181462
181463
181464
181465
181466
181467
181469
181470
181494
181495
181496
181497
181498
181499
181500
181501
181504
181514
181517
181518
181519
181520
181521
181522
181523
181524
181525
181526
181527
181528
181529
181530
181531
181532
181533
181534
181542
181545
181547
181548
181549
181550
181551
181552
181553
181554
181556
181684
181687
181690
181693
181716
181717
181718
181719
181720
181721
181722
181723
181724
181725
181726
181727
181728
181729
181730
181732
181733
181770
181771
181773
181774
181775
181776
181777
181778
181779
181780
181781
181782
181783
181784
181785
181787
181831
181832
181833
181834
181835
181836
181837
181838
181840
181841
181879
181882
181883
181884
181885
181886
181887
181888
181889
181891
181892
181922
181925
181926
181927
181928
181929
181930
181931
181932
181934
181935
181959
181960
181961
181962
181963
181964
181965
181966
181969
181979
181982
181983
181984
181985
181986
181987
181988
181989
181990
181991
181992
181993
181994
181995
181996
181997
181998
181999
182007
182010
182012
182013
182014
182015
182016
182017
182018
182019
182021
182149
182152
182155
182158
182181
182182
182183
182184
182185
182186
182187
182188
182189
182190
182191
182192
182193
182194
182195
182197
182198
182235
182236
182238
182239
182240
182241
182242
182243
182244
182245
182246
182247
182248
182249
182250
182252
182296
182297
182298
182299
182300
182301
182302
182303
182305
182306
182344
182347
182348
182349
182350
182351
182352
182353
182354
182356
182357
182387
182390
182391
182392
182393
182394
182395
182396
182397
182399
182400
182424
182425
182426
182427
182428
182429
182430
182431
182434
182444
182447
182448
182449
182450
182451
182452
182453
182454
182455
182456
182457
182458
182459
182460
182461
182462
182463
182464
182472
182475
182477
182478
182479
182480
182481
182482
182483
182484
182486
182614
182617
182620
182623
182646
182647
182648
182649
182650
182651
182652
182653
182654
182655
182656
182657
182658
182659
182660
182662
182663
182700
182701
182703
182704
182705
182706
182707
182708
182709
182710
182711
182712
182713
182714
182715
182717
182761
182762
182763
182764
182765
182766
182767
182768
182770
182771
182809
182812
182813
182814
182815
182816
182817
182818
182819
182821
182822
182852
182855
182856
182857
182858
182859
182860
182861
182862
182864
182865
182889
182890
182891
182892
182893
182894
182895
182896
182899
182909
182912
182913
182914
182915
182916
182917
182918
182919
182920
182921
182922
182923
182924
182925
182926
182927
182928
182929
182937
182940
182942
182943
182944
182945
182946
182947
182948
182949
182951
183079
183082
183085
183088
183111
183112
183113
183114
183115
183116
183117
183118
183119
183120
183121
183122
183123
183124
183125
183127
183128
183165
183166
183168
183169
183170
183171
183172
183173
183174
183175
183176
183177
183178
183179
183180
183182
183226
183227
183228
183229
183230
183231
183232
183233
183235
183236
183274
183277
183278
183279
183280
183281
183282
183283
183284
183286
183287
183317
183320
183321
183322
183323
183324
183325
183326
183327
183329
183330
183354
183355
183356
183357
183358
183359
183360
183361
183364
183374
183377
183378
183379
183380
183381
183382
183383
183384
183385
183386
183387
183388
183389
183390
183391
183392
183393
183394
183402
183405
183407
183408
183409
183410
183411
183412
183413
183414
183416
183544
183547
183550
183553
183576
183577
183578
183579
183580
183581
183582
183583
183584
183585
183586
183587
183588
183589
183590
183592
183593
183630
183631
183633
183634
183635
183636
183637
183638
183639
183640
183641
183642
183643
183644
183645
183647
183691
183692
183693
183694
183695
183696
183697
183698
183700
183701
183739
183742
183743
183744
183745
183746
183747
183748
183749
183751
183752
183782
183785
183786
183787
183788
183789
183790
183791
183792
183794
183795
183819
183820
183821
183822
183823
183824
183825
183826
183829
183839
183842
183843
183844
183845
183846
183847
183848
183849
183850
183851
183852
183853
183854
183855
183856
183857
183858
183859
183867
183870
183872
183873
183874
183875
183876
183877
183878
183879
183881
184009
184012
184015
184018
184041
184042
184043
184044
184045
184046
184047
184048
184049
184050
184051
184052
184053
184054
184055
184057
184058
184095
184096
184098
184099
184100
184101
184102
184103
184104
184105
184106
184107
184108
184109
184110
184112
184156
184157
184158
184159
184160
184161
184162
184163
184165
184166
184204
184207
184208
184209
184210
184211
184212
184213
184214
184216
184217
184247
184250
184251
184252
184253
184254
184255
184256
184257
184259
184260
184284
184285
184286
184287
184288
184289
184290
184291
184294
184304
184307
184308
184309
184310
184311
184312
184313
184314
184315
184316
184317
184318
184319
184320
184321
184322
184323
184324
184332
184335
184337
184338
184339
184340
184341
184342
184343
184344
184346
184474
184477
184480
184483
184506
184507
184508
184509
184510
184511
184512
184513
184514
184515
184516
184517
184518
184519
184520
184522
184523
184560
184561
184563
184564
184565
184566
184567
184568
184569
184570
184571
184572
184573
184574
184575
184577
184621
184622
184623
184624
184625
184626
184627
184628
184630
184631
184669
184672
184673
184674
184675
184676
184677
184678
184679
184681
184682
184712
184715
184716
184717
184718
184719
184720
184721
184722
184724
184725
184749
184750
184751
184752
184753
184754
184755
184756
184759
184769
184772
184773
184774
184775
184776
184777
184778
184779
184780
184781
184782
184783
184784
184785
184786
184787
184788
184789
184797
184800
184802
184803
184804
184805
184806
184807
184808
184809
184811
184939
184942
184945
184948
184971
184972
184973
184974
184975
184976
184977
184978
184979
184980
184981
184982
184983
184984
184985
184987
184988
185025
185026
185028
185029
185030
185031
185032
185033
185034
185035
185036
185037
185038
185039
185040
185042
185086
185087
185088
185089
185090
185091
185092
185093
185095
185096
185134
185137
185138
185139
185140
185141
185142
185143
185144
185146
185147
185177
185180
185181
185182
185183
185184
185185
185186
185187
185189
185190
185214
185215
185216
185217
185218
185219
185220
185221
185224
185234
185237
185238
185239
185240
185241
185242
185243
185244
185245
185246
185247
185248
185249
185250
185251
185252
185253
185254
185262
185265
185267
185268
185269
185270
185271
185272
185273
185274
185276
185404
185407
185410
185413
185436
185437
185438
185439
185440
185441
185442
185443
185444
185445
185446
185447
185448
185449
185450
185452
185453
185490
185491
185493
185494
185495
185496
185497
185498
185499
185500
185501
185502
185503
185504
185505
185507
185551
185552
185553
185554
185555
185556
185557
185558
185560
185561
185599
185602
185603
185604
185605
185606
185607
185608
185609
185611
185612
185642
185645
185646
185647
185648
185649
185650
185651
185652
185654
185655
185679
185680
185681
185682
185683
185684
185685
185686
185689
185699
185702
185703
185704
185705
185706
185707
185708
185709
185710
185711
185712
185713
185714
185715
185716
185717
185718
185719
185727
185730
185732
185733
185734
185735
185736
185737
185738
185739
185741
185869
185872
185875
185878
185901
185902
185903
185904
185905
185906
185907
185908
185909
185910
185911
185912
185913
185914
185915
185917
185918
185955
185956
185958
185959
185960
185961
185962
185963
185964
185965
185966
185967
185968
185969
185970
185972
186016
186017
186018
186019
186020
186021
186022
186023
186025
186026
186064
186067
186068
186069
186070
186071
186072
186073
186074
186076
186077
186107
186110
186111
186112
186113
186114
186115
186116
186117
186119
186120
186144
186145
186146
186147
186148
186149
186150
186151
186154
186164
186167
186168
186169
186170
186171
186172
186173
186174
186175
186176
186177
186178
186179
186180
186181
186182
186183
186184
186192
186195
186197
186198
186199
186200
186201
186202
186203
186204
186206
186334
186337
186340
186343
186366
186367
186368
186369
186370
186371
186372
186373
186374
186375
186376
186377
186378
186379
186380
186382
186383
186420
186421
186423
186424
186425
186426
186427
186428
186429
186430
186431
186432
186433
186434
186435
186437
186481
186482
186483
186484
186485
186486
186487
186488
186490
186491
186529
186532
186533
186534
186535
186536
186537
186538
186539
186541
186542
186572
186575
186576
186577
186578
186579
186580
186581
186582
186584
186585
186609
186610
186611
186612
186613
186614
186615
186616
186619
186629
186632
186633
186634
186635
186636
186637
186638
186639
186640
186641
186642
186643
186644
186645
186646
186647
186648
186649
186657
186660
186662
186663
186664
186665
186666
186667
186668
186669
186671
186799
186802
186805
186808
186831
186832
186833
186834
186835
186836
186837
186838
186839
186840
186841
186842
186843
186844
186845
186847
186848
186885
186886
186888
186889
186890
186891
186892
186893
186894
186895
186896
186897
186898
186899
186900
186902
186946
186947
186948
186949
186950
186951
186952
186953
186955
186956
186994
186997
186998
186999
187000
187001
187002
187003
187004
187006
187007
187037
187040
187041
187042
187043
187044
187045
187046
187047
187049
187050
187074
187075
187076
187077
187078
187079
187080
187081
187084
187094
187097
187098
187099
187100
187101
187102
187103
187104
187105
187106
187107
187108
187109
187110
187111
187112
187113
187114
187122
187125
187127
187128
187129
187130
187131
187132
187133
187134
187136
187264
187267
187270
187273
187296
187297
187298
187299
187300
187301
187302
187303
187304
187305
187306
187307
187308
187309
187310
187312
187313
187350
187351
187353
187354
187355
187356
187357
187358
187359
187360
187361
187362
187363
187364
187365
187367
187411
187412
187413
187414
187415
187416
187417
187418
187420
187421
187459
187462
187463
187464
187465
187466
187467
187468
187469
187471
187472
187502
187505
187506
187507
187508
187509
187510
187511
187512
187514
187515
187539
187540
187541
187542
187543
187544
187545
187546
187549
187559
187562
187563
187564
187565
187566
187567
187568
187569
187570
187571
187572
187573
187574
187575
187576
187577
187578
187579
187587
187590
187592
187593
187594
187595
187596
187597
187598
187599
187601
187729
187732
187735
187738
187761
187762
187763
187764
187765
187766
187767
187768
187769
187770
187771
187772
187773
187774
187775
187777
187778
187815
187816
187818
187819
187820
187821
187822
187823
187824
187825
187826
187827
187828
187829
187830
187832
187876
187877
187878
187879
187880
187881
187882
187883
187885
187886
187924
187927
187928
187929
187930
187931
187932
187933
187934
187936
187937
187967
187970
187971
187972
187973
187974
187975
187976
187977
187979
187980
188004
188005
188006
188007
188008
188009
188010
188011
188014
188024
188027
188028
188029
188030
188031
188032
188033
188034
188035
188036
188037
188038
188039
188040
188041
188042
188043
188044
188052
188055
188057
188058
188059
188060
188061
188062
188063
188064
188066
188194
188197
188200
188203
188226
188227
188228
188229
188230
188231
188232
188233
188234
188235
188236
188237
188238
188239
188240
188242
188243
188280
188281
188283
188284
188285
188286
188287
188288
188289
188290
188291
188292
188293
188294
188295
188297
188341
188342
188343
188344
188345
188346
188347
188348
188350
188351
188389
188392
188393
188394
188395
188396
188397
188398
188399
188401
188402
188432
188435
188436
188437
188438
188439
188440
188441
188442
188444
188445
188469
188470
188471
188472
188473
188474
188475
188476
188479
188489
188492
188493
188494
188495
188496
188497
188498
188499
188500
188501
188502
188503
188504
188505
188506
188507
188508
188509
188517
188520
188522
188523
188524
188525
188526
188527
188528
188529
188531
188659
188662
188665
188668
188691
188692
188693
188694
188695
188696
188697
188698
188699
188700
188701
188702
188703
188704
188705
188707
188708
188745
188746
188748
188749
188750
188751
188752
188753
188754
188755
188756
188757
188758
188759
188760
188762
188806
188807
188808
188809
188810
188811
188812
188813
188815
188816
188854
188857
188858
188859
188860
188861
188862
188863
188864
188866
188867
188897
188900
188901
188902
188903
188904
188905
188906
188907
188909
188910
188934
188935
188936
188937
188938
188939
188940
188941
188944
188954
188957
188958
188959
188960
188961
188962
188963
188964
188965
188966
188967
188968
188969
188970
188971
188972
188973
188974
188982
188985
188987
188988
188989
188990
188991
188992
188993
188994
188996
189124
189127
189130
189133
189156
189157
189158
189159
189160
189161
189162
189163
189164
189165
189166
189167
189168
189169
189170
189172
189173
189210
189211
189213
189214
189215
189216
189217
189218
189219
189220
189221
189222
189223
189224
189225
189227
189271
189272
189273
189274
189275
189276
189277
189278
189280
189281
189319
189322
189323
189324
189325
189326
189327
189328
189329
189331
189332
189362
189365
189366
189367
189368
189369
189370
189371
189372
189374
189375
189399
189400
189401
189402
189403
189404
189405
189406
189409
189419
189422
189423
189424
189425
189426
189427
189428
189429
189430
189431
189432
189433
189434
189435
189436
189437
189438
189439
189447
189450
189452
189453
189454
189455
189456
189457
189458
189459
189461
189589
189592
189595
189598
189621
189622
189623
189624
189625
189626
189627
189628
189629
189630
189631
189632
189633
189634
189635
189637
189638
189675
189676
189678
189679
189680
189681
189682
189683
189684
189685
189686
189687
189688
189689
189690
189692
189736
189737
189738
189739
189740
189741
189742
189743
189745
189746
189784
189787
189788
189789
189790
189791
189792
189793
189794
189796
189797
189827
189830
189831
189832
189833
189834
189835
189836
189837
189839
189840
189864
189865
189866
189867
189868
189869
189870
189871
189874
189884
189887
189888
189889
189890
189891
189892
189893
189894
189895
189896
189897
189898
189899
189900
189901
189902
189903
189904
189912
189915
189917
189918
189919
189920
189921
189922
189923
189924
189926
190054
190057
190060
190063
190086
190087
190088
190089
190090
190091
190092
190093
190094
190095
190096
190097
190098
190099
190100
190102
190103
190140
190141
190143
190144
190145
190146
190147
190148
190149
190150
190151
190152
190153
190154
190155
190157
190201
190202
190203
190204
190205
190206
190207
190208
190210
190211
190249
190252
190253
190254
190255
190256
190257
190258
190259
190261
190262
190292
190295
190296
190297
190298
190299
190300
190301
190302
190304
190305
190329
190330
190331
190332
190333
190334
190335
190336
190339
190349
190352
190353
190354
190355
190356
190357
190358
190359
190360
190361
190362
190363
190364
190365
190366
190367
190368
190369
190377
190380
190382
190383
190384
190385
190386
190387
190388
190389
190391
190519
190522
190525
190528
190551
190552
190553
190554
190555
190556
190557
190558
190559
190560
190561
190562
190563
190564
190565
190567
190568
190605
190606
190608
190609
190610
190611
190612
190613
190614
190615
190616
190617
190618
190619
190620
190622
190666
190667
190668
190669
190670
190671
190672
190673
190675
190676
190714
190717
190718
190719
190720
190721
190722
190723
190724
190726
190727
190757
190760
190761
190762
190763
190764
190765
190766
190767
190769
190770
190794
190795
190796
190797
190798
190799
190800
190801
190804
190814
190817
190818
190819
190820
190821
190822
190823
190824
190825
190826
190827
190828
190829
190830
190831
190832
190833
190834
190842
190845
190847
190848
190849
190850
190851
190852
190853
190854
190856
190984
190987
190990
190993
191016
191017
191018
191019
191020
191021
191022
191023
191024
191025
191026
191027
191028
191029
191030
191032
191033
191070
191071
191073
191074
191075
191076
191077
191078
191079
191080
191081
191082
191083
191084
191085
191087
191131
191132
191133
191134
191135
191136
191137
191138
191140
191141
191179
191182
191183
191184
191185
191186
191187
191188
191189
191191
191192
191222
191225
191226
191227
191228
191229
191230
191231
191232
191234
191235
191259
191260
191261
191262
191263
191264
191265
191266
191269
191279
191282
191283
191284
191285
191286
191287
191288
191289
191290
191291
191292
191293
191294
191295
191296
191297
191298
191299
191307
191310
191312
191313
191314
191315
191316
191317
191318
191319
191321
191449
191452
191455
191458
191481
191482
191483
191484
191485
191486
191487
191488
191489
191490
191491
191492
191493
191494
191495
191497
191498
191535
191536
191538
191539
191540
191541
191542
191543
191544
191545
191546
191547
191548
191549
191550
191552
191596
191597
191598
191599
191600
191601
191602
191603
191605
191606
191644
191647
191648
191649
191650
191651
191652
191653
191654
191656
191657
191687
191690
191691
191692
191693
191694
191695
191696
191697
191699
191700
191724
191725
191726
191727
191728
191729
191730
191731
191734
191744
191747
191748
191749
191750
191751
191752
191753
191754
191755
191756
191757
191758
191759
191760
191761
191762
191763
191764
191772
191775
191777
191778
191779
191780
191781
191782
191783
191784
191786
191914
191917
191920
191923
191946
191947
191948
191949
191950
191951
191952
191953
191954
191955
191956
191957
191958
191959
191960
191962
191963
192000
192001
192003
192004
192005
192006
192007
192008
192009
192010
192011
192012
192013
192014
192015
192017
192061
192062
192063
192064
192065
192066
192067
192068
192070
192071
192109
192112
192113
192114
192115
192116
192117
192118
192119
192121
192122
192152
192155
192156
192157
192158
192159
192160
192161
192162
192164
192165
192189
192190
192191
192192
192193
192194
192195
192196
192199
192209
192212
192213
192214
192215
192216
192217
192218
192219
192220
192221
192222
192223
192224
192225
192226
192227
192228
192229
192237
192240
192242
192243
192244
192245
192246
192247
192248
192249
192251
192379
192382
192385
192388
192411
192412
192413
192414
192415
192416
192417
192418
192419
192420
192421
192422
192423
192424
192425
192427
192428
192465
192466
192468
192469
192470
192471
192472
192473
192474
192475
192476
192477
192478
192479
192480
192482
192526
192527
192528
192529
192530
192531
192532
192533
192535
192536
192574
192577
192578
192579
192580
192581
192582
192583
192584
192586
192587
192617
192620
192621
192622
192623
192624
192625
192626
192627
192629
192630
192654
192655
192656
192657
192658
192659
192660
192661
192664
192674
192677
192678
192679
192680
192681
192682
192683
192684
192685
192686
192687
192688
192689
192690
192691
192692
192693
192694
192702
192705
192707
192708
192709
192710
192711
192712
192713
192714
192716
192844
192847
192850
192853
192876
192877
192878
192879
192880
192881
192882
192883
192884
192885
192886
192887
192888
192889
192890
192892
192893
192930
192931
192933
192934
192935
192936
192937
192938
192939
192940
192941
192942
192943
192944
192945
192947
192991
192992
192993
192994
192995
192996
192997
192998
193000
193001
193039
193042
193043
193044
193045
193046
193047
193048
193049
193051
193052
193082
193085
193086
193087
193088
193089
193090
193091
193092
193094
193095
193119
193120
193121
193122
193123
193124
193125
193126
193129
193139
193142
193143
193144
193145
193146
193147
193148
193149
193150
193151
193152
193153
193154
193155
193156
193157
193158
193159
193167
193170
193172
193173
193174
193175
193176
193177
193178
193179
193181
193309
193312
193315
193318
193341
193342
193343
193344
193345
193346
193347
193348
193349
193350
193351
193352
193353
193354
193355
193357
193358
193395
193396
193398
193399
193400
193401
193402
193403
193404
193405
193406
193407
193408
193409
193410
193412
193456
193457
193458
193459
193460
193461
193462
193463
193465
193466
193504
193507
193508
193509
193510
193511
193512
193513
193514
193516
193517
193547
193550
193551
193552
193553
193554
193555
193556
193557
193559
193560
193584
193585
193586
193587
193588
193589
193590
193591
193594
193604
193607
193608
193609
193610
193611
193612
193613
193614
193615
193616
193617
193618
193619
193620
193621
193622
193623
193624
193632
193635
193637
193638
193639
193640
193641
193642
193643
193644
193646
193774
193777
193780
193783
193806
193807
193808
193809
193810
193811
193812
193813
193814
193815
193816
193817
193818
193819
193820
193822
193823
193860
193861
193863
193864
193865
193866
193867
193868
193869
193870
193871
193872
193873
193874
193875
193877
193921
193922
193923
193924
193925
193926
193927
193928
193930
193931
193969
193972
193973
193974
193975
193976
193977
193978
193979
193981
193982
194012
194015
194016
194017
194018
194019
194020
194021
194022
194024
194025
194049
194050
194051
194052
194053
194054
194055
194056
194059
194069
194072
194073
194074
194075
194076
194077
194078
194079
194080
194081
194082
194083
194084
194085
194086
194087
194088
194089
194097
194100
194102
194103
194104
194105
194106
194107
194108
194109
194111
194239
194242
194245
194248
194271
194272
194273
194274
194275
194276
194277
194278
194279
194280
194281
194282
194283
194284
194285
194287
194288
194325
194326
194328
194329
194330
194331
194332
194333
194334
194335
194336
194337
194338
194339
194340
194342
194386
194387
194388
194389
194390
194391
194392
194393
194395
194396
194434
194437
194438
194439
194440
194441
194442
194443
194444
194446
194447
194477
194480
194481
194482
194483
194484
194485
194486
194487
194489
194490
194514
194515
194516
194517
194518
194519
194520
194521
194524
194534
194537
194538
194539
194540
194541
194542
194543
194544
194545
194546
194547
194548
194549
194550
194551
194552
194553
194554
194562
194565
194567
194568
194569
194570
194571
194572
194573
194574
194576
194704
194707
194710
194713
194736
194737
194738
194739
194740
194741
194742
194743
194744
194745
194746
194747
194748
194749
194750
194752
194753
194790
194791
194793
194794
194795
194796
194797
194798
194799
194800
194801
194802
194803
194804
194805
194807
194851
194852
194853
194854
194855
194856
194857
194858
194860
194861
194899
194902
194903
194904
194905
194906
194907
194908
194909
194911
194912
194942
194945
194946
194947
194948
194949
194950
194951
194952
194954
194955
194979
194980
194981
194982
194983
194984
194985
194986
194989
194999
195002
195003
195004
195005
195006
195007
195008
195009
195010
195011
195012
195013
195014
195015
195016
195017
195018
195019
195027
195030
195032
195033
195034
195035
195036
195037
195038
195039
195041
195169
195172
195175
195178
195201
195202
195203
195204
195205
195206
195207
195208
195209
195210
195211
195212
195213
195214
195215
195217
195218
195255
195256
195258
195259
195260
195261
195262
195263
195264
195265
195266
195267
195268
195269
195270
195272
195316
195317
195318
195319
195320
195321
195322
195323
195325
195326
195364
195367
195368
195369
195370
195371
195372
195373
195374
195376
195377
195407
195410
195411
195412
195413
195414
195415
195416
195417
195419
195420
195444
195445
195446
195447
195448
195449
195450
195451
195454
195464
195467
195468
195469
195470
195471
195472
195473
195474
195475
195476
195477
195478
195479
195480
195481
195482
195483
195484
195492
195495
195497
195498
195499
195500
195501
195502
195503
195504
195506
195634
195637
195640
195643
195666
195667
195668
195669
195670
195671
195672
195673
195674
195675
195676
195677
195678
195679
195680
195682
195683
195720
195721
195723
195724
195725
195726
195727
195728
195729
195730
195731
195732
195733
195734
195735
195737
195781
195782
195783
195784
195785
195786
195787
195788
195790
195791
195829
195832
195833
195834
195835
195836
195837
195838
195839
195841
195842
195872
195875
195876
195877
195878
195879
195880
195881
195882
195884
195885
195909
195910
195911
195912
195913
195914
195915
195916
195919
195929
195932
195933
195934
195935
195936
195937
195938
195939
195940
195941
195942
195943
195944
195945
195946
195947
195948
195949
195957
195960
195962
195963
195964
195965
195966
195967
195968
195969
195971
196099
196102
196105
196108
196131
196132
196133
196134
196135
196136
196137
196138
196139
196140
196141
196142
196143
196144
196145
196147
196148
196185
196186
196188
196189
196190
196191
196192
196193
196194
196195
196196
196197
196198
196199
196200
196202
196246
196247
196248
196249
196250
196251
196252
196253
196255
196256
196294
196297
196298
196299
196300
196301
196302
196303
196304
196306
196307
196337
196340
196341
196342
196343
196344
196345
196346
196347
196349
196350
196374
196375
196376
196377
196378
196379
196380
196381
196384
196394
196397
196398
196399
196400
196401
196402
196403
196404
196405
196406
196407
196408
196409
196410
196411
196412
196413
196414
196422
196425
196427
196428
196429
196430
196431
196432
196433
196434
196436
196564
196567
196570
196573
196596
196597
196598
196599
196600
196601
196602
196603
196604
196605
196606
196607
196608
196609
196610
196612
196613
196650
196651
196653
196654
196655
196656
196657
196658
196659
196660
196661
196662
196663
196664
196665
196667
196711
196712
196713
196714
196715
196716
196717
196718
196720
196721
196759
196762
196763
196764
196765
196766
196767
196768
196769
196771
196772
196802
196805
196806
196807
196808
196809
196810
196811
196812
196814
196815
196839
196840
196841
196842
196843
196844
196845
196846
196849
196859
196862
196863
196864
196865
196866
196867
196868
196869
196870
196871
196872
196873
196874
196875
196876
196877
196878
196879
196887
196890
196892
196893
196894
196895
196896
196897
196898
196899
196901
197029
197032
197035
197038
197061
197062
197063
197064
197065
197066
197067
197068
197069
197070
197071
197072
197073
197074
197075
197077
197078
197115
197116
197118
197119
197120
197121
197122
197123
197124
197125
197126
197127
197128
197129
197130
197132
197176
197177
197178
197179
197180
197181
197182
197183
197185
197186
197224
197227
197228
197229
197230
197231
197232
197233
197234
197236
197237
197267
197270
197271
197272
197273
197274
197275
197276
197277
197279
197280
197304
197305
197306
197307
197308
197309
197310
197311
197314
197324
197327
197328
197329
197330
197331
197332
197333
197334
197335
197336
197337
197338
197339
197340
197341
197342
197343
197344
197352
197355
197357
197358
197359
197360
197361
197362
197363
197364
197366
197494
197497
197500
197503
197526
197527
197528
197529
197530
197531
197532
197533
197534
197535
197536
197537
197538
197539
197540
197542
197543
197580
197581
197583
197584
197585
197586
197587
197588
197589
197590
197591
197592
197593
197594
197595
197597
197641
197642
197643
197644
197645
197646
197647
197648
197650
197651
197689
197692
197693
197694
197695
197696
197697
197698
197699
197701
197702
197732
197735
197736
197737
197738
197739
197740
197741
197742
197744
197745
197769
197770
197771
197772
197773
197774
197775
197776
197779
197789
197792
197793
197794
197795
197796
197797
197798
197799
197800
197801
197802
197803
197804
197805
197806
197807
197808
197809
197817
197820
197822
197823
197824
197825
197826
197827
197828
197829
197831
197959
197962
197965
197968
197991
197992
197993
197994
197995
197996
197997
197998
197999
198000
198001
198002
198003
198004
198005
198007
198008
198045
198046
198048
198049
198050
198051
198052
198053
198054
198055
198056
198057
198058
198059
198060
198062
198106
198107
198108
198109
198110
198111
198112
198113
198115
198116
198154
198157
198158
198159
198160
198161
198162
198163
198164
198166
198167
198197
198200
198201
198202
198203
198204
198205
198206
198207
198209
198210
198234
198235
198236
198237
198238
198239
198240
198241
198244
198254
198257
198258
198259
198260
198261
198262
198263
198264
198265
198266
198267
198268
198269
198270
198271
198272
198273
198274
198282
198285
198287
198288
198289
198290
198291
198292
198293
198294
198296
198424
198427
198430
198433
198456
198457
198458
198459
198460
198461
198462
198463
198464
198465
198466
198467
198468
198469
198470
198472
198473
198510
198511
198513
198514
198515
198516
198517
198518
198519
198520
198521
198522
198523
198524
198525
198527
198571
198572
198573
198574
198575
198576
198577
198578
198580
198581
198619
198622
198623
198624
198625
198626
198627
198628
198629
198631
198632
198662
198665
198666
198667
198668
198669
198670
198671
198672
198674
198675
198699
198700
198701
198702
198703
198704
198705
198706
198709
198719
198722
198723
198724
198725
198726
198727
198728
198729
198730
198731
198732
198733
198734
198735
198736
198737
198738
198739
198747
198750
198752
198753
198754
198755
198756
198757
198758
198759
198761
198889
198892
198895
198898
198921
198922
198923
198924
198925
198926
198927
198928
198929
198930
198931
198932
198933
198934
198935
198937
198938
198975
198976
198978
198979
198980
198981
198982
198983
198984
198985
198986
198987
198988
198989
198990
198992
199036
199037
199038
199039
199040
199041
199042
199043
199045
199046
199084
199087
199088
199089
199090
199091
199092
199093
199094
199096
199097
199127
199130
199131
199132
199133
199134
199135
199136
199137
199139
199140
199164
199165
199166
199167
199168
199169
199170
199171
199174
199184
199187
199188
199189
199190
199191
199192
199193
199194
199195
199196
199197
199198
199199
199200
199201
199202
199203
199204
199212
199215
199217
199218
199219
199220
199221
199222
199223
199224
199226
199354
199357
199360
199363
199386
199387
199388
199389
199390
199391
199392
199393
199394
199395
199396
199397
199398
199399
199400
199402
199403
199440
199441
199443
199444
199445
199446
199447
199448
199449
199450
199451
199452
199453
199454
199455
199457
199501
199502
199503
199504
199505
199506
199507
199508
199510
199511
199549
199552
199553
199554
199555
199556
199557
199558
199559
199561
199562
199592
199595
199596
199597
199598
199599
199600
199601
199602
199604
199605
199629
199630
199631
199632
199633
199634
199635
199636
199639
199649
199652
199653
199654
199655
199656
199657
199658
199659
199660
199661
199662
199663
199664
199665
199666
199667
199668
199669
199677
199680
199682
199683
199684
199685
199686
199687
199688
199689
199691
199819
199822
199825
199828
199851
199852
199853
199854
199855
199856
199857
199858
199859
199860
199861
199862
199863
199864
199865
199867
199868
199905
199906
199908
199909
199910
199911
199912
199913
199914
199915
199916
199917
199918
199919
199920
199922
199966
199967
199968
199969
199970
199971
199972
199973
199975
199976
200014
200017
200018
200019
200020
200021
200022
200023
200024
200026
200027
200057
200060
200061
200062
200063
200064
200065
200066
200067
200069
200070
200094
200095
200096
200097
200098
200099
200100
200101
200104
200114
200117
200118
200119
200120
200121
200122
200123
200124
200125
200126
200127
200128
200129
200130
200131
200132
200133
200134
200142
200145
200147
200148
200149
200150
200151
200152
200153
200154
200156
200284
200287
200290
200293
200316
200317
200318
200319
200320
200321
200322
200323
200324
200325
200326
200327
200328
200329
200330
200332
200333
200370
200371
200373
200374
200375
200376
200377
200378
200379
200380
200381
200382
200383
200384
200385
200387
200431
200432
200433
200434
200435
200436
200437
200438
200440
200441
200479
200482
200483
200484
200485
200486
200487
200488
200489
200491
200492
200522
200525
200526
200527
200528
200529
200530
200531
200532
200534
200535
200559
200560
200561
200562
200563
200564
200565
200566
200569
200579
200582
200583
200584
200585
200586
200587
200588
200589
200590
200591
200592
200593
200594
200595
200596
200597
200598
200599
200607
200610
200612
200613
200614
200615
200616
200617
200618
200619
200621
200749
200752
200755
200758
200781
200782
200783
200784
200785
200786
200787
200788
200789
200790
200791
200792
200793
200794
200795
200797
200798
200835
200836
200838
200839
200840
200841
200842
200843
200844
200845
200846
200847
200848
200849
200850
200852
200896
200897
200898
200899
200900
200901
200902
200903
200905
200906
200944
200947
200948
200949
200950
200951
200952
200953
200954
200956
200957
200987
200990
200991
200992
200993
200994
200995
200996
200997
200999
201000
201024
201025
201026
201027
201028
201029
201030
201031
201034
201044
201047
201048
201049
201050
201051
201052
201053
201054
201055
201056
201057
201058
201059
201060
201061
201062
201063
201064
201072
201075
201077
201078
201079
201080
201081
201082
201083
201084
201086
201214
201217
201220
201223
201246
201247
201248
201249
201250
201251
201252
201253
201254
201255
201256
201257
201258
201259
201260
201262
201263
201300
201301
201303
201304
201305
201306
201307
201308
201309
201310
201311
201312
201313
201314
201315
201317
201361
201362
201363
201364
201365
201366
201367
201368
201370
201371
201409
201412
201413
201414
201415
201416
201417
201418
201419
201421
201422
201452
201455
201456
201457
201458
201459
201460
201461
201462
201464
201465
201489
201490
201491
201492
201493
201494
201495
201496
201499
201509
201512
201513
201514
201515
201516
201517
201518
201519
201520
201521
201522
201523
201524
201525
201526
201527
201528
201529
201537
201540
201542
201543
201544
201545
201546
201547
201548
201549
201551
201679
201682
201685
201688
201711
201712
201713
201714
201715
201716
201717
201718
201719
201720
201721
201722
201723
201724
201725
201727
201728
201765
201766
201768
201769
201770
201771
201772
201773
201774
201775
201776
201777
201778
201779
201780
201782
201826
201827
201828
201829
201830
201831
201832
201833
201835
201836
201874
201877
201878
201879
201880
201881
201882
201883
201884
201886
201887
201917
201920
201921
201922
201923
201924
201925
201926
201927
201929
201930
201954
201955
201956
201957
201958
201959
201960
201961
201964
201974
201977
201978
201979
201980
201981
201982
201983
201984
201985
201986
201987
201988
201989
201990
201991
201992
201993
201994
202002
202005
202007
202008
202009
202010
202011
202012
202013
202014
202016
202144
202147
202150
202153
202176
202177
202178
202179
202180
202181
202182
202183
202184
202185
202186
202187
202188
202189
202190
202192
202193
202230
202231
202233
202234
202235
202236
202237
202238
202239
202240
202241
202242
202243
202244
202245
202247
202291
202292
202293
202294
202295
202296
202297
202298
202300
202301
202339
202342
202343
202344
202345
202346
202347
202348
202349
202351
202352
202382
202385
202386
202387
202388
202389
202390
202391
202392
202394
202395
202419
202420
202421
202422
202423
202424
202425
202426
202429
202439
202442
202443
202444
202445
202446
202447
202448
202449
202450
202451
202452
202453
202454
202455
202456
202457
202458
202459
202467
202470
202472
202473
202474
202475
202476
202477
202478
202479
202481
202609
202612
202615
202618
202641
202642
202643
202644
202645
202646
202647
202648
202649
202650
202651
202652
202653
202654
202655
202657
202658
202695
202696
202698
202699
202700
202701
202702
202703
202704
202705
202706
202707
202708
202709
202710
202712
202756
202757
202758
202759
202760
202761
202762
202763
202765
202766
202804
202807
202808
202809
202810
202811
202812
202813
202814
202816
202817
202847
202850
202851
202852
202853
202854
202855
202856
202857
202859
202860
202884
202885
202886
202887
202888
202889
202890
202891
202894
202904
202907
202908
202909
202910
202911
202912
202913
202914
202915
202916
202917
202918
202919
202920
202921
202922
202923
202924
202932
202935
202937
202938
202939
202940
202941
202942
202943
202944
202946
203074
203077
203080
203083
203106
203107
203108
203109
203110
203111
203112
203113
203114
203115
203116
203117
203118
203119
203120
203122
203123
203160
203161
203163
203164
203165
203166
203167
203168
203169
203170
203171
203172
203173
203174
203175
203177
203221
203222
203223
203224
203225
203226
203227
203228
203230
203231
203269
203272
203273
203274
203275
203276
203277
203278
203279
203281
203282
203312
203315
203316
203317
203318
203319
203320
203321
203322
203324
203325
203349
203350
203351
203352
203353
203354
203355
203356
203359
203369
203372
203373
203374
203375
203376
203377
203378
203379
203380
203381
203382
203383
203384
203385
203386
203387
203388
203389
203397
203400
203402
203403
203404
203405
203406
203407
203408
203409
203411
203539
203542
203545
203548
203571
203572
203573
203574
203575
203576
203577
203578
203579
203580
203581
203582
203583
203584
203585
203587
203588
203625
203626
203628
203629
203630
203631
203632
203633
203634
203635
203636
203637
203638
203639
203640
203642
203686
203687
203688
203689
203690
203691
203692
203693
203695
203696
203734
203737
203738
203739
203740
203741
203742
203743
203744
203746
203747
203777
203780
203781
203782
203783
203784
203785
203786
203787
203789
203790
203814
203815
203816
203817
203818
203819
203820
203821
203824
203834
203837
203838
203839
203840
203841
203842
203843
203844
203845
203846
203847
203848
203849
203850
203851
203852
203853
203854
203862
203865
203867
203868
203869
203870
203871
203872
203873
203874
203876
204004
204007
204010
204013
204036
204037
204038
204039
204040
204041
204042
204043
204044
204045
204046
204047
204048
204049
204050
204052
204053
204090
204091
204093
204094
204095
204096
204097
204098
204099
204100
204101
204102
204103
204104
204105
204107
204151
204152
204153
204154
204155
204156
204157
204158
204160
204161
204199
204202
204203
204204
204205
204206
204207
204208
204209
204211
204212
204242
204245
204246
204247
204248
204249
204250
204251
204252
204254
204255
204279
204280
204281
204282
204283
204284
204285
204286
204289
204299
204302
204303
204304
204305
204306
204307
204308
204309
204310
204311
204312
204313
204314
204315
204316
204317
204318
204319
204327
204330
204332
204333
204334
204335
204336
204337
204338
204339
204341
204469
204472
204475
204478
204501
204502
204503
204504
204505
204506
204507
204508
204509
204510
204511
204512
204513
204514
204515
204517
204518
204555
204556
204558
204559
204560
204561
204562
204563
204564
204565
204566
204567
204568
204569
204570
204572
204616
204617
204618
204619
204620
204621
204622
204623
204625
204626
204664
204667
204668
204669
204670
204671
204672
204673
204674
204676
204677
204707
204710
204711
204712
204713
204714
204715
204716
204717
204719
204720
204744
204745
204746
204747
204748
204749
204750
204751
204754
204764
204767
204768
204769
204770
204771
204772
204773
204774
204775
204776
204777
204778
204779
204780
204781
204782
204783
204784
204792
204795
204797
204798
204799
204800
204801
204802
204803
204804
204806
204934
204937
204940
204943
204966
204967
204968
204969
204970
204971
204972
204973
204974
204975
204976
204977
204978
204979
204980
204982
204983
205020
205021
205023
205024
205025
205026
205027
205028
205029
205030
205031
205032
205033
205034
205035
205037
205081
205082
205083
205084
205085
205086
205087
205088
205090
205091
205129
205132
205133
205134
205135
205136
205137
205138
205139
205141
205142
205172
205175
205176
205177
205178
205179
205180
205181
205182
205184
205185
205209
205210
205211
205212
205213
205214
205215
205216
205219
205229
205232
205233
205234
205235
205236
205237
205238
205239
205240
205241
205242
205243
205244
205245
205246
205247
205248
205249
205257
205260
205262
205263
205264
205265
205266
205267
205268
205269
205271
205399
205402
205405
205408
205431
205432
205433
205434
205435
205436
205437
205438
205439
205440
205441
205442
205443
205444
205445
205447
205448
205485
205486
205488
205489
205490
205491
205492
205493
205494
205495
205496
205497
205498
205499
205500
205502
205546
205547
205548
205549
205550
205551
205552
205553
205555
205556
205594
205597
205598
205599
205600
205601
205602
205603
205604
205606
205607
205637
205640
205641
205642
205643
205644
205645
205646
205647
205649
205650
205674
205675
205676
205677
205678
205679
205680
205681
205684
205694
205697
205698
205699
205700
205701
205702
205703
205704
205705
205706
205707
205708
205709
205710
205711
205712
205713
205714
205722
205725
205727
205728
205729
205730
205731
205732
205733
205734
205736
205864
205867
205870
205873
205896
205897
205898
205899
205900
205901
205902
205903
205904
205905
205906
205907
205908
205909
205910
205912
205913
205950
205951
205953
205954
205955
205956
205957
205958
205959
205960
205961
205962
205963
205964
205965
205967
206011
206012
206013
206014
206015
206016
206017
206018
206020
206021
206059
206062
206063
206064
206065
206066
206067
206068
206069
206071
206072
206102
206105
206106
206107
206108
206109
206110
206111
206112
206114
206115
206139
206140
206141
206142
206143
206144
206145
206146
206149
206159
206162
206163
206164
206165
206166
206167
206168
206169
206170
206171
206172
206173
206174
206175
206176
206177
206178
206179
206187
206190
206192
206193
206194
206195
206196
206197
206198
206199
206201
206329
206332
206335
206338
206361
206362
206363
206364
206365
206366
206367
206368
206369
206370
206371
206372
206373
206374
206375
206377
206378
206415
206416
206418
206419
206420
206421
206422
206423
206424
206425
206426
206427
206428
206429
206430
206432
206476
206477
206478
206479
206480
206481
206482
206483
206485
206486
206524
206527
206528
206529
206530
206531
206532
206533
206534
206536
206537
206567
206570
206571
206572
206573
206574
206575
206576
206577
206579
206580
206604
206605
206606
206607
206608
206609
206610
206611
206614
206624
206627
206628
206629
206630
206631
206632
206633
206634
206635
206636
206637
206638
206639
206640
206641
206642
206643
206644
206652
206655
206657
206658
206659
206660
206661
206662
206663
206664
206666
206794
206797
206800
206803
206826
206827
206828
206829
206830
206831
206832
206833
206834
206835
206836
206837
206838
206839
206840
206842
206843
206880
206881
206883
206884
206885
206886
206887
206888
206889
206890
206891
206892
206893
206894
206895
206897
206941
206942
206943
206944
206945
206946
206947
206948
206950
206951
206989
206992
206993
206994
206995
206996
206997
206998
206999
207001
207002
207032
207035
207036
207037
207038
207039
207040
207041
207042
207044
207045
207069
207070
207071
207072
207073
207074
207075
207076
207079
207089
207092
207093
207094
207095
207096
207097
207098
207099
207100
207101
207102
207103
207104
207105
207106
207107
207108
207109
207117
207120
207122
207123
207124
207125
207126
207127
207128
207129
207131
207259
207262
207265
207268
207291
207292
207293
207294
207295
207296
207297
207298
207299
207300
207301
207302
207303
207304
207305
207307
207308
207345
207346
207348
207349
207350
207351
207352
207353
207354
207355
207356
207357
207358
207359
207360
207362
207406
207407
207408
207409
207410
207411
207412
207413
207415
207416
207454
207457
207458
207459
207460
207461
207462
207463
207464
207466
207467
207497
207500
207501
207502
207503
207504
207505
207506
207507
207509
207510
207534
207535
207536
207537
207538
207539
207540
207541
207544
207554
207557
207558
207559
207560
207561
207562
207563
207564
207565
207566
207567
207568
207569
207570
207571
207572
207573
207574
207582
207585
207587
207588
207589
207590
207591
207592
207593
207594
207596
207724
207727
207730
207733
207756
207757
207758
207759
207760
207761
207762
207763
207764
207765
207766
207767
207768
207769
207770
207772
207773
207810
207811
207813
207814
207815
207816
207817
207818
207819
207820
207821
207822
207823
207824
207825
207827
207871
207872
207873
207874
207875
207876
207877
207878
207880
207881
207919
207922
207923
207924
207925
207926
207927
207928
207929
207931
207932
207962
207965
207966
207967
207968
207969
207970
207971
207972
207974
207975
207999
208000
208001
208002
208003
208004
208005
208006
208009
208019
208022
208023
208024
208025
208026
208027
208028
208029
208030
208031
208032
208033
208034
208035
208036
208037
208038
208039
208047
208050
208052
208053
208054
208055
208056
208057
208058
208059
208061
208189
208192
208195
208198
208221
208222
208223
208224
208225
208226
208227
208228
208229
208230
208231
208232
208233
208234
208235
208237
208238
208275
208276
208278
208279
208280
208281
208282
208283
208284
208285
208286
208287
208288
208289
208290
208292
208336
208337
208338
208339
208340
208341
208342
208343
208345
208346
208384
208387
208388
208389
208390
208391
208392
208393
208394
208396
208397
208427
208430
208431
208432
208433
208434
208435
208436
208437
208439
208440
208464
208465
208466
208467
208468
208469
208470
208471
208474
208484
208487
208488
208489
208490
208491
208492
208493
208494
208495
208496
208497
208498
208499
208500
208501
208502
208503
208504
208512
208515
208517
208518
208519
208520
208521
208522
208523
208524
208526
208654
208657
208660
208663
208686
208687
208688
208689
208690
208691
208692
208693
208694
208695
208696
208697
208698
208699
208700
208702
208703
208740
208741
208743
208744
208745
208746
208747
208748
208749
208750
208751
208752
208753
208754
208755
208757
208801
208802
208803
208804
208805
208806
208807
208808
208810
208811
208849
208852
208853
208854
208855
208856
208857
208858
208859
208861
208862
208892
208895
208896
208897
208898
208899
208900
208901
208902
208904
208905
208929
208930
208931
208932
208933
208934
208935
208936
208939
208949
208952
208953
208954
208955
208956
208957
208958
208959
208960
208961
208962
208963
208964
208965
208966
208967
208968
208969
208977
208980
208982
208983
208984
208985
208986
208987
208988
208989
208991
209119
209122
209125
209128
209151
209152
209153
209154
209155
209156
209157
209158
209159
209160
209161
209162
209163
209164
209165
209167
209168
209205
209206
209208
209209
209210
209211
209212
209213
209214
209215
209216
209217
209218
209219
209220
209222
209266
209267
209268
209269
209270
209271
209272
209273
209275
209276
209314
209317
209318
209319
209320
209321
209322
209323
209324
209326
209327
209357
209360
209361
209362
209363
209364
209365
209366
209367
209369
209370
209394
209395
209396
209397
209398
209399
209400
209401
209404
209414
209417
209418
209419
209420
209421
209422
209423
209424
209425
209426
209427
209428
209429
209430
209431
209432
209433
209434
209442
209445
209447
209448
209449
209450
209451
209452
209453
209454
209456
209584
209587
209590
209593
209616
209617
209618
209619
209620
209621
209622
209623
209624
209625
209626
209627
209628
209629
209630
209632
209633
209670
209671
209673
209674
209675
209676
209677
209678
209679
209680
209681
209682
209683
209684
209685
209687
209731
209732
209733
209734
209735
209736
209737
209738
209740
209741
209779
209782
209783
209784
209785
209786
209787
209788
209789
209791
209792
209822
209825
209826
209827
209828
209829
209830
209831
209832
209834
209835
209859
209860
209861
209862
209863
209864
209865
209866
209869
209879
209882
209883
209884
209885
209886
209887
209888
209889
209890
209891
209892
209893
209894
209895
209896
209897
209898
209899
209907
209910
209912
209913
209914
209915
209916
209917
209918
209919
209921
210049
210052
210055
210058
210081
210082
210083
210084
210085
210086
210087
210088
210089
210090
210091
210092
210093
210094
210095
210097
210098
210135
210136
210138
210139
210140
210141
210142
210143
210144
210145
210146
210147
210148
210149
210150
210152
210196
210197
210198
210199
210200
210201
210202
210203
210205
210206
210244
210247
210248
210249
210250
210251
210252
210253
210254
210256
210257
210287
210290
210291
210292
210293
210294
210295
210296
210297
210299
210300
210324
210325
210326
210327
210328
210329
210330
210331
210334
210344
210347
210348
210349
210350
210351
210352
210353
210354
210355
210356
210357
210358
210359
210360
210361
210362
210363
210364
210372
210375
210377
210378
210379
210380
210381
210382
210383
210384
210386
210514
210517
210520
210523
210546
210547
210548
210549
210550
210551
210552
210553
210554
210555
210556
210557
210558
210559
210560
210562
210563
210600
210601
210603
210604
210605
210606
210607
210608
210609
210610
210611
210612
210613
210614
210615
210617
210661
210662
210663
210664
210665
210666
210667
210668
210670
210671
210709
210712
210713
210714
210715
210716
210717
210718
210719
210721
210722
210752
210755
210756
210757
210758
210759
210760
210761
210762
210764
210765
210789
210790
210791
210792
210793
210794
210795
210796
210799
210809
210812
210813
210814
210815
210816
210817
210818
210819
210820
210821
210822
210823
210824
210825
210826
210827
210828
210829
210837
210840
210842
210843
210844
210845
210846
210847
210848
210849
210851
210979
210982
210985
210988
211011
211012
211013
211014
211015
211016
211017
211018
211019
211020
211021
211022
211023
211024
211025
211027
211028
211065
211066
211068
211069
211070
211071
211072
211073
211074
211075
211076
211077
211078
211079
211080
211082
211126
211127
211128
211129
211130
211131
211132
211133
211135
211136
211174
211177
211178
211179
211180
211181
211182
211183
211184
211186
211187
211217
211220
211221
211222
211223
211224
211225
211226
211227
211229
211230
211254
211255
211256
211257
211258
211259
211260
211261
211264
211274
211277
211278
211279
211280
211281
211282
211283
211284
211285
211286
211287
211288
211289
211290
211291
211292
211293
211294
211302
211305
211307
211308
211309
211310
211311
211312
211313
211314
211316
211444
211447
211450
211453
211476
211477
211478
211479
211480
211481
211482
211483
211484
211485
211486
211487
211488
211489
211490
211492
211493
211530
211531
211533
211534
211535
211536
211537
211538
211539
211540
211541
211542
211543
211544
211545
211547
211591
211592
211593
211594
211595
211596
211597
211598
211600
211601
211639
211642
211643
211644
211645
211646
211647
211648
211649
211651
211652
211682
211685
211686
211687
211688
211689
211690
211691
211692
211694
211695
211719
211720
211721
211722
211723
211724
211725
211726
211729
211739
211742
211743
211744
211745
211746
211747
211748
211749
211750
211751
211752
211753
211754
211755
211756
211757
211758
211759
211767
211770
211772
211773
211774
211775
211776
211777
211778
211779
211781
211909
211912
211915
211918
211941
211942
211943
211944
211945
211946
211947
211948
211949
211950
211951
211952
211953
211954
211955
211957
211958
211995
211996
211998
211999
212000
212001
212002
212003
212004
212005
212006
212007
212008
212009
212010
212012
212056
212057
212058
212059
212060
212061
212062
212063
212065
212066
212104
212107
212108
212109
212110
212111
212112
212113
212114
212116
212117
212147
212150
212151
212152
212153
212154
212155
212156
212157
212159
212160
212184
212185
212186
212187
212188
212189
212190
212191
212194
212204
212207
212208
212209
212210
212211
212212
212213
212214
212215
212216
212217
212218
212219
212220
212221
212222
212223
212224
212232
212235
212237
212238
212239
212240
212241
212242
212243
212244
212246
212374
212377
212380
212383
212406
212407
212408
212409
212410
212411
212412
212413
212414
212415
212416
212417
212418
212419
212420
212422
212423
212460
212461
212463
212464
212465
212466
212467
212468
212469
212470
212471
212472
212473
212474
212475
212477
212521
212522
212523
212524
212525
212526
212527
212528
212530
212531
212569
212572
212573
212574
212575
212576
212577
212578
212579
212581
212582
212612
212615
212616
212617
212618
212619
212620
212621
212622
212624
212625
212649
212650
212651
212652
212653
212654
212655
212656
212659
212669
212672
212673
212674
212675
212676
212677
212678
212679
212680
212681
212682
212683
212684
212685
212686
212687
212688
212689
212697
212700
212702
212703
212704
212705
212706
212707
212708
212709
212711
212839
212842
212845
212848
212871
212872
212873
212874
212875
212876
212877
212878
212879
212880
212881
212882
212883
212884
212885
212887
212888
212925
212926
212928
212929
212930
212931
212932
212933
212934
212935
212936
212937
212938
212939
212940
212942
212986
212987
212988
212989
212990
212991
212992
212993
212995
212996
213034
213037
213038
213039
213040
213041
213042
213043
213044
213046
213047
213077
213080
213081
213082
213083
213084
213085
213086
213087
213089
213090
213114
213115
213116
213117
213118
213119
213120
213121
213124
213134
213137
213138
213139
213140
213141
213142
213143
213144
213145
213146
213147
213148
213149
213150
213151
213152
213153
213154
213162
213165
213167
213168
213169
213170
213171
213172
213173
213174
213176
213304
213307
213310
213313
213336
213337
213338
213339
213340
213341
213342
213343
213344
213345
213346
213347
213348
213349
213350
213352
213353
213390
213391
213393
213394
213395
213396
213397
213398
213399
213400
213401
213402
213403
213404
213405
213407
213451
213452
213453
213454
213455
213456
213457
213458
213460
213461
213499
213502
213503
213504
213505
213506
213507
213508
213509
213511
213512
213542
213545
213546
213547
213548
213549
213550
213551
213552
213554
213555
213579
213580
213581
213582
213583
213584
213585
213586
213589
213599
213602
213603
213604
213605
213606
213607
213608
213609
213610
213611
213612
213613
213614
213615
213616
213617
213618
213619
213627
213630
213632
213633
213634
213635
213636
213637
213638
213639
213641
213769
213772
213775
213778
213801
213802
213803
213804
213805
213806
213807
213808
213809
213810
213811
213812
213813
213814
213815
213817
213818
213855
213856
213858
213859
213860
213861
213862
213863
213864
213865
213866
213867
213868
213869
213870
213872
213916
213917
213918
213919
213920
213921
213922
213923
213925
213926
213964
213967
213968
213969
213970
213971
213972
213973
213974
213976
213977
214007
214010
214011
214012
214013
214014
214015
214016
214017
214019
214020
214044
214045
214046
214047
214048
214049
214050
214051
214054
214064
214067
214068
214069
214070
214071
214072
214073
214074
214075
214076
214077
214078
214079
214080
214081
214082
214083
214084
214092
214095
214097
214098
214099
214100
214101
214102
214103
214104
214106
214234
214237
214240
214243
214266
214267
214268
214269
214270
214271
214272
214273
214274
214275
214276
214277
214278
214279
214280
214282
214283
214320
214321
214323
214324
214325
214326
214327
214328
214329
214330
214331
214332
214333
214334
214335
214337
214381
214382
214383
214384
214385
214386
214387
214388
214390
214391
214429
214432
214433
214434
214435
214436
214437
214438
214439
214441
214442
214472
214475
214476
214477
214478
214479
214480
214481
214482
214484
214485
214509
214510
214511
214512
214513
214514
214515
214516
214519
214529
214532
214533
214534
214535
214536
214537
214538
214539
214540
214541
214542
214543
214544
214545
214546
214547
214548
214549
214557
214560
214562
214563
214564
214565
214566
214567
214568
214569
214571
214699
214702
214705
214708
214731
214732
214733
214734
214735
214736
214737
214738
214739
214740
214741
214742
214743
214744
214745
214747
214748
214785
214786
214788
214789
214790
214791
214792
214793
214794
214795
214796
214797
214798
214799
214800
214802
214846
214847
214848
214849
214850
214851
214852
214853
214855
214856
214894
214897
214898
214899
214900
214901
214902
214903
214904
214906
214907
214937
214940
214941
214942
214943
214944
214945
214946
214947
214949
214950
214974
214975
214976
214977
214978
214979
214980
214981
214984
214994
214997
214998
214999
215000
215001
215002
215003
215004
215005
215006
215007
215008
215009
215010
215011
215012
215013
215014
215022
215025
215027
215028
215029
215030
215031
215032
215033
215034
215036
215164
215167
215170
215173
215196
215197
215198
215199
215200
215201
215202
215203
215204
215205
215206
215207
215208
215209
215210
215212
215213
215250
215251
215253
215254
215255
215256
215257
215258
215259
215260
215261
215262
215263
215264
215265
215267
215311
215312
215313
215314
215315
215316
215317
215318
215320
215321
215359
215362
215363
215364
215365
215366
215367
215368
215369
215371
215372
215402
215405
215406
215407
215408
215409
215410
215411
215412
215414
215415
215439
215440
215441
215442
215443
215444
215445
215446
215449
215459
215462
215463
215464
215465
215466
215467
215468
215469
215470
215471
215472
215473
215474
215475
215476
215477
215478
215479
215487
215490
215492
215493
215494
215495
215496
215497
215498
215499
215501
215629
215632
215635
215638
215661
215662
215663
215664
215665
215666
215667
215668
215669
215670
215671
215672
215673
215674
215675
215677
215678
215715
215716
215718
215719
215720
215721
215722
215723
215724
215725
215726
215727
215728
215729
215730
215732
215776
215777
215778
215779
215780
215781
215782
215783
215785
215786
215824
215827
215828
215829
215830
215831
215832
215833
215834
215836
215837
215867
215870
215871
215872
215873
215874
215875
215876
215877
215879
215880
215904
215905
215906
215907
215908
215909
215910
215911
215914
215924
215927
215928
215929
215930
215931
215932
215933
215934
215935
215936
215937
215938
215939
215940
215941
215942
215943
215944
215952
215955
215957
215958
215959
215960
215961
215962
215963
215964
215966
216094
216097
216100
216103
216126
216127
216128
216129
216130
216131
216132
216133
216134
216135
216136
216137
216138
216139
216140
216142
216143
216180
216181
216183
216184
216185
216186
216187
216188
216189
216190
216191
216192
216193
216194
216195
216197
216241
216242
216243
216244
216245
216246
216247
216248
216250
216251
216289
216292
216293
216294
216295
216296
216297
216298
216299
216301
216302
216332
216335
216336
216337
216338
216339
216340
216341
216342
216344
216345
216369
216370
216371
216372
216373
216374
216375
216376
216379
216389
216392
216393
216394
216395
216396
216397
216398
216399
216400
216401
216402
216403
216404
216405
216406
216407
216408
216409
216417
216420
216422
216423
216424
216425
216426
216427
216428
216429
216431
216559
216562
216565
216568
216591
216592
216593
216594
216595
216596
216597
216598
216599
216600
216601
216602
216603
216604
216605
216607
216608
216645
216646
216648
216649
216650
216651
216652
216653
216654
216655
216656
216657
216658
216659
216660
216662
216706
216707
216708
216709
216710
216711
216712
216713
216715
216716
216754
216757
216758
216759
216760
216761
216762
216763
216764
216766
216767
216797
216800
216801
216802
216803
216804
216805
216806
216807
216809
216810
216834
216835
216836
216837
216838
216839
216840
216841
216844
216854
216857
216858
216859
216860
216861
216862
216863
216864
216865
216866
216867
216868
216869
216870
216871
216872
216873
216874
216882
216885
216887
216888
216889
216890
216891
216892
216893
216894
216896
217024
217027
217030
217033
217056
217057
217058
217059
217060
217061
217062
217063
217064
217065
217066
217067
217068
217069
217070
217072
217073
217110
217111
217113
217114
217115
217116
217117
217118
217119
217120
217121
217122
217123
217124
217125
217127
217171
217172
217173
217174
217175
217176
217177
217178
217180
217181
217219
217222
217223
217224
217225
217226
217227
217228
217229
217231
217232
217262
217265
217266
217267
217268
217269
217270
217271
217272
217274
217275
217299
217300
217301
217302
217303
217304
217305
217306
217309
217319
217322
217323
217324
217325
217326
217327
217328
217329
217330
217331
217332
217333
217334
217335
217336
217337
217338
217339
217347
217350
217352
217353
217354
217355
217356
217357
217358
217359
217361
217489
217492
217495
217498
217521
217522
217523
217524
217525
217526
217527
217528
217529
217530
217531
217532
217533
217534
217535
217537
217538
217575
217576
217578
217579
217580
217581
217582
217583
217584
217585
217586
217587
217588
217589
217590
217592
217636
217637
217638
217639
217640
217641
217642
217643
217645
217646
217684
217687
217688
217689
217690
217691
217692
217693
217694
217696
217697
217727
217730
217731
217732
217733
217734
217735
217736
217737
217739
217740
217764
217765
217766
217767
217768
217769
217770
217771
217774
217784
217787
217788
217789
217790
217791
217792
217793
217794
217795
217796
217797
217798
217799
217800
217801
217802
217803
217804
217812
217815
217817
217818
217819
217820
217821
217822
217823
217824
217826
217954
217957
217960
217963
217986
217987
217988
217989
217990
217991
217992
217993
217994
217995
217996
217997
217998
217999
218000
218002
218003
218040
218041
218043
218044
218045
218046
218047
218048
218049
218050
218051
218052
218053
218054
218055
218057
218101
218102
218103
218104
218105
218106
218107
218108
218110
218111
218149
218152
218153
218154
218155
218156
218157
218158
218159
218161
218162
218192
218195
218196
218197
218198
218199
218200
218201
218202
218204
218205
218229
218230
218231
218232
218233
218234
218235
218236
218239
218249
218252
218253
218254
218255
218256
218257
218258
218259
218260
218261
218262
218263
218264
218265
218266
218267
218268
218269
218277
218280
218282
218283
218284
218285
218286
218287
218288
218289
218291
218419
218422
218425
218428
218451
218452
218453
218454
218455
218456
218457
218458
218459
218460
218461
218462
218463
218464
218465
218467
218468
218505
218506
218508
218509
218510
218511
218512
218513
218514
218515
218516
218517
218518
218519
218520
218522
218566
218567
218568
218569
218570
218571
218572
218573
218575
218576
218614
218617
218618
218619
218620
218621
218622
218623
218624
218626
218627
218657
218660
218661
218662
218663
218664
218665
218666
218667
218669
218670
218694
218695
218696
218697
218698
218699
218700
218701
218704
218714
218717
218718
218719
218720
218721
218722
218723
218724
218725
218726
218727
218728
218729
218730
218731
218732
218733
218734
218742
218745
218747
218748
218749
218750
218751
218752
218753
218754
218756
218884
218887
218890
218893
218916
218917
218918
218919
218920
218921
218922
218923
218924
218925
218926
218927
218928
218929
218930
218932
218933
218970
218971
218973
218974
218975
218976
218977
218978
218979
218980
218981
218982
218983
218984
218985
218987
219031
219032
219033
219034
219035
219036
219037
219038
219040
219041
219079
219082
219083
219084
219085
219086
219087
219088
219089
219091
219092
219122
219125
219126
219127
219128
219129
219130
219131
219132
219134
219135
219159
219160
219161
219162
219163
219164
219165
219166
219169
219179
219182
219183
219184
219185
219186
219187
219188
219189
219190
219191
219192
219193
219194
219195
219196
219197
219198
219199
219207
219210
219212
219213
219214
219215
219216
219217
219218
219219
219221
219349
219352
219355
219358
219381
219382
219383
219384
219385
219386
219387
219388
219389
219390
219391
219392
219393
219394
219395
219397
219398
219435
219436
219438
219439
219440
219441
219442
219443
219444
219445
219446
219447
219448
219449
219450
219452
219496
219497
219498
219499
219500
219501
219502
219503
219505
219506
219544
219547
219548
219549
219550
219551
219552
219553
219554
219556
219557
219587
219590
219591
219592
219593
219594
219595
219596
219597
219599
219600
219624
219625
219626
219627
219628
219629
219630
219631
219634
219644
219647
219648
219649
219650
219651
219652
219653
219654
219655
219656
219657
219658
219659
219660
219661
219662
219663
219664
219672
219675
219677
219678
219679
219680
219681
219682
219683
219684
219686
219814
219817
219820
219823
219846
219847
219848
219849
219850
219851
219852
219853
219854
219855
219856
219857
219858
219859
219860
219862
219863
219900
219901
219903
219904
219905
219906
219907
219908
219909
219910
219911
219912
219913
219914
219915
219917
219961
219962
219963
219964
219965
219966
219967
219968
219970
219971
220009
220012
220013
220014
220015
220016
220017
220018
220019
220021
220022
220052
220055
220056
220057
220058
220059
220060
220061
220062
220064
220065
220089
220090
220091
220092
220093
220094
220095
220096
220099
220109
220112
220113
220114
220115
220116
220117
220118
220119
220120
220121
220122
220123
220124
220125
220126
220127
220128
220129
220137
220140
220142
220143
220144
220145
220146
220147
220148
220149
220151
220279
220282
220285
220288
220311
220312
220313
220314
220315
220316
220317
220318
220319
220320
220321
220322
220323
220324
220325
220327
220328
220365
220366
220368
220369
220370
220371
220372
220373
220374
220375
220376
220377
220378
220379
220380
220382
220426
220427
220428
220429
220430
220431
220432
220433
220435
220436
220474
220477
220478
220479
220480
220481
220482
220483
220484
220486
220487
220517
220520
220521
220522
220523
220524
220525
220526
220527
220529
220530
220554
220555
220556
220557
220558
220559
220560
220561
220564
220574
220577
220578
220579
220580
220581
220582
220583
220584
220585
220586
220587
220588
220589
220590
220591
220592
220593
220594
220602
220605
220607
220608
220609
220610
220611
220612
220613
220614
220616
220744
220747
220750
220753
220776
220777
220778
220779
220780
220781
220782
220783
220784
220785
220786
220787
220788
220789
220790
220792
220793
220830
220831
220833
220834
220835
220836
220837
220838
220839
220840
220841
220842
220843
220844
220845
220847
220891
220892
220893
220894
220895
220896
220897
220898
220900
220901
220939
220942
220943
220944
220945
220946
220947
220948
220949
220951
220952
220982
220985
220986
220987
220988
220989
220990
220991
220992
220994
220995
221019
221020
221021
221022
221023
221024
221025
221026
221029
221039
221042
221043
221044
221045
221046
221047
221048
221049
221050
221051
221052
221053
221054
221055
221056
221057
221058
221059
221067
221070
221072
221073
221074
221075
221076
221077
221078
221079
221081
221209
221212
221215
221218
221241
221242
221243
221244
221245
221246
221247
221248
221249
221250
221251
221252
221253
221254
221255
221257
221258
221295
221296
221298
221299
221300
221301
221302
221303
221304
221305
221306
221307
221308
221309
221310
221312
221356
221357
221358
221359
221360
221361
221362
221363
221365
221366
221404
221407
221408
221409
221410
221411
221412
221413
221414
221416
221417
221447
221450
221451
221452
221453
221454
221455
221456
221457
221459
221460
221484
221485
221486
221487
221488
221489
221490
221491
221494
221504
221507
221508
221509
221510
221511
221512
221513
221514
221515
221516
221517
221518
221519
221520
221521
221522
221523
221524
221532
221535
221537
221538
221539
221540
221541
221542
221543
221544
221546
221674
221677
221680
221683
221706
221707
221708
221709
221710
221711
221712
221713
221714
221715
221716
221717
221718
221719
221720
221722
221723
221760
221761
221763
221764
221765
221766
221767
221768
221769
221770
221771
221772
221773
221774
221775
221777
221821
221822
221823
221824
221825
221826
221827
221828
221830
221831
221869
221872
221873
221874
221875
221876
221877
221878
221879
221881
221882
221912
221915
221916
221917
221918
221919
221920
221921
221922
221924
221925
221949
221950
221951
221952
221953
221954
221955
221956
221959
221969
221972
221973
221974
221975
221976
221977
221978
221979
221980
221981
221982
221983
221984
221985
221986
221987
221988
221989
221997
222000
222002
222003
222004
222005
222006
222007
222008
222009
222011
222139
222142
222145
222148
222171
222172
222173
222174
222175
222176
222177
222178
222179
222180
222181
222182
222183
222184
222185
222187
222188
222225
222226
222228
222229
222230
222231
222232
222233
222234
222235
222236
222237
222238
222239
222240
222242
222286
222287
222288
222289
222290
222291
222292
222293
222295
222296
222334
222337
222338
222339
222340
222341
222342
222343
222344
222346
222347
222377
222380
222381
222382
222383
222384
222385
222386
222387
222389
222390
222414
222415
222416
222417
222418
222419
222420
222421
222424
222434
222437
222438
222439
222440
222441
222442
222443
222444
222445
222446
222447
222448
222449
222450
222451
222452
222453
222454
222462
222465
222467
222468
222469
222470
222471
222472
222473
222474
222476
222604
222607
222610
222613
222636
222637
222638
222639
222640
222641
222642
222643
222644
222645
222646
222647
222648
222649
222650
222652
222653
222690
222691
222693
222694
222695
222696
222697
222698
222699
222700
222701
222702
222703
222704
222705
222707
222751
222752
222753
222754
222755
222756
222757
222758
222760
222761
222799
222802
222803
222804
222805
222806
222807
222808
222809
222811
222812
222842
222845
222846
222847
222848
222849
222850
222851
222852
222854
222855
222879
222880
222881
222882
222883
222884
222885
222886
222889
222899
222902
222903
222904
222905
222906
222907
222908
222909
222910
222911
222912
222913
222914
222915
222916
222917
222918
222919
222927
222930
222932
222933
222934
222935
222936
222937
222938
222939
222941
223069
223072
223075
223078
223101
223102
223103
223104
223105
223106
223107
223108
223109
223110
223111
223112
223113
223114
223115
223117
223118
223155
223156
223158
223159
223160
223161
223162
223163
223164
223165
223166
223167
223168
223169
223170
223172
223216
223217
223218
223219
223220
223221
223222
223223
223225
223226
223264
223267
223268
223269
223270
223271
223272
223273
223274
223276
223277
223307
223310
223311
223312
223313
223314
223315
223316
223317
223319
223320
223344
223345
223346
223347
223348
223349
223350
223351
223354
223364
223367
223368
223369
223370
223371
223372
223373
223374
223375
223376
223377
223378
223379
223380
223381
223382
223383
223384
223392
223395
223397
223398
223399
223400
223401
223402
223403
223404
223406
223534
223537
223540
223543
223566
223567
223568
223569
223570
223571
223572
223573
223574
223575
223576
223577
223578
223579
223580
223582
223583
223620
223621
223623
223624
223625
223626
223627
223628
223629
223630
223631
223632
223633
223634
223635
223637
223681
223682
223683
223684
223685
223686
223687
223688
223690
223691
223729
223732
223733
223734
223735
223736
223737
223738
223739
223741
223742
223772
223775
223776
223777
223778
223779
223780
223781
223782
223784
223785
223809
223810
223811
223812
223813
223814
223815
223816
223819
223829
223832
223833
223834
223835
223836
223837
223838
223839
223840
223841
223842
223843
223844
223845
223846
223847
223848
223849
223857
223860
223862
223863
223864
223865
223866
223867
223868
223869
223871
223999
224002
224005
224008
224031
224032
224033
224034
224035
224036
224037
224038
224039
224040
224041
224042
224043
224044
224045
224047
224048
224085
224086
224088
224089
224090
224091
224092
224093
224094
224095
224096
224097
224098
224099
224100
224102
224146
224147
224148
224149
224150
224151
224152
224153
224155
224156
224194
224197
224198
224199
224200
224201
224202
224203
224204
224206
224207
224237
224240
224241
224242
224243
224244
224245
224246
224247
224249
224250
224274
224275
224276
224277
224278
224279
224280
224281
224284
224294
224297
224298
224299
224300
224301
224302
224303
224304
224305
224306
224307
224308
224309
224310
224311
224312
224313
224314
224322
224325
224327
224328
224329
224330
224331
224332
224333
224334
224336
224464
224467
224470
224473
224496
224497
224498
224499
224500
224501
224502
224503
224504
224505
224506
224507
224508
224509
224510
224512
224513
224550
224551
224553
224554
224555
224556
224557
224558
224559
224560
224561
224562
224563
224564
224565
224567
224611
224612
224613
224614
224615
224616
224617
224618
224620
224621
224659
224662
224663
224664
224665
224666
224667
224668
224669
224671
224672
224702
224705
224706
224707
224708
224709
224710
224711
224712
224714
224715
224739
224740
224741
224742
224743
224744
224745
224746
224749
224759
224762
224763
224764
224765
224766
224767
224768
224769
224770
224771
224772
224773
224774
224775
224776
224777
224778
224779
224787
224790
224792
224793
224794
224795
224796
224797
224798
224799
224801
224929
224932
224935
224938
224961
224962
224963
224964
224965
224966
224967
224968
224969
224970
224971
224972
224973
224974
224975
224977
224978
225015
225016
225018
225019
225020
225021
225022
225023
225024
225025
225026
225027
225028
225029
225030
225032
225076
225077
225078
225079
225080
225081
225082
225083
225085
225086
225124
225127
225128
225129
225130
225131
225132
225133
225134
225136
225137
225167
225170
225171
225172
225173
225174
225175
225176
225177
225179
225180
225204
225205
225206
225207
225208
225209
225210
225211
225214
225224
225227
225228
225229
225230
225231
225232
225233
225234
225235
225236
225237
225238
225239
225240
225241
225242
225243
225244
225252
225255
225257
225258
225259
225260
225261
225262
225263
225264
225266
225394
225397
225400
225403
225426
225427
225428
225429
225430
225431
225432
225433
225434
225435
225436
225437
225438
225439
225440
225442
225443
225480
225481
225483
225484
225485
225486
225487
225488
225489
225490
225491
225492
225493
225494
225495
225497
225541
225542
225543
225544
225545
225546
225547
225548
225550
225551
225589
225592
225593
225594
225595
225596
225597
225598
225599
225601
225602
225632
225635
225636
225637
225638
225639
225640
225641
225642
225644
225645
225669
225670
225671
225672
225673
225674
225675
225676
225679
225689
225692
225693
225694
225695
225696
225697
225698
225699
225700
225701
225702
225703
225704
225705
225706
225707
225708
225709
225717
225720
225722
225723
225724
225725
225726
225727
225728
225729
225731
225859
225862
225865
225868
225891
225892
225893
225894
225895
225896
225897
225898
225899
225900
225901
225902
225903
225904
225905
225907
225908
225945
225946
225948
225949
225950
225951
225952
225953
225954
225955
225956
225957
225958
225959
225960
225962
226006
226007
226008
226009
226010
226011
226012
226013
226015
226016
226054
226057
226058
226059
226060
226061
226062
226063
226064
226066
226067
226097
226100
226101
226102
226103
226104
226105
226106
226107
226109
226110
226134
226135
226136
226137
226138
226139
226140
226141
226144
226154
226157
226158
226159
226160
226161
226162
226163
226164
226165
226166
226167
226168
226169
226170
226171
226172
226173
226174
226182
226185
226187
226188
226189
226190
226191
226192
226193
226194
226196
226324
226327
226330
226333
226356
226357
226358
226359
226360
226361
226362
226363
226364
226365
226366
226367
226368
226369
226370
226372
226373
226410
226411
226413
226414
226415
226416
226417
226418
226419
226420
226421
226422
226423
226424
226425
226427
226471
226472
226473
226474
226475
226476
226477
226478
226480
226481
226519
226522
226523
226524
226525
226526
226527
226528
226529
226531
226532
226562
226565
226566
226567
226568
226569
226570
226571
226572
226574
226575
226599
226600
226601
226602
226603
226604
226605
226606
226609
226619
226622
226623
226624
226625
226626
226627
226628
226629
226630
226631
226632
226633
226634
226635
226636
226637
226638
226639
226647
226650
226652
226653
226654
226655
226656
226657
226658
226659
226661
226789
226792
226795
226798
226821
226822
226823
226824
226825
226826
226827
226828
226829
226830
226831
226832
226833
226834
226835
226837
226838
226875
226876
226878
226879
226880
226881
226882
226883
226884
226885
226886
226887
226888
226889
226890
226892
226936
226937
226938
226939
226940
226941
226942
226943
226945
226946
226984
226987
226988
226989
226990
226991
226992
226993
226994
226996
226997
227027
227030
227031
227032
227033
227034
227035
227036
227037
227039
227040
227064
227065
227066
227067
227068
227069
227070
227071
227074
227084
227087
227088
227089
227090
227091
227092
227093
227094
227095
227096
227097
227098
227099
227100
227101
227102
227103
227104
227112
227115
227117
227118
227119
227120
227121
227122
227123
227124
227126
227254
227257
227260
227263
227286
227287
227288
227289
227290
227291
227292
227293
227294
227295
227296
227297
227298
227299
227300
227302
227303
227340
227341
227343
227344
227345
227346
227347
227348
227349
227350
227351
227352
227353
227354
227355
227357
227401
227402
227403
227404
227405
227406
227407
227408
227410
227411
227449
227452
227453
227454
227455
227456
227457
227458
227459
227461
227462
227492
227495
227496
227497
227498
227499
227500
227501
227502
227504
227505
227529
227530
227531
227532
227533
227534
227535
227536
227539
227549
227552
227553
227554
227555
227556
227557
227558
227559
227560
227561
227562
227563
227564
227565
227566
227567
227568
227569
227577
227580
227582
227583
227584
227585
227586
227587
227588
227589
227591
227719
227722
227725
227728
227751
227752
227753
227754
227755
227756
227757
227758
227759
227760
227761
227762
227763
227764
227765
227767
227768
227805
227806
227808
227809
227810
227811
227812
227813
227814
227815
227816
227817
227818
227819
227820
227822
227866
227867
227868
227869
227870
227871
227872
227873
227875
227876
227914
227917
227918
227919
227920
227921
227922
227923
227924
227926
227927
227957
227960
227961
227962
227963
227964
227965
227966
227967
227969
227970
227994
227995
227996
227997
227998
227999
228000
228001
228004
228014
228017
228018
228019
228020
228021
228022
228023
228024
228025
228026
228027
228028
228029
228030
228031
228032
228033
228034
228042
228045
228047
228048
228049
228050
228051
228052
228053
228054
228056
228184
228187
228190
228193
228216
228217
228218
228219
228220
228221
228222
228223
228224
228225
228226
228227
228228
228229
228230
228232
228233
228270
228271
228273
228274
228275
228276
228277
228278
228279
228280
228281
228282
228283
228284
228285
228287
228331
228332
228333
228334
228335
228336
228337
228338
228340
228341
228379
228382
228383
228384
228385
228386
228387
228388
228389
228391
228392
228422
228425
228426
228427
228428
228429
228430
228431
228432
228434
228435
228459
228460
228461
228462
228463
228464
228465
228466
228469
228479
228482
228483
228484
228485
228486
228487
228488
228489
228490
228491
228492
228493
228494
228495
228496
228497
228498
228499
228507
228510
228512
228513
228514
228515
228516
228517
228518
228519
228521
228649
228652
228655
228658
228681
228682
228683
228684
228685
228686
228687
228688
228689
228690
228691
228692
228693
228694
228695
228697
228698
228735
228736
228738
228739
228740
228741
228742
228743
228744
228745
228746
228747
228748
228749
228750
228752
228796
228797
228798
228799
228800
228801
228802
228803
228805
228806
228844
228847
228848
228849
228850
228851
228852
228853
228854
228856
228857
228887
228890
228891
228892
228893
228894
228895
228896
228897
228899
228900
228924
228925
228926
228927
228928
228929
228930
228931
228934
228944
228947
228948
228949
228950
228951
228952
228953
228954
228955
228956
228957
228958
228959
228960
228961
228962
228963
228964
228972
228975
228977
228978
228979
228980
228981
228982
228983
228984
228986
229114
229117
229120
229123
229146
229147
229148
229149
229150
229151
229152
229153
229154
229155
229156
229157
229158
229159
229160
229162
229163
229200
229201
229203
229204
229205
229206
229207
229208
229209
229210
229211
229212
229213
229214
229215
229217
229261
229262
229263
229264
229265
229266
229267
229268
229270
229271
229309
229312
229313
229314
229315
229316
229317
229318
229319
229321
229322
229352
229355
229356
229357
229358
229359
229360
229361
229362
229364
229365
229389
229390
229391
229392
229393
229394
229395
229396
229399
229409
229412
229413
229414
229415
229416
229417
229418
229419
229420
229421
229422
229423
229424
229425
229426
229427
229428
229429
229437
229440
229442
229443
229444
229445
229446
229447
229448
229449
229451
229579
229582
229585
229588
229611
229612
229613
229614
229615
229616
229617
229618
229619
229620
229621
229622
229623
229624
229625
229627
229628
229665
229666
229668
229669
229670
229671
229672
229673
229674
229675
229676
229677
229678
229679
229680
229682
229726
229727
229728
229729
229730
229731
229732
229733
229735
229736
229774
229777
229778
229779
229780
229781
229782
229783
229784
229786
229787
229817
229820
229821
229822
229823
229824
229825
229826
229827
229829
229830
229854
229855
229856
229857
229858
229859
229860
229861
229864
229874
229877
229878
229879
229880
229881
229882
229883
229884
229885
229886
229887
229888
229889
229890
229891
229892
229893
229894
229902
229905
229907
229908
229909
229910
229911
229912
229913
229914
229916
230044
230047
230050
230053
230076
230077
230078
230079
230080
230081
230082
230083
230084
230085
230086
230087
230088
230089
230090
230092
230093
230130
230131
230133
230134
230135
230136
230137
230138
230139
230140
230141
230142
230143
230144
230145
230147
230191
230192
230193
230194
230195
230196
230197
230198
230200
230201
230239
230242
230243
230244
230245
230246
230247
230248
230249
230251
230252
230282
230285
230286
230287
230288
230289
230290
230291
230292
230294
230295
230319
230320
230321
230322
230323
230324
230325
230326
230329
230339
230342
230343
230344
230345
230346
230347
230348
230349
230350
230351
230352
230353
230354
230355
230356
230357
230358
230359
230367
230370
230372
230373
230374
230375
230376
230377
230378
230379
230381
230509
230512
230515
230518
230541
230542
230543
230544
230545
230546
230547
230548
230549
230550
230551
230552
230553
230554
230555
230557
230558
230595
230596
230598
230599
230600
230601
230602
230603
230604
230605
230606
230607
230608
230609
230610
230612
230656
230657
230658
230659
230660
230661
230662
230663
230665
230666
230704
230707
230708
230709
230710
230711
230712
230713
230714
230716
230717
230747
230750
230751
230752
230753
230754
230755
230756
230757
230759
230760
230784
230785
230786
230787
230788
230789
230790
230791
230794
230804
230807
230808
230809
230810
230811
230812
230813
230814
230815
230816
230817
230818
230819
230820
230821
230822
230823
230824
230832
230835
230837
230838
230839
230840
230841
230842
230843
230844
230846
230974
230977
230980
230983
231006
231007
231008
231009
231010
231011
231012
231013
231014
231015
231016
231017
231018
231019
231020
231022
231023
231060
231061
231063
231064
231065
231066
231067
231068
231069
231070
231071
231072
231073
231074
231075
231077
231121
231122
231123
231124
231125
231126
231127
231128
231130
231131
231169
231172
231173
231174
231175
231176
231177
231178
231179
231181
231182
231212
231215
231216
231217
231218
231219
231220
231221
231222
231224
231225
231249
231250
231251
231252
231253
231254
231255
231256
231259
231269
231272
231273
231274
231275
231276
231277
231278
231279
231280
231281
231282
231283
231284
231285
231286
231287
231288
231289
231297
231300
231302
231303
231304
231305
231306
231307
231308
231309
231311
231439
231442
231445
231448
231471
231472
231473
231474
231475
231476
231477
231478
231479
231480
231481
231482
231483
231484
231485
231487
231488
231525
231526
231528
231529
231530
231531
231532
231533
231534
231535
231536
231537
231538
231539
231540
231542
231586
231587
231588
231589
231590
231591
231592
231593
231595
231596
231634
231637
231638
231639
231640
231641
231642
231643
231644
231646
231647
231677
231680
231681
231682
231683
231684
231685
231686
231687
231689
231690
231714
231715
231716
231717
231718
231719
231720
231721
231724
231734
231737
231738
231739
231740
231741
231742
231743
231744
231745
231746
231747
231748
231749
231750
231751
231752
231753
231754
231762
231765
231767
231768
231769
231770
231771
231772
231773
231774
231776
231904
231907
231910
231913
231936
231937
231938
231939
231940
231941
231942
231943
231944
231945
231946
231947
231948
231949
231950
231952
231953
231990
231991
231993
231994
231995
231996
231997
231998
231999
232000
232001
232002
232003
232004
232005
232007
232051
232052
232053
232054
232055
232056
232057
232058
232060
232061
232099
232102
232103
232104
232105
232106
232107
232108
232109
232111
232112
232142
232145
232146
232147
232148
232149
232150
232151
232152
232154
232155
232179
232180
232181
232182
232183
232184
232185
232186
232189
232199
232202
232203
232204
232205
232206
232207
232208
232209
232210
232211
232212
232213
232214
232215
232216
232217
232218
232219
232227
232230
232232
232233
232234
232235
232236
232237
232238
232239
232241
232369
232372
232375
232378
232401
232402
232403
232404
232405
232406
232407
232408
232409
232410
232411
232412
232413
232414
232415
232417
232418
232455
232456
232458
232459
232460
232461
232462
232463
232464
232465
232466
232467
232468
232469
232470
232472
232516
232517
232518
232519
232520
232521
232522
232523
232525
232526
232564
232567
232568
232569
232570
232571
232572
232573
232574
232576
232577
232607
232610
232611
232612
232613
232614
232615
232616
232617
232619
232620
232644
232645
232646
232647
232648
232649
232650
232651
232654
232664
232667
232668
232669
232670
232671
232672
232673
232674
232675
232676
232677
232678
232679
232680
232681
232682
232683
232684
232692
232695
232697
232698
232699
232700
232701
232702
232703
232704
232706
232817
232819
232821
232823
232837
232838
232839
232840
232841
232842
232843
232844
232845
232846
232848
232872
232873
232874
232875
232876
232877
232878
232879
232880
232882
232910
232911
232912
232913
232914
232916
232939
232941
232942
232943
232944
232945
232947
232966
232968
232969
232970
232971
232972
232974
232988
232989
232990
232991
232992
232999
233001
233002
233003
233004
233005
233006
233007
233008
233009
233010
233011
233012
233017
233019
233021
233022
233023
233024
233025
233115
233116
233118
233119
233120
233121
233122
233123
233124
233125
233126
233128
233152
233153
233154
233155
233156
233157
233158
233159
233160
233161
233162
233163
233164
233165
233166
233167
233169
233170
233204
233207
233208
233209
233210
233211
233212
233213
233251
233252
233253
233254
233255
233256
233257
233258
233259
233260
233290
233291
233292
233293
233294
233295
233296
233297
233298
233299
233326
233329
233330
233331
233332
233333
233334
233335
233347
233350
233351
233352
233353
233354
233355
233356
233357
233358
233360
233361
233366
233369
233370
233371
233372
233373
233374
233375
233376
233377
233378
233379
233380
233381
233382
233383
233394
233396
233397
233399
233402
233499
233500
233502
233503
233504
233505
233506
233507
233508
233509
233510
233512
233536
233537
233538
233539
233540
233541
233542
233543
233544
233545
233546
233547
233548
233549
233550
233551
233553
233554
233588
233591
233592
233593
233594
233595
233596
233597
233635
233636
233637
233638
233639
233640
233641
233642
233643
233644
233674
233675
233676
233677
233678
233679
233680
233681
233682
233683
233710
233713
233714
233715
233716
233717
233718
233719
233731
233734
233735
233736
233737
233738
233739
233740
233741
233742
233744
233745
233750
233753
233754
233755
233756
233757
233758
233759
233760
233761
233762
233763
233764
233765
233766
233767
233778
233780
233781
233783
233786
233883
233884
233886
233887
233888
233889
233890
233891
233892
233893
233894
233896
233920
233921
233922
233923
233924
233925
233926
233927
233928
233929
233930
233931
233932
233933
233934
233935
233937
233938
233972
233975
233976
233977
233978
233979
233980
233981
234019
234020
234021
234022
234023
234024
234025
234026
234027
234028
234058
234059
234060
234061
234062
234063
234064
234065
234066
234067
234094
234097
234098
234099
234100
234101
234102
234103
234115
234118
234119
234120
234121
234122
234123
234124
234125
234126
234128
234129
234134
234137
234138
234139
234140
234141
234142
234143
234144
234145
234146
234147
234148
234149
234150
234151
234162
234164
234165
234167
234170
234267
234268
234270
234271
234272
234273
234274
234275
234276
234277
234278
234280
234304
234305
234306
234307
234308
234309
234310
234311
234312
234313
234314
234315
234316
234317
234318
234319
234321
234322
234356
234359
234360
234361
234362
234363
234364
234365
234403
234404
234405
234406
234407
234408
234409
234410
234411
234412
234442
234443
234444
234445
234446
234447
234448
234449
234450
234451
234478
234481
234482
234483
234484
234485
234486
234487
234499
234502
234503
234504
234505
234506
234507
234508
234509
234510
234512
234513
234518
234521
234522
234523
234524
234525
234526
234527
234528
234529
234530
234531
234532
234533
234534
234535
234546
234548
234549
234551
234554
234651
234652
234654
234655
234656
234657
234658
234659
234660
234661
234662
234664
234688
234689
234690
234691
234692
234693
234694
234695
234696
234697
234698
234699
234700
234701
234702
234703
234705
234706
234740
234743
234744
234745
234746
234747
234748
234749
234787
234788
234789
234790
234791
234792
234793
234794
234795
234796
234826
234827
234828
234829
234830
234831
234832
234833
234834
234835
234862
234865
234866
234867
234868
234869
234870
234871
234883
234886
234887
234888
234889
234890
234891
234892
234893
234894
234896
234897
234902
234905
234906
234907
234908
234909
234910
234911
234912
234913
234914
234915
234916
234917
234918
234919
234930
234932
234933
234935
234938
235035
235036
235038
235039
235040
235041
235042
235043
235044
235045
235046
235048
235072
235073
235074
235075
235076
235077
235078
235079
235080
235081
235082
235083
235084
235085
235086
235087
235089
235090
235124
235127
235128
235129
235130
235131
235132
235133
235171
235172
235173
235174
235175
235176
235177
235178
235179
235180
235210
235211
235212
235213
235214
235215
235216
235217
235218
235219
235246
235249
235250
235251
235252
235253
235254
235255
235267
235270
235271
235272
235273
235274
235275
235276
235277
235278
235280
235281
235286
235289
235290
235291
235292
235293
235294
235295
235296
235297
235298
235299
235300
235301
235302
235303
235314
235316
235317
235319
235322
235419
235420
235422
235423
235424
235425
235426
235427
235428
235429
235430
235432
235456
235457
235458
235459
235460
235461
235462
235463
235464
235465
235466
235467
235468
235469
235470
235471
235473
235474
235508
235511
235512
235513
235514
235515
235516
235517
235555
235556
235557
235558
235559
235560
235561
235562
235563
235564
235594
235595
235596
235597
235598
235599
235600
235601
235602
235603
235630
235633
235634
235635
235636
235637
235638
235639
235651
235654
235655
235656
235657
235658
235659
235660
235661
235662
235664
235665
235670
235673
235674
235675
235676
235677
235678
235679
235680
235681
235682
235683
235684
235685
235686
235687
235698
235700
235701
235703
235706
235803
235804
235806
235807
235808
235809
235810
235811
235812
235813
235814
235816
235840
235841
235842
235843
235844
235845
235846
235847
235848
235849
235850
235851
235852
235853
235854
235855
235857
235858
235892
235895
235896
235897
235898
235899
235900
235901
235939
235940
235941
235942
235943
235944
235945
235946
235947
235948
235978
235979
235980
235981
235982
235983
235984
235985
235986
235987
236014
236017
236018
236019
236020
236021
236022
236023
236035
236038
236039
236040
236041
236042
236043
236044
236045
236046
236048
236049
236054
236057
236058
236059
236060
236061
236062
236063
236064
236065
236066
236067
236068
236069
236070
236071
236082
236084
236085
236087
236090
236187
236188
236190
236191
236192
236193
236194
236195
236196
236197
236198
236200
236224
236225
236226
236227
236228
236229
236230
236231
236232
236233
236234
236235
236236
236237
236238
236239
236241
236242
236276
236279
236280
236281
236282
236283
236284
236285
236323
236324
236325
236326
236327
236328
236329
236330
236331
236332
236362
236363
236364
236365
236366
236367
236368
236369
236370
236371
236398
236401
236402
236403
236404
236405
236406
236407
236419
236422
236423
236424
236425
236426
236427
236428
236429
236430
236432
236433
236438
236441
236442
236443
236444
236445
236446
236447
236448
236449
236450
236451
236452
236453
236454
236455
236466
236468
236469
236471
236474
236571
236572
236574
236575
236576
236577
236578
236579
236580
236581
236582
236584
236608
236609
236610
236611
236612
236613
236614
236615
236616
236617
236618
236619
236620
236621
236622
236623
236625
236626
236660
236663
236664
236665
236666
236667
236668
236669
236707
236708
236709
236710
236711
236712
236713
236714
236715
236716
236746
236747
236748
236749
236750
236751
236752
236753
236754
236755
236782
236785
236786
236787
236788
236789
236790
236791
236803
236806
236807
236808
236809
236810
236811
236812
236813
236814
236816
236817
236822
236825
236826
236827
236828
236829
236830
236831
236832
236833
236834
236835
236836
236837
236838
236839
236850
236852
236853
236855
236858
236955
236956
236958
236959
236960
236961
236962
236963
236964
236965
236966
236968
236992
236993
236994
236995
236996
236997
236998
236999
237000
237001
237002
237003
237004
237005
237006
237007
237009
237010
237044
237047
237048
237049
237050
237051
237052
237053
237091
237092
237093
237094
237095
237096
237097
237098
237099
237100
237130
237131
237132
237133
237134
237135
237136
237137
237138
237139
237166
237169
237170
237171
237172
237173
237174
237175
237187
237190
237191
237192
237193
237194
237195
237196
237197
237198
237200
237201
237206
237209
237210
237211
237212
237213
237214
237215
237216
237217
237218
237219
237220
237221
237222
237223
237234
237236
237237
237239
237242
237339
237340
237342
237343
237344
237345
237346
237347
237348
237349
237350
237352
237376
237377
237378
237379
237380
237381
237382
237383
237384
237385
237386
237387
237388
237389
237390
237391
237393
237394
237428
237431
237432
237433
237434
237435
237436
237437
237475
237476
237477
237478
237479
237480
237481
237482
237483
237484
237514
237515
237516
237517
237518
237519
237520
237521
237522
237523
237550
237553
237554
237555
237556
237557
237558
237559
237571
237574
237575
237576
237577
237578
237579
237580
237581
237582
237584
237585
237590
237593
237594
237595
237596
237597
237598
237599
237600
237601
237602
237603
237604
237605
237606
237607
237618
237620
237621
237623
237626
237723
237724
237726
237727
237728
237729
237730
237731
237732
237733
237734
237736
237760
237761
237762
237763
237764
237765
237766
237767
237768
237769
237770
237771
237772
237773
237774
237775
237777
237778
237812
237815
237816
237817
237818
237819
237820
237821
237859
237860
237861
237862
237863
237864
237865
237866
237867
237868
237898
237899
237900
237901
237902
237903
237904
237905
237906
237907
237934
237937
237938
237939
237940
237941
237942
237943
237955
237958
237959
237960
237961
237962
237963
237964
237965
237966
237968
237969
237974
237977
237978
237979
237980
237981
237982
237983
237984
237985
237986
237987
237988
237989
237990
237991
238002
238004
238005
238007
238010
238107
238108
238110
238111
238112
238113
238114
238115
238116
238117
238118
238120
238144
238145
238146
238147
238148
238149
238150
238151
238152
238153
238154
238155
238156
238157
238158
238159
238161
238162
238196
238199
238200
238201
238202
238203
238204
238205
238243
238244
238245
238246
238247
238248
238249
238250
238251
238252
238282
238283
238284
238285
238286
238287
238288
238289
238290
238291
238318
238321
238322
238323
238324
238325
238326
238327
238339
238342
238343
238344
238345
238346
238347
238348
238349
238350
238352
238353
238358
238361
238362
238363
238364
238365
238366
238367
238368
238369
238370
238371
238372
238373
238374
238375
238386
238388
238389
238391
238394
238491
238492
238494
238495
238496
238497
238498
238499
238500
238501
238502
238504
238528
238529
238530
238531
238532
238533
238534
238535
238536
238537
238538
238539
238540
238541
238542
238543
238545
238546
238580
238583
238584
238585
238586
238587
238588
238589
238627
238628
238629
238630
238631
238632
238633
238634
238635
238636
238666
238667
238668
238669
238670
238671
238672
238673
238674
238675
238702
238705
238706
238707
238708
238709
238710
238711
238723
238726
238727
238728
238729
238730
238731
238732
238733
238734
238736
238737
238742
238745
238746
238747
238748
238749
238750
238751
238752
238753
238754
238755
238756
238757
238758
238759
238770
238772
238773
238775
238778
238875
238876
238878
238879
238880
238881
238882
238883
238884
238885
238886
238888
238912
238913
238914
238915
238916
238917
238918
238919
238920
238921
238922
238923
238924
238925
238926
238927
238929
238930
238964
238967
238968
238969
238970
238971
238972
238973
239011
239012
239013
239014
239015
239016
239017
239018
239019
239020
239050
239051
239052
239053
239054
239055
239056
239057
239058
239059
239086
239089
239090
239091
239092
239093
239094
239095
239107
239110
239111
239112
239113
239114
239115
239116
239117
239118
239120
239121
239126
239129
239130
239131
239132
239133
239134
239135
239136
239137
239138
239139
239140
239141
239142
239143
239154
239156
239157
239159
239162
239259
239260
239262
239263
239264
239265
239266
239267
239268
239269
239270
239272
239296
239297
239298
239299
239300
239301
239302
239303
239304
239305
239306
239307
239308
239309
239310
239311
239313
239314
239348
239351
239352
239353
239354
239355
239356
239357
239395
239396
239397
239398
239399
239400
239401
239402
239403
239404
239434
239435
239436
239437
239438
239439
239440
239441
239442
239443
239470
239473
239474
239475
239476
239477
239478
239479
239491
239494
239495
239496
239497
239498
239499
239500
239501
239502
239504
239505
239510
239513
239514
239515
239516
239517
239518
239519
239520
239521
239522
239523
239524
239525
239526
239527
239538
239540
239541
239543
239546
239643
239644
239646
239647
239648
239649
239650
239651
239652
239653
239654
239656
239680
239681
239682
239683
239684
239685
239686
239687
239688
239689
239690
239691
239692
239693
239694
239695
239697
239698
239732
239735
239736
239737
239738
239739
239740
239741
239779
239780
239781
239782
239783
239784
239785
239786
239787
239788
239818
239819
239820
239821
239822
239823
239824
239825
239826
239827
239854
239857
239858
239859
239860
239861
239862
239863
239875
239878
239879
239880
239881
239882
239883
239884
239885
239886
239888
239889
239894
239897
239898
239899
239900
239901
239902
239903
239904
239905
239906
239907
239908
239909
239910
239911
239922
239924
239925
239927
239930
240027
240028
240030
240031
240032
240033
240034
240035
240036
240037
240038
240040
240064
240065
240066
240067
240068
240069
240070
240071
240072
240073
240074
240075
240076
240077
240078
240079
240081
240082
240116
240119
240120
240121
240122
240123
240124
240125
240163
240164
240165
240166
240167
240168
240169
240170
240171
240172
240202
240203
240204
240205
240206
240207
240208
240209
240210
240211
240238
240241
240242
240243
240244
240245
240246
240247
240259
240262
240263
240264
240265
240266
240267
240268
240269
240270
240272
240273
240278
240281
240282
240283
240284
240285
240286
240287
240288
240289
240290
240291
240292
240293
240294
240295
240306
240308
240309
240311
240314
240411
240412
240414
240415
240416
240417
240418
240419
240420
240421
240422
240424
240448
240449
240450
240451
240452
240453
240454
240455
240456
240457
240458
240459
240460
240461
240462
240463
240465
240466
240500
240503
240504
240505
240506
240507
240508
240509
240547
240548
240549
240550
240551
240552
240553
240554
240555
240556
240586
240587
240588
240589
240590
240591
240592
240593
240594
240595
240622
240625
240626
240627
240628
240629
240630
240631
240643
240646
240647
240648
240649
240650
240651
240652
240653
240654
240656
240657
240662
240665
240666
240667
240668
240669
240670
240671
240672
240673
240674
240675
240676
240677
240678
240679
240690
240692
240693
240695
240698
240795
240796
240798
240799
240800
240801
240802
240803
240804
240805
240806
240808
240832
240833
240834
240835
240836
240837
240838
240839
240840
240841
240842
240843
240844
240845
240846
240847
240849
240850
240884
240887
240888
240889
240890
240891
240892
240893
240931
240932
240933
240934
240935
240936
240937
240938
240939
240940
240970
240971
240972
240973
240974
240975
240976
240977
240978
240979
241006
241009
241010
241011
241012
241013
241014
241015
241027
241030
241031
241032
241033
241034
241035
241036
241037
241038
241040
241041
241046
241049
241050
241051
241052
241053
241054
241055
241056
241057
241058
241059
241060
241061
241062
241063
241074
241076
241077
241079
241082
241179
241180
241182
241183
241184
241185
241186
241187
241188
241189
241190
241192
241216
241217
241218
241219
241220
241221
241222
241223
241224
241225
241226
241227
241228
241229
241230
241231
241233
241234
241268
241271
241272
241273
241274
241275
241276
241277
241315
241316
241317
241318
241319
241320
241321
241322
241323
241324
241354
241355
241356
241357
241358
241359
241360
241361
241362
241363
241390
241393
241394
241395
241396
241397
241398
241399
241411
241414
241415
241416
241417
241418
241419
241420
241421
241422
241424
241425
241430
241433
241434
241435
241436
241437
241438
241439
241440
241441
241442
241443
241444
241445
241446
241447
241458
241460
241461
241463
241466
241563
241564
241566
241567
241568
241569
241570
241571
241572
241573
241574
241576
241600
241601
241602
241603
241604
241605
241606
241607
241608
241609
241610
241611
241612
241613
241614
241615
241617
241618
241652
241655
241656
241657
241658
241659
241660
241661
241699
241700
241701
241702
241703
241704
241705
241706
241707
241708
241738
241739
241740
241741
241742
241743
241744
241745
241746
241747
241774
241777
241778
241779
241780
241781
241782
241783
241795
241798
241799
241800
241801
241802
241803
241804
241805
241806
241808
241809
241814
241817
241818
241819
241820
241821
241822
241823
241824
241825
241826
241827
241828
241829
241830
241831
241842
241844
241845
241847
241850
241947
241948
241950
241951
241952
241953
241954
241955
241956
241957
241958
241960
241984
241985
241986
241987
241988
241989
241990
241991
241992
241993
241994
241995
241996
241997
241998
241999
242001
242002
242036
242039
242040
242041
242042
242043
242044
242045
242083
242084
242085
242086
242087
242088
242089
242090
242091
242092
242122
242123
242124
242125
242126
242127
242128
242129
242130
242131
242158
242161
242162
242163
242164
242165
242166
242167
242179
242182
242183
242184
242185
242186
242187
242188
242189
242190
242192
242193
242198
242201
242202
242203
242204
242205
242206
242207
242208
242209
242210
242211
242212
242213
242214
242215
242226
242228
242229
242231
242234
242331
242332
242334
242335
242336
242337
242338
242339
242340
242341
242342
242344
242368
242369
242370
242371
242372
242373
242374
242375
242376
242377
242378
242379
242380
242381
242382
242383
242385
242386
242420
242423
242424
242425
242426
242427
242428
242429
242467
242468
242469
242470
242471
242472
242473
242474
242475
242476
242506
242507
242508
242509
242510
242511
242512
242513
242514
242515
242542
242545
242546
242547
242548
242549
242550
242551
242563
242566
242567
242568
242569
242570
242571
242572
242573
242574
242576
242577
242582
242585
242586
242587
242588
242589
242590
242591
242592
242593
242594
242595
242596
242597
242598
242599
242610
242612
242613
242615
242618
242715
242716
242718
242719
242720
242721
242722
242723
242724
242725
242726
242728
242752
242753
242754
242755
242756
242757
242758
242759
242760
242761
242762
242763
242764
242765
242766
242767
242769
242770
242804
242807
242808
242809
242810
242811
242812
242813
242851
242852
242853
242854
242855
242856
242857
242858
242859
242860
242890
242891
242892
242893
242894
242895
242896
242897
242898
242899
242926
242929
242930
242931
242932
242933
242934
242935
242947
242950
242951
242952
242953
242954
242955
242956
242957
242958
242960
242961
242966
242969
242970
242971
242972
242973
242974
242975
242976
242977
242978
242979
242980
242981
242982
242983
242994
242996
242997
242999
243002
243099
243100
243102
243103
243104
243105
243106
243107
243108
243109
243110
243112
243136
243137
243138
243139
243140
243141
243142
243143
243144
243145
243146
243147
243148
243149
243150
243151
243153
243154
243188
243191
243192
243193
243194
243195
243196
243197
243235
243236
243237
243238
243239
243240
243241
243242
243243
243244
243274
243275
243276
243277
243278
243279
243280
243281
243282
243283
243310
243313
243314
243315
243316
243317
243318
243319
243331
243334
243335
243336
243337
243338
243339
243340
243341
243342
243344
243345
243350
243353
243354
243355
243356
243357
243358
243359
243360
243361
243362
243363
243364
243365
243366
243367
243378
243380
243381
243383
243386
243483
243484
243486
243487
243488
243489
243490
243491
243492
243493
243494
243496
243520
243521
243522
243523
243524
243525
243526
243527
243528
243529
243530
243531
243532
243533
243534
243535
243537
243538
243572
243575
243576
243577
243578
243579
243580
243581
243619
243620
243621
243622
243623
243624
243625
243626
243627
243628
243658
243659
243660
243661
243662
243663
243664
243665
243666
243667
243694
243697
243698
243699
243700
243701
243702
243703
243715
243718
243719
243720
243721
243722
243723
243724
243725
243726
243728
243729
243734
243737
243738
243739
243740
243741
243742
243743
243744
243745
243746
243747
243748
243749
243750
243751
243762
243764
243765
243767
243770
243867
243868
243870
243871
243872
243873
243874
243875
243876
243877
243878
243880
243904
243905
243906
243907
243908
243909
243910
243911
243912
243913
243914
243915
243916
243917
243918
243919
243921
243922
243956
243959
243960
243961
243962
243963
243964
243965
244003
244004
244005
244006
244007
244008
244009
244010
244011
244012
244042
244043
244044
244045
244046
244047
244048
244049
244050
244051
244078
244081
244082
244083
244084
244085
244086
244087
244099
244102
244103
244104
244105
244106
244107
244108
244109
244110
244112
244113
244118
244121
244122
244123
244124
244125
244126
244127
244128
244129
244130
244131
244132
244133
244134
244135
244146
244148
244149
244151
244154
244251
244252
244254
244255
244256
244257
244258
244259
244260
244261
244262
244264
244288
244289
244290
244291
244292
244293
244294
244295
244296
244297
244298
244299
244300
244301
244302
244303
244305
244306
244340
244343
244344
244345
244346
244347
244348
244349
244387
244388
244389
244390
244391
244392
244393
244394
244395
244396
244426
244427
244428
244429
244430
244431
244432
244433
244434
244435
244462
244465
244466
244467
244468
244469
244470
244471
244483
244486
244487
244488
244489
244490
244491
244492
244493
244494
244496
244497
244502
244505
244506
244507
244508
244509
244510
244511
244512
244513
244514
244515
244516
244517
244518
244519
244530
244532
244533
244535
244538
244635
244636
244638
244639
244640
244641
244642
244643
244644
244645
244646
244648
244672
244673
244674
244675
244676
244677
244678
244679
244680
244681
244682
244683
244684
244685
244686
244687
244689
244690
244724
244727
244728
244729
244730
244731
244732
244733
244771
244772
244773
244774
244775
244776
244777
244778
244779
244780
244810
244811
244812
244813
244814
244815
244816
244817
244818
244819
244846
244849
244850
244851
244852
244853
244854
244855
244867
244870
244871
244872
244873
244874
244875
244876
244877
244878
244880
244881
244886
244889
244890
244891
244892
244893
244894
244895
244896
244897
244898
244899
244900
244901
244902
244903
244914
244916
244917
244919
244922
245019
245020
245022
245023
245024
245025
245026
245027
245028
245029
245030
245032
245056
245057
245058
245059
245060
245061
245062
245063
245064
245065
245066
245067
245068
245069
245070
245071
245073
245074
245108
245111
245112
245113
245114
245115
245116
245117
245155
245156
245157
245158
245159
245160
245161
245162
245163
245164
245194
245195
245196
245197
245198
245199
245200
245201
245202
245203
245230
245233
245234
245235
245236
245237
245238
245239
245251
245254
245255
245256
245257
245258
245259
245260
245261
245262
245264
245265
245270
245273
245274
245275
245276
245277
245278
245279
245280
245281
245282
245283
245284
245285
245286
245287
245298
245300
245301
245303
245306
245403
245404
245406
245407
245408
245409
245410
245411
245412
245413
245414
245416
245440
245441
245442
245443
245444
245445
245446
245447
245448
245449
245450
245451
245452
245453
245454
245455
245457
245458
245492
245495
245496
245497
245498
245499
245500
245501
245539
245540
245541
245542
245543
245544
245545
245546
245547
245548
245578
245579
245580
245581
245582
245583
245584
245585
245586
245587
245614
245617
245618
245619
245620
245621
245622
245623
245635
245638
245639
245640
245641
245642
245643
245644
245645
245646
245648
245649
245654
245657
245658
245659
245660
245661
245662
245663
245664
245665
245666
245667
245668
245669
245670
245671
245682
245684
245685
245687
245690
245787
245788
245790
245791
245792
245793
245794
245795
245796
245797
245798
245800
245824
245825
245826
245827
245828
245829
245830
245831
245832
245833
245834
245835
245836
245837
245838
245839
245841
245842
245876
245879
245880
245881
245882
245883
245884
245885
245923
245924
245925
245926
245927
245928
245929
245930
245931
245932
245962
245963
245964
245965
245966
245967
245968
245969
245970
245971
245998
246001
246002
246003
246004
246005
246006
246007
246019
246022
246023
246024
246025
246026
246027
246028
246029
246030
246032
246033
246038
246041
246042
246043
246044
246045
246046
246047
246048
246049
246050
246051
246052
246053
246054
246055
246066
246068
246069
246071
246074
246171
246172
246174
246175
246176
246177
246178
246179
246180
246181
246182
246184
246208
246209
246210
246211
246212
246213
246214
246215
246216
246217
246218
246219
246220
246221
246222
246223
246225
246226
246260
246263
246264
246265
246266
246267
246268
246269
246307
246308
246309
246310
246311
246312
246313
246314
246315
246316
246346
246347
246348
246349
246350
246351
246352
246353
246354
246355
246382
246385
246386
246387
246388
246389
246390
246391
246403
246406
246407
246408
246409
246410
246411
246412
246413
246414
246416
246417
246422
246425
246426
246427
246428
246429
246430
246431
246432
246433
246434
246435
246436
246437
246438
246439
246450
246452
246453
246455
246458
246555
246556
246558
246559
246560
246561
246562
246563
246564
246565
246566
246568
246592
246593
246594
246595
246596
246597
246598
246599
246600
246601
246602
246603
246604
246605
246606
246607
246609
246610
246644
246647
246648
246649
246650
246651
246652
246653
246691
246692
246693
246694
246695
246696
246697
246698
246699
246700
246730
246731
246732
246733
246734
246735
246736
246737
246738
246739
246766
246769
246770
246771
246772
246773
246774
246775
246787
246790
246791
246792
246793
246794
246795
246796
246797
246798
246800
246801
246806
246809
246810
246811
246812
246813
246814
246815
246816
246817
246818
246819
246820
246821
246822
246823
246834
246836
246837
246839
246842
246939
246940
246942
246943
246944
246945
246946
246947
246948
246949
246950
246952
246976
246977
246978
246979
246980
246981
246982
246983
246984
246985
246986
246987
246988
246989
246990
246991
246993
246994
247028
247031
247032
247033
247034
247035
247036
247037
247075
247076
247077
247078
247079
247080
247081
247082
247083
247084
247114
247115
247116
247117
247118
247119
247120
247121
247122
247123
247150
247153
247154
247155
247156
247157
247158
247159
247171
247174
247175
247176
247177
247178
247179
247180
247181
247182
247184
247185
247190
247193
247194
247195
247196
247197
247198
247199
247200
247201
247202
247203
247204
247205
247206
247207
247218
247220
247221
247223
247226
247323
247324
247326
247327
247328
247329
247330
247331
247332
247333
247334
247336
247360
247361
247362
247363
247364
247365
247366
247367
247368
247369
247370
247371
247372
247373
247374
247375
247377
247378
247412
247415
247416
247417
247418
247419
247420
247421
247459
247460
247461
247462
247463
247464
247465
247466
247467
247468
247498
247499
247500
247501
247502
247503
247504
247505
247506
247507
247534
247537
247538
247539
247540
247541
247542
247543
247555
247558
247559
247560
247561
247562
247563
247564
247565
247566
247568
247569
247574
247577
247578
247579
247580
247581
247582
247583
247584
247585
247586
247587
247588
247589
247590
247591
247602
247604
247605
247607
247610
247707
247708
247710
247711
247712
247713
247714
247715
247716
247717
247718
247720
247744
247745
247746
247747
247748
247749
247750
247751
247752
247753
247754
247755
247756
247757
247758
247759
247761
247762
247796
247799
247800
247801
247802
247803
247804
247805
247843
247844
247845
247846
247847
247848
247849
247850
247851
247852
247882
247883
247884
247885
247886
247887
247888
247889
247890
247891
247918
247921
247922
247923
247924
247925
247926
247927
247939
247942
247943
247944
247945
247946
247947
247948
247949
247950
247952
247953
247958
247961
247962
247963
247964
247965
247966
247967
247968
247969
247970
247971
247972
247973
247974
247975
247986
247988
247989
247991
247994
248091
248092
248094
248095
248096
248097
248098
248099
248100
248101
248102
248104
248128
248129
248130
248131
248132
248133
248134
248135
248136
248137
248138
248139
248140
248141
248142
248143
248145
248146
248180
248183
248184
248185
248186
248187
248188
248189
248227
248228
248229
248230
248231
248232
248233
248234
248235
248236
248266
248267
248268
248269
248270
248271
248272
248273
248274
248275
248302
248305
248306
248307
248308
248309
248310
248311
248323
248326
248327
248328
248329
248330
248331
248332
248333
248334
248336
248337
248342
248345
248346
248347
248348
248349
248350
248351
248352
248353
248354
248355
248356
248357
248358
248359
248370
248372
248373
248375
248378
248475
248476
248478
248479
248480
248481
248482
248483
248484
248485
248486
248488
248512
248513
248514
248515
248516
248517
248518
248519
248520
248521
248522
248523
248524
248525
248526
248527
248529
248530
248564
248567
248568
248569
248570
248571
248572
248573
248611
248612
248613
248614
248615
248616
248617
248618
248619
248620
248650
248651
248652
248653
248654
248655
248656
248657
248658
248659
248686
248689
248690
248691
248692
248693
248694
248695
248707
248710
248711
248712
248713
248714
248715
248716
248717
248718
248720
248721
248726
248729
248730
248731
248732
248733
248734
248735
248736
248737
248738
248739
248740
248741
248742
248743
248754
248756
248757
248759
248762
248859
248860
248862
248863
248864
248865
248866
248867
248868
248869
248870
248872
248896
248897
248898
248899
248900
248901
248902
248903
248904
248905
248906
248907
248908
248909
248910
248911
248913
248914
248948
248951
248952
248953
248954
248955
248956
248957
248995
248996
248997
248998
248999
249000
249001
249002
249003
249004
249034
249035
249036
249037
249038
249039
249040
249041
249042
249043
249070
249073
249074
249075
249076
249077
249078
249079
249091
249094
249095
249096
249097
249098
249099
249100
249101
249102
249104
249105
249110
249113
249114
249115
249116
249117
249118
249119
249120
249121
249122
249123
249124
249125
249126
249127
249138
249140
249141
249143
249146
249243
249244
249246
249247
249248
249249
249250
249251
249252
249253
249254
249256
249280
249281
249282
249283
249284
249285
249286
249287
249288
249289
249290
249291
249292
249293
249294
249295
249297
249298
249332
249335
249336
249337
249338
249339
249340
249341
249379
249380
249381
249382
249383
249384
249385
249386
249387
249388
249418
249419
249420
249421
249422
249423
249424
249425
249426
249427
249454
249457
249458
249459
249460
249461
249462
249463
249475
249478
249479
249480
249481
249482
249483
249484
249485
249486
249488
249489
249494
249497
249498
249499
249500
249501
249502
249503
249504
249505
249506
249507
249508
249509
249510
249511
249522
249524
249525
249527
249530
249627
249628
249630
249631
249632
249633
249634
249635
249636
249637
249638
249640
249664
249665
249666
249667
249668
249669
249670
249671
249672
249673
249674
249675
249676
249677
249678
249679
249681
249682
249716
249719
249720
249721
249722
249723
249724
249725
249763
249764
249765
249766
249767
249768
249769
249770
249771
249772
249802
249803
249804
249805
249806
249807
249808
249809
249810
249811
249838
249841
249842
249843
249844
249845
249846
249847
249859
249862
249863
249864
249865
249866
249867
249868
249869
249870
249872
249873
249878
249881
249882
249883
249884
249885
249886
249887
249888
249889
249890
249891
249892
249893
249894
249895
249906
249908
249909
249911
249914
250011
250012
250014
250015
250016
250017
250018
250019
250020
250021
250022
250024
250048
250049
250050
250051
250052
250053
250054
250055
250056
250057
250058
250059
250060
250061
250062
250063
250065
250066
250100
250103
250104
250105
250106
250107
250108
250109
250147
250148
250149
250150
250151
250152
250153
250154
250155
250156
250186
250187
250188
250189
250190
250191
250192
250193
250194
250195
250222
250225
250226
250227
250228
250229
250230
250231
250243
250246
250247
250248
250249
250250
250251
250252
250253
250254
250256
250257
250262
250265
250266
250267
250268
250269
250270
250271
250272
250273
250274
250275
250276
250277
250278
250279
250290
250292
250293
250295
250298
250395
250396
250398
250399
250400
250401
250402
250403
250404
250405
250406
250408
250432
250433
250434
250435
250436
250437
250438
250439
250440
250441
250442
250443
250444
250445
250446
250447
250449
250450
250484
250487
250488
250489
250490
250491
250492
250493
250531
250532
250533
250534
250535
250536
250537
250538
250539
250540
250570
250571
250572
250573
250574
250575
250576
250577
250578
250579
250606
250609
250610
250611
250612
250613
250614
250615
250627
250630
250631
250632
250633
250634
250635
250636
250637
250638
250640
250641
250646
250649
250650
250651
250652
250653
250654
250655
250656
250657
250658
250659
250660
250661
250662
250663
250674
250676
250677
250679
250682
250779
250780
250782
250783
250784
250785
250786
250787
250788
250789
250790
250792
250816
250817
250818
250819
250820
250821
250822
250823
250824
250825
250826
250827
250828
250829
250830
250831
250833
250834
250868
250871
250872
250873
250874
250875
250876
250877
250915
250916
250917
250918
250919
250920
250921
250922
250923
250924
250954
250955
250956
250957
250958
250959
250960
250961
250962
250963
250990
250993
250994
250995
250996
250997
250998
250999
251011
251014
251015
251016
251017
251018
251019
251020
251021
251022
251024
251025
251030
251033
251034
251035
251036
251037
251038
251039
251040
251041
251042
251043
251044
251045
251046
251047
251058
251060
251061
251063
251066
251163
251164
251166
251167
251168
251169
251170
251171
251172
251173
251174
251176
251200
251201
251202
251203
251204
251205
251206
251207
251208
251209
251210
251211
251212
251213
251214
251215
251217
251218
251252
251255
251256
251257
251258
251259
251260
251261
251299
251300
251301
251302
251303
251304
251305
251306
251307
251308
251338
251339
251340
251341
251342
251343
251344
251345
251346
251347
251374
251377
251378
251379
251380
251381
251382
251383
251395
251398
251399
251400
251401
251402
251403
251404
251405
251406
251408
251409
251414
251417
251418
251419
251420
251421
251422
251423
251424
251425
251426
251427
251428
251429
251430
251431
251442
251444
251445
251447
251450
251547
251548
251550
251551
251552
251553
251554
251555
251556
251557
251558
251560
251584
251585
251586
251587
251588
251589
251590
251591
251592
251593
251594
251595
251596
251597
251598
251599
251601
251602
251636
251639
251640
251641
251642
251643
251644
251645
251683
251684
251685
251686
251687
251688
251689
251690
251691
251692
251722
251723
251724
251725
251726
251727
251728
251729
251730
251731
251758
251761
251762
251763
251764
251765
251766
251767
251779
251782
251783
251784
251785
251786
251787
251788
251789
251790
251792
251793
251798
251801
251802
251803
251804
251805
251806
251807
251808
251809
251810
251811
251812
251813
251814
251815
251826
251828
251829
251831
251834
251931
251932
251934
251935
251936
251937
251938
251939
251940
251941
251942
251944
251968
251969
251970
251971
251972
251973
251974
251975
251976
251977
251978
251979
251980
251981
251982
251983
251985
251986
252020
252023
252024
252025
252026
252027
252028
252029
252067
252068
252069
252070
252071
252072
252073
252074
252075
252076
252106
252107
252108
252109
252110
252111
252112
252113
252114
252115
252142
252145
252146
252147
252148
252149
252150
252151
252163
252166
252167
252168
252169
252170
252171
252172
252173
252174
252176
252177
252182
252185
252186
252187
252188
252189
252190
252191
252192
252193
252194
252195
252196
252197
252198
252199
252210
252212
252213
252215
252218
252315
252316
252318
252319
252320
252321
252322
252323
252324
252325
252326
252328
252352
252353
252354
252355
252356
252357
252358
252359
252360
252361
252362
252363
252364
252365
252366
252367
252369
252370
252404
252407
252408
252409
252410
252411
252412
252413
252451
252452
252453
252454
252455
252456
252457
252458
252459
252460
252490
252491
252492
252493
252494
252495
252496
252497
252498
252499
252526
252529
252530
252531
252532
252533
252534
252535
252547
252550
252551
252552
252553
252554
252555
252556
252557
252558
252560
252561
252566
252569
252570
252571
252572
252573
252574
252575
252576
252577
252578
252579
252580
252581
252582
252583
252594
252596
252597
252599
252602
252699
252700
252702
252703
252704
252705
252706
252707
252708
252709
252710
252712
252736
252737
252738
252739
252740
252741
252742
252743
252744
252745
252746
252747
252748
252749
252750
252751
252753
252754
252788
252791
252792
252793
252794
252795
252796
252797
252835
252836
252837
252838
252839
252840
252841
252842
252843
252844
252874
252875
252876
252877
252878
252879
252880
252881
252882
252883
252910
252913
252914
252915
252916
252917
252918
252919
252931
252934
252935
252936
252937
252938
252939
252940
252941
252942
252944
252945
252950
252953
252954
252955
252956
252957
252958
252959
252960
252961
252962
252963
252964
252965
252966
252967
252978
252980
252981
252983
252986
253083
253084
253086
253087
253088
253089
253090
253091
253092
253093
253094
253096
253120
253121
253122
253123
253124
253125
253126
253127
253128
253129
253130
253131
253132
253133
253134
253135
253137
253138
253172
253175
253176
253177
253178
253179
253180
253181
253219
253220
253221
253222
253223
253224
253225
253226
253227
253228
253258
253259
253260
253261
253262
253263
253264
253265
253266
253267
253294
253297
253298
253299
253300
253301
253302
253303
253315
253318
253319
253320
253321
253322
253323
253324
253325
253326
253328
253329
253334
253337
253338
253339
253340
253341
253342
253343
253344
253345
253346
253347
253348
253349
253350
253351
253362
253364
253365
253367
253370
253467
253468
253470
253471
253472
253473
253474
253475
253476
253477
253478
253480
253504
253505
253506
253507
253508
253509
253510
253511
253512
253513
253514
253515
253516
253517
253518
253519
253521
253522
253556
253559
253560
253561
253562
253563
253564
253565
253603
253604
253605
253606
253607
253608
253609
253610
253611
253612
253642
253643
253644
253645
253646
253647
253648
253649
253650
253651
253678
253681
253682
253683
253684
253685
253686
253687
253699
253702
253703
253704
253705
253706
253707
253708
253709
253710
253712
253713
253718
253721
253722
253723
253724
253725
253726
253727
253728
253729
253730
253731
253732
253733
253734
253735
253746
253748
253749
253751
253754
253851
253852
253854
253855
253856
253857
253858
253859
253860
253861
253862
253864
253888
253889
253890
253891
253892
253893
253894
253895
253896
253897
253898
253899
253900
253901
253902
253903
253905
253906
253940
253943
253944
253945
253946
253947
253948
253949
253987
253988
253989
253990
253991
253992
253993
253994
253995
253996
254026
254027
254028
254029
254030
254031
254032
254033
254034
254035
254062
254065
254066
254067
254068
254069
254070
254071
254083
254086
254087
254088
254089
254090
254091
254092
254093
254094
254096
254097
254102
254105
254106
254107
254108
254109
254110
254111
254112
254113
254114
254115
254116
254117
254118
254119
254130
254132
254133
254135
254138
254235
254236
254238
254239
254240
254241
254242
254243
254244
254245
254246
254248
254272
254273
254274
254275
254276
254277
254278
254279
254280
254281
254282
254283
254284
254285
254286
254287
254289
254290
254324
254327
254328
254329
254330
254331
254332
254333
254371
254372
254373
254374
254375
254376
254377
254378
254379
254380
254410
254411
254412
254413
254414
254415
254416
254417
254418
254419
254446
254449
254450
254451
254452
254453
254454
254455
254467
254470
254471
254472
254473
254474
254475
254476
254477
254478
254480
254481
254486
254489
254490
254491
254492
254493
254494
254495
254496
254497
254498
254499
254500
254501
254502
254503
254514
254516
254517
254519
254522
254619
254620
254622
254623
254624
254625
254626
254627
254628
254629
254630
254632
254656
254657
254658
254659
254660
254661
254662
254663
254664
254665
254666
254667
254668
254669
254670
254671
254673
254674
254708
254711
254712
254713
254714
254715
254716
254717
254755
254756
254757
254758
254759
254760
254761
254762
254763
254764
254794
254795
254796
254797
254798
254799
254800
254801
254802
254803
254830
254833
254834
254835
254836
254837
254838
254839
254851
254854
254855
254856
254857
254858
254859
254860
254861
254862
254864
254865
254870
254873
254874
254875
254876
254877
254878
254879
254880
254881
254882
254883
254884
254885
254886
254887
254898
254900
254901
254903
254906
255003
255004
255006
255007
255008
255009
255010
255011
255012
255013
255014
255016
255040
255041
255042
255043
255044
255045
255046
255047
255048
255049
255050
255051
255052
255053
255054
255055
255057
255058
255092
255095
255096
255097
255098
255099
255100
255101
255139
255140
255141
255142
255143
255144
255145
255146
255147
255148
255178
255179
255180
255181
255182
255183
255184
255185
255186
255187
255214
255217
255218
255219
255220
255221
255222
255223
255235
255238
255239
255240
255241
255242
255243
255244
255245
255246
255248
255249
255254
255257
255258
255259
255260
255261
255262
255263
255264
255265
255266
255267
255268
255269
255270
255271
255282
255284
255285
255287
255290
255387
255388
255390
255391
255392
255393
255394
255395
255396
255397
255398
255400
255424
255425
255426
255427
255428
255429
255430
255431
255432
255433
255434
255435
255436
255437
255438
255439
255441
255442
255476
255479
255480
255481
255482
255483
255484
255485
255523
255524
255525
255526
255527
255528
255529
255530
255531
255532
255562
255563
255564
255565
255566
255567
255568
255569
255570
255571
255598
255601
255602
255603
255604
255605
255606
255607
255619
255622
255623
255624
255625
255626
255627
255628
255629
255630
255632
255633
255638
255641
255642
255643
255644
255645
255646
255647
255648
255649
255650
255651
255652
255653
255654
255655
255666
255668
255669
255671
255674
255771
255772
255774
255775
255776
255777
255778
255779
255780
255781
255782
255784
255808
255809
255810
255811
255812
255813
255814
255815
255816
255817
255818
255819
255820
255821
255822
255823
255825
255826
255860
255863
255864
255865
255866
255867
255868
255869
255907
255908
255909
255910
255911
255912
255913
255914
255915
255916
255946
255947
255948
255949
255950
255951
255952
255953
255954
255955
255982
255985
255986
255987
255988
255989
255990
255991
256003
256006
256007
256008
256009
256010
256011
256012
256013
256014
256016
256017
256022
256025
256026
256027
256028
256029
256030
256031
256032
256033
256034
256035
256036
256037
256038
256039
256050
256052
256053
256055
256058
256155
256156
256158
256159
256160
256161
256162
256163
256164
256165
256166
256168
256192
256193
256194
256195
256196
256197
256198
256199
256200
256201
256202
256203
256204
256205
256206
256207
256209
256210
256244
256247
256248
256249
256250
256251
256252
256253
256291
256292
256293
256294
256295
256296
256297
256298
256299
256300
256330
256331
256332
256333
256334
256335
256336
256337
256338
256339
256366
256369
256370
256371
256372
256373
256374
256375
256387
256390
256391
256392
256393
256394
256395
256396
256397
256398
256400
256401
256406
256409
256410
256411
256412
256413
256414
256415
256416
256417
256418
256419
256420
256421
256422
256423
256434
256436
256437
256439
256442
256539
256540
256542
256543
256544
256545
256546
256547
256548
256549
256550
256552
256576
256577
256578
256579
256580
256581
256582
256583
256584
256585
256586
256587
256588
256589
256590
256591
256593
256594
256628
256631
256632
256633
256634
256635
256636
256637
256675
256676
256677
256678
256679
256680
256681
256682
256683
256684
256714
256715
256716
256717
256718
256719
256720
256721
256722
256723
256750
256753
256754
256755
256756
256757
256758
256759
256771
256774
256775
256776
256777
256778
256779
256780
256781
256782
256784
256785
256790
256793
256794
256795
256796
256797
256798
256799
256800
256801
256802
256803
256804
256805
256806
256807
256818
256820
256821
256823
256826
256923
256924
256926
256927
256928
256929
256930
256931
256932
256933
256934
256936
256960
256961
256962
256963
256964
256965
256966
256967
256968
256969
256970
256971
256972
256973
256974
256975
256977
256978
257012
257015
257016
257017
257018
257019
257020
257021
257059
257060
257061
257062
257063
257064
257065
257066
257067
257068
257098
257099
257100
257101
257102
257103
257104
257105
257106
257107
257134
257137
257138
257139
257140
257141
257142
257143
257155
257158
257159
257160
257161
257162
257163
257164
257165
257166
257168
257169
257174
257177
257178
257179
257180
257181
257182
257183
257184
257185
257186
257187
257188
257189
257190
257191
257202
257204
257205
257207
257210
257307
257308
257310
257311
257312
257313
257314
257315
257316
257317
257318
257320
257344
257345
257346
257347
257348
257349
257350
257351
257352
257353
257354
257355
257356
257357
257358
257359
257361
257362
257396
257399
257400
257401
257402
257403
257404
257405
257443
257444
257445
257446
257447
257448
257449
257450
257451
257452
257482
257483
257484
257485
257486
257487
257488
257489
257490
257491
257518
257521
257522
257523
257524
257525
257526
257527
257539
257542
257543
257544
257545
257546
257547
257548
257549
257550
257552
257553
257558
257561
257562
257563
257564
257565
257566
257567
257568
257569
257570
257571
257572
257573
257574
257575
257586
257588
257589
257591
257594
257691
257692
257694
257695
257696
257697
257698
257699
257700
257701
257702
257704
257728
257729
257730
257731
257732
257733
257734
257735
257736
257737
257738
257739
257740
257741
257742
257743
257745
257746
257780
257783
257784
257785
257786
257787
257788
257789
257827
257828
257829
257830
257831
257832
257833
257834
257835
257836
257866
257867
257868
257869
257870
257871
257872
257873
257874
257875
257902
257905
257906
257907
257908
257909
257910
257911
257923
257926
257927
257928
257929
257930
257931
257932
257933
257934
257936
257937
257942
257945
257946
257947
257948
257949
257950
257951
257952
257953
257954
257955
257956
257957
257958
257959
257970
257972
257973
257975
257978
258075
258076
258078
258079
258080
258081
258082
258083
258084
258085
258086
258088
258112
258113
258114
258115
258116
258117
258118
258119
258120
258121
258122
258123
258124
258125
258126
258127
258129
258130
258164
258167
258168
258169
258170
258171
258172
258173
258211
258212
258213
258214
258215
258216
258217
258218
258219
258220
258250
258251
258252
258253
258254
258255
258256
258257
258258
258259
258286
258289
258290
258291
258292
258293
258294
258295
258307
258310
258311
258312
258313
258314
258315
258316
258317
258318
258320
258321
258326
258329
258330
258331
258332
258333
258334
258335
258336
258337
258338
258339
258340
258341
258342
258343
258354
258356
258357
258359
258362
258459
258460
258462
258463
258464
258465
258466
258467
258468
258469
258470
258472
258496
258497
258498
258499
258500
258501
258502
258503
258504
258505
258506
258507
258508
258509
258510
258511
258513
258514
258548
258551
258552
258553
258554
258555
258556
258557
258595
258596
258597
258598
258599
258600
258601
258602
258603
258604
258634
258635
258636
258637
258638
258639
258640
258641
258642
258643
258670
258673
258674
258675
258676
258677
258678
258679
258691
258694
258695
258696
258697
258698
258699
258700
258701
258702
258704
258705
258710
258713
258714
258715
258716
258717
258718
258719
258720
258721
258722
258723
258724
258725
258726
258727
258738
258740
258741
258743
258746
258843
258844
258846
258847
258848
258849
258850
258851
258852
258853
258854
258856
258880
258881
258882
258883
258884
258885
258886
258887
258888
258889
258890
258891
258892
258893
258894
258895
258897
258898
258932
258935
258936
258937
258938
258939
258940
258941
258979
258980
258981
258982
258983
258984
258985
258986
258987
258988
259018
259019
259020
259021
259022
259023
259024
259025
259026
259027
259054
259057
259058
259059
259060
259061
259062
259063
259075
259078
259079
259080
259081
259082
259083
259084
259085
259086
259088
259089
259094
259097
259098
259099
259100
259101
259102
259103
259104
259105
259106
259107
259108
259109
259110
259111
259122
259124
259125
259127
259130
259227
259228
259230
259231
259232
259233
259234
259235
259236
259237
259238
259240
259264
259265
259266
259267
259268
259269
259270
259271
259272
259273
259274
259275
259276
259277
259278
259279
259281
259282
259316
259319
259320
259321
259322
259323
259324
259325
259363
259364
259365
259366
259367
259368
259369
259370
259371
259372
259402
259403
259404
259405
259406
259407
259408
259409
259410
259411
259438
259441
259442
259443
259444
259445
259446
259447
259459
259462
259463
259464
259465
259466
259467
259468
259469
259470
259472
259473
259478
259481
259482
259483
259484
259485
259486
259487
259488
259489
259490
259491
259492
259493
259494
259495
259506
259508
259509
259511
259514
259611
259612
259614
259615
259616
259617
259618
259619
259620
259621
259622
259624
259648
259649
259650
259651
259652
259653
259654
259655
259656
259657
259658
259659
259660
259661
259662
259663
259665
259666
259700
259703
259704
259705
259706
259707
259708
259709
259747
259748
259749
259750
259751
259752
259753
259754
259755
259756
259786
259787
259788
259789
259790
259791
259792
259793
259794
259795
259822
259825
259826
259827
259828
259829
259830
259831
259843
259846
259847
259848
259849
259850
259851
259852
259853
259854
259856
259857
259862
259865
259866
259867
259868
259869
259870
259871
259872
259873
259874
259875
259876
259877
259878
259879
259890
259892
259893
259895
259898
259995
259996
259998
259999
260000
260001
260002
260003
260004
260005
260006
260008
260032
260033
260034
260035
260036
260037
260038
260039
260040
260041
260042
260043
260044
260045
260046
260047
260049
260050
260084
260087
260088
260089
260090
260091
260092
260093
260131
260132
260133
260134
260135
260136
260137
260138
260139
260140
260170
260171
260172
260173
260174
260175
260176
260177
260178
260179
260206
260209
260210
260211
260212
260213
260214
260215
260227
260230
260231
260232
260233
260234
260235
260236
260237
260238
260240
260241
260246
260249
260250
260251
260252
260253
260254
260255
260256
260257
260258
260259
260260
260261
260262
260263
260274
260276
260277
260279
260282
260379
260380
260382
260383
260384
260385
260386
260387
260388
260389
260390
260392
260416
260417
260418
260419
260420
260421
260422
260423
260424
260425
260426
260427
260428
260429
260430
260431
260433
260434
260468
260471
260472
260473
260474
260475
260476
260477
260515
260516
260517
260518
260519
260520
260521
260522
260523
260524
260554
260555
260556
260557
260558
260559
260560
260561
260562
260563
260590
260593
260594
260595
260596
260597
260598
260599
260611
260614
260615
260616
260617
260618
260619
260620
260621
260622
260624
260625
260630
260633
260634
260635
260636
260637
260638
260639
260640
260641
260642
260643
260644
260645
260646
260647
260658
260660
260661
260663
260666
260763
260764
260766
260767
260768
260769
260770
260771
260772
260773
260774
260776
260800
260801
260802
260803
260804
260805
260806
260807
260808
260809
260810
260811
260812
260813
260814
260815
260817
260818
260852
260855
260856
260857
260858
260859
260860
260861
260899
260900
260901
260902
260903
260904
260905
260906
260907
260908
260938
260939
260940
260941
260942
260943
260944
260945
260946
260947
260974
260977
260978
260979
260980
260981
260982
260983
260995
260998
260999
261000
261001
261002
261003
261004
261005
261006
261008
261009
261014
261017
261018
261019
261020
261021
261022
261023
261024
261025
261026
261027
261028
261029
261030
261031
261042
261044
261045
261047
261050
261147
261148
261150
261151
261152
261153
261154
261155
261156
261157
261158
261160
261184
261185
261186
261187
261188
261189
261190
261191
261192
261193
261194
261195
261196
261197
261198
261199
261201
261202
261236
261239
261240
261241
261242
261243
261244
261245
261283
261284
261285
261286
261287
261288
261289
261290
261291
261292
261322
261323
261324
261325
261326
261327
261328
261329
261330
261331
261358
261361
261362
261363
261364
261365
261366
261367
261379
261382
261383
261384
261385
261386
261387
261388
261389
261390
261392
261393
261398
261401
261402
261403
261404
261405
261406
261407
261408
261409
261410
261411
261412
261413
261414
261415
261426
261428
261429
261431
261434
261531
261532
261534
261535
261536
261537
261538
261539
261540
261541
261542
261544
261568
261569
261570
261571
261572
261573
261574
261575
261576
261577
261578
261579
261580
261581
261582
261583
261585
261586
261620
261623
261624
261625
261626
261627
261628
261629
261667
261668
261669
261670
261671
261672
261673
261674
261675
261676
261706
261707
261708
261709
261710
261711
261712
261713
261714
261715
261742
261745
261746
261747
261748
261749
261750
261751
261763
261766
261767
261768
261769
261770
261771
261772
261773
261774
261776
261777
261782
261785
261786
261787
261788
261789
261790
261791
261792
261793
261794
261795
261796
261797
261798
261799
261810
261812
261813
261815
261818
261915
261916
261918
261919
261920
261921
261922
261923
261924
261925
261926
261928
261952
261953
261954
261955
261956
261957
261958
261959
261960
261961
261962
261963
261964
261965
261966
261967
261969
261970
262004
262007
262008
262009
262010
262011
262012
262013
262051
262052
262053
262054
262055
262056
262057
262058
262059
262060
262090
262091
262092
262093
262094
262095
262096
262097
262098
262099
262126
262129
262130
262131
262132
262133
262134
262135
262147
262150
262151
262152
262153
262154
262155
262156
262157
262158
262160
262161
262166
262169
262170
262171
262172
262173
262174
262175
262176
262177
262178
262179
262180
262181
262182
262183
262194
262196
262197
262199
262202
262299
262300
262302
262303
262304
262305
262306
262307
262308
262309
262310
262312
262336
262337
262338
262339
262340
262341
262342
262343
262344
262345
262346
262347
262348
262349
262350
262351
262353
262354
262388
262391
262392
262393
262394
262395
262396
262397
262435
262436
262437
262438
262439
262440
262441
262442
262443
262444
262474
262475
262476
262477
262478
262479
262480
262481
262482
262483
262510
262513
262514
262515
262516
262517
262518
262519
262531
262534
262535
262536
262537
262538
262539
262540
262541
262542
262544
262545
262550
262553
262554
262555
262556
262557
262558
262559
262560
262561
262562
262563
262564
262565
262566
262567
262578
262580
262581
262583
262586
262683
262684
262686
262687
262688
262689
262690
262691
262692
262693
262694
262696
262720
262721
262722
262723
262724
262725
262726
262727
262728
262729
262730
262731
262732
262733
262734
262735
262737
262738
262772
262775
262776
262777
262778
262779
262780
262781
262819
262820
262821
262822
262823
262824
262825
262826
262827
262828
262858
262859
262860
262861
262862
262863
262864
262865
262866
262867
262894
262897
262898
262899
262900
262901
262902
262903
262915
262918
262919
262920
262921
262922
262923
262924
262925
262926
262928
262929
262934
262937
262938
262939
262940
262941
262942
262943
262944
262945
262946
262947
262948
262949
262950
262951
262962
262964
262965
262967
262970
263067
263068
263070
263071
263072
263073
263074
263075
263076
263077
263078
263080
263104
263105
263106
263107
263108
263109
263110
263111
263112
263113
263114
263115
263116
263117
263118
263119
263121
263122
263156
263159
263160
263161
263162
263163
263164
263165
263203
263204
263205
263206
263207
263208
263209
263210
263211
263212
263242
263243
263244
263245
263246
263247
263248
263249
263250
263251
263278
263281
263282
263283
263284
263285
263286
263287
263299
263302
263303
263304
263305
263306
263307
263308
263309
263310
263312
263313
263318
263321
263322
263323
263324
263325
263326
263327
263328
263329
263330
263331
263332
263333
263334
263335
263346
263348
263349
263351
263354
263451
263452
263454
263455
263456
263457
263458
263459
263460
263461
263462
263464
263488
263489
263490
263491
263492
263493
263494
263495
263496
263497
263498
263499
263500
263501
263502
263503
263505
263506
263540
263543
263544
263545
263546
263547
263548
263549
263587
263588
263589
263590
263591
263592
263593
263594
263595
263596
263626
263627
263628
263629
263630
263631
263632
263633
263634
263635
263662
263665
263666
263667
263668
263669
263670
263671
263683
263686
263687
263688
263689
263690
263691
263692
263693
263694
263696
263697
263702
263705
263706
263707
263708
263709
263710
263711
263712
263713
263714
263715
263716
263717
263718
263719
263730
263732
263733
263735
263738
263835
263836
263838
263839
263840
263841
263842
263843
263844
263845
263846
263848
263872
263873
263874
263875
263876
263877
263878
263879
263880
263881
263882
263883
263884
263885
263886
263887
263889
263890
263924
263927
263928
263929
263930
263931
263932
263933
263971
263972
263973
263974
263975
263976
263977
263978
263979
263980
264010
264011
264012
264013
264014
264015
264016
264017
264018
264019
264046
264049
264050
264051
264052
264053
264054
264055
264067
264070
264071
264072
264073
264074
264075
264076
264077
264078
264080
264081
264086
264089
264090
264091
264092
264093
264094
264095
264096
264097
264098
264099
264100
264101
264102
264103
264114
264116
264117
264119
264122
264219
264220
264222
264223
264224
264225
264226
264227
264228
264229
264230
264232
264256
264257
264258
264259
264260
264261
264262
264263
264264
264265
264266
264267
264268
264269
264270
264271
264273
264274
264308
264311
264312
264313
264314
264315
264316
264317
264355
264356
264357
264358
264359
264360
264361
264362
264363
264364
264394
264395
264396
264397
264398
264399
264400
264401
264402
264403
264430
264433
264434
264435
264436
264437
264438
264439
264451
264454
264455
264456
264457
264458
264459
264460
264461
264462
264464
264465
264470
264473
264474
264475
264476
264477
264478
264479
264480
264481
264482
264483
264484
264485
264486
264487
264498
264500
264501
264503
264506
264603
264604
264606
264607
264608
264609
264610
264611
264612
264613
264614
264616
264640
264641
264642
264643
264644
264645
264646
264647
264648
264649
264650
264651
264652
264653
264654
264655
264657
264658
264692
264695
264696
264697
264698
264699
264700
264701
264739
264740
264741
264742
264743
264744
264745
264746
264747
264748
264778
264779
264780
264781
264782
264783
264784
264785
264786
264787
264814
264817
264818
264819
264820
264821
264822
264823
264835
264838
264839
264840
264841
264842
264843
264844
264845
264846
264848
264849
264854
264857
264858
264859
264860
264861
264862
264863
264864
264865
264866
264867
264868
264869
264870
264871
264882
264884
264885
264887
264890
264987
264988
264990
264991
264992
264993
264994
264995
264996
264997
264998
265000
265024
265025
265026
265027
265028
265029
265030
265031
265032
265033
265034
265035
265036
265037
265038
265039
265041
265042
265076
265079
265080
265081
265082
265083
265084
265085
265123
265124
265125
265126
265127
265128
265129
265130
265131
265132
265162
265163
265164
265165
265166
265167
265168
265169
265170
265171
265198
265201
265202
265203
265204
265205
265206
265207
265219
265222
265223
265224
265225
265226
265227
265228
265229
265230
265232
265233
265238
265241
265242
265243
265244
265245
265246
265247
265248
265249
265250
265251
265252
265253
265254
265255
265266
265268
265269
265271
265274
265371
265372
265374
265375
265376
265377
265378
265379
265380
265381
265382
265384
265408
265409
265410
265411
265412
265413
265414
265415
265416
265417
265418
265419
265420
265421
265422
265423
265425
265426
265460
265463
265464
265465
265466
265467
265468
265469
265507
265508
265509
265510
265511
265512
265513
265514
265515
265516
265546
265547
265548
265549
265550
265551
265552
265553
265554
265555
265582
265585
265586
265587
265588
265589
265590
265591
265603
265606
265607
265608
265609
265610
265611
265612
265613
265614
265616
265617
265622
265625
265626
265627
265628
265629
265630
265631
265632
265633
265634
265635
265636
265637
265638
265639
265650
265652
265653
265655
265658
265755
265756
265758
265759
265760
265761
265762
265763
265764
265765
265766
265768
265792
265793
265794
265795
265796
265797
265798
265799
265800
265801
265802
265803
265804
265805
265806
265807
265809
265810
265844
265847
265848
265849
265850
265851
265852
265853
265891
265892
265893
265894
265895
265896
265897
265898
265899
265900
265930
265931
265932
265933
265934
265935
265936
265937
265938
265939
265966
265969
265970
265971
265972
265973
265974
265975
265987
265990
265991
265992
265993
265994
265995
265996
265997
265998
266000
266001
266006
266009
266010
266011
266012
266013
266014
266015
266016
266017
266018
266019
266020
266021
266022
266023
266034
266036
266037
266039
266042
266139
266140
266142
266143
266144
266145
266146
266147
266148
266149
266150
266152
266176
266177
266178
266179
266180
266181
266182
266183
266184
266185
266186
266187
266188
266189
266190
266191
266193
266194
266228
266231
266232
266233
266234
266235
266236
266237
266275
266276
266277
266278
266279
266280
266281
266282
266283
266284
266314
266315
266316
266317
266318
266319
266320
266321
266322
266323
266350
266353
266354
266355
266356
266357
266358
266359
266371
266374
266375
266376
266377
266378
266379
266380
266381
266382
266384
266385
266390
266393
266394
266395
266396
266397
266398
266399
266400
266401
266402
266403
266404
266405
266406
266407
266418
266420
266421
266423
266426
266523
266524
266526
266527
266528
266529
266530
266531
266532
266533
266534
266536
266560
266561
266562
266563
266564
266565
266566
266567
266568
266569
266570
266571
266572
266573
266574
266575
266577
266578
266612
266615
266616
266617
266618
266619
266620
266621
266659
266660
266661
266662
266663
266664
266665
266666
266667
266668
266698
266699
266700
266701
266702
266703
266704
266705
266706
266707
266734
266737
266738
266739
266740
266741
266742
266743
266755
266758
266759
266760
266761
266762
266763
266764
266765
266766
266768
266769
266774
266777
266778
266779
266780
266781
266782
266783
266784
266785
266786
266787
266788
266789
266790
266791
266802
266804
266805
266807
266810
266907
266908
266910
266911
266912
266913
266914
266915
266916
266917
266918
266920
266944
266945
266946
266947
266948
266949
266950
266951
266952
266953
266954
266955
266956
266957
266958
266959
266961
266962
266996
266999
267000
267001
267002
267003
267004
267005
267043
267044
267045
267046
267047
267048
267049
267050
267051
267052
267082
267083
267084
267085
267086
267087
267088
267089
267090
267091
267118
267121
267122
267123
267124
267125
267126
267127
267139
267142
267143
267144
267145
267146
267147
267148
267149
267150
267152
267153
267158
267161
267162
267163
267164
267165
267166
267167
267168
267169
267170
267171
267172
267173
267174
267175
267186
267188
267189
267191
267194
267291
267292
267294
267295
267296
267297
267298
267299
267300
267301
267302
267304
267328
267329
267330
267331
267332
267333
267334
267335
267336
267337
267338
267339
267340
267341
267342
267343
267345
267346
267380
267383
267384
267385
267386
267387
267388
267389
267427
267428
267429
267430
267431
267432
267433
267434
267435
267436
267466
267467
267468
267469
267470
267471
267472
267473
267474
267475
267502
267505
267506
267507
267508
267509
267510
267511
267523
267526
267527
267528
267529
267530
267531
267532
267533
267534
267536
267537
267542
267545
267546
267547
267548
267549
267550
267551
267552
267553
267554
267555
267556
267557
267558
267559
267570
267572
267573
267575
267578
267675
267676
267678
267679
267680
267681
267682
267683
267684
267685
267686
267688
267712
267713
267714
267715
267716
267717
267718
267719
267720
267721
267722
267723
267724
267725
267726
267727
267729
267730
267764
267767
267768
267769
267770
267771
267772
267773
267811
267812
267813
267814
267815
267816
267817
267818
267819
267820
267850
267851
267852
267853
267854
267855
267856
267857
267858
267859
267886
267889
267890
267891
267892
267893
267894
267895
267907
267910
267911
267912
267913
267914
267915
267916
267917
267918
267920
267921
267926
267929
267930
267931
267932
267933
267934
267935
267936
267937
267938
267939
267940
267941
267942
267943
267954
267956
267957
267959
267962
268059
268060
268062
268063
268064
268065
268066
268067
268068
268069
268070
268072
268096
268097
268098
268099
268100
268101
268102
268103
268104
268105
268106
268107
268108
268109
268110
268111
268113
268114
268148
268151
268152
268153
268154
268155
268156
268157
268195
268196
268197
268198
268199
268200
268201
268202
268203
268204
268234
268235
268236
268237
268238
268239
268240
268241
268242
268243
268270
268273
268274
268275
268276
268277
268278
268279
268291
268294
268295
268296
268297
268298
268299
268300
268301
268302
268304
268305
268310
268313
268314
268315
268316
268317
268318
268319
268320
268321
268322
268323
268324
268325
268326
268327
268338
268340
268341
268343
268346
268443
268444
268446
268447
268448
268449
268450
268451
268452
268453
268454
268456
268480
268481
268482
268483
268484
268485
268486
268487
268488
268489
268490
268491
268492
268493
268494
268495
268497
268498
268532
268535
268536
268537
268538
268539
268540
268541
268579
268580
268581
268582
268583
268584
268585
268586
268587
268588
268618
268619
268620
268621
268622
268623
268624
268625
268626
268627
268654
268657
268658
268659
268660
268661
268662
268663
268675
268678
268679
268680
268681
268682
268683
268684
268685
268686
268688
268689
268694
268697
268698
268699
268700
268701
268702
268703
268704
268705
268706
268707
268708
268709
268710
268711
268722
268724
268725
268727
268730
268827
268828
268830
268831
268832
268833
268834
268835
268836
268837
268838
268840
268864
268865
268866
268867
268868
268869
268870
268871
268872
268873
268874
268875
268876
268877
268878
268879
268881
268882
268916
268919
268920
268921
268922
268923
268924
268925
268963
268964
268965
268966
268967
268968
268969
268970
268971
268972
269002
269003
269004
269005
269006
269007
269008
269009
269010
269011
269038
269041
269042
269043
269044
269045
269046
269047
269059
269062
269063
269064
269065
269066
269067
269068
269069
269070
269072
269073
269078
269081
269082
269083
269084
269085
269086
269087
269088
269089
269090
269091
269092
269093
269094
269095
269106
269108
269109
269111
269114
269211
269212
269214
269215
269216
269217
269218
269219
269220
269221
269222
269224
269248
269249
269250
269251
269252
269253
269254
269255
269256
269257
269258
269259
269260
269261
269262
269263
269265
269266
269300
269303
269304
269305
269306
269307
269308
269309
269347
269348
269349
269350
269351
269352
269353
269354
269355
269356
269386
269387
269388
269389
269390
269391
269392
269393
269394
269395
269422
269425
269426
269427
269428
269429
269430
269431
269443
269446
269447
269448
269449
269450
269451
269452
269453
269454
269456
269457
269462
269465
269466
269467
269468
269469
269470
269471
269472
269473
269474
269475
269476
269477
269478
269479
269490
269492
269493
269495
269498
269595
269596
269598
269599
269600
269601
269602
269603
269604
269605
269606
269608
269632
269633
269634
269635
269636
269637
269638
269639
269640
269641
269642
269643
269644
269645
269646
269647
269649
269650
269684
269687
269688
269689
269690
269691
269692
269693
269731
269732
269733
269734
269735
269736
269737
269738
269739
269740
269770
269771
269772
269773
269774
269775
269776
269777
269778
269779
269806
269809
269810
269811
269812
269813
269814
269815
269827
269830
269831
269832
269833
269834
269835
269836
269837
269838
269840
269841
269846
269849
269850
269851
269852
269853
269854
269855
269856
269857
269858
269859
269860
269861
269862
269863
269874
269876
269877
269879
269882
269979
269980
269982
269983
269984
269985
269986
269987
269988
269989
269990
269992
270016
270017
270018
270019
270020
270021
270022
270023
270024
270025
270026
270027
270028
270029
270030
270031
270033
270034
270068
270071
270072
270073
270074
270075
270076
270077
270115
270116
270117
270118
270119
270120
270121
270122
270123
270124
270154
270155
270156
270157
270158
270159
270160
270161
270162
270163
270190
270193
270194
270195
270196
270197
270198
270199
270211
270214
270215
270216
270217
270218
270219
270220
270221
270222
270224
270225
270230
270233
270234
270235
270236
270237
270238
270239
270240
270241
270242
270243
270244
270245
270246
270247
270258
270260
270261
270263
270266
270363
270364
270366
270367
270368
270369
270370
270371
270372
270373
270374
270376
270400
270401
270402
270403
270404
270405
270406
270407
270408
270409
270410
270411
270412
270413
270414
270415
270417
270418
270452
270455
270456
270457
270458
270459
270460
270461
270499
270500
270501
270502
270503
270504
270505
270506
270507
270508
270538
270539
270540
270541
270542
270543
270544
270545
270546
270547
270574
270577
270578
270579
270580
270581
270582
270583
270595
270598
270599
270600
270601
270602
270603
270604
270605
270606
270608
270609
270614
270617
270618
270619
270620
270621
270622
270623
270624
270625
270626
270627
270628
270629
270630
270631
270642
270644
270645
270647
270650
270747
270748
270750
270751
270752
270753
270754
270755
270756
270757
270758
270760
270784
270785
270786
270787
270788
270789
270790
270791
270792
270793
270794
270795
270796
270797
270798
270799
270801
270802
270836
270839
270840
270841
270842
270843
270844
270845
270883
270884
270885
270886
270887
270888
270889
270890
270891
270892
270922
270923
270924
270925
270926
270927
270928
270929
270930
270931
270958
270961
270962
270963
270964
270965
270966
270967
270979
270982
270983
270984
270985
270986
270987
270988
270989
270990
270992
270993
270998
271001
271002
271003
271004
271005
271006
271007
271008
271009
271010
271011
271012
271013
271014
271015
271026
271028
271029
271031
271034
271131
271132
271134
271135
271136
271137
271138
271139
271140
271141
271142
271144
271168
271169
271170
271171
271172
271173
271174
271175
271176
271177
271178
271179
271180
271181
271182
271183
271185
271186
271220
271223
271224
271225
271226
271227
271228
271229
271267
271268
271269
271270
271271
271272
271273
271274
271275
271276
271306
271307
271308
271309
271310
271311
271312
271313
271314
271315
271342
271345
271346
271347
271348
271349
271350
271351
271363
271366
271367
271368
271369
271370
271371
271372
271373
271374
271376
271377
271382
271385
271386
271387
271388
271389
271390
271391
271392
271393
271394
271395
271396
271397
271398
271399
271410
271412
271413
271415
271418
271515
271516
271518
271519
271520
271521
271522
271523
271524
271525
271526
271528
271552
271553
271554
271555
271556
271557
271558
271559
271560
271561
271562
271563
271564
271565
271566
271567
271569
271570
271604
271607
271608
271609
271610
271611
271612
271613
271651
271652
271653
271654
271655
271656
271657
271658
271659
271660
271690
271691
271692
271693
271694
271695
271696
271697
271698
271699
271726
271729
271730
271731
271732
271733
271734
271735
271747
271750
271751
271752
271753
271754
271755
271756
271757
271758
271760
271761
271766
271769
271770
271771
271772
271773
271774
271775
271776
271777
271778
271779
271780
271781
271782
271783
271794
271796
271797
271799
271802
271899
271900
271902
271903
271904
271905
271906
271907
271908
271909
271910
271912
271936
271937
271938
271939
271940
271941
271942
271943
271944
271945
271946
271947
271948
271949
271950
271951
271953
271954
271988
271991
271992
271993
271994
271995
271996
271997
272035
272036
272037
272038
272039
272040
272041
272042
272043
272044
272074
272075
272076
272077
272078
272079
272080
272081
272082
272083
272110
272113
272114
272115
272116
272117
272118
272119
272131
272134
272135
272136
272137
272138
272139
272140
272141
272142
272144
272145
272150
272153
272154
272155
272156
272157
272158
272159
272160
272161
272162
272163
272164
272165
272166
272167
272178
272180
272181
272183
272186
272283
272284
272286
272287
272288
272289
272290
272291
272292
272293
272294
272296
272320
272321
272322
272323
272324
272325
272326
272327
272328
272329
272330
272331
272332
272333
272334
272335
272337
272338
272372
272375
272376
272377
272378
272379
272380
272381
272419
272420
272421
272422
272423
272424
272425
272426
272427
272428
272458
272459
272460
272461
272462
272463
272464
272465
272466
272467
272494
272497
272498
272499
272500
272501
272502
272503
272515
272518
272519
272520
272521
272522
272523
272524
272525
272526
272528
272529
272534
272537
272538
272539
272540
272541
272542
272543
272544
272545
272546
272547
272548
272549
272550
272551
272562
272564
272565
272567
272570
272667
272668
272670
272671
272672
272673
272674
272675
272676
272677
272678
272680
272704
272705
272706
272707
272708
272709
272710
272711
272712
272713
272714
272715
272716
272717
272718
272719
272721
272722
272756
272759
272760
272761
272762
272763
272764
272765
272803
272804
272805
272806
272807
272808
272809
272810
272811
272812
272842
272843
272844
272845
272846
272847
272848
272849
272850
272851
272878
272881
272882
272883
272884
272885
272886
272887
272899
272902
272903
272904
272905
272906
272907
272908
272909
272910
272912
272913
272918
272921
272922
272923
272924
272925
272926
272927
272928
272929
272930
272931
272932
272933
272934
272935
272946
272948
272949
272951
272954
273051
273052
273054
273055
273056
273057
273058
273059
273060
273061
273062
273064
273088
273089
273090
273091
273092
273093
273094
273095
273096
273097
273098
273099
273100
273101
273102
273103
273105
273106
273140
273143
273144
273145
273146
273147
273148
273149
273187
273188
273189
273190
273191
273192
273193
273194
273195
273196
273226
273227
273228
273229
273230
273231
273232
273233
273234
273235
273262
273265
273266
273267
273268
273269
273270
273271
273283
273286
273287
273288
273289
273290
273291
273292
273293
273294
273296
273297
273302
273305
273306
273307
273308
273309
273310
273311
273312
273313
273314
273315
273316
273317
273318
273319
273330
273332
273333
273335
273338
273435
273436
273438
273439
273440
273441
273442
273443
273444
273445
273446
273448
273472
273473
273474
273475
273476
273477
273478
273479
273480
273481
273482
273483
273484
273485
273486
273487
273489
273490
273524
273527
273528
273529
273530
273531
273532
273533
273571
273572
273573
273574
273575
273576
273577
273578
273579
273580
273610
273611
273612
273613
273614
273615
273616
273617
273618
273619
273646
273649
273650
273651
273652
273653
273654
273655
273667
273670
273671
273672
273673
273674
273675
273676
273677
273678
273680
273681
273686
273689
273690
273691
273692
273693
273694
273695
273696
273697
273698
273699
273700
273701
273702
273703
273714
273716
273717
273719
273722
273819
273820
273822
273823
273824
273825
273826
273827
273828
273829
273830
273832
273856
273857
273858
273859
273860
273861
273862
273863
273864
273865
273866
273867
273868
273869
273870
273871
273873
273874
273908
273911
273912
273913
273914
273915
273916
273917
273955
273956
273957
273958
273959
273960
273961
273962
273963
273964
273994
273995
273996
273997
273998
273999
274000
274001
274002
274003
274030
274033
274034
274035
274036
274037
274038
274039
274051
274054
274055
274056
274057
274058
274059
274060
274061
274062
274064
274065
274070
274073
274074
274075
274076
274077
274078
274079
274080
274081
274082
274083
274084
274085
274086
274087
274098
274100
274101
274103
274106
274203
274204
274206
274207
274208
274209
274210
274211
274212
274213
274214
274216
274240
274241
274242
274243
274244
274245
274246
274247
274248
274249
274250
274251
274252
274253
274254
274255
274257
274258
274292
274295
274296
274297
274298
274299
274300
274301
274339
274340
274341
274342
274343
274344
274345
274346
274347
274348
274378
274379
274380
274381
274382
274383
274384
274385
274386
274387
274414
274417
274418
274419
274420
274421
274422
274423
274435
274438
274439
274440
274441
274442
274443
274444
274445
274446
274448
274449
274454
274457
274458
274459
274460
274461
274462
274463
274464
274465
274466
274467
274468
274469
274470
274471
274482
274484
274485
274487
274490
274587
274588
274590
274591
274592
274593
274594
274595
274596
274597
274598
274600
274624
274625
274626
274627
274628
274629
274630
274631
274632
274633
274634
274635
274636
274637
274638
274639
274641
274642
274676
274679
274680
274681
274682
274683
274684
274685
274723
274724
274725
274726
274727
274728
274729
274730
274731
274732
274762
274763
274764
274765
274766
274767
274768
274769
274770
274771
274798
274801
274802
274803
274804
274805
274806
274807
274819
274822
274823
274824
274825
274826
274827
274828
274829
274830
274832
274833
274838
274841
274842
274843
274844
274845
274846
274847
274848
274849
274850
274851
274852
274853
274854
274855
274866
274868
274869
274871
274874
274971
274972
274974
274975
274976
274977
274978
274979
274980
274981
274982
274984
275008
275009
275010
275011
275012
275013
275014
275015
275016
275017
275018
275019
275020
275021
275022
275023
275025
275026
275060
275063
275064
275065
275066
275067
275068
275069
275107
275108
275109
275110
275111
275112
275113
275114
275115
275116
275146
275147
275148
275149
275150
275151
275152
275153
275154
275155
275182
275185
275186
275187
275188
275189
275190
275191
275203
275206
275207
275208
275209
275210
275211
275212
275213
275214
275216
275217
275222
275225
275226
275227
275228
275229
275230
275231
275232
275233
275234
275235
275236
275237
275238
275239
275250
275252
275253
275255
275258
275355
275356
275358
275359
275360
275361
275362
275363
275364
275365
275366
275368
275392
275393
275394
275395
275396
275397
275398
275399
275400
275401
275402
275403
275404
275405
275406
275407
275409
275410
275444
275447
275448
275449
275450
275451
275452
275453
275491
275492
275493
275494
275495
275496
275497
275498
275499
275500
275530
275531
275532
275533
275534
275535
275536
275537
275538
275539
275566
275569
275570
275571
275572
275573
275574
275575
275587
275590
275591
275592
275593
275594
275595
275596
275597
275598
275600
275601
275606
275609
275610
275611
275612
275613
275614
275615
275616
275617
275618
275619
275620
275621
275622
275623
275634
275636
275637
275639
275642
275739
275740
275742
275743
275744
275745
275746
275747
275748
275749
275750
275752
275776
275777
275778
275779
275780
275781
275782
275783
275784
275785
275786
275787
275788
275789
275790
275791
275793
275794
275828
275831
275832
275833
275834
275835
275836
275837
275875
275876
275877
275878
275879
275880
275881
275882
275883
275884
275914
275915
275916
275917
275918
275919
275920
275921
275922
275923
275950
275953
275954
275955
275956
275957
275958
275959
275971
275974
275975
275976
275977
275978
275979
275980
275981
275982
275984
275985
275990
275993
275994
275995
275996
275997
275998
275999
276000
276001
276002
276003
276004
276005
276006
276007
276018
276020
276021
276023
276026
276123
276124
276126
276127
276128
276129
276130
276131
276132
276133
276134
276136
276160
276161
276162
276163
276164
276165
276166
276167
276168
276169
276170
276171
276172
276173
276174
276175
276177
276178
276212
276215
276216
276217
276218
276219
276220
276221
276259
276260
276261
276262
276263
276264
276265
276266
276267
276268
276298
276299
276300
276301
276302
276303
276304
276305
276306
276307
276334
276337
276338
276339
276340
276341
276342
276343
276355
276358
276359
276360
276361
276362
276363
276364
276365
276366
276368
276369
276374
276377
276378
276379
276380
276381
276382
276383
276384
276385
276386
276387
276388
276389
276390
276391
276402
276404
276405
276407
276410
276507
276508
276510
276511
276512
276513
276514
276515
276516
276517
276518
276520
276544
276545
276546
276547
276548
276549
276550
276551
276552
276553
276554
276555
276556
276557
276558
276559
276561
276562
276596
276599
276600
276601
276602
276603
276604
276605
276643
276644
276645
276646
276647
276648
276649
276650
276651
276652
276682
276683
276684
276685
276686
276687
276688
276689
276690
276691
276718
276721
276722
276723
276724
276725
276726
276727
276739
276742
276743
276744
276745
276746
276747
276748
276749
276750
276752
276753
276758
276761
276762
276763
276764
276765
276766
276767
276768
276769
276770
276771
276772
276773
276774
276775
276786
276788
276789
276791
276794
276891
276892
276894
276895
276896
276897
276898
276899
276900
276901
276902
276904
276928
276929
276930
276931
276932
276933
276934
276935
276936
276937
276938
276939
276940
276941
276942
276943
276945
276946
276980
276983
276984
276985
276986
276987
276988
276989
277027
277028
277029
277030
277031
277032
277033
277034
277035
277036
277066
277067
277068
277069
277070
277071
277072
277073
277074
277075
277102
277105
277106
277107
277108
277109
277110
277111
277123
277126
277127
277128
277129
277130
277131
277132
277133
277134
277136
277137
277142
277145
277146
277147
277148
277149
277150
277151
277152
277153
277154
277155
277156
277157
277158
277159
277170
277172
277173
277175
277178
277275
277276
277278
277279
277280
277281
277282
277283
277284
277285
277286
277288
277312
277313
277314
277315
277316
277317
277318
277319
277320
277321
277322
277323
277324
277325
277326
277327
277329
277330
277364
277367
277368
277369
277370
277371
277372
277373
277411
277412
277413
277414
277415
277416
277417
277418
277419
277420
277450
277451
277452
277453
277454
277455
277456
277457
277458
277459
277486
277489
277490
277491
277492
277493
277494
277495
277507
277510
277511
277512
277513
277514
277515
277516
277517
277518
277520
277521
277526
277529
277530
277531
277532
277533
277534
277535
277536
277537
277538
277539
277540
277541
277542
277543
277554
277556
277557
277559
277562
277659
277660
277662
277663
277664
277665
277666
277667
277668
277669
277670
277672
277696
277697
277698
277699
277700
277701
277702
277703
277704
277705
277706
277707
277708
277709
277710
277711
277713
277714
277748
277751
277752
277753
277754
277755
277756
277757
277795
277796
277797
277798
277799
277800
277801
277802
277803
277804
277834
277835
277836
277837
277838
277839
277840
277841
277842
277843
277870
277873
277874
277875
277876
277877
277878
277879
277891
277894
277895
277896
277897
277898
277899
277900
277901
277902
277904
277905
277910
277913
277914
277915
277916
277917
277918
277919
277920
277921
277922
277923
277924
277925
277926
277927
277938
277940
277941
277943
277946
278043
278044
278046
278047
278048
278049
278050
278051
278052
278053
278054
278056
278080
278081
278082
278083
278084
278085
278086
278087
278088
278089
278090
278091
278092
278093
278094
278095
278097
278098
278132
278135
278136
278137
278138
278139
278140
278141
278179
278180
278181
278182
278183
278184
278185
278186
278187
278188
278218
278219
278220
278221
278222
278223
278224
278225
278226
278227
278254
278257
278258
278259
278260
278261
278262
278263
278275
278278
278279
278280
278281
278282
278283
278284
278285
278286
278288
278289
278294
278297
278298
278299
278300
278301
278302
278303
278304
278305
278306
278307
278308
278309
278310
278311
278322
278324
278325
278327
278330
278427
278428
278430
278431
278432
278433
278434
278435
278436
278437
278438
278440
278464
278465
278466
278467
278468
278469
278470
278471
278472
278473
278474
278475
278476
278477
278478
278479
278481
278482
278516
278519
278520
278521
278522
278523
278524
278525
278563
278564
278565
278566
278567
278568
278569
278570
278571
278572
278602
278603
278604
278605
278606
278607
278608
278609
278610
278611
278638
278641
278642
278643
278644
278645
278646
278647
278659
278662
278663
278664
278665
278666
278667
278668
278669
278670
278672
278673
278678
278681
278682
278683
278684
278685
278686
278687
278688
278689
278690
278691
278692
278693
278694
278695
278706
278708
278709
278711
278714
278811
278812
278814
278815
278816
278817
278818
278819
278820
278821
278822
278824
278848
278849
278850
278851
278852
278853
278854
278855
278856
278857
278858
278859
278860
278861
278862
278863
278865
278866
278900
278903
278904
278905
278906
278907
278908
278909
278947
278948
278949
278950
278951
278952
278953
278954
278955
278956
278986
278987
278988
278989
278990
278991
278992
278993
278994
278995
279022
279025
279026
279027
279028
279029
279030
279031
279043
279046
279047
279048
279049
279050
279051
279052
279053
279054
279056
279057
279062
279065
279066
279067
279068
279069
279070
279071
279072
279073
279074
279075
279076
279077
279078
279079
279090
279092
279093
279095
279098
279195
279196
279198
279199
279200
279201
279202
279203
279204
279205
279206
279208
279232
279233
279234
279235
279236
279237
279238
279239
279240
279241
279242
279243
279244
279245
279246
279247
279249
279250
279284
279287
279288
279289
279290
279291
279292
279293
279331
279332
279333
279334
279335
279336
279337
279338
279339
279340
279370
279371
279372
279373
279374
279375
279376
279377
279378
279379
279406
279409
279410
279411
279412
279413
279414
279415
279427
279430
279431
279432
279433
279434
279435
279436
279437
279438
279440
279441
279446
279449
279450
279451
279452
279453
279454
279455
279456
279457
279458
279459
279460
279461
279462
279463
279474
279476
279477
279479
279482
279579
279580
279582
279583
279584
279585
279586
279587
279588
279589
279590
279592
279616
279617
279618
279619
279620
279621
279622
279623
279624
279625
279626
279627
279628
279629
279630
279631
279633
279634
279668
279671
279672
279673
279674
279675
279676
279677
279715
279716
279717
279718
279719
279720
279721
279722
279723
279724
279754
279755
279756
279757
279758
279759
279760
279761
279762
279763
279790
279793
279794
279795
279796
279797
279798
279799
279811
279814
279815
279816
279817
279818
279819
279820
279821
279822
279824
279825
279830
279833
279834
279835
279836
279837
279838
279839
279840
279841
279842
279843
279844
279845
279846
279847
279858
279860
279861
279863
279866
279963
279964
279966
279967
279968
279969
279970
279971
279972
279973
279974
279976
280000
280001
280002
280003
280004
280005
280006
280007
280008
280009
280010
280011
280012
280013
280014
280015
280017
280018
280052
280055
280056
280057
280058
280059
280060
280061
280099
280100
280101
280102
280103
280104
280105
280106
280107
280108
280138
280139
280140
280141
280142
280143
280144
280145
280146
280147
280174
280177
280178
280179
280180
280181
280182
280183
280195
280198
280199
280200
280201
280202
280203
280204
280205
280206
280208
280209
280214
280217
280218
280219
280220
280221
280222
280223
280224
280225
280226
280227
280228
280229
280230
280231
280242
280244
280245
280247
280250
280347
280348
280350
280351
280352
280353
280354
280355
280356
280357
280358
280360
280384
280385
280386
280387
280388
280389
280390
280391
280392
280393
280394
280395
280396
280397
280398
280399
280401
280402
280436
280439
280440
280441
280442
280443
280444
280445
280483
280484
280485
280486
280487
280488
280489
280490
280491
280492
280522
280523
280524
280525
280526
280527
280528
280529
280530
280531
280558
280561
280562
280563
280564
280565
280566
280567
280579
280582
280583
280584
280585
280586
280587
280588
280589
280590
280592
280593
280598
280601
280602
280603
280604
280605
280606
280607
280608
280609
280610
280611
280612
280613
280614
280615
280626
280628
280629
280631
280634
280731
280732
280734
280735
280736
280737
280738
280739
280740
280741
280742
280744
280768
280769
280770
280771
280772
280773
280774
280775
280776
280777
280778
280779
280780
280781
280782
280783
280785
280786
280820
280823
280824
280825
280826
280827
280828
280829
280867
280868
280869
280870
280871
280872
280873
280874
280875
280876
280906
280907
280908
280909
280910
280911
280912
280913
280914
280915
280942
280945
280946
280947
280948
280949
280950
280951
280963
280966
280967
280968
280969
280970
280971
280972
280973
280974
280976
280977
280982
280985
280986
280987
280988
280989
280990
280991
280992
280993
280994
280995
280996
280997
280998
280999
281010
281012
281013
281015
281018
281115
281116
281118
281119
281120
281121
281122
281123
281124
281125
281126
281128
281152
281153
281154
281155
281156
281157
281158
281159
281160
281161
281162
281163
281164
281165
281166
281167
281169
281170
281204
281207
281208
281209
281210
281211
281212
281213
281251
281252
281253
281254
281255
281256
281257
281258
281259
281260
281290
281291
281292
281293
281294
281295
281296
281297
281298
281299
281326
281329
281330
281331
281332
281333
281334
281335
281347
281350
281351
281352
281353
281354
281355
281356
281357
281358
281360
281361
281366
281369
281370
281371
281372
281373
281374
281375
281376
281377
281378
281379
281380
281381
281382
281383
281394
281396
281397
281399
281402
281499
281500
281502
281503
281504
281505
281506
281507
281508
281509
281510
281512
281536
281537
281538
281539
281540
281541
281542
281543
281544
281545
281546
281547
281548
281549
281550
281551
281553
281554
281588
281591
281592
281593
281594
281595
281596
281597
281635
281636
281637
281638
281639
281640
281641
281642
281643
281644
281674
281675
281676
281677
281678
281679
281680
281681
281682
281683
281710
281713
281714
281715
281716
281717
281718
281719
281731
281734
281735
281736
281737
281738
281739
281740
281741
281742
281744
281745
281750
281753
281754
281755
281756
281757
281758
281759
281760
281761
281762
281763
281764
281765
281766
281767
281778
281780
281781
281783
281786
281883
281884
281886
281887
281888
281889
281890
281891
281892
281893
281894
281896
281920
281921
281922
281923
281924
281925
281926
281927
281928
281929
281930
281931
281932
281933
281934
281935
281937
281938
281972
281975
281976
281977
281978
281979
281980
281981
282019
282020
282021
282022
282023
282024
282025
282026
282027
282028
282058
282059
282060
282061
282062
282063
282064
282065
282066
282067
282094
282097
282098
282099
282100
282101
282102
282103
282115
282118
282119
282120
282121
282122
282123
282124
282125
282126
282128
282129
282134
282137
282138
282139
282140
282141
282142
282143
282144
282145
282146
282147
282148
282149
282150
282151
282162
282164
282165
282167
282170
282267
282268
282270
282271
282272
282273
282274
282275
282276
282277
282278
282280
282304
282305
282306
282307
282308
282309
282310
282311
282312
282313
282314
282315
282316
282317
282318
282319
282321
282322
282356
282359
282360
282361
282362
282363
282364
282365
282403
282404
282405
282406
282407
282408
282409
282410
282411
282412
282442
282443
282444
282445
282446
282447
282448
282449
282450
282451
282478
282481
282482
282483
282484
282485
282486
282487
282499
282502
282503
282504
282505
282506
282507
282508
282509
282510
282512
282513
282518
282521
282522
282523
282524
282525
282526
282527
282528
282529
282530
282531
282532
282533
282534
282535
282546
282548
282549
282551
282554
282651
282652
282654
282655
282656
282657
282658
282659
282660
282661
282662
282664
282688
282689
282690
282691
282692
282693
282694
282695
282696
282697
282698
282699
282700
282701
282702
282703
282705
282706
282740
282743
282744
282745
282746
282747
282748
282749
282787
282788
282789
282790
282791
282792
282793
282794
282795
282796
282826
282827
282828
282829
282830
282831
282832
282833
282834
282835
282862
282865
282866
282867
282868
282869
282870
282871
282883
282886
282887
282888
282889
282890
282891
282892
282893
282894
282896
282897
282902
282905
282906
282907
282908
282909
282910
282911
282912
282913
282914
282915
282916
282917
282918
282919
282930
282932
282933
282935
282938
283035
283036
283038
283039
283040
283041
283042
283043
283044
283045
283046
283048
283072
283073
283074
283075
283076
283077
283078
283079
283080
283081
283082
283083
283084
283085
283086
283087
283089
283090
283124
283127
283128
283129
283130
283131
283132
283133
283171
283172
283173
283174
283175
283176
283177
283178
283179
283180
283210
283211
283212
283213
283214
283215
283216
283217
283218
283219
283246
283249
283250
283251
283252
283253
283254
283255
283267
283270
283271
283272
283273
283274
283275
283276
283277
283278
283280
283281
283286
283289
283290
283291
283292
283293
283294
283295
283296
283297
283298
283299
283300
283301
283302
283303
283314
283316
283317
283319
283322
283419
283420
283422
283423
283424
283425
283426
283427
283428
283429
283430
283432
283456
283457
283458
283459
283460
283461
283462
283463
283464
283465
283466
283467
283468
283469
283470
283471
283473
283474
283508
283511
283512
283513
283514
283515
283516
283517
283555
283556
283557
283558
283559
283560
283561
283562
283563
283564
283594
283595
283596
283597
283598
283599
283600
283601
283602
283603
283630
283633
283634
283635
283636
283637
283638
283639
283651
283654
283655
283656
283657
283658
283659
283660
283661
283662
283664
283665
283670
283673
283674
283675
283676
283677
283678
283679
283680
283681
283682
283683
283684
283685
283686
283687
283698
283700
283701
283703
283706
283803
283804
283806
283807
283808
283809
283810
283811
283812
283813
283814
283816
283840
283841
283842
283843
283844
283845
283846
283847
283848
283849
283850
283851
283852
283853
283854
283855
283857
283858
283892
283895
283896
283897
283898
283899
283900
283901
283939
283940
283941
283942
283943
283944
283945
283946
283947
283948
283978
283979
283980
283981
283982
283983
283984
283985
283986
283987
284014
284017
284018
284019
284020
284021
284022
284023
284035
284038
284039
284040
284041
284042
284043
284044
284045
284046
284048
284049
284054
284057
284058
284059
284060
284061
284062
284063
284064
284065
284066
284067
284068
284069
284070
284071
284082
284084
284085
284087
284090
284187
284188
284190
284191
284192
284193
284194
284195
284196
284197
284198
284200
284224
284225
284226
284227
284228
284229
284230
284231
284232
284233
284234
284235
284236
284237
284238
284239
284241
284242
284276
284279
284280
284281
284282
284283
284284
284285
284323
284324
284325
284326
284327
284328
284329
284330
284331
284332
284362
284363
284364
284365
284366
284367
284368
284369
284370
284371
284398
284401
284402
284403
284404
284405
284406
284407
284419
284422
284423
284424
284425
284426
284427
284428
284429
284430
284432
284433
284438
284441
284442
284443
284444
284445
284446
284447
284448
284449
284450
284451
284452
284453
284454
284455
284466
284468
284469
284471
284474
284571
284572
284574
284575
284576
284577
284578
284579
284580
284581
284582
284584
284608
284609
284610
284611
284612
284613
284614
284615
284616
284617
284618
284619
284620
284621
284622
284623
284625
284626
284660
284663
284664
284665
284666
284667
284668
284669
284707
284708
284709
284710
284711
284712
284713
284714
284715
284716
284746
284747
284748
284749
284750
284751
284752
284753
284754
284755
284782
284785
284786
284787
284788
284789
284790
284791
284803
284806
284807
284808
284809
284810
284811
284812
284813
284814
284816
284817
284822
284825
284826
284827
284828
284829
284830
284831
284832
284833
284834
284835
284836
284837
284838
284839
284850
284852
284853
284855
284858
284955
284956
284958
284959
284960
284961
284962
284963
284964
284965
284966
284968
284992
284993
284994
284995
284996
284997
284998
284999
285000
285001
285002
285003
285004
285005
285006
285007
285009
285010
285044
285047
285048
285049
285050
285051
285052
285053
285091
285092
285093
285094
285095
285096
285097
285098
285099
285100
285130
285131
285132
285133
285134
285135
285136
285137
285138
285139
285166
285169
285170
285171
285172
285173
285174
285175
285187
285190
285191
285192
285193
285194
285195
285196
285197
285198
285200
285201
285206
285209
285210
285211
285212
285213
285214
285215
285216
285217
285218
285219
285220
285221
285222
285223
285234
285236
285237
285239
285242
285339
285340
285342
285343
285344
285345
285346
285347
285348
285349
285350
285352
285376
285377
285378
285379
285380
285381
285382
285383
285384
285385
285386
285387
285388
285389
285390
285391
285393
285394
285428
285431
285432
285433
285434
285435
285436
285437
285475
285476
285477
285478
285479
285480
285481
285482
285483
285484
285514
285515
285516
285517
285518
285519
285520
285521
285522
285523
285550
285553
285554
285555
285556
285557
285558
285559
285571
285574
285575
285576
285577
285578
285579
285580
285581
285582
285584
285585
285590
285593
285594
285595
285596
285597
285598
285599
285600
285601
285602
285603
285604
285605
285606
285607
285618
285620
285621
285623
285626
285723
285724
285726
285727
285728
285729
285730
285731
285732
285733
285734
285736
285760
285761
285762
285763
285764
285765
285766
285767
285768
285769
285770
285771
285772
285773
285774
285775
285777
285778
285812
285815
285816
285817
285818
285819
285820
285821
285859
285860
285861
285862
285863
285864
285865
285866
285867
285868
285898
285899
285900
285901
285902
285903
285904
285905
285906
285907
285934
285937
285938
285939
285940
285941
285942
285943
285955
285958
285959
285960
285961
285962
285963
285964
285965
285966
285968
285969
285974
285977
285978
285979
285980
285981
285982
285983
285984
285985
285986
285987
285988
285989
285990
285991
286002
286004
286005
286007
286010
286107
286108
286110
286111
286112
286113
286114
286115
286116
286117
286118
286120
286144
286145
286146
286147
286148
286149
286150
286151
286152
286153
286154
286155
286156
286157
286158
286159
286161
286162
286196
286199
286200
286201
286202
286203
286204
286205
286243
286244
286245
286246
286247
286248
286249
286250
286251
286252
286282
286283
286284
286285
286286
286287
286288
286289
286290
286291
286318
286321
286322
286323
286324
286325
286326
286327
286339
286342
286343
286344
286345
286346
286347
286348
286349
286350
286352
286353
286358
286361
286362
286363
286364
286365
286366
286367
286368
286369
286370
286371
286372
286373
286374
286375
286386
286388
286389
286391
286394
286491
286492
286494
286495
286496
286497
286498
286499
286500
286501
286502
286504
286528
286529
286530
286531
286532
286533
286534
286535
286536
286537
286538
286539
286540
286541
286542
286543
286545
286546
286580
286583
286584
286585
286586
286587
286588
286589
286627
286628
286629
286630
286631
286632
286633
286634
286635
286636
286666
286667
286668
286669
286670
286671
286672
286673
286674
286675
286702
286705
286706
286707
286708
286709
286710
286711
286723
286726
286727
286728
286729
286730
286731
286732
286733
286734
286736
286737
286742
286745
286746
286747
286748
286749
286750
286751
286752
286753
286754
286755
286756
286757
286758
286759
286770
286772
286773
286775
286778
286875
286876
286878
286879
286880
286881
286882
286883
286884
286885
286886
286888
286912
286913
286914
286915
286916
286917
286918
286919
286920
286921
286922
286923
286924
286925
286926
286927
286929
286930
286964
286967
286968
286969
286970
286971
286972
286973
287011
287012
287013
287014
287015
287016
287017
287018
287019
287020
287050
287051
287052
287053
287054
287055
287056
287057
287058
287059
287086
287089
287090
287091
287092
287093
287094
287095
287107
287110
287111
287112
287113
287114
287115
287116
287117
287118
287120
287121
287126
287129
287130
287131
287132
287133
287134
287135
287136
287137
287138
287139
287140
287141
287142
287143
287154
287156
287157
287159
287162
287259
287260
287262
287263
287264
287265
287266
287267
287268
287269
287270
287272
287296
287297
287298
287299
287300
287301
287302
287303
287304
287305
287306
287307
287308
287309
287310
287311
287313
287314
287348
287351
287352
287353
287354
287355
287356
287357
287395
287396
287397
287398
287399
287400
287401
287402
287403
287404
287434
287435
287436
287437
287438
287439
287440
287441
287442
287443
287470
287473
287474
287475
287476
287477
287478
287479
287491
287494
287495
287496
287497
287498
287499
287500
287501
287502
287504
287505
287510
287513
287514
287515
287516
287517
287518
287519
287520
287521
287522
287523
287524
287525
287526
287527
287538
287540
287541
287543
287546
287643
287644
287646
287647
287648
287649
287650
287651
287652
287653
287654
287656
287680
287681
287682
287683
287684
287685
287686
287687
287688
287689
287690
287691
287692
287693
287694
287695
287697
287698
287732
287735
287736
287737
287738
287739
287740
287741
287779
287780
287781
287782
287783
287784
287785
287786
287787
287788
287818
287819
287820
287821
287822
287823
287824
287825
287826
287827
287854
287857
287858
287859
287860
287861
287862
287863
287875
287878
287879
287880
287881
287882
287883
287884
287885
287886
287888
287889
287894
287897
287898
287899
287900
287901
287902
287903
287904
287905
287906
287907
287908
287909
287910
287911
287922
287924
287925
287927
287930
288027
288028
288030
288031
288032
288033
288034
288035
288036
288037
288038
288040
288064
288065
288066
288067
288068
288069
288070
288071
288072
288073
288074
288075
288076
288077
288078
288079
288081
288082
288116
288119
288120
288121
288122
288123
288124
288125
288163
288164
288165
288166
288167
288168
288169
288170
288171
288172
288202
288203
288204
288205
288206
288207
288208
288209
288210
288211
288238
288241
288242
288243
288244
288245
288246
288247
288259
288262
288263
288264
288265
288266
288267
288268
288269
288270
288272
288273
288278
288281
288282
288283
288284
288285
288286
288287
288288
288289
288290
288291
288292
288293
288294
288295
288306
288308
288309
288311
288314
288411
288412
288414
288415
288416
288417
288418
288419
288420
288421
288422
288424
288448
288449
288450
288451
288452
288453
288454
288455
288456
288457
288458
288459
288460
288461
288462
288463
288465
288466
288500
288503
288504
288505
288506
288507
288508
288509
288547
288548
288549
288550
288551
288552
288553
288554
288555
288556
288586
288587
288588
288589
288590
288591
288592
288593
288594
288595
288622
288625
288626
288627
288628
288629
288630
288631
288643
288646
288647
288648
288649
288650
288651
288652
288653
288654
288656
288657
288662
288665
288666
288667
288668
288669
288670
288671
288672
288673
288674
288675
288676
288677
288678
288679
288690
288692
288693
288695
288698
288795
288796
288798
288799
288800
288801
288802
288803
288804
288805
288806
288808
288832
288833
288834
288835
288836
288837
288838
288839
288840
288841
288842
288843
288844
288845
288846
288847
288849
288850
288884
288887
288888
288889
288890
288891
288892
288893
288931
288932
288933
288934
288935
288936
288937
288938
288939
288940
288970
288971
288972
288973
288974
288975
288976
288977
288978
288979
289006
289009
289010
289011
289012
289013
289014
289015
289027
289030
289031
289032
289033
289034
289035
289036
289037
289038
289040
289041
289046
289049
289050
289051
289052
289053
289054
289055
289056
289057
289058
289059
289060
289061
289062
289063
289074
289076
289077
289079
289082
289179
289180
289182
289183
289184
289185
289186
289187
289188
289189
289190
289192
289216
289217
289218
289219
289220
289221
289222
289223
289224
289225
289226
289227
289228
289229
289230
289231
289233
289234
289268
289271
289272
289273
289274
289275
289276
289277
289315
289316
289317
289318
289319
289320
289321
289322
289323
289324
289354
289355
289356
289357
289358
289359
289360
289361
289362
289363
289390
289393
289394
289395
289396
289397
289398
289399
289411
289414
289415
289416
289417
289418
289419
289420
289421
289422
289424
289425
289430
289433
289434
289435
289436
289437
289438
289439
289440
289441
289442
289443
289444
289445
289446
289447
289458
289460
289461
289463
289466
289563
289564
289566
289567
289568
289569
289570
289571
289572
289573
289574
289576
289600
289601
289602
289603
289604
289605
289606
289607
289608
289609
289610
289611
289612
289613
289614
289615
289617
289618
289652
289655
289656
289657
289658
289659
289660
289661
289699
289700
289701
289702
289703
289704
289705
289706
289707
289708
289738
289739
289740
289741
289742
289743
289744
289745
289746
289747
289774
289777
289778
289779
289780
289781
289782
289783
289795
289798
289799
289800
289801
289802
289803
289804
289805
289806
289808
289809
289814
289817
289818
289819
289820
289821
289822
289823
289824
289825
289826
289827
289828
289829
289830
289831
289842
289844
289845
289847
289850
289947
289948
289950
289951
289952
289953
289954
289955
289956
289957
289958
289960
289984
289985
289986
289987
289988
289989
289990
289991
289992
289993
289994
289995
289996
289997
289998
289999
290001
290002
290036
290039
290040
290041
290042
290043
290044
290045
290083
290084
290085
290086
290087
290088
290089
290090
290091
290092
290122
290123
290124
290125
290126
290127
290128
290129
290130
290131
290158
290161
290162
290163
290164
290165
290166
290167
290179
290182
290183
290184
290185
290186
290187
290188
290189
290190
290192
290193
290198
290201
290202
290203
290204
290205
290206
290207
290208
290209
290210
290211
290212
290213
290214
290215
290226
290228
290229
290231
290234
290331
290332
290334
290335
290336
290337
290338
290339
290340
290341
290342
290344
290368
290369
290370
290371
290372
290373
290374
290375
290376
290377
290378
290379
290380
290381
290382
290383
290385
290386
290420
290423
290424
290425
290426
290427
290428
290429
290467
290468
290469
290470
290471
290472
290473
290474
290475
290476
290506
290507
290508
290509
290510
290511
290512
290513
290514
290515
290542
290545
290546
290547
290548
290549
290550
290551
290563
290566
290567
290568
290569
290570
290571
290572
290573
290574
290576
290577
290582
290585
290586
290587
290588
290589
290590
290591
290592
290593
290594
290595
290596
290597
290598
290599
290610
290612
290613
290615
290618
290715
290716
290718
290719
290720
290721
290722
290723
290724
290725
290726
290728
290752
290753
290754
290755
290756
290757
290758
290759
290760
290761
290762
290763
290764
290765
290766
290767
290769
290770
290804
290807
290808
290809
290810
290811
290812
290813
290851
290852
290853
290854
290855
290856
290857
290858
290859
290860
290890
290891
290892
290893
290894
290895
290896
290897
290898
290899
290926
290929
290930
290931
290932
290933
290934
290935
290947
290950
290951
290952
290953
290954
290955
290956
290957
290958
290960
290961
290966
290969
290970
290971
290972
290973
290974
290975
290976
290977
290978
290979
290980
290981
290982
290983
290994
290996
290997
290999
291002
291099
291100
291102
291103
291104
291105
291106
291107
291108
291109
291110
291112
291136
291137
291138
291139
291140
291141
291142
291143
291144
291145
291146
291147
291148
291149
291150
291151
291153
291154
291188
291191
291192
291193
291194
291195
291196
291197
291235
291236
291237
291238
291239
291240
291241
291242
291243
291244
291274
291275
291276
291277
291278
291279
291280
291281
291282
291283
291310
291313
291314
291315
291316
291317
291318
291319
291331
291334
291335
291336
291337
291338
291339
291340
291341
291342
291344
291345
291350
291353
291354
291355
291356
291357
291358
291359
291360
291361
291362
291363
291364
291365
291366
291367
291378
291380
291381
291383
291386
291483
291484
291486
291487
291488
291489
291490
291491
291492
291493
291494
291496
291520
291521
291522
291523
291524
291525
291526
291527
291528
291529
291530
291531
291532
291533
291534
291535
291537
291538
291572
291575
291576
291577
291578
291579
291580
291581
291619
291620
291621
291622
291623
291624
291625
291626
291627
291628
291658
291659
291660
291661
291662
291663
291664
291665
291666
291667
291694
291697
291698
291699
291700
291701
291702
291703
291715
291718
291719
291720
291721
291722
291723
291724
291725
291726
291728
291729
291734
291737
291738
291739
291740
291741
291742
291743
291744
291745
291746
291747
291748
291749
291750
291751
291762
291764
291765
291767
291770
291867
291868
291870
291871
291872
291873
291874
291875
291876
291877
291878
291880
291904
291905
291906
291907
291908
291909
291910
291911
291912
291913
291914
291915
291916
291917
291918
291919
291921
291922
291956
291959
291960
291961
291962
291963
291964
291965
292003
292004
292005
292006
292007
292008
292009
292010
292011
292012
292042
292043
292044
292045
292046
292047
292048
292049
292050
292051
292078
292081
292082
292083
292084
292085
292086
292087
292099
292102
292103
292104
292105
292106
292107
292108
292109
292110
292112
292113
292118
292121
292122
292123
292124
292125
292126
292127
292128
292129
292130
292131
292132
292133
292134
292135
292146
292148
292149
292151
292154
292251
292252
292254
292255
292256
292257
292258
292259
292260
292261
292262
292264
292288
292289
292290
292291
292292
292293
292294
292295
292296
292297
292298
292299
292300
292301
292302
292303
292305
292306
292340
292343
292344
292345
292346
292347
292348
292349
292387
292388
292389
292390
292391
292392
292393
292394
292395
292396
292426
292427
292428
292429
292430
292431
292432
292433
292434
292435
292462
292465
292466
292467
292468
292469
292470
292471
292483
292486
292487
292488
292489
292490
292491
292492
292493
292494
292496
292497
292502
292505
292506
292507
292508
292509
292510
292511
292512
292513
292514
292515
292516
292517
292518
292519
292530
292532
292533
292535
292538
292635
292636
292638
292639
292640
292641
292642
292643
292644
292645
292646
292648
292672
292673
292674
292675
292676
292677
292678
292679
292680
292681
292682
292683
292684
292685
292686
292687
292689
292690
292724
292727
292728
292729
292730
292731
292732
292733
292771
292772
292773
292774
292775
292776
292777
292778
292779
292780
292810
292811
292812
292813
292814
292815
292816
292817
292818
292819
292846
292849
292850
292851
292852
292853
292854
292855
292867
292870
292871
292872
292873
292874
292875
292876
292877
292878
292880
292881
292886
292889
292890
292891
292892
292893
292894
292895
292896
292897
292898
292899
292900
292901
292902
292903
292914
292916
292917
292919
292922
293019
293020
293022
293023
293024
293025
293026
293027
293028
293029
293030
293032
293056
293057
293058
293059
293060
293061
293062
293063
293064
293065
293066
293067
293068
293069
293070
293071
293073
293074
293108
293111
293112
293113
293114
293115
293116
293117
293155
293156
293157
293158
293159
293160
293161
293162
293163
293164
293194
293195
293196
293197
293198
293199
293200
293201
293202
293203
293230
293233
293234
293235
293236
293237
293238
293239
293251
293254
293255
293256
293257
293258
293259
293260
293261
293262
293264
293265
293270
293273
293274
293275
293276
293277
293278
293279
293280
293281
293282
293283
293284
293285
293286
293287
293298
293300
293301
293303
293306
293403
293404
293406
293407
293408
293409
293410
293411
293412
293413
293414
293416
293440
293441
293442
293443
293444
293445
293446
293447
293448
293449
293450
293451
293452
293453
293454
293455
293457
293458
293492
293495
293496
293497
293498
293499
293500
293501
293539
293540
293541
293542
293543
293544
293545
293546
293547
293548
293578
293579
293580
293581
293582
293583
293584
293585
293586
293587
293614
293617
293618
293619
293620
293621
293622
293623
293635
293638
293639
293640
293641
293642
293643
293644
293645
293646
293648
293649
293654
293657
293658
293659
293660
293661
293662
293663
293664
293665
293666
293667
293668
293669
293670
293671
293682
293684
293685
293687
293690
293787
293788
293790
293791
293792
293793
293794
293795
293796
293797
293798
293800
293824
293825
293826
293827
293828
293829
293830
293831
293832
293833
293834
293835
293836
293837
293838
293839
293841
293842
293876
293879
293880
293881
293882
293883
293884
293885
293923
293924
293925
293926
293927
293928
293929
293930
293931
293932
293962
293963
293964
293965
293966
293967
293968
293969
293970
293971
293998
294001
294002
294003
294004
294005
294006
294007
294019
294022
294023
294024
294025
294026
294027
294028
294029
294030
294032
294033
294038
294041
294042
294043
294044
294045
294046
294047
294048
294049
294050
294051
294052
294053
294054
294055
294066
294068
294069
294071
294074
294171
294172
294174
294175
294176
294177
294178
294179
294180
294181
294182
294184
294208
294209
294210
294211
294212
294213
294214
294215
294216
294217
294218
294219
294220
294221
294222
294223
294225
294226
294260
294263
294264
294265
294266
294267
294268
294269
294307
294308
294309
294310
294311
294312
294313
294314
294315
294316
294346
294347
294348
294349
294350
294351
294352
294353
294354
294355
294382
294385
294386
294387
294388
294389
294390
294391
294403
294406
294407
294408
294409
294410
294411
294412
294413
294414
294416
294417
294422
294425
294426
294427
294428
294429
294430
294431
294432
294433
294434
294435
294436
294437
294438
294439
294450
294452
294453
294455
294458
294555
294556
294558
294559
294560
294561
294562
294563
294564
294565
294566
294568
294592
294593
294594
294595
294596
294597
294598
294599
294600
294601
294602
294603
294604
294605
294606
294607
294609
294610
294644
294647
294648
294649
294650
294651
294652
294653
294691
294692
294693
294694
294695
294696
294697
294698
294699
294700
294730
294731
294732
294733
294734
294735
294736
294737
294738
294739
294766
294769
294770
294771
294772
294773
294774
294775
294787
294790
294791
294792
294793
294794
294795
294796
294797
294798
294800
294801
294806
294809
294810
294811
294812
294813
294814
294815
294816
294817
294818
294819
294820
294821
294822
294823
294834
294836
294837
294839
294842
294939
294940
294942
294943
294944
294945
294946
294947
294948
294949
294950
294952
294976
294977
294978
294979
294980
294981
294982
294983
294984
294985
294986
294987
294988
294989
294990
294991
294993
294994
295028
295031
295032
295033
295034
295035
295036
295037
295075
295076
295077
295078
295079
295080
295081
295082
295083
295084
295114
295115
295116
295117
295118
295119
295120
295121
295122
295123
295150
295153
295154
295155
295156
295157
295158
295159
295171
295174
295175
295176
295177
295178
295179
295180
295181
295182
295184
295185
295190
295193
295194
295195
295196
295197
295198
295199
295200
295201
295202
295203
295204
295205
295206
295207
295218
295220
295221
295223
295226
295323
295324
295326
295327
295328
295329
295330
295331
295332
295333
295334
295336
295360
295361
295362
295363
295364
295365
295366
295367
295368
295369
295370
295371
295372
295373
295374
295375
295377
295378
295412
295415
295416
295417
295418
295419
295420
295421
295459
295460
295461
295462
295463
295464
295465
295466
295467
295468
295498
295499
295500
295501
295502
295503
295504
295505
295506
295507
295534
295537
295538
295539
295540
295541
295542
295543
295555
295558
295559
295560
295561
295562
295563
295564
295565
295566
295568
295569
295574
295577
295578
295579
295580
295581
295582
295583
295584
295585
295586
295587
295588
295589
295590
295591
295602
295604
295605
295607
295610
295707
295708
295710
295711
295712
295713
295714
295715
295716
295717
295718
295720
295744
295745
295746
295747
295748
295749
295750
295751
295752
295753
295754
295755
295756
295757
295758
295759
295761
295762
295796
295799
295800
295801
295802
295803
295804
295805
295843
295844
295845
295846
295847
295848
295849
295850
295851
295852
295882
295883
295884
295885
295886
295887
295888
295889
295890
295891
295918
295921
295922
295923
295924
295925
295926
295927
295939
295942
295943
295944
295945
295946
295947
295948
295949
295950
295952
295953
295958
295961
295962
295963
295964
295965
295966
295967
295968
295969
295970
295971
295972
295973
295974
295975
295986
295988
295989
295991
295994
296091
296092
296094
296095
296096
296097
296098
296099
296100
296101
296102
296104
296128
296129
296130
296131
296132
296133
296134
296135
296136
296137
296138
296139
296140
296141
296142
296143
296145
296146
296180
296183
296184
296185
296186
296187
296188
296189
296227
296228
296229
296230
296231
296232
296233
296234
296235
296236
296266
296267
296268
296269
296270
296271
296272
296273
296274
296275
296302
296305
296306
296307
296308
296309
296310
296311
296323
296326
296327
296328
296329
296330
296331
296332
296333
296334
296336
296337
296342
296345
296346
296347
296348
296349
296350
296351
296352
296353
296354
296355
296356
296357
296358
296359
296370
296372
296373
296375
296378
296475
296476
296478
296479
296480
296481
296482
296483
296484
296485
296486
296488
296512
296513
296514
296515
296516
296517
296518
296519
296520
296521
296522
296523
296524
296525
296526
296527
296529
296530
296564
296567
296568
296569
296570
296571
296572
296573
296611
296612
296613
296614
296615
296616
296617
296618
296619
296620
296650
296651
296652
296653
296654
296655
296656
296657
296658
296659
296686
296689
296690
296691
296692
296693
296694
296695
296707
296710
296711
296712
296713
296714
296715
296716
296717
296718
296720
296721
296726
296729
296730
296731
296732
296733
296734
296735
296736
296737
296738
296739
296740
296741
296742
296743
296754
296756
296757
296759
296762
296859
296860
296862
296863
296864
296865
296866
296867
296868
296869
296870
296872
296896
296897
296898
296899
296900
296901
296902
296903
296904
296905
296906
296907
296908
296909
296910
296911
296913
296914
296948
296951
296952
296953
296954
296955
296956
296957
296995
296996
296997
296998
296999
297000
297001
297002
297003
297004
297034
297035
297036
297037
297038
297039
297040
297041
297042
297043
297070
297073
297074
297075
297076
297077
297078
297079
297091
297094
297095
297096
297097
297098
297099
297100
297101
297102
297104
297105
297110
297113
297114
297115
297116
297117
297118
297119
297120
297121
297122
297123
297124
297125
297126
297127
297138
297140
297141
297143
297146
297243
297244
297246
297247
297248
297249
297250
297251
297252
297253
297254
297256
297280
297281
297282
297283
297284
297285
297286
297287
297288
297289
297290
297291
297292
297293
297294
297295
297297
297298
297332
297335
297336
297337
297338
297339
297340
297341
297379
297380
297381
297382
297383
297384
297385
297386
297387
297388
297418
297419
297420
297421
297422
297423
297424
297425
297426
297427
297454
297457
297458
297459
297460
297461
297462
297463
297475
297478
297479
297480
297481
297482
297483
297484
297485
297486
297488
297489
297494
297497
297498
297499
297500
297501
297502
297503
297504
297505
297506
297507
297508
297509
297510
297511
297522
297524
297525
297527
297530
297627
297628
297630
297631
297632
297633
297634
297635
297636
297637
297638
297640
297664
297665
297666
297667
297668
297669
297670
297671
297672
297673
297674
297675
297676
297677
297678
297679
297681
297682
297716
297719
297720
297721
297722
297723
297724
297725
297763
297764
297765
297766
297767
297768
297769
297770
297771
297772
297802
297803
297804
297805
297806
297807
297808
297809
297810
297811
297838
297841
297842
297843
297844
297845
297846
297847
297859
297862
297863
297864
297865
297866
297867
297868
297869
297870
297872
297873
297878
297881
297882
297883
297884
297885
297886
297887
297888
297889
297890
297891
297892
297893
297894
297895
297906
297908
297909
297911
297914
298011
298012
298014
298015
298016
298017
298018
298019
298020
298021
298022
298024
298048
298049
298050
298051
298052
298053
298054
298055
298056
298057
298058
298059
298060
298061
298062
298063
298065
298066
298100
298103
298104
298105
298106
298107
298108
298109
298147
298148
298149
298150
298151
298152
298153
298154
298155
298156
298186
298187
298188
298189
298190
298191
298192
298193
298194
298195
298222
298225
298226
298227
298228
298229
298230
298231
298243
298246
298247
298248
298249
298250
298251
298252
298253
298254
298256
298257
298262
298265
298266
298267
298268
298269
298270
298271
298272
298273
298274
298275
298276
298277
298278
298279
298290
298292
298293
298295
298298
298395
298396
298398
298399
298400
298401
298402
298403
298404
298405
298406
298408
298432
298433
298434
298435
298436
298437
298438
298439
298440
298441
298442
298443
298444
298445
298446
298447
298449
298450
298484
298487
298488
298489
298490
298491
298492
298493
298531
298532
298533
298534
298535
298536
298537
298538
298539
298540
298570
298571
298572
298573
298574
298575
298576
298577
298578
298579
298606
298609
298610
298611
298612
298613
298614
298615
298627
298630
298631
298632
298633
298634
298635
298636
298637
298638
298640
298641
298646
298649
298650
298651
298652
298653
298654
298655
298656
298657
298658
298659
298660
298661
298662
298663
298674
298676
298677
298679
298682
298779
298780
298782
298783
298784
298785
298786
298787
298788
298789
298790
298792
298816
298817
298818
298819
298820
298821
298822
298823
298824
298825
298826
298827
298828
298829
298830
298831
298833
298834
298868
298871
298872
298873
298874
298875
298876
298877
298915
298916
298917
298918
298919
298920
298921
298922
298923
298924
298954
298955
298956
298957
298958
298959
298960
298961
298962
298963
298990
298993
298994
298995
298996
298997
298998
298999
299011
299014
299015
299016
299017
299018
299019
299020
299021
299022
299024
299025
299030
299033
299034
299035
299036
299037
299038
299039
299040
299041
299042
299043
299044
299045
299046
299047
299058
299060
299061
299063
299066
299163
299164
299166
299167
299168
299169
299170
299171
299172
299173
299174
299176
299200
299201
299202
299203
299204
299205
299206
299207
299208
299209
299210
299211
299212
299213
299214
299215
299217
299218
299252
299255
299256
299257
299258
299259
299260
299261
299299
299300
299301
299302
299303
299304
299305
299306
299307
299308
299338
299339
299340
299341
299342
299343
299344
299345
299346
299347
299374
299377
299378
299379
299380
299381
299382
299383
299395
299398
299399
299400
299401
299402
299403
299404
299405
299406
299408
299409
299414
299417
299418
299419
299420
299421
299422
299423
299424
299425
299426
299427
299428
299429
299430
299431
299442
299444
299445
299447
299450
299547
299548
299550
299551
299552
299553
299554
299555
299556
299557
299558
299560
299584
299585
299586
299587
299588
299589
299590
299591
299592
299593
299594
299595
299596
299597
299598
299599
299601
299602
299636
299639
299640
299641
299642
299643
299644
299645
299683
299684
299685
299686
299687
299688
299689
299690
299691
299692
299722
299723
299724
299725
299726
299727
299728
299729
299730
299731
299758
299761
299762
299763
299764
299765
299766
299767
299779
299782
299783
299784
299785
299786
299787
299788
299789
299790
299792
299793
299798
299801
299802
299803
299804
299805
299806
299807
299808
299809
299810
299811
299812
299813
299814
299815
299826
299828
299829
299831
299834
299931
299932
299934
299935
299936
299937
299938
299939
299940
299941
299942
299944
299968
299969
299970
299971
299972
299973
299974
299975
299976
299977
299978
299979
299980
299981
299982
299983
299985
299986
300020
300023
300024
300025
300026
300027
300028
300029
300067
300068
300069
300070
300071
300072
300073
300074
300075
300076
300106
300107
300108
300109
300110
300111
300112
300113
300114
300115
300142
300145
300146
300147
300148
300149
300150
300151
300163
300166
300167
300168
300169
300170
300171
300172
300173
300174
300176
300177
300182
300185
300186
300187
300188
300189
300190
300191
300192
300193
300194
300195
300196
300197
300198
300199
300210
300212
300213
300215
300218
300315
300316
300318
300319
300320
300321
300322
300323
300324
300325
300326
300328
300352
300353
300354
300355
300356
300357
300358
300359
300360
300361
300362
300363
300364
300365
300366
300367
300369
300370
300404
300407
300408
300409
300410
300411
300412
300413
300451
300452
300453
300454
300455
300456
300457
300458
300459
300460
300490
300491
300492
300493
300494
300495
300496
300497
300498
300499
300526
300529
300530
300531
300532
300533
300534
300535
300547
300550
300551
300552
300553
300554
300555
300556
300557
300558
300560
300561
300566
300569
300570
300571
300572
300573
300574
300575
300576
300577
300578
300579
300580
300581
300582
300583
300594
300596
300597
300599
300602
300699
300700
300702
300703
300704
300705
300706
300707
300708
300709
300710
300712
300736
300737
300738
300739
300740
300741
300742
300743
300744
300745
300746
300747
300748
300749
300750
300751
300753
300754
300788
300791
300792
300793
300794
300795
300796
300797
300835
300836
300837
300838
300839
300840
300841
300842
300843
300844
300874
300875
300876
300877
300878
300879
300880
300881
300882
300883
300910
300913
300914
300915
300916
300917
300918
300919
300931
300934
300935
300936
300937
300938
300939
300940
300941
300942
300944
300945
300950
300953
300954
300955
300956
300957
300958
300959
300960
300961
300962
300963
300964
300965
300966
300967
300978
300980
300981
300983
300986
301083
301084
301086
301087
301088
301089
301090
301091
301092
301093
301094
301096
301120
301121
301122
301123
301124
301125
301126
301127
301128
301129
301130
301131
301132
301133
301134
301135
301137
301138
301172
301175
301176
301177
301178
301179
301180
301181
301219
301220
301221
301222
301223
301224
301225
301226
301227
301228
301258
301259
301260
301261
301262
301263
301264
301265
301266
301267
301294
301297
301298
301299
301300
301301
301302
301303
301315
301318
301319
301320
301321
301322
301323
301324
301325
301326
301328
301329
301334
301337
301338
301339
301340
301341
301342
301343
301344
301345
301346
301347
301348
301349
301350
301351
301362
301364
301365
301367
301370
301467
301468
301470
301471
301472
301473
301474
301475
301476
301477
301478
301480
301504
301505
301506
301507
301508
301509
301510
301511
301512
301513
301514
301515
301516
301517
301518
301519
301521
301522
301556
301559
301560
301561
301562
301563
301564
301565
301603
301604
301605
301606
301607
301608
301609
301610
301611
301612
301642
301643
301644
301645
301646
301647
301648
301649
301650
301651
301678
301681
301682
301683
301684
301685
301686
301687
301699
301702
301703
301704
301705
301706
301707
301708
301709
301710
301712
301713
301718
301721
301722
301723
301724
301725
301726
301727
301728
301729
301730
301731
301732
301733
301734
301735
301746
301748
301749
301751
301754
301851
301852
301854
301855
301856
301857
301858
301859
301860
301861
301862
301864
301888
301889
301890
301891
301892
301893
301894
301895
301896
301897
301898
301899
301900
301901
301902
301903
301905
301906
301940
301943
301944
301945
301946
301947
301948
301949
301987
301988
301989
301990
301991
301992
301993
301994
301995
301996
302026
302027
302028
302029
302030
302031
302032
302033
302034
302035
302062
302065
302066
302067
302068
302069
302070
302071
302083
302086
302087
302088
302089
302090
302091
302092
302093
302094
302096
302097
302102
302105
302106
302107
302108
302109
302110
302111
302112
302113
302114
302115
302116
302117
302118
302119
302130
302132
302133
302135
302138
302235
302236
302238
302239
302240
302241
302242
302243
302244
302245
302246
302248
302272
302273
302274
302275
302276
302277
302278
302279
302280
302281
302282
302283
302284
302285
302286
302287
302289
302290
302324
302327
302328
302329
302330
302331
302332
302333
302371
302372
302373
302374
302375
302376
302377
302378
302379
302380
302410
302411
302412
302413
302414
302415
302416
302417
302418
302419
302446
302449
302450
302451
302452
302453
302454
302455
302467
302470
302471
302472
302473
302474
302475
302476
302477
302478
302480
302481
302486
302489
302490
302491
302492
302493
302494
302495
302496
302497
302498
302499
302500
302501
302502
302503
302514
302516
302517
302519
302522
302619
302620
302622
302623
302624
302625
302626
302627
302628
302629
302630
302632
302656
302657
302658
302659
302660
302661
302662
302663
302664
302665
302666
302667
302668
302669
302670
302671
302673
302674
302708
302711
302712
302713
302714
302715
302716
302717
302755
302756
302757
302758
302759
302760
302761
302762
302763
302764
302794
302795
302796
302797
302798
302799
302800
302801
302802
302803
302830
302833
302834
302835
302836
302837
302838
302839
302851
302854
302855
302856
302857
302858
302859
302860
302861
302862
302864
302865
302870
302873
302874
302875
302876
302877
302878
302879
302880
302881
302882
302883
302884
302885
302886
302887
302898
302900
302901
302903
302906
303003
303004
303006
303007
303008
303009
303010
303011
303012
303013
303014
303016
303040
303041
303042
303043
303044
303045
303046
303047
303048
303049
303050
303051
303052
303053
303054
303055
303057
303058
303092
303095
303096
303097
303098
303099
303100
303101
303139
303140
303141
303142
303143
303144
303145
303146
303147
303148
303178
303179
303180
303181
303182
303183
303184
303185
303186
303187
303214
303217
303218
303219
303220
303221
303222
303223
303235
303238
303239
303240
303241
303242
303243
303244
303245
303246
303248
303249
303254
303257
303258
303259
303260
303261
303262
303263
303264
303265
303266
303267
303268
303269
303270
303271
303282
303284
303285
303287
303290
303387
303388
303390
303391
303392
303393
303394
303395
303396
303397
303398
303400
303424
303425
303426
303427
303428
303429
303430
303431
303432
303433
303434
303435
303436
303437
303438
303439
303441
303442
303476
303479
303480
303481
303482
303483
303484
303485
303523
303524
303525
303526
303527
303528
303529
303530
303531
303532
303562
303563
303564
303565
303566
303567
303568
303569
303570
303571
303598
303601
303602
303603
303604
303605
303606
303607
303619
303622
303623
303624
303625
303626
303627
303628
303629
303630
303632
303633
303638
303641
303642
303643
303644
303645
303646
303647
303648
303649
303650
303651
303652
303653
303654
303655
303666
303668
303669
303671
303674
303771
303772
303774
303775
303776
303777
303778
303779
303780
303781
303782
303784
303808
303809
303810
303811
303812
303813
303814
303815
303816
303817
303818
303819
303820
303821
303822
303823
303825
303826
303860
303863
303864
303865
303866
303867
303868
303869
303907
303908
303909
303910
303911
303912
303913
303914
303915
303916
303946
303947
303948
303949
303950
303951
303952
303953
303954
303955
303982
303985
303986
303987
303988
303989
303990
303991
304003
304006
304007
304008
304009
304010
304011
304012
304013
304014
304016
304017
304022
304025
304026
304027
304028
304029
304030
304031
304032
304033
304034
304035
304036
304037
304038
304039
304050
304052
304053
304055
304058
304155
304156
304158
304159
304160
304161
304162
304163
304164
304165
304166
304168
304192
304193
304194
304195
304196
304197
304198
304199
304200
304201
304202
304203
304204
304205
304206
304207
304209
304210
304244
304247
304248
304249
304250
304251
304252
304253
304291
304292
304293
304294
304295
304296
304297
304298
304299
304300
304330
304331
304332
304333
304334
304335
304336
304337
304338
304339
304366
304369
304370
304371
304372
304373
304374
304375
304387
304390
304391
304392
304393
304394
304395
304396
304397
304398
304400
304401
304406
304409
304410
304411
304412
304413
304414
304415
304416
304417
304418
304419
304420
304421
304422
304423
304434
304436
304437
304439
304442
304539
304540
304542
304543
304544
304545
304546
304547
304548
304549
304550
304552
304576
304577
304578
304579
304580
304581
304582
304583
304584
304585
304586
304587
304588
304589
304590
304591
304593
304594
304628
304631
304632
304633
304634
304635
304636
304637
304675
304676
304677
304678
304679
304680
304681
304682
304683
304684
304714
304715
304716
304717
304718
304719
304720
304721
304722
304723
304750
304753
304754
304755
304756
304757
304758
304759
304771
304774
304775
304776
304777
304778
304779
304780
304781
304782
304784
304785
304790
304793
304794
304795
304796
304797
304798
304799
304800
304801
304802
304803
304804
304805
304806
304807
304818
304820
304821
304823
304826
304923
304924
304926
304927
304928
304929
304930
304931
304932
304933
304934
304936
304960
304961
304962
304963
304964
304965
304966
304967
304968
304969
304970
304971
304972
304973
304974
304975
304977
304978
305012
305015
305016
305017
305018
305019
305020
305021
305059
305060
305061
305062
305063
305064
305065
305066
305067
305068
305098
305099
305100
305101
305102
305103
305104
305105
305106
305107
305134
305137
305138
305139
305140
305141
305142
305143
305155
305158
305159
305160
305161
305162
305163
305164
305165
305166
305168
305169
305174
305177
305178
305179
305180
305181
305182
305183
305184
305185
305186
305187
305188
305189
305190
305191
305202
305204
305205
305207
305210
305307
305308
305310
305311
305312
305313
305314
305315
305316
305317
305318
305320
305344
305345
305346
305347
305348
305349
305350
305351
305352
305353
305354
305355
305356
305357
305358
305359
305361
305362
305396
305399
305400
305401
305402
305403
305404
305405
305443
305444
305445
305446
305447
305448
305449
305450
305451
305452
305482
305483
305484
305485
305486
305487
305488
305489
305490
305491
305518
305521
305522
305523
305524
305525
305526
305527
305539
305542
305543
305544
305545
305546
305547
305548
305549
305550
305552
305553
305558
305561
305562
305563
305564
305565
305566
305567
305568
305569
305570
305571
305572
305573
305574
305575
305586
305588
305589
305591
305594
305691
305692
305694
305695
305696
305697
305698
305699
305700
305701
305702
305704
305728
305729
305730
305731
305732
305733
305734
305735
305736
305737
305738
305739
305740
305741
305742
305743
305745
305746
305780
305783
305784
305785
305786
305787
305788
305789
305827
305828
305829
305830
305831
305832
305833
305834
305835
305836
305866
305867
305868
305869
305870
305871
305872
305873
305874
305875
305902
305905
305906
305907
305908
305909
305910
305911
305923
305926
305927
305928
305929
305930
305931
305932
305933
305934
305936
305937
305942
305945
305946
305947
305948
305949
305950
305951
305952
305953
305954
305955
305956
305957
305958
305959
305970
305972
305973
305975
305978
306075
306076
306078
306079
306080
306081
306082
306083
306084
306085
306086
306088
306112
306113
306114
306115
306116
306117
306118
306119
306120
306121
306122
306123
306124
306125
306126
306127
306129
306130
306164
306167
306168
306169
306170
306171
306172
306173
306211
306212
306213
306214
306215
306216
306217
306218
306219
306220
306250
306251
306252
306253
306254
306255
306256
306257
306258
306259
306286
306289
306290
306291
306292
306293
306294
306295
306307
306310
306311
306312
306313
306314
306315
306316
306317
306318
306320
306321
306326
306329
306330
306331
306332
306333
306334
306335
306336
306337
306338
306339
306340
306341
306342
306343
306354
306356
306357
306359
306362
306459
306460
306462
306463
306464
306465
306466
306467
306468
306469
306470
306472
306496
306497
306498
306499
306500
306501
306502
306503
306504
306505
306506
306507
306508
306509
306510
306511
306513
306514
306548
306551
306552
306553
306554
306555
306556
306557
306595
306596
306597
306598
306599
306600
306601
306602
306603
306604
306634
306635
306636
306637
306638
306639
306640
306641
306642
306643
306670
306673
306674
306675
306676
306677
306678
306679
306691
306694
306695
306696
306697
306698
306699
306700
306701
306702
306704
306705
306710
306713
306714
306715
306716
306717
306718
306719
306720
306721
306722
306723
306724
306725
306726
306727
306738
306740
306741
306743
306746
306843
306844
306846
306847
306848
306849
306850
306851
306852
306853
306854
306856
306880
306881
306882
306883
306884
306885
306886
306887
306888
306889
306890
306891
306892
306893
306894
306895
306897
306898
306932
306935
306936
306937
306938
306939
306940
306941
306979
306980
306981
306982
306983
306984
306985
306986
306987
306988
307018
307019
307020
307021
307022
307023
307024
307025
307026
307027
307054
307057
307058
307059
307060
307061
307062
307063
307075
307078
307079
307080
307081
307082
307083
307084
307085
307086
307088
307089
307094
307097
307098
307099
307100
307101
307102
307103
307104
307105
307106
307107
307108
307109
307110
307111
307122
307124
307125
307127
307130
307227
307228
307230
307231
307232
307233
307234
307235
307236
307237
307238
307240
307264
307265
307266
307267
307268
307269
307270
307271
307272
307273
307274
307275
307276
307277
307278
307279
307281
307282
307316
307319
307320
307321
307322
307323
307324
307325
307363
307364
307365
307366
307367
307368
307369
307370
307371
307372
307402
307403
307404
307405
307406
307407
307408
307409
307410
307411
307438
307441
307442
307443
307444
307445
307446
307447
307459
307462
307463
307464
307465
307466
307467
307468
307469
307470
307472
307473
307478
307481
307482
307483
307484
307485
307486
307487
307488
307489
307490
307491
307492
307493
307494
307495
307506
307508
307509
307511
307514
307611
307612
307614
307615
307616
307617
307618
307619
307620
307621
307622
307624
307648
307649
307650
307651
307652
307653
307654
307655
307656
307657
307658
307659
307660
307661
307662
307663
307665
307666
307700
307703
307704
307705
307706
307707
307708
307709
307747
307748
307749
307750
307751
307752
307753
307754
307755
307756
307786
307787
307788
307789
307790
307791
307792
307793
307794
307795
307822
307825
307826
307827
307828
307829
307830
307831
307843
307846
307847
307848
307849
307850
307851
307852
307853
307854
307856
307857
307862
307865
307866
307867
307868
307869
307870
307871
307872
307873
307874
307875
307876
307877
307878
307879
307890
307892
307893
307895
307898
307995
307996
307998
307999
308000
308001
308002
308003
308004
308005
308006
308008
308032
308033
308034
308035
308036
308037
308038
308039
308040
308041
308042
308043
308044
308045
308046
308047
308049
308050
308084
308087
308088
308089
308090
308091
308092
308093
308131
308132
308133
308134
308135
308136
308137
308138
308139
308140
308170
308171
308172
308173
308174
308175
308176
308177
308178
308179
308206
308209
308210
308211
308212
308213
308214
308215
308227
308230
308231
308232
308233
308234
308235
308236
308237
308238
308240
308241
308246
308249
308250
308251
308252
308253
308254
308255
308256
308257
308258
308259
308260
308261
308262
308263
308274
308276
308277
308279
308282
308379
308380
308382
308383
308384
308385
308386
308387
308388
308389
308390
308392
308416
308417
308418
308419
308420
308421
308422
308423
308424
308425
308426
308427
308428
308429
308430
308431
308433
308434
308468
308471
308472
308473
308474
308475
308476
308477
308515
308516
308517
308518
308519
308520
308521
308522
308523
308524
308554
308555
308556
308557
308558
308559
308560
308561
308562
308563
308590
308593
308594
308595
308596
308597
308598
308599
308611
308614
308615
308616
308617
308618
308619
308620
308621
308622
308624
308625
308630
308633
308634
308635
308636
308637
308638
308639
308640
308641
308642
308643
308644
308645
308646
308647
308658
308660
308661
308663
308666
308763
308764
308766
308767
308768
308769
308770
308771
308772
308773
308774
308776
308800
308801
308802
308803
308804
308805
308806
308807
308808
308809
308810
308811
308812
308813
308814
308815
308817
308818
308852
308855
308856
308857
308858
308859
308860
308861
308899
308900
308901
308902
308903
308904
308905
308906
308907
308908
308938
308939
308940
308941
308942
308943
308944
308945
308946
308947
308974
308977
308978
308979
308980
308981
308982
308983
308995
308998
308999
309000
309001
309002
309003
309004
309005
309006
309008
309009
309014
309017
309018
309019
309020
309021
309022
309023
309024
309025
309026
309027
309028
309029
309030
309031
309042
309044
309045
309047
309050
309147
309148
309150
309151
309152
309153
309154
309155
309156
309157
309158
309160
309184
309185
309186
309187
309188
309189
309190
309191
309192
309193
309194
309195
309196
309197
309198
309199
309201
309202
309236
309239
309240
309241
309242
309243
309244
309245
309283
309284
309285
309286
309287
309288
309289
309290
309291
309292
309322
309323
309324
309325
309326
309327
309328
309329
309330
309331
309358
309361
309362
309363
309364
309365
309366
309367
309379
309382
309383
309384
309385
309386
309387
309388
309389
309390
309392
309393
309398
309401
309402
309403
309404
309405
309406
309407
309408
309409
309410
309411
309412
309413
309414
309415
309426
309428
309429
309431
309434
309522
309523
309524
309525
309526
309527
309528
309529
309531
309550
309551
309552
309553
309554
309555
309556
309557
309558
309559
309560
309562
309587
309589
309590
309591
309592
309593
309620
309621
309622
309623
309624
309625
309626
309648
309649
309650
309651
309652
309653
309654
309673
309675
309676
309677
309678
309679
309688
309690
309691
309692
309693
309694
309695
309696
309697
309699
309703
309705
309706
309707
309708
309709
309710
309711
309712
309713
309714
309722
309724
311603
311604
311607
311608
311609
311610
311611
311612
311615
311616
311618
311619
311620
311621
311623
311624
311625
311626
311627
311628
311629
311631
311632
311634
311635
311636
311637
311638
311639
311710
311711
311714
311715
311716
311717
311718
311719
311722
311723
311725
311726
311727
311728
311730
311731
311732
311733
311734
311735
311736
311738
311739
311741
311742
311743
311744
311745
311746
311791
311792
311819
311820
311847
311848
311875
311876
311903
311904
311931
311932
311959
311960
311987
311988
312015
312016
312043
312044
312071
312072
312099
312100
312127
312128
312155
312156
312183
312184
312211
312212
312239
312240
312267
312268
312295
312296
312323
312324
312351
312352
312379
312380
312407
312408
312435
312436
312463
312464
312491
312492
312519
312520
312547
312548
312575
312576
312603
312604
312631
312632
312659
312660
312687
312688
312715
312716
312743
312744
312771
312772
312799
312800
312827
312828
312855
312856
312883
312884
312911
312912
312939
312940
312967
312968
312995
312996
313023
313024
313051
313052
313079
313080
313107
313108
313135
313136
313163
313164
313191
313192
313219
313220
313247
313248
313275
313276
313303
313304
313331
313332
313359
313360
313387
313388
313415
313416
313443
313444
313471
313472
313499
313500
313527
313528
313555
313556
313583
313584
313611
313612
313639
313640
313667
313668
313695
313696
313723
313724
313751
313752
313779
313780
313807
313808
313835
313836
313863
313864
313891
313892
313919
313920
313947
313948
313975
313976
314003
314004
314031
314032
314059
314060
314087
314088
314115
314116
314143
314144
314171
314172
314199
314200
314227
314228
314255
314256
314283
314284
314311
314312
314339
314340
314367
314368
314395
314396
314423
314424
314451
314452
314479
314480
314507
314508
314535
314536
314563
314564
314591
314592
314619
314620
314647
314648
314675
314676
314703
314704
314731
314732
314759
314760
314787
314788
314815
314816
314843
314844
314871
314872
314899
314900
314927
314928
314955
314956
314983
314984
315011
315012
315039
315040
315067
315068
315095
315096
315123
315124
315151
315152
315179
315180
315207
315208
315235
315236
315263
315264
315291
315292
315319
315320
315347
315348
315375
315376
315403
315404
315431
315432
315459
315460
315487
315488
315515
315516
315543
315544
315571
315572
315599
315600
315627
315628
315655
315656
315683
315684
315711
315712
315739
315740
315767
315768
315795
315796
315823
315824
315851
315852
315879
315880
315907
315908
315935
315936
315963
315964
315991
315992
316019
316020
316047
316048
316075
316076
316103
316104
316131
316132
316159
316160
316187
316188
316215
316216
316243
316244
316271
316272
316299
316300
316327
316328
316355
316356
316383
316384
316411
316412
316439
316440
316467
316468
316495
316496
316523
316524
316551
316552
316579
316580
316607
316608
316635
316636
316663
316664
316691
316692
316719
316720
316747
316748
316775
316776
316803
316804
316831
316832
316859
316860
316887
316888
316915
316916
316943
316944
316971
316972
316999
317000
317027
317028
317055
317056
317083
317084
317111
317112
317139
317140
317167
317168
317195
317196
317223
317224
317251
317252
317279
317280
317307
317308
317335
317336
317363
317364
317427
317429
317431
317433
317434
317435
317436
317438
317440
317441
317442
317443
317553
317555
317557
317559
317560
317561
317562
317564
317566
317567
317568
317569
317679
317681
317683
317685
317686
317687
317688
317690
317692
317693
317694
317695
317805
317807
317809
317811
317812
317813
317814
317816
317818
317819
317820
317821
317931
317933
317935
317937
317938
317939
317940
317942
317944
317945
317946
317947
318057
318059
318061
318063
318064
318065
318066
318068
318070
318071
318072
318073
318183
318185
318187
318189
318190
318191
318192
318194
318196
318197
318198
318199
318309
318311
318313
318315
318316
318317
318318
318320
318322
318323
318324
318325
318435
318437
318439
318441
318442
318443
318444
318446
318448
318449
318450
318451
318561
318563
318565
318567
318568
318569
318570
318572
318574
318575
318576
318577
318687
318689
318691
318693
318694
318695
318696
318698
318700
318701
318702
318703
318813
318815
318817
318819
318820
318821
318822
318824
318826
318827
318828
318829
318939
318941
318943
318945
318946
318947
318948
318950
318952
318953
318954
318955
319065
319067
319069
319071
319072
319073
319074
319076
319078
319079
319080
319081
319191
319193
319195
319197
319198
319199
319200
319202
319204
319205
319206
319207
319317
319319
319321
319323
319324
319325
319326
319328
319330
319331
319332
319333
319443
319445
319447
319449
319450
319451
319452
319454
319456
319457
319458
319459
319569
319571
319573
319575
319576
319577
319578
319580
319582
319583
319584
319585
319695
319697
319699
319701
319702
319703
319704
319706
319708
319709
319710
319711
319821
319823
319825
319827
319828
319829
319830
319832
319834
319835
319836
319837
319947
319949
319951
319953
319954
319955
319956
319958
319960
319961
319962
319963
320073
320075
320077
320079
320080
320081
320082
320084
320086
320087
320088
320089
320199
320201
320203
320205
320206
320207
320208
320210
320212
320213
320214
320215
320325
320327
320329
320331
320332
320333
320334
320336
320338
320339
320340
320341
320451
320453
320455
320457
320458
320459
320460
320462
320464
320465
320466
320467
320577
320579
320581
320583
320584
320585
320586
320588
320590
320591
320592
320593
320703
320705
320707
320709
320710
320711
320712
320714
320716
320717
320718
320719
320829
320831
320833
320835
320836
320837
320838
320840
320842
320843
320844
320845
320955
320957
320959
320961
320962
320963
320964
320966
320968
320969
320970
320971
321081
321083
321085
321087
321088
321089
321090
321092
321094
321095
321096
321097
321207
321209
321211
321213
321214
321215
321216
321218
321220
321221
321222
321223
321333
321335
321337
321339
321340
321341
321342
321344
321346
321347
321348
321349
321459
321461
321463
321465
321466
321467
321468
321470
321472
321473
321474
321475
321585
321587
321589
321591
321592
321593
321594
321596
321598
321599
321600
321601
321711
321713
321715
321717
321718
321719
321720
321722
321724
321725
321726
321727
321837
321839
321841
321843
321844
321845
321846
321848
321850
321851
321852
321853
321963
321965
321967
321969
321970
321971
321972
321974
321976
321977
321978
321979
322089
322091
322093
322095
322096
322097
322098
322100
322102
322103
322104
322105
322215
322217
322219
322221
322222
322223
322224
322226
322228
322229
322230
322231
322341
322343
322345
322347
322348
322349
322350
322352
322354
322355
322356
322357
322467
322469
322471
322473
322474
322475
322476
322478
322480
322481
322482
322483
322593
322595
322597
322599
322600
322601
322602
322604
322606
322607
322608
322609
322719
322721
322723
322725
322726
322727
322728
322730
322732
322733
322734
322735
322845
322847
322849
322851
322852
322853
322854
322856
322858
322859
322860
322861
322971
322973
322975
322977
322978
322979
322980
322982
322984
322985
322986
322987
323097
323099
323101
323103
323104
323105
323106
323108
323110
323111
323112
323113
323223
323225
323227
323229
323230
323231
323232
323234
323236
323237
323238
323239
323349
323351
323353
323355
323356
323357
323358
323360
323362
323363
323364
323365
323475
323477
323479
323481
323482
323483
323484
323486
323488
323489
323490
323491
323601
323603
323605
323607
323608
323609
323610
323612
323614
323615
323616
323617
323727
323729
323731
323733
323734
323735
323736
323738
323740
323741
323742
323743
323853
323855
323857
323859
323860
323861
323862
323864
323866
323867
323868
323869
323979
323981
323983
323985
323986
323987
323988
323990
323992
323993
323994
323995
324105
324107
324109
324111
324112
324113
324114
324116
324118
324119
324120
324121
324231
324233
324235
324237
324238
324239
324240
324242
324244
324245
324246
324247
324357
324359
324361
324363
324364
324365
324366
324368
324370
324371
324372
324373
324483
324485
324487
324489
324490
324491
324492
324494
324496
324497
324498
324499
324609
324611
324613
324615
324616
324617
324618
324620
324622
324623
324624
324625
324735
324737
324739
324741
324742
324743
324744
324746
324748
324749
324750
324751
324861
324863
324865
324867
324868
324869
324870
324872
324874
324875
324876
324877
324987
324989
324991
324993
324994
324995
324996
324998
325000
325001
325002
325003
325113
325115
325117
325119
325120
325121
325122
325124
325126
325127
325128
325129
325239
325241
325243
325245
325246
325247
325248
325250
325252
325253
325254
325255
325365
325367
325369
325371
325372
325373
325374
325376
325378
325379
325380
325381
325491
325493
325495
325497
325498
325499
325500
325502
325504
325505
325506
325507
325617
325619
325621
325623
325624
325625
325626
325628
325630
325631
325632
325633
325743
325745
325747
325749
325750
325751
325752
325754
325756
325757
325758
325759
325869
325871
325873
325875
325876
325877
325878
325880
325882
325883
325884
325885
325995
325997
325999
326001
326002
326003
326004
326006
326008
326009
326010
326011
326121
326123
326125
326127
326128
326129
326130
326132
326134
326135
326136
326137
326247
326249
326251
326253
326254
326255
326256
326258
326260
326261
326262
326263
326373
326375
326377
326379
326380
326381
326382
326384
326386
326387
326388
326389
326499
326501
326503
326505
326506
326507
326508
326510
326512
326513
326514
326515
326625
326627
326629
326631
326632
326633
326634
326636
326638
326639
326640
326641
326751
326753
326755
326757
326758
326759
326760
326762
326764
326765
326766
326767
326877
326879
326881
326883
326884
326885
326886
326888
326890
326891
326892
326893
327003
327005
327007
327009
327010
327011
327012
327014
327016
327017
327018
327019
327129
327131
327133
327135
327136
327137
327138
327140
327142
327143
327144
327145
327255
327257
327259
327261
327262
327263
327264
327266
327268
327269
327270
327271
327381
327383
327385
327387
327388
327389
327390
327392
327394
327395
327396
327397
327507
327509
327511
327513
327514
327515
327516
327518
327520
327521
327522
327523
327633
327635
327637
327639
327640
327641
327642
327644
327646
327647
327648
327649
327759
327761
327763
327765
327766
327767
327768
327770
327772
327773
327774
327775
327885
327887
327889
327891
327892
327893
327894
327896
327898
327899
327900
327901
328011
328013
328015
328017
328018
328019
328020
328022
328024
328025
328026
328027
328137
328139
328141
328143
328144
328145
328146
328148
328150
328151
328152
328153
328263
328265
328267
328269
328270
328271
328272
328274
328276
328277
328278
328279
328389
328391
328393
328395
328396
328397
328398
328400
328402
328403
328404
328405
328515
328517
328519
328521
328522
328523
328524
328526
328528
328529
328530
328531
328641
328643
328645
328647
328648
328649
328650
328652
328654
328655
328656
328657
328767
328769
328771
328773
328774
328775
328776
328778
328780
328781
328782
328783
328893
328895
328897
328899
328900
328901
328902
328904
328906
328907
328908
328909
329019
329021
329023
329025
329026
329027
329028
329030
329032
329033
329034
329035
329145
329147
329149
329151
329152
329153
329154
329156
329158
329159
329160
329161
329271
329273
329275
329277
329278
329279
329280
329282
329284
329285
329286
329287
329397
329399
329401
329403
329404
329405
329406
329408
329410
329411
329412
329413
329523
329525
329527
329529
329530
329531
329532
329534
329536
329537
329538
329539
329649
329651
329653
329655
329656
329657
329658
329660
329662
329663
329664
329665
329775
329777
329779
329781
329782
329783
329784
329786
329788
329789
329790
329791
329901
329903
329905
329907
329908
329909
329910
329912
329914
329915
329916
329917
330027
330029
330031
330033
330034
330035
330036
330038
330040
330041
330042
330043
330153
330155
330157
330159
330160
330161
330162
330164
330166
330167
330168
330169
330279
330281
330283
330285
330286
330287
330288
330290
330292
330293
330294
330295
330405
330407
330409
330411
330412
330413
330414
330416
330418
330419
330420
330421
330531
330533
330535
330537
330538
330539
330540
330542
330544
330545
330546
330547
330657
330659
330661
330663
330664
330665
330666
330668
330670
330671
330672
330673
330783
330785
330787
330789
330790
330791
330792
330794
330796
330797
330798
330799
330909
330911
330913
330915
330916
330917
330918
330920
330922
330923
330924
330925
331035
331037
331039
331041
331042
331043
331044
331046
331048
331049
331050
331051
331161
331163
331165
331167
331168
331169
331170
331172
331174
331175
331176
331177
331287
331289
331291
331293
331294
331295
331296
331298
331300
331301
331302
331303
331413
331415
331417
331419
331420
331421
331422
331424
331426
331427
331428
331429
331539
331541
331543
331545
331546
331547
331548
331550
331552
331553
331554
331555
331665
331667
331669
331671
331672
331673
331674
331676
331678
331679
331680
331681
331791
331793
331795
331797
331798
331799
331800
331802
331804
331805
331806
331807
331917
331919
331921
331923
331924
331925
331926
331928
331930
331931
331932
331933
332043
332045
332047
332049
332050
332051
332052
332054
332056
332057
332058
332059
332169
332171
332173
332175
332176
332177
332178
332180
332182
332183
332184
332185
332295
332297
332299
332301
332302
332303
332304
332306
332308
332309
332310
332311
332421
332423
332425
332427
332428
332429
332430
332432
332434
332435
332436
332437
332547
332549
332551
332553
332554
332555
332556
332558
332560
332561
332562
332563
332673
332675
332677
332679
332680
332681
332682
332684
332686
332687
332688
332689
332799
332801
332803
332805
332806
332807
332808
332810
332812
332813
332814
332815
332925
332927
332929
332931
332932
332933
332934
332936
332938
332939
332940
332941
333051
333053
333055
333057
333058
333059
333060
333062
333064
333065
333066
333067
333177
333179
333181
333183
333184
333185
333186
333188
333190
333191
333192
333193
333303
333305
333307
333309
333310
333311
333312
333314
333316
333317
333318
333319
333429
333431
333433
333435
333436
333437
333438
333440
333442
333443
333444
333445
333555
333557
333559
333561
333562
333563
333564
333566
333568
333569
333570
333571
333681
333683
333685
333687
333688
333689
333690
333692
333694
333695
333696
333697
333807
333809
333811
333813
333814
333815
333816
333818
333820
333821
333822
333823
333933
333935
333937
333939
333940
333941
333942
333944
333946
333947
333948
333949
334059
334061
334063
334065
334066
334067
334068
334070
334072
334073
334074
334075
334185
334187
334189
334191
334192
334193
334194
334196
334198
334199
334200
334201
334311
334313
334315
334317
334318
334319
334320
334322
334324
334325
334326
334327
334437
334439
334441
334443
334444
334445
334446
334448
334450
334451
334452
334453
334563
334565
334567
334569
334570
334571
334572
334574
334576
334577
334578
334579
334689
334691
334693
334695
334696
334697
334698
334700
334702
334703
334704
334705
334815
334817
334819
334821
334822
334823
334824
334826
334828
334829
334830
334831
334941
334943
334945
334947
334948
334949
334950
334952
334954
334955
334956
334957
335067
335069
335071
335073
335074
335075
335076
335078
335080
335081
335082
335083
335193
335195
335197
335199
335200
335201
335202
335204
335206
335207
335208
335209
335319
335321
335323
335325
335326
335327
335328
335330
335332
335333
335334
335335
335445
335447
335449
335451
335452
335453
335454
335456
335458
335459
335460
335461
335571
335573
335575
335577
335578
335579
335580
335582
335584
335585
335586
335587
335697
335699
335701
335703
335704
335705
335706
335708
335710
335711
335712
335713
335823
335825
335827
335829
335830
335831
335832
335834
335836
335837
335838
335839
335949
335951
335953
335955
335956
335957
335958
335960
335962
335963
335964
335965
336075
336077
336079
336081
336082
336083
336084
336086
336088
336089
336090
336091
336201
336203
336205
336207
336208
336209
336210
336212
336214
336215
336216
336217
336327
336329
336331
336333
336334
336335
336336
336338
336340
336341
336342
336343
336453
336455
336457
336459
336460
336461
336462
336464
336466
336467
336468
336469
336579
336581
336583
336585
336586
336587
336588
336590
336592
336593
336594
336595
336705
336707
336709
336711
336712
336713
336714
336716
336718
336719
336720
336721
336831
336833
336835
336837
336838
336839
336840
336842
336844
336845
336846
336847
336957
336959
336961
336963
336964
336965
336966
336968
336970
336971
336972
336973
337083
337085
337087
337089
337090
337091
337092
337094
337096
337097
337098
337099
337209
337211
337213
337215
337216
337217
337218
337220
337222
337223
337224
337225
337335
337337
337339
337341
337342
337343
337344
337346
337348
337349
337350
337351
337461
337463
337465
337467
337468
337469
337470
337472
337474
337475
337476
337477
337587
337589
337591
337593
337594
337595
337596
337598
337600
337601
337602
337603
337713
337715
337717
337719
337720
337721
337722
337724
337726
337727
337728
337729
337839
337841
337843
337845
337846
337847
337848
337850
337852
337853
337854
337855
337965
337967
337969
337971
337972
337973
337974
337976
337978
337979
337980
337981
338091
338093
338095
338097
338098
338099
338100
338102
338104
338105
338106
338107
338217
338219
338221
338223
338224
338225
338226
338228
338230
338231
338232
338233
338343
338345
338347
338349
338350
338351
338352
338354
338356
338357
338358
338359
338469
338471
338473
338475
338476
338477
338478
338480
338482
338483
338484
338485
338595
338597
338599
338601
338602
338603
338604
338606
338608
338609
338610
338611
338721
338723
338725
338727
338728
338729
338730
338732
338734
338735
338736
338737
338847
338849
338851
338853
338854
338855
338856
338858
338860
338861
338862
338863
338973
338975
338977
338979
338980
338981
338982
338984
338986
338987
338988
338989
339099
339101
339103
339105
339106
339107
339108
339110
339112
339113
339114
339115
339225
339227
339229
339231
339232
339233
339234
339236
339238
339239
339240
339241
339351
339353
339355
339357
339358
339359
339360
339362
339364
339365
339366
339367
339477
339479
339481
339483
339484
339485
339486
339488
339490
339491
339492
339493
339603
339605
339607
339609
339610
339611
339612
339614
339616
339617
339618
339619
339729
339731
339733
339735
339736
339737
339738
339740
339742
339743
339744
339745
339855
339857
339859
339861
339862
339863
339864
339866
339868
339869
339870
339871
339981
339983
339985
339987
339988
339989
339990
339992
339994
339995
339996
339997
340107
340109
340111
340113
340114
340115
340116
340118
340120
340121
340122
340123
340233
340235
340237
340239
340240
340241
340242
340244
340246
340247
340248
340249
340359
340361
340363
340365
340366
340367
340368
340370
340372
340373
340374
340375
340485
340487
340489
340491
340492
340493
340494
340496
340498
340499
340500
340501
340611
340613
340615
340617
340618
340619
340620
340622
340624
340625
340626
340627
340737
340739
340741
340743
340744
340745
340746
340748
340750
340751
340752
340753
340863
340865
340867
340869
340870
340871
340872
340874
340876
340877
340878
340879
340989
340991
340993
340995
340996
340997
340998
341000
341002
341003
341004
341005
341115
341117
341119
341121
341122
341123
341124
341126
341128
341129
341130
341131
341241
341243
341245
341247
341248
341249
341250
341252
341254
341255
341256
341257
341367
341369
341371
341373
341374
341375
341376
341378
341380
341381
341382
341383
341493
341495
341497
341499
341500
341501
341502
341504
341506
341507
341508
341509
341619
341621
341623
341625
341626
341627
341628
341630
341632
341633
341634
341635
341745
341747
341749
341751
341752
341753
341754
341756
341758
341759
341760
341761
341871
341873
341875
341877
341878
341879
341880
341882
341884
341885
341886
341887
341997
341999
342001
342003
342004
342005
342006
342008
342010
342011
342012
342013
342123
342125
342127
342129
342130
342131
342132
342134
342136
342137
342138
342139
342249
342251
342253
342255
342256
342257
342258
342260
342262
342263
342264
342265
342375
342377
342379
342381
342382
342383
342384
342386
342388
342389
342390
342391
342501
342503
342505
342507
342508
342509
342510
342512
342514
342515
342516
342517
342632
342633
342634
342642
342643
342644
342645
342646
342650
342651
342653
342654
342804
342805
342806
342807
342816
342817
342818
342819
342820
342821
342826
342827
342828
342830
342831
342997
342998
342999
343000
343009
343010
343011
343012
343013
343014
343019
343020
343021
343023
343024
343190
343191
343192
343193
343202
343203
343204
343205
343206
343207
343212
343213
343214
343216
343217
343383
343384
343385
343386
343395
343396
343397
343398
343399
343400
343405
343406
343407
343409
343410
343576
343577
343578
343579
343588
343589
343590
343591
343592
343593
343598
343599
343600
343602
343603
343769
343770
343771
343772
343781
343782
343783
343784
343785
343786
343791
343792
343793
343795
343796
343962
343963
343964
343965
343974
343975
343976
343977
343978
343979
343984
343985
343986
343988
343989
344155
344156
344157
344158
344167
344168
344169
344170
344171
344172
344177
344178
344179
344181
344182
344348
344349
344350
344351
344360
344361
344362
344363
344364
344365
344370
344371
344372
344374
344375
344541
344542
344543
344544
344553
344554
344555
344556
344557
344558
344563
344564
344565
344567
344568
344734
344735
344736
344737
344746
344747
344748
344749
344750
344751
344756
344757
344758
344760
344761
344927
344928
344929
344930
344939
344940
344941
344942
344943
344944
344949
344950
344951
344953
344954
345120
345121
345122
345123
345132
345133
345134
345135
345136
345137
345142
345143
345144
345146
345147
345313
345314
345315
345316
345325
345326
345327
345328
345329
345330
345335
345336
345337
345339
345340
345506
345507
345508
345509
345518
345519
345520
345521
345522
345523
345528
345529
345530
345532
345533
345699
345700
345701
345702
345711
345712
345713
345714
345715
345716
345721
345722
345723
345725
345726
345892
345893
345894
345895
345904
345905
345906
345907
345908
345909
345914
345915
345916
345918
345919
346085
346086
346087
346088
346097
346098
346099
346100
346101
346102
346107
346108
346109
346111
346112
346278
346279
346280
346281
346290
346291
346292
346293
346294
346295
346300
346301
346302
346304
346305
346471
346472
346473
346474
346483
346484
346485
346486
346487
346488
346493
346494
346495
346497
346498
346664
346665
346666
346667
346676
346677
346678
346679
346680
346681
346686
346687
346688
346690
346691
346857
346858
346859
346860
346869
346870
346871
346872
346873
346874
346879
346880
346881
346883
346884
347050
347051
347052
347053
347062
347063
347064
347065
347066
347067
347072
347073
347074
347076
347077
347243
347244
347245
347246
347255
347256
347257
347258
347259
347260
347265
347266
347267
347269
347270
347436
347437
347438
347439
347448
347449
347450
347451
347452
347453
347458
347459
347460
347462
347463
347629
347630
347631
347632
347641
347642
347643
347644
347645
347646
347651
347652
347653
347655
347656
347822
347823
347824
347825
347834
347835
347836
347837
347838
347839
347844
347845
347846
347848
347849
348015
348016
348017
348018
348027
348028
348029
348030
348031
348032
348037
348038
348039
348041
348042
348208
348209
348210
348211
348220
348221
348222
348223
348224
348225
348230
348231
348232
348234
348235
348401
348402
348403
348404
348413
348414
348415
348416
348417
348418
348423
348424
348425
348427
348428
348594
348595
348596
348597
348606
348607
348608
348609
348610
348611
348616
348617
348618
348620
348621
348787
348788
348789
348790
348799
348800
348801
348802
348803
348804
348809
348810
348811
348813
348814
348980
348981
348982
348983
348992
348993
348994
348995
348996
348997
349002
349003
349004
349006
349007
349173
349174
349175
349176
349185
349186
349187
349188
349189
349190
349195
349196
349197
349199
349200
349366
349367
349368
349369
349378
349379
349380
349381
349382
349383
349388
349389
349390
349392
349393
349559
349560
349561
349562
349571
349572
349573
349574
349575
349576
349581
349582
349583
349585
349586
349752
349753
349754
349755
349764
349765
349766
349767
349768
349769
349774
349775
349776
349778
349779
349945
349946
349947
349948
349957
349958
349959
349960
349961
349962
349967
349968
349969
349971
349972
350138
350139
350140
350141
350150
350151
350152
350153
350154
350155
350160
350161
350162
350164
350165
350331
350332
350333
350334
350343
350344
350345
350346
350347
350348
350353
350354
350355
350357
350358
350524
350525
350526
350527
350536
350537
350538
350539
350540
350541
350546
350547
350548
350550
350551
350717
350718
350719
350720
350729
350730
350731
350732
350733
350734
350739
350740
350741
350743
350744
350910
350911
350912
350913
350922
350923
350924
350925
350926
350927
350932
350933
350934
350936
350937
351103
351104
351105
351106
351115
351116
351117
351118
351119
351120
351125
351126
351127
351129
351130
351296
351297
351298
351299
351308
351309
351310
351311
351312
351313
351318
351319
351320
351322
351323
351489
351490
351491
351492
351501
351502
351503
351504
351505
351506
351511
351512
351513
351515
351516
351682
351683
351684
351685
351694
351695
351696
351697
351698
351699
351704
351705
351706
351708
351709
351875
351876
351877
351878
351887
351888
351889
351890
351891
351892
351897
351898
351899
351901
351902
352068
352069
352070
352071
352080
352081
352082
352083
352084
352085
352090
352091
352092
352094
352095
352261
352262
352263
352264
352273
352274
352275
352276
352277
352278
352283
352284
352285
352287
352288
352454
352455
352456
352457
352466
352467
352468
352469
352470
352471
352476
352477
352478
352480
352481
352647
352648
352649
352650
352659
352660
352661
352662
352663
352664
352669
352670
352671
352673
352674
352840
352841
352842
352843
352852
352853
352854
352855
352856
352857
352862
352863
352864
352866
352867
353033
353034
353035
353036
353045
353046
353047
353048
353049
353050
353055
353056
353057
353059
353060
353226
353227
353228
353229
353238
353239
353240
353241
353242
353243
353248
353249
353250
353252
353253
353419
353420
353421
353422
353431
353432
353433
353434
353435
353436
353441
353442
353443
353445
353446
353612
353613
353614
353615
353624
353625
353626
353627
353628
353629
353634
353635
353636
353638
353639
353805
353806
353807
353808
353817
353818
353819
353820
353821
353822
353827
353828
353829
353831
353832
353998
353999
354000
354001
354010
354011
354012
354013
354014
354015
354020
354021
354022
354024
354025
354191
354192
354193
354194
354203
354204
354205
354206
354207
354208
354213
354214
354215
354217
354218
354384
354385
354386
354387
354396
354397
354398
354399
354400
354401
354406
354407
354408
354410
354411
354577
354578
354579
354580
354589
354590
354591
354592
354593
354594
354599
354600
354601
354603
354604
354770
354771
354772
354773
354782
354783
354784
354785
354786
354787
354792
354793
354794
354796
354797
354963
354964
354965
354966
354975
354976
354977
354978
354979
354980
354985
354986
354987
354989
354990
355156
355157
355158
355159
355168
355169
355170
355171
355172
355173
355178
355179
355180
355182
355183
355349
355350
355351
355352
355361
355362
355363
355364
355365
355366
355371
355372
355373
355375
355376
355542
355543
355544
355545
355554
355555
355556
355557
355558
355559
355564
355565
355566
355568
355569
355735
355736
355737
355738
355747
355748
355749
355750
355751
355752
355757
355758
355759
355761
355762
355928
355929
355930
355931
355940
355941
355942
355943
355944
355945
355950
355951
355952
355954
355955
356121
356122
356123
356124
356133
356134
356135
356136
356137
356138
356143
356144
356145
356147
356148
356314
356315
356316
356317
356326
356327
356328
356329
356330
356331
356336
356337
356338
356340
356341
356507
356508
356509
356510
356519
356520
356521
356522
356523
356524
356529
356530
356531
356533
356534
356700
356701
356702
356703
356712
356713
356714
356715
356716
356717
356722
356723
356724
356726
356727
356893
356894
356895
356896
356905
356906
356907
356908
356909
356910
356915
356916
356917
356919
356920
357086
357087
357088
357089
357098
357099
357100
357101
357102
357103
357108
357109
357110
357112
357113
357279
357280
357281
357282
357291
357292
357293
357294
357295
357296
357301
357302
357303
357305
357306
357472
357473
357474
357475
357484
357485
357486
357487
357488
357489
357494
357495
357496
357498
357499
357665
357666
357667
357668
357677
357678
357679
357680
357681
357682
357687
357688
357689
357691
357692
357858
357859
357860
357861
357870
357871
357872
357873
357874
357875
357880
357881
357882
357884
357885
358051
358052
358053
358054
358063
358064
358065
358066
358067
358068
358073
358074
358075
358077
358078
358244
358245
358246
358247
358256
358257
358258
358259
358260
358261
358266
358267
358268
358270
358271
358437
358438
358439
358440
358449
358450
358451
358452
358453
358454
358459
358460
358461
358463
358464
358630
358631
358632
358633
358642
358643
358644
358645
358646
358647
358652
358653
358654
358656
358657
358823
358824
358825
358826
358835
358836
358837
358838
358839
358840
358845
358846
358847
358849
358850
359016
359017
359018
359019
359028
359029
359030
359031
359032
359033
359038
359039
359040
359042
359043
359209
359210
359211
359212
359221
359222
359223
359224
359225
359226
359231
359232
359233
359235
359236
359402
359403
359404
359405
359414
359415
359416
359417
359418
359419
359424
359425
359426
359428
359429
359595
359596
359597
359598
359607
359608
359609
359610
359611
359612
359617
359618
359619
359621
359622
359788
359789
359790
359791
359800
359801
359802
359803
359804
359805
359810
359811
359812
359814
359815
359981
359982
359983
359984
359993
359994
359995
359996
359997
359998
360003
360004
360005
360007
360008
360174
360175
360176
360177
360186
360187
360188
360189
360190
360191
360196
360197
360198
360200
360201
360367
360368
360369
360370
360379
360380
360381
360382
360383
360384
360389
360390
360391
360393
360394
360560
360561
360562
360563
360572
360573
360574
360575
360576
360577
360582
360583
360584
360586
360587
360753
360754
360755
360756
360765
360766
360767
360768
360769
360770
360775
360776
360777
360779
360780
360946
360947
360948
360949
360958
360959
360960
360961
360962
360963
360968
360969
360970
360972
360973
361139
361140
361141
361142
361151
361152
361153
361154
361155
361156
361161
361162
361163
361165
361166
361332
361333
361334
361335
361344
361345
361346
361347
361348
361349
361354
361355
361356
361358
361359
361525
361526
361527
361528
361537
361538
361539
361540
361541
361542
361547
361548
361549
361551
361552
361718
361719
361720
361721
361730
361731
361732
361733
361734
361735
361740
361741
361742
361744
361745
361911
361912
361913
361914
361923
361924
361925
361926
361927
361928
361933
361934
361935
361937
361938
362104
362105
362106
362107
362116
362117
362118
362119
362120
362121
362126
362127
362128
362130
362131
362297
362298
362299
362300
362309
362310
362311
362312
362313
362314
362319
362320
362321
362323
362324
362490
362491
362492
362493
362502
362503
362504
362505
362506
362507
362512
362513
362514
362516
362517
362683
362684
362685
362686
362695
362696
362697
362698
362699
362700
362705
362706
362707
362709
362710
362876
362877
362878
362879
362888
362889
362890
362891
362892
362893
362898
362899
362900
362902
362903
363069
363070
363071
363072
363081
363082
363083
363084
363085
363086
363091
363092
363093
363095
363096
363262
363263
363264
363265
363274
363275
363276
363277
363278
363279
363284
363285
363286
363288
363289
363455
363456
363457
363458
363467
363468
363469
363470
363471
363472
363477
363478
363479
363481
363482
363648
363649
363650
363651
363660
363661
363662
363663
363664
363665
363670
363671
363672
363674
363675
363841
363842
363843
363844
363853
363854
363855
363856
363857
363858
363863
363864
363865
363867
363868
364034
364035
364036
364037
364046
364047
364048
364049
364050
364051
364056
364057
364058
364060
364061
364227
364228
364229
364230
364239
364240
364241
364242
364243
364244
364249
364250
364251
364253
364254
364420
364421
364422
364423
364432
364433
364434
364435
364436
364437
364442
364443
364444
364446
364447
364613
364614
364615
364616
364625
364626
364627
364628
364629
364630
364635
364636
364637
364639
364640
364806
364807
364808
364809
364818
364819
364820
364821
364822
364823
364828
364829
364830
364832
364833
364999
365000
365001
365002
365011
365012
365013
365014
365015
365016
365021
365022
365023
365025
365026
365192
365193
365194
365195
365204
365205
365206
365207
365208
365209
365214
365215
365216
365218
365219
365385
365386
365387
365388
365397
365398
365399
365400
365401
365402
365407
365408
365409
365411
365412
365578
365579
365580
365581
365590
365591
365592
365593
365594
365595
365600
365601
365602
365604
365605
365771
365772
365773
365774
365783
365784
365785
365786
365787
365788
365793
365794
365795
365797
365798
365964
365965
365966
365967
365976
365977
365978
365979
365980
365981
365986
365987
365988
365990
365991
366157
366158
366159
366160
366169
366170
366171
366172
366173
366174
366179
366180
366181
366183
366184
366350
366351
366352
366353
366362
366363
366364
366365
366366
366367
366372
366373
366374
366376
366377
366543
366544
366545
366546
366555
366556
366557
366558
366559
366560
366565
366566
366567
366569
366570
366736
366737
366738
366739
366748
366749
366750
366751
366752
366753
366758
366759
366760
366762
366763
366929
366930
366931
366932
366941
366942
366943
366944
366945
366946
366951
366952
366953
366955
366956
367122
367123
367124
367125
367134
367135
367136
367137
367138
367139
367144
367145
367146
367148
367149
367315
367316
367317
367318
367327
367328
367329
367330
367331
367332
367337
367338
367339
367341
367342
367508
367509
367510
367511
367520
367521
367522
367523
367524
367525
367530
367531
367532
367534
367535
367701
367702
367703
367704
367713
367714
367715
367716
367717
367718
367723
367724
367725
367727
367728
367894
367895
367896
367897
367906
367907
367908
367909
367910
367911
367916
367917
367918
367920
367921
368087
368088
368089
368090
368099
368100
368101
368102
368103
368104
368109
368110
368111
368113
368114
368280
368281
368282
368283
368292
368293
368294
368295
368296
368297
368302
368303
368304
368306
368307
368473
368474
368475
368476
368485
368486
368487
368488
368489
368490
368495
368496
368497
368499
368500
368666
368667
368668
368669
368678
368679
368680
368681
368682
368683
368688
368689
368690
368692
368693
368859
368860
368861
368862
368871
368872
368873
368874
368875
368876
368881
368882
368883
368885
368886
369052
369053
369054
369055
369064
369065
369066
369067
369068
369069
369074
369075
369076
369078
369079
369245
369246
369247
369248
369257
369258
369259
369260
369261
369262
369267
369268
369269
369271
369272
369438
369439
369440
369441
369450
369451
369452
369453
369454
369455
369460
369461
369462
369464
369465
369631
369632
369633
369634
369643
369644
369645
369646
369647
369648
369653
369654
369655
369657
369658
369824
369825
369826
369827
369836
369837
369838
369839
369840
369841
369846
369847
369848
369850
369851
370017
370018
370019
370020
370029
370030
370031
370032
370033
370034
370039
370040
370041
370043
370044
370210
370211
370212
370213
370222
370223
370224
370225
370226
370227
370232
370233
370234
370236
370237
370403
370404
370405
370406
370415
370416
370417
370418
370419
370420
370425
370426
370427
370429
370430
370596
370597
370598
370599
370608
370609
370610
370611
370612
370613
370618
370619
370620
370622
370623
370789
370790
370791
370792
370801
370802
370803
370804
370805
370806
370811
370812
370813
370815
370816
370982
370983
370984
370985
370994
370995
370996
370997
370998
370999
371004
371005
371006
371008
371009
371175
371176
371177
371178
371187
371188
371189
371190
371191
371192
371197
371198
371199
371201
371202
371368
371369
371370
371371
371380
371381
371382
371383
371384
371385
371390
371391
371392
371394
371395
371561
371562
371563
371564
371573
371574
371575
371576
371577
371578
371583
371584
371585
371587
371588
371754
371755
371756
371757
371766
371767
371768
371769
371770
371771
371776
371777
371778
371780
371781
371947
371948
371949
371950
371959
371960
371961
371962
371963
371964
371969
371970
371971
371973
371974
372140
372141
372142
372143
372152
372153
372154
372155
372156
372157
372162
372163
372164
372166
372167
372333
372334
372335
372336
372345
372346
372347
372348
372349
372350
372355
372356
372357
372359
372360
372526
372527
372528
372529
372538
372539
372540
372541
372542
372543
372548
372549
372550
372552
372553
372719
372720
372721
372722
372731
372732
372733
372734
372735
372736
372741
372742
372743
372745
372746
372912
372913
372914
372915
372924
372925
372926
372927
372928
372929
372934
372935
372936
372938
372939
373105
373106
373107
373108
373117
373118
373119
373120
373121
373122
373127
373128
373129
373131
373132
373298
373299
373300
373301
373310
373311
373312
373313
373314
373315
373320
373321
373322
373324
373325
373491
373492
373493
373494
373503
373504
373505
373506
373507
373508
373513
373514
373515
373517
373518
373684
373685
373686
373687
373696
373697
373698
373699
373700
373701
373706
373707
373708
373710
373711
373877
373878
373879
373880
373889
373890
373891
373892
373893
373894
373899
373900
373901
373903
373904
374070
374071
374072
374073
374082
374083
374084
374085
374086
374087
374092
374093
374094
374096
374097
374263
374264
374265
374266
374275
374276
374277
374278
374279
374280
374285
374286
374287
374289
374290
374456
374457
374458
374459
374468
374469
374470
374471
374472
374473
374478
374479
374480
374482
374483
374649
374650
374651
374652
374661
374662
374663
374664
374665
374666
374671
374672
374673
374675
374676
374842
374843
374844
374845
374854
374855
374856
374857
374858
374859
374864
374865
374866
374868
374869
375035
375036
375037
375038
375047
375048
375049
375050
375051
375052
375057
375058
375059
375061
375062
375228
375229
375230
375231
375240
375241
375242
375243
375244
375245
375250
375251
375252
375254
375255
375421
375422
375423
375424
375433
375434
375435
375436
375437
375438
375443
375444
375445
375447
375448
375614
375615
375616
375617
375626
375627
375628
375629
375630
375631
375636
375637
375638
375640
375641
375807
375808
375809
375810
375819
375820
375821
375822
375823
375824
375829
375830
375831
375833
375834
376000
376001
376002
376003
376012
376013
376014
376015
376016
376017
376022
376023
376024
376026
376027
376193
376194
376195
376196
376205
376206
376207
376208
376209
376210
376215
376216
376217
376219
376220
376386
376387
376388
376389
376398
376399
376400
376401
376402
376403
376408
376409
376410
376412
376413
376579
376580
376581
376582
376591
376592
376593
376594
376595
376596
376601
376602
376603
376605
376606
376772
376773
376774
376775
376784
376785
376786
376787
376788
376789
376794
376795
376796
376798
376799
376965
376966
376967
376968
376977
376978
376979
376980
376981
376982
376987
376988
376989
376991
376992
377158
377159
377160
377161
377170
377171
377172
377173
377174
377175
377180
377181
377182
377184
377185
377351
377352
377353
377354
377363
377364
377365
377366
377367
377368
377373
377374
377375
377377
377378
377544
377545
377546
377547
377556
377557
377558
377559
377560
377561
377566
377567
377568
377570
377571
377737
377738
377739
377740
377749
377750
377751
377752
377753
377754
377759
377760
377761
377763
377764
377930
377931
377932
377933
377942
377943
377944
377945
377946
377947
377952
377953
377954
377956
377957
378123
378124
378125
378126
378135
378136
378137
378138
378139
378140
378145
378146
378147
378149
378150
378316
378317
378318
378319
378328
378329
378330
378331
378332
378333
378338
378339
378340
378342
378343
378509
378510
378511
378512
378521
378522
378523
378524
378525
378526
378531
378532
378533
378535
378536
378702
378703
378704
378705
378714
378715
378716
378717
378718
378719
378724
378725
378726
378728
378729
378895
378896
378897
378898
378907
378908
378909
378910
378911
378912
378917
378918
378919
378921
378922
379088
379089
379090
379091
379100
379101
379102
379103
379104
379105
379110
379111
379112
379114
379115
379281
379282
379283
379284
379293
379294
379295
379296
379297
379298
379303
379304
379305
379307
379308
379474
379475
379476
379477
379486
379487
379488
379489
379490
379491
379496
379497
379498
379500
379501
379667
379668
379669
379670
379679
379680
379681
379682
379683
379684
379689
379690
379691
379693
379694
379860
379861
379862
379863
379872
379873
379874
379875
379876
379877
379882
379883
379884
379886
379887
380053
380054
380055
380056
380065
380066
380067
380068
380069
380070
380075
380076
380077
380079
380080
380246
380247
380248
380249
380258
380259
380260
380261
380262
380263
380268
380269
380270
380272
380273
380439
380440
380441
380442
380451
380452
380453
380454
380455
380456
380461
380462
380463
380465
380466
380632
380633
380634
380635
380644
380645
380646
380647
380648
380649
380654
380655
380656
380658
380659
380825
380826
380827
380828
380837
380838
380839
380840
380841
380842
380847
380848
380849
380851
380852
381018
381019
381020
381021
381030
381031
381032
381033
381034
381035
381040
381041
381042
381044
381045
381198
381199
381200
381207
381208
381209
381210
381211
381215
381216
381217
381219
381362
381367
381368
381369
381370
381371
381373
381377
381378
381379
381380
381381
381527
381531
381532
381533
381534
381535
381538
381541
381542
381543
381544
381545
381691
381695
381696
381697
381698
381699
381702
381705
381706
381707
381708
381709
381855
381859
381860
381861
381862
381863
381866
381869
381870
381871
381872
381873
382019
382023
382024
382025
382026
382027
382030
382033
382034
382035
382036
382037
382183
382187
382188
382189
382190
382191
382194
382197
382198
382199
382200
382201
382347
382351
382352
382353
382354
382355
382358
382361
382362
382363
382364
382365
382511
382515
382516
382517
382518
382519
382522
382525
382526
382527
382528
382529
382675
382679
382680
382681
382682
382683
382686
382689
382690
382691
382692
382693
382839
382843
382844
382845
382846
382847
382850
382853
382854
382855
382856
382857
383003
383007
383008
383009
383010
383011
383014
383017
383018
383019
383020
383021
383167
383171
383172
383173
383174
383175
383178
383181
383182
383183
383184
383185
383331
383335
383336
383337
383338
383339
383342
383345
383346
383347
383348
383349
383495
383499
383500
383501
383502
383503
383506
383509
383510
383511
383512
383513
383659
383663
383664
383665
383666
383667
383670
383673
383674
383675
383676
383677
383823
383827
383828
383829
383830
383831
383834
383837
383838
383839
383840
383841
383987
383991
383992
383993
383994
383995
383998
384001
384002
384003
384004
384005
384151
384155
384156
384157
384158
384159
384162
384165
384166
384167
384168
384169
384315
384319
384320
384321
384322
384323
384326
384329
384330
384331
384332
384333
384479
384483
384484
384485
384486
384487
384490
384493
384494
384495
384496
384497
384643
384647
384648
384649
384650
384651
384654
384657
384658
384659
384660
384661
384807
384811
384812
384813
384814
384815
384818
384821
384822
384823
384824
384825
384971
384975
384976
384977
384978
384979
384982
384985
384986
384987
384988
384989
385135
385139
385140
385141
385142
385143
385146
385149
385150
385151
385152
385153
385299
385303
385304
385305
385306
385307
385310
385313
385314
385315
385316
385317
385463
385467
385468
385469
385470
385471
385474
385477
385478
385479
385480
385481
385627
385631
385632
385633
385634
385635
385638
385641
385642
385643
385644
385645
385791
385795
385796
385797
385798
385799
385802
385805
385806
385807
385808
385809
385955
385959
385960
385961
385962
385963
385966
385969
385970
385971
385972
385973
386119
386123
386124
386125
386126
386127
386130
386133
386134
386135
386136
386137
386283
386287
386288
386289
386290
386291
386294
386297
386298
386299
386300
386301
386447
386451
386452
386453
386454
386455
386458
386461
386462
386463
386464
386465
386611
386615
386616
386617
386618
386619
386622
386625
386626
386627
386628
386629
386775
386779
386780
386781
386782
386783
386786
386789
386790
386791
386792
386793
386939
386943
386944
386945
386946
386947
386950
386953
386954
386955
386956
386957
387103
387107
387108
387109
387110
387111
387114
387117
387118
387119
387120
387121
387267
387271
387272
387273
387274
387275
387278
387281
387282
387283
387284
387285
387431
387435
387436
387437
387438
387439
387442
387445
387446
387447
387448
387449
387595
387599
387600
387601
387602
387603
387606
387609
387610
387611
387612
387613
387759
387763
387764
387765
387766
387767
387770
387773
387774
387775
387776
387777
387923
387927
387928
387929
387930
387931
387934
387937
387938
387939
387940
387941
388087
388091
388092
388093
388094
388095
388098
388101
388102
388103
388104
388105
388251
388255
388256
388257
388258
388259
388262
388265
388266
388267
388268
388269
388415
388419
388420
388421
388422
388423
388426
388429
388430
388431
388432
388433
388579
388583
388584
388585
388586
388587
388590
388593
388594
388595
388596
388597
388743
388747
388748
388749
388750
388751
388754
388757
388758
388759
388760
388761
388907
388911
388912
388913
388914
388915
388918
388921
388922
388923
388924
388925
389071
389075
389076
389077
389078
389079
389082
389085
389086
389087
389088
389089
389235
389239
389240
389241
389242
389243
389246
389249
389250
389251
389252
389253
389399
389403
389404
389405
389406
389407
389410
389413
389414
389415
389416
389417
389563
389567
389568
389569
389570
389571
389574
389577
389578
389579
389580
389581
389727
389731
389732
389733
389734
389735
389738
389741
389742
389743
389744
389745
389891
389895
389896
389897
389898
389899
389902
389905
389906
389907
389908
389909
390055
390059
390060
390061
390062
390063
390066
390069
390070
390071
390072
390073
390219
390223
390224
390225
390226
390227
390230
390233
390234
390235
390236
390237
390383
390387
390388
390389
390390
390391
390394
390397
390398
390399
390400
390401
390547
390551
390552
390553
390554
390555
390558
390561
390562
390563
390564
390565
390711
390715
390716
390717
390718
390719
390722
390725
390726
390727
390728
390729
390875
390879
390880
390881
390882
390883
390886
390889
390890
390891
390892
390893
391039
391043
391044
391045
391046
391047
391050
391053
391054
391055
391056
391057
391203
391207
391208
391209
391210
391211
391214
391217
391218
391219
391220
391221
391367
391371
391372
391373
391374
391375
391378
391381
391382
391383
391384
391385
391531
391535
391536
391537
391538
391539
391542
391545
391546
391547
391548
391549
391695
391699
391700
391701
391702
391703
391706
391709
391710
391711
391712
391713
391859
391863
391864
391865
391866
391867
391870
391873
391874
391875
391876
391877
392023
392027
392028
392029
392030
392031
392034
392037
392038
392039
392040
392041
392187
392191
392192
392193
392194
392195
392198
392201
392202
392203
392204
392205
392351
392355
392356
392357
392358
392359
392362
392365
392366
392367
392368
392369
392515
392519
392520
392521
392522
392523
392526
392529
392530
392531
392532
392533
392679
392683
392684
392685
392686
392687
392690
392693
392694
392695
392696
392697
392843
392847
392848
392849
392850
392851
392854
392857
392858
392859
392860
392861
393007
393011
393012
393013
393014
393015
393018
393021
393022
393023
393024
393025
393171
393175
393176
393177
393178
393179
393182
393185
393186
393187
393188
393189
393335
393339
393340
393341
393342
393343
393346
393349
393350
393351
393352
393353
393499
393503
393504
393505
393506
393507
393510
393513
393514
393515
393516
393517
393663
393667
393668
393669
393670
393671
393674
393677
393678
393679
393680
393681
393827
393831
393832
393833
393834
393835
393838
393841
393842
393843
393844
393845
393991
393995
393996
393997
393998
393999
394002
394005
394006
394007
394008
394009
394155
394159
394160
394161
394162
394163
394166
394169
394170
394171
394172
394173
394319
394323
394324
394325
394326
394327
394330
394333
394334
394335
394336
394337
394483
394487
394488
394489
394490
394491
394494
394497
394498
394499
394500
394501
394647
394651
394652
394653
394654
394655
394658
394661
394662
394663
394664
394665
394811
394815
394816
394817
394818
394819
394822
394825
394826
394827
394828
394829
394975
394979
394980
394981
394982
394983
394986
394989
394990
394991
394992
394993
395139
395143
395144
395145
395146
395147
395150
395153
395154
395155
395156
395157
395303
395307
395308
395309
395310
395311
395314
395317
395318
395319
395320
395321
395467
395471
395472
395473
395474
395475
395478
395481
395482
395483
395484
395485
395631
395635
395636
395637
395638
395639
395642
395645
395646
395647
395648
395649
395795
395799
395800
395801
395802
395803
395806
395809
395810
395811
395812
395813
395959
395963
395964
395965
395966
395967
395970
395973
395974
395975
395976
395977
396123
396127
396128
396129
396130
396131
396134
396137
396138
396139
396140
396141
396287
396291
396292
396293
396294
396295
396298
396301
396302
396303
396304
396305
396451
396455
396456
396457
396458
396459
396462
396465
396466
396467
396468
396469
396615
396619
396620
396621
396622
396623
396626
396629
396630
396631
396632
396633
396779
396783
396784
396785
396786
396787
396790
396793
396794
396795
396796
396797
396943
396947
396948
396949
396950
396951
396954
396957
396958
396959
396960
396961
397107
397111
397112
397113
397114
397115
397118
397121
397122
397123
397124
397125
397271
397275
397276
397277
397278
397279
397282
397285
397286
397287
397288
397289
397435
397439
397440
397441
397442
397443
397446
397449
397450
397451
397452
397453
397599
397603
397604
397605
397606
397607
397610
397613
397614
397615
397616
397617
397763
397767
397768
397769
397770
397771
397774
397777
397778
397779
397780
397781
397927
397931
397932
397933
397934
397935
397938
397941
397942
397943
397944
397945
398091
398095
398096
398097
398098
398099
398102
398105
398106
398107
398108
398109
398255
398259
398260
398261
398262
398263
398266
398269
398270
398271
398272
398273
398419
398423
398424
398425
398426
398427
398430
398433
398434
398435
398436
398437
398583
398587
398588
398589
398590
398591
398594
398597
398598
398599
398600
398601
398747
398751
398752
398753
398754
398755
398758
398761
398762
398763
398764
398765
398911
398915
398916
398917
398918
398919
398922
398925
398926
398927
398928
398929
399075
399079
399080
399081
399082
399083
399086
399089
399090
399091
399092
399093
399239
399243
399244
399245
399246
399247
399250
399253
399254
399255
399256
399257
399403
399407
399408
399409
399410
399411
399414
399417
399418
399419
399420
399421
399567
399571
399572
399573
399574
399575
399578
399581
399582
399583
399584
399585
399731
399735
399736
399737
399738
399739
399742
399745
399746
399747
399748
399749
399895
399899
399900
399901
399902
399903
399906
399909
399910
399911
399912
399913
400059
400063
400064
400065
400066
400067
400070
400073
400074
400075
400076
400077
400223
400227
400228
400229
400230
400231
400234
400237
400238
400239
400240
400241
400387
400391
400392
400393
400394
400395
400398
400401
400402
400403
400404
400405
400551
400555
400556
400557
400558
400559
400562
400565
400566
400567
400568
400569
400715
400719
400720
400721
400722
400723
400726
400729
400730
400731
400732
400733
400879
400883
400884
400885
400886
400887
400890
400893
400894
400895
400896
400897
401043
401047
401048
401049
401050
401051
401054
401057
401058
401059
401060
401061
401207
401211
401212
401213
401214
401215
401218
401221
401222
401223
401224
401225
401371
401375
401376
401377
401378
401379
401382
401385
401386
401387
401388
401389
401535
401539
401540
401541
401542
401543
401546
401549
401550
401551
401552
401553
401699
401703
401704
401705
401706
401707
401710
401713
401714
401715
401716
401717
401863
401867
401868
401869
401870
401871
401874
401877
401878
401879
401880
401881
402027
402031
402032
402033
402034
402035
402038
402041
402042
402043
402044
402045
402191
402195
402196
402197
402198
402199
402202
402205
402206
402207
402208
402209
402355
402359
402360
402361
402362
402363
402366
402369
402370
402371
402372
402373
402519
402523
402524
402525
402526
402527
402530
402533
402534
402535
402536
402537
402683
402687
402688
402689
402690
402691
402694
402697
402698
402699
402700
402701
402847
402851
402852
402853
402854
402855
402858
402861
402862
402863
402864
402865
403011
403015
403016
403017
403018
403019
403022
403025
403026
403027
403028
403029
403175
403179
403180
403181
403182
403183
403186
403189
403190
403191
403192
403193
403339
403343
403344
403345
403346
403347
403350
403353
403354
403355
403356
403357
403503
403507
403508
403509
403510
403511
403514
403517
403518
403519
403520
403521
403667
403671
403672
403673
403674
403675
403678
403681
403682
403683
403684
403685
403831
403835
403836
403837
403838
403839
403842
403845
403846
403847
403848
403849
403995
403999
404000
404001
404002
404003
404006
404009
404010
404011
404012
404013
404159
404163
404164
404165
404166
404167
404170
404173
404174
404175
404176
404177
404323
404327
404328
404329
404330
404331
404334
404337
404338
404339
404340
404341
404487
404491
404492
404493
404494
404495
404498
404501
404502
404503
404504
404505
404651
404655
404656
404657
404658
404659
404662
404665
404666
404667
404668
404669
404815
404819
404820
404821
404822
404823
404826
404829
404830
404831
404832
404833
404979
404983
404984
404985
404986
404987
404990
404993
404994
404995
404996
404997
405143
405147
405148
405149
405150
405151
405154
405157
405158
405159
405160
405161
405307
405311
405312
405313
405314
405315
405318
405321
405322
405323
405324
405325
405471
405475
405476
405477
405478
405479
405482
405485
405486
405487
405488
405489
405635
405639
405640
405641
405642
405643
405646
405649
405650
405651
405652
405653
405799
405803
405804
405805
405806
405807
405810
405813
405814
405815
405816
405817
405963
405967
405968
405969
405970
405971
405974
405977
405978
405979
405980
405981
406127
406131
406132
406133
406134
406135
406138
406141
406142
406143
406144
406145
406291
406295
406296
406297
406298
406299
406302
406305
406306
406307
406308
406309
406455
406459
406460
406461
406462
406463
406466
406469
406470
406471
406472
406473
406619
406623
406624
406625
406626
406627
406630
406633
406634
406635
406636
406637
406783
406787
406788
406789
406790
406791
406794
406797
406798
406799
406800
406801
406947
406951
406952
406953
406954
406955
406958
406961
406962
406963
406964
406965
407111
407115
407116
407117
407118
407119
407122
407125
407126
407127
407128
407129
407275
407279
407280
407281
407282
407283
407286
407289
407290
407291
407292
407293
407439
407443
407444
407445
407446
407447
407450
407453
407454
407455
407456
407457
407603
407607
407608
407609
407610
407611
407614
407617
407618
407619
407620
407621
407767
407771
407772
407773
407774
407775
407778
407781
407782
407783
407784
407785
407931
407935
407936
407937
407938
407939
407942
407945
407946
407947
407948
407949
408095
408099
408100
408101
408102
408103
408106
408109
408110
408111
408112
408113
408259
408263
408264
408265
408266
408267
408270
408273
408274
408275
408276
408277
408423
408427
408428
408429
408430
408431
408434
408437
408438
408439
408440
408441
408587
408591
408592
408593
408594
408595
408598
408601
408602
408603
408604
408605
408751
408755
408756
408757
408758
408759
408762
408765
408766
408767
408768
408769
408915
408919
408920
408921
408922
408923
408926
408929
408930
408931
408932
408933
409079
409083
409084
409085
409086
409087
409090
409093
409094
409095
409096
409097
409243
409247
409248
409249
409250
409251
409254
409257
409258
409259
409260
409261
409407
409411
409412
409413
409414
409415
409418
409421
409422
409423
409424
409425
409571
409575
409576
409577
409578
409579
409582
409585
409586
409587
409588
409589
409735
409739
409740
409741
409742
409743
409746
409749
409750
409751
409752
409753
409899
409903
409904
409905
409906
409907
409910
409913
409914
409915
409916
409917
410063
410067
410068
410069
410070
410071
410074
410077
410078
410079
410080
410081
410227
410231
410232
410233
410234
410235
410238
410241
410242
410243
410244
410245
410391
410395
410396
410397
410398
410399
410402
410405
410406
410407
410408
410409
410555
410559
410560
410561
410562
410563
410566
410569
410570
410571
410572
410573
410719
410723
410724
410725
410726
410727
410730
410733
410734
410735
410736
410737
410883
410887
410888
410889
410890
410891
410894
410897
410898
410899
410900
410901
411047
411051
411052
411053
411054
411055
411058
411061
411062
411063
411064
411065
411211
411215
411216
411217
411218
411219
411222
411225
411226
411227
411228
411229
411375
411379
411380
411381
411382
411383
411386
411389
411390
411391
411392
411393
411539
411543
411544
411545
411546
411547
411550
411553
411554
411555
411556
411557
411703
411707
411708
411709
411710
411711
411714
411717
411718
411719
411720
411721
411867
411871
411872
411873
411874
411875
411878
411881
411882
411883
411884
411885
412031
412035
412036
412037
412038
412039
412042
412045
412046
412047
412048
412049
412195
412199
412200
412201
412202
412203
412206
412209
412210
412211
412212
412213
412359
412363
412364
412365
412366
412367
412370
412373
412374
412375
412376
412377
412523
412527
412528
412529
412530
412531
412534
412537
412538
412539
412540
412541
412687
412691
412692
412693
412694
412695
412698
412701
412702
412703
412704
412705
412851
412855
412856
412857
412858
412859
412862
412865
412866
412867
412868
412869
413015
413019
413020
413021
413022
413023
413026
413029
413030
413031
413032
413033
413179
413183
413184
413185
413186
413187
413190
413193
413194
413195
413196
413197
413343
413347
413348
413349
413350
413351
413354
413357
413358
413359
413360
413361
413507
413511
413512
413513
413514
413515
413518
413521
413522
413523
413524
413525
413671
413675
413676
413677
413678
413679
413682
413685
413686
413687
413688
413689
413835
413839
413840
413841
413842
413843
413846
413849
413850
413851
413852
413853
413999
414003
414004
414005
414006
414007
414010
414013
414014
414015
414016
414017
414190
414191
414192
414193
414202
414203
414207
414208
414209
414210
414211
414212
414213
414216
414217
414218
414223
414225
414226
414228
414229
414230
414472
414473
414474
414475
414476
414487
414488
414489
414494
414495
414496
414497
414498
414499
414500
414501
414504
414505
414506
414507
414513
414516
414517
414519
414520
414521
414523
414795
414796
414797
414798
414799
414810
414811
414812
414817
414818
414819
414820
414821
414822
414823
414824
414827
414828
414829
414830
414836
414839
414840
414842
414843
414844
414846
415118
415119
415120
415121
415122
415133
415134
415135
415140
415141
415142
415143
415144
415145
415146
415147
415150
415151
415152
415153
415159
415162
415163
415165
415166
415167
415169
415441
415442
415443
415444
415445
415456
415457
415458
415463
415464
415465
415466
415467
415468
415469
415470
415473
415474
415475
415476
415482
415485
415486
415488
415489
415490
415492
415764
415765
415766
415767
415768
415779
415780
415781
415786
415787
415788
415789
415790
415791
415792
415793
415796
415797
415798
415799
415805
415808
415809
415811
415812
415813
415815
416087
416088
416089
416090
416091
416102
416103
416104
416109
416110
416111
416112
416113
416114
416115
416116
416119
416120
416121
416122
416128
416131
416132
416134
416135
416136
416138
416410
416411
416412
416413
416414
416425
416426
416427
416432
416433
416434
416435
416436
416437
416438
416439
416442
416443
416444
416445
416451
416454
416455
416457
416458
416459
416461
416733
416734
416735
416736
416737
416748
416749
416750
416755
416756
416757
416758
416759
416760
416761
416762
416765
416766
416767
416768
416774
416777
416778
416780
416781
416782
416784
417056
417057
417058
417059
417060
417071
417072
417073
417078
417079
417080
417081
417082
417083
417084
417085
417088
417089
417090
417091
417097
417100
417101
417103
417104
417105
417107
417379
417380
417381
417382
417383
417394
417395
417396
417401
417402
417403
417404
417405
417406
417407
417408
417411
417412
417413
417414
417420
417423
417424
417426
417427
417428
417430
417702
417703
417704
417705
417706
417717
417718
417719
417724
417725
417726
417727
417728
417729
417730
417731
417734
417735
417736
417737
417743
417746
417747
417749
417750
417751
417753
418025
418026
418027
418028
418029
418040
418041
418042
418047
418048
418049
418050
418051
418052
418053
418054
418057
418058
418059
418060
418066
418069
418070
418072
418073
418074
418076
418348
418349
418350
418351
418352
418363
418364
418365
418370
418371
418372
418373
418374
418375
418376
418377
418380
418381
418382
418383
418389
418392
418393
418395
418396
418397
418399
418671
418672
418673
418674
418675
418686
418687
418688
418693
418694
418695
418696
418697
418698
418699
418700
418703
418704
418705
418706
418712
418715
418716
418718
418719
418720
418722
418994
418995
418996
418997
418998
419009
419010
419011
419016
419017
419018
419019
419020
419021
419022
419023
419026
419027
419028
419029
419035
419038
419039
419041
419042
419043
419045
419317
419318
419319
419320
419321
419332
419333
419334
419339
419340
419341
419342
419343
419344
419345
419346
419349
419350
419351
419352
419358
419361
419362
419364
419365
419366
419368
419640
419641
419642
419643
419644
419655
419656
419657
419662
419663
419664
419665
419666
419667
419668
419669
419672
419673
419674
419675
419681
419684
419685
419687
419688
419689
419691
419963
419964
419965
419966
419967
419978
419979
419980
419985
419986
419987
419988
419989
419990
419991
419992
419995
419996
419997
419998
420004
420007
420008
420010
420011
420012
420014
420286
420287
420288
420289
420290
420301
420302
420303
420308
420309
420310
420311
420312
420313
420314
420315
420318
420319
420320
420321
420327
420330
420331
420333
420334
420335
420337
420609
420610
420611
420612
420613
420624
420625
420626
420631
420632
420633
420634
420635
420636
420637
420638
420641
420642
420643
420644
420650
420653
420654
420656
420657
420658
420660
420932
420933
420934
420935
420936
420947
420948
420949
420954
420955
420956
420957
420958
420959
420960
420961
420964
420965
420966
420967
420973
420976
420977
420979
420980
420981
420983
421255
421256
421257
421258
421259
421270
421271
421272
421277
421278
421279
421280
421281
421282
421283
421284
421287
421288
421289
421290
421296
421299
421300
421302
421303
421304
421306
421578
421579
421580
421581
421582
421593
421594
421595
421600
421601
421602
421603
421604
421605
421606
421607
421610
421611
421612
421613
421619
421622
421623
421625
421626
421627
421629
421901
421902
421903
421904
421905
421916
421917
421918
421923
421924
421925
421926
421927
421928
421929
421930
421933
421934
421935
421936
421942
421945
421946
421948
421949
421950
421952
422224
422225
422226
422227
422228
422239
422240
422241
422246
422247
422248
422249
422250
422251
422252
422253
422256
422257
422258
422259
422265
422268
422269
422271
422272
422273
422275
422547
422548
422549
422550
422551
422562
422563
422564
422569
422570
422571
422572
422573
422574
422575
422576
422579
422580
422581
422582
422588
422591
422592
422594
422595
422596
422598
422870
422871
422872
422873
422874
422885
422886
422887
422892
422893
422894
422895
422896
422897
422898
422899
422902
422903
422904
422905
422911
422914
422915
422917
422918
422919
422921
423193
423194
423195
423196
423197
423208
423209
423210
423215
423216
423217
423218
423219
423220
423221
423222
423225
423226
423227
423228
423234
423237
423238
423240
423241
423242
423244
423516
423517
423518
423519
423520
423531
423532
423533
423538
423539
423540
423541
423542
423543
423544
423545
423548
423549
423550
423551
423557
423560
423561
423563
423564
423565
423567
423839
423840
423841
423842
423843
423854
423855
423856
423861
423862
423863
423864
423865
423866
423867
423868
423871
423872
423873
423874
423880
423883
423884
423886
423887
423888
423890
424162
424163
424164
424165
424166
424177
424178
424179
424184
424185
424186
424187
424188
424189
424190
424191
424194
424195
424196
424197
424203
424206
424207
424209
424210
424211
424213
424485
424486
424487
424488
424489
424500
424501
424502
424507
424508
424509
424510
424511
424512
424513
424514
424517
424518
424519
424520
424526
424529
424530
424532
424533
424534
424536
424808
424809
424810
424811
424812
424823
424824
424825
424830
424831
424832
424833
424834
424835
424836
424837
424840
424841
424842
424843
424849
424852
424853
424855
424856
424857
424859
425131
425132
425133
425134
425135
425146
425147
425148
425153
425154
425155
425156
425157
425158
425159
425160
425163
425164
425165
425166
425172
425175
425176
425178
425179
425180
425182
425454
425455
425456
425457
425458
425469
425470
425471
425476
425477
425478
425479
425480
425481
425482
425483
425486
425487
425488
425489
425495
425498
425499
425501
425502
425503
425505
425777
425778
425779
425780
425781
425792
425793
425794
425799
425800
425801
425802
425803
425804
425805
425806
425809
425810
425811
425812
425818
425821
425822
425824
425825
425826
425828
426100
426101
426102
426103
426104
426115
426116
426117
426122
426123
426124
426125
426126
426127
426128
426129
426132
426133
426134
426135
426141
426144
426145
426147
426148
426149
426151
426423
426424
426425
426426
426427
426438
426439
426440
426445
426446
426447
426448
426449
426450
426451
426452
426455
426456
426457
426458
426464
426467
426468
426470
426471
426472
426474
426746
426747
426748
426749
426750
426761
426762
426763
426768
426769
426770
426771
426772
426773
426774
426775
426778
426779
426780
426781
426787
426790
426791
426793
426794
426795
426797
427069
427070
427071
427072
427073
427084
427085
427086
427091
427092
427093
427094
427095
427096
427097
427098
427101
427102
427103
427104
427110
427113
427114
427116
427117
427118
427120
427392
427393
427394
427395
427396
427407
427408
427409
427414
427415
427416
427417
427418
427419
427420
427421
427424
427425
427426
427427
427433
427436
427437
427439
427440
427441
427443
427715
427716
427717
427718
427719
427730
427731
427732
427737
427738
427739
427740
427741
427742
427743
427744
427747
427748
427749
427750
427756
427759
427760
427762
427763
427764
427766
428038
428039
428040
428041
428042
428053
428054
428055
428060
428061
428062
428063
428064
428065
428066
428067
428070
428071
428072
428073
428079
428082
428083
428085
428086
428087
428089
428361
428362
428363
428364
428365
428376
428377
428378
428383
428384
428385
428386
428387
428388
428389
428390
428393
428394
428395
428396
428402
428405
428406
428408
428409
428410
428412
428684
428685
428686
428687
428688
428699
428700
428701
428706
428707
428708
428709
428710
428711
428712
428713
428716
428717
428718
428719
428725
428728
428729
428731
428732
428733
428735
429007
429008
429009
429010
429011
429022
429023
429024
429029
429030
429031
429032
429033
429034
429035
429036
429039
429040
429041
429042
429048
429051
429052
429054
429055
429056
429058
429330
429331
429332
429333
429334
429345
429346
429347
429352
429353
429354
429355
429356
429357
429358
429359
429362
429363
429364
429365
429371
429374
429375
429377
429378
429379
429381
429653
429654
429655
429656
429657
429668
429669
429670
429675
429676
429677
429678
429679
429680
429681
429682
429685
429686
429687
429688
429694
429697
429698
429700
429701
429702
429704
429976
429977
429978
429979
429980
429991
429992
429993
429998
429999
430000
430001
430002
430003
430004
430005
430008
430009
430010
430011
430017
430020
430021
430023
430024
430025
430027
430299
430300
430301
430302
430303
430314
430315
430316
430321
430322
430323
430324
430325
430326
430327
430328
430331
430332
430333
430334
430340
430343
430344
430346
430347
430348
430350
430622
430623
430624
430625
430626
430637
430638
430639
430644
430645
430646
430647
430648
430649
430650
430651
430654
430655
430656
430657
430663
430666
430667
430669
430670
430671
430673
430945
430946
430947
430948
430949
430960
430961
430962
430967
430968
430969
430970
430971
430972
430973
430974
430977
430978
430979
430980
430986
430989
430990
430992
430993
430994
430996
431268
431269
431270
431271
431272
431283
431284
431285
431290
431291
431292
431293
431294
431295
431296
431297
431300
431301
431302
431303
431309
431312
431313
431315
431316
431317
431319
431591
431592
431593
431594
431595
431606
431607
431608
431613
431614
431615
431616
431617
431618
431619
431620
431623
431624
431625
431626
431632
431635
431636
431638
431639
431640
431642
431914
431915
431916
431917
431918
431929
431930
431931
431936
431937
431938
431939
431940
431941
431942
431943
431946
431947
431948
431949
431955
431958
431959
431961
431962
431963
431965
432237
432238
432239
432240
432241
432252
432253
432254
432259
432260
432261
432262
432263
432264
432265
432266
432269
432270
432271
432272
432278
432281
432282
432284
432285
432286
432288
432560
432561
432562
432563
432564
432575
432576
432577
432582
432583
432584
432585
432586
432587
432588
432589
432592
432593
432594
432595
432601
432604
432605
432607
432608
432609
432611
432883
432884
432885
432886
432887
432898
432899
432900
432905
432906
432907
432908
432909
432910
432911
432912
432915
432916
432917
432918
432924
432927
432928
432930
432931
432932
432934
433206
433207
433208
433209
433210
433221
433222
433223
433228
433229
433230
433231
433232
433233
433234
433235
433238
433239
433240
433241
433247
433250
433251
433253
433254
433255
433257
433529
433530
433531
433532
433533
433544
433545
433546
433551
433552
433553
433554
433555
433556
433557
433558
433561
433562
433563
433564
433570
433573
433574
433576
433577
433578
433580
433852
433853
433854
433855
433856
433867
433868
433869
433874
433875
433876
433877
433878
433879
433880
433881
433884
433885
433886
433887
433893
433896
433897
433899
433900
433901
433903
434175
434176
434177
434178
434179
434190
434191
434192
434197
434198
434199
434200
434201
434202
434203
434204
434207
434208
434209
434210
434216
434219
434220
434222
434223
434224
434226
434498
434499
434500
434501
434502
434513
434514
434515
434520
434521
434522
434523
434524
434525
434526
434527
434530
434531
434532
434533
434539
434542
434543
434545
434546
434547
434549
434821
434822
434823
434824
434825
434836
434837
434838
434843
434844
434845
434846
434847
434848
434849
434850
434853
434854
434855
434856
434862
434865
434866
434868
434869
434870
434872
435144
435145
435146
435147
435148
435159
435160
435161
435166
435167
435168
435169
435170
435171
435172
435173
435176
435177
435178
435179
435185
435188
435189
435191
435192
435193
435195
435467
435468
435469
435470
435471
435482
435483
435484
435489
435490
435491
435492
435493
435494
435495
435496
435499
435500
435501
435502
435508
435511
435512
435514
435515
435516
435518
435790
435791
435792
435793
435794
435805
435806
435807
435812
435813
435814
435815
435816
435817
435818
435819
435822
435823
435824
435825
435831
435834
435835
435837
435838
435839
435841
436113
436114
436115
436116
436117
436128
436129
436130
436135
436136
436137
436138
436139
436140
436141
436142
436145
436146
436147
436148
436154
436157
436158
436160
436161
436162
436164
436436
436437
436438
436439
436440
436451
436452
436453
436458
436459
436460
436461
436462
436463
436464
436465
436468
436469
436470
436471
436477
436480
436481
436483
436484
436485
436487
436759
436760
436761
436762
436763
436774
436775
436776
436781
436782
436783
436784
436785
436786
436787
436788
436791
436792
436793
436794
436800
436803
436804
436806
436807
436808
436810
437082
437083
437084
437085
437086
437097
437098
437099
437104
437105
437106
437107
437108
437109
437110
437111
437114
437115
437116
437117
437123
437126
437127
437129
437130
437131
437133
437405
437406
437407
437408
437409
437420
437421
437422
437427
437428
437429
437430
437431
437432
437433
437434
437437
437438
437439
437440
437446
437449
437450
437452
437453
437454
437456
437728
437729
437730
437731
437732
437743
437744
437745
437750
437751
437752
437753
437754
437755
437756
437757
437760
437761
437762
437763
437769
437772
437773
437775
437776
437777
437779
438051
438052
438053
438054
438055
438066
438067
438068
438073
438074
438075
438076
438077
438078
438079
438080
438083
438084
438085
438086
438092
438095
438096
438098
438099
438100
438102
438374
438375
438376
438377
438378
438389
438390
438391
438396
438397
438398
438399
438400
438401
438402
438403
438406
438407
438408
438409
438415
438418
438419
438421
438422
438423
438425
438697
438698
438699
438700
438701
438712
438713
438714
438719
438720
438721
438722
438723
438724
438725
438726
438729
438730
438731
438732
438738
438741
438742
438744
438745
438746
438748
439020
439021
439022
439023
439024
439035
439036
439037
439042
439043
439044
439045
439046
439047
439048
439049
439052
439053
439054
439055
439061
439064
439065
439067
439068
439069
439071
439343
439344
439345
439346
439347
439358
439359
439360
439365
439366
439367
439368
439369
439370
439371
439372
439375
439376
439377
439378
439384
439387
439388
439390
439391
439392
439394
439666
439667
439668
439669
439670
439681
439682
439683
439688
439689
439690
439691
439692
439693
439694
439695
439698
439699
439700
439701
439707
439710
439711
439713
439714
439715
439717
439989
439990
439991
439992
439993
440004
440005
440006
440011
440012
440013
440014
440015
440016
440017
440018
440021
440022
440023
440024
440030
440033
440034
440036
440037
440038
440040
440312
440313
440314
440315
440316
440327
440328
440329
440334
440335
440336
440337
440338
440339
440340
440341
440344
440345
440346
440347
440353
440356
440357
440359
440360
440361
440363
440635
440636
440637
440638
440639
440650
440651
440652
440657
440658
440659
440660
440661
440662
440663
440664
440667
440668
440669
440670
440676
440679
440680
440682
440683
440684
440686
440958
440959
440960
440961
440962
440973
440974
440975
440980
440981
440982
440983
440984
440985
440986
440987
440990
440991
440992
440993
440999
441002
441003
441005
441006
441007
441009
441281
441282
441283
441284
441285
441296
441297
441298
441303
441304
441305
441306
441307
441308
441309
441310
441313
441314
441315
441316
441322
441325
441326
441328
441329
441330
441332
441604
441605
441606
441607
441608
441619
441620
441621
441626
441627
441628
441629
441630
441631
441632
441633
441636
441637
441638
441639
441645
441648
441649
441651
441652
441653
441655
441927
441928
441929
441930
441931
441942
441943
441944
441949
441950
441951
441952
441953
441954
441955
441956
441959
441960
441961
441962
441968
441971
441972
441974
441975
441976
441978
442250
442251
442252
442253
442254
442265
442266
442267
442272
442273
442274
442275
442276
442277
442278
442279
442282
442283
442284
442285
442291
442294
442295
442297
442298
442299
442301
442573
442574
442575
442576
442577
442588
442589
442590
442595
442596
442597
442598
442599
442600
442601
442602
442605
442606
442607
442608
442614
442617
442618
442620
442621
442622
442624
442896
442897
442898
442899
442900
442911
442912
442913
442918
442919
442920
442921
442922
442923
442924
442925
442928
442929
442930
442931
442937
442940
442941
442943
442944
442945
442947
443219
443220
443221
443222
443223
443234
443235
443236
443241
443242
443243
443244
443245
443246
443247
443248
443251
443252
443253
443254
443260
443263
443264
443266
443267
443268
443270
443542
443543
443544
443545
443546
443557
443558
443559
443564
443565
443566
443567
443568
443569
443570
443571
443574
443575
443576
443577
443583
443586
443587
443589
443590
443591
443593
443865
443866
443867
443868
443869
443880
443881
443882
443887
443888
443889
443890
443891
443892
443893
443894
443897
443898
443899
443900
443906
443909
443910
443912
443913
443914
443916
444188
444189
444190
444191
444192
444203
444204
444205
444210
444211
444212
444213
444214
444215
444216
444217
444220
444221
444222
444223
444229
444232
444233
444235
444236
444237
444239
444511
444512
444513
444514
444515
444526
444527
444528
444533
444534
444535
444536
444537
444538
444539
444540
444543
444544
444545
444546
444552
444555
444556
444558
444559
444560
444562
444834
444835
444836
444837
444838
444849
444850
444851
444856
444857
444858
444859
444860
444861
444862
444863
444866
444867
444868
444869
444875
444878
444879
444881
444882
444883
444885
445157
445158
445159
445160
445161
445172
445173
445174
445179
445180
445181
445182
445183
445184
445185
445186
445189
445190
445191
445192
445198
445201
445202
445204
445205
445206
445208
445480
445481
445482
445483
445484
445495
445496
445497
445502
445503
445504
445505
445506
445507
445508
445509
445512
445513
445514
445515
445521
445524
445525
445527
445528
445529
445531
445803
445804
445805
445806
445807
445818
445819
445820
445825
445826
445827
445828
445829
445830
445831
445832
445835
445836
445837
445838
445844
445847
445848
445850
445851
445852
445854
446126
446127
446128
446129
446130
446141
446142
446143
446148
446149
446150
446151
446152
446153
446154
446155
446158
446159
446160
446161
446167
446170
446171
446173
446174
446175
446177
446449
446450
446451
446452
446453
446464
446465
446466
446471
446472
446473
446474
446475
446476
446477
446478
446481
446482
446483
446484
446490
446493
446494
446496
446497
446498
446500
446772
446773
446774
446775
446776
446787
446788
446789
446794
446795
446796
446797
446798
446799
446800
446801
446804
446805
446806
446807
446813
446816
446817
446819
446820
446821
446823
447095
447096
447097
447098
447099
447110
447111
447112
447117
447118
447119
447120
447121
447122
447123
447124
447127
447128
447129
447130
447136
447139
447140
447142
447143
447144
447146
447418
447419
447420
447421
447422
447433
447434
447435
447440
447441
447442
447443
447444
447445
447446
447447
447450
447451
447452
447453
447459
447462
447463
447465
447466
447467
447469
447741
447742
447743
447744
447745
447756
447757
447758
447763
447764
447765
447766
447767
447768
447769
447770
447773
447774
447775
447776
447782
447785
447786
447788
447789
447790
447792
448064
448065
448066
448067
448068
448079
448080
448081
448086
448087
448088
448089
448090
448091
448092
448093
448096
448097
448098
448099
448105
448108
448109
448111
448112
448113
448115
448387
448388
448389
448390
448391
448402
448403
448404
448409
448410
448411
448412
448413
448414
448415
448416
448419
448420
448421
448422
448428
448431
448432
448434
448435
448436
448438
448710
448711
448712
448713
448714
448725
448726
448727
448732
448733
448734
448735
448736
448737
448738
448739
448742
448743
448744
448745
448751
448754
448755
448757
448758
448759
448761
449033
449034
449035
449036
449037
449048
449049
449050
449055
449056
449057
449058
449059
449060
449061
449062
449065
449066
449067
449068
449074
449077
449078
449080
449081
449082
449084
449356
449357
449358
449359
449360
449371
449372
449373
449378
449379
449380
449381
449382
449383
449384
449385
449388
449389
449390
449391
449397
449400
449401
449403
449404
449405
449407
449679
449680
449681
449682
449683
449694
449695
449696
449701
449702
449703
449704
449705
449706
449707
449708
449711
449712
449713
449714
449720
449723
449724
449726
449727
449728
449730
450002
450003
450004
450005
450006
450017
450018
450019
450024
450025
450026
450027
450028
450029
450030
450031
450034
450035
450036
450037
450043
450046
450047
450049
450050
450051
450053
450325
450326
450327
450328
450329
450340
450341
450342
450347
450348
450349
450350
450351
450352
450353
450354
450357
450358
450359
450360
450366
450369
450370
450372
450373
450374
450376
450648
450649
450650
450651
450652
450663
450664
450665
450670
450671
450672
450673
450674
450675
450676
450677
450680
450681
450682
450683
450689
450692
450693
450695
450696
450697
450699
450971
450972
450973
450974
450975
450986
450987
450988
450993
450994
450995
450996
450997
450998
450999
451000
451003
451004
451005
451006
451012
451015
451016
451018
451019
451020
451022
451294
451295
451296
451297
451298
451309
451310
451311
451316
451317
451318
451319
451320
451321
451322
451323
451326
451327
451328
451329
451335
451338
451339
451341
451342
451343
451345
451617
451618
451619
451620
451621
451632
451633
451634
451639
451640
451641
451642
451643
451644
451645
451646
451649
451650
451651
451652
451658
451661
451662
451664
451665
451666
451668
451940
451941
451942
451943
451944
451955
451956
451957
451962
451963
451964
451965
451966
451967
451968
451969
451972
451973
451974
451975
451981
451984
451985
451987
451988
451989
451991
452263
452264
452265
452266
452267
452278
452279
452280
452285
452286
452287
452288
452289
452290
452291
452292
452295
452296
452297
452298
452304
452307
452308
452310
452311
452312
452314
452586
452587
452588
452589
452590
452601
452602
452603
452608
452609
452610
452611
452612
452613
452614
452615
452618
452619
452620
452621
452627
452630
452631
452633
452634
452635
452637
452909
452910
452911
452912
452913
452924
452925
452926
452931
452932
452933
452934
452935
452936
452937
452938
452941
452942
452943
452944
452950
452953
452954
452956
452957
452958
452960
453232
453233
453234
453235
453236
453247
453248
453249
453254
453255
453256
453257
453258
453259
453260
453261
453264
453265
453266
453267
453273
453276
453277
453279
453280
453281
453283
453555
453556
453557
453558
453559
453570
453571
453572
453577
453578
453579
453580
453581
453582
453583
453584
453587
453588
453589
453590
453596
453599
453600
453602
453603
453604
453606
453878
453879
453880
453881
453882
453893
453894
453895
453900
453901
453902
453903
453904
453905
453906
453907
453910
453911
453912
453913
453919
453922
453923
453925
453926
453927
453929
454201
454202
454203
454204
454205
454216
454217
454218
454223
454224
454225
454226
454227
454228
454229
454230
454233
454234
454235
454236
454242
454245
454246
454248
454249
454250
454252
454524
454525
454526
454527
454528
454539
454540
454541
454546
454547
454548
454549
454550
454551
454552
454553
454556
454557
454558
454559
454565
454568
454569
454571
454572
454573
454575
454847
454848
454849
454850
454851
454862
454863
454864
454869
454870
454871
454872
454873
454874
454875
454876
454879
454880
454881
454882
454888
454891
454892
454894
454895
454896
454898
455170
455171
455172
455173
455174
455185
455186
455187
455192
455193
455194
455195
455196
455197
455198
455199
455202
455203
455204
455205
455211
455214
455215
455217
455218
455219
455221
455493
455494
455495
455496
455497
455508
455509
455510
455515
455516
455517
455518
455519
455520
455521
455522
455525
455526
455527
455528
455534
455537
455538
455540
455541
455542
455544
455816
455817
455818
455819
455820
455831
455832
455833
455838
455839
455840
455841
455842
455843
455844
455845
455848
455849
455850
455851
455857
455860
455861
455863
455864
455865
455867
456139
456140
456141
456142
456143
456154
456155
456156
456161
456162
456163
456164
456165
456166
456167
456168
456171
456172
456173
456174
456180
456183
456184
456186
456187
456188
456190
456462
456463
456464
456465
456466
456477
456478
456479
456484
456485
456486
456487
456488
456489
456490
456491
456494
456495
456496
456497
456503
456506
456507
456509
456510
456511
456513
456785
456786
456787
456788
456789
456800
456801
456802
456807
456808
456809
456810
456811
456812
456813
456814
456817
456818
456819
456820
456826
456829
456830
456832
456833
456834
456836
457108
457109
457110
457111
457112
457123
457124
457125
457130
457131
457132
457133
457134
457135
457136
457137
457140
457141
457142
457143
457149
457152
457153
457155
457156
457157
457159
457431
457432
457433
457434
457435
457446
457447
457448
457453
457454
457455
457456
457457
457458
457459
457460
457463
457464
457465
457466
457472
457475
457476
457478
457479
457480
457482
457754
457755
457756
457757
457758
457769
457770
457771
457776
457777
457778
457779
457780
457781
457782
457783
457786
457787
457788
457789
457795
457798
457799
457801
457802
457803
457805
458077
458078
458079
458080
458081
458092
458093
458094
458099
458100
458101
458102
458103
458104
458105
458106
458109
458110
458111
458112
458118
458121
458122
458124
458125
458126
458128
458400
458401
458402
458403
458404
458415
458416
458417
458422
458423
458424
458425
458426
458427
458428
458429
458432
458433
458434
458435
458441
458444
458445
458447
458448
458449
458451
458723
458724
458725
458726
458727
458738
458739
458740
458745
458746
458747
458748
458749
458750
458751
458752
458755
458756
458757
458758
458764
458767
458768
458770
458771
458772
458774
459046
459047
459048
459049
459050
459061
459062
459063
459068
459069
459070
459071
459072
459073
459074
459075
459078
459079
459080
459081
459087
459090
459091
459093
459094
459095
459097
459369
459370
459371
459372
459373
459384
459385
459386
459391
459392
459393
459394
459395
459396
459397
459398
459401
459402
459403
459404
459410
459413
459414
459416
459417
459418
459420
459692
459693
459694
459695
459696
459707
459708
459709
459714
459715
459716
459717
459718
459719
459720
459721
459724
459725
459726
459727
459733
459736
459737
459739
459740
459741
459743
460015
460016
460017
460018
460019
460030
460031
460032
460037
460038
460039
460040
460041
460042
460043
460044
460047
460048
460049
460050
460056
460059
460060
460062
460063
460064
460066
460338
460339
460340
460341
460342
460353
460354
460355
460360
460361
460362
460363
460364
460365
460366
460367
460370
460371
460372
460373
460379
460382
460383
460385
460386
460387
460389
460661
460662
460663
460664
460665
460676
460677
460678
460683
460684
460685
460686
460687
460688
460689
460690
460693
460694
460695
460696
460702
460705
460706
460708
460709
460710
460712
460984
460985
460986
460987
460988
460999
461000
461001
461006
461007
461008
461009
461010
461011
461012
461013
461016
461017
461018
461019
461025
461028
461029
461031
461032
461033
461035
461307
461308
461309
461310
461311
461322
461323
461324
461329
461330
461331
461332
461333
461334
461335
461336
461339
461340
461341
461342
461348
461351
461352
461354
461355
461356
461358
461630
461631
461632
461633
461634
461645
461646
461647
461652
461653
461654
461655
461656
461657
461658
461659
461662
461663
461664
461665
461671
461674
461675
461677
461678
461679
461681
461953
461954
461955
461956
461957
461968
461969
461970
461975
461976
461977
461978
461979
461980
461981
461982
461985
461986
461987
461988
461994
461997
461998
462000
462001
462002
462004
462276
462277
462278
462279
462280
462291
462292
462293
462298
462299
462300
462301
462302
462303
462304
462305
462308
462309
462310
462311
462317
462320
462321
462323
462324
462325
462327
462599
462600
462601
462602
462603
462614
462615
462616
462621
462622
462623
462624
462625
462626
462627
462628
462631
462632
462633
462634
462640
462643
462644
462646
462647
462648
462650
462922
462923
462924
462925
462926
462937
462938
462939
462944
462945
462946
462947
462948
462949
462950
462951
462954
462955
462956
462957
462963
462966
462967
462969
462970
462971
462973
463245
463246
463247
463248
463249
463260
463261
463262
463267
463268
463269
463270
463271
463272
463273
463274
463277
463278
463279
463280
463286
463289
463290
463292
463293
463294
463296
463568
463569
463570
463571
463572
463583
463584
463585
463590
463591
463592
463593
463594
463595
463596
463597
463600
463601
463602
463603
463609
463612
463613
463615
463616
463617
463619
463891
463892
463893
463894
463895
463906
463907
463908
463913
463914
463915
463916
463917
463918
463919
463920
463923
463924
463925
463926
463932
463935
463936
463938
463939
463940
463942
464214
464215
464216
464217
464218
464229
464230
464231
464236
464237
464238
464239
464240
464241
464242
464243
464246
464247
464248
464249
464255
464258
464259
464261
464262
464263
464265
464537
464538
464539
464540
464541
464552
464553
464554
464559
464560
464561
464562
464563
464564
464565
464566
464569
464570
464571
464572
464578
464581
464582
464584
464585
464586
464588
464860
464861
464862
464863
464864
464875
464876
464877
464882
464883
464884
464885
464886
464887
464888
464889
464892
464893
464894
464895
464901
464904
464905
464907
464908
464909
464911
465183
465184
465185
465186
465187
465198
465199
465200
465205
465206
465207
465208
465209
465210
465211
465212
465215
465216
465217
465218
465224
465227
465228
465230
465231
465232
465234
465506
465507
465508
465509
465510
465521
465522
465523
465528
465529
465530
465531
465532
465533
465534
465535
465538
465539
465540
465541
465547
465550
465551
465553
465554
465555
465557
465829
465830
465831
465832
465833
465844
465845
465846
465851
465852
465853
465854
465855
465856
465857
465858
465861
465862
465863
465864
465870
465873
465874
465876
465877
465878
465880
466152
466153
466154
466155
466156
466167
466168
466169
466174
466175
466176
466177
466178
466179
466180
466181
466184
466185
466186
466187
466193
466196
466197
466199
466200
466201
466203
466475
466476
466477
466478
466479
466490
466491
466492
466497
466498
466499
466500
466501
466502
466503
466504
466507
466508
466509
466510
466516
466519
466520
466522
466523
466524
466526
466798
466799
466800
466801
466802
466813
466814
466815
466820
466821
466822
466823
466824
466825
466826
466827
466830
466831
466832
466833
466839
466842
466843
466845
466846
466847
466849
467121
467122
467123
467124
467125
467136
467137
467138
467143
467144
467145
467146
467147
467148
467149
467150
467153
467154
467155
467156
467162
467165
467166
467168
467169
467170
467172
467444
467445
467446
467447
467448
467459
467460
467461
467466
467467
467468
467469
467470
467471
467472
467473
467476
467477
467478
467479
467485
467488
467489
467491
467492
467493
467495
467767
467768
467769
467770
467771
467782
467783
467784
467789
467790
467791
467792
467793
467794
467795
467796
467799
467800
467801
467802
467808
467811
467812
467814
467815
467816
467818
468090
468091
468092
468093
468094
468105
468106
468107
468112
468113
468114
468115
468116
468117
468118
468119
468122
468123
468124
468125
468131
468134
468135
468137
468138
468139
468141
468413
468414
468415
468416
468417
468428
468429
468430
468435
468436
468437
468438
468439
468440
468441
468442
468445
468446
468447
468448
468454
468457
468458
468460
468461
468462
468464
468736
468737
468738
468739
468740
468751
468752
468753
468758
468759
468760
468761
468762
468763
468764
468765
468768
468769
468770
468771
468777
468780
468781
468783
468784
468785
468787
469059
469060
469061
469062
469063
469074
469075
469076
469081
469082
469083
469084
469085
469086
469087
469088
469091
469092
469093
469094
469100
469103
469104
469106
469107
469108
469110
469382
469383
469384
469385
469386
469397
469398
469399
469404
469405
469406
469407
469408
469409
469410
469411
469414
469415
469416
469417
469423
469426
469427
469429
469430
469431
469433
469705
469706
469707
469708
469709
469720
469721
469722
469727
469728
469729
469730
469731
469732
469733
469734
469737
469738
469739
469740
469746
469749
469750
469752
469753
469754
469756
470028
470029
470030
470031
470032
470043
470044
470045
470050
470051
470052
470053
470054
470055
470056
470057
470060
470061
470062
470063
470069
470072
470073
470075
470076
470077
470079
470351
470352
470353
470354
470355
470366
470367
470368
470373
470374
470375
470376
470377
470378
470379
470380
470383
470384
470385
470386
470392
470395
470396
470398
470399
470400
470402
470674
470675
470676
470677
470678
470689
470690
470691
470696
470697
470698
470699
470700
470701
470702
470703
470706
470707
470708
470709
470715
470718
470719
470721
470722
470723
470725
470997
470998
470999
471000
471001
471012
471013
471014
471019
471020
471021
471022
471023
471024
471025
471026
471029
471030
471031
471032
471038
471041
471042
471044
471045
471046
471048
471320
471321
471322
471323
471324
471335
471336
471337
471342
471343
471344
471345
471346
471347
471348
471349
471352
471353
471354
471355
471361
471364
471365
471367
471368
471369
471371
471643
471644
471645
471646
471647
471658
471659
471660
471665
471666
471667
471668
471669
471670
471671
471672
471675
471676
471677
471678
471684
471687
471688
471690
471691
471692
471694
471966
471967
471968
471969
471970
471981
471982
471983
471988
471989
471990
471991
471992
471993
471994
471995
471998
471999
472000
472001
472007
472010
472011
472013
472014
472015
472017
472289
472290
472291
472292
472293
472304
472305
472306
472311
472312
472313
472314
472315
472316
472317
472318
472321
472322
472323
472324
472330
472333
472334
472336
472337
472338
472340
472612
472613
472614
472615
472616
472627
472628
472629
472634
472635
472636
472637
472638
472639
472640
472641
472644
472645
472646
472647
472653
472656
472657
472659
472660
472661
472663
472935
472936
472937
472938
472939
472950
472951
472952
472957
472958
472959
472960
472961
472962
472963
472964
472967
472968
472969
472970
472976
472979
472980
472982
472983
472984
472986
473258
473259
473260
473261
473262
473273
473274
473275
473280
473281
473282
473283
473284
473285
473286
473287
473290
473291
473292
473293
473299
473302
473303
473305
473306
473307
473309
473581
473582
473583
473584
473585
473596
473597
473598
473603
473604
473605
473606
473607
473608
473609
473610
473613
473614
473615
473616
473622
473625
473626
473628
473629
473630
473632
473904
473905
473906
473907
473908
473919
473920
473921
473926
473927
473928
473929
473930
473931
473932
473933
473936
473937
473938
473939
473945
473948
473949
473951
473952
473953
473955
474227
474228
474229
474230
474231
474242
474243
474244
474249
474250
474251
474252
474253
474254
474255
474256
474259
474260
474261
474262
474268
474271
474272
474274
474275
474276
474278
474550
474551
474552
474553
474554
474565
474566
474567
474572
474573
474574
474575
474576
474577
474578
474579
474582
474583
474584
474585
474591
474594
474595
474597
474598
474599
474601
474873
474874
474875
474876
474877
474888
474889
474890
474895
474896
474897
474898
474899
474900
474901
474902
474905
474906
474907
474908
474914
474917
474918
474920
474921
474922
474924
475196
475197
475198
475199
475200
475211
475212
475213
475218
475219
475220
475221
475222
475223
475224
475225
475228
475229
475230
475231
475237
475240
475241
475243
475244
475245
475247
475519
475520
475521
475522
475523
475534
475535
475536
475541
475542
475543
475544
475545
475546
475547
475548
475551
475552
475553
475554
475560
475563
475564
475566
475567
475568
475570
475842
475843
475844
475845
475846
475857
475858
475859
475864
475865
475866
475867
475868
475869
475870
475871
475874
475875
475876
475877
475883
475886
475887
475889
475890
475891
475893
476165
476166
476167
476168
476169
476180
476181
476182
476187
476188
476189
476190
476191
476192
476193
476194
476197
476198
476199
476200
476206
476209
476210
476212
476213
476214
476216
476488
476489
476490
476491
476492
476503
476504
476505
476510
476511
476512
476513
476514
476515
476516
476517
476520
476521
476522
476523
476529
476532
476533
476535
476536
476537
476539
476811
476812
476813
476814
476815
476826
476827
476828
476833
476834
476835
476836
476837
476838
476839
476840
476843
476844
476845
476846
476852
476855
476856
476858
476859
476860
476862
477134
477135
477136
477137
477138
477149
477150
477151
477156
477157
477158
477159
477160
477161
477162
477163
477166
477167
477168
477169
477175
477178
477179
477181
477182
477183
477185
477457
477458
477459
477460
477461
477472
477473
477474
477479
477480
477481
477482
477483
477484
477485
477486
477489
477490
477491
477492
477498
477501
477502
477504
477505
477506
477508
477780
477781
477782
477783
477784
477795
477796
477797
477802
477803
477804
477805
477806
477807
477808
477809
477812
477813
477814
477815
477821
477824
477825
477827
477828
477829
477831
478103
478104
478105
478106
478107
478118
478119
478120
478125
478126
478127
478128
478129
478130
478131
478132
478135
478136
478137
478138
478144
478147
478148
478150
478151
478152
478154
478426
478427
478428
478429
478430
478441
478442
478443
478448
478449
478450
478451
478452
478453
478454
478455
478458
478459
478460
478461
478467
478470
478471
478473
478474
478475
478477
478696
478697
478702
478703
478707
478708
478709
478710
478711
478712
478717
478719
478720
478855
478856
478858
478859
478862
478863
478864
478866
478867
478868
478870
479029
479030
479031
479033
479034
479037
479038
479039
479040
479042
479043
479044
479047
479215
479216
479217
479219
479220
479223
479224
479225
479226
479228
479229
479230
479233
479401
479402
479403
479405
479406
479409
479410
479411
479412
479414
479415
479416
479419
479587
479588
479589
479591
479592
479595
479596
479597
479598
479600
479601
479602
479605
479773
479774
479775
479777
479778
479781
479782
479783
479784
479786
479787
479788
479791
479959
479960
479961
479963
479964
479967
479968
479969
479970
479972
479973
479974
479977
480145
480146
480147
480149
480150
480153
480154
480155
480156
480158
480159
480160
480163
480331
480332
480333
480335
480336
480339
480340
480341
480342
480344
480345
480346
480349
480517
480518
480519
480521
480522
480525
480526
480527
480528
480530
480531
480532
480535
480703
480704
480705
480707
480708
480711
480712
480713
480714
480716
480717
480718
480721
480889
480890
480891
480893
480894
480897
480898
480899
480900
480902
480903
480904
480907
481075
481076
481077
481079
481080
481083
481084
481085
481086
481088
481089
481090
481093
481261
481262
481263
481265
481266
481269
481270
481271
481272
481274
481275
481276
481279
481447
481448
481449
481451
481452
481455
481456
481457
481458
481460
481461
481462
481465
481633
481634
481635
481637
481638
481641
481642
481643
481644
481646
481647
481648
481651
481819
481820
481821
481823
481824
481827
481828
481829
481830
481832
481833
481834
481837
482005
482006
482007
482009
482010
482013
482014
482015
482016
482018
482019
482020
482023
482191
482192
482193
482195
482196
482199
482200
482201
482202
482204
482205
482206
482209
482377
482378
482379
482381
482382
482385
482386
482387
482388
482390
482391
482392
482395
482563
482564
482565
482567
482568
482571
482572
482573
482574
482576
482577
482578
482581
482749
482750
482751
482753
482754
482757
482758
482759
482760
482762
482763
482764
482767
482935
482936
482937
482939
482940
482943
482944
482945
482946
482948
482949
482950
482953
483121
483122
483123
483125
483126
483129
483130
483131
483132
483134
483135
483136
483139
483307
483308
483309
483311
483312
483315
483316
483317
483318
483320
483321
483322
483325
483493
483494
483495
483497
483498
483501
483502
483503
483504
483506
483507
483508
483511
483679
483680
483681
483683
483684
483687
483688
483689
483690
483692
483693
483694
483697
483865
483866
483867
483869
483870
483873
483874
483875
483876
483878
483879
483880
483883
484051
484052
484053
484055
484056
484059
484060
484061
484062
484064
484065
484066
484069
484237
484238
484239
484241
484242
484245
484246
484247
484248
484250
484251
484252
484255
484423
484424
484425
484427
484428
484431
484432
484433
484434
484436
484437
484438
484441
484609
484610
484611
484613
484614
484617
484618
484619
484620
484622
484623
484624
484627
484795
484796
484797
484799
484800
484803
484804
484805
484806
484808
484809
484810
484813
484981
484982
484983
484985
484986
484989
484990
484991
484992
484994
484995
484996
484999
485167
485168
485169
485171
485172
485175
485176
485177
485178
485180
485181
485182
485185
485353
485354
485355
485357
485358
485361
485362
485363
485364
485366
485367
485368
485371
485539
485540
485541
485543
485544
485547
485548
485549
485550
485552
485553
485554
485557
485725
485726
485727
485729
485730
485733
485734
485735
485736
485738
485739
485740
485743
485911
485912
485913
485915
485916
485919
485920
485921
485922
485924
485925
485926
485929
486097
486098
486099
486101
486102
486105
486106
486107
486108
486110
486111
486112
486115
486283
486284
486285
486287
486288
486291
486292
486293
486294
486296
486297
486298
486301
486469
486470
486471
486473
486474
486477
486478
486479
486480
486482
486483
486484
486487
486655
486656
486657
486659
486660
486663
486664
486665
486666
486668
486669
486670
486673
486841
486842
486843
486845
486846
486849
486850
486851
486852
486854
486855
486856
486859
487027
487028
487029
487031
487032
487035
487036
487037
487038
487040
487041
487042
487045
487213
487214
487215
487217
487218
487221
487222
487223
487224
487226
487227
487228
487231
487399
487400
487401
487403
487404
487407
487408
487409
487410
487412
487413
487414
487417
487585
487586
487587
487589
487590
487593
487594
487595
487596
487598
487599
487600
487603
487771
487772
487773
487775
487776
487779
487780
487781
487782
487784
487785
487786
487789
487957
487958
487959
487961
487962
487965
487966
487967
487968
487970
487971
487972
487975
488143
488144
488145
488147
488148
488151
488152
488153
488154
488156
488157
488158
488161
488329
488330
488331
488333
488334
488337
488338
488339
488340
488342
488343
488344
488347
488515
488516
488517
488519
488520
488523
488524
488525
488526
488528
488529
488530
488533
488701
488702
488703
488705
488706
488709
488710
488711
488712
488714
488715
488716
488719
488887
488888
488889
488891
488892
488895
488896
488897
488898
488900
488901
488902
488905
489073
489074
489075
489077
489078
489081
489082
489083
489084
489086
489087
489088
489091
489259
489260
489261
489263
489264
489267
489268
489269
489270
489272
489273
489274
489277
489445
489446
489447
489449
489450
489453
489454
489455
489456
489458
489459
489460
489463
489631
489632
489633
489635
489636
489639
489640
489641
489642
489644
489645
489646
489649
489817
489818
489819
489821
489822
489825
489826
489827
489828
489830
489831
489832
489835
490003
490004
490005
490007
490008
490011
490012
490013
490014
490016
490017
490018
490021
490189
490190
490191
490193
490194
490197
490198
490199
490200
490202
490203
490204
490207
490375
490376
490377
490379
490380
490383
490384
490385
490386
490388
490389
490390
490393
490561
490562
490563
490565
490566
490569
490570
490571
490572
490574
490575
490576
490579
490747
490748
490749
490751
490752
490755
490756
490757
490758
490760
490761
490762
490765
490933
490934
490935
490937
490938
490941
490942
490943
490944
490946
490947
490948
490951
491119
491120
491121
491123
491124
491127
491128
491129
491130
491132
491133
491134
491137
491305
491306
491307
491309
491310
491313
491314
491315
491316
491318
491319
491320
491323
491491
491492
491493
491495
491496
491499
491500
491501
491502
491504
491505
491506
491509
491677
491678
491679
491681
491682
491685
491686
491687
491688
491690
491691
491692
491695
491863
491864
491865
491867
491868
491871
491872
491873
491874
491876
491877
491878
491881
492049
492050
492051
492053
492054
492057
492058
492059
492060
492062
492063
492064
492067
492235
492236
492237
492239
492240
492243
492244
492245
492246
492248
492249
492250
492253
492421
492422
492423
492425
492426
492429
492430
492431
492432
492434
492435
492436
492439
492607
492608
492609
492611
492612
492615
492616
492617
492618
492620
492621
492622
492625
492793
492794
492795
492797
492798
492801
492802
492803
492804
492806
492807
492808
492811
492979
492980
492981
492983
492984
492987
492988
492989
492990
492992
492993
492994
492997
493165
493166
493167
493169
493170
493173
493174
493175
493176
493178
493179
493180
493183
493351
493352
493353
493355
493356
493359
493360
493361
493362
493364
493365
493366
493369
493537
493538
493539
493541
493542
493545
493546
493547
493548
493550
493551
493552
493555
493723
493724
493725
493727
493728
493731
493732
493733
493734
493736
493737
493738
493741
493909
493910
493911
493913
493914
493917
493918
493919
493920
493922
493923
493924
493927
494095
494096
494097
494099
494100
494103
494104
494105
494106
494108
494109
494110
494113
494281
494282
494283
494285
494286
494289
494290
494291
494292
494294
494295
494296
494299
494467
494468
494469
494471
494472
494475
494476
494477
494478
494480
494481
494482
494485
494653
494654
494655
494657
494658
494661
494662
494663
494664
494666
494667
494668
494671
494839
494840
494841
494843
494844
494847
494848
494849
494850
494852
494853
494854
494857
495025
495026
495027
495029
495030
495033
495034
495035
495036
495038
495039
495040
495043
495211
495212
495213
495215
495216
495219
495220
495221
495222
495224
495225
495226
495229
495397
495398
495399
495401
495402
495405
495406
495407
495408
495410
495411
495412
495415
495583
495584
495585
495587
495588
495591
495592
495593
495594
495596
495597
495598
495601
495769
495770
495771
495773
495774
495777
495778
495779
495780
495782
495783
495784
495787
495955
495956
495957
495959
495960
495963
495964
495965
495966
495968
495969
495970
495973
496141
496142
496143
496145
496146
496149
496150
496151
496152
496154
496155
496156
496159
496327
496328
496329
496331
496332
496335
496336
496337
496338
496340
496341
496342
496345
496513
496514
496515
496517
496518
496521
496522
496523
496524
496526
496527
496528
496531
496699
496700
496701
496703
496704
496707
496708
496709
496710
496712
496713
496714
496717
496885
496886
496887
496889
496890
496893
496894
496895
496896
496898
496899
496900
496903
497071
497072
497073
497075
497076
497079
497080
497081
497082
497084
497085
497086
497089
497257
497258
497259
497261
497262
497265
497266
497267
497268
497270
497271
497272
497275
497443
497444
497445
497447
497448
497451
497452
497453
497454
497456
497457
497458
497461
497629
497630
497631
497633
497634
497637
497638
497639
497640
497642
497643
497644
497647
497815
497816
497817
497819
497820
497823
497824
497825
497826
497828
497829
497830
497833
498001
498002
498003
498005
498006
498009
498010
498011
498012
498014
498015
498016
498019
498187
498188
498189
498191
498192
498195
498196
498197
498198
498200
498201
498202
498205
498373
498374
498375
498377
498378
498381
498382
498383
498384
498386
498387
498388
498391
498559
498560
498561
498563
498564
498567
498568
498569
498570
498572
498573
498574
498577
498745
498746
498747
498749
498750
498753
498754
498755
498756
498758
498759
498760
498763
498931
498932
498933
498935
498936
498939
498940
498941
498942
498944
498945
498946
498949
499117
499118
499119
499121
499122
499125
499126
499127
499128
499130
499131
499132
499135
499303
499304
499305
499307
499308
499311
499312
499313
499314
499316
499317
499318
499321
499489
499490
499491
499493
499494
499497
499498
499499
499500
499502
499503
499504
499507
499675
499676
499677
499679
499680
499683
499684
499685
499686
499688
499689
499690
499693
499861
499862
499863
499865
499866
499869
499870
499871
499872
499874
499875
499876
499879
500047
500048
500049
500051
500052
500055
500056
500057
500058
500060
500061
500062
500065
500233
500234
500235
500237
500238
500241
500242
500243
500244
500246
500247
500248
500251
500419
500420
500421
500423
500424
500427
500428
500429
500430
500432
500433
500434
500437
500605
500606
500607
500609
500610
500613
500614
500615
500616
500618
500619
500620
500623
500791
500792
500793
500795
500796
500799
500800
500801
500802
500804
500805
500806
500809
500977
500978
500979
500981
500982
500985
500986
500987
500988
500990
500991
500992
500995
501163
501164
501165
501167
501168
501171
501172
501173
501174
501176
501177
501178
501181
501349
501350
501351
501353
501354
501357
501358
501359
501360
501362
501363
501364
501367
501535
501536
501537
501539
501540
501543
501544
501545
501546
501548
501549
501550
501553
501721
501722
501723
501725
501726
501729
501730
501731
501732
501734
501735
501736
501739
501907
501908
501909
501911
501912
501915
501916
501917
501918
501920
501921
501922
501925
502093
502094
502095
502097
502098
502101
502102
502103
502104
502106
502107
502108
502111
502279
502280
502281
502283
502284
502287
502288
502289
502290
502292
502293
502294
502297
502465
502466
502467
502469
502470
502473
502474
502475
502476
502478
502479
502480
502483
502651
502652
502653
502655
502656
502659
502660
502661
502662
502664
502665
502666
502669
502837
502838
502839
502841
502842
502845
502846
502847
502848
502850
502851
502852
502855
503023
503024
503025
503027
503028
503031
503032
503033
503034
503036
503037
503038
503041
503209
503210
503211
503213
503214
503217
503218
503219
503220
503222
503223
503224
503227
503395
503396
503397
503399
503400
503403
503404
503405
503406
503408
503409
503410
503413
503581
503582
503583
503585
503586
503589
503590
503591
503592
503594
503595
503596
503599
503767
503768
503769
503771
503772
503775
503776
503777
503778
503780
503781
503782
503785
503953
503954
503955
503957
503958
503961
503962
503963
503964
503966
503967
503968
503971
504139
504140
504141
504143
504144
504147
504148
504149
504150
504152
504153
504154
504157
504325
504326
504327
504329
504330
504333
504334
504335
504336
504338
504339
504340
504343
504511
504512
504513
504515
504516
504519
504520
504521
504522
504524
504525
504526
504529
504697
504698
504699
504701
504702
504705
504706
504707
504708
504710
504711
504712
504715
504883
504884
504885
504887
504888
504891
504892
504893
504894
504896
504897
504898
504901
505069
505070
505071
505073
505074
505077
505078
505079
505080
505082
505083
505084
505087
505255
505256
505257
505259
505260
505263
505264
505265
505266
505268
505269
505270
505273
505441
505442
505443
505445
505446
505449
505450
505451
505452
505454
505455
505456
505459
505627
505628
505629
505631
505632
505635
505636
505637
505638
505640
505641
505642
505645
505813
505814
505815
505817
505818
505821
505822
505823
505824
505826
505827
505828
505831
505999
506000
506001
506003
506004
506007
506008
506009
506010
506012
506013
506014
506017
506185
506186
506187
506189
506190
506193
506194
506195
506196
506198
506199
506200
506203
506371
506372
506373
506375
506376
506379
506380
506381
506382
506384
506385
506386
506389
506557
506558
506559
506561
506562
506565
506566
506567
506568
506570
506571
506572
506575
506743
506744
506745
506747
506748
506751
506752
506753
506754
506756
506757
506758
506761
506929
506930
506931
506933
506934
506937
506938
506939
506940
506942
506943
506944
506947
507115
507116
507117
507119
507120
507123
507124
507125
507126
507128
507129
507130
507133
507301
507302
507303
507305
507306
507309
507310
507311
507312
507314
507315
507316
507319
507487
507488
507489
507491
507492
507495
507496
507497
507498
507500
507501
507502
507505
507673
507674
507675
507677
507678
507681
507682
507683
507684
507686
507687
507688
507691
507859
507860
507861
507863
507864
507867
507868
507869
507870
507872
507873
507874
507877
508045
508046
508047
508049
508050
508053
508054
508055
508056
508058
508059
508060
508063
508231
508232
508233
508235
508236
508239
508240
508241
508242
508244
508245
508246
508249
508417
508418
508419
508421
508422
508425
508426
508427
508428
508430
508431
508432
508435
508603
508604
508605
508607
508608
508611
508612
508613
508614
508616
508617
508618
508621
508789
508790
508791
508793
508794
508797
508798
508799
508800
508802
508803
508804
508807
508975
508976
508977
508979
508980
508983
508984
508985
508986
508988
508989
508990
508993
509161
509162
509163
509165
509166
509169
509170
509171
509172
509174
509175
509176
509179
509347
509348
509349
509351
509352
509355
509356
509357
509358
509360
509361
509362
509365
509533
509534
509535
509537
509538
509541
509542
509543
509544
509546
509547
509548
509551
509719
509720
509721
509723
509724
509727
509728
509729
509730
509732
509733
509734
509737
509905
509906
509907
509909
509910
509913
509914
509915
509916
509918
509919
509920
509923
510091
510092
510093
510095
510096
510099
510100
510101
510102
510104
510105
510106
510109
510277
510278
510279
510281
510282
510285
510286
510287
510288
510290
510291
510292
510295
510463
510464
510465
510467
510468
510471
510472
510473
510474
510476
510477
510478
510481
510649
510650
510651
510653
510654
510657
510658
510659
510660
510662
510663
510664
510667
510835
510836
510837
510839
510840
510843
510844
510845
510846
510848
510849
510850
510853
511021
511022
511023
511025
511026
511029
511030
511031
511032
511034
511035
511036
511039
511207
511208
511209
511211
511212
511215
511216
511217
511218
511220
511221
511222
511225
511393
511394
511395
511397
511398
511401
511402
511403
511404
511406
511407
511408
511411
511579
511580
511581
511583
511584
511587
511588
511589
511590
511592
511593
511594
511597
511765
511766
511767
511769
511770
511773
511774
511775
511776
511778
511779
511780
511783
511951
511952
511953
511955
511956
511959
511960
511961
511962
511964
511965
511966
511969
512137
512138
512139
512141
512142
512145
512146
512147
512148
512150
512151
512152
512155
512323
512324
512325
512327
512328
512331
512332
512333
512334
512336
512337
512338
512341
512509
512510
512511
512513
512514
512517
512518
512519
512520
512522
512523
512524
512527
512695
512696
512697
512699
512700
512703
512704
512705
512706
512708
512709
512710
512713
512881
512882
512883
512885
512886
512889
512890
512891
512892
512894
512895
512896
512899
513067
513068
513069
513071
513072
513075
513076
513077
513078
513080
513081
513082
513085
513253
513254
513255
513257
513258
513261
513262
513263
513264
513266
513267
513268
513271
513439
513440
513441
513443
513444
513447
513448
513449
513450
513452
513453
513454
513457
513625
513626
513627
513629
513630
513633
513634
513635
513636
513638
513639
513640
513643
513811
513812
513813
513815
513816
513819
513820
513821
513822
513824
513825
513826
513829
513997
513998
513999
514001
514002
514005
514006
514007
514008
514010
514011
514012
514015
514183
514184
514185
514187
514188
514191
514192
514193
514194
514196
514197
514198
514201
514369
514370
514371
514373
514374
514377
514378
514379
514380
514382
514383
514384
514387
514555
514556
514557
514559
514560
514563
514564
514565
514566
514568
514569
514570
514573
514741
514742
514743
514745
514746
514749
514750
514751
514752
514754
514755
514756
514759
514927
514928
514929
514931
514932
514935
514936
514937
514938
514940
514941
514942
514945
515113
515114
515115
515117
515118
515121
515122
515123
515124
515126
515127
515128
515131
515299
515300
515301
515303
515304
515307
515308
515309
515310
515312
515313
515314
515317
515485
515486
515487
515489
515490
515493
515494
515495
515496
515498
515499
515500
515503
515671
515672
515673
515675
515676
515679
515680
515681
515682
515684
515685
515686
515689
515854
515855
515856
515858
515859
515862
515863
515864
515865
515867
515868
515869
515872
516094
516109
516110
516111
516112
516113
516117
516122
516127
516128
516132
516133
516134
516135
516136
516137
516138
516139
516140
516141
516142
516143
516144
516145
516149
516153
516154
516155
516156
516159
516160
516161
516162
516163
516166
516469
516484
516485
516486
516487
516488
516492
516497
516502
516503
516507
516508
516509
516510
516511
516512
516513
516514
516515
516516
516517
516518
516519
516520
516524
516528
516529
516530
516531
516534
516535
516536
516537
516538
516541
516844
516859
516860
516861
516862
516863
516867
516872
516877
516878
516882
516883
516884
516885
516886
516887
516888
516889
516890
516891
516892
516893
516894
516895
516899
516903
516904
516905
516906
516909
516910
516911
516912
516913
516916
517219
517234
517235
517236
517237
517238
517242
517247
517252
517253
517257
517258
517259
517260
517261
517262
517263
517264
517265
517266
517267
517268
517269
517270
517274
517278
517279
517280
517281
517284
517285
517286
517287
517288
517291
517594
517609
517610
517611
517612
517613
517617
517622
517627
517628
517632
517633
517634
517635
517636
517637
517638
517639
517640
517641
517642
517643
517644
517645
517649
517653
517654
517655
517656
517659
517660
517661
517662
517663
517666
517969
517984
517985
517986
517987
517988
517992
517997
518002
518003
518007
518008
518009
518010
518011
518012
518013
518014
518015
518016
518017
518018
518019
518020
518024
518028
518029
518030
518031
518034
518035
518036
518037
518038
518041
518344
518359
518360
518361
518362
518363
518367
518372
518377
518378
518382
518383
518384
518385
518386
518387
518388
518389
518390
518391
518392
518393
518394
518395
518399
518403
518404
518405
518406
518409
518410
518411
518412
518413
518416
518719
518734
518735
518736
518737
518738
518742
518747
518752
518753
518757
518758
518759
518760
518761
518762
518763
518764
518765
518766
518767
518768
518769
518770
518774
518778
518779
518780
518781
518784
518785
518786
518787
518788
518791
519094
519109
519110
519111
519112
519113
519117
519122
519127
519128
519132
519133
519134
519135
519136
519137
519138
519139
519140
519141
519142
519143
519144
519145
519149
519153
519154
519155
519156
519159
519160
519161
519162
519163
519166
519469
519484
519485
519486
519487
519488
519492
519497
519502
519503
519507
519508
519509
519510
519511
519512
519513
519514
519515
519516
519517
519518
519519
519520
519524
519528
519529
519530
519531
519534
519535
519536
519537
519538
519541
519844
519859
519860
519861
519862
519863
519867
519872
519877
519878
519882
519883
519884
519885
519886
519887
519888
519889
519890
519891
519892
519893
519894
519895
519899
519903
519904
519905
519906
519909
519910
519911
519912
519913
519916
520219
520234
520235
520236
520237
520238
520242
520247
520252
520253
520257
520258
520259
520260
520261
520262
520263
520264
520265
520266
520267
520268
520269
520270
520274
520278
520279
520280
520281
520284
520285
520286
520287
520288
520291
520594
520609
520610
520611
520612
520613
520617
520622
520627
520628
520632
520633
520634
520635
520636
520637
520638
520639
520640
520641
520642
520643
520644
520645
520649
520653
520654
520655
520656
520659
520660
520661
520662
520663
520666
520969
520984
520985
520986
520987
520988
520992
520997
521002
521003
521007
521008
521009
521010
521011
521012
521013
521014
521015
521016
521017
521018
521019
521020
521024
521028
521029
521030
521031
521034
521035
521036
521037
521038
521041
521344
521359
521360
521361
521362
521363
521367
521372
521377
521378
521382
521383
521384
521385
521386
521387
521388
521389
521390
521391
521392
521393
521394
521395
521399
521403
521404
521405
521406
521409
521410
521411
521412
521413
521416
521719
521734
521735
521736
521737
521738
521742
521747
521752
521753
521757
521758
521759
521760
521761
521762
521763
521764
521765
521766
521767
521768
521769
521770
521774
521778
521779
521780
521781
521784
521785
521786
521787
521788
521791
522094
522109
522110
522111
522112
522113
522117
522122
522127
522128
522132
522133
522134
522135
522136
522137
522138
522139
522140
522141
522142
522143
522144
522145
522149
522153
522154
522155
522156
522159
522160
522161
522162
522163
522166
522469
522484
522485
522486
522487
522488
522492
522497
522502
522503
522507
522508
522509
522510
522511
522512
522513
522514
522515
522516
522517
522518
522519
522520
522524
522528
522529
522530
522531
522534
522535
522536
522537
522538
522541
522844
522859
522860
522861
522862
522863
522867
522872
522877
522878
522882
522883
522884
522885
522886
522887
522888
522889
522890
522891
522892
522893
522894
522895
522899
522903
522904
522905
522906
522909
522910
522911
522912
522913
522916
523219
523234
523235
523236
523237
523238
523242
523247
523252
523253
523257
523258
523259
523260
523261
523262
523263
523264
523265
523266
523267
523268
523269
523270
523274
523278
523279
523280
523281
523284
523285
523286
523287
523288
523291
523594
523609
523610
523611
523612
523613
523617
523622
523627
523628
523632
523633
523634
523635
523636
523637
523638
523639
523640
523641
523642
523643
523644
523645
523649
523653
523654
523655
523656
523659
523660
523661
523662
523663
523666
523969
523984
523985
523986
523987
523988
523992
523997
524002
524003
524007
524008
524009
524010
524011
524012
524013
524014
524015
524016
524017
524018
524019
524020
524024
524028
524029
524030
524031
524034
524035
524036
524037
524038
524041
524344
524359
524360
524361
524362
524363
524367
524372
524377
524378
524382
524383
524384
524385
524386
524387
524388
524389
524390
524391
524392
524393
524394
524395
524399
524403
524404
524405
524406
524409
524410
524411
524412
524413
524416
524719
524734
524735
524736
524737
524738
524742
524747
524752
524753
524757
524758
524759
524760
524761
524762
524763
524764
524765
524766
524767
524768
524769
524770
524774
524778
524779
524780
524781
524784
524785
524786
524787
524788
524791
525094
525109
525110
525111
525112
525113
525117
525122
525127
525128
525132
525133
525134
525135
525136
525137
525138
525139
525140
525141
525142
525143
525144
525145
525149
525153
525154
525155
525156
525159
525160
525161
525162
525163
525166
525469
525484
525485
525486
525487
525488
525492
525497
525502
525503
525507
525508
525509
525510
525511
525512
525513
525514
525515
525516
525517
525518
525519
525520
525524
525528
525529
525530
525531
525534
525535
525536
525537
525538
525541
525844
525859
525860
525861
525862
525863
525867
525872
525877
525878
525882
525883
525884
525885
525886
525887
525888
525889
525890
525891
525892
525893
525894
525895
525899
525903
525904
525905
525906
525909
525910
525911
525912
525913
525916
526219
526234
526235
526236
526237
526238
526242
526247
526252
526253
526257
526258
526259
526260
526261
526262
526263
526264
526265
526266
526267
526268
526269
526270
526274
526278
526279
526280
526281
526284
526285
526286
526287
526288
526291
526594
526609
526610
526611
526612
526613
526617
526622
526627
526628
526632
526633
526634
526635
526636
526637
526638
526639
526640
526641
526642
526643
526644
526645
526649
526653
526654
526655
526656
526659
526660
526661
526662
526663
526666
526969
526984
526985
526986
526987
526988
526992
526997
527002
527003
527007
527008
527009
527010
527011
527012
527013
527014
527015
527016
527017
527018
527019
527020
527024
527028
527029
527030
527031
527034
527035
527036
527037
527038
527041
527344
527359
527360
527361
527362
527363
527367
527372
527377
527378
527382
527383
527384
527385
527386
527387
527388
527389
527390
527391
527392
527393
527394
527395
527399
527403
527404
527405
527406
527409
527410
527411
527412
527413
527416
527719
527734
527735
527736
527737
527738
527742
527747
527752
527753
527757
527758
527759
527760
527761
527762
527763
527764
527765
527766
527767
527768
527769
527770
527774
527778
527779
527780
527781
527784
527785
527786
527787
527788
527791
528094
528109
528110
528111
528112
528113
528117
528122
528127
528128
528132
528133
528134
528135
528136
528137
528138
528139
528140
528141
528142
528143
528144
528145
528149
528153
528154
528155
528156
528159
528160
528161
528162
528163
528166
528469
528484
528485
528486
528487
528488
528492
528497
528502
528503
528507
528508
528509
528510
528511
528512
528513
528514
528515
528516
528517
528518
528519
528520
528524
528528
528529
528530
528531
528534
528535
528536
528537
528538
528541
528844
528859
528860
528861
528862
528863
528867
528872
528877
528878
528882
528883
528884
528885
528886
528887
528888
528889
528890
528891
528892
528893
528894
528895
528899
528903
528904
528905
528906
528909
528910
528911
528912
528913
528916
529219
529234
529235
529236
529237
529238
529242
529247
529252
529253
529257
529258
529259
529260
529261
529262
529263
529264
529265
529266
529267
529268
529269
529270
529274
529278
529279
529280
529281
529284
529285
529286
529287
529288
529291
529594
529609
529610
529611
529612
529613
529617
529622
529627
529628
529632
529633
529634
529635
529636
529637
529638
529639
529640
529641
529642
529643
529644
529645
529649
529653
529654
529655
529656
529659
529660
529661
529662
529663
529666
529969
529984
529985
529986
529987
529988
529992
529997
530002
530003
530007
530008
530009
530010
530011
530012
530013
530014
530015
530016
530017
530018
530019
530020
530024
530028
530029
530030
530031
530034
530035
530036
530037
530038
530041
530344
530359
530360
530361
530362
530363
530367
530372
530377
530378
530382
530383
530384
530385
530386
530387
530388
530389
530390
530391
530392
530393
530394
530395
530399
530403
530404
530405
530406
530409
530410
530411
530412
530413
530416
530719
530734
530735
530736
530737
530738
530742
530747
530752
530753
530757
530758
530759
530760
530761
530762
530763
530764
530765
530766
530767
530768
530769
530770
530774
530778
530779
530780
530781
530784
530785
530786
530787
530788
530791
531094
531109
531110
531111
531112
531113
531117
531122
531127
531128
531132
531133
531134
531135
531136
531137
531138
531139
531140
531141
531142
531143
531144
531145
531149
531153
531154
531155
531156
531159
531160
531161
531162
531163
531166
531469
531484
531485
531486
531487
531488
531492
531497
531502
531503
531507
531508
531509
531510
531511
531512
531513
531514
531515
531516
531517
531518
531519
531520
531524
531528
531529
531530
531531
531534
531535
531536
531537
531538
531541
531844
531859
531860
531861
531862
531863
531867
531872
531877
531878
531882
531883
531884
531885
531886
531887
531888
531889
531890
531891
531892
531893
531894
531895
531899
531903
531904
531905
531906
531909
531910
531911
531912
531913
531916
532219
532234
532235
532236
532237
532238
532242
532247
532252
532253
532257
532258
532259
532260
532261
532262
532263
532264
532265
532266
532267
532268
532269
532270
532274
532278
532279
532280
532281
532284
532285
532286
532287
532288
532291
532594
532609
532610
532611
532612
532613
532617
532622
532627
532628
532632
532633
532634
532635
532636
532637
532638
532639
532640
532641
532642
532643
532644
532645
532649
532653
532654
532655
532656
532659
532660
532661
532662
532663
532666
532969
532984
532985
532986
532987
532988
532992
532997
533002
533003
533007
533008
533009
533010
533011
533012
533013
533014
533015
533016
533017
533018
533019
533020
533024
533028
533029
533030
533031
533034
533035
533036
533037
533038
533041
533344
533359
533360
533361
533362
533363
533367
533372
533377
533378
533382
533383
533384
533385
533386
533387
533388
533389
533390
533391
533392
533393
533394
533395
533399
533403
533404
533405
533406
533409
533410
533411
533412
533413
533416
533719
533734
533735
533736
533737
533738
533742
533747
533752
533753
533757
533758
533759
533760
533761
533762
533763
533764
533765
533766
533767
533768
533769
533770
533774
533778
533779
533780
533781
533784
533785
533786
533787
533788
533791
534094
534109
534110
534111
534112
534113
534117
534122
534127
534128
534132
534133
534134
534135
534136
534137
534138
534139
534140
534141
534142
534143
534144
534145
534149
534153
534154
534155
534156
534159
534160
534161
534162
534163
534166
534469
534484
534485
534486
534487
534488
534492
534497
534502
534503
534507
534508
534509
534510
534511
534512
534513
534514
534515
534516
534517
534518
534519
534520
534524
534528
534529
534530
534531
534534
534535
534536
534537
534538
534541
534844
534859
534860
534861
534862
534863
534867
534872
534877
534878
534882
534883
534884
534885
534886
534887
534888
534889
534890
534891
534892
534893
534894
534895
534899
534903
534904
534905
534906
534909
534910
534911
534912
534913
534916
535219
535234
535235
535236
535237
535238
535242
535247
535252
535253
535257
535258
535259
535260
535261
535262
535263
535264
535265
535266
535267
535268
535269
535270
535274
535278
535279
535280
535281
535284
535285
535286
535287
535288
535291
535594
535609
535610
535611
535612
535613
535617
535622
535627
535628
535632
535633
535634
535635
535636
535637
535638
535639
535640
535641
535642
535643
535644
535645
535649
535653
535654
535655
535656
535659
535660
535661
535662
535663
535666
535969
535984
535985
535986
535987
535988
535992
535997
536002
536003
536007
536008
536009
536010
536011
536012
536013
536014
536015
536016
536017
536018
536019
536020
536024
536028
536029
536030
536031
536034
536035
536036
536037
536038
536041
536344
536359
536360
536361
536362
536363
536367
536372
536377
536378
536382
536383
536384
536385
536386
536387
536388
536389
536390
536391
536392
536393
536394
536395
536399
536403
536404
536405
536406
536409
536410
536411
536412
536413
536416
536719
536734
536735
536736
536737
536738
536742
536747
536752
536753
536757
536758
536759
536760
536761
536762
536763
536764
536765
536766
536767
536768
536769
536770
536774
536778
536779
536780
536781
536784
536785
536786
536787
536788
536791
537094
537109
537110
537111
537112
537113
537117
537122
537127
537128
537132
537133
537134
537135
537136
537137
537138
537139
537140
537141
537142
537143
537144
537145
537149
537153
537154
537155
537156
537159
537160
537161
537162
537163
537166
537469
537484
537485
537486
537487
537488
537492
537497
537502
537503
537507
537508
537509
537510
537511
537512
537513
537514
537515
537516
537517
537518
537519
537520
537524
537528
537529
537530
537531
537534
537535
537536
537537
537538
537541
537844
537859
537860
537861
537862
537863
537867
537872
537877
537878
537882
537883
537884
537885
537886
537887
537888
537889
537890
537891
537892
537893
537894
537895
537899
537903
537904
537905
537906
537909
537910
537911
537912
537913
537916
538219
538234
538235
538236
538237
538238
538242
538247
538252
538253
538257
538258
538259
538260
538261
538262
538263
538264
538265
538266
538267
538268
538269
538270
538274
538278
538279
538280
538281
538284
538285
538286
538287
538288
538291
538594
538609
538610
538611
538612
538613
538617
538622
538627
538628
538632
538633
538634
538635
538636
538637
538638
538639
538640
538641
538642
538643
538644
538645
538649
538653
538654
538655
538656
538659
538660
538661
538662
538663
538666
538969
538984
538985
538986
538987
538988
538992
538997
539002
539003
539007
539008
539009
539010
539011
539012
539013
539014
539015
539016
539017
539018
539019
539020
539024
539028
539029
539030
539031
539034
539035
539036
539037
539038
539041
539344
539359
539360
539361
539362
539363
539367
539372
539377
539378
539382
539383
539384
539385
539386
539387
539388
539389
539390
539391
539392
539393
539394
539395
539399
539403
539404
539405
539406
539409
539410
539411
539412
539413
539416
539719
539734
539735
539736
539737
539738
539742
539747
539752
539753
539757
539758
539759
539760
539761
539762
539763
539764
539765
539766
539767
539768
539769
539770
539774
539778
539779
539780
539781
539784
539785
539786
539787
539788
539791
540094
540109
540110
540111
540112
540113
540117
540122
540127
540128
540132
540133
540134
540135
540136
540137
540138
540139
540140
540141
540142
540143
540144
540145
540149
540153
540154
540155
540156
540159
540160
540161
540162
540163
540166
540469
540484
540485
540486
540487
540488
540492
540497
540502
540503
540507
540508
540509
540510
540511
540512
540513
540514
540515
540516
540517
540518
540519
540520
540524
540528
540529
540530
540531
540534
540535
540536
540537
540538
540541
540844
540859
540860
540861
540862
540863
540867
540872
540877
540878
540882
540883
540884
540885
540886
540887
540888
540889
540890
540891
540892
540893
540894
540895
540899
540903
540904
540905
540906
540909
540910
540911
540912
540913
540916
541219
541234
541235
541236
541237
541238
541242
541247
541252
541253
541257
541258
541259
541260
541261
541262
541263
541264
541265
541266
541267
541268
541269
541270
541274
541278
541279
541280
541281
541284
541285
541286
541287
541288
541291
541594
541609
541610
541611
541612
541613
541617
541622
541627
541628
541632
541633
541634
541635
541636
541637
541638
541639
541640
541641
541642
541643
541644
541645
541649
541653
541654
541655
541656
541659
541660
541661
541662
541663
541666
541969
541984
541985
541986
541987
541988
541992
541997
542002
542003
542007
542008
542009
542010
542011
542012
542013
542014
542015
542016
542017
542018
542019
542020
542024
542028
542029
542030
542031
542034
542035
542036
542037
542038
542041
542344
542359
542360
542361
542362
542363
542367
542372
542377
542378
542382
542383
542384
542385
542386
542387
542388
542389
542390
542391
542392
542393
542394
542395
542399
542403
542404
542405
542406
542409
542410
542411
542412
542413
542416
542719
542734
542735
542736
542737
542738
542742
542747
542752
542753
542757
542758
542759
542760
542761
542762
542763
542764
542765
542766
542767
542768
542769
542770
542774
542778
542779
542780
542781
542784
542785
542786
542787
542788
542791
543094
543109
543110
543111
543112
543113
543117
543122
543127
543128
543132
543133
543134
543135
543136
543137
543138
543139
543140
543141
543142
543143
543144
543145
543149
543153
543154
543155
543156
543159
543160
543161
543162
543163
543166
543469
543484
543485
543486
543487
543488
543492
543497
543502
543503
543507
543508
543509
543510
543511
543512
543513
543514
543515
543516
543517
543518
543519
543520
543524
543528
543529
543530
543531
543534
543535
543536
543537
543538
543541
543844
543859
543860
543861
543862
543863
543867
543872
543877
543878
543882
543883
543884
543885
543886
543887
543888
543889
543890
543891
543892
543893
543894
543895
543899
543903
543904
543905
543906
543909
543910
543911
543912
543913
543916
544219
544234
544235
544236
544237
544238
544242
544247
544252
544253
544257
544258
544259
544260
544261
544262
544263
544264
544265
544266
544267
544268
544269
544270
544274
544278
544279
544280
544281
544284
544285
544286
544287
544288
544291
544594
544609
544610
544611
544612
544613
544617
544622
544627
544628
544632
544633
544634
544635
544636
544637
544638
544639
544640
544641
544642
544643
544644
544645
544649
544653
544654
544655
544656
544659
544660
544661
544662
544663
544666
544969
544984
544985
544986
544987
544988
544992
544997
545002
545003
545007
545008
545009
545010
545011
545012
545013
545014
545015
545016
545017
545018
545019
545020
545024
545028
545029
545030
545031
545034
545035
545036
545037
545038
545041
545344
545359
545360
545361
545362
545363
545367
545372
545377
545378
545382
545383
545384
545385
545386
545387
545388
545389
545390
545391
545392
545393
545394
545395
545399
545403
545404
545405
545406
545409
545410
545411
545412
545413
545416
545719
545734
545735
545736
545737
545738
545742
545747
545752
545753
545757
545758
545759
545760
545761
545762
545763
545764
545765
545766
545767
545768
545769
545770
545774
545778
545779
545780
545781
545784
545785
545786
545787
545788
545791
546094
546109
546110
546111
546112
546113
546117
546122
546127
546128
546132
546133
546134
546135
546136
546137
546138
546139
546140
546141
546142
546143
546144
546145
546149
546153
546154
546155
546156
546159
546160
546161
546162
546163
546166
546469
546484
546485
546486
546487
546488
546492
546497
546502
546503
546507
546508
546509
546510
546511
546512
546513
546514
546515
546516
546517
546518
546519
546520
546524
546528
546529
546530
546531
546534
546535
546536
546537
546538
546541
546844
546859
546860
546861
546862
546863
546867
546872
546877
546878
546882
546883
546884
546885
546886
546887
546888
546889
546890
546891
546892
546893
546894
546895
546899
546903
546904
546905
546906
546909
546910
546911
546912
546913
546916
547219
547234
547235
547236
547237
547238
547242
547247
547252
547253
547257
547258
547259
547260
547261
547262
547263
547264
547265
547266
547267
547268
547269
547270
547274
547278
547279
547280
547281
547284
547285
547286
547287
547288
547291
547594
547609
547610
547611
547612
547613
547617
547622
547627
547628
547632
547633
547634
547635
547636
547637
547638
547639
547640
547641
547642
547643
547644
547645
547649
547653
547654
547655
547656
547659
547660
547661
547662
547663
547666
547969
547984
547985
547986
547987
547988
547992
547997
548002
548003
548007
548008
548009
548010
548011
548012
548013
548014
548015
548016
548017
548018
548019
548020
548024
548028
548029
548030
548031
548034
548035
548036
548037
548038
548041
548344
548359
548360
548361
548362
548363
548367
548372
548377
548378
548382
548383
548384
548385
548386
548387
548388
548389
548390
548391
548392
548393
548394
548395
548399
548403
548404
548405
548406
548409
548410
548411
548412
548413
548416
548719
548734
548735
548736
548737
548738
548742
548747
548752
548753
548757
548758
548759
548760
548761
548762
548763
548764
548765
548766
548767
548768
548769
548770
548774
548778
548779
548780
548781
548784
548785
548786
548787
548788
548791
549094
549109
549110
549111
549112
549113
549117
549122
549127
549128
549132
549133
549134
549135
549136
549137
549138
549139
549140
549141
549142
549143
549144
549145
549149
549153
549154
549155
549156
549159
549160
549161
549162
549163
549166
549469
549484
549485
549486
549487
549488
549492
549497
549502
549503
549507
549508
549509
549510
549511
549512
549513
549514
549515
549516
549517
549518
549519
549520
549524
549528
549529
549530
549531
549534
549535
549536
549537
549538
549541
549844
549859
549860
549861
549862
549863
549867
549872
549877
549878
549882
549883
549884
549885
549886
549887
549888
549889
549890
549891
549892
549893
549894
549895
549899
549903
549904
549905
549906
549909
549910
549911
549912
549913
549916
550219
550234
550235
550236
550237
550238
550242
550247
550252
550253
550257
550258
550259
550260
550261
550262
550263
550264
550265
550266
550267
550268
550269
550270
550274
550278
550279
550280
550281
550284
550285
550286
550287
550288
550291
550594
550609
550610
550611
550612
550613
550617
550622
550627
550628
550632
550633
550634
550635
550636
550637
550638
550639
550640
550641
550642
550643
550644
550645
550649
550653
550654
550655
550656
550659
550660
550661
550662
550663
550666
550969
550984
550985
550986
550987
550988
550992
550997
551002
551003
551007
551008
551009
551010
551011
551012
551013
551014
551015
551016
551017
551018
551019
551020
551024
551028
551029
551030
551031
551034
551035
551036
551037
551038
551041
551344
551359
551360
551361
551362
551363
551367
551372
551377
551378
551382
551383
551384
551385
551386
551387
551388
551389
551390
551391
551392
551393
551394
551395
551399
551403
551404
551405
551406
551409
551410
551411
551412
551413
551416
551719
551734
551735
551736
551737
551738
551742
551747
551752
551753
551757
551758
551759
551760
551761
551762
551763
551764
551765
551766
551767
551768
551769
551770
551774
551778
551779
551780
551781
551784
551785
551786
551787
551788
551791
552094
552109
552110
552111
552112
552113
552117
552122
552127
552128
552132
552133
552134
552135
552136
552137
552138
552139
552140
552141
552142
552143
552144
552145
552149
552153
552154
552155
552156
552159
552160
552161
552162
552163
552166
552469
552484
552485
552486
552487
552488
552492
552497
552502
552503
552507
552508
552509
552510
552511
552512
552513
552514
552515
552516
552517
552518
552519
552520
552524
552528
552529
552530
552531
552534
552535
552536
552537
552538
552541
552844
552859
552860
552861
552862
552863
552867
552872
552877
552878
552882
552883
552884
552885
552886
552887
552888
552889
552890
552891
552892
552893
552894
552895
552899
552903
552904
552905
552906
552909
552910
552911
552912
552913
552916
553219
553234
553235
553236
553237
553238
553242
553247
553252
553253
553257
553258
553259
553260
553261
553262
553263
553264
553265
553266
553267
553268
553269
553270
553274
553278
553279
553280
553281
553284
553285
553286
553287
553288
553291
553594
553609
553610
553611
553612
553613
553617
553622
553627
553628
553632
553633
553634
553635
553636
553637
553638
553639
553640
553641
553642
553643
553644
553645
553649
553653
553654
553655
553656
553659
553660
553661
553662
553663
553666
553969
553984
553985
553986
553987
553988
553992
553997
554002
554003
554007
554008
554009
554010
554011
554012
554013
554014
554015
554016
554017
554018
554019
554020
554024
554028
554029
554030
554031
554034
554035
554036
554037
554038
554041
554344
554359
554360
554361
554362
554363
554367
554372
554377
554378
554382
554383
554384
554385
554386
554387
554388
554389
554390
554391
554392
554393
554394
554395
554399
554403
554404
554405
554406
554409
554410
554411
554412
554413
554416
554719
554734
554735
554736
554737
554738
554742
554747
554752
554753
554757
554758
554759
554760
554761
554762
554763
554764
554765
554766
554767
554768
554769
554770
554774
554778
554779
554780
554781
554784
554785
554786
554787
554788
554791
555094
555109
555110
555111
555112
555113
555117
555122
555127
555128
555132
555133
555134
555135
555136
555137
555138
555139
555140
555141
555142
555143
555144
555145
555149
555153
555154
555155
555156
555159
555160
555161
555162
555163
555166
555469
555484
555485
555486
555487
555488
555492
555497
555502
555503
555507
555508
555509
555510
555511
555512
555513
555514
555515
555516
555517
555518
555519
555520
555524
555528
555529
555530
555531
555534
555535
555536
555537
555538
555541
555844
555859
555860
555861
555862
555863
555867
555872
555877
555878
555882
555883
555884
555885
555886
555887
555888
555889
555890
555891
555892
555893
555894
555895
555899
555903
555904
555905
555906
555909
555910
555911
555912
555913
555916
556219
556234
556235
556236
556237
556238
556242
556247
556252
556253
556257
556258
556259
556260
556261
556262
556263
556264
556265
556266
556267
556268
556269
556270
556274
556278
556279
556280
556281
556284
556285
556286
556287
556288
556291
556594
556609
556610
556611
556612
556613
556617
556622
556627
556628
556632
556633
556634
556635
556636
556637
556638
556639
556640
556641
556642
556643
556644
556645
556649
556653
556654
556655
556656
556659
556660
556661
556662
556663
556666
556969
556984
556985
556986
556987
556988
556992
556997
557002
557003
557007
557008
557009
557010
557011
557012
557013
557014
557015
557016
557017
557018
557019
557020
557024
557028
557029
557030
557031
557034
557035
557036
557037
557038
557041
557344
557359
557360
557361
557362
557363
557367
557372
557377
557378
557382
557383
557384
557385
557386
557387
557388
557389
557390
557391
557392
557393
557394
557395
557399
557403
557404
557405
557406
557409
557410
557411
557412
557413
557416
557719
557734
557735
557736
557737
557738
557742
557747
557752
557753
557757
557758
557759
557760
557761
557762
557763
557764
557765
557766
557767
557768
557769
557770
557774
557778
557779
557780
557781
557784
557785
557786
557787
557788
557791
558094
558109
558110
558111
558112
558113
558117
558122
558127
558128
558132
558133
558134
558135
558136
558137
558138
558139
558140
558141
558142
558143
558144
558145
558149
558153
558154
558155
558156
558159
558160
558161
558162
558163
558166
558469
558484
558485
558486
558487
558488
558492
558497
558502
558503
558507
558508
558509
558510
558511
558512
558513
558514
558515
558516
558517
558518
558519
558520
558524
558528
558529
558530
558531
558534
558535
558536
558537
558538
558541
558844
558859
558860
558861
558862
558863
558867
558872
558877
558878
558882
558883
558884
558885
558886
558887
558888
558889
558890
558891
558892
558893
558894
558895
558899
558903
558904
558905
558906
558909
558910
558911
558912
558913
558916
559219
559234
559235
559236
559237
559238
559242
559247
559252
559253
559257
559258
559259
559260
559261
559262
559263
559264
559265
559266
559267
559268
559269
559270
559274
559278
559279
559280
559281
559284
559285
559286
559287
559288
559291
559594
559609
559610
559611
559612
559613
559617
559622
559627
559628
559632
559633
559634
559635
559636
559637
559638
559639
559640
559641
559642
559643
559644
559645
559649
559653
559654
559655
559656
559659
559660
559661
559662
559663
559666
559969
559984
559985
559986
559987
559988
559992
559997
560002
560003
560007
560008
560009
560010
560011
560012
560013
560014
560015
560016
560017
560018
560019
560020
560024
560028
560029
560030
560031
560034
560035
560036
560037
560038
560041
560344
560359
560360
560361
560362
560363
560367
560372
560377
560378
560382
560383
560384
560385
560386
560387
560388
560389
560390
560391
560392
560393
560394
560395
560399
560403
560404
560405
560406
560409
560410
560411
560412
560413
560416
560719
560734
560735
560736
560737
560738
560742
560747
560752
560753
560757
560758
560759
560760
560761
560762
560763
560764
560765
560766
560767
560768
560769
560770
560774
560778
560779
560780
560781
560784
560785
560786
560787
560788
560791
561094
561109
561110
561111
561112
561113
561117
561122
561127
561128
561132
561133
561134
561135
561136
561137
561138
561139
561140
561141
561142
561143
561144
561145
561149
561153
561154
561155
561156
561159
561160
561161
561162
561163
561166
561469
561484
561485
561486
561487
561488
561492
561497
561502
561503
561507
561508
561509
561510
561511
561512
561513
561514
561515
561516
561517
561518
561519
561520
561524
561528
561529
561530
561531
561534
561535
561536
561537
561538
561541
561844
561859
561860
561861
561862
561863
561867
561872
561877
561878
561882
561883
561884
561885
561886
561887
561888
561889
561890
561891
561892
561893
561894
561895
561899
561903
561904
561905
561906
561909
561910
561911
561912
561913
561916
562219
562234
562235
562236
562237
562238
562242
562247
562252
562253
562257
562258
562259
562260
562261
562262
562263
562264
562265
562266
562267
562268
562269
562270
562274
562278
562279
562280
562281
562284
562285
562286
562287
562288
562291
562594
562609
562610
562611
562612
562613
562617
562622
562627
562628
562632
562633
562634
562635
562636
562637
562638
562639
562640
562641
562642
562643
562644
562645
562649
562653
562654
562655
562656
562659
562660
562661
562662
562663
562666
562969
562984
562985
562986
562987
562988
562992
562997
563002
563003
563007
563008
563009
563010
563011
563012
563013
563014
563015
563016
563017
563018
563019
563020
563024
563028
563029
563030
563031
563034
563035
563036
563037
563038
563041
563344
563359
563360
563361
563362
563363
563367
563372
563377
563378
563382
563383
563384
563385
563386
563387
563388
563389
563390
563391
563392
563393
563394
563395
563399
563403
563404
563405
563406
563409
563410
563411
563412
563413
563416
563719
563734
563735
563736
563737
563738
563742
563747
563752
563753
563757
563758
563759
563760
563761
563762
563763
563764
563765
563766
563767
563768
563769
563770
563774
563778
563779
563780
563781
563784
563785
563786
563787
563788
563791
564094
564109
564110
564111
564112
564113
564117
564122
564127
564128
564132
564133
564134
564135
564136
564137
564138
564139
564140
564141
564142
564143
564144
564145
564149
564153
564154
564155
564156
564159
564160
564161
564162
564163
564166
564469
564484
564485
564486
564487
564488
564492
564497
564502
564503
564507
564508
564509
564510
564511
564512
564513
564514
564515
564516
564517
564518
564519
564520
564524
564528
564529
564530
564531
564534
564535
564536
564537
564538
564541
564844
564859
564860
564861
564862
564863
564867
564872
564877
564878
564882
564883
564884
564885
564886
564887
564888
564889
564890
564891
564892
564893
564894
564895
564899
564903
564904
564905
564906
564909
564910
564911
564912
564913
564916
565219
565234
565235
565236
565237
565238
565242
565247
565252
565253
565257
565258
565259
565260
565261
565262
565263
565264
565265
565266
565267
565268
565269
565270
565274
565278
565279
565280
565281
565284
565285
565286
565287
565288
565291
565594
565609
565610
565611
565612
565613
565617
565622
565627
565628
565632
565633
565634
565635
565636
565637
565638
565639
565640
565641
565642
565643
565644
565645
565649
565653
565654
565655
565656
565659
565660
565661
565662
565663
565666
565969
565984
565985
565986
565987
565988
565992
565997
566002
566003
566007
566008
566009
566010
566011
566012
566013
566014
566015
566016
566017
566018
566019
566020
566024
566028
566029
566030
566031
566034
566035
566036
566037
566038
566041
566344
566359
566360
566361
566362
566363
566367
566372
566377
566378
566382
566383
566384
566385
566386
566387
566388
566389
566390
566391
566392
566393
566394
566395
566399
566403
566404
566405
566406
566409
566410
566411
566412
566413
566416
566719
566734
566735
566736
566737
566738
566742
566747
566752
566753
566757
566758
566759
566760
566761
566762
566763
566764
566765
566766
566767
566768
566769
566770
566774
566778
566779
566780
566781
566784
566785
566786
566787
566788
566791
567094
567109
567110
567111
567112
567113
567117
567122
567127
567128
567132
567133
567134
567135
567136
567137
567138
567139
567140
567141
567142
567143
567144
567145
567149
567153
567154
567155
567156
567159
567160
567161
567162
567163
567166
567469
567484
567485
567486
567487
567488
567492
567497
567502
567503
567507
567508
567509
567510
567511
567512
567513
567514
567515
567516
567517
567518
567519
567520
567524
567528
567529
567530
567531
567534
567535
567536
567537
567538
567541
567844
567859
567860
567861
567862
567863
567867
567872
567877
567878
567882
567883
567884
567885
567886
567887
567888
567889
567890
567891
567892
567893
567894
567895
567899
567903
567904
567905
567906
567909
567910
567911
567912
567913
567916
568219
568234
568235
568236
568237
568238
568242
568247
568252
568253
568257
568258
568259
568260
568261
568262
568263
568264
568265
568266
568267
568268
568269
568270
568274
568278
568279
568280
568281
568284
568285
568286
568287
568288
568291
568594
568609
568610
568611
568612
568613
568617
568622
568627
568628
568632
568633
568634
568635
568636
568637
568638
568639
568640
568641
568642
568643
568644
568645
568649
568653
568654
568655
568656
568659
568660
568661
568662
568663
568666
568969
568984
568985
568986
568987
568988
568992
568997
569002
569003
569007
569008
569009
569010
569011
569012
569013
569014
569015
569016
569017
569018
569019
569020
569024
569028
569029
569030
569031
569034
569035
569036
569037
569038
569041
569344
569359
569360
569361
569362
569363
569367
569372
569377
569378
569382
569383
569384
569385
569386
569387
569388
569389
569390
569391
569392
569393
569394
569395
569399
569403
569404
569405
569406
569409
569410
569411
569412
569413
569416
569719
569734
569735
569736
569737
569738
569742
569747
569752
569753
569757
569758
569759
569760
569761
569762
569763
569764
569765
569766
569767
569768
569769
569770
569774
569778
569779
569780
569781
569784
569785
569786
569787
569788
569791
570094
570109
570110
570111
570112
570113
570117
570122
570127
570128
570132
570133
570134
570135
570136
570137
570138
570139
570140
570141
570142
570143
570144
570145
570149
570153
570154
570155
570156
570159
570160
570161
570162
570163
570166
570469
570484
570485
570486
570487
570488
570492
570497
570502
570503
570507
570508
570509
570510
570511
570512
570513
570514
570515
570516
570517
570518
570519
570520
570524
570528
570529
570530
570531
570534
570535
570536
570537
570538
570541
570844
570859
570860
570861
570862
570863
570867
570872
570877
570878
570882
570883
570884
570885
570886
570887
570888
570889
570890
570891
570892
570893
570894
570895
570899
570903
570904
570905
570906
570909
570910
570911
570912
570913
570916
571219
571234
571235
571236
571237
571238
571242
571247
571252
571253
571257
571258
571259
571260
571261
571262
571263
571264
571265
571266
571267
571268
571269
571270
571274
571278
571279
571280
571281
571284
571285
571286
571287
571288
571291
571594
571609
571610
571611
571612
571613
571617
571622
571627
571628
571632
571633
571634
571635
571636
571637
571638
571639
571640
571641
571642
571643
571644
571645
571649
571653
571654
571655
571656
571659
571660
571661
571662
571663
571666
571969
571984
571985
571986
571987
571988
571992
571997
572002
572003
572007
572008
572009
572010
572011
572012
572013
572014
572015
572016
572017
572018
572019
572020
572024
572028
572029
572030
572031
572034
572035
572036
572037
572038
572041
572344
572359
572360
572361
572362
572363
572367
572372
572377
572378
572382
572383
572384
572385
572386
572387
572388
572389
572390
572391
572392
572393
572394
572395
572399
572403
572404
572405
572406
572409
572410
572411
572412
572413
572416
572719
572734
572735
572736
572737
572738
572742
572747
572752
572753
572757
572758
572759
572760
572761
572762
572763
572764
572765
572766
572767
572768
572769
572770
572774
572778
572779
572780
572781
572784
572785
572786
572787
572788
572791
573094
573109
573110
573111
573112
573113
573117
573122
573127
573128
573132
573133
573134
573135
573136
573137
573138
573139
573140
573141
573142
573143
573144
573145
573149
573153
573154
573155
573156
573159
573160
573161
573162
573163
573166
573469
573484
573485
573486
573487
573488
573492
573497
573502
573503
573507
573508
573509
573510
573511
573512
573513
573514
573515
573516
573517
573518
573519
573520
573524
573528
573529
573530
573531
573534
573535
573536
573537
573538
573541
573844
573859
573860
573861
573862
573863
573867
573872
573877
573878
573882
573883
573884
573885
573886
573887
573888
573889
573890
573891
573892
573893
573894
573895
573899
573903
573904
573905
573906
573909
573910
573911
573912
573913
573916
574219
574234
574235
574236
574237
574238
574242
574247
574252
574253
574257
574258
574259
574260
574261
574262
574263
574264
574265
574266
574267
574268
574269
574270
574274
574278
574279
574280
574281
574284
574285
574286
574287
574288
574291
574594
574609
574610
574611
574612
574613
574617
574622
574627
574628
574632
574633
574634
574635
574636
574637
574638
574639
574640
574641
574642
574643
574644
574645
574649
574653
574654
574655
574656
574659
574660
574661
574662
574663
574666
574969
574984
574985
574986
574987
574988
574992
574997
575002
575003
575007
575008
575009
575010
575011
575012
575013
575014
575015
575016
575017
575018
575019
575020
575024
575028
575029
575030
575031
575034
575035
575036
575037
575038
575041
575344
575359
575360
575361
575362
575363
575367
575372
575377
575378
575382
575383
575384
575385
575386
575387
575388
575389
575390
575391
575392
575393
575394
575395
575399
575403
575404
575405
575406
575409
575410
575411
575412
575413
575416
575719
575734
575735
575736
575737
575738
575742
575747
575752
575753
575757
575758
575759
575760
575761
575762
575763
575764
575765
575766
575767
575768
575769
575770
575774
575778
575779
575780
575781
575784
575785
575786
575787
575788
575791
576094
576109
576110
576111
576112
576113
576117
576122
576127
576128
576132
576133
576134
576135
576136
576137
576138
576139
576140
576141
576142
576143
576144
576145
576149
576153
576154
576155
576156
576159
576160
576161
576162
576163
576166
576469
576484
576485
576486
576487
576488
576492
576497
576502
576503
576507
576508
576509
576510
576511
576512
576513
576514
576515
576516
576517
576518
576519
576520
576524
576528
576529
576530
576531
576534
576535
576536
576537
576538
576541
576844
576859
576860
576861
576862
576863
576867
576872
576877
576878
576882
576883
576884
576885
576886
576887
576888
576889
576890
576891
576892
576893
576894
576895
576899
576903
576904
576905
576906
576909
576910
576911
576912
576913
576916
577219
577234
577235
577236
577237
577238
577242
577247
577252
577253
577257
577258
577259
577260
577261
577262
577263
577264
577265
577266
577267
577268
577269
577270
577274
577278
577279
577280
577281
577284
577285
577286
577287
577288
577291
577594
577609
577610
577611
577612
577613
577617
577622
577627
577628
577632
577633
577634
577635
577636
577637
577638
577639
577640
577641
577642
577643
577644
577645
577649
577653
577654
577655
577656
577659
577660
577661
577662
577663
577666
577969
577984
577985
577986
577987
577988
577992
577997
578002
578003
578007
578008
578009
578010
578011
578012
578013
578014
578015
578016
578017
578018
578019
578020
578024
578028
578029
578030
578031
578034
578035
578036
578037
578038
578041
578344
578359
578360
578361
578362
578363
578367
578372
578377
578378
578382
578383
578384
578385
578386
578387
578388
578389
578390
578391
578392
578393
578394
578395
578399
578403
578404
578405
578406
578409
578410
578411
578412
578413
578416
578719
578734
578735
578736
578737
578738
578742
578747
578752
578753
578757
578758
578759
578760
578761
578762
578763
578764
578765
578766
578767
578768
578769
578770
578774
578778
578779
578780
578781
578784
578785
578786
578787
578788
578791
579094
579109
579110
579111
579112
579113
579117
579122
579127
579128
579132
579133
579134
579135
579136
579137
579138
579139
579140
579141
579142
579143
579144
579145
579149
579153
579154
579155
579156
579159
579160
579161
579162
579163
579166
579469
579484
579485
579486
579487
579488
579492
579497
579502
579503
579507
579508
579509
579510
579511
579512
579513
579514
579515
579516
579517
579518
579519
579520
579524
579528
579529
579530
579531
579534
579535
579536
579537
579538
579541
579844
579859
579860
579861
579862
579863
579867
579872
579877
579878
579882
579883
579884
579885
579886
579887
579888
579889
579890
579891
579892
579893
579894
579895
579899
579903
579904
579905
579906
579909
579910
579911
579912
579913
579916
580219
580234
580235
580236
580237
580238
580242
580247
580252
580253
580257
580258
580259
580260
580261
580262
580263
580264
580265
580266
580267
580268
580269
580270
580274
580278
580279
580280
580281
580284
580285
580286
580287
580288
580291
580594
580609
580610
580611
580612
580613
580617
580622
580627
580628
580632
580633
580634
580635
580636
580637
580638
580639
580640
580641
580642
580643
580644
580645
580649
580653
580654
580655
580656
580659
580660
580661
580662
580663
580666
580969
580984
580985
580986
580987
580988
580992
580997
581002
581003
581007
581008
581009
581010
581011
581012
581013
581014
581015
581016
581017
581018
581019
581020
581024
581028
581029
581030
581031
581034
581035
581036
581037
581038
581041
581344
581359
581360
581361
581362
581363
581367
581372
581377
581378
581382
581383
581384
581385
581386
581387
581388
581389
581390
581391
581392
581393
581394
581395
581399
581403
581404
581405
581406
581409
581410
581411
581412
581413
581416
581719
581734
581735
581736
581737
581738
581742
581747
581752
581753
581757
581758
581759
581760
581761
581762
581763
581764
581765
581766
581767
581768
581769
581770
581774
581778
581779
581780
581781
581784
581785
581786
581787
581788
581791
582094
582109
582110
582111
582112
582113
582117
582122
582127
582128
582132
582133
582134
582135
582136
582137
582138
582139
582140
582141
582142
582143
582144
582145
582149
582153
582154
582155
582156
582159
582160
582161
582162
582163
582166
582469
582484
582485
582486
582487
582488
582492
582497
582502
582503
582507
582508
582509
582510
582511
582512
582513
582514
582515
582516
582517
582518
582519
582520
582524
582528
582529
582530
582531
582534
582535
582536
582537
582538
582541
582844
582859
582860
582861
582862
582863
582867
582872
582877
582878
582882
582883
582884
582885
582886
582887
582888
582889
582890
582891
582892
582893
582894
582895
582899
582903
582904
582905
582906
582909
582910
582911
582912
582913
582916
583219
583234
583235
583236
583237
583238
583242
583247
583252
583253
583257
583258
583259
583260
583261
583262
583263
583264
583265
583266
583267
583268
583269
583270
583274
583278
583279
583280
583281
583284
583285
583286
583287
583288
583291
583594
583609
583610
583611
583612
583613
583617
583622
583627
583628
583632
583633
583634
583635
583636
583637
583638
583639
583640
583641
583642
583643
583644
583645
583649
583653
583654
583655
583656
583659
583660
583661
583662
583663
583666
583969
583984
583985
583986
583987
583988
583992
583997
584002
584003
584007
584008
584009
584010
584011
584012
584013
584014
584015
584016
584017
584018
584019
584020
584024
584028
584029
584030
584031
584034
584035
584036
584037
584038
584041
584344
584359
584360
584361
584362
584363
584367
584372
584377
584378
584382
584383
584384
584385
584386
584387
584388
584389
584390
584391
584392
584393
584394
584395
584399
584403
584404
584405
584406
584409
584410
584411
584412
584413
584416
584719
584734
584735
584736
584737
584738
584742
584747
584752
584753
584757
584758
584759
584760
584761
584762
584763
584764
584765
584766
584767
584768
584769
584770
584774
584778
584779
584780
584781
584784
584785
584786
584787
584788
584791
585094
585109
585110
585111
585112
585113
585117
585122
585127
585128
585132
585133
585134
585135
585136
585137
585138
585139
585140
585141
585142
585143
585144
585145
585149
585153
585154
585155
585156
585159
585160
585161
585162
585163
585166
585469
585484
585485
585486
585487
585488
585492
585497
585502
585503
585507
585508
585509
585510
585511
585512
585513
585514
585515
585516
585517
585518
585519
585520
585524
585528
585529
585530
585531
585534
585535
585536
585537
585538
585541
585844
585859
585860
585861
585862
585863
585867
585872
585877
585878
585882
585883
585884
585885
585886
585887
585888
585889
585890
585891
585892
585893
585894
585895
585899
585903
585904
585905
585906
585909
585910
585911
585912
585913
585916
586219
586234
586235
586236
586237
586238
586242
586247
586252
586253
586257
586258
586259
586260
586261
586262
586263
586264
586265
586266
586267
586268
586269
586270
586274
586278
586279
586280
586281
586284
586285
586286
586287
586288
586291
586594
586609
586610
586611
586612
586613
586617
586622
586627
586628
586632
586633
586634
586635
586636
586637
586638
586639
586640
586641
586642
586643
586644
586645
586649
586653
586654
586655
586656
586659
586660
586661
586662
586663
586666
586969
586984
586985
586986
586987
586988
586992
586997
587002
587003
587007
587008
587009
587010
587011
587012
587013
587014
587015
587016
587017
587018
587019
587020
587024
587028
587029
587030
587031
587034
587035
587036
587037
587038
587041
587344
587359
587360
587361
587362
587363
587367
587372
587377
587378
587382
587383
587384
587385
587386
587387
587388
587389
587390
587391
587392
587393
587394
587395
587399
587403
587404
587405
587406
587409
587410
587411
587412
587413
587416
587719
587734
587735
587736
587737
587738
587742
587747
587752
587753
587757
587758
587759
587760
587761
587762
587763
587764
587765
587766
587767
587768
587769
587770
587774
587778
587779
587780
587781
587784
587785
587786
587787
587788
587791
588094
588109
588110
588111
588112
588113
588117
588122
588127
588128
588132
588133
588134
588135
588136
588137
588138
588139
588140
588141
588142
588143
588144
588145
588149
588153
588154
588155
588156
588159
588160
588161
588162
588163
588166
588469
588484
588485
588486
588487
588488
588492
588497
588502
588503
588507
588508
588509
588510
588511
588512
588513
588514
588515
588516
588517
588518
588519
588520
588524
588528
588529
588530
588531
588534
588535
588536
588537
588538
588541
588844
588859
588860
588861
588862
588863
588867
588872
588877
588878
588882
588883
588884
588885
588886
588887
588888
588889
588890
588891
588892
588893
588894
588895
588899
588903
588904
588905
588906
588909
588910
588911
588912
588913
588916
589219
589234
589235
589236
589237
589238
589242
589247
589252
589253
589257
589258
589259
589260
589261
589262
589263
589264
589265
589266
589267
589268
589269
589270
589274
589278
589279
589280
589281
589284
589285
589286
589287
589288
589291
589594
589609
589610
589611
589612
589613
589617
589622
589627
589628
589632
589633
589634
589635
589636
589637
589638
589639
589640
589641
589642
589643
589644
589645
589649
589653
589654
589655
589656
589659
589660
589661
589662
589663
589666
589969
589984
589985
589986
589987
589988
589992
589997
590002
590003
590007
590008
590009
590010
590011
590012
590013
590014
590015
590016
590017
590018
590019
590020
590024
590028
590029
590030
590031
590034
590035
590036
590037
590038
590041
590344
590359
590360
590361
590362
590363
590367
590372
590377
590378
590382
590383
590384
590385
590386
590387
590388
590389
590390
590391
590392
590393
590394
590395
590399
590403
590404
590405
590406
590409
590410
590411
590412
590413
590416
590703
590715
590716
590717
590718
590719
590723
590728
590732
590735
590736
590737
590738
590739
590740
590741
590742
590743
590744
590745
590746
590750
590753
590754
590755
590756
590759
590760
590761
590762
592720
592721
592747
592748
592749
592750
592755
592802
592803
592829
592830
592831
592832
592839
592895
592901
592902
592914
592918
592919
592920
592947
592953
592954
592966
592970
592971
592972
592999
593005
593006
593018
593022
593023
593024
593051
593057
593058
593070
593074
593075
593076
593103
593109
593110
593122
593126
593127
593128
593155
593161
593162
593174
593178
593179
593180
593207
593213
593214
593226
593230
593231
593232
593259
593265
593266
593278
593282
593283
593284
593311
593317
593318
593330
593334
593335
593336
593363
593369
593370
593382
593386
593387
593388
593415
593421
593422
593434
593438
593439
593440
593467
593473
593474
593486
593490
593491
593492
593519
593525
593526
593538
593542
593543
593544
593571
593577
593578
593590
593594
593595
593596
593623
593629
593630
593642
593646
593647
593648
593675
593681
593682
593694
593698
593699
593700
593727
593733
593734
593746
593750
593751
593752
593779
593785
593786
593798
593802
593803
593804
593831
593837
593838
593850
593854
593855
593856
593883
593889
593890
593902
593906
593907
593908
593935
593941
593942
593954
593958
593959
593960
593987
593993
593994
594006
594010
594011
594012
594039
594045
594046
594058
594062
594063
594064
594091
594097
594098
594110
594114
594115
594116
594143
594149
594150
594162
594166
594167
594168
594195
594201
594202
594214
594218
594219
594220
594247
594253
594254
594266
594270
594271
594272
594299
594305
594306
594318
594322
594323
594324
594351
594357
594358
594370
594374
594375
594376
594403
594409
594410
594422
594426
594427
594428
594455
594461
594462
594474
594478
594479
594480
594507
594513
594514
594526
594530
594531
594532
594559
594565
594566
594578
594582
594583
594584
594611
594617
594618
594630
594634
594635
594636
594663
594669
594670
594682
594686
594687
594688
594715
594721
594722
594734
594738
594739
594740
594767
594773
594774
594786
594790
594791
594792
594819
594825
594826
594838
594842
594843
594844
594871
594877
594878
594890
594894
594895
594896
594923
594929
594930
594942
594946
594947
594948
594975
594981
594982
594994
594998
594999
595000
595027
595033
595034
595046
595050
595051
595052
595079
595085
595086
595098
595102
595103
595104
595131
595137
595138
595150
595154
595155
595156
595183
595189
595190
595202
595206
595207
595208
595235
595241
595242
595254
595258
595259
595260
595287
595293
595294
595306
595310
595311
595312
595339
595345
595346
595358
595362
595363
595364
595391
595397
595398
595410
595414
595415
595416
595443
595449
595450
595462
595466
595467
595468
595495
595501
595502
595514
595518
595519
595520
595547
595553
595554
595566
595570
595571
595572
595599
595605
595606
595618
595622
595623
595624
595651
595657
595658
595670
595674
595675
595676
595703
595709
595710
595722
595726
595727
595728
595755
595761
595762
595774
595778
595779
595780
595807
595813
595814
595826
595830
595831
595832
595859
595865
595866
595878
595882
595883
595884
595911
595917
595918
595930
595934
595935
595936
595963
595969
595970
595982
595986
595987
595988
596015
596021
596022
596034
596038
596039
596040
596067
596073
596074
596086
596090
596091
596092
596119
596125
596126
596138
596142
596143
596144
596171
596177
596178
596190
596194
596195
596196
596223
596229
596230
596242
596246
596247
596248
596275
596281
596282
596294
596298
596299
596300
596327
596333
596334
596346
596350
596351
596352
596379
596385
596386
596398
596402
596403
596404
596431
596437
596438
596450
596454
596455
596456
596483
596489
596490
596502
596506
596507
596508
596535
596541
596542
596554
596558
596559
596560
596587
596593
596594
596606
596610
596611
596612
596639
596645
596646
596658
596662
596663
596664
596691
596697
596698
596710
596714
596715
596716
596743
596749
596750
596762
596766
596767
596768
596795
596801
596802
596814
596818
596819
596820
596847
596853
596854
596866
596870
596871
596872
596899
596905
596906
596918
596922
596923
596924
596951
596957
596958
596970
596974
596975
596976
597003
597009
597010
597022
597026
597027
597028
597055
597061
597062
597074
597078
597079
597080
597107
597113
597114
597126
597130
597131
597132
597159
597165
597166
597178
597182
597183
597184
597211
597217
597218
597230
597234
597235
597236
597263
597269
597270
597282
597286
597287
597288
597315
597321
597322
597334
597338
597339
597340
597367
597373
597374
597386
597390
597391
597392
597419
597425
597426
597438
597442
597443
597444
597471
597477
597478
597490
597494
597495
597496
597523
597529
597530
597542
597546
597547
597548
597575
597581
597582
597594
597598
597599
597600
597627
597633
597634
597646
597650
597651
597652
597679
597685
597686
597698
597702
597703
597704
597731
597737
597738
597750
597754
597755
597756
597783
597789
597790
597802
597806
597807
597808
597835
597841
597842
597854
597858
597859
597860
597887
597893
597894
597906
597910
597911
597912
597939
597945
597946
597958
597962
597963
597964
597991
597997
597998
598010
598014
598015
598016
598043
598049
598050
598062
598066
598067
598068
598095
598101
598102
598114
598118
598119
598120
598147
598153
598154
598166
598170
598171
598172
598199
598205
598206
598218
598222
598223
598224
598251
598257
598258
598270
598274
598275
598276
598303
598309
598310
598322
598326
598327
598328
598355
598361
598362
598374
598378
598379
598380
598407
598413
598414
598426
598430
598431
598432
598459
598465
598466
598478
598482
598483
598484
598511
598517
598518
598530
598534
598535
598536
598563
598569
598570
598582
598586
598587
598588
598615
598621
598622
598634
598638
598639
598640
598667
598673
598674
598686
598690
598691
598692
598719
598725
598726
598738
598742
598743
598744
598771
598777
598778
598790
598794
598795
598796
598823
598829
598830
598842
598846
598847
598848
598875
598881
598882
598894
598898
598899
598900
598927
598933
598934
598946
598950
598951
598952
598979
598985
598986
598998
599002
599003
599004
599031
599037
599038
599050
599054
599055
599056
599083
599089
599090
599102
599106
599107
599108
599135
599141
599142
599154
599158
599159
599160
599187
599193
599194
599206
599210
599211
599212
599239
599245
599246
599258
599262
599263
599264
599291
599297
599298
599310
599314
599315
599316
599343
599349
599350
599362
599366
599367
599368
599395
599401
599402
599414
599418
599419
599420
599447
599453
599454
599466
599470
599471
599472
599499
599505
599506
599518
599522
599523
599524
599551
599557
599558
599570
599574
599575
599576
599603
599609
599610
599622
599626
599627
599628
599655
599661
599662
599674
599678
599679
599680
599707
599713
599714
599726
599730
599731
599732
599759
599765
599766
599778
599782
599783
599784
599811
599817
599818
599830
599834
599835
599836
599863
599869
599870
599882
599886
599887
599888
599915
599921
599922
599934
599938
599939
599940
599967
599973
599974
599986
599990
599991
599992
600019
600025
600026
600038
600042
600043
600044
600071
600077
600078
600090
600094
600095
600096
600123
600129
600130
600142
600146
600147
600148
600175
600181
600182
600194
600198
600199
600200
600227
600233
600234
600246
600250
600251
600252
600279
600285
600286
600298
600302
600303
600304
600331
600337
600338
600350
600354
600355
600356
600383
600389
600390
600402
600406
600407
600408
600435
600441
600442
600454
600458
600459
600460
600487
600493
600494
600506
600510
600511
600512
600539
600545
600546
600558
600562
600563
600564
600591
600597
600598
600610
600614
600615
600616
600643
600649
600650
600662
600666
600667
600668
600695
600701
600702
600714
600718
600719
600720
600747
600753
600754
600766
600770
600771
600772
600799
600805
600806
600818
600822
600823
600824
600851
600857
600858
600870
600874
600875
600876
600903
600909
600910
600922
600926
600927
600928
600955
600961
600962
600974
600978
600979
600980
601007
601013
601014
601026
601030
601031
601032
601059
601065
601066
601078
601082
601083
601084
601111
601117
601118
601130
601134
601135
601136
601163
601169
601170
601182
601186
601187
601188
601215
601221
601222
601234
601238
601239
601240
601267
601273
601274
601286
601290
601291
601292
601319
601325
601326
601338
601342
601343
601344
601371
601377
601378
601390
601394
601395
601396
601423
601429
601430
601442
601446
601447
601448
601475
601481
601482
601494
601498
601499
601500
601527
601533
601534
601546
601550
601551
601552
601579
601585
601586
601598
601602
601603
601604
601631
601637
601638
601650
601654
601655
601656
601683
601689
601690
601702
601706
601707
601708
601735
601741
601742
601754
601758
601759
601760
601787
601793
601794
601806
601810
601811
601812
601839
601845
601846
601858
601862
601863
601864
601891
601897
601898
601910
601914
601915
601916
601943
601949
601950
601962
601966
601967
601968
601995
602001
602002
602014
602018
602019
602020
602047
602053
602054
602066
602070
602071
602072
602099
602105
602106
602118
602122
602123
602124
602151
602157
602158
602170
602174
602175
602176
602203
602209
602210
602222
602226
602227
602228
602255
602261
602262
602274
602278
602279
602280
602307
602313
602314
602326
602330
602331
602332
602359
602365
602366
602378
602382
602383
602384
602411
602417
602418
602430
602434
602435
602436
602463
602469
602470
602482
602486
602487
602488
602515
602521
602522
602534
602538
602539
602540
602567
602573
602574
602586
602590
602591
602592
602619
602625
602626
602638
602642
602643
602644
602671
602677
602678
602690
602694
602695
602696
602723
602729
602730
602742
602746
602747
602748
602775
602781
602782
602794
602798
602799
602800
602827
602833
602834
602846
602850
602851
602852
602879
602885
602886
602898
602902
602903
602904
602931
602937
602938
602950
602954
602955
602956
602983
602989
602990
603002
603006
603007
603008
603035
603041
603042
603054
603058
603059
603060
603087
603093
603094
603106
603110
603111
603112
603139
603145
603146
603158
603162
603163
603164
603191
603197
603198
603210
603214
603215
603216
603243
603249
603250
603262
603266
603267
603268
603299
603301
603302
603303
603304
603305
603311
603312
603313
603352
603354
603355
603356
603357
603358
603364
603365
603366
603405
603407
603408
603409
603410
603411
603417
603418
603419
603458
603460
603461
603462
603463
603464
603470
603471
603472
603511
603513
603514
603515
603516
603517
603523
603524
603525
603564
603566
603567
603568
603569
603570
603576
603577
603578
603617
603619
603620
603621
603622
603623
603629
603630
603631
603670
603672
603673
603674
603675
603676
603682
603683
603684
603723
603725
603726
603727
603728
603729
603735
603736
603737
603776
603778
603779
603780
603781
603782
603788
603789
603790
603829
603831
603832
603833
603834
603835
603841
603842
603843
603882
603884
603885
603886
603887
603888
603894
603895
603896
603935
603937
603938
603939
603940
603941
603947
603948
603949
603988
603990
603991
603992
603993
603994
604000
604001
604002
604041
604043
604044
604045
604046
604047
604053
604054
604055
604094
604096
604097
604098
604099
604100
604106
604107
604108
604147
604149
604150
604151
604152
604153
604159
604160
604161
604200
604202
604203
604204
604205
604206
604212
604213
604214
604253
604255
604256
604257
604258
604259
604265
604266
604267
604306
604308
604309
604310
604311
604312
604318
604319
604320
604359
604361
604362
604363
604364
604365
604371
604372
604373
604412
604414
604415
604416
604417
604418
604424
604425
604426
604465
604467
604468
604469
604470
604471
604477
604478
604479
604518
604520
604521
604522
604523
604524
604530
604531
604532
604571
604573
604574
604575
604576
604577
604583
604584
604585
604624
604626
604627
604628
604629
604630
604636
604637
604638
604677
604679
604680
604681
604682
604683
604689
604690
604691
604730
604732
604733
604734
604735
604736
604742
604743
604744
604783
604785
604786
604787
604788
604789
604795
604796
604797
604836
604838
604839
604840
604841
604842
604848
604849
604850
604889
604891
604892
604893
604894
604895
604901
604902
604903
604942
604944
604945
604946
604947
604948
604954
604955
604956
604995
604997
604998
604999
605000
605001
605007
605008
605009
605048
605050
605051
605052
605053
605054
605060
605061
605062
605101
605103
605104
605105
605106
605107
605113
605114
605115
605154
605156
605157
605158
605159
605160
605166
605167
605168
605207
605209
605210
605211
605212
605213
605219
605220
605221
605260
605262
605263
605264
605265
605266
605272
605273
605274
605313
605315
605316
605317
605318
605319
605325
605326
605327
605366
605368
605369
605370
605371
605372
605378
605379
605380
605419
605421
605422
605423
605424
605425
605431
605432
605433
605472
605474
605475
605476
605477
605478
605484
605485
605486
605525
605527
605528
605529
605530
605531
605537
605538
605539
605578
605580
605581
605582
605583
605584
605590
605591
605592
605631
605633
605634
605635
605636
605637
605643
605644
605645
605684
605686
605687
605688
605689
605690
605696
605697
605698
605737
605739
605740
605741
605742
605743
605749
605750
605751
605790
605792
605793
605794
605795
605796
605802
605803
605804
605843
605845
605846
605847
605848
605849
605855
605856
605857
605896
605898
605899
605900
605901
605902
605908
605909
605910
605949
605951
605952
605953
605954
605955
605961
605962
605963
606002
606004
606005
606006
606007
606008
606014
606015
606016
606055
606057
606058
606059
606060
606061
606067
606068
606069
606108
606110
606111
606112
606113
606114
606120
606121
606122
606161
606163
606164
606165
606166
606167
606173
606174
606175
606214
606216
606217
606218
606219
606220
606226
606227
606228
606267
606269
606270
606271
606272
606273
606279
606280
606281
606320
606322
606323
606324
606325
606326
606332
606333
606334
606373
606375
606376
606377
606378
606379
606385
606386
606387
606426
606428
606429
606430
606431
606432
606438
606439
606440
606479
606481
606482
606483
606484
606485
606491
606492
606493
606532
606534
606535
606536
606537
606538
606544
606545
606546
606585
606587
606588
606589
606590
606591
606597
606598
606599
606638
606640
606641
606642
606643
606644
606650
606651
606652
606691
606693
606694
606695
606696
606697
606703
606704
606705
606744
606746
606747
606748
606749
606750
606756
606757
606758
606797
606799
606800
606801
606802
606803
606809
606810
606811
606850
606852
606853
606854
606855
606856
606862
606863
606864
606903
606905
606906
606907
606908
606909
606915
606916
606917
606956
606958
606959
606960
606961
606962
606968
606969
606970
607009
607011
607012
607013
607014
607015
607021
607022
607023
607062
607064
607065
607066
607067
607068
607074
607075
607076
607115
607117
607118
607119
607120
607121
607127
607128
607129
607168
607170
607171
607172
607173
607174
607180
607181
607182
607221
607223
607224
607225
607226
607227
607233
607234
607235
607274
607276
607277
607278
607279
607280
607286
607287
607288
607327
607329
607330
607331
607332
607333
607339
607340
607341
607380
607382
607383
607384
607385
607386
607392
607393
607394
607433
607435
607436
607437
607438
607439
607445
607446
607447
607486
607488
607489
607490
607491
607492
607498
607499
607500
607539
607541
607542
607543
607544
607545
607551
607552
607553
607592
607594
607595
607596
607597
607598
607604
607605
607606
607645
607647
607648
607649
607650
607651
607657
607658
607659
607698
607700
607701
607702
607703
607704
607710
607711
607712
607751
607753
607754
607755
607756
607757
607763
607764
607765
607804
607806
607807
607808
607809
607810
607816
607817
607818
607857
607859
607860
607861
607862
607863
607869
607870
607871
607910
607912
607913
607914
607915
607916
607922
607923
607924
607963
607965
607966
607967
607968
607969
607975
607976
607977
608016
608018
608019
608020
608021
608022
608028
608029
608030
608069
608071
608072
608073
608074
608075
608081
608082
608083
608122
608124
608125
608126
608127
608128
608134
608135
608136
608175
608177
608178
608179
608180
608181
608187
608188
608189
608228
608230
608231
608232
608233
608234
608240
608241
608242
608281
608283
608284
608285
608286
608287
608293
608294
608295
608334
608336
608337
608338
608339
608340
608346
608347
608348
608387
608389
608390
608391
608392
608393
608399
608400
608401
608440
608442
608443
608444
608445
608446
608452
608453
608454
608493
608495
608496
608497
608498
608499
608505
608506
608507
608546
608548
608549
608550
608551
608552
608558
608559
608560
608599
608601
608602
608603
608604
608605
608611
608612
608613
608652
608654
608655
608656
608657
608658
608664
608665
608666
608705
608707
608708
608709
608710
608711
608717
608718
608719
608758
608760
608761
608762
608763
608764
608770
608771
608772
608811
608813
608814
608815
608816
608817
608823
608824
608825
608864
608866
608867
608868
608869
608870
608876
608877
608878
608917
608919
608920
608921
608922
608923
608929
608930
608931
608970
608972
608973
608974
608975
608976
608982
608983
608984
609023
609025
609026
609027
609028
609029
609035
609036
609037
609076
609078
609079
609080
609081
609082
609088
609089
609090
609129
609131
609132
609133
609134
609135
609141
609142
609143
609182
609184
609185
609186
609187
609188
609194
609195
609196
609235
609237
609238
609239
609240
609241
609247
609248
609249
609288
609290
609291
609292
609293
609294
609300
609301
609302
609341
609343
609344
609345
609346
609347
609353
609354
609355
609394
609396
609397
609398
609399
609400
609406
609407
609408
609447
609449
609450
609451
609452
609453
609459
609460
609461
609500
609502
609503
609504
609505
609506
609512
609513
609514
609553
609555
609556
609557
609558
609559
609565
609566
609567
609606
609608
609609
609610
609611
609612
609618
609619
609620
609659
609661
609662
609663
609664
609665
609671
609672
609673
609712
609714
609715
609716
609717
609718
609724
609725
609726
609765
609767
609768
609769
609770
609771
609777
609778
609779
609818
609820
609821
609822
609823
609824
609830
609831
609832
609871
609873
609874
609875
609876
609877
609883
609884
609885
609924
609926
609927
609928
609929
609930
609936
609937
609938
609977
609979
609980
609981
609982
609983
609989
609990
609991
610030
610032
610033
610034
610035
610036
610042
610043
610044
610083
610085
610086
610087
610088
610089
610095
610096
610097
610136
610138
610139
610140
610141
610142
610148
610149
610150
610189
610191
610192
610193
610194
610195
610201
610202
610203
610242
610244
610245
610246
610247
610248
610254
610255
610256
610295
610297
610298
610299
610300
610301
610307
610308
610309
610348
610350
610351
610352
610353
610354
610360
610361
610362
610401
610403
610404
610405
610406
610407
610413
610414
610415
610454
610456
610457
610458
610459
610460
610466
610467
610468
610507
610509
610510
610511
610512
610513
610519
610520
610521
610560
610562
610563
610564
610565
610566
610572
610573
610574
610613
610615
610616
610617
610618
610619
610625
610626
610627
610666
610668
610669
610670
610671
610672
610678
610679
610680
610719
610721
610722
610723
610724
610725
610731
610732
610733
610772
610774
610775
610776
610777
610778
610784
610785
610786
610825
610827
610828
610829
610830
610831
610837
610838
610839
610878
610880
610881
610882
610883
610884
610890
610891
610892
610931
610933
610934
610935
610936
610937
610943
610944
610945
610984
610986
610987
610988
610989
610990
610996
610997
610998
611037
611039
611040
611041
611042
611043
611049
611050
611051
611090
611092
611093
611094
611095
611096
611102
611103
611104
611143
611145
611146
611147
611148
611149
611155
611156
611157
611196
611198
611199
611200
611201
611202
611208
611209
611210
611249
611251
611252
611253
611254
611255
611261
611262
611263
611302
611304
611305
611306
611307
611308
611314
611315
611316
611355
611357
611358
611359
611360
611361
611367
611368
611369
611408
611410
611411
611412
611413
611414
611420
611421
611422
611461
611463
611464
611465
611466
611467
611473
611474
611475
611514
611516
611517
611518
611519
611520
611526
611527
611528
611567
611569
611570
611571
611572
611573
611579
611580
611581
611620
611622
611623
611624
611625
611626
611632
611633
611634
611673
611675
611676
611677
611678
611679
611685
611686
611687
611726
611728
611729
611730
611731
611732
611738
611739
611740
611779
611781
611782
611783
611784
611785
611791
611792
611793
611832
611834
611835
611836
611837
611838
611844
611845
611846
611885
611887
611888
611889
611890
611891
611897
611898
611899
611938
611940
611941
611942
611943
611944
611950
611951
611952
611991
611993
611994
611995
611996
611997
612003
612004
612005
612044
612046
612047
612048
612049
612050
612056
612057
612058
612097
612099
612100
612101
612102
612103
612109
612110
612111
612150
612152
612153
612154
612155
612156
612162
612163
612164
612203
612205
612206
612207
612208
612209
612215
612216
612217
612256
612258
612259
612260
612261
612262
612268
612269
612270
612309
612311
612312
612313
612314
612315
612321
612322
612323
612362
612364
612365
612366
612367
612368
612374
612375
612376
612415
612417
612418
612419
612420
612421
612427
612428
612429
612468
612470
612471
612472
612473
612474
612480
612481
612482
612521
612523
612524
612525
612526
612527
612533
612534
612535
612574
612576
612577
612578
612579
612580
612586
612587
612588
612627
612629
612630
612631
612632
612633
612639
612640
612641
612680
612682
612683
612684
612685
612686
612692
612693
612694
612733
612735
612736
612737
612738
612739
612745
612746
612747
612786
612788
612789
612790
612791
612792
612798
612799
612800
612839
612841
612842
612843
612844
612845
612851
612852
612853
612892
612894
612895
612896
612897
612898
612904
612905
612906
612945
612947
612948
612949
612950
612951
612957
612958
612959
612998
613000
613001
613002
613003
613004
613010
613011
613012
613051
613053
613054
613055
613056
613057
613063
613064
613065
613104
613106
613107
613108
613109
613110
613116
613117
613118
613157
613159
613160
613161
613162
613163
613169
613170
613171
613210
613212
613213
613214
613215
613216
613222
613223
613224
613263
613265
613266
613267
613268
613269
613275
613276
613277
613316
613318
613319
613320
613321
613322
613328
613329
613330
613369
613371
613372
613373
613374
613375
613381
613382
613383
613422
613424
613425
613426
613427
613428
613434
613435
613436
613475
613477
613478
613479
613480
613481
613487
613488
613489
613528
613530
613531
613532
613533
613534
613540
613541
613542
613581
613583
613584
613585
613586
613587
613593
613594
613595
613634
613636
613637
613638
613639
613640
613646
613647
613648
613687
613689
613690
613691
613692
613693
613699
613700
613701
613740
613742
613743
613744
613745
613746
613752
613753
613754
613793
613795
613796
613797
613798
613799
613805
613806
613807
613846
613848
613849
613850
613851
613852
613858
613859
613860
614732
614733
614734
614738
614739
614740
614741
614758
614759
614768
614769
614770
614775
614776
614777
614778
614779
614780
614781
614782
614783
614794
614795
614796
614895
614896
614897
614901
614902
614903
614904
614922
614923
614932
614933
614934
614939
614940
614941
614942
614943
614944
614945
614946
614947
614948
614960
614961
614962
614963
615066
615067
615068
615072
615073
615074
615075
615093
615094
615103
615104
615105
615110
615111
615112
615113
615114
615115
615116
615117
615118
615119
615131
615132
615133
615134
615237
615238
615239
615243
615244
615245
615246
615264
615265
615274
615275
615276
615281
615282
615283
615284
615285
615286
615287
615288
615289
615290
615302
615303
615304
615305
615408
615409
615410
615414
615415
615416
615417
615435
615436
615445
615446
615447
615452
615453
615454
615455
615456
615457
615458
615459
615460
615461
615473
615474
615475
615476
615579
615580
615581
615585
615586
615587
615588
615606
615607
615616
615617
615618
615623
615624
615625
615626
615627
615628
615629
615630
615631
615632
615644
615645
615646
615647
615750
615751
615752
615756
615757
615758
615759
615777
615778
615787
615788
615789
615794
615795
615796
615797
615798
615799
615800
615801
615802
615803
615815
615816
615817
615818
615921
615922
615923
615927
615928
615929
615930
615948
615949
615958
615959
615960
615965
615966
615967
615968
615969
615970
615971
615972
615973
615974
615986
615987
615988
615989
616092
616093
616094
616098
616099
616100
616101
616119
616120
616129
616130
616131
616136
616137
616138
616139
616140
616141
616142
616143
616144
616145
616157
616158
616159
616160
616263
616264
616265
616269
616270
616271
616272
616290
616291
616300
616301
616302
616307
616308
616309
616310
616311
616312
616313
616314
616315
616316
616328
616329
616330
616331
616434
616435
616436
616440
616441
616442
616443
616461
616462
616471
616472
616473
616478
616479
616480
616481
616482
616483
616484
616485
616486
616487
616499
616500
616501
616502
616605
616606
616607
616611
616612
616613
616614
616632
616633
616642
616643
616644
616649
616650
616651
616652
616653
616654
616655
616656
616657
616658
616670
616671
616672
616673
616776
616777
616778
616782
616783
616784
616785
616803
616804
616813
616814
616815
616820
616821
616822
616823
616824
616825
616826
616827
616828
616829
616841
616842
616843
616844
616947
616948
616949
616953
616954
616955
616956
616974
616975
616984
616985
616986
616991
616992
616993
616994
616995
616996
616997
616998
616999
617000
617012
617013
617014
617015
617118
617119
617120
617124
617125
617126
617127
617145
617146
617155
617156
617157
617162
617163
617164
617165
617166
617167
617168
617169
617170
617171
617183
617184
617185
617186
617289
617290
617291
617295
617296
617297
617298
617316
617317
617326
617327
617328
617333
617334
617335
617336
617337
617338
617339
617340
617341
617342
617354
617355
617356
617357
617460
617461
617462
617466
617467
617468
617469
617487
617488
617497
617498
617499
617504
617505
617506
617507
617508
617509
617510
617511
617512
617513
617525
617526
617527
617528
617631
617632
617633
617637
617638
617639
617640
617658
617659
617668
617669
617670
617675
617676
617677
617678
617679
617680
617681
617682
617683
617684
617696
617697
617698
617699
617802
617803
617804
617808
617809
617810
617811
617829
617830
617839
617840
617841
617846
617847
617848
617849
617850
617851
617852
617853
617854
617855
617867
617868
617869
617870
617973
617974
617975
617979
617980
617981
617982
618000
618001
618010
618011
618012
618017
618018
618019
618020
618021
618022
618023
618024
618025
618026
618038
618039
618040
618041
618144
618145
618146
618150
618151
618152
618153
618171
618172
618181
618182
618183
618188
618189
618190
618191
618192
618193
618194
618195
618196
618197
618209
618210
618211
618212
618315
618316
618317
618321
618322
618323
618324
618342
618343
618352
618353
618354
618359
618360
618361
618362
618363
618364
618365
618366
618367
618368
618380
618381
618382
618383
618486
618487
618488
618492
618493
618494
618495
618513
618514
618523
618524
618525
618530
618531
618532
618533
618534
618535
618536
618537
618538
618539
618551
618552
618553
618554
618657
618658
618659
618663
618664
618665
618666
618684
618685
618694
618695
618696
618701
618702
618703
618704
618705
618706
618707
618708
618709
618710
618722
618723
618724
618725
618828
618829
618830
618834
618835
618836
618837
618855
618856
618865
618866
618867
618872
618873
618874
618875
618876
618877
618878
618879
618880
618881
618893
618894
618895
618896
618999
619000
619001
619005
619006
619007
619008
619026
619027
619036
619037
619038
619043
619044
619045
619046
619047
619048
619049
619050
619051
619052
619064
619065
619066
619067
619170
619171
619172
619176
619177
619178
619179
619197
619198
619207
619208
619209
619214
619215
619216
619217
619218
619219
619220
619221
619222
619223
619235
619236
619237
619238
619341
619342
619343
619347
619348
619349
619350
619368
619369
619378
619379
619380
619385
619386
619387
619388
619389
619390
619391
619392
619393
619394
619406
619407
619408
619409
619512
619513
619514
619518
619519
619520
619521
619539
619540
619549
619550
619551
619556
619557
619558
619559
619560
619561
619562
619563
619564
619565
619577
619578
619579
619580
619683
619684
619685
619689
619690
619691
619692
619710
619711
619720
619721
619722
619727
619728
619729
619730
619731
619732
619733
619734
619735
619736
619748
619749
619750
619751
619854
619855
619856
619860
619861
619862
619863
619881
619882
619891
619892
619893
619898
619899
619900
619901
619902
619903
619904
619905
619906
619907
619919
619920
619921
619922
620025
620026
620027
620031
620032
620033
620034
620052
620053
620062
620063
620064
620069
620070
620071
620072
620073
620074
620075
620076
620077
620078
620090
620091
620092
620093
620196
620197
620198
620202
620203
620204
620205
620223
620224
620233
620234
620235
620240
620241
620242
620243
620244
620245
620246
620247
620248
620249
620261
620262
620263
620264
620367
620368
620369
620373
620374
620375
620376
620394
620395
620404
620405
620406
620411
620412
620413
620414
620415
620416
620417
620418
620419
620420
620432
620433
620434
620435
620538
620539
620540
620544
620545
620546
620547
620565
620566
620575
620576
620577
620582
620583
620584
620585
620586
620587
620588
620589
620590
620591
620603
620604
620605
620606
620709
620710
620711
620715
620716
620717
620718
620736
620737
620746
620747
620748
620753
620754
620755
620756
620757
620758
620759
620760
620761
620762
620774
620775
620776
620777
620880
620881
620882
620886
620887
620888
620889
620907
620908
620917
620918
620919
620924
620925
620926
620927
620928
620929
620930
620931
620932
620933
620945
620946
620947
620948
621051
621052
621053
621057
621058
621059
621060
621078
621079
621088
621089
621090
621095
621096
621097
621098
621099
621100
621101
621102
621103
621104
621116
621117
621118
621119
621222
621223
621224
621228
621229
621230
621231
621249
621250
621259
621260
621261
621266
621267
621268
621269
621270
621271
621272
621273
621274
621275
621287
621288
621289
621290
621393
621394
621395
621399
621400
621401
621402
621420
621421
621430
621431
621432
621437
621438
621439
621440
621441
621442
621443
621444
621445
621446
621458
621459
621460
621461
621564
621565
621566
621570
621571
621572
621573
621591
621592
621601
621602
621603
621608
621609
621610
621611
621612
621613
621614
621615
621616
621617
621629
621630
621631
621632
621735
621736
621737
621741
621742
621743
621744
621762
621763
621772
621773
621774
621779
621780
621781
621782
621783
621784
621785
621786
621787
621788
621800
621801
621802
621803
621906
621907
621908
621912
621913
621914
621915
621933
621934
621943
621944
621945
621950
621951
621952
621953
621954
621955
621956
621957
621958
621959
621971
621972
621973
621974
622077
622078
622079
622083
622084
622085
622086
622104
622105
622114
622115
622116
622121
622122
622123
622124
622125
622126
622127
622128
622129
622130
622142
622143
622144
622145
622248
622249
622250
622254
622255
622256
622257
622275
622276
622285
622286
622287
622292
622293
622294
622295
622296
622297
622298
622299
622300
622301
622313
622314
622315
622316
622419
622420
622421
622425
622426
622427
622428
622446
622447
622456
622457
622458
622463
622464
622465
622466
622467
622468
622469
622470
622471
622472
622484
622485
622486
622487
622590
622591
622592
622596
622597
622598
622599
622617
622618
622627
622628
622629
622634
622635
622636
622637
622638
622639
622640
622641
622642
622643
622655
622656
622657
622658
622761
622762
622763
622767
622768
622769
622770
622788
622789
622798
622799
622800
622805
622806
622807
622808
622809
622810
622811
622812
622813
622814
622826
622827
622828
622829
622932
622933
622934
622938
622939
622940
622941
622959
622960
622969
622970
622971
622976
622977
622978
622979
622980
622981
622982
622983
622984
622985
622997
622998
622999
623000
623103
623104
623105
623109
623110
623111
623112
623130
623131
623140
623141
623142
623147
623148
623149
623150
623151
623152
623153
623154
623155
623156
623168
623169
623170
623171
623274
623275
623276
623280
623281
623282
623283
623301
623302
623311
623312
623313
623318
623319
623320
623321
623322
623323
623324
623325
623326
623327
623339
623340
623341
623342
623445
623446
623447
623451
623452
623453
623454
623472
623473
623482
623483
623484
623489
623490
623491
623492
623493
623494
623495
623496
623497
623498
623510
623511
623512
623513
623616
623617
623618
623622
623623
623624
623625
623643
623644
623653
623654
623655
623660
623661
623662
623663
623664
623665
623666
623667
623668
623669
623681
623682
623683
623684
623787
623788
623789
623793
623794
623795
623796
623814
623815
623824
623825
623826
623831
623832
623833
623834
623835
623836
623837
623838
623839
623840
623852
623853
623854
623855
623958
623959
623960
623964
623965
623966
623967
623985
623986
623995
623996
623997
624002
624003
624004
624005
624006
624007
624008
624009
624010
624011
624023
624024
624025
624026
624129
624130
624131
624135
624136
624137
624138
624156
624157
624166
624167
624168
624173
624174
624175
624176
624177
624178
624179
624180
624181
624182
624194
624195
624196
624197
624300
624301
624302
624306
624307
624308
624309
624327
624328
624337
624338
624339
624344
624345
624346
624347
624348
624349
624350
624351
624352
624353
624365
624366
624367
624368
624471
624472
624473
624477
624478
624479
624480
624498
624499
624508
624509
624510
624515
624516
624517
624518
624519
624520
624521
624522
624523
624524
624536
624537
624538
624539
624642
624643
624644
624648
624649
624650
624651
624669
624670
624679
624680
624681
624686
624687
624688
624689
624690
624691
624692
624693
624694
624695
624707
624708
624709
624710
624813
624814
624815
624819
624820
624821
624822
624840
624841
624850
624851
624852
624857
624858
624859
624860
624861
624862
624863
624864
624865
624866
624878
624879
624880
624881
624984
624985
624986
624990
624991
624992
624993
625011
625012
625021
625022
625023
625028
625029
625030
625031
625032
625033
625034
625035
625036
625037
625049
625050
625051
625052
625155
625156
625157
625161
625162
625163
625164
625182
625183
625192
625193
625194
625199
625200
625201
625202
625203
625204
625205
625206
625207
625208
625220
625221
625222
625223
625326
625327
625328
625332
625333
625334
625335
625353
625354
625363
625364
625365
625370
625371
625372
625373
625374
625375
625376
625377
625378
625379
625391
625392
625393
625394
625497
625498
625499
625503
625504
625505
625506
625524
625525
625534
625535
625536
625541
625542
625543
625544
625545
625546
625547
625548
625549
625550
625562
625563
625564
625565
625668
625669
625670
625674
625675
625676
625677
625695
625696
625705
625706
625707
625712
625713
625714
625715
625716
625717
625718
625719
625720
625721
625733
625734
625735
625736
625839
625840
625841
625845
625846
625847
625848
625866
625867
625876
625877
625878
625883
625884
625885
625886
625887
625888
625889
625890
625891
625892
625904
625905
625906
625907
626010
626011
626012
626016
626017
626018
626019
626037
626038
626047
626048
626049
626054
626055
626056
626057
626058
626059
626060
626061
626062
626063
626075
626076
626077
626078
626181
626182
626183
626187
626188
626189
626190
626208
626209
626218
626219
626220
626225
626226
626227
626228
626229
626230
626231
626232
626233
626234
626246
626247
626248
626249
626352
626353
626354
626358
626359
626360
626361
626379
626380
626389
626390
626391
626396
626397
626398
626399
626400
626401
626402
626403
626404
626405
626417
626418
626419
626420
626523
626524
626525
626529
626530
626531
626532
626550
626551
626560
626561
626562
626567
626568
626569
626570
626571
626572
626573
626574
626575
626576
626588
626589
626590
626591
626694
626695
626696
626700
626701
626702
626703
626721
626722
626731
626732
626733
626738
626739
626740
626741
626742
626743
626744
626745
626746
626747
626759
626760
626761
626762
626865
626866
626867
626871
626872
626873
626874
626892
626893
626902
626903
626904
626909
626910
626911
626912
626913
626914
626915
626916
626917
626918
626930
626931
626932
626933
627036
627037
627038
627042
627043
627044
627045
627063
627064
627073
627074
627075
627080
627081
627082
627083
627084
627085
627086
627087
627088
627089
627101
627102
627103
627104
627207
627208
627209
627213
627214
627215
627216
627234
627235
627244
627245
627246
627251
627252
627253
627254
627255
627256
627257
627258
627259
627260
627272
627273
627274
627275
627378
627379
627380
627384
627385
627386
627387
627405
627406
627415
627416
627417
627422
627423
627424
627425
627426
627427
627428
627429
627430
627431
627443
627444
627445
627446
627549
627550
627551
627555
627556
627557
627558
627576
627577
627586
627587
627588
627593
627594
627595
627596
627597
627598
627599
627600
627601
627602
627614
627615
627616
627617
627720
627721
627722
627726
627727
627728
627729
627747
627748
627757
627758
627759
627764
627765
627766
627767
627768
627769
627770
627771
627772
627773
627785
627786
627787
627788
627891
627892
627893
627897
627898
627899
627900
627918
627919
627928
627929
627930
627935
627936
627937
627938
627939
627940
627941
627942
627943
627944
627956
627957
627958
627959
628062
628063
628064
628068
628069
628070
628071
628089
628090
628099
628100
628101
628106
628107
628108
628109
628110
628111
628112
628113
628114
628115
628127
628128
628129
628130
628233
628234
628235
628239
628240
628241
628242
628260
628261
628270
628271
628272
628277
628278
628279
628280
628281
628282
628283
628284
628285
628286
628298
628299
628300
628301
628404
628405
628406
628410
628411
628412
628413
628431
628432
628441
628442
628443
628448
628449
628450
628451
628452
628453
628454
628455
628456
628457
628469
628470
628471
628472
628575
628576
628577
628581
628582
628583
628584
628602
628603
628612
628613
628614
628619
628620
628621
628622
628623
628624
628625
628626
628627
628628
628640
628641
628642
628643
628746
628747
628748
628752
628753
628754
628755
628773
628774
628783
628784
628785
628790
628791
628792
628793
628794
628795
628796
628797
628798
628799
628811
628812
628813
628814
628917
628918
628919
628923
628924
628925
628926
628944
628945
628954
628955
628956
628961
628962
628963
628964
628965
628966
628967
628968
628969
628970
628982
628983
628984
628985
629088
629089
629090
629094
629095
629096
629097
629115
629116
629125
629126
629127
629132
629133
629134
629135
629136
629137
629138
629139
629140
629141
629153
629154
629155
629156
629259
629260
629261
629265
629266
629267
629268
629286
629287
629296
629297
629298
629303
629304
629305
629306
629307
629308
629309
629310
629311
629312
629324
629325
629326
629327
629430
629431
629432
629436
629437
629438
629439
629457
629458
629467
629468
629469
629474
629475
629476
629477
629478
629479
629480
629481
629482
629483
629495
629496
629497
629498
629601
629602
629603
629607
629608
629609
629610
629628
629629
629638
629639
629640
629645
629646
629647
629648
629649
629650
629651
629652
629653
629654
629666
629667
629668
629669
629772
629773
629774
629778
629779
629780
629781
629799
629800
629809
629810
629811
629816
629817
629818
629819
629820
629821
629822
629823
629824
629825
629837
629838
629839
629840
629943
629944
629945
629949
629950
629951
629952
629970
629971
629980
629981
629982
629987
629988
629989
629990
629991
629992
629993
629994
629995
629996
630008
630009
630010
630011
630114
630115
630116
630120
630121
630122
630123
630141
630142
630151
630152
630153
630158
630159
630160
630161
630162
630163
630164
630165
630166
630167
630179
630180
630181
630182
630285
630286
630287
630291
630292
630293
630294
630312
630313
630322
630323
630324
630329
630330
630331
630332
630333
630334
630335
630336
630337
630338
630350
630351
630352
630353
630456
630457
630458
630462
630463
630464
630465
630483
630484
630493
630494
630495
630500
630501
630502
630503
630504
630505
630506
630507
630508
630509
630521
630522
630523
630524
630627
630628
630629
630633
630634
630635
630636
630654
630655
630664
630665
630666
630671
630672
630673
630674
630675
630676
630677
630678
630679
630680
630692
630693
630694
630695
630798
630799
630800
630804
630805
630806
630807
630825
630826
630835
630836
630837
630842
630843
630844
630845
630846
630847
630848
630849
630850
630851
630863
630864
630865
630866
630969
630970
630971
630975
630976
630977
630978
630996
630997
631006
631007
631008
631013
631014
631015
631016
631017
631018
631019
631020
631021
631022
631034
631035
631036
631037
631140
631141
631142
631146
631147
631148
631149
631167
631168
631177
631178
631179
631184
631185
631186
631187
631188
631189
631190
631191
631192
631193
631205
631206
631207
631208
631311
631312
631313
631317
631318
631319
631320
631338
631339
631348
631349
631350
631355
631356
631357
631358
631359
631360
631361
631362
631363
631364
631376
631377
631378
631379
631482
631483
631484
631488
631489
631490
631491
631509
631510
631519
631520
631521
631526
631527
631528
631529
631530
631531
631532
631533
631534
631535
631547
631548
631549
631550
631653
631654
631655
631659
631660
631661
631662
631680
631681
631690
631691
631692
631697
631698
631699
631700
631701
631702
631703
631704
631705
631706
631718
631719
631720
631721
631824
631825
631826
631830
631831
631832
631833
631851
631852
631861
631862
631863
631868
631869
631870
631871
631872
631873
631874
631875
631876
631877
631889
631890
631891
631892
631995
631996
631997
632001
632002
632003
632004
632022
632023
632032
632033
632034
632039
632040
632041
632042
632043
632044
632045
632046
632047
632048
632060
632061
632062
632063
632166
632167
632168
632172
632173
632174
632175
632193
632194
632203
632204
632205
632210
632211
632212
632213
632214
632215
632216
632217
632218
632219
632231
632232
632233
632234
632337
632338
632339
632343
632344
632345
632346
632364
632365
632374
632375
632376
632381
632382
632383
632384
632385
632386
632387
632388
632389
632390
632402
632403
632404
632405
632508
632509
632510
632514
632515
632516
632517
632535
632536
632545
632546
632547
632552
632553
632554
632555
632556
632557
632558
632559
632560
632561
632573
632574
632575
632576
632679
632680
632681
632685
632686
632687
632688
632706
632707
632716
632717
632718
632723
632724
632725
632726
632727
632728
632729
632730
632731
632732
632744
632745
632746
632747
632850
632851
632852
632856
632857
632858
632859
632877
632878
632887
632888
632889
632894
632895
632896
632897
632898
632899
632900
632901
632902
632903
632915
632916
632917
632918
633021
633022
633023
633027
633028
633029
633030
633048
633049
633058
633059
633060
633065
633066
633067
633068
633069
633070
633071
633072
633073
633074
633086
633087
633088
633089
633192
633193
633194
633198
633199
633200
633201
633219
633220
633229
633230
633231
633236
633237
633238
633239
633240
633241
633242
633243
633244
633245
633257
633258
633259
633260
633363
633364
633365
633369
633370
633371
633372
633390
633391
633400
633401
633402
633407
633408
633409
633410
633411
633412
633413
633414
633415
633416
633428
633429
633430
633431
633534
633535
633536
633540
633541
633542
633543
633561
633562
633571
633572
633573
633578
633579
633580
633581
633582
633583
633584
633585
633586
633587
633599
633600
633601
633602
633705
633706
633707
633711
633712
633713
633714
633732
633733
633742
633743
633744
633749
633750
633751
633752
633753
633754
633755
633756
633757
633758
633770
633771
633772
633773
633876
633877
633878
633882
633883
633884
633885
633903
633904
633913
633914
633915
633920
633921
633922
633923
633924
633925
633926
633927
633928
633929
633941
633942
633943
633944
634047
634048
634049
634053
634054
634055
634056
634074
634075
634084
634085
634086
634091
634092
634093
634094
634095
634096
634097
634098
634099
634100
634112
634113
634114
634115
634218
634219
634220
634224
634225
634226
634227
634245
634246
634255
634256
634257
634262
634263
634264
634265
634266
634267
634268
634269
634270
634271
634283
634284
634285
634286
634389
634390
634391
634395
634396
634397
634398
634416
634417
634426
634427
634428
634433
634434
634435
634436
634437
634438
634439
634440
634441
634442
634454
634455
634456
634457
634560
634561
634562
634566
634567
634568
634569
634587
634588
634597
634598
634599
634604
634605
634606
634607
634608
634609
634610
634611
634612
634613
634625
634626
634627
634628
634731
634732
634733
634737
634738
634739
634740
634758
634759
634768
634769
634770
634775
634776
634777
634778
634779
634780
634781
634782
634783
634784
634796
634797
634798
634799
634902
634903
634904
634908
634909
634910
634911
634929
634930
634939
634940
634941
634946
634947
634948
634949
634950
634951
634952
634953
634954
634955
634967
634968
634969
634970
635073
635074
635075
635079
635080
635081
635082
635100
635101
635110
635111
635112
635117
635118
635119
635120
635121
635122
635123
635124
635125
635126
635138
635139
635140
635141
635244
635245
635246
635250
635251
635252
635253
635271
635272
635281
635282
635283
635288
635289
635290
635291
635292
635293
635294
635295
635296
635297
635309
635310
635311
635312
635415
635416
635417
635421
635422
635423
635424
635442
635443
635452
635453
635454
635459
635460
635461
635462
635463
635464
635465
635466
635467
635468
635480
635481
635482
635483
635586
635587
635588
635592
635593
635594
635595
635613
635614
635623
635624
635625
635630
635631
635632
635633
635634
635635
635636
635637
635638
635639
635651
635652
635653
635654
635757
635758
635759
635763
635764
635765
635766
635784
635785
635794
635795
635796
635801
635802
635803
635804
635805
635806
635807
635808
635809
635810
635822
635823
635824
635825
635928
635929
635930
635934
635935
635936
635937
635955
635956
635965
635966
635967
635972
635973
635974
635975
635976
635977
635978
635979
635980
635981
635993
635994
635995
635996
636099
636100
636101
636105
636106
636107
636108
636126
636127
636136
636137
636138
636143
636144
636145
636146
636147
636148
636149
636150
636151
636152
636164
636165
636166
636167
636270
636271
636272
636276
636277
636278
636279
636297
636298
636307
636308
636309
636314
636315
636316
636317
636318
636319
636320
636321
636322
636323
636335
636336
636337
636338
636441
636442
636443
636447
636448
636449
636450
636468
636469
636478
636479
636480
636485
636486
636487
636488
636489
636490
636491
636492
636493
636494
636506
636507
636508
636509
636612
636613
636614
636618
636619
636620
636621
636639
636640
636649
636650
636651
636656
636657
636658
636659
636660
636661
636662
636663
636664
636665
636677
636678
636679
636680
636783
636784
636785
636789
636790
636791
636792
636810
636811
636820
636821
636822
636827
636828
636829
636830
636831
636832
636833
636834
636835
636836
636848
636849
636850
636851
636954
636955
636956
636960
636961
636962
636963
636981
636982
636991
636992
636993
636998
636999
637000
637001
637002
637003
637004
637005
637006
637007
637019
637020
637021
637022
637125
637126
637127
637131
637132
637133
637134
637152
637153
637162
637163
637164
637169
637170
637171
637172
637173
637174
637175
637176
637177
637178
637190
637191
637192
637193
637296
637297
637298
637302
637303
637304
637305
637323
637324
637333
637334
637335
637340
637341
637342
637343
637344
637345
637346
637347
637348
637349
637361
637362
637363
637364
637467
637468
637469
637473
637474
637475
637476
637494
637495
637504
637505
637506
637511
637512
637513
637514
637515
637516
637517
637518
637519
637520
637532
637533
637534
637535
637638
637639
637640
637644
637645
637646
637647
637665
637666
637675
637676
637677
637682
637683
637684
637685
637686
637687
637688
637689
637690
637691
637703
637704
637705
637706
637809
637810
637811
637815
637816
637817
637818
637836
637837
637846
637847
637848
637853
637854
637855
637856
637857
637858
637859
637860
637861
637862
637874
637875
637876
637877
637980
637981
637982
637986
637987
637988
637989
638007
638008
638017
638018
638019
638024
638025
638026
638027
638028
638029
638030
638031
638032
638033
638045
638046
638047
638048
638151
638152
638153
638157
638158
638159
638160
638178
638179
638188
638189
638190
638195
638196
638197
638198
638199
638200
638201
638202
638203
638204
638216
638217
638218
638219
638322
638323
638324
638328
638329
638330
638331
638349
638350
638359
638360
638361
638366
638367
638368
638369
638370
638371
638372
638373
638374
638375
638387
638388
638389
638390
638493
638494
638495
638499
638500
638501
638502
638520
638521
638530
638531
638532
638537
638538
638539
638540
638541
638542
638543
638544
638545
638546
638558
638559
638560
638561
638664
638665
638666
638670
638671
638672
638673
638691
638692
638701
638702
638703
638708
638709
638710
638711
638712
638713
638714
638715
638716
638717
638729
638730
638731
638732
638835
638836
638837
638841
638842
638843
638844
638862
638863
638872
638873
638874
638879
638880
638881
638882
638883
638884
638885
638886
638887
638888
638900
638901
638902
638903
639006
639007
639008
639012
639013
639014
639015
639033
639034
639043
639044
639045
639050
639051
639052
639053
639054
639055
639056
639057
639058
639059
639071
639072
639073
639074
639177
639178
639179
639183
639184
639185
639186
639204
639205
639214
639215
639216
639221
639222
639223
639224
639225
639226
639227
639228
639229
639230
639242
639243
639244
639245
639348
639349
639350
639354
639355
639356
639357
639375
639376
639385
639386
639387
639392
639393
639394
639395
639396
639397
639398
639399
639400
639401
639413
639414
639415
639416
639519
639520
639521
639525
639526
639527
639528
639546
639547
639556
639557
639558
639563
639564
639565
639566
639567
639568
639569
639570
639571
639572
639584
639585
639586
639587
639690
639691
639692
639696
639697
639698
639699
639717
639718
639727
639728
639729
639734
639735
639736
639737
639738
639739
639740
639741
639742
639743
639755
639756
639757
639758
639861
639862
639863
639867
639868
639869
639870
639888
639889
639898
639899
639900
639905
639906
639907
639908
639909
639910
639911
639912
639913
639914
639926
639927
639928
639929
640032
640033
640034
640038
640039
640040
640041
640059
640060
640069
640070
640071
640076
640077
640078
640079
640080
640081
640082
640083
640084
640085
640097
640098
640099
640100
640203
640204
640205
640209
640210
640211
640212
640230
640231
640240
640241
640242
640247
640248
640249
640250
640251
640252
640253
640254
640255
640256
640268
640269
640270
640271
640374
640375
640376
640380
640381
640382
640383
640401
640402
640411
640412
640413
640418
640419
640420
640421
640422
640423
640424
640425
640426
640427
640439
640440
640441
640442
640545
640546
640547
640551
640552
640553
640554
640572
640573
640582
640583
640584
640589
640590
640591
640592
640593
640594
640595
640596
640597
640598
640610
640611
640612
640613
640716
640717
640718
640722
640723
640724
640725
640743
640744
640753
640754
640755
640760
640761
640762
640763
640764
640765
640766
640767
640768
640769
640781
640782
640783
640784
640887
640888
640889
640893
640894
640895
640896
640914
640915
640924
640925
640926
640931
640932
640933
640934
640935
640936
640937
640938
640939
640940
640952
640953
640954
640955
641058
641059
641060
641064
641065
641066
641067
641085
641086
641095
641096
641097
641102
641103
641104
641105
641106
641107
641108
641109
641110
641111
641123
641124
641125
641126
641229
641230
641231
641235
641236
641237
641238
641256
641257
641266
641267
641268
641273
641274
641275
641276
641277
641278
641279
641280
641281
641282
641294
641295
641296
641297
641400
641401
641402
641406
641407
641408
641409
641427
641428
641437
641438
641439
641444
641445
641446
641447
641448
641449
641450
641451
641452
641453
641465
641466
641467
641468
641571
641572
641573
641577
641578
641579
641580
641598
641599
641608
641609
641610
641615
641616
641617
641618
641619
641620
641621
641622
641623
641624
641636
641637
641638
641639
641742
641743
641744
641748
641749
641750
641751
641769
641770
641779
641780
641781
641786
641787
641788
641789
641790
641791
641792
641793
641794
641795
641807
641808
641809
641810
641913
641914
641915
641919
641920
641921
641922
641940
641941
641950
641951
641952
641957
641958
641959
641960
641961
641962
641963
641964
641965
641966
641978
641979
641980
641981
642084
642085
642086
642090
642091
642092
642093
642111
642112
642121
642122
642123
642128
642129
642130
642131
642132
642133
642134
642135
642136
642137
642149
642150
642151
642152
642255
642256
642257
642261
642262
642263
642264
642282
642283
642292
642293
642294
642299
642300
642301
642302
642303
642304
642305
642306
642307
642308
642320
642321
642322
642323
642426
642427
642428
642432
642433
642434
642435
642453
642454
642463
642464
642465
642470
642471
642472
642473
642474
642475
642476
642477
642478
642479
642491
642492
642493
642494
642597
642598
642599
642603
642604
642605
642606
642624
642625
642634
642635
642636
642641
642642
642643
642644
642645
642646
642647
642648
642649
642650
642662
642663
642664
642665
642768
642769
642770
642774
642775
642776
642777
642795
642796
642805
642806
642807
642812
642813
642814
642815
642816
642817
642818
642819
642820
642821
642833
642834
642835
642836
642939
642940
642941
642945
642946
642947
642948
642966
642967
642976
642977
642978
642983
642984
642985
642986
642987
642988
642989
642990
642991
642992
643004
643005
643006
643007
643110
643111
643112
643116
643117
643118
643119
643137
643138
643147
643148
643149
643154
643155
643156
643157
643158
643159
643160
643161
643162
643163
643175
643176
643177
643178
643281
643282
643283
643287
643288
643289
643290
643308
643309
643318
643319
643320
643325
643326
643327
643328
643329
643330
643331
643332
643333
643334
643346
643347
643348
643349
643452
643453
643454
643458
643459
643460
643461
643479
643480
643489
643490
643491
643496
643497
643498
643499
643500
643501
643502
643503
643504
643505
643517
643518
643519
643520
643623
643624
643625
643629
643630
643631
643632
643650
643651
643660
643661
643662
643667
643668
643669
643670
643671
643672
643673
643674
643675
643676
643688
643689
643690
643691
643794
643795
643796
643800
643801
643802
643803
643821
643822
643831
643832
643833
643838
643839
643840
643841
643842
643843
643844
643845
643846
643847
643859
643860
643861
643862
643965
643966
643967
643971
643972
643973
643974
643992
643993
644002
644003
644004
644009
644010
644011
644012
644013
644014
644015
644016
644017
644018
644030
644031
644032
644033
644136
644137
644138
644142
644143
644144
644145
644163
644164
644173
644174
644175
644180
644181
644182
644183
644184
644185
644186
644187
644188
644189
644201
644202
644203
644204
644307
644308
644309
644313
644314
644315
644316
644334
644335
644344
644345
644346
644351
644352
644353
644354
644355
644356
644357
644358
644359
644360
644372
644373
644374
644375
644478
644479
644480
644484
644485
644486
644487
644505
644506
644515
644516
644517
644522
644523
644524
644525
644526
644527
644528
644529
644530
644531
644543
644544
644545
644546
644649
644650
644651
644655
644656
644657
644658
644676
644677
644686
644687
644688
644693
644694
644695
644696
644697
644698
644699
644700
644701
644702
644714
644715
644716
644717
644820
644821
644822
644826
644827
644828
644829
644847
644848
644857
644858
644859
644864
644865
644866
644867
644868
644869
644870
644871
644872
644873
644885
644886
644887
644888
644991
644992
644993
644997
644998
644999
645000
645018
645019
645028
645029
645030
645035
645036
645037
645038
645039
645040
645041
645042
645043
645044
645056
645057
645058
645059
645162
645163
645164
645168
645169
645170
645171
645189
645190
645199
645200
645201
645206
645207
645208
645209
645210
645211
645212
645213
645214
645215
645227
645228
645229
645230
645333
645334
645335
645339
645340
645341
645342
645360
645361
645370
645371
645372
645377
645378
645379
645380
645381
645382
645383
645384
645385
645386
645398
645399
645400
645401
645504
645505
645506
645510
645511
645512
645513
645531
645532
645541
645542
645543
645548
645549
645550
645551
645552
645553
645554
645555
645556
645557
645569
645570
645571
645572
645675
645676
645677
645681
645682
645683
645684
645702
645703
645712
645713
645714
645719
645720
645721
645722
645723
645724
645725
645726
645727
645728
645740
645741
645742
645743
645846
645847
645848
645852
645853
645854
645855
645873
645874
645883
645884
645885
645890
645891
645892
645893
645894
645895
645896
645897
645898
645899
645911
645912
645913
645914
646017
646018
646019
646023
646024
646025
646026
646044
646045
646054
646055
646056
646061
646062
646063
646064
646065
646066
646067
646068
646069
646070
646082
646083
646084
646085
646188
646189
646190
646194
646195
646196
646197
646215
646216
646225
646226
646227
646232
646233
646234
646235
646236
646237
646238
646239
646240
646241
646253
646254
646255
646256
646359
646360
646361
646365
646366
646367
646368
646386
646387
646396
646397
646398
646403
646404
646405
646406
646407
646408
646409
646410
646411
646412
646424
646425
646426
646427
646530
646531
646532
646536
646537
646538
646539
646557
646558
646567
646568
646569
646574
646575
646576
646577
646578
646579
646580
646581
646582
646583
646595
646596
646597
646598
646701
646702
646703
646707
646708
646709
646710
646728
646729
646738
646739
646740
646745
646746
646747
646748
646749
646750
646751
646752
646753
646754
646766
646767
646768
646769
646872
646873
646874
646878
646879
646880
646881
646899
646900
646909
646910
646911
646916
646917
646918
646919
646920
646921
646922
646923
646924
646925
646937
646938
646939
646940
647043
647044
647045
647049
647050
647051
647052
647070
647071
647080
647081
647082
647087
647088
647089
647090
647091
647092
647093
647094
647095
647096
647108
647109
647110
647111
647214
647215
647216
647220
647221
647222
647223
647241
647242
647251
647252
647253
647258
647259
647260
647261
647262
647263
647264
647265
647266
647267
647279
647280
647281
647282
647385
647386
647387
647391
647392
647393
647394
647412
647413
647422
647423
647424
647429
647430
647431
647432
647433
647434
647435
647436
647437
647438
647450
647451
647452
647453
647556
647557
647558
647562
647563
647564
647565
647583
647584
647593
647594
647595
647600
647601
647602
647603
647604
647605
647606
647607
647608
647609
647621
647622
647623
647624
647727
647728
647729
647733
647734
647735
647736
647754
647755
647764
647765
647766
647771
647772
647773
647774
647775
647776
647777
647778
647779
647780
647792
647793
647794
647795
647898
647899
647900
647904
647905
647906
647907
647925
647926
647935
647936
647937
647942
647943
647944
647945
647946
647947
647948
647949
647950
647951
647963
647964
647965
647966
648069
648070
648071
648075
648076
648077
648078
648096
648097
648106
648107
648108
648113
648114
648115
648116
648117
648118
648119
648120
648121
648122
648134
648135
648136
648137
648240
648241
648242
648246
648247
648248
648249
648267
648268
648277
648278
648279
648284
648285
648286
648287
648288
648289
648290
648291
648292
648293
648305
648306
648307
648308
648411
648412
648413
648417
648418
648419
648420
648438
648439
648448
648449
648450
648455
648456
648457
648458
648459
648460
648461
648462
648463
648464
648476
648477
648478
648479
648582
648583
648584
648588
648589
648590
648591
648609
648610
648619
648620
648621
648626
648627
648628
648629
648630
648631
648632
648633
648634
648635
648647
648648
648649
648650
648753
648754
648755
648759
648760
648761
648762
648780
648781
648790
648791
648792
648797
648798
648799
648800
648801
648802
648803
648804
648805
648806
648818
648819
648820
648821
648909
648910
648911
648915
648916
648931
648932
648937
648938
648943
648944
648945
648946
648947
648948
648949
648957
648958
648959
649009
649010
649011
649012
649013
649014
649020
649046
649047
649048
649049
649050
649051
649057
649083
649084
649085
649086
649087
649088
649094
649120
649121
649122
649123
649124
649125
649131
649157
649158
649159
649160
649161
649162
649168
649194
649195
649196
649197
649198
649199
649205
649231
649232
649233
649234
649235
649236
649242
649268
649269
649270
649271
649272
649273
649279
649305
649306
649307
649308
649309
649310
649316
649342
649343
649344
649345
649346
649347
649353
649379
649380
649381
649382
649383
649384
649390
649416
649417
649418
649419
649420
649421
649427
649453
649454
649455
649456
649457
649458
649464
649490
649491
649492
649493
649494
649495
649501
649527
649528
649529
649530
649531
649532
649538
649564
649565
649566
649567
649568
649569
649575
649601
649602
649603
649604
649605
649606
649612
649638
649639
649640
649641
649642
649643
649649
649675
649676
649677
649678
649679
649680
649686
649712
649713
649714
649715
649716
649717
649723
649749
649750
649751
649752
649753
649754
649760
649786
649787
649788
649789
649790
649791
649797
649823
649824
649825
649826
649827
649828
649834
649860
649861
649862
649863
649864
649865
649871
649897
649898
649899
649900
649901
649902
649908
649934
649935
649936
649937
649938
649939
649945
649971
649972
649973
649974
649975
649976
649982
650008
650009
650010
650011
650012
650013
650019
650045
650046
650047
650048
650049
650050
650056
650082
650083
650084
650085
650086
650087
650093
650119
650120
650121
650122
650123
650124
650130
650156
650157
650158
650159
650160
650161
650167
650193
650194
650195
650196
650197
650198
650204
650230
650231
650232
650233
650234
650235
650241
650267
650268
650269
650270
650271
650272
650278
650304
650305
650306
650307
650308
650309
650315
650341
650342
650343
650344
650345
650346
650352
650378
650379
650380
650381
650382
650383
650389
650415
650416
650417
650418
650419
650420
650426
650452
650453
650454
650455
650456
650457
650463
650489
650490
650491
650492
650493
650494
650500
650526
650527
650528
650529
650530
650531
650537
650563
650564
650565
650566
650567
650568
650574
650600
650601
650602
650603
650604
650605
650611
650637
650638
650639
650640
650641
650642
650648
650674
650675
650676
650677
650678
650679
650685
650711
650712
650713
650714
650715
650716
650722
650748
650749
650750
650751
650752
650753
650759
650785
650786
650787
650788
650789
650790
650796
650822
650823
650824
650825
650826
650827
650833
650859
650860
650861
650862
650863
650864
650870
650896
650897
650898
650899
650900
650901
650907
650933
650934
650935
650936
650937
650938
650944
650970
650971
650972
650973
650974
650975
650981
651007
651008
651009
651010
651011
651012
651018
651044
651045
651046
651047
651048
651049
651055
651081
651082
651083
651084
651085
651086
651092
651118
651119
651120
651121
651122
651123
651129
651155
651156
651157
651158
651159
651160
651166
651192
651193
651194
651195
651196
651197
651203
651229
651230
651231
651232
651233
651234
651240
651266
651267
651268
651269
651270
651271
651277
651303
651304
651305
651306
651307
651308
651314
651340
651341
651342
651343
651344
651345
651351
651377
651378
651379
651380
651381
651382
651388
651414
651415
651416
651417
651418
651419
651425
651451
651452
651453
651454
651455
651456
651462
651488
651489
651490
651491
651492
651493
651499
651525
651526
651527
651528
651529
651530
651536
651562
651563
651564
651565
651566
651567
651573
651599
651600
651601
651602
651603
651604
651610
651636
651637
651638
651639
651640
651641
651647
651673
651674
651675
651676
651677
651678
651684
651710
651711
651712
651713
651714
651715
651721
651747
651748
651749
651750
651751
651752
651758
651784
651785
651786
651787
651788
651789
651795
651821
651822
651823
651824
651825
651826
651832
651858
651859
651860
651861
651862
651863
651869
651895
651896
651897
651898
651899
651900
651906
651932
651933
651934
651935
651936
651937
651943
651969
651970
651971
651972
651973
651974
651980
652006
652007
652008
652009
652010
652011
652017
652043
652044
652045
652046
652047
652048
652054
652080
652081
652082
652083
652084
652085
652091
652117
652118
652119
652120
652121
652122
652128
652154
652155
652156
652157
652158
652159
652165
652191
652192
652193
652194
652195
652196
652202
652228
652229
652230
652231
652232
652233
652239
652265
652266
652267
652268
652269
652270
652276
652302
652303
652304
652305
652306
652307
652313
652339
652340
652341
652342
652343
652344
652350
652376
652377
652378
652379
652380
652381
652387
652413
652414
652415
652416
652417
652418
652424
652450
652451
652452
652453
652454
652455
652461
652487
652488
652489
652490
652491
652492
652498
652524
652525
652526
652527
652528
652529
652535
652561
652562
652563
652564
652565
652566
652572
652598
652599
652600
652601
652602
652603
652609
652635
652636
652637
652638
652639
652640
652646
652672
652673
652674
652675
652676
652677
652683
652709
652710
652711
652712
652713
652714
652720
652746
652747
652748
652749
652750
652751
652757
652783
652784
652785
652786
652787
652788
652794
652820
652821
652822
652823
652824
652825
652831
652857
652858
652859
652860
652861
652862
652868
652894
652895
652896
652897
652898
652899
652905
652931
652932
652933
652934
652935
652936
652942
652968
652969
652970
652971
652972
652973
652979
653005
653006
653007
653008
653009
653010
653016
653042
653043
653044
653045
653046
653047
653053
653079
653080
653081
653082
653083
653084
653090
653116
653117
653118
653119
653120
653121
653127
653153
653154
653155
653156
653157
653158
653164
653190
653191
653192
653193
653194
653195
653201
653227
653228
653229
653230
653231
653232
653238
653264
653265
653266
653267
653268
653269
653275
653301
653302
653303
653304
653305
653306
653312
653338
653339
653340
653341
653342
653343
653349
653375
653376
653377
653378
653379
653380
653386
653412
653413
653414
653415
653416
653417
653423
653449
653450
653451
653452
653453
653454
653460
653486
653487
653488
653489
653490
653491
653497
653523
653524
653525
653526
653527
653528
653534
653560
653561
653562
653563
653564
653565
653571
653597
653598
653599
653600
653601
653602
653608
653634
653635
653636
653637
653638
653639
653645
653671
653672
653673
653674
653675
653676
653682
653708
653709
653710
653711
653712
653713
653719
653745
653746
653747
653748
653749
653750
653756
653782
653783
653784
653785
653786
653787
653793
653819
653820
653821
653822
653823
653824
653830
653856
653857
653858
653859
653860
653861
653867
653893
653894
653895
653896
653897
653898
653904
653930
653931
653932
653933
653934
653935
653941
653967
653968
653969
653970
653971
653972
653978
654004
654005
654006
654007
654008
654009
654015
654041
654042
654043
654044
654045
654046
654052
654078
654079
654080
654081
654082
654083
654089
654115
654116
654117
654118
654119
654120
654126
654152
654153
654154
654155
654156
654157
654163
654189
654190
654191
654192
654193
654194
654200
654226
654227
654228
654229
654230
654231
654237
654263
654264
654265
654266
654267
654268
654274
654300
654301
654302
654303
654304
654305
654311
654337
654338
654339
654340
654341
654342
654348
654374
654375
654376
654377
654378
654379
654385
654411
654412
654413
654414
654415
654416
654422
654448
654449
654450
654451
654452
654453
654459
654485
654486
654487
654488
654489
654490
654496
654522
654523
654524
654525
654526
654527
654533
654559
654560
654561
654562
654563
654564
654570
654596
654597
654598
654599
654600
654601
654607
654633
654634
654635
654636
654637
654638
654644
654670
654671
654672
654673
654674
654675
654681
654707
654708
654709
654710
654711
654712
654718
654744
654745
654746
654747
654748
654749
654755
654781
654782
654783
654784
654785
654786
654792
654818
654819
654820
654821
654822
654823
654829
654855
654856
654857
654858
654859
654860
654866
654892
654893
654894
654895
654896
654897
654903
654929
654930
654931
654932
654933
654934
654940
654966
654967
654968
654969
654970
654971
654977
655003
655004
655005
655006
655007
655008
655014
655040
655041
655042
655043
655044
655045
655051
655077
655078
655079
655080
655081
655082
655088
655114
655115
655116
655117
655118
655119
655125
655151
655152
655153
655154
655155
655156
655162
655188
655189
655190
655191
655192
655193
655199
655225
655226
655227
655228
655229
655230
655236
655262
655263
655264
655265
655266
655267
655273
655299
655300
655301
655302
655303
655304
655310
655336
655337
655338
655339
655340
655341
655347
655373
655374
655375
655376
655377
655378
655384
655410
655411
655412
655413
655414
655415
655421
655447
655448
655449
655450
655451
655452
655458
655484
655485
655486
655487
655488
655489
655495
655521
655522
655523
655524
655525
655526
655532
655558
655559
655560
655561
655562
655563
655569
655595
655596
655597
655598
655599
655600
655606
655632
655633
655634
655635
655636
655637
655643
655669
655670
655671
655672
655673
655674
655680
655706
655707
655708
655709
655710
655711
655717
655743
655744
655745
655746
655747
655748
655754
655780
655781
655782
655783
655784
655785
655791
655817
655818
655819
655820
655821
655822
655828
655854
655855
655856
655857
655858
655859
655865
655891
655892
655893
655894
655895
655896
655902
655928
655929
655930
655931
655932
655933
655939
655965
655966
655967
655968
655969
655970
655976
656002
656003
656004
656005
656006
656007
656013
656039
656040
656041
656042
656043
656044
656050
656076
656077
656078
656079
656080
656081
656087
656113
656114
656115
656116
656117
656118
656124
656150
656151
656152
656153
656154
656155
656161
656187
656188
656189
656190
656191
656192
656198
656224
656225
656226
656227
656228
656229
656235
656261
656262
656263
656264
656265
656266
656272
656298
656299
656300
656301
656302
656303
656309
656335
656336
656337
656338
656339
656340
656346
656372
656373
656374
656375
656376
656377
656383
656419
656420
656425
656426
656427
656428
656429
656432
656436
656437
656438
656439
656442
656443
656506
656507
656508
656513
656514
656515
656516
656517
656518
656521
656526
656527
656528
656529
656530
656533
656534
656603
656604
656605
656610
656611
656612
656613
656614
656615
656618
656623
656624
656625
656626
656627
656630
656631
656700
656701
656702
656707
656708
656709
656710
656711
656712
656715
656720
656721
656722
656723
656724
656727
656728
656797
656798
656799
656804
656805
656806
656807
656808
656809
656812
656817
656818
656819
656820
656821
656824
656825
656894
656895
656896
656901
656902
656903
656904
656905
656906
656909
656914
656915
656916
656917
656918
656921
656922
656991
656992
656993
656998
656999
657000
657001
657002
657003
657006
657011
657012
657013
657014
657015
657018
657019
657088
657089
657090
657095
657096
657097
657098
657099
657100
657103
657108
657109
657110
657111
657112
657115
657116
657185
657186
657187
657192
657193
657194
657195
657196
657197
657200
657205
657206
657207
657208
657209
657212
657213
657282
657283
657284
657289
657290
657291
657292
657293
657294
657297
657302
657303
657304
657305
657306
657309
657310
657379
657380
657381
657386
657387
657388
657389
657390
657391
657394
657399
657400
657401
657402
657403
657406
657407
657476
657477
657478
657483
657484
657485
657486
657487
657488
657491
657496
657497
657498
657499
657500
657503
657504
657573
657574
657575
657580
657581
657582
657583
657584
657585
657588
657593
657594
657595
657596
657597
657600
657601
657670
657671
657672
657677
657678
657679
657680
657681
657682
657685
657690
657691
657692
657693
657694
657697
657698
657767
657768
657769
657774
657775
657776
657777
657778
657779
657782
657787
657788
657789
657790
657791
657794
657795
657864
657865
657866
657871
657872
657873
657874
657875
657876
657879
657884
657885
657886
657887
657888
657891
657892
657961
657962
657963
657968
657969
657970
657971
657972
657973
657976
657981
657982
657983
657984
657985
657988
657989
658058
658059
658060
658065
658066
658067
658068
658069
658070
658073
658078
658079
658080
658081
658082
658085
658086
658155
658156
658157
658162
658163
658164
658165
658166
658167
658170
658175
658176
658177
658178
658179
658182
658183
658252
658253
658254
658259
658260
658261
658262
658263
658264
658267
658272
658273
658274
658275
658276
658279
658280
658349
658350
658351
658356
658357
658358
658359
658360
658361
658364
658369
658370
658371
658372
658373
658376
658377
658446
658447
658448
658453
658454
658455
658456
658457
658458
658461
658466
658467
658468
658469
658470
658473
658474
658543
658544
658545
658550
658551
658552
658553
658554
658555
658558
658563
658564
658565
658566
658567
658570
658571
658640
658641
658642
658647
658648
658649
658650
658651
658652
658655
658660
658661
658662
658663
658664
658667
658668
658737
658738
658739
658744
658745
658746
658747
658748
658749
658752
658757
658758
658759
658760
658761
658764
658765
658834
658835
658836
658841
658842
658843
658844
658845
658846
658849
658854
658855
658856
658857
658858
658861
658862
658931
658932
658933
658938
658939
658940
658941
658942
658943
658946
658951
658952
658953
658954
658955
658958
658959
659028
659029
659030
659035
659036
659037
659038
659039
659040
659043
659048
659049
659050
659051
659052
659055
659056
659125
659126
659127
659132
659133
659134
659135
659136
659137
659140
659145
659146
659147
659148
659149
659152
659153
659222
659223
659224
659229
659230
659231
659232
659233
659234
659237
659242
659243
659244
659245
659246
659249
659250
659319
659320
659321
659326
659327
659328
659329
659330
659331
659334
659339
659340
659341
659342
659343
659346
659347
659416
659417
659418
659423
659424
659425
659426
659427
659428
659431
659436
659437
659438
659439
659440
659443
659444
659513
659514
659515
659520
659521
659522
659523
659524
659525
659528
659533
659534
659535
659536
659537
659540
659541
659610
659611
659612
659617
659618
659619
659620
659621
659622
659625
659630
659631
659632
659633
659634
659637
659638
659707
659708
659709
659714
659715
659716
659717
659718
659719
659722
659727
659728
659729
659730
659731
659734
659735
659804
659805
659806
659811
659812
659813
659814
659815
659816
659819
659824
659825
659826
659827
659828
659831
659832
659901
659902
659903
659908
659909
659910
659911
659912
659913
659916
659921
659922
659923
659924
659925
659928
659929
659998
659999
660000
660005
660006
660007
660008
660009
660010
660013
660018
660019
660020
660021
660022
660025
660026
660095
660096
660097
660102
660103
660104
660105
660106
660107
660110
660115
660116
660117
660118
660119
660122
660123
660192
660193
660194
660199
660200
660201
660202
660203
660204
660207
660212
660213
660214
660215
660216
660219
660220
660289
660290
660291
660296
660297
660298
660299
660300
660301
660304
660309
660310
660311
660312
660313
660316
660317
660386
660387
660388
660393
660394
660395
660396
660397
660398
660401
660406
660407
660408
660409
660410
660413
660414
660483
660484
660485
660490
660491
660492
660493
660494
660495
660498
660503
660504
660505
660506
660507
660510
660511
660580
660581
660582
660587
660588
660589
660590
660591
660592
660595
660600
660601
660602
660603
660604
660607
660608
660677
660678
660679
660684
660685
660686
660687
660688
660689
660692
660697
660698
660699
660700
660701
660704
660705
660774
660775
660776
660781
660782
660783
660784
660785
660786
660789
660794
660795
660796
660797
660798
660801
660802
660871
660872
660873
660878
660879
660880
660881
660882
660883
660886
660891
660892
660893
660894
660895
660898
660899
660968
660969
660970
660975
660976
660977
660978
660979
660980
660983
660988
660989
660990
660991
660992
660995
660996
661065
661066
661067
661072
661073
661074
661075
661076
661077
661080
661085
661086
661087
661088
661089
661092
661093
661162
661163
661164
661169
661170
661171
661172
661173
661174
661177
661182
661183
661184
661185
661186
661189
661190
661259
661260
661261
661266
661267
661268
661269
661270
661271
661274
661279
661280
661281
661282
661283
661286
661287
661356
661357
661358
661363
661364
661365
661366
661367
661368
661371
661376
661377
661378
661379
661380
661383
661384
661453
661454
661455
661460
661461
661462
661463
661464
661465
661468
661473
661474
661475
661476
661477
661480
661481
661550
661551
661552
661557
661558
661559
661560
661561
661562
661565
661570
661571
661572
661573
661574
661577
661578
661647
661648
661649
661654
661655
661656
661657
661658
661659
661662
661667
661668
661669
661670
661671
661674
661675
661744
661745
661746
661751
661752
661753
661754
661755
661756
661759
661764
661765
661766
661767
661768
661771
661772
661841
661842
661843
661848
661849
661850
661851
661852
661853
661856
661861
661862
661863
661864
661865
661868
661869
661938
661939
661940
661945
661946
661947
661948
661949
661950
661953
661958
661959
661960
661961
661962
661965
661966
662035
662036
662037
662042
662043
662044
662045
662046
662047
662050
662055
662056
662057
662058
662059
662062
662063
662132
662133
662134
662139
662140
662141
662142
662143
662144
662147
662152
662153
662154
662155
662156
662159
662160
662229
662230
662231
662236
662237
662238
662239
662240
662241
662244
662249
662250
662251
662252
662253
662256
662257
662326
662327
662328
662333
662334
662335
662336
662337
662338
662341
662346
662347
662348
662349
662350
662353
662354
662423
662424
662425
662430
662431
662432
662433
662434
662435
662438
662443
662444
662445
662446
662447
662450
662451
662520
662521
662522
662527
662528
662529
662530
662531
662532
662535
662540
662541
662542
662543
662544
662547
662548
662617
662618
662619
662624
662625
662626
662627
662628
662629
662632
662637
662638
662639
662640
662641
662644
662645
662714
662715
662716
662721
662722
662723
662724
662725
662726
662729
662734
662735
662736
662737
662738
662741
662742
662811
662812
662813
662818
662819
662820
662821
662822
662823
662826
662831
662832
662833
662834
662835
662838
662839
662908
662909
662910
662915
662916
662917
662918
662919
662920
662923
662928
662929
662930
662931
662932
662935
662936
663005
663006
663007
663012
663013
663014
663015
663016
663017
663020
663025
663026
663027
663028
663029
663032
663033
663102
663103
663104
663109
663110
663111
663112
663113
663114
663117
663122
663123
663124
663125
663126
663129
663130
663199
663200
663201
663206
663207
663208
663209
663210
663211
663214
663219
663220
663221
663222
663223
663226
663227
663296
663297
663298
663303
663304
663305
663306
663307
663308
663311
663316
663317
663318
663319
663320
663323
663324
663393
663394
663395
663400
663401
663402
663403
663404
663405
663408
663413
663414
663415
663416
663417
663420
663421
663490
663491
663492
663497
663498
663499
663500
663501
663502
663505
663510
663511
663512
663513
663514
663517
663518
663587
663588
663589
663594
663595
663596
663597
663598
663599
663602
663607
663608
663609
663610
663611
663614
663615
663684
663685
663686
663691
663692
663693
663694
663695
663696
663699
663704
663705
663706
663707
663708
663711
663712
663781
663782
663783
663788
663789
663790
663791
663792
663793
663796
663801
663802
663803
663804
663805
663808
663809
663878
663879
663880
663885
663886
663887
663888
663889
663890
663893
663898
663899
663900
663901
663902
663905
663906
663975
663976
663977
663982
663983
663984
663985
663986
663987
663990
663995
663996
663997
663998
663999
664002
664003
664072
664073
664074
664079
664080
664081
664082
664083
664084
664087
664092
664093
664094
664095
664096
664099
664100
664169
664170
664171
664176
664177
664178
664179
664180
664181
664184
664189
664190
664191
664192
664193
664196
664197
664266
664267
664268
664273
664274
664275
664276
664277
664278
664281
664286
664287
664288
664289
664290
664293
664294
664363
664364
664365
664370
664371
664372
664373
664374
664375
664378
664383
664384
664385
664386
664387
664390
664391
664460
664461
664462
664467
664468
664469
664470
664471
664472
664475
664480
664481
664482
664483
664484
664487
664488
664557
664558
664559
664564
664565
664566
664567
664568
664569
664572
664577
664578
664579
664580
664581
664584
664585
664654
664655
664656
664661
664662
664663
664664
664665
664666
664669
664674
664675
664676
664677
664678
664681
664682
664751
664752
664753
664758
664759
664760
664761
664762
664763
664766
664771
664772
664773
664774
664775
664778
664779
664848
664849
664850
664855
664856
664857
664858
664859
664860
664863
664868
664869
664870
664871
664872
664875
664876
664945
664946
664947
664952
664953
664954
664955
664956
664957
664960
664965
664966
664967
664968
664969
664972
664973
665042
665043
665044
665049
665050
665051
665052
665053
665054
665057
665062
665063
665064
665065
665066
665069
665070
665139
665140
665141
665146
665147
665148
665149
665150
665151
665154
665159
665160
665161
665162
665163
665166
665167
665236
665237
665238
665243
665244
665245
665246
665247
665248
665251
665256
665257
665258
665259
665260
665263
665264
665333
665334
665335
665340
665341
665342
665343
665344
665345
665348
665353
665354
665355
665356
665357
665360
665361
665430
665431
665432
665437
665438
665439
665440
665441
665442
665445
665450
665451
665452
665453
665454
665457
665458
665527
665528
665529
665534
665535
665536
665537
665538
665539
665542
665547
665548
665549
665550
665551
665554
665555
665624
665625
665626
665631
665632
665633
665634
665635
665636
665639
665644
665645
665646
665647
665648
665651
665652
665721
665722
665723
665728
665729
665730
665731
665732
665733
665736
665741
665742
665743
665744
665745
665748
665749
665818
665819
665820
665825
665826
665827
665828
665829
665830
665833
665838
665839
665840
665841
665842
665845
665846
665915
665916
665917
665922
665923
665924
665925
665926
665927
665930
665935
665936
665937
665938
665939
665942
665943
666012
666013
666014
666019
666020
666021
666022
666023
666024
666027
666032
666033
666034
666035
666036
666039
666040
666109
666110
666111
666116
666117
666118
666119
666120
666121
666124
666129
666130
666131
666132
666133
666136
666137
666206
666207
666208
666213
666214
666215
666216
666217
666218
666221
666226
666227
666228
666229
666230
666233
666234
666303
666304
666305
666310
666311
666312
666313
666314
666315
666318
666323
666324
666325
666326
666327
666330
666331
666400
666401
666402
666407
666408
666409
666410
666411
666412
666415
666420
666421
666422
666423
666424
666427
666428
666497
666498
666499
666504
666505
666506
666507
666508
666509
666512
666517
666518
666519
666520
666521
666524
666525
666594
666595
666596
666601
666602
666603
666604
666605
666606
666609
666614
666615
666616
666617
666618
666621
666622
666691
666692
666693
666698
666699
666700
666701
666702
666703
666706
666711
666712
666713
666714
666715
666718
666719
666788
666789
666790
666795
666796
666797
666798
666799
666800
666803
666808
666809
666810
666811
666812
666815
666816
666885
666886
666887
666892
666893
666894
666895
666896
666897
666900
666905
666906
666907
666908
666909
666912
666913
666982
666983
666984
666989
666990
666991
666992
666993
666994
666997
667002
667003
667004
667005
667006
667009
667010
667079
667080
667081
667086
667087
667088
667089
667090
667091
667094
667099
667100
667101
667102
667103
667106
667107
667176
667177
667178
667183
667184
667185
667186
667187
667188
667191
667196
667197
667198
667199
667200
667203
667204
667273
667274
667275
667280
667281
667282
667283
667284
667285
667288
667293
667294
667295
667296
667297
667300
667301
667370
667371
667372
667377
667378
667379
667380
667381
667382
667385
667390
667391
667392
667393
667394
667397
667398
667467
667468
667469
667474
667475
667476
667477
667478
667479
667482
667487
667488
667489
667490
667491
667494
667495
667564
667565
667566
667571
667572
667573
667574
667575
667576
667579
667584
667585
667586
667587
667588
667591
667592
667661
667662
667663
667668
667669
667670
667671
667672
667673
667676
667681
667682
667683
667684
667685
667688
667689
667758
667759
667760
667765
667766
667767
667768
667769
667770
667773
667778
667779
667780
667781
667782
667785
667786
667855
667856
667857
667862
667863
667864
667865
667866
667867
667870
667875
667876
667877
667878
667879
667882
667883
667952
667953
667954
667959
667960
667961
667962
667963
667964
667967
667972
667973
667974
667975
667976
667979
667980
668049
668050
668051
668056
668057
668058
668059
668060
668061
668064
668069
668070
668071
668072
668073
668076
668077
668146
668147
668148
668153
668154
668155
668156
668157
668158
668161
668166
668167
668168
668169
668170
668173
668174
668243
668244
668245
668250
668251
668252
668253
668254
668255
668258
668263
668264
668265
668266
668267
668270
668271
668340
668341
668342
668347
668348
668349
668350
668351
668352
668355
668360
668361
668362
668363
668364
668367
668368
668437
668438
668439
668444
668445
668446
668447
668448
668449
668452
668457
668458
668459
668460
668461
668464
668465
668534
668535
668536
668541
668542
668543
668544
668545
668546
668549
668554
668555
668556
668557
668558
668561
668562
668631
668632
668633
668638
668639
668640
668641
668642
668643
668646
668651
668652
668653
668654
668655
668658
668659
668728
668729
668730
668735
668736
668737
668738
668739
668740
668743
668748
668749
668750
668751
668752
668755
668756
668825
668826
668827
668832
668833
668834
668835
668836
668837
668840
668845
668846
668847
668848
668849
668852
668853
668922
668923
668924
668929
668930
668931
668932
668933
668934
668937
668942
668943
668944
668945
668946
668949
668950
669019
669020
669021
669026
669027
669028
669029
669030
669031
669034
669039
669040
669041
669042
669043
669046
669047
669116
669117
669118
669123
669124
669125
669126
669127
669128
669131
669136
669137
669138
669139
669140
669143
669144
669213
669214
669215
669220
669221
669222
669223
669224
669225
669228
669233
669234
669235
669236
669237
669240
669241
669310
669311
669312
669317
669318
669319
669320
669321
669322
669325
669330
669331
669332
669333
669334
669337
669338
669407
669408
669409
669414
669415
669416
669417
669418
669419
669422
669427
669428
669429
669430
669431
669434
669435
669504
669505
669506
669511
669512
669513
669514
669515
669516
669519
669524
669525
669526
669527
669528
669531
669532
669601
669602
669603
669608
669609
669610
669611
669612
669613
669616
669621
669622
669623
669624
669625
669628
669629
669698
669699
669700
669705
669706
669707
669708
669709
669710
669713
669718
669719
669720
669721
669722
669725
669726
669795
669796
669797
669802
669803
669804
669805
669806
669807
669810
669815
669816
669817
669818
669819
669822
669823
669892
669893
669894
669899
669900
669901
669902
669903
669904
669907
669912
669913
669914
669915
669916
669919
669920
669989
669990
669991
669996
669997
669998
669999
670000
670001
670004
670009
670010
670011
670012
670013
670016
670017
670086
670087
670088
670093
670094
670095
670096
670097
670098
670101
670106
670107
670108
670109
670110
670113
670114
670183
670184
670185
670190
670191
670192
670193
670194
670195
670198
670203
670204
670205
670206
670207
670210
670211
670280
670281
670282
670287
670288
670289
670290
670291
670292
670295
670300
670301
670302
670303
670304
670307
670308
670377
670378
670379
670384
670385
670386
670387
670388
670389
670392
670397
670398
670399
670400
670401
670404
670405
670474
670475
670476
670481
670482
670483
670484
670485
670486
670489
670494
670495
670496
670497
670498
670501
670502
670571
670572
670573
670578
670579
670580
670581
670582
670583
670586
670591
670592
670593
670594
670595
670598
670599
670668
670669
670670
670675
670676
670677
670678
670679
670680
670683
670688
670689
670690
670691
670692
670695
670696
670765
670766
670767
670772
670773
670774
670775
670776
670777
670780
670785
670786
670787
670788
670789
670792
670793
670862
670863
670864
670869
670870
670871
670872
670873
670874
670877
670882
670883
670884
670885
670886
670889
670890
670959
670960
670961
670966
670967
670968
670969
670970
670971
670974
670979
670980
670981
670982
670983
670986
670987
671056
671057
671058
671063
671064
671065
671066
671067
671068
671071
671076
671077
671078
671079
671080
671083
671084
671153
671154
671155
671160
671161
671162
671163
671164
671165
671168
671173
671174
671175
671176
671177
671180
671181
671250
671251
671252
671257
671258
671259
671260
671261
671262
671265
671270
671271
671272
671273
671274
671277
671278
671347
671348
671349
671354
671355
671356
671357
671358
671359
671362
671367
671368
671369
671370
671371
671374
671375
671444
671445
671446
671451
671452
671453
671454
671455
671456
671459
671464
671465
671466
671467
671468
671471
671472
671541
671542
671543
671548
671549
671550
671551
671552
671553
671556
671561
671562
671563
671564
671565
671568
671569
671638
671639
671640
671645
671646
671647
671648
671649
671650
671653
671658
671659
671660
671661
671662
671665
671666
671735
671736
671737
671742
671743
671744
671745
671746
671747
671750
671755
671756
671757
671758
671759
671762
671763
671832
671833
671834
671839
671840
671841
671842
671843
671844
671847
671852
671853
671854
671855
671856
671859
671860
671929
671930
671931
671936
671937
671938
671939
671940
671941
671944
671949
671950
671951
671952
671953
671956
671957
672026
672027
672028
672033
672034
672035
672036
672037
672038
672041
672046
672047
672048
672049
672050
672053
672054
672123
672124
672125
672130
672131
672132
672133
672134
672135
672138
672143
672144
672145
672146
672147
672150
672151
672220
672221
672222
672227
672228
672229
672230
672231
672232
672235
672240
672241
672242
672243
672244
672247
672248
672317
672318
672319
672324
672325
672326
672327
672328
672329
672332
672337
672338
672339
672340
672341
672344
672345
672414
672415
672416
672421
672422
672423
672424
672425
672426
672429
672434
672435
672436
672437
672438
672441
672442
672511
672512
672513
672518
672519
672520
672521
672522
672523
672526
672531
672532
672533
672534
672535
672538
672539
672608
672609
672610
672615
672616
672617
672618
672619
672620
672623
672628
672629
672630
672631
672632
672635
672636
672705
672706
672707
672712
672713
672714
672715
672716
672717
672720
672725
672726
672727
672728
672729
672732
672733
672802
672803
672804
672809
672810
672811
672812
672813
672814
672817
672822
672823
672824
672825
672826
672829
672830
672899
672900
672901
672906
672907
672908
672909
672910
672911
672914
672919
672920
672921
672922
672923
672926
672927
672996
672997
672998
673003
673004
673005
673006
673007
673008
673011
673016
673017
673018
673019
673020
673023
673024
673093
673094
673095
673100
673101
673102
673103
673104
673105
673108
673113
673114
673115
673116
673117
673120
673121
673190
673191
673192
673197
673198
673199
673200
673201
673202
673205
673210
673211
673212
673213
673214
673217
673218
673287
673288
673289
673294
673295
673296
673297
673298
673299
673302
673307
673308
673309
673310
673311
673314
673315
673384
673385
673386
673391
673392
673393
673394
673395
673396
673399
673404
673405
673406
673407
673408
673411
673412
673481
673482
673483
673488
673489
673490
673491
673492
673493
673496
673501
673502
673503
673504
673505
673508
673509
673578
673579
673580
673585
673586
673587
673588
673589
673590
673593
673598
673599
673600
673601
673602
673605
673606
673675
673676
673677
673682
673683
673684
673685
673686
673687
673690
673695
673696
673697
673698
673699
673702
673703
673772
673773
673774
673779
673780
673781
673782
673783
673784
673787
673792
673793
673794
673795
673796
673799
673800
673869
673870
673871
673876
673877
673878
673879
673880
673881
673884
673889
673890
673891
673892
673893
673896
673897
673966
673967
673968
673973
673974
673975
673976
673977
673978
673981
673986
673987
673988
673989
673990
673993
673994
674063
674064
674065
674070
674071
674072
674073
674074
674075
674078
674083
674084
674085
674086
674087
674090
674091
674160
674161
674162
674167
674168
674169
674170
674171
674172
674175
674180
674181
674182
674183
674184
674187
674188
674257
674258
674259
674264
674265
674266
674267
674268
674269
674272
674277
674278
674279
674280
674281
674284
674285
674354
674355
674356
674361
674362
674363
674364
674365
674366
674369
674374
674375
674376
674377
674378
674381
674382
674451
674452
674453
674458
674459
674460
674461
674462
674463
674466
674471
674472
674473
674474
674475
674478
674479
674548
674549
674550
674555
674556
674557
674558
674559
674560
674563
674568
674569
674570
674571
674572
674575
674576
674645
674646
674647
674652
674653
674654
674655
674656
674657
674660
674665
674666
674667
674668
674669
674672
674673
674742
674743
674744
674749
674750
674751
674752
674753
674754
674757
674762
674763
674764
674765
674766
674769
674770
674839
674840
674841
674846
674847
674848
674849
674850
674851
674854
674859
674860
674861
674862
674863
674866
674867
674936
674937
674938
674943
674944
674945
674946
674947
674948
674951
674956
674957
674958
674959
674960
674963
674964
675033
675034
675035
675040
675041
675042
675043
675044
675045
675048
675053
675054
675055
675056
675057
675060
675061
675130
675131
675132
675137
675138
675139
675140
675141
675142
675145
675150
675151
675152
675153
675154
675157
675158
675227
675228
675229
675234
675235
675236
675237
675238
675239
675242
675247
675248
675249
675250
675251
675254
675255
675324
675325
675326
675331
675332
675333
675334
675335
675336
675339
675344
675345
675346
675347
675348
675351
675352
675421
675422
675423
675428
675429
675430
675431
675432
675433
675436
675441
675442
675443
675444
675445
675448
675449
675518
675519
675520
675525
675526
675527
675528
675529
675530
675533
675538
675539
675540
675541
675542
675545
675546
675615
675616
675617
675622
675623
675624
675625
675626
675627
675630
675635
675636
675637
675638
675639
675642
675643
675712
675713
675714
675719
675720
675721
675722
675723
675724
675727
675732
675733
675734
675735
675736
675739
675740
675797
675798
675799
675800
675801
675804
675807
675808
677467
677468
677482
677483
677484
677485
677486
677487
677504
677519
677520
677524
677525
677526
677527
677541
677542
677543
677544
677545
677546
677547
677548
677549
677550
677551
677555
677648
677649
677664
677665
677666
677667
677668
677669
677688
677703
677704
677709
677710
677711
677712
677726
677727
677728
677729
677730
677731
677732
677733
677734
677735
677736
677737
677741
677838
677839
677854
677855
677856
677857
677858
677859
677878
677893
677894
677899
677900
677901
677902
677916
677917
677918
677919
677920
677921
677922
677923
677924
677925
677926
677927
677931
678028
678029
678044
678045
678046
678047
678048
678049
678068
678083
678084
678089
678090
678091
678092
678106
678107
678108
678109
678110
678111
678112
678113
678114
678115
678116
678117
678121
678218
678219
678234
678235
678236
678237
678238
678239
678258
678273
678274
678279
678280
678281
678282
678296
678297
678298
678299
678300
678301
678302
678303
678304
678305
678306
678307
678311
678408
678409
678424
678425
678426
678427
678428
678429
678448
678463
678464
678469
678470
678471
678472
678486
678487
678488
678489
678490
678491
678492
678493
678494
678495
678496
678497
678501
678598
678599
678614
678615
678616
678617
678618
678619
678638
678653
678654
678659
678660
678661
678662
678676
678677
678678
678679
678680
678681
678682
678683
678684
678685
678686
678687
678691
678788
678789
678804
678805
678806
678807
678808
678809
678828
678843
678844
678849
678850
678851
678852
678866
678867
678868
678869
678870
678871
678872
678873
678874
678875
678876
678877
678881
678978
678979
678994
678995
678996
678997
678998
678999
679018
679033
679034
679039
679040
679041
679042
679056
679057
679058
679059
679060
679061
679062
679063
679064
679065
679066
679067
679071
679168
679169
679184
679185
679186
679187
679188
679189
679208
679223
679224
679229
679230
679231
679232
679246
679247
679248
679249
679250
679251
679252
679253
679254
679255
679256
679257
679261
679358
679359
679374
679375
679376
679377
679378
679379
679398
679413
679414
679419
679420
679421
679422
679436
679437
679438
679439
679440
679441
679442
679443
679444
679445
679446
679447
679451
679548
679549
679564
679565
679566
679567
679568
679569
679588
679603
679604
679609
679610
679611
679612
679626
679627
679628
679629
679630
679631
679632
679633
679634
679635
679636
679637
679641
679738
679739
679754
679755
679756
679757
679758
679759
679778
679793
679794
679799
679800
679801
679802
679816
679817
679818
679819
679820
679821
679822
679823
679824
679825
679826
679827
679831
679928
679929
679944
679945
679946
679947
679948
679949
679968
679983
679984
679989
679990
679991
679992
680006
680007
680008
680009
680010
680011
680012
680013
680014
680015
680016
680017
680021
680118
680119
680134
680135
680136
680137
680138
680139
680158
680173
680174
680179
680180
680181
680182
680196
680197
680198
680199
680200
680201
680202
680203
680204
680205
680206
680207
680211
680308
680309
680324
680325
680326
680327
680328
680329
680348
680363
680364
680369
680370
680371
680372
680386
680387
680388
680389
680390
680391
680392
680393
680394
680395
680396
680397
680401
680498
680499
680514
680515
680516
680517
680518
680519
680538
680553
680554
680559
680560
680561
680562
680576
680577
680578
680579
680580
680581
680582
680583
680584
680585
680586
680587
680591
680688
680689
680704
680705
680706
680707
680708
680709
680728
680743
680744
680749
680750
680751
680752
680766
680767
680768
680769
680770
680771
680772
680773
680774
680775
680776
680777
680781
680878
680879
680894
680895
680896
680897
680898
680899
680918
680933
680934
680939
680940
680941
680942
680956
680957
680958
680959
680960
680961
680962
680963
680964
680965
680966
680967
680971
681068
681069
681084
681085
681086
681087
681088
681089
681108
681123
681124
681129
681130
681131
681132
681146
681147
681148
681149
681150
681151
681152
681153
681154
681155
681156
681157
681161
681258
681259
681274
681275
681276
681277
681278
681279
681298
681313
681314
681319
681320
681321
681322
681336
681337
681338
681339
681340
681341
681342
681343
681344
681345
681346
681347
681351
681448
681449
681464
681465
681466
681467
681468
681469
681488
681503
681504
681509
681510
681511
681512
681526
681527
681528
681529
681530
681531
681532
681533
681534
681535
681536
681537
681541
681638
681639
681654
681655
681656
681657
681658
681659
681678
681693
681694
681699
681700
681701
681702
681716
681717
681718
681719
681720
681721
681722
681723
681724
681725
681726
681727
681731
681828
681829
681844
681845
681846
681847
681848
681849
681868
681883
681884
681889
681890
681891
681892
681906
681907
681908
681909
681910
681911
681912
681913
681914
681915
681916
681917
681921
682018
682019
682034
682035
682036
682037
682038
682039
682058
682073
682074
682079
682080
682081
682082
682096
682097
682098
682099
682100
682101
682102
682103
682104
682105
682106
682107
682111
682208
682209
682224
682225
682226
682227
682228
682229
682248
682263
682264
682269
682270
682271
682272
682286
682287
682288
682289
682290
682291
682292
682293
682294
682295
682296
682297
682301
682398
682399
682414
682415
682416
682417
682418
682419
682438
682453
682454
682459
682460
682461
682462
682476
682477
682478
682479
682480
682481
682482
682483
682484
682485
682486
682487
682491
682588
682589
682604
682605
682606
682607
682608
682609
682628
682643
682644
682649
682650
682651
682652
682666
682667
682668
682669
682670
682671
682672
682673
682674
682675
682676
682677
682681
682778
682779
682794
682795
682796
682797
682798
682799
682818
682833
682834
682839
682840
682841
682842
682856
682857
682858
682859
682860
682861
682862
682863
682864
682865
682866
682867
682871
682968
682969
682984
682985
682986
682987
682988
682989
683008
683023
683024
683029
683030
683031
683032
683046
683047
683048
683049
683050
683051
683052
683053
683054
683055
683056
683057
683061
683158
683159
683174
683175
683176
683177
683178
683179
683198
683213
683214
683219
683220
683221
683222
683236
683237
683238
683239
683240
683241
683242
683243
683244
683245
683246
683247
683251
683348
683349
683364
683365
683366
683367
683368
683369
683388
683403
683404
683409
683410
683411
683412
683426
683427
683428
683429
683430
683431
683432
683433
683434
683435
683436
683437
683441
683538
683539
683554
683555
683556
683557
683558
683559
683578
683593
683594
683599
683600
683601
683602
683616
683617
683618
683619
683620
683621
683622
683623
683624
683625
683626
683627
683631
683728
683729
683744
683745
683746
683747
683748
683749
683768
683783
683784
683789
683790
683791
683792
683806
683807
683808
683809
683810
683811
683812
683813
683814
683815
683816
683817
683821
683918
683919
683934
683935
683936
683937
683938
683939
683958
683973
683974
683979
683980
683981
683982
683996
683997
683998
683999
684000
684001
684002
684003
684004
684005
684006
684007
684011
684108
684109
684124
684125
684126
684127
684128
684129
684148
684163
684164
684169
684170
684171
684172
684186
684187
684188
684189
684190
684191
684192
684193
684194
684195
684196
684197
684201
684298
684299
684314
684315
684316
684317
684318
684319
684338
684353
684354
684359
684360
684361
684362
684376
684377
684378
684379
684380
684381
684382
684383
684384
684385
684386
684387
684391
684488
684489
684504
684505
684506
684507
684508
684509
684528
684543
684544
684549
684550
684551
684552
684566
684567
684568
684569
684570
684571
684572
684573
684574
684575
684576
684577
684581
684678
684679
684694
684695
684696
684697
684698
684699
684718
684733
684734
684739
684740
684741
684742
684756
684757
684758
684759
684760
684761
684762
684763
684764
684765
684766
684767
684771
684868
684869
684884
684885
684886
684887
684888
684889
684908
684923
684924
684929
684930
684931
684932
684946
684947
684948
684949
684950
684951
684952
684953
684954
684955
684956
684957
684961
685058
685059
685074
685075
685076
685077
685078
685079
685098
685113
685114
685119
685120
685121
685122
685136
685137
685138
685139
685140
685141
685142
685143
685144
685145
685146
685147
685151
685248
685249
685264
685265
685266
685267
685268
685269
685288
685303
685304
685309
685310
685311
685312
685326
685327
685328
685329
685330
685331
685332
685333
685334
685335
685336
685337
685341
685438
685439
685454
685455
685456
685457
685458
685459
685478
685493
685494
685499
685500
685501
685502
685516
685517
685518
685519
685520
685521
685522
685523
685524
685525
685526
685527
685531
685628
685629
685644
685645
685646
685647
685648
685649
685668
685683
685684
685689
685690
685691
685692
685706
685707
685708
685709
685710
685711
685712
685713
685714
685715
685716
685717
685721
685818
685819
685834
685835
685836
685837
685838
685839
685858
685873
685874
685879
685880
685881
685882
685896
685897
685898
685899
685900
685901
685902
685903
685904
685905
685906
685907
685911
686008
686009
686024
686025
686026
686027
686028
686029
686048
686063
686064
686069
686070
686071
686072
686086
686087
686088
686089
686090
686091
686092
686093
686094
686095
686096
686097
686101
686198
686199
686214
686215
686216
686217
686218
686219
686238
686253
686254
686259
686260
686261
686262
686276
686277
686278
686279
686280
686281
686282
686283
686284
686285
686286
686287
686291
686388
686389
686404
686405
686406
686407
686408
686409
686428
686443
686444
686449
686450
686451
686452
686466
686467
686468
686469
686470
686471
686472
686473
686474
686475
686476
686477
686481
686578
686579
686594
686595
686596
686597
686598
686599
686618
686633
686634
686639
686640
686641
686642
686656
686657
686658
686659
686660
686661
686662
686663
686664
686665
686666
686667
686671
686768
686769
686784
686785
686786
686787
686788
686789
686808
686823
686824
686829
686830
686831
686832
686846
686847
686848
686849
686850
686851
686852
686853
686854
686855
686856
686857
686861
686958
686959
686974
686975
686976
686977
686978
686979
686998
687013
687014
687019
687020
687021
687022
687036
687037
687038
687039
687040
687041
687042
687043
687044
687045
687046
687047
687051
687148
687149
687164
687165
687166
687167
687168
687169
687188
687203
687204
687209
687210
687211
687212
687226
687227
687228
687229
687230
687231
687232
687233
687234
687235
687236
687237
687241
687338
687339
687354
687355
687356
687357
687358
687359
687378
687393
687394
687399
687400
687401
687402
687416
687417
687418
687419
687420
687421
687422
687423
687424
687425
687426
687427
687431
687528
687529
687544
687545
687546
687547
687548
687549
687568
687583
687584
687589
687590
687591
687592
687606
687607
687608
687609
687610
687611
687612
687613
687614
687615
687616
687617
687621
687718
687719
687734
687735
687736
687737
687738
687739
687758
687773
687774
687779
687780
687781
687782
687796
687797
687798
687799
687800
687801
687802
687803
687804
687805
687806
687807
687811
687908
687909
687924
687925
687926
687927
687928
687929
687948
687963
687964
687969
687970
687971
687972
687986
687987
687988
687989
687990
687991
687992
687993
687994
687995
687996
687997
688001
688098
688099
688114
688115
688116
688117
688118
688119
688138
688153
688154
688159
688160
688161
688162
688176
688177
688178
688179
688180
688181
688182
688183
688184
688185
688186
688187
688191
688288
688289
688304
688305
688306
688307
688308
688309
688328
688343
688344
688349
688350
688351
688352
688366
688367
688368
688369
688370
688371
688372
688373
688374
688375
688376
688377
688381
688478
688479
688494
688495
688496
688497
688498
688499
688518
688533
688534
688539
688540
688541
688542
688556
688557
688558
688559
688560
688561
688562
688563
688564
688565
688566
688567
688571
688668
688669
688684
688685
688686
688687
688688
688689
688708
688723
688724
688729
688730
688731
688732
688746
688747
688748
688749
688750
688751
688752
688753
688754
688755
688756
688757
688761
688858
688859
688874
688875
688876
688877
688878
688879
688898
688913
688914
688919
688920
688921
688922
688936
688937
688938
688939
688940
688941
688942
688943
688944
688945
688946
688947
688951
689048
689049
689064
689065
689066
689067
689068
689069
689088
689103
689104
689109
689110
689111
689112
689126
689127
689128
689129
689130
689131
689132
689133
689134
689135
689136
689137
689141
689238
689239
689254
689255
689256
689257
689258
689259
689278
689293
689294
689299
689300
689301
689302
689316
689317
689318
689319
689320
689321
689322
689323
689324
689325
689326
689327
689331
689428
689429
689444
689445
689446
689447
689448
689449
689468
689483
689484
689489
689490
689491
689492
689506
689507
689508
689509
689510
689511
689512
689513
689514
689515
689516
689517
689521
689618
689619
689634
689635
689636
689637
689638
689639
689658
689673
689674
689679
689680
689681
689682
689696
689697
689698
689699
689700
689701
689702
689703
689704
689705
689706
689707
689711
689808
689809
689824
689825
689826
689827
689828
689829
689848
689863
689864
689869
689870
689871
689872
689886
689887
689888
689889
689890
689891
689892
689893
689894
689895
689896
689897
689901
689998
689999
690014
690015
690016
690017
690018
690019
690038
690053
690054
690059
690060
690061
690062
690076
690077
690078
690079
690080
690081
690082
690083
690084
690085
690086
690087
690091
690188
690189
690204
690205
690206
690207
690208
690209
690228
690243
690244
690249
690250
690251
690252
690266
690267
690268
690269
690270
690271
690272
690273
690274
690275
690276
690277
690281
690378
690379
690394
690395
690396
690397
690398
690399
690418
690433
690434
690439
690440
690441
690442
690456
690457
690458
690459
690460
690461
690462
690463
690464
690465
690466
690467
690471
690568
690569
690584
690585
690586
690587
690588
690589
690608
690623
690624
690629
690630
690631
690632
690646
690647
690648
690649
690650
690651
690652
690653
690654
690655
690656
690657
690661
690758
690759
690774
690775
690776
690777
690778
690779
690798
690813
690814
690819
690820
690821
690822
690836
690837
690838
690839
690840
690841
690842
690843
690844
690845
690846
690847
690851
690948
690949
690964
690965
690966
690967
690968
690969
690988
691003
691004
691009
691010
691011
691012
691026
691027
691028
691029
691030
691031
691032
691033
691034
691035
691036
691037
691041
691138
691139
691154
691155
691156
691157
691158
691159
691178
691193
691194
691199
691200
691201
691202
691216
691217
691218
691219
691220
691221
691222
691223
691224
691225
691226
691227
691231
691328
691329
691344
691345
691346
691347
691348
691349
691368
691383
691384
691389
691390
691391
691392
691406
691407
691408
691409
691410
691411
691412
691413
691414
691415
691416
691417
691421
691518
691519
691534
691535
691536
691537
691538
691539
691558
691573
691574
691579
691580
691581
691582
691596
691597
691598
691599
691600
691601
691602
691603
691604
691605
691606
691607
691611
691708
691709
691724
691725
691726
691727
691728
691729
691748
691763
691764
691769
691770
691771
691772
691786
691787
691788
691789
691790
691791
691792
691793
691794
691795
691796
691797
691801
691898
691899
691914
691915
691916
691917
691918
691919
691938
691953
691954
691959
691960
691961
691962
691976
691977
691978
691979
691980
691981
691982
691983
691984
691985
691986
691987
691991
692088
692089
692104
692105
692106
692107
692108
692109
692128
692143
692144
692149
692150
692151
692152
692166
692167
692168
692169
692170
692171
692172
692173
692174
692175
692176
692177
692181
692278
692279
692294
692295
692296
692297
692298
692299
692318
692333
692334
692339
692340
692341
692342
692356
692357
692358
692359
692360
692361
692362
692363
692364
692365
692366
692367
692371
692468
692469
692484
692485
692486
692487
692488
692489
692508
692523
692524
692529
692530
692531
692532
692546
692547
692548
692549
692550
692551
692552
692553
692554
692555
692556
692557
692561
692658
692659
692674
692675
692676
692677
692678
692679
692698
692713
692714
692719
692720
692721
692722
692736
692737
692738
692739
692740
692741
692742
692743
692744
692745
692746
692747
692751
692848
692849
692864
692865
692866
692867
692868
692869
692888
692903
692904
692909
692910
692911
692912
692926
692927
692928
692929
692930
692931
692932
692933
692934
692935
692936
692937
692941
693038
693039
693054
693055
693056
693057
693058
693059
693078
693093
693094
693099
693100
693101
693102
693116
693117
693118
693119
693120
693121
693122
693123
693124
693125
693126
693127
693131
693228
693229
693244
693245
693246
693247
693248
693249
693268
693283
693284
693289
693290
693291
693292
693306
693307
693308
693309
693310
693311
693312
693313
693314
693315
693316
693317
693321
693418
693419
693434
693435
693436
693437
693438
693439
693458
693473
693474
693479
693480
693481
693482
693496
693497
693498
693499
693500
693501
693502
693503
693504
693505
693506
693507
693511
693608
693609
693624
693625
693626
693627
693628
693629
693648
693663
693664
693669
693670
693671
693672
693686
693687
693688
693689
693690
693691
693692
693693
693694
693695
693696
693697
693701
693798
693799
693814
693815
693816
693817
693818
693819
693838
693853
693854
693859
693860
693861
693862
693876
693877
693878
693879
693880
693881
693882
693883
693884
693885
693886
693887
693891
693988
693989
694004
694005
694006
694007
694008
694009
694028
694043
694044
694049
694050
694051
694052
694066
694067
694068
694069
694070
694071
694072
694073
694074
694075
694076
694077
694081
694178
694179
694194
694195
694196
694197
694198
694199
694218
694233
694234
694239
694240
694241
694242
694256
694257
694258
694259
694260
694261
694262
694263
694264
694265
694266
694267
694271
694368
694369
694384
694385
694386
694387
694388
694389
694408
694423
694424
694429
694430
694431
694432
694446
694447
694448
694449
694450
694451
694452
694453
694454
694455
694456
694457
694461
694558
694559
694574
694575
694576
694577
694578
694579
694598
694613
694614
694619
694620
694621
694622
694636
694637
694638
694639
694640
694641
694642
694643
694644
694645
694646
694647
694651
694748
694749
694764
694765
694766
694767
694768
694769
694788
694803
694804
694809
694810
694811
694812
694826
694827
694828
694829
694830
694831
694832
694833
694834
694835
694836
694837
694841
694938
694939
694954
694955
694956
694957
694958
694959
694978
694993
694994
694999
695000
695001
695002
695016
695017
695018
695019
695020
695021
695022
695023
695024
695025
695026
695027
695031
695128
695129
695144
695145
695146
695147
695148
695149
695168
695183
695184
695189
695190
695191
695192
695206
695207
695208
695209
695210
695211
695212
695213
695214
695215
695216
695217
695221
695318
695319
695334
695335
695336
695337
695338
695339
695358
695373
695374
695379
695380
695381
695382
695396
695397
695398
695399
695400
695401
695402
695403
695404
695405
695406
695407
695411
695508
695509
695524
695525
695526
695527
695528
695529
695548
695563
695564
695569
695570
695571
695572
695586
695587
695588
695589
695590
695591
695592
695593
695594
695595
695596
695597
695601
695698
695699
695714
695715
695716
695717
695718
695719
695738
695753
695754
695759
695760
695761
695762
695776
695777
695778
695779
695780
695781
695782
695783
695784
695785
695786
695787
695791
695888
695889
695904
695905
695906
695907
695908
695909
695928
695943
695944
695949
695950
695951
695952
695966
695967
695968
695969
695970
695971
695972
695973
695974
695975
695976
695977
695981
696078
696079
696094
696095
696096
696097
696098
696099
696118
696133
696134
696139
696140
696141
696142
696156
696157
696158
696159
696160
696161
696162
696163
696164
696165
696166
696167
696171
696268
696269
696284
696285
696286
696287
696288
696289
696308
696323
696324
696329
696330
696331
696332
696346
696347
696348
696349
696350
696351
696352
696353
696354
696355
696356
696357
696361
696458
696459
696474
696475
696476
696477
696478
696479
696498
696513
696514
696519
696520
696521
696522
696536
696537
696538
696539
696540
696541
696542
696543
696544
696545
696546
696547
696551
696648
696649
696664
696665
696666
696667
696668
696669
696688
696703
696704
696709
696710
696711
696712
696726
696727
696728
696729
696730
696731
696732
696733
696734
696735
696736
696737
696741
696838
696839
696854
696855
696856
696857
696858
696859
696878
696893
696894
696899
696900
696901
696902
696916
696917
696918
696919
696920
696921
696922
696923
696924
696925
696926
696927
696931
697028
697029
697044
697045
697046
697047
697048
697049
697068
697083
697084
697089
697090
697091
697092
697106
697107
697108
697109
697110
697111
697112
697113
697114
697115
697116
697117
697121
697218
697219
697234
697235
697236
697237
697238
697239
697258
697273
697274
697279
697280
697281
697282
697296
697297
697298
697299
697300
697301
697302
697303
697304
697305
697306
697307
697311
697408
697409
697424
697425
697426
697427
697428
697429
697448
697463
697464
697469
697470
697471
697472
697486
697487
697488
697489
697490
697491
697492
697493
697494
697495
697496
697497
697501
697598
697599
697614
697615
697616
697617
697618
697619
697638
697653
697654
697659
697660
697661
697662
697676
697677
697678
697679
697680
697681
697682
697683
697684
697685
697686
697687
697691
697788
697789
697804
697805
697806
697807
697808
697809
697828
697843
697844
697849
697850
697851
697852
697866
697867
697868
697869
697870
697871
697872
697873
697874
697875
697876
697877
697881
697978
697979
697994
697995
697996
697997
697998
697999
698018
698033
698034
698039
698040
698041
698042
698056
698057
698058
698059
698060
698061
698062
698063
698064
698065
698066
698067
698071
698168
698169
698184
698185
698186
698187
698188
698189
698208
698223
698224
698229
698230
698231
698232
698246
698247
698248
698249
698250
698251
698252
698253
698254
698255
698256
698257
698261
698358
698359
698374
698375
698376
698377
698378
698379
698398
698413
698414
698419
698420
698421
698422
698436
698437
698438
698439
698440
698441
698442
698443
698444
698445
698446
698447
698451
698548
698549
698564
698565
698566
698567
698568
698569
698588
698603
698604
698609
698610
698611
698612
698626
698627
698628
698629
698630
698631
698632
698633
698634
698635
698636
698637
698641
698738
698739
698754
698755
698756
698757
698758
698759
698778
698793
698794
698799
698800
698801
698802
698816
698817
698818
698819
698820
698821
698822
698823
698824
698825
698826
698827
698831
698928
698929
698944
698945
698946
698947
698948
698949
698968
698983
698984
698989
698990
698991
698992
699006
699007
699008
699009
699010
699011
699012
699013
699014
699015
699016
699017
699021
699118
699119
699134
699135
699136
699137
699138
699139
699158
699173
699174
699179
699180
699181
699182
699196
699197
699198
699199
699200
699201
699202
699203
699204
699205
699206
699207
699211
699308
699309
699324
699325
699326
699327
699328
699329
699348
699363
699364
699369
699370
699371
699372
699386
699387
699388
699389
699390
699391
699392
699393
699394
699395
699396
699397
699401
699498
699499
699514
699515
699516
699517
699518
699519
699538
699553
699554
699559
699560
699561
699562
699576
699577
699578
699579
699580
699581
699582
699583
699584
699585
699586
699587
699591
699688
699689
699704
699705
699706
699707
699708
699709
699728
699743
699744
699749
699750
699751
699752
699766
699767
699768
699769
699770
699771
699772
699773
699774
699775
699776
699777
699781
699878
699879
699894
699895
699896
699897
699898
699899
699918
699933
699934
699939
699940
699941
699942
699956
699957
699958
699959
699960
699961
699962
699963
699964
699965
699966
699967
699971
700068
700069
700084
700085
700086
700087
700088
700089
700108
700123
700124
700129
700130
700131
700132
700146
700147
700148
700149
700150
700151
700152
700153
700154
700155
700156
700157
700161
700258
700259
700274
700275
700276
700277
700278
700279
700298
700313
700314
700319
700320
700321
700322
700336
700337
700338
700339
700340
700341
700342
700343
700344
700345
700346
700347
700351
700448
700449
700464
700465
700466
700467
700468
700469
700488
700503
700504
700509
700510
700511
700512
700526
700527
700528
700529
700530
700531
700532
700533
700534
700535
700536
700537
700541
700638
700639
700654
700655
700656
700657
700658
700659
700678
700693
700694
700699
700700
700701
700702
700716
700717
700718
700719
700720
700721
700722
700723
700724
700725
700726
700727
700731
700828
700829
700844
700845
700846
700847
700848
700849
700868
700883
700884
700889
700890
700891
700892
700906
700907
700908
700909
700910
700911
700912
700913
700914
700915
700916
700917
700921
701018
701019
701034
701035
701036
701037
701038
701039
701058
701073
701074
701079
701080
701081
701082
701096
701097
701098
701099
701100
701101
701102
701103
701104
701105
701106
701107
701111
701208
701209
701224
701225
701226
701227
701228
701229
701248
701263
701264
701269
701270
701271
701272
701286
701287
701288
701289
701290
701291
701292
701293
701294
701295
701296
701297
701301
701398
701399
701414
701415
701416
701417
701418
701419
701438
701453
701454
701459
701460
701461
701462
701476
701477
701478
701479
701480
701481
701482
701483
701484
701485
701486
701487
701491
701588
701589
701604
701605
701606
701607
701608
701609
701628
701643
701644
701649
701650
701651
701652
701666
701667
701668
701669
701670
701671
701672
701673
701674
701675
701676
701677
701681
701778
701779
701794
701795
701796
701797
701798
701799
701818
701833
701834
701839
701840
701841
701842
701856
701857
701858
701859
701860
701861
701862
701863
701864
701865
701866
701867
701871
701968
701969
701984
701985
701986
701987
701988
701989
702008
702023
702024
702029
702030
702031
702032
702046
702047
702048
702049
702050
702051
702052
702053
702054
702055
702056
702057
702061
702158
702159
702174
702175
702176
702177
702178
702179
702198
702213
702214
702219
702220
702221
702222
702236
702237
702238
702239
702240
702241
702242
702243
702244
702245
702246
702247
702251
702348
702349
702364
702365
702366
702367
702368
702369
702388
702403
702404
702409
702410
702411
702412
702426
702427
702428
702429
702430
702431
702432
702433
702434
702435
702436
702437
702441
702538
702539
702554
702555
702556
702557
702558
702559
702578
702593
702594
702599
702600
702601
702602
702616
702617
702618
702619
702620
702621
702622
702623
702624
702625
702626
702627
702631
702728
702729
702744
702745
702746
702747
702748
702749
702768
702783
702784
702789
702790
702791
702792
702806
702807
702808
702809
702810
702811
702812
702813
702814
702815
702816
702817
702821
702918
702919
702934
702935
702936
702937
702938
702939
702958
702973
702974
702979
702980
702981
702982
702996
702997
702998
702999
703000
703001
703002
703003
703004
703005
703006
703007
703011
703108
703109
703124
703125
703126
703127
703128
703129
703148
703163
703164
703169
703170
703171
703172
703186
703187
703188
703189
703190
703191
703192
703193
703194
703195
703196
703197
703201
703298
703299
703314
703315
703316
703317
703318
703319
703338
703353
703354
703359
703360
703361
703362
703376
703377
703378
703379
703380
703381
703382
703383
703384
703385
703386
703387
703391
703488
703489
703504
703505
703506
703507
703508
703509
703528
703543
703544
703549
703550
703551
703552
703566
703567
703568
703569
703570
703571
703572
703573
703574
703575
703576
703577
703581
703678
703679
703694
703695
703696
703697
703698
703699
703718
703733
703734
703739
703740
703741
703742
703756
703757
703758
703759
703760
703761
703762
703763
703764
703765
703766
703767
703771
703868
703869
703884
703885
703886
703887
703888
703889
703908
703923
703924
703929
703930
703931
703932
703946
703947
703948
703949
703950
703951
703952
703953
703954
703955
703956
703957
703961
704058
704059
704074
704075
704076
704077
704078
704079
704098
704113
704114
704119
704120
704121
704122
704136
704137
704138
704139
704140
704141
704142
704143
704144
704145
704146
704147
704151
704248
704249
704264
704265
704266
704267
704268
704269
704288
704303
704304
704309
704310
704311
704312
704326
704327
704328
704329
704330
704331
704332
704333
704334
704335
704336
704337
704341
704438
704439
704454
704455
704456
704457
704458
704459
704478
704493
704494
704499
704500
704501
704502
704516
704517
704518
704519
704520
704521
704522
704523
704524
704525
704526
704527
704531
704628
704629
704644
704645
704646
704647
704648
704649
704668
704683
704684
704689
704690
704691
704692
704706
704707
704708
704709
704710
704711
704712
704713
704714
704715
704716
704717
704721
704818
704819
704834
704835
704836
704837
704838
704839
704858
704873
704874
704879
704880
704881
704882
704896
704897
704898
704899
704900
704901
704902
704903
704904
704905
704906
704907
704911
705008
705009
705024
705025
705026
705027
705028
705029
705048
705063
705064
705069
705070
705071
705072
705086
705087
705088
705089
705090
705091
705092
705093
705094
705095
705096
705097
705101
705198
705199
705214
705215
705216
705217
705218
705219
705238
705253
705254
705259
705260
705261
705262
705276
705277
705278
705279
705280
705281
705282
705283
705284
705285
705286
705287
705291
705388
705389
705404
705405
705406
705407
705408
705409
705428
705443
705444
705449
705450
705451
705452
705466
705467
705468
705469
705470
705471
705472
705473
705474
705475
705476
705477
705481
705578
705579
705594
705595
705596
705597
705598
705599
705618
705633
705634
705639
705640
705641
705642
705656
705657
705658
705659
705660
705661
705662
705663
705664
705665
705666
705667
705671
705768
705769
705784
705785
705786
705787
705788
705789
705808
705823
705824
705829
705830
705831
705832
705846
705847
705848
705849
705850
705851
705852
705853
705854
705855
705856
705857
705861
705958
705959
705974
705975
705976
705977
705978
705979
705998
706013
706014
706019
706020
706021
706022
706036
706037
706038
706039
706040
706041
706042
706043
706044
706045
706046
706047
706051
706148
706149
706164
706165
706166
706167
706168
706169
706188
706203
706204
706209
706210
706211
706212
706226
706227
706228
706229
706230
706231
706232
706233
706234
706235
706236
706237
706241
706338
706339
706354
706355
706356
706357
706358
706359
706378
706393
706394
706399
706400
706401
706402
706416
706417
706418
706419
706420
706421
706422
706423
706424
706425
706426
706427
706431
706528
706529
706544
706545
706546
706547
706548
706549
706568
706583
706584
706589
706590
706591
706592
706606
706607
706608
706609
706610
706611
706612
706613
706614
706615
706616
706617
706621
706718
706719
706734
706735
706736
706737
706738
706739
706758
706773
706774
706779
706780
706781
706782
706796
706797
706798
706799
706800
706801
706802
706803
706804
706805
706806
706807
706811
706908
706909
706924
706925
706926
706927
706928
706929
706948
706963
706964
706969
706970
706971
706972
706986
706987
706988
706989
706990
706991
706992
706993
706994
706995
706996
706997
707001
707098
707099
707114
707115
707116
707117
707118
707119
707138
707153
707154
707159
707160
707161
707162
707176
707177
707178
707179
707180
707181
707182
707183
707184
707185
707186
707187
707191
707288
707289
707304
707305
707306
707307
707308
707309
707328
707343
707344
707349
707350
707351
707352
707366
707367
707368
707369
707370
707371
707372
707373
707374
707375
707376
707377
707381
707478
707479
707494
707495
707496
707497
707498
707499
707518
707533
707534
707539
707540
707541
707542
707556
707557
707558
707559
707560
707561
707562
707563
707564
707565
707566
707567
707571
707668
707669
707684
707685
707686
707687
707688
707689
707708
707723
707724
707729
707730
707731
707732
707746
707747
707748
707749
707750
707751
707752
707753
707754
707755
707756
707757
707761
707858
707859
707874
707875
707876
707877
707878
707879
707898
707913
707914
707919
707920
707921
707922
707936
707937
707938
707939
707940
707941
707942
707943
707944
707945
707946
707947
707951
708048
708049
708064
708065
708066
708067
708068
708069
708088
708103
708104
708109
708110
708111
708112
708126
708127
708128
708129
708130
708131
708132
708133
708134
708135
708136
708137
708141
708238
708239
708254
708255
708256
708257
708258
708259
708278
708293
708294
708299
708300
708301
708302
708316
708317
708318
708319
708320
708321
708322
708323
708324
708325
708326
708327
708331
708428
708429
708444
708445
708446
708447
708448
708449
708468
708483
708484
708489
708490
708491
708492
708506
708507
708508
708509
708510
708511
708512
708513
708514
708515
708516
708517
708521
708618
708619
708634
708635
708636
708637
708638
708639
708658
708673
708674
708679
708680
708681
708682
708696
708697
708698
708699
708700
708701
708702
708703
708704
708705
708706
708707
708711
708808
708809
708824
708825
708826
708827
708828
708829
708848
708863
708864
708869
708870
708871
708872
708886
708887
708888
708889
708890
708891
708892
708893
708894
708895
708896
708897
708901
708998
708999
709014
709015
709016
709017
709018
709019
709038
709053
709054
709059
709060
709061
709062
709076
709077
709078
709079
709080
709081
709082
709083
709084
709085
709086
709087
709091
709188
709189
709204
709205
709206
709207
709208
709209
709228
709243
709244
709249
709250
709251
709252
709266
709267
709268
709269
709270
709271
709272
709273
709274
709275
709276
709277
709281
709378
709379
709394
709395
709396
709397
709398
709399
709418
709433
709434
709439
709440
709441
709442
709456
709457
709458
709459
709460
709461
709462
709463
709464
709465
709466
709467
709471
709568
709569
709584
709585
709586
709587
709588
709589
709608
709623
709624
709629
709630
709631
709632
709646
709647
709648
709649
709650
709651
709652
709653
709654
709655
709656
709657
709661
709758
709759
709774
709775
709776
709777
709778
709779
709798
709813
709814
709819
709820
709821
709822
709836
709837
709838
709839
709840
709841
709842
709843
709844
709845
709846
709847
709851
709948
709949
709964
709965
709966
709967
709968
709969
709988
710003
710004
710009
710010
710011
710012
710026
710027
710028
710029
710030
710031
710032
710033
710034
710035
710036
710037
710041
710138
710139
710154
710155
710156
710157
710158
710159
710178
710193
710194
710199
710200
710201
710202
710216
710217
710218
710219
710220
710221
710222
710223
710224
710225
710226
710227
710231
710328
710329
710344
710345
710346
710347
710348
710349
710368
710383
710384
710389
710390
710391
710392
710406
710407
710408
710409
710410
710411
710412
710413
710414
710415
710416
710417
710421
710518
710519
710534
710535
710536
710537
710538
710539
710558
710573
710574
710579
710580
710581
710582
710596
710597
710598
710599
710600
710601
710602
710603
710604
710605
710606
710607
710611
710708
710709
710724
710725
710726
710727
710728
710729
710748
710763
710764
710769
710770
710771
710772
710786
710787
710788
710789
710790
710791
710792
710793
710794
710795
710796
710797
710801
710898
710899
710914
710915
710916
710917
710918
710919
710938
710953
710954
710959
710960
710961
710962
710976
710977
710978
710979
710980
710981
710982
710983
710984
710985
710986
710987
710991
711088
711089
711104
711105
711106
711107
711108
711109
711128
711143
711144
711149
711150
711151
711152
711166
711167
711168
711169
711170
711171
711172
711173
711174
711175
711176
711177
711181
711278
711279
711294
711295
711296
711297
711298
711299
711318
711333
711334
711339
711340
711341
711342
711356
711357
711358
711359
711360
711361
711362
711363
711364
711365
711366
711367
711371
711468
711469
711484
711485
711486
711487
711488
711489
711508
711523
711524
711529
711530
711531
711532
711546
711547
711548
711549
711550
711551
711552
711553
711554
711555
711556
711557
711561
711658
711659
711674
711675
711676
711677
711678
711679
711698
711713
711714
711719
711720
711721
711722
711736
711737
711738
711739
711740
711741
711742
711743
711744
711745
711746
711747
711751
711848
711849
711864
711865
711866
711867
711868
711869
711888
711903
711904
711909
711910
711911
711912
711926
711927
711928
711929
711930
711931
711932
711933
711934
711935
711936
711937
711941
712038
712039
712054
712055
712056
712057
712058
712059
712078
712093
712094
712099
712100
712101
712102
712116
712117
712118
712119
712120
712121
712122
712123
712124
712125
712126
712127
712131
712228
712229
712244
712245
712246
712247
712248
712249
712268
712283
712284
712289
712290
712291
712292
712306
712307
712308
712309
712310
712311
712312
712313
712314
712315
712316
712317
712321
712418
712419
712434
712435
712436
712437
712438
712439
712458
712473
712474
712479
712480
712481
712482
712496
712497
712498
712499
712500
712501
712502
712503
712504
712505
712506
712507
712511
712608
712609
712624
712625
712626
712627
712628
712629
712648
712663
712664
712669
712670
712671
712672
712686
712687
712688
712689
712690
712691
712692
712693
712694
712695
712696
712697
712701
712798
712799
712814
712815
712816
712817
712818
712819
712838
712853
712854
712859
712860
712861
712862
712876
712877
712878
712879
712880
712881
712882
712883
712884
712885
712886
712887
712891
712988
712989
713004
713005
713006
713007
713008
713009
713028
713043
713044
713049
713050
713051
713052
713066
713067
713068
713069
713070
713071
713072
713073
713074
713075
713076
713077
713081
713178
713179
713194
713195
713196
713197
713198
713199
713218
713233
713234
713239
713240
713241
713242
713256
713257
713258
713259
713260
713261
713262
713263
713264
713265
713266
713267
713271
713368
713369
713384
713385
713386
713387
713388
713389
713408
713423
713424
713429
713430
713431
713432
713446
713447
713448
713449
713450
713451
713452
713453
713454
713455
713456
713457
713461
713558
713559
713574
713575
713576
713577
713578
713579
713598
713613
713614
713619
713620
713621
713622
713636
713637
713638
713639
713640
713641
713642
713643
713644
713645
713646
713647
713651
713748
713749
713764
713765
713766
713767
713768
713769
713788
713803
713804
713809
713810
713811
713812
713826
713827
713828
713829
713830
713831
713832
713833
713834
713835
713836
713837
713841
713938
713939
713954
713955
713956
713957
713958
713959
713978
713993
713994
713999
714000
714001
714002
714016
714017
714018
714019
714020
714021
714022
714023
714024
714025
714026
714027
714031
714128
714129
714144
714145
714146
714147
714148
714149
714168
714183
714184
714189
714190
714191
714192
714206
714207
714208
714209
714210
714211
714212
714213
714214
714215
714216
714217
714221
714318
714319
714334
714335
714336
714337
714338
714339
714358
714373
714374
714379
714380
714381
714382
714396
714397
714398
714399
714400
714401
714402
714403
714404
714405
714406
714407
714411
714508
714509
714524
714525
714526
714527
714528
714529
714548
714563
714564
714569
714570
714571
714572
714586
714587
714588
714589
714590
714591
714592
714593
714594
714595
714596
714597
714601
714698
714699
714714
714715
714716
714717
714718
714719
714738
714753
714754
714759
714760
714761
714762
714776
714777
714778
714779
714780
714781
714782
714783
714784
714785
714786
714787
714791
714888
714889
714904
714905
714906
714907
714908
714909
714928
714943
714944
714949
714950
714951
714952
714966
714967
714968
714969
714970
714971
714972
714973
714974
714975
714976
714977
714981
715078
715079
715094
715095
715096
715097
715098
715099
715118
715133
715134
715139
715140
715141
715142
715156
715157
715158
715159
715160
715161
715162
715163
715164
715165
715166
715167
715171
715256
715267
715268
715269
715270
715287
715296
715297
715302
715303
715304
715315
715316
715317
715318
715319
715320
715321
715322
715323
715324
715327
715410
715411
715412
715413
715415
715417
715419
715420
715421
715422
715423
715424
715425
715426
715427
715428
715431
715440
715441
715442
715443
715524
715525
715526
715527
715529
715531
715533
715534
715535
715536
715537
715538
715539
715540
715541
715542
715545
715554
715555
715556
715557
715638
715639
715640
715641
715643
715645
715647
715648
715649
715650
715651
715652
715653
715654
715655
715656
715659
715668
715669
715670
715671
715752
715753
715754
715755
715757
715759
715761
715762
715763
715764
715765
715766
715767
715768
715769
715770
715773
715782
715783
715784
715785
715866
715867
715868
715869
715871
715873
715875
715876
715877
715878
715879
715880
715881
715882
715883
715884
715887
715896
715897
715898
715899
715980
715981
715982
715983
715985
715987
715989
715990
715991
715992
715993
715994
715995
715996
715997
715998
716001
716010
716011
716012
716013
716094
716095
716096
716097
716099
716101
716103
716104
716105
716106
716107
716108
716109
716110
716111
716112
716115
716124
716125
716126
716127
716208
716209
716210
716211
716213
716215
716217
716218
716219
716220
716221
716222
716223
716224
716225
716226
716229
716238
716239
716240
716241
716322
716323
716324
716325
716327
716329
716331
716332
716333
716334
716335
716336
716337
716338
716339
716340
716343
716352
716353
716354
716355
716436
716437
716438
716439
716441
716443
716445
716446
716447
716448
716449
716450
716451
716452
716453
716454
716457
716466
716467
716468
716469
716550
716551
716552
716553
716555
716557
716559
716560
716561
716562
716563
716564
716565
716566
716567
716568
716571
716580
716581
716582
716583
716664
716665
716666
716667
716669
716671
716673
716674
716675
716676
716677
716678
716679
716680
716681
716682
716685
716694
716695
716696
716697
716778
716779
716780
716781
716783
716785
716787
716788
716789
716790
716791
716792
716793
716794
716795
716796
716799
716808
716809
716810
716811
716892
716893
716894
716895
716897
716899
716901
716902
716903
716904
716905
716906
716907
716908
716909
716910
716913
716922
716923
716924
716925
717006
717007
717008
717009
717011
717013
717015
717016
717017
717018
717019
717020
717021
717022
717023
717024
717027
717036
717037
717038
717039
717120
717121
717122
717123
717125
717127
717129
717130
717131
717132
717133
717134
717135
717136
717137
717138
717141
717150
717151
717152
717153
717234
717235
717236
717237
717239
717241
717243
717244
717245
717246
717247
717248
717249
717250
717251
717252
717255
717264
717265
717266
717267
717348
717349
717350
717351
717353
717355
717357
717358
717359
717360
717361
717362
717363
717364
717365
717366
717369
717378
717379
717380
717381
717462
717463
717464
717465
717467
717469
717471
717472
717473
717474
717475
717476
717477
717478
717479
717480
717483
717492
717493
717494
717495
717576
717577
717578
717579
717581
717583
717585
717586
717587
717588
717589
717590
717591
717592
717593
717594
717597
717606
717607
717608
717609
717690
717691
717692
717693
717695
717697
717699
717700
717701
717702
717703
717704
717705
717706
717707
717708
717711
717720
717721
717722
717723
717804
717805
717806
717807
717809
717811
717813
717814
717815
717816
717817
717818
717819
717820
717821
717822
717825
717834
717835
717836
717837
717918
717919
717920
717921
717923
717925
717927
717928
717929
717930
717931
717932
717933
717934
717935
717936
717939
717948
717949
717950
717951
718032
718033
718034
718035
718037
718039
718041
718042
718043
718044
718045
718046
718047
718048
718049
718050
718053
718062
718063
718064
718065
718146
718147
718148
718149
718151
718153
718155
718156
718157
718158
718159
718160
718161
718162
718163
718164
718167
718176
718177
718178
718179
718260
718261
718262
718263
718265
718267
718269
718270
718271
718272
718273
718274
718275
718276
718277
718278
718281
718290
718291
718292
718293
718374
718375
718376
718377
718379
718381
718383
718384
718385
718386
718387
718388
718389
718390
718391
718392
718395
718404
718405
718406
718407
718488
718489
718490
718491
718493
718495
718497
718498
718499
718500
718501
718502
718503
718504
718505
718506
718509
718518
718519
718520
718521
718602
718603
718604
718605
718607
718609
718611
718612
718613
718614
718615
718616
718617
718618
718619
718620
718623
718632
718633
718634
718635
718716
718717
718718
718719
718721
718723
718725
718726
718727
718728
718729
718730
718731
718732
718733
718734
718737
718746
718747
718748
718749
718830
718831
718832
718833
718835
718837
718839
718840
718841
718842
718843
718844
718845
718846
718847
718848
718851
718860
718861
718862
718863
718944
718945
718946
718947
718949
718951
718953
718954
718955
718956
718957
718958
718959
718960
718961
718962
718965
718974
718975
718976
718977
719058
719059
719060
719061
719063
719065
719067
719068
719069
719070
719071
719072
719073
719074
719075
719076
719079
719088
719089
719090
719091
719172
719173
719174
719175
719177
719179
719181
719182
719183
719184
719185
719186
719187
719188
719189
719190
719193
719202
719203
719204
719205
719286
719287
719288
719289
719291
719293
719295
719296
719297
719298
719299
719300
719301
719302
719303
719304
719307
719316
719317
719318
719319
719400
719401
719402
719403
719405
719407
719409
719410
719411
719412
719413
719414
719415
719416
719417
719418
719421
719430
719431
719432
719433
719514
719515
719516
719517
719519
719521
719523
719524
719525
719526
719527
719528
719529
719530
719531
719532
719535
719544
719545
719546
719547
719628
719629
719630
719631
719633
719635
719637
719638
719639
719640
719641
719642
719643
719644
719645
719646
719649
719658
719659
719660
719661
719742
719743
719744
719745
719747
719749
719751
719752
719753
719754
719755
719756
719757
719758
719759
719760
719763
719772
719773
719774
719775
719856
719857
719858
719859
719861
719863
719865
719866
719867
719868
719869
719870
719871
719872
719873
719874
719877
719886
719887
719888
719889
719970
719971
719972
719973
719975
719977
719979
719980
719981
719982
719983
719984
719985
719986
719987
719988
719991
720000
720001
720002
720003
720084
720085
720086
720087
720089
720091
720093
720094
720095
720096
720097
720098
720099
720100
720101
720102
720105
720114
720115
720116
720117
720198
720199
720200
720201
720203
720205
720207
720208
720209
720210
720211
720212
720213
720214
720215
720216
720219
720228
720229
720230
720231
720312
720313
720314
720315
720317
720319
720321
720322
720323
720324
720325
720326
720327
720328
720329
720330
720333
720342
720343
720344
720345
720426
720427
720428
720429
720431
720433
720435
720436
720437
720438
720439
720440
720441
720442
720443
720444
720447
720456
720457
720458
720459
720540
720541
720542
720543
720545
720547
720549
720550
720551
720552
720553
720554
720555
720556
720557
720558
720561
720570
720571
720572
720573
720654
720655
720656
720657
720659
720661
720663
720664
720665
720666
720667
720668
720669
720670
720671
720672
720675
720684
720685
720686
720687
720768
720769
720770
720771
720773
720775
720777
720778
720779
720780
720781
720782
720783
720784
720785
720786
720789
720798
720799
720800
720801
720882
720883
720884
720885
720887
720889
720891
720892
720893
720894
720895
720896
720897
720898
720899
720900
720903
720912
720913
720914
720915
720996
720997
720998
720999
721001
721003
721005
721006
721007
721008
721009
721010
721011
721012
721013
721014
721017
721026
721027
721028
721029
721110
721111
721112
721113
721115
721117
721119
721120
721121
721122
721123
721124
721125
721126
721127
721128
721131
721140
721141
721142
721143
721224
721225
721226
721227
721229
721231
721233
721234
721235
721236
721237
721238
721239
721240
721241
721242
721245
721254
721255
721256
721257
721338
721339
721340
721341
721343
721345
721347
721348
721349
721350
721351
721352
721353
721354
721355
721356
721359
721368
721369
721370
721371
721452
721453
721454
721455
721457
721459
721461
721462
721463
721464
721465
721466
721467
721468
721469
721470
721473
721482
721483
721484
721485
721566
721567
721568
721569
721571
721573
721575
721576
721577
721578
721579
721580
721581
721582
721583
721584
721587
721596
721597
721598
721599
721680
721681
721682
721683
721685
721687
721689
721690
721691
721692
721693
721694
721695
721696
721697
721698
721701
721710
721711
721712
721713
721794
721795
721796
721797
721799
721801
721803
721804
721805
721806
721807
721808
721809
721810
721811
721812
721815
721824
721825
721826
721827
721908
721909
721910
721911
721913
721915
721917
721918
721919
721920
721921
721922
721923
721924
721925
721926
721929
721938
721939
721940
721941
722022
722023
722024
722025
722027
722029
722031
722032
722033
722034
722035
722036
722037
722038
722039
722040
722043
722052
722053
722054
722055
722136
722137
722138
722139
722141
722143
722145
722146
722147
722148
722149
722150
722151
722152
722153
722154
722157
722166
722167
722168
722169
722250
722251
722252
722253
722255
722257
722259
722260
722261
722262
722263
722264
722265
722266
722267
722268
722271
722280
722281
722282
722283
722364
722365
722366
722367
722369
722371
722373
722374
722375
722376
722377
722378
722379
722380
722381
722382
722385
722394
722395
722396
722397
722478
722479
722480
722481
722483
722485
722487
722488
722489
722490
722491
722492
722493
722494
722495
722496
722499
722508
722509
722510
722511
722592
722593
722594
722595
722597
722599
722601
722602
722603
722604
722605
722606
722607
722608
722609
722610
722613
722622
722623
722624
722625
722706
722707
722708
722709
722711
722713
722715
722716
722717
722718
722719
722720
722721
722722
722723
722724
722727
722736
722737
722738
722739
722820
722821
722822
722823
722825
722827
722829
722830
722831
722832
722833
722834
722835
722836
722837
722838
722841
722850
722851
722852
722853
722934
722935
722936
722937
722939
722941
722943
722944
722945
722946
722947
722948
722949
722950
722951
722952
722955
722964
722965
722966
722967
723048
723049
723050
723051
723053
723055
723057
723058
723059
723060
723061
723062
723063
723064
723065
723066
723069
723078
723079
723080
723081
723162
723163
723164
723165
723167
723169
723171
723172
723173
723174
723175
723176
723177
723178
723179
723180
723183
723192
723193
723194
723195
723276
723277
723278
723279
723281
723283
723285
723286
723287
723288
723289
723290
723291
723292
723293
723294
723297
723306
723307
723308
723309
723390
723391
723392
723393
723395
723397
723399
723400
723401
723402
723403
723404
723405
723406
723407
723408
723411
723420
723421
723422
723423
723504
723505
723506
723507
723509
723511
723513
723514
723515
723516
723517
723518
723519
723520
723521
723522
723525
723534
723535
723536
723537
723618
723619
723620
723621
723623
723625
723627
723628
723629
723630
723631
723632
723633
723634
723635
723636
723639
723648
723649
723650
723651
723732
723733
723734
723735
723737
723739
723741
723742
723743
723744
723745
723746
723747
723748
723749
723750
723753
723762
723763
723764
723765
723846
723847
723848
723849
723851
723853
723855
723856
723857
723858
723859
723860
723861
723862
723863
723864
723867
723876
723877
723878
723879
723960
723961
723962
723963
723965
723967
723969
723970
723971
723972
723973
723974
723975
723976
723977
723978
723981
723990
723991
723992
723993
724074
724075
724076
724077
724079
724081
724083
724084
724085
724086
724087
724088
724089
724090
724091
724092
724095
724104
724105
724106
724107
724188
724189
724190
724191
724193
724195
724197
724198
724199
724200
724201
724202
724203
724204
724205
724206
724209
724218
724219
724220
724221
724302
724303
724304
724305
724307
724309
724311
724312
724313
724314
724315
724316
724317
724318
724319
724320
724323
724332
724333
724334
724335
724416
724417
724418
724419
724421
724423
724425
724426
724427
724428
724429
724430
724431
724432
724433
724434
724437
724446
724447
724448
724449
724530
724531
724532
724533
724535
724537
724539
724540
724541
724542
724543
724544
724545
724546
724547
724548
724551
724560
724561
724562
724563
724644
724645
724646
724647
724649
724651
724653
724654
724655
724656
724657
724658
724659
724660
724661
724662
724665
724674
724675
724676
724677
724758
724759
724760
724761
724763
724765
724767
724768
724769
724770
724771
724772
724773
724774
724775
724776
724779
724788
724789
724790
724791
724872
724873
724874
724875
724877
724879
724881
724882
724883
724884
724885
724886
724887
724888
724889
724890
724893
724902
724903
724904
724905
724986
724987
724988
724989
724991
724993
724995
724996
724997
724998
724999
725000
725001
725002
725003
725004
725007
725016
725017
725018
725019
725100
725101
725102
725103
725105
725107
725109
725110
725111
725112
725113
725114
725115
725116
725117
725118
725121
725130
725131
725132
725133
725214
725215
725216
725217
725219
725221
725223
725224
725225
725226
725227
725228
725229
725230
725231
725232
725235
725244
725245
725246
725247
725328
725329
725330
725331
725333
725335
725337
725338
725339
725340
725341
725342
725343
725344
725345
725346
725349
725358
725359
725360
725361
725442
725443
725444
725445
725447
725449
725451
725452
725453
725454
725455
725456
725457
725458
725459
725460
725463
725472
725473
725474
725475
725556
725557
725558
725559
725561
725563
725565
725566
725567
725568
725569
725570
725571
725572
725573
725574
725577
725586
725587
725588
725589
725670
725671
725672
725673
725675
725677
725679
725680
725681
725682
725683
725684
725685
725686
725687
725688
725691
725700
725701
725702
725703
725784
725785
725786
725787
725789
725791
725793
725794
725795
725796
725797
725798
725799
725800
725801
725802
725805
725814
725815
725816
725817
725898
725899
725900
725901
725903
725905
725907
725908
725909
725910
725911
725912
725913
725914
725915
725916
725919
725928
725929
725930
725931
726012
726013
726014
726015
726017
726019
726021
726022
726023
726024
726025
726026
726027
726028
726029
726030
726033
726042
726043
726044
726045
726126
726127
726128
726129
726131
726133
726135
726136
726137
726138
726139
726140
726141
726142
726143
726144
726147
726156
726157
726158
726159
726240
726241
726242
726243
726245
726247
726249
726250
726251
726252
726253
726254
726255
726256
726257
726258
726261
726270
726271
726272
726273
726354
726355
726356
726357
726359
726361
726363
726364
726365
726366
726367
726368
726369
726370
726371
726372
726375
726384
726385
726386
726387
726468
726469
726470
726471
726473
726475
726477
726478
726479
726480
726481
726482
726483
726484
726485
726486
726489
726498
726499
726500
726501
726582
726583
726584
726585
726587
726589
726591
726592
726593
726594
726595
726596
726597
726598
726599
726600
726603
726612
726613
726614
726615
726696
726697
726698
726699
726701
726703
726705
726706
726707
726708
726709
726710
726711
726712
726713
726714
726717
726726
726727
726728
726729
726810
726811
726812
726813
726815
726817
726819
726820
726821
726822
726823
726824
726825
726826
726827
726828
726831
726840
726841
726842
726843
726924
726925
726926
726927
726929
726931
726933
726934
726935
726936
726937
726938
726939
726940
726941
726942
726945
726954
726955
726956
726957
727038
727039
727040
727041
727043
727045
727047
727048
727049
727050
727051
727052
727053
727054
727055
727056
727059
727068
727069
727070
727071
727152
727153
727154
727155
727157
727159
727161
727162
727163
727164
727165
727166
727167
727168
727169
727170
727173
727182
727183
727184
727185
727266
727267
727268
727269
727271
727273
727275
727276
727277
727278
727279
727280
727281
727282
727283
727284
727287
727296
727297
727298
727299
727380
727381
727382
727383
727385
727387
727389
727390
727391
727392
727393
727394
727395
727396
727397
727398
727401
727410
727411
727412
727413
727494
727495
727496
727497
727499
727501
727503
727504
727505
727506
727507
727508
727509
727510
727511
727512
727515
727524
727525
727526
727527
727608
727609
727610
727611
727613
727615
727617
727618
727619
727620
727621
727622
727623
727624
727625
727626
727629
727638
727639
727640
727641
727722
727723
727724
727725
727727
727729
727731
727732
727733
727734
727735
727736
727737
727738
727739
727740
727743
727752
727753
727754
727755
727836
727837
727838
727839
727841
727843
727845
727846
727847
727848
727849
727850
727851
727852
727853
727854
727857
727866
727867
727868
727869
727950
727951
727952
727953
727955
727957
727959
727960
727961
727962
727963
727964
727965
727966
727967
727968
727971
727980
727981
727982
727983
728064
728065
728066
728067
728069
728071
728073
728074
728075
728076
728077
728078
728079
728080
728081
728082
728085
728094
728095
728096
728097
728178
728179
728180
728181
728183
728185
728187
728188
728189
728190
728191
728192
728193
728194
728195
728196
728199
728208
728209
728210
728211
728292
728293
728294
728295
728297
728299
728301
728302
728303
728304
728305
728306
728307
728308
728309
728310
728313
728322
728323
728324
728325
728406
728407
728408
728409
728411
728413
728415
728416
728417
728418
728419
728420
728421
728422
728423
728424
728427
728436
728437
728438
728439
728520
728521
728522
728523
728525
728527
728529
728530
728531
728532
728533
728534
728535
728536
728537
728538
728541
728550
728551
728552
728553
728634
728635
728636
728637
728639
728641
728643
728644
728645
728646
728647
728648
728649
728650
728651
728652
728655
728664
728665
728666
728667
728748
728749
728750
728751
728753
728755
728757
728758
728759
728760
728761
728762
728763
728764
728765
728766
728769
728778
728779
728780
728781
728862
728863
728864
728865
728867
728869
728871
728872
728873
728874
728875
728876
728877
728878
728879
728880
728883
728892
728893
728894
728895
728976
728977
728978
728979
728981
728983
728985
728986
728987
728988
728989
728990
728991
728992
728993
728994
728997
729006
729007
729008
729009
729090
729091
729092
729093
729095
729097
729099
729100
729101
729102
729103
729104
729105
729106
729107
729108
729111
729120
729121
729122
729123
729204
729205
729206
729207
729209
729211
729213
729214
729215
729216
729217
729218
729219
729220
729221
729222
729225
729234
729235
729236
729237
729318
729319
729320
729321
729323
729325
729327
729328
729329
729330
729331
729332
729333
729334
729335
729336
729339
729348
729349
729350
729351
729432
729433
729434
729435
729437
729439
729441
729442
729443
729444
729445
729446
729447
729448
729449
729450
729453
729462
729463
729464
729465
729546
729547
729548
729549
729551
729553
729555
729556
729557
729558
729559
729560
729561
729562
729563
729564
729567
729576
729577
729578
729579
729660
729661
729662
729663
729665
729667
729669
729670
729671
729672
729673
729674
729675
729676
729677
729678
729681
729690
729691
729692
729693
729774
729775
729776
729777
729779
729781
729783
729784
729785
729786
729787
729788
729789
729790
729791
729792
729795
729804
729805
729806
729807
729888
729889
729890
729891
729893
729895
729897
729898
729899
729900
729901
729902
729903
729904
729905
729906
729909
729918
729919
729920
729921
730002
730003
730004
730005
730007
730009
730011
730012
730013
730014
730015
730016
730017
730018
730019
730020
730023
730032
730033
730034
730035
730116
730117
730118
730119
730121
730123
730125
730126
730127
730128
730129
730130
730131
730132
730133
730134
730137
730146
730147
730148
730149
730230
730231
730232
730233
730235
730237
730239
730240
730241
730242
730243
730244
730245
730246
730247
730248
730251
730260
730261
730262
730263
730344
730345
730346
730347
730349
730351
730353
730354
730355
730356
730357
730358
730359
730360
730361
730362
730365
730374
730375
730376
730377
730458
730459
730460
730461
730463
730465
730467
730468
730469
730470
730471
730472
730473
730474
730475
730476
730479
730488
730489
730490
730491
730572
730573
730574
730575
730577
730579
730581
730582
730583
730584
730585
730586
730587
730588
730589
730590
730593
730602
730603
730604
730605
730686
730687
730688
730689
730691
730693
730695
730696
730697
730698
730699
730700
730701
730702
730703
730704
730707
730716
730717
730718
730719
730800
730801
730802
730803
730805
730807
730809
730810
730811
730812
730813
730814
730815
730816
730817
730818
730821
730830
730831
730832
730833
730914
730915
730916
730917
730919
730921
730923
730924
730925
730926
730927
730928
730929
730930
730931
730932
730935
730944
730945
730946
730947
731028
731029
731030
731031
731033
731035
731037
731038
731039
731040
731041
731042
731043
731044
731045
731046
731049
731058
731059
731060
731061
731142
731143
731144
731145
731147
731149
731151
731152
731153
731154
731155
731156
731157
731158
731159
731160
731163
731172
731173
731174
731175
731256
731257
731258
731259
731261
731263
731265
731266
731267
731268
731269
731270
731271
731272
731273
731274
731277
731286
731287
731288
731289
731370
731371
731372
731373
731375
731377
731379
731380
731381
731382
731383
731384
731385
731386
731387
731388
731391
731400
731401
731402
731403
731484
731485
731486
731487
731489
731491
731493
731494
731495
731496
731497
731498
731499
731500
731501
731502
731505
731514
731515
731516
731517
731598
731599
731600
731601
731603
731605
731607
731608
731609
731610
731611
731612
731613
731614
731615
731616
731619
731628
731629
731630
731631
731712
731713
731714
731715
731717
731719
731721
731722
731723
731724
731725
731726
731727
731728
731729
731730
731733
731742
731743
731744
731745
731826
731827
731828
731829
731831
731833
731835
731836
731837
731838
731839
731840
731841
731842
731843
731844
731847
731856
731857
731858
731859
731940
731941
731942
731943
731945
731947
731949
731950
731951
731952
731953
731954
731955
731956
731957
731958
731961
731970
731971
731972
731973
732054
732055
732056
732057
732059
732061
732063
732064
732065
732066
732067
732068
732069
732070
732071
732072
732075
732084
732085
732086
732087
732168
732169
732170
732171
732173
732175
732177
732178
732179
732180
732181
732182
732183
732184
732185
732186
732189
732198
732199
732200
732201
732282
732283
732284
732285
732287
732289
732291
732292
732293
732294
732295
732296
732297
732298
732299
732300
732303
732312
732313
732314
732315
732396
732397
732398
732399
732401
732403
732405
732406
732407
732408
732409
732410
732411
732412
732413
732414
732417
732426
732427
732428
732429
732510
732511
732512
732513
732515
732517
732519
732520
732521
732522
732523
732524
732525
732526
732527
732528
732531
732540
732541
732542
732543
732624
732625
732626
732627
732629
732631
732633
732634
732635
732636
732637
732638
732639
732640
732641
732642
732645
732654
732655
732656
732657
732738
732739
732740
732741
732743
732745
732747
732748
732749
732750
732751
732752
732753
732754
732755
732756
732759
732768
732769
732770
732771
732852
732853
732854
732855
732857
732859
732861
732862
732863
732864
732865
732866
732867
732868
732869
732870
732873
732882
732883
732884
732885
732966
732967
732968
732969
732971
732973
732975
732976
732977
732978
732979
732980
732981
732982
732983
732984
732987
732996
732997
732998
732999
733080
733081
733082
733083
733085
733087
733089
733090
733091
733092
733093
733094
733095
733096
733097
733098
733101
733110
733111
733112
733113
733194
733195
733196
733197
733199
733201
733203
733204
733205
733206
733207
733208
733209
733210
733211
733212
733215
733224
733225
733226
733227
733308
733309
733310
733311
733313
733315
733317
733318
733319
733320
733321
733322
733323
733324
733325
733326
733329
733338
733339
733340
733341
733422
733423
733424
733425
733427
733429
733431
733432
733433
733434
733435
733436
733437
733438
733439
733440
733443
733452
733453
733454
733455
733536
733537
733538
733539
733541
733543
733545
733546
733547
733548
733549
733550
733551
733552
733553
733554
733557
733566
733567
733568
733569
733650
733651
733652
733653
733655
733657
733659
733660
733661
733662
733663
733664
733665
733666
733667
733668
733671
733680
733681
733682
733683
733764
733765
733766
733767
733769
733771
733773
733774
733775
733776
733777
733778
733779
733780
733781
733782
733785
733794
733795
733796
733797
733878
733879
733880
733881
733883
733885
733887
733888
733889
733890
733891
733892
733893
733894
733895
733896
733899
733908
733909
733910
733911
733992
733993
733994
733995
733997
733999
734001
734002
734003
734004
734005
734006
734007
734008
734009
734010
734013
734022
734023
734024
734025
734106
734107
734108
734109
734111
734113
734115
734116
734117
734118
734119
734120
734121
734122
734123
734124
734127
734136
734137
734138
734139
734220
734221
734222
734223
734225
734227
734229
734230
734231
734232
734233
734234
734235
734236
734237
734238
734241
734250
734251
734252
734253
734334
734335
734336
734337
734339
734341
734343
734344
734345
734346
734347
734348
734349
734350
734351
734352
734355
734364
734365
734366
734367
734448
734449
734450
734451
734453
734455
734457
734458
734459
734460
734461
734462
734463
734464
734465
734466
734469
734478
734479
734480
734481
734562
734563
734564
734565
734567
734569
734571
734572
734573
734574
734575
734576
734577
734578
734579
734580
734583
734592
734593
734594
734595
734676
734677
734678
734679
734681
734683
734685
734686
734687
734688
734689
734690
734691
734692
734693
734694
734697
734706
734707
734708
734709
734790
734791
734792
734793
734795
734797
734799
734800
734801
734802
734803
734804
734805
734806
734807
734808
734811
734820
734821
734822
734823
734904
734905
734906
734907
734909
734911
734913
734914
734915
734916
734917
734918
734919
734920
734921
734922
734925
734934
734935
734936
734937
735018
735019
735020
735021
735023
735025
735027
735028
735029
735030
735031
735032
735033
735034
735035
735036
735039
735048
735049
735050
735051
735132
735133
735134
735135
735137
735139
735141
735142
735143
735144
735145
735146
735147
735148
735149
735150
735153
735162
735163
735164
735165
735246
735247
735248
735249
735251
735253
735255
735256
735257
735258
735259
735260
735261
735262
735263
735264
735267
735276
735277
735278
735279
735360
735361
735362
735363
735365
735367
735369
735370
735371
735372
735373
735374
735375
735376
735377
735378
735381
735390
735391
735392
735393
735474
735475
735476
735477
735479
735481
735483
735484
735485
735486
735487
735488
735489
735490
735491
735492
735495
735504
735505
735506
735507
735588
735589
735590
735591
735593
735595
735597
735598
735599
735600
735601
735602
735603
735604
735605
735606
735609
735618
735619
735620
735621
735702
735703
735704
735705
735707
735709
735711
735712
735713
735714
735715
735716
735717
735718
735719
735720
735723
735732
735733
735734
735735
735816
735817
735818
735819
735821
735823
735825
735826
735827
735828
735829
735830
735831
735832
735833
735834
735837
735846
735847
735848
735849
735930
735931
735932
735933
735935
735937
735939
735940
735941
735942
735943
735944
735945
735946
735947
735948
735951
735960
735961
735962
735963
736044
736045
736046
736047
736049
736051
736053
736054
736055
736056
736057
736058
736059
736060
736061
736062
736065
736074
736075
736076
736077
736158
736159
736160
736161
736163
736165
736167
736168
736169
736170
736171
736172
736173
736174
736175
736176
736179
736188
736189
736190
736191
736272
736273
736274
736275
736277
736279
736281
736282
736283
736284
736285
736286
736287
736288
736289
736290
736293
736302
736303
736304
736305
736386
736387
736388
736389
736391
736393
736395
736396
736397
736398
736399
736400
736401
736402
736403
736404
736407
736416
736417
736418
736419
736500
736501
736502
736503
736505
736507
736509
736510
736511
736512
736513
736514
736515
736516
736517
736518
736521
736530
736531
736532
736533
736614
736615
736616
736617
736619
736621
736623
736624
736625
736626
736627
736628
736629
736630
736631
736632
736635
736644
736645
736646
736647
736728
736729
736730
736731
736733
736735
736737
736738
736739
736740
736741
736742
736743
736744
736745
736746
736749
736758
736759
736760
736761
736842
736843
736844
736845
736847
736849
736851
736852
736853
736854
736855
736856
736857
736858
736859
736860
736863
736872
736873
736874
736875
736956
736957
736958
736959
736961
736963
736965
736966
736967
736968
736969
736970
736971
736972
736973
736974
736977
736986
736987
736988
736989
737070
737071
737072
737073
737075
737077
737079
737080
737081
737082
737083
737084
737085
737086
737087
737088
737091
737100
737101
737102
737103
737184
737185
737186
737187
737189
737191
737193
737194
737195
737196
737197
737198
737199
737200
737201
737202
737205
737214
737215
737216
737217
737298
737299
737300
737301
737303
737305
737307
737308
737309
737310
737311
737312
737313
737314
737315
737316
737319
737328
737329
737330
737331
737412
737413
737414
737415
737417
737419
737421
737422
737423
737424
737425
737426
737427
737428
737429
737430
737433
737442
737443
737444
737445
737526
737527
737528
737529
737531
737533
737535
737536
737537
737538
737539
737540
737541
737542
737543
737544
737547
737556
737557
737558
737559
737640
737641
737642
737643
737645
737647
737649
737650
737651
737652
737653
737654
737655
737656
737657
737658
737661
737670
737671
737672
737673
737754
737755
737756
737757
737759
737761
737763
737764
737765
737766
737767
737768
737769
737770
737771
737772
737775
737784
737785
737786
737787
737868
737869
737870
737871
737873
737875
737877
737878
737879
737880
737881
737882
737883
737884
737885
737886
737889
737898
737899
737900
737901
737982
737983
737984
737985
737987
737989
737991
737992
737993
737994
737995
737996
737997
737998
737999
738000
738003
738012
738013
738014
738015
738090
738091
738092
738093
738095
738097
738098
738099
738100
738101
738102
738103
738104
738107
738114
738115
738116
741368
741369
741372
741376
741377
741378
741380
741405
741406
741407
741409
741444
741445
741448
741452
741453
741454
741456
741481
741482
741483
741486
741505
741507
741509
741515
741517
741519
741525
741527
741529
741535
741537
741539
741545
741547
741549
741555
741557
741559
741565
741567
741569
741575
741577
741579
741585
741587
741589
741595
741597
741599
741605
741607
741609
741615
741617
741619
741625
741627
741629
741635
741637
741639
741645
741647
741649
741655
741657
741659
741665
741667
741669
741675
741677
741679
741685
741687
741689
741695
741697
741699
741705
741707
741709
741715
741717
741719
741725
741727
741729
741735
741737
741739
741745
741747
741749
741755
741757
741759
741765
741767
741769
741775
741777
741779
741785
741787
741789
741795
741797
741799
741805
741807
741809
741815
741817
741819
741825
741827
741829
741835
741837
741839
741845
741847
741849
741855
741857
741859
741865
741867
741869
741875
741877
741879
741885
741887
741889
741895
741897
741899
741905
741907
741909
741915
741917
741919
741925
741927
741929
741935
741937
741939
741945
741947
741949
741955
741957
741959
741965
741967
741969
741975
741977
741979
741985
741987
741989
741995
741997
741999
742005
742007
742009
742015
742017
742019
742025
742027
742029
742035
742037
742039
742045
742047
742049
742055
742057
742059
742065
742067
742069
742075
742077
742079
742085
742087
742089
742095
742097
742099
742105
742107
742109
742115
742117
742119
742125
742127
742129
742135
742137
742139
742145
742147
742149
742155
742157
742159
742165
742167
742169
742175
742177
742179
742185
742187
742189
742195
742197
742199
742205
742207
742209
742215
742217
742219
742225
742227
742229
742235
742237
742239
742245
742247
742249
742255
742257
742259
742265
742267
742269
742275
742277
742279
742285
742287
742289
742295
742297
742299
742305
742307
742309
742315
742317
742319
742325
742327
742329
742335
742337
742339
742345
742347
742349
742355
742357
742359
742365
742367
742369
742375
742377
742379
742385
742387
742389
742395
742397
742399
742405
742407
742409
742415
742417
742419
742425
742427
742429
742435
742437
742439
742445
742447
742449
742455
742457
742459
742465
742467
742469
742475
742477
742479
742485
742487
742489
742495
742497
742499
742505
742507
742509
742515
742517
742519
742525
742527
742529
742535
742537
742539
742545
742547
742549
742555
742557
742559
742565
742567
742569
742575
742577
742579
742585
742587
742589
742595
742597
742599
742605
742607
742609
742615
742617
742619
742625
742627
742629
742635
742637
742639
742645
742647
742649
742655
742657
742659
742665
742667
742669
742675
742677
742679
742685
742687
742689
742695
742697
742699
742705
742707
742709
742715
742717
742719
742725
742727
742729
742735
742737
742739
742745
742747
742749
742755
742757
742759
742765
742767
742769
742775
742777
742779
742785
742787
742789
742795
742797
742799
742805
742807
742809
742815
742817
742819
742825
742827
742829
742835
742837
742839
742845
742847
742849
742855
742857
742859
742865
742867
742869
742875
742877
742879
742885
742887
742889
742895
742897
742899
742905
742907
742909
742915
742917
742919
742925
742927
742929
742935
742937
742939
742945
742947
742949
742955
742957
742959
742965
742967
742969
742975
742977
742979
742985
742987
742989
742995
742997
742999
743005
743007
743009
743015
743017
743019
743025
743027
743029
743035
743037
743039
743045
743047
743049
743055
743057
743059
743065
743067
743069
743075
743077
743079
743085
743087
743089
743095
743097
743099
743105
743107
743109
743115
743117
743119
743125
743127
743129
743135
743137
743139
743145
743147
743149
743155
743157
743159
743165
743167
743169
743175
743177
743179
743185
743187
743189
743195
743197
743199
743205
743207
743209
743215
743217
743219
743225
743227
743229
743235
743237
743239
743245
743247
743249
743255
743257
743259
743265
743267
743269
743275
743277
743279
743285
743287
743289
743295
743297
743299
743305
743307
743309
743315
743317
743319
743325
743327
743329
743335
743337
743339
743345
743347
743349
743355
743357
743359
743365
743367
743369
743375
743377
743379
743385
743387
743389
743395
743397
743399
743405
743407
743409
743415
743417
743419
743425
743427
743429
743435
743437
743439
743445
743447
743449
743455
743457
743459
743465
743467
743469
743475
743477
743479
743485
743487
743489
743495
743497
743499
743505
743506
743507
743508
743509
743510
743511
743512
743513
743514
743515
743516
743517
743518
743519
743520
743521
743522
743523
743524
743525
743526
743527
743528
743529
743530
743531
743532
743533
743534
743535
743536
743537
743538
743539
743540
743541
743542
743543
743544
743545
743546
743547
743548
743549
743550
743551
743552
743553
743554
743555
743556
743557
743558
743559
743560
743561
743562
743563
743564
743565
743566
743567
743568
743569
743570
743571
743572
743573
743574
743575
743576
743577
743578
743579
743580
743581
743582
743583
743584
743585
743586
743587
743588
743589
743590
743591
743592
743593
743594
743595
743596
743597
743598
743599
743600
743601
743602
743603
743604
743605
743606
743607
743608
743609
743610
743611
743612
743613
743614
743615
743616
743617
743618
743619
743620
743621
743622
743623
743624
743625
743626
743627
743628
743629
743630
743631
743632
743633
743634
743635
743636
743637
743638
743639
743640
743641
743642
743643
743644
743645
743646
743647
743648
743649
743650
743651
743652
743653
743654
743655
743656
743657
743658
743659
743660
743661
743662
743663
743664
743665
743666
743667
743668
743669
743670
743671
743672
743673
743674
743675
743676
743677
743678
743679
743680
743681
743682
743683
743684
743685
743686
743687
743688
743689
743690
743691
743692
743693
743694
743695
743696
743697
743698
743699
743700
743701
743702
743703
743704
743705
743706
743707
743708
743709
743710
743711
743712
743713
743714
743715
743716
743717
743718
743719
743720
743721
743722
743723
743724
743725
743726
743727
743728
743729
743730
743731
743732
743733
743734
743735
743736
743737
743738
743739
743740
743741
743742
743743
743744
743745
743746
743747
743748
743749
743750
743751
743752
743753
743754
743755
743756
743757
743758
743759
743760
743761
743762
743763
743764
743765
743766
743767
743768
743769
743770
743771
743772
743773
743774
743775
743776
743777
743778
743779
743780
743781
743782
743783
743784
743785
743786
743787
743788
743789
743790
743791
743792
743793
743794
743795
743796
743797
743798
743799
743800
743801
743802
743803
743804
743805
743806
743807
743808
743809
743810
743811
743812
743813
743814
743815
743816
743817
743818
743819
743820
743821
743822
743823
743824
743825
743826
743827
743828
743829
743830
743831
743832
743833
743834
743835
743836
743837
743838
743839
743840
743841
743842
743843
743844
743845
743846
743847
743848
743849
743850
743851
743852
743853
743854
743855
743856
743857
743858
743859
743860
743861
743862
743863
743864
743865
743866
743867
743868
743869
743870
743871
743872
743873
743874
743875
743876
743877
743878
743879
743880
743881
743882
743883
743884
743885
743886
743887
743888
743889
743890
743891
743892
743893
743894
743895
743896
743897
743898
743899
743900
743901
743902
743903
743904
743906
743907
743908
743909
743910
743915
743931
743933
743934
743935
743936
743937
743942
743958
743960
743961
743962
743963
743964
743969
743985
743987
743988
743989
743990
743991
743996
744012
744014
744015
744016
744017
744018
744023
744039
744041
744042
744043
744044
744045
744050
744066
744068
744069
744070
744071
744072
744077
744093
744095
744096
744097
744098
744099
744104
744120
744122
744123
744124
744125
744126
744131
744147
744149
744150
744151
744152
744153
744158
744174
744176
744177
744178
744179
744180
744185
744201
744203
744204
744205
744206
744207
744212
744228
744230
744231
744232
744233
744234
744239
744255
744257
744258
744259
744260
744261
744266
744282
744284
744285
744286
744287
744288
744293
744309
744311
744312
744313
744314
744315
744320
744336
744338
744339
744340
744341
744342
744347
744363
744365
744366
744367
744368
744369
744374
744390
744392
744393
744394
744395
744396
744401
744417
744419
744420
744421
744422
744423
744428
744444
744446
744447
744448
744449
744450
744455
744471
744473
744474
744475
744476
744477
744482
744498
744500
744501
744502
744503
744504
744509
744525
744527
744528
744529
744530
744531
744536
744552
744554
744555
744556
744557
744558
744563
744579
744581
744582
744583
744584
744585
744590
744606
744608
744609
744610
744611
744612
744617
744633
744635
744636
744637
744638
744639
744644
744660
744662
744663
744664
744665
744666
744671
744687
744689
744690
744691
744692
744693
744698
744714
744716
744717
744718
744719
744720
744725
744741
744743
744744
744745
744746
744747
744752
744768
744770
744771
744772
744773
744774
744779
744795
744797
744798
744799
744800
744801
744806
744822
744824
744825
744826
744827
744828
744833
744849
744851
744852
744853
744854
744855
744860
744876
744878
744879
744880
744881
744882
744887
744903
744905
744906
744907
744908
744909
744914
744930
744932
744933
744934
744935
744936
744941
744957
744959
744960
744961
744962
744963
744968
744984
744986
744987
744988
744989
744990
744995
745011
745013
745014
745015
745016
745017
745022
745038
745040
745041
745042
745043
745044
745049
745065
745067
745068
745069
745070
745071
745076
745092
745094
745095
745096
745097
745098
745103
745119
745121
745122
745123
745124
745125
745130
745146
745148
745149
745150
745151
745152
745157
745173
745175
745176
745177
745178
745179
745184
745200
745202
745203
745204
745205
745206
745211
745227
745229
745230
745231
745232
745233
745238
745254
745256
745257
745258
745259
745260
745265
745281
745283
745284
745285
745286
745287
745292
745308
745310
745311
745312
745313
745314
745319
745335
745337
745338
745339
745340
745341
745346
745362
745364
745365
745366
745367
745368
745373
745389
745391
745392
745393
745394
745395
745400
745416
745418
745419
745420
745421
745422
745427
745443
745445
745446
745447
745448
745449
745454
745470
745472
745473
745474
745475
745476
745481
745497
745499
745500
745501
745502
745503
745508
745524
745526
745527
745528
745529
745530
745535
745551
745553
745554
745555
745556
745557
745562
745578
745580
745581
745582
745583
745584
745589
745605
745607
745608
745609
745610
745611
745616
745632
745634
745635
745636
745637
745638
745643
745659
745661
745662
745663
745664
745665
745670
745686
745688
745689
745690
745691
745692
745697
745713
745715
745716
745717
745718
745719
745724
745740
745742
745743
745744
745745
745746
745751
745767
745769
745770
745771
745772
745773
745778
745794
745796
745797
745798
745799
745800
745805
745821
745823
745824
745825
745826
745827
745832
745848
745850
745851
745852
745853
745854
745859
745875
745877
745878
745879
745880
745881
745886
745902
745904
745905
745906
745907
745908
745913
745929
745931
745932
745933
745934
745935
745940
745956
745958
745959
745960
745961
745962
745967
745983
745985
745986
745987
745988
745989
745994
746010
746012
746013
746014
746015
746016
746021
746037
746039
746040
746041
746042
746043
746048
746064
746066
746067
746068
746069
746070
746075
746091
746093
746094
746095
746096
746097
746102
746118
746120
746121
746122
746123
746124
746129
746145
746147
746148
746149
746150
746151
746156
746172
746174
746175
746176
746177
746178
746183
746199
746201
746202
746203
746204
746205
746210
746226
746228
746229
746230
746231
746232
746237
746253
746255
746256
746257
746258
746259
746264
746280
746282
746283
746284
746285
746286
746291
746307
746309
746310
746311
746312
746313
746318
746334
746336
746337
746338
746339
746340
746345
746361
746363
746364
746365
746366
746367
746372
746388
746390
746391
746392
746393
746394
746399
746415
746417
746418
746419
746420
746421
746426
746442
746444
746445
746446
746447
746448
746453
746469
746471
746472
746473
746474
746475
746480
746496
746498
746499
746500
746501
746502
746507
746523
746525
746526
746527
746528
746529
746534
746550
746552
746553
746554
746555
746556
746561
746577
746579
746580
746581
746582
746583
746588
746604
746606
746607
746608
746609
746610
746615
746631
746633
746634
746635
746636
746637
746642
746658
746660
746661
746662
746663
746664
746669
746685
746687
746688
746689
746690
746691
746696
746712
746714
746715
746716
746717
746718
746723
746739
746741
746742
746743
746744
746745
746750
746766
746768
746769
746770
746771
746772
746777
746793
746795
746796
746797
746798
746799
746804
746820
746822
746823
746824
746825
746826
746831
746847
746849
746850
746851
746852
746853
746858
746874
746876
746877
746878
746879
746880
746885
746901
746903
746904
746905
746906
746907
746912
746928
746930
746931
746932
746933
746934
746939
746955
746957
746958
746959
746960
746961
746966
746982
746984
746985
746986
746987
746988
746993
747009
747011
747012
747013
747014
747015
747020
747036
747038
747039
747040
747041
747042
747047
747063
747065
747066
747067
747068
747069
747074
747090
747092
747093
747094
747095
747096
747101
747117
747119
747120
747121
747122
747123
747128
747144
747146
747147
747148
747149
747150
747155
747171
747173
747174
747175
747176
747177
747182
747198
747200
747201
747202
747203
747204
747209
747225
747227
747228
747229
747230
747231
747236
747252
747254
747255
747256
747257
747258
747263
747279
747281
747282
747283
747284
747285
747290
747306
747308
747309
747310
747311
747312
747317
747333
747335
747336
747337
747338
747339
747344
747360
747362
747363
747364
747365
747366
747371
747387
747389
747390
747391
747392
747393
747398
747414
747416
747417
747418
747419
747420
747425
747441
747443
747444
747445
747446
747447
747452
747468
747470
747471
747472
747473
747474
747479
747495
747497
747498
747499
747500
747501
747506
747522
747524
747525
747526
747527
747528
747533
747549
747551
747552
747553
747554
747555
747560
747576
747578
747579
747580
747581
747582
747587
747603
747605
747606
747607
747608
747609
747614
747630
747632
747633
747634
747635
747636
747641
747657
747659
747660
747661
747662
747663
747668
747684
747686
747687
747688
747689
747690
747695
747711
747713
747714
747715
747716
747717
747722
747738
747740
747741
747742
747743
747744
747749
747765
747767
747768
747769
747770
747771
747776
747792
747794
747795
747796
747797
747798
747803
747819
747821
747822
747823
747824
747825
747830
747846
747848
747849
747850
747851
747852
747857
747873
747875
747876
747877
747878
747879
747884
747900
747902
747903
747904
747905
747906
747911
747927
747929
747930
747931
747932
747933
747938
747954
747956
747957
747958
747959
747960
747965
747981
747983
747984
747985
747986
747987
747992
748008
748010
748011
748012
748013
748014
748019
748035
748037
748038
748039
748040
748041
748046
748062
748064
748065
748066
748067
748068
748073
748089
748091
748092
748093
748094
748095
748100
748116
748118
748119
748120
748121
748122
748127
748143
748145
748146
748147
748148
748149
748154
748170
748172
748173
748174
748175
748176
748181
748197
748199
748200
748201
748202
748203
748208
748224
748226
748227
748228
748229
748230
748235
748251
748253
748254
748255
748256
748257
748262
748278
748280
748281
748282
748283
748284
748289
748305
748307
748308
748309
748310
748311
748316
748332
748334
748335
748336
748337
748338
748343
748359
748361
748362
748363
748364
748365
748370
748386
748388
748389
748390
748391
748392
748397
748413
748415
748416
748417
748418
748419
748424
748440
748442
748443
748444
748445
748446
748451
748467
748469
748470
748471
748472
748473
748478
748494
748496
748497
748498
748499
748500
748505
748521
748523
748524
748525
748526
748527
748532
748548
748550
748551
748552
748553
748554
748559
748575
748577
748578
748579
748580
748581
748586
748602
748604
748605
748606
748607
748608
748613
748629
748631
748632
748633
748634
748635
748640
748656
748658
748659
748660
748661
748662
748667
748683
748685
748686
748687
748688
748689
748694
748710
748712
748713
748714
748715
748716
748721
748737
748739
748740
748741
748742
748743
748748
748764
748766
748767
748768
748769
748770
748775
748791
748793
748794
748795
748796
748797
748802
748818
748820
748821
748822
748823
748824
748829
748845
748847
748848
748849
748850
748851
748856
748872
748874
748875
748876
748877
748878
748883
748899
748901
748902
748903
748904
748905
748910
748926
748928
748929
748930
748931
748932
748937
748953
748955
748956
748957
748958
748959
748964
748980
748982
748983
748984
748985
748986
748991
749007
749009
749010
749011
749012
749013
749018
749034
749036
749037
749038
749039
749040
749045
749061
749063
749064
749065
749066
749067
749072
749088
749090
749091
749092
749093
749094
749099
749115
749117
749118
749119
749120
749121
749126
749142
749144
749145
749146
749147
749148
749153
749169
749171
749172
749173
749174
749175
749180
749196
749198
749199
749200
749201
749202
749207
749223
749225
749226
749227
749228
749229
749234
749250
749252
749253
749254
749255
749256
749261
749277
749279
749280
749281
749282
749283
749288
749304
749306
749307
749308
749312
749524
749525
749527
749529
749530
749532
749533
749535
749536
749538
749539
749541
749542
749544
749545
749547
749548
749550
749551
749553
749554
749556
749557
749559
749560
749562
749563
749565
749566
749568
749569
749571
749572
749574
749575
749577
749578
749580
749581
749583
749584
749586
749587
749589
749590
749592
749593
749595
749596
749598
749599
749601
749602
749604
749605
749607
749608
749610
749611
749613
749614
749616
749617
749619
749620
749622
749623
749625
749626
749628
749629
749631
749632
749634
749635
749637
749638
749640
749641
749643
749644
749646
749647
749649
749650
749652
749653
749655
749656
749658
749659
749661
749662
749664
749665
749667
749668
749670
749671
749673
749674
749676
749677
749679
749680
749682
749683
749685
749686
749688
749689
749691
749692
749694
749695
749697
749698
749700
749701
749703
749704
749706
749707
749709
749710
749712
749713
749715
749716
749718
749719
749721
749722
749724
749725
749727
749728
749730
749731
749733
749734
749736
749737
749739
749740
749742
749743
749745
749746
749748
749749
749751
749752
749754
749755
749757
749758
749760
749761
749763
749764
749766
749767
749769
749770
749772
749773
749775
749776
749778
749779
749781
749782
749784
749785
749787
749788
749790
749791
749793
749794
749796
749797
749799
749800
749802
749803
749805
749806
749808
749809
749811
749812
749814
749815
749817
749818
749820
749821
749823
749824
749826
749827
749829
749830
749832
749833
749835
749836
749838
749839
749841
749842
749844
749845
749847
749848
749850
749851
749853
749854
749856
749857
749859
749860
749862
749863
749865
749866
749868
749869
749871
749872
749874
749875
749877
749878
749880
749881
749883
749884
749886
749887
749889
749890
749892
749893
749895
749896
749898
749899
749901
749902
749904
749905
749907
749908
749910
749911
749913
749914
749916
749917
749919
749920
749922
749923
749925
749926
749928
749929
749931
749932
749934
749935
749937
749938
749940
749941
749943
749944
749946
749947
749949
749950
749952
749953
749955
749956
749958
749959
749961
749962
749964
749965
749967
749968
749970
749971
749973
749974
749976
749977
749979
749980
749982
749983
749985
749986
749988
749989
749991
749992
749994
749995
749997
749998
750000
750001
750003
750004
750006
750007
750009
750010
750012
750013
750015
750016
750018
750019
750021
750022
750024
750025
750027
750028
750030
750031
750033
750034
750036
750037
750039
750040
750042
750043
750045
750046
750048
750049
750051
750052
750054
750055
750057
750058
750060
750061
750063
750064
750066
750067
750069
750070
750072
750073
750075
750076
750078
750079
750081
750082
750084
750085
750087
750088
750090
750091
750093
750094
750096
750097
750099
750100
750102
750103
750105
750106
750108
750109
750111
750112
750114
750115
750117
750118
750120
750121
750123
750124
750126
750127
750129
750130
750132
750133
750135
750136
750138
750139
750141
750142
750144
750145
750147
750148
750150
750151
750153
750154
750156
750157
750159
750160
750162
750163
750165
750166
750168
750169
750171
750172
750174
750175
750177
750178
750180
750181
750183
750184
750186
750187
750189
750190
750192
750193
750195
750196
750198
750199
750201
750202
750204
750205
750207
750208
750210
750211
750213
750214
750216
750217
750219
750220
750222
750223
750225
750226
750228
750229
750231
750232
750234
750235
750237
750238
750240
750241
750243
750244
750246
750247
750249
750250
750252
750253
750255
750256
750258
750259
750261
750262
750264
750265
750267
750268
750270
750271
750273
750274
750276
750277
750279
750280
750282
750283
750285
750286
750288
750289
750291
750292
750294
750295
750297
750298
750300
750301
750303
750304
750306
750307
750309
750310
750312
750313
750315
750316
750318
750319
750321
750322
750324
750325
750327
750328
750330
750331
750333
750334
750336
750337
750339
750340
750342
750343
750345
750346
750348
750349
750351
750352
750354
750355
750357
750358
750360
750361
750363
750364
750366
750367
750369
750370
750372
750373
750375
750376
750378
750379
750381
750382
750384
750385
750387
750388
750390
750391
750393
750394
750396
750397
750399
750400
750402
750403
750405
750406
750408
750409
750411
750412
750414
750415
750417
750418
750420
750421
750423
750424
750426
750427
750429
750430
750432
750433
750435
750436
750438
750439
750441
750442
750444
750445
750447
750448
750450
750451
750453
750454
750456
750457
750459
750460
750462
750463
750465
750466
750468
750469
750471
750472
750474
750475
750477
750478
750480
750481
750483
750484
750486
750487
750489
750490
750492
750493
750495
750496
750498
750499
750501
750502
750504
750505
750507
750508
750510
750511
750513
750514
750516
750517
750519
750520
750522
750523
750525
750526
750528
750529
750531
750532
750534
750535
750537
750538
750540
750541
750543
750544
750546
750547
750549
750550
750552
750553
750555
750556
750558
750559
750561
750562
750564
750565
750567
750568
750570
750571
750573
750574
750576
750577
750579
750580
750582
750583
750585
750586
750588
750589
750591
750592
750594
750595
750597
750598
750600
750601
750603
750604
750606
750607
750609
750610
750612
750613
750615
750616
750618
750619
750621
750622
750624
750625
750627
750628
750630
750631
750633
750634
750636
750637
750639
750640
750642
750643
750645
750646
750648
750649
750651
750652
750654
750655
750657
750658
750660
750661
750663
750664
750666
750667
750669
750670
750672
750673
750675
750676
750678
750679
750681
750682
750684
750685
750687
750688
750690
750691
750693
750694
750696
750697
750699
750700
750702
750703
750705
750706
750708
750709
750711
750712
750714
750715
750717
750718
750720
750721
750722
750724
750726
750727
750730
750731
750735
750737
750752
750753
750755
750756
750759
750760
750764
750765
750767
750782
750783
750785
750786
750789
750790
750794
750795
750797
750812
750813
750815
750816
750819
750820
750824
750825
750827
750842
750843
750845
750846
750849
750850
750854
750855
750857
750872
750873
750875
750876
750879
750880
750884
750885
750887
750902
750903
750905
750906
750909
750910
750914
750915
750917
750932
750933
750935
750936
750939
750940
750944
750945
750947
750962
750963
750965
750966
750969
750970
750974
750975
750977
750992
750993
750995
750996
750999
751000
751004
751005
751007
751022
751023
751025
751026
751029
751030
751034
751035
751037
751052
751053
751055
751056
751059
751060
751064
751065
751067
751082
751083
751085
751086
751089
751090
751094
751095
751097
751112
751113
751115
751116
751119
751120
751124
751125
751127
751142
751143
751145
751146
751149
751150
751154
751155
751157
751172
751173
751175
751176
751179
751180
751184
751185
751187
751202
751203
751205
751206
751209
751210
751214
751215
751217
751232
751233
751235
751236
751239
751240
751244
751245
751247
751262
751263
751265
751266
751269
751270
751274
751275
751277
751292
751293
751295
751296
751299
751300
751304
751305
751307
751322
751323
751325
751326
751329
751330
751334
751335
751337
751352
751353
751355
751356
751359
751360
751364
751365
751367
751382
751383
751385
751386
751389
751390
751394
751395
751397
751412
751413
751415
751416
751419
751420
751424
751425
751427
751442
751443
751445
751446
751449
751450
751454
751455
751457
751472
751473
751475
751476
751479
751480
751484
751485
751487
751502
751503
751505
751506
751509
751510
751514
751515
751517
751532
751533
751535
751536
751539
751540
751544
751545
751547
751562
751563
751565
751566
751569
751570
751574
751575
751577
751592
751593
751595
751596
751599
751600
751604
751605
751607
751622
751623
751625
751626
751629
751630
751634
751635
751637
751652
751653
751655
751656
751659
751660
751664
751665
751667
751682
751683
751685
751686
751689
751690
751694
751695
751697
751712
751713
751715
751716
751719
751720
751724
751725
751727
751742
751743
751745
751746
751749
751750
751754
751755
751757
751772
751773
751775
751776
751779
751780
751784
751785
751787
751802
751803
751805
751806
751809
751810
751814
751815
751817
751832
751833
751835
751836
751839
751840
751844
751845
751847
751862
751863
751865
751866
751869
751870
751874
751875
751877
751892
751893
751895
751896
751899
751900
751904
751905
751907
751922
751923
751925
751926
751929
751930
751934
751935
751937
751952
751953
751955
751956
751959
751960
751964
751965
751967
751982
751983
751985
751986
751989
751990
751994
751995
751997
752012
752013
752015
752016
752019
752020
752024
752025
752027
752042
752043
752045
752046
752049
752050
752054
752055
752057
752072
752073
752075
752076
752079
752080
752084
752085
752087
752102
752103
752105
752106
752109
752110
752114
752115
752117
752132
752133
752135
752136
752139
752140
752144
752145
752147
752162
752163
752165
752166
752169
752170
752174
752175
752177
752192
752193
752195
752196
752199
752200
752204
752205
752207
752222
752223
752225
752226
752229
752230
752234
752235
752237
752252
752253
752255
752256
752259
752260
752264
752265
752267
752282
752283
752285
752286
752289
752290
752294
752295
752297
752312
752313
752315
752316
752319
752320
752324
752325
752327
752342
752343
752345
752346
752349
752350
752354
752355
752357
752372
752373
752375
752376
752379
752380
752384
752385
752387
752402
752403
752405
752406
752409
752410
752414
752415
752417
752432
752433
752435
752436
752439
752440
752444
752445
752447
752462
752463
752465
752466
752469
752470
752474
752475
752477
752492
752493
752495
752496
752499
752500
752504
752505
752507
752522
752523
752525
752526
752529
752530
752534
752535
752537
752552
752553
752555
752556
752559
752560
752564
752565
752567
752582
752583
752585
752586
752589
752590
752594
752595
752597
752612
752613
752615
752616
752619
752620
752624
752625
752627
752642
752643
752645
752646
752649
752650
752654
752655
752657
752672
752673
752675
752676
752679
752680
752684
752685
752687
752702
752703
752705
752706
752709
752710
752714
752715
752717
752732
752733
752735
752736
752739
752740
752744
752745
752747
752762
752763
752765
752766
752769
752770
752774
752775
752777
752792
752793
752795
752796
752799
752800
752804
752805
752807
752822
752823
752825
752826
752829
752830
752834
752835
752837
752852
752853
752855
752856
752859
752860
752864
752865
752867
752882
752883
752885
752886
752889
752890
752894
752895
752897
752912
752913
752915
752916
752919
752920
752924
752925
752927
752942
752943
752945
752946
752949
752950
752954
752955
752957
752972
752973
752975
752976
752979
752980
752984
752985
752987
753002
753003
753005
753006
753009
753010
753014
753015
753017
753032
753033
753035
753036
753039
753040
753044
753045
753047
753062
753063
753065
753066
753069
753070
753074
753075
753077
753092
753093
753095
753096
753099
753100
753104
753105
753107
753122
753123
753125
753126
753129
753130
753134
753135
753137
753152
753153
753155
753156
753159
753160
753164
753165
753167
753182
753183
753185
753186
753189
753190
753194
753195
753197
753212
753213
753215
753216
753219
753220
753224
753225
753227
753242
753243
753245
753246
753249
753250
753254
753255
753257
753272
753273
753275
753276
753279
753280
753284
753285
753287
753302
753303
753305
753306
753309
753310
753314
753315
753317
753332
753333
753335
753336
753339
753340
753344
753345
753347
753362
753363
753365
753366
753369
753370
753374
753375
753377
753392
753393
753395
753396
753399
753400
753404
753405
753407
753422
753423
753425
753426
753429
753430
753434
753435
753437
753452
753453
753455
753456
753459
753460
753464
753465
753467
753482
753483
753485
753486
753489
753490
753494
753495
753497
753512
753513
753515
753516
753519
753520
753524
753525
753527
753542
753543
753545
753546
753549
753550
753554
753555
753557
753572
753573
753575
753576
753579
753580
753584
753585
753587
753602
753603
753605
753606
753609
753610
753614
753615
753617
753632
753633
753635
753636
753639
753640
753644
753645
753647
753662
753663
753665
753666
753669
753670
753674
753675
753677
753692
753693
753695
753696
753699
753700
753704
753705
753707
753722
753723
753725
753726
753729
753730
753734
753735
753737
753752
753753
753755
753756
753759
753760
753764
753765
753767
753782
753783
753785
753786
753789
753790
753794
753795
753797
753812
753813
753815
753816
753819
753820
753824
753825
753827
753842
753843
753845
753846
753849
753850
753854
753855
753857
753872
753873
753875
753876
753879
753880
753884
753885
753887
753902
753903
753905
753906
753909
753910
753914
753915
753917
753932
753933
753935
753936
753939
753940
753944
753945
753947
753962
753963
753965
753966
753969
753970
753974
753975
753977
753992
753993
753995
753996
753999
754000
754004
754005
754007
754022
754023
754025
754026
754029
754030
754034
754035
754037
754052
754053
754055
754056
754059
754060
754064
754065
754067
754082
754083
754085
754086
754089
754090
754094
754095
754097
754112
754113
754115
754116
754119
754120
754124
754125
754127
754142
754143
754145
754146
754149
754150
754154
754155
754157
754172
754173
754175
754176
754179
754180
754184
754185
754187
754202
754203
754205
754206
754209
754210
754214
754215
754217
754232
754233
754235
754236
754239
754240
754244
754245
754247
754262
754263
754265
754266
754269
754270
754274
754275
754277
754292
754293
754295
754296
754299
754300
754304
754305
754307
754322
754323
754325
754326
754329
754330
754334
754335
754337
754352
754353
754355
754356
754359
754360
754364
754365
754367
754382
754383
754385
754386
754389
754390
754394
754395
754397
754412
754413
754415
754416
754419
754420
754424
754425
754427
754442
754443
754445
754446
754449
754450
754454
754455
754457
754472
754473
754475
754476
754479
754480
754484
754485
754487
754502
754503
754505
754506
754509
754510
754514
754515
754517
754532
754533
754535
754536
754539
754540
754544
754545
754547
754562
754563
754565
754566
754569
754570
754574
754575
754577
754592
754593
754595
754596
754599
754600
754604
754605
754607
754622
754623
754625
754626
754629
754630
754634
754635
754637
754652
754653
754655
754656
754659
754660
754664
754665
754667
754682
754683
754685
754686
754689
754690
754694
754695
754697
754712
754713
754715
754716
754719
754720
754724
754725
754727
754742
754743
754745
754746
754749
754750
754754
754755
754757
754772
754773
754775
754776
754779
754780
754784
754785
754787
754802
754803
754805
754806
754809
754810
754814
754815
754817
754832
754833
754835
754836
754839
754840
754844
754845
754847
754862
754863
754865
754866
754869
754870
754874
754875
754877
754892
754893
754895
754896
754899
754900
754904
754905
754907
754922
754923
754925
754926
754929
754930
754934
754935
754937
754952
754953
754955
754956
754959
754960
754964
754965
754967
754982
754983
754985
754986
754989
754990
754994
754995
754997
755012
755013
755015
755016
755019
755020
755024
755025
755027
755042
755043
755045
755046
755049
755050
755054
755055
755057
755072
755073
755075
755076
755079
755080
755084
755085
755087
755102
755103
755105
755106
755109
755110
755114
755115
755117
755132
755133
755135
755136
755139
755140
755144
755145
755147
755162
755163
755165
755166
755169
755170
755174
755175
755177
755192
755193
755195
755196
755199
755200
755204
755205
755207
755222
755223
755225
755226
755229
755230
755234
755235
755237
755252
755253
755255
755256
755259
755260
755264
755265
755267
755282
755283
755285
755286
755289
755290
755294
755295
755297
755312
755313
755315
755316
755319
755320
755324
755325
755327
755342
755343
755345
755346
755349
755350
755354
755355
755357
755372
755373
755375
755376
755379
755380
755384
755385
755387
755402
755403
755405
755406
755409
755410
755414
755415
755417
755432
755433
755435
755436
755439
755440
755444
755445
755447
755462
755463
755465
755466
755469
755470
755474
755475
755477
755492
755493
755495
755496
755499
755500
755504
755505
755507
755522
755523
755525
755526
755529
755530
755534
755535
755537
755552
755553
755555
755556
755559
755560
755564
755565
755567
755582
755583
755585
755586
755589
755590
755594
755595
755597
755612
755613
755615
755616
755619
755620
755624
755625
755627
755642
755643
755645
755646
755649
755650
755654
755655
755657
755672
755673
755675
755676
755679
755680
755684
755685
755687
755702
755703
755705
755706
755709
755710
755714
755715
755717
755732
755733
755735
755736
755739
755740
755744
755745
755747
755762
755763
755765
755766
755769
755770
755774
755775
755777
755792
755793
755795
755796
755799
755800
755804
755805
755807
755822
755823
755825
755826
755829
755830
755834
755835
755837
755852
755853
755855
755856
755859
755860
755864
755865
755867
755882
755883
755885
755886
755889
755890
755894
755895
755897
755912
755913
755915
755916
755919
755920
755924
755925
755927
755942
755943
755945
755946
755949
755950
755954
755955
755957
755972
755973
755975
755976
755979
755980
755984
755985
755987
756002
756003
756005
756006
756009
756010
756014
756015
756017
756032
756033
756035
756036
756039
756040
756044
756045
756047
756062
756063
756065
756066
756069
756070
756074
756075
756077
756092
756093
756095
756096
756099
756100
756104
756105
756107
756122
756123
756125
756126
756129
756130
756134
756135
756137
756152
756153
756155
756156
756159
756160
756164
756165
756167
756182
756183
756185
756186
756189
756190
756194
756195
756197
756212
756213
756215
756216
756219
756220
756224
756225
756227
756242
756243
756245
756246
756249
756250
756254
756255
756257
756272
756273
756275
756276
756279
756280
756284
756285
756287
756302
756303
756305
756306
756309
756310
756314
756315
756317
756332
756333
756335
756336
756339
756340
756344
756345
756347
756362
756363
756365
756366
756369
756370
756374
756375
756377
756392
756393
756395
756396
756399
756400
756404
756405
756407
756422
756423
756425
756426
756429
756430
756434
756435
756437
756452
756453
756455
756456
756459
756460
756464
756465
756467
756482
756483
756485
756486
756489
756490
756494
756495
756497
756512
756513
756515
756516
756519
756520
756524
756525
756527
756542
756543
756545
756546
756549
756550
756554
756555
756557
756572
756573
756575
756576
756579
756580
756584
756585
756587
756602
756603
756605
756606
756609
756610
756614
756615
756617
756632
756633
756635
756636
756639
756640
756644
756645
756647
756662
756663
756665
756666
756669
756670
756674
756675
756677
756692
756693
756695
756696
756698
756701
756702
756704
756715
756716
756719
756720
756723
756724
756727
756728
756731
756732
756735
756736
756739
756740
756743
756744
756747
756748
756751
756752
756755
756756
756759
756760
756763
756764
756767
756768
756771
756772
756775
756776
756779
756780
756783
756784
756787
756788
756791
756792
756795
756796
756799
756800
756803
756804
756807
756808
756811
756812
756815
756816
756819
756820
756823
756824
756827
756828
756831
756832
756835
756836
756839
756840
756843
756844
756847
756848
756851
756852
756855
756856
756859
756860
756863
756864
756867
756868
756871
756872
756875
756876
756879
756880
756883
756884
756887
756888
756891
756892
756895
756896
756899
756900
756903
756904
756907
756908
756911
756912
756915
756916
756919
756920
756923
756924
756927
756928
756931
756932
756935
756936
756939
756940
756943
756944
756947
756948
756951
756952
756955
756956
756959
756960
756963
756964
756967
756968
756971
756972
756975
756976
756979
756980
756983
756984
756987
756988
756991
756992
756995
756996
756999
757000
757003
757004
757007
757008
757011
757012
757015
757016
757019
757020
757023
757024
757027
757028
757031
757032
757035
757036
757039
757040
757043
757044
757047
757048
757051
757052
757055
757056
757059
757060
757063
757064
757067
757068
757071
757072
757075
757076
757079
757080
757083
757084
757087
757088
757091
757092
757095
757096
757099
757100
757103
757104
757107
757108
757111
757112
757115
757116
757119
757120
757123
757124
757127
757128
757131
757132
757135
757136
757139
757140
757143
757144
757147
757148
757151
757152
757155
757156
757159
757160
757163
757164
757167
757168
757171
757172
757175
757176
757179
757180
757183
757184
757187
757188
757191
757192
757195
757196
757199
757200
757203
757204
757207
757208
757211
757212
757215
757216
757219
757220
757223
757224
757227
757228
757231
757232
757235
757236
757239
757240
757243
757244
757247
757248
757251
757252
757255
757256
757259
757260
757263
757264
757267
757268
757271
757272
757275
757276
757279
757280
757283
757284
757287
757288
757291
757292
757295
757296
757299
757300
757303
757304
757307
757308
757311
757312
757315
757316
757319
757320
757323
757324
757327
757328
757331
757332
757335
757336
757339
757340
757343
757344
757347
757348
757351
757352
757355
757356
757359
757360
757363
757364
757367
757368
757371
757372
757375
757376
757379
757380
757383
757384
757387
757388
757391
757392
757395
757396
757399
757400
757403
757404
757407
757408
757411
757412
757415
757416
757419
757420
757423
757424
757427
757428
757431
757432
757435
757436
757439
757440
757443
757444
757447
757448
757451
757452
757455
757456
757459
757460
757463
757464
757467
757468
757471
757472
757475
757476
757479
757480
757483
757484
757487
757488
757491
757492
757495
757496
757499
757500
757503
757504
757507
757508
757511
757512
757714
757715
757717
757724
757725
757727
)


// ************************************************************************* //
